Timestamp,AccX,AccY,AccZ,GyroX,GyroY,GyroZ,MagnX,MagnY,MagnZ
0.0,-9.275,-0.584,-3.443,-9.241,-0.632,-3.551,2.59,1.54,1.05
,-9.282,-0.577,-3.446,-9.239,-0.639,-3.525,2.38,1.47,0.91
,-9.253,-0.596,-3.424,-9.215,-0.637,-3.539,2.38,1.54,0.91
,-9.289,-0.601,-3.537,-9.263,-0.598,-3.561,2.45,1.75,0.98
76.0,-9.287,-0.555,-3.568,-9.256,-0.622,-3.635,2.38,1.82,0.84
,-9.234,-0.555,-3.537,-9.249,-0.625,-3.589,2.17,1.47,0.77
,-9.265,-0.541,-3.594,-9.215,-0.632,-3.534,1.89,1.47,0.7
,-9.246,-0.613,-3.625,-9.258,-0.584,-3.532,2.03,1.47,0.7
152.0,-9.27,-0.598,-3.501,-9.246,-0.581,-3.582,2.38,1.19,0.84
,-9.237,-0.61,-3.489,-9.237,-0.629,-3.558,2.24,1.33,0.77
,-9.241,-0.61,-3.537,-9.239,-0.562,-3.558,2.31,1.47,0.77
,-9.263,-0.641,-3.537,-9.241,-0.574,-3.532,2.38,1.4,0.77
228.0,-9.27,-0.572,-3.522,-9.229,-0.625,-3.553,2.8,1.68,0.98
,-9.287,-0.61,-3.522,-9.234,-0.577,-3.484,2.73,1.54,0.77
,-9.282,-0.558,-3.551,-9.27,-0.567,-3.489,2.66,1.4,0.7
,-9.194,-0.603,-3.613,-9.258,-0.562,-3.525,2.73,1.33,0.77
304.0,-9.251,-0.567,-3.534,-9.198,-0.615,-3.573,2.24,1.47,0.56
,-9.213,-0.572,-3.537,-9.249,-0.586,-3.544,1.96,1.19,0.42
,-9.282,-0.598,-3.597,-9.27,-0.663,-3.513,2.03,1.19,0.42
,-9.253,-0.641,-3.592,-9.239,-0.625,-3.494,2.24,1.26,0.63
380.0,-9.27,-0.62,-3.446,-9.299,-0.622,-3.51,2.73,1.26,0.63
,-9.263,-0.589,-3.455,-9.253,-0.56,-3.561,2.8,1.54,0.63
,-9.282,-0.593,-3.47,-9.198,-0.596,-3.64,2.73,1.54,0.7
,-9.277,-0.553,-3.455,-9.177,-0.627,-3.613,2.87,1.68,0.7
456.0,-9.225,-0.625,-3.642,-9.265,-0.577,-3.592,2.38,1.26,0.56
,-9.249,-0.577,-3.611,-9.256,-0.522,-3.575,2.52,1.26,0.49
,-9.232,-0.581,-3.585,-9.268,-0.555,-3.568,2.45,1.26,0.49
,-9.227,-0.613,-3.558,-9.234,-0.553,-3.57,2.45,1.33,0.56
532.0,-9.217,-0.558,-3.594,-9.263,-0.615,-3.405,2.73,1.12,0.49
,-9.222,-0.701,-3.549,-9.296,-0.577,-3.398,2.66,1.12,0.56
,-9.22,-0.704,-3.496,-9.253,-0.598,-3.412,2.87,0.98,0.63
,-9.244,-0.632,-3.455,-9.256,-0.555,-3.47,3.01,1.12,0.7
608.0,-9.282,-0.625,-3.51,-9.237,-0.605,-3.616,2.45,1.82,0.49
,-9.237,-0.572,-3.561,-9.249,-0.653,-3.604,2.66,1.75,0.63
,-9.227,-0.598,-3.606,-9.225,-0.603,-3.551,2.59,1.68,0.63
,-9.217,-0.591,-3.582,-9.241,-0.596,-3.539,2.66,1.68,0.7
684.0,-9.263,-0.637,-3.553,-9.256,-0.648,-3.558,2.31,1.54,0.49
,-9.232,-0.644,-3.592,-9.232,-0.675,-3.501,2.45,1.4,0.42
,-9.246,-0.656,-3.587,-9.251,-0.651,-3.525,2.66,1.47,0.56
,-9.239,-0.601,-3.625,-9.301,-0.625,-3.513,2.73,1.33,0.63
760.0,-9.263,-0.66,-3.506,-9.232,-0.644,-3.542,2.45,1.54,0.77
,-9.244,-0.687,-3.482,-9.253,-0.641,-3.561,2.52,1.47,0.77
,-9.253,-0.66,-3.556,-9.251,-0.677,-3.611,2.66,1.33,0.7
,-9.256,-0.627,-3.556,-9.206,-0.632,-3.589,2.8,1.4,0.91
836.0,-9.21,-0.62,-3.652,-9.261,-0.605,-3.537,2.59,1.26,0.98
,-9.258,-0.603,-3.606,-9.256,-0.625,-3.491,2.59,1.05,1.05
,-9.196,-0.586,-3.587,-9.294,-0.637,-3.482,2.66,0.98,0.98
,-9.241,-0.584,-3.558,-9.246,-0.62,-3.482,2.66,1.05,0.98
912.0,-9.265,-0.622,-3.489,-9.225,-0.648,-3.503,2.66,1.26,1.05
,-9.225,-0.565,-3.434,-9.253,-0.639,-3.515,2.59,1.4,1.12
,-9.296,-0.567,-3.441,-9.237,-0.639,-3.522,2.31,1.26,0.98
,-9.308,-0.61,-3.486,-9.217,-0.603,-3.527,1.96,1.54,1.05
988.0,-9.222,-0.639,-3.482,-9.275,-0.548,-3.62,2.31,1.54,0.98
,-9.237,-0.648,-3.51,-9.256,-0.565,-3.664,2.24,1.75,1.05
,-9.237,-0.627,-3.527,-9.258,-0.637,-3.635,2.38,1.89,1.12
,-9.251,-0.562,-3.539,-9.261,-0.644,-3.601,2.31,1.75,0.98
1064.0,-9.246,-0.605,-3.594,-9.275,-0.61,-3.546,2.17,1.26,0.7
,-9.237,-0.622,-3.551,-9.253,-0.589,-3.513,2.38,1.19,0.77
,-9.253,-0.603,-3.494,-9.237,-0.608,-3.556,2.31,1.26,0.77
,-9.249,-0.536,-3.52,-9.251,-0.625,-3.527,2.24,1.4,0.63
1140.0,-9.237,-0.653,-3.527,-9.249,-0.608,-3.503,2.52,1.33,0.7
,-9.249,-0.57,-3.482,-9.225,-0.622,-3.52,2.8,1.68,0.77
,-9.304,-0.572,-3.46,-9.21,-0.644,-3.544,2.45,1.54,0.7
,-9.282,-0.591,-3.455,-9.251,-0.61,-3.556,2.03,1.4,0.49
1216.0,-9.208,-0.536,-3.53,-9.273,-0.558,-2.881,1.89,1.54,0.42
,-9.282,-0.268,-3.46,-9.289,-0.857,-3.056,1.61,1.61,0.35
,-9.392,0.05,-3.25,-9.258,-1.027,-3.204,-1.61,1.47,-0.77
,-9.38,-0.378,-3.053,-9.249,-0.916,-3.348,-6.3,1.68,-2.1
1292.0,-9.28,-0.632,-3.451,-9.177,-0.847,-3.924,1.26,4.06,-0.21
,-9.244,-0.531,-3.489,-9.153,-0.888,-4.087,1.82,3.99,0.14
,-9.217,-0.577,-3.795,-9.127,-0.773,-4.08,0.84,4.13,0.0
,-9.122,-0.723,-3.848,-9.093,-0.739,-4.13,0.49,3.92,0.0
1368.0,-9.158,-0.634,-4.156,-9.136,-0.644,-3.965,5.18,1.68,0.91
,-9.16,-0.613,-4.101,-9.203,-0.711,-3.848,5.18,0.98,0.91
,-9.174,-0.584,-4.054,-9.17,-0.723,-3.637,5.32,0.28,0.98
,-9.16,-0.615,-4.087,-9.21,-0.644,-3.587,5.6,-0.21,1.05
1444.0,-9.239,-0.665,-3.601,-9.299,-0.562,-3.379,6.58,-1.26,1.33
,-9.249,-0.644,-3.46,-9.282,-0.548,-3.35,5.95,-1.47,1.12
,-9.241,-0.66,-3.362,-9.241,-0.534,-3.355,5.32,-1.12,1.12
,-9.282,-0.634,-3.331,-9.265,-0.548,-3.429,5.04,-0.91,1.05
1520.0,-9.28,-0.548,-3.678,-9.237,-0.634,-3.644,3.78,-0.42,0.77
,-9.232,-0.648,-3.604,-9.239,-0.603,-3.647,4.13,-0.49,1.05
,-9.222,-0.637,-3.582,-9.215,-0.67,-3.687,4.48,-0.35,0.98
,-9.215,-0.639,-3.599,-9.208,-0.663,-3.754,4.69,-0.49,1.12
1596.0,-9.186,-0.646,-3.659,-9.28,-0.629,-3.546,4.62,-1.19,0.84
,-9.208,-0.615,-3.699,-9.244,-0.632,-3.534,4.41,-1.61,0.63
,-9.258,-0.639,-3.723,-9.256,-0.701,-3.733,4.48,-1.75,0.63
,-9.277,-0.634,-3.565,-9.232,-0.689,-3.635,3.92,-1.96,0.63
1672.0,-9.229,-0.816,-3.491,-9.28,-0.629,-3.178,2.66,-2.66,0.7
,-9.249,-0.727,-3.398,-9.28,-0.687,-3.149,3.22,-2.59,0.77
,-9.28,-0.605,-3.3,-9.342,-0.672,-3.084,2.94,-2.52,0.7
,-9.284,-0.627,-3.218,-9.354,-0.629,-3.063,1.75,-2.52,0.7
1748.0,-9.383,-0.68,-3.144,-9.323,-0.84,-2.783,-1.61,-0.98,-0.35
,-9.368,-0.68,-3.084,-9.375,-0.79,-2.95,-2.38,-0.7,-0.35
,-9.328,-0.617,-2.982,-9.366,-0.675,-2.845,-2.87,-0.28,-0.42
,-9.277,-0.713,-2.85,-9.32,-0.613,-2.9,-3.57,0.28,-0.28
1824.0,-9.397,-0.637,-2.986,-9.323,-0.524,-3.18,-3.92,3.64,0.49
,-9.268,-0.632,-2.955,-9.385,-0.598,-3.312,-3.92,4.48,0.84
,-9.261,-0.61,-3.001,-9.256,-0.558,-3.36,-4.06,5.04,1.05
,-9.335,-0.522,-3.096,-9.287,-0.534,-3.388,-4.62,5.39,1.05
1900.0,-9.241,-0.584,-3.4,-9.222,-0.608,-2.781,-10.01,5.95,-0.07
,-9.129,-0.632,-3.381,-9.414,-0.486,-3.029,-10.08,6.23,-0.14
,-9.203,-0.603,-3.314,-9.404,-0.455,-2.843,-9.66,6.72,0.07
,-9.201,-0.55,-3.271,-9.452,-0.428,-3.218,-9.52,7.14,0.21
1976.0,-9.28,-0.531,-3.314,-9.057,-0.747,-4.085,-10.43,9.73,1.61
,-9.203,-0.766,-3.589,-9.098,-0.562,-4.192,-9.94,10.01,2.24
,-9.182,-1.015,-3.872,-9.088,-0.354,-4.295,-7.91,10.08,2.87
,-9.098,-1.003,-3.967,-8.983,-0.28,-3.996,-4.34,9.66,3.43
2052.0,-9.141,-0.258,-3.814,-9.117,-0.861,-3.606,3.71,7.28,4.55
,-9.213,-0.316,-3.381,-9.002,-1.072,-3.774,2.87,7.63,4.48
,-9.296,-0.388,-3.388,-9.088,-1.084,-3.36,2.31,7.49,4.34
,-9.409,-0.555,-3.79,-9.335,-0.823,-4.104,-0.28,7.35,3.36
2128.0,-9.198,-0.397,-4.145,-9.016,-0.579,-4.602,4.55,6.65,5.74
,-9.079,-0.108,-4.322,-9.04,-0.905,-4.259,3.08,5.74,5.74
,-8.918,-0.139,-4.279,-9.139,-0.895,-4.566,0.91,5.04,5.04
,-9.031,-0.249,-4.436,-9.153,-0.622,-4.295,1.47,4.13,4.9
2204.0,-9.136,-0.27,-4.034,-9.318,-0.275,-3.123,6.72,0.0,4.9
,-9.256,0.036,-3.63,-9.294,0.022,-3.049,6.02,0.21,5.11
,-9.287,-0.158,-3.472,-9.323,0.316,-3.369,3.71,0.91,4.9
,-9.124,-0.395,-2.941,-9.294,0.402,-3.683,2.87,2.1,4.62
2280.0,-9.189,0.373,-3.62,-9.112,-0.747,-3.08,-0.56,1.68,1.05
,-9.141,0.074,-4.123,-9.411,-0.514,-3.247,-2.87,1.47,0.0
,-9.057,-0.306,-3.762,-9.428,-0.452,-3.386,-3.43,2.03,0.28
,-8.916,-0.668,-3.204,-9.179,-0.792,-3.597,-1.82,3.36,1.47
2356.0,-8.988,-1.036,-3.52,-9.191,-0.022,-3.309,4.34,7.21,3.99
,-9.048,-1.149,-3.759,-9.062,-0.603,-2.9,7.49,7.91,6.09
,-9.036,-0.775,-3.549,-9.21,-1.481,-3.183,9.59,8.61,7.28
,-9.124,-0.206,-2.929,-9.201,-1.864,-3.575,11.62,8.96,7.42
2432.0,-8.952,-1.639,-3.623,-9.397,0.189,-3.623,8.96,11.76,11.34
,-8.78,-1.314,-3.719,-9.301,0.921,-4.2,15.12,12.88,13.16
,-8.863,-0.955,-3.635,-9.016,1.223,-4.46,19.81,14.07,14.21
,-8.983,-0.373,-3.029,-8.784,1.388,-4.362,24.85,15.68,15.33
2508.0,-9.005,1.438,-4.056,-9.045,0.718,-3.364,12.11,14.56,7.63
,-9.196,1.256,-3.841,-9.119,0.696,-3.338,8.26,14.91,4.06
,-9.067,1.029,-3.544,-9.375,0.89,-3.625,4.48,15.61,1.4
,-8.983,0.823,-3.094,-9.299,0.79,-4.087,2.17,17.08,0.42
2584.0,-9.225,0.699,-4.302,-8.799,-0.459,-4.393,-3.57,16.45,-4.97
,-8.796,0.44,-4.724,-8.899,-0.577,-4.357,-5.32,16.24,-5.6
,-8.653,0.163,-4.544,-8.837,-0.567,-4.499,-5.53,16.38,-5.46
,-8.677,-0.213,-4.456,-8.744,-0.735,-4.527,-5.11,16.24,-5.88
2660.0,-8.61,-1.139,-4.568,-8.65,-0.57,-4.57,-1.96,16.66,-4.06
,-8.557,-1.441,-4.515,-8.875,-0.325,-4.652,-1.19,17.71,-2.1
,-8.705,-1.498,-4.369,-8.801,-0.268,-4.724,2.87,18.13,-0.49
,-8.684,-1.062,-4.398,-8.593,-0.605,-4.714,6.37,18.13,0.56
2736.0,-8.619,-1.036,-4.63,-8.622,-1.472,-5.023,2.45,18.06,2.94
,-8.756,-1.457,-4.594,-8.504,-1.247,-5.317,3.36,17.71,4.2
,-8.82,-1.596,-4.666,-8.54,-1.211,-5.336,5.95,16.73,5.74
,-8.634,-1.594,-4.879,-8.605,-0.845,-5.264,8.75,15.82,7.21
2812.0,-8.469,-0.172,-5.54,-8.847,0.313,-5.303,15.33,11.9,10.57
,-8.437,0.177,-5.427,-8.744,0.687,-5.307,13.51,11.27,10.01
,-8.586,0.16,-5.386,-8.65,0.725,-5.327,9.94,10.78,8.89
,-8.849,0.235,-5.272,-8.576,0.708,-5.197,7.98,10.29,7.77
2888.0,-8.679,0.73,-5.104,-8.658,0.44,-4.994,5.95,8.05,2.52
,-8.727,0.646,-5.109,-8.646,0.053,-4.984,5.74,7.56,1.82
,-8.674,0.608,-5.157,-8.66,-0.426,-4.846,6.58,7.56,1.19
,-8.696,0.538,-5.004,-8.586,-0.974,-4.87,6.79,7.14,0.28
2964.0,-8.574,-1.366,-4.846,-8.385,-0.45,-5.434,2.52,4.76,-0.49
,-8.581,-1.457,-4.846,-8.44,-0.211,-5.327,5.11,4.41,0.7
,-8.772,-1.412,-4.994,-8.382,-0.034,-5.446,7.63,4.06,1.26
,-8.641,-0.926,-5.121,-8.614,-0.022,-5.437,11.48,2.87,1.05
3040.0,-8.801,0.373,-5.219,-8.746,0.213,-4.678,13.02,3.36,0.7
,-8.863,0.507,-5.152,-8.672,-0.081,-4.707,12.18,3.43,0.21
,-8.679,0.395,-4.896,-8.512,-0.38,-4.848,11.34,3.5,-0.28
,-8.698,0.297,-4.635,-8.49,-0.5,-4.994,10.78,4.2,-1.19
3116.0,-8.492,-0.34,-5.238,-8.67,-0.39,-5.162,13.86,5.81,-1.26
,-8.394,-0.412,-5.307,-8.727,-0.306,-5.068,15.61,6.16,-0.7
,-8.531,-0.261,-5.272,-8.636,-0.172,-5.13,15.05,6.23,-0.98
,-8.598,-0.325,-5.267,-8.605,-0.249,-5.123,13.16,6.09,-1.33
3192.0,-8.634,-0.349,-5.097,-8.378,-0.325,-5.3,8.33,2.38,-4.41
,-8.619,-0.373,-5.114,-8.476,-0.598,-5.037,8.47,1.68,-4.97
,-8.629,-0.526,-5.056,-8.514,-0.579,-5.073,8.61,1.96,-4.9
,-8.528,-0.701,-5.171,-8.49,-0.565,-5.092,10.29,2.45,-4.9
3268.0,-8.643,-0.395,-5.307,-8.54,-2.283,-4.817,18.76,2.03,-4.62
,-8.435,-0.931,-5.346,-8.638,-2.257,-4.642,15.26,1.26,-3.43
,-8.413,-1.744,-5.08,-8.586,-1.721,-4.63,13.23,2.52,-0.63
,-8.399,-2.151,-5.023,-8.6,-1.012,-4.877,14.63,3.5,0.84
3344.0,-8.603,-0.72,-4.704,-8.586,0.471,-4.75,23.31,0.84,3.01
,-8.739,-0.254,-4.716,-8.466,0.617,-5.147,21.42,0.42,1.68
,-8.488,-0.153,-4.805,-8.603,0.357,-5.274,19.04,0.77,0.84
,-8.581,-0.041,-4.683,-8.653,0.002,-5.219,19.81,1.68,-0.07
3420.0,-8.679,-0.349,-5.011,-8.595,-1.33,-5.001,18.41,2.38,-4.06
,-8.557,-0.706,-5.078,-8.339,-1.486,-5.339,18.83,2.8,-3.43
,-8.571,-0.873,-5.15,-8.21,-1.996,-5.331,19.95,3.78,-3.08
,-8.519,-1.17,-4.975,-8.339,-2.465,-4.8,19.46,4.34,-2.31
3496.0,-8.382,-2.106,-5.162,-8.44,-1.402,-5.41,15.47,2.94,2.45
,-8.37,-1.912,-5.358,-8.473,-1.374,-5.415,15.75,3.01,3.43
,-8.459,-1.764,-5.319,-8.6,-1.228,-5.181,14.77,3.64,4.97
,-8.394,-1.752,-5.42,-8.519,-1.034,-4.994,15.26,3.92,6.44
3572.0,-8.428,-0.964,-4.984,-8.696,-0.074,-5.118,11.55,1.54,7.35
,-8.492,-1.034,-4.867,-8.662,-0.017,-5.15,10.64,2.24,7.56
,-8.514,-0.811,-4.874,-8.746,-0.337,-4.994,11.48,2.17,7.49
,-8.524,-0.349,-5.08,-8.681,-0.574,-4.91,12.04,1.89,6.51
3648.0,-8.406,-0.543,-4.939,-8.334,-0.928,-4.97,3.99,-4.69,2.8
,-8.428,-0.656,-4.994,-8.485,-0.833,-4.903,2.94,-3.99,2.45
,-8.404,-0.866,-4.963,-8.6,-0.696,-4.958,2.52,-2.17,2.31
,-8.392,-0.964,-4.932,-8.567,-0.555,-5.152,2.59,-1.47,2.17
3724.0,-8.564,-0.778,-5.037,-8.528,-0.849,-4.649,-1.47,3.57,1.4
,-8.43,-0.967,-4.872,-8.437,-0.658,-4.74,-1.75,5.53,1.61
,-8.375,-0.849,-4.865,-8.442,-0.483,-5.025,-1.26,6.79,1.61
,-8.65,-0.833,-4.817,-8.588,-0.598,-5.025,-2.24,6.65,1.54
3800.0,-8.485,-0.718,-5.042,-8.411,-1.51,-5.221,-9.38,5.04,-0.14
,-8.433,-0.972,-4.937,-8.428,-1.558,-5.267,-10.5,6.16,0.14
,-8.406,-1.254,-4.848,-8.385,-1.723,-5.145,-10.78,7.7,0.63
,-8.404,-1.381,-5.018,-8.402,-1.804,-5.15,-10.71,8.82,1.33
3876.0,-8.425,-1.527,-5.15,-8.591,0.249,-5.257,-10.08,11.06,7.35
,-8.54,-1.194,-5.173,-8.543,0.814,-5.451,-9.52,10.5,8.33
,-8.538,-0.833,-5.205,-8.428,0.828,-5.508,-9.66,9.73,8.4
,-8.519,-0.328,-5.236,-8.528,0.747,-5.506,-10.15,9.17,7.91
3952.0,-8.655,0.388,-5.377,-8.399,-0.854,-5.556,-22.68,6.3,2.52
,-8.703,0.503,-5.97,-8.382,-0.833,-5.604,-18.55,5.88,1.54
,-8.433,-0.019,-5.86,-8.464,-0.78,-5.559,-19.04,5.95,1.54
,-8.413,-0.443,-5.652,-8.698,-0.979,-5.473,-18.97,6.09,1.75
4028.0,-8.469,-0.962,-5.58,-8.402,-0.854,-6.066,-16.52,5.32,3.29
,-8.442,-1.019,-5.674,-8.399,-0.957,-6.066,-17.99,5.11,4.27
,-8.306,-1.067,-5.843,-8.258,-1.11,-5.949,-19.25,4.62,5.04
,-8.294,-0.974,-5.913,-8.337,-1.079,-5.877,-20.02,3.71,5.81
4104.0,-8.457,-0.873,-5.748,-8.33,-0.038,-5.82,-16.24,-0.21,9.17
,-8.524,-0.476,-5.91,-8.296,-0.115,-5.786,-12.25,-1.4,9.1
,-8.423,-0.232,-5.855,-8.327,-0.175,-5.817,-9.94,-2.1,8.75
,-8.363,-0.127,-5.736,-8.442,-0.163,-5.712,-8.82,-2.45,7.7
4180.0,-8.251,-0.053,-5.832,-8.148,-0.029,-5.587,-0.49,-2.66,5.74
,-8.301,-0.112,-5.803,-8.382,-0.06,-5.384,1.19,-2.8,5.25
,-8.722,-0.168,-5.707,-8.332,-0.172,-5.351,0.56,-5.67,3.92
,-8.327,0.002,-5.508,-8.358,-0.182,-5.209,-0.7,-7.56,3.78
4256.0,-8.358,-0.237,-5.171,-8.428,-0.261,-4.98,0.98,-5.81,4.34
,-8.44,-0.302,-5.035,-8.559,-0.225,-4.872,1.96,-5.04,4.97
,-8.366,-0.299,-5.102,-8.569,-0.141,-4.817,3.5,-4.55,5.88
,-8.404,-0.175,-5.123,-8.516,-0.007,-4.774,4.9,-4.41,6.3
4332.0,-8.514,0.235,-4.999,-8.437,0.213,-5.011,6.51,-7.35,5.53
,-8.464,0.421,-4.879,-8.521,0.005,-5.02,5.39,-7.28,5.11
,-8.562,0.369,-4.944,-8.531,0.112,-5.267,3.71,-7.14,4.76
,-8.44,0.438,-4.989,-8.595,0.275,-5.133,2.24,-6.86,5.18
4408.0,-8.693,0.335,-5.202,-8.564,0.778,-5.363,5.11,-6.58,3.99
,-8.437,0.869,-5.346,-8.504,0.558,-5.181,7.28,-6.93,1.96
,-8.715,0.916,-5.532,-8.571,0.153,-4.937,6.79,-7.35,1.4
,-8.634,1.029,-5.556,-8.732,0.079,-5.018,2.59,-7.7,1.47
4484.0,-8.717,0.055,-5.004,-8.686,0.256,-5.109,-4.55,-7.91,-1.12
,-8.607,0.189,-4.965,-8.622,0.201,-5.018,-3.64,-8.61,-1.12
,-8.461,0.29,-4.963,-8.547,0.115,-4.874,-3.92,-9.17,-1.47
,-8.66,0.211,-4.987,-8.547,-0.077,-4.568,-4.34,-9.52,-1.75
4560.0,-8.641,-0.165,-4.396,-8.607,-0.029,-4.36,-3.85,-9.73,-3.92
,-8.815,-0.077,-4.427,-8.591,-0.235,-4.259,-3.08,-10.29,-4.27
,-8.804,0.017,-4.436,-8.725,-0.146,-4.185,-2.8,-10.5,-4.69
,-8.744,0.098,-4.439,-8.856,-0.038,-4.168,-3.22,-10.43,-4.62
4636.0,-8.928,0.239,-4.269,-8.708,0.438,-4.386,3.43,-7.7,-2.94
,-8.926,0.462,-4.506,-8.885,0.29,-4.396,2.94,-8.19,-3.43
,-8.82,0.759,-4.57,-8.763,0.337,-4.439,2.52,-8.47,-4.2
,-8.708,0.675,-4.59,-8.768,0.459,-4.748,-0.21,-8.26,-5.18
4712.0,-8.693,0.479,-4.884,-8.894,-0.184,-4.669,-5.25,-8.68,-8.82
,-8.725,0.237,-4.831,-8.856,-0.136,-4.848,-6.16,-8.4,-9.03
,-8.777,-0.091,-4.582,-8.622,-0.304,-4.659,-6.86,-8.26,-9.59
,-8.83,-0.251,-4.566,-8.727,-0.56,-4.633,-5.39,-8.33,-9.87
4788.0,-8.83,-0.761,-4.288,-8.624,-0.522,-4.688,-4.34,-9.8,-7.42
,-8.904,-0.692,-4.386,-8.873,-0.447,-4.238,-1.89,-9.8,-6.72
,-8.928,-0.605,-4.996,-9.127,-0.249,-4.147,-1.47,-10.92,-6.79
,-8.581,-0.593,-4.786,-9.04,-0.086,-4.36,-1.33,-11.62,-5.6
4864.0,-8.866,0.168,-4.202,-8.914,-0.182,-3.692,2.8,-12.6,-4.2
,-8.906,0.098,-4.544,-8.854,-0.108,-3.427,2.1,-12.46,-3.71
,-8.947,-0.158,-3.975,-9.021,-0.357,-3.525,3.01,-11.62,-3.57
,-9.048,-0.287,-3.908,-9.062,-0.392,-3.204,4.83,-10.92,-3.99
4940.0,-9.194,-0.246,-2.864,-8.933,-0.244,-4.02,3.64,-7.98,-3.71
,-9.39,-0.184,-3.609,-8.863,-0.529,-3.91,2.45,-7.77,-4.97
,-8.981,-0.048,-3.604,-9.043,-0.27,-3.716,1.4,-7.7,-5.67
,-8.909,0.038,-3.944,-9.241,0.067,-3.922,-0.7,-7.42,-6.23
5016.0,-9.093,0.031,-3.9,-9.249,-0.213,-3.884,3.01,-6.51,-6.44
,-8.871,-0.447,-3.434,-9.139,0.268,-3.915,0.14,-5.74,-5.6
,-9.074,-0.849,-3.58,-9.04,0.17,-4.403,0.77,-4.76,-4.69
,-9.198,-0.706,-3.398,-8.921,-0.313,-4.252,5.46,-4.06,-3.99
5092.0,-8.804,-0.601,-4.176,-9.215,-0.256,-3.752,2.03,-4.27,-4.83
,-8.921,-0.838,-3.991,-9.143,-0.273,-3.496,5.6,-4.13,-4.2
,-9.012,-0.823,-3.771,-9.107,-0.321,-3.264,8.26,-4.41,-3.36
,-9.184,-0.426,-3.79,-9.229,-0.347,-3.302,9.45,-4.13,-2.94
5168.0,-9.225,-0.404,-3.333,-9.27,-0.565,-3.647,5.18,-1.26,-3.22
,-9.136,-0.507,-3.369,-9.141,-0.218,-4.022,4.83,-0.28,-2.87
,-9.165,-0.57,-3.281,-8.985,-0.206,-4.31,4.83,0.63,-2.31
,-9.198,-0.785,-3.276,-8.892,-0.388,-4.223,5.6,1.4,-1.89
5244.0,-8.971,-0.522,-4.259,-9.241,-0.067,-4.3,1.68,0.7,-3.08
,-9.055,-0.608,-4.123,-8.983,-0.187,-4.149,3.15,0.56,-2.52
,-9.129,-0.493,-4.008,-8.942,-0.397,-4.104,4.34,0.35,-2.17
,-9.222,-0.187,-4.101,-8.94,-0.692,-3.905,4.97,-0.35,-2.24
5320.0,-9.095,-0.747,-4.097,-9.196,-1.491,-2.907,0.07,-2.94,-4.13
,-9.076,-1.096,-3.855,-9.261,-0.814,-2.69,-0.42,-2.8,-3.78
,-8.859,-1.539,-3.357,-9.366,-0.366,-2.716,0.14,-2.03,-2.59
,-9.052,-1.697,-3.137,-9.313,-0.323,-2.639,3.29,-0.98,-1.33
5396.0,-9.454,-0.213,-3.197,-8.93,-0.498,-4.633,1.89,5.25,-0.28
,-9.375,-0.38,-3.831,-8.993,-0.369,-4.594,0.42,5.39,-0.56
,-8.918,-0.474,-4.058,-8.988,-0.323,-4.549,0.91,5.32,0.07
,-8.897,-0.479,-4.405,-9.026,-0.567,-4.195,2.87,5.18,0.42
5472.0,-9.038,-0.799,-3.896,-9.11,-0.558,-3.96,3.78,2.73,0.0
,-9.162,-0.955,-3.879,-9.182,-0.371,-4.171,3.78,2.66,-0.07
,-9.141,-0.756,-3.79,-9.091,-0.318,-4.262,4.69,2.66,0.21
,-9.083,-0.601,-3.845,-8.973,-0.352,-4.259,4.76,2.73,0.14
5548.0,-9.021,-0.56,-4.302,-8.882,-0.462,-4.168,4.62,1.61,-0.14
,-9.052,-0.546,-4.377,-9.036,-0.842,-4.056,5.67,1.05,-0.07
,-9.107,-0.397,-4.561,-9.06,-0.876,-3.848,5.67,0.42,-0.49
,-8.904,-0.335,-4.36,-9.095,-0.763,-3.558,3.92,-0.42,-0.91
5624.0,-9.158,-0.586,-3.386,-9.174,-0.773,-3.573,2.03,-0.21,-0.49
,-9.263,-0.455,-3.345,-9.129,-0.957,-3.719,1.89,0.42,-0.35
,-9.323,-0.436,-3.352,-9.083,-0.859,-3.881,1.33,0.91,-0.56
,-9.215,-0.498,-3.396,-9.095,-0.622,-4.015,0.07,1.47,-0.7
5700.0,-9.036,-0.507,-4.056,-9.079,-0.665,-4.054,5.11,2.59,0.35
,-9.069,-0.481,-4.092,-9.009,-0.704,-3.996,4.2,2.45,0.14
,-9.021,-0.555,-3.999,-9.115,-0.692,-4.044,3.43,2.24,0.07
,-9.083,-0.579,-4.094,-9.055,-0.763,-3.965,3.29,1.89,0.07
5776.0,-9.081,-0.763,-3.958,-9.043,-0.51,-4.032,7.28,1.26,1.68
,-9.136,-0.806,-3.855,-9.014,-0.615,-4.013,8.26,1.19,1.89
,-9.11,-0.684,-3.831,-9.048,-0.672,-3.944,9.1,1.4,2.1
,-9.153,-0.524,-3.888,-9.117,-0.689,-3.908,8.96,1.19,1.89
5852.0,-9.079,-0.665,-3.802,-9.05,-0.648,-3.776,6.51,0.84,1.75
,-9.17,-0.641,-3.769,-9.076,-0.715,-3.714,6.16,0.84,1.75
,-9.124,-0.601,-3.778,-9.115,-0.727,-3.69,5.6,0.84,1.68
,-9.074,-0.656,-3.762,-9.124,-0.708,-3.716,4.83,0.91,1.47
5928.0,-9.139,-0.773,-3.676,-9.227,-0.479,-4.013,4.48,2.24,1.61
,-9.06,-0.804,-3.652,-9.129,-0.474,-4.216,4.9,2.66,1.96
,-9.083,-0.809,-3.659,-8.976,-0.581,-4.235,5.39,2.8,2.1
,-9.201,-0.613,-3.79,-8.973,-0.713,-4.235,5.88,2.87,2.03
6004.0,-8.985,-0.701,-4.164,-9.016,-0.601,-4.099,4.9,1.4,1.26
,-9.098,-0.469,-4.099,-9.005,-0.759,-4.037,5.95,1.19,1.54
,-9.232,-0.369,-4.118,-9.043,-0.866,-3.963,5.46,0.84,1.33
,-9.155,-0.359,-4.137,-9.139,-0.799,-3.953,4.27,0.42,1.05
6080.0,-9.158,-0.704,-3.932,-9.162,-0.663,-3.453,4.83,-0.07,1.12
,-9.079,-0.596,-3.824,-9.229,-0.503,-3.525,4.55,-0.14,1.19
,-9.043,-0.677,-3.678,-9.177,-0.514,-3.518,3.71,0.07,1.12
,-9.115,-0.718,-3.582,-9.208,-0.507,-3.745,3.29,0.49,1.05
6156.0,-9.086,-0.672,-3.857,-9.072,-0.696,-3.838,1.54,1.89,0.63
,-8.978,-0.744,-3.903,-9.11,-0.68,-3.85,1.82,1.89,0.63
,-9.069,-0.751,-3.898,-9.146,-0.598,-3.814,2.8,2.1,0.91
,-9.122,-0.766,-3.946,-9.105,-0.589,-3.91,3.85,2.1,1.05
6232.0,-9.122,-0.627,-3.915,-9.15,-0.567,-3.898,2.66,2.31,0.56
,-9.091,-0.732,-3.896,-9.1,-0.555,-3.893,2.52,2.24,0.77
,-9.105,-0.751,-3.891,-9.074,-0.56,-3.929,3.01,2.38,0.91
,-9.124,-0.658,-3.824,-9.095,-0.565,-3.932,3.57,2.52,1.05
6308.0,-9.095,-0.656,-3.989,-9.067,-0.672,-3.963,0.84,2.31,0.42
,-9.05,-0.651,-4.046,-9.146,-0.603,-3.946,1.05,2.17,0.49
,-9.072,-0.742,-4.051,-9.091,-0.567,-3.912,1.4,2.03,0.63
,-9.038,-0.701,-3.996,-9.091,-0.61,-3.879,2.1,1.96,0.91
6384.0,-9.103,-0.651,-3.896,-9.119,-0.725,-3.881,1.47,1.68,0.63
,-9.069,-0.711,-3.872,-9.117,-0.66,-3.905,1.61,1.75,0.63
,-9.074,-0.665,-3.812,-9.112,-0.672,-3.984,1.54,1.82,0.77
,-9.115,-0.692,-3.802,-9.072,-0.699,-4.022,1.61,1.82,0.84
6460.0,-9.036,-0.704,-4.082,-9.06,-0.634,-3.965,1.89,1.75,0.77
,-9.048,-0.699,-4.099,-9.062,-0.613,-3.896,2.38,1.47,0.91
,-9.052,-0.67,-4.07,-9.081,-0.558,-3.884,2.87,1.33,1.05
,-9.028,-0.622,-4.037,-9.122,-0.608,-3.836,3.08,1.26,1.19
6536.0,-9.141,-0.586,-3.843,-9.048,-0.646,-3.85,2.59,1.26,1.33
,-9.119,-0.579,-3.888,-9.127,-0.591,-3.862,2.73,1.19,1.19
,-9.04,-0.603,-3.946,-9.148,-0.505,-3.963,2.8,1.19,1.12
,-9.05,-0.644,-3.944,-9.076,-0.457,-3.97,2.8,1.26,1.33
6612.0,-9.055,-0.639,-3.982,-9.098,-0.672,-3.781,1.19,0.98,0.49
,-9.067,-0.747,-3.948,-9.091,-0.648,-3.699,1.61,0.98,0.63
,-9.045,-0.696,-3.939,-9.122,-0.581,-3.821,2.8,1.05,0.91
,-9.081,-0.615,-3.915,-9.072,-0.498,-3.824,3.43,1.05,1.05
6688.0,-9.093,-0.574,-3.893,-9.045,-0.617,-4.116,2.1,1.68,0.84
,-9.088,-0.622,-3.944,-9.062,-0.572,-4.063,1.61,1.75,0.63
,-9.048,-0.589,-3.972,-9.079,-0.562,-3.999,1.68,1.61,0.56
,-9.033,-0.622,-4.08,-9.11,-0.579,-4.015,1.61,1.33,0.49
6764.0,-9.1,-0.593,-4.054,-9.083,-0.648,-3.948,2.31,0.7,0.7
,-9.083,-0.708,-4.063,-9.1,-0.589,-3.79,2.24,0.42,0.49
,-9.009,-0.742,-4.092,-9.115,-0.617,-3.661,2.73,0.35,0.7
,-9.021,-0.684,-4.044,-9.153,-0.598,-3.546,3.57,0.28,0.77
6840.0,-9.167,-0.646,-3.587,-9.091,-0.61,-3.948,2.03,1.12,0.63
,-9.139,-0.663,-3.666,-9.074,-0.613,-3.987,1.68,1.33,0.63
,-9.107,-0.646,-3.774,-9.038,-0.627,-4.037,1.54,1.82,0.63
,-9.083,-0.67,-3.86,-9.074,-0.632,-4.094,1.47,1.89,0.7
6916.0,-9.064,-0.646,-4.046,-9.079,-0.625,-3.999,2.94,1.33,0.7
,-9.057,-0.603,-4.046,-9.067,-0.656,-3.92,3.36,1.26,0.84
,-9.081,-0.538,-4.054,-9.117,-0.603,-3.81,3.43,1.12,0.77
,-9.074,-0.581,-4.025,-9.11,-0.586,-3.833,3.22,0.77,0.56
6992.0,-9.119,-0.593,-3.798,-9.067,-0.704,-3.955,2.52,1.12,0.63
,-9.124,-0.708,-3.802,-9.045,-0.684,-3.97,2.1,1.33,0.7
,-9.083,-0.706,-3.886,-9.043,-0.663,-3.927,2.03,1.19,0.56
,-9.079,-0.73,-3.879,-9.107,-0.584,-3.977,2.38,1.26,0.63
7068.0,-9.086,-0.553,-3.967,-9.131,-0.651,-3.912,2.52,1.19,0.7
,-9.016,-0.548,-3.946,-9.076,-0.704,-3.857,2.1,1.05,0.7
,-9.072,-0.651,-3.92,-9.1,-0.646,-3.862,2.1,0.7,0.49
,-9.091,-0.684,-3.898,-9.136,-0.615,-3.934,2.8,1.05,0.63
7144.0,-9.048,-0.586,-3.91,-9.028,-0.656,-3.865,2.45,0.98,0.63
,-9.067,-0.689,-3.958,-9.146,-0.586,-3.86,2.1,1.05,0.56
,-9.083,-0.761,-3.951,-9.16,-0.522,-3.838,2.38,0.91,0.7
,-9.079,-0.699,-3.951,-9.093,-0.555,-3.877,3.22,0.98,0.98
7220.0,-9.095,-0.605,-3.886,-9.119,-0.653,-3.826,1.68,0.98,0.56
,-9.074,-0.644,-3.893,-9.117,-0.596,-3.814,1.96,1.05,0.63
,-9.119,-0.687,-3.877,-9.122,-0.615,-3.8,2.45,1.26,0.84
,-9.076,-0.682,-3.857,-9.1,-0.596,-3.912,2.8,1.26,0.98
7296.0,-9.098,-0.708,-3.946,-9.119,-0.57,-3.869,2.1,1.61,0.56
,-9.064,-0.749,-4.003,-9.098,-0.524,-3.85,2.38,1.4,0.56
,-9.0,-0.704,-3.955,-9.11,-0.546,-3.86,3.08,1.47,0.77
,-9.064,-0.699,-3.948,-9.107,-0.579,-3.841,3.85,1.47,1.05
7372.0,-9.098,-0.675,-3.865,-9.091,-0.632,-3.845,2.31,1.54,0.7
,-9.103,-0.656,-3.862,-9.136,-0.627,-3.853,2.45,1.54,0.7
,-9.136,-0.648,-3.877,-9.139,-0.639,-3.884,2.52,1.68,0.77
,-9.088,-0.632,-3.857,-9.105,-0.637,-3.929,2.59,1.61,0.77
7448.0,-9.052,-0.651,-3.879,-9.064,-0.656,-4.061,2.52,2.17,0.63
,-9.11,-0.641,-3.972,-9.069,-0.66,-4.082,2.38,1.75,0.63
,-9.093,-0.684,-4.07,-9.074,-0.574,-3.994,2.17,1.4,0.63
,-9.057,-0.682,-4.034,-9.103,-0.548,-3.946,2.45,1.61,0.63
7524.0,-9.167,-0.629,-3.934,-9.074,-0.78,-3.783,2.17,0.84,0.56
,-9.081,-0.653,-3.877,-9.064,-0.711,-3.764,2.31,0.7,0.7
,-9.112,-0.596,-3.879,-9.124,-0.629,-3.738,2.38,0.91,0.7
,-9.028,-0.711,-3.888,-9.112,-0.668,-3.738,2.31,0.91,0.7
7600.0,-9.117,-0.694,-3.759,-9.072,-0.68,-3.955,1.82,1.68,0.63
,-9.134,-0.732,-3.762,-9.095,-0.61,-4.054,1.89,1.82,0.77
,-9.086,-0.735,-3.855,-9.045,-0.577,-4.121,2.17,2.03,0.84
,-9.107,-0.66,-3.924,-9.04,-0.622,-4.152,2.45,2.03,0.91
7676.0,-9.086,-0.613,-4.099,-9.062,-0.593,-3.841,3.08,1.4,0.91
,-9.088,-0.62,-4.034,-9.088,-0.644,-3.865,3.43,1.12,0.84
,-9.052,-0.61,-3.958,-9.083,-0.708,-3.829,3.22,0.91,0.91
,-9.081,-0.579,-3.924,-9.124,-0.739,-3.86,3.01,1.05,0.98
7752.0,-9.095,-0.708,-3.924,-9.105,-0.579,-4.003,2.24,1.12,0.84
,-9.083,-0.651,-3.944,-9.093,-0.615,-3.996,2.59,1.19,0.98
,-9.072,-0.565,-3.951,-9.055,-0.704,-3.977,2.38,1.19,0.84
,-9.117,-0.574,-3.982,-9.057,-0.782,-3.9,1.96,0.98,0.77
7828.0,-9.119,-0.68,-3.817,-9.134,-0.593,-3.865,3.43,0.84,1.05
,-9.162,-0.625,-3.778,-9.043,-0.646,-3.888,3.5,0.98,1.05
,-9.196,-0.562,-3.776,-9.048,-0.727,-3.917,2.87,1.12,0.84
,-9.158,-0.541,-3.778,-9.093,-0.756,-3.97,2.1,1.19,0.7
7904.0,-9.083,-0.706,-3.96,-9.105,-0.639,-3.884,2.94,1.4,1.12
,-9.105,-0.62,-3.948,-9.072,-0.651,-3.886,2.8,1.4,1.05
,-9.098,-0.591,-3.932,-9.095,-0.634,-3.874,2.17,1.54,0.91
,-9.1,-0.632,-3.91,-9.127,-0.625,-3.857,1.54,1.54,0.77
7980.0,-9.112,-0.615,-3.908,-9.093,-0.584,-3.927,2.52,1.4,0.91
,-9.086,-0.603,-3.912,-9.064,-0.656,-3.881,2.66,1.19,0.77
,-9.064,-0.639,-3.915,-9.067,-0.687,-3.884,2.73,1.4,0.77
,-9.129,-0.61,-3.877,-9.127,-0.579,-3.9,2.66,1.26,0.84
8056.0,-9.098,-0.558,-3.922,-9.11,-0.656,-3.936,2.24,1.4,0.84
,-9.067,-0.656,-3.984,-9.112,-0.591,-3.891,1.68,1.26,0.77
,-9.043,-0.675,-3.929,-9.1,-0.574,-3.929,1.89,1.26,0.84
,-9.083,-0.711,-3.951,-9.124,-0.598,-3.929,2.17,1.12,0.91
8132.0,-9.127,-0.663,-4.006,-9.072,-0.55,-3.941,2.24,1.05,0.84
,-9.062,-0.747,-3.967,-9.048,-0.574,-3.898,2.38,1.05,0.84
,-9.098,-0.694,-3.96,-9.083,-0.639,-3.915,3.01,0.77,0.91
,-9.103,-0.634,-3.987,-9.072,-0.601,-3.893,3.36,0.98,0.98
8208.0,-9.081,-0.603,-3.865,-9.074,-0.651,-3.869,3.15,0.7,0.84
,-9.122,-0.579,-3.855,-9.119,-0.603,-3.903,3.22,0.98,0.98
,-9.115,-0.687,-3.879,-9.103,-0.625,-3.838,2.94,0.98,0.84
,-9.016,-0.658,-3.915,-9.105,-0.548,-3.91,3.01,0.84,0.84
8284.0,-9.115,-0.593,-3.922,-9.052,-0.713,-3.908,2.38,0.98,0.7
,-9.139,-0.61,-3.975,-9.062,-0.627,-3.855,2.24,0.91,0.63
,-9.067,-0.622,-3.987,-9.11,-0.562,-3.841,2.31,0.84,0.7
,-9.069,-0.646,-3.996,-9.136,-0.57,-3.819,2.45,0.7,0.7
8360.0,-9.143,-0.61,-3.812,-9.141,-0.598,-3.817,1.68,0.84,0.42
,-9.083,-0.72,-3.848,-9.153,-0.529,-3.865,1.54,1.05,0.63
,-9.062,-0.759,-3.872,-9.174,-0.55,-3.917,1.96,1.05,0.7
,-9.091,-0.699,-3.85,-9.052,-0.574,-3.912,2.73,1.05,0.77
8436.0,-9.095,-0.718,-3.965,-9.1,-0.593,-3.92,0.98,1.19,0.21
,-9.079,-0.708,-3.948,-9.064,-0.639,-3.855,1.75,1.19,0.42
,-9.095,-0.615,-3.951,-9.095,-0.653,-3.898,2.17,0.91,0.49
,-9.117,-0.57,-3.912,-9.127,-0.706,-3.941,2.03,0.98,0.56
8512.0,-9.06,-0.665,-3.884,-9.107,-0.57,-3.917,1.54,0.63,0.49
,-9.06,-0.694,-3.881,-9.095,-0.701,-3.869,1.75,0.84,0.63
,-9.103,-0.66,-3.908,-9.069,-0.723,-3.86,2.03,0.77,0.63
,-9.134,-0.601,-3.946,-9.148,-0.644,-3.946,2.1,0.63,0.63
8588.0,-9.074,-0.605,-3.908,-9.119,-0.641,-3.9,2.73,0.56,0.91
,-9.067,-0.593,-3.944,-9.076,-0.739,-3.879,2.87,0.56,0.84
,-9.1,-0.608,-3.944,-9.11,-0.711,-3.857,2.87,0.42,0.77
,-9.093,-0.613,-3.886,-9.127,-0.637,-3.865,2.73,0.21,0.7
8664.0,-9.105,-0.634,-3.879,-9.069,-0.572,-3.967,3.15,0.21,0.77
,-9.124,-0.682,-3.85,-9.05,-0.644,-3.941,2.87,0.07,0.77
,-9.1,-0.605,-3.898,-9.057,-0.653,-3.9,2.87,-0.07,0.63
,-9.127,-0.598,-3.924,-9.045,-0.684,-3.814,3.29,-0.07,0.7
8740.0,-9.117,-0.605,-3.807,-9.131,-0.553,-3.86,3.36,-0.21,0.84
,-9.131,-0.553,-3.79,-9.117,-0.615,-3.86,3.43,0.0,0.91
,-9.155,-0.512,-3.821,-9.093,-0.66,-3.85,3.08,0.0,0.77
,-9.194,-0.548,-3.774,-9.091,-0.634,-3.862,2.52,0.14,0.56
8816.0,-9.11,-0.672,-3.829,-9.093,-0.637,-3.79,2.59,-0.14,0.42
,-9.11,-0.617,-3.85,-9.048,-0.72,-3.766,2.66,-0.28,0.35
,-9.139,-0.562,-3.817,-9.103,-0.718,-3.707,2.45,-0.42,0.21
,-9.167,-0.534,-3.85,-9.198,-0.711,-3.821,1.96,-0.28,0.07
8892.0,-9.191,-0.658,-3.893,-9.115,-0.711,-3.845,2.03,-0.28,0.28
,-9.115,-0.601,-3.893,-9.184,-0.701,-3.824,1.89,-0.28,0.35
,-9.026,-0.68,-3.881,-9.16,-0.644,-3.838,1.68,-0.35,0.35
,-9.105,-0.806,-3.877,-9.16,-0.637,-3.778,2.31,-0.14,0.56
8968.0,-9.16,-0.68,-3.8,-9.141,-0.641,-3.841,3.15,-0.7,0.91
,-9.107,-0.723,-3.738,-9.115,-0.617,-3.86,2.94,-0.7,0.98
,-9.155,-0.663,-3.766,-9.146,-0.565,-3.831,3.43,-0.7,1.05
,-9.129,-0.687,-3.833,-9.146,-0.61,-3.764,3.57,-0.63,1.05
9044.0,-9.155,-0.718,-3.745,-9.227,-0.541,-3.498,2.52,-0.77,0.84
,-9.17,-0.79,-3.659,-9.198,-0.577,-3.491,3.01,-0.7,1.19
,-9.189,-0.754,-3.585,-9.217,-0.644,-3.463,3.5,-0.63,1.33
,-9.194,-0.653,-3.606,-9.165,-0.646,-3.479,3.99,-0.14,1.54
9120.0,-9.153,-0.723,-3.408,-9.239,-0.574,-3.386,0.84,1.33,1.19
,-9.208,-0.706,-3.307,-9.112,-0.548,-3.329,1.19,1.89,1.33
,-9.232,-0.579,-3.324,-9.165,-0.495,-3.439,0.91,2.17,1.26
,-9.22,-0.536,-3.305,-9.174,-0.596,-3.362,0.63,2.8,1.54
9196.0,-9.17,-0.581,-3.388,-9.208,-0.878,-3.573,-4.97,4.69,0.28
,-9.182,-0.584,-3.489,-9.064,-0.842,-3.472,-5.32,5.39,0.14
,-9.146,-0.754,-3.367,-9.079,-0.909,-3.486,-5.53,6.09,0.42
,-9.189,-0.73,-3.467,-9.134,-0.902,-3.494,-5.11,6.44,0.7
9272.0,-9.28,-0.861,-3.518,-9.033,-0.55,-3.711,-2.1,8.89,2.24
,-9.301,-0.639,-3.666,-9.016,-0.794,-3.857,-1.75,9.03,1.89
,-9.11,-0.378,-3.515,-8.954,-0.859,-3.955,-2.87,9.24,1.75
,-9.064,-0.302,-3.683,-8.875,-0.943,-3.877,-4.69,9.38,1.4
9348.0,-9.002,-0.905,-3.853,-9.215,-0.124,-3.86,-1.4,10.5,3.71
,-8.99,-0.921,-3.568,-9.16,-0.208,-4.561,0.63,10.78,4.76
,-9.146,-0.538,-3.685,-8.949,-0.371,-4.649,2.66,11.06,5.39
,-9.165,-0.328,-3.532,-8.744,-0.574,-4.877,1.89,11.48,5.04
9424.0,-8.65,-1.029,-4.972,-9.0,-0.555,-4.032,-8.89,7.63,3.64
,-8.715,-1.407,-4.487,-9.1,-0.191,-4.046,-6.09,7.7,4.9
,-8.808,-1.29,-4.338,-9.15,0.11,-3.618,-0.98,7.35,6.02
,-8.926,-0.952,-4.343,-9.141,-0.139,-3.826,2.8,6.65,6.23
9500.0,-9.064,-0.622,-4.097,-8.882,-0.034,-5.197,-5.11,5.6,4.69
,-9.019,-0.672,-4.075,-8.804,0.01,-5.252,-6.72,4.83,4.27
,-9.0,-0.519,-4.618,-8.844,0.103,-5.19,-6.93,3.36,3.29
,-8.976,-0.201,-4.798,-8.787,0.22,-4.654,-6.44,2.52,2.66
9576.0,-9.098,0.452,-4.343,-8.667,-0.668,-4.338,4.48,0.98,3.92
,-9.258,0.632,-4.707,-9.0,-0.981,-3.75,5.04,-0.35,2.31
,-9.112,0.617,-4.803,-9.16,-1.06,-3.891,3.01,-1.96,1.47
,-8.796,-0.031,-4.893,-9.155,-0.715,-3.776,-1.68,-2.66,0.98
9652.0,-9.131,-0.392,-4.188,-8.897,-0.972,-4.257,0.7,-2.24,2.31
,-8.911,-0.17,-4.025,-8.933,-0.871,-4.458,-2.8,-2.52,2.66
,-8.949,-0.345,-4.255,-8.926,-0.84,-3.958,-5.81,-2.87,2.66
,-8.957,-0.692,-4.149,-8.789,-0.804,-3.482,-6.72,-3.01,1.61
9728.0,-9.014,-0.601,-2.972,-8.871,0.529,-3.709,6.86,1.75,5.46
,-9.347,-0.278,-3.156,-9.067,0.548,-3.862,9.03,2.1,6.02
,-9.517,0.189,-3.597,-9.064,0.531,-3.568,9.38,1.75,6.37
,-9.143,0.349,-3.754,-9.115,0.402,-3.704,7.35,2.17,6.65
9804.0,-9.043,0.297,-3.726,-9.373,-0.352,-3.544,5.11,4.9,1.68
,-8.909,0.153,-3.542,-9.194,-0.79,-3.955,3.78,6.09,1.47
,-8.861,-0.031,-3.276,-8.739,-1.039,-4.14,2.66,7.42,1.4
,-9.222,-0.041,-2.977,-8.576,-1.077,-4.008,3.99,8.61,2.1
9880.0,-8.763,-0.768,-4.049,-8.894,0.313,-4.02,8.33,10.92,4.97
,-8.945,-0.225,-3.977,-8.67,0.112,-3.731,12.32,10.99,4.9
,-9.05,0.328,-3.989,-8.926,0.034,-3.228,13.65,10.78,4.34
,-9.05,0.414,-4.19,-9.287,0.177,-3.408,11.13,10.78,3.5
9956.0,-9.308,0.436,-3.623,-8.744,-0.409,-3.252,7.77,14.49,-0.14
,-9.182,0.443,-3.888,-9.019,-0.627,-3.68,4.69,13.72,-0.56
,-8.727,0.273,-3.932,-9.148,-0.804,-3.932,0.0,13.86,-0.98
,-8.43,-0.103,-3.699,-8.942,-0.648,-4.226,-3.22,16.45,-0.7
10032.0,-8.741,-0.447,-4.558,-8.732,-0.732,-4.58,3.22,16.66,0.49
,-8.524,-0.285,-4.762,-9.036,-0.704,-4.582,2.8,17.43,0.77
,-8.315,-0.309,-4.757,-8.725,-0.426,-4.762,1.68,17.99,0.7
,-8.449,-0.483,-4.413,-8.399,-0.763,-4.75,1.19,18.97,1.12
10108.0,-8.418,-1.182,-4.628,-8.5,-0.976,-4.975,0.28,20.23,5.11
,-8.689,-1.62,-4.724,-8.397,-0.34,-5.102,0.77,19.25,7.07
,-8.734,-1.701,-4.901,-8.473,0.27,-5.298,3.99,17.64,8.4
,-8.595,-1.567,-4.949,-8.504,0.675,-5.386,7.63,17.08,9.87
10184.0,-8.641,0.883,-5.195,-8.756,1.33,-5.02,11.27,16.03,10.5
,-8.643,1.039,-5.37,-8.981,1.419,-5.073,8.05,15.47,8.96
,-8.658,1.266,-5.219,-8.933,1.491,-5.171,6.16,15.82,7.0
,-8.753,1.278,-5.154,-8.705,1.508,-5.599,5.46,15.68,4.76
10260.0,-8.445,1.158,-5.377,-8.2,-1.295,-5.808,4.83,12.04,-6.09
,-8.332,0.412,-5.31,-8.315,-1.649,-5.441,2.17,12.25,-6.79
,-8.471,-0.337,-5.317,-8.315,-1.871,-5.379,1.05,10.36,-7.56
,-8.334,-0.974,-5.348,-8.658,-1.917,-5.396,2.17,9.59,-7.21
10336.0,-8.394,-1.795,-5.552,-7.942,-0.921,-6.054,17.5,10.57,-0.42
,-8.476,-1.522,-5.796,-8.318,-0.902,-5.848,17.29,10.01,1.89
,-8.181,-1.424,-5.92,-8.634,-0.574,-5.726,15.61,9.03,3.99
,-8.174,-1.175,-5.968,-8.61,-0.06,-5.647,14.0,7.21,5.11
10412.0,-8.76,0.514,-5.504,-8.519,0.83,-5.595,12.53,2.94,5.39
,-8.497,0.962,-5.497,-8.208,0.505,-5.674,13.37,2.24,3.01
,-8.725,1.345,-5.513,-8.284,-0.11,-5.47,11.41,0.77,0.14
,-8.66,1.455,-5.738,-8.576,-0.452,-5.377,9.45,-0.7,-2.38
10488.0,-8.583,-0.625,-5.315,-8.526,-1.273,-5.111,11.83,-0.07,-4.13
,-8.607,-0.847,-5.102,-8.277,-0.926,-5.298,13.23,-0.7,-3.64
,-8.433,-1.211,-5.106,-8.416,-0.641,-5.26,14.84,-0.56,-3.29
,-8.583,-1.192,-5.142,-8.418,-0.213,-5.432,18.27,0.14,-2.45
10564.0,-8.459,0.139,-5.492,-8.363,-0.096,-5.585,18.55,-2.52,-0.28
,-8.418,0.447,-5.513,-8.287,-0.55,-5.351,17.71,-1.75,-1.82
,-8.531,0.634,-5.853,-8.306,-0.983,-5.147,16.17,-2.31,-3.43
,-8.514,0.361,-5.733,-8.557,-0.909,-4.98,15.12,-1.4,-4.06
10640.0,-8.696,-1.117,-4.898,-8.425,-1.01,-5.09,19.04,2.59,-1.96
,-8.576,-0.883,-4.999,-8.416,-0.991,-5.264,20.09,1.4,-2.03
,-8.648,-0.773,-5.087,-8.435,-1.213,-5.001,17.92,0.28,-2.31
,-8.504,-0.873,-5.011,-8.349,-1.244,-5.106,15.61,-1.61,-1.96
10716.0,-8.334,-0.983,-5.315,-8.5,-0.969,-5.274,15.19,-1.05,1.05
,-8.43,-1.086,-5.396,-8.576,-1.027,-5.039,14.91,-0.91,1.75
,-8.358,-1.027,-5.296,-8.478,-1.127,-4.915,14.98,-0.7,2.66
,-8.39,-0.938,-5.284,-8.54,-1.168,-4.812,15.33,-0.56,3.71
10792.0,-8.526,-1.01,-4.838,-8.409,-0.787,-5.14,11.55,2.17,5.95
,-8.533,-1.115,-4.795,-8.385,-0.787,-5.126,9.87,1.82,5.88
,-8.457,-1.192,-4.855,-8.5,-0.737,-5.147,9.1,1.54,5.88
,-8.559,-0.981,-4.913,-8.533,-0.574,-5.264,8.89,0.49,5.46
10868.0,-8.576,-0.175,-5.154,-8.38,-0.481,-5.202,6.79,0.56,4.27
,-8.435,-0.132,-5.085,-8.33,-0.364,-5.205,4.48,0.84,3.08
,-8.61,-0.306,-4.86,-8.387,-0.182,-5.255,1.96,0.84,2.31
,-8.483,-0.29,-5.037,-8.555,-0.29,-5.037,0.56,-0.07,1.47
10944.0,-8.483,-0.514,-4.927,-8.38,-0.991,-5.159,-1.54,4.06,-0.84
,-8.428,-0.864,-4.908,-8.49,-0.979,-5.087,-2.59,4.76,-1.05
,-8.54,-0.96,-4.951,-8.579,-0.809,-4.97,-2.66,5.74,-0.84
,-8.397,-0.964,-5.018,-8.411,-0.83,-5.023,-2.8,6.37,-0.35
11020.0,-8.37,-1.101,-4.865,-8.425,-0.694,-5.118,-7.49,6.44,1.61
,-8.308,-1.251,-4.834,-8.435,-0.598,-5.229,-7.56,6.23,2.03
,-8.368,-1.086,-4.975,-8.361,-0.847,-5.267,-6.51,6.37,2.24
,-8.454,-0.873,-5.154,-8.387,-1.06,-5.178,-5.81,6.72,2.8
11096.0,-8.437,-0.957,-5.346,-8.526,-0.591,-5.214,-7.91,8.89,6.02
,-8.397,-0.885,-5.324,-8.536,-0.337,-5.159,-7.84,9.1,6.72
,-8.339,-0.981,-5.26,-8.5,-0.053,-5.365,-8.54,10.01,7.21
,-8.416,-0.763,-5.298,-8.492,0.048,-5.195,-8.26,9.31,7.49
11172.0,-8.449,0.158,-5.475,-8.519,0.311,-5.501,-11.69,6.37,4.34
,-8.406,0.096,-5.599,-8.547,0.275,-5.575,-12.25,6.65,4.2
,-8.387,0.242,-5.7,-8.521,0.124,-5.626,-12.25,6.3,3.71
,-8.509,0.282,-5.575,-8.507,-0.182,-5.659,-12.67,6.16,2.8
11248.0,-8.476,-0.498,-5.674,-8.327,-0.84,-5.686,-14.7,5.32,0.7
,-8.361,-0.467,-5.982,-8.404,-0.902,-5.662,-14.0,4.2,1.33
,-8.366,-0.443,-5.989,-8.325,-1.029,-5.772,-13.65,2.73,1.4
,-8.327,-0.632,-5.836,-8.157,-0.933,-5.841,-14.21,1.89,1.33
11324.0,-8.181,-0.857,-5.879,-8.366,-0.39,-5.609,-13.86,0.28,6.79
,-8.215,-0.806,-5.784,-8.311,-0.304,-5.7,-12.39,0.56,7.63
,-8.299,-0.232,-6.011,-8.299,-0.179,-5.81,-10.29,-0.42,7.28
,-8.399,-0.246,-5.827,-8.215,-0.057,-5.824,-10.08,-0.77,7.07
11400.0,-8.291,0.132,-5.858,-8.299,0.419,-5.394,-5.46,-3.01,6.58
,-8.342,0.232,-5.843,-8.461,0.201,-5.374,-4.76,-3.36,5.39
,-8.409,0.275,-5.628,-8.626,0.134,-5.391,-4.41,-3.43,4.48
,-8.251,0.333,-5.487,-8.533,0.036,-5.453,-4.2,-3.29,4.06
11476.0,-8.32,-0.117,-5.451,-8.296,-0.077,-5.243,-2.17,-4.97,-0.84
,-8.337,-0.081,-5.499,-8.433,0.117,-5.303,-2.52,-5.88,-1.33
,-8.265,-0.079,-5.453,-8.416,0.079,-5.346,-1.61,-7.0,-1.47
,-8.296,-0.12,-5.279,-8.464,0.022,-5.403,-0.49,-7.56,-1.89
11552.0,-8.363,-0.101,-5.432,-8.454,-0.534,-5.221,-1.4,-5.04,-0.14
,-8.43,-0.33,-5.288,-8.387,-0.146,-5.195,-0.91,-4.27,0.21
,-8.373,-0.519,-5.181,-8.394,0.177,-5.26,0.07,-4.2,0.98
,-8.397,-0.715,-5.128,-8.449,0.266,-5.066,2.17,-4.13,1.75
11628.0,-8.516,0.28,-5.09,-8.495,0.361,-5.319,3.29,-4.62,1.19
,-8.459,0.244,-5.159,-8.435,0.45,-5.439,2.17,-4.55,1.05
,-8.488,0.352,-5.171,-8.325,-0.01,-5.532,2.1,-4.48,1.26
,-8.457,0.251,-5.257,-8.509,-0.01,-5.138,1.75,-4.69,0.7
11704.0,-8.504,-0.206,-5.056,-8.478,-0.132,-5.446,1.12,-6.09,-1.33
,-8.559,-0.323,-5.207,-8.5,-0.079,-5.463,3.43,-5.88,-0.7
,-8.464,-0.294,-5.25,-8.61,-0.007,-5.377,4.83,-5.95,0.28
,-8.375,-0.129,-5.494,-8.524,0.148,-5.465,5.25,-5.88,0.98
11780.0,-8.555,0.108,-5.535,-8.619,-0.098,-5.114,0.77,-8.33,1.05
,-8.502,-0.01,-5.389,-8.574,-0.031,-5.004,0.07,-8.61,0.91
,-8.459,-0.122,-5.341,-8.641,0.057,-4.965,0.21,-9.1,0.56
,-8.464,-0.136,-5.169,-8.014,0.055,-4.037,1.68,-9.24,0.28
11856.0,-8.772,0.062,-4.575,-8.626,0.148,-4.719,1.05,-13.09,0.0
,-8.634,0.124,-4.834,-8.686,0.112,-4.604,0.84,-12.25,-0.77
,-8.55,0.168,-4.649,-8.758,0.065,-4.393,1.19,-12.32,-1.61
,-8.557,0.146,-4.633,-8.784,0.038,-4.472,1.82,-12.74,-2.17
11932.0,-8.67,0.055,-4.408,-8.89,-0.122,-4.329,1.47,-12.46,-4.2
,-8.667,0.045,-4.192,-8.806,-0.017,-4.168,2.1,-12.04,-4.13
,-8.796,-0.043,-3.927,-8.737,0.141,-4.386,1.47,-11.55,-4.41
,-8.854,-0.146,-4.166,-8.725,0.235,-4.422,1.19,-11.76,-4.48
12008.0,-8.799,0.357,-4.133,-8.849,0.34,-4.822,2.52,-10.85,-6.58
,-8.969,0.227,-4.042,-8.655,0.086,-4.63,0.63,-10.36,-7.28
,-8.856,0.194,-4.092,-8.705,-0.357,-4.427,-1.68,-10.57,-8.26
,-8.882,0.237,-4.312,-8.875,-0.79,-4.329,-2.1,-10.64,-8.89
12084.0,-8.887,-0.921,-3.991,-8.579,-0.802,-4.496,-4.2,-10.22,-9.8
,-9.143,-0.632,-4.518,-8.813,-1.22,-4.362,-0.98,-10.85,-9.03
,-9.06,-0.282,-4.719,-8.897,-1.017,-3.934,-2.38,-12.11,-8.89
,-8.607,-0.366,-4.69,-9.107,-0.546,-3.984,-4.83,-12.39,-7.77
12160.0,-9.076,-0.062,-4.152,-8.866,-0.646,-3.709,5.95,-11.2,-3.36
,-8.882,-0.122,-3.927,-9.069,-0.294,-3.905,3.5,-11.2,-3.08
,-8.954,-0.44,-3.838,-9.05,-0.034,-3.575,2.1,-11.06,-3.01
,-8.909,-0.754,-3.994,-9.076,0.134,-3.81,2.66,-10.71,-3.15
12236.0,-9.103,0.002,-4.106,-8.899,-0.232,-3.776,3.01,-10.08,-4.9
,-9.093,0.012,-4.156,-9.045,-0.4,-3.321,1.96,-10.22,-4.97
,-9.024,-0.112,-4.434,-9.275,-0.428,-3.183,0.42,-10.5,-5.95
,-8.894,-0.098,-4.054,-9.277,-0.469,-3.149,1.19,-10.43,-5.53
12312.0,-9.174,-0.321,-2.917,-8.784,-0.759,-3.431,1.33,-7.84,-5.25
,-9.213,-0.165,-3.288,-8.942,-1.012,-3.451,0.07,-6.93,-5.74
,-9.177,-0.304,-3.597,-9.275,-0.933,-3.68,-2.38,-6.58,-6.79
,-8.973,-0.407,-3.857,-9.232,-0.524,-3.501,-3.71,-6.44,-6.72
12388.0,-9.105,-0.278,-3.819,-9.318,-0.723,-3.53,3.92,-3.85,-3.43
,-8.961,-0.565,-3.498,-9.124,-0.407,-3.573,1.96,-3.08,-3.01
,-9.016,-0.775,-3.049,-9.194,-0.534,-3.58,2.73,-1.82,-1.89
,-9.301,-0.771,-3.534,-9.208,-0.68,-3.642,4.2,-1.05,-1.96
12464.0,-9.103,-0.577,-3.707,-9.342,-0.084,-4.238,6.23,0.84,-0.56
,-9.048,-0.407,-3.63,-9.024,-0.124,-4.322,7.0,1.12,-0.35
,-9.141,-0.452,-3.635,-8.811,-0.347,-4.173,6.93,1.19,-0.49
,-9.261,-0.268,-3.704,-8.949,-0.794,-4.111,6.93,1.19,-0.84
12540.0,-9.021,-0.916,-3.948,-9.265,-0.462,-3.415,3.92,-0.77,-1.89
,-9.052,-0.802,-3.879,-9.299,-0.378,-3.506,5.95,-0.84,-1.47
,-9.158,-0.696,-3.577,-9.117,-0.297,-3.635,6.02,-0.63,-1.26
,-9.191,-0.591,-3.374,-9.026,-0.428,-3.556,5.25,0.0,-1.12
12616.0,-9.069,-0.751,-3.477,-9.06,-0.395,-4.156,-0.91,2.03,-1.96
,-9.182,-0.859,-3.369,-9.012,-0.603,-4.116,1.47,2.52,-1.26
,-9.351,-0.593,-3.802,-8.923,-0.754,-4.092,3.57,2.52,-1.12
,-9.158,-0.447,-3.936,-9.052,-0.775,-4.159,3.71,2.59,-1.05
12692.0,-9.016,-0.732,-4.085,-9.241,-0.584,-3.336,3.29,1.4,-1.26
,-9.062,-0.833,-3.92,-9.284,-0.371,-3.403,3.71,1.54,-0.77
,-9.079,-0.907,-3.635,-9.273,-0.474,-3.364,5.25,1.82,-0.07
,-9.165,-0.809,-3.453,-9.122,-0.696,-3.247,7.42,2.38,0.63
12768.0,-9.196,-0.735,-3.467,-8.993,-0.529,-4.099,4.83,4.97,0.28
,-9.16,-0.651,-3.489,-9.024,-0.648,-4.393,5.25,5.46,0.42
,-9.191,-0.373,-3.771,-9.052,-0.727,-4.551,4.9,5.53,0.07
,-9.158,-0.428,-4.013,-8.978,-0.596,-4.709,2.8,5.6,-0.42
12844.0,-8.957,-0.51,-4.649,-9.002,-0.763,-4.018,3.43,2.73,-0.07
,-8.94,-0.751,-4.642,-9.088,-0.677,-3.704,3.29,1.96,-0.07
,-8.897,-0.885,-4.408,-9.208,-0.55,-3.647,4.76,1.12,0.42
,-9.028,-0.756,-4.305,-9.21,-0.45,-3.716,6.79,0.63,0.77
12920.0,-9.119,-0.586,-3.565,-9.11,-0.883,-3.381,3.57,0.49,-0.35
,-9.072,-0.881,-3.386,-9.251,-0.756,-3.556,1.82,1.05,-0.28
,-9.11,-0.952,-3.422,-9.263,-0.684,-3.853,2.31,1.61,-0.07
,-9.081,-0.916,-3.398,-9.15,-0.615,-4.082,3.71,2.24,0.35
12996.0,-8.993,-0.658,-4.314,-9.009,-0.701,-4.202,4.27,3.36,1.26
,-8.935,-0.677,-4.503,-9.064,-0.625,-3.939,5.04,2.94,1.19
,-8.947,-0.617,-4.58,-9.172,-0.577,-3.877,6.44,2.31,1.26
,-8.949,-0.608,-4.401,-9.127,-0.605,-3.652,7.42,1.89,1.4
13072.0,-9.06,-0.768,-3.601,-9.112,-0.553,-3.989,6.72,1.47,1.89
,-9.1,-0.826,-3.594,-8.954,-0.684,-3.924,6.37,1.89,1.75
,-9.153,-0.699,-3.661,-9.062,-0.73,-4.145,6.09,2.03,1.54
,-9.174,-0.514,-3.85,-9.124,-0.675,-4.221,4.9,2.03,1.19
13148.0,-9.026,-0.61,-4.18,-9.136,-0.553,-3.778,3.85,1.33,1.33
,-8.921,-0.708,-4.018,-9.105,-0.577,-3.699,3.57,1.26,1.47
,-9.04,-0.775,-3.862,-9.131,-0.656,-3.683,4.55,1.61,1.68
,-9.165,-0.66,-3.85,-9.105,-0.663,-3.699,5.6,1.26,1.68
13224.0,-9.079,-0.648,-3.699,-9.088,-0.639,-4.149,2.94,2.24,0.91
,-9.153,-0.584,-3.896,-9.095,-0.668,-4.176,2.94,2.24,0.63
,-9.105,-0.62,-3.946,-8.993,-0.684,-4.094,2.45,2.45,0.63
,-9.055,-0.579,-4.011,-9.04,-0.706,-4.039,2.45,2.52,0.7
13300.0,-9.055,-0.675,-3.924,-9.112,-0.634,-3.664,4.97,1.68,0.91
,-9.081,-0.572,-3.795,-9.127,-0.704,-3.745,4.83,1.75,0.77
,-9.1,-0.534,-3.726,-9.093,-0.637,-3.831,3.78,1.96,0.56
,-9.088,-0.596,-3.613,-9.055,-0.641,-3.939,2.52,2.17,0.28
13376.0,-9.079,-0.704,-3.92,-9.028,-0.663,-4.073,0.49,2.87,-0.35
,-9.048,-0.644,-3.963,-9.06,-0.725,-4.085,0.56,2.87,-0.21
,-9.083,-0.61,-4.056,-8.997,-0.723,-4.032,0.28,2.94,-0.28
,-9.069,-0.687,-4.051,-9.06,-0.806,-3.963,0.07,2.66,-0.28
13452.0,-9.038,-0.83,-3.936,-9.072,-0.751,-3.865,1.12,2.52,0.07
,-9.024,-0.727,-3.9,-9.021,-0.699,-3.903,2.31,2.8,0.35
,-9.088,-0.651,-3.908,-9.06,-0.672,-3.891,2.66,2.8,0.35
,-9.076,-0.723,-3.896,-9.086,-0.737,-3.903,3.01,2.87,0.49
13528.0,-9.083,-0.596,-4.066,-9.024,-0.704,-4.192,3.08,3.15,0.56
,-9.038,-0.699,-4.118,-9.016,-0.644,-4.159,2.52,2.94,0.42
,-8.971,-0.639,-4.123,-9.0,-0.665,-4.066,2.31,3.01,0.56
,-9.06,-0.725,-4.202,-9.04,-0.713,-4.013,2.59,3.08,0.84
13604.0,-9.072,-0.687,-4.056,-8.964,-0.775,-4.13,4.2,2.24,1.12
,-9.052,-0.617,-4.068,-8.983,-0.759,-4.049,3.99,1.89,0.91
,-9.086,-0.648,-4.135,-9.083,-0.718,-4.022,3.36,1.68,0.7
,-9.031,-0.739,-4.121,-9.057,-0.641,-4.003,3.08,1.75,0.7
13680.0,-9.057,-0.67,-3.934,-9.057,-0.677,-4.109,4.76,1.61,1.33
,-9.064,-0.634,-3.924,-9.038,-0.689,-4.147,4.55,1.54,1.26
,-9.045,-0.715,-3.953,-8.964,-0.725,-4.051,4.27,1.75,1.26
,-9.076,-0.692,-3.977,-9.05,-0.79,-4.061,4.41,1.68,1.19
13756.0,-9.019,-0.732,-4.008,-8.993,-0.601,-4.156,4.69,1.33,1.54
,-9.098,-0.634,-3.982,-9.014,-0.763,-4.121,4.9,1.26,1.61
,-9.127,-0.519,-4.013,-9.016,-0.711,-4.113,4.41,1.12,1.33
,-9.04,-0.529,-4.008,-9.033,-0.806,-4.015,3.57,1.12,1.05
13832.0,-9.064,-0.792,-3.922,-8.997,-0.761,-3.802,3.71,0.84,1.05
,-9.076,-0.723,-3.905,-9.1,-0.782,-3.829,3.85,0.77,1.12
,-9.062,-0.684,-3.903,-9.098,-0.775,-3.857,3.57,0.91,0.98
,-9.016,-0.665,-3.898,-9.05,-0.708,-3.845,3.08,1.12,0.91
13908.0,-9.088,-0.672,-3.955,-9.091,-0.653,-4.094,3.43,2.03,1.12
,-9.033,-0.627,-3.951,-9.057,-0.593,-4.111,3.29,2.1,1.12
,-9.057,-0.641,-3.972,-9.0,-0.634,-4.094,2.94,2.17,0.98
,-9.072,-0.696,-3.994,-9.031,-0.72,-4.087,2.87,2.17,0.91
13984.0,-9.028,-0.723,-4.066,-9.088,-0.689,-3.886,3.15,1.75,0.77
,-9.014,-0.672,-4.039,-9.062,-0.665,-3.862,3.43,1.61,0.77
,-8.99,-0.701,-3.951,-9.048,-0.637,-3.953,3.01,1.68,0.84
,-8.997,-0.735,-3.886,-9.103,-0.699,-4.049,2.94,1.82,0.77
14060.0,-9.045,-0.701,-4.061,-9.028,-0.677,-4.006,2.45,2.24,0.77
,-8.99,-0.737,-4.128,-9.081,-0.696,-3.984,2.45,2.03,0.77
,-9.026,-0.742,-4.123,-9.05,-0.732,-3.991,3.01,1.89,0.7
,-9.055,-0.677,-4.068,-9.031,-0.696,-4.051,3.08,1.96,0.77
14136.0,-9.055,-0.718,-4.099,-9.048,-0.816,-4.099,2.45,1.96,0.56
,-9.016,-0.711,-4.085,-9.036,-0.759,-4.066,2.31,1.82,0.49
,-8.995,-0.67,-4.135,-9.055,-0.742,-4.027,2.38,1.82,0.49
,-9.031,-0.782,-4.135,-9.04,-0.653,-3.989,2.38,1.82,0.56
14212.0,-9.052,-0.677,-3.999,-9.0,-0.739,-4.039,2.1,1.61,0.49
,-9.04,-0.696,-3.991,-9.033,-0.787,-3.953,1.89,1.47,0.49
,-9.052,-0.656,-3.991,-9.038,-0.742,-3.982,1.68,1.61,0.56
,-9.012,-0.708,-4.022,-9.036,-0.66,-3.97,1.75,1.89,0.56
14288.0,-9.06,-0.644,-3.989,-9.002,-0.787,-4.001,2.31,2.03,0.63
,-9.069,-0.684,-3.967,-9.009,-0.756,-4.006,1.82,2.1,0.49
,-9.055,-0.715,-3.958,-9.016,-0.715,-3.999,1.47,2.03,0.35
,-9.028,-0.773,-3.972,-9.072,-0.751,-4.001,1.54,2.17,0.28
14364.0,-9.031,-0.708,-4.078,-8.949,-0.775,-4.264,1.54,2.24,0.63
,-9.024,-0.727,-4.068,-8.949,-0.629,-4.35,1.47,2.24,0.7
,-9.043,-0.842,-4.212,-8.995,-0.603,-4.31,1.61,2.17,0.7
,-8.995,-0.821,-4.252,-8.952,-0.663,-4.3,2.38,2.03,0.84
14440.0,-8.93,-0.701,-4.171,-9.057,-0.627,-3.855,3.57,0.7,1.12
,-9.036,-0.763,-4.08,-9.134,-0.648,-3.893,4.27,0.49,1.26
,-9.033,-0.682,-3.989,-9.098,-0.646,-3.932,4.9,0.49,1.4
,-9.06,-0.584,-3.915,-9.014,-0.735,-3.922,4.76,0.77,1.33
14516.0,-8.961,-0.84,-3.91,-9.146,-0.62,-4.03,2.24,1.61,0.98
,-9.028,-0.814,-3.936,-9.036,-0.601,-4.171,2.94,1.96,1.05
,-9.036,-0.692,-3.936,-8.976,-0.665,-4.235,3.29,1.82,1.12
,-9.117,-0.617,-3.951,-8.959,-0.682,-4.286,3.22,1.96,1.05
14592.0,-8.969,-0.715,-4.288,-8.981,-0.704,-3.951,2.52,1.26,0.49
,-8.966,-0.751,-4.25,-9.026,-0.744,-3.886,3.08,0.98,0.63
,-8.983,-0.656,-4.154,-9.081,-0.723,-3.934,3.36,0.98,0.7
,-8.99,-0.651,-4.073,-9.072,-0.735,-3.939,3.22,0.84,0.7
14668.0,-8.99,-0.775,-3.982,-9.021,-0.744,-4.178,2.38,1.4,0.77
,-9.024,-0.775,-4.075,-8.957,-0.794,-4.154,2.52,1.4,0.77
,-9.009,-0.79,-4.128,-9.0,-0.711,-4.159,2.59,1.4,0.91
,-9.016,-0.735,-4.171,-9.036,-0.699,-4.137,2.87,1.33,0.98
14744.0,-9.083,-0.706,-4.173,-8.981,-0.725,-3.955,4.06,0.63,1.26
,-8.995,-0.715,-4.087,-9.064,-0.687,-3.984,4.13,0.63,1.26
,-9.016,-0.704,-4.042,-9.05,-0.696,-3.996,4.2,0.49,1.33
,-9.021,-0.787,-4.008,-9.024,-0.711,-3.994,4.41,0.56,1.4
14820.0,-9.014,-0.756,-3.994,-9.048,-0.72,-4.011,3.43,0.77,1.33
,-8.993,-0.754,-4.044,-9.062,-0.713,-4.015,3.5,0.7,1.4
,-9.007,-0.739,-4.032,-9.007,-0.744,-3.994,3.64,0.56,1.4
,-9.026,-0.747,-4.08,-9.002,-0.704,-3.987,3.57,0.77,1.47
14896.0,-9.079,-0.677,-4.02,-9.031,-0.687,-3.984,3.5,0.84,1.47
,-9.04,-0.617,-4.022,-8.995,-0.658,-4.032,3.29,0.63,1.26
,-8.978,-0.665,-3.996,-9.007,-0.739,-4.018,3.01,0.77,1.4
,-9.005,-0.692,-4.015,-8.99,-0.768,-3.987,2.94,0.98,1.26
14972.0,-9.079,-0.694,-4.027,-9.064,-0.744,-3.984,2.8,0.91,1.19
,-9.067,-0.656,-4.08,-9.043,-0.692,-3.975,2.73,0.77,0.98
,-8.978,-0.629,-4.054,-9.107,-0.584,-3.939,2.45,0.7,0.98
,-9.028,-0.694,-4.046,-9.074,-0.57,-3.932,1.96,0.77,1.05
15048.0,-9.067,-0.627,-3.912,-9.0,-0.766,-4.025,1.47,1.05,0.7
,-9.045,-0.68,-3.912,-9.05,-0.773,-4.022,1.33,1.05,0.63
,-9.055,-0.653,-4.058,-9.103,-0.656,-4.046,1.47,1.05,0.56
,-9.026,-0.699,-4.025,-9.06,-0.581,-4.034,1.33,1.05,0.56
15124.0,-9.069,-0.648,-4.018,-9.021,-0.775,-4.044,1.47,1.05,0.49
,-9.076,-0.646,-4.121,-9.081,-0.787,-4.018,1.33,1.12,0.42
,-9.055,-0.684,-4.111,-9.076,-0.658,-3.982,1.61,0.98,0.49
,-9.014,-0.677,-4.097,-9.028,-0.61,-3.944,1.82,0.84,0.49
15200.0,-9.074,-0.665,-3.845,-9.04,-0.818,-3.967,2.24,0.98,0.49
,-9.093,-0.725,-3.819,-9.057,-0.744,-3.994,1.89,1.19,0.56
,-9.093,-0.694,-3.867,-9.055,-0.725,-4.082,1.82,1.19,0.35
,-9.086,-0.687,-3.92,-9.031,-0.68,-4.089,1.75,1.4,0.35
15276.0,-9.05,-0.672,-4.125,-9.055,-0.72,-4.025,2.8,1.47,0.63
,-9.014,-0.687,-4.073,-9.007,-0.78,-4.042,2.87,1.47,0.63
,-8.983,-0.718,-4.051,-9.04,-0.718,-3.994,2.87,1.19,0.63
,-9.04,-0.749,-4.015,-9.036,-0.704,-3.967,3.01,1.19,0.7
15352.0,-9.067,-0.708,-4.011,-9.079,-0.692,-4.006,3.01,1.54,0.98
,-9.04,-0.663,-4.046,-9.074,-0.704,-3.991,2.73,1.61,0.98
,-9.016,-0.706,-3.975,-9.062,-0.665,-4.051,2.24,1.68,0.91
,-9.033,-0.775,-3.987,-9.016,-0.751,-4.085,2.52,1.61,0.98
15428.0,-9.028,-0.677,-4.063,-9.04,-0.641,-4.13,2.66,1.4,0.98
,-9.014,-0.737,-4.094,-8.995,-0.668,-4.092,2.66,1.4,0.84
,-9.045,-0.668,-4.145,-9.014,-0.761,-4.039,2.87,1.33,0.84
,-9.06,-0.641,-4.123,-9.016,-0.749,-3.996,3.01,1.33,0.98
15504.0,-9.038,-0.718,-3.92,-9.009,-0.718,-4.07,2.66,1.12,0.91
,-9.095,-0.706,-3.884,-8.971,-0.751,-4.099,2.59,1.19,0.91
,-9.074,-0.68,-3.912,-9.043,-0.751,-4.087,2.31,1.19,0.91
,-9.081,-0.687,-4.015,-8.993,-0.687,-4.056,1.82,1.4,0.84
15580.0,-9.016,-0.665,-3.994,-8.952,-0.653,-4.121,2.66,1.19,0.98
,-9.072,-0.66,-3.941,-9.019,-0.718,-4.133,2.59,1.12,0.91
,-9.127,-0.608,-4.073,-9.045,-0.742,-4.07,2.52,1.12,0.77
,-9.043,-0.699,-4.092,-9.007,-0.672,-3.972,2.1,0.98,0.63
15656.0,-9.11,-0.648,-3.912,-9.016,-0.689,-4.049,3.01,0.98,0.98
,-9.091,-0.663,-3.92,-9.005,-0.756,-4.039,2.59,0.84,1.05
,-9.081,-0.646,-3.975,-9.062,-0.72,-4.018,2.1,0.77,0.77
,-9.04,-0.694,-4.044,-9.122,-0.627,-4.013,1.82,0.84,0.56
15732.0,-9.122,-0.677,-4.044,-8.978,-0.802,-4.044,2.1,0.98,0.7
,-9.026,-0.699,-3.994,-9.033,-0.747,-4.075,1.96,1.05,0.77
,-9.088,-0.732,-4.092,-9.06,-0.639,-4.099,2.17,0.91,0.7
,-9.019,-0.754,-4.085,-9.05,-0.641,-4.188,2.31,0.91,0.7
15808.0,-8.949,-0.742,-4.104,-9.122,-0.589,-3.994,2.87,0.49,0.91
,-8.954,-0.778,-4.104,-9.141,-0.536,-4.111,3.08,0.42,0.91
,-9.007,-0.823,-4.015,-9.036,-0.562,-4.066,3.15,0.21,0.84
,-9.009,-0.763,-3.944,-8.957,-0.668,-4.101,3.57,0.35,0.91
15884.0,-8.981,-0.689,-4.013,-9.079,-0.751,-3.848,2.17,0.07,0.49
,-9.067,-0.701,-4.006,-9.115,-0.648,-3.81,2.59,0.0,0.56
,-9.052,-0.646,-3.946,-9.115,-0.658,-3.776,3.22,0.14,0.63
,-9.069,-0.648,-3.915,-9.11,-0.646,-3.872,3.01,0.28,0.49
15960.0,-9.119,-0.687,-3.927,-9.052,-0.608,-4.011,1.54,1.19,0.21
,-9.014,-0.735,-3.955,-9.083,-0.61,-4.073,1.82,1.47,0.35
,-9.055,-0.718,-4.027,-9.014,-0.739,-4.051,2.24,1.47,0.49
,-9.038,-0.694,-4.022,-9.021,-0.787,-4.089,2.59,1.47,0.49
16036.0,-8.961,-0.816,-4.078,-9.038,-0.701,-3.972,1.61,0.84,0.28
,-9.043,-0.838,-4.03,-9.026,-0.806,-3.979,2.03,0.98,0.63
,-9.052,-0.72,-3.948,-9.024,-0.847,-3.975,2.45,0.84,0.63
,-9.117,-0.66,-3.944,-9.045,-0.797,-3.994,2.17,0.84,0.56
16112.0,-9.064,-0.754,-3.977,-9.095,-0.694,-3.946,2.8,0.91,0.98
,-9.069,-0.708,-3.963,-9.021,-0.66,-3.97,2.8,0.91,0.98
,-9.055,-0.656,-3.929,-9.028,-0.67,-3.982,2.73,1.05,0.98
,-9.083,-0.696,-3.929,-9.088,-0.739,-4.008,2.66,0.98,0.91
16188.0,-9.076,-0.684,-3.989,-9.04,-0.706,-3.972,2.94,1.05,1.05
,-9.072,-0.706,-3.967,-9.031,-0.747,-3.953,3.01,0.84,0.91
,-9.045,-0.696,-3.996,-9.088,-0.809,-3.972,2.87,0.98,0.77
,-9.033,-0.711,-3.994,-9.074,-0.806,-3.975,2.87,0.98,0.84
16264.0,-9.062,-0.73,-3.934,-9.036,-0.677,-4.015,3.01,1.19,1.12
,-9.074,-0.692,-3.939,-9.04,-0.704,-4.001,2.94,1.19,1.12
,-9.062,-0.689,-3.96,-9.067,-0.687,-3.955,2.94,1.33,1.05
,-9.093,-0.692,-4.025,-9.086,-0.718,-3.891,2.73,1.05,0.98
16340.0,-9.06,-0.747,-3.819,-9.012,-0.725,-3.999,3.15,1.47,1.19
,-9.098,-0.749,-3.879,-9.012,-0.79,-4.02,3.08,1.47,1.19
,-9.131,-0.747,-3.915,-9.019,-0.826,-3.977,3.22,1.61,1.19
,-9.098,-0.701,-3.979,-9.117,-0.806,-4.003,2.94,1.61,1.19
16416.0,-9.04,-0.675,-3.987,-9.055,-0.699,-4.034,3.71,1.47,1.4
,-9.05,-0.591,-4.042,-9.048,-0.759,-4.011,3.85,1.54,1.4
,-9.088,-0.546,-4.054,-9.064,-0.725,-4.013,3.43,1.47,1.33
,-9.024,-0.629,-4.003,-9.057,-0.646,-4.044,2.45,1.33,1.05
16492.0,-9.026,-0.572,-4.058,-9.076,-0.694,-3.874,3.92,0.98,1.19
,-9.052,-0.529,-4.087,-9.119,-0.775,-3.867,3.57,0.91,0.98
,-9.074,-0.601,-4.013,-9.15,-0.629,-3.948,3.01,0.84,0.84
,-9.028,-0.598,-4.001,-9.098,-0.558,-3.975,2.45,0.63,0.84
16568.0,-9.043,-0.581,-4.011,-9.052,-0.629,-3.977,2.03,0.98,0.35
,-9.024,-0.615,-4.042,-9.093,-0.682,-4.018,1.47,0.91,0.28
,-9.038,-0.799,-4.046,-9.052,-0.675,-3.979,1.68,0.7,0.28
,-9.048,-0.747,-4.003,-9.095,-0.653,-3.963,2.45,0.49,0.35
16644.0,-9.043,-0.715,-3.912,-9.038,-0.696,-3.944,2.24,0.49,0.28
,-9.074,-0.78,-3.953,-9.06,-0.802,-3.927,2.24,0.42,0.49
,-9.067,-0.756,-3.975,-9.069,-0.751,-3.819,2.31,0.35,0.49
,-9.124,-0.67,-3.979,-9.115,-0.742,-3.862,2.31,0.21,0.35
16720.0,-9.115,-0.713,-3.874,-9.064,-0.732,-4.003,1.75,0.63,0.42
,-9.091,-0.704,-3.814,-9.057,-0.72,-3.984,1.33,0.91,0.63
,-9.091,-0.754,-3.707,-9.036,-0.744,-3.908,0.91,1.19,0.7
,-9.095,-0.768,-3.922,-9.079,-0.72,-3.972,0.98,1.26,0.56
16796.0,-9.005,-0.684,-3.886,-9.189,-0.62,-3.774,0.91,0.98,0.98
,-9.052,-0.79,-3.987,-9.146,-0.541,-3.85,0.91,1.26,1.12
,-9.024,-0.866,-3.764,-9.002,-0.603,-3.896,1.05,1.54,1.4
,-9.131,-0.792,-3.652,-8.954,-0.785,-3.891,1.68,1.82,1.61
16872.0,-9.014,-0.878,-3.845,-9.074,-0.706,-4.19,-2.38,2.31,1.26
,-9.088,-0.749,-3.917,-8.949,-0.981,-4.247,-1.47,2.45,1.4
,-9.148,-0.51,-4.063,-8.964,-1.139,-4.178,-1.68,2.31,1.33
,-9.095,-0.488,-4.149,-8.993,-0.981,-4.147,-3.08,2.31,1.19
16948.0,-9.036,-0.804,-3.979,-9.024,-0.692,-3.843,3.08,2.24,3.71
,-9.115,-0.534,-3.972,-8.971,-0.845,-3.63,3.57,1.96,3.71
,-9.124,-0.486,-3.872,-8.938,-0.969,-3.362,1.96,1.82,3.43
,-9.072,-0.452,-3.848,-9.146,-0.828,-3.405,0.28,1.89,3.29
17024.0,-9.284,-0.459,-3.53,-8.976,-0.902,-4.089,2.03,4.55,3.85
,-9.263,-0.206,-3.568,-8.949,-0.955,-4.348,0.07,4.69,3.36
,-9.15,-0.22,-3.738,-8.904,-0.641,-4.484,-3.5,4.97,2.94
,-9.06,-0.586,-3.831,-8.878,-0.352,-4.506,-6.51,5.32,2.8
17100.0,-8.957,-0.316,-4.401,-9.167,-0.467,-3.635,0.91,3.78,3.5
,-8.954,-0.376,-3.877,-9.1,-0.593,-3.68,0.28,3.85,3.85
,-9.162,-0.335,-3.829,-9.079,-0.648,-3.747,0.49,3.71,3.5
,-9.206,-0.352,-3.649,-9.038,-0.579,-3.86,-0.63,3.85,2.59
17176.0,-9.014,-0.579,-4.288,-9.076,-0.627,-3.692,-3.36,4.06,1.33
,-8.866,-0.579,-4.085,-9.229,-0.318,-4.123,-3.92,3.99,1.47
,-8.878,-0.782,-4.161,-9.098,-0.237,-4.556,-3.64,4.13,2.03
,-8.861,-0.933,-3.848,-8.856,-0.412,-4.661,-2.03,4.13,2.24
17252.0,-8.732,-0.818,-4.207,-8.784,-0.218,-4.815,-4.83,2.8,2.73
,-8.856,-1.149,-3.934,-8.753,-0.254,-4.862,-3.15,3.01,3.36
,-9.213,-1.053,-4.413,-8.873,-0.476,-4.066,0.7,2.45,3.22
,-9.086,-0.601,-4.712,-9.275,-0.352,-4.054,2.73,1.33,3.5
17328.0,-9.17,0.117,-4.379,-8.988,-0.991,-4.02,-0.21,-2.03,0.28
,-8.993,0.282,-4.293,-9.081,-0.627,-3.587,-1.75,-2.45,-0.07
,-8.856,-0.194,-4.575,-9.308,0.225,-3.781,-5.25,-2.38,-0.14
,-8.725,-0.751,-4.228,-9.282,0.78,-4.226,-4.9,-1.19,1.19
17404.0,-9.05,0.663,-4.212,-9.201,-1.314,-3.34,2.24,-1.19,1.61
,-8.957,0.065,-4.034,-9.045,-1.448,-3.443,-3.85,-0.56,0.91
,-8.88,-0.67,-3.678,-8.952,-1.371,-3.364,-5.95,0.21,0.49
,-8.99,-1.074,-3.403,-8.985,-0.988,-3.58,-3.36,1.12,0.84
17480.0,-9.06,-0.462,-3.479,-8.914,0.349,-4.683,12.32,4.83,4.41
,-9.1,0.045,-3.934,-8.713,-0.11,-4.367,13.02,5.11,4.41
,-9.107,0.438,-4.006,-8.72,-0.696,-3.841,12.25,4.97,4.2
,-9.155,0.565,-4.604,-8.923,-1.141,-3.34,8.4,4.48,3.08
17556.0,-9.351,-1.22,-3.764,-8.959,-0.012,-3.9,10.85,7.63,4.2
,-9.306,-0.835,-3.953,-9.11,0.156,-4.022,14.07,7.14,5.04
,-8.997,-0.625,-4.082,-9.028,0.476,-4.015,13.58,7.42,5.67
,-8.768,-0.235,-3.695,-8.823,0.665,-3.955,12.25,7.98,5.81
17632.0,-8.856,0.687,-3.582,-9.062,-0.091,-4.367,3.78,10.01,0.7
,-9.115,0.608,-3.829,-8.861,-0.622,-4.357,1.33,10.08,-1.19
,-9.289,0.543,-3.817,-8.777,-1.005,-4.262,-0.56,9.45,-2.73
,-9.273,0.347,-4.183,-8.72,-0.916,-3.996,-3.01,8.75,-3.78
17708.0,-9.086,-0.598,-4.109,-8.631,-0.11,-3.96,1.89,9.24,-4.2
,-9.033,-0.017,-4.46,-8.909,-0.201,-4.042,2.38,8.12,-4.9
,-8.815,0.081,-4.35,-9.0,-0.067,-4.128,-0.91,8.33,-4.9
,-8.619,0.117,-4.216,-8.978,-0.101,-4.314,-3.99,9.8,-5.04
17784.0,-8.789,-0.627,-4.094,-8.823,-0.881,-4.274,-6.16,13.79,-5.53
,-8.921,-1.062,-3.783,-8.674,-0.907,-4.348,-5.11,14.77,-4.97
,-9.009,-1.292,-3.898,-8.552,-1.053,-4.367,-2.17,14.56,-4.27
,-8.966,-1.165,-4.044,-8.794,-1.304,-4.369,0.63,14.35,-3.5
17860.0,-8.88,-1.108,-4.511,-8.524,-1.29,-4.343,-5.25,13.02,-2.94
,-8.741,-0.859,-4.563,-8.763,-1.354,-4.527,-7.21,12.67,-2.73
,-8.607,-0.761,-4.451,-8.71,-1.158,-4.738,-9.17,12.67,-2.1
,-8.55,-0.981,-4.427,-8.681,-0.778,-4.846,-11.06,12.74,-1.26
17936.0,-8.411,-0.38,-4.831,-8.792,0.333,-5.341,6.3,14.28,4.9
,-8.536,-0.029,-4.858,-8.497,0.347,-5.298,7.21,14.56,4.9
,-8.629,0.05,-4.91,-8.459,0.06,-5.051,6.16,14.14,4.13
,-8.727,0.172,-5.03,-8.586,-0.292,-4.956,5.74,14.21,3.64
18012.0,-8.684,-0.431,-4.877,-8.524,-0.802,-5.087,3.64,15.19,1.12
,-8.696,-0.438,-5.054,-8.614,-0.775,-4.987,6.02,14.77,1.4
,-8.746,-0.447,-5.157,-8.423,-0.842,-5.123,7.14,14.0,1.19
,-8.655,-0.591,-5.183,-8.552,-0.983,-4.949,7.28,13.3,1.05
18088.0,-8.464,-0.962,-4.977,-8.363,-0.852,-5.403,6.86,10.15,3.01
,-8.492,-1.015,-5.128,-8.492,-0.543,-5.41,6.79,10.01,3.92
,-8.437,-0.993,-5.312,-8.502,-0.548,-5.508,6.93,9.38,4.13
,-8.315,-0.89,-5.535,-8.622,-0.462,-5.41,8.12,9.52,4.55
18164.0,-8.521,-0.682,-5.384,-8.588,-0.153,-5.063,8.96,6.93,5.95
,-8.495,-0.68,-5.274,-8.476,0.39,-5.642,10.5,7.42,6.37
,-8.509,-0.694,-5.217,-8.282,0.208,-5.623,12.53,7.91,6.65
,-8.299,-0.373,-5.193,-8.409,-0.371,-5.415,15.05,7.84,5.95
18240.0,-8.284,-0.814,-5.48,-8.607,-0.96,-4.972,10.01,6.44,4.83
,-8.433,-1.311,-5.377,-8.629,-0.27,-5.008,9.59,7.56,7.0
,-8.512,-1.577,-5.092,-8.607,0.414,-5.214,11.2,7.7,8.61
,-8.459,-1.39,-4.999,-8.559,0.67,-5.164,14.14,8.26,10.15
18316.0,-8.519,0.84,-5.351,-8.507,1.187,-5.726,10.57,8.05,4.76
,-8.681,0.687,-5.135,-8.323,0.938,-5.669,8.26,6.37,2.17
,-8.356,1.012,-5.396,-8.488,-0.057,-5.15,7.28,4.06,-0.63
,-8.469,1.043,-5.559,-8.507,-0.601,-5.061,6.65,3.85,-1.75
18392.0,-8.437,-0.921,-5.056,-8.1,-0.876,-5.482,9.1,7.91,-5.04
,-8.557,-0.919,-5.104,-8.392,-0.897,-5.52,11.41,8.61,-5.53
,-8.406,-0.811,-5.123,-8.332,-0.986,-5.745,11.62,8.05,-6.02
,-8.315,-0.759,-5.281,-8.212,-1.249,-5.903,11.2,7.77,-6.09
18468.0,-8.239,-1.589,-5.922,-8.478,-1.445,-5.511,18.48,7.49,-1.82
,-8.117,-1.773,-5.848,-8.387,-1.263,-5.171,22.12,7.63,-0.14
,-8.256,-1.57,-5.65,-8.181,-0.905,-5.372,25.62,6.23,0.91
,-8.351,-1.522,-5.575,-8.332,-0.471,-5.616,28.21,5.46,1.4
18544.0,-8.538,-0.459,-5.714,-8.081,-1.311,-5.951,27.58,3.57,0.77
,-8.665,-0.443,-5.913,-8.33,-1.503,-5.688,25.69,1.82,0.35
,-8.358,-0.61,-5.954,-8.48,-1.364,-5.317,24.71,0.56,0.56
,-8.136,-1.015,-5.951,-8.291,-0.969,-5.463,22.47,0.49,1.89
18620.0,-8.289,-0.826,-5.458,-8.504,-1.129,-5.367,20.72,-3.5,2.94
,-8.308,-0.885,-5.508,-8.272,-1.225,-5.331,18.2,-3.01,2.94
,-8.471,-0.919,-5.355,-8.193,-1.395,-5.324,16.1,-2.8,2.87
,-8.339,-0.976,-5.461,-8.337,-1.63,-5.169,14.77,-2.45,3.08
18696.0,-8.349,-1.424,-5.193,-8.404,-0.605,-4.929,11.34,-4.97,5.53
,-8.461,-1.443,-4.963,-8.38,-0.235,-5.006,12.04,-4.9,6.44
,-8.325,-1.23,-5.025,-8.402,-0.242,-5.229,12.74,-5.18,6.37
,-8.311,-1.015,-5.018,-8.579,-0.414,-5.226,13.37,-4.34,6.09
18772.0,-8.404,-0.725,-5.135,-8.356,-1.161,-5.063,7.14,1.96,3.64
,-8.294,-0.967,-5.226,-8.435,-0.991,-5.013,7.28,3.43,4.2
,-8.354,-1.005,-5.233,-8.287,-0.995,-5.095,7.56,4.06,4.34
,-8.342,-1.108,-5.13,-8.303,-0.873,-5.142,7.28,4.06,4.41
18848.0,-8.404,-0.838,-5.353,-8.457,-0.467,-5.19,3.57,1.61,3.29
,-8.418,-0.625,-5.171,-8.38,-0.632,-5.013,3.43,1.68,2.45
,-8.38,-0.452,-5.145,-8.33,-0.972,-4.944,2.59,1.19,1.12
,-8.327,-0.306,-5.305,-8.356,-1.036,-5.066,0.84,1.61,0.14
18924.0,-8.428,-0.916,-5.173,-8.327,-1.161,-5.42,-4.2,4.13,-0.14
,-8.303,-0.866,-5.281,-8.224,-1.314,-5.305,-5.67,4.2,-0.42
,-8.308,-0.849,-5.432,-8.349,-1.189,-5.279,-7.07,4.62,-0.7
,-8.409,-1.06,-5.465,-8.27,-1.316,-5.238,-8.68,5.46,-0.63
19000.0,-8.241,-1.522,-5.071,-8.48,-0.601,-5.461,-15.26,9.24,3.36
,-8.267,-1.519,-5.138,-8.325,-0.388,-5.54,-15.61,10.22,4.06
,-8.337,-1.285,-5.403,-8.445,-0.081,-5.468,-14.98,10.5,4.48
,-8.44,-0.873,-5.485,-8.378,-0.153,-5.535,-14.0,9.94,4.83
19076.0,-8.488,-0.34,-5.52,-8.421,-0.613,-5.698,-20.72,7.84,2.73
,-8.469,-0.261,-5.652,-8.327,-1.299,-5.671,-20.93,7.84,1.68
,-8.416,-0.144,-5.733,-8.279,-1.046,-5.915,-19.95,6.93,0.84
,-8.466,-0.225,-5.7,-8.208,-1.486,-5.87,-20.72,6.58,0.7
19152.0,-8.241,-1.632,-5.918,-8.313,-0.897,-6.164,-18.76,4.27,6.93
,-8.301,-1.405,-6.32,-8.162,-0.907,-6.265,-14.91,3.08,8.33
,-8.186,-1.268,-6.37,-8.191,-0.895,-6.126,-13.02,2.17,9.87
,-8.272,-1.161,-6.128,-8.301,-0.672,-6.076,-13.79,1.05,10.71
19228.0,-8.363,-0.352,-6.09,-8.327,-0.163,-6.097,-16.38,-1.26,10.99
,-8.143,-0.11,-6.226,-8.339,-0.407,-5.796,-14.98,-1.4,10.43
,-8.155,0.034,-6.188,-8.258,-0.495,-5.657,-13.58,-0.91,10.15
,-8.181,-0.096,-6.037,-8.387,-0.318,-5.611,-12.04,-1.61,10.36
19304.0,-7.959,-0.177,-5.695,-8.413,-0.072,-5.552,-0.56,-6.86,7.98
,-8.086,0.012,-5.695,-8.246,-0.22,-5.523,2.52,-6.86,7.42
,-8.308,0.242,-5.786,-8.167,-0.11,-5.446,2.87,-6.58,7.07
,-8.349,0.067,-5.599,-8.112,-0.151,-5.42,0.84,-7.98,5.81
19380.0,-8.437,-0.151,-5.14,-8.277,0.163,-5.269,4.9,-7.49,5.32
,-8.471,-0.208,-5.092,-8.131,0.184,-5.147,4.48,-9.1,5.39
,-8.48,0.022,-5.238,-8.234,0.041,-4.996,4.83,-10.08,4.97
,-8.6,0.263,-5.267,-8.337,0.002,-4.867,3.99,-10.57,6.3
19456.0,-8.595,0.23,-4.96,-8.361,0.701,-5.106,5.81,-8.05,4.48
,-8.514,0.586,-5.071,-8.737,0.438,-5.164,7.28,-7.98,4.13
,-8.428,0.861,-5.329,-8.579,0.526,-5.114,8.05,-8.05,3.01
,-8.339,0.842,-5.166,-8.658,0.373,-5.348,5.67,-7.91,2.24
19532.0,-8.478,0.483,-5.485,-8.631,0.33,-5.317,2.24,-8.89,-1.96
,-8.349,0.201,-5.413,-8.545,0.498,-5.432,0.28,-8.75,-1.47
,-8.409,0.014,-5.456,-8.368,0.404,-5.322,-1.19,-8.75,-0.98
,-8.555,-0.031,-5.284,-8.502,0.182,-5.401,-0.7,-8.75,-1.26
19608.0,-8.449,-0.12,-5.319,-8.641,0.091,-5.224,-3.71,-9.17,-3.71
,-8.492,-0.27,-5.188,-8.471,0.079,-5.138,-1.4,-8.33,-3.01
,-8.55,-0.191,-5.181,-8.411,-0.086,-5.027,1.96,-8.47,-2.8
,-8.641,0.031,-5.252,-8.399,-0.342,-4.812,4.13,-9.24,-3.15
19684.0,-8.763,-0.309,-4.956,-8.65,0.297,-4.568,0.91,-10.92,-3.29
,-8.751,0.05,-4.934,-8.787,-0.156,-4.494,3.5,-11.9,-3.36
,-8.729,0.323,-4.879,-8.77,-0.309,-4.685,3.92,-12.32,-3.29
,-8.641,0.503,-4.666,-8.677,-0.318,-4.726,1.96,-12.46,-3.57
19760.0,-8.61,-0.304,-4.463,-8.579,0.337,-4.637,0.63,-14.07,-4.9
,-8.691,-0.124,-4.52,-8.519,-0.103,-4.235,2.24,-14.0,-5.46
,-8.765,0.168,-4.678,-8.768,-0.574,-4.032,2.52,-14.49,-6.65
,-8.681,0.421,-4.678,-8.997,-0.708,-4.075,1.47,-14.7,-7.28
19836.0,-8.861,-0.677,-4.133,-8.873,-0.223,-3.958,-0.77,-14.28,-7.77
,-8.794,-0.503,-4.039,-9.021,0.108,-4.188,1.47,-13.79,-6.79
,-8.737,-0.4,-3.896,-8.918,0.237,-4.312,2.66,-13.23,-6.16
,-8.894,-0.483,-4.164,-8.646,0.074,-4.293,2.73,-13.09,-5.88
19912.0,-8.772,-0.158,-3.96,-9.186,-0.122,-4.188,-0.84,-11.48,-7.07
,-8.928,-0.309,-3.802,-8.918,-0.215,-3.982,-0.07,-10.71,-6.86
,-9.026,-0.51,-3.886,-8.837,-0.775,-4.173,0.14,-10.71,-7.21
,-9.136,-0.347,-3.637,-8.973,-1.017,-4.752,1.68,-10.71,-7.07
19988.0,-8.815,-0.883,-4.568,-9.091,-0.227,-3.539,1.61,-10.99,-6.23
,-8.808,-0.567,-4.343,-9.06,-0.469,-3.515,4.83,-10.92,-4.83
,-8.902,-0.318,-4.341,-9.036,-0.646,-3.582,4.62,-11.27,-5.95
,-8.978,-0.261,-3.781,-9.014,-0.902,-3.151,3.92,-10.92,-6.02
20064.0,-9.141,-0.885,-3.235,-9.079,-0.203,-3.355,3.43,-7.07,-3.29
,-9.222,-0.524,-3.192,-9.16,-0.278,-3.766,6.51,-6.23,-3.08
,-9.165,-0.144,-3.302,-9.127,-0.4,-4.022,6.72,-5.67,-3.36
,-9.146,-0.002,-3.415,-8.885,-0.493,-3.654,3.78,-5.25,-4.13
20140.0,-8.93,-0.615,-3.776,-8.971,-0.838,-3.592,-4.41,-3.85,-6.09
,-9.014,-0.857,-3.747,-8.985,-0.878,-3.364,-3.57,-3.36,-5.67
,-9.076,-0.806,-3.585,-9.206,-1.055,-3.398,-1.54,-2.66,-4.69
,-9.241,-0.806,-3.955,-9.196,-0.857,-3.479,-1.19,-2.66,-4.76
20216.0,-9.139,-0.476,-3.259,-9.182,-0.357,-4.587,7.49,0.35,-0.84
,-9.17,-0.424,-3.458,-8.89,-0.369,-4.568,6.09,0.98,-1.05
,-9.119,-0.546,-3.886,-8.808,-0.371,-4.286,5.25,1.47,-1.19
,-9.079,-0.486,-3.833,-9.069,-0.433,-4.762,5.25,1.26,-1.05
20292.0,-9.052,-0.309,-4.463,-9.189,-0.842,-3.81,3.71,-2.66,-3.29
,-8.997,-0.311,-4.661,-9.325,-0.488,-4.133,1.75,-3.36,-3.22
,-8.854,-0.718,-4.355,-9.127,-0.304,-4.08,-0.28,-3.64,-3.15
,-8.897,-0.969,-3.865,-8.926,-0.395,-3.977,1.47,-3.64,-1.96
20368.0,-8.961,-0.828,-3.661,-9.258,-0.469,-3.01,2.66,-3.85,-0.84
,-9.057,-1.005,-3.355,-9.258,-0.553,-2.883,5.18,-3.36,0.14
,-9.273,-0.711,-3.396,-9.246,-0.598,-3.01,7.49,-3.01,0.49
,-9.282,-0.548,-3.029,-9.15,-0.603,-3.18,7.84,-2.31,0.77
20444.0,-9.155,-0.732,-3.209,-8.914,-0.625,-3.793,4.83,1.89,0.0
,-9.117,-0.718,-3.125,-8.837,-0.838,-3.74,5.74,2.8,0.28
,-9.337,-0.646,-3.573,-9.045,-0.988,-3.628,7.07,3.29,0.21
,-9.289,-0.56,-3.798,-9.083,-0.861,-3.41,6.51,3.36,-0.21
20520.0,-9.241,-0.392,-3.527,-8.93,-0.598,-4.03,7.98,5.46,0.91
,-9.306,-0.266,-3.424,-8.969,-0.66,-4.085,5.18,5.81,0.35
,-9.316,-0.325,-3.745,-9.079,-0.608,-4.188,2.24,5.74,-0.49
,-9.093,-0.51,-3.886,-9.105,-0.548,-4.089,0.63,5.74,-0.77
20596.0,-9.141,-0.481,-4.212,-8.973,-0.711,-4.405,3.78,4.48,-0.21
,-9.064,-0.541,-4.171,-9.012,-0.684,-4.329,2.66,3.92,-0.63
,-9.033,-0.546,-4.341,-8.988,-0.742,-4.118,2.38,3.43,-1.12
,-9.014,-0.751,-4.365,-9.067,-0.72,-4.013,2.1,2.87,-1.4
20672.0,-9.067,-0.749,-3.661,-9.115,-0.694,-3.776,7.28,1.4,-0.07
,-9.15,-0.725,-3.451,-9.021,-0.79,-3.711,7.35,1.82,0.14
,-9.273,-0.713,-3.51,-8.964,-0.823,-3.905,6.72,2.1,-0.28
,-9.217,-0.651,-3.525,-9.026,-0.888,-3.793,5.95,2.52,-0.28
20748.0,-9.04,-0.838,-3.57,-9.057,-0.634,-4.243,3.85,4.13,0.28
,-9.177,-0.809,-3.563,-8.873,-0.845,-4.436,3.36,4.69,0.21
,-9.292,-0.751,-3.783,-8.897,-0.962,-4.47,2.73,4.62,-0.07
,-9.17,-0.605,-3.972,-8.923,-0.9,-4.338,1.96,4.55,-0.21
20824.0,-9.009,-0.89,-4.219,-9.153,-0.574,-4.034,4.83,3.15,0.77
,-9.112,-0.823,-4.092,-9.083,-0.627,-4.245,5.81,2.87,1.05
,-9.062,-0.732,-3.955,-8.954,-0.68,-4.331,5.95,2.8,1.33
,-9.141,-0.605,-3.96,-8.868,-0.84,-4.264,5.6,2.8,1.26
20900.0,-8.926,-0.885,-4.171,-9.158,-0.627,-3.879,3.15,1.47,0.84
,-9.045,-0.89,-3.97,-9.028,-0.675,-3.831,3.36,1.33,0.98
,-9.11,-0.735,-3.817,-8.997,-0.804,-3.967,3.29,1.54,1.19
,-9.225,-0.579,-3.898,-8.976,-0.962,-4.018,2.45,1.47,0.91
20976.0,-8.997,-0.945,-3.939,-9.191,-0.469,-3.786,2.31,1.89,1.26
,-9.05,-0.849,-3.807,-9.122,-0.488,-3.9,3.36,2.1,1.68
,-9.103,-0.768,-3.707,-9.016,-0.629,-3.999,3.99,2.52,1.75
,-9.162,-0.593,-3.678,-8.964,-0.754,-4.087,3.64,2.8,1.68
21052.0,-8.969,-0.739,-4.113,-9.072,-0.637,-3.85,3.5,3.08,1.12
,-9.024,-0.617,-4.104,-9.095,-0.727,-3.924,4.62,3.15,1.33
,-9.057,-0.555,-4.147,-9.064,-0.68,-3.939,4.48,3.01,1.26
,-9.031,-0.558,-3.989,-9.072,-0.641,-3.991,3.64,2.66,0.98
21128.0,-9.079,-0.67,-4.02,-9.067,-0.768,-4.042,1.61,3.22,0.42
,-9.028,-0.732,-4.02,-9.052,-0.672,-4.073,1.61,3.36,0.49
,-9.019,-0.751,-3.979,-9.045,-0.615,-4.238,1.61,3.15,0.56
,-9.026,-0.715,-3.977,-8.969,-0.735,-4.276,1.96,3.22,0.77
21204.0,-8.928,-0.732,-4.305,-9.048,-0.715,-4.003,2.24,2.38,0.49
,-8.969,-0.78,-4.331,-9.043,-0.744,-3.92,3.15,2.03,0.49
,-8.933,-0.687,-4.233,-9.093,-0.708,-3.929,3.92,1.75,0.63
,-9.016,-0.696,-4.121,-9.064,-0.692,-3.9,4.2,1.54,0.7
21280.0,-9.038,-0.682,-3.934,-9.038,-0.704,-4.159,3.92,1.96,0.49
,-8.947,-0.739,-4.032,-9.026,-0.708,-4.113,3.36,2.17,0.21
,-8.942,-0.742,-4.051,-8.978,-0.644,-4.195,3.15,2.24,0.28
,-8.988,-0.785,-4.104,-8.981,-0.704,-4.183,3.29,2.45,0.21
21356.0,-8.959,-0.704,-4.168,-9.026,-0.739,-4.054,2.94,1.61,0.28
,-9.076,-0.751,-4.267,-9.024,-0.766,-3.932,3.43,1.19,0.35
,-8.971,-0.771,-4.18,-9.067,-0.797,-3.893,3.57,1.12,0.35
,-8.945,-0.79,-4.013,-9.024,-0.782,-3.862,3.43,1.05,0.56
21432.0,-9.014,-0.859,-3.941,-9.033,-0.723,-4.085,2.17,1.4,0.28
,-8.99,-0.857,-3.982,-9.069,-0.749,-4.161,2.59,1.75,0.42
,-8.954,-0.792,-4.006,-9.012,-0.771,-4.245,2.59,1.82,0.42
,-9.009,-0.787,-4.001,-8.921,-0.866,-4.288,2.52,1.89,0.42
21508.0,-8.928,-0.897,-4.29,-9.036,-0.735,-4.042,3.01,1.19,1.05
,-8.906,-0.754,-4.247,-9.028,-0.744,-4.046,4.27,1.05,1.26
,-9.009,-0.651,-4.152,-9.005,-0.816,-4.075,4.83,0.91,1.26
,-9.052,-0.627,-4.128,-8.99,-0.766,-4.135,4.41,0.77,1.12
21584.0,-9.0,-0.586,-4.125,-9.007,-0.845,-3.874,4.34,0.63,1.19
,-9.057,-0.696,-4.068,-9.057,-0.816,-3.838,3.71,0.56,1.05
,-9.031,-0.672,-4.022,-9.062,-0.739,-3.826,3.43,0.63,1.05
,-9.062,-0.804,-4.011,-9.048,-0.735,-3.9,3.08,0.49,0.91
21660.0,-9.04,-0.727,-3.934,-9.04,-0.684,-4.197,2.52,1.47,0.91
,-8.969,-0.816,-3.999,-9.012,-0.672,-4.142,2.03,1.54,0.91
,-8.985,-0.897,-4.085,-9.0,-0.66,-4.118,2.31,1.61,0.98
,-9.028,-0.833,-4.118,-9.06,-0.66,-4.2,3.29,1.61,1.05
21736.0,-8.988,-0.677,-4.231,-9.0,-0.696,-4.049,3.08,0.84,1.19
,-8.988,-0.756,-4.092,-8.995,-0.739,-3.987,2.87,0.77,1.33
,-9.024,-0.823,-4.078,-9.028,-0.821,-3.812,3.22,0.7,1.19
,-9.024,-0.775,-4.073,-9.112,-0.756,-3.865,3.78,0.91,1.26
21812.0,-9.124,-0.723,-3.898,-8.926,-0.766,-4.216,2.24,1.05,1.05
,-9.076,-0.656,-4.015,-8.971,-0.806,-4.152,1.96,1.05,0.98
,-9.079,-0.761,-4.137,-9.016,-0.742,-4.118,1.54,1.05,0.91
,-8.906,-0.799,-4.185,-9.081,-0.713,-4.073,1.61,0.98,0.91
21888.0,-9.009,-0.634,-3.953,-9.067,-0.737,-4.03,3.15,1.05,1.26
,-9.014,-0.641,-3.996,-8.99,-0.782,-3.963,2.59,0.77,1.05
,-9.045,-0.723,-4.008,-9.021,-0.761,-3.951,2.31,0.7,0.98
,-9.019,-0.684,-3.963,-9.038,-0.754,-3.891,2.38,0.77,0.98
21964.0,-9.055,-0.72,-3.975,-9.036,-0.725,-3.987,1.68,1.26,0.91
,-9.038,-0.804,-3.979,-9.04,-0.634,-3.963,1.33,1.4,0.98
,-9.016,-0.811,-3.963,-9.028,-0.663,-3.979,1.47,1.61,1.05
,-9.026,-0.78,-3.967,-9.033,-0.718,-3.984,1.89,1.68,0.98
22040.0,-9.005,-0.732,-3.97,-9.083,-0.737,-3.979,1.4,1.96,1.05
,-9.028,-0.713,-4.054,-9.098,-0.656,-4.097,1.75,2.03,1.05
,-9.014,-0.797,-3.979,-9.05,-0.658,-4.125,1.82,2.1,1.12
,-8.993,-0.775,-4.003,-8.978,-0.687,-4.18,2.03,2.1,0.98
22116.0,-8.993,-0.742,-4.195,-9.04,-0.648,-4.125,1.82,1.96,0.84
,-8.971,-0.747,-4.267,-9.031,-0.701,-4.034,2.73,1.82,0.98
,-8.954,-0.66,-4.216,-9.002,-0.692,-3.979,3.01,1.54,1.12
,-9.062,-0.704,-4.111,-8.997,-0.756,-4.006,3.08,1.4,1.12
22192.0,-9.031,-0.708,-4.056,-8.969,-0.775,-4.056,2.66,1.12,0.84
,-9.0,-0.672,-4.097,-8.993,-0.72,-3.963,2.52,1.26,0.84
,-9.019,-0.718,-4.145,-9.072,-0.637,-3.92,2.1,1.05,0.84
,-9.0,-0.799,-4.092,-9.055,-0.651,-3.874,2.24,1.19,0.98
22268.0,-9.098,-0.682,-3.86,-9.007,-0.768,-4.161,1.68,1.47,0.77
,-9.083,-0.68,-3.939,-9.019,-0.771,-4.121,1.47,1.68,0.77
,-9.079,-0.73,-3.987,-9.052,-0.699,-4.168,1.4,1.82,0.84
,-8.978,-0.715,-4.042,-9.064,-0.694,-4.212,1.47,1.75,0.91
22344.0,-9.016,-0.725,-4.128,-8.983,-0.67,-4.063,2.24,1.4,0.91
,-8.971,-0.694,-4.156,-8.981,-0.718,-3.989,2.73,1.33,1.05
,-9.012,-0.692,-4.173,-9.014,-0.72,-3.977,3.01,1.26,1.12
,-9.005,-0.641,-4.118,-9.055,-0.684,-3.888,3.22,1.19,1.12
22420.0,-9.069,-0.629,-3.905,-8.966,-0.835,-4.106,2.03,1.47,0.84
,-9.115,-0.617,-4.013,-9.007,-0.744,-4.166,1.33,1.68,0.7
,-9.012,-0.694,-4.046,-9.026,-0.694,-4.154,0.56,1.54,0.49
,-8.971,-0.773,-4.118,-9.031,-0.653,-4.106,0.56,1.54,0.56
22496.0,-9.016,-0.701,-4.044,-9.038,-0.653,-3.972,2.59,1.4,0.91
,-9.031,-0.718,-4.001,-8.981,-0.684,-3.999,2.8,1.61,0.91
,-9.019,-0.692,-3.989,-9.028,-0.668,-4.018,2.87,1.75,0.91
,-9.045,-0.723,-4.02,-9.055,-0.665,-4.056,2.8,1.68,0.77
22572.0,-9.103,-0.682,-4.125,-9.036,-0.684,-4.231,2.03,1.89,0.49
,-8.971,-0.637,-4.176,-8.954,-0.704,-4.192,1.47,1.75,0.49
,-8.966,-0.725,-4.075,-8.969,-0.737,-4.178,1.12,1.96,0.56
,-9.002,-0.773,-4.18,-8.978,-0.806,-4.111,1.4,1.89,0.7
22648.0,-8.949,-0.816,-4.111,-9.028,-0.656,-4.034,2.24,1.26,0.7
,-9.0,-0.756,-4.051,-9.026,-0.713,-4.068,2.52,1.19,0.77
,-9.028,-0.696,-4.054,-8.981,-0.747,-4.094,2.59,1.26,0.84
,-9.06,-0.687,-4.046,-8.985,-0.732,-4.128,2.45,1.4,0.84
22724.0,-9.021,-0.749,-4.046,-9.007,-0.727,-4.192,2.31,1.33,0.98
,-9.069,-0.723,-4.104,-8.978,-0.744,-4.204,2.66,1.4,1.05
,-9.014,-0.706,-4.156,-8.969,-0.723,-4.156,2.8,1.26,1.19
,-8.993,-0.672,-4.171,-8.99,-0.687,-4.145,2.52,1.19,1.05
22800.0,-9.002,-0.646,-4.089,-9.019,-0.73,-3.944,3.36,0.84,1.4
,-9.045,-0.553,-4.082,-9.031,-0.727,-3.941,3.15,0.49,1.26
,-9.055,-0.591,-4.013,-9.031,-0.718,-3.934,2.8,0.56,1.12
,-9.014,-0.663,-3.979,-8.997,-0.639,-3.944,2.38,0.56,0.98
22876.0,-9.021,-0.648,-3.965,-9.0,-0.78,-3.984,2.17,1.33,1.05
,-9.016,-0.67,-4.02,-9.043,-0.749,-3.991,2.1,1.33,0.98
,-8.995,-0.713,-4.011,-9.028,-0.727,-4.013,1.68,1.33,0.84
,-9.009,-0.778,-4.003,-9.064,-0.641,-4.022,1.82,1.47,0.84
22952.0,-8.997,-0.651,-4.056,-8.949,-0.687,-4.192,2.87,1.82,1.12
,-9.021,-0.603,-4.154,-8.985,-0.651,-4.156,2.73,1.82,1.05
,-9.012,-0.646,-4.197,-9.014,-0.68,-4.106,2.59,1.89,0.98
,-8.961,-0.701,-4.214,-9.024,-0.639,-4.061,2.52,1.68,1.05
23028.0,-8.971,-0.66,-4.089,-9.0,-0.699,-4.006,2.24,1.05,0.91
,-9.019,-0.706,-4.066,-9.048,-0.605,-4.039,2.1,1.05,0.84
,-9.0,-0.711,-4.015,-9.019,-0.615,-4.022,2.1,1.26,0.84
,-9.007,-0.749,-3.994,-9.055,-0.699,-4.03,2.1,1.26,0.91
23104.0,-9.007,-0.66,-4.104,-9.048,-0.668,-4.063,2.66,1.4,0.84
,-8.985,-0.644,-4.082,-9.009,-0.665,-4.089,2.87,1.4,0.77
,-9.021,-0.672,-4.061,-9.012,-0.713,-4.037,2.66,1.54,0.91
,-8.997,-0.62,-4.075,-9.026,-0.694,-4.032,2.8,1.61,0.91
23180.0,-9.064,-0.66,-4.121,-8.99,-0.706,-4.113,2.66,1.47,0.7
,-9.005,-0.615,-4.159,-9.033,-0.641,-4.08,2.45,1.61,0.77
,-8.978,-0.682,-4.109,-9.033,-0.66,-4.032,2.03,1.47,0.63
,-8.993,-0.739,-4.125,-9.057,-0.692,-3.982,2.1,1.33,0.7
23256.0,-9.06,-0.677,-4.001,-9.038,-0.727,-4.118,2.31,1.26,0.84
,-9.031,-0.677,-4.049,-9.033,-0.704,-4.133,2.17,1.33,0.77
,-8.985,-0.715,-4.092,-8.985,-0.701,-4.125,2.17,1.54,0.7
,-9.031,-0.73,-4.051,-9.005,-0.708,-4.02,2.45,1.61,0.77
23332.0,-9.057,-0.692,-4.051,-8.961,-0.651,-4.147,3.22,1.4,0.98
,-9.095,-0.579,-4.025,-8.99,-0.723,-4.164,3.22,1.47,0.98
,-9.064,-0.577,-4.063,-8.983,-0.737,-4.147,2.73,1.33,0.77
,-9.045,-0.601,-4.104,-9.06,-0.665,-4.133,2.24,1.4,0.63
23408.0,-8.983,-0.646,-4.089,-9.021,-0.668,-4.101,2.45,0.84,0.7
,-8.993,-0.711,-4.013,-8.988,-0.648,-4.097,2.45,1.05,0.7
,-9.021,-0.687,-4.025,-9.04,-0.704,-4.166,2.45,1.05,0.63
,-9.095,-0.677,-4.089,-8.981,-0.675,-4.154,2.38,1.12,0.63
23484.0,-8.928,-0.66,-4.154,-9.005,-0.625,-4.027,2.38,0.7,0.56
,-9.016,-0.699,-4.073,-9.005,-0.739,-3.936,2.66,0.7,0.63
,-9.0,-0.699,-4.027,-8.983,-0.778,-3.92,3.08,0.91,0.77
,-9.005,-0.608,-4.082,-9.05,-0.727,-3.936,3.01,0.91,0.77
23560.0,-9.064,-0.651,-3.97,-9.026,-0.689,-4.116,2.45,1.19,0.49
,-9.074,-0.62,-3.955,-9.014,-0.672,-4.209,1.96,1.33,0.56
,-9.052,-0.668,-4.02,-9.012,-0.629,-4.216,1.68,1.47,0.56
,-9.033,-0.653,-4.034,-8.957,-0.713,-4.267,1.47,1.4,0.42
23636.0,-8.981,-0.701,-4.223,-9.007,-0.708,-4.051,1.33,0.98,0.35
,-8.952,-0.675,-4.2,-9.079,-0.718,-4.001,1.68,0.7,0.21
,-8.959,-0.684,-4.18,-9.038,-0.668,-4.042,1.61,0.42,0.21
,-8.973,-0.766,-4.106,-8.995,-0.675,-4.049,2.17,0.35,0.42
23712.0,-9.033,-0.778,-4.111,-9.002,-0.641,-4.159,1.75,0.42,0.7
,-9.088,-0.768,-4.197,-9.002,-0.668,-4.121,2.45,0.35,0.56
,-9.019,-0.711,-4.195,-9.026,-0.677,-3.996,2.94,0.28,0.77
,-9.036,-0.656,-4.219,-9.072,-0.684,-3.963,2.8,0.14,0.63
23788.0,-9.134,-0.658,-3.936,-9.062,-0.747,-3.843,3.99,0.0,1.05
,-9.024,-0.637,-3.857,-9.055,-0.787,-3.845,4.13,0.14,0.98
,-8.988,-0.668,-3.877,-9.062,-0.742,-3.805,3.99,0.42,1.12
,-9.048,-0.823,-3.865,-9.06,-0.751,-3.85,4.06,0.7,1.19
23864.0,-8.995,-0.694,-3.905,-9.009,-0.665,-4.173,3.43,1.68,0.98
,-9.031,-0.701,-3.975,-9.021,-0.567,-4.245,2.87,1.68,0.91
,-9.0,-0.775,-4.078,-9.012,-0.57,-4.216,2.52,1.89,0.91
,-8.983,-0.727,-4.121,-9.009,-0.627,-4.197,2.52,1.75,0.91
23940.0,-9.04,-0.629,-4.192,-9.043,-0.766,-3.888,1.96,1.05,0.91
,-9.014,-0.708,-4.106,-9.105,-0.696,-3.922,2.03,0.77,0.91
,-9.033,-0.668,-3.999,-9.04,-0.744,-3.888,2.03,0.84,0.84
,-8.995,-0.756,-3.955,-9.005,-0.768,-3.898,1.82,0.84,0.7
24016.0,-9.083,-0.842,-3.975,-9.007,-0.711,-4.07,1.61,1.47,0.77
,-9.021,-0.735,-4.068,-9.043,-0.677,-4.152,2.52,1.61,1.05
,-9.026,-0.727,-4.101,-9.064,-0.634,-4.192,2.73,1.61,1.12
,-9.0,-0.706,-4.087,-8.993,-0.646,-4.192,3.08,1.4,1.12
24092.0,-8.985,-0.646,-4.192,-9.014,-0.637,-3.984,3.43,1.12,1.19
,-9.04,-0.61,-4.152,-9.038,-0.727,-3.953,3.64,0.77,1.12
,-9.026,-0.61,-4.111,-9.014,-0.72,-3.982,3.57,0.49,1.05
,-8.997,-0.579,-3.977,-8.993,-0.711,-4.003,2.87,0.49,0.91
24168.0,-9.012,-0.684,-3.965,-9.076,-0.668,-4.025,2.03,0.77,0.77
,-9.045,-0.677,-3.984,-9.036,-0.682,-3.979,2.31,0.49,0.7
,-9.112,-0.651,-4.039,-9.019,-0.644,-4.03,2.31,0.7,0.7
,-9.038,-0.627,-3.994,-9.045,-0.668,-4.046,2.17,0.84,0.77
24244.0,-9.009,-0.677,-4.011,-9.055,-0.682,-3.97,2.8,0.84,0.77
,-9.048,-0.744,-3.984,-8.99,-0.672,-3.924,2.66,0.63,0.63
,-9.009,-0.763,-3.924,-8.976,-0.747,-3.917,2.8,0.84,0.7
,-9.079,-0.682,-3.97,-9.036,-0.754,-3.958,2.87,1.05,0.56
24320.0,-9.055,-0.723,-3.946,-9.093,-0.68,-4.066,2.24,1.47,0.77
,-9.04,-0.72,-4.018,-9.045,-0.718,-4.125,2.24,1.4,0.77
,-9.057,-0.656,-3.984,-9.026,-0.715,-4.089,2.17,1.4,0.77
,-8.959,-0.713,-3.979,-8.997,-0.725,-4.183,1.89,1.68,0.84
24396.0,-9.005,-0.677,-4.204,-9.043,-0.663,-4.106,3.64,1.19,0.98
,-8.973,-0.639,-4.197,-9.064,-0.684,-4.118,4.13,0.84,1.05
,-9.009,-0.663,-4.19,-8.981,-0.605,-4.14,4.27,0.77,1.05
,-9.012,-0.727,-4.133,-8.978,-0.625,-4.128,4.41,0.7,1.05
24472.0,-9.038,-0.692,-4.08,-9.079,-0.651,-3.946,3.78,-0.14,1.05
,-9.028,-0.708,-4.068,-9.024,-0.646,-3.85,4.06,-0.07,1.12
,-9.05,-0.711,-4.054,-9.055,-0.672,-3.85,4.2,-0.07,1.19
,-9.076,-0.692,-3.979,-9.055,-0.675,-3.805,4.34,-0.28,1.05
24548.0,-9.04,-0.648,-3.74,-9.052,-0.749,-3.924,3.71,0.84,0.91
,-9.129,-0.608,-3.783,-9.024,-0.699,-3.948,3.57,1.12,0.77
,-9.139,-0.596,-3.86,-9.086,-0.699,-3.905,2.94,1.19,0.56
,-9.038,-0.637,-3.86,-9.076,-0.735,-3.843,2.31,1.47,0.63
24624.0,-9.038,-0.694,-3.766,-8.995,-0.823,-4.082,2.38,2.17,0.63
,-9.115,-0.675,-3.848,-8.973,-0.871,-4.154,2.03,2.45,0.56
,-9.076,-0.68,-3.898,-9.005,-0.792,-4.101,1.33,2.45,0.28
,-9.052,-0.715,-4.037,-9.069,-0.713,-4.092,1.12,2.59,0.35
24700.0,-9.086,-0.581,-4.178,-9.033,-0.749,-4.231,3.15,1.75,0.7
,-9.04,-0.615,-4.221,-9.024,-0.668,-4.178,2.59,1.4,0.49
,-8.938,-0.622,-4.233,-9.019,-0.682,-4.128,1.89,1.33,0.35
,-9.016,-0.759,-4.223,-9.072,-0.792,-3.989,2.1,1.12,0.49
24776.0,-9.007,-0.763,-3.922,-9.057,-0.711,-3.896,4.06,0.84,1.12
,-9.048,-0.663,-3.874,-9.069,-0.72,-3.955,4.13,0.91,1.12
,-9.072,-0.646,-3.9,-9.072,-0.677,-4.051,3.57,0.98,0.91
,-9.062,-0.759,-3.881,-9.024,-0.706,-4.042,3.15,0.91,0.84
24852.0,-9.026,-0.751,-4.039,-9.055,-0.601,-4.044,2.17,1.54,1.05
,-9.024,-0.751,-3.982,-9.026,-0.617,-4.025,2.24,1.47,0.98
,-9.016,-0.723,-4.008,-9.048,-0.692,-4.104,2.38,1.4,0.91
,-9.1,-0.67,-4.001,-8.99,-0.735,-4.094,2.45,1.05,0.77
24928.0,-8.997,-0.782,-4.039,-9.033,-0.713,-3.934,1.96,0.84,0.63
,-9.081,-0.782,-3.999,-9.033,-0.794,-3.967,2.45,0.7,0.77
,-9.048,-0.751,-3.982,-9.009,-0.809,-3.891,2.66,0.42,0.63
,-9.026,-0.653,-4.013,-9.072,-0.735,-3.939,2.45,0.42,0.63
25004.0,-9.11,-0.656,-3.922,-9.088,-0.787,-4.145,2.66,0.77,1.12
,-9.088,-0.66,-4.027,-8.995,-0.766,-4.176,2.03,0.56,0.91
,-9.031,-0.692,-4.066,-9.074,-0.701,-4.176,1.26,0.49,0.91
,-9.026,-0.72,-4.058,-9.033,-0.658,-4.118,0.98,0.42,0.84
25080.0,-9.016,-0.672,-4.188,-9.031,-0.785,-4.025,1.82,-0.35,0.77
,-8.993,-0.665,-4.133,-9.045,-0.718,-4.058,1.96,-0.49,0.84
,-9.062,-0.689,-4.152,-9.086,-0.627,-3.958,1.61,-0.7,0.77
,-9.033,-0.778,-4.08,-9.06,-0.574,-3.805,1.33,-0.98,0.56
25156.0,-9.148,-0.651,-3.939,-9.04,-0.888,-3.644,-0.28,-0.91,0.42
,-9.129,-0.699,-3.886,-9.148,-0.732,-3.637,-0.28,-0.77,0.63
,-9.098,-0.711,-3.81,-9.115,-0.651,-3.647,-0.49,-0.56,0.91
,-9.031,-0.771,-3.833,-9.086,-0.565,-3.745,-0.7,-0.07,1.4
25232.0,-9.095,-0.648,-3.838,-9.079,-0.766,-3.683,-1.05,0.91,1.05
,-9.026,-0.763,-3.776,-9.165,-0.61,-3.872,-1.47,1.33,1.4
,-9.093,-0.857,-3.759,-9.103,-0.567,-3.932,-1.12,1.47,1.61
,-9.06,-0.914,-3.699,-9.026,-0.553,-4.085,0.0,2.03,1.96
25308.0,-9.019,-0.775,-4.07,-9.005,-0.615,-4.015,-2.31,2.03,1.61
,-8.997,-0.842,-4.116,-9.0,-0.562,-3.953,-1.68,1.82,1.54
,-9.129,-0.799,-4.19,-9.21,-0.476,-4.101,-0.91,1.54,1.12
,-9.074,-0.699,-4.118,-9.141,-0.536,-4.226,-0.35,1.05,0.77
25384.0,-8.978,-0.581,-4.078,-9.225,-0.404,-3.941,-1.26,0.49,1.89
,-8.985,-0.687,-4.013,-9.021,-0.39,-3.9,-1.26,0.7,2.24
,-8.973,-0.751,-3.676,-8.99,-0.687,-3.982,-0.07,0.84,2.59
,-9.165,-0.615,-3.805,-9.007,-0.878,-3.994,1.68,0.98,2.73
25460.0,-8.981,-0.948,-3.833,-9.289,-0.345,-4.125,0.35,1.4,3.57
,-9.06,-0.682,-3.824,-8.985,-0.419,-4.051,2.66,1.54,3.71
,-9.143,-0.421,-3.544,-8.945,-0.503,-3.97,3.22,1.61,3.78
,-9.337,-0.232,-3.915,-8.957,-0.543,-3.979,1.96,1.26,3.29
25536.0,-8.938,-0.653,-3.542,-9.028,-0.493,-4.245,-1.19,0.35,1.26
,-9.21,-0.665,-4.011,-9.048,-0.778,-3.941,0.98,0.35,1.19
,-9.131,-0.534,-3.898,-9.009,-0.749,-4.216,2.24,0.21,1.33
,-9.22,-0.397,-4.164,-8.988,-0.534,-4.137,1.82,0.35,1.96
25612.0,-9.064,-0.132,-4.336,-8.983,-1.17,-3.542,0.28,-1.33,1.33
,-9.009,-0.156,-4.226,-9.141,-0.845,-3.247,-2.1,-1.4,0.56
,-8.916,-0.663,-4.121,-9.313,-0.349,-2.73,-3.36,-0.98,0.49
,-8.906,-1.074,-3.939,-9.524,0.022,-2.917,-2.17,-0.56,0.63
25688.0,-9.371,-0.072,-3.489,-9.136,-1.141,-2.929,3.64,1.68,1.12
,-9.165,-0.333,-3.649,-9.368,-0.708,-3.632,-1.19,1.68,1.19
,-8.856,-0.696,-3.565,-9.265,-0.266,-4.123,-3.15,2.8,1.89
,-8.823,-1.129,-3.276,-8.906,-0.33,-4.441,-1.4,4.9,2.94
25764.0,-8.579,-0.957,-4.422,-9.122,-0.165,-4.386,-0.49,5.53,4.06
,-8.552,-1.51,-3.635,-8.823,-0.467,-4.171,5.32,8.33,7.14
,-9.191,-1.208,-3.668,-8.784,-0.799,-3.479,14.84,9.24,9.1
,-9.201,-0.577,-4.252,-9.256,-0.558,-3.053,20.02,7.77,8.96
25840.0,-9.457,-0.084,-3.24,-9.052,0.246,-3.467,15.96,10.71,6.58
,-9.191,0.634,-2.836,-8.89,-0.593,-3.845,15.12,11.34,5.88
,-9.313,0.864,-3.448,-8.873,-1.031,-3.752,9.45,10.99,3.85
,-9.131,0.771,-3.577,-9.009,-1.218,-3.955,2.73,10.92,1.96
25916.0,-8.923,-1.034,-3.915,-8.842,0.287,-4.398,4.9,13.72,3.71
,-8.959,-0.495,-3.999,-8.734,0.357,-4.185,9.45,13.51,3.92
,-9.026,0.0,-4.267,-8.952,0.433,-4.111,10.29,13.09,2.87
,-9.028,0.246,-4.271,-9.031,0.385,-4.195,8.12,13.3,2.03
25992.0,-9.0,0.28,-4.223,-9.115,-1.144,-4.271,-0.84,14.7,-3.64
,-8.725,-0.038,-3.79,-8.961,-1.268,-4.57,-1.75,16.45,-4.06
,-8.815,-0.706,-3.845,-8.701,-1.089,-4.657,-2.94,18.27,-3.29
,-8.964,-1.098,-3.872,-8.521,-1.007,-4.635,-0.91,18.83,-1.47
26068.0,-8.605,-0.814,-4.592,-8.476,0.388,-4.841,9.87,17.15,2.31
,-8.77,-0.373,-4.776,-8.634,0.007,-4.458,11.76,16.59,2.31
,-8.799,0.215,-5.001,-8.861,-0.034,-4.74,10.64,15.33,0.98
,-8.619,0.538,-4.987,-8.909,-0.057,-4.661,5.95,15.19,-0.49
26144.0,-8.868,-0.041,-4.637,-8.705,-0.785,-5.353,0.21,16.38,-3.64
,-8.734,-0.335,-4.625,-8.471,-1.072,-5.389,-0.28,16.31,-4.13
,-8.839,-0.514,-4.511,-8.179,-1.35,-5.307,-0.42,15.75,-4.13
,-8.914,-0.57,-4.877,-8.234,-1.598,-4.972,0.49,14.0,-4.06
26220.0,-8.5,-1.653,-4.937,-8.325,-0.392,-4.661,5.04,15.05,0.77
,-8.643,-1.656,-4.795,-8.485,-0.045,-4.685,5.74,14.21,0.63
,-8.603,-1.352,-4.716,-8.655,0.105,-4.692,6.44,14.07,0.98
,-8.473,-0.852,-4.676,-8.808,0.146,-4.611,7.14,14.42,1.68
26296.0,-8.811,0.359,-4.609,-8.421,0.136,-5.372,2.03,15.54,0.7
,-8.71,0.278,-4.862,-8.296,0.077,-5.444,1.05,15.33,-0.35
,-8.61,0.203,-4.972,-8.457,-0.062,-5.351,1.26,15.61,-0.98
,-8.452,0.165,-5.284,-8.538,-0.404,-5.231,3.01,15.47,-1.68
26372.0,-8.569,-0.869,-5.142,-8.141,-2.458,-5.408,1.26,13.37,-5.11
,-8.332,-1.438,-5.212,-8.074,-2.352,-5.738,0.28,12.53,-4.55
,-8.478,-1.989,-5.059,-8.186,-1.881,-5.851,-0.49,12.32,-2.94
,-8.15,-2.424,-5.226,-8.138,-1.232,-6.004,0.0,12.18,-0.42
26448.0,-8.179,-0.66,-6.037,-8.571,-0.646,-4.788,18.2,10.01,5.6
,-8.545,-0.299,-5.571,-8.531,-0.268,-5.006,16.59,7.98,4.83
,-8.512,-0.096,-5.396,-8.313,0.196,-5.24,12.95,5.18,4.13
,-8.473,-0.373,-4.87,-8.279,0.433,-5.422,9.03,6.51,4.2
26524.0,-8.124,0.68,-5.724,-8.37,0.129,-5.549,18.34,9.1,1.61
,-8.466,0.761,-6.011,-8.323,-0.268,-5.695,18.13,7.91,-0.21
,-8.272,0.902,-6.234,-8.531,-0.854,-5.528,17.36,7.28,-1.61
,-8.129,0.495,-5.93,-8.208,-1.39,-5.434,16.8,8.33,-2.45
26600.0,-8.217,-1.795,-5.506,-8.232,-1.254,-6.262,14.21,9.31,-2.94
,-8.004,-1.972,-5.568,-8.258,-1.285,-6.243,15.82,9.45,-1.96
,-8.004,-1.799,-5.664,-8.354,-1.692,-5.918,18.48,9.31,-2.1
,-8.215,-1.759,-5.769,-8.131,-1.589,-5.788,21.14,8.26,-2.1
26676.0,-8.026,-1.618,-5.75,-8.234,-0.514,-5.264,16.94,2.03,-0.98
,-8.047,-1.395,-5.784,-8.256,-0.034,-5.487,18.55,1.82,-0.77
,-8.267,-1.134,-5.511,-8.227,0.022,-5.415,19.81,1.75,-0.77
,-8.275,-0.749,-5.341,-8.404,0.153,-5.506,21.35,1.89,-1.05
26752.0,-8.411,0.29,-5.733,-8.303,-1.704,-5.475,16.38,1.61,-4.27
,-8.473,-0.349,-5.518,-8.229,-1.864,-5.566,14.91,0.98,-5.11
,-8.248,-0.792,-5.58,-8.078,-2.056,-5.729,13.79,-0.14,-5.18
,-8.275,-1.385,-5.633,-7.947,-2.424,-5.765,13.65,-0.28,-4.2
26828.0,-7.973,-2.697,-5.765,-8.179,-2.242,-5.578,12.46,-0.56,1.54
,-8.047,-2.587,-5.824,-8.399,-2.19,-5.185,14.42,-0.98,3.08
,-8.102,-2.364,-5.896,-8.229,-1.886,-5.097,15.33,-0.84,4.9
,-8.186,-2.481,-5.745,-8.222,-1.486,-5.183,14.35,-0.07,6.58
26904.0,-8.239,-1.163,-5.214,-8.433,-0.232,-5.65,15.68,-0.77,9.8
,-8.306,-0.826,-5.346,-8.277,-0.325,-5.815,16.59,0.21,9.52
,-8.265,-0.385,-5.477,-8.16,-0.409,-5.788,16.94,1.33,8.54
,-8.387,-0.318,-5.42,-8.179,-0.603,-5.597,14.49,0.91,7.56
26980.0,-8.2,-0.905,-5.461,-8.349,-1.163,-5.15,6.51,0.77,4.62
,-8.27,-1.089,-5.288,-8.181,-1.074,-5.272,6.65,1.26,4.06
,-8.358,-1.117,-5.229,-8.33,-1.266,-5.188,7.07,2.1,4.06
,-8.416,-1.22,-5.08,-8.308,-1.263,-5.355,6.23,1.61,4.48
27056.0,-8.138,-1.407,-5.327,-8.244,-0.821,-5.36,1.61,-1.12,3.29
,-8.165,-1.522,-5.111,-8.311,-0.402,-5.525,1.33,0.14,4.13
,-8.122,-1.548,-5.09,-8.265,-0.206,-5.736,1.89,1.4,4.55
,-8.131,-1.33,-5.154,-8.382,-0.287,-5.642,3.29,2.94,4.2
27132.0,-8.447,-0.438,-5.592,-8.186,-1.405,-5.248,-2.45,3.29,0.0
,-8.251,-0.512,-5.654,-8.107,-1.429,-5.382,-3.92,3.01,-0.7
,-8.26,-0.802,-5.604,-8.184,-1.395,-5.626,-5.95,4.13,-1.19
,-8.244,-1.232,-5.267,-8.277,-1.517,-5.592,-7.07,5.32,-1.33
27208.0,-8.287,-1.697,-5.489,-8.253,-1.773,-5.595,-9.59,8.96,1.82
,-8.169,-1.622,-5.374,-8.265,-1.51,-5.59,-9.66,8.26,2.66
,-8.102,-1.768,-5.48,-8.198,-1.374,-5.465,-10.99,7.91,3.57
,-8.191,-1.845,-5.547,-8.198,-0.66,-5.721,-13.02,7.42,4.48
27284.0,-8.239,-0.287,-6.044,-8.275,-0.218,-5.932,-12.6,5.81,6.44
,-8.282,-0.117,-6.08,-8.272,-0.337,-5.93,-14.84,5.46,6.3
,-8.325,-0.124,-6.083,-8.33,-0.572,-5.855,-16.03,5.39,5.88
,-8.339,-0.053,-6.054,-8.289,-0.658,-5.86,-16.45,5.46,5.25
27360.0,-8.392,-0.603,-5.836,-8.308,-1.05,-5.786,-17.78,2.03,5.67
,-8.303,-0.866,-5.8,-8.368,-1.216,-5.966,-19.11,0.42,5.53
,-8.256,-0.866,-5.774,-8.222,-1.323,-5.973,-19.39,-0.49,5.67
,-8.169,-0.948,-5.966,-8.033,-1.388,-5.865,-19.46,-0.98,6.09
27436.0,-7.861,-1.062,-5.894,-8.165,-0.345,-5.987,-19.11,-2.59,10.08
,-7.98,-0.991,-5.863,-8.251,-0.34,-5.894,-16.66,-2.31,10.08
,-8.337,-0.749,-5.951,-8.124,-0.215,-5.934,-14.77,-2.38,9.87
,-8.236,-0.462,-5.896,-8.114,-0.254,-5.925,-13.09,-2.45,10.01
27512.0,-8.265,-0.335,-5.896,-8.32,0.316,-5.82,-6.72,-1.75,6.23
,-8.382,-0.313,-5.769,-8.066,0.215,-5.882,-5.81,-3.5,4.9
,-8.387,0.005,-5.848,-8.181,-0.158,-5.669,-5.11,-5.25,3.85
,-8.263,0.211,-5.8,-8.193,-0.29,-5.609,-4.13,-6.79,2.94
27588.0,-8.145,-0.323,-5.604,-8.311,-0.701,-5.453,-2.59,-6.16,0.14
,-8.27,-0.278,-5.549,-8.275,-0.744,-5.394,-0.91,-5.53,0.84
,-8.124,-0.412,-5.614,-8.236,-0.747,-5.504,0.56,-4.9,1.19
,-8.071,-0.668,-5.573,-8.294,-0.811,-5.425,2.73,-4.34,1.05
27664.0,-8.2,-0.732,-5.31,-8.253,-0.12,-5.365,8.4,-6.3,4.9
,-8.315,-0.586,-5.451,-8.277,-0.089,-5.288,8.47,-6.93,5.46
,-8.251,-0.457,-5.418,-8.447,0.103,-5.329,7.77,-7.63,5.67
,-8.342,-0.179,-5.348,-8.516,0.156,-5.339,6.86,-8.12,6.02
27740.0,-8.452,0.098,-5.351,-8.469,0.112,-5.386,3.22,-7.91,4.55
,-8.291,-0.462,-5.032,-8.512,0.27,-5.463,1.4,-8.05,4.06
,-8.394,-0.431,-4.91,-8.569,0.392,-5.623,2.17,-7.7,4.06
,-8.346,-0.165,-5.205,-8.428,0.309,-5.714,5.46,-8.05,4.06
27816.0,-8.284,0.141,-5.611,-8.612,-0.117,-5.243,-1.47,-10.36,1.33
,-8.346,-0.048,-5.41,-8.65,0.026,-5.238,-2.66,-10.5,0.49
,-8.433,-0.275,-5.403,-8.693,0.139,-5.233,-2.17,-10.85,-0.42
,-8.425,-0.22,-5.255,-8.507,0.091,-5.341,-0.98,-11.2,-0.63
27892.0,-8.44,-0.041,-5.255,-8.725,-0.045,-5.051,-3.57,-14.42,-1.12
,-8.413,-0.218,-5.207,-8.681,0.237,-4.941,-3.36,-14.63,-1.19
,-8.399,-0.347,-5.197,-8.684,0.249,-4.779,-2.52,-14.63,-1.61
,-8.55,-0.268,-5.006,-8.581,0.11,-4.75,-0.28,-14.56,-1.54
27968.0,-8.411,-0.101,-4.764,-8.885,-0.05,-4.602,-6.44,-15.75,-3.92
,-8.512,-0.416,-4.616,-8.842,0.208,-4.903,-6.02,-15.05,-4.34
,-8.624,-0.443,-4.286,-8.581,0.168,-4.841,-3.43,-14.49,-4.62
,-8.83,-0.266,-4.341,-8.385,-0.055,-4.585,-0.77,-14.84,-5.74
28044.0,-8.564,-0.347,-4.185,-8.61,-0.153,-4.448,-4.27,-14.91,-6.58
,-8.935,-0.479,-4.149,-8.555,-0.5,-4.233,-2.31,-14.77,-8.12
,-9.074,-0.27,-4.279,-8.653,-0.861,-3.836,-1.68,-15.26,-8.4
,-8.739,-0.019,-4.446,-8.926,-0.804,-4.111,-2.31,-15.75,-7.77
28120.0,-9.112,-0.218,-4.439,-8.894,-0.548,-3.958,4.13,-13.58,-7.84
,-8.849,0.136,-4.446,-9.076,-0.538,-3.747,2.87,-14.14,-7.49
,-8.701,0.06,-4.331,-8.973,-0.361,-3.766,-0.84,-14.0,-7.21
,-8.796,-0.313,-3.951,-8.914,-0.239,-3.79,-4.06,-13.44,-7.98
28196.0,-8.993,-0.409,-3.63,-8.756,-0.828,-3.245,-5.25,-11.27,-7.98
,-8.983,-0.529,-3.415,-8.954,-0.756,-3.503,-5.53,-10.36,-7.7
,-9.153,-0.627,-3.573,-9.079,-0.883,-3.534,-4.83,-9.52,-7.91
,-8.99,-0.785,-3.826,-9.129,-0.67,-3.321,-5.32,-8.75,-8.12
28272.0,-9.172,-0.373,-3.965,-9.002,-0.349,-4.14,5.46,-4.06,-3.43
,-8.981,-0.318,-4.125,-8.899,-0.407,-3.917,4.62,-4.06,-3.92
,-8.892,-0.266,-3.877,-9.098,-0.577,-3.91,4.83,-3.85,-3.57
,-8.995,-0.416,-4.125,-9.15,-0.572,-4.125,4.48,-3.92,-4.76
28348.0,-8.961,-0.651,-3.738,-8.947,-0.507,-3.783,2.24,-2.38,-4.06
,-8.949,-0.744,-3.752,-8.985,-0.493,-3.929,2.59,-1.89,-3.29
,-9.026,-0.873,-3.609,-8.947,-0.632,-3.793,3.29,-1.47,-3.15
,-9.115,-0.725,-4.015,-9.081,-0.622,-3.781,4.48,-1.54,-3.36
28424.0,-9.148,-0.572,-4.164,-8.973,-0.806,-4.348,3.5,-0.21,-2.94
,-9.026,-0.467,-4.319,-9.124,-0.591,-4.398,3.71,-0.28,-2.87
,-8.897,-0.452,-4.48,-9.04,-0.242,-4.752,3.01,-0.63,-2.87
,-8.787,-0.68,-4.156,-8.835,-0.256,-4.453,2.94,-0.56,-2.38
28500.0,-8.911,-0.424,-4.369,-9.043,-0.608,-3.877,3.43,-2.8,-2.66
,-9.021,-0.548,-4.35,-9.019,-0.739,-3.807,4.13,-3.43,-2.94
,-9.0,-0.543,-4.269,-8.935,-0.787,-3.451,4.27,-4.13,-2.94
,-8.899,-0.354,-4.089,-9.136,-0.625,-3.829,4.27,-4.48,-2.73
28576.0,-9.21,-0.713,-3.776,-9.313,-1.034,-2.886,0.98,-3.36,-3.08
,-8.976,-0.785,-3.628,-9.404,-0.704,-3.056,-0.49,-2.87,-2.73
,-8.921,-1.031,-3.429,-9.158,-0.531,-2.996,-1.68,-1.75,-2.17
,-9.002,-1.366,-2.941,-9.052,-0.747,-3.082,-0.84,-0.42,-1.47
28652.0,-9.086,-1.158,-3.046,-9.112,-0.33,-4.274,-0.49,5.46,0.07
,-9.162,-1.0,-3.25,-9.014,-0.512,-4.764,2.59,6.51,0.77
,-9.232,-0.62,-3.695,-8.813,-0.531,-5.14,3.99,7.14,0.63
,-9.124,-0.412,-3.656,-8.643,-0.675,-5.363,3.08,7.42,0.28
28728.0,-8.679,-0.943,-5.126,-8.842,-0.457,-4.769,2.73,3.71,0.07
,-8.854,-0.842,-4.996,-8.818,-0.852,-4.379,6.72,2.38,0.91
,-9.026,-0.553,-5.14,-8.942,-1.048,-4.066,9.24,0.77,0.91
,-8.938,-0.316,-5.126,-9.15,-0.869,-3.879,8.54,-0.84,0.7
28804.0,-9.136,-0.768,-3.759,-9.174,-0.433,-3.534,6.44,-2.31,0.49
,-9.076,-0.739,-3.46,-9.127,-0.534,-3.757,5.74,-1.96,0.7
,-9.191,-0.675,-3.422,-8.964,-0.799,-3.702,5.39,-1.26,0.7
,-9.217,-0.68,-3.336,-8.93,-0.943,-3.565,4.97,-0.7,0.56
28880.0,-9.057,-0.897,-3.582,-9.036,-0.869,-3.709,5.04,2.1,1.19
,-9.146,-0.732,-3.644,-9.014,-0.818,-3.759,6.02,2.52,1.12
,-9.107,-0.591,-3.587,-9.093,-0.792,-3.778,5.67,2.94,1.26
,-9.072,-0.66,-3.685,-9.124,-0.687,-3.939,4.41,3.43,1.05
28956.0,-9.057,-0.56,-4.001,-8.851,-0.931,-4.183,3.78,5.11,0.7
,-9.005,-0.567,-4.087,-8.981,-0.988,-4.214,2.38,4.9,0.28
,-9.009,-0.696,-4.305,-9.002,-0.823,-4.178,1.26,4.9,0.21
,-8.945,-0.845,-4.324,-9.04,-0.744,-4.216,0.91,4.76,0.56
29032.0,-9.036,-0.718,-4.307,-8.966,-0.749,-4.403,2.87,3.57,1.26
,-8.966,-0.713,-4.403,-8.957,-0.692,-4.367,2.17,3.29,1.12
,-8.949,-0.797,-4.448,-8.964,-0.644,-4.133,1.82,2.87,1.05
,-8.861,-0.814,-4.408,-9.024,-0.687,-4.027,2.45,2.59,1.33
29108.0,-9.088,-0.747,-4.001,-9.05,-0.711,-4.233,3.85,1.61,1.96
,-9.002,-0.794,-3.965,-8.909,-0.668,-4.219,3.71,1.54,1.68
,-8.988,-0.744,-3.917,-8.918,-0.761,-4.109,3.64,1.61,1.68
,-9.069,-0.653,-4.168,-8.985,-0.842,-4.018,3.57,1.75,1.4
29184.0,-9.026,-0.773,-3.91,-8.942,-0.641,-4.133,3.85,1.54,1.61
,-9.064,-0.658,-3.781,-8.873,-0.759,-4.094,4.34,1.82,1.75
,-9.105,-0.591,-3.953,-8.916,-0.859,-4.092,4.13,1.82,1.54
,-9.107,-0.57,-4.061,-9.05,-0.799,-4.013,3.5,2.03,1.26
29260.0,-9.115,-0.608,-4.066,-8.957,-0.744,-4.202,3.99,2.38,1.4
,-9.098,-0.519,-4.118,-8.961,-0.771,-4.212,3.22,2.31,1.19
,-9.002,-0.522,-4.087,-8.981,-0.747,-4.216,1.96,2.45,0.98
,-8.949,-0.651,-4.195,-8.973,-0.66,-4.137,0.91,2.17,0.7
29336.0,-9.04,-0.598,-4.135,-8.99,-0.646,-4.271,2.8,2.03,0.98
,-9.009,-0.553,-4.073,-9.019,-0.644,-4.355,2.31,2.1,0.91
,-9.031,-0.562,-4.19,-8.926,-0.754,-4.338,1.4,1.89,0.63
,-8.988,-0.675,-4.226,-8.914,-0.773,-4.317,0.7,1.75,0.42
29412.0,-8.964,-0.634,-4.377,-8.969,-0.821,-4.039,3.22,0.77,1.19
,-8.983,-0.538,-4.3,-9.055,-0.684,-3.936,2.66,0.56,1.05
,-8.957,-0.62,-4.104,-9.014,-0.684,-3.776,1.61,0.21,0.84
,-8.926,-0.725,-3.999,-9.002,-0.699,-3.719,0.98,0.21,0.63
29487.0,-9.131,-0.718,-3.798,-8.957,-0.708,-4.231,1.54,1.75,0.98
,-9.057,-0.682,-3.924,-8.949,-0.778,-4.271,1.68,2.1,0.98
,-8.993,-0.627,-4.018,-8.914,-0.735,-4.207,1.47,2.31,0.91
,-8.993,-0.713,-4.14,-9.019,-0.608,-4.322,1.47,2.59,0.77
29563.0,-9.002,-0.503,-4.396,-9.074,-0.699,-3.996,3.85,1.68,1.05
,-8.938,-0.632,-4.31,-9.038,-0.579,-3.999,3.08,1.54,0.91
,-8.918,-0.782,-4.152,-9.012,-0.653,-4.044,2.94,1.47,1.05
,-8.988,-0.802,-4.032,-8.947,-0.771,-4.008,4.06,1.68,1.33
29639.0,-8.969,-0.754,-4.154,-8.954,-0.656,-4.279,2.45,1.82,0.91
,-8.983,-0.751,-4.185,-8.99,-0.637,-4.317,3.01,1.96,1.05
,-9.0,-0.725,-4.226,-8.933,-0.718,-4.276,3.08,1.75,1.05
,-8.954,-0.658,-4.259,-8.976,-0.694,-4.235,3.15,1.75,1.19
29714.0,-9.031,-0.668,-4.314,-9.043,-0.696,-4.152,3.01,0.77,1.12
,-9.012,-0.639,-4.271,-9.019,-0.656,-4.116,2.87,0.7,0.91
,-8.952,-0.687,-4.216,-8.971,-0.713,-4.161,2.24,0.35,0.84
,-8.947,-0.814,-4.099,-8.923,-0.759,-4.121,2.24,0.56,0.98
29789.0,-8.923,-0.833,-4.159,-8.871,-0.622,-4.147,2.87,0.07,1.05
,-9.038,-0.725,-4.142,-8.935,-0.744,-4.03,3.57,0.28,1.26
,-9.057,-0.658,-4.147,-8.966,-0.778,-3.946,3.71,0.35,1.33
,-9.024,-0.658,-4.25,-9.074,-0.713,-3.932,3.5,0.35,1.4
29864.0,-9.079,-0.617,-3.881,-9.021,-0.658,-4.113,3.57,1.12,1.68
,-9.043,-0.644,-3.874,-8.981,-0.66,-4.154,2.66,1.4,1.47
,-8.997,-0.775,-3.9,-8.957,-0.704,-4.259,1.96,1.47,1.26
,-9.067,-0.718,-3.996,-8.995,-0.653,-4.281,1.96,1.54,1.26
29939.0,-8.985,-0.639,-4.334,-9.024,-0.739,-4.159,2.38,1.4,1.12
,-8.959,-0.567,-4.281,-8.985,-0.732,-4.089,2.52,1.33,1.26
,-8.964,-0.658,-4.226,-8.942,-0.68,-4.054,2.1,0.98,1.19
,-8.99,-0.78,-4.142,-9.021,-0.634,-4.173,2.31,1.05,1.19
30014.0,-9.009,-0.584,-4.19,-8.993,-0.625,-4.104,1.82,0.84,0.98
,-8.966,-0.541,-4.113,-9.031,-0.613,-4.123,1.19,0.91,0.91
,-8.978,-0.692,-4.152,-9.062,-0.694,-4.195,0.77,0.98,0.84
,-9.005,-0.646,-4.104,-8.978,-0.737,-4.149,1.33,0.84,0.98
30089.0,-8.976,-0.696,-4.2,-9.081,-0.574,-4.011,1.68,0.63,0.77
,-9.038,-0.708,-4.214,-9.026,-0.553,-4.025,1.96,0.63,0.77
,-8.981,-0.696,-4.106,-9.016,-0.586,-4.039,2.31,0.63,0.84
,-9.009,-0.634,-4.03,-8.985,-0.589,-4.078,2.59,0.7,0.98
30164.0,-8.983,-0.658,-4.154,-8.978,-0.55,-4.257,1.82,1.05,0.7
,-9.002,-0.653,-4.099,-8.964,-0.634,-4.231,2.45,1.19,0.91
,-9.06,-0.598,-4.233,-8.94,-0.749,-4.2,2.38,0.77,0.7
,-9.005,-0.534,-4.267,-8.966,-0.806,-4.094,2.1,0.77,0.56
30239.0,-9.038,-0.617,-4.042,-9.043,-0.696,-3.955,3.08,0.77,0.77
,-9.069,-0.541,-4.003,-8.964,-0.756,-4.034,2.59,0.63,0.56
,-9.028,-0.548,-3.989,-8.971,-0.73,-4.03,1.75,0.49,0.42
,-9.014,-0.653,-3.965,-9.0,-0.665,-4.082,1.26,0.77,0.35
30314.0,-9.024,-0.648,-4.133,-9.033,-0.601,-4.195,2.24,1.47,0.49
,-9.005,-0.641,-4.147,-8.995,-0.617,-4.25,2.31,1.33,0.49
,-8.993,-0.632,-4.154,-8.961,-0.658,-4.274,2.38,1.33,0.49
,-8.981,-0.644,-4.164,-8.957,-0.632,-4.264,2.66,1.4,0.63
30389.0,-8.981,-0.737,-4.219,-8.969,-0.66,-4.015,3.29,0.49,0.56
,-9.024,-0.718,-4.128,-9.021,-0.749,-3.955,3.85,0.42,0.7
,-9.019,-0.608,-4.063,-9.021,-0.713,-3.929,3.85,0.42,0.7
,-9.024,-0.57,-4.049,-9.031,-0.696,-3.908,3.36,0.56,0.56
30464.0,-9.086,-0.668,-4.03,-9.009,-0.675,-4.166,3.08,1.47,0.7
,-9.028,-0.617,-4.003,-9.009,-0.656,-4.209,3.08,1.4,0.7
,-8.988,-0.601,-4.094,-8.995,-0.663,-4.152,2.59,1.33,0.63
,-9.052,-0.694,-4.135,-8.99,-0.651,-4.133,2.38,1.4,0.56
30539.0,-9.036,-0.598,-4.109,-8.99,-0.708,-4.149,3.22,1.12,0.28
,-9.016,-0.665,-4.068,-8.985,-0.718,-4.089,3.08,0.91,0.35
,-8.964,-0.644,-4.08,-8.981,-0.713,-4.097,2.94,1.12,0.35
,-9.031,-0.699,-4.089,-8.945,-0.715,-4.08,2.73,1.05,0.42
30614.0,-9.04,-0.704,-3.987,-8.973,-0.787,-4.003,2.73,1.12,0.49
,-9.045,-0.677,-4.013,-8.995,-0.778,-4.054,2.73,1.12,0.56
,-9.021,-0.632,-4.075,-9.031,-0.727,-4.156,2.52,1.12,0.49
,-8.961,-0.675,-4.027,-9.033,-0.668,-4.149,1.96,1.12,0.42
30689.0,-8.966,-0.625,-4.109,-9.012,-0.706,-4.13,3.08,1.26,0.63
,-9.002,-0.658,-4.149,-9.04,-0.727,-4.099,3.36,1.05,0.56
,-9.019,-0.68,-4.111,-9.009,-0.68,-4.094,3.5,0.91,0.56
,-8.952,-0.639,-4.089,-9.043,-0.646,-4.166,3.5,1.05,0.77
30764.0,-9.019,-0.68,-4.044,-8.971,-0.696,-4.03,3.5,0.91,0.7
,-9.012,-0.648,-4.061,-8.981,-0.737,-4.025,3.22,0.77,0.7
,-9.05,-0.687,-4.015,-9.062,-0.73,-3.932,3.15,0.91,0.7
,-9.024,-0.632,-4.025,-9.026,-0.66,-3.979,3.01,0.77,0.56
30839.0,-9.036,-0.668,-3.958,-8.993,-0.689,-4.07,2.8,1.68,0.77
,-8.997,-0.672,-3.934,-9.009,-0.725,-4.085,2.52,1.68,0.7
,-8.997,-0.766,-3.97,-9.007,-0.706,-4.087,2.24,1.68,0.56
,-8.988,-0.732,-4.042,-8.99,-0.708,-4.092,2.52,2.03,0.77
30914.0,-9.067,-0.699,-4.142,-8.954,-0.723,-4.228,3.08,1.75,0.56
,-8.993,-0.653,-4.19,-9.0,-0.706,-4.161,2.73,1.89,0.56
,-8.971,-0.735,-4.219,-9.028,-0.67,-4.123,2.52,1.61,0.63
,-9.024,-0.742,-4.255,-9.002,-0.677,-4.056,2.66,1.61,0.63
30989.0,-9.002,-0.672,-4.054,-8.983,-0.775,-4.07,2.45,1.05,0.63
,-9.007,-0.672,-4.032,-9.028,-0.737,-4.092,2.38,1.12,0.63
,-9.009,-0.708,-4.111,-9.019,-0.725,-4.137,2.31,1.19,0.7
,-8.971,-0.744,-4.097,-8.995,-0.696,-4.101,2.31,1.05,0.7
31064.0,-9.007,-0.72,-4.101,-8.997,-0.718,-4.104,2.87,0.98,0.98
,-8.976,-0.699,-4.125,-8.99,-0.68,-4.066,2.94,1.19,0.91
,-9.005,-0.725,-4.099,-9.005,-0.708,-3.979,2.94,1.19,0.91
,-8.961,-0.737,-4.085,-9.05,-0.718,-3.951,3.01,1.19,0.77
31139.0,-9.038,-0.665,-3.977,-9.002,-0.72,-4.209,2.38,1.4,0.91
,-9.031,-0.684,-4.018,-8.959,-0.739,-4.207,1.96,1.47,0.91
,-9.031,-0.668,-4.07,-9.012,-0.696,-4.212,1.54,1.68,0.91
,-9.074,-0.708,-4.128,-8.973,-0.658,-4.214,1.4,1.68,0.91
31214.0,-9.036,-0.591,-4.245,-8.99,-0.713,-4.068,2.94,1.12,1.05
,-8.978,-0.589,-4.226,-9.033,-0.759,-3.958,2.52,0.7,0.91
,-8.969,-0.658,-4.216,-9.079,-0.713,-3.893,2.17,0.56,0.84
,-8.954,-0.778,-4.149,-9.083,-0.625,-3.898,2.59,0.63,0.98
31289.0,-9.06,-0.608,-3.97,-9.021,-0.756,-4.216,1.96,1.19,0.91
,-8.988,-0.622,-4.094,-9.04,-0.558,-4.245,1.33,1.4,0.77
,-8.945,-0.792,-4.142,-9.028,-0.601,-4.176,1.19,1.47,0.84
,-8.942,-0.823,-4.25,-8.985,-0.663,-4.116,2.03,1.33,0.98
31364.0,-8.959,-0.713,-4.078,-8.993,-0.684,-4.018,2.38,0.84,0.98
,-8.993,-0.701,-4.094,-9.012,-0.663,-4.008,2.59,0.7,0.84
,-9.016,-0.696,-4.044,-9.009,-0.756,-3.996,2.66,0.49,0.91
,-9.033,-0.677,-4.018,-9.019,-0.73,-3.941,2.8,0.63,0.98
31439.0,-9.019,-0.759,-3.896,-9.002,-0.663,-4.171,2.1,1.47,1.19
,-9.055,-0.72,-3.922,-8.949,-0.701,-4.233,2.45,1.82,1.33
,-9.103,-0.692,-3.972,-8.935,-0.713,-4.202,2.45,1.68,1.05
,-9.081,-0.591,-4.116,-9.016,-0.646,-4.233,2.1,1.54,0.98
31514.0,-9.012,-0.637,-4.125,-9.067,-0.641,-4.013,2.94,1.12,1.26
,-8.993,-0.68,-4.109,-9.028,-0.656,-4.08,2.94,0.91,1.19
,-9.024,-0.66,-4.094,-8.995,-0.708,-4.058,3.01,0.98,1.26
,-9.062,-0.646,-4.018,-8.947,-0.811,-4.001,3.01,1.12,1.19
31589.0,-9.016,-0.735,-3.965,-9.007,-0.639,-4.152,2.87,1.26,1.19
,-9.028,-0.677,-4.018,-8.971,-0.62,-4.125,3.15,1.19,1.19
,-9.033,-0.644,-4.082,-8.988,-0.634,-4.159,2.94,1.26,1.05
,-9.052,-0.603,-4.066,-8.988,-0.682,-4.116,2.52,1.47,1.05
31664.0,-8.981,-0.639,-4.051,-9.028,-0.613,-4.111,2.94,1.26,1.05
,-9.014,-0.682,-4.061,-9.009,-0.68,-4.2,3.29,1.33,1.05
,-9.026,-0.632,-4.049,-8.969,-0.682,-4.188,3.15,1.26,1.05
,-9.055,-0.57,-4.056,-9.009,-0.651,-4.214,2.94,1.19,0.91
31739.0,-8.993,-0.639,-4.212,-9.038,-0.66,-4.025,3.22,1.12,0.98
,-9.002,-0.622,-4.121,-9.088,-0.656,-4.042,2.87,0.77,0.77
,-9.045,-0.646,-4.085,-9.043,-0.627,-4.046,2.66,0.77,0.77
,-9.028,-0.675,-4.003,-9.024,-0.684,-4.113,2.73,0.63,0.84
31814.0,-8.99,-0.694,-4.145,-9.064,-0.622,-4.092,2.1,0.91,0.49
,-9.031,-0.735,-4.106,-9.0,-0.701,-4.058,2.45,0.98,0.63
,-8.997,-0.699,-4.094,-9.021,-0.754,-4.063,2.8,0.91,0.7
,-9.021,-0.634,-4.094,-8.985,-0.79,-4.068,2.87,0.84,0.7
31889.0,-8.993,-0.732,-4.03,-9.024,-0.675,-4.073,3.08,0.91,0.7
,-9.043,-0.675,-4.07,-9.038,-0.689,-4.159,3.08,0.98,0.84
,-9.024,-0.634,-4.063,-9.014,-0.675,-4.168,2.87,1.19,0.77
,-9.038,-0.615,-4.051,-9.005,-0.672,-4.204,2.52,1.19,0.63
31964.0,-8.971,-0.692,-4.204,-8.973,-0.742,-3.999,2.59,0.84,0.77
,-9.024,-0.622,-4.147,-9.04,-0.713,-4.008,2.66,0.7,0.7
,-9.024,-0.627,-4.13,-9.026,-0.656,-3.965,2.52,0.84,0.77
,-9.0,-0.699,-4.068,-8.973,-0.646,-3.979,2.38,0.7,0.77
32039.0,-9.045,-0.668,-3.97,-8.961,-0.739,-4.013,3.01,1.33,0.77
,-9.086,-0.692,-3.977,-9.021,-0.708,-4.015,2.94,1.4,0.77
,-8.983,-0.656,-4.003,-9.093,-0.665,-4.032,2.66,1.33,0.77
,-8.995,-0.706,-3.967,-9.048,-0.622,-4.192,2.52,1.4,0.77
32114.0,-9.04,-0.627,-4.35,-9.005,-0.696,-4.14,1.96,1.26,0.49
,-8.916,-0.658,-4.305,-9.052,-0.581,-4.032,1.96,0.91,0.35
,-8.954,-0.715,-4.255,-9.007,-0.596,-4.018,2.03,0.91,0.49
,-8.985,-0.735,-4.173,-9.062,-0.675,-3.975,2.66,0.91,0.7
32189.0,-9.064,-0.672,-4.034,-9.005,-0.739,-4.099,2.1,0.7,0.63
,-8.983,-0.742,-4.125,-9.057,-0.675,-3.987,2.03,0.56,0.49
,-8.971,-0.833,-4.128,-9.083,-0.634,-3.987,1.96,0.42,0.49
,-8.969,-0.821,-4.152,-9.069,-0.663,-3.946,2.59,0.56,0.77
32264.0,-9.021,-0.646,-4.011,-9.021,-0.67,-3.953,2.73,0.49,0.7
,-9.002,-0.732,-4.003,-9.057,-0.672,-3.97,2.59,0.63,0.7
,-9.009,-0.732,-4.066,-9.05,-0.639,-3.922,3.01,0.91,0.91
,-8.978,-0.711,-4.022,-9.021,-0.646,-4.056,3.36,1.05,0.84
32339.0,-8.99,-0.668,-4.106,-9.04,-0.747,-4.066,2.45,1.26,0.63
,-8.99,-0.668,-4.159,-9.06,-0.665,-4.015,2.24,1.19,0.63
,-8.976,-0.756,-4.192,-9.048,-0.622,-3.963,2.38,1.12,0.63
,-8.983,-0.782,-4.113,-9.052,-0.696,-3.944,2.94,1.05,0.7
32414.0,-9.052,-0.699,-3.934,-9.026,-0.718,-4.061,2.45,1.26,0.63
,-9.036,-0.663,-4.006,-9.028,-0.629,-3.982,2.52,1.33,0.77
,-9.033,-0.763,-4.03,-9.052,-0.689,-3.982,2.66,1.4,0.77
,-9.012,-0.715,-4.037,-9.043,-0.684,-3.996,3.01,1.54,0.91
32489.0,-9.021,-0.701,-4.001,-8.926,-0.742,-4.216,1.75,1.82,0.49
,-9.036,-0.675,-4.142,-9.055,-0.718,-4.147,1.61,1.75,0.49
,-9.016,-0.713,-4.226,-9.057,-0.656,-4.121,1.75,1.68,0.42
,-8.949,-0.696,-4.228,-9.04,-0.632,-4.166,2.17,1.26,0.63
32564.0,-8.976,-0.634,-4.121,-8.99,-0.682,-4.027,2.45,0.91,0.77
,-8.93,-0.756,-4.097,-9.04,-0.715,-3.924,2.24,0.77,0.7
,-8.981,-0.754,-4.056,-9.014,-0.773,-3.9,2.73,0.7,0.84
,-9.007,-0.704,-4.044,-9.009,-0.715,-3.826,3.08,0.77,0.91
32639.0,-9.146,-0.715,-3.948,-9.005,-0.816,-3.927,3.22,1.26,0.84
,-9.088,-0.692,-3.915,-9.064,-0.677,-4.027,3.22,1.54,0.84
,-9.024,-0.603,-3.965,-9.036,-0.629,-4.054,2.87,1.61,0.7
,-9.002,-0.692,-3.987,-9.06,-0.596,-4.08,2.59,1.75,0.77
32714.0,-9.033,-0.696,-4.022,-9.093,-0.67,-3.958,2.52,1.75,0.84
,-8.99,-0.658,-3.989,-9.016,-0.668,-4.056,2.59,1.89,0.77
,-9.048,-0.653,-4.085,-9.055,-0.668,-4.2,2.52,2.17,0.63
,-9.036,-0.653,-4.022,-8.99,-0.668,-4.207,2.17,1.96,0.56
32789.0,-9.0,-0.663,-4.331,-8.978,-0.658,-4.226,1.82,1.4,0.35
,-8.906,-0.737,-4.255,-8.983,-0.641,-4.255,1.96,1.26,0.56
,-8.964,-0.775,-4.245,-8.969,-0.699,-4.223,2.52,1.19,0.63
,-9.064,-0.699,-4.267,-8.983,-0.751,-4.231,3.22,0.84,0.56
32864.0,-9.005,-0.732,-4.142,-9.072,-0.634,-3.9,2.38,-0.14,0.28
,-9.0,-0.723,-4.078,-9.107,-0.701,-3.848,2.66,-0.35,0.21
,-9.021,-0.711,-4.032,-9.069,-0.775,-3.704,3.22,-0.42,0.28
,-9.045,-0.677,-3.989,-9.076,-0.756,-3.671,3.08,-0.35,0.42
32939.0,-9.033,-0.833,-3.711,-9.031,-0.689,-3.896,1.82,1.05,0.56
,-9.016,-0.888,-3.783,-9.036,-0.646,-3.874,2.38,1.26,0.56
,-9.016,-0.818,-3.862,-9.033,-0.622,-3.946,3.01,1.33,0.7
,-9.05,-0.735,-3.836,-9.031,-0.61,-3.941,3.57,1.54,0.84
33014.0,-9.024,-0.823,-3.764,-9.0,-0.737,-3.989,1.12,2.87,1.05
,-9.081,-0.771,-3.735,-9.038,-0.792,-4.094,1.05,3.43,1.33
,-9.146,-0.761,-3.862,-8.978,-0.782,-4.054,0.63,3.71,1.4
,-9.033,-0.761,-3.86,-8.988,-0.737,-4.118,0.21,3.85,1.68
33089.0,-8.971,-0.727,-4.003,-9.024,-0.773,-4.226,0.21,4.27,2.52
,-9.04,-0.689,-4.058,-8.839,-0.902,-4.116,0.14,4.27,2.45
,-9.093,-0.651,-3.975,-8.909,-0.761,-4.233,-0.77,3.99,2.31
,-9.012,-0.653,-4.133,-9.0,-0.622,-4.302,-1.33,4.13,2.38
33164.0,-8.957,-0.476,-4.29,-9.275,-0.957,-3.453,1.05,3.36,2.1
,-8.957,-0.519,-4.212,-9.194,-0.538,-3.465,-0.21,3.22,2.24
,-8.894,-0.79,-3.96,-9.069,-0.316,-3.072,-0.7,3.43,2.59
,-9.117,-0.986,-3.654,-8.981,-0.182,-3.281,-0.35,3.85,2.52
33239.0,-9.024,-0.548,-3.616,-9.062,-0.704,-3.879,-7.14,6.09,1.19
,-8.94,-0.931,-3.673,-9.031,-0.471,-4.31,-7.42,7.42,1.82
,-8.861,-1.031,-3.637,-8.746,-0.359,-4.482,-5.81,8.19,2.17
,-8.835,-0.962,-3.388,-8.725,-0.452,-4.678,-3.15,8.96,2.94
33314.0,-8.923,-0.593,-4.25,-8.758,-0.718,-4.7,0.35,9.17,5.18
,-9.127,-0.567,-4.917,-8.825,-0.61,-4.214,0.56,8.54,5.04
,-8.772,-0.507,-5.116,-9.043,-0.438,-4.125,0.28,7.14,3.92
,-8.679,-0.577,-5.071,-9.088,-0.177,-4.276,-0.28,6.09,3.71
33389.0,-9.012,0.132,-4.355,-8.684,-0.572,-6.018,-0.91,3.92,1.75
,-8.947,0.05,-4.822,-8.497,-0.692,-5.839,-4.76,3.36,0.63
,-8.89,-0.108,-4.86,-8.473,-1.117,-5.408,-7.28,2.59,0.56
,-8.928,-0.438,-5.788,-8.842,-1.347,-4.843,-8.96,0.91,0.35
33464.0,-8.918,-1.266,-4.513,-9.165,-0.641,-3.372,2.31,-3.36,2.66
,-8.904,-0.919,-3.881,-9.153,-0.668,-3.795,7.0,-3.22,3.71
,-9.091,-0.586,-3.838,-9.184,-0.459,-4.044,9.59,-2.94,4.62
,-9.076,-0.601,-3.664,-8.995,-0.026,-4.489,8.33,-2.59,5.04
33539.0,-8.878,0.179,-4.836,-9.22,0.136,-3.415,3.64,-3.22,3.36
,-8.6,0.325,-4.228,-9.282,0.05,-3.613,1.4,-1.61,3.71
,-8.794,0.074,-3.932,-9.103,-0.268,-3.537,0.07,-1.05,2.8
,-9.141,-0.045,-3.644,-8.916,-0.916,-3.451,-1.26,-1.75,0.63
33614.0,-8.851,-1.381,-3.338,-9.079,0.352,-4.405,-5.81,1.82,0.77
,-8.89,-1.335,-3.108,-8.923,0.574,-4.748,1.33,3.57,3.22
,-8.981,-0.909,-3.434,-8.854,0.498,-4.511,8.33,4.48,4.55
,-9.012,-0.246,-3.601,-8.722,0.041,-4.137,13.09,5.04,5.11
33689.0,-9.062,-0.383,-3.625,-8.607,-0.928,-3.498,-1.68,5.6,-0.49
,-9.124,-0.644,-3.896,-8.897,-0.938,-3.128,-1.33,5.74,-1.05
,-8.954,-0.809,-3.896,-9.177,-0.653,-3.429,-0.63,6.51,-0.7
,-8.789,-0.885,-3.75,-9.213,-0.302,-3.862,1.33,8.12,0.84
33764.0,-8.983,0.098,-4.29,-9.067,-0.084,-4.269,9.8,11.48,4.13
,-8.739,0.419,-4.616,-9.045,-0.191,-4.238,8.33,11.41,4.2
,-8.528,0.397,-4.458,-8.949,-0.376,-4.386,6.3,12.6,4.06
,-8.873,0.182,-4.214,-8.835,-0.651,-4.307,4.41,12.95,2.8
33839.0,-8.729,-0.876,-4.403,-8.863,0.28,-4.439,-1.33,12.04,-0.63
,-8.782,-0.926,-4.331,-8.77,0.668,-4.738,0.35,12.39,0.21
,-8.693,-0.553,-4.348,-8.677,0.756,-4.47,3.85,12.32,0.7
,-8.717,-0.184,-4.489,-8.847,0.701,-4.788,6.02,12.53,0.21
33914.0,-8.83,0.258,-5.013,-8.748,-1.311,-4.326,-2.87,13.23,-3.64
,-8.873,-0.223,-4.987,-8.868,-1.35,-4.401,-5.74,12.53,-4.55
,-8.562,-0.821,-4.731,-8.789,-1.266,-4.508,-6.93,13.37,-5.32
,-8.6,-1.307,-4.302,-8.49,-1.168,-4.587,-5.32,14.42,-5.53
33989.0,-8.44,-0.916,-4.463,-8.756,0.048,-4.972,3.85,15.96,0.14
,-8.545,-0.737,-4.463,-8.6,0.077,-5.023,2.03,16.52,0.28
,-8.823,-0.433,-4.7,-8.531,-0.11,-5.118,0.7,16.1,-0.14
,-8.782,-0.246,-4.826,-8.61,-0.495,-5.068,-0.56,15.4,-0.56
34064.0,-8.519,-0.531,-5.207,-8.583,-0.96,-4.661,-5.88,12.25,-2.38
,-8.526,-0.447,-5.054,-8.528,-1.122,-4.86,-1.61,12.53,-2.45
,-8.643,-0.593,-4.805,-8.38,-1.505,-5.049,0.63,13.16,-2.03
,-8.567,-0.771,-4.757,-8.272,-1.697,-5.128,2.03,13.58,-1.05
34139.0,-8.112,-1.823,-5.169,-8.76,0.012,-4.927,6.02,13.02,5.32
,-8.22,-1.713,-4.929,-8.461,0.16,-5.087,8.47,14.14,7.0
,-8.313,-1.237,-4.834,-8.562,0.266,-5.016,12.18,14.98,7.84
,-8.684,-0.622,-4.889,-8.33,0.261,-5.329,15.12,15.12,7.14
34214.0,-8.306,-0.005,-5.217,-8.478,0.014,-5.511,13.02,14.07,2.24
,-8.449,-0.206,-5.272,-8.423,-0.01,-5.654,15.05,13.79,1.82
,-8.576,-0.151,-5.272,-8.26,-0.124,-5.788,18.13,12.6,1.89
,-8.452,-0.024,-5.456,-8.459,-0.163,-5.702,21.49,12.18,1.47
34289.0,-8.344,-0.163,-5.76,-8.189,-0.692,-5.714,18.69,13.93,-1.75
,-8.423,-0.419,-5.542,-8.239,-0.543,-5.865,17.01,13.16,-3.08
,-8.126,-0.376,-5.757,-8.148,-1.161,-6.009,15.33,13.02,-3.29
,-8.284,-0.443,-5.662,-8.227,-1.417,-5.949,13.44,12.39,-3.57
34364.0,-8.258,-1.309,-5.846,-8.387,-1.048,-5.798,15.61,9.03,-2.1
,-8.33,-1.261,-5.843,-8.143,-0.699,-6.08,17.99,8.19,-1.26
,-8.483,-1.496,-5.693,-8.311,-0.78,-6.095,19.46,6.51,-0.91
,-8.579,-1.182,-5.609,-8.208,-0.979,-6.054,22.47,3.36,-1.12
34439.0,-8.229,-0.972,-5.93,-8.435,-1.046,-5.439,22.75,-1.33,0.0
,-8.095,-0.924,-5.913,-8.342,-0.814,-5.305,23.1,-1.82,0.07
,-8.26,-1.067,-5.745,-8.181,-0.682,-5.609,22.19,-2.59,-0.07
,-8.279,-1.067,-5.585,-8.44,-0.804,-5.461,23.24,-2.38,0.0
34514.0,-8.366,-0.873,-5.513,-8.143,-1.421,-5.599,20.23,0.91,2.38
,-8.418,-0.768,-5.449,-8.327,-1.675,-5.415,19.6,1.33,2.1
,-8.308,-0.514,-5.544,-8.246,-1.61,-5.384,18.41,-0.35,1.12
,-8.074,-0.957,-5.508,-8.248,-1.799,-5.111,16.38,-1.05,0.84
34589.0,-8.284,-1.4,-5.267,-8.39,-0.383,-5.303,17.08,-0.77,4.69
,-8.282,-1.22,-5.293,-8.55,-0.558,-5.061,18.2,-0.21,4.55
,-8.277,-0.768,-5.346,-8.323,-0.637,-5.339,18.41,1.33,4.41
,-8.342,-0.464,-5.315,-8.234,-1.034,-5.43,17.22,2.17,3.5
34664.0,-8.258,-1.247,-5.497,-8.179,-1.888,-5.477,5.53,2.24,2.52
,-8.346,-1.23,-5.542,-8.129,-1.819,-5.188,6.37,2.73,3.22
,-8.308,-1.268,-5.652,-8.107,-1.35,-5.106,7.28,2.66,3.5
,-8.337,-1.438,-5.508,-8.387,-1.046,-5.001,7.49,3.78,3.99
34739.0,-8.536,-0.61,-5.243,-8.244,-1.33,-5.638,7.07,4.27,3.57
,-8.342,-0.596,-5.492,-8.291,-1.51,-5.511,4.06,3.01,2.8
,-8.224,-0.603,-5.554,-8.169,-1.261,-5.659,1.33,2.66,1.89
,-8.167,-0.785,-5.698,-8.21,-1.237,-5.52,-2.03,2.52,1.47
34814.0,-8.215,-1.529,-5.339,-8.284,-0.95,-5.767,-2.24,6.51,3.5
,-8.169,-1.5,-5.286,-8.184,-0.857,-5.891,-1.75,7.35,3.78
,-8.189,-1.187,-5.47,-8.229,-1.146,-5.82,-2.03,7.35,3.85
,-8.258,-1.077,-5.628,-8.402,-1.469,-5.42,-4.06,6.79,4.34
34889.0,-8.241,-1.68,-5.248,-8.284,-0.491,-5.846,-12.53,8.26,6.3
,-8.138,-1.649,-5.257,-8.332,-0.22,-5.776,-10.99,8.19,7.07
,-8.279,-1.041,-5.535,-8.382,0.019,-5.87,-9.38,7.21,6.79
,-8.315,-0.498,-5.671,-8.378,0.235,-5.91,-10.01,6.23,6.51
34964.0,-8.289,0.223,-5.932,-8.196,-0.794,-6.013,-18.9,5.6,4.83
,-8.346,-0.093,-5.863,-8.244,-1.027,-5.91,-21.63,5.18,3.71
,-8.339,-0.323,-5.973,-8.27,-1.098,-6.265,-22.54,4.76,2.8
,-8.279,-0.459,-6.033,-8.382,-1.194,-6.042,-22.26,4.48,2.73
35039.0,-8.229,-1.079,-6.049,-8.263,-1.326,-5.681,-16.03,-0.84,5.6
,-8.105,-0.998,-6.092,-8.141,-1.455,-5.889,-17.57,-1.26,6.72
,-8.059,-1.065,-5.843,-8.169,-1.764,-5.841,-19.32,-1.12,7.63
,-8.117,-1.132,-5.693,-8.066,-1.747,-5.836,-19.6,-1.4,8.19
35114.0,-8.272,-1.469,-5.609,-8.181,0.096,-6.104,-15.68,-0.7,14.14
,-8.399,-0.988,-5.731,-8.129,0.325,-6.08,-10.57,-3.43,13.79
,-8.019,-0.402,-5.812,-8.277,0.433,-5.903,-6.86,-4.9,13.37
,-8.119,-0.026,-6.054,-8.224,0.584,-5.946,-6.79,-6.09,13.23
35189.0,-8.296,0.804,-5.915,-8.39,0.268,-5.461,-3.5,-6.09,7.35
,-8.397,0.802,-5.882,-8.349,0.115,-5.695,-3.15,-6.23,5.81
,-8.37,0.804,-5.671,-8.227,0.067,-5.626,-3.15,-6.02,5.32
,-8.22,0.486,-5.475,-8.387,0.426,-5.642,-3.64,-6.58,4.13
35264.0,-8.126,0.457,-5.769,-8.425,-0.591,-5.063,3.29,-11.34,-1.26
,-8.11,0.251,-5.65,-8.404,-0.629,-5.097,1.96,-10.85,-1.68
,-8.452,-0.168,-5.154,-8.43,-0.581,-5.09,-0.63,-11.06,-2.24
,-8.433,-0.294,-5.121,-8.248,-0.488,-5.116,-3.22,-11.69,-1.75
35339.0,-8.155,-0.421,-5.207,-8.705,-0.266,-5.102,0.49,-9.66,0.91
,-8.239,-0.543,-5.157,-8.588,0.096,-5.202,1.96,-8.47,1.96
,-8.332,-0.538,-5.123,-8.43,0.447,-5.224,3.43,-7.42,3.01
,-8.392,-0.378,-5.044,-8.37,0.122,-4.944,5.6,-6.58,4.2
35414.0,-8.43,0.122,-4.688,-8.469,0.148,-5.214,-0.77,-8.12,2.52
,-8.442,0.187,-4.803,-8.5,0.258,-5.303,0.77,-7.84,1.61
,-8.586,0.065,-4.946,-8.533,0.352,-5.226,2.1,-7.49,1.4
,-8.445,0.067,-5.121,-8.373,0.337,-5.195,3.43,-6.79,1.89
35489.0,-8.418,0.086,-5.14,-8.758,-0.359,-5.035,3.22,-5.53,0.77
,-8.516,-0.201,-5.097,-8.619,-0.182,-5.121,3.01,-4.97,0.56
,-8.528,-0.426,-5.011,-8.473,-0.156,-5.083,3.92,-4.55,0.84
,-8.622,-0.462,-5.032,-8.418,-0.144,-4.941,5.53,-4.62,0.91
35564.0,-8.437,-0.292,-4.829,-8.681,-0.165,-5.147,1.4,-6.37,1.19
,-8.543,-0.558,-4.767,-8.547,0.067,-5.073,0.91,-6.44,1.61
,-8.626,-0.586,-4.817,-8.507,0.112,-4.893,3.15,-7.14,2.03
,-8.717,-0.409,-4.941,-8.54,0.313,-4.527,5.53,-7.49,2.24
35639.0,-8.717,0.464,-4.597,-8.648,0.775,-5.255,6.51,-8.05,0.56
,-8.914,0.447,-4.879,-8.538,0.739,-4.965,4.76,-9.17,-1.4
,-8.775,0.493,-4.846,-8.528,0.495,-4.731,2.31,-10.08,-2.66
,-8.777,0.603,-5.202,-8.789,0.127,-4.506,-0.42,-11.06,-3.99
35714.0,-8.871,-0.029,-4.343,-8.827,-0.682,-4.939,-5.11,-11.27,-9.73
,-8.734,-0.237,-4.417,-8.729,-0.708,-4.697,-5.88,-11.48,-10.01
,-8.722,-0.302,-4.41,-8.547,-0.711,-4.515,-6.79,-11.41,-9.59
,-8.722,-0.514,-4.556,-8.612,-0.744,-4.949,-7.07,-11.41,-9.31
35789.0,-8.725,-0.615,-4.664,-8.746,-0.706,-4.001,-0.98,-11.9,-7.28
,-8.899,-0.383,-4.681,-8.882,-0.663,-4.307,0.77,-11.9,-6.23
,-8.849,-0.223,-4.398,-8.789,-0.586,-4.597,-0.77,-12.32,-6.16
,-8.698,-0.318,-4.152,-8.67,-0.68,-4.377,-2.59,-12.11,-6.23
35864.0,-8.701,-0.849,-4.166,-8.966,0.447,-4.042,1.19,-10.92,-3.5
,-8.756,-0.895,-3.577,-8.763,0.443,-4.446,5.6,-9.87,-2.87
,-9.251,-0.469,-3.764,-8.614,-0.313,-3.821,10.99,-9.66,-2.24
,-9.16,0.007,-4.283,-8.839,-0.692,-3.384,11.41,-10.99,-3.78
35939.0,-9.083,-0.699,-3.439,-8.947,-0.517,-3.685,2.17,-7.0,-5.11
,-9.313,-0.127,-3.372,-8.856,-0.89,-3.453,4.76,-6.51,-4.83
,-9.131,0.067,-3.752,-9.04,-0.907,-3.417,2.8,-6.37,-4.9
,-8.978,-0.067,-3.786,-9.141,-0.718,-3.573,-0.77,-5.46,-4.69
36014.0,-9.155,-0.203,-3.939,-8.878,-0.584,-4.484,6.09,-1.61,-3.29
,-9.002,0.002,-4.128,-8.839,-0.603,-4.568,4.2,-1.4,-3.43
,-8.892,-0.223,-4.233,-8.765,-0.68,-4.295,0.77,-1.19,-3.5
,-8.866,-0.4,-4.324,-8.949,-0.581,-4.185,-0.77,-1.19,-3.57
36089.0,-9.074,-0.553,-3.877,-8.904,-0.246,-4.396,4.41,-1.19,-2.38
,-9.098,-0.385,-3.917,-8.945,-0.223,-4.503,5.6,-0.84,-1.82
,-9.155,-0.28,-4.063,-8.954,-0.089,-4.523,5.46,-1.12,-1.89
,-9.091,-0.306,-4.305,-8.897,-0.079,-4.566,5.11,-1.19,-1.82
36164.0,-8.849,-0.285,-4.274,-8.844,-0.196,-4.204,3.29,-2.59,-3.43
,-9.038,-0.258,-4.269,-9.009,-0.266,-4.594,3.43,-2.66,-3.15
,-9.167,-0.249,-4.396,-8.923,-0.486,-4.353,3.08,-3.43,-3.64
,-9.026,-0.151,-4.52,-8.866,-0.419,-4.518,2.17,-3.85,-4.13
36239.0,-8.959,-0.57,-4.707,-8.88,-1.05,-3.867,-1.75,-6.86,-5.67
,-8.904,-0.517,-4.812,-9.036,-1.141,-3.467,-1.33,-7.63,-5.67
,-8.844,-0.72,-4.683,-9.146,-1.168,-3.269,-1.96,-8.33,-5.67
,-8.851,-0.816,-4.355,-9.229,-1.041,-3.051,-1.96,-8.75,-5.39
36314.0,-9.253,-0.84,-3.046,-9.098,-0.787,-2.788,3.64,-5.39,-1.54
,-9.201,-0.773,-3.116,-9.265,-0.603,-3.056,2.87,-4.41,-1.33
,-9.043,-0.802,-2.948,-9.366,-0.371,-3.36,2.38,-3.29,-0.77
,-9.064,-0.742,-3.027,-9.122,-0.364,-3.479,3.08,-1.75,-0.42
36389.0,-8.985,-0.493,-3.436,-8.863,-0.548,-4.228,0.91,2.94,-0.35
,-9.139,-0.689,-3.74,-8.969,-0.684,-4.575,0.98,3.36,-0.49
,-9.17,-0.651,-4.006,-8.973,-0.749,-4.599,2.52,3.36,-0.42
,-9.028,-0.522,-4.298,-9.019,-0.637,-4.525,3.43,3.08,-0.35
36464.0,-9.05,-0.57,-4.556,-9.146,-0.639,-3.745,6.51,0.42,0.0
,-8.923,-0.749,-4.362,-9.17,-0.366,-3.898,6.37,0.0,0.14
,-8.882,-0.792,-4.113,-9.06,-0.407,-3.826,6.3,-0.07,0.63
,-9.064,-0.84,-3.853,-9.079,-0.555,-3.872,7.42,-0.35,0.77
36539.0,-9.093,-0.632,-3.853,-9.019,-0.601,-4.41,5.18,-0.42,-0.07
,-9.076,-0.531,-3.944,-9.064,-0.847,-4.243,5.95,-0.21,-0.21
,-9.107,-0.5,-4.121,-8.949,-0.952,-4.063,5.81,-0.49,-0.42
,-9.1,-0.479,-4.276,-8.99,-0.742,-3.853,5.18,-0.77,-0.49
36614.0,-9.067,-0.696,-3.47,-9.203,-0.689,-3.35,8.19,-0.7,0.84
,-9.203,-0.591,-3.331,-9.184,-0.849,-3.558,7.49,-0.21,0.77
,-9.337,-0.625,-3.216,-9.038,-0.881,-3.494,5.95,0.28,0.28
,-9.174,-0.677,-3.108,-9.012,-0.797,-3.577,4.97,1.05,0.28
36689.0,-9.206,-0.663,-3.683,-8.93,-0.919,-4.267,6.37,3.99,0.91
,-9.186,-0.572,-3.831,-8.921,-0.883,-4.293,5.95,4.06,0.63
,-9.129,-0.493,-3.924,-8.909,-0.794,-4.137,4.2,4.06,0.42
,-9.107,-0.644,-4.185,-9.134,-0.629,-4.269,2.66,3.99,0.07
36764.0,-9.201,-0.438,-4.367,-9.081,-0.869,-3.987,6.51,2.24,0.84
,-9.016,-0.56,-4.209,-9.095,-0.687,-3.833,4.76,1.75,0.77
,-8.94,-0.833,-4.044,-9.062,-0.68,-3.764,3.71,1.75,0.77
,-9.062,-0.94,-3.898,-9.107,-0.797,-3.644,4.97,1.75,0.84
36839.0,-9.076,-0.72,-3.68,-8.973,-0.749,-4.159,4.69,2.17,1.05
,-9.158,-0.646,-3.752,-8.969,-0.809,-4.245,3.99,2.52,0.91
,-9.17,-0.634,-3.927,-9.014,-0.778,-4.221,2.87,2.45,0.7
,-9.086,-0.682,-4.078,-9.083,-0.735,-4.145,1.96,2.38,0.63
36914.0,-9.06,-0.644,-4.176,-9.033,-0.811,-3.745,3.22,1.4,1.12
,-9.076,-0.704,-4.039,-9.091,-0.794,-3.74,2.8,1.05,0.98
,-9.074,-0.756,-3.915,-9.134,-0.747,-3.728,2.87,1.05,0.91
,-9.048,-0.797,-3.85,-9.122,-0.694,-3.747,3.01,1.12,0.91
36989.0,-9.127,-0.689,-3.872,-9.043,-0.617,-4.171,2.31,2.1,0.91
,-9.019,-0.744,-3.96,-9.045,-0.656,-4.118,1.82,2.03,0.7
,-9.012,-0.67,-4.125,-9.031,-0.713,-4.042,2.03,2.03,0.91
,-9.033,-0.637,-4.168,-9.052,-0.775,-3.915,1.89,2.1,0.91
37064.0,-9.105,-0.656,-3.97,-9.076,-0.845,-3.879,1.82,1.61,0.84
,-9.131,-0.653,-3.922,-9.079,-0.802,-3.836,1.4,1.68,0.7
,-9.012,-0.574,-3.845,-9.186,-0.761,-3.951,0.49,1.75,0.7
,-9.05,-0.648,-3.877,-9.088,-0.692,-3.941,-0.07,1.96,0.56
37139.0,-9.019,-0.596,-4.066,-9.088,-0.763,-4.171,1.4,2.45,0.56
,-9.045,-0.658,-4.104,-9.033,-0.653,-4.192,1.19,2.31,0.42
,-9.038,-0.629,-4.082,-9.019,-0.637,-4.341,1.12,2.17,0.42
,-9.055,-0.684,-4.085,-8.935,-0.601,-4.202,0.91,2.1,0.42
37214.0,-9.0,-0.651,-4.257,-9.057,-0.715,-3.798,0.28,0.7,0.0
,-9.031,-0.759,-4.338,-9.16,-0.61,-3.738,0.35,0.28,0.0
,-8.949,-0.663,-4.183,-9.194,-0.534,-3.778,1.12,-0.14,0.35
,-8.935,-0.687,-3.893,-9.079,-0.651,-3.642,1.61,-0.21,0.49
37289.0,-9.028,-0.804,-3.661,-9.086,-0.615,-3.795,-0.84,0.98,0.0
,-9.045,-0.895,-3.678,-9.057,-0.637,-3.888,-0.21,1.47,0.21
,-9.074,-0.869,-3.625,-9.064,-0.648,-3.999,0.98,1.96,0.42
,-9.105,-0.718,-3.731,-9.028,-0.704,-4.094,1.47,2.38,0.56
37364.0,-8.973,-0.763,-4.121,-8.985,-0.634,-4.216,0.84,3.01,0.35
,-9.048,-0.754,-4.238,-8.978,-0.737,-4.128,1.96,2.59,0.42
,-9.074,-0.648,-4.379,-9.028,-0.701,-4.099,2.45,2.03,0.49
,-8.93,-0.586,-4.35,-9.095,-0.66,-4.07,2.59,1.89,0.63
37439.0,-9.098,-0.658,-4.011,-9.067,-0.715,-3.946,2.73,1.33,0.77
,-9.083,-0.687,-3.989,-9.076,-0.639,-3.996,1.82,1.26,0.56
,-9.009,-0.782,-3.91,-8.995,-0.634,-3.979,1.54,1.33,0.56
,-9.002,-0.782,-3.917,-9.074,-0.711,-4.068,1.96,1.47,0.7
37514.0,-9.05,-0.751,-3.999,-8.993,-0.711,-3.965,1.47,1.61,1.05
,-9.036,-0.723,-4.03,-9.055,-0.701,-3.958,1.75,1.75,1.05
,-9.052,-0.732,-4.003,-9.067,-0.735,-3.936,2.1,1.75,0.84
,-9.036,-0.725,-3.96,-9.031,-0.713,-3.965,2.24,1.54,0.84
37589.0,-9.069,-0.675,-4.015,-9.002,-0.632,-4.231,2.59,1.89,0.91
,-9.05,-0.641,-4.075,-8.997,-0.639,-4.168,2.38,1.75,0.84
,-8.981,-0.644,-4.142,-8.983,-0.692,-4.128,1.96,1.75,0.91
,-9.033,-0.689,-4.166,-8.985,-0.806,-4.08,1.96,1.61,0.7
37664.0,-9.024,-0.756,-3.953,-9.064,-0.591,-4.037,2.24,1.05,1.19
,-9.009,-0.715,-3.896,-9.016,-0.713,-4.073,2.45,1.26,1.26
,-9.088,-0.641,-3.891,-8.966,-0.818,-4.073,2.38,1.05,1.33
,-9.122,-0.596,-3.912,-8.995,-0.799,-4.097,2.1,1.05,1.12
37739.0,-9.016,-0.766,-4.032,-8.959,-0.629,-4.118,3.71,1.26,1.47
,-9.031,-0.715,-3.955,-8.933,-0.713,-4.152,3.92,1.26,1.54
,-9.15,-0.589,-4.066,-9.0,-0.72,-4.128,3.78,1.26,1.26
,-9.107,-0.531,-4.106,-9.055,-0.613,-4.08,3.01,0.98,0.98
37814.0,-9.05,-0.632,-3.972,-9.048,-0.634,-3.972,3.29,0.84,1.26
,-9.028,-0.555,-3.836,-8.988,-0.723,-3.987,3.01,0.84,1.26
,-9.107,-0.574,-3.824,-8.973,-0.742,-4.058,2.45,1.05,1.05
,-9.127,-0.529,-3.9,-9.055,-0.768,-4.073,1.89,1.12,0.77
37889.0,-9.026,-0.689,-3.996,-9.012,-0.656,-4.003,2.38,1.61,1.05
,-9.055,-0.651,-3.932,-9.002,-0.759,-4.039,2.24,1.54,0.98
,-9.095,-0.589,-3.977,-9.021,-0.823,-4.02,2.52,1.61,0.91
,-9.083,-0.598,-3.975,-9.033,-0.737,-4.027,2.1,1.47,0.84
37964.0,-9.091,-0.565,-4.032,-9.067,-0.761,-3.86,4.48,1.82,1.26
,-9.064,-0.503,-4.042,-9.081,-0.66,-3.972,3.78,1.47,0.98
,-9.016,-0.505,-3.934,-9.028,-0.651,-4.02,2.66,1.61,0.98
,-9.005,-0.684,-3.893,-9.057,-0.704,-3.951,1.82,1.82,0.84
38039.0,-9.045,-0.627,-4.152,-9.0,-0.718,-4.19,1.68,2.03,0.77
,-9.014,-0.648,-4.109,-8.94,-0.711,-4.082,1.75,1.82,0.77
,-8.971,-0.675,-4.183,-9.088,-0.675,-4.001,1.82,1.54,0.84
,-9.019,-0.665,-4.221,-9.057,-0.613,-3.975,2.03,1.54,0.84
38114.0,-9.095,-0.577,-4.015,-8.99,-0.694,-4.022,2.52,1.19,0.7
,-9.057,-0.634,-3.977,-9.028,-0.67,-3.965,1.96,1.26,0.7
,-8.988,-0.651,-3.999,-9.072,-0.684,-3.975,2.17,1.33,0.7
,-9.038,-0.677,-4.068,-9.067,-0.651,-3.984,2.59,1.54,0.84
38189.0,-9.086,-0.567,-3.982,-9.009,-0.625,-4.164,2.1,1.54,0.63
,-9.024,-0.601,-4.068,-8.99,-0.639,-4.147,1.47,1.68,0.63
,-8.973,-0.687,-4.037,-9.007,-0.684,-4.085,1.33,1.68,0.56
,-9.016,-0.644,-4.13,-9.04,-0.689,-4.032,1.54,1.61,0.56
38264.0,-9.036,-0.634,-3.972,-9.052,-0.737,-4.046,2.24,1.26,0.63
,-9.062,-0.579,-3.881,-8.947,-0.723,-4.145,1.82,1.19,0.35
,-9.083,-0.524,-3.955,-9.072,-0.605,-4.209,0.63,1.33,-0.14
,-9.067,-0.514,-3.967,-9.016,-0.593,-4.166,-0.84,1.26,-0.42
38339.0,-9.079,-0.67,-4.087,-8.997,-0.78,-4.145,0.07,1.75,0.42
,-9.088,-0.704,-4.032,-9.002,-0.739,-4.125,0.07,1.54,0.56
,-9.028,-0.73,-4.037,-9.007,-0.682,-4.058,0.42,1.54,0.49
,-8.995,-0.744,-4.13,-9.062,-0.634,-4.034,1.19,1.47,0.49
38414.0,-9.1,-0.615,-4.008,-9.072,-0.711,-4.039,3.08,1.4,0.77
,-9.076,-0.596,-4.063,-9.024,-0.718,-4.063,2.87,1.33,0.7
,-8.978,-0.615,-4.025,-9.036,-0.658,-3.984,2.73,1.47,0.63
,-9.007,-0.682,-4.061,-9.024,-0.704,-3.97,2.73,1.33,0.7
38489.0,-9.055,-0.625,-3.932,-9.048,-0.67,-4.025,2.87,1.61,0.98
,-9.038,-0.589,-3.958,-8.985,-0.711,-4.073,2.38,1.61,0.84
,-9.074,-0.62,-3.941,-8.952,-0.632,-4.123,2.03,1.54,0.63
,-9.095,-0.684,-3.979,-9.019,-0.605,-4.168,1.96,1.75,0.63
38564.0,-9.014,-0.675,-4.087,-9.028,-0.648,-4.046,3.08,1.68,0.91
,-8.997,-0.639,-4.135,-8.997,-0.668,-4.073,3.15,1.61,0.91
,-9.062,-0.625,-4.022,-9.009,-0.677,-4.085,3.29,1.47,0.84
,-9.072,-0.66,-3.982,-9.002,-0.696,-4.013,3.36,1.47,0.91
38639.0,-9.002,-0.689,-4.066,-9.045,-0.66,-4.094,2.52,1.54,0.56
,-9.036,-0.646,-4.054,-9.007,-0.658,-4.025,2.45,1.54,0.7
,-8.988,-0.62,-4.058,-8.969,-0.663,-4.07,2.17,1.54,0.56
,-9.019,-0.627,-4.056,-9.009,-0.689,-4.168,1.96,1.54,0.56
38714.0,-8.997,-0.637,-4.13,-9.021,-0.663,-4.039,2.1,1.26,0.63
,-8.949,-0.699,-4.116,-9.031,-0.692,-3.958,2.03,1.19,0.63
,-9.005,-0.756,-4.104,-9.076,-0.637,-3.951,2.38,1.26,0.63
,-9.031,-0.701,-4.085,-9.098,-0.596,-4.003,2.8,1.26,0.7
38789.0,-8.995,-0.61,-4.058,-8.99,-0.613,-4.212,2.31,1.33,0.56
,-8.985,-0.639,-4.075,-9.04,-0.61,-4.214,1.96,1.61,0.7
,-9.038,-0.737,-4.116,-9.043,-0.692,-4.19,1.96,1.61,0.7
,-9.019,-0.696,-4.142,-8.971,-0.675,-4.149,2.52,1.61,0.7
38864.0,-9.014,-0.663,-4.113,-9.04,-0.639,-3.977,3.01,1.05,0.91
,-9.024,-0.632,-4.058,-9.021,-0.696,-3.965,3.15,1.12,0.91
,-9.057,-0.672,-4.001,-9.028,-0.68,-3.944,3.08,1.05,1.05
,-9.048,-0.68,-3.946,-9.021,-0.708,-3.915,3.15,0.98,1.05
38939.0,-9.079,-0.701,-3.932,-9.031,-0.689,-4.061,3.08,1.68,1.05
,-9.036,-0.62,-4.006,-9.007,-0.665,-4.058,3.22,1.82,1.05
,-9.05,-0.66,-4.008,-9.031,-0.646,-4.104,2.73,1.75,0.91
,-8.988,-0.696,-4.025,-8.981,-0.682,-4.027,2.52,1.89,1.05
39014.0,-9.048,-0.668,-4.03,-8.988,-0.718,-4.25,2.87,1.89,0.91
,-9.079,-0.632,-4.087,-8.949,-0.694,-4.283,2.94,1.89,0.84
,-9.074,-0.572,-4.133,-8.964,-0.601,-4.257,2.52,1.89,0.77
,-9.0,-0.639,-4.209,-9.019,-0.62,-4.204,1.96,1.61,0.7
39089.0,-8.993,-0.593,-4.133,-8.957,-0.754,-4.006,2.66,0.98,0.91
,-9.043,-0.613,-4.101,-9.024,-0.742,-3.936,2.45,0.98,0.84
,-8.995,-0.67,-4.097,-9.024,-0.651,-3.984,2.03,0.84,0.77
,-8.993,-0.692,-4.037,-9.06,-0.605,-3.963,1.75,0.84,0.77
39164.0,-9.043,-0.613,-4.032,-8.976,-0.684,-4.121,2.1,1.4,0.91
,-9.026,-0.672,-4.042,-8.99,-0.62,-4.058,1.89,1.54,0.84
,-9.012,-0.72,-4.092,-9.067,-0.605,-4.087,2.1,1.68,0.91
,-8.985,-0.723,-4.135,-9.016,-0.586,-4.063,2.52,1.82,0.91
39239.0,-8.985,-0.658,-4.044,-8.993,-0.646,-4.113,1.82,1.47,0.77
,-9.031,-0.687,-4.027,-8.997,-0.72,-4.068,1.96,1.47,0.77
,-9.024,-0.634,-4.046,-9.028,-0.67,-4.118,2.31,1.4,0.77
,-9.009,-0.629,-4.14,-9.031,-0.586,-4.135,2.24,1.54,0.91
39314.0,-9.007,-0.565,-4.176,-9.014,-0.658,-3.977,1.89,1.26,0.77
,-9.012,-0.694,-4.123,-9.045,-0.641,-3.991,1.68,1.26,0.77
,-8.985,-0.754,-4.123,-9.067,-0.684,-3.987,2.31,1.26,0.84
,-9.014,-0.675,-4.094,-9.052,-0.653,-4.011,2.8,1.12,0.91
39389.0,-9.04,-0.644,-4.099,-9.012,-0.653,-4.19,2.31,1.47,0.77
,-9.043,-0.658,-4.18,-9.028,-0.625,-4.121,2.31,1.4,0.7
,-8.949,-0.689,-4.221,-9.012,-0.608,-4.056,2.59,1.4,0.84
,-8.971,-0.708,-4.183,-9.043,-0.629,-4.015,3.15,1.26,0.84
39464.0,-9.0,-0.632,-3.989,-9.038,-0.701,-4.011,2.24,0.91,0.84
,-9.031,-0.651,-3.934,-8.957,-0.644,-4.061,2.17,1.05,0.84
,-9.055,-0.701,-3.977,-8.997,-0.696,-4.08,2.17,1.19,0.77
,-9.031,-0.684,-3.996,-8.993,-0.658,-4.032,2.52,1.33,0.84
39539.0,-9.031,-0.622,-4.073,-8.945,-0.593,-4.219,2.1,1.33,0.7
,-9.048,-0.641,-4.089,-8.997,-0.653,-4.185,2.17,1.47,0.77
,-8.99,-0.608,-4.168,-8.969,-0.737,-4.113,2.24,1.54,0.7
,-9.007,-0.62,-4.219,-9.009,-0.725,-3.991,2.45,1.47,0.77
39614.0,-9.036,-0.653,-3.915,-9.005,-0.754,-4.125,3.22,0.98,0.91
,-9.088,-0.584,-3.958,-9.002,-0.761,-4.212,2.94,1.26,0.84
,-9.081,-0.57,-3.999,-8.947,-0.639,-4.19,2.1,1.33,0.63
,-9.014,-0.651,-4.022,-8.978,-0.627,-4.123,1.54,1.4,0.42
39689.0,-9.024,-0.644,-4.056,-9.014,-0.663,-4.058,2.24,1.19,0.77
,-9.045,-0.591,-4.034,-8.993,-0.682,-4.159,2.1,1.19,0.77
,-9.036,-0.562,-4.042,-8.973,-0.675,-4.135,1.89,1.12,0.63
,-9.028,-0.61,-4.066,-8.983,-0.644,-4.094,1.82,1.26,0.56
39764.0,-8.983,-0.68,-4.001,-9.048,-0.68,-4.013,3.22,1.19,0.77
,-9.045,-0.656,-3.979,-9.012,-0.591,-4.042,3.08,1.33,0.7
,-9.019,-0.694,-3.91,-9.0,-0.653,-4.061,2.66,1.54,0.77
,-9.028,-0.672,-3.972,-9.007,-0.699,-4.097,2.66,1.75,0.7
39839.0,-8.981,-0.641,-4.135,-8.985,-0.656,-4.111,2.8,1.75,0.98
,-9.007,-0.572,-4.14,-9.05,-0.593,-4.121,2.59,1.68,0.84
,-8.959,-0.639,-4.123,-8.978,-0.608,-4.19,2.17,1.68,0.7
,-9.019,-0.684,-4.111,-9.012,-0.658,-4.116,2.03,1.4,0.63
39914.0,-9.036,-0.711,-4.166,-9.002,-0.687,-4.046,1.89,1.19,0.56
,-8.978,-0.72,-4.14,-9.019,-0.672,-3.975,2.1,1.12,0.7
,-9.014,-0.723,-4.044,-9.067,-0.646,-4.018,2.17,1.19,0.84
,-9.028,-0.759,-4.034,-9.04,-0.637,-4.07,2.31,1.26,0.77
39989.0,-9.067,-0.622,-4.099,-9.038,-0.67,-4.207,2.24,1.4,0.91
,-9.0,-0.651,-4.128,-8.981,-0.672,-4.18,2.45,1.54,0.98
,-8.995,-0.639,-4.173,-8.964,-0.67,-4.135,2.59,1.4,1.05
,-8.971,-0.665,-4.183,-8.978,-0.732,-4.104,2.87,1.12,0.98
40064.0,-8.993,-0.694,-4.044,-9.005,-0.692,-4.025,3.22,0.77,1.12
,-9.05,-0.637,-4.025,-9.048,-0.634,-4.051,3.43,1.05,1.12
,-9.028,-0.648,-4.022,-9.019,-0.677,-4.054,3.01,0.91,0.98
,-9.0,-0.66,-3.984,-8.995,-0.637,-4.063,2.66,1.05,1.05
40139.0,-9.069,-0.593,-4.13,-9.038,-0.699,-4.176,2.52,0.98,0.84
,-8.993,-0.596,-4.154,-8.981,-0.629,-4.142,2.31,1.05,0.84
,-8.973,-0.692,-4.159,-8.988,-0.629,-4.066,2.24,0.91,0.84
,-9.043,-0.704,-4.166,-9.043,-0.608,-4.013,2.52,0.77,0.84
40214.0,-9.048,-0.608,-3.996,-9.072,-0.625,-4.032,3.29,0.91,1.05
,-9.062,-0.651,-3.953,-9.019,-0.625,-4.092,2.94,1.05,1.05
,-9.021,-0.694,-3.922,-8.954,-0.706,-4.104,2.73,1.12,0.98
,-9.079,-0.653,-3.979,-8.993,-0.711,-4.161,2.8,1.05,0.91
40289.0,-9.002,-0.67,-4.202,-9.052,-0.577,-4.099,2.59,1.26,0.91
,-9.024,-0.634,-4.171,-9.04,-0.62,-4.025,2.59,1.19,0.98
,-9.024,-0.596,-4.156,-9.021,-0.637,-3.97,2.52,0.98,0.98
,-9.016,-0.641,-4.051,-9.04,-0.692,-4.02,2.8,0.98,0.98
40364.0,-9.031,-0.66,-4.068,-9.028,-0.689,-3.999,2.73,1.19,0.77
,-9.007,-0.603,-4.097,-9.081,-0.601,-3.987,2.52,1.19,0.77
,-8.988,-0.641,-4.03,-9.016,-0.57,-4.078,2.03,1.33,0.7
,-9.009,-0.735,-4.027,-9.016,-0.639,-4.111,2.03,1.47,0.7
40439.0,-8.966,-0.711,-4.111,-9.055,-0.574,-4.046,1.89,1.4,0.7
,-8.99,-0.727,-4.145,-9.057,-0.584,-4.101,2.24,1.47,0.77
,-8.981,-0.706,-4.128,-9.036,-0.598,-4.089,2.59,1.19,0.7
,-9.014,-0.644,-4.073,-8.995,-0.66,-4.087,2.73,1.26,0.7
40514.0,-9.021,-0.751,-4.08,-9.036,-0.646,-4.039,2.31,1.19,0.56
,-9.009,-0.735,-4.056,-9.009,-0.639,-4.003,2.45,1.19,0.63
,-9.005,-0.694,-4.022,-9.007,-0.653,-4.13,2.31,1.19,0.7
,-9.014,-0.646,-4.015,-8.985,-0.663,-4.101,2.24,1.4,0.7
40589.0,-9.031,-0.692,-4.142,-9.021,-0.632,-4.121,1.54,1.19,0.7
,-9.002,-0.689,-4.178,-9.012,-0.634,-4.099,1.82,1.19,0.77
,-8.957,-0.701,-4.133,-9.014,-0.687,-4.049,2.03,0.98,0.91
,-8.966,-0.732,-4.173,-9.076,-0.668,-4.015,2.59,1.12,0.98
40664.0,-9.0,-0.627,-4.078,-8.995,-0.627,-4.152,3.08,0.77,1.05
,-9.05,-0.634,-4.039,-8.99,-0.708,-4.164,3.15,0.84,0.84
,-8.993,-0.641,-4.082,-8.947,-0.711,-4.147,2.94,0.91,0.91
,-9.005,-0.658,-4.099,-9.005,-0.651,-4.13,2.73,0.84,0.91
40739.0,-9.019,-0.672,-4.097,-9.016,-0.639,-4.078,3.22,0.42,1.05
,-9.04,-0.589,-4.049,-9.012,-0.751,-4.018,3.22,0.42,1.19
,-9.069,-0.565,-4.039,-9.012,-0.675,-4.063,2.8,0.35,0.98
,-9.074,-0.629,-4.006,-9.026,-0.641,-4.046,2.45,0.35,0.98
40814.0,-9.062,-0.596,-3.967,-9.002,-0.747,-4.089,3.57,0.7,1.12
,-9.093,-0.577,-4.075,-8.983,-0.792,-4.149,2.87,0.63,0.84
,-9.057,-0.565,-4.068,-9.012,-0.653,-4.08,2.17,0.63,0.91
,-8.978,-0.637,-4.046,-9.028,-0.68,-4.075,1.47,0.63,0.77
40889.0,-9.009,-0.68,-4.037,-8.99,-0.637,-4.159,3.22,0.21,1.12
,-9.038,-0.574,-4.046,-9.012,-0.687,-4.209,3.22,0.0,1.05
,-9.079,-0.546,-4.133,-9.048,-0.751,-4.178,2.52,-0.14,0.84
,-9.033,-0.55,-4.168,-9.04,-0.601,-4.178,1.75,-0.14,0.84
40965.0,-9.048,-0.57,-4.178,-9.052,-0.701,-3.908,1.96,-0.91,0.91
,-9.028,-0.713,-3.999,-9.031,-0.708,-3.924,1.54,-1.12,1.05
,-9.04,-0.72,-3.908,-9.05,-0.646,-4.054,1.26,-0.98,1.12
,-9.093,-0.715,-3.927,-9.057,-0.656,-4.152,1.33,-0.91,0.98
41040.0,-9.026,-0.634,-4.247,-9.024,-0.598,-4.056,1.82,-1.26,0.98
,-8.99,-0.713,-4.154,-9.016,-0.605,-3.982,2.38,-1.26,1.12
,-8.976,-0.61,-4.061,-9.064,-0.639,-3.934,2.73,-1.33,1.12
,-9.045,-0.56,-4.07,-9.072,-0.639,-3.929,2.94,-1.47,1.05
41116.0,-9.122,-0.646,-3.9,-9.167,-0.548,-3.503,4.48,-1.05,1.82
,-9.081,-0.651,-3.702,-9.222,-0.493,-3.666,4.55,-0.84,1.96
,-9.06,-0.67,-3.635,-9.153,-0.471,-3.738,4.27,-0.49,1.89
,-9.088,-0.641,-3.489,-9.05,-0.579,-3.884,4.13,0.07,1.89
41191.0,-9.016,-0.67,-3.927,-9.021,-0.481,-4.2,-0.84,1.19,1.47
,-9.019,-0.713,-4.082,-8.99,-0.486,-4.202,-0.14,1.05,1.54
,-9.026,-0.648,-4.082,-9.002,-0.684,-4.092,0.91,1.05,1.75
,-9.105,-0.577,-4.178,-9.024,-0.718,-3.987,1.47,0.84,1.61
41267.0,-9.112,-0.658,-4.013,-9.014,-0.739,-3.927,1.75,0.07,1.96
,-9.158,-0.474,-4.142,-9.091,-0.818,-3.939,2.03,-0.21,1.75
,-9.064,-0.402,-4.13,-9.072,-0.739,-3.824,1.47,-0.49,1.68
,-8.978,-0.57,-4.018,-9.146,-0.601,-3.867,0.28,-0.49,1.82
41343.0,-9.155,-0.452,-3.91,-9.112,-0.675,-3.589,4.06,-0.21,2.66
,-9.06,-0.471,-3.872,-9.129,-0.608,-3.506,3.36,0.14,2.59
,-9.074,-0.579,-3.826,-9.189,-0.503,-3.558,2.66,0.28,2.38
,-9.067,-0.651,-3.652,-9.186,-0.51,-3.683,3.22,0.7,2.66
41419.0,-9.129,-0.577,-3.565,-9.119,-0.438,-3.812,4.62,2.52,3.22
,-9.093,-0.665,-3.482,-9.107,-0.57,-3.764,4.55,3.08,3.22
,-9.131,-0.589,-3.417,-9.124,-0.701,-3.941,5.11,3.64,3.29
,-9.215,-0.416,-3.57,-9.072,-0.723,-3.762,5.74,4.13,3.36
41495.0,-9.06,-0.591,-3.673,-9.076,-0.735,-3.884,-0.07,3.99,1.47
,-9.007,-0.414,-3.656,-8.909,-0.998,-3.494,0.14,4.2,1.47
,-9.095,-0.251,-3.601,-8.988,-0.876,-3.405,-0.77,4.48,1.33
,-9.217,-0.352,-4.034,-9.107,-0.727,-3.252,-2.94,4.55,0.77
41570.0,-9.148,-0.443,-3.18,-8.859,-0.16,-4.204,1.05,7.63,2.87
,-9.368,-0.144,-3.838,-8.973,-0.302,-4.032,-0.35,7.14,1.54
,-9.028,0.005,-4.259,-9.115,-0.409,-4.712,-4.06,6.44,0.63
,-8.804,-0.017,-4.109,-8.981,-0.366,-4.635,-6.37,6.65,0.77
41646.0,-8.818,-0.404,-4.369,-9.332,-0.742,-4.319,-3.64,6.09,0.49
,-8.899,-0.577,-4.295,-9.201,-0.402,-4.681,-3.29,6.16,0.42
,-8.923,-0.936,-3.778,-8.914,-0.299,-4.75,-1.82,6.72,1.26
,-9.16,-1.017,-3.872,-8.595,-0.668,-4.573,1.4,6.65,2.31
41721.0,-8.784,-0.96,-4.35,-8.772,-0.141,-4.582,-0.07,3.85,2.66
,-8.99,-0.926,-4.374,-8.815,-0.546,-4.207,4.9,3.92,3.5
,-9.05,-0.45,-4.566,-8.978,-0.909,-3.924,8.89,3.36,3.64
,-8.969,-0.168,-4.922,-9.275,-0.818,-4.097,7.77,2.17,2.94
41797.0,-9.201,-0.254,-4.099,-9.299,-0.926,-3.793,7.91,1.19,3.78
,-8.945,-0.045,-4.166,-9.349,-0.493,-3.525,5.32,0.84,2.87
,-8.787,-0.287,-4.001,-9.342,0.024,-4.369,1.47,1.68,2.03
,-8.861,-0.72,-3.419,-9.016,0.321,-4.891,1.19,3.08,2.87
41873.0,-8.775,0.156,-4.972,-9.186,-0.275,-3.654,-1.96,-0.98,1.19
,-8.629,-0.447,-4.372,-9.141,0.129,-3.704,-4.06,0.77,1.05
,-8.796,-0.912,-3.623,-8.859,-0.043,-3.463,-0.84,2.59,1.4
,-9.038,-0.759,-3.577,-8.871,-0.68,-3.333,4.55,2.73,1.19
41949.0,-9.131,-0.833,-3.436,-8.636,-0.428,-3.872,5.81,7.07,2.73
,-9.399,-0.447,-4.319,-8.942,-0.814,-3.142,10.15,5.39,3.43
,-8.899,-0.029,-4.673,-9.287,-0.888,-3.606,11.9,4.83,3.57
,-8.708,0.069,-4.463,-9.22,-0.658,-3.795,11.13,5.88,3.36
42024.0,-8.957,-0.44,-3.977,-9.323,0.136,-4.348,11.06,8.96,3.92
,-8.538,-0.531,-3.996,-9.088,0.814,-4.913,8.89,10.64,3.64
,-8.708,-0.704,-3.436,-8.638,0.833,-4.992,9.03,12.81,4.13
,-9.21,-0.526,-3.683,-8.409,0.235,-4.568,10.78,11.48,3.85
42100.0,-8.559,-0.311,-3.92,-8.83,-0.907,-4.109,0.42,11.62,-1.54
,-9.0,-0.668,-3.647,-8.746,-0.972,-4.128,2.59,12.6,-1.89
,-9.306,-0.797,-3.687,-8.717,-0.668,-4.377,4.97,12.39,-1.68
,-9.158,-0.756,-3.812,-8.727,-0.251,-4.477,6.16,12.18,-0.84
42175.0,-8.835,0.191,-4.523,-8.631,-0.66,-4.542,10.64,14.07,2.17
,-8.811,0.208,-4.752,-8.825,-0.969,-4.369,8.82,13.58,0.77
,-8.981,-0.05,-4.719,-8.748,-1.12,-4.401,4.69,12.81,-0.84
,-8.806,-0.273,-4.733,-8.748,-1.194,-4.408,0.98,12.25,-1.54
42251.0,-8.727,-1.027,-4.582,-8.717,0.543,-5.121,5.25,13.86,1.82
,-8.641,-0.704,-4.678,-8.466,0.756,-5.008,7.91,13.86,2.66
,-8.854,-0.412,-4.712,-8.631,0.639,-4.764,8.75,13.65,2.94
,-8.859,0.065,-4.97,-8.868,0.397,-4.508,9.03,11.9,2.03
42327.0,-8.856,0.096,-4.298,-9.012,-0.916,-4.606,-2.45,13.02,-5.25
,-8.67,-0.203,-4.305,-8.701,-1.117,-4.92,-2.45,14.14,-5.04
,-8.739,-0.383,-4.247,-8.306,-1.426,-5.128,-1.33,15.12,-4.27
,-8.945,-0.548,-4.554,-8.318,-1.965,-4.817,0.63,14.63,-3.64
42403.0,-8.5,-2.077,-4.738,-8.392,-1.22,-5.224,5.88,9.38,1.05
,-8.447,-2.051,-4.905,-8.337,-1.17,-5.104,9.1,8.54,1.26
,-8.547,-1.862,-5.035,-8.409,-1.003,-5.279,12.74,8.96,1.89
,-8.375,-1.601,-5.205,-8.385,-1.106,-5.025,15.61,9.1,1.82
42479.0,-8.763,-1.405,-4.542,-8.258,-0.395,-5.126,14.07,9.31,4.41
,-8.765,-1.811,-4.326,-8.066,-0.062,-5.197,16.24,10.57,6.09
,-9.146,-1.586,-4.324,-8.133,-0.153,-5.059,20.51,9.66,6.51
,-8.622,-1.024,-4.858,-8.43,0.369,-5.389,25.55,8.47,6.23
42554.0,-8.607,0.826,-5.535,-8.545,-0.608,-4.81,31.08,11.62,6.93
,-8.648,0.742,-5.482,-8.521,-1.05,-4.721,29.12,11.55,5.88
,-8.605,0.392,-5.145,-8.38,-1.194,-4.917,25.83,11.2,4.34
,-8.737,-0.093,-4.891,-8.595,-1.01,-5.188,21.56,12.25,3.43
42630.0,-8.459,-0.323,-5.427,-8.437,-0.443,-5.791,32.27,11.13,-1.68
,-8.153,-0.017,-5.843,-8.402,-0.646,-5.872,31.85,10.64,-2.94
,-8.205,0.124,-5.999,-8.411,-1.096,-5.674,28.7,10.64,-3.92
,-8.361,-0.074,-5.757,-8.294,-1.259,-5.432,24.64,10.85,-4.9
42706.0,-8.509,-1.613,-5.243,-8.327,-0.57,-5.93,20.93,11.48,-3.36
,-8.311,-1.383,-5.434,-8.344,-0.974,-5.791,21.77,9.8,-3.85
,-8.483,-1.196,-5.482,-8.303,-1.149,-5.599,22.05,6.86,-4.2
,-8.504,-0.742,-5.812,-8.095,-1.34,-5.848,23.03,3.64,-4.62
42782.0,-8.155,-1.68,-5.853,-8.284,-2.216,-5.305,12.67,2.31,-3.43
,-8.368,-1.883,-5.621,-8.44,-1.907,-5.307,12.25,0.84,-2.24
,-8.167,-2.051,-5.595,-8.311,-1.912,-5.293,11.41,-0.56,-0.7
,-8.076,-2.288,-5.432,-8.342,-1.876,-5.353,11.48,-0.07,1.12
42857.0,-8.492,-1.795,-5.13,-8.39,-0.981,-5.004,14.7,1.12,7.42
,-8.306,-1.759,-5.209,-8.349,-0.591,-5.451,13.23,0.14,8.12
,-8.177,-1.577,-5.279,-8.603,-0.4,-5.307,13.58,0.28,8.61
,-8.346,-1.218,-5.02,-8.473,-0.297,-5.341,13.65,0.49,8.68
42933.0,-8.311,-0.402,-5.133,-8.181,-1.098,-5.621,7.98,0.21,3.36
,-8.303,-0.553,-5.205,-8.308,-1.443,-5.367,6.93,1.33,2.59
,-8.373,-0.644,-5.248,-8.191,-1.572,-5.343,6.16,2.73,1.96
,-8.433,-1.127,-5.284,-8.246,-1.551,-5.176,5.25,3.85,1.68
43008.0,-8.435,-1.709,-4.92,-8.306,-1.819,-4.343,2.52,2.03,2.94
,-8.318,-1.591,-4.922,-8.351,-1.378,-4.917,3.01,1.61,2.59
,-8.289,-1.261,-5.011,-8.423,-1.182,-5.169,1.82,3.29,1.12
,-8.138,-2.955,-3.441,-8.373,-0.73,-5.353,-6.65,5.67,-0.07
43084.0,-8.203,-0.694,-5.552,-8.291,-0.89,-5.609,1.19,4.06,2.31
,-8.177,-0.986,-5.513,-8.378,-0.957,-5.779,-0.91,5.32,2.31
,-8.21,-1.082,-5.307,-8.346,-1.292,-5.726,-1.54,7.14,2.24
,-8.191,-1.036,-5.386,-8.234,-1.539,-5.791,-1.33,8.82,1.96
43160.0,-8.244,-1.61,-5.743,-8.076,-1.572,-5.616,-6.23,11.48,3.01
,-8.354,-1.687,-5.731,-8.191,-1.369,-5.853,-7.91,11.48,3.64
,-8.313,-1.821,-5.458,-8.387,-1.029,-5.86,-9.45,11.06,4.69
,-8.15,-1.68,-5.406,-8.447,-0.945,-5.824,-10.64,9.8,6.16
43236.0,-8.282,-0.998,-5.793,-8.291,0.132,-6.1,-13.58,8.26,7.91
,-8.315,-0.742,-5.791,-8.37,0.101,-6.076,-12.95,7.77,6.65
,-8.299,-0.383,-5.958,-8.291,-0.074,-6.004,-12.81,7.21,5.6
,-8.306,-0.153,-5.899,-8.21,-0.452,-5.846,-13.02,6.09,4.76
43312.0,-8.366,-0.751,-5.702,-8.279,-1.256,-5.891,-24.99,2.8,2.94
,-8.27,-0.962,-5.683,-8.16,-1.383,-5.97,-24.71,1.75,3.08
,-8.33,-1.261,-5.8,-8.215,-1.881,-5.642,-24.78,1.4,3.99
,-8.258,-1.285,-5.937,-8.16,-1.938,-5.554,-23.8,1.12,5.04
43387.0,-8.203,-1.783,-5.554,-8.323,0.079,-5.894,-21.49,-0.56,13.58
,-8.222,-1.259,-5.616,-8.339,-0.124,-5.623,-17.78,-1.12,14.91
,-8.253,-0.775,-5.633,-8.215,0.079,-5.583,-14.28,-2.38,15.12
,-8.265,-0.031,-5.793,-8.174,0.158,-5.681,-11.41,-4.41,14.49
43463.0,-8.212,0.038,-5.714,-8.212,0.06,-5.834,-13.02,-4.13,10.71
,-8.253,0.031,-5.887,-8.181,-0.132,-5.616,-10.29,-3.78,9.24
,-8.442,0.005,-5.858,-8.253,-0.196,-5.587,-7.98,-4.76,7.07
,-8.26,0.06,-5.853,-8.397,-0.371,-5.628,-7.56,-5.95,5.53
43539.0,-8.33,-0.33,-5.686,-7.949,-0.187,-5.571,-6.23,-6.86,3.43
,-8.059,-0.103,-5.607,-8.143,-0.574,-5.315,-4.55,-7.49,2.94
,-8.189,0.12,-5.812,-8.536,-0.593,-5.097,-2.52,-7.56,2.31
,-8.229,0.002,-5.798,-8.684,-0.335,-5.178,-2.17,-7.14,1.89
43615.0,-8.48,-0.019,-5.463,-8.294,0.06,-5.31,1.26,-10.85,1.54
,-8.325,-0.127,-5.31,-8.291,0.065,-5.36,0.21,-11.55,1.12
,-8.27,-0.098,-5.501,-8.306,-0.079,-5.267,-0.42,-11.76,0.77
,-8.215,-0.089,-5.477,-8.279,0.031,-5.281,-0.07,-10.92,0.77
43690.0,-8.346,0.05,-5.264,-8.507,0.622,-5.111,3.99,-6.72,2.73
,-8.306,0.203,-5.205,-8.528,0.526,-5.209,5.25,-6.16,2.66
,-8.48,0.407,-5.197,-8.519,0.366,-5.063,6.79,-5.18,2.45
,-8.607,0.524,-5.123,-8.413,0.146,-5.001,7.63,-4.76,2.45
43766.0,-8.526,-0.194,-4.939,-8.576,-0.06,-5.109,-0.84,-5.88,-1.12
,-8.334,-0.361,-4.822,-8.375,0.101,-5.061,0.84,-6.72,-1.96
,-8.576,-0.452,-4.815,-8.44,0.194,-5.128,3.43,-6.79,-2.38
,-8.691,-0.213,-4.992,-8.547,0.019,-5.214,4.34,-7.07,-2.24
43841.0,-8.531,-0.22,-5.293,-8.394,-0.601,-5.066,-1.47,-7.07,-2.52
,-8.469,-0.242,-5.224,-8.624,-0.637,-5.063,-1.54,-7.49,-2.94
,-8.564,-0.33,-5.106,-8.471,-0.67,-5.106,-2.17,-8.26,-3.5
,-8.684,-0.39,-5.109,-8.478,-0.61,-5.071,-3.71,-9.31,-3.78
43917.0,-8.67,-0.495,-5.126,-8.528,0.045,-4.874,1.54,-10.43,-1.26
,-8.574,-0.438,-5.087,-8.591,0.089,-4.724,1.96,-10.08,-0.42
,-8.636,-0.182,-5.095,-8.643,0.031,-4.736,2.8,-10.43,-0.28
,-8.593,-0.124,-5.025,-8.696,-0.017,-4.709,2.94,-10.78,-0.42
43993.0,-8.753,-0.014,-4.604,-8.679,-0.199,-4.302,-0.91,-10.99,-2.38
,-8.674,-0.158,-4.659,-8.741,-0.182,-4.267,-1.96,-11.13,-2.24
,-8.595,-0.182,-4.3,-8.667,-0.39,-4.092,-1.26,-10.78,-2.03
,-8.713,-0.165,-4.472,-8.71,-0.4,-4.011,-0.42,-10.99,-2.38
44069.0,-8.804,-0.313,-4.125,-8.72,0.105,-4.288,1.96,-8.12,-2.24
,-8.882,-0.196,-4.243,-8.861,0.156,-4.317,2.59,-7.77,-2.1
,-8.849,-0.065,-4.168,-8.729,0.05,-4.183,2.59,-7.42,-1.89
,-8.837,-0.017,-4.262,-8.672,-0.33,-3.731,2.17,-7.56,-2.38
44145.0,-8.854,-0.591,-3.491,-9.095,0.223,-4.183,-0.63,-3.08,-2.17
,-9.127,-0.787,-3.326,-8.808,0.481,-4.774,0.7,-2.38,-2.24
,-9.131,-0.68,-3.108,-8.555,0.457,-4.956,2.24,-2.17,-2.59
,-9.172,-0.232,-3.453,-8.509,0.361,-4.896,3.36,-2.45,-2.87
44220.0,-8.583,0.06,-4.475,-8.815,-0.275,-5.054,-4.34,-2.03,-5.39
,-8.82,-0.11,-4.424,-8.574,-0.864,-4.91,-4.13,-1.54,-7.35
,-9.019,0.007,-4.36,-8.521,-1.409,-4.692,-3.85,-1.75,-8.12
,-9.105,-0.014,-4.963,-8.727,-1.618,-4.18,-7.42,-3.01,-9.03
44296.0,-8.973,-1.359,-4.434,-8.413,-1.077,-4.826,-0.56,-1.96,-3.64
,-9.074,-0.983,-4.96,-8.677,-1.189,-4.113,0.84,-3.92,-3.29
,-8.787,-0.696,-5.444,-9.002,-0.883,-3.74,0.14,-5.32,-1.47
,-8.495,-0.759,-5.341,-9.136,-0.424,-3.728,-1.61,-5.81,0.21
44372.0,-9.129,0.134,-3.721,-8.892,-0.12,-4.133,8.61,-4.13,3.71
,-9.086,0.383,-3.927,-8.959,0.048,-4.195,5.81,-3.85,4.06
,-8.995,0.196,-4.171,-8.921,0.349,-4.034,2.59,-3.36,3.29
,-8.789,-0.036,-3.853,-9.007,0.512,-4.36,2.94,-2.38,3.29
44448.0,-8.973,0.483,-4.149,-8.818,-0.778,-3.891,4.06,-2.59,-2.17
,-8.928,0.256,-4.283,-8.952,-0.799,-3.795,0.7,-2.38,-2.8
,-8.945,-0.041,-4.192,-8.949,-1.005,-3.824,-2.94,-2.52,-3.85
,-8.815,-0.426,-4.104,-9.028,-0.701,-3.826,-5.32,-2.45,-4.34
44523.0,-8.945,-0.438,-4.343,-8.727,-0.4,-4.872,0.84,-0.35,-2.45
,-8.777,-0.45,-4.329,-8.861,-0.191,-4.628,-0.28,-0.42,-2.59
,-8.844,-0.524,-4.628,-8.947,-0.055,-4.3,0.77,-0.35,-2.1
,-8.78,-0.754,-5.011,-9.16,0.074,-4.159,1.96,-0.7,-2.45
44599.0,-9.217,0.242,-4.468,-8.859,-0.919,-3.977,3.5,-2.38,-3.15
,-9.028,0.005,-4.944,-9.129,-0.517,-4.018,-1.05,-3.36,-4.34
,-8.698,-0.4,-4.731,-9.201,-0.122,-4.357,-3.15,-3.5,-3.99
,-8.612,-0.838,-4.489,-8.897,0.081,-4.307,-2.17,-3.29,-3.08
44674.0,-8.871,-0.124,-4.396,-9.069,-0.191,-4.147,-2.45,-3.64,-3.36
,-8.873,-0.464,-4.324,-9.048,-0.165,-4.257,-3.43,-3.5,-3.5
,-8.906,-0.555,-4.123,-9.076,-0.304,-4.47,-0.98,-3.43,-3.01
,-8.959,-0.278,-4.195,-8.978,-0.457,-4.573,1.68,-3.5,-3.01
44750.0,-8.792,-0.522,-4.551,-8.997,-0.512,-3.738,-1.05,-4.97,-3.99
,-8.823,-0.677,-4.195,-9.091,-0.536,-3.599,0.28,-4.97,-3.29
,-8.966,-0.67,-4.156,-9.134,-0.512,-3.63,2.24,-4.83,-3.29
,-8.983,-0.562,-3.965,-9.112,-0.457,-3.68,3.29,-4.83,-3.01
44826.0,-9.076,-0.431,-3.843,-9.091,-0.337,-3.757,1.61,-2.31,-2.17
,-8.981,-0.407,-3.853,-9.043,-0.273,-3.774,1.19,-1.89,-2.17
,-8.894,-0.4,-3.637,-9.141,-0.325,-3.91,1.47,-1.26,-1.75
,-9.05,-0.44,-3.759,-9.05,-0.304,-4.042,2.03,-0.49,-1.61
44902.0,-9.083,-0.313,-4.166,-8.804,-0.689,-4.542,-1.26,0.28,-2.94
,-9.021,-0.483,-4.355,-8.854,-0.9,-4.121,-2.31,-0.07,-3.36
,-8.949,-0.507,-4.554,-8.966,-1.034,-3.51,-2.17,-0.28,-3.36
,-8.899,-0.512,-4.721,-9.239,-0.821,-3.453,-1.33,-0.91,-3.36
44977.0,-9.328,-0.433,-3.518,-8.942,-1.094,-3.491,8.05,-0.07,-0.35
,-9.139,-0.237,-3.613,-8.978,-0.89,-3.3,5.67,0.56,-0.63
,-8.921,-0.447,-3.542,-9.191,-0.615,-3.321,2.31,1.33,-0.77
,-8.983,-0.893,-3.704,-9.277,-0.361,-3.408,1.33,2.1,-0.63
45053.0,-9.284,-0.148,-3.857,-8.959,-0.749,-4.597,5.04,5.67,0.56
,-9.009,-0.239,-4.178,-8.983,-0.512,-4.697,2.1,5.46,-0.14
,-8.827,-0.498,-4.247,-8.997,-0.361,-4.649,0.49,5.67,-0.28
,-8.856,-0.778,-4.48,-8.844,-0.447,-4.494,1.54,5.74,-0.28
45129.0,-8.899,-0.57,-4.192,-9.127,-0.524,-3.934,4.76,3.5,0.14
,-8.964,-0.668,-4.027,-8.947,-0.457,-4.044,5.18,3.5,0.21
,-9.083,-0.672,-3.848,-8.897,-0.613,-4.058,5.67,3.5,0.21
,-9.107,-0.519,-3.91,-8.973,-0.742,-4.156,5.74,3.57,0.21
45205.0,-8.969,-0.694,-4.355,-8.909,-0.79,-4.267,4.62,3.99,-0.07
,-8.978,-0.651,-4.379,-8.995,-0.625,-4.41,5.04,3.78,0.14
,-8.973,-0.684,-4.343,-8.997,-0.462,-4.511,5.04,3.36,0.35
,-8.885,-0.771,-4.31,-8.983,-0.392,-4.661,5.53,3.29,0.56
45281.0,-8.837,-0.436,-4.606,-9.038,-0.782,-3.826,6.79,1.68,0.84
,-8.818,-0.608,-4.427,-9.098,-0.651,-3.676,6.44,1.26,0.7
,-8.887,-0.804,-4.307,-9.079,-0.562,-3.735,6.51,1.19,0.7
,-8.993,-0.811,-4.063,-9.052,-0.534,-3.879,7.42,1.26,0.98
45356.0,-8.966,-0.562,-4.008,-8.966,-0.658,-4.125,3.57,2.59,0.14
,-8.878,-0.648,-4.097,-9.009,-0.524,-4.166,2.24,2.73,-0.14
,-8.923,-0.754,-4.094,-9.014,-0.474,-4.247,2.24,3.15,0.07
,-8.952,-0.797,-4.111,-8.971,-0.409,-4.312,3.15,3.43,0.42
45432.0,-8.878,-0.483,-4.451,-8.88,-0.644,-4.281,1.82,3.08,-0.07
,-8.849,-0.651,-4.422,-8.997,-0.57,-4.168,0.98,2.73,-0.42
,-8.892,-0.72,-4.415,-9.016,-0.538,-4.123,1.12,2.45,-0.49
,-8.918,-0.73,-4.422,-9.024,-0.514,-4.24,1.75,2.52,-0.21
45507.0,-8.933,-0.651,-4.312,-8.89,-0.768,-4.362,0.7,2.31,-0.14
,-8.868,-0.766,-4.348,-8.928,-0.634,-4.192,0.35,2.17,-0.07
,-8.856,-0.881,-4.379,-8.959,-0.615,-4.039,1.05,2.1,0.07
,-8.935,-0.878,-4.403,-8.94,-0.68,-3.891,2.38,2.1,0.28
45583.0,-8.99,-0.692,-3.86,-8.899,-0.603,-4.417,0.91,2.94,0.63
,-9.005,-0.715,-3.884,-8.866,-0.644,-4.47,0.84,3.15,0.49
,-9.012,-0.627,-4.092,-8.875,-0.656,-4.432,1.12,3.5,0.49
,-8.997,-0.617,-4.25,-8.923,-0.574,-4.36,1.26,3.36,0.42
45659.0,-9.016,-0.555,-4.398,-8.823,-0.828,-4.456,1.68,2.8,0.14
,-8.976,-0.519,-4.468,-8.868,-0.756,-4.535,1.4,2.38,0.07
,-8.906,-0.577,-4.527,-8.894,-0.598,-4.348,0.56,2.24,-0.07
,-8.847,-0.701,-4.451,-8.961,-0.577,-4.257,0.56,1.89,0.21
45735.0,-9.007,-0.529,-4.118,-9.0,-0.67,-3.96,2.17,1.47,0.56
,-8.997,-0.603,-3.996,-8.957,-0.658,-4.159,1.05,1.82,0.7
,-8.952,-0.759,-3.865,-8.909,-0.656,-4.286,0.21,2.31,0.56
,-8.997,-0.727,-3.805,-8.897,-0.756,-4.247,0.07,2.59,0.49
45810.0,-8.892,-0.759,-4.324,-8.859,-0.572,-4.515,0.7,3.57,0.7
,-8.94,-0.715,-4.372,-8.837,-0.658,-4.549,1.54,3.5,0.77
,-8.961,-0.546,-4.465,-8.851,-0.68,-4.491,1.75,3.36,0.63
,-8.875,-0.522,-4.515,-8.88,-0.67,-4.377,1.54,3.22,0.63
45886.0,-8.921,-0.648,-4.214,-8.88,-0.684,-4.283,2.87,2.52,1.05
,-8.978,-0.629,-4.255,-8.892,-0.763,-4.324,3.08,2.73,1.19
,-8.981,-0.55,-4.288,-8.892,-0.675,-4.348,2.8,2.52,1.05
,-8.88,-0.57,-4.305,-8.933,-0.574,-4.343,1.89,2.45,0.84
45962.0,-8.873,-0.589,-4.317,-8.873,-0.637,-4.324,1.89,2.45,0.84
,-8.892,-0.715,-4.212,-8.949,-0.634,-4.429,1.54,2.66,0.91
,-8.885,-0.653,-4.262,-8.89,-0.615,-4.487,1.54,2.59,0.98
,-8.873,-0.689,-4.252,-8.873,-0.586,-4.518,1.82,2.87,1.12
46038.0,-8.866,-0.672,-4.558,-8.859,-0.579,-4.57,1.82,2.66,0.98
,-8.839,-0.711,-4.511,-8.835,-0.632,-4.573,2.24,2.59,1.19
,-8.871,-0.682,-4.568,-8.794,-0.737,-4.448,2.59,2.1,1.26
,-8.866,-0.625,-4.582,-8.835,-0.727,-4.377,3.15,1.89,1.4
46114.0,-8.916,-0.596,-4.302,-8.861,-0.72,-4.372,3.64,0.84,1.4
,-8.971,-0.543,-4.436,-8.885,-0.682,-4.381,2.94,0.7,1.12
,-8.882,-0.486,-4.386,-8.904,-0.579,-4.298,1.75,0.56,0.98
,-8.849,-0.586,-4.381,-8.909,-0.584,-4.274,1.12,0.42,0.91
46189.0,-8.902,-0.656,-4.274,-8.894,-0.598,-4.247,1.68,0.84,1.19
,-8.887,-0.665,-4.243,-8.921,-0.543,-4.233,1.82,0.77,1.19
,-8.851,-0.622,-4.286,-8.923,-0.586,-4.319,2.1,0.98,1.19
,-8.94,-0.641,-4.238,-8.868,-0.656,-4.346,2.17,0.98,1.19
46265.0,-8.897,-0.701,-4.401,-8.806,-0.644,-4.587,1.82,1.33,0.91
,-8.902,-0.644,-4.547,-8.875,-0.603,-4.53,2.59,1.19,0.98
,-8.835,-0.503,-4.63,-8.868,-0.567,-4.429,2.87,0.84,0.91
,-8.799,-0.543,-4.635,-8.89,-0.495,-4.329,2.45,0.42,0.77
46340.0,-9.009,-0.541,-4.367,-8.894,-0.756,-4.29,2.24,-0.14,0.91
,-8.93,-0.519,-4.367,-8.842,-0.658,-4.176,2.1,-0.21,0.91
,-8.882,-0.572,-4.48,-9.012,-0.591,-4.078,1.54,-0.14,0.77
,-8.787,-0.605,-4.341,-8.981,-0.452,-4.128,1.54,0.07,0.91
46416.0,-8.99,-0.534,-4.149,-8.949,-0.794,-4.214,0.98,0.84,0.56
,-8.873,-0.526,-4.128,-8.935,-0.629,-4.204,-0.21,0.98,0.35
,-8.832,-0.735,-4.161,-8.892,-0.531,-4.19,-0.42,1.26,0.14
,-8.892,-0.864,-4.106,-8.949,-0.543,-4.195,0.56,1.47,0.49
46492.0,-8.947,-0.553,-4.293,-8.882,-0.625,-4.575,2.52,2.24,1.12
,-8.892,-0.574,-4.389,-8.859,-0.546,-4.585,2.1,2.31,0.91
,-8.866,-0.579,-4.477,-8.859,-0.55,-4.36,1.61,2.17,0.7
,-8.835,-0.696,-4.501,-8.909,-0.546,-4.444,1.82,2.17,0.84
46568.0,-8.914,-0.464,-4.346,-8.954,-0.562,-4.221,3.22,1.05,0.98
,-8.885,-0.426,-4.36,-8.954,-0.579,-4.178,2.52,1.12,0.91
,-8.871,-0.61,-4.41,-8.945,-0.601,-4.188,1.89,0.98,0.56
,-8.926,-0.519,-4.252,-8.959,-0.639,-4.243,2.03,1.47,0.7
46643.0,-8.942,-0.572,-4.3,-8.923,-0.634,-4.405,1.89,1.75,0.28
,-8.882,-0.591,-4.336,-8.954,-0.526,-4.367,1.61,1.75,0.21
,-8.863,-0.577,-4.348,-8.89,-0.548,-4.427,1.54,1.68,0.28
,-8.885,-0.608,-4.35,-8.866,-0.546,-4.432,1.96,1.68,0.35
46719.0,-8.868,-0.608,-4.41,-8.873,-0.627,-4.231,3.5,1.47,0.77
,-8.875,-0.665,-4.322,-8.88,-0.617,-4.271,3.78,1.61,0.7
,-8.914,-0.648,-4.307,-8.914,-0.598,-4.288,3.78,1.54,0.49
,-8.839,-0.598,-4.288,-8.892,-0.608,-4.307,3.71,1.4,0.56
46795.0,-8.887,-0.603,-4.343,-8.861,-0.615,-4.453,2.38,1.96,0.63
,-8.885,-0.579,-4.413,-8.88,-0.692,-4.403,3.01,1.82,0.56
,-8.882,-0.577,-4.47,-8.878,-0.617,-4.353,3.15,1.82,0.49
,-8.875,-0.558,-4.48,-8.882,-0.548,-4.338,2.8,1.82,0.56
46871.0,-8.897,-0.512,-4.31,-8.909,-0.658,-4.216,4.2,1.61,0.63
,-8.873,-0.608,-4.24,-8.923,-0.613,-4.286,3.99,1.75,0.84
,-8.882,-0.615,-4.257,-8.899,-0.694,-4.331,3.78,1.82,0.7
,-8.928,-0.66,-4.202,-8.894,-0.591,-4.401,3.99,1.96,0.77
46947.0,-8.832,-0.648,-4.377,-8.866,-0.541,-4.523,3.64,2.45,0.84
,-8.859,-0.663,-4.379,-8.866,-0.634,-4.535,3.57,2.59,0.84
,-8.911,-0.613,-4.446,-8.861,-0.694,-4.491,3.57,2.17,0.63
,-8.909,-0.608,-4.42,-8.815,-0.658,-4.465,3.43,2.1,0.7
47022.0,-8.863,-0.536,-4.451,-8.847,-0.668,-4.314,4.2,1.68,0.91
,-8.897,-0.462,-4.42,-8.89,-0.646,-4.372,3.64,1.68,0.77
,-8.88,-0.541,-4.374,-8.933,-0.615,-4.405,2.66,1.47,0.49
,-8.868,-0.67,-4.384,-8.868,-0.625,-4.329,2.31,1.54,0.49
47098.0,-8.894,-0.656,-4.353,-8.844,-0.672,-4.42,2.45,1.61,0.56
,-8.89,-0.62,-4.396,-8.801,-0.648,-4.403,2.8,1.61,0.56
,-8.892,-0.589,-4.401,-8.885,-0.639,-4.374,2.87,1.61,0.49
,-8.849,-0.66,-4.46,-8.93,-0.644,-4.398,2.66,1.54,0.56
47173.0,-8.88,-0.62,-4.415,-8.885,-0.665,-4.472,3.5,1.33,0.49
,-8.892,-0.601,-4.401,-8.878,-0.603,-4.456,3.15,1.26,0.49
,-8.866,-0.632,-4.369,-8.906,-0.701,-4.429,2.94,1.26,0.49
,-8.868,-0.637,-4.384,-8.911,-0.665,-4.408,2.87,1.4,0.42
47249.0,-8.88,-0.627,-4.41,-8.804,-0.72,-4.487,3.08,1.05,0.63
,-8.88,-0.603,-4.48,-8.832,-0.715,-4.472,2.73,0.91,0.42
,-8.863,-0.617,-4.482,-8.827,-0.739,-4.405,2.45,0.84,0.35
,-8.801,-0.711,-4.468,-8.902,-0.701,-4.367,2.66,0.77,0.42
47325.0,-8.88,-0.625,-4.312,-8.916,-0.625,-4.267,4.34,0.07,0.63
,-8.902,-0.639,-4.29,-8.904,-0.625,-4.259,3.64,0.42,0.7
,-8.923,-0.675,-4.243,-8.839,-0.687,-4.295,3.29,0.56,0.63
,-8.949,-0.641,-4.176,-8.835,-0.73,-4.326,2.94,0.84,0.7
47401.0,-8.854,-0.701,-4.35,-8.859,-0.675,-4.238,2.38,1.12,0.84
,-8.849,-0.66,-4.374,-8.842,-0.562,-4.281,2.45,1.26,0.91
,-8.906,-0.66,-4.326,-8.878,-0.529,-4.257,2.17,1.33,0.98
,-8.933,-0.634,-4.324,-8.916,-0.555,-4.393,2.1,1.19,0.98
47476.0,-8.904,-0.548,-4.448,-8.863,-0.696,-4.458,1.68,1.4,0.84
,-8.806,-0.608,-4.451,-8.878,-0.692,-4.42,1.26,1.47,0.77
,-8.882,-0.713,-4.451,-8.902,-0.665,-4.465,1.61,1.33,0.7
,-8.871,-0.79,-4.487,-8.849,-0.639,-4.499,2.31,1.33,0.77
47552.0,-8.894,-0.637,-4.448,-8.909,-0.637,-4.204,3.85,0.91,1.19
,-8.82,-0.694,-4.41,-8.938,-0.62,-4.283,3.92,0.77,1.26
,-8.866,-0.682,-4.343,-8.911,-0.605,-4.204,4.2,0.56,1.4
,-8.849,-0.684,-4.269,-8.935,-0.56,-4.295,3.85,0.7,1.54
47628.0,-8.882,-0.625,-4.233,-8.835,-0.593,-4.554,2.03,1.26,1.26
,-8.873,-0.648,-4.369,-8.882,-0.668,-4.53,1.82,1.33,1.26
,-8.911,-0.704,-4.446,-8.861,-0.656,-4.401,2.1,1.47,1.26
,-8.849,-0.605,-4.542,-8.875,-0.596,-4.298,2.8,1.33,1.26
47704.0,-8.954,-0.615,-4.214,-8.902,-0.608,-4.384,3.36,0.91,1.12
,-8.923,-0.581,-4.19,-8.873,-0.653,-4.439,3.01,0.98,1.05
,-8.887,-0.598,-4.221,-8.863,-0.73,-4.396,2.59,0.98,0.98
,-8.856,-0.639,-4.298,-8.832,-0.711,-4.451,2.45,1.19,0.91
47780.0,-8.882,-0.627,-4.396,-8.882,-0.706,-4.288,3.36,0.91,1.19
,-8.942,-0.56,-4.408,-8.866,-0.699,-4.255,3.08,0.77,1.05
,-8.873,-0.584,-4.379,-8.911,-0.629,-4.185,2.38,0.7,1.05
,-8.868,-0.637,-4.355,-8.904,-0.584,-4.116,2.03,0.84,0.91
47855.0,-8.957,-0.526,-4.228,-8.866,-0.622,-4.475,2.38,1.19,0.91
,-8.947,-0.536,-4.252,-8.859,-0.596,-4.513,1.47,1.54,0.84
,-8.892,-0.596,-4.262,-8.871,-0.615,-4.518,0.98,1.68,0.7
,-8.89,-0.684,-4.35,-8.878,-0.627,-4.477,1.12,1.54,0.56
47931.0,-8.875,-0.56,-4.429,-8.904,-0.677,-4.357,2.24,1.12,0.7
,-8.88,-0.584,-4.427,-8.859,-0.639,-4.326,1.96,1.12,0.63
,-8.887,-0.651,-4.42,-8.923,-0.663,-4.257,1.75,0.84,0.56
,-8.89,-0.68,-4.35,-8.88,-0.598,-4.247,1.89,0.91,0.56
48006.0,-8.928,-0.589,-4.219,-8.878,-0.62,-4.444,2.45,1.47,0.84
,-8.897,-0.593,-4.252,-8.856,-0.677,-4.456,2.24,1.61,0.77
,-8.904,-0.613,-4.29,-8.844,-0.629,-4.463,2.03,1.47,0.56
,-8.887,-0.625,-4.343,-8.894,-0.593,-4.439,1.89,1.61,0.63
48082.0,-8.916,-0.562,-4.458,-8.902,-0.617,-4.319,3.08,1.05,0.49
,-8.859,-0.584,-4.424,-8.914,-0.656,-4.362,2.94,0.91,0.49
,-8.851,-0.603,-4.413,-8.914,-0.66,-4.264,2.87,0.98,0.42
,-8.899,-0.648,-4.348,-8.863,-0.66,-4.24,2.73,0.98,0.42
48158.0,-8.88,-0.663,-4.3,-8.859,-0.651,-4.401,2.1,1.19,0.49
,-8.892,-0.663,-4.29,-8.856,-0.67,-4.41,2.1,1.26,0.56
,-8.882,-0.62,-4.293,-8.897,-0.675,-4.42,1.89,1.47,0.49
,-8.894,-0.622,-4.372,-8.938,-0.605,-4.377,1.54,1.33,0.21
48234.0,-8.899,-0.56,-4.35,-8.856,-0.692,-4.379,2.1,1.19,0.35
,-8.875,-0.646,-4.326,-8.887,-0.658,-4.377,2.03,1.26,0.42
,-8.909,-0.651,-4.341,-8.847,-0.711,-4.374,2.24,1.19,0.49
,-8.863,-0.646,-4.355,-8.935,-0.639,-4.429,2.59,1.12,0.56
48309.0,-8.863,-0.656,-4.441,-8.859,-0.617,-4.367,2.87,1.12,0.63
,-8.854,-0.668,-4.386,-8.856,-0.711,-4.317,2.87,0.98,0.7
,-8.894,-0.677,-4.441,-8.897,-0.708,-4.281,2.94,1.12,0.7
,-8.887,-0.622,-4.456,-8.89,-0.668,-4.295,2.94,1.12,0.77
48385.0,-8.954,-0.694,-4.29,-8.871,-0.603,-4.417,3.01,1.26,0.98
,-8.887,-0.653,-4.271,-8.878,-0.696,-4.405,3.01,1.4,0.91
,-8.921,-0.634,-4.379,-8.854,-0.644,-4.424,3.01,1.19,0.77
,-8.89,-0.61,-4.362,-8.849,-0.57,-4.422,3.01,1.19,0.84
48461.0,-8.847,-0.622,-4.434,-8.82,-0.62,-4.362,3.43,1.12,0.84
,-8.916,-0.613,-4.379,-8.83,-0.658,-4.259,3.43,1.05,0.91
,-8.906,-0.603,-4.432,-8.94,-0.663,-4.2,3.29,0.84,0.7
,-8.88,-0.574,-4.396,-8.914,-0.61,-4.228,3.22,0.7,0.77
48537.0,-8.954,-0.589,-4.235,-8.885,-0.742,-4.413,2.17,1.05,0.63
,-8.873,-0.66,-4.3,-8.866,-0.634,-4.398,1.33,1.12,0.49
,-8.835,-0.739,-4.312,-8.952,-0.665,-4.338,1.12,1.19,0.42
,-8.894,-0.804,-4.458,-8.926,-0.605,-4.281,1.54,1.19,0.42
48612.0,-8.89,-0.665,-4.279,-8.868,-0.574,-4.357,2.66,0.84,0.7
,-8.878,-0.675,-4.288,-8.878,-0.61,-4.396,2.8,1.05,0.84
,-8.914,-0.67,-4.293,-8.837,-0.711,-4.384,3.01,1.12,0.84
,-8.93,-0.72,-4.314,-8.847,-0.689,-4.35,3.29,1.12,0.84
48688.0,-8.856,-0.668,-4.317,-8.868,-0.608,-4.398,3.5,0.98,0.84
,-8.945,-0.593,-4.324,-8.863,-0.684,-4.393,3.57,0.98,0.98
,-8.882,-0.593,-4.312,-8.859,-0.72,-4.386,3.36,0.98,0.91
,-8.916,-0.598,-4.336,-8.897,-0.689,-4.334,2.94,1.12,0.77
48764.0,-8.906,-0.581,-4.319,-8.88,-0.66,-4.336,2.94,1.05,0.77
,-8.935,-0.565,-4.243,-8.863,-0.689,-4.331,2.59,1.05,0.63
,-8.926,-0.541,-4.245,-8.861,-0.687,-4.348,2.1,1.19,0.56
,-8.945,-0.593,-4.259,-8.859,-0.699,-4.341,1.68,1.19,0.49
48840.0,-8.902,-0.648,-4.274,-8.961,-0.692,-4.219,2.31,1.4,0.63
,-8.93,-0.663,-4.245,-8.93,-0.644,-4.357,2.03,1.47,0.63
,-8.892,-0.725,-4.221,-8.894,-0.584,-4.417,1.68,1.61,0.7
,-8.89,-0.725,-4.216,-8.88,-0.646,-4.501,1.61,1.68,0.77
48916.0,-8.849,-0.701,-4.515,-8.868,-0.615,-4.322,1.47,1.68,0.49
,-8.859,-0.725,-4.501,-8.851,-0.615,-4.295,2.03,1.54,0.63
,-8.851,-0.622,-4.422,-8.88,-0.637,-4.3,2.45,1.33,0.7
,-8.928,-0.62,-4.355,-8.961,-0.725,-4.283,2.66,1.4,0.7
48991.0,-8.897,-0.687,-4.326,-8.854,-0.687,-4.341,2.59,1.54,0.77
,-8.909,-0.692,-4.391,-8.875,-0.68,-4.463,2.45,1.68,0.7
,-8.892,-0.627,-4.417,-8.878,-0.684,-4.456,2.31,1.47,0.7
,-8.885,-0.723,-4.415,-8.849,-0.72,-4.317,2.03,1.33,0.63
49067.0,-8.88,-0.682,-4.329,-8.844,-0.771,-4.41,2.52,1.05,0.63
,-8.887,-0.658,-4.317,-8.902,-0.754,-4.491,3.08,1.05,0.7
,-8.909,-0.579,-4.413,-8.887,-0.739,-4.465,2.8,0.84,0.7
,-8.878,-0.622,-4.362,-8.856,-0.605,-4.523,2.52,0.91,0.49
49142.0,-8.873,-0.627,-4.525,-8.899,-0.567,-4.403,3.78,0.35,0.91
,-8.863,-0.723,-4.42,-8.873,-0.608,-4.338,3.64,0.07,0.91
,-8.866,-0.73,-4.535,-8.88,-0.634,-4.338,3.99,-0.21,0.91
,-8.868,-0.663,-4.432,-8.882,-0.62,-4.288,4.41,-0.28,1.05
49218.0,-8.904,-0.656,-4.245,-8.916,-0.648,-4.223,3.43,-0.63,1.05
,-8.894,-0.704,-4.235,-8.918,-0.72,-4.24,3.15,-0.63,1.05
,-8.947,-0.634,-4.29,-8.911,-0.704,-4.183,2.8,-0.49,0.84
,-8.904,-0.644,-4.152,-8.973,-0.727,-4.171,2.73,-0.28,0.77
49294.0,-8.894,-0.584,-4.257,-8.847,-0.687,-4.197,2.45,0.14,0.98
,-8.949,-0.577,-4.484,-8.957,-0.711,-4.391,2.66,0.07,1.19
,-8.861,-0.57,-4.293,-8.897,-0.62,-4.178,2.45,0.0,1.19
,-8.897,-0.73,-4.429,-8.93,-0.627,-4.212,2.17,0.0,1.12
49370.0,-8.904,-0.562,-4.125,-8.911,-0.735,-4.221,2.03,0.42,1.05
,-8.954,-0.493,-4.202,-8.899,-0.727,-4.145,1.68,0.28,1.05
,-8.945,-0.629,-4.29,-8.954,-0.617,-4.192,0.91,0.42,1.12
,-8.839,-0.668,-4.307,-9.033,-0.507,-4.279,0.84,0.56,1.12
49445.0,-8.966,-0.455,-4.331,-8.902,-0.708,-4.245,1.05,1.12,1.33
,-8.935,-0.598,-4.465,-8.938,-0.704,-4.159,-0.14,1.12,1.19
,-8.885,-0.67,-4.427,-9.014,-0.637,-4.149,0.49,1.12,1.4
,-8.906,-0.72,-4.441,-8.969,-0.579,-4.185,1.96,0.98,1.47
49521.0,-8.88,-0.608,-4.197,-9.026,-0.546,-4.085,2.66,1.12,1.33
,-8.847,-0.72,-4.111,-8.997,-0.61,-4.099,2.66,1.26,1.33
,-8.911,-0.718,-4.085,-8.911,-0.61,-4.192,3.5,1.54,1.47
,-8.918,-0.627,-4.003,-8.89,-0.605,-4.317,4.13,1.96,1.61
49596.0,-8.871,-0.744,-4.561,-8.983,-0.419,-4.281,2.24,2.1,1.33
,-8.792,-0.78,-4.482,-9.002,-0.378,-4.281,3.01,2.17,1.61
,-8.804,-0.747,-4.458,-8.971,-0.55,-4.432,4.13,1.89,1.89
,-8.914,-0.605,-4.331,-8.851,-0.768,-4.415,4.76,1.75,1.82
49672.0,-8.825,-0.871,-4.436,-8.969,-0.737,-3.958,1.47,1.4,1.54
,-8.911,-0.826,-4.427,-8.99,-0.627,-4.07,2.59,1.26,1.68
,-8.83,-0.845,-4.192,-8.866,-0.558,-3.845,3.57,1.19,2.03
,-8.93,-0.782,-4.073,-8.942,-0.608,-4.156,4.34,1.47,2.31
49748.0,-8.892,-0.68,-4.066,-9.036,-0.634,-4.295,3.5,2.31,2.17
,-8.849,-0.696,-4.346,-9.067,-0.462,-4.343,3.5,2.31,2.24
,-8.756,-0.861,-4.324,-8.902,-0.395,-4.307,3.71,2.52,2.38
,-8.722,-0.83,-3.97,-8.969,-0.55,-4.238,5.95,3.15,3.43
49824.0,-9.036,-0.715,-3.888,-8.947,0.024,-4.403,1.26,2.73,1.4
,-9.083,-0.613,-3.245,-8.813,-0.297,-4.762,1.12,3.29,1.4
,-9.148,-0.105,-3.235,-8.612,-0.778,-4.824,1.68,3.5,1.19
,-9.012,0.057,-3.865,-8.705,-1.065,-4.499,-1.68,2.87,-0.63
49900.0,-8.77,-1.034,-4.905,-8.887,-1.017,-3.944,-5.25,1.26,-0.91
,-8.78,-0.754,-4.669,-8.933,-0.931,-3.786,-0.84,0.98,0.0
,-8.67,-0.646,-4.951,-9.088,-0.572,-3.683,0.42,0.63,0.56
,-8.789,-0.94,-4.403,-9.177,-0.17,-4.489,0.7,0.84,0.77
49975.0,-9.007,-0.179,-5.173,-8.887,-0.335,-4.764,2.24,-0.91,0.84
,-8.648,-0.34,-5.236,-8.844,-0.108,-4.841,-3.22,-1.19,0.84
,-8.497,-0.665,-5.224,-8.751,-0.057,-4.413,-4.48,-1.05,0.7
,-8.672,-0.613,-4.824,-8.727,-0.601,-4.111,-1.26,-0.77,0.91
50051.0,-9.031,-0.945,-3.044,-8.83,-0.443,-4.582,2.03,2.45,0.98
,-9.356,-1.096,-3.506,-8.653,-0.426,-4.214,5.18,1.96,1.4
,-9.428,-0.826,-3.989,-8.83,-0.512,-4.221,7.7,0.91,1.82
,-9.139,-0.536,-4.329,-8.966,-0.491,-4.176,8.33,0.56,3.22
50127.0,-9.026,-0.304,-4.264,-8.686,-1.845,-3.329,7.35,0.84,0.98
,-8.894,-0.431,-4.405,-9.117,-1.711,-3.331,4.76,0.49,0.49
,-8.746,-0.759,-4.276,-9.287,-1.137,-3.783,2.03,1.33,0.42
,-8.631,-1.438,-4.006,-9.201,-0.416,-4.109,0.84,3.01,1.19
50203.0,-8.976,0.156,-4.594,-9.186,0.208,-4.547,16.45,3.64,5.67
,-8.686,0.416,-4.748,-9.021,0.117,-4.645,11.69,4.13,5.04
,-8.641,0.345,-4.697,-8.708,-0.043,-4.396,7.21,4.55,4.34
,-8.902,0.218,-4.35,-8.643,-0.306,-4.092,5.46,4.27,3.29
50278.0,-8.756,-0.838,-3.553,-8.638,-1.314,-3.893,-4.27,5.18,-3.43
,-9.143,-1.261,-3.597,-8.775,-1.309,-3.879,-3.92,5.6,-2.45
,-9.093,-1.419,-3.714,-8.928,-1.146,-4.087,-0.91,5.46,-0.7
,-8.921,-1.29,-3.934,-8.847,-0.907,-4.152,2.24,6.09,1.19
50354.0,-8.82,-0.615,-4.264,-8.61,-1.484,-4.168,8.33,8.61,4.48
,-8.753,-0.61,-4.458,-8.873,-1.369,-4.257,6.09,8.75,3.99
,-8.758,-0.866,-4.355,-8.887,-1.0,-4.52,3.57,9.52,4.41
,-8.82,-1.101,-4.262,-8.859,-0.383,-4.628,2.1,9.8,5.11
50429.0,-8.729,0.038,-4.513,-8.772,0.172,-4.223,10.71,8.4,5.95
,-8.672,0.242,-4.322,-8.739,-0.05,-4.209,7.98,9.03,4.97
,-8.792,0.392,-4.164,-8.973,-0.287,-4.121,6.02,9.66,4.41
,-8.799,0.309,-4.219,-8.961,-0.28,-4.221,3.57,10.29,3.99
50505.0,-8.804,-0.141,-4.393,-8.725,-0.292,-4.539,0.77,12.74,1.89
,-8.715,-0.112,-4.279,-8.614,-0.27,-4.623,2.17,13.79,1.19
,-8.751,0.05,-4.427,-8.559,-0.349,-4.413,3.43,14.42,0.56
,-8.691,-0.115,-4.676,-8.658,-0.199,-4.302,2.73,14.28,0.14
50581.0,-8.686,-0.302,-4.554,-8.605,-1.017,-4.929,-0.91,17.08,-0.84
,-8.775,-0.486,-4.587,-8.385,-1.304,-4.992,-1.68,17.43,-0.63
,-8.679,-0.727,-4.774,-8.445,-1.275,-5.035,-2.31,17.43,0.28
,-8.617,-1.053,-4.712,-8.445,-1.283,-4.941,-3.15,17.5,0.91
50657.0,-8.689,-1.017,-5.085,-8.356,-0.256,-5.147,4.06,14.35,2.94
,-8.449,-0.543,-5.193,-8.686,-0.313,-4.984,6.44,13.65,2.87
,-8.222,-0.424,-5.257,-8.744,0.055,-5.106,6.37,13.72,1.96
,-8.413,-0.232,-5.205,-8.598,0.275,-5.358,4.97,14.07,1.33
50733.0,-8.61,0.206,-5.147,-8.256,-0.261,-5.846,6.65,10.99,-3.43
,-8.445,0.012,-5.262,-8.399,-1.015,-5.698,6.93,12.25,-3.85
,-8.411,-0.263,-5.408,-8.349,-1.563,-5.58,8.4,13.3,-3.85
,-8.351,-0.215,-5.609,-8.157,-2.285,-5.334,10.01,13.23,-3.71
50808.0,-8.325,-2.324,-5.121,-8.488,0.345,-4.98,12.18,11.34,3.22
,-8.636,-1.981,-4.949,-8.425,0.622,-4.989,16.73,11.34,3.85
,-8.457,-1.335,-4.958,-8.402,0.782,-5.31,20.16,11.55,3.78
,-8.397,-0.593,-4.575,-8.318,0.404,-5.269,22.54,11.48,2.52
50884.0,-8.055,0.153,-5.518,-8.375,-1.074,-5.616,6.93,11.48,-3.71
,-8.05,-0.026,-5.619,-8.327,-1.278,-5.623,10.01,12.74,-3.92
,-8.272,-0.242,-5.676,-8.191,-1.251,-5.843,12.95,13.3,-3.99
,-8.253,-0.711,-5.721,-8.234,-1.46,-5.65,15.05,13.23,-4.55
50960.0,-8.404,-0.974,-5.647,-7.88,-1.914,-5.867,29.61,10.43,-4.69
,-8.241,-0.818,-5.989,-8.026,-2.501,-5.877,26.81,8.4,-5.11
,-8.112,-1.117,-6.152,-8.303,-2.443,-5.698,22.4,7.0,-4.62
,-7.911,-1.515,-6.152,-8.27,-2.06,-5.456,17.57,7.07,-2.8
51036.0,-8.004,-1.895,-5.456,-8.181,0.483,-5.867,16.17,5.74,6.72
,-8.306,-1.156,-5.475,-8.306,0.778,-6.073,17.78,4.69,6.58
,-8.203,-0.397,-5.805,-8.356,0.524,-5.968,17.78,2.66,6.16
,-8.191,0.136,-5.872,-8.294,-0.055,-5.903,16.03,2.52,5.46
51111.0,-8.27,-0.828,-5.834,-8.026,-1.575,-5.901,4.13,0.56,0.21
,-8.16,-1.417,-5.774,-7.983,-1.45,-5.985,7.0,0.14,1.05
,-8.126,-1.785,-5.793,-8.093,-1.364,-5.832,10.99,-0.42,1.75
,-8.236,-1.89,-5.858,-8.212,-1.29,-5.817,13.86,-0.42,2.73
51187.0,-8.22,-1.409,-5.798,-8.325,-1.189,-5.686,12.95,2.73,5.67
,-8.251,-1.594,-5.475,-8.167,-0.864,-6.083,10.64,3.22,6.02
,-8.143,-1.594,-5.544,-8.212,-0.715,-6.009,8.54,2.38,6.3
,-8.186,-1.426,-5.755,-8.251,-0.491,-5.832,8.54,2.66,6.44
51262.0,-8.667,-0.385,-6.272,-8.311,-0.615,-5.272,-0.35,1.33,0.84
,-8.212,-0.601,-6.04,-8.284,-0.684,-5.2,5.74,-0.77,3.5
,-8.224,-0.759,-5.647,-8.198,-0.919,-5.262,8.54,-2.31,4.76
,-8.299,-0.651,-5.341,-8.253,-0.828,-5.355,8.19,-2.73,4.41
51338.0,-8.143,-0.933,-5.542,-8.315,-1.043,-5.458,3.29,-4.41,2.94
,-8.153,-1.048,-5.635,-8.366,-1.129,-5.422,3.22,-2.94,3.15
,-8.2,-0.979,-5.705,-8.107,-1.211,-5.343,4.13,-1.47,3.08
,-8.222,-0.83,-5.669,-8.019,-1.137,-5.36,3.92,-0.63,3.08
51414.0,-8.253,-1.07,-5.406,-8.165,-0.759,-5.513,4.62,1.61,3.43
,-8.26,-0.821,-5.408,-8.284,-1.079,-5.451,6.16,3.36,3.71
,-8.454,-0.242,-5.41,-8.303,-1.426,-5.377,5.95,2.73,3.08
,-8.236,-0.249,-5.626,-8.265,-1.321,-5.319,2.94,1.61,2.38
51490.0,-8.184,-1.137,-5.396,-8.327,-0.723,-5.609,1.54,3.15,3.64
,-8.265,-1.029,-5.52,-8.215,-0.761,-5.458,0.98,3.92,3.78
,-8.37,-0.9,-5.657,-8.208,-1.101,-5.403,0.07,4.2,3.78
,-8.253,-0.809,-5.772,-8.275,-1.017,-5.614,-0.56,4.69,3.92
51566.0,-8.27,-0.988,-5.707,-8.351,-0.79,-5.559,-6.23,5.11,5.04
,-8.275,-1.05,-5.688,-8.256,-0.639,-5.729,-6.72,6.09,5.04
,-8.366,-0.945,-5.631,-8.253,-0.254,-5.843,-7.28,5.32,4.41
,-8.263,-0.768,-5.619,-8.222,-0.244,-5.791,-7.49,4.55,4.34
51641.0,-8.27,-0.404,-5.647,-8.169,-0.926,-5.482,-15.61,2.45,3.99
,-8.303,-0.586,-5.609,-8.239,-0.787,-5.59,-17.78,2.8,4.2
,-8.411,-0.912,-5.544,-8.291,-0.56,-5.666,-19.67,3.36,4.69
,-8.507,-1.094,-5.379,-8.33,-0.225,-6.217,-19.95,3.15,4.97
51717.0,-8.234,-0.06,-6.083,-8.315,-0.601,-5.753,-11.48,0.07,5.67
,-8.303,-0.16,-5.891,-8.169,-0.651,-5.642,-16.31,0.0,6.58
,-8.236,-0.266,-5.882,-8.153,-0.481,-5.774,-17.85,-0.49,6.72
,-8.346,-0.452,-5.774,-8.284,-0.333,-5.441,-19.67,-0.84,6.58
51793.0,-8.33,-0.077,-5.657,-8.145,0.002,-5.934,-13.79,-1.26,6.37
,-8.265,0.038,-5.738,-8.028,-0.199,-5.92,-13.16,-1.33,5.74
,-8.215,0.05,-5.889,-8.076,-0.483,-5.745,-11.62,-1.33,5.39
,-8.435,-0.072,-5.887,-8.296,-0.493,-5.568,-12.46,-2.87,4.55
51869.0,-8.433,-0.66,-5.616,-8.167,-0.574,-5.767,-7.49,-3.99,0.28
,-8.263,-0.548,-5.726,-8.251,-0.675,-5.808,-3.36,-4.97,-1.19
,-8.346,-0.428,-5.786,-8.119,-0.72,-6.042,-2.59,-4.69,-0.7
,-8.253,-0.388,-5.798,-8.411,-0.514,-6.088,-4.62,-4.27,0.35
51944.0,-8.37,-0.201,-6.073,-8.603,-0.407,-5.54,1.05,-7.56,0.42
,-8.263,-0.153,-5.994,-8.447,-0.412,-5.695,1.05,-8.68,0.42
,-8.16,-0.235,-5.834,-8.172,-0.328,-5.425,0.35,-8.75,0.98
,-8.253,-0.388,-5.698,-8.098,-0.203,-5.494,-0.35,-9.1,0.56
52020.0,-8.076,-0.268,-5.229,-8.318,0.364,-4.994,0.98,-11.13,0.98
,-8.272,-0.206,-5.145,-8.437,0.404,-4.927,2.94,-10.08,0.7
,-8.543,-0.144,-4.87,-8.684,0.311,-4.786,4.13,-9.03,1.12
,-8.418,0.196,-4.917,-8.492,0.397,-4.666,4.69,-9.59,1.82
52095.0,-8.552,0.424,-4.807,-8.32,0.141,-5.075,-2.66,-11.69,-2.8
,-8.646,0.235,-4.855,-8.461,0.402,-5.257,-3.36,-11.55,-3.71
,-8.591,0.148,-4.893,-8.638,-0.096,-5.2,-4.13,-11.2,-3.99
,-8.385,0.093,-5.118,-8.581,-0.136,-5.104,-3.92,-10.71,-3.64
52171.0,-8.411,-0.156,-5.078,-8.531,-0.321,-5.226,-2.24,-10.15,-4.76
,-8.382,-0.213,-5.142,-8.591,-0.369,-5.217,-3.08,-9.24,-4.06
,-8.394,-0.385,-5.202,-8.308,-0.555,-4.98,-2.66,-8.54,-4.13
,-8.473,-0.409,-5.238,-8.756,-0.708,-4.999,-1.47,-8.33,-4.69
52247.0,-8.758,-0.756,-4.968,-8.502,-0.407,-4.987,-4.13,-11.41,-3.64
,-8.512,-0.639,-5.111,-8.512,-0.45,-4.652,-3.43,-12.39,-3.15
,-8.591,-0.529,-5.051,-8.586,-0.512,-4.602,-2.45,-12.11,-2.73
,-8.545,-0.503,-5.006,-8.607,-0.369,-4.862,-2.8,-12.46,-2.59
52323.0,-8.605,-0.297,-4.757,-8.648,0.237,-4.69,3.22,-9.59,1.12
,-8.811,-0.036,-4.843,-8.799,0.122,-4.702,4.48,-9.73,0.98
,-8.696,0.067,-4.791,-8.705,-0.031,-4.716,4.34,-10.43,1.05
,-8.626,0.266,-4.733,-8.691,-0.232,-4.774,4.06,-10.43,0.98
52399.0,-8.583,-0.287,-4.561,-9.04,-0.048,-4.441,0.07,-9.87,-2.24
,-8.643,-0.33,-4.18,-8.732,-0.129,-4.578,1.4,-9.45,-2.45
,-8.789,-0.309,-3.879,-8.574,-0.395,-4.549,2.66,-9.03,-2.8
,-9.064,-0.168,-4.202,-8.54,-0.763,-4.317,3.36,-9.59,-3.36
52474.0,-8.772,-0.933,-4.133,-8.744,-0.373,-4.212,2.66,-7.14,-1.75
,-8.878,-0.761,-4.195,-8.815,-0.452,-4.293,6.58,-8.19,-2.59
,-8.737,-0.67,-4.078,-8.725,-0.5,-3.991,7.7,-8.19,-1.61
,-9.031,-0.445,-4.36,-9.024,-0.246,-3.948,6.58,-9.1,-1.4
52550.0,-8.993,-0.01,-4.247,-8.909,-0.096,-3.867,8.68,-8.47,-1.19
,-8.868,0.254,-4.094,-8.911,-0.421,-3.719,7.35,-8.4,-1.61
,-9.031,0.306,-4.295,-8.904,-0.603,-3.62,4.48,-8.75,-2.59
,-8.978,0.124,-4.247,-8.935,-0.617,-3.616,1.26,-8.47,-3.43
52626.0,-9.005,-0.617,-3.709,-8.909,-0.431,-3.831,3.01,-4.97,-3.85
,-8.959,-0.546,-3.8,-8.969,-0.603,-3.546,3.43,-4.76,-3.15
,-8.966,-0.471,-3.963,-9.11,-0.668,-3.642,3.92,-4.34,-2.66
,-8.899,-0.459,-3.865,-9.162,-0.711,-3.884,4.2,-4.27,-2.52
52702.0,-9.052,-0.687,-3.972,-9.019,0.053,-3.81,6.44,-2.59,-1.96
,-8.871,-0.507,-3.893,-9.033,0.079,-4.058,7.21,-2.03,-1.26
,-8.988,-0.383,-3.958,-8.916,-0.177,-3.927,7.63,-1.33,-1.54
,-8.995,-0.124,-4.006,-9.005,-0.414,-4.106,7.7,-1.4,-2.94
52777.0,-9.06,-0.744,-4.147,-8.839,-0.436,-4.704,0.42,-0.35,-4.62
,-9.04,-0.739,-4.269,-8.832,-0.694,-4.446,3.22,-0.56,-4.62
,-9.021,-0.57,-4.585,-8.866,-0.878,-4.042,5.18,-1.26,-4.76
,-8.906,-0.378,-4.676,-8.94,-0.68,-3.857,4.62,-2.03,-4.9
52853.0,-9.191,-0.378,-4.2,-8.753,-0.735,-4.381,6.51,-1.89,-3.71
,-9.119,-0.12,-4.288,-8.873,-0.694,-3.874,5.53,-2.38,-3.92
,-9.0,-0.172,-4.625,-9.105,-0.486,-3.908,2.8,-2.59,-3.92
,-8.859,-0.541,-4.628,-9.215,-0.17,-3.599,0.91,-2.73,-3.78
52928.0,-9.344,0.038,-4.293,-8.835,-0.972,-3.953,7.91,-2.87,-3.64
,-9.115,-0.172,-4.049,-8.93,-0.919,-4.056,3.71,-3.29,-4.41
,-8.976,-0.318,-4.491,-9.014,-0.701,-3.967,1.4,-3.22,-4.83
,-8.806,-0.785,-4.209,-9.067,-0.565,-3.865,0.7,-3.43,-5.25
53004.0,-9.091,-0.55,-3.939,-8.882,-0.787,-3.494,5.18,-2.87,-3.99
,-9.009,-0.603,-3.886,-9.15,-0.907,-3.635,4.06,-2.8,-3.92
,-9.009,-0.632,-4.058,-9.313,-0.845,-3.879,3.29,-2.59,-4.06
,-8.93,-0.67,-3.826,-9.083,-0.68,-3.891,2.73,-2.24,-3.64
53080.0,-8.916,-0.689,-3.994,-9.139,-0.888,-3.747,0.98,-0.77,-2.87
,-8.954,-0.909,-3.994,-9.117,-0.747,-3.759,0.0,-0.42,-2.66
,-8.921,-1.034,-3.666,-9.107,-0.785,-3.843,1.12,0.07,-2.1
,-9.052,-0.938,-3.702,-9.067,-0.907,-3.884,2.17,0.63,-1.68
53156.0,-8.971,-0.945,-3.912,-9.098,-0.727,-4.396,0.28,1.47,-1.54
,-8.971,-0.938,-4.034,-8.875,-0.653,-4.312,1.89,1.47,-1.4
,-8.933,-1.003,-3.872,-8.938,-0.73,-4.365,3.92,1.61,-0.7
,-9.143,-0.818,-4.379,-9.005,-0.916,-4.346,5.39,1.47,-0.7
53231.0,-8.921,-0.89,-4.228,-9.11,-0.916,-3.733,5.18,-0.28,-0.42
,-8.93,-0.797,-3.958,-9.019,-0.881,-3.709,5.46,-0.42,-0.14
,-9.086,-0.838,-3.798,-9.038,-0.838,-3.97,4.41,-0.42,-0.28
,-9.177,-0.893,-3.659,-9.098,-0.9,-4.14,3.15,-0.28,-0.35
53307.0,-9.0,-0.907,-4.183,-8.966,-0.818,-4.214,2.24,0.21,0.63
,-9.021,-0.768,-4.484,-9.043,-0.885,-3.955,2.87,0.0,0.77
,-8.921,-0.838,-4.468,-9.06,-0.742,-3.862,3.43,-0.42,0.7
,-8.904,-0.804,-4.293,-9.134,-0.668,-3.843,4.55,-0.7,1.05
53383.0,-9.122,-0.818,-3.611,-8.959,-0.747,-3.905,4.06,-1.26,0.63
,-9.031,-0.94,-3.503,-8.859,-0.826,-3.766,3.22,-0.56,0.63
,-9.177,-1.041,-3.685,-8.966,-1.039,-3.561,3.36,-0.49,0.49
,-9.22,-0.938,-3.898,-9.083,-1.022,-3.396,3.64,-0.49,0.28
53459.0,-9.27,-0.778,-3.542,-8.725,-0.79,-4.537,2.31,1.54,1.12
,-9.328,-0.562,-3.888,-8.835,-1.019,-4.616,1.47,1.54,0.84
,-9.227,-0.503,-4.324,-8.947,-1.043,-4.334,-0.49,1.19,0.49
,-8.916,-0.656,-4.429,-9.057,-0.823,-4.168,-2.45,0.77,0.49
53535.0,-9.093,-0.761,-3.769,-9.213,-0.759,-3.69,3.36,-1.19,1.75
,-9.141,-0.782,-3.635,-9.095,-0.866,-3.747,3.01,-0.84,1.68
,-9.16,-0.895,-3.393,-8.961,-0.924,-3.534,3.01,-0.63,1.96
,-9.155,-0.78,-3.522,-9.119,-0.936,-3.601,3.71,-0.42,2.1
53610.0,-9.182,-0.861,-3.745,-9.045,-0.816,-3.857,4.83,1.47,1.89
,-9.134,-0.67,-3.714,-9.057,-0.809,-3.855,4.48,1.68,1.96
,-9.067,-0.639,-3.74,-9.06,-0.749,-3.912,3.22,2.03,1.75
,-9.06,-0.766,-3.776,-9.093,-0.708,-3.929,1.75,2.31,1.61
53686.0,-9.107,-0.665,-3.979,-8.952,-0.756,-4.109,1.4,2.59,2.17
,-9.026,-0.718,-4.027,-9.043,-0.792,-4.204,1.26,2.52,2.1
,-9.014,-0.646,-4.087,-9.012,-0.869,-3.991,1.05,2.45,1.82
,-9.055,-0.744,-4.125,-9.016,-0.744,-4.046,0.42,2.1,1.54
53761.0,-9.098,-0.677,-4.171,-8.978,-0.902,-3.862,1.61,1.19,1.54
,-9.083,-0.62,-4.25,-9.17,-0.811,-3.877,1.4,1.05,1.61
,-9.052,-0.644,-4.14,-9.134,-0.629,-3.975,0.42,0.77,1.61
,-8.973,-0.806,-3.984,-9.057,-0.517,-3.9,-0.14,1.05,1.82
53837.0,-9.04,-0.629,-3.92,-9.134,-0.79,-3.642,-1.26,1.05,1.26
,-9.081,-0.763,-3.888,-9.081,-0.706,-3.635,-1.4,1.19,1.19
,-9.143,-0.861,-3.862,-9.189,-0.534,-3.786,-1.19,1.19,1.4
,-8.976,-0.852,-3.654,-9.16,-0.464,-3.994,0.0,1.54,1.82
53913.0,-9.112,-0.625,-4.164,-9.007,-0.677,-4.13,-2.24,2.31,0.56
,-8.909,-0.873,-4.176,-9.086,-0.589,-4.008,-2.73,2.24,0.63
,-8.887,-1.003,-4.259,-9.093,-0.61,-3.917,-1.05,2.31,1.05
,-8.981,-0.854,-4.255,-9.043,-0.684,-3.836,1.19,2.03,1.33
53989.0,-9.009,-0.586,-3.826,-9.016,-0.84,-3.807,0.07,1.82,1.05
,-9.074,-0.725,-3.929,-9.057,-0.818,-3.671,-0.35,1.82,0.98
,-9.033,-0.723,-3.917,-9.146,-0.66,-3.764,-0.56,1.68,1.12
,-9.062,-0.713,-3.908,-9.088,-0.584,-3.728,-0.56,2.03,1.19
54064.0,-9.086,-0.486,-3.821,-8.978,-0.701,-4.156,0.07,3.22,1.26
,-9.107,-0.519,-3.92,-8.99,-0.696,-4.197,-1.05,3.22,0.84
,-9.069,-0.524,-4.085,-9.026,-0.56,-4.166,-1.54,3.29,0.63
,-9.036,-0.632,-4.202,-9.019,-0.555,-4.082,-1.82,3.36,0.7
54140.0,-9.086,-0.498,-4.066,-9.036,-0.656,-4.025,0.84,2.59,0.77
,-9.04,-0.541,-3.953,-8.957,-0.713,-4.082,0.14,2.66,0.56
,-9.043,-0.495,-4.003,-9.0,-0.715,-4.054,-0.42,2.87,0.21
,-9.129,-0.598,-4.008,-9.091,-0.656,-4.058,-1.26,2.87,0.0
54215.0,-9.005,-0.589,-4.013,-9.024,-0.617,-4.348,0.7,2.94,0.77
,-9.036,-0.56,-4.142,-8.978,-0.565,-4.415,0.07,2.87,0.7
,-9.04,-0.629,-4.13,-8.938,-0.62,-4.36,-0.63,2.8,0.49
,-9.026,-0.605,-4.192,-8.959,-0.742,-4.156,-0.42,2.73,0.42
54291.0,-9.0,-0.749,-4.097,-9.052,-0.629,-3.79,2.17,1.61,0.7
,-9.093,-0.629,-3.991,-9.052,-0.67,-3.912,2.94,1.68,0.84
,-9.115,-0.524,-3.917,-9.038,-0.727,-3.977,2.94,1.61,0.77
,-9.1,-0.536,-3.862,-8.976,-0.694,-4.013,1.82,1.75,0.49
54367.0,-9.036,-0.72,-4.025,-8.988,-0.605,-4.271,2.45,2.45,0.63
,-9.033,-0.718,-4.08,-8.964,-0.625,-4.264,2.8,2.59,0.63
,-9.045,-0.598,-4.166,-8.902,-0.625,-4.212,2.87,2.45,0.63
,-9.031,-0.601,-4.19,-8.99,-0.591,-4.238,2.17,2.31,0.56
54443.0,-9.014,-0.66,-4.2,-8.969,-0.656,-4.089,2.1,1.68,0.77
,-9.0,-0.627,-4.176,-9.043,-0.68,-4.133,2.1,1.33,0.84
,-9.021,-0.615,-4.209,-9.019,-0.684,-4.066,2.31,1.12,0.84
,-8.983,-0.651,-4.152,-8.978,-0.586,-4.054,2.52,1.19,0.84
54519.0,-9.091,-0.656,-3.994,-8.99,-0.665,-4.082,2.31,1.12,0.84
,-9.021,-0.672,-4.018,-9.007,-0.708,-4.075,2.1,0.98,0.84
,-9.052,-0.665,-4.013,-9.031,-0.656,-3.991,1.89,1.19,0.84
,-8.964,-0.613,-4.054,-9.05,-0.689,-3.963,1.75,1.4,0.84
54594.0,-9.009,-0.672,-3.941,-9.045,-0.584,-4.07,2.45,1.54,1.05
,-9.0,-0.658,-3.953,-9.024,-0.591,-4.142,2.45,1.75,1.05
,-9.038,-0.627,-3.917,-8.973,-0.658,-4.133,2.52,1.82,1.05
,-9.06,-0.598,-4.027,-8.976,-0.715,-4.269,2.73,1.89,1.05
54670.0,-9.043,-0.644,-4.281,-8.971,-0.512,-4.231,3.15,1.68,1.19
,-9.028,-0.534,-4.25,-8.964,-0.637,-4.171,3.64,1.54,1.19
,-8.995,-0.534,-4.212,-8.945,-0.73,-4.171,3.43,1.26,0.91
,-9.055,-0.524,-4.274,-9.036,-0.694,-4.056,3.01,1.19,0.98
54746.0,-9.043,-0.629,-3.917,-8.995,-0.622,-3.994,2.8,0.84,1.12
,-8.966,-0.577,-3.908,-8.969,-0.723,-4.08,2.38,1.19,1.05
,-9.095,-0.567,-3.924,-8.983,-0.684,-4.164,1.75,1.26,0.84
,-9.091,-0.605,-3.967,-8.993,-0.567,-4.276,1.19,1.26,0.84
54822.0,-8.918,-0.589,-4.3,-9.014,-0.491,-4.044,2.59,1.19,0.98
,-8.94,-0.648,-4.216,-9.0,-0.567,-4.056,2.59,1.19,0.98
,-8.933,-0.672,-4.104,-9.06,-0.593,-4.111,3.01,0.98,0.91
,-9.067,-0.589,-4.111,-8.985,-0.584,-4.099,3.22,0.7,0.91
54897.0,-8.988,-0.538,-4.075,-9.057,-0.586,-3.967,2.73,0.91,0.7
,-9.031,-0.579,-4.001,-9.057,-0.548,-4.027,2.17,0.91,0.63
,-8.993,-0.682,-3.941,-9.031,-0.51,-4.185,1.96,1.12,0.77
,-9.026,-0.668,-3.893,-8.959,-0.608,-4.183,2.24,1.19,0.84
54973.0,-8.947,-0.744,-4.219,-9.06,-0.538,-4.121,1.75,1.12,0.42
,-9.002,-0.735,-4.176,-8.985,-0.61,-3.795,2.94,1.05,0.7
,-9.031,-0.648,-4.19,-9.036,-0.632,-3.908,3.78,0.98,0.91
,-9.021,-0.593,-4.015,-9.088,-0.617,-3.853,3.78,0.98,0.91
55048.0,-9.1,-0.646,-3.953,-8.978,-0.665,-4.195,2.38,1.4,0.56
,-9.048,-0.663,-3.874,-8.964,-0.682,-4.154,2.1,1.33,0.63
,-9.012,-0.68,-3.987,-8.923,-0.711,-4.015,2.03,1.33,0.56
,-9.012,-0.644,-4.104,-9.06,-0.665,-4.032,2.17,1.61,0.49
55124.0,-9.052,-0.586,-4.027,-9.026,-0.605,-4.19,2.52,1.4,0.56
,-9.06,-0.546,-4.046,-9.028,-0.684,-4.178,2.1,1.4,0.56
,-9.012,-0.601,-4.082,-8.981,-0.725,-4.13,1.54,1.61,0.56
,-9.026,-0.653,-4.125,-8.997,-0.723,-4.082,1.82,1.68,0.56
55200.0,-9.009,-0.617,-4.02,-9.014,-0.617,-4.015,3.64,1.4,0.84
,-9.04,-0.558,-4.018,-9.021,-0.665,-4.13,3.29,1.54,0.77
,-9.052,-0.598,-3.972,-8.954,-0.653,-4.142,2.73,1.54,0.77
,-9.088,-0.658,-3.905,-8.99,-0.622,-4.154,2.17,1.68,0.77
55276.0,-8.957,-0.677,-4.113,-9.021,-0.634,-4.14,2.38,1.75,0.91
,-9.055,-0.637,-4.097,-8.993,-0.651,-4.164,2.38,1.96,0.91
,-9.024,-0.593,-4.087,-8.985,-0.668,-4.228,2.31,2.03,0.91
,-9.033,-0.579,-4.106,-8.961,-0.672,-4.226,2.24,2.03,0.98
55352.0,-8.93,-0.61,-4.171,-9.024,-0.644,-4.07,3.01,1.4,0.84
,-8.961,-0.584,-4.166,-9.014,-0.596,-4.066,2.87,1.26,0.84
,-9.002,-0.608,-4.106,-9.095,-0.601,-4.128,2.8,1.26,0.77
,-9.009,-0.586,-4.07,-8.976,-0.651,-4.118,2.38,1.47,0.77
55427.0,-8.961,-0.689,-4.2,-9.014,-0.613,-4.027,2.03,1.33,0.91
,-8.964,-0.699,-4.125,-8.993,-0.634,-4.058,2.24,1.19,0.98
,-8.985,-0.641,-4.123,-9.074,-0.615,-4.121,2.52,1.26,1.05
,-9.024,-0.572,-4.089,-8.973,-0.577,-4.156,2.31,1.26,0.98
55503.0,-8.978,-0.639,-4.207,-8.971,-0.639,-4.111,2.03,1.26,0.98
,-8.981,-0.634,-4.262,-9.028,-0.639,-4.097,2.24,1.12,0.98
,-8.981,-0.704,-4.293,-9.05,-0.617,-4.068,2.87,1.19,1.12
,-8.995,-0.605,-4.24,-9.045,-0.555,-4.034,2.87,0.91,1.05
55579.0,-9.033,-0.572,-4.054,-9.009,-0.665,-4.111,1.96,0.77,0.84
,-8.995,-0.637,-4.051,-8.961,-0.591,-4.094,1.89,0.77,0.84
,-9.005,-0.629,-4.087,-8.99,-0.591,-4.051,1.89,1.05,0.98
,-8.947,-0.596,-4.147,-9.031,-0.632,-4.051,2.1,0.98,0.91
55655.0,-9.057,-0.625,-4.066,-8.976,-0.577,-4.212,2.24,1.47,1.12
,-9.045,-0.55,-4.078,-9.019,-0.644,-4.161,2.17,1.4,1.12
,-9.024,-0.529,-4.178,-9.016,-0.637,-4.168,2.17,1.33,0.98
,-9.005,-0.572,-4.161,-9.016,-0.653,-4.111,2.17,1.26,0.98
55730.0,-8.988,-0.639,-4.061,-9.007,-0.579,-4.066,2.87,1.05,1.12
,-9.005,-0.593,-3.979,-9.005,-0.608,-4.085,2.73,0.98,1.12
,-9.031,-0.625,-4.003,-9.009,-0.665,-4.07,2.73,1.26,1.26
,-9.021,-0.577,-4.061,-9.0,-0.553,-4.135,2.73,1.26,1.19
55806.0,-9.036,-0.577,-4.204,-8.981,-0.519,-4.255,2.38,1.4,1.19
,-9.012,-0.589,-4.204,-9.005,-0.579,-4.216,2.17,1.4,1.19
,-8.981,-0.622,-4.2,-8.93,-0.651,-4.082,2.03,1.19,1.05
,-8.969,-0.658,-4.214,-9.033,-0.584,-4.073,2.45,1.26,1.05
55881.0,-9.038,-0.577,-4.099,-9.057,-0.627,-3.898,2.87,0.91,1.05
,-9.016,-0.572,-4.011,-8.99,-0.593,-3.903,2.73,1.12,1.19
,-8.911,-0.531,-3.888,-8.981,-0.632,-3.884,2.59,1.12,1.19
,-9.048,-0.66,-3.896,-9.014,-0.601,-4.022,2.38,1.26,1.26
55957.0,-9.024,-0.529,-4.147,-8.961,-0.622,-4.257,2.03,1.89,0.98
,-9.0,-0.519,-4.24,-8.973,-0.574,-4.13,1.75,1.68,0.84
,-8.961,-0.56,-4.314,-9.028,-0.593,-4.058,1.61,1.47,0.7
,-8.921,-0.648,-4.312,-9.031,-0.581,-4.087,1.96,1.47,0.77
56033.0,-9.005,-0.598,-4.063,-8.957,-0.605,-3.855,2.38,1.05,0.7
,-8.969,-0.603,-4.044,-9.024,-0.601,-3.984,2.17,1.19,0.63
,-9.014,-0.632,-3.979,-9.072,-0.586,-3.991,2.03,1.26,0.77
,-8.969,-0.627,-3.996,-9.021,-0.565,-4.032,1.89,1.33,0.84
56109.0,-9.002,-0.589,-4.058,-8.923,-0.648,-3.927,0.56,2.1,0.84
,-9.019,-0.617,-4.111,-9.036,-0.658,-4.089,0.91,2.24,0.91
,-8.988,-0.665,-4.257,-9.026,-0.562,-4.109,1.26,2.17,0.91
,-8.947,-0.634,-4.233,-8.983,-0.522,-4.113,1.68,1.75,0.84
56185.0,-8.99,-0.601,-4.097,-8.993,-0.555,-4.209,2.1,1.96,0.91
,-8.997,-0.615,-4.111,-9.021,-0.57,-4.223,2.17,2.1,0.98
,-9.014,-0.586,-4.106,-8.938,-0.541,-4.219,2.1,2.03,0.98
,-8.997,-0.572,-4.101,-8.993,-0.522,-4.267,2.1,2.1,0.98
56260.0,-8.988,-0.61,-4.238,-9.007,-0.543,-4.082,1.54,1.61,0.98
,-8.964,-0.634,-4.2,-9.016,-0.593,-4.104,1.75,1.61,0.98
,-8.99,-0.627,-4.19,-9.031,-0.57,-4.08,1.96,1.54,0.91
,-9.024,-0.613,-4.113,-8.949,-0.57,-4.078,2.31,1.47,0.98
56336.0,-9.021,-0.572,-4.027,-9.031,-0.601,-4.113,2.59,1.75,1.26
,-8.997,-0.637,-4.042,-8.995,-0.574,-4.149,2.8,1.89,1.33
,-8.945,-0.629,-4.073,-8.978,-0.488,-4.226,2.73,1.89,1.12
,-8.993,-0.581,-4.063,-8.954,-0.519,-4.286,2.8,2.03,1.19
56412.0,-8.954,-0.507,-4.362,-8.99,-0.572,-4.142,2.31,2.03,0.98
,-8.961,-0.548,-4.312,-9.016,-0.562,-4.066,2.17,1.96,0.98
,-8.935,-0.57,-4.262,-8.964,-0.558,-4.044,2.24,1.82,0.98
,-8.997,-0.605,-4.168,-9.026,-0.526,-4.046,2.45,1.68,0.98
56488.0,-9.014,-0.572,-4.092,-9.002,-0.574,-4.161,1.75,1.82,1.19
,-8.969,-0.62,-4.118,-9.012,-0.536,-4.159,1.4,1.89,1.12
,-8.938,-0.653,-4.113,-8.959,-0.486,-4.262,1.33,2.03,1.05
,-8.947,-0.615,-4.113,-8.961,-0.543,-4.226,1.89,2.24,1.26
56563.0,-8.976,-0.579,-4.233,-8.976,-0.462,-4.133,2.66,1.96,1.26
,-8.959,-0.572,-4.188,-8.928,-0.505,-4.178,3.01,1.75,1.26
,-8.988,-0.572,-4.166,-8.997,-0.548,-4.24,3.29,2.03,1.33
,-9.012,-0.534,-4.171,-8.995,-0.581,-4.262,3.22,1.82,1.26
56639.0,-8.99,-0.546,-4.25,-8.966,-0.581,-4.14,3.15,1.68,1.26
,-8.981,-0.55,-4.209,-8.985,-0.637,-4.08,3.15,1.4,1.26
,-8.978,-0.51,-4.243,-8.954,-0.562,-4.113,3.22,1.47,1.33
,-8.985,-0.505,-4.188,-9.014,-0.505,-4.185,2.87,1.47,1.19
56715.0,-8.985,-0.467,-4.123,-8.949,-0.517,-4.101,2.66,1.82,1.12
,-8.99,-0.498,-4.128,-9.024,-0.577,-4.128,2.31,1.96,1.05
,-8.947,-0.57,-4.125,-8.971,-0.57,-4.101,2.24,1.75,0.98
,-8.954,-0.634,-4.087,-9.007,-0.526,-4.204,2.59,1.96,1.12
56791.0,-8.976,-0.603,-4.262,-8.966,-0.495,-4.233,2.45,2.17,0.84
,-8.93,-0.558,-4.245,-8.969,-0.517,-4.255,2.38,2.03,0.91
,-8.926,-0.558,-4.238,-8.935,-0.443,-4.286,2.38,2.1,0.77
,-8.957,-0.598,-4.255,-9.002,-0.404,-4.3,2.31,1.82,0.77
56866.0,-8.916,-0.419,-4.338,-9.036,-0.572,-4.305,0.42,1.33,0.14
,-8.93,-0.469,-4.334,-8.954,-0.57,-4.228,-0.14,1.05,-0.07
,-8.942,-0.553,-4.279,-8.916,-0.5,-4.233,-0.42,0.91,-0.07
,-8.952,-0.512,-4.3,-8.969,-0.476,-4.279,-0.14,0.84,-0.07
56942.0,-8.988,-0.436,-4.226,-8.935,-0.476,-4.228,-0.14,0.42,-0.42
,-8.993,-0.541,-4.178,-8.99,-0.514,-4.178,-0.49,0.28,-0.49
,-9.009,-0.519,-4.07,-8.973,-0.445,-4.159,-0.28,0.49,-0.63
,-9.045,-0.462,-4.29,-9.036,-0.455,-4.415,-0.28,0.49,-0.84
57018.0,-8.938,-0.347,-4.247,-8.959,-0.407,-4.783,-0.84,-0.07,-1.47
,-8.938,-0.483,-4.36,-8.849,-0.395,-4.929,-1.96,-0.28,-1.82
,-8.961,-0.586,-4.389,-8.842,-0.51,-5.013,-2.1,-0.7,-1.96
,-9.0,-0.567,-4.41,-8.792,-0.72,-4.822,-1.33,-1.33,-2.24
57093.0,-8.806,-0.804,-4.549,-8.949,-0.268,-3.81,0.0,-4.76,-1.82
,-8.921,-0.766,-4.231,-8.909,-0.66,-3.556,1.12,-5.04,-1.54
,-9.136,-0.548,-4.089,-8.952,-1.027,-3.269,1.54,-5.32,-1.75
,-9.093,-0.244,-3.977,-9.014,-0.974,-3.072,-0.14,-5.6,-2.38
57169.0,-9.196,-0.68,-2.833,-9.026,-0.591,-3.563,-0.98,-0.84,-1.4
,-9.282,-0.558,-2.754,-8.935,-0.936,-3.771,0.07,0.14,-0.84
,-9.323,-0.302,-3.005,-8.957,-0.964,-3.908,0.56,0.98,-0.77
,-9.213,-0.29,-3.295,-9.012,-0.859,-4.025,0.21,2.03,-1.12
57245.0,-9.062,-0.677,-4.145,-8.949,-0.677,-4.511,11.55,5.04,0.77
,-9.095,-0.577,-4.36,-9.002,-0.503,-4.556,11.97,4.83,0.91
,-8.969,-0.62,-4.472,-8.923,-0.33,-4.625,11.27,4.48,0.7
,-8.863,-0.601,-4.307,-8.911,-0.333,-4.575,10.01,4.13,0.14
57321.0,-8.978,-0.426,-4.458,-9.021,-0.553,-4.367,6.93,2.17,-0.07
,-9.019,-0.44,-4.336,-8.94,-0.632,-4.365,7.21,1.68,0.35
,-9.007,-0.38,-4.188,-8.918,-0.739,-4.348,7.0,1.33,0.35
,-9.064,-0.495,-4.267,-8.892,-0.9,-4.346,6.3,1.05,0.14
57396.0,-8.957,-0.852,-4.159,-9.036,-0.577,-4.087,6.37,0.21,-0.07
,-8.995,-0.775,-4.19,-9.009,-0.629,-4.125,7.28,0.0,0.14
,-9.072,-0.696,-4.042,-9.012,-0.586,-3.939,7.63,0.14,0.35
,-9.086,-0.625,-4.061,-9.038,-0.644,-3.888,7.35,0.07,0.14
57472.0,-9.091,-0.639,-3.963,-8.966,-0.775,-4.434,6.51,0.77,-0.07
,-8.969,-0.692,-4.099,-8.902,-0.797,-4.152,6.37,0.56,-0.07
,-8.957,-0.768,-4.166,-8.935,-0.919,-4.164,6.58,0.7,0.0
,-9.012,-0.828,-4.346,-8.952,-0.957,-4.085,6.86,0.56,0.07
57548.0,-9.0,-0.826,-4.001,-9.079,-0.689,-3.862,8.68,0.21,1.05
,-9.057,-0.704,-3.912,-9.045,-0.727,-4.042,7.98,0.49,0.98
,-9.002,-0.648,-3.853,-8.985,-0.653,-4.118,6.65,0.35,0.63
,-9.036,-0.684,-3.867,-9.009,-0.785,-4.046,5.04,0.7,0.56
57624.0,-9.036,-0.785,-4.14,-8.978,-0.919,-4.073,3.78,0.77,0.0
,-8.981,-0.699,-4.367,-9.007,-0.854,-3.994,3.71,0.63,-0.07
,-8.926,-0.756,-4.415,-9.093,-0.723,-3.97,3.43,0.35,0.0
,-8.882,-0.869,-4.293,-9.091,-0.646,-4.037,4.06,0.35,0.42
57699.0,-9.048,-0.785,-3.946,-8.971,-0.921,-3.776,5.32,0.63,0.91
,-9.052,-0.787,-4.109,-9.048,-0.809,-3.589,5.18,0.63,0.91
,-9.002,-0.912,-3.991,-9.155,-0.589,-3.649,5.18,0.77,1.12
,-8.906,-0.902,-3.9,-9.239,-0.455,-3.951,5.6,1.12,1.47
57775.0,-9.1,-0.436,-4.207,-8.926,-1.029,-4.14,1.61,1.89,0.21
,-8.909,-0.701,-4.322,-9.079,-0.735,-4.176,-1.05,1.89,0.07
,-8.804,-0.833,-4.343,-9.179,-0.524,-4.381,-1.19,1.75,0.14
,-8.839,-1.029,-4.329,-9.052,-0.526,-4.494,-0.07,1.54,0.21
57850.0,-8.911,-0.766,-4.501,-9.055,-0.835,-3.833,-1.89,0.0,0.35
,-8.909,-0.988,-4.444,-9.088,-0.73,-3.647,-1.82,-0.56,0.63
,-8.933,-1.163,-4.329,-9.198,-0.711,-3.793,-0.28,-0.77,0.91
,-8.985,-1.113,-4.027,-9.091,-0.806,-3.728,1.75,-1.05,0.98
57926.0,-8.938,-0.838,-3.699,-9.009,-0.893,-3.623,-0.91,-0.28,1.61
,-8.952,-0.974,-3.867,-9.103,-0.768,-3.592,-0.35,0.28,1.89
,-8.961,-1.098,-3.654,-9.184,-0.558,-3.845,1.05,0.91,2.66
,-9.005,-1.036,-3.738,-9.139,-0.474,-4.051,3.29,1.61,3.43
58002.0,-8.916,-0.639,-3.9,-9.282,-0.101,-3.436,2.8,3.15,4.13
,-8.94,-0.766,-3.917,-9.395,0.199,-4.104,2.31,3.71,4.27
,-9.05,-0.873,-3.647,-9.179,-0.01,-4.917,2.31,3.92,3.57
,-9.174,-0.593,-3.25,-8.629,-0.689,-5.025,3.71,4.13,3.29
58078.0,-8.363,-1.438,-4.767,-9.158,-0.51,-4.341,-12.74,1.26,0.28
,-8.562,-1.831,-4.496,-8.935,-0.656,-3.896,-5.81,1.82,1.82
,-9.019,-1.443,-4.001,-8.813,-1.077,-3.422,3.57,2.1,3.08
,-9.213,-0.696,-4.322,-8.959,-1.175,-2.233,7.63,1.19,3.15
58154.0,-9.737,-0.806,-3.618,-8.538,-0.625,-4.896,7.7,3.99,5.67
,-9.45,-0.079,-4.252,-8.653,-1.419,-4.525,7.98,2.17,4.13
,-9.031,0.615,-5.001,-8.768,-1.584,-4.039,3.01,0.49,3.5
,-8.612,0.349,-5.272,-8.899,-1.05,-3.807,-5.53,-0.07,2.45
58229.0,-9.043,-0.514,-3.266,-9.1,-0.72,-3.13,13.58,2.24,3.71
,-9.251,-0.325,-3.527,-9.134,-0.5,-3.228,11.62,2.1,2.87
,-9.237,-0.476,-3.302,-9.072,-0.352,-3.869,6.93,2.45,2.59
,-9.27,-0.701,-3.221,-8.995,-0.328,-3.817,4.41,3.15,3.36
58305.0,-8.93,-0.266,-3.975,-9.141,0.045,-4.386,0.77,5.25,2.24
,-8.808,-0.294,-3.805,-8.811,-0.074,-4.415,1.26,6.37,2.1
,-9.04,-0.256,-3.733,-8.509,-0.617,-4.001,2.87,7.14,2.31
,-9.268,-0.17,-4.118,-8.717,-1.091,-3.297,3.78,7.0,1.54
58381.0,-9.148,-1.196,-3.197,-8.449,-0.445,-4.415,7.7,11.13,2.17
,-9.521,-0.928,-4.118,-8.681,-0.593,-3.92,11.83,9.66,2.17
,-9.316,-0.553,-4.681,-9.048,-0.617,-4.07,12.04,8.26,2.45
,-8.794,-0.385,-4.743,-9.122,-0.593,-4.422,9.03,8.19,3.22
58457.0,-8.875,-0.876,-4.444,-9.32,-1.18,-4.087,3.78,9.17,1.89
,-8.454,-1.4,-4.022,-9.052,-0.821,-4.652,1.19,10.64,3.15
,-8.485,-1.852,-3.53,-8.689,-0.89,-4.69,3.01,12.46,4.55
,-8.954,-1.673,-3.534,-8.452,-1.146,-4.482,9.31,12.39,5.67
58532.0,-8.452,-1.237,-3.92,-8.71,-0.17,-4.025,12.81,13.79,10.71
,-9.079,-0.964,-3.951,-8.806,-0.347,-3.731,16.8,13.72,10.22
,-9.119,-0.436,-4.149,-9.1,-0.352,-3.905,18.13,12.95,9.38
,-8.796,-0.136,-4.149,-9.174,-0.168,-4.319,16.24,13.51,9.45
58608.0,-8.954,0.254,-4.673,-9.088,0.103,-4.475,7.28,12.81,5.74
,-8.519,0.656,-4.635,-9.076,0.172,-4.736,6.86,14.35,5.6
,-8.459,0.672,-4.422,-8.78,0.266,-4.951,5.88,15.68,5.04
,-8.65,0.309,-4.369,-8.691,0.072,-4.901,3.92,16.03,3.22
58683.0,-8.626,-0.414,-4.771,-8.514,-1.261,-5.075,-1.89,13.44,-2.17
,-8.497,-1.034,-4.774,-8.406,-1.072,-4.994,-2.03,13.86,-1.61
,-8.648,-1.314,-4.86,-8.404,-1.007,-4.769,0.42,14.56,-0.21
,-8.684,-1.39,-5.044,-8.894,-0.591,-4.714,3.43,14.14,0.77
58759.0,-8.78,0.093,-5.14,-8.658,0.29,-5.016,6.72,11.41,0.91
,-8.677,0.701,-5.245,-8.849,0.069,-5.006,5.67,10.71,-0.77
,-8.457,0.869,-5.233,-8.715,-0.034,-5.02,1.19,11.27,-1.96
,-8.567,0.617,-4.896,-8.61,-0.258,-4.934,-4.13,11.97,-3.01
58835.0,-8.485,-0.625,-4.654,-8.37,-1.527,-4.652,-3.78,12.74,-3.71
,-8.397,-1.039,-4.597,-8.378,-1.441,-5.025,-1.96,13.37,-2.73
,-8.646,-1.244,-4.532,-8.437,-1.407,-5.157,0.91,12.81,-1.82
,-8.454,-1.4,-4.688,-8.191,-1.56,-5.398,4.41,12.81,-0.98
58911.0,-8.16,-1.682,-5.516,-8.43,-1.407,-5.049,7.7,10.22,2.45
,-8.315,-1.85,-5.662,-8.531,-1.005,-4.817,7.14,11.06,4.34
,-8.306,-1.933,-5.19,-8.33,-0.632,-4.944,8.54,12.25,6.3
,-8.385,-1.541,-5.171,-8.473,0.043,-5.293,11.34,12.18,6.23
58987.0,-8.272,0.476,-5.556,-8.533,-0.256,-5.111,20.86,10.08,3.43
,-8.275,0.57,-5.422,-8.528,-0.273,-5.281,18.06,10.5,3.15
,-8.148,0.467,-5.676,-8.629,-0.481,-5.217,15.33,10.92,2.87
,-8.399,0.225,-5.516,-8.306,-0.57,-5.111,11.76,12.25,3.36
59062.0,-8.452,-0.416,-5.236,-8.224,0.165,-5.772,15.89,11.62,0.84
,-8.246,-0.22,-5.53,-8.021,-0.194,-5.676,19.39,11.48,-0.91
,-8.337,0.139,-5.753,-8.263,-0.584,-5.547,20.44,11.27,-2.87
,-8.311,0.215,-5.824,-8.172,-0.641,-5.48,19.88,11.69,-3.99
59138.0,-8.217,-0.888,-5.525,-8.287,-0.366,-6.064,10.43,12.25,-6.72
,-8.507,-0.936,-5.597,-8.088,-0.412,-6.298,11.34,12.53,-7.49
,-8.552,-1.039,-5.398,-8.066,-0.854,-5.932,13.51,10.22,-8.75
,-8.232,-0.72,-5.724,-7.968,-1.484,-5.824,16.59,8.19,-9.38
59214.0,-8.105,-1.788,-6.023,-8.196,-1.888,-5.724,16.03,6.79,-6.58
,-8.354,-1.886,-5.927,-8.155,-1.898,-5.824,17.15,5.88,-6.02
,-8.296,-1.981,-5.726,-8.184,-1.907,-5.824,17.71,4.83,-4.9
,-8.191,-1.986,-5.733,-8.095,-1.441,-5.798,18.27,4.34,-3.64
59290.0,-8.007,-1.184,-5.858,-8.275,-0.773,-6.076,14.84,0.07,1.89
,-7.971,-1.106,-5.891,-8.189,-0.928,-5.882,12.74,0.91,2.1
,-8.181,-1.225,-5.724,-8.244,-1.01,-5.698,11.34,0.98,2.45
,-8.346,-0.995,-5.951,-8.205,-1.323,-5.664,10.99,0.21,2.59
59365.0,-8.287,-1.371,-5.714,-8.169,-2.075,-5.575,12.11,-1.68,2.17
,-8.351,-1.493,-5.441,-8.083,-2.111,-5.647,12.39,-1.61,2.94
,-8.205,-2.005,-5.437,-8.22,-2.053,-5.542,11.9,-1.75,3.99
,-8.153,-2.139,-5.267,-8.303,-1.589,-5.705,12.67,-2.45,4.62
59441.0,-8.21,-1.089,-5.824,-8.071,-1.316,-5.346,17.64,-3.5,7.84
,-8.363,-1.039,-5.43,-8.234,-1.546,-5.085,13.72,-4.83,6.93
,-8.287,-1.149,-5.422,-8.215,-1.316,-5.171,9.94,-6.44,5.53
,-8.136,-1.342,-5.245,-8.277,-1.103,-5.324,8.05,-5.46,5.53
59516.0,-8.378,-1.694,-4.824,-8.265,-0.668,-5.341,6.72,0.14,5.67
,-8.318,-0.914,-5.171,-8.157,-0.617,-5.382,10.5,-2.8,6.23
,-8.375,-0.565,-5.523,-8.275,-0.684,-5.415,10.43,-3.99,5.67
,-8.387,-0.68,-5.463,-8.44,-0.692,-5.463,8.68,-3.64,5.04
59592.0,-8.421,-0.773,-5.587,-8.208,-1.74,-4.946,0.42,-1.05,3.08
,-8.277,-1.091,-5.453,-8.275,-1.132,-5.169,-1.26,-1.12,2.94
,-8.22,-1.618,-5.293,-8.368,-0.96,-5.422,-2.03,0.0,3.22
,-8.148,-1.721,-5.159,-8.323,-1.036,-5.642,-1.12,0.91,3.08
59668.0,-8.325,-1.144,-5.52,-8.473,-0.842,-5.25,-4.13,3.01,3.43
,-8.11,-1.242,-5.547,-8.248,-1.017,-5.358,-4.83,4.48,4.06
,-8.189,-1.029,-5.468,-8.222,-1.084,-5.257,-4.9,5.88,4.2
,-8.452,-0.995,-5.257,-8.33,-0.979,-5.358,-5.74,6.93,4.55
59744.0,-8.358,-0.948,-5.492,-8.313,-0.246,-5.834,-9.73,7.7,4.69
,-8.421,-0.852,-5.458,-8.215,-0.258,-5.846,-9.8,7.49,3.78
,-8.39,-0.809,-5.645,-8.078,-0.378,-5.726,-10.36,6.79,3.08
,-8.38,-0.615,-5.796,-8.246,-0.665,-5.642,-10.85,6.16,2.45
59820.0,-8.423,-0.897,-5.69,-8.138,-1.019,-6.159,-24.01,5.04,4.9
,-8.39,-0.885,-5.76,-7.976,-2.986,-5.183,-25.55,3.71,5.32
,-8.244,-1.015,-5.82,-8.339,-1.692,-5.226,-27.02,3.43,6.44
,-8.095,-1.321,-5.805,-8.26,-1.503,-5.58,-26.88,3.57,7.49
59895.0,-8.277,-1.4,-5.657,-8.052,-0.821,-5.925,-18.2,1.61,10.29
,-8.358,-1.189,-5.762,-8.222,-0.993,-5.891,-15.61,0.49,10.85
,-8.339,-0.909,-6.076,-8.162,-0.995,-6.054,-14.56,-1.54,11.06
,-8.215,-0.742,-6.08,-8.031,-1.144,-5.944,-14.42,-2.8,10.78
59971.0,-8.399,-1.031,-5.841,-8.186,-0.254,-5.733,-9.17,-3.22,12.11
,-8.272,-0.641,-5.841,-8.112,-0.246,-5.597,-5.25,-4.9,12.04
,-8.279,-0.596,-5.647,-8.294,-0.141,-5.745,-4.62,-6.65,10.99
,-8.203,-0.385,-5.877,-8.495,0.045,-5.441,-4.41,-8.19,9.38
60047.0,-8.385,0.201,-5.461,-8.593,0.148,-5.231,-5.04,-9.52,6.09
,-8.208,0.412,-5.506,-8.299,-0.01,-5.315,-3.57,-9.38,4.97
,-8.251,0.44,-5.556,-8.267,-0.306,-5.291,-2.8,-8.4,4.69
,-8.232,0.419,-5.456,-8.492,-0.201,-5.066,-2.17,-7.42,3.99
60123.0,-8.332,-0.101,-5.023,-8.413,-0.057,-5.073,1.68,-11.27,1.4
,-8.294,-0.108,-5.063,-8.423,0.081,-5.02,2.24,-11.62,0.56
,-8.387,-0.146,-4.984,-8.476,0.196,-5.032,1.89,-11.55,0.07
,-8.366,-0.024,-5.004,-8.421,0.254,-5.083,1.54,-11.55,-0.21
60198.0,-8.256,0.134,-4.898,-8.725,0.045,-5.032,-0.98,-5.39,0.14
,-8.318,-0.053,-4.929,-8.332,-0.156,-5.205,0.07,-3.5,0.0
,-8.624,-0.208,-4.819,-8.363,-0.103,-5.008,0.7,-3.29,0.07
,-8.947,-0.191,-4.779,-8.411,-0.194,-5.047,1.12,-5.25,-0.7
60274.0,-8.555,-0.141,-5.209,-8.334,-0.321,-5.142,1.75,-8.61,-2.03
,-8.428,-0.091,-5.281,-8.471,-0.605,-5.042,2.66,-8.47,-2.24
,-8.433,0.048,-5.25,-8.574,-0.675,-5.176,2.1,-7.63,-1.89
,-8.325,-0.043,-5.209,-8.624,-0.495,-5.214,1.19,-6.79,-2.03
60349.0,-8.538,-0.443,-5.415,-8.66,-0.074,-4.999,4.97,-4.97,1.96
,-8.397,-0.304,-5.441,-8.696,-0.022,-5.011,4.76,-5.53,2.31
,-8.425,-0.239,-5.221,-8.655,0.031,-5.116,4.34,-5.53,2.8
,-8.524,-0.156,-5.073,-8.559,0.069,-5.219,4.2,-5.6,2.66
60425.0,-8.488,0.057,-5.08,-8.614,-0.036,-4.616,-0.35,-9.59,-0.56
,-8.392,0.014,-5.671,-8.696,-0.034,-4.69,-2.87,-9.45,-1.54
,-8.681,0.136,-4.733,-8.713,-0.079,-4.7,-2.8,-10.22,-1.68
,-8.626,0.053,-4.678,-8.672,-0.06,-4.666,-1.96,-10.36,-2.1
60501.0,-8.617,-0.132,-4.645,-8.715,-0.505,-4.556,-1.68,-11.55,-3.78
,-8.655,-0.168,-4.472,-8.655,-0.646,-4.427,-1.54,-11.41,-4.2
,-8.624,-0.211,-4.544,-8.777,-0.806,-4.357,-1.96,-11.34,-5.32
,-8.978,-0.227,-4.527,-8.631,-0.952,-4.475,-0.98,-12.39,-6.51
60577.0,-8.751,-0.823,-4.226,-8.815,-0.029,-4.69,2.66,-11.27,-3.29
,-8.837,-0.424,-4.295,-8.763,-0.139,-4.685,5.11,-11.13,-2.73
,-8.949,-0.287,-4.618,-8.686,-0.196,-4.346,4.27,-11.9,-3.78
,-8.906,-0.156,-4.501,-8.792,-0.258,-4.061,3.5,-11.9,-3.85
60652.0,-8.899,-0.134,-4.008,-8.782,-0.364,-4.281,2.59,-10.92,-5.32
,-9.024,-0.163,-4.123,-8.866,-0.763,-3.917,2.8,-11.27,-5.6
,-8.995,-0.134,-4.384,-8.875,-0.811,-3.558,2.8,-11.55,-5.74
,-8.873,-0.206,-4.231,-9.014,-0.684,-3.616,1.89,-11.69,-5.6
60728.0,-9.076,-0.383,-3.766,-8.856,-0.56,-3.723,3.71,-9.1,-5.53
,-8.954,-0.117,-3.812,-8.961,-0.747,-3.843,2.38,-8.75,-5.18
,-8.89,-0.043,-4.037,-9.012,-0.771,-3.673,0.28,-7.91,-5.25
,-8.926,-0.268,-4.092,-9.019,-0.749,-4.226,-1.19,-7.42,-5.25
60804.0,-8.969,-0.701,-4.231,-9.239,-0.483,-3.676,6.02,-7.0,-5.04
,-8.715,-0.83,-3.862,-9.093,-0.129,-3.63,5.53,-6.37,-4.34
,-8.914,-0.919,-3.561,-9.016,-0.043,-3.881,6.58,-5.11,-3.64
,-9.174,-0.869,-3.525,-8.842,-0.51,-3.898,7.63,-4.69,-4.27
60880.0,-9.098,-0.692,-3.872,-9.095,-0.311,-3.762,3.85,-2.45,-4.55
,-9.186,-0.467,-3.977,-9.086,-0.438,-3.934,6.65,-2.31,-3.92
,-9.04,-0.191,-3.924,-8.966,-0.562,-4.006,6.93,-2.17,-3.99
,-8.945,-0.194,-3.561,-8.935,-0.548,-4.082,5.95,-1.82,-4.13
60956.0,-8.906,-0.751,-3.874,-8.949,-0.79,-3.984,0.21,-0.49,-4.2
,-9.04,-0.9,-4.353,-9.081,-0.694,-3.999,1.26,-0.35,-3.85
,-8.981,-0.869,-4.212,-9.206,-0.412,-3.972,2.31,-0.63,-3.43
,-8.894,-0.785,-4.164,-9.189,-0.23,-4.616,3.57,-0.49,-2.45
61031.0,-8.914,-0.318,-4.657,-9.191,-0.957,-3.642,0.91,-2.03,-3.99
,-8.693,-0.641,-4.568,-9.241,-0.39,-3.841,-0.7,-2.1,-3.78
,-8.751,-1.094,-4.099,-9.139,-0.196,-4.001,-0.28,-1.82,-3.01
,-8.973,-1.259,-3.687,-8.961,-0.491,-4.128,3.36,-1.33,-1.82
61107.0,-8.882,-0.912,-4.075,-9.153,-0.479,-4.329,-3.99,-1.05,-2.66
,-8.911,-1.031,-4.262,-9.04,-0.505,-4.082,-2.87,-1.05,-2.52
,-8.902,-0.902,-4.037,-8.918,-0.718,-3.886,-0.42,-1.19,-2.24
,-9.057,-0.617,-4.154,-9.098,-0.876,-3.941,0.35,-1.54,-2.38
61182.0,-9.095,-0.816,-3.944,-8.947,-1.149,-3.659,-3.15,-2.1,-1.54
,-9.021,-0.567,-4.166,-9.141,-1.07,-3.484,-0.7,-2.03,-1.4
,-9.031,-0.699,-4.214,-9.328,-0.524,-3.92,-0.98,-2.1,-1.54
,-8.897,-0.983,-3.936,-9.172,-0.318,-4.116,-1.05,-1.96,-0.77
61258.0,-8.94,-0.323,-4.164,-9.062,-0.62,-4.721,2.03,-1.4,-0.42
,-8.954,-0.617,-4.408,-9.05,-0.62,-4.518,0.0,-1.75,-0.91
,-8.938,-1.07,-4.496,-8.952,-0.648,-4.527,0.77,-2.17,-0.91
,-8.909,-0.957,-4.295,-8.938,-0.79,-4.271,3.85,-2.66,-0.07
61334.0,-8.981,-0.804,-4.078,-9.091,-0.821,-3.46,3.78,-5.6,-0.07
,-9.086,-0.634,-4.087,-9.203,-0.972,-3.283,3.64,-5.95,-0.14
,-9.105,-0.524,-3.845,-9.201,-0.921,-3.125,2.52,-6.16,-0.28
,-9.0,-0.476,-3.649,-9.186,-0.806,-2.917,0.28,-5.81,-0.28
61410.0,-9.217,-0.737,-2.989,-9.383,-1.053,-2.965,-2.24,-1.96,0.35
,-9.227,-0.921,-2.857,-9.275,-0.859,-3.312,-3.01,-0.84,0.42
,-9.16,-1.022,-2.642,-9.119,-0.814,-3.424,-2.45,0.77,0.91
,-9.301,-1.022,-2.793,-9.088,-0.914,-3.647,-1.19,1.96,1.12
61485.0,-9.081,-0.957,-3.967,-9.179,-0.567,-4.118,2.1,5.39,1.47
,-8.983,-0.878,-3.965,-9.081,-0.589,-4.25,3.57,5.46,1.75
,-9.012,-0.684,-3.97,-8.99,-0.713,-4.214,4.27,5.46,1.82
,-9.198,-0.579,-3.96,-8.949,-0.696,-4.357,4.06,5.53,1.96
61561.0,-8.947,-0.665,-4.307,-9.016,-0.821,-3.972,3.5,3.36,1.89
,-9.064,-0.694,-4.283,-9.088,-0.668,-3.86,3.64,3.15,2.38
,-9.1,-0.668,-4.221,-9.16,-0.531,-3.867,3.43,2.73,2.38
,-9.105,-0.725,-4.092,-9.17,-0.541,-3.838,2.38,2.31,2.03
61637.0,-9.15,-0.553,-3.96,-9.033,-0.615,-4.13,0.7,1.75,1.61
,-9.028,-0.787,-4.022,-9.057,-0.541,-4.19,0.28,1.75,1.68
,-8.995,-0.909,-4.111,-9.064,-0.524,-4.168,0.84,1.68,1.75
,-8.983,-0.804,-4.121,-9.057,-0.51,-4.123,2.38,1.26,1.82
61713.0,-9.072,-0.586,-4.094,-9.091,-0.617,-3.673,1.47,-0.14,1.4
,-9.038,-0.613,-4.099,-9.112,-0.656,-3.486,1.96,-0.21,1.47
,-9.076,-0.715,-3.975,-9.191,-0.682,-3.329,2.45,-0.35,1.68
,-9.062,-0.658,-3.862,-9.229,-0.658,-3.288,3.01,-0.49,1.75
61789.0,-9.225,-0.56,-3.47,-9.107,-0.61,-4.042,1.26,1.82,1.26
,-9.177,-0.536,-3.678,-9.048,-0.483,-4.049,0.21,2.03,0.91
,-9.019,-0.598,-3.764,-9.105,-0.567,-4.099,-0.49,2.38,0.91
,-9.062,-0.596,-3.886,-9.088,-0.558,-4.147,-0.21,2.45,0.77
61864.0,-9.067,-0.562,-4.133,-9.069,-0.586,-3.843,2.03,2.31,0.84
,-9.014,-0.629,-4.116,-9.052,-0.519,-3.9,2.17,2.17,0.77
,-9.045,-0.644,-3.987,-9.083,-0.593,-3.97,2.59,2.17,0.91
,-9.139,-0.591,-4.066,-9.062,-0.627,-4.087,2.94,1.89,0.84
61940.0,-9.055,-0.584,-3.898,-9.06,-0.634,-3.788,2.45,1.75,0.77
,-9.079,-0.639,-3.733,-9.076,-0.625,-3.845,1.54,1.89,0.77
,-9.11,-0.67,-3.74,-9.107,-0.73,-3.917,0.98,2.17,0.63
,-9.139,-0.601,-3.783,-9.019,-0.694,-3.972,0.77,2.38,0.56
62015.0,-9.057,-0.581,-4.037,-9.014,-0.66,-4.011,1.12,2.59,0.56
,-9.052,-0.656,-4.003,-9.105,-0.696,-4.013,1.19,2.45,0.42
,-9.083,-0.639,-4.075,-9.103,-0.637,-4.022,1.47,2.52,0.35
,-9.024,-0.706,-4.066,-9.067,-0.62,-4.02,1.68,2.45,0.35
62091.0,-8.973,-0.689,-3.951,-9.06,-0.61,-3.802,2.17,2.17,0.42
,-9.079,-0.706,-3.944,-9.117,-0.66,-3.843,2.24,2.24,0.42
,-9.072,-0.694,-3.917,-9.06,-0.577,-3.759,2.24,2.31,0.42
,-9.002,-0.629,-3.81,-9.146,-0.591,-3.96,2.17,2.59,0.7
62167.0,-9.098,-0.617,-4.049,-9.012,-0.646,-4.235,0.42,3.01,0.21
,-8.978,-0.598,-4.094,-8.99,-0.672,-4.207,0.42,3.01,0.42
,-9.036,-0.603,-4.231,-9.026,-0.672,-4.135,0.56,3.01,0.42
,-9.045,-0.665,-4.252,-9.076,-0.651,-4.197,0.77,2.8,0.35
62243.0,-9.016,-0.632,-4.094,-9.057,-0.641,-3.999,2.73,1.82,0.77
,-8.981,-0.646,-4.056,-8.971,-0.668,-3.932,2.52,1.82,0.7
,-9.033,-0.701,-4.089,-9.024,-0.711,-3.982,2.8,1.61,0.77
,-9.091,-0.598,-4.058,-9.086,-0.692,-4.006,3.29,1.68,0.77
62318.0,-9.033,-0.605,-3.996,-9.014,-0.625,-4.231,1.75,1.89,0.98
,-9.05,-0.562,-4.073,-8.981,-0.682,-4.267,1.47,1.96,0.84
,-9.081,-0.589,-4.18,-8.959,-0.648,-4.274,1.4,1.75,0.56
,-9.005,-0.572,-4.156,-8.981,-0.644,-4.188,1.19,1.47,0.56
62394.0,-8.966,-0.672,-4.046,-9.088,-0.715,-3.86,2.8,0.56,0.91
,-9.057,-0.608,-3.915,-8.978,-0.768,-3.905,3.22,0.56,1.05
,-9.146,-0.589,-3.81,-8.973,-0.739,-3.908,3.01,0.7,0.98
,-9.079,-0.641,-3.776,-9.081,-0.644,-3.967,2.45,0.91,0.91
62469.0,-9.093,-0.634,-4.022,-9.021,-0.567,-4.161,3.57,1.96,1.26
,-9.06,-0.51,-4.044,-8.966,-0.541,-4.178,3.08,1.68,1.05
,-9.04,-0.534,-4.042,-9.028,-0.613,-4.121,2.24,1.68,0.98
,-9.045,-0.57,-4.161,-9.036,-0.601,-4.08,2.1,1.75,0.91
62545.0,-9.031,-0.625,-3.999,-9.079,-0.565,-3.893,2.73,0.84,0.91
,-8.988,-0.656,-3.893,-9.024,-0.543,-3.955,2.45,1.12,0.91
,-9.069,-0.608,-3.817,-9.048,-0.689,-4.011,2.38,1.54,0.84
,-9.158,-0.589,-3.848,-9.033,-0.68,-4.068,2.17,1.4,0.56
62621.0,-9.021,-0.646,-4.171,-9.012,-0.723,-4.101,1.19,1.61,0.56
,-9.012,-0.572,-4.192,-9.012,-0.665,-4.066,1.68,1.26,0.63
,-9.009,-0.622,-4.197,-9.007,-0.613,-4.011,1.47,1.33,0.56
,-9.012,-0.692,-4.133,-9.055,-0.593,-3.944,1.33,1.19,0.63
62697.0,-9.093,-0.558,-3.951,-9.019,-0.718,-4.006,2.59,1.26,0.84
,-9.124,-0.605,-3.924,-9.048,-0.672,-3.975,2.38,1.19,0.77
,-9.074,-0.651,-3.982,-9.045,-0.596,-3.958,2.17,1.33,0.84
,-8.983,-0.668,-3.994,-9.091,-0.498,-4.054,2.24,1.33,0.91
62773.0,-9.083,-0.541,-4.07,-9.045,-0.622,-4.03,1.75,1.54,0.63
,-8.947,-0.663,-4.075,-9.045,-0.596,-3.994,1.4,1.54,0.77
,-8.949,-0.711,-4.068,-9.031,-0.593,-4.011,1.96,1.82,0.91
,-9.052,-0.706,-4.054,-9.062,-0.584,-3.941,2.94,1.82,1.12
62848.0,-9.067,-0.586,-4.049,-9.007,-0.706,-3.979,2.38,1.75,0.84
,-8.995,-0.517,-4.101,-9.064,-0.637,-3.991,2.03,1.82,0.7
,-8.976,-0.558,-4.061,-9.002,-0.613,-3.929,1.47,1.89,0.77
,-9.007,-0.632,-3.984,-9.139,-0.565,-3.994,1.33,1.89,0.77
62924.0,-9.076,-0.617,-4.03,-8.988,-0.608,-4.149,0.77,2.17,0.56
,-9.043,-0.617,-4.092,-9.021,-0.517,-4.166,0.84,2.24,0.42
,-9.014,-0.644,-4.13,-9.074,-0.522,-4.106,0.91,2.17,0.42
,-8.978,-0.68,-4.149,-9.067,-0.579,-4.08,1.61,2.17,0.49
63000.0,-8.995,-0.629,-4.087,-8.995,-0.66,-4.156,1.89,1.89,0.56
,-8.926,-0.627,-4.171,-9.036,-0.579,-4.044,1.96,1.68,0.42
,-8.959,-0.615,-4.178,-9.045,-0.579,-4.022,2.31,1.61,0.56
,-8.988,-0.682,-4.135,-9.05,-0.629,-3.965,2.52,1.61,0.7
63076.0,-9.11,-0.567,-4.011,-9.009,-0.586,-4.19,1.47,1.47,0.42
,-9.052,-0.584,-4.075,-8.969,-0.555,-4.176,1.19,1.54,0.42
,-8.971,-0.625,-4.099,-8.964,-0.615,-4.121,1.4,1.54,0.49
,-9.009,-0.66,-4.185,-8.988,-0.613,-4.185,2.1,1.47,0.63
63151.0,-9.048,-0.581,-4.159,-9.06,-0.596,-4.063,2.87,1.12,0.63
,-9.0,-0.586,-4.145,-8.983,-0.562,-4.011,2.73,0.98,0.49
,-9.021,-0.692,-4.08,-9.0,-0.572,-3.979,2.8,1.05,0.49
,-9.036,-0.644,-4.022,-9.024,-0.696,-3.666,3.43,1.33,0.7
63227.0,-9.072,-0.658,-3.843,-8.954,-0.651,-4.142,3.15,1.82,0.7
,-9.045,-0.534,-4.001,-8.964,-0.675,-4.19,2.87,1.89,0.56
,-9.012,-0.531,-4.018,-8.985,-0.72,-4.137,1.82,2.03,0.42
,-9.086,-0.617,-4.121,-8.995,-0.694,-4.137,0.84,1.89,0.07
63302.0,-9.012,-0.598,-4.125,-8.961,-0.639,-4.106,3.15,1.61,0.77
,-9.028,-0.577,-4.07,-9.06,-0.656,-4.152,3.01,1.68,0.63
,-9.083,-0.591,-4.082,-8.964,-0.68,-4.13,2.66,1.54,0.49
,-9.024,-0.608,-4.118,-8.988,-0.603,-4.125,2.24,1.54,0.56
63378.0,-9.04,-0.584,-4.149,-9.007,-0.713,-4.054,2.8,1.47,0.7
,-9.019,-0.555,-4.13,-9.06,-0.514,-4.044,2.17,1.33,0.63
,-8.952,-0.682,-4.058,-9.062,-0.519,-4.063,1.68,1.4,0.63
,-9.005,-0.792,-4.058,-9.0,-0.601,-4.008,2.17,1.54,0.84
63454.0,-8.981,-0.646,-4.02,-9.014,-0.555,-4.089,1.54,1.68,0.77
,-9.002,-0.68,-4.032,-8.969,-0.591,-4.176,1.89,1.61,0.7
,-9.007,-0.646,-4.027,-8.981,-0.625,-4.238,2.03,1.75,0.84
,-9.069,-0.574,-4.02,-8.988,-0.66,-4.238,2.17,2.03,0.84
63530.0,-9.016,-0.617,-4.281,-9.043,-0.637,-4.104,2.59,1.47,0.77
,-8.978,-0.579,-4.233,-9.005,-0.56,-4.027,2.38,1.19,0.7
,-8.93,-0.641,-4.171,-9.028,-0.656,-4.07,2.1,1.12,0.77
,-9.028,-0.672,-4.133,-9.014,-0.632,-4.003,2.38,1.05,0.77
63606.0,-9.005,-0.658,-3.922,-8.988,-0.601,-4.135,2.24,1.33,0.98
,-9.019,-0.608,-3.929,-8.938,-0.706,-4.271,2.45,1.68,1.05
,-9.067,-0.553,-3.994,-8.942,-0.622,-4.226,2.17,1.68,0.84
,-9.012,-0.565,-4.027,-8.947,-0.605,-4.173,1.68,1.75,0.77
63681.0,-9.014,-0.651,-4.183,-9.007,-0.639,-4.111,2.1,1.26,0.63
,-9.052,-0.534,-4.156,-8.997,-0.648,-4.212,2.24,1.47,0.77
,-8.961,-0.596,-4.054,-8.926,-0.622,-4.168,1.89,1.26,0.77
,-8.981,-0.586,-4.037,-8.957,-0.692,-4.121,1.89,1.4,0.7
63757.0,-8.961,-0.62,-4.101,-8.976,-0.62,-4.159,2.24,1.26,0.84
,-9.045,-0.558,-4.061,-8.99,-0.651,-4.173,2.1,1.12,0.77
,-9.06,-0.541,-4.089,-8.985,-0.579,-4.252,1.61,1.12,0.63
,-9.057,-0.62,-4.082,-8.978,-0.646,-4.235,1.4,1.05,0.63
63833.0,-8.971,-0.613,-4.161,-9.095,-0.536,-3.999,2.66,0.7,0.84
,-8.99,-0.644,-4.046,-9.002,-0.605,-4.058,2.66,0.77,0.84
,-9.057,-0.613,-3.996,-9.009,-0.668,-4.058,2.73,0.77,0.91
,-9.021,-0.572,-3.97,-8.976,-0.66,-4.099,2.59,0.91,0.84
63909.0,-9.045,-0.648,-4.125,-9.052,-0.574,-4.159,2.59,1.19,0.98
,-9.024,-0.641,-4.094,-9.012,-0.598,-4.149,2.66,1.19,0.98
,-9.014,-0.586,-4.109,-8.997,-0.632,-4.219,2.45,1.26,0.98
,-9.048,-0.615,-4.068,-8.952,-0.617,-4.219,2.31,1.33,0.98
63984.0,-8.94,-0.627,-4.197,-9.05,-0.629,-3.975,3.08,0.77,1.05
,-8.995,-0.603,-4.145,-9.031,-0.608,-3.979,3.29,0.7,1.12
,-9.0,-0.62,-4.089,-9.014,-0.55,-4.061,3.15,0.7,1.05
,-8.997,-0.615,-4.008,-9.016,-0.598,-4.056,2.87,0.7,1.05
64060.0,-9.014,-0.639,-4.104,-8.918,-0.581,-4.183,2.03,0.98,0.84
,-8.993,-0.634,-4.221,-8.957,-0.639,-4.099,2.24,1.19,0.91
,-9.012,-0.613,-4.228,-9.088,-0.603,-4.061,2.38,0.98,0.98
,-8.964,-0.605,-4.262,-9.048,-0.469,-4.03,2.59,0.91,0.91
64135.0,-9.076,-0.503,-3.996,-9.0,-0.617,-4.116,2.38,0.98,0.91
,-9.036,-0.596,-4.003,-8.99,-0.644,-4.116,1.75,1.05,0.77
,-8.99,-0.648,-4.046,-9.024,-0.651,-4.113,1.89,1.12,0.77
,-9.028,-0.677,-4.085,-9.016,-0.596,-4.037,2.31,1.05,0.77
64211.0,-9.064,-0.536,-4.049,-8.961,-0.593,-4.24,2.24,1.26,0.84
,-9.014,-0.579,-4.097,-9.007,-0.596,-4.2,2.03,1.19,0.84
,-9.057,-0.632,-4.183,-9.014,-0.517,-4.123,2.03,1.19,0.98
,-8.981,-0.617,-4.188,-9.012,-0.567,-4.087,2.31,1.05,0.98
64287.0,-9.064,-0.598,-4.034,-9.0,-0.598,-4.089,2.59,0.77,0.91
,-9.031,-0.593,-3.991,-9.007,-0.574,-4.137,2.66,0.84,0.91
,-9.014,-0.601,-4.03,-8.938,-0.639,-4.113,2.45,0.91,0.77
,-9.038,-0.589,-4.032,-8.916,-0.668,-4.147,2.31,1.12,0.84
64363.0,-9.016,-0.639,-4.049,-9.05,-0.622,-4.032,2.38,1.05,0.84
,-9.045,-0.56,-4.003,-9.069,-0.584,-4.073,2.66,1.19,0.98
,-9.016,-0.536,-4.011,-9.055,-0.56,-4.156,2.45,1.26,0.91
,-9.038,-0.581,-3.984,-8.966,-0.601,-4.183,2.24,1.26,0.91
64439.0,-9.016,-0.684,-4.18,-8.988,-0.562,-4.233,2.66,1.4,0.91
,-9.007,-0.637,-4.188,-9.026,-0.593,-4.154,2.94,1.47,0.91
,-9.028,-0.572,-4.276,-8.964,-0.577,-4.066,3.01,1.19,0.84
,-8.954,-0.572,-4.223,-9.024,-0.581,-4.003,2.87,1.12,0.77
64514.0,-9.045,-0.656,-3.967,-8.993,-0.598,-4.066,2.52,0.91,0.77
,-9.072,-0.615,-3.958,-9.04,-0.62,-4.049,2.66,1.12,0.91
,-9.081,-0.598,-3.944,-8.983,-0.644,-4.073,2.87,1.19,0.98
,-9.014,-0.555,-4.063,-9.014,-0.574,-4.121,2.73,1.26,0.84
64590.0,-9.04,-0.574,-4.113,-9.033,-0.507,-4.159,3.01,1.47,0.91
,-9.005,-0.553,-4.075,-9.0,-0.531,-4.089,2.73,1.54,0.84
,-9.012,-0.605,-4.073,-9.007,-0.593,-4.063,2.66,1.54,0.77
,-8.993,-0.603,-4.137,-9.009,-0.605,-4.085,3.22,1.47,0.84
64666.0,-9.067,-0.553,-4.133,-9.0,-0.634,-4.135,2.59,1.33,0.56
,-9.007,-0.562,-4.089,-8.993,-0.555,-4.14,1.89,1.33,0.56
,-8.978,-0.562,-4.094,-9.021,-0.62,-4.106,1.68,1.33,0.49
,-9.012,-0.579,-4.123,-9.005,-0.653,-4.089,1.89,1.4,0.49
64742.0,-9.031,-0.581,-4.087,-8.966,-0.615,-4.142,2.1,1.26,0.56
,-9.026,-0.589,-4.099,-8.988,-0.589,-4.113,2.38,1.26,0.63
,-9.05,-0.543,-4.094,-9.016,-0.608,-4.154,2.52,1.26,0.77
,-9.016,-0.605,-4.145,-8.995,-0.601,-4.118,2.31,1.26,0.7
64817.0,-9.021,-0.627,-4.097,-8.964,-0.644,-4.104,2.94,1.05,0.56
,-9.038,-0.553,-4.113,-9.021,-0.62,-4.104,2.8,1.05,0.63
,-9.04,-0.574,-4.056,-8.969,-0.581,-4.061,2.66,1.12,0.84
,-8.978,-0.601,-4.101,-9.021,-0.593,-4.063,2.45,1.19,0.7
64893.0,-9.045,-0.591,-4.03,-8.976,-0.663,-4.056,2.38,1.19,0.77
,-9.016,-0.572,-4.078,-8.997,-0.629,-4.073,2.38,1.26,0.7
,-8.99,-0.601,-4.135,-9.002,-0.648,-3.996,2.24,1.19,0.63
,-8.961,-0.598,-4.142,-9.038,-0.66,-4.015,2.38,1.33,0.77
64968.0,-9.028,-0.627,-4.034,-8.969,-0.668,-4.166,2.73,1.54,0.7
,-9.038,-0.593,-4.034,-9.016,-0.672,-4.19,2.45,1.54,0.63
,-9.04,-0.658,-4.092,-9.024,-0.629,-4.235,2.03,1.68,0.63
,-8.959,-0.66,-4.123,-8.957,-0.613,-4.252,1.89,1.82,0.63
65044.0,-8.981,-0.627,-4.188,-9.05,-0.581,-4.013,2.24,1.19,1.26
,-8.971,-0.651,-4.166,-9.06,-0.507,-3.977,2.38,1.05,1.33
,-9.026,-0.603,-4.094,-9.074,-0.471,-3.972,2.73,1.05,1.54
,-8.985,-0.61,-4.066,-9.031,-0.447,-4.034,3.36,1.12,1.61
65120.0,-8.99,-0.555,-4.159,-8.997,-0.608,-4.025,3.57,1.12,1.26
,-8.978,-0.603,-4.133,-8.997,-0.715,-3.965,3.71,1.19,1.05
,-8.964,-0.591,-4.121,-9.031,-0.708,-3.994,3.92,1.19,1.05
,-9.019,-0.589,-4.116,-9.045,-0.601,-4.034,3.85,1.47,0.98
65196.0,-9.055,-0.558,-4.302,-9.081,-0.467,-4.142,3.15,1.68,0.91
,-8.966,-0.598,-4.274,-9.055,-0.467,-4.118,2.8,1.54,0.91
,-8.959,-0.584,-4.341,-9.021,-0.476,-4.2,2.66,1.47,0.98
,-8.952,-0.555,-4.166,-8.978,-0.608,-4.123,3.08,1.4,1.26
65272.0,-8.961,-0.62,-4.164,-9.062,-0.68,-3.984,3.15,1.12,0.98
,-9.002,-0.656,-4.118,-9.055,-0.605,-3.991,3.29,1.05,0.84
,-9.016,-0.684,-4.075,-9.016,-0.589,-4.003,3.22,1.26,0.98
,-9.038,-0.692,-3.967,-9.012,-0.565,-4.094,3.29,1.4,1.12
65347.0,-9.019,-0.591,-4.073,-8.99,-0.524,-4.185,3.22,1.89,1.19
,-8.959,-0.641,-4.147,-8.993,-0.469,-4.159,2.52,1.75,1.05
,-9.002,-0.629,-4.18,-9.007,-0.474,-4.07,2.38,1.54,0.91
,-8.969,-0.617,-4.152,-8.976,-0.546,-4.109,2.38,1.68,0.98
65423.0,-9.024,-0.593,-4.133,-8.983,-0.605,-4.19,1.19,1.54,0.98
,-9.043,-0.625,-4.125,-8.993,-0.613,-4.221,1.33,1.33,0.91
,-9.002,-0.651,-4.212,-8.993,-0.548,-4.13,1.75,1.19,0.84
,-8.945,-0.641,-4.195,-8.969,-0.536,-4.173,2.24,1.05,0.91
65499.0,-9.002,-0.622,-4.159,-8.993,-0.524,-4.006,2.94,0.84,1.12
,-8.973,-0.644,-4.176,-9.019,-0.498,-3.982,3.22,0.84,1.26
,-8.961,-0.62,-4.133,-9.069,-0.558,-3.967,3.64,0.77,1.33
,-8.949,-0.584,-4.099,-9.055,-0.538,-3.944,3.85,0.84,1.26
65575.0,-9.005,-0.617,-4.051,-8.964,-0.615,-4.125,2.31,1.26,1.12
,-8.959,-0.555,-4.092,-9.0,-0.632,-4.089,2.66,1.33,1.12
,-8.981,-0.651,-4.145,-9.048,-0.603,-4.128,2.52,1.4,1.12
,-8.947,-0.598,-4.192,-9.005,-0.555,-4.135,2.45,1.4,0.98
65650.0,-9.036,-0.596,-4.176,-9.024,-0.639,-4.034,2.59,1.12,1.05
,-8.976,-0.536,-4.219,-9.067,-0.558,-4.063,2.73,0.98,1.12
,-8.978,-0.605,-4.123,-9.04,-0.483,-4.168,2.94,0.84,1.19
,-8.94,-0.68,-4.066,-8.985,-0.598,-4.176,3.36,0.98,1.26
65726.0,-8.952,-0.61,-4.245,-9.016,-0.483,-4.226,1.47,0.7,0.91
,-8.921,-0.648,-4.341,-8.976,-0.445,-4.247,1.89,0.77,1.26
,-8.928,-0.562,-4.336,-9.014,-0.447,-4.293,2.45,0.42,1.26
,-8.981,-0.529,-4.305,-9.055,-0.553,-4.252,2.59,0.21,1.26
65801.0,-8.961,-0.553,-4.223,-9.005,-0.486,-3.893,1.26,-0.84,0.49
,-8.952,-0.601,-4.147,-9.081,-0.519,-3.865,1.61,-0.77,0.7
,-8.988,-0.577,-4.109,-9.086,-0.593,-3.807,2.31,-0.77,0.84
,-9.038,-0.584,-4.011,-9.007,-0.608,-3.853,2.52,-0.84,0.91
65877.0,-9.048,-0.629,-3.826,-9.002,-0.629,-4.008,1.75,0.35,0.63
,-9.069,-0.646,-3.948,-9.043,-0.543,-4.049,1.96,0.56,0.42
,-8.993,-0.627,-4.001,-9.007,-0.526,-4.006,2.17,0.77,0.63
,-8.983,-0.708,-4.013,-8.964,-0.493,-3.989,2.17,1.05,0.77
65953.0,-9.012,-0.608,-3.975,-9.007,-0.648,-4.073,2.17,1.61,0.91
,-9.086,-0.562,-3.972,-8.995,-0.608,-4.149,2.31,1.68,0.77
,-9.014,-0.55,-4.027,-9.026,-0.572,-4.197,1.82,1.68,0.63
,-9.0,-0.546,-4.058,-9.016,-0.526,-4.121,1.19,1.75,0.63
66029.0,-8.976,-0.534,-4.149,-8.981,-0.538,-3.922,2.59,1.54,0.98
,-9.014,-0.522,-4.121,-9.043,-0.586,-4.027,3.08,1.54,1.05
,-9.06,-0.558,-4.066,-9.062,-0.603,-3.946,3.15,1.19,1.05
,-9.002,-0.464,-4.046,-9.031,-0.581,-4.003,3.22,1.33,0.91
66104.0,-9.052,-0.677,-4.121,-8.942,-0.57,-4.166,2.24,1.61,0.49
,-9.036,-0.598,-4.176,-8.993,-0.565,-4.156,2.73,1.4,0.56
,-8.983,-0.591,-4.219,-8.976,-0.543,-4.173,3.15,1.26,0.56
,-8.981,-0.579,-4.223,-9.0,-0.553,-4.197,3.08,1.05,0.56
66180.0,-9.014,-0.536,-4.245,-9.012,-0.57,-3.764,4.55,0.63,1.19
,-9.0,-0.462,-4.099,-9.04,-0.546,-3.896,4.34,0.42,0.98
,-9.038,-0.498,-4.085,-9.062,-0.57,-3.869,3.43,0.42,0.63
,-9.019,-0.558,-3.912,-9.067,-0.601,-3.81,2.66,0.49,0.56
66256.0,-9.072,-0.57,-4.049,-9.002,-0.641,-4.176,3.08,1.54,0.77
,-9.026,-0.519,-4.044,-8.981,-0.572,-4.118,3.08,1.75,0.63
,-9.016,-0.55,-4.066,-9.043,-0.476,-4.039,2.45,1.61,0.56
,-8.983,-0.639,-4.149,-9.043,-0.498,-3.989,2.45,1.61,0.49
66332.0,-9.057,-0.481,-3.939,-8.928,-0.648,-4.044,2.31,1.54,0.28
,-9.016,-0.488,-4.011,-9.012,-0.785,-4.022,1.82,1.54,0.21
,-9.016,-0.541,-4.063,-9.012,-0.668,-4.094,1.4,1.33,0.07
,-8.969,-0.605,-4.118,-9.045,-0.498,-4.171,1.19,1.54,0.21
66408.0,-9.055,-0.447,-4.348,-8.935,-0.653,-4.226,2.03,1.12,0.42
,-8.969,-0.541,-4.396,-9.06,-0.498,-4.171,0.63,0.77,0.42
,-8.887,-0.694,-4.362,-9.045,-0.443,-4.07,0.56,0.56,0.63
,-8.923,-0.749,-4.338,-9.005,-0.512,-3.915,1.75,0.35,0.84
66483.0,-9.043,-0.639,-3.747,-9.129,-0.522,-3.654,2.1,0.21,1.82
,-9.036,-0.823,-3.565,-9.04,-0.55,-3.81,2.24,0.77,2.1
,-9.081,-0.761,-3.472,-8.99,-0.759,-3.805,3.29,1.4,2.45
,-9.165,-0.57,-3.542,-8.995,-0.83,-3.975,3.64,2.1,2.24
66559.0,-8.978,-0.761,-3.924,-9.179,-0.335,-4.101,3.92,4.55,3.22
,-8.971,-0.665,-3.872,-9.05,-0.342,-4.212,5.74,4.97,3.71
,-9.031,-0.625,-3.869,-8.827,-0.33,-4.149,7.14,5.32,4.06
,-9.093,-0.512,-3.726,-8.873,-0.57,-4.003,8.12,5.81,4.34
66634.0,-8.961,-0.629,-3.881,-8.911,-0.34,-4.334,4.69,6.37,3.71
,-9.072,-0.565,-3.996,-8.806,-0.687,-4.312,5.25,6.44,3.22
,-9.093,-0.287,-3.991,-8.818,-0.988,-4.269,4.97,6.23,3.01
,-9.038,-0.132,-4.322,-8.83,-1.031,-3.85,2.24,5.81,2.17
66710.0,-9.048,-0.622,-3.814,-8.926,-0.672,-3.398,7.98,6.93,3.78
,-9.241,-0.366,-4.042,-9.009,-0.881,-3.367,8.12,6.79,2.73
,-9.119,-0.256,-3.774,-9.117,-0.826,-3.841,4.83,6.86,1.89
,-8.954,-0.376,-3.735,-9.021,-0.414,-4.025,1.12,7.28,1.61
66786.0,-8.957,-0.337,-4.85,-8.794,-0.601,-4.465,3.15,8.12,1.96
,-8.768,-0.373,-4.927,-9.016,-0.206,-4.606,1.89,7.91,2.31
,-8.691,-0.584,-5.049,-8.83,0.057,-4.214,2.17,7.63,2.8
,-8.741,-0.744,-4.944,-8.952,-0.081,-4.207,3.85,7.14,2.52
66862.0,-8.949,-0.586,-4.219,-8.871,-0.388,-4.269,0.91,5.95,1.26
,-8.89,-0.928,-3.867,-8.763,-0.223,-4.36,2.03,6.86,2.66
,-8.997,-0.976,-4.255,-8.78,0.074,-4.03,4.97,7.0,3.08
,-8.866,-0.814,-4.233,-9.208,0.122,-4.764,7.98,7.21,3.57
66937.0,-8.947,0.065,-5.02,-8.904,-1.426,-3.551,1.75,3.71,0.0
,-8.679,-0.172,-4.941,-9.127,-1.189,-3.64,-1.4,3.78,0.28
,-8.634,-0.641,-4.724,-9.186,-0.469,-4.477,-2.45,4.69,-0.49
,-8.641,-1.122,-3.618,-8.856,-0.019,-5.245,-1.05,6.23,-0.28
67013.0,-8.526,-0.062,-5.449,-8.99,0.309,-4.75,3.01,5.18,1.68
,-8.469,-0.337,-4.953,-8.921,0.67,-4.642,1.61,6.37,2.45
,-8.705,-0.371,-4.527,-8.801,0.581,-4.302,4.83,7.14,2.31
,-8.947,-0.168,-4.829,-8.713,0.141,-3.443,8.75,5.88,0.21
67089.0,-8.942,-0.227,-3.307,-8.466,-1.445,-4.628,2.31,7.7,-3.36
,-9.186,-0.615,-3.905,-8.538,-1.304,-4.097,2.03,6.72,-4.41
,-9.105,-0.926,-4.073,-8.859,-1.027,-4.829,0.77,6.44,-4.76
,-8.813,-1.208,-4.41,-8.921,-0.572,-4.867,-0.56,6.86,-4.06
67165.0,-8.815,-0.062,-5.013,-8.5,-1.529,-4.223,7.14,6.02,-3.78
,-8.593,0.124,-5.303,-8.851,-1.479,-4.207,1.68,4.83,-4.83
,-8.469,-0.273,-5.185,-9.17,-1.117,-4.331,-3.99,5.18,-4.48
,-8.366,-0.974,-4.692,-8.94,-0.79,-4.621,-6.09,6.72,-3.08
67241.0,-8.655,-0.407,-4.472,-8.837,-1.23,-4.544,10.29,7.91,0.28
,-8.6,-0.179,-4.188,-8.595,-1.295,-4.535,9.38,8.54,1.4
,-8.732,-0.512,-4.223,-8.315,-1.464,-4.324,6.79,8.68,0.84
,-8.923,-0.869,-4.36,-8.375,-1.632,-3.922,4.69,8.47,-0.07
67316.0,-8.693,-1.431,-3.941,-8.547,0.359,-4.963,7.07,12.53,3.85
,-8.959,-0.986,-4.082,-8.658,0.601,-4.841,10.15,12.39,3.99
,-8.823,-0.534,-4.405,-8.859,0.526,-5.051,10.85,12.04,4.06
,-8.741,-0.055,-4.602,-8.777,0.404,-5.231,10.5,12.11,4.06
67392.0,-8.708,0.225,-5.056,-8.693,-1.24,-4.817,1.61,9.31,-2.03
,-8.425,-0.168,-4.941,-8.753,-1.062,-4.877,-0.49,9.94,-2.73
,-8.368,-0.682,-4.597,-8.559,-0.579,-5.142,-1.54,11.97,-2.8
,-8.65,-1.01,-4.625,-8.421,-0.05,-5.324,0.07,12.88,-2.03
67467.0,-8.358,0.318,-5.508,-8.729,-1.29,-4.836,6.65,10.78,-3.22
,-8.524,0.371,-5.425,-8.603,-1.687,-4.812,3.92,10.78,-3.64
,-8.519,0.081,-5.353,-8.26,-2.132,-4.793,-0.07,10.92,-4.13
,-8.531,-0.617,-5.31,-8.368,-2.398,-4.587,-4.41,11.41,-4.55
67543.0,-8.464,-2.412,-4.57,-8.052,-0.888,-5.559,4.83,12.25,3.15
,-8.509,-2.156,-4.582,-8.131,-0.763,-5.485,9.17,12.53,5.11
,-8.538,-1.658,-5.03,-8.406,-0.572,-5.147,11.62,10.99,5.6
,-8.251,-1.005,-5.458,-8.442,-0.44,-5.212,12.67,10.29,5.81
67619.0,-8.54,-0.371,-5.157,-8.478,-0.56,-5.324,7.21,10.29,2.87
,-8.753,-0.352,-4.951,-8.193,-0.61,-5.626,6.79,9.73,2.94
,-8.586,-0.428,-5.183,-8.258,-0.838,-5.518,7.14,9.1,2.1
,-8.543,-0.574,-5.243,-8.22,-0.983,-5.721,8.33,9.03,1.47
67695.0,-8.296,-0.983,-5.511,-8.325,-0.684,-5.322,18.34,8.05,0.84
,-8.239,-0.893,-5.642,-8.452,-0.603,-5.264,18.27,6.44,1.75
,-8.165,-1.022,-5.53,-8.394,-0.495,-5.219,17.71,7.14,2.24
,-8.172,-0.94,-5.367,-8.351,-0.251,-5.339,17.08,8.96,3.29
67770.0,-8.385,-0.194,-5.554,-8.239,-1.314,-5.834,12.81,11.76,2.94
,-8.229,-0.053,-5.949,-8.373,-1.871,-5.927,12.32,11.13,1.96
,-7.966,-0.345,-5.767,-8.179,-2.058,-5.863,11.27,12.18,1.54
,-8.165,-0.952,-5.693,-7.942,-1.713,-5.81,9.73,12.95,1.96
67846.0,-8.16,-1.096,-5.568,-8.229,-1.278,-5.3,21.35,9.03,3.5
,-8.303,-0.964,-5.367,-8.253,-1.096,-5.508,16.8,8.89,2.45
,-8.337,-0.775,-5.353,-8.16,-0.675,-5.829,11.13,6.93,1.19
,-8.27,-1.01,-5.408,-8.246,-0.304,-6.04,6.65,6.23,1.19
67922.0,-8.217,-0.354,-6.2,-8.325,-0.916,-5.583,12.6,0.35,0.56
,-8.227,-0.565,-5.901,-8.224,-1.134,-5.805,13.65,0.98,0.42
,-8.1,-0.701,-5.793,-8.21,-1.397,-5.621,15.47,1.82,0.49
,-8.248,-0.95,-5.657,-8.138,-1.407,-5.513,16.8,2.24,0.56
67998.0,-8.148,-1.318,-5.724,-8.143,-1.409,-5.64,14.28,-1.33,4.55
,-8.375,-1.555,-5.573,-8.05,-1.292,-5.719,11.69,-2.73,4.76
,-8.224,-1.718,-5.724,-8.095,-1.012,-5.59,11.34,-4.48,4.62
,-8.062,-1.67,-5.867,-8.296,-0.206,-5.81,13.16,-4.83,5.04
68074.0,-8.413,0.022,-5.884,-8.287,-1.383,-5.262,12.18,-6.02,4.97
,-8.476,-0.318,-5.628,-8.22,-1.469,-5.324,9.45,-4.83,4.83
,-8.239,-0.687,-5.372,-8.471,-1.187,-5.027,7.91,-3.43,5.18
,-8.291,-1.11,-5.374,-8.346,-0.988,-5.463,7.91,-2.1,5.25
68149.0,-8.394,-0.699,-5.676,-8.277,-1.388,-5.284,12.74,-6.23,4.27
,-8.366,-0.577,-5.664,-8.277,-1.51,-5.458,11.97,-6.51,3.57
,-8.327,-0.909,-5.607,-8.229,-1.381,-5.372,9.59,-5.88,3.29
,-8.222,-1.194,-5.425,-8.179,-1.074,-5.303,8.33,-4.55,3.71
68225.0,-8.425,-0.95,-5.13,-8.483,-0.498,-5.334,7.35,1.05,5.88
,-8.576,-0.924,-4.92,-8.437,-0.278,-5.54,4.62,-1.82,5.39
,-8.308,-0.972,-5.145,-8.313,-0.239,-5.363,3.85,-3.57,4.83
,-8.351,-0.593,-5.353,-8.574,-0.349,-5.152,4.41,-3.64,4.34
68300.0,-8.581,-0.833,-5.331,-8.313,-1.371,-5.111,-6.51,-1.4,-2.03
,-8.239,-1.244,-5.221,-8.452,-1.125,-5.099,-2.8,-1.26,0.07
,-8.167,-1.548,-4.874,-8.342,-1.06,-5.391,0.77,-1.26,1.4
,-8.181,-1.565,-4.92,-8.394,-1.33,-5.15,2.66,-1.19,1.68
68376.0,-8.294,-1.283,-4.982,-8.272,-1.206,-5.162,5.32,0.14,4.69
,-8.299,-1.086,-5.185,-8.325,-1.091,-5.274,4.97,1.19,4.9
,-8.492,-1.182,-5.138,-8.404,-0.902,-5.48,3.99,2.59,5.25
,-8.492,-1.263,-5.111,-8.402,-0.931,-5.554,3.64,2.94,5.53
68452.0,-8.37,-0.969,-5.525,-8.423,-1.182,-4.831,1.61,2.87,6.93
,-8.39,-1.048,-5.339,-8.473,-0.957,-4.917,0.14,3.01,7.07
,-8.366,-1.153,-5.212,-8.433,-0.735,-5.104,-1.68,3.15,7.21
,-8.315,-1.247,-4.989,-8.361,-0.218,-5.296,-2.52,3.92,7.98
68528.0,-8.442,-0.034,-5.363,-8.416,0.34,-5.482,-7.42,4.41,7.0
,-8.526,-0.093,-5.42,-8.313,0.242,-5.537,-9.52,5.53,5.39
,-8.607,-0.079,-5.331,-8.38,-0.182,-5.568,-11.55,5.88,3.99
,-8.54,0.235,-5.528,-8.447,-0.44,-5.511,-12.95,5.25,2.94
68603.0,-8.531,-0.589,-5.583,-8.387,-0.01,-5.532,-22.89,7.21,2.59
,-8.571,-0.426,-5.556,-8.289,-0.273,-5.611,-21.91,6.44,3.08
,-8.658,-0.873,-5.185,-8.382,-0.775,-5.334,-22.19,4.34,2.24
,-8.538,-0.309,-5.324,-8.476,-0.859,-5.494,-20.16,2.38,1.96
68679.0,-8.464,-0.773,-5.769,-8.234,-0.66,-5.937,-24.5,3.57,3.15
,-8.38,-0.792,-5.867,-8.325,-0.689,-5.918,-22.47,2.8,3.29
,-8.279,-0.972,-5.822,-8.433,-0.833,-5.824,-21.21,2.38,3.36
,-8.428,-0.708,-5.81,-8.22,-0.919,-5.791,-18.97,1.26,3.08
68755.0,-8.217,-0.907,-6.037,-8.392,-0.311,-5.714,-14.91,-0.21,5.39
,-8.241,-0.948,-5.824,-8.169,-0.223,-5.879,-13.86,0.07,6.37
,-8.263,-0.711,-5.832,-8.349,-0.227,-6.09,-10.92,-0.21,6.16
,-8.593,-0.491,-5.535,-8.251,-0.416,-5.784,-9.73,-1.89,5.18
68831.0,-8.334,-0.637,-5.559,-8.641,0.072,-5.489,-7.42,-5.95,0.77
,-8.346,-0.517,-5.65,-8.351,-0.053,-5.587,-5.95,-6.79,1.05
,-8.342,-0.443,-5.628,-8.703,-0.223,-5.293,-3.71,-7.0,1.33
,-8.375,-0.16,-5.906,-8.385,-0.156,-5.439,-0.63,-7.63,0.49
