Timestamp,AccX,AccY,AccZ,GyroX,GyroY,GyroZ,MagnX,MagnY,MagnZ
0.0,-9.27,-1.113,-3.305,-9.179,-0.845,-3.475,5.39,2.8,3.22
,-9.299,-1.134,-3.34,-9.229,-0.948,-3.518,7.77,3.15,3.71
,-9.335,-1.039,-3.398,-9.258,-1.036,-3.616,10.01,3.08,4.13
,-9.275,-0.928,-3.441,-9.194,-0.983,-3.63,10.64,3.15,4.2
75.0,-9.136,-0.964,-3.695,-9.217,-0.811,-3.601,3.36,2.17,2.94
,-9.17,-1.029,-3.723,-9.215,-0.78,-3.477,1.19,2.03,2.8
,-9.155,-0.988,-3.697,-9.249,-0.727,-3.525,-0.56,1.82,2.73
,-9.174,-0.905,-3.668,-9.251,-0.818,-3.556,-1.54,1.61,2.87
150.0,-9.27,-0.809,-3.496,-9.354,-0.692,-3.443,-5.6,0.21,2.1
,-9.232,-0.818,-3.53,-9.296,-0.603,-3.436,-5.11,0.28,2.38
,-9.232,-0.761,-3.419,-9.273,-0.455,-3.496,-3.85,0.35,2.73
,-9.323,-0.637,-3.448,-9.251,-0.558,-3.441,-2.73,0.56,3.01
226.0,-9.273,-0.632,-3.427,-9.325,-0.455,-3.099,-3.92,0.56,2.24
,-9.361,-0.668,-3.427,-9.263,-0.591,-3.027,-4.41,0.63,1.82
,-9.368,-0.5,-3.317,-9.316,-0.737,-3.013,-5.39,0.56,1.33
,-9.361,-0.414,-3.233,-9.313,-0.73,-3.089,-7.28,0.49,0.91
302.0,-9.323,-0.706,-3.116,-9.296,-0.56,-3.35,-11.2,3.15,2.03
,-9.359,-0.675,-3.314,-9.28,-0.593,-3.498,-11.34,3.71,1.96
,-9.273,-0.67,-3.197,-9.258,-0.565,-3.628,-11.69,4.2,2.1
,-9.287,-0.605,-3.221,-9.217,-0.608,-3.726,-11.76,4.2,2.17
378.0,-9.217,-0.627,-3.721,-9.268,-0.505,-3.778,-8.61,4.2,2.59
,-9.174,-0.641,-3.721,-9.308,-0.498,-3.817,-6.51,4.2,3.15
,-9.189,-0.615,-3.728,-9.237,-0.637,-3.771,-5.11,3.85,3.5
,-9.222,-0.617,-3.8,-9.229,-0.608,-3.855,-4.2,3.36,3.43
453.0,-9.148,-0.658,-3.807,-9.184,-0.287,-3.609,-5.46,1.26,1.61
,-9.11,-0.593,-3.716,-9.139,-0.29,-3.637,-6.16,0.77,1.47
,-9.21,-0.457,-3.74,-9.284,-0.354,-3.671,-6.65,0.7,1.26
,-9.308,-0.38,-3.685,-9.273,-0.397,-3.594,-7.98,0.42,0.98
529.0,-9.289,-0.531,-3.618,-9.22,-0.833,-3.546,-5.81,-0.07,2.59
,-9.289,-0.364,-3.64,-9.146,-0.938,-3.324,-2.03,-0.21,3.5
,-9.296,-0.22,-3.652,-9.284,-0.483,-3.108,0.56,-0.56,3.99
,-9.275,-0.352,-3.687,-9.514,0.014,-3.025,1.26,-0.49,3.71
604.0,-9.512,0.299,-2.85,-9.22,-0.177,-3.482,-0.91,1.19,1.05
,-9.404,0.352,-2.888,-9.196,-0.182,-3.63,-4.69,1.82,0.63
,-9.344,0.031,-3.063,-9.215,-0.373,-3.668,-6.72,2.38,0.42
,-9.363,-0.215,-3.302,-9.129,-0.689,-3.647,-5.46,2.8,0.63
680.0,-9.261,-0.869,-3.733,-9.225,0.139,-3.979,0.49,3.36,1.4
,-9.282,-0.701,-3.826,-9.21,0.146,-3.857,0.98,2.8,0.91
,-9.194,-0.328,-3.917,-9.306,0.225,-3.793,-0.77,2.24,-0.14
,-9.246,0.002,-3.996,-9.318,0.189,-3.829,-3.71,1.89,-1.26
756.0,-9.244,0.12,-3.8,-9.294,-0.251,-3.955,-7.28,-0.49,-2.38
,-9.22,-0.11,-3.757,-9.27,-0.603,-4.161,-5.6,-0.63,-2.1
,-9.237,-0.318,-3.824,-9.162,-0.821,-4.25,-3.64,-0.91,-2.03
,-9.241,-0.373,-3.848,-9.196,-0.536,-4.226,-0.7,-0.98,-1.82
832.0,-9.239,-0.206,-4.274,-9.361,-0.002,-3.429,16.66,-3.22,0.28
,-9.112,-0.098,-4.267,-9.203,-0.007,-2.96,18.97,-4.13,0.49
,-9.241,-0.177,-4.18,-9.38,-0.194,-2.611,19.81,-5.04,-0.14
,-9.361,-0.187,-3.699,-9.387,-0.567,-2.352,20.02,-6.23,-1.61
908.0,-9.359,-0.723,-2.206,-9.402,-0.443,-2.608,2.73,-4.69,-6.3
,-9.38,-0.704,-2.242,-9.28,-0.639,-2.824,2.38,-3.08,-6.09
,-9.445,-0.553,-2.237,-9.292,-0.859,-2.95,2.31,-1.89,-5.74
,-9.495,-0.419,-2.472,-9.304,-0.866,-3.003,2.24,-0.7,-5.46
983.0,-9.373,-0.558,-3.202,-9.136,-0.871,-2.962,6.09,3.43,-3.29
,-9.423,-0.321,-3.434,-9.282,-1.156,-2.883,5.39,3.08,-4.27
,-9.335,-0.115,-3.386,-9.335,-1.311,-2.941,2.24,3.01,-4.97
,-9.179,-0.311,-3.204,-9.366,-1.11,-3.18,-1.82,3.08,-5.39
1059.0,-9.282,-0.928,-3.496,-9.253,-1.646,-2.692,2.8,5.25,-2.03
,-9.11,-1.11,-3.501,-9.361,-1.515,-2.845,3.22,5.6,-0.77
,-8.954,-1.321,-3.192,-9.368,-1.271,-2.862,4.9,6.44,0.98
,-9.079,-1.62,-2.833,-9.349,-0.828,-3.151,8.26,7.84,2.94
1135.0,-9.275,-0.622,-3.077,-9.239,-0.428,-3.532,23.52,11.41,8.68
,-9.296,-0.479,-3.061,-9.052,-0.62,-3.285,22.75,12.53,9.1
,-9.335,-0.522,-3.166,-9.095,-1.067,-3.099,20.72,12.88,8.54
,-9.284,-0.467,-3.23,-9.174,-1.342,-2.745,19.46,12.6,8.33
1211.0,-9.526,-1.512,-3.072,-8.909,-1.378,-3.077,12.95,14.91,9.52
,-9.241,-1.237,-3.221,-9.229,-1.251,-3.506,15.33,14.91,9.87
,-9.127,-1.0,-3.762,-9.471,-0.739,-3.731,16.24,14.98,10.36
,-8.844,-1.149,-3.587,-9.28,-0.144,-4.405,15.12,15.82,10.92
1286.0,-8.856,0.079,-4.47,-9.512,-0.184,-4.314,16.66,14.7,10.78
,-8.672,-0.177,-4.176,-9.268,0.146,-4.731,10.71,15.54,10.64
,-8.76,-0.546,-3.845,-8.813,-0.096,-4.374,9.24,16.59,11.41
,-9.086,-0.617,-3.506,-8.653,-0.938,-3.632,11.9,16.66,11.41
1362.0,-8.823,-1.618,-2.867,-8.555,-0.414,-4.212,5.53,15.82,9.59
,-9.351,-1.792,-3.496,-8.512,-0.737,-3.326,13.65,15.68,10.64
,-9.378,-1.196,-4.209,-8.918,-0.859,-2.984,21.28,14.49,11.48
,-8.978,-0.567,-4.518,-9.442,-0.701,-4.061,25.13,14.56,13.09
1437.0,-9.311,-0.452,-4.862,-8.995,-1.589,-3.872,25.9,14.98,13.16
,-8.971,-0.383,-5.157,-9.268,-1.18,-4.171,21.63,14.21,13.37
,-8.382,-0.648,-4.405,-8.978,-0.452,-4.446,17.99,15.75,14.35
,-8.402,-1.175,-3.494,-8.564,0.012,-4.326,18.06,17.99,16.1
1513.0,-8.492,0.179,-3.391,-8.914,0.38,-3.927,20.65,18.27,14.84
,-9.009,0.215,-3.647,-8.701,0.148,-3.606,17.78,18.55,12.74
,-9.292,0.218,-3.652,-8.849,-0.11,-3.475,15.54,17.71,10.71
,-9.359,0.447,-3.814,-8.804,-0.045,-3.271,12.46,17.15,9.73
1589.0,-8.928,0.345,-3.3,-8.94,1.74,-4.204,8.33,20.51,5.18
,-9.0,0.816,-3.429,-8.827,1.589,-4.752,10.92,21.63,4.76
,-9.1,1.419,-3.723,-8.832,1.378,-4.81,12.53,22.75,3.92
,-9.002,1.687,-3.905,-8.33,0.751,-5.09,10.71,23.31,1.96
1665.0,-8.244,-0.153,-4.709,-8.658,-1.134,-5.231,-4.9,23.1,-5.46
,-8.564,-0.598,-4.759,-8.44,-1.036,-5.31,-1.82,24.22,-5.32
,-8.524,-1.005,-4.941,-8.452,-0.677,-5.638,2.31,24.78,-4.9
,-8.784,-1.335,-4.834,-8.299,-0.579,-5.745,5.53,24.71,-4.06
1741.0,-8.294,-0.577,-5.724,-8.449,-0.337,-6.312,8.89,22.05,-0.42
,-8.308,-0.531,-5.887,-8.413,-0.436,-6.236,7.98,21.7,-0.42
,-8.591,-0.447,-6.14,-8.239,-0.778,-6.025,6.65,20.86,-0.56
,-8.32,-0.134,-6.356,-8.33,-1.003,-5.798,5.25,19.88,-0.77
1816.0,-8.411,-1.091,-5.76,-8.334,0.61,-5.664,4.97,15.75,1.26
,-8.332,-0.991,-5.537,-8.435,0.759,-5.516,9.52,15.54,1.54
,-8.708,-0.29,-5.477,-8.193,0.794,-5.803,14.35,14.28,0.49
,-8.717,0.285,-5.709,-8.626,0.651,-5.418,15.61,12.6,-0.98
1892.0,-8.507,0.287,-5.623,-8.459,0.304,-5.709,6.44,9.03,-8.19
,-8.509,0.357,-5.595,-8.507,0.089,-5.975,10.22,9.45,-9.66
,-8.351,0.505,-5.731,-8.667,-0.237,-5.968,14.14,9.52,-10.5
,-8.27,0.476,-5.59,-8.521,-0.579,-5.925,15.68,9.1,-12.11
1968.0,-8.469,-0.873,-5.915,-7.973,-1.845,-5.647,11.69,2.87,-13.37
,-8.102,-1.062,-6.188,-8.004,-2.151,-5.408,12.95,1.68,-13.09
,-7.997,-1.204,-6.212,-8.291,-2.082,-5.508,13.72,-0.35,-13.23
,-8.222,-1.464,-5.939,-8.524,-1.438,-5.762,13.23,-0.63,-11.9
2044.0,-8.514,-0.79,-6.006,-8.301,-0.577,-6.569,19.32,-5.11,-9.31
,-8.452,-0.232,-5.989,-8.229,-1.546,-6.238,20.09,-5.39,-10.5
,-8.346,0.144,-5.913,-8.004,-3.185,-5.688,18.9,-5.53,-11.83
,-8.191,0.077,-6.423,-8.301,-4.073,-4.836,15.47,-6.44,-12.39
2119.0,-8.143,-4.496,-5.102,-8.428,-2.536,-4.657,17.22,-11.62,3.92
,-8.131,-4.712,-4.771,-8.55,-1.594,-4.736,22.82,-10.78,7.28
,-8.124,-3.776,-4.817,-8.631,-0.591,-5.181,31.64,-10.57,9.1
,-8.028,-3.386,-4.697,-8.516,0.409,-5.822,36.89,-10.57,9.45
2195.0,-8.397,0.395,-5.776,-8.471,-1.613,-4.951,26.46,-13.86,7.63
,-8.33,0.258,-5.578,-8.311,-1.694,-4.97,21.84,-12.95,6.72
,-8.423,-0.232,-5.645,-8.588,-1.725,-5.075,17.78,-12.74,5.6
,-8.516,-0.888,-5.305,-8.789,-1.759,-4.728,15.82,-12.18,6.16
2270.0,-8.516,-2.072,-4.602,-8.667,-0.792,-4.436,20.09,-10.92,11.48
,-8.445,-1.814,-4.554,-8.782,-0.854,-4.362,20.79,-10.71,11.76
,-8.679,-1.352,-4.453,-8.722,-1.017,-4.257,20.86,-10.22,11.76
,-8.617,-0.976,-4.338,-8.344,-1.101,-4.267,18.41,-9.45,11.34
2346.0,-8.394,-0.943,-4.439,-8.78,0.333,-4.238,7.56,-1.96,8.19
,-8.65,-0.141,-4.439,-8.624,0.163,-4.302,8.61,-0.56,7.21
,-8.543,0.395,-4.57,-8.488,0.072,-4.566,7.14,0.91,5.6
,-8.756,0.357,-4.214,-8.619,-0.077,-4.558,4.13,2.94,3.64
2422.0,-8.624,-0.503,-4.542,-8.449,-1.993,-4.709,-8.61,10.78,-3.15
,-8.547,-0.986,-4.52,-8.464,-1.876,-4.929,-11.13,11.9,-3.15
,-8.509,-1.376,-4.594,-8.471,-1.89,-4.879,-13.23,13.23,-2.59
,-8.49,-1.857,-4.561,-8.612,-1.905,-4.846,-13.86,15.19,-1.4
2498.0,-8.433,-1.9,-4.968,-8.89,-0.275,-5.511,-15.12,18.2,4.69
,-8.368,-1.582,-5.111,-8.698,-0.172,-5.506,-15.05,17.99,5.18
,-8.469,-1.168,-5.317,-8.473,-0.182,-5.41,-14.84,17.92,5.18
,-8.844,-0.833,-5.487,-8.394,-0.596,-5.269,-14.35,16.73,4.41
2574.0,-8.457,-0.849,-5.315,-8.354,-1.63,-5.786,-26.46,14.28,2.38
,-8.354,-1.24,-5.449,-8.385,-1.493,-6.028,-27.86,13.65,4.06
,-8.617,-1.385,-5.446,-8.445,-1.259,-5.75,-25.69,12.46,5.95
,-8.607,-1.352,-5.827,-8.423,-1.072,-5.872,-23.94,10.15,7.56
2649.0,-8.504,-0.866,-5.901,-8.385,-0.553,-5.992,-16.38,7.98,11.76
,-8.435,-0.603,-5.894,-8.38,-0.778,-5.982,-15.75,7.28,11.9
,-8.239,-0.409,-5.985,-8.375,-0.912,-5.973,-15.75,6.79,11.97
,-8.32,-0.316,-6.033,-8.229,-0.883,-5.863,-16.38,6.93,11.62
2725.0,-8.394,-0.782,-5.927,-8.244,-0.603,-5.882,-8.54,0.21,9.31
,-8.461,-0.771,-5.863,-8.277,-0.663,-5.93,-6.51,-1.4,8.54
,-8.363,-0.613,-6.004,-8.449,-0.601,-5.76,-4.41,-2.38,8.47
,-7.947,-0.749,-5.863,-8.375,-0.577,-5.542,-1.33,-2.59,7.7
2801.0,-8.26,-0.534,-5.676,-8.411,0.529,-5.717,4.76,-2.45,9.66
,-8.232,-0.541,-5.578,-8.375,0.759,-5.489,4.76,-2.52,9.87
,-8.342,-0.369,-5.631,-8.332,0.766,-5.336,5.46,-3.43,9.66
,-8.454,0.014,-5.741,-8.38,0.617,-5.243,6.86,-4.62,9.73
2877.0,-8.442,0.443,-5.15,-8.411,0.129,-5.061,-0.84,-7.56,3.57
,-8.643,0.223,-4.953,-8.533,0.436,-5.193,-2.1,-7.77,2.73
,-8.559,-0.022,-5.109,-8.638,0.785,-5.176,-1.96,-7.77,1.96
,-8.576,-0.034,-4.984,-8.423,0.84,-5.336,-1.47,-8.4,1.33
2952.0,-8.476,0.826,-5.547,-8.519,-0.275,-5.516,-6.09,-11.62,-5.95
,-8.39,0.206,-5.508,-8.346,-0.196,-5.427,-9.73,-11.55,-7.28
,-8.375,-0.132,-5.413,-8.471,-0.268,-5.322,-10.64,-11.48,-7.7
,-8.495,-0.294,-5.494,-8.61,-0.34,-5.166,-9.45,-11.62,-7.63
3028.0,-8.574,-0.452,-5.209,-8.524,-0.459,-5.248,-8.05,-13.72,-7.49
,-8.588,-0.459,-5.24,-8.483,-0.452,-5.207,-8.12,-14.63,-7.91
,-8.638,-0.333,-5.231,-4.322,0.354,-3.884,-7.21,-15.4,-8.4
,-8.562,-0.287,-5.135,-8.028,-0.158,-5.322,-7.56,-15.96,-9.17
3103.0,-8.689,-0.457,-4.716,-8.586,0.048,-4.736,-5.04,-16.17,-7.77
,-8.725,-0.503,-4.396,-8.624,-0.275,-4.554,-5.74,-15.96,-8.33
,-8.914,-0.16,-4.611,-8.598,-0.644,-4.219,-5.32,-17.15,-8.89
,-8.737,0.112,-4.886,-8.677,-0.845,-3.877,-6.65,-18.76,-9.59
3179.0,-8.777,-0.761,-3.446,-8.83,-0.364,-4.027,-8.54,-15.82,-11.27
,-8.77,-0.663,-3.704,-8.681,-0.56,-4.003,-7.35,-15.68,-10.99
,-8.88,-0.584,-3.546,-8.78,-0.873,-4.034,-6.65,-15.68,-9.87
,-9.11,-0.507,-3.987,-8.89,-0.933,-3.661,-7.07,-15.61,-8.33
3255.0,-8.818,-0.73,-3.843,-8.995,-0.438,-3.568,1.75,-12.88,-7.07
,-9.045,-0.486,-3.896,-9.062,-0.759,-3.967,1.68,-12.95,-7.14
,-8.993,-0.464,-3.838,-8.871,-1.101,-4.015,0.14,-12.67,-6.02
,-9.055,-0.498,-3.948,-8.67,-1.283,-4.082,-2.17,-12.04,-6.65
3331.0,-8.665,-1.247,-4.032,-8.753,-0.002,-3.884,-0.21,-10.36,-5.25
,-8.897,-1.122,-3.915,-9.048,-0.249,-4.152,5.95,-9.8,-3.64
,-9.213,-0.646,-4.384,-9.21,-0.476,-4.147,10.22,-10.08,-3.57
,-8.978,-0.28,-4.049,-8.938,-0.567,-3.317,10.5,-10.43,-3.43
3406.0,-9.201,-0.438,-3.948,-8.837,-0.428,-3.845,9.1,-9.31,-3.15
,-9.158,-0.359,-4.135,-9.012,-0.804,-3.652,7.77,-9.8,-4.9
,-8.966,-0.031,-3.984,-9.203,-0.83,-3.338,6.37,-10.15,-4.83
,-8.885,-0.034,-3.982,-9.22,-0.452,-3.838,2.87,-9.8,-4.83
3482.0,-9.134,-0.313,-3.716,-9.139,-0.656,-3.262,3.85,-8.89,-5.18
,-9.038,-0.194,-3.965,-9.186,-0.981,-3.159,2.45,-8.54,-5.39
,-8.983,-0.388,-3.845,-9.153,-1.295,-2.984,0.0,-8.4,-5.67
,-8.99,-0.651,-3.295,-9.299,-1.189,-3.381,-0.91,-7.91,-5.6
3558.0,-9.136,-1.022,-3.673,-9.148,-1.034,-3.046,-1.82,-4.83,-4.41
,-8.997,-0.993,-3.719,-9.301,-0.672,-3.022,-1.75,-4.34,-3.78
,-8.933,-0.924,-3.575,-9.32,-0.572,-3.013,-1.19,-3.57,-3.08
,-9.0,-1.117,-3.336,-9.296,-0.644,-3.214,0.7,-2.66,-2.03
3634.0,-9.153,-0.914,-3.254,-9.088,-1.266,-3.125,3.78,0.7,-0.84
,-9.057,-1.058,-3.228,-9.184,-1.34,-3.02,3.78,1.4,-0.56
,-9.1,-1.134,-3.393,-9.359,-1.108,-3.029,4.48,2.24,-0.14
,-9.139,-1.194,-3.336,-9.407,-0.61,-3.565,5.25,2.73,0.14
3710.0,-9.172,-0.431,-4.03,-9.165,-0.572,-4.932,1.19,5.32,0.0
,-8.871,-0.44,-4.281,-9.15,-0.246,-5.02,-1.68,4.97,-0.42
,-8.875,-0.725,-4.487,-9.019,-0.294,-5.188,-2.45,4.97,-0.35
,-8.952,-0.861,-4.532,-8.827,-0.656,-4.975,0.07,4.48,0.21
3785.0,-8.76,-0.94,-4.582,-9.373,-0.622,-3.099,3.43,-2.45,0.21
,-8.926,-0.95,-4.18,-9.383,-0.464,-3.262,5.04,-3.08,0.21
,-9.11,-1.019,-3.642,-9.239,-0.495,-3.388,5.6,-3.01,0.49
,-9.378,-0.811,-3.393,-9.086,-0.514,-3.628,5.25,-2.8,0.49
3861.0,-9.021,-0.754,-3.774,-9.124,-0.926,-3.293,-0.98,-1.47,-0.63
,-9.1,-0.988,-3.807,-9.172,-0.849,-3.166,0.63,-1.19,-0.21
,-9.098,-0.926,-3.721,-9.268,-0.883,-3.142,2.73,-1.12,0.21
,-9.088,-0.95,-3.544,-9.232,-0.83,-3.022,3.78,-0.98,0.35
3936.0,-9.318,-0.718,-3.24,-9.057,-0.84,-3.637,0.14,1.89,-0.56
,-9.246,-0.79,-3.379,-9.21,-0.763,-3.91,-0.49,2.31,-0.49
,-9.148,-0.742,-3.575,-9.215,-0.529,-4.113,-0.77,2.59,-0.35
,-9.067,-0.821,-3.637,-8.995,-0.548,-4.166,-0.91,3.08,-0.21
4012.0,-8.961,-0.814,-4.18,-9.296,-0.909,-3.4,-2.31,2.03,-1.12
,-8.993,-1.132,-4.02,-9.356,-0.577,-3.451,-1.12,2.03,-0.7
,-9.021,-1.194,-3.812,-9.313,-0.404,-3.575,1.47,1.82,0.07
,-9.083,-1.05,-3.628,-9.158,-0.505,-3.601,3.71,2.17,0.77
4088.0,-9.079,-0.787,-3.728,-9.158,-0.881,-3.838,-2.03,2.66,0.07
,-9.038,-1.084,-3.771,-9.119,-0.704,-3.965,-1.54,3.01,0.28
,-9.057,-1.199,-3.733,-9.079,-0.68,-4.154,0.56,2.87,0.84
,-9.172,-1.079,-3.766,-8.983,-0.885,-4.2,3.01,2.87,1.4
4164.0,-8.878,-1.005,-4.032,-9.392,-0.737,-3.419,0.35,1.47,1.68
,-8.988,-1.091,-3.893,-9.17,-0.83,-3.163,1.33,1.4,1.96
,-9.052,-1.144,-3.544,-9.11,-0.811,-3.147,2.52,1.61,2.45
,-9.22,-0.981,-3.199,-9.141,-0.948,-3.173,4.06,2.31,3.29
4239.0,-9.119,-1.074,-2.929,-9.251,-0.27,-3.63,2.1,6.58,5.74
,-9.072,-1.039,-2.654,-8.988,-0.309,-3.687,3.36,7.98,6.79
,-9.292,-0.907,-2.716,-8.93,-0.696,-3.565,4.41,9.1,6.72
,-9.452,-0.431,-3.422,-8.88,-1.005,-3.041,4.62,9.52,6.02
4315.0,-9.215,-0.79,-3.508,-8.741,-0.83,-4.154,-3.64,11.97,5.18
,-9.32,-0.455,-3.711,-8.782,-1.194,-4.2,-2.24,11.41,4.48
,-9.117,-0.153,-4.3,-9.1,-1.113,-4.604,-3.08,10.99,4.48
,-8.985,-0.292,-4.633,-8.918,-0.826,-4.221,-6.3,10.5,4.9
4391.0,-8.902,-0.747,-4.087,-9.182,-0.313,-3.699,6.3,10.15,9.17
,-8.947,-1.017,-3.166,-9.038,0.048,-3.69,5.11,10.71,8.4
,-9.191,-1.11,-3.178,-8.909,0.053,-4.075,4.27,10.78,7.84
,-9.282,-0.799,-3.362,-8.746,-0.067,-3.697,5.6,10.43,7.77
4467.0,-8.993,-0.388,-3.927,-8.634,-0.292,-5.406,-3.36,12.25,5.53
,-8.892,-0.373,-3.774,-8.275,-1.22,-4.688,-3.15,10.71,3.57
,-9.174,0.041,-4.731,-8.483,-1.823,-3.781,-4.06,8.12,1.61
,-8.947,0.17,-5.319,-8.914,-1.874,-3.63,-7.63,5.95,0.21
4543.0,-9.105,-1.39,-3.439,-9.289,0.256,-4.152,14.35,13.44,8.54
,-9.05,-0.869,-3.845,-9.186,0.079,-5.011,20.09,14.07,9.59
,-8.772,-0.302,-3.003,-8.734,-0.481,-5.051,23.87,17.01,11.41
,-9.194,0.031,-3.498,-8.418,-0.694,-4.58,20.79,17.15,11.48
4618.0,-8.351,-0.998,-4.013,-8.605,-0.297,-4.255,0.7,12.88,6.58
,-8.832,-1.192,-4.121,-8.696,0.022,-4.101,4.41,12.53,5.6
,-9.045,-1.024,-4.448,-9.143,0.495,-4.984,7.77,11.9,5.67
,-8.887,-0.579,-4.456,-9.081,0.835,-5.638,10.15,12.95,7.63
4694.0,-8.842,1.316,-6.152,-9.014,0.096,-4.692,9.52,7.84,7.07
,-8.411,1.491,-6.047,-9.026,-0.268,-4.599,6.44,7.91,5.74
,-8.282,1.106,-5.657,-8.799,-0.871,-4.238,2.03,9.31,4.27
,-8.55,0.469,-4.843,-8.555,-1.732,-3.903,-0.84,9.87,1.68
4769.0,-8.476,-2.271,-3.556,-8.909,-0.007,-4.8,-1.33,14.77,4.55
,-8.818,-2.221,-3.656,-8.459,0.818,-4.886,4.62,14.98,7.91
,-9.234,-1.713,-3.865,-8.138,1.163,-4.697,10.85,13.02,9.8
,-9.256,-0.909,-4.353,-8.397,0.811,-4.369,15.26,10.43,10.01
4845.0,-8.868,0.538,-4.386,-8.423,-0.459,-4.779,-6.79,11.55,3.5
,-9.016,0.067,-4.441,-8.583,-0.404,-4.776,-9.1,11.2,1.96
,-8.945,-0.156,-4.611,-8.806,0.096,-4.836,-9.24,11.76,1.47
,-8.732,-0.273,-4.846,-8.849,0.639,-4.987,-6.23,11.83,1.54
4921.0,-8.722,0.854,-4.85,-8.677,0.503,-5.111,8.47,11.76,0.77
,-8.648,1.027,-4.92,-8.717,0.696,-5.298,5.04,11.55,-0.98
,-8.581,0.907,-5.181,-8.61,0.924,-5.556,0.91,12.04,-3.5
,-8.643,0.622,-5.19,-8.579,1.139,-5.568,-0.98,12.6,-5.32
4997.0,-8.598,1.467,-5.485,-8.751,-0.227,-5.434,-0.28,7.91,-14.98
,-8.581,1.311,-5.166,-8.449,-1.039,-5.695,-1.96,7.84,-16.03
,-8.488,0.83,-5.202,-8.373,-1.749,-5.796,-2.52,7.7,-17.92
,-8.827,0.316,-5.123,-7.887,-2.134,-6.19,-2.45,7.42,-19.25
5072.0,-7.956,-2.388,-5.884,-8.667,-1.919,-5.164,11.97,0.91,-12.67
,-7.904,-2.486,-5.645,-8.787,-1.426,-5.449,15.75,1.68,-9.45
,-8.536,-2.357,-5.377,-8.461,-0.995,-5.511,16.52,2.24,-6.23
,-8.65,-2.139,-5.312,-8.291,-0.775,-5.939,17.64,1.4,-4.83
5148.0,-8.425,-1.0,-5.812,-8.626,-2.965,-5.073,15.61,-2.38,-3.57
,-8.409,-1.158,-6.061,-8.588,-2.871,-5.181,17.15,-3.57,-2.03
,-8.277,-1.512,-5.954,-8.418,-2.245,-5.181,17.92,-4.2,0.91
,-8.323,-2.484,-5.372,-8.593,-1.369,-5.152,18.55,-3.5,4.41
5224.0,-8.555,-0.285,-5.434,-8.452,-0.94,-5.542,44.31,-10.99,8.33
,-8.698,-0.031,-5.621,-8.375,-1.213,-5.365,40.25,-11.55,7.84
,-8.784,0.134,-5.669,-8.447,-1.589,-4.597,36.12,-11.97,7.56
,-8.571,-0.574,-5.518,-8.366,-1.63,-4.456,31.64,-12.04,8.05
5300.0,-8.634,-1.575,-4.446,-8.76,-0.096,-4.408,26.6,-10.92,12.67
,-8.993,-1.498,-3.891,-8.741,-0.397,-4.436,25.55,-11.27,13.37
,-8.813,-0.754,-4.044,-8.622,-0.885,-4.164,25.97,-12.18,13.51
,-8.734,-0.369,-4.293,-8.464,-1.33,-3.869,24.29,-11.76,13.3
5375.0,-8.406,-1.256,-3.936,-8.82,0.467,-4.166,16.45,-4.9,13.51
,-8.686,-0.699,-4.109,-8.899,0.263,-4.111,20.16,-2.73,13.16
,-8.942,-0.045,-4.216,-9.098,0.357,-4.135,21.28,-1.82,11.69
,-9.036,0.397,-4.109,-8.737,0.246,-4.35,20.37,-1.19,10.22
5451.0,-8.521,-0.177,-4.111,-8.741,-0.744,-4.403,6.93,7.35,3.85
,-8.509,-0.333,-4.252,-8.677,-0.503,-4.511,5.53,9.45,3.15
,-8.672,-0.337,-4.188,-8.756,-0.443,-4.434,4.55,11.2,2.87
,-8.844,-0.61,-4.267,-8.61,-0.591,-4.441,1.68,12.18,2.8
5527.0,-8.61,-0.881,-4.594,-9.107,0.51,-5.243,-7.7,17.22,1.4
,-8.705,-0.56,-4.736,-8.825,0.416,-5.37,-7.07,18.62,1.33
,-8.76,-0.026,-5.221,-8.626,0.232,-4.958,-6.09,18.69,0.91
,-8.892,0.498,-5.43,-8.533,0.225,-5.197,-6.72,18.69,-0.07
5602.0,-8.636,0.4,-5.492,-8.6,-0.983,-5.755,-17.01,17.57,-3.36
,-8.545,0.318,-5.855,-8.536,-0.895,-5.875,-18.69,16.31,-3.43
,-8.598,-0.203,-5.709,-8.521,-1.12,-5.631,-21.98,15.96,-3.01
,-8.648,-0.677,-5.633,-8.6,-1.158,-5.781,-23.94,15.4,-2.17
5678.0,-8.739,-1.311,-5.755,-8.442,-1.596,-5.786,-22.19,9.66,2.52
,-8.531,-1.304,-6.078,-8.538,-1.438,-5.839,-22.68,8.26,3.22
,-8.473,-1.443,-5.913,-8.516,-1.034,-5.851,-23.03,8.05,4.27
,-8.425,-1.543,-5.731,-8.442,-0.608,-6.025,-22.89,7.7,5.46
5754.0,-8.521,-0.534,-5.592,-8.528,-0.299,-5.592,-12.46,1.61,6.3
,-8.514,-0.347,-5.614,-8.416,-0.22,-5.791,-13.72,-0.28,4.83
,-8.538,-0.56,-5.473,-8.454,-0.034,-5.7,-14.77,-0.98,4.34
,-8.543,-0.421,-5.432,-8.306,-0.184,-5.418,-14.0,-1.12,4.41
5830.0,-8.547,-0.232,-5.37,-8.655,-0.093,-5.061,-4.97,-3.5,1.19
,-8.488,-0.237,-5.229,-8.629,-0.026,-5.233,-2.52,-3.5,1.26
,-8.454,-0.108,-5.114,-9.031,-0.388,-4.922,0.91,-3.22,0.98
,-8.375,0.191,-5.324,-8.559,-0.254,-5.415,2.45,-3.22,0.07
5905.0,-8.093,-0.44,-5.413,-8.531,-0.56,-5.099,-0.63,-8.89,-2.31
,-8.241,-0.601,-5.327,-8.464,-0.376,-5.071,-0.56,-8.33,-0.91
,-8.507,-0.766,-5.221,-8.454,-0.285,-5.111,0.77,-8.89,-0.35
,-8.344,-0.83,-5.016,-8.516,-0.282,-5.059,3.92,-9.1,-0.49
5981.0,-8.552,-0.383,-4.953,-8.861,0.278,-5.351,8.96,-5.11,3.15
,-8.516,-0.392,-4.956,-8.715,0.251,-5.398,10.15,-3.99,3.64
,-8.717,-0.132,-5.011,-8.406,0.251,-5.3,11.62,-4.2,3.99
,-8.49,0.151,-5.181,-8.545,0.136,-5.095,12.6,-5.67,4.2
6057.0,-8.502,0.11,-5.035,-8.528,0.177,-4.98,5.67,-10.71,-1.96
,-8.6,0.129,-5.025,-8.428,-0.112,-4.908,5.6,-10.29,-2.24
,-8.679,0.239,-5.008,-8.66,-0.321,-4.903,5.88,-10.57,-3.08
,-8.72,0.369,-4.949,-8.737,-0.39,-4.97,5.18,-10.29,-2.94
6133.0,-8.763,-0.201,-5.03,-8.622,-0.323,-4.8,3.71,-8.82,-3.08
,-8.77,-0.108,-5.071,-8.557,-0.687,-4.793,3.78,-9.52,-3.22
,-8.598,-0.014,-4.946,-8.646,-0.823,-4.621,2.38,-9.8,-3.57
,-8.583,-0.12,-4.831,-8.823,-0.747,-4.664,0.77,-9.87,-3.99
6208.0,-8.871,-0.541,-4.556,-8.698,0.01,-4.18,6.58,-12.88,-3.78
,-8.885,-0.196,-4.623,-8.914,-0.084,-3.97,7.14,-13.93,-4.55
,-8.746,-0.017,-4.757,-9.033,-0.127,-3.802,5.32,-14.63,-5.32
,-8.653,0.031,-4.267,-8.964,-0.376,-3.941,2.45,-14.35,-5.74
6284.0,-8.887,-0.433,-4.061,-8.729,-1.134,-3.62,-6.65,-14.98,-9.52
,-8.851,-0.663,-3.905,-8.911,-0.976,-3.647,-5.81,-14.77,-8.54
,-8.911,-0.967,-4.044,-9.083,-0.634,-3.704,-4.69,-14.49,-7.84
,-8.703,-1.125,-3.905,-8.995,-0.498,-3.561,-2.24,-14.28,-7.42
6359.0,-8.914,-0.452,-3.577,-8.849,-0.412,-4.212,4.9,-11.27,-4.76
,-9.074,-0.605,-3.601,-8.691,-0.45,-3.867,2.52,-10.36,-5.25
,-9.103,-0.617,-3.635,-8.789,-0.519,-3.515,2.87,-10.5,-5.46
,-9.036,-0.613,-4.092,-9.009,-0.361,-3.321,3.85,-11.27,-6.37
6435.0,-9.399,0.134,-3.345,-8.849,-0.737,-3.412,7.7,-9.1,-10.64
,-9.452,0.562,-3.963,-9.028,-1.584,-3.326,2.31,-10.22,-13.65
,-9.031,0.567,-4.075,-9.079,-1.737,-3.403,-6.09,-10.43,-14.84
,-8.681,0.132,-3.644,-9.112,-1.572,-3.446,-12.25,-9.59,-15.05
6511.0,-9.189,-1.493,-3.731,-8.875,-1.187,-3.989,-3.01,-7.56,-8.75
,-9.024,-1.429,-3.893,-8.952,-1.299,-3.661,-1.61,-6.79,-6.93
,-8.873,-1.328,-3.728,-8.966,-1.467,-3.553,-0.42,-6.09,-6.3
,-9.002,-1.199,-4.188,-9.1,-1.484,-3.056,0.28,-5.67,-6.09
6587.0,-9.407,-1.074,-3.099,-8.799,-0.641,-3.714,8.33,-2.66,-0.77
,-9.521,-0.459,-3.484,-8.94,-0.995,-3.415,10.29,-2.31,-0.98
,-9.304,-0.019,-3.932,-9.27,-0.988,-3.563,8.89,-2.45,-1.47
,-8.921,-0.139,-4.025,-9.222,-0.529,-3.525,4.83,-2.31,-1.68
6663.0,-9.22,-0.23,-3.317,-9.038,-0.933,-3.79,10.92,-0.07,-0.77
,-9.277,-0.282,-3.534,-8.993,-1.086,-3.754,6.23,0.28,-1.96
,-9.227,-0.653,-3.589,-9.048,-1.213,-3.637,2.17,0.35,-2.8
,-9.081,-0.821,-3.654,-9.021,-1.244,-3.305,-0.35,0.35,-3.29
6738.0,-9.146,-1.256,-3.084,-9.095,-0.849,-3.666,-1.68,2.45,-1.89
,-9.313,-1.072,-3.072,-8.906,-1.101,-3.838,-1.05,3.36,-1.54
,-9.299,-0.838,-3.13,-8.911,-1.402,-3.869,-1.4,3.92,-1.47
,-9.301,-0.689,-3.542,-8.933,-1.469,-3.618,-3.43,4.34,-1.96
6814.0,-9.227,-1.084,-3.955,-8.918,-0.864,-4.733,0.84,5.67,-0.07
,-9.294,-0.766,-4.372,-8.871,-0.974,-4.86,0.56,4.69,-0.77
,-8.966,-0.467,-4.532,-8.99,-0.888,-4.853,-1.75,3.71,-1.54
,-8.894,-0.548,-4.642,-8.911,-0.979,-4.692,-5.46,3.08,-2.24
6890.0,-8.964,-1.024,-4.384,-9.213,-1.017,-3.814,1.33,-1.61,-0.28
,-9.098,-1.137,-3.96,-9.06,-1.168,-3.867,3.22,-1.75,0.56
,-9.112,-1.11,-3.766,-8.938,-1.201,-3.805,4.41,-1.75,1.05
,-9.153,-1.024,-3.601,-9.028,-1.263,-3.843,4.97,-1.82,1.19
6966.0,-9.028,-1.074,-3.812,-9.17,-0.737,-3.448,7.56,-1.05,2.31
,-9.016,-0.763,-3.676,-9.119,-0.948,-3.4,8.75,-0.98,2.59
,-9.131,-0.692,-3.592,-9.174,-0.89,-3.513,7.84,-0.77,2.45
,-9.136,-0.742,-3.458,-9.217,-0.816,-3.642,6.44,-0.35,2.38
7041.0,-9.244,-0.725,-3.908,-9.014,-0.905,-4.061,3.22,1.12,0.98
,-9.079,-0.668,-4.106,-9.186,-0.787,-4.092,2.87,0.84,0.49
,-8.959,-0.708,-4.178,-9.184,-0.727,-4.022,2.73,0.63,0.35
,-9.019,-0.83,-4.164,-9.036,-0.694,-3.915,3.01,0.49,0.42
7117.0,-9.081,-0.869,-3.838,-9.136,-0.818,-3.611,3.92,-0.63,0.49
,-9.095,-0.907,-3.676,-9.131,-1.007,-3.491,4.2,-0.49,0.49
,-9.127,-0.888,-3.702,-9.119,-1.022,-3.441,4.62,-0.42,0.49
,-9.158,-0.735,-3.659,-9.105,-0.902,-3.431,4.2,-0.35,0.42
7192.0,-9.167,-0.921,-3.465,-9.074,-1.005,-3.984,3.5,1.75,0.56
,-9.189,-0.823,-3.683,-8.957,-1.091,-4.02,3.57,2.1,0.42
,-9.093,-0.794,-3.659,-8.997,-1.139,-3.888,2.94,2.1,0.35
,-9.124,-0.861,-3.874,-9.112,-1.029,-3.991,2.17,1.96,0.07
7268.0,-9.17,-0.905,-4.051,-9.064,-0.993,-3.805,6.51,1.26,1.12
,-9.107,-0.773,-4.178,-9.079,-1.012,-3.733,6.16,0.98,1.05
,-9.057,-0.78,-4.142,-9.088,-0.988,-3.723,5.04,0.7,1.05
,-9.026,-0.981,-3.891,-9.15,-0.878,-3.618,4.41,0.42,1.26
7344.0,-9.186,-0.876,-3.757,-9.081,-1.17,-3.553,4.69,0.42,1.33
,-9.11,-0.907,-3.771,-9.198,-1.01,-3.479,3.08,0.56,1.26
,-9.021,-1.079,-3.699,-9.275,-0.866,-3.522,1.89,0.98,1.33
,-9.012,-1.18,-3.609,-9.15,-0.823,-3.534,2.1,1.12,1.4
7420.0,-9.107,-0.866,-3.422,-9.136,-0.964,-3.154,0.91,2.73,1.96
,-9.117,-0.967,-3.362,-9.1,-1.022,-2.895,0.49,3.15,2.17
,-9.158,-1.046,-3.309,-9.299,-1.12,-2.532,0.77,3.64,2.24
,-9.091,-0.998,-3.302,-9.356,-1.058,-2.699,1.4,4.34,2.38
7496.0,-9.395,-0.818,-3.084,-8.715,-1.493,-3.257,-2.94,8.47,2.1
,-9.282,-0.483,-3.57,-9.064,-1.249,-3.4,-6.09,8.33,1.54
,-8.899,-0.637,-3.534,-9.363,-0.931,-3.836,-9.8,8.82,1.61
,-8.703,-0.986,-3.64,-9.229,-0.536,-3.979,-11.2,9.8,2.31
7571.0,-8.851,-0.404,-3.769,-9.246,-1.077,-3.312,-7.7,10.71,3.01
,-8.849,-0.821,-3.302,-8.806,-0.605,-3.242,-12.04,11.9,3.64
,-9.098,-1.395,-2.778,-8.653,-0.589,-3.135,-12.25,13.51,4.2
,-9.474,-1.474,-3.3,-8.717,-0.933,-2.268,-10.36,13.44,3.71
7647.0,-9.308,-0.613,-2.431,-8.057,0.369,-6.549,-4.55,21.98,9.1
,-9.605,-0.062,-3.585,-7.827,-0.672,-6.068,-1.05,20.44,7.28
,-9.433,0.553,-5.324,-8.15,-1.242,-4.922,-4.06,16.52,3.92
,-8.65,0.9,-6.332,-8.825,-1.295,-4.879,-14.35,12.81,1.47
7723.0,-8.983,-1.278,-4.434,-9.593,-1.433,-4.676,-5.25,11.27,2.52
,-9.038,-1.132,-4.288,-9.375,-0.811,-5.202,-0.49,13.02,4.34
,-8.66,-1.472,-3.23,-8.89,0.007,-6.231,0.98,15.47,6.3
,-9.04,-1.452,-2.735,-8.016,-0.026,-5.973,6.86,17.01,9.66
7799.0,-7.928,-0.287,-4.848,-8.78,-0.132,-3.238,9.94,12.32,11.2
,-8.531,-0.809,-4.882,-9.261,0.316,-2.51,11.34,12.11,10.01
,-8.634,-0.914,-4.614,-9.842,0.538,-3.836,13.86,12.32,8.19
,-8.775,-0.519,-4.135,-9.864,0.479,-4.726,18.34,13.79,8.26
7874.0,-9.174,0.397,-6.128,-8.057,-2.388,-4.578,-2.59,4.48,1.05
,-8.356,0.132,-6.298,-8.658,-2.623,-4.164,-7.7,3.99,1.05
,-7.897,-0.538,-5.887,-8.842,-2.424,-4.269,-10.01,5.67,1.33
,-7.703,-1.551,-5.085,-8.744,-2.252,-3.929,-7.63,8.4,1.26
7950.0,-8.705,-1.735,-3.893,-9.074,0.878,-4.745,18.41,14.07,12.74
,-8.591,-1.405,-3.573,-8.648,1.089,-4.855,19.95,15.47,15.12
,-9.112,-0.536,-3.795,-8.148,0.816,-4.415,22.75,14.28,16.24
,-9.134,0.136,-4.558,-8.406,0.23,-3.85,21.21,10.01,14.98
8025.0,-8.631,-0.096,-3.659,-8.981,-0.007,-4.783,-1.75,15.75,5.67
,-8.933,-0.45,-3.644,-8.918,1.278,-5.698,1.26,17.71,5.04
,-9.241,-0.593,-3.604,-8.366,2.615,-6.363,6.23,17.92,4.9
,-9.014,-0.471,-4.097,-8.189,3.23,-6.372,10.57,16.66,5.46
8101.0,-8.11,2.477,-5.738,-8.586,-1.933,-4.558,6.93,9.8,-7.35
,-8.588,1.254,-4.965,-8.44,-2.134,-4.501,-5.32,11.83,-9.94
,-8.813,-0.273,-4.652,-8.473,-1.783,-5.049,-14.21,12.88,-10.78
,-8.916,-1.479,-4.391,-8.569,-0.916,-5.415,-17.43,14.28,-9.66
8177.0,-8.435,0.361,-5.719,-8.847,0.144,-4.956,23.59,9.94,-4.76
,-8.184,1.393,-5.662,-8.935,-0.357,-5.128,25.13,8.89,-7.28
,-8.258,1.543,-5.671,-8.545,-0.94,-5.027,19.74,9.94,-9.1
,-8.354,0.869,-5.279,-8.265,-1.232,-5.477,11.2,10.99,-10.92
8253.0,-8.507,-1.563,-5.638,-8.234,-1.223,-6.159,13.02,10.01,-12.18
,-8.394,-1.969,-5.791,-8.234,-1.072,-6.109,17.71,7.98,-11.62
,-8.576,-2.084,-5.731,-8.126,-1.077,-6.018,22.12,6.93,-10.01
,-8.49,-1.675,-6.037,-8.162,-1.295,-6.016,27.09,4.34,-9.24
8329.0,-8.44,-1.496,-5.587,-8.224,-1.182,-5.887,22.26,3.64,-6.09
,-8.504,-1.711,-5.547,-8.196,-1.156,-5.992,20.93,4.34,-4.48
,-8.545,-1.776,-5.293,-8.181,-1.661,-6.145,19.67,5.11,-3.5
,-8.332,-1.596,-5.461,-8.38,-2.474,-5.709,22.82,4.83,-3.71
8404.0,-8.303,-2.749,-5.379,-8.71,-1.615,-5.104,28.42,0.14,2.87
,-8.186,-2.268,-5.324,-8.476,-1.965,-4.963,32.76,-0.77,5.46
,-8.215,-1.924,-5.24,-8.112,-2.213,-5.025,35.56,-1.33,6.44
,-8.646,-1.68,-5.307,-8.313,-2.041,-5.061,35.21,-1.61,6.3
8480.0,-8.351,-1.491,-5.415,-8.488,-0.445,-5.312,25.06,-0.84,12.11
,-8.363,-0.988,-5.571,-8.691,-0.83,-4.96,24.71,-0.98,11.83
,-8.253,-0.459,-5.532,-8.593,-0.969,-4.908,23.52,-0.91,11.13
,-8.229,-0.227,-5.48,-8.679,-1.06,-4.803,19.88,0.0,10.57
8556.0,-8.61,-0.651,-4.779,-8.614,-0.637,-5.145,11.69,2.1,7.56
,-8.361,-0.223,-5.03,-8.464,-0.749,-5.114,9.66,0.77,5.88
,-8.239,-0.23,-5.26,-8.32,-0.926,-5.231,6.23,1.26,4.48
,-8.399,-0.395,-5.307,-8.39,-1.335,-5.08,3.01,2.38,3.36
8632.0,-8.277,-1.412,-5.051,-8.559,-0.952,-5.525,-5.88,10.85,1.33
,-8.296,-1.323,-5.142,-8.559,-0.524,-5.738,-6.79,11.2,1.96
,-8.375,-1.309,-5.274,-8.339,-0.349,-5.934,-8.33,9.87,2.59
,-8.483,-1.204,-5.492,-8.334,-0.646,-5.784,-10.15,8.12,3.08
8707.0,-8.306,-1.101,-5.463,-8.514,-0.926,-5.977,-25.34,7.21,3.15
,-8.344,-1.4,-5.54,-8.49,-1.01,-5.973,-25.13,8.61,4.06
,-8.447,-1.094,-5.781,-8.344,-1.424,-5.729,-22.47,8.4,4.41
,-8.478,-0.974,-5.91,-8.308,-1.57,-5.738,-20.37,7.77,4.48
8783.0,-8.459,-1.632,-5.458,-8.418,-0.335,-5.994,-22.12,6.58,9.24
,-8.519,-1.237,-5.487,-8.368,-0.187,-6.114,-19.53,6.16,10.15
,-8.382,-0.737,-5.769,-8.265,-0.438,-6.025,-17.5,5.11,10.01
,-8.351,-0.555,-5.922,-8.454,-0.299,-5.843,-17.15,4.69,9.8
8858.0,-8.641,-0.357,-5.805,-8.129,-0.835,-6.021,-22.96,3.85,8.19
,-8.531,-0.447,-5.865,-8.344,-0.895,-5.93,-21.63,2.66,7.07
,-8.141,-0.512,-6.193,-8.334,-0.823,-5.827,-19.32,1.82,6.23
,-8.122,-0.794,-6.126,-8.397,-0.67,-5.839,-16.38,1.89,6.23
8934.0,-8.562,-0.653,-5.628,-8.076,-0.562,-5.609,-0.07,-4.48,5.88
,-8.447,-0.541,-5.525,-8.004,-0.558,-5.585,-0.63,-7.56,4.2
,-8.251,-0.538,-5.628,-8.327,-0.512,-5.602,-2.24,-9.17,3.43
,-8.358,-0.507,-5.712,-8.239,-0.452,-5.485,-2.66,-10.43,3.15
9010.0,-8.373,-0.471,-5.339,-8.346,-0.345,-5.197,-0.14,-10.92,4.83
,-8.232,-0.524,-5.202,-8.37,-0.182,-5.386,1.05,-10.99,4.76
,-8.373,-0.464,-5.248,-8.533,0.067,-5.3,2.52,-10.71,4.97
,-8.464,-0.402,-5.288,-8.375,0.182,-5.157,3.57,-11.2,5.74
9086.0,-8.279,0.199,-5.104,-8.32,0.644,-5.2,3.43,-15.54,2.94
,-8.555,0.644,-5.374,-8.406,0.514,-5.013,6.02,-15.12,1.68
,-8.789,0.55,-5.315,-8.502,0.158,-5.001,5.39,-16.03,0.49
,-8.612,0.701,-5.252,-8.576,-0.062,-4.81,2.38,-16.94,-0.14
9161.0,-8.705,-0.148,-4.781,-8.55,-0.117,-5.205,-3.36,-14.77,-3.57
,-8.614,-0.132,-4.877,-8.437,-0.273,-5.051,-3.08,-14.98,-3.71
,-8.705,-0.043,-4.908,-8.483,-0.543,-4.805,-2.94,-14.98,-4.41
,-8.729,-0.105,-5.138,-8.708,-0.715,-4.862,-4.27,-15.61,-5.53
9237.0,-8.732,-0.689,-4.795,-8.681,-0.608,-4.436,-5.04,-15.4,-6.51
,-8.713,-0.684,-4.606,-8.77,-0.316,-4.494,-5.32,-15.82,-6.02
,-8.591,-0.739,-4.487,-8.746,0.062,-4.549,-5.04,-15.4,-5.18
,-8.689,-0.821,-4.496,-8.77,0.096,-4.427,-4.13,-15.33,-4.9
9313.0,-8.763,0.01,-4.422,-8.997,-0.696,-3.879,-1.89,-15.96,-5.74
,-8.756,-0.199,-4.298,-8.981,-0.543,-3.702,-4.06,-15.89,-6.3
,-8.734,-0.584,-4.044,-8.926,-0.407,-3.896,-4.9,-15.54,-5.67
,-8.916,-0.835,-3.85,-8.851,-0.345,-4.013,-3.15,-15.26,-5.39
9389.0,-8.859,-0.34,-4.049,-8.938,-0.72,-3.678,-3.29,-16.59,-7.21
,-8.737,-0.4,-4.042,-9.124,-0.972,-3.51,-3.22,-15.75,-6.79
,-8.76,-0.488,-4.14,-8.966,-1.077,-3.647,-3.29,-15.26,-7.21
,-8.78,-0.629,-3.714,-8.99,-1.24,-3.501,-1.75,-14.14,-6.86
9465.0,-9.196,-1.027,-3.855,-8.902,0.096,-4.063,5.6,-12.11,-3.29
,-9.244,-0.682,-4.147,-8.93,-0.261,-3.917,6.09,-12.67,-3.43
,-9.005,-0.299,-4.054,-9.081,-0.244,-3.814,6.3,-13.16,-3.85
,-8.868,-0.012,-4.226,-9.155,-0.333,-3.877,5.39,-13.23,-4.55
9540.0,-9.057,-0.328,-3.759,-9.347,-0.974,-3.154,1.96,-13.44,-9.17
,-8.887,-0.421,-3.534,-9.306,-0.713,-3.491,1.47,-12.81,-8.54
,-8.959,-0.704,-2.936,-9.074,-0.574,-3.683,1.05,-11.34,-7.91
,-9.189,-0.945,-3.013,-8.94,-0.577,-3.312,2.17,-10.08,-7.07
9616.0,-9.136,-0.634,-3.685,-9.038,-0.682,-4.097,0.63,-7.21,-5.81
,-9.208,-0.744,-3.69,-8.93,-0.826,-3.821,0.77,-7.28,-6.02
,-9.112,-0.653,-3.807,-9.038,-0.964,-3.764,1.54,-7.35,-5.81
,-9.141,-0.548,-4.171,-9.139,-1.101,-3.352,2.66,-7.7,-5.46
9691.0,-9.153,-1.091,-3.139,-9.411,-0.704,-2.706,7.28,-6.86,-2.45
,-9.273,-0.909,-2.812,-9.459,-0.593,-3.228,7.07,-6.02,-2.24
,-9.378,-0.893,-2.69,-9.227,-0.713,-3.422,6.02,-4.97,-2.17
,-9.304,-0.948,-2.362,-8.988,-0.751,-3.376,5.04,-3.5,-1.96
9767.0,-9.021,-0.964,-3.424,-9.196,-0.627,-4.137,-1.4,-0.63,-2.24
,-9.273,-1.156,-3.783,-9.009,-0.871,-3.912,0.14,-0.35,-1.89
,-9.184,-1.043,-3.738,-9.107,-1.031,-3.884,2.52,-0.91,-1.19
,-9.191,-0.524,-4.082,-9.103,-1.156,-3.532,3.22,-1.12,-0.91
9843.0,-9.167,-1.11,-3.386,-9.347,-0.701,-2.793,5.81,-2.1,-0.28
,-9.311,-1.048,-3.075,-9.289,-0.634,-2.879,6.86,-1.54,0.28
,-9.34,-0.964,-2.833,-9.316,-0.821,-2.972,7.98,-0.77,0.98
,-9.428,-0.778,-2.881,-9.206,-1.027,-2.807,8.26,-0.07,0.91
9919.0,-9.251,-1.07,-3.058,-9.107,-0.68,-4.355,5.32,3.71,0.56
,-9.354,-0.84,-3.29,-8.981,-1.017,-4.288,6.72,4.2,0.84
,-9.361,-0.598,-3.79,-8.859,-1.12,-4.099,5.88,3.92,0.35
,-9.15,-0.567,-3.944,-9.048,-1.163,-4.046,3.43,3.78,0.0
9994.0,-9.229,-1.146,-3.915,-8.969,-1.139,-3.616,5.74,1.26,0.98
,-9.421,-0.766,-4.374,-9.122,-1.333,-3.384,7.35,-0.14,0.77
,-9.194,-0.617,-4.36,-9.318,-1.137,-3.29,6.09,-1.4,0.77
,-8.894,-0.782,-4.066,-9.383,-0.847,-3.187,3.92,-1.75,0.77
10070.0,-9.373,-0.723,-3.326,-9.28,-0.936,-3.092,7.28,-1.47,1.61
,-9.203,-0.818,-3.089,-9.328,-0.744,-3.415,5.39,-0.91,1.54
,-9.16,-0.914,-2.972,-9.28,-0.706,-3.563,4.62,-0.07,1.61
,-9.263,-0.962,-3.015,-9.167,-0.816,-3.702,4.41,0.7,1.47
10145.0,-9.079,-1.01,-3.594,-9.198,-0.897,-3.881,0.77,1.05,0.28
,-9.107,-1.163,-3.656,-9.153,-0.727,-3.867,2.31,1.54,0.56
,-9.206,-1.206,-3.702,-9.215,-0.56,-3.836,4.62,1.47,1.12
,-9.261,-1.072,-3.874,-9.167,-0.653,-3.673,6.79,1.12,1.4
10221.0,-9.222,-0.696,-3.443,-9.22,-0.873,-3.116,6.09,0.49,1.61
,-9.311,-0.759,-3.331,-9.237,-0.744,-3.08,5.95,0.42,1.4
,-9.351,-0.768,-3.281,-9.261,-0.797,-3.092,6.16,0.63,1.33
,-9.287,-0.78,-3.202,-9.213,-0.78,-3.022,5.18,0.84,1.26
10297.0,-9.301,-0.713,-2.917,-9.16,-0.737,-3.592,-0.91,3.36,0.21
,-9.38,-0.869,-3.058,-9.179,-0.928,-3.676,-2.38,3.99,0.14
,-9.39,-0.895,-3.324,-9.124,-1.098,-3.64,-2.8,4.2,-0.14
,-9.229,-0.821,-3.448,-9.136,-1.17,-3.664,-2.8,4.2,-0.35
10373.0,-9.203,-1.163,-3.589,-9.179,-0.548,-3.436,1.4,4.55,0.35
,-9.179,-0.912,-3.484,-9.122,-0.57,-3.364,2.8,4.62,0.49
,-9.27,-0.641,-3.463,-9.273,-0.759,-3.439,2.31,4.69,0.21
,-9.347,-0.603,-3.489,-9.397,-0.89,-3.594,0.42,4.76,-0.14
10449.0,-9.296,-0.873,-3.917,-9.215,-1.342,-3.975,-8.47,3.99,-2.8
,-9.179,-0.754,-4.049,-9.33,-1.333,-4.015,-9.03,3.36,-2.52
,-8.933,-0.818,-3.972,-9.167,-1.029,-4.02,-9.59,3.01,-1.82
,-8.911,-1.012,-3.85,-9.079,-0.799,-4.022,-8.4,3.08,-0.84
10524.0,-9.014,-0.806,-3.951,-9.165,-0.967,-3.044,-3.71,0.56,1.05
,-9.005,-1.11,-3.601,-9.153,-0.881,-2.816,-3.29,1.26,2.03
,-9.182,-1.139,-3.412,-9.222,-1.022,-2.206,-0.49,2.1,2.87
,-9.253,-0.96,-3.434,-9.507,-0.79,-2.615,1.89,2.31,3.15
10600.0,-9.462,-0.826,-2.596,-9.122,-0.73,-3.075,-1.75,5.67,3.57
,-9.347,-0.51,-2.867,-9.05,-1.07,-2.62,-3.36,6.16,3.15
,-9.055,-0.474,-2.764,-8.945,-1.108,-2.058,-6.79,7.07,2.52
,-9.234,-0.424,-2.898,-9.359,-1.017,-2.857,-8.96,8.26,2.24
10676.0,-9.203,-1.005,-2.895,-8.914,-1.074,-3.676,-6.51,16.03,5.81
,-8.945,-0.842,-2.453,-8.765,-1.285,-3.673,-5.53,17.29,7.77
,-9.311,-0.625,-3.202,-8.717,-1.328,-3.515,-6.02,17.15,7.63
,-9.081,-0.802,-3.623,-8.782,-1.323,-3.64,-8.61,16.52,6.37
10752.0,-8.818,-1.182,-3.396,-9.414,0.098,-4.116,8.33,23.59,11.2
,-9.067,-0.574,-3.836,-9.337,0.34,-4.499,14.63,23.59,11.2
,-8.916,-0.213,-3.618,-8.844,0.156,-5.075,15.19,23.94,10.5
,-9.191,0.213,-3.032,-8.172,-0.505,-4.085,14.98,24.92,11.55
10827.0,-8.358,-1.005,-3.967,-8.392,-0.457,-5.303,0.77,24.01,7.14
,-8.705,-1.129,-3.451,-7.997,-0.914,-4.424,8.33,25.06,7.63
,-9.38,-0.579,-4.262,-8.559,-0.979,-4.745,13.58,22.26,6.65
,-9.093,-0.345,-5.013,-9.296,-0.534,-4.996,11.97,19.88,5.88
10903.0,-9.555,0.215,-6.159,-8.37,-0.605,-5.051,8.26,11.34,3.36
,-8.921,0.692,-6.681,-8.784,-0.821,-4.879,3.99,8.61,-0.07
,-8.227,0.596,-6.487,-9.052,-0.809,-5.006,-2.59,9.8,-1.26
,-7.944,-0.112,-5.504,-8.794,-0.849,-4.829,-7.21,12.67,-0.77
10978.0,-8.674,-0.766,-4.427,-8.93,-0.512,-5.765,1.82,12.53,1.54
,-8.784,-0.926,-4.429,-8.526,-0.258,-5.729,2.94,12.11,2.45
,-9.04,-0.948,-4.539,-8.155,-0.328,-5.293,5.6,10.78,4.48
,-9.17,-0.672,-5.422,-8.485,-0.565,-4.822,8.33,7.42,5.53
11054.0,-8.744,-1.096,-4.716,-8.641,-2.29,-4.19,0.77,3.22,1.33
,-8.717,-1.57,-4.477,-8.808,-1.852,-4.331,-1.75,3.57,2.94
,-8.483,-2.094,-4.396,-8.868,-1.06,-4.585,-2.24,5.18,5.67
,-8.411,-2.362,-4.14,-8.794,-0.412,-4.972,0.21,7.56,9.24
11130.0,-8.538,0.215,-5.346,-8.813,0.263,-4.259,21.35,5.95,14.84
,-8.282,0.605,-5.255,-9.043,0.184,-4.116,18.62,7.49,15.33
,-8.167,0.615,-4.992,-9.064,0.074,-4.472,15.12,9.8,15.4
,-8.579,0.254,-4.214,-8.784,0.196,-4.831,11.06,11.9,14.28
11206.0,-8.593,0.416,-5.118,-8.885,1.809,-4.96,7.49,9.8,6.09
,-8.693,0.897,-5.25,-8.882,1.682,-4.848,8.12,9.45,4.13
,-8.634,1.34,-5.382,-8.722,1.491,-4.96,10.08,8.68,0.98
,-8.672,1.73,-5.288,-8.67,1.199,-4.903,10.99,8.47,-3.01
11282.0,-8.634,0.574,-4.838,-8.485,-1.103,-5.351,-5.88,7.49,-10.57
,-8.693,-0.323,-4.949,-8.318,-0.72,-5.599,-5.32,7.49,-10.57
,-8.796,-0.735,-5.073,-8.033,-0.297,-5.848,0.07,6.93,-10.43
,-8.593,-1.139,-5.434,-8.267,-0.455,-5.406,5.81,5.95,-9.8
11357.0,-8.533,-0.773,-5.286,-8.571,-2.302,-5.243,5.6,4.06,-6.65
,-8.674,-1.326,-5.281,-8.423,-2.067,-5.346,1.33,3.99,-4.97
,-8.672,-1.91,-5.142,-8.346,-1.299,-5.48,0.0,4.9,-3.08
,-8.648,-2.192,-5.2,-8.545,-0.692,-5.284,1.26,4.76,-1.61
11433.0,-8.306,-0.129,-5.566,-8.926,0.311,-5.15,15.96,3.15,3.43
,-8.591,-0.115,-5.068,-9.019,0.589,-5.367,13.09,3.43,4.13
,-8.421,0.122,-5.162,-8.799,0.311,-5.305,13.86,2.87,3.22
,-8.579,0.361,-5.166,-8.315,-0.206,-5.307,14.07,2.8,2.66
11509.0,-8.332,-0.9,-5.24,-8.469,-2.032,-4.865,13.44,0.42,-3.36
,-8.387,-1.5,-5.152,-8.581,-2.405,-4.712,16.45,0.84,-2.73
,-8.425,-1.78,-4.989,-8.471,-1.9,-4.838,20.79,0.63,-1.47
,-8.315,-1.792,-4.848,-8.425,-1.481,-4.929,24.5,0.77,-0.14
11585.0,-8.545,-1.077,-5.02,-8.519,-0.603,-4.905,29.26,-1.05,4.9
,-8.464,-1.053,-4.882,-8.612,-0.12,-5.164,27.16,-0.77,5.74
,-8.361,-0.979,-4.913,-8.6,-0.29,-5.027,23.94,-0.28,6.72
,-8.447,-1.101,-4.745,-8.579,-0.349,-4.929,22.68,0.56,7.42
11660.0,-8.744,-0.203,-4.92,-8.547,-0.244,-5.183,19.39,0.98,6.51
,-8.693,-0.022,-5.044,-8.528,-0.519,-5.2,18.55,0.77,6.37
,-8.605,0.093,-5.152,-8.567,-0.835,-4.987,15.82,0.35,5.6
,-8.538,0.019,-5.267,-8.507,-0.991,-5.102,11.55,0.7,4.76
11736.0,-8.497,-1.024,-5.075,-8.449,-0.345,-5.226,3.64,5.6,2.87
,-8.55,-1.086,-5.133,-8.533,0.163,-5.128,1.75,4.69,2.59
,-8.406,-0.828,-5.303,-8.622,0.081,-5.049,1.12,3.99,2.24
,-8.416,-0.663,-5.329,-8.677,-0.328,-4.953,0.7,4.55,1.89
11811.0,-8.775,-0.302,-5.044,-8.392,-0.727,-5.434,-9.94,7.98,-0.63
,-8.492,-0.218,-5.221,-8.504,-2.307,-4.422,-12.46,8.4,-0.84
,-8.435,-0.503,-5.245,-8.619,-0.687,-5.128,-16.1,8.89,-0.63
,-8.531,-0.651,-5.276,-8.717,-0.354,-5.47,-18.13,7.84,-0.21
11887.0,-8.677,-0.349,-5.686,-8.808,-1.084,-5.482,-14.0,7.35,-1.75
,-8.631,-0.347,-5.738,-8.667,-0.84,-6.059,-17.5,7.14,-1.96
,-8.576,-0.644,-5.552,-8.382,-0.907,-5.903,-21.0,7.07,-1.61
,-8.579,-1.053,-5.379,-8.179,-0.893,-5.793,-23.03,7.42,-0.84
11963.0,-8.378,-1.012,-5.724,-8.459,-0.928,-5.501,-20.51,3.85,2.38
,-8.641,-1.05,-5.721,-8.358,-0.708,-5.561,-18.69,3.57,3.36
,-8.772,-1.039,-5.575,-8.337,-0.718,-5.544,-17.43,3.08,4.27
,-8.636,-0.995,-5.477,-8.457,-0.672,-5.712,-15.68,3.5,5.67
12039.0,-8.459,-0.589,-5.748,-8.258,-0.706,-5.635,-9.45,-1.05,4.76
,-8.373,-0.603,-5.784,-8.339,-0.735,-5.54,-7.21,-1.75,5.25
,-8.571,-0.689,-5.671,-8.466,-0.818,-5.236,-6.09,-2.94,5.11
,-8.423,-0.694,-5.755,-8.586,-0.467,-5.051,-5.53,-4.13,4.62
12115.0,-8.547,-0.297,-5.334,-8.557,-0.098,-5.044,2.24,-6.58,2.1
,-8.471,-0.184,-5.217,-8.49,-0.005,-5.078,1.4,-6.58,2.59
,-8.37,-0.074,-5.183,-8.327,-0.232,-5.061,0.63,-5.95,3.08
,-8.411,-0.098,-5.037,-8.442,-0.414,-5.095,1.4,-5.95,2.66
12190.0,-8.473,-0.529,-5.085,-8.631,-0.445,-5.032,3.5,-2.45,4.13
,-8.471,-0.704,-5.231,-8.406,-0.436,-5.123,5.95,-2.94,4.76
,-8.516,-0.689,-5.226,-8.564,-0.278,-5.169,9.8,-3.64,4.9
,-8.605,-0.648,-5.114,-8.603,0.031,-5.281,11.83,-4.97,4.06
12266.0,-8.373,-0.292,-5.434,-8.44,0.067,-5.176,2.66,-10.36,4.06
,-8.619,-0.199,-5.02,-8.571,0.101,-5.193,-0.84,-10.08,3.29
,-8.61,-0.196,-5.166,-8.646,0.151,-5.092,0.07,-10.71,2.59
,-8.514,-0.065,-5.197,-8.684,0.199,-5.056,1.12,-11.41,2.1
12342.0,-8.693,0.156,-5.049,-8.655,0.031,-5.181,3.78,-11.13,0.35
,-8.796,0.115,-4.953,-8.567,-0.048,-4.975,3.08,-11.34,-0.07
,-8.698,0.177,-5.016,-8.387,-0.103,-4.941,2.1,-12.32,-0.56
,-8.77,0.101,-5.044,-8.557,-0.151,-4.822,1.19,-13.72,-1.19
12418.0,-8.701,-0.045,-4.688,-8.701,-0.718,-4.314,-1.68,-15.12,-4.83
,-8.737,-0.223,-4.353,-8.799,-0.826,-4.231,-2.73,-15.19,-4.69
,-8.804,-0.256,-4.341,-8.978,-0.641,-4.085,-3.71,-15.47,-4.76
,-8.751,-0.428,-4.348,-8.904,-0.294,-3.848,-4.34,-15.68,-5.25
12493.0,-9.033,0.055,-4.128,-8.923,0.01,-4.168,1.68,-15.54,-5.46
,-8.839,0.124,-4.247,-8.873,-0.165,-3.967,-1.19,-16.1,-6.16
,-8.746,0.153,-4.269,-8.942,-0.244,-3.862,-2.31,-16.03,-6.44
,-8.727,0.134,-4.094,-8.997,-0.385,-3.824,-3.01,-15.96,-7.21
12569.0,-9.105,-0.514,-3.915,-8.851,-0.66,-4.054,-3.71,-15.19,-9.17
,-8.976,-0.505,-4.128,-9.06,-0.797,-4.255,-3.08,-15.82,-9.31
,-8.894,-0.345,-4.099,-8.978,-0.785,-4.192,-1.96,-15.47,-8.96
,-8.741,-0.404,-3.829,-8.873,-0.608,-4.123,-2.59,-14.91,-8.61
12644.0,-8.799,-0.708,-3.647,-9.019,-0.476,-3.479,0.42,-14.56,-7.35
,-9.069,-0.866,-3.853,-9.074,-0.352,-3.41,1.89,-13.86,-7.49
,-9.117,-0.914,-3.807,-9.158,-0.357,-3.252,3.99,-13.93,-7.14
,-8.985,-0.665,-3.518,-9.265,-0.421,-3.52,5.88,-13.93,-6.79
12720.0,-9.055,-0.407,-3.235,-9.308,-0.304,-3.381,6.09,-11.41,-6.93
,-8.993,-0.419,-3.283,-9.16,-0.012,-3.515,5.53,-10.36,-6.51
,-9.194,-0.67,-2.994,-9.139,-0.098,-3.759,4.55,-9.31,-6.65
,-9.263,-0.596,-3.089,-9.052,-0.543,-3.728,6.3,-8.4,-6.65
12796.0,-8.945,-0.859,-3.326,-9.351,-0.833,-3.585,-4.2,-7.42,-9.17
,-9.112,-1.05,-3.34,-9.143,-1.189,-3.613,-2.66,-6.51,-8.61
,-9.162,-1.067,-2.924,-8.851,-1.366,-3.704,-1.4,-6.02,-8.05
,-9.304,-0.972,-2.977,-8.976,-1.639,-3.503,-0.28,-5.39,-7.28
12872.0,-9.074,-1.515,-3.477,-9.323,-0.514,-3.367,4.48,-3.22,-3.15
,-9.107,-1.07,-3.125,-9.222,-0.668,-3.364,8.82,-2.66,-1.61
,-9.349,-0.771,-3.24,-9.103,-0.991,-3.156,9.52,-2.31,-1.19
,-9.426,-0.579,-3.326,-9.112,-1.134,-3.013,8.96,-2.31,-1.4
12947.0,-9.241,-1.208,-3.092,-9.182,-1.019,-2.941,6.3,0.14,-0.91
,-9.237,-1.041,-2.905,-9.184,-1.034,-3.228,6.86,0.7,-0.42
,-9.304,-0.811,-2.852,-9.229,-1.177,-3.475,6.02,1.19,-0.35
,-9.378,-0.864,-3.092,-9.119,-1.039,-3.597,3.36,2.1,-0.84
13023.0,-9.045,-1.003,-3.618,-9.296,-0.747,-3.838,2.24,4.55,0.35
,-9.16,-0.964,-3.678,-9.229,-0.845,-3.941,3.71,4.55,0.77
,-9.208,-0.859,-3.716,-9.093,-0.909,-3.939,5.11,4.55,1.19
,-9.146,-0.701,-3.632,-9.081,-0.995,-4.042,5.88,4.76,1.47
13099.0,-9.04,-1.175,-3.862,-9.33,-0.799,-3.116,6.23,3.15,1.47
,-9.088,-1.091,-3.762,-9.462,-0.727,-3.24,8.47,3.08,2.03
,-9.148,-0.972,-3.475,-9.265,-0.548,-3.333,9.87,3.29,2.52
,-9.189,-0.905,-3.063,-9.246,-0.55,-3.778,10.64,3.99,3.01
13175.0,-9.019,-0.749,-3.891,-9.06,-0.653,-4.245,4.9,4.69,1.26
,-8.971,-0.782,-4.317,-9.091,-0.735,-4.044,4.62,4.06,0.84
,-9.005,-0.775,-4.334,-9.088,-0.916,-3.697,4.41,3.5,0.49
,-8.973,-0.723,-4.245,-9.107,-1.137,-3.345,4.27,2.87,0.49
13251.0,-9.22,-1.268,-3.137,-9.031,-0.775,-3.685,2.87,2.59,1.33
,-9.38,-1.024,-3.245,-8.988,-1.132,-3.687,4.76,3.08,1.68
,-9.351,-0.682,-3.482,-9.086,-1.096,-3.745,4.48,3.43,1.54
,-9.198,-0.507,-3.549,-9.275,-0.849,-3.977,2.45,3.57,1.12
13326.0,-9.251,-0.565,-4.223,-8.933,-1.098,-4.348,2.73,3.36,0.77
,-9.107,-0.488,-4.532,-9.038,-1.144,-4.13,1.33,2.31,0.42
,-8.942,-0.66,-4.578,-9.167,-1.017,-3.843,0.0,1.61,0.21
,-8.849,-0.876,-4.513,-9.227,-0.797,-3.721,0.28,0.91,0.14
13402.0,-9.222,-0.73,-3.563,-9.203,-0.916,-3.285,6.44,-0.7,1.33
,-9.141,-0.711,-3.355,-9.165,-0.921,-3.185,4.97,-0.63,0.98
,-9.15,-0.833,-3.302,-9.206,-0.928,-3.266,3.92,-0.35,0.84
,-9.244,-0.857,-3.247,-9.208,-0.878,-3.369,3.43,0.49,0.7
13477.0,-9.239,-0.799,-3.522,-9.1,-1.043,-3.967,2.17,2.73,0.98
,-9.189,-0.739,-3.738,-9.033,-0.969,-3.979,0.98,2.73,0.7
,-9.074,-0.888,-3.762,-9.093,-0.921,-3.886,-0.21,2.59,0.56
,-9.072,-0.988,-3.891,-9.191,-0.852,-3.75,0.07,2.73,0.49
13553.0,-9.249,-0.806,-3.678,-9.172,-0.9,-3.659,4.62,1.82,1.47
,-9.201,-0.706,-3.628,-9.177,-1.005,-3.565,3.92,1.89,1.12
,-9.086,-0.656,-3.609,-9.246,-1.019,-3.508,2.03,1.75,0.49
,-9.162,-0.782,-3.594,-9.21,-1.041,-3.486,0.35,1.89,0.07
13629.0,-9.11,-1.027,-3.362,-9.361,-0.866,-3.305,4.06,3.71,1.33
,-9.119,-1.027,-3.166,-9.237,-0.79,-3.544,5.6,4.41,1.89
,-9.131,-1.022,-2.96,-9.119,-0.637,-3.826,6.65,5.6,2.52
,-9.289,-0.969,-3.061,-9.1,-0.62,-4.082,6.86,6.37,2.8
13705.0,-8.976,-0.761,-4.226,-9.129,-0.648,-4.331,-3.78,6.58,2.59
,-8.854,-0.747,-4.357,-9.239,-0.486,-4.413,-4.62,6.3,2.17
,-8.993,-0.766,-4.568,-9.06,-0.426,-4.247,-5.53,5.39,1.47
,-8.959,-0.861,-4.338,-8.911,-0.627,-3.704,-6.23,4.48,0.98
13780.0,-8.94,-0.907,-3.295,-9.275,-0.708,-2.898,-11.13,1.4,1.05
,-9.076,-1.041,-2.611,-9.05,-0.735,-3.343,-9.87,2.66,1.4
,-9.313,-0.83,-2.307,-9.021,-0.995,-3.805,-6.16,3.92,2.03
,-9.584,-0.591,-2.845,-8.914,-1.189,-3.79,-6.16,4.41,0.98
13856.0,-8.894,-1.189,-4.111,-9.158,-1.45,-3.106,-6.02,7.0,3.29
,-8.902,-1.18,-3.762,-9.354,-1.065,-3.518,-3.15,7.91,4.62
,-8.882,-1.323,-3.874,-9.294,-0.742,-4.006,-0.35,8.96,5.81
,-8.911,-1.388,-3.63,-9.143,-0.218,-4.288,3.22,10.01,7.63
13932.0,-8.911,-0.316,-4.788,-8.887,-0.928,-3.757,4.41,6.86,7.07
,-8.65,-0.646,-4.621,-9.127,-0.572,-3.731,0.84,7.56,6.86
,-8.737,-0.926,-4.506,-9.048,-0.014,-3.123,1.75,8.4,7.56
,-8.82,-1.12,-4.365,-9.497,0.682,-3.817,4.76,8.75,7.77
14008.0,-9.545,1.074,-4.606,-8.638,-1.019,-4.324,4.27,5.32,1.82
,-9.306,1.07,-4.685,-8.854,-1.534,-3.446,-5.67,4.48,0.63
,-8.641,0.447,-4.719,-9.237,-1.56,-3.539,-14.42,4.83,-0.98
,-8.567,-0.285,-4.372,-9.17,-1.529,-3.967,-16.73,6.58,-1.82
14084.0,-9.222,-1.362,-4.293,-9.012,-0.447,-3.321,2.94,6.93,4.34
,-8.801,-1.46,-4.164,-9.129,0.251,-3.52,2.73,7.21,5.32
,-8.705,-1.472,-3.62,-8.921,0.854,-3.264,4.48,8.47,6.02
,-8.851,-1.07,-3.58,-9.095,1.125,-3.743,7.77,9.1,6.02
14159.0,-8.892,0.964,-3.372,-8.806,-1.163,-3.979,-3.01,12.95,-0.56
,-9.227,0.677,-3.403,-8.684,-1.639,-3.678,-6.79,13.44,-1.68
,-9.1,0.11,-3.843,-8.981,-1.895,-4.034,-11.13,13.72,-3.43
,-9.16,-0.529,-3.69,-8.873,-2.089,-4.219,-12.18,14.35,-3.08
14235.0,-8.66,-1.871,-4.573,-8.708,-0.529,-4.448,9.38,16.03,5.74
,-8.334,-1.589,-4.858,-8.765,-0.101,-4.463,13.72,16.59,8.61
,-8.488,-1.206,-4.673,-8.873,0.223,-4.611,16.31,16.8,10.43
,-8.655,-0.842,-4.594,-8.914,0.256,-4.92,15.26,15.68,9.45
14311.0,-8.911,0.048,-5.212,-8.729,-1.043,-4.712,-1.33,12.67,5.32
,-8.751,-0.421,-5.339,-8.732,-0.799,-4.75,-3.01,12.46,5.53
,-8.646,-0.979,-5.104,-8.595,-0.665,-4.779,-3.22,12.88,5.25
,-8.466,-1.182,-4.786,-8.567,-0.653,-4.848,0.28,13.79,5.04
14387.0,-8.689,-0.785,-4.64,-8.555,-0.208,-5.023,12.67,15.75,9.31
,-8.928,-0.759,-4.683,-8.713,0.505,-5.24,12.25,13.79,9.59
,-8.727,-0.577,-4.889,-8.495,0.756,-5.437,12.46,12.88,10.01
,-8.658,-0.402,-4.984,-8.492,0.806,-5.173,12.67,12.39,9.73
14462.0,-8.476,0.778,-4.893,-8.811,0.998,-4.63,6.37,15.26,4.27
,-8.703,0.486,-4.245,-8.696,0.835,-5.011,3.78,16.94,2.59
,-8.957,0.613,-4.235,-8.614,0.806,-5.111,4.27,17.15,1.26
,-9.04,0.787,-4.255,-8.473,0.45,-5.123,5.04,15.54,-1.12
14538.0,-8.337,-0.189,-4.994,-8.792,-1.74,-4.994,4.55,12.6,-7.28
,-8.282,-0.816,-4.824,-8.557,-1.73,-5.329,4.48,14.35,-6.44
,-8.547,-1.29,-4.319,-8.406,-1.692,-5.422,5.74,15.54,-5.88
,-8.674,-1.694,-4.604,-8.184,-1.199,-5.743,8.33,14.98,-5.81
14613.0,-8.296,-0.979,-5.992,-8.387,-1.175,-5.286,22.75,8.4,-5.25
,-8.117,-0.794,-6.056,-8.83,-1.151,-5.336,23.52,9.03,-4.76
,-8.289,-0.881,-5.81,-8.579,-0.945,-5.695,22.54,10.01,-3.36
,-8.294,-0.986,-5.597,-8.466,-0.632,-5.779,20.44,11.76,-1.47
14689.0,-8.32,-0.694,-6.049,-8.155,-1.57,-5.75,23.03,4.13,-0.28
,-8.325,-0.842,-6.25,-8.409,-1.606,-5.745,23.87,3.57,-0.35
,-8.275,-0.84,-6.315,-8.67,-1.828,-5.348,25.41,3.36,-0.14
,-8.313,-1.235,-5.915,-8.437,-1.814,-5.408,24.64,3.78,0.98
14765.0,-8.368,-1.9,-5.257,-8.404,-1.129,-5.566,30.52,1.47,4.76
,-8.215,-1.859,-5.42,-8.263,-1.374,-4.85,32.2,0.63,6.44
,-8.313,-1.835,-5.413,-8.342,-0.438,-5.377,33.67,0.63,7.77
,-8.504,-1.618,-5.3,-8.22,-0.821,-5.547,34.09,-1.12,8.26
14841.0,-8.581,-0.526,-5.162,-8.758,0.768,-5.025,21.0,-4.13,10.92
,-8.583,-0.421,-5.123,-8.851,0.739,-5.016,20.09,-4.9,10.71
,-8.339,-0.385,-4.901,-8.641,0.345,-5.116,18.27,-4.13,9.87
,-8.54,0.306,-5.037,-8.406,-0.189,-5.236,18.13,-3.85,8.19
14916.0,-8.301,-0.596,-5.281,-8.301,-0.735,-5.456,5.74,0.98,2.1
,-8.356,-0.732,-5.114,-8.378,-0.541,-5.535,5.95,2.24,2.45
,-8.622,-1.146,-5.059,-8.514,-0.517,-5.561,6.37,2.24,2.31
,-8.545,-0.979,-5.142,-8.394,-0.656,-5.657,6.44,1.54,1.89
14992.0,-8.445,-0.62,-5.817,-8.469,-1.211,-5.408,-3.5,6.72,-0.7
,-8.483,-0.715,-5.698,-8.323,-1.192,-5.36,-5.6,7.84,-1.4
,-8.33,-0.933,-5.607,-8.512,-1.058,-5.2,-7.28,9.03,-1.33
,-8.311,-1.11,-5.463,-8.416,-0.866,-5.406,-8.19,9.59,-0.84
15068.0,-8.5,-0.701,-5.623,-8.411,-1.065,-5.465,-11.55,3.64,0.28
,-8.605,-0.452,-5.748,-8.469,-1.34,-5.386,-13.3,2.59,0.14
,-8.507,-0.55,-5.561,-8.509,-1.22,-5.645,-16.31,2.45,0.49
,-8.294,-0.665,-5.516,-8.55,-1.173,-5.506,-20.23,2.8,1.05
15144.0,-8.492,-0.854,-5.568,-8.624,-0.409,-5.262,-19.95,2.03,2.94
,-8.581,-0.739,-5.662,-8.543,-0.519,-5.422,-19.25,1.82,2.31
,-8.385,-0.414,-5.561,-8.524,-0.955,-5.317,-18.2,1.75,1.4
,-8.536,-0.306,-5.252,-8.442,-0.979,-5.37,-18.83,1.82,1.12
15220.0,-8.49,-1.024,-5.391,-8.382,-1.232,-5.195,-22.47,-0.91,4.27
,-8.469,-1.184,-5.427,-8.222,-0.89,-5.26,-19.95,-0.49,4.69
,-8.399,-1.383,-5.384,-8.49,-0.574,-5.083,-18.2,0.14,5.25
,-8.356,-1.414,-5.374,-8.488,-0.112,-5.197,-15.68,0.49,6.02
15295.0,-8.574,-0.074,-5.26,-8.569,-0.751,-5.264,-9.45,-2.52,5.46
,-8.437,0.014,-5.264,-8.574,-0.737,-5.351,-10.5,-2.45,4.27
,-8.516,-0.23,-5.116,-8.327,-0.658,-5.602,-11.62,-2.24,3.5
,-8.547,-0.414,-5.207,-8.332,-0.701,-5.511,-12.25,-1.96,3.92
15371.0,-8.22,-0.699,-5.458,-8.478,0.232,-5.463,-1.33,-4.48,3.85
,-8.409,-0.436,-5.363,-8.413,0.254,-5.453,1.61,-4.62,3.5
,-8.461,-0.065,-5.257,-8.428,0.244,-5.492,2.8,-5.04,3.71
,-8.294,-0.026,-5.391,-8.449,-0.05,-5.403,3.64,-5.25,2.24
15446.0,-8.67,-0.352,-5.159,-8.301,-0.249,-5.528,-1.47,-2.52,1.54
,-8.705,-0.577,-5.166,-8.378,-0.22,-5.406,-1.33,-3.78,1.26
,-8.595,-0.558,-5.248,-8.418,-0.263,-5.348,-0.91,-5.67,1.19
,-8.5,-0.369,-5.391,-8.531,-0.294,-5.303,0.77,-6.79,1.61
15522.0,-8.531,-0.354,-5.176,-8.366,-0.402,-4.951,3.29,-7.07,1.96
,-8.531,-0.218,-5.013,-8.378,-0.814,-4.625,2.73,-6.93,2.24
,-8.528,-0.191,-5.121,-8.603,-0.684,-4.393,2.66,-6.93,2.17
,-8.469,-0.309,-5.075,-8.677,-0.383,-4.697,2.45,-6.37,2.03
15598.0,-8.71,-0.184,-4.927,-8.571,-0.323,-4.987,7.35,-6.3,2.03
,-8.631,0.055,-5.037,-8.612,-0.428,-5.071,7.07,-6.37,1.68
,-8.622,0.098,-5.099,-8.593,-0.479,-5.138,4.83,-6.51,1.12
,-8.595,-0.074,-5.095,-8.655,-0.328,-5.018,2.38,-6.58,0.56
15674.0,-8.648,-0.273,-5.059,-8.593,0.251,-5.319,3.71,-8.47,1.33
,-8.641,-0.175,-5.166,-8.631,0.12,-5.193,4.34,-9.38,0.77
,-8.667,0.115,-5.193,-8.71,-0.153,-5.13,5.18,-10.01,0.28
,-8.737,0.246,-5.394,-8.598,-0.462,-4.934,4.34,-10.71,-0.63
15749.0,-8.662,-0.471,-4.678,-8.739,0.079,-4.458,1.19,-12.04,-3.22
,-8.717,-0.409,-4.716,-8.787,-0.031,-4.463,3.29,-12.74,-3.57
,-8.835,-0.175,-4.659,-8.715,-0.323,-4.362,3.78,-13.44,-3.57
,-8.938,-0.069,-4.597,-8.684,-0.464,-4.302,2.38,-14.21,-3.36
15825.0,-8.722,-0.397,-4.269,-8.734,-0.235,-4.348,-2.03,-15.54,-5.74
,-8.768,-0.232,-4.436,-8.732,-0.325,-4.25,0.49,-15.68,-5.04
,-8.859,-0.165,-4.731,-8.93,-0.254,-3.814,1.19,-16.38,-5.32
,-8.729,-0.144,-4.482,-8.94,-0.127,-3.965,1.19,-15.75,-4.9
15900.0,-9.021,-0.057,-3.929,-9.026,-0.981,-4.022,-1.12,-15.89,-8.54
,-8.725,-0.306,-3.429,-8.892,-0.998,-4.006,-4.9,-15.47,-7.77
,-8.871,-0.67,-3.589,-8.873,-0.806,-4.547,-7.63,-14.7,-8.54
,-8.997,-0.861,-3.793,-8.641,-1.017,-4.104,-7.21,-14.84,-9.17
15976.0,-8.851,-1.074,-3.642,-9.244,-0.045,-3.472,2.59,-13.23,-4.83
,-8.997,-0.861,-3.439,-9.009,-0.268,-3.403,6.3,-12.67,-4.76
,-9.239,-0.596,-3.362,-8.981,-0.593,-3.271,8.12,-12.67,-5.04
,-9.241,-0.206,-3.36,-9.081,-0.574,-2.941,6.86,-13.09,-5.32
16052.0,-9.32,-0.361,-3.204,-9.033,-0.548,-3.206,3.15,-8.54,-5.81
,-9.249,-0.029,-3.613,-9.273,-0.316,-3.69,2.52,-7.91,-6.09
,-9.055,-0.134,-3.467,-9.323,-0.045,-3.967,0.0,-7.49,-6.02
,-9.021,-0.491,-3.589,-8.985,-0.067,-3.912,-1.96,-6.79,-6.3
16128.0,-8.89,-0.347,-3.843,-9.179,-1.003,-3.539,-5.39,-5.53,-7.7
,-9.141,-0.924,-3.676,-9.198,-0.847,-3.553,-5.32,-5.11,-7.56
,-9.186,-1.082,-3.518,-9.189,-0.809,-3.75,-2.03,-4.48,-6.79
,-9.16,-0.979,-3.506,-9.083,-0.897,-3.649,1.19,-4.06,-5.53
16204.0,-9.062,-0.835,-3.587,-9.086,-0.675,-3.376,7.77,-2.38,-2.45
,-9.052,-0.871,-3.422,-9.031,-0.905,-3.336,8.68,-1.89,-2.45
,-9.246,-0.66,-3.637,-9.127,-0.979,-3.302,9.94,-1.61,-2.66
,-9.249,-0.589,-3.551,-9.239,-0.742,-3.508,8.54,-1.19,-2.8
16279.0,-9.232,-0.476,-3.702,-9.098,-0.866,-4.338,7.56,0.84,-1.75
,-9.134,-0.376,-4.027,-9.009,-0.919,-4.42,5.88,0.77,-2.03
,-9.0,-0.579,-4.101,-8.904,-0.823,-4.137,3.5,0.49,-2.38
,-9.014,-0.785,-4.252,-9.057,-0.739,-4.082,2.87,0.07,-2.38
16355.0,-9.182,-0.878,-3.769,-9.079,-0.979,-3.35,5.74,-2.59,-2.03
,-9.11,-0.826,-3.551,-9.103,-1.048,-3.34,5.11,-2.73,-1.89
,-9.217,-0.849,-3.424,-9.215,-1.184,-3.522,4.13,-2.8,-1.96
,-9.239,-0.893,-3.585,-9.107,-1.287,-3.326,3.15,-2.66,-2.24
16431.0,-9.095,-1.175,-3.269,-9.103,-0.751,-3.388,4.76,-0.07,-0.07
,-9.263,-0.983,-3.278,-9.139,-1.012,-3.228,6.02,0.56,0.07
,-9.332,-0.785,-3.506,-9.158,-1.187,-3.01,5.53,0.56,-0.14
,-9.16,-0.718,-3.436,-9.299,-1.074,-3.041,3.5,0.98,-0.14
16507.0,-9.371,-0.859,-3.096,-8.94,-0.931,-4.073,3.57,4.13,1.4
,-9.332,-0.634,-3.254,-8.902,-1.082,-4.068,3.08,4.41,1.26
,-9.304,-0.522,-3.544,-9.086,-1.144,-3.972,1.82,4.83,0.91
,-9.186,-0.672,-3.9,-9.234,-0.981,-4.037,0.07,4.9,0.49
16582.0,-9.225,-0.715,-4.082,-9.064,-0.921,-3.912,5.18,3.43,1.54
,-9.079,-0.558,-4.142,-9.198,-0.876,-4.003,3.85,2.94,1.26
,-9.012,-0.751,-4.094,-9.139,-0.782,-3.965,2.03,2.59,1.05
,-9.0,-0.945,-4.006,-9.086,-0.725,-3.819,1.96,2.31,1.26
16658.0,-9.124,-0.66,-3.826,-9.251,-0.771,-3.544,2.52,1.12,1.19
,-9.112,-0.768,-3.747,-9.213,-0.749,-3.506,1.68,1.19,1.05
,-9.088,-0.778,-3.501,-9.196,-0.711,-3.506,1.26,1.33,1.12
,-9.186,-0.802,-3.515,-9.131,-0.861,-3.568,1.4,1.54,0.91
16733.0,-9.167,-0.814,-3.733,-8.978,-0.792,-4.044,0.49,2.8,0.63
,-9.162,-0.754,-3.762,-9.026,-0.95,-3.936,0.7,3.01,0.56
,-9.158,-0.665,-4.025,-9.129,-0.926,-3.972,0.7,3.01,0.49
,-9.064,-0.682,-4.006,-9.234,-0.668,-3.963,0.49,2.8,0.49
16809.0,-9.227,-0.498,-3.96,-9.012,-0.972,-3.821,4.69,1.82,1.19
,-9.172,-0.505,-4.001,-9.107,-1.012,-3.711,3.01,1.47,0.77
,-9.093,-0.687,-3.92,-9.194,-0.857,-3.711,1.33,1.4,0.63
,-9.024,-0.818,-3.867,-9.21,-0.608,-3.915,0.7,0.98,0.28
16885.0,-9.091,-0.689,-3.85,-9.182,-0.861,-3.63,1.68,0.63,0.35
,-8.971,-0.787,-3.771,-9.141,-0.838,-3.659,1.05,0.63,0.35
,-9.088,-0.945,-3.735,-9.098,-0.804,-3.707,0.91,0.49,0.0
,-9.155,-0.893,-3.664,-9.165,-0.814,-3.692,1.54,0.63,0.14
16961.0,-9.16,-0.78,-3.613,-9.162,-0.672,-3.419,0.07,1.26,0.35
,-9.095,-0.787,-3.561,-9.186,-0.641,-3.245,-0.14,1.54,0.42
,-9.172,-0.766,-3.58,-9.325,-0.675,-3.558,-0.21,1.75,0.21
,-9.143,-0.72,-3.458,-9.158,-0.775,-3.656,-0.63,2.24,0.14
17037.0,-9.074,-0.823,-3.757,-9.048,-0.909,-3.877,-4.41,3.57,0.28
,-9.048,-0.955,-3.817,-9.072,-1.031,-3.582,-3.5,3.57,0.35
,-9.067,-0.988,-3.982,-9.246,-1.089,-3.357,-1.96,3.78,0.63
,-9.033,-0.964,-3.867,-9.203,-1.125,-3.206,-0.7,3.71,1.19
17112.0,-9.241,-0.861,-3.154,-9.203,-0.816,-3.776,-0.77,4.06,0.07
,-9.44,-0.447,-3.252,-8.988,-1.06,-3.692,-2.38,3.99,0.21
,-9.268,-0.246,-3.388,-8.916,-1.321,-3.515,-6.58,4.2,-0.42
,-9.119,-0.364,-3.738,-9.122,-1.409,-3.398,-10.29,4.62,-0.56
17188.0,-9.15,-1.28,-3.508,-8.756,-0.184,-4.154,2.59,7.63,6.09
,-9.17,-1.055,-3.436,-8.813,-0.302,-3.75,8.33,8.05,7.35
,-9.162,-0.646,-4.018,-9.026,-0.503,-3.379,11.06,7.35,7.21
,-8.892,-0.285,-4.013,-9.16,-0.546,-3.089,10.43,7.0,7.07
17264.0,-9.253,-0.536,-3.515,-9.275,-1.027,-3.869,-4.06,9.17,3.57
,-9.0,-0.84,-3.29,-9.021,-0.672,-4.621,-7.35,9.31,3.22
,-8.995,-0.914,-3.448,-8.842,-0.187,-5.109,-7.84,9.94,3.57
,-9.019,-1.184,-3.513,-8.619,-0.235,-5.269,-8.4,10.08,3.5
17340.0,-8.583,-0.462,-4.704,-9.182,-0.986,-3.869,-5.46,7.84,3.36
,-8.787,-0.653,-4.786,-9.177,-0.857,-3.273,-4.76,7.63,2.87
,-8.921,-0.713,-4.216,-9.11,-0.804,-3.326,-1.26,7.84,3.15
,-9.246,-0.72,-4.262,-9.069,-0.871,-2.694,0.21,7.7,3.57
17415.0,-9.182,-0.495,-3.357,-8.387,0.055,-4.738,5.46,10.57,6.09
,-9.122,-0.318,-3.951,-8.612,-0.019,-4.247,6.16,9.73,5.53
,-9.167,-0.134,-4.36,-8.969,-0.199,-4.503,4.9,8.82,5.46
,-8.871,-0.034,-4.956,-9.064,-0.306,-4.255,3.5,8.26,5.67
17491.0,-9.093,-0.72,-4.226,-9.098,-0.924,-4.274,1.4,9.8,2.59
,-8.751,-1.091,-3.788,-8.737,-0.732,-4.209,0.98,11.13,3.15
,-9.043,-1.098,-3.829,-8.77,-0.371,-4.417,2.45,10.36,4.13
,-9.083,-1.058,-3.898,-8.813,0.086,-4.944,4.13,9.03,4.55
17566.0,-8.945,0.486,-5.528,-8.942,-0.936,-3.984,9.31,7.84,5.88
,-8.512,0.101,-5.501,-9.095,-1.24,-3.944,4.34,7.63,4.83
,-8.512,-0.503,-4.788,-9.064,-1.134,-4.001,0.21,8.82,2.94
,-8.593,-0.773,-4.3,-9.079,-1.084,-4.319,-0.84,9.52,1.61
17642.0,-8.854,-0.833,-4.233,-8.804,0.27,-4.453,8.96,8.82,6.58
,-8.737,-0.223,-4.427,-9.098,-0.577,-4.233,10.64,9.03,7.21
,-8.612,0.364,-4.415,-8.983,-0.943,-4.314,10.64,9.03,6.44
,-8.763,0.574,-4.491,-8.875,-0.979,-4.381,8.33,8.96,5.39
17718.0,-8.681,-0.895,-4.259,-8.466,-1.192,-4.336,3.5,8.68,4.41
,-8.686,-1.139,-4.283,-8.543,-0.859,-4.41,5.88,8.89,5.18
,-8.82,-1.318,-4.235,-8.753,-0.297,-4.475,7.7,8.82,6.72
,-8.571,-1.326,-4.329,-8.789,0.215,-4.836,9.52,9.73,9.03
17794.0,-8.734,0.519,-4.812,-8.885,0.955,-4.819,14.77,13.86,9.73
,-8.82,0.818,-4.762,-8.863,0.622,-4.551,11.27,14.42,8.19
,-8.945,0.948,-4.692,-8.612,0.024,-4.214,6.09,13.44,6.3
,-9.0,1.067,-4.736,-8.648,-0.445,-4.085,1.68,11.48,4.06
17870.0,-8.995,-0.457,-4.25,-8.469,1.5,-5.372,0.14,13.86,0.35
,-8.782,-0.053,-4.795,-8.729,1.642,-5.229,7.35,12.32,-0.49
,-8.703,0.505,-4.874,-8.703,1.4,-5.269,11.9,10.99,-2.45
,-8.459,1.158,-5.157,-8.918,1.003,-5.008,13.16,10.5,-4.55
17945.0,-8.837,0.409,-5.016,-8.626,-3.68,-4.692,0.14,8.96,-13.79
,-8.435,-0.546,-5.025,-8.705,-3.166,-5.178,-2.31,11.06,-12.6
,-8.478,-2.0,-4.513,-8.327,-2.548,-5.504,-3.5,12.95,-10.08
,-8.435,-3.025,-4.614,-8.105,-1.378,-5.956,0.21,13.16,-7.28
18021.0,-8.076,-0.34,-6.37,-9.098,-1.106,-4.539,34.72,4.2,-0.56
,-8.028,-0.029,-6.121,-9.014,-1.07,-4.597,29.54,4.83,0.14
,-8.256,-0.287,-5.664,-8.591,-1.204,-4.8,21.42,5.88,1.26
,-8.796,-0.754,-5.075,-8.586,-1.074,-4.539,13.93,7.21,3.36
18097.0,-8.378,-0.491,-5.166,-8.318,-0.608,-5.592,26.39,4.41,-1.82
,-8.325,0.5,-5.918,-8.519,-1.232,-5.348,30.24,2.8,-3.15
,-8.545,0.376,-5.817,-8.574,-1.462,-5.035,26.46,1.96,-3.29
,-8.524,-0.06,-5.695,-8.67,-1.747,-4.712,22.33,1.05,-2.38
18173.0,-8.6,-1.814,-4.688,-8.509,-0.692,-5.951,30.1,0.49,1.89
,-8.701,-1.637,-4.566,-8.196,-1.24,-5.537,30.8,0.7,2.17
,-8.358,-0.538,-4.994,-8.39,-1.575,-4.872,32.41,0.56,2.52
,-8.528,-0.95,-5.473,-8.375,-1.474,-4.898,33.53,1.19,3.22
18248.0,-8.557,-0.976,-5.159,-8.701,0.077,-5.626,23.52,2.17,9.73
,-8.626,-0.366,-5.257,-8.799,0.146,-5.53,22.26,1.82,9.45
,-8.514,-0.112,-5.264,-8.624,-0.409,-5.559,19.74,1.61,8.26
,-8.471,0.081,-5.623,-8.516,-0.766,-5.599,16.24,1.96,7.7
18324.0,-8.358,-0.979,-5.468,-8.454,-1.397,-5.121,1.96,3.71,4.48
,-8.267,-1.242,-5.398,-8.502,-0.931,-5.224,0.56,5.39,4.34
,-8.332,-1.448,-5.367,-8.428,-0.675,-5.252,-0.28,7.21,4.48
,-8.445,-1.565,-5.303,-8.428,-0.579,-5.334,-0.07,9.03,4.83
18399.0,-8.447,-0.591,-5.219,-8.643,-0.177,-5.106,-7.63,8.05,6.23
,-8.428,-0.522,-5.236,-8.512,-0.101,-5.504,-9.31,9.24,6.16
,-8.502,-0.364,-5.351,-8.691,0.323,-5.748,-10.08,10.08,5.53
,-8.641,-0.23,-5.188,-8.679,0.876,-6.052,-11.76,10.5,4.83
18475.0,-8.636,0.9,-5.839,-8.691,-0.179,-5.925,-18.9,9.8,0.28
,-8.643,0.481,-5.494,-8.555,-0.672,-5.753,-22.68,10.15,-0.63
,-8.579,0.196,-5.43,-8.423,-1.153,-5.791,-24.22,10.01,-0.77
,-8.6,0.098,-5.657,-8.37,-1.397,-5.949,-24.71,9.73,-0.28
18551.0,-8.476,-1.283,-5.999,-8.447,-1.17,-5.676,-25.76,6.09,2.45
,-8.327,-1.273,-6.1,-8.406,-1.108,-5.69,-23.24,5.25,3.57
,-8.323,-1.364,-5.882,-8.234,-0.907,-5.741,-22.61,5.11,4.34
,-8.387,-1.364,-5.599,-8.291,-1.074,-5.69,-21.63,5.39,5.11
18627.0,-8.433,-1.082,-5.779,-8.294,-0.201,-5.834,-16.66,1.75,8.61
,-8.507,-0.931,-5.863,-8.236,-0.098,-5.877,-12.39,0.49,8.68
,-8.547,-0.682,-5.855,-8.356,-0.156,-5.82,-8.89,-2.52,7.77
,-8.198,-0.378,-5.855,-8.107,-0.153,-5.786,-6.09,-4.62,6.44
18702.0,-8.234,-0.359,-5.657,-8.485,0.043,-5.544,1.33,-4.97,3.92
,-8.351,-0.177,-5.511,-8.404,0.278,-5.686,3.5,-5.25,4.41
,-8.301,-0.127,-5.408,-8.279,0.225,-5.712,4.9,-5.6,4.34
,-8.457,-0.057,-5.53,-8.272,-0.086,-5.458,5.67,-6.72,3.92
18778.0,-8.533,-0.503,-5.13,-8.402,-0.199,-5.099,3.15,-8.26,3.5
,-8.746,-0.503,-5.209,-8.356,-0.024,-5.415,2.8,-11.06,2.31
,-8.433,-0.493,-5.252,-8.344,0.103,-5.154,3.43,-12.39,2.8
,-8.366,-0.4,-5.171,-8.665,-0.101,-5.049,4.27,-12.81,3.15
18854.0,-8.361,-0.337,-4.604,-8.681,0.089,-4.889,3.99,-11.34,3.15
,-8.526,-0.424,-4.618,-8.784,0.359,-4.915,5.88,-10.36,3.15
,-8.524,-0.022,-4.915,-8.813,0.577,-4.965,8.19,-10.22,2.73
,-8.612,0.079,-4.819,-8.574,0.809,-5.051,9.03,-9.8,3.08
18930.0,-8.385,0.723,-5.123,-8.681,0.158,-4.992,1.82,-11.62,-0.84
,-8.382,0.44,-5.001,-8.638,0.074,-5.049,-0.42,-10.99,-1.89
,-8.662,0.352,-5.092,-8.674,0.031,-5.013,-0.42,-11.13,-3.36
,-8.775,0.208,-5.023,-8.571,-0.139,-4.836,-1.05,-11.83,-4.13
19006.0,-8.679,-0.275,-4.683,-8.641,-0.179,-4.647,-3.92,-13.79,-5.67
,-8.653,-0.309,-4.709,-8.667,-0.115,-4.558,-4.2,-14.56,-5.67
,-8.744,-0.28,-4.829,-8.734,-0.323,-4.355,-3.78,-15.19,-6.3
,-8.698,-0.237,-4.767,-8.854,-0.369,-4.568,-3.71,-14.84,-6.65
19081.0,-8.782,-0.311,-4.549,-8.871,-0.433,-4.271,-6.37,-17.01,-8.47
,-8.619,-0.27,-4.348,-8.887,-0.369,-4.489,-5.81,-16.87,-7.98
,-8.72,-0.302,-4.42,-8.777,-0.34,-4.415,-4.97,-16.52,-8.33
,-8.825,-0.39,-4.216,-8.672,-0.395,-4.235,-3.36,-15.82,-8.19
19157.0,-8.78,-0.536,-4.145,-8.715,-0.629,-3.948,-1.33,-16.52,-7.7
,-8.983,-0.579,-3.951,-8.916,-0.905,-3.932,-0.49,-16.24,-8.12
,-9.024,-0.438,-4.185,-8.993,-1.06,-4.054,-0.42,-16.73,-8.96
,-8.918,-0.498,-4.36,-8.928,-0.969,-4.092,-2.1,-17.57,-9.24
19232.0,-8.921,-0.749,-3.642,-9.064,-0.256,-3.329,4.69,-15.61,-5.25
,-9.036,-0.486,-4.063,-9.038,-0.713,-2.967,6.72,-16.38,-5.32
,-9.024,-0.311,-4.104,-9.308,-0.546,-2.833,7.63,-16.87,-5.46
,-8.957,-0.151,-3.781,-9.49,-0.029,-3.379,7.0,-16.66,-4.83
19308.0,-9.258,0.376,-3.714,-9.016,-0.749,-2.754,7.21,-14.7,-6.58
,-9.072,0.467,-3.841,-9.363,-0.993,-3.096,2.87,-14.63,-7.77
,-8.878,0.022,-3.927,-9.32,-0.651,-3.056,-0.35,-13.65,-8.4
,-8.796,-0.455,-3.443,-9.421,-0.376,-3.611,-1.61,-12.95,-8.47
19384.0,-9.174,-0.5,-3.769,-9.313,-0.962,-3.123,1.05,-10.71,-8.05
,-8.871,-0.794,-3.486,-9.373,-0.648,-3.077,-0.28,-9.94,-7.0
,-8.885,-1.041,-3.429,-9.332,-0.663,-3.063,0.49,-8.89,-6.51
,-9.05,-1.163,-3.135,-9.342,-0.83,-3.163,2.94,-8.26,-6.23
19460.0,-9.213,-1.005,-3.135,-9.251,-0.933,-2.781,4.06,-4.48,-3.85
,-9.141,-0.883,-3.092,-9.383,-0.931,-2.613,6.65,-3.85,-3.22
,-9.119,-0.78,-3.037,-9.351,-0.871,-2.398,7.84,-3.01,-2.73
,-9.131,-0.823,-2.771,-9.462,-0.634,-2.687,8.4,-1.89,-2.03
19535.0,-9.301,-0.632,-2.778,-9.258,-0.625,-3.865,4.83,3.5,-1.33
,-9.162,-0.598,-3.017,-9.174,-0.476,-4.094,2.8,4.34,-1.61
,-9.184,-0.663,-3.393,-9.043,-0.522,-4.123,0.35,4.97,-2.24
,-9.167,-0.811,-3.391,-8.945,-0.83,-4.049,-0.42,5.25,-2.03
19611.0,-9.0,-1.187,-3.666,-9.201,-0.349,-4.003,2.03,3.92,-0.77
,-9.155,-1.065,-3.424,-9.081,-0.656,-4.145,5.11,4.06,-0.07
,-9.399,-0.775,-3.616,-8.916,-1.115,-3.996,6.09,3.85,-0.56
,-9.373,-0.51,-3.68,-8.949,-1.129,-3.821,4.41,3.5,-1.05
19686.0,-9.174,-0.969,-3.568,-9.21,-0.84,-3.063,6.86,2.59,-0.42
,-9.359,-0.718,-3.52,-9.184,-0.952,-3.096,7.98,2.45,-0.28
,-9.28,-0.56,-3.159,-9.184,-1.244,-3.104,7.49,2.87,-0.07
,-9.311,-0.553,-3.101,-9.155,-1.385,-3.092,4.97,3.43,-0.42
19762.0,-9.22,-1.189,-3.264,-9.107,-0.687,-4.57,4.41,7.07,0.91
,-9.332,-0.955,-3.453,-8.804,-0.905,-4.575,5.39,7.35,0.98
,-9.213,-0.603,-3.635,-8.818,-0.998,-4.508,4.9,7.35,0.77
,-9.284,-0.452,-4.092,-8.942,-1.106,-4.3,3.36,7.21,0.14
19838.0,-9.143,-0.792,-3.944,-9.153,-0.852,-3.731,9.38,3.99,2.1
,-9.277,-0.538,-3.795,-9.026,-1.058,-3.752,9.03,3.57,2.1
,-9.34,-0.565,-3.774,-9.028,-1.144,-3.738,6.79,3.29,1.47
,-9.253,-0.706,-3.719,-9.107,-1.086,-3.795,4.69,2.87,0.98
19914.0,-9.17,-0.785,-3.8,-9.17,-0.603,-3.8,6.02,3.22,1.26
,-9.162,-0.639,-3.805,-9.136,-0.672,-3.922,4.83,3.08,1.19
,-9.095,-0.61,-3.692,-9.134,-0.782,-3.915,3.43,3.01,0.84
,-9.165,-0.629,-3.752,-9.093,-0.893,-3.939,2.03,2.87,0.28
19990.0,-9.124,-0.924,-4.032,-9.103,-0.821,-3.707,1.68,1.96,0.07
,-9.062,-0.849,-3.996,-9.222,-0.751,-3.836,2.66,1.96,0.42
,-9.103,-0.835,-3.953,-9.122,-0.797,-3.786,3.08,1.89,0.42
,-9.139,-0.885,-3.843,-9.064,-0.773,-3.743,2.87,2.03,0.35
20065.0,-9.081,-0.847,-3.805,-9.179,-0.802,-3.556,1.75,1.96,0.28
,-9.107,-0.809,-3.857,-9.198,-0.744,-3.709,2.38,1.82,0.35
,-9.088,-0.802,-3.75,-9.155,-0.79,-3.769,2.17,1.82,0.42
,-9.098,-0.821,-3.585,-9.069,-0.893,-3.817,1.47,1.89,0.28
20141.0,-9.076,-0.972,-3.903,-9.115,-0.842,-3.922,-0.07,2.03,-0.28
,-9.074,-0.895,-4.037,-9.105,-0.821,-3.865,0.91,1.96,-0.07
,-9.081,-0.852,-3.958,-9.117,-0.838,-3.788,1.4,1.75,0.0
,-8.978,-0.861,-3.836,-9.162,-0.838,-3.733,1.68,1.61,0.07
20217.0,-9.167,-0.859,-3.673,-9.048,-0.895,-3.551,1.82,1.61,0.21
,-9.131,-0.861,-3.699,-9.148,-0.909,-3.494,1.05,1.61,0.0
,-9.122,-0.811,-3.716,-9.234,-0.804,-3.585,0.14,1.68,-0.28
,-9.093,-0.845,-3.676,-9.213,-0.79,-3.731,-0.56,1.75,-0.28
20293.0,-9.086,-0.847,-3.845,-9.129,-0.931,-3.987,-1.54,2.94,0.7
,-9.05,-0.96,-3.888,-9.191,-0.895,-4.08,-1.61,2.94,1.05
,-9.05,-1.019,-3.908,-9.1,-0.907,-4.307,-0.84,3.01,1.33
,-8.976,-1.034,-3.817,-9.019,-0.921,-4.176,0.77,3.29,1.75
20368.0,-9.081,-0.945,-4.264,-9.105,-0.902,-3.798,4.83,1.54,2.73
,-9.028,-0.948,-4.176,-9.091,-0.972,-3.527,5.53,1.12,2.87
,-8.997,-0.799,-4.068,-9.215,-1.113,-3.149,5.95,0.77,3.15
,-9.052,-0.775,-3.963,-9.344,-0.907,-3.144,5.25,0.49,3.01
20444.0,-9.347,-0.663,-3.223,-8.981,-1.055,-3.699,2.52,0.98,1.68
,-9.241,-0.507,-3.364,-9.076,-0.981,-3.606,-0.49,0.98,1.61
,-9.074,-0.589,-3.652,-9.095,-0.893,-3.451,-3.5,0.7,1.26
,-8.878,-0.893,-3.532,-9.316,-0.78,-3.508,-4.34,1.33,1.89
20519.0,-9.375,-0.51,-3.821,-8.971,-0.826,-3.352,0.35,2.1,2.66
,-9.222,-0.416,-3.716,-9.091,-1.122,-3.532,-2.31,1.75,2.17
,-9.246,-0.29,-3.812,-9.04,-1.414,-3.305,-5.46,1.33,1.89
,-9.289,-0.491,-3.766,-8.942,-1.455,-3.396,-10.85,0.7,0.98
20595.0,-8.971,-1.622,-3.419,-9.198,-0.622,-3.575,-2.73,5.81,4.97
,-8.964,-1.603,-3.355,-9.1,-0.266,-3.886,2.03,6.65,6.44
,-9.052,-1.393,-3.515,-9.208,-0.055,-3.522,7.28,7.14,8.47
,-9.105,-1.156,-3.64,-9.237,0.024,-4.078,10.01,7.56,9.17
20671.0,-8.871,-0.096,-3.728,-9.043,-0.318,-3.728,-3.36,6.79,5.04
,-9.045,-0.235,-4.08,-9.363,-0.034,-4.113,-5.39,6.37,4.34
,-8.885,-0.471,-4.003,-9.28,0.091,-4.386,-6.3,6.44,3.01
,-8.93,-0.51,-3.573,-8.945,0.103,-4.305,-2.87,7.63,3.43
20747.0,-8.662,-0.438,-4.097,-9.28,-0.297,-4.042,-8.19,7.91,1.47
,-8.564,-1.17,-3.695,-8.964,0.069,-4.511,-7.35,10.22,2.66
,-9.153,-1.335,-3.503,-8.713,0.146,-3.699,-2.24,10.57,3.57
,-9.397,-0.938,-3.999,-9.0,0.168,-3.439,3.22,8.89,3.01
20823.0,-9.215,0.258,-3.697,-8.624,-1.811,-3.195,2.94,8.68,1.05
,-9.476,0.258,-4.24,-8.847,-2.539,-2.931,0.28,6.86,-0.35
,-9.148,-0.062,-4.228,-9.196,-2.666,-3.431,-3.85,6.72,-0.63
,-8.804,-0.684,-3.891,-8.93,-2.565,-4.027,-7.42,8.61,0.14
20898.0,-8.605,-2.106,-4.298,-9.292,1.388,-4.381,14.91,11.97,9.38
,-8.349,-1.529,-4.137,-9.048,1.553,-4.776,19.67,14.35,11.55
,-8.607,-0.61,-3.924,-8.854,1.388,-4.599,25.41,15.19,12.04
,-8.875,0.584,-4.293,-8.461,0.4,-3.97,28.14,14.14,10.36
20974.0,-8.662,-0.62,-3.355,-8.638,-1.22,-4.48,-7.77,18.48,1.54
,-9.048,-1.347,-3.781,-8.54,-0.828,-4.252,-5.53,17.64,1.96
,-9.332,-1.658,-3.953,-8.409,-0.261,-4.36,0.35,16.03,3.22
,-9.165,-1.505,-4.298,-9.016,0.215,-4.334,7.35,14.77,5.04
21050.0,-9.005,0.306,-4.917,-8.741,-0.902,-4.563,15.54,14.0,5.04
,-8.72,-0.074,-4.949,-9.062,-0.838,-4.625,8.47,14.56,4.34
,-8.291,-0.553,-4.803,-8.993,-0.732,-4.829,2.59,17.29,4.76
,-8.344,-0.854,-4.523,-8.713,-0.725,-4.819,1.33,19.95,5.46
21126.0,-8.545,-0.517,-4.625,-8.559,0.782,-5.066,10.57,17.71,7.21
,-8.701,-0.175,-4.996,-8.5,0.605,-4.987,11.62,16.66,6.51
,-8.851,0.354,-5.02,-8.708,0.426,-4.951,13.16,15.54,5.46
,-8.722,0.761,-5.248,-8.878,0.318,-5.236,13.44,15.26,3.78
21201.0,-8.777,0.342,-5.473,-8.607,0.543,-4.87,4.06,13.93,-2.1
,-8.684,0.4,-5.461,-8.82,0.357,-4.8,5.25,12.53,-3.57
,-8.423,0.311,-5.31,-8.691,0.062,-4.97,5.25,12.18,-4.97
,-8.598,0.438,-4.965,-8.674,-0.373,-4.874,5.32,12.18,-6.23
21277.0,-8.591,-1.043,-4.925,-8.366,-2.137,-5.463,-0.63,11.41,-9.59
,-8.306,-1.697,-5.047,-8.234,-1.527,-5.709,0.49,11.9,-7.98
,-8.189,-2.192,-5.126,-8.117,-1.108,-5.537,5.18,11.2,-6.79
,-8.483,-2.405,-5.264,-8.148,-1.158,-5.475,11.69,10.5,-5.6
21352.0,-8.545,-1.187,-5.181,-8.26,-1.196,-5.566,19.18,7.77,-1.4
,-8.827,-1.237,-5.109,-8.076,-1.4,-5.798,16.24,7.14,-0.77
,-8.842,-1.225,-5.197,-7.999,-1.788,-5.619,13.51,6.79,-0.63
,-8.533,-1.378,-5.205,-8.208,-2.113,-5.267,13.23,6.58,-0.21
21428.0,-8.27,-1.73,-5.367,-8.452,-0.11,-5.126,24.78,6.16,5.04
,-8.804,-0.983,-5.353,-8.71,-0.091,-5.114,28.07,5.18,5.46
,-8.591,-0.227,-5.564,-8.567,-0.053,-5.358,28.91,4.62,4.76
,-8.507,-0.038,-5.288,-8.524,-0.175,-5.331,26.32,5.39,3.99
21504.0,-8.279,-0.218,-5.444,-8.478,-0.962,-5.353,16.87,5.25,0.0
,-8.332,-0.342,-5.3,-8.49,-1.149,-5.535,16.66,5.53,-0.7
,-8.332,-0.44,-5.427,-8.306,-1.003,-5.92,17.15,5.6,-1.82
,-8.571,-0.732,-5.233,-8.114,-2.156,-5.786,16.03,5.18,-1.68
21580.0,-8.102,-2.13,-5.774,-8.471,-1.232,-5.324,20.58,3.36,5.53
,-8.272,-1.62,-5.59,-8.279,-0.988,-5.513,21.63,3.08,6.51
,-8.325,-1.242,-5.53,-8.354,-0.995,-5.559,19.46,2.94,6.16
,-8.301,-1.134,-5.592,-8.607,-1.218,-5.214,15.89,3.57,5.81
21656.0,-8.516,-1.161,-5.336,-8.332,-1.204,-5.41,4.27,-0.56,5.18
,-8.184,-1.603,-5.36,-8.404,-0.388,-5.731,3.15,-0.28,6.09
,-8.193,-1.653,-5.398,-8.485,-0.014,-5.87,3.43,0.42,6.79
,-8.203,-1.625,-5.461,-8.543,-0.098,-5.719,4.69,1.47,7.63
21731.0,-8.399,-0.132,-5.803,-8.375,-0.933,-5.339,-0.56,3.36,4.62
,-8.32,-0.366,-5.709,-8.454,-0.96,-5.41,-3.5,3.71,4.27
,-8.387,-0.732,-5.461,-8.363,-1.273,-5.418,-5.18,4.06,4.2
,-8.382,-0.916,-5.394,-8.301,-1.558,-5.214,-6.3,3.29,3.57
21807.0,-8.289,-1.39,-5.296,-8.385,-0.672,-5.41,-12.04,2.73,5.74
,-8.394,-1.06,-5.575,-8.291,-0.909,-5.14,-11.83,2.38,6.72
,-8.445,-0.849,-5.669,-8.423,-0.213,-5.458,-12.88,2.24,7.0
,-8.385,-0.811,-5.578,-8.586,0.105,-5.604,-15.05,2.8,7.14
21883.0,-8.562,0.079,-5.516,-8.449,0.072,-5.693,-17.43,2.31,4.83
,-8.583,0.022,-5.497,-8.552,-0.292,-5.571,-19.04,1.82,3.43
,-8.626,0.034,-5.439,-8.504,-0.526,-5.599,-19.25,0.77,2.17
,-8.483,-0.077,-5.307,-8.43,-0.926,-5.633,-20.02,0.28,1.4
21959.0,-8.373,-1.311,-5.508,-8.737,-1.055,-5.611,-23.24,1.68,4.9
,-8.394,-1.795,-5.377,-8.356,-0.529,-5.829,-22.82,2.03,6.3
,-8.373,-1.816,-5.331,-8.16,-0.536,-5.863,-20.23,1.26,7.56
,-8.492,-1.577,-5.575,-8.169,-0.471,-5.688,-16.66,0.0,8.54
22034.0,-8.299,-0.459,-5.59,-8.476,-0.168,-5.688,-14.56,-2.66,8.33
,-8.399,-0.4,-5.652,-8.375,0.067,-5.59,-13.16,-2.94,8.05
,-8.358,-0.491,-5.662,-8.366,0.376,-5.678,-11.9,-2.94,8.12
,-8.495,-0.447,-5.485,-8.581,0.617,-5.59,-9.45,-3.15,8.4
22110.0,-8.313,0.479,-5.611,-8.483,0.022,-5.492,-0.98,-9.66,2.66
,-8.363,0.27,-5.284,-8.423,0.036,-5.307,-2.24,-9.59,1.47
,-8.557,0.218,-5.269,-8.418,-0.065,-5.348,-2.45,-9.38,0.91
,-8.614,0.184,-5.339,-8.543,-0.232,-5.238,-2.59,-8.82,1.4
22186.0,-8.591,-0.057,-5.26,-8.492,-0.536,-4.848,0.98,-10.36,-0.7
,-8.476,0.053,-5.164,-8.744,-0.668,-4.877,1.12,-10.43,-0.84
,-8.413,0.11,-5.066,-8.595,-0.639,-4.867,-0.21,-10.08,-0.7
,-8.361,-0.148,-4.951,-8.406,-0.517,-4.872,-1.4,-9.45,-0.98
22262.0,-8.507,-0.366,-5.142,-8.859,0.108,-5.027,6.86,-7.7,2.87
,-8.603,0.024,-5.004,-8.813,0.347,-5.138,7.91,-8.26,2.24
,-8.622,0.022,-4.901,-8.435,0.445,-5.195,7.35,-8.61,2.03
,-8.476,0.232,-4.874,-8.512,0.55,-4.949,10.01,-8.54,0.63
22337.0,-8.667,0.531,-4.862,-8.593,0.292,-4.826,2.87,-9.59,-2.03
,-8.792,0.603,-4.846,-8.543,0.005,-4.752,1.61,-9.59,-2.87
,-8.696,0.632,-4.817,-8.708,-0.191,-4.604,0.21,-9.59,-3.36
,-8.55,0.481,-4.685,-8.693,-0.187,-4.582,-1.26,-8.89,-3.78
22413.0,-8.873,0.026,-4.685,-8.631,-0.581,-4.642,0.91,-7.49,-5.74
,-8.715,0.031,-4.743,-8.61,-0.761,-4.58,-0.84,-7.77,-5.74
,-8.698,-0.124,-4.748,-8.722,-0.83,-4.508,-2.66,-7.91,-6.3
,-8.727,-0.316,-4.798,-8.674,-0.792,-4.453,-4.41,-8.19,-6.79
22488.0,-8.835,-0.641,-4.69,-8.655,-0.471,-4.75,0.21,-8.47,-6.58
,-8.804,-0.512,-4.716,-8.595,-0.479,-4.623,0.21,-9.52,-5.95
,-8.775,-0.359,-4.647,-8.729,-0.503,-4.64,0.21,-10.08,-4.9
,-8.825,-0.414,-4.743,-8.871,-0.546,-4.501,-0.07,-10.71,-4.9
22564.0,-8.964,-0.225,-4.733,-8.703,-0.062,-4.374,4.9,-12.11,-4.97
,-8.938,0.211,-4.793,-8.904,-0.376,-4.391,4.41,-13.23,-5.6
,-8.804,0.431,-4.941,-8.837,-0.634,-4.094,1.89,-14.07,-6.86
,-8.66,0.328,-4.822,-8.926,-0.794,-4.537,-1.26,-14.28,-8.54
22640.0,-8.861,-0.816,-4.36,-8.921,-1.235,-3.623,-3.01,-15.12,-9.8
,-8.722,-0.854,-4.192,-8.902,-1.089,-3.534,-1.54,-14.63,-8.19
,-8.799,-1.015,-3.872,-8.897,-1.036,-3.108,-0.56,-14.14,-7.98
,-9.021,-1.266,-3.86,-9.107,-0.838,-3.587,0.77,-14.07,-7.7
22716.0,-9.048,-0.895,-3.441,-9.349,-0.057,-3.156,7.7,-10.85,-3.5
,-9.11,-0.861,-3.161,-9.335,0.239,-3.477,10.15,-9.8,-2.52
,-9.098,-0.706,-2.816,-9.088,0.292,-3.726,12.39,-8.33,-1.68
,-9.222,-0.433,-2.649,-8.949,0.112,-3.939,14.35,-7.07,-1.26
22792.0,-8.938,-0.194,-4.051,-9.122,-0.768,-3.345,1.89,-5.39,-6.79
,-8.947,-0.292,-3.994,-9.143,-0.909,-3.544,3.22,-5.18,-6.65
,-9.021,-0.455,-3.733,-9.153,-1.263,-3.58,3.5,-4.69,-6.23
,-9.186,-0.555,-3.723,-8.921,-1.12,-3.161,3.01,-4.48,-6.51
22867.0,-9.129,-0.986,-3.403,-9.184,-0.457,-3.965,7.21,-0.77,-3.22
,-9.174,-0.782,-3.218,-8.902,-0.632,-3.944,7.98,-0.14,-3.43
,-9.093,-0.534,-3.321,-9.002,-0.782,-4.044,7.56,0.35,-3.36
,-9.155,-0.321,-3.642,-8.99,-0.835,-4.441,6.3,0.84,-3.57
22943.0,-8.959,-0.694,-4.405,-8.952,-1.127,-4.269,1.96,0.0,-4.76
,-8.959,-0.615,-4.544,-9.093,-1.015,-4.238,0.63,-0.63,-4.62
,-9.007,-0.885,-4.542,-9.033,-0.818,-3.886,-0.84,-1.33,-4.62
,-8.897,-1.101,-4.386,-9.103,-0.816,-3.836,-0.28,-1.47,-3.99
23019.0,-9.007,-0.902,-3.436,-9.189,-0.852,-3.333,2.73,-2.1,-1.89
,-9.098,-1.122,-2.931,-8.983,-0.981,-3.312,2.38,-1.05,-1.26
,-9.296,-1.134,-3.041,-8.988,-1.208,-3.324,2.31,0.0,-1.19
,-9.342,-0.981,-3.273,-9.093,-1.242,-3.386,2.45,0.7,-1.12
23095.0,-9.16,-0.95,-3.295,-8.945,-1.027,-3.927,3.64,4.2,0.49
,-9.268,-0.593,-3.465,-8.928,-1.309,-3.831,3.43,4.62,0.14
,-9.179,-0.56,-3.783,-8.938,-1.168,-3.872,1.19,4.62,-0.35
,-9.057,-0.78,-3.836,-9.179,-0.905,-3.843,0.14,4.97,-0.14
23170.0,-9.208,-0.503,-3.891,-8.954,-1.017,-4.183,9.52,5.88,2.1
,-9.182,-0.333,-4.073,-8.952,-1.091,-3.958,7.77,5.67,1.4
,-9.081,-0.419,-4.24,-9.088,-0.983,-3.967,4.69,5.32,0.7
,-8.909,-0.754,-4.295,-9.162,-0.751,-3.905,2.59,4.9,0.49
23246.0,-9.194,-0.577,-3.929,-8.892,-0.957,-4.338,4.83,4.48,1.54
,-9.048,-0.61,-3.984,-8.89,-0.842,-4.305,2.17,4.27,1.33
,-8.985,-0.775,-4.137,-8.966,-0.952,-4.197,1.12,4.2,1.12
,-9.0,-0.969,-4.281,-9.048,-0.866,-4.123,1.33,3.92,0.84
23321.0,-9.117,-0.797,-3.869,-8.959,-0.759,-4.487,4.9,3.36,1.68
,-9.141,-0.617,-4.073,-8.849,-0.936,-4.463,4.2,3.08,1.12
,-9.139,-0.617,-4.192,-8.847,-0.988,-4.3,3.01,2.8,0.7
,-8.997,-0.672,-4.226,-8.985,-0.866,-4.161,1.61,2.59,0.42
23397.0,-9.1,-0.701,-4.037,-9.024,-0.9,-3.74,4.27,1.33,0.56
,-9.131,-0.701,-3.917,-9.016,-0.835,-3.747,3.36,1.26,0.56
,-9.043,-0.821,-3.812,-9.019,-0.778,-3.699,2.31,1.47,0.56
,-9.04,-0.881,-3.805,-9.024,-0.847,-3.664,2.59,1.68,0.91
23473.0,-9.048,-0.852,-3.707,-8.842,-0.816,-4.396,2.17,3.08,0.63
,-9.136,-0.682,-3.91,-8.873,-0.955,-4.496,1.82,3.15,0.21
,-9.129,-0.572,-4.08,-8.899,-0.995,-4.472,0.56,3.15,-0.35
,-9.069,-0.68,-4.336,-8.961,-0.854,-4.544,-1.61,2.94,-0.98
23549.0,-9.014,-0.68,-4.554,-9.067,-0.916,-4.106,1.82,0.91,-0.42
,-8.954,-0.68,-4.413,-9.086,-0.816,-4.022,1.19,0.56,-0.28
,-9.002,-0.859,-4.259,-9.016,-0.814,-4.058,0.77,0.42,0.0
,-9.012,-0.967,-4.109,-9.007,-0.905,-4.166,1.05,0.28,0.28
23625.0,-8.961,-0.866,-4.295,-9.028,-0.912,-4.137,0.7,-0.49,0.0
,-8.93,-0.916,-4.424,-9.0,-0.792,-4.094,0.84,-0.56,0.07
,-8.902,-0.912,-4.381,-9.014,-0.653,-4.109,1.19,-0.91,0.14
,-9.009,-0.938,-4.173,-8.983,-0.672,-4.137,1.96,-0.91,0.63
23700.0,-8.983,-0.828,-3.936,-9.086,-0.732,-3.774,1.54,-1.82,0.49
,-9.033,-0.96,-3.85,-9.06,-0.749,-3.85,1.68,-1.82,0.56
,-9.055,-0.912,-3.912,-9.055,-0.797,-3.924,2.87,-1.75,0.84
,-9.122,-0.814,-3.795,-8.993,-0.785,-4.018,3.15,-1.54,0.84
23776.0,-9.007,-0.835,-4.018,-9.083,-0.94,-3.762,-0.07,-1.4,0.14
,-9.026,-0.883,-4.078,-9.117,-0.816,-3.738,0.49,-1.33,0.35
,-9.04,-0.943,-3.936,-9.119,-0.84,-3.659,0.7,-1.4,0.35
,-9.031,-0.988,-3.807,-9.055,-0.849,-3.568,0.42,-1.54,0.14
23852.0,-9.153,-0.948,-3.302,-9.002,-1.216,-2.807,-3.08,-0.84,-0.77
,-9.232,-0.842,-3.3,-9.091,-1.278,-2.682,-3.85,-0.7,-1.26
,-9.158,-0.811,-3.25,-9.134,-1.189,-2.441,-6.02,-0.49,-1.47
,-8.93,-1.003,-3.041,-9.277,-0.943,-2.462,-7.21,0.91,-0.77
23928.0,-9.392,-0.605,-2.915,-8.583,-1.261,-3.838,1.54,8.89,2.87
,-9.347,-0.438,-3.946,-8.772,-1.338,-3.807,-0.7,7.91,1.75
,-8.964,-0.57,-4.171,-8.866,-0.924,-3.611,-4.9,7.21,1.19
,-8.672,-0.759,-4.171,-8.973,-0.62,-3.273,-8.75,7.42,1.54
24003.0,-9.043,-0.522,-2.582,-9.545,0.153,-4.774,-3.43,10.57,2.24
,-9.292,-0.404,-2.283,-8.88,0.014,-5.303,-6.23,12.18,2.73
,-9.325,-0.306,-2.065,-8.126,-1.015,-5.585,-8.47,13.37,2.8
,-9.677,0.22,-3.118,-7.645,-2.434,-4.563,-7.35,13.02,2.66
24079.0,-8.239,-2.86,-4.276,-9.064,0.053,-4.922,-4.34,19.25,10.15
,-8.646,-2.417,-3.62,-8.78,0.12,-4.259,12.74,19.39,12.88
,-9.107,-1.575,-3.841,-9.021,-0.096,-4.858,24.29,17.71,12.95
,-9.091,-0.433,-4.219,-8.942,-0.165,-4.704,27.44,15.4,11.55
24154.0,-9.019,0.184,-4.963,-8.191,-1.452,-5.812,4.2,10.78,7.28
,-8.878,0.108,-5.822,-8.229,-2.163,-4.432,0.98,7.7,3.43
,-8.557,0.112,-6.214,-8.703,-2.18,-4.118,-2.73,6.02,1.33
,-8.153,-0.579,-5.86,-8.952,-1.754,-3.417,-6.09,7.49,1.96
24230.0,-9.462,-0.998,-3.592,-8.83,1.656,-5.377,22.89,10.92,8.61
,-9.469,-0.065,-4.305,-8.428,0.948,-5.178,22.19,8.47,7.0
,-9.363,0.991,-4.319,-8.27,-0.27,-4.755,20.02,7.14,7.0
,-9.253,1.603,-5.047,-8.497,-1.208,-4.262,13.79,4.69,5.25
24306.0,-8.746,-1.859,-4.116,-8.832,-1.67,-4.058,-8.12,8.4,0.35
,-8.78,-2.233,-3.92,-8.978,-0.797,-4.568,-2.17,9.31,1.68
,-8.686,-2.41,-3.967,-9.229,0.081,-4.886,3.99,10.78,3.85
,-8.674,-2.261,-3.884,-9.146,0.823,-5.166,10.85,12.6,7.14
24382.0,-8.574,1.132,-5.264,-9.031,-1.318,-4.537,11.97,2.66,7.0
,-8.031,0.67,-4.968,-8.859,-1.314,-4.597,2.59,5.11,4.48
,-8.126,-0.464,-4.566,-8.466,-0.964,-4.537,-3.92,8.75,3.15
,-8.832,-1.156,-4.357,-8.303,-0.605,-4.357,-3.71,9.8,3.22
24457.0,-8.607,-0.043,-4.19,-8.681,1.51,-4.848,17.43,15.47,8.26
,-9.182,0.744,-4.357,-8.5,0.847,-4.611,19.67,13.3,7.35
,-9.062,1.369,-4.786,-8.54,-0.057,-4.147,18.62,10.92,5.32
,-9.014,1.677,-4.972,-8.557,-0.452,-4.137,14.42,10.01,3.15
24533.0,-8.655,-0.668,-4.271,-8.796,0.656,-5.583,-2.52,15.61,-1.89
,-8.722,-0.579,-4.341,-8.54,0.766,-5.511,1.19,14.56,-2.73
,-8.557,-0.407,-4.74,-8.447,0.581,-5.185,4.27,14.21,-3.15
,-8.734,0.101,-5.193,-8.531,0.067,-4.934,8.33,12.81,-3.57
24609.0,-8.497,-0.615,-4.944,-8.208,-1.888,-5.573,-3.78,13.72,-8.89
,-8.67,-1.141,-4.874,-8.227,-2.242,-5.604,-3.71,14.07,-9.03
,-8.605,-1.508,-5.245,-8.282,-2.206,-5.676,-0.77,13.37,-8.47
,-8.423,-1.711,-5.587,-8.471,-1.931,-5.446,3.08,12.67,-7.91
24685.0,-8.524,-1.644,-5.291,-8.253,0.012,-5.755,21.77,9.17,-0.42
,-8.552,-0.897,-5.406,-8.466,0.424,-5.81,21.77,5.67,-2.03
,-8.533,-0.464,-5.439,-8.397,0.251,-5.82,20.79,4.06,-3.01
,-8.263,-0.206,-5.621,-8.526,-0.244,-5.614,18.48,4.41,-3.43
24761.0,-8.519,-0.976,-5.451,-8.409,-2.075,-5.078,6.72,6.44,-4.06
,-8.547,-1.835,-5.023,-8.229,-1.795,-5.188,7.49,5.25,-3.78
,-8.512,-1.996,-5.193,-8.325,-1.015,-5.552,11.48,3.01,-3.5
,-8.313,-2.158,-5.221,-8.354,-0.474,-5.729,15.47,2.59,-3.43
24836.0,-8.445,-0.354,-5.379,-8.397,-1.328,-5.341,20.86,2.24,-0.07
,-8.37,-0.596,-5.279,-8.557,-1.122,-5.36,17.22,3.01,0.07
,-8.579,-0.907,-5.08,-8.404,-1.287,-5.336,14.07,1.89,0.0
,-8.528,-1.055,-5.236,-8.282,-1.173,-5.528,14.0,0.77,0.28
24912.0,-8.406,-1.041,-5.59,-8.334,-1.393,-5.257,23.52,3.5,2.73
,-8.289,-1.01,-5.791,-8.253,-1.364,-5.386,23.03,3.92,2.94
,-8.39,-1.275,-5.664,-8.504,-1.479,-5.2,20.79,3.99,3.92
,-8.593,-1.476,-5.236,-8.521,-1.438,-5.214,18.97,0.63,4.2
24987.0,-8.457,-1.295,-5.561,-8.478,-0.775,-5.252,12.25,-0.84,7.35
,-8.497,-1.182,-5.418,-8.552,-0.816,-5.142,11.27,-0.63,7.56
,-8.464,-1.125,-5.039,-8.375,-1.115,-5.138,10.43,-1.05,7.77
,-8.339,-0.809,-5.303,-8.21,-0.916,-5.284,9.8,-2.66,7.56
25063.0,-8.227,-0.179,-5.619,-8.421,-0.72,-5.25,4.9,1.68,6.51
,-8.512,0.321,-5.681,-8.404,-1.005,-5.133,3.43,2.73,5.25
,-8.646,0.055,-5.525,-8.279,-1.397,-5.042,-0.7,3.71,3.78
,-8.547,-0.321,-5.42,-8.375,-1.431,-4.915,-3.71,4.97,3.01
25139.0,-8.37,-1.271,-5.011,-8.466,-0.972,-5.389,-7.98,6.44,2.59
,-8.387,-1.412,-5.116,-8.354,-1.022,-5.305,-9.45,6.16,3.22
,-8.406,-1.311,-5.324,-8.402,-1.074,-5.221,-9.66,5.67,3.71
,-8.531,-1.041,-5.351,-8.495,-0.849,-5.214,-10.78,4.62,4.13
25215.0,-8.547,-0.747,-5.061,-8.536,0.328,-5.674,-14.49,6.09,6.02
,-8.622,0.122,-5.564,-8.591,0.127,-5.556,-11.9,6.16,5.39
,-8.662,0.443,-5.662,-8.437,0.077,-5.721,-12.95,6.09,4.13
,-8.732,0.462,-5.69,-8.234,-0.282,-5.724,-15.75,6.02,2.66
25290.0,-8.327,-0.687,-5.456,-8.567,-1.362,-5.513,-22.33,3.78,1.96
,-8.306,-0.993,-5.418,-8.289,-1.292,-5.762,-20.23,3.85,2.31
,-8.545,-1.347,-5.095,-8.253,-1.244,-5.882,-18.34,4.34,2.94
,-8.689,-1.441,-5.298,-8.21,-1.357,-5.949,-16.45,4.48,4.06
25366.0,-8.356,-1.56,-5.784,-8.346,-0.9,-5.973,-15.61,1.96,8.89
,-8.409,-1.543,-5.956,-8.531,-0.601,-5.848,-13.86,-0.63,9.1
,-8.174,-1.357,-5.939,-8.392,-0.459,-5.87,-11.9,-1.82,9.73
,-8.2,-1.077,-5.958,-8.234,-0.347,-5.863,-9.45,-2.38,9.8
25442.0,-8.272,-0.182,-5.724,-8.531,0.124,-5.468,-3.43,-5.18,9.59
,-8.291,0.022,-5.726,-8.579,0.206,-5.465,-1.96,-5.46,9.45
,-8.318,0.031,-5.683,-8.555,0.168,-5.281,-0.21,-5.81,8.68
,-8.433,0.031,-5.578,-8.478,0.239,-5.217,2.03,-5.81,7.28
25518.0,-8.394,0.404,-5.391,-8.423,0.124,-5.382,5.53,-13.09,2.66
,-8.313,0.438,-5.437,-8.507,-0.014,-5.104,5.04,-13.86,2.03
,-8.428,0.34,-5.482,-8.411,-0.117,-5.008,4.13,-13.79,1.75
,-8.421,0.23,-5.384,-8.392,-0.117,-5.056,3.57,-13.37,1.19
25594.0,-8.411,-0.132,-4.946,-8.457,-0.711,-4.472,4.83,-9.87,0.21
,-8.409,-0.215,-5.298,-8.715,-0.526,-4.24,5.67,-9.17,0.63
,-8.643,-0.342,-5.047,-8.653,-0.359,-4.384,4.34,-9.45,0.14
,-8.485,-0.333,-4.771,-8.634,-0.455,-4.511,3.92,-9.66,-0.42
25669.0,-8.634,-0.244,-4.551,-8.705,-0.278,-4.657,2.31,-10.15,-1.26
,-8.636,-0.211,-4.558,-8.634,-0.211,-4.807,2.03,-9.66,-1.47
,-8.588,-0.268,-4.621,-8.55,-0.328,-4.726,2.03,-9.03,-1.75
,-8.744,-0.335,-4.645,-8.576,-0.438,-4.657,1.89,-8.47,-1.4
25745.0,-8.538,-0.438,-4.721,-8.717,-0.536,-4.805,0.91,-7.63,-1.47
,-8.667,-0.452,-4.673,-8.701,-0.507,-4.74,0.21,-7.7,-1.12
,-8.701,-0.546,-4.716,-8.875,-0.285,-4.874,0.49,-7.84,-0.35
,-8.679,-0.567,-4.745,-8.871,-0.122,-5.138,1.68,-7.91,0.07
25820.0,-8.715,0.16,-5.255,-8.806,-0.311,-4.915,5.88,-10.92,-1.12
,-8.634,0.373,-5.159,-8.959,-0.388,-5.126,3.99,-11.55,-1.75
,-8.557,0.223,-4.949,-8.789,-0.323,-5.159,1.4,-11.41,-3.01
,-8.586,-0.148,-4.807,-8.569,-0.306,-4.92,-0.77,-11.55,-4.27
25896.0,-8.583,-0.534,-4.604,-8.741,-0.364,-4.19,0.14,-14.63,-4.76
,-8.77,-0.641,-4.298,-8.77,-0.292,-4.097,0.91,-14.49,-5.39
,-8.969,-0.538,-4.293,-8.744,-0.459,-3.805,2.59,-15.05,-5.67
,-8.885,-0.426,-4.353,-9.014,-0.584,-3.589,2.52,-15.68,-5.88
25972.0,-8.976,-0.519,-3.68,-8.904,-0.699,-3.687,3.36,-14.21,-5.67
,-9.002,-0.278,-3.924,-9.019,-0.555,-3.637,3.64,-14.91,-5.74
,-8.926,-0.292,-3.805,-9.076,-0.424,-3.486,2.38,-14.91,-5.32
,-8.842,-0.625,-4.089,-9.115,-0.347,-3.623,0.56,-14.77,-5.74
26048.0,-9.131,-0.206,-3.702,-8.892,-0.814,-3.776,2.17,-12.74,-6.93
,-9.11,-0.282,-3.934,-8.964,-0.897,-3.498,1.12,-12.39,-6.79
,-8.851,-0.467,-4.008,-9.177,-0.847,-3.702,0.42,-12.32,-7.07
,-8.902,-0.644,-3.683,-9.016,-0.598,-3.269,2.8,-11.62,-6.72
26123.0,-9.15,-0.596,-3.116,-9.258,-0.299,-3.221,4.48,-9.24,-4.34
,-9.325,-0.739,-2.857,-9.191,-0.325,-3.498,3.01,-7.98,-4.62
,-9.215,-0.727,-2.917,-9.083,-0.299,-3.47,2.45,-7.0,-4.9
,-9.189,-0.61,-2.871,-9.15,-0.306,-3.8,2.38,-6.3,-5.39
26199.0,-8.93,-0.538,-3.711,-9.194,-0.507,-4.482,-2.59,-4.13,-6.65
,-8.842,-0.742,-3.36,-8.942,-0.689,-4.7,-1.96,-3.5,-6.3
,-9.158,-0.893,-3.463,-8.78,-1.101,-4.386,-2.17,-3.15,-6.58
,-9.359,-0.648,-3.862,-8.923,-1.436,-4.156,-1.19,-3.5,-6.72
26274.0,-9.036,-1.388,-3.685,-9.172,-0.275,-4.233,3.92,-4.97,-3.92
,-9.158,-0.943,-3.704,-8.808,-0.605,-3.831,7.49,-5.04,-3.43
,-9.301,-0.562,-3.515,-8.832,-0.986,-3.333,6.37,-5.25,-3.29
,-9.347,-0.249,-4.118,-9.141,-1.24,-3.029,4.27,-5.53,-4.06
26350.0,-9.301,-1.084,-2.651,-9.131,-1.089,-2.491,7.21,-3.01,-1.05
,-9.5,-0.78,-2.632,-9.182,-1.177,-2.402,8.26,-1.82,-0.7
,-9.476,-0.684,-2.651,-9.301,-1.184,-2.469,6.79,-0.91,-0.84
,-9.275,-0.838,-2.623,-9.395,-0.89,-2.757,4.06,0.63,-1.05
26426.0,-9.34,-0.814,-3.08,-9.131,-1.0,-3.671,0.28,7.28,-0.84
,-9.124,-1.086,-3.204,-9.093,-0.749,-3.726,-1.26,7.98,-0.42
,-9.009,-1.23,-3.357,-9.16,-0.625,-3.69,0.0,9.17,0.49
,-9.048,-1.23,-3.609,-9.287,-0.627,-3.81,3.22,9.94,1.19
26502.0,-9.332,-0.581,-4.319,-8.844,-1.122,-4.781,2.38,9.59,0.77
,-9.031,-0.687,-4.633,-8.952,-0.771,-4.597,-0.28,8.54,0.0
,-8.849,-0.955,-4.728,-9.141,-0.589,-4.422,-1.19,7.84,0.14
,-8.82,-1.139,-4.807,-9.095,-0.517,-4.298,0.49,7.28,0.84
26578.0,-9.06,-0.641,-4.128,-9.134,-0.785,-3.91,2.38,3.29,1.54
,-9.036,-0.785,-3.946,-9.0,-0.771,-3.826,1.33,3.08,1.33
,-9.1,-0.857,-3.743,-9.031,-0.818,-3.798,0.56,2.8,1.19
,-9.174,-0.828,-3.829,-9.098,-0.957,-3.728,0.28,2.66,0.91
26653.0,-9.201,-0.897,-3.738,-8.966,-0.976,-3.867,0.56,2.94,0.56
,-9.179,-0.845,-3.774,-9.028,-0.955,-3.955,0.56,2.87,0.49
,-9.031,-0.816,-3.884,-9.067,-0.95,-3.874,0.7,2.66,0.49
,-8.921,-0.857,-3.944,-9.04,-0.806,-3.891,0.7,2.94,0.63
26729.0,-9.107,-0.842,-3.879,-9.033,-0.627,-4.099,3.15,3.01,1.61
,-9.064,-0.826,-3.819,-8.978,-0.677,-4.2,2.87,3.08,1.68
,-9.098,-0.806,-3.857,-8.961,-0.909,-4.034,2.73,3.22,1.54
,-9.17,-0.62,-4.008,-8.938,-0.993,-3.994,2.45,3.08,1.19
26805.0,-9.139,-0.852,-3.965,-8.954,-0.723,-4.032,3.92,2.66,1.75
,-9.117,-0.72,-3.826,-8.945,-0.902,-4.046,3.99,2.66,1.75
,-9.17,-0.483,-3.994,-9.057,-0.933,-3.898,3.15,2.45,1.33
,-9.11,-0.538,-4.018,-9.076,-0.814,-3.771,0.91,2.03,0.7
26881.0,-9.155,-0.799,-3.74,-9.067,-0.751,-4.034,1.82,2.59,1.47
,-9.119,-0.823,-3.616,-8.959,-0.881,-4.078,1.75,2.8,1.54
,-9.143,-0.799,-3.687,-8.966,-0.89,-4.164,0.98,3.08,1.26
,-9.081,-0.663,-3.855,-8.978,-0.902,-4.164,0.28,3.08,1.05
26956.0,-9.024,-0.845,-4.109,-9.033,-0.644,-4.427,1.61,2.59,1.4
,-9.074,-0.744,-4.054,-8.911,-0.725,-4.46,2.38,2.45,1.54
,-9.1,-0.66,-4.149,-8.959,-0.861,-4.417,3.15,2.45,1.61
,-9.105,-0.562,-4.353,-8.928,-0.881,-4.374,3.15,2.03,1.26
27032.0,-8.973,-0.826,-4.231,-9.016,-0.663,-4.159,3.85,-0.07,1.19
,-9.045,-0.792,-4.221,-8.942,-0.797,-4.13,4.34,-0.28,1.47
,-9.095,-0.692,-4.171,-8.985,-0.871,-4.18,4.83,-0.63,1.47
,-9.088,-0.663,-4.204,-9.062,-0.818,-4.022,4.34,-1.19,1.47
27107.0,-9.086,-0.747,-3.872,-9.072,-0.687,-3.951,5.04,-2.03,1.54
,-9.155,-0.653,-3.836,-8.938,-0.835,-3.869,4.83,-1.96,1.26
,-9.148,-0.555,-3.788,-9.021,-1.024,-3.721,3.85,-1.75,1.05
,-9.179,-0.615,-4.018,-9.062,-1.005,-3.647,2.59,-1.75,0.56
27183.0,-9.141,-0.89,-3.709,-9.153,-0.555,-4.121,4.9,-0.56,1.82
,-9.227,-0.706,-3.917,-9.076,-0.57,-4.14,5.39,-0.84,1.61
,-9.122,-0.514,-3.96,-8.949,-0.61,-4.109,4.27,-0.7,1.61
,-9.045,-0.51,-4.049,-8.954,-0.756,-3.979,2.31,-0.91,1.33
27259.0,-9.115,-0.859,-4.034,-9.105,-0.601,-3.874,-0.42,-2.24,0.56
,-9.155,-0.658,-3.934,-9.155,-0.672,-3.759,1.05,-2.45,0.77
,-9.177,-0.464,-3.967,-9.244,-0.608,-3.64,0.84,-2.8,0.63
,-9.234,-0.476,-4.125,-9.368,-0.639,-3.501,-1.82,-3.29,-0.28
27335.0,-9.21,-0.514,-3.317,-9.009,-1.589,-3.484,-13.79,-5.46,-4.83
,-9.012,-0.45,-3.159,-8.99,-1.603,-3.139,-15.89,-5.18,-4.69
,-9.057,-0.859,-3.223,-9.1,-1.424,-3.297,-17.29,-4.2,-4.62
,-9.117,-1.292,-3.259,-9.141,-1.29,-3.218,-15.26,-2.87,-3.64
27411.0,-9.179,-1.048,-3.324,-9.057,-1.828,-2.644,4.06,1.12,3.36
,-9.139,-0.95,-3.597,-9.34,-1.697,-2.91,3.15,1.12,3.36
,-9.06,-1.187,-3.443,-9.296,-1.381,-3.128,0.56,1.05,3.78
,-8.847,-1.522,-3.144,-8.997,-1.106,-3.264,0.21,2.1,4.9
27486.0,-8.976,-1.18,-3.013,-9.277,0.369,-4.027,12.74,6.79,12.53
,-9.177,-1.019,-2.735,-8.933,0.629,-4.36,15.26,8.19,14.49
,-9.258,-0.696,-3.642,-8.777,0.45,-3.912,16.31,7.56,14.0
,-9.189,-0.256,-3.678,-8.827,0.151,-3.532,16.52,7.07,13.58
27562.0,-9.002,0.01,-3.29,-8.89,-0.452,-3.824,-4.9,8.4,6.79
,-9.368,0.235,-3.161,-8.789,-0.924,-3.649,-5.32,7.7,5.11
,-9.495,0.503,-3.482,-8.856,-1.268,-3.252,-8.19,6.51,2.66
,-9.229,0.239,-4.013,-9.206,-0.962,-3.116,-14.14,6.16,0.49
27638.0,-9.332,-0.275,-3.958,-9.112,0.366,-3.221,3.99,11.76,2.59
,-9.162,0.337,-4.231,-9.844,0.309,-4.293,6.16,11.76,1.61
,-8.782,0.555,-4.271,-9.722,0.452,-4.97,3.85,13.37,1.26
,-8.507,0.431,-3.35,-8.729,0.196,-5.238,2.38,16.66,1.54
27714.0,-8.193,-0.737,-4.867,-9.308,-1.347,-3.53,-9.38,12.53,-2.03
,-8.157,-1.857,-3.417,-9.098,-0.885,-3.994,-8.68,16.17,-0.35
,-8.878,-2.345,-3.082,-8.77,-0.665,-3.896,-2.24,16.59,0.84
,-9.083,-2.091,-3.101,-8.667,-0.483,-4.034,5.6,15.75,1.4
27789.0,-8.71,-0.273,-4.329,-8.756,0.648,-3.941,6.02,16.38,3.29
,-8.926,0.239,-4.568,-9.04,-0.098,-3.874,7.49,16.1,3.08
,-8.813,0.773,-4.75,-9.22,-1.005,-4.355,7.14,15.26,1.82
,-8.653,0.979,-4.46,-9.055,-1.838,-4.721,5.11,16.03,0.0
27865.0,-8.457,-2.501,-4.669,-8.949,-0.665,-5.812,1.47,18.2,4.34
,-8.239,-2.864,-4.161,-8.32,0.651,-6.272,9.45,20.86,8.47
,-8.725,-2.668,-4.501,-7.988,1.45,-6.088,19.32,20.09,11.41
,-9.009,-1.905,-5.212,-8.145,1.768,-5.666,27.86,16.59,12.53
27940.0,-8.775,1.256,-5.118,-8.808,-0.969,-4.424,9.1,15.61,3.92
,-9.308,0.799,-4.681,-8.61,-1.33,-4.602,0.14,14.77,1.75
,-9.237,0.153,-4.654,-8.729,-1.326,-4.582,-6.37,14.77,0.42
,-8.971,-0.491,-4.42,-8.739,-0.912,-5.025,-9.66,15.47,0.49
28016.0,-8.622,-0.517,-5.145,-8.801,0.208,-4.786,15.82,12.74,2.66
,-8.698,0.043,-5.145,-8.765,-0.165,-4.762,18.76,11.34,1.82
,-8.516,0.364,-5.233,-8.603,-0.414,-4.618,18.41,10.22,0.56
,-8.681,0.337,-5.035,-8.435,-0.66,-4.683,14.56,9.38,-1.26
28092.0,-8.473,-0.84,-4.63,-8.653,-0.598,-5.205,1.4,12.32,-1.47
,-8.579,-0.869,-4.621,-8.363,-0.763,-5.355,3.78,10.64,-1.47
,-8.521,-0.859,-4.676,-8.184,-1.007,-5.382,7.21,10.36,-1.82
,-8.662,-0.696,-4.841,-8.418,-1.34,-5.252,10.92,10.15,-1.4
28168.0,-8.454,-1.345,-5.085,-8.22,-0.526,-5.504,19.74,9.94,0.0
,-8.626,-1.17,-4.963,-8.15,-0.909,-5.31,23.17,9.24,-0.28
,-8.804,-0.955,-5.121,-8.222,-1.125,-5.408,24.99,8.75,-0.7
,-8.413,-0.5,-5.425,-8.543,-1.318,-5.238,26.25,8.33,-1.61
28243.0,-8.629,-1.218,-5.331,-8.641,-0.782,-4.968,23.24,11.97,4.06
,-8.808,-1.108,-5.008,-8.598,-0.404,-5.427,24.99,10.92,4.27
,-8.614,-1.065,-5.128,-8.38,-0.302,-5.614,25.06,8.89,3.57
,-8.516,-1.017,-5.202,-8.33,-0.304,-5.389,25.9,7.35,1.96
28319.0,-8.184,-0.235,-5.48,-8.346,-0.931,-5.41,22.89,5.6,-4.13
,-8.38,-0.292,-5.513,-8.358,-1.271,-5.355,21.14,5.6,-4.41
,-8.509,-0.352,-5.693,-8.588,-1.354,-5.269,19.6,4.97,-3.85
,-8.44,-0.648,-5.386,-8.61,-1.374,-5.135,18.34,3.92,-2.8
28395.0,-8.375,-1.295,-5.415,-8.461,-0.919,-5.587,21.35,0.14,-0.14
,-8.394,-0.945,-5.688,-8.421,-1.474,-5.324,22.12,-0.49,0.21
,-8.287,-0.538,-5.937,-8.291,-2.056,-5.092,22.75,-0.07,0.77
,-8.272,-0.727,-5.695,-8.294,-2.005,-5.128,19.67,0.77,1.54
28471.0,-8.33,-1.883,-5.13,-8.835,-0.486,-5.365,13.02,2.94,4.83
,-8.435,-1.603,-5.185,-8.528,-0.567,-5.508,14.28,3.36,5.18
,-8.457,-0.931,-5.339,-8.421,-0.897,-5.485,14.7,3.29,5.32
,-8.725,-0.584,-5.482,-8.253,-1.074,-5.391,12.46,1.19,5.04
28547.0,-8.196,-1.156,-5.413,-8.524,-0.684,-5.353,2.38,2.52,2.94
,-8.184,-1.07,-5.441,-8.44,-0.23,-5.793,1.75,3.57,2.73
,-8.476,-1.072,-5.351,-8.279,-0.378,-5.903,0.63,3.85,2.45
,-8.54,-1.117,-5.322,-8.344,-0.816,-5.54,0.35,3.57,2.38
28622.0,-8.303,-1.117,-5.497,-8.315,-1.137,-5.358,-11.13,4.06,0.28
,-8.358,-1.464,-5.427,-8.212,-1.058,-5.477,-12.18,4.48,0.63
,-8.555,-1.634,-5.307,-8.308,-1.134,-5.482,-11.76,4.48,1.47
,-8.607,-1.261,-5.3,-8.571,-1.072,-5.477,-9.87,3.99,2.24
28698.0,-8.488,-1.007,-5.544,-8.492,-0.905,-5.633,-17.57,5.18,3.99
,-8.385,-0.964,-5.592,-8.631,-1.096,-5.358,-18.55,5.53,4.69
,-8.607,-0.969,-5.358,-8.473,-0.938,-5.372,-20.02,4.62,5.53
,-8.433,-0.936,-5.705,-8.358,-1.041,-5.444,-20.79,3.15,6.09
28773.0,-8.43,-1.11,-5.554,-8.581,-1.388,-5.336,-21.56,2.38,7.0
,-8.409,-1.295,-5.559,-8.423,-1.28,-5.736,-21.07,2.94,7.56
,-8.387,-1.374,-5.439,-8.473,-1.029,-5.757,-20.72,3.36,8.4
,-8.32,-1.622,-5.209,-8.368,-0.828,-5.733,-20.3,3.99,9.31
28849.0,-8.263,-0.792,-5.54,-8.497,-0.773,-5.575,-11.48,-2.17,11.48
,-8.32,-0.893,-5.468,-8.258,-0.572,-5.621,-12.04,-1.61,11.2
,-8.459,-1.017,-5.422,-8.32,-0.278,-6.123,-11.9,-1.26,11.13
,-8.552,-0.833,-5.552,-8.37,-0.184,-6.071,-9.45,-1.96,10.85
28925.0,-8.366,-0.191,-6.054,-8.485,0.201,-5.547,2.59,-5.25,8.68
,-8.413,0.112,-5.896,-8.622,0.191,-5.561,3.01,-7.42,7.07
,-8.38,0.177,-5.817,-8.564,0.364,-5.616,4.13,-9.31,5.6
,-8.368,0.101,-5.599,-8.265,0.4,-5.628,3.85,-9.59,4.97
29001.0,-8.136,0.098,-5.288,-8.598,-0.242,-5.147,0.21,-12.11,2.94
,-8.234,-0.108,-5.205,-8.488,-0.23,-5.169,0.7,-11.13,2.45
,-8.461,-0.263,-5.197,-8.507,-0.299,-5.14,1.75,-10.64,2.24
,-8.648,-0.27,-5.049,-8.536,-0.287,-5.051,4.55,-9.73,2.17
29076.0,-8.55,-0.495,-4.884,-8.354,-0.091,-4.657,7.35,-10.29,2.45
,-8.588,-0.955,-4.57,-8.469,0.134,-4.63,4.13,-12.04,1.4
,-8.643,-0.704,-4.48,-8.646,0.287,-4.566,2.87,-13.72,-0.14
,-8.483,-0.342,-4.58,-8.765,0.055,-4.424,3.85,-14.42,-0.35
29152.0,-8.653,-0.263,-4.386,-8.842,0.175,-4.681,-3.5,-10.85,-1.26
,-8.634,-0.529,-4.405,-8.827,0.471,-4.838,-2.66,-9.73,-0.7
,-8.591,-0.567,-4.417,-8.691,0.455,-4.587,0.49,-8.96,-0.28
,-8.768,-0.263,-4.484,-8.713,0.263,-4.616,4.69,-9.1,-0.63
29227.0,-8.612,-0.067,-4.568,-8.784,-0.33,-4.558,-6.72,-10.36,-4.48
,-8.67,-0.134,-4.566,-8.801,-0.373,-4.623,-7.49,-10.01,-5.25
,-8.808,-0.129,-4.463,-8.787,-0.44,-4.594,-6.44,-10.15,-6.37
,-8.859,-0.273,-4.59,-8.701,-0.615,-4.503,-6.3,-10.78,-7.21
29303.0,-8.689,-0.708,-4.367,-8.727,-0.838,-4.362,-6.16,-12.18,-8.05
,-8.88,-0.72,-4.298,-8.782,-0.878,-4.302,-5.25,-12.11,-7.98
,-8.892,-0.646,-4.456,-8.744,-0.723,-4.298,-5.25,-12.74,-7.91
,-8.691,-0.785,-4.35,-8.942,-0.474,-4.592,-6.44,-13.23,-7.7
29379.0,-8.945,-0.218,-4.558,-8.887,-0.823,-4.185,0.91,-13.16,-6.09
,-8.844,-0.158,-4.712,-8.88,-0.744,-4.207,-0.07,-14.07,-6.37
,-8.823,-0.306,-4.573,-8.966,-0.558,-4.159,-1.19,-14.14,-6.23
,-8.765,-0.644,-4.489,-8.784,-0.529,-3.967,-2.1,-14.35,-6.02
29455.0,-8.949,-0.598,-3.654,-8.947,-0.928,-3.494,1.26,-14.77,-5.32
,-9.107,-0.73,-3.687,-8.983,-1.297,-3.604,0.77,-14.42,-5.6
,-9.186,-0.613,-3.616,-9.11,-1.17,-3.573,0.91,-14.42,-6.16
,-9.002,-0.704,-3.625,-9.038,-0.866,-3.357,0.49,-14.56,-6.3
29531.0,-9.112,-0.498,-3.149,-9.258,-0.141,-2.924,14.07,-10.78,-1.61
,-9.22,-0.065,-3.058,-9.239,-0.225,-3.159,14.0,-9.94,-2.73
,-9.217,-0.019,-3.034,-9.244,-0.112,-3.204,10.92,-8.96,-2.73
,-9.136,-0.122,-2.848,-9.208,-0.153,-3.233,7.28,-7.91,-3.15
29606.0,-9.241,-0.239,-3.448,-8.985,-0.998,-4.044,0.28,-4.41,-6.65
,-9.11,-0.512,-3.635,-9.105,-1.24,-4.025,-1.68,-3.85,-6.93
,-8.966,-0.711,-3.996,-9.127,-1.058,-3.845,-2.1,-3.85,-7.0
,-8.935,-0.692,-4.214,-9.095,-0.625,-3.778,-0.84,-3.78,-6.72
29682.0,-9.153,-0.452,-3.57,-8.935,-1.043,-4.147,7.28,-3.57,-4.55
,-9.251,-0.433,-4.104,-8.949,-1.089,-4.027,5.04,-3.57,-5.32
,-9.074,-0.723,-4.013,-8.997,-0.854,-3.762,2.66,-4.2,-5.67
,-8.928,-0.869,-4.176,-9.177,-0.67,-3.647,2.59,-4.62,-5.32
29758.0,-9.198,-0.601,-3.549,-9.043,-1.115,-3.51,10.08,-4.97,-3.29
,-9.229,-0.684,-3.582,-9.136,-1.022,-3.381,8.61,-4.76,-3.5
,-9.206,-0.792,-3.747,-9.292,-0.991,-3.329,7.49,-4.55,-3.78
,-9.04,-1.074,-3.671,-9.232,-0.873,-3.18,7.07,-4.41,-3.64
29834.0,-9.201,-0.854,-3.08,-9.311,-0.878,-3.087,10.22,-2.31,-1.54
,-9.241,-1.125,-2.833,-9.196,-0.871,-3.171,8.61,-1.33,-1.4
,-9.316,-1.17,-2.917,-8.981,-0.926,-3.116,7.0,-0.35,-1.33
,-9.28,-1.11,-2.814,-9.024,-1.161,-2.781,6.72,0.35,-1.26
29909.0,-9.268,-1.151,-2.73,-9.222,-1.072,-3.412,1.26,5.11,-0.63
,-9.435,-0.983,-2.836,-9.124,-1.096,-3.709,0.77,5.81,-0.7
,-9.337,-0.89,-2.912,-9.024,-1.137,-3.886,-0.77,6.72,-0.7
,-9.289,-0.991,-2.989,-9.067,-1.103,-3.927,-2.52,7.63,-0.77
29985.0,-9.148,-1.053,-4.135,-9.081,-0.878,-4.197,4.62,8.26,1.4
,-9.158,-0.948,-4.173,-9.139,-0.876,-4.238,6.02,7.91,1.54
,-9.086,-0.809,-4.204,-9.021,-0.928,-4.171,6.16,7.42,1.4
,-9.067,-0.885,-4.135,-8.997,-1.067,-4.075,5.74,7.07,1.26
30061.0,-8.978,-1.065,-4.142,-8.985,-0.905,-4.118,5.25,4.48,1.54
,-9.045,-1.07,-4.13,-8.981,-0.893,-4.061,5.39,4.06,1.54
,-9.014,-0.967,-4.18,-8.993,-0.981,-3.9,4.83,3.5,1.4
,-8.981,-0.905,-4.195,-9.055,-0.993,-3.807,3.57,2.87,0.98
30137.0,-9.198,-0.912,-3.841,-9.131,-1.074,-4.022,0.0,1.82,1.12
,-9.196,-0.821,-3.924,-9.115,-1.055,-4.042,0.07,1.75,1.12
,-9.05,-0.849,-3.91,-9.088,-0.979,-3.936,-0.35,1.61,1.05
,-9.06,-1.01,-3.867,-9.139,-0.919,-3.81,-0.35,1.61,0.98
30213.0,-9.182,-0.847,-3.721,-9.076,-1.046,-3.702,4.34,1.33,1.54
,-9.174,-0.694,-3.79,-9.172,-0.962,-3.781,4.13,1.12,1.33
,-9.081,-0.828,-3.79,-9.174,-0.617,-3.896,2.59,1.12,1.05
,-8.985,-0.95,-3.735,-9.1,-0.608,-3.776,1.54,0.98,0.84
30288.0,-9.028,-0.732,-3.788,-9.1,-0.916,-3.702,-1.82,1.26,0.42
,-9.072,-0.914,-3.819,-9.143,-0.916,-3.632,-2.31,1.54,0.28
,-9.086,-0.893,-3.802,-9.177,-0.931,-3.613,-1.96,1.54,0.35
,-9.043,-0.912,-3.798,-9.165,-0.857,-3.687,-1.68,1.47,0.28
30364.0,-9.122,-0.823,-3.625,-9.067,-0.964,-3.671,-2.24,2.24,0.28
,-9.119,-0.852,-3.757,-9.141,-1.012,-3.75,-2.87,2.52,0.0
,-9.086,-0.888,-3.831,-9.131,-0.948,-3.771,-2.73,2.73,-0.07
,-9.007,-0.96,-3.745,-9.062,-0.881,-3.85,-2.31,2.73,0.0
30439.0,-9.148,-0.79,-3.886,-8.952,-0.991,-4.252,-0.63,3.36,0.49
,-9.158,-0.873,-4.032,-9.031,-0.96,-4.214,-1.19,3.15,0.42
,-9.031,-0.905,-4.166,-9.038,-0.871,-4.106,-1.47,2.94,0.56
,-8.969,-0.945,-4.204,-9.134,-0.742,-4.133,-0.91,2.94,0.84
30515.0,-9.143,-0.677,-4.226,-9.04,-0.916,-4.123,0.98,1.19,0.98
,-9.105,-0.759,-4.262,-9.009,-0.89,-3.963,0.14,0.77,0.7
,-9.028,-0.845,-4.161,-9.0,-0.893,-3.793,-0.07,0.49,0.91
,-9.014,-0.833,-4.19,-9.076,-0.89,-3.63,0.07,0.14,0.91
30591.0,-9.213,-0.842,-3.575,-9.055,-0.948,-3.565,1.12,0.0,0.98
,-9.117,-0.876,-3.479,-9.088,-0.964,-3.491,0.91,0.35,1.12
,-9.182,-0.893,-3.544,-9.153,-0.955,-3.506,0.77,0.56,1.05
,-9.131,-0.921,-3.568,-9.186,-0.816,-3.687,0.63,0.84,1.12
30667.0,-9.198,-0.826,-3.743,-9.127,-0.744,-4.073,1.89,2.59,1.96
,-9.033,-0.792,-3.903,-9.115,-0.586,-4.257,1.68,2.66,2.17
,-9.024,-0.907,-3.922,-9.021,-0.73,-4.168,1.68,2.87,2.31
,-9.072,-0.849,-4.018,-8.959,-1.036,-3.972,3.01,3.01,2.45
30742.0,-8.983,-1.225,-3.702,-9.098,-0.431,-3.695,4.55,2.45,3.64
,-9.048,-1.084,-3.544,-9.005,-0.766,-3.542,7.84,2.73,4.2
,-9.179,-0.778,-3.467,-9.203,-1.359,-3.312,10.29,2.73,4.27
,-9.246,-0.424,-3.697,-9.208,-1.295,-3.195,9.66,2.59,3.78
30818.0,-9.117,-0.742,-2.9,-8.993,-0.979,-3.778,0.77,3.29,0.91
,-9.16,-0.313,-2.8,-9.0,-1.141,-3.496,-0.56,3.71,0.42
,-9.244,-0.122,-3.429,-9.112,-1.211,-3.589,-4.41,4.34,-0.91
,-9.148,-0.531,-3.723,-9.249,-1.199,-3.853,-9.17,5.32,-0.49
30894.0,-9.165,-0.969,-3.783,-8.66,-0.349,-4.97,-1.33,7.84,4.41
,-9.155,-0.529,-3.821,-8.65,-0.534,-5.104,-0.7,7.0,4.97
,-9.186,-0.244,-4.159,-8.665,-0.689,-4.927,-1.82,5.6,4.27
,-9.074,-0.177,-4.858,-8.729,-0.907,-3.927,-4.48,4.27,3.57
30970.0,-8.837,-0.849,-3.455,-9.251,-1.039,-3.352,-8.68,2.94,0.63
,-8.914,-0.809,-3.037,-9.241,-1.302,-3.565,-7.21,4.34,0.63
,-9.167,-0.785,-3.154,-9.15,-1.273,-3.321,-6.72,5.81,0.63
,-9.196,-0.902,-3.08,-9.043,-1.091,-3.486,-5.04,7.77,1.26
31045.0,-9.052,-0.811,-4.298,-8.177,-1.055,-3.802,6.23,8.26,5.53
,-9.122,-0.239,-5.446,-8.918,-1.022,-3.116,6.65,4.83,5.18
,-8.674,-0.134,-5.621,-9.77,-0.443,-3.408,4.48,4.55,6.02
,-8.2,-0.61,-4.958,-9.686,0.316,-3.857,1.54,6.44,6.09
31121.0,-9.067,0.27,-4.111,-9.435,-0.548,-3.676,3.57,7.07,1.19
,-8.402,-0.337,-3.838,-9.689,0.225,-4.302,-3.64,10.15,1.75
,-8.413,-1.043,-3.64,-9.268,0.591,-4.85,-5.04,13.23,3.29
,-8.689,-1.228,-2.936,-8.54,0.385,-4.709,1.47,15.33,5.11
31197.0,-8.241,0.136,-4.147,-9.024,-0.297,-4.429,-0.63,13.93,0.07
,-8.662,-0.089,-3.711,-8.583,-0.648,-4.152,2.03,15.82,-0.63
,-9.27,-0.06,-3.912,-8.591,-0.723,-3.865,3.99,14.63,-2.52
,-9.34,-0.136,-4.135,-8.842,-0.627,-4.228,2.52,12.88,-3.92
31272.0,-9.048,-0.366,-4.503,-8.705,-1.333,-4.133,1.4,15.75,-2.73
,-8.789,-0.278,-4.726,-8.914,-1.287,-4.216,1.75,15.54,-2.73
,-8.464,-0.591,-4.702,-9.057,-0.979,-4.405,-0.35,16.38,-2.94
,-8.399,-1.074,-4.286,-8.892,-0.955,-4.659,-2.1,18.55,-2.24
31348.0,-8.751,-0.907,-4.719,-8.65,-1.031,-5.106,1.82,14.77,-1.61
,-8.557,-1.012,-4.865,-8.681,-0.792,-5.147,0.07,15.05,-0.35
,-8.344,-1.283,-4.752,-8.502,-0.625,-5.315,-0.35,16.59,1.26
,-8.567,-1.23,-4.757,-8.43,-0.483,-5.181,1.96,16.73,2.73
31424.0,-8.533,-0.567,-5.111,-8.605,-1.307,-4.937,4.2,16.24,2.03
,-8.653,-0.725,-5.178,-8.492,-1.374,-4.75,3.85,15.75,2.03
,-8.717,-1.005,-5.24,-8.634,-1.065,-4.75,3.22,15.12,1.96
,-8.5,-1.187,-5.14,-8.705,-0.61,-4.903,3.15,14.91,2.8
31500.0,-8.859,0.165,-4.889,-8.691,1.287,-5.267,13.58,12.46,5.32
,-8.612,0.981,-5.336,-8.466,0.993,-5.25,12.46,10.78,3.71
,-8.72,1.419,-5.224,-8.39,0.483,-5.164,8.4,9.73,0.84
,-8.612,1.479,-5.2,-8.299,-0.627,-5.073,1.89,8.47,-2.03
31575.0,-8.614,-1.687,-4.882,-8.131,-3.69,-5.2,-6.02,8.61,-7.7
,-8.516,-2.589,-5.195,-8.387,-3.386,-5.231,-2.94,8.61,-6.37
,-8.363,-3.503,-5.14,-8.26,-2.716,-5.319,2.1,10.15,-3.5
,-8.332,-3.788,-5.2,-8.174,-1.608,-5.564,10.78,10.57,-0.49
31651.0,-8.346,-1.034,-5.396,-8.54,-0.089,-5.343,29.19,7.42,7.28
,-8.229,-0.701,-5.444,-8.739,-0.38,-5.221,24.57,6.23,8.33
,-8.449,-0.421,-5.437,-8.344,-0.366,-5.303,20.79,5.6,8.47
,-8.536,-0.148,-5.293,-8.454,-0.364,-5.307,17.85,4.69,8.33
31727.0,-8.483,-0.002,-5.441,-8.425,0.115,-5.927,21.7,7.49,6.86
,-8.528,0.412,-5.604,-8.232,-0.481,-5.793,26.04,7.07,5.95
,-8.593,0.538,-5.899,-8.186,-1.161,-5.602,27.79,5.81,3.64
,-8.863,0.361,-5.683,-8.189,-1.661,-5.322,24.78,2.87,0.7
31803.0,-8.421,-1.931,-5.336,-8.337,-1.271,-5.633,17.57,2.87,2.73
,-8.643,-1.639,-5.367,-8.37,-0.756,-5.853,19.81,2.87,3.57
,-8.598,-1.352,-5.353,-8.1,-0.546,-6.061,20.72,2.31,4.13
,-8.37,-1.206,-5.611,-8.086,-0.663,-6.248,20.02,2.24,4.55
31878.0,-8.413,-1.883,-5.654,-8.203,-1.302,-5.257,13.44,1.54,7.63
,-8.729,-2.273,-5.219,-8.279,-1.165,-5.171,14.0,0.42,8.96
,-8.528,-2.113,-5.24,-8.425,-0.613,-5.485,15.12,-1.54,9.59
,-8.363,-1.723,-5.221,-8.641,-0.127,-5.619,16.03,-2.45,10.22
31954.0,-8.492,0.258,-5.767,-8.406,-0.34,-5.13,9.03,-2.31,8.68
,-8.531,0.414,-5.638,-8.524,-0.352,-5.209,6.37,-0.77,7.98
,-8.495,0.304,-5.489,-8.476,-0.517,-5.274,1.96,0.35,6.93
,-8.387,-0.034,-5.24,-8.497,-0.632,-5.219,-1.26,2.66,6.23
32029.0,-8.48,-0.723,-5.2,-8.526,-1.232,-5.307,-6.09,2.17,3.92
,-8.37,-0.656,-5.224,-8.361,-1.328,-5.394,-6.23,1.12,3.92
,-8.265,-0.658,-5.427,-8.547,-1.041,-5.738,-7.91,1.54,4.34
,-8.409,-1.082,-5.317,-8.464,-0.663,-5.566,-11.2,2.66,4.55
32105.0,-8.464,-0.426,-5.635,-8.547,-0.024,-5.413,-10.15,2.94,5.81
,-8.698,-0.089,-5.659,-8.658,-0.136,-5.367,-11.34,2.38,5.18
,-8.729,0.103,-5.69,-8.464,-0.062,-5.642,-12.95,1.68,4.2
,-8.595,0.077,-5.475,-8.509,-0.11,-5.578,-15.61,1.68,3.57
32181.0,-8.473,-0.28,-5.64,-8.765,-0.352,-5.645,-18.06,-0.42,3.08
,-8.366,-0.402,-5.525,-8.729,-0.246,-5.678,-17.43,-0.21,2.66
,-8.449,-0.519,-5.444,-8.26,-0.459,-5.8,-16.8,0.63,2.52
,-8.756,-0.581,-5.42,-8.157,-0.833,-5.432,-15.47,0.63,2.38
32257.0,-8.234,-1.043,-5.37,-8.418,-0.617,-5.705,-16.31,-0.77,1.61
,-8.538,-1.146,-5.449,-8.272,-0.498,-5.741,-14.84,-1.61,2.38
,-8.447,-1.132,-5.65,-8.418,-0.452,-5.568,-13.09,-3.01,3.43
,-8.634,-1.003,-5.602,-8.27,-0.244,-5.647,-10.64,-5.39,3.85
32333.0,-8.413,-0.038,-5.64,-8.583,0.306,-5.59,-5.04,-7.07,2.03
,-8.445,-0.038,-5.516,-8.442,0.273,-5.616,-3.29,-6.51,1.26
,-8.457,0.057,-5.446,-8.392,0.084,-5.497,-2.1,-5.88,0.91
,-8.698,0.196,-5.518,-8.598,-0.201,-5.245,-0.91,-6.72,1.19
32408.0,-8.61,-0.325,-5.13,-8.361,-0.821,-4.927,-1.12,-11.48,-4.13
,-8.373,-0.325,-5.169,-8.497,-0.972,-4.87,-2.59,-12.39,-4.27
,-8.526,-0.589,-5.001,-8.528,-0.955,-5.016,-3.71,-12.11,-3.64
,-8.452,-0.66,-4.941,-8.54,-0.792,-4.956,-3.29,-11.76,-2.73
32484.0,-8.686,-0.905,-4.855,-8.586,-0.663,-4.98,1.75,-9.59,1.54
,-8.425,-1.161,-4.413,-8.614,-0.534,-5.006,3.01,-9.1,2.1
,-8.629,-1.182,-4.472,-8.686,-0.558,-4.724,6.09,-8.96,2.03
,-8.504,-0.715,-4.788,-8.818,-0.438,-4.707,9.24,-8.89,2.1
32560.0,-8.746,-0.091,-4.657,-8.629,0.263,-4.599,10.01,-11.13,4.83
,-8.751,0.163,-4.798,-8.696,0.223,-4.518,9.38,-11.55,4.55
,-8.703,0.404,-4.776,-8.851,0.349,-4.451,8.19,-11.76,3.92
,-8.614,0.4,-4.736,-8.875,0.447,-4.563,6.65,-11.41,3.08
32636.0,-8.909,0.409,-4.592,-8.854,-0.177,-4.247,3.5,-10.15,-2.17
,-8.815,0.316,-4.621,-8.995,-0.151,-4.401,1.47,-10.71,-3.36
,-8.78,0.237,-4.331,-8.914,0.045,-4.573,-0.56,-10.57,-3.85
,-8.737,0.0,-4.219,-8.76,0.074,-4.549,-1.61,-10.01,-3.99
32711.0,-8.789,-0.108,-4.611,-8.969,-0.51,-4.413,-2.38,-11.34,-7.42
,-8.799,-0.385,-4.597,-8.856,-0.376,-4.403,-3.92,-11.27,-8.68
,-8.71,-0.72,-4.365,-8.93,-0.404,-4.374,-3.71,-11.13,-8.47
,-8.801,-0.711,-4.3,-8.799,-0.443,-4.527,-1.82,-11.06,-7.77
32787.0,-8.748,-0.739,-4.535,-8.945,-0.969,-3.944,-5.25,-13.93,-9.59
,-8.789,-1.05,-4.209,-8.935,-0.802,-4.082,-4.83,-14.07,-9.03
,-8.952,-1.189,-3.944,-8.78,-0.684,-3.987,-2.8,-14.21,-8.33
,-8.993,-1.019,-3.994,-8.878,-0.761,-3.934,-0.56,-14.35,-7.56
32862.0,-8.892,-0.694,-3.853,-8.964,-1.007,-3.259,4.2,-14.07,-4.2
,-9.019,-0.584,-3.771,-9.141,-1.036,-3.281,6.44,-13.58,-3.78
,-9.112,-0.648,-3.843,-9.191,-0.871,-3.202,6.93,-13.37,-3.64
,-9.014,-0.797,-3.707,-9.237,-0.342,-3.262,6.65,-13.23,-3.29
32938.0,-9.217,-0.002,-3.699,-9.124,-0.316,-3.814,13.16,-10.92,-2.38
,-9.0,-0.105,-3.573,-9.067,-0.086,-3.984,8.82,-10.36,-2.94
,-9.005,-0.29,-3.616,-9.031,-0.357,-3.853,6.44,-9.87,-3.78
,-9.036,-0.278,-3.577,-9.06,-0.711,-3.436,5.6,-10.22,-4.69
33014.0,-9.15,-1.027,-3.197,-9.289,-0.479,-3.472,2.03,-8.4,-4.62
,-9.234,-1.161,-2.793,-9.086,-0.524,-3.537,4.34,-7.63,-3.92
,-9.265,-0.979,-2.702,-9.117,-0.615,-3.845,6.09,-6.72,-3.64
,-9.373,-0.682,-3.173,-9.072,-0.988,-3.723,6.09,-6.09,-4.06
33090.0,-8.976,-1.0,-3.534,-9.33,-0.78,-3.386,0.49,-4.27,-3.92
,-9.232,-0.852,-3.881,-9.287,-0.775,-3.288,2.38,-4.55,-4.13
,-9.155,-0.684,-3.484,-9.296,-0.57,-3.74,3.5,-4.76,-3.71
,-9.174,-0.625,-3.412,-9.062,-0.766,-3.362,3.92,-4.34,-3.01
33166.0,-8.964,-0.893,-3.3,-9.213,-0.471,-3.034,2.87,-3.08,-3.08
,-9.162,-1.06,-3.223,-9.217,-0.768,-2.958,4.2,-2.1,-2.52
,-9.38,-0.948,-3.185,-9.306,-0.885,-3.281,5.95,-1.61,-2.24
,-9.39,-0.625,-3.132,-9.237,-0.845,-3.589,6.09,-1.26,-2.31
33241.0,-9.074,-0.912,-3.599,-9.21,-0.909,-3.352,-0.56,0.42,-3.15
,-9.021,-0.964,-3.508,-9.251,-1.012,-3.36,-0.35,1.12,-2.52
,-9.191,-1.053,-3.532,-9.146,-1.077,-3.264,-0.28,1.68,-2.17
,-9.196,-1.098,-3.364,-9.148,-1.158,-3.166,0.21,1.89,-1.75
33317.0,-9.277,-1.156,-3.307,-9.007,-0.974,-3.743,0.42,3.92,-0.63
,-9.296,-0.969,-3.393,-9.033,-1.01,-3.843,1.82,4.41,-0.14
,-9.301,-0.797,-3.652,-9.251,-1.029,-4.022,2.87,4.55,0.28
,-9.261,-0.861,-3.798,-9.062,-0.861,-3.967,2.73,4.34,0.49
33393.0,-9.072,-0.804,-4.075,-9.268,-0.869,-3.714,7.84,3.01,1.54
,-9.076,-1.046,-3.888,-9.191,-0.704,-3.637,7.14,2.66,1.47
,-9.05,-1.048,-3.609,-9.153,-0.861,-3.676,7.84,2.52,1.96
,-9.227,-0.95,-3.733,-9.103,-1.01,-3.668,8.4,2.59,1.89
33469.0,-9.016,-1.022,-3.408,-9.256,-0.62,-3.135,5.74,2.94,2.24
,-9.182,-0.972,-3.281,-9.308,-0.653,-3.319,6.58,3.36,2.52
,-9.38,-0.835,-3.197,-9.222,-0.859,-3.482,6.65,3.92,2.59
,-9.342,-0.629,-3.171,-9.074,-0.883,-3.501,4.97,4.27,2.24
33544.0,-9.17,-0.885,-3.92,-9.124,-1.017,-3.936,-1.75,5.81,0.63
,-9.131,-0.995,-4.018,-9.136,-0.761,-4.109,-1.33,5.46,0.91
,-9.005,-0.967,-4.011,-9.093,-0.754,-4.022,-0.42,5.11,1.4
,-9.076,-1.031,-4.022,-9.081,-0.766,-3.862,0.28,5.18,1.54
33620.0,-9.158,-0.806,-3.836,-9.136,-0.835,-3.788,2.1,3.5,1.33
,-9.213,-0.943,-3.85,-9.155,-0.706,-3.869,1.75,3.36,1.05
,-9.112,-0.773,-3.817,-9.141,-0.713,-3.97,1.61,3.01,1.05
,-9.117,-0.773,-3.812,-9.012,-0.818,-4.006,0.98,2.94,0.91
33695.0,-9.007,-0.883,-3.967,-9.22,-0.737,-3.623,0.0,2.38,1.05
,-9.069,-0.866,-3.869,-9.208,-0.632,-3.762,0.77,2.17,1.05
,-9.141,-0.761,-3.747,-9.11,-0.735,-3.884,0.98,2.24,1.12
,-9.201,-0.744,-3.664,-8.973,-0.9,-3.891,0.35,2.52,1.05
33771.0,-8.976,-1.077,-3.79,-9.148,-0.711,-3.601,0.0,2.24,0.77
,-9.15,-0.928,-3.862,-9.165,-0.794,-3.508,2.59,2.31,1.19
,-9.148,-0.737,-3.757,-9.208,-0.792,-3.565,3.5,2.24,1.33
,-9.127,-0.66,-3.635,-9.124,-0.847,-3.635,2.73,2.45,1.05
33847.0,-9.031,-0.838,-3.63,-9.086,-0.605,-3.826,-0.63,3.29,0.28
,-9.093,-0.802,-3.695,-9.105,-0.699,-3.977,-0.35,3.5,0.35
,-9.124,-0.704,-3.8,-9.105,-0.766,-4.087,-0.28,3.5,0.35
,-9.143,-0.598,-3.788,-9.06,-0.814,-4.18,-1.12,3.71,0.07
33923.0,-8.952,-0.909,-4.223,-9.069,-0.62,-4.295,-3.5,2.8,-0.35
,-8.993,-0.931,-4.223,-9.036,-0.778,-4.068,-1.89,2.24,-0.07
,-9.103,-0.763,-4.274,-9.083,-0.986,-3.877,-0.28,1.68,0.07
,-9.136,-0.593,-4.302,-9.131,-1.058,-3.857,0.28,1.05,0.07
33999.0,-9.153,-1.007,-3.86,-8.973,-0.928,-3.575,1.68,-0.14,0.7
,-9.036,-0.794,-3.833,-8.957,-1.062,-3.352,2.66,-0.21,0.84
,-9.1,-0.73,-3.855,-9.117,-1.168,-3.202,2.31,-0.21,0.77
,-9.091,-0.811,-3.778,-9.234,-1.074,-3.092,1.54,-0.07,0.63
34074.0,-9.287,-0.95,-2.936,-8.942,-1.055,-3.046,6.93,3.71,3.43
,-9.378,-0.809,-3.147,-9.127,-1.237,-2.754,7.28,4.41,3.57
,-9.222,-0.763,-3.278,-9.282,-1.237,-2.548,6.58,5.25,3.57
,-9.033,-0.881,-3.257,-9.392,-0.869,-2.352,4.83,5.81,3.78
34150.0,-9.677,-0.357,-3.094,-8.804,-1.321,-3.877,4.69,9.8,2.38
,-9.466,-0.294,-4.082,-9.103,-1.321,-3.989,-2.31,8.47,0.21
,-8.72,-0.479,-4.262,-9.117,-0.849,-4.128,-7.84,7.63,0.28
,-8.49,-0.909,-4.231,-9.074,-0.237,-4.647,-10.29,8.12,1.33
34226.0,-8.995,-0.361,-4.482,-9.452,0.005,-4.85,-1.26,7.49,3.5
,-8.935,-0.651,-4.202,-9.189,0.459,-6.037,-4.34,7.35,4.41
,-8.923,-0.842,-3.884,-8.708,0.44,-6.439,-3.64,7.42,5.46
,-9.069,-0.565,-3.534,-8.246,-0.256,-6.267,0.7,7.49,6.09
34302.0,-8.076,-1.575,-5.293,-9.174,-0.658,-3.881,-21.84,-1.96,0.98
,-8.55,-2.422,-3.807,-8.904,-0.823,-3.491,-14.49,-0.77,2.17
,-9.143,-1.926,-3.934,-8.978,-1.187,-2.812,-1.47,-0.98,2.66
,-9.237,-1.127,-3.97,-9.316,-1.244,-2.618,7.14,-1.26,3.01
34377.0,-9.696,-0.854,-2.757,-8.418,-0.424,-3.817,11.34,5.46,9.73
,-9.548,-0.412,-3.977,-8.952,-0.629,-3.352,11.06,3.78,9.52
,-9.057,0.06,-4.58,-9.146,-0.436,-3.106,7.77,2.94,9.8
,-8.428,0.036,-4.527,-9.045,-0.292,-2.742,3.92,3.57,10.36
34453.0,-9.091,-0.373,-2.084,-9.454,0.227,-5.061,8.82,11.2,6.23
,-9.282,-0.395,-2.465,-8.837,0.613,-5.676,7.42,12.18,5.46
,-9.375,-0.337,-2.479,-8.303,0.342,-5.671,6.51,12.74,5.81
,-9.545,-0.105,-3.262,-8.062,-0.395,-4.659,6.65,11.76,6.09
34528.0,-8.588,-0.747,-3.664,-8.224,-1.998,-4.068,5.53,14.07,5.39
,-9.416,-0.644,-3.891,-8.196,-2.754,-3.113,11.13,12.04,4.27
,-9.569,-0.646,-4.477,-8.918,-2.632,-2.747,10.15,9.24,2.94
,-8.976,-1.029,-4.585,-9.383,-1.871,-3.486,4.27,9.52,3.01
34604.0,-9.249,-0.596,-3.738,-9.148,2.74,-5.154,28.7,15.82,12.53
,-8.952,0.534,-4.247,-8.969,2.589,-5.324,28.14,15.82,12.18
,-8.631,1.33,-4.547,-8.485,1.586,-4.623,22.33,15.89,10.22
,-8.969,2.144,-4.494,-8.284,0.251,-3.912,16.87,15.05,7.21
34680.0,-8.741,-0.591,-3.005,-8.416,-0.254,-5.023,-11.62,20.3,-5.95
,-9.517,-0.828,-3.419,-8.205,-0.72,-4.702,-3.43,19.04,-5.88
,-9.66,-0.637,-4.183,-8.591,-0.95,-4.889,3.29,16.59,-6.09
,-9.215,-0.175,-4.783,-8.854,-1.103,-5.475,7.42,15.26,-5.11
34756.0,-8.918,-0.9,-5.662,-8.648,-1.912,-4.288,7.21,12.95,-4.06
,-8.366,-0.558,-5.776,-9.057,-2.441,-4.357,5.95,12.39,-4.55
,-8.04,-0.694,-5.267,-9.184,-2.259,-4.664,0.91,13.93,-4.97
,-8.119,-1.101,-4.611,-8.71,-1.744,-5.109,-3.92,15.4,-4.2
34831.0,-8.409,-0.983,-5.164,-8.698,1.369,-4.944,13.72,14.07,4.76
,-8.358,0.146,-5.427,-8.921,1.156,-4.678,18.27,13.09,4.41
,-8.421,0.804,-5.336,-9.014,1.003,-4.726,19.32,12.53,3.22
,-8.701,1.173,-4.946,-8.662,0.51,-5.037,16.03,11.34,0.98
34907.0,-8.605,-0.124,-4.922,-8.531,-2.474,-5.085,-5.53,10.57,-6.37
,-8.457,-1.019,-4.999,-8.248,-2.867,-4.87,-4.27,11.48,-7.0
,-8.629,-1.467,-4.944,-8.483,-2.443,-4.642,-0.42,11.2,-6.02
,-8.524,-1.938,-4.96,-8.342,-1.443,-4.865,4.13,10.78,-4.13
34983.0,-8.311,-0.615,-5.063,-8.622,0.457,-5.272,26.11,9.17,1.19
,-8.351,0.067,-4.934,-8.327,0.026,-5.547,24.5,8.82,-0.63
,-8.607,0.536,-5.097,-8.189,-0.522,-5.678,21.07,8.96,-2.03
,-8.696,0.699,-5.453,-8.394,-1.039,-5.501,16.8,8.47,-3.57
35059.0,-8.306,-1.232,-5.583,-8.576,-2.379,-5.205,14.91,9.38,-2.73
,-8.38,-1.843,-5.363,-8.332,-1.764,-5.286,17.43,9.94,-0.98
,-8.466,-2.388,-5.24,-8.284,-0.916,-5.374,19.53,10.01,1.26
,-8.579,-2.773,-5.075,-8.306,0.024,-5.664,22.89,8.96,3.15
35135.0,-8.387,0.493,-5.958,-8.387,-1.706,-5.343,30.87,4.13,-1.68
,-8.591,0.648,-5.899,-8.397,-2.407,-4.956,24.64,3.29,-3.92
,-8.471,0.194,-5.882,-8.449,-2.551,-4.791,15.61,3.5,-4.27
,-8.413,-0.653,-5.76,-8.246,-2.374,-5.109,9.1,3.29,-2.8
35210.0,-8.526,-1.838,-5.42,-8.469,-0.366,-5.769,26.81,2.94,3.22
,-8.368,-1.429,-5.64,-8.177,-0.675,-5.688,29.54,2.31,3.22
,-8.282,-0.555,-6.025,-8.232,-1.567,-5.346,31.57,1.68,2.59
,-8.373,-0.041,-6.143,-8.258,-2.412,-4.927,29.33,1.12,1.4
35286.0,-8.387,-2.814,-4.759,-8.22,-0.273,-5.482,11.76,4.06,7.28
,-8.507,-2.505,-4.913,-8.265,-0.014,-5.664,16.1,2.94,8.54
,-8.469,-1.764,-5.071,-8.624,-0.101,-5.726,18.48,1.26,8.96
,-8.373,-0.94,-5.272,-8.701,0.242,-5.884,18.27,-0.49,8.54
35361.0,-8.425,-0.778,-5.611,-8.358,-0.921,-5.358,1.61,0.07,6.44
,-8.153,-1.345,-5.056,-8.471,-0.943,-5.384,-0.14,2.17,6.37
,-8.179,-1.153,-5.078,-8.485,-0.608,-5.528,1.12,3.22,5.95
,-8.425,-0.926,-5.145,-8.43,-0.522,-5.552,0.98,3.71,5.04
35437.0,-8.469,-0.541,-5.401,-8.311,-1.723,-4.752,-5.18,5.81,4.48
,-8.43,-0.639,-5.3,-8.294,-1.73,-4.996,-8.12,4.48,3.57
,-8.186,-0.814,-5.202,-8.351,-1.653,-5.363,-11.06,4.48,3.22
,-8.203,-1.311,-4.949,-8.337,-1.216,-5.465,-14.21,5.39,3.5
35513.0,-8.442,-0.648,-5.528,-8.619,0.117,-5.511,-8.96,6.23,7.56
,-8.466,-0.215,-5.726,-8.361,-0.141,-5.76,-9.87,6.16,6.79
,-8.612,-0.206,-5.525,-8.339,-0.263,-5.762,-12.81,6.86,6.16
,-8.71,-0.208,-5.269,-8.459,-0.433,-5.793,-15.19,7.56,5.67
35589.0,-8.459,-0.665,-5.652,-8.368,-1.039,-5.642,-17.22,4.48,3.57
,-8.449,-0.66,-5.81,-8.378,-1.117,-5.753,-16.45,4.2,3.29
,-8.552,-0.948,-5.652,-8.413,-1.007,-5.891,-18.2,4.27,3.5
,-8.564,-1.062,-5.468,-8.32,-0.881,-5.954,-18.9,3.85,4.2
35664.0,-8.186,-0.835,-6.044,-8.48,-0.376,-5.611,-18.97,0.21,7.07
,-8.241,-0.833,-5.839,-8.576,-0.141,-5.602,-19.46,0.28,7.14
,-8.184,-0.893,-5.748,-8.385,0.29,-5.698,-19.32,0.07,7.28
,-8.263,-0.79,-5.662,-8.313,0.081,-5.59,-17.29,-0.21,7.63
35740.0,-8.363,-0.072,-5.628,-8.167,-0.392,-5.652,-11.34,-2.52,6.09
,-8.555,-0.189,-5.686,-8.349,-0.285,-5.674,-10.08,-3.22,4.97
,-8.413,-0.409,-5.753,-8.402,-0.321,-5.836,-7.98,-3.29,4.55
,-8.301,-0.431,-5.616,-8.504,-0.287,-5.698,-4.9,-2.87,4.41
35815.0,-8.55,-0.187,-5.604,-8.607,-0.68,-5.434,1.47,-8.4,-0.35
,-8.227,-0.096,-5.599,-8.54,-0.727,-5.485,-0.84,-10.29,-0.35
,-8.124,-0.203,-5.619,-8.277,-0.778,-5.532,-3.22,-10.15,-0.14
,-8.296,-0.524,-5.511,-8.222,-0.916,-5.453,-4.55,-9.8,-1.05
35891.0,-8.327,-0.926,-5.453,-8.428,0.361,-5.293,1.12,-8.68,3.01
,-8.579,-0.653,-5.396,-8.334,0.249,-5.133,4.76,-10.15,3.5
,-8.693,-0.134,-5.48,-8.492,0.06,-5.027,6.3,-12.67,2.87
,-8.387,0.282,-5.458,-8.653,-0.615,-4.611,5.46,-14.07,2.24
35967.0,-8.713,-0.474,-4.511,-8.581,0.514,-4.953,-2.03,-13.3,-0.14
,-8.593,0.014,-4.87,-8.686,0.304,-4.884,1.54,-13.93,-0.98
,-8.421,0.361,-5.025,-8.636,0.029,-4.731,3.01,-13.86,-1.26
,-8.402,0.412,-5.157,-8.61,-0.184,-4.685,2.45,-13.3,-1.68
36043.0,-8.6,-0.239,-4.728,-8.646,0.12,-4.733,-3.78,-10.43,-3.5
,-8.631,-0.304,-4.786,-8.619,0.022,-4.585,-2.59,-10.43,-3.36
,-8.655,-0.196,-4.953,-8.636,-0.072,-4.63,-0.98,-10.78,-3.43
,-8.576,0.022,-4.826,-8.727,-0.153,-4.889,0.0,-10.71,-3.64
36119.0,-8.662,-0.244,-4.776,-8.804,0.103,-4.831,-5.18,-11.2,-5.32
,-8.753,-0.251,-4.769,-8.842,0.151,-4.738,-4.62,-11.41,-5.46
,-8.66,-0.215,-4.695,-8.71,-0.062,-4.805,-3.92,-12.04,-6.58
,-8.789,-0.057,-4.623,-8.624,-0.275,-4.637,-2.38,-12.18,-6.93
36194.0,-8.485,-0.601,-4.391,-8.698,-0.684,-4.367,-10.29,-14.63,-11.13
,-8.787,-0.711,-4.267,-8.737,-0.864,-4.374,-8.05,-14.49,-11.27
,-8.859,-0.689,-4.609,-8.751,-1.036,-4.197,-6.79,-14.84,-10.85
,-8.691,-0.651,-4.556,-8.873,-1.005,-4.171,-6.58,-14.98,-10.29
36270.0,-8.885,-0.888,-4.039,-9.024,-0.682,-4.054,-0.7,-13.86,-6.93
,-8.722,-0.967,-4.037,-9.016,-0.165,-4.171,-1.05,-13.51,-6.65
,-8.744,-1.091,-3.936,-8.906,0.081,-4.319,0.35,-12.74,-5.46
,-8.933,-1.0,-4.001,-8.995,-0.349,-4.283,4.69,-12.11,-3.78
36346.0,-9.107,-0.514,-4.078,-9.189,-0.455,-3.814,3.29,-12.46,-4.06
,-8.878,-0.641,-3.695,-9.036,-0.069,-3.489,4.62,-11.97,-3.43
,-9.043,-0.768,-3.453,-9.062,-0.01,-3.821,6.51,-11.55,-3.71
,-9.131,-0.723,-3.575,-9.005,-0.392,-4.073,8.12,-11.41,-3.64
36422.0,-8.811,-0.859,-3.965,-9.186,-0.275,-3.489,1.61,-10.36,-5.11
,-8.83,-1.055,-3.611,-9.158,-0.038,-3.142,3.64,-9.66,-3.78
,-8.988,-1.027,-3.58,-9.251,-0.177,-3.19,7.49,-9.24,-3.08
,-9.222,-0.773,-3.699,-9.225,-0.407,-2.979,11.06,-9.31,-3.15
36497.0,-9.217,-0.584,-3.257,-8.981,-1.11,-2.905,0.42,-6.02,-5.04
,-9.275,-0.885,-3.195,-9.184,-0.857,-3.388,-0.98,-5.88,-5.32
,-8.976,-0.881,-3.235,-9.172,-0.818,-3.245,-0.21,-5.32,-4.69
,-8.985,-1.12,-3.436,-9.086,-0.675,-3.345,1.75,-4.2,-4.27
36573.0,-9.172,-0.775,-3.678,-9.031,-0.493,-3.223,3.01,-0.84,-2.66
,-8.993,-0.617,-3.441,-9.277,-0.536,-3.441,3.43,-0.42,-2.66
,-9.067,-0.505,-3.802,-9.383,-0.677,-3.74,3.15,-0.28,-3.64
,-9.134,-0.491,-3.628,-9.165,-0.483,-3.841,1.75,0.07,-3.92
36648.0,-9.043,-0.419,-4.176,-9.033,-0.933,-3.946,-1.47,0.84,-3.78
,-8.983,-0.773,-4.173,-9.045,-1.01,-3.953,-3.36,0.63,-4.06
,-8.993,-0.823,-4.068,-9.069,-0.926,-3.989,-3.64,0.56,-3.64
,-9.045,-0.797,-4.061,-9.057,-0.79,-3.738,-3.92,0.21,-3.64
36724.0,-9.189,-0.727,-3.85,-9.263,-1.12,-3.654,0.98,-0.07,-2.03
,-9.167,-0.775,-3.769,-9.184,-1.0,-3.841,-0.07,-0.28,-2.17
,-8.997,-0.981,-3.46,-8.961,-0.943,-3.671,-0.77,0.0,-1.61
,-9.052,-1.149,-3.501,-9.05,-1.01,-3.714,-0.35,0.7,-1.4
36800.0,-9.16,-1.149,-3.573,-9.186,-0.78,-3.52,2.73,2.1,0.63
,-9.076,-1.156,-3.362,-9.04,-0.744,-3.431,4.41,2.52,1.4
,-9.194,-1.12,-3.123,-9.05,-0.981,-3.585,6.23,3.29,2.1
,-9.363,-0.94,-3.357,-9.189,-1.015,-3.762,7.98,3.85,2.45
36876.0,-9.155,-0.821,-3.984,-8.983,-0.577,-4.25,11.06,5.67,3.85
,-9.069,-0.677,-4.087,-9.036,-0.565,-4.156,10.99,5.46,3.5
,-9.04,-0.593,-4.171,-9.086,-0.689,-3.977,10.36,5.25,3.15
,-9.1,-0.567,-4.288,-9.119,-0.785,-3.74,9.87,4.9,2.94
36952.0,-9.127,-0.969,-3.575,-9.012,-0.706,-4.128,8.05,4.13,3.22
,-9.184,-0.792,-3.589,-8.837,-0.916,-4.03,8.47,4.2,3.29
,-9.246,-0.488,-3.752,-8.93,-0.936,-4.054,7.42,4.06,2.73
,-9.182,-0.424,-4.008,-9.086,-0.792,-4.018,4.2,3.92,1.96
37027.0,-9.105,-0.663,-3.862,-8.966,-0.89,-4.468,1.61,3.57,1.33
,-9.174,-0.562,-3.838,-8.856,-1.158,-4.372,0.91,3.15,0.91
,-9.167,-0.567,-4.087,-8.839,-1.144,-4.099,-0.07,2.73,0.49
,-9.007,-0.689,-4.235,-9.081,-1.041,-3.841,-0.77,2.66,0.35
37103.0,-9.244,-0.737,-3.838,-9.019,-1.022,-3.74,5.95,1.75,2.24
,-9.21,-0.522,-3.807,-9.067,-1.082,-3.719,4.48,1.61,1.75
,-9.105,-0.522,-3.838,-9.043,-0.881,-3.697,1.54,1.4,1.19
,-8.973,-0.744,-3.833,-9.093,-0.72,-3.661,-0.28,1.61,0.98
37179.0,-9.16,-0.577,-3.723,-9.0,-0.847,-4.104,1.82,2.45,1.61
,-9.153,-0.419,-3.819,-9.045,-0.802,-4.262,0.56,2.45,1.26
,-9.148,-0.5,-4.061,-9.048,-0.548,-4.29,-1.26,2.17,0.56
,-8.971,-0.775,-4.042,-9.045,-0.493,-4.142,-2.17,2.03,0.49
37255.0,-9.057,-0.586,-4.03,-9.014,-0.771,-3.893,-0.7,1.12,0.28
,-9.088,-0.79,-3.912,-8.973,-0.739,-3.79,-0.7,1.12,0.42
,-9.11,-0.864,-3.91,-9.103,-0.754,-3.699,0.07,1.05,0.49
,-9.1,-0.778,-3.984,-9.165,-0.593,-3.738,0.91,1.19,0.56
37330.0,-9.129,-0.627,-3.635,-8.938,-0.73,-4.231,0.84,2.24,0.91
,-9.115,-0.665,-3.884,-8.966,-0.866,-4.195,0.07,2.38,0.63
,-9.095,-0.773,-4.135,-9.086,-0.737,-4.214,-0.07,2.24,0.56
,-9.048,-0.696,-4.228,-9.086,-0.534,-4.305,0.7,1.96,0.7
37406.0,-9.012,-0.45,-4.348,-9.064,-0.814,-3.965,2.87,0.42,0.56
,-8.952,-0.651,-4.183,-9.086,-0.675,-3.896,1.54,0.14,0.7
,-8.99,-0.84,-3.994,-9.112,-0.663,-3.745,1.4,-0.14,0.7
,-9.05,-0.931,-4.07,-9.143,-0.713,-3.635,2.59,-0.35,0.7
37481.0,-9.083,-0.847,-3.52,-9.052,-0.718,-3.85,1.61,0.21,1.19
,-9.079,-0.869,-3.537,-9.014,-0.725,-3.829,1.82,0.56,1.33
,-9.086,-0.833,-3.664,-9.124,-0.761,-4.173,2.52,0.63,1.4
,-9.141,-0.773,-3.838,-9.122,-0.675,-4.173,2.87,0.91,1.54
37557.0,-8.949,-0.526,-4.305,-9.15,-0.768,-3.606,1.19,0.42,0.91
,-8.959,-0.689,-4.252,-9.28,-0.715,-3.484,0.0,0.0,0.56
,-8.966,-0.826,-3.972,-9.287,-0.751,-3.716,-0.14,0.14,0.77
,-9.012,-0.902,-3.637,-8.997,-0.804,-3.728,1.05,0.42,1.19
37633.0,-9.016,-0.799,-3.891,-9.201,-0.376,-3.692,0.7,1.82,1.4
,-9.019,-0.799,-3.934,-9.217,-0.27,-4.037,1.68,2.24,1.47
,-9.06,-0.742,-3.814,-9.076,-0.464,-4.089,2.8,2.52,1.68
,-9.134,-0.567,-3.683,-8.973,-0.61,-3.975,3.5,2.52,1.61
37709.0,-9.131,-0.945,-3.786,-9.251,-0.275,-3.434,-2.66,1.33,0.07
,-9.189,-0.73,-3.494,-9.1,-0.493,-3.951,-2.31,0.98,-0.35
,-9.143,-0.244,-3.302,-8.969,-0.668,-3.848,-2.87,1.19,-0.49
,-9.112,-0.091,-3.058,-8.914,-0.759,-3.944,-5.39,1.89,-1.33
37784.0,-8.885,-0.866,-4.176,-9.213,-0.658,-3.154,-7.84,3.57,-1.12
,-8.897,-1.06,-3.96,-9.17,-0.443,-3.34,-5.53,4.06,0.0
,-9.04,-1.223,-3.625,-9.227,-0.376,-3.159,-4.13,4.48,0.56
,-9.024,-1.015,-3.099,-9.241,-0.562,-3.467,-0.84,4.9,1.68
37860.0,-8.945,-0.737,-3.551,-9.201,-0.562,-4.168,-5.95,7.84,1.75
,-8.794,-0.897,-3.501,-9.16,-0.505,-5.219,-4.13,9.17,2.66
,-8.796,-0.9,-2.934,-8.76,-0.613,-5.635,-1.19,10.99,3.71
,-9.119,-0.708,-3.233,-8.497,-0.96,-5.363,2.52,11.27,3.92
37936.0,-8.449,-1.24,-4.771,-9.091,-0.517,-4.2,1.05,7.42,5.11
,-8.65,-1.194,-4.267,-8.832,-0.864,-3.752,6.02,7.63,5.88
,-9.0,-0.756,-4.14,-8.945,-0.998,-3.642,11.06,7.49,6.02
,-9.05,-0.5,-3.989,-8.952,-0.94,-3.915,11.27,6.86,5.18
38012.0,-9.17,-0.625,-4.235,-8.784,-0.203,-3.996,9.8,9.38,8.33
,-9.119,-0.294,-4.334,-9.06,-0.156,-3.508,9.24,7.77,7.35
,-8.844,-0.146,-4.592,-9.349,0.182,-3.506,7.07,7.14,5.88
,-8.586,-0.227,-4.113,-9.031,0.026,-3.532,6.44,7.98,4.76
38088.0,-8.605,-0.479,-3.228,-9.952,-0.83,-4.606,-0.14,13.65,1.4
,-8.346,-1.268,-2.369,-9.122,-0.392,-5.317,-1.19,17.71,3.78
,-9.005,-1.553,-2.831,-8.323,-0.206,-5.542,1.82,18.27,4.55
,-9.56,-1.366,-3.044,-7.839,-0.706,-5.3,7.35,16.87,4.9
38163.0,-8.356,-0.986,-4.893,-8.519,-0.486,-4.058,5.32,12.74,6.02
,-8.648,-0.622,-4.982,-8.973,-0.605,-4.171,9.73,12.25,4.27
,-8.737,-0.17,-4.755,-9.299,-0.404,-4.446,12.6,12.39,2.66
,-8.303,-0.191,-4.621,-9.165,0.069,-4.688,10.64,14.49,1.61
38239.0,-8.765,0.694,-4.934,-8.636,-1.034,-5.233,13.86,14.14,4.27
,-8.67,0.95,-4.927,-8.519,-1.63,-5.095,13.51,13.79,3.57
,-8.871,0.433,-5.073,-8.622,-1.627,-5.078,9.66,12.46,2.17
,-8.928,-0.232,-5.128,-8.5,-1.551,-5.087,6.37,11.34,1.05
38314.0,-8.555,-1.589,-4.939,-8.748,-0.096,-5.138,16.59,12.04,5.04
,-8.607,-1.474,-4.815,-8.67,-0.034,-5.276,17.22,11.62,5.95
,-8.684,-1.103,-4.91,-8.6,0.117,-5.358,17.64,11.2,7.56
,-8.746,-0.625,-4.927,-8.725,0.227,-5.166,16.38,10.64,8.61
38390.0,-8.789,0.479,-5.027,-8.947,0.775,-4.877,4.69,6.58,4.41
,-8.811,0.677,-4.977,-8.681,0.577,-4.728,4.48,5.53,2.17
,-8.717,0.969,-5.159,-8.629,0.237,-4.771,5.18,5.25,-0.21
,-8.887,0.871,-4.757,-8.49,-0.258,-4.604,5.18,5.53,-2.1
38466.0,-8.483,-0.919,-4.501,-8.643,-2.254,-4.893,1.68,8.61,-5.11
,-8.516,-1.642,-4.563,-8.536,-2.044,-4.944,2.94,8.68,-3.92
,-8.801,-2.149,-4.417,-8.224,-1.658,-4.925,6.23,7.42,-2.24
,-8.722,-2.134,-4.752,-8.404,-1.364,-4.721,10.85,5.25,0.14
38542.0,-8.502,-0.924,-4.755,-8.399,-0.144,-5.133,22.89,6.16,0.77
,-8.598,-0.345,-5.14,-8.552,-0.421,-5.109,23.17,4.69,-0.7
,-8.636,0.208,-5.566,-8.61,-0.905,-4.977,20.72,3.85,-2.03
,-8.382,0.091,-5.418,-8.722,-1.132,-5.075,15.61,4.41,-2.24
38617.0,-8.653,-1.228,-4.896,-8.622,0.16,-4.958,11.34,3.78,-0.14
,-8.653,-1.086,-4.922,-8.607,0.352,-5.15,15.12,3.92,-0.07
,-8.452,-0.725,-4.934,-8.533,0.148,-5.083,19.04,3.78,-0.35
,-8.457,-0.287,-4.798,-8.605,-0.079,-5.207,21.91,3.99,-1.26
38693.0,-8.581,-0.589,-5.25,-8.418,-1.752,-4.879,16.03,6.86,-3.85
,-8.904,-0.888,-5.095,-8.404,-2.137,-4.769,16.31,6.09,-2.94
,-8.701,-0.897,-5.284,-8.559,-2.209,-4.692,15.33,2.59,-4.06
,-8.404,-1.307,-5.219,-8.727,-2.027,-4.815,14.28,2.38,-4.76
38769.0,-8.636,-1.591,-5.384,-8.547,-1.596,-5.133,25.13,0.91,-0.84
,-8.397,-1.35,-5.331,-8.727,-1.828,-5.092,23.73,0.35,0.21
,-8.153,-1.376,-5.195,-8.751,-1.869,-4.944,21.77,1.4,1.96
,-8.251,-1.366,-5.166,-8.413,-2.029,-4.731,20.3,1.75,3.15
38845.0,-8.344,-1.543,-4.779,-8.583,-0.189,-5.205,21.14,4.83,8.05
,-8.177,-0.998,-5.097,-8.552,-0.136,-5.193,20.58,4.62,9.1
,-8.318,-0.412,-5.291,-8.665,-0.299,-5.322,18.06,3.99,8.68
,-8.555,-0.409,-5.221,-8.78,-0.321,-5.415,13.02,3.99,7.91
38921.0,-8.598,-0.426,-5.489,-8.629,-0.921,-5.142,2.31,5.95,3.99
,-8.301,-0.943,-5.322,-8.387,-0.854,-5.281,1.05,6.86,3.78
,-8.332,-1.062,-5.2,-8.227,-0.692,-5.446,0.42,7.21,3.36
,-8.461,-1.062,-5.109,-8.306,-0.479,-5.432,-0.35,7.91,2.94
38996.0,-8.466,-0.479,-5.48,-8.2,-1.701,-4.956,-6.37,9.38,0.35
,-8.593,-0.79,-5.499,-8.26,-1.397,-5.061,-8.89,10.64,0.14
,-8.614,-1.146,-5.281,-8.354,-1.371,-5.219,-10.71,11.62,0.14
,-8.349,-1.498,-5.102,-8.545,-1.082,-5.367,-11.97,12.74,0.91
39072.0,-8.6,-0.771,-5.587,-8.215,-0.534,-5.944,-14.0,10.29,2.45
,-8.717,-0.447,-5.621,-8.232,-0.66,-5.863,-15.54,10.08,2.38
,-8.624,-0.371,-5.578,-8.373,-0.699,-5.855,-17.92,9.24,2.59
,-8.387,-0.392,-5.669,-8.435,-1.062,-5.755,-20.44,8.61,2.73
39147.0,-8.461,-1.113,-5.642,-8.579,-1.098,-5.633,-21.77,10.08,4.69
,-8.423,-1.134,-5.714,-8.76,-1.12,-5.578,-20.23,10.22,6.09
,-8.32,-0.972,-5.755,-8.49,-0.993,-5.817,-16.31,10.43,7.21
,-8.411,-0.952,-5.843,-8.342,-0.967,-5.865,-14.84,10.15,8.19
39223.0,-8.122,-0.876,-5.958,-8.246,-0.555,-6.013,-19.74,2.24,10.08
,-8.169,-0.864,-5.968,-8.217,-0.567,-6.066,-20.65,2.31,10.99
,-8.303,-0.833,-6.035,-8.265,-0.479,-6.052,-21.07,1.68,10.99
,-8.399,-0.622,-6.047,-8.399,-0.373,-6.037,-19.39,0.77,10.15
39299.0,-8.423,-0.22,-6.109,-8.485,0.105,-5.846,-5.46,-3.15,8.54
,-8.272,-0.012,-6.001,-8.552,0.249,-5.681,-2.03,-3.29,7.91
,-8.241,0.235,-5.891,-8.349,0.134,-5.765,0.35,-3.57,6.72
,-8.43,0.285,-5.8,-8.354,0.002,-5.638,1.47,-3.01,5.25
39375.0,-8.332,-0.141,-5.729,-8.339,-0.467,-5.595,-1.68,-10.64,-0.21
,-8.234,-0.187,-5.662,-8.409,-0.639,-5.626,-0.98,-10.78,-0.77
,-8.346,-0.302,-5.568,-8.22,-0.785,-5.432,-0.07,-10.92,-0.91
,-8.26,-0.409,-5.597,-8.251,-0.902,-5.403,0.49,-11.83,-0.42
39450.0,-8.339,-0.907,-5.252,-8.344,-0.483,-5.382,5.39,-10.5,3.29
,-8.416,-0.675,-5.152,-8.421,-0.436,-5.018,7.84,-10.29,4.2
,-8.442,-0.373,-5.341,-8.404,-0.534,-4.96,9.38,-11.48,4.55
,-8.495,-0.237,-5.255,-8.425,-0.397,-4.927,7.63,-12.18,4.83
39526.0,-8.545,-0.101,-4.901,-8.662,0.165,-4.685,7.21,-13.37,4.27
,-8.555,0.292,-4.853,-8.784,0.306,-4.664,7.91,-13.72,3.99
,-8.514,0.447,-4.87,-8.811,0.318,-4.719,6.37,-13.23,3.99
,-8.557,0.246,-4.702,-8.655,0.428,-4.755,3.71,-12.46,3.92
39602.0,-8.619,0.474,-4.884,-8.538,-0.345,-4.867,-0.49,-13.65,-2.52
,-8.634,0.302,-4.965,-8.713,-0.369,-4.867,-3.43,-13.65,-3.29
,-8.591,0.258,-4.96,-8.758,-0.211,-4.748,-5.25,-13.3,-3.43
,-8.416,-0.024,-4.963,-8.705,-0.168,-4.633,-6.16,-13.09,-3.85
39678.0,-8.681,-0.172,-4.625,-8.576,-0.074,-4.793,-3.64,-15.54,-6.23
,-8.741,-0.246,-4.661,-8.686,0.074,-4.812,-3.71,-15.68,-6.37
,-8.804,-0.27,-4.771,-8.83,0.385,-4.886,-2.87,-15.89,-5.95
,-8.693,-0.122,-4.913,-8.804,0.526,-4.992,-1.26,-16.1,-5.25
39754.0,-8.866,0.414,-5.071,-8.933,-0.701,-3.874,-0.98,-18.9,-9.87
,-8.658,0.249,-5.059,-9.062,-0.751,-3.702,-3.78,-19.95,-10.5
,-8.471,-0.062,-4.633,-9.007,-0.715,-3.912,-5.53,-19.67,-10.5
,-8.734,-0.541,-4.238,-8.801,-0.888,-4.293,-5.11,-19.04,-10.71
39829.0,-8.686,-1.28,-4.223,-9.143,-0.225,-3.494,-4.62,-19.25,-8.05
,-8.583,-1.56,-4.025,-9.316,0.29,-3.903,-0.63,-18.27,-6.51
,-8.957,-1.625,-3.896,-8.978,0.39,-3.644,5.6,-17.36,-5.25
,-9.026,-1.06,-3.276,-8.918,-0.017,-3.577,13.16,-17.08,-3.99
39905.0,-8.832,-0.464,-3.281,-9.251,-0.503,-2.673,2.94,-15.54,-5.25
,-9.079,-0.627,-2.733,-9.268,-0.684,-2.874,4.48,-14.14,-5.6
,-9.095,-0.584,-2.544,-9.196,-0.665,-2.795,6.58,-12.81,-5.88
,-9.273,-0.524,-2.546,-9.165,-0.699,-2.527,6.86,-11.62,-6.37
39980.0,-9.277,-0.677,-2.766,-9.057,-1.034,-3.046,3.08,-5.46,-5.6
,-9.268,-0.562,-3.041,-9.33,-0.828,-3.53,2.17,-4.62,-6.16
,-9.088,-0.526,-2.941,-9.177,-0.503,-3.525,1.82,-3.92,-5.53
,-9.11,-0.811,-3.223,-9.083,-0.452,-3.721,0.42,-2.73,-5.32
40056.0,-9.048,-0.562,-3.446,-9.203,-0.737,-3.338,4.13,0.56,-3.15
,-9.182,-0.883,-3.544,-9.119,-0.675,-3.374,3.92,0.98,-3.36
,-9.182,-0.857,-3.537,-9.057,-0.632,-3.424,4.83,1.12,-3.64
,-9.155,-0.816,-3.309,-9.067,-0.627,-3.364,5.11,1.61,-3.57
40132.0,-9.155,-0.514,-3.508,-8.89,-0.735,-4.432,3.57,3.99,-2.87
,-9.28,-0.505,-3.553,-8.775,-0.962,-4.527,2.1,4.41,-3.22
,-9.237,-0.373,-3.831,-8.938,-1.108,-4.369,0.21,4.76,-3.36
,-9.208,-0.507,-4.389,-9.06,-1.144,-4.264,-2.59,4.13,-4.41
40208.0,-9.17,-0.723,-4.439,-8.961,-0.692,-4.695,6.65,1.75,-1.82
,-9.148,-0.464,-4.372,-8.909,-0.864,-4.47,7.28,0.84,-1.89
,-9.11,-0.424,-4.592,-8.964,-0.816,-4.2,5.88,0.07,-2.38
,-8.973,-0.57,-4.635,-9.15,-0.737,-4.046,4.9,-0.77,-2.45
40283.0,-9.258,-0.687,-4.037,-8.942,-1.115,-3.632,8.05,-3.85,-1.82
,-9.148,-0.44,-4.142,-9.079,-1.328,-3.498,7.0,-4.34,-1.96
,-9.091,-0.464,-4.087,-9.208,-1.235,-3.343,4.06,-4.83,-2.66
,-8.916,-0.701,-3.824,-9.203,-1.151,-3.19,1.4,-4.83,-2.8
40359.0,-9.263,-1.05,-3.226,-9.249,-1.149,-3.008,2.17,-2.94,-0.91
,-9.177,-1.024,-3.233,-9.246,-1.163,-3.051,2.17,-2.24,-0.49
,-9.105,-1.015,-3.037,-9.304,-1.115,-3.003,2.17,-1.05,0.21
,-9.186,-1.024,-3.051,-9.263,-1.01,-3.206,2.38,-0.28,0.49
40435.0,-9.172,-0.938,-3.245,-9.131,-0.809,-3.623,9.03,3.99,2.52
,-9.162,-0.95,-3.396,-9.079,-0.756,-3.592,9.38,4.48,2.66
,-9.16,-1.015,-3.412,-9.119,-0.725,-3.527,9.8,4.97,2.94
,-9.172,-0.873,-3.628,-9.299,-0.625,-3.752,10.43,5.32,2.94
40511.0,-9.246,-0.641,-3.951,-8.839,-0.914,-4.489,4.2,5.32,1.19
,-9.086,-0.558,-4.073,-8.892,-0.919,-4.396,2.17,4.76,0.49
,-9.064,-0.486,-4.48,-9.103,-0.912,-4.212,0.42,4.27,0.0
,-9.0,-0.787,-4.573,-9.16,-0.749,-3.9,-0.7,3.71,-0.07
40586.0,-9.249,-0.584,-3.903,-9.05,-1.048,-3.618,4.34,1.68,1.96
,-9.215,-0.586,-3.719,-9.119,-1.019,-3.549,2.38,1.4,1.54
,-9.124,-0.62,-3.752,-9.213,-0.988,-3.549,0.56,1.26,0.91
,-9.069,-0.883,-3.707,-9.287,-0.797,-3.479,-0.77,1.61,0.35
40662.0,-9.354,-0.524,-3.91,-9.028,-1.067,-4.058,3.36,2.66,0.84
,-9.112,-0.62,-4.109,-9.189,-0.711,-4.125,1.96,2.31,0.49
,-8.868,-0.869,-4.125,-9.194,-0.538,-4.08,0.91,2.17,0.63
,-8.894,-1.108,-4.192,-9.062,-0.663,-3.9,2.03,2.1,0.77
40738.0,-9.074,-0.773,-3.843,-9.174,-0.811,-3.635,1.68,0.63,0.42
,-9.1,-0.866,-3.795,-9.117,-0.744,-3.496,1.33,0.56,0.35
,-9.04,-0.919,-3.647,-9.174,-0.802,-3.463,1.82,0.77,0.77
,-9.129,-0.792,-3.652,-9.167,-0.794,-3.434,2.94,0.91,0.91
40813.0,-9.186,-0.864,-3.525,-9.014,-0.931,-4.106,0.56,2.31,0.35
,-9.194,-0.744,-3.731,-8.985,-0.936,-4.137,-0.14,2.52,-0.07
,-9.139,-0.806,-3.9,-9.074,-0.931,-4.039,-0.77,2.31,-0.35
,-9.107,-0.885,-4.068,-9.067,-0.885,-4.104,-0.7,2.03,-0.35
40889.0,-9.122,-0.797,-3.917,-8.923,-0.983,-4.19,4.55,0.98,1.05
,-9.239,-0.701,-4.051,-9.05,-1.041,-3.893,4.34,0.77,0.7
,-9.139,-0.842,-4.212,-9.115,-0.9,-3.805,3.01,0.14,0.28
,-8.976,-0.9,-4.247,-9.148,-0.634,-3.664,2.87,-0.07,0.42
40965.0,-9.237,-0.512,-3.604,-9.213,-1.012,-3.64,4.48,-0.14,1.47
,-9.263,-0.689,-3.692,-9.15,-0.823,-3.903,2.59,-0.07,1.47
,-9.189,-0.916,-3.57,-9.112,-0.823,-4.166,1.19,-0.07,1.47
,-9.136,-1.062,-3.525,-9.007,-0.998,-4.259,1.33,0.0,1.82
41041.0,-9.067,-1.098,-4.269,-9.225,-1.034,-3.869,1.54,-1.61,2.87
,-9.069,-1.053,-4.319,-9.232,-0.909,-3.585,2.87,-2.31,3.01
,-9.009,-1.027,-4.264,-9.119,-0.782,-3.218,4.2,-2.94,2.94
,-9.086,-0.981,-4.128,-9.05,-0.701,-3.214,4.69,-3.5,3.08
41116.0,-9.16,-0.857,-3.448,-9.15,-0.498,-3.005,2.31,-3.71,3.57
,-9.055,-1.086,-3.34,-9.311,-0.33,-2.905,2.52,-2.8,4.2
,-9.043,-0.938,-3.228,-9.397,-0.139,-2.883,4.97,-1.89,4.9
,-9.072,-0.687,-3.326,-9.325,-0.227,-2.838,7.21,-1.12,5.39
41192.0,-9.131,-0.507,-2.276,-9.725,-0.385,-2.233,-5.46,3.43,3.01
,-9.122,-0.78,-1.677,-9.502,-0.026,-3.034,-6.79,6.02,3.64
,-9.363,-1.005,-1.608,-9.072,-0.026,-3.482,-6.58,8.61,3.71
,-9.545,-1.05,-1.385,-8.713,-0.51,-3.826,-4.9,10.92,3.92
41268.0,-8.614,-1.34,-3.989,-9.201,-0.51,-3.549,-19.18,13.65,0.7
,-8.698,-1.639,-3.422,-8.952,-0.598,-3.233,-12.95,15.26,2.45
,-8.966,-1.299,-3.314,-8.971,-0.794,-3.089,-3.85,15.61,3.08
,-9.091,-0.806,-3.427,-9.136,-0.682,-2.898,2.59,15.33,2.52
41344.0,-9.483,-0.397,-3.563,-8.22,-0.706,-4.831,8.26,17.36,4.83
,-9.45,-0.062,-4.513,-8.626,-0.684,-4.831,6.44,15.82,4.27
,-8.911,0.045,-5.353,-8.873,-0.436,-5.339,2.24,15.33,4.13
,-8.478,-0.361,-6.028,-8.859,0.034,-5.377,-1.82,15.47,3.71
41419.0,-8.739,0.117,-5.15,-9.66,-0.258,-4.121,6.93,12.32,-0.56
,-8.538,-0.38,-4.123,-9.131,-0.373,-4.618,2.94,14.28,-0.7
,-8.942,-0.648,-2.927,-8.536,-0.782,-4.48,4.06,16.17,0.42
,-9.519,-0.538,-3.582,-8.67,-0.814,-4.128,5.39,14.0,-0.91
41495.0,-9.091,-0.593,-4.922,-8.256,-0.976,-3.955,3.36,10.43,-1.26
,-9.012,-0.057,-5.781,-8.906,-1.953,-3.644,5.11,6.65,-2.45
,-8.847,0.206,-5.631,-9.191,-2.3,-3.833,2.31,5.74,-2.66
,-8.299,-0.115,-5.049,-8.954,-2.627,-3.972,-3.64,7.0,-3.5
41570.0,-8.466,-2.759,-4.106,-9.414,-0.01,-5.456,1.4,10.85,3.01
,-8.275,-2.881,-3.836,-9.088,1.074,-5.731,7.0,13.79,7.07
,-8.708,-2.321,-3.597,-8.303,1.589,-5.75,15.12,15.33,10.29
,-9.414,-1.194,-4.523,-8.129,0.866,-4.946,23.31,11.83,11.41
41646.0,-8.756,-0.258,-4.48,-8.715,-2.103,-3.8,-4.06,6.65,3.43
,-9.062,-1.201,-4.456,-8.813,-1.692,-3.908,-7.28,5.25,2.45
,-8.969,-1.914,-4.092,-8.794,-1.122,-4.202,-5.11,5.74,3.08
,-8.679,-2.211,-3.869,-8.823,-0.493,-4.47,0.0,8.33,5.11
41722.0,-8.77,0.089,-5.004,-8.586,0.098,-4.625,19.39,8.61,11.62
,-8.698,0.294,-4.886,-8.892,-0.44,-4.302,16.66,8.82,10.36
,-8.698,0.689,-4.786,-9.026,-0.589,-4.195,12.67,7.91,8.82
,-8.483,0.536,-4.865,-9.103,-0.476,-4.255,7.07,8.4,7.35
41798.0,-8.806,-0.28,-4.539,-8.713,-0.148,-4.523,5.11,10.78,4.13
,-8.612,-0.055,-4.506,-8.827,0.206,-4.681,7.28,10.99,4.62
,-8.66,0.12,-4.513,-8.65,0.562,-4.838,7.28,10.92,4.76
,-8.67,0.098,-4.671,-8.82,0.936,-4.475,7.21,11.41,5.11
41874.0,-8.715,1.199,-4.585,-8.734,0.101,-4.767,6.65,10.22,-4.2
,-8.693,1.242,-4.556,-8.492,-0.584,-4.896,4.48,11.41,-6.44
,-8.892,0.943,-4.386,-8.5,-1.407,-4.953,2.52,11.76,-8.75
,-8.897,0.735,-4.535,-8.466,-2.108,-5.15,-0.28,10.78,-11.34
41949.0,-8.313,-2.525,-5.37,-8.586,-2.012,-5.044,10.15,11.69,-8.4
,-8.311,-2.661,-5.353,-8.323,-1.653,-5.056,16.24,11.55,-4.62
,-8.43,-2.79,-4.977,-8.466,-1.156,-4.932,20.44,10.15,-2.45
,-8.557,-2.422,-5.095,-8.476,-0.828,-4.953,23.8,8.26,-1.82
42025.0,-8.617,-0.369,-5.367,-8.131,-0.689,-5.317,22.33,10.92,1.47
,-8.464,-0.201,-5.571,-8.48,-0.907,-5.341,20.16,10.36,0.7
,-8.574,-0.101,-5.631,-8.878,-0.983,-5.465,17.71,9.73,0.14
,-8.311,-0.471,-5.508,-8.722,-0.983,-5.418,15.47,10.15,0.21
42101.0,-8.799,-0.888,-5.379,-8.38,-1.299,-5.42,21.28,9.24,-0.84
,-8.445,-1.132,-5.138,-8.579,-1.704,-5.039,21.0,8.75,-0.7
,-8.323,-0.94,-5.255,-8.358,-1.96,-4.946,21.35,7.77,-1.54
,-8.354,-0.857,-5.43,-8.241,-2.063,-4.913,19.81,6.93,-1.61
42177.0,-8.435,-2.221,-4.824,-8.507,-0.285,-5.552,18.48,8.47,5.32
,-8.303,-1.905,-4.927,-8.569,0.242,-5.87,19.53,8.47,6.37
,-8.184,-1.412,-5.272,-8.634,0.369,-5.925,21.35,8.54,6.79
,-8.591,-0.981,-5.255,-8.543,0.373,-5.812,21.77,8.05,6.79
42252.0,-8.356,-0.077,-5.774,-8.385,-1.208,-5.738,5.81,5.67,2.03
,-8.394,-0.67,-5.583,-8.241,-1.089,-5.774,1.82,6.86,2.03
,-8.354,-1.139,-5.482,-8.198,-0.914,-5.877,0.84,7.56,1.89
,-8.363,-1.194,-5.626,-8.241,-0.991,-5.994,0.98,7.28,1.96
42328.0,-8.33,-0.771,-6.023,-8.122,-1.51,-5.544,-1.89,7.63,1.47
,-8.454,-0.589,-5.999,-8.165,-1.338,-5.65,-2.8,8.26,1.19
,-8.435,-0.869,-5.798,-8.253,-1.158,-5.731,-5.04,8.82,1.26
,-8.287,-1.402,-5.559,-8.559,-0.974,-5.793,-7.84,9.45,1.54
42403.0,-8.452,-1.048,-5.537,-8.39,0.06,-5.81,-12.95,5.39,3.78
,-8.421,-0.744,-5.525,-8.457,0.12,-5.829,-12.53,4.2,3.5
,-8.387,-0.297,-5.743,-8.552,-0.27,-5.69,-12.67,2.59,3.36
,-8.323,0.002,-5.942,-8.591,-0.34,-5.765,-14.7,1.96,3.15
42479.0,-8.478,-0.369,-5.889,-8.215,-1.62,-5.958,-20.79,3.64,-0.77
,-8.227,-0.596,-6.009,-8.512,-1.773,-5.542,-19.32,4.27,-0.84
,-8.521,-0.864,-5.717,-8.344,-1.536,-5.681,-19.46,3.85,-1.61
,-8.397,-1.149,-6.066,-8.205,-1.366,-5.678,-19.81,2.59,-1.19
42555.0,-8.342,-1.173,-5.733,-8.272,-0.768,-5.841,-13.16,-3.08,3.57
,-8.2,-1.132,-5.879,-8.406,-0.83,-5.695,-12.53,-3.85,3.78
,-8.248,-0.957,-5.879,-8.378,-0.838,-5.669,-13.16,-3.36,4.83
,-8.184,-0.869,-5.855,-8.253,-0.806,-5.757,-13.23,-3.01,5.81
42631.0,-8.217,-0.936,-5.841,-8.449,-1.082,-5.468,-3.92,-3.99,5.32
,-8.275,-1.05,-5.676,-8.334,-0.979,-5.398,-2.38,-4.83,5.46
,-8.291,-1.216,-5.726,-8.289,-0.713,-5.465,-0.21,-6.02,4.97
,-8.361,-1.225,-5.54,-8.279,-0.546,-5.504,2.1,-7.56,4.41
42707.0,-8.423,-0.285,-5.597,-8.279,-0.134,-5.205,2.45,-12.67,4.9
,-8.323,-0.134,-5.547,-8.507,-0.189,-5.233,2.59,-12.11,4.9
,-8.294,-0.103,-5.427,-8.564,-0.213,-5.26,2.73,-12.04,4.13
,-8.272,-0.031,-5.334,-8.54,-0.335,-5.133,2.24,-11.13,4.2
42782.0,-8.296,-0.503,-5.063,-8.698,-0.565,-4.982,7.56,-8.61,3.99
,-8.368,-0.605,-5.169,-8.423,-0.701,-4.726,9.59,-8.33,3.99
,-8.449,-0.529,-5.116,-8.524,-0.849,-4.836,11.27,-8.61,4.27
,-8.579,-0.419,-5.03,-8.452,-0.471,-5.135,10.99,-9.59,4.06
42858.0,-8.653,-0.352,-5.334,-8.564,-0.254,-4.865,7.28,-11.41,3.43
,-8.595,-0.134,-5.291,-8.734,-0.548,-4.783,6.65,-11.97,3.22
,-8.485,-0.007,-5.15,-8.713,-0.634,-4.829,4.9,-11.97,3.15
,-8.392,-0.096,-4.92,-8.782,-0.526,-4.915,2.73,-11.9,2.66
42934.0,-8.655,-0.455,-4.915,-8.634,-0.208,-4.896,6.79,-13.3,1.61
,-8.547,-0.242,-5.025,-8.691,-0.196,-4.798,7.49,-13.79,1.82
,-8.629,-0.22,-4.975,-8.617,-0.407,-4.733,6.51,-13.72,1.61
,-8.624,-0.179,-4.891,-8.593,-0.491,-4.611,5.32,-14.0,0.63
43010.0,-8.689,-0.62,-4.659,-8.839,0.163,-4.611,2.17,-14.49,-0.14
,-8.739,-0.596,-4.618,-8.873,0.237,-4.731,4.76,-14.7,0.07
,-8.849,-0.287,-4.633,-8.983,0.357,-4.745,6.86,-15.33,-0.63
,-8.83,-0.036,-4.614,-8.868,0.335,-4.728,7.49,-14.98,-0.77
43085.0,-8.595,0.139,-4.666,-8.928,-0.419,-4.104,-4.55,-17.71,-6.72
,-8.634,-0.208,-4.336,-8.83,-0.503,-4.085,-5.39,-17.29,-7.21
,-8.799,-0.493,-4.178,-8.72,-0.828,-4.123,-5.32,-17.01,-7.42
,-8.947,-0.51,-4.252,-8.734,-1.101,-4.073,-4.9,-17.01,-7.98
43161.0,-8.861,-1.199,-4.068,-9.026,-0.481,-3.4,-1.05,-16.24,-6.16
,-9.074,-1.031,-3.9,-9.16,-0.373,-3.29,1.89,-15.89,-4.97
,-8.971,-0.835,-3.549,-9.213,-0.237,-3.372,2.94,-15.61,-5.32
,-9.045,-0.644,-3.436,-9.107,-0.316,-3.733,3.64,-14.77,-5.39
43236.0,-8.88,-0.634,-3.525,-9.186,-0.878,-3.427,-2.59,-12.74,-6.37
,-8.679,-1.046,-3.611,-9.335,-0.536,-3.283,-1.12,-11.55,-5.18
,-9.052,-1.323,-3.451,-9.237,-0.464,-3.429,3.29,-10.5,-4.06
,-9.129,-1.242,-3.24,-9.129,-0.459,-3.35,9.03,-9.66,-2.17
43312.0,-9.098,-0.491,-3.556,-9.194,-0.742,-2.927,4.06,-7.56,-3.92
,-9.005,-0.416,-3.549,-9.225,-0.926,-2.946,2.66,-7.21,-4.76
,-9.028,-0.333,-3.192,-9.261,-0.95,-2.871,0.56,-6.44,-5.11
,-9.129,-0.534,-3.128,-9.246,-1.01,-2.989,-2.66,-5.67,-5.46
43388.0,-9.203,-0.938,-3.238,-8.923,-1.132,-4.259,-1.26,-1.12,-4.41
,-9.241,-0.797,-3.707,-9.103,-1.122,-4.592,-1.47,-0.91,-4.27
,-9.012,-0.888,-3.987,-8.947,-0.756,-4.47,-3.29,-0.84,-4.06
,-8.854,-0.914,-4.104,-8.964,-0.651,-4.094,-2.8,-0.56,-2.94
43464.0,-9.179,-0.799,-3.869,-9.124,-0.763,-3.446,4.97,-2.31,-1.82
,-9.234,-0.682,-3.726,-9.225,-0.79,-3.479,5.81,-2.52,-1.33
,-9.217,-0.632,-3.704,-9.146,-0.689,-3.451,4.97,-2.8,-1.33
,-9.098,-0.725,-3.479,-9.213,-0.44,-3.592,3.57,-2.73,-1.54
43540.0,-9.1,-0.491,-3.345,-9.136,-0.816,-3.288,-1.54,-1.4,-3.22
,-9.083,-0.574,-3.183,-9.217,-0.895,-3.632,-3.22,-0.77,-3.36
,-9.256,-0.665,-3.35,-9.052,-0.967,-3.618,-4.34,-0.28,-3.64
,-9.21,-0.849,-3.302,-9.043,-0.878,-3.376,-4.2,0.21,-3.15
43615.0,-9.203,-0.885,-3.546,-9.409,-0.964,-3.534,1.82,2.94,-1.96
,-9.201,-0.94,-3.362,-9.189,-0.804,-3.838,2.38,3.15,-1.47
,-9.234,-0.885,-3.195,-8.99,-0.916,-4.176,1.96,3.85,-0.91
,-9.328,-0.993,-3.288,-8.902,-1.223,-4.369,0.91,4.48,-1.12
43691.0,-8.825,-1.254,-4.281,-9.241,-0.546,-3.929,0.49,3.43,-0.91
,-8.964,-1.125,-4.123,-9.17,-0.491,-4.322,3.29,3.43,-0.07
,-9.105,-1.022,-4.056,-9.021,-0.675,-4.547,4.62,3.08,0.28
,-9.179,-0.838,-3.85,-8.796,-0.89,-4.422,5.18,2.94,0.63
43767.0,-8.923,-1.206,-4.156,-9.127,-0.919,-3.556,1.68,-0.28,-0.07
,-9.088,-1.228,-3.893,-9.079,-1.096,-3.434,3.92,-0.7,0.49
,-9.251,-0.974,-3.733,-9.1,-1.299,-3.302,5.32,-0.7,0.77
,-9.244,-0.802,-3.678,-9.201,-1.101,-3.372,4.48,-0.91,0.56
43843.0,-9.268,-0.914,-3.422,-9.182,-0.976,-3.553,6.65,1.26,1.89
,-9.241,-0.711,-3.556,-9.172,-0.83,-3.709,6.16,1.68,1.89
,-9.172,-0.926,-3.431,-9.203,-0.658,-3.96,4.48,2.03,1.89
,-9.119,-1.031,-3.427,-9.067,-0.677,-4.113,4.48,2.73,2.03
43918.0,-8.964,-0.747,-4.101,-9.146,-0.811,-3.824,4.34,2.24,1.82
,-8.995,-0.878,-4.168,-9.198,-0.713,-3.855,4.97,2.24,2.1
,-9.079,-0.952,-4.135,-9.227,-0.639,-3.853,6.51,1.61,2.38
,-9.079,-0.897,-3.996,-9.081,-0.634,-3.704,8.26,1.4,2.73
43994.0,-9.074,-0.83,-3.699,-9.194,-0.763,-3.585,3.01,1.33,1.12
,-9.196,-0.993,-3.64,-9.146,-0.771,-3.542,3.15,1.54,1.12
,-9.148,-0.895,-3.463,-9.134,-0.814,-3.613,3.78,1.61,1.54
,-9.15,-0.804,-3.496,-9.146,-0.94,-3.731,3.64,1.68,1.61
44069.0,-9.081,-1.005,-3.857,-9.134,-0.826,-3.929,-0.49,2.73,0.63
,-8.952,-1.187,-3.951,-9.222,-0.605,-3.97,0.14,2.87,0.84
,-9.052,-1.113,-4.011,-9.174,-0.581,-4.034,2.52,2.73,1.33
,-9.139,-0.967,-4.07,-9.088,-0.696,-3.996,4.55,2.59,1.96
44145.0,-9.112,-0.833,-4.015,-9.122,-0.835,-3.896,0.56,1.33,1.33
,-9.012,-1.039,-4.092,-9.153,-0.725,-3.829,1.26,1.12,1.47
,-8.954,-0.986,-4.003,-9.131,-0.773,-3.877,3.08,0.91,1.96
,-9.064,-0.919,-3.865,-9.019,-0.861,-3.769,3.64,0.77,2.1
44221.0,-9.074,-0.809,-3.723,-9.194,-0.809,-3.463,0.21,0.35,1.4
,-9.105,-0.771,-3.738,-9.201,-0.9,-3.465,-0.07,0.42,1.19
,-9.088,-0.713,-3.635,-9.22,-0.833,-3.668,-0.56,0.42,1.12
,-9.086,-0.732,-3.522,-9.127,-0.79,-3.754,-1.05,0.7,1.19
44297.0,-9.115,-0.821,-3.759,-9.11,-0.895,-3.733,-0.28,1.89,1.82
,-9.016,-0.735,-3.802,-9.237,-0.993,-3.661,-0.21,1.96,1.68
,-9.091,-0.806,-3.802,-9.217,-0.905,-3.707,-0.49,1.96,1.61
,-9.117,-0.852,-3.745,-9.177,-0.818,-3.762,-0.56,2.17,1.89
44372.0,-9.107,-0.861,-3.676,-9.411,-0.297,-3.994,0.0,1.89,2.24
,-9.021,-0.883,-3.534,-9.186,-0.141,-4.166,-0.07,1.96,2.45
,-9.22,-0.933,-3.465,-9.024,-0.316,-4.341,-0.21,2.1,2.17
,-9.43,-0.708,-3.676,-8.887,-0.771,-4.346,-0.49,1.26,1.05
44448.0,-8.844,-1.168,-3.91,-9.1,-0.498,-3.364,-14.28,-2.45,-0.21
,-8.892,-1.22,-3.491,-8.976,-0.431,-3.187,-9.52,-2.03,0.7
,-9.28,-1.106,-3.63,-9.198,-0.888,-2.379,-6.23,-2.31,0.42
,-9.347,-0.778,-3.57,-9.562,-0.972,-2.654,-6.23,-3.15,-0.21
44524.0,-9.349,-0.864,-2.924,-9.06,-1.022,-3.333,-10.29,1.4,2.03
,-9.124,-0.663,-3.154,-9.167,-1.201,-3.637,-8.61,2.59,2.38
,-9.019,-0.591,-3.178,-8.988,-1.034,-4.133,-8.96,3.92,2.17
,-9.122,-0.787,-3.355,-8.808,-0.993,-3.812,-9.73,5.74,2.52
44600.0,-9.016,-0.785,-4.128,-9.117,-0.677,-3.625,0.42,6.58,3.99
,-8.801,-0.89,-3.563,-8.854,-0.684,-3.687,2.17,7.84,4.69
,-9.275,-0.785,-3.314,-8.827,-1.019,-3.206,5.18,8.82,5.32
,-9.27,-0.725,-3.393,-8.873,-1.127,-2.089,6.58,8.26,4.27
44676.0,-9.323,-0.426,-1.79,-8.509,0.292,-5.544,19.04,18.97,7.77
,-9.596,0.364,-2.855,-8.177,-0.859,-5.162,20.72,16.59,5.6
,-9.67,0.983,-3.434,-8.303,-1.539,-4.046,16.73,13.37,4.27
,-9.39,0.993,-4.915,-8.82,-1.718,-3.687,6.72,11.06,3.36
44751.0,-9.244,-1.362,-3.848,-9.0,-0.404,-3.96,13.65,16.38,2.52
,-9.299,-0.936,-3.857,-9.016,-0.294,-4.185,16.03,15.96,2.66
,-9.028,-0.617,-4.087,-8.815,-0.4,-4.185,14.84,16.03,3.43
,-8.722,-0.56,-3.807,-8.593,-0.553,-3.903,13.09,17.5,4.2
44827.0,-8.878,-0.421,-3.845,-8.009,-0.321,-5.439,11.27,20.58,5.53
,-9.411,0.175,-4.417,-7.746,-1.831,-4.64,14.63,17.36,4.13
,-9.593,0.486,-5.394,-8.536,-2.742,-4.212,13.79,13.23,2.52
,-9.098,0.529,-5.733,-8.909,-2.785,-4.207,8.47,10.08,1.12
44902.0,-8.878,-2.044,-4.223,-8.928,0.38,-4.977,18.13,15.89,6.86
,-8.708,-1.33,-4.434,-8.885,0.806,-5.219,22.82,16.8,8.4
,-8.708,-0.692,-4.267,-8.717,0.598,-5.152,22.33,17.08,9.31
,-8.851,-0.072,-4.582,-8.655,-0.034,-4.841,20.09,16.38,9.87
44978.0,-8.799,-0.964,-4.633,-8.483,-1.232,-4.389,-0.07,15.4,5.6
,-8.959,-1.457,-4.46,-8.696,-0.94,-4.523,1.33,14.56,6.09
,-8.768,-1.701,-4.575,-8.813,-0.957,-4.903,4.76,14.28,7.14
,-8.492,-1.591,-4.511,-8.861,-0.531,-5.095,9.38,15.05,8.33
45054.0,-8.727,0.407,-5.3,-8.835,-0.208,-4.707,17.15,11.55,10.01
,-8.37,0.893,-5.363,-8.732,-0.567,-4.724,13.65,11.48,7.49
,-8.421,0.79,-5.164,-8.643,-0.878,-4.728,6.3,11.62,5.04
,-8.588,0.347,-4.97,-8.636,-1.031,-4.508,-0.56,11.06,3.71
45130.0,-8.82,-0.931,-4.81,-8.449,1.582,-5.638,5.04,13.44,5.18
,-8.94,-0.213,-4.996,-8.521,1.618,-5.69,12.95,11.27,3.71
,-8.708,0.749,-5.449,-8.705,1.488,-5.351,19.18,9.52,2.66
,-8.54,1.314,-5.508,-8.909,0.969,-5.016,20.37,7.56,0.63
45205.0,-8.605,0.306,-4.666,-8.483,-1.472,-5.485,2.17,10.36,-9.03
,-8.43,-0.325,-4.468,-8.416,-1.491,-5.635,1.12,11.55,-9.8
,-8.598,-0.814,-4.391,-8.373,-1.039,-5.922,2.52,11.13,-8.68
,-8.536,-1.065,-5.09,-8.184,-0.651,-6.083,5.46,8.89,-8.05
45281.0,-8.409,-0.61,-5.7,-8.528,-1.886,-5.217,16.38,5.25,-8.12
,-8.27,-0.536,-5.753,-8.66,-2.175,-5.176,13.86,4.2,-8.68
,-8.447,-0.715,-5.585,-8.603,-2.182,-5.217,9.8,4.69,-7.35
,-8.399,-1.302,-5.336,-8.514,-1.826,-5.2,5.53,5.32,-5.25
45356.0,-8.38,-1.007,-5.487,-8.406,-0.505,-5.645,17.57,2.66,-3.78
,-8.287,-0.177,-5.705,-8.404,-1.22,-5.475,19.32,1.19,-4.97
,-8.349,0.179,-5.903,-8.306,-1.862,-5.267,17.43,1.26,-4.9
,-8.423,-0.024,-5.729,-8.571,-2.266,-4.862,14.21,1.12,-4.76
45432.0,-8.624,-2.515,-4.733,-8.165,-0.893,-5.102,14.91,2.87,1.12
,-8.617,-2.118,-4.745,-8.552,-0.474,-5.542,17.71,-0.28,1.19
,-8.457,-1.725,-4.649,-8.571,-0.447,-5.319,18.9,-0.77,1.82
,-8.356,-1.359,-4.671,-8.557,-0.522,-5.229,17.99,-1.26,3.01
45508.0,-8.411,-0.459,-5.37,-8.557,-1.149,-5.532,11.55,-3.22,3.57
,-8.411,-0.342,-5.547,-8.667,-1.194,-5.549,9.38,-3.01,3.5
,-8.313,-0.536,-5.544,-8.629,-0.972,-5.635,7.77,-1.19,3.99
,-8.442,-0.945,-5.492,-8.442,-1.146,-5.355,6.65,0.42,4.2
45584.0,-8.234,-1.144,-5.492,-8.538,-0.986,-4.932,4.9,0.84,6.58
,-8.215,-1.084,-5.382,-8.473,-0.646,-4.96,4.27,1.75,6.58
,-8.452,-1.029,-5.133,-8.208,-0.732,-5.231,3.29,3.08,6.23
,-8.574,-1.079,-5.011,-8.315,-0.601,-5.284,2.59,4.62,6.02
45660.0,-8.564,-0.361,-5.348,-8.397,-0.55,-5.307,-3.85,3.29,5.95
,-8.725,-0.23,-5.164,-8.399,-0.488,-5.331,-6.23,2.94,5.04
,-8.667,-0.239,-5.114,-8.473,-0.251,-5.642,-8.96,3.57,3.99
,-8.507,-0.292,-5.329,-8.631,-0.414,-5.403,-11.41,4.13,3.43
45735.0,-8.708,-0.342,-5.365,-8.638,-0.431,-5.559,-16.87,5.74,2.1
,-8.595,-0.132,-5.528,-8.619,-0.596,-5.798,-17.36,5.53,2.03
,-8.454,-0.275,-5.559,-8.536,-0.483,-5.808,-19.25,6.02,2.52
,-8.445,-0.4,-5.54,-8.385,-0.613,-5.781,-20.23,5.95,3.15
45811.0,-8.392,-1.06,-5.592,-8.559,-1.046,-5.659,-20.65,3.57,4.13
,-8.504,-1.46,-5.52,-8.33,-0.986,-5.681,-20.72,3.43,4.83
,-8.576,-1.668,-5.427,-8.189,-0.921,-5.729,-18.06,3.22,6.09
,-8.792,-1.598,-5.367,-8.311,-1.151,-5.748,-15.19,2.52,7.28
45887.0,-8.289,-1.165,-5.652,-8.6,-0.22,-5.339,-14.7,-0.35,10.43
,-8.284,-0.847,-5.659,-8.655,-0.235,-5.169,-12.6,-0.84,11.41
,-8.325,-0.498,-5.468,-8.543,-0.031,-5.252,-9.94,-1.19,11.55
,-8.452,-0.112,-5.48,-8.751,-0.005,-5.205,-9.31,-2.38,10.78
45963.0,-8.641,0.266,-5.272,-8.184,0.098,-5.544,-4.2,-2.45,7.49
,-8.701,0.235,-5.365,-8.232,-0.141,-5.453,-2.17,-3.57,6.09
,-8.626,0.23,-5.504,-8.61,-0.246,-5.482,-1.33,-6.65,4.83
,-8.306,0.302,-5.592,-8.653,-0.105,-5.52,-1.19,-7.84,3.36
46038.0,-8.363,0.079,-5.528,-8.636,-0.235,-5.231,4.41,-8.89,0.56
,-8.277,0.115,-5.372,-8.629,-0.302,-5.269,3.15,-7.98,0.7
,-8.38,0.053,-5.257,-8.433,-0.101,-5.406,1.26,-6.93,1.33
,-8.658,-0.134,-5.322,-8.191,0.034,-5.317,0.07,-6.65,1.82
46114.0,-8.172,-0.065,-5.114,-8.545,-0.503,-4.539,2.45,-7.84,2.03
,-8.363,-0.682,-4.953,-8.524,-0.101,-4.7,1.61,-6.79,2.03
,-8.971,-0.792,-4.353,-8.638,0.184,-4.618,0.35,-7.42,1.75
,-8.777,-0.826,-4.326,-8.689,0.4,-4.573,2.94,-8.26,2.59
46189.0,-8.634,0.45,-4.635,-8.78,0.053,-4.652,6.09,-7.91,3.64
,-8.54,0.481,-4.554,-8.902,0.055,-4.625,4.48,-6.86,3.29
,-8.445,0.416,-4.673,-8.871,0.218,-4.712,2.59,-6.16,2.45
,-8.526,0.194,-4.666,-8.667,0.275,-4.853,1.61,-5.53,1.68
46265.0,-8.49,0.244,-4.891,-8.83,0.191,-5.095,2.38,-7.98,-1.96
,-8.521,0.184,-4.752,-8.722,0.196,-5.164,1.4,-7.49,-1.96
,-8.681,0.093,-4.678,-8.626,0.172,-5.044,0.7,-7.7,-2.66
,-8.882,0.129,-4.831,-8.562,-0.002,-4.958,0.0,-8.61,-3.64
46341.0,-8.636,-0.045,-4.92,-8.674,-0.651,-4.879,-5.32,-10.22,-6.37
,-8.746,-0.364,-4.941,-8.701,-0.488,-4.733,-5.04,-10.36,-6.86
,-8.734,-0.62,-4.791,-8.854,-0.225,-4.786,-4.2,-11.27,-6.72
,-8.732,-0.601,-4.949,-8.954,0.148,-4.712,-2.31,-11.83,-6.23
46417.0,-8.696,0.12,-4.781,-8.835,-0.766,-3.91,0.35,-14.98,-6.02
,-8.763,0.029,-4.721,-9.043,-0.816,-4.001,-3.08,-15.54,-6.86
,-8.624,-0.278,-4.48,-8.978,-0.699,-4.087,-5.11,-15.33,-7.14
,-8.593,-0.522,-4.24,-8.954,-0.498,-4.116,-4.9,-14.98,-7.07
46493.0,-8.746,-0.536,-4.355,-8.789,-0.256,-4.623,1.89,-15.68,-5.18
,-8.892,-0.445,-4.171,-8.665,-0.397,-4.089,3.22,-15.61,-5.04
,-8.911,-0.325,-4.073,-8.818,-0.706,-3.96,5.11,-15.68,-4.83
,-8.993,-0.16,-4.448,-9.143,-0.878,-4.008,4.13,-16.66,-5.81
46568.0,-9.158,-0.538,-3.886,-9.239,-0.249,-3.046,7.63,-16.17,-3.99
,-8.988,-0.031,-3.819,-9.186,-0.06,-2.946,8.61,-16.24,-3.22
,-9.062,0.024,-3.431,-9.239,0.002,-3.3,7.63,-15.47,-3.08
,-9.179,-0.208,-3.216,-9.167,-0.103,-3.515,6.65,-14.77,-3.36
46644.0,-9.024,-0.203,-3.826,-9.11,-0.534,-3.015,0.35,-13.37,-6.23
,-8.837,-0.431,-3.786,-9.378,-0.376,-2.967,-1.4,-13.37,-6.58
,-8.89,-0.596,-3.783,-9.493,-0.225,-3.12,-0.91,-12.67,-6.23
,-9.069,-0.754,-3.618,-9.289,-0.39,-3.525,0.21,-12.39,-6.58
46720.0,-9.019,-0.689,-3.187,-9.299,-0.66,-3.295,-7.07,-9.66,-7.21
,-9.033,-0.919,-3.173,-9.196,-0.452,-3.257,-6.02,-8.47,-6.58
,-9.141,-1.184,-2.953,-9.296,-0.531,-3.585,-2.73,-7.14,-5.39
,-9.296,-0.967,-3.089,-9.244,-0.665,-3.829,0.91,-6.65,-4.62
46796.0,-9.033,-0.553,-3.702,-9.318,-0.531,-3.47,-0.21,-5.18,-4.13
,-8.99,-0.287,-3.994,-9.189,-0.481,-3.496,2.94,-4.97,-3.64
,-9.158,-0.464,-3.666,-9.215,-0.72,-3.403,3.57,-4.76,-3.01
,-9.311,-0.548,-3.69,-9.146,-0.828,-3.111,4.41,-4.55,-2.38
46871.0,-9.253,-0.833,-3.211,-9.174,-1.015,-2.8,5.6,-3.57,-1.54
,-9.349,-0.945,-3.154,-9.28,-0.926,-2.565,5.6,-3.01,-1.61
,-9.261,-0.816,-3.233,-9.541,-0.605,-2.766,5.46,-2.31,-1.26
,-9.158,-0.861,-2.965,-9.454,-0.297,-3.017,4.83,-1.47,-0.77
46947.0,-9.258,-0.275,-3.123,-9.249,-0.469,-3.807,3.5,2.87,-0.07
,-9.225,-0.402,-3.475,-9.177,-0.651,-3.707,2.66,3.29,-0.28
,-9.184,-0.584,-3.549,-9.146,-0.73,-3.625,2.73,3.29,-0.35
,-9.083,-0.529,-3.659,-9.237,-0.881,-3.427,4.2,3.36,-0.07
47022.0,-9.265,-0.816,-3.412,-9.079,-0.881,-3.51,5.74,3.36,0.0
,-9.292,-0.73,-3.453,-9.179,-0.926,-3.393,5.25,3.36,-0.28
,-9.227,-0.718,-3.632,-9.261,-0.754,-3.396,4.41,3.29,-0.56
,-9.103,-0.761,-3.62,-9.423,-0.517,-3.589,3.99,3.36,-0.35
47098.0,-9.263,-0.388,-3.685,-9.107,-0.641,-3.869,8.47,3.92,1.75
,-9.124,-0.505,-3.74,-9.146,-0.675,-3.769,7.0,3.78,1.4
,-9.196,-0.613,-3.824,-9.251,-0.804,-3.62,6.3,3.64,1.05
,-9.189,-0.584,-3.96,-9.287,-0.701,-3.424,5.88,3.5,0.7
47174.0,-9.363,-0.491,-3.479,-9.17,-0.914,-3.747,5.95,3.08,0.77
,-9.28,-0.445,-3.635,-9.182,-0.759,-3.733,4.97,2.94,0.56
,-9.196,-0.519,-3.692,-9.21,-0.57,-3.747,3.43,2.8,0.28
,-9.131,-0.701,-3.752,-9.261,-0.55,-3.644,2.87,2.87,0.28
47250.0,-9.301,-0.452,-3.668,-9.143,-0.835,-3.893,3.99,2.31,0.28
,-9.215,-0.503,-3.719,-9.045,-0.792,-3.814,2.94,1.89,-0.14
,-9.148,-0.541,-3.793,-9.139,-0.79,-3.68,2.45,1.89,-0.28
,-9.186,-0.742,-3.867,-9.27,-0.672,-3.57,2.1,1.75,-0.35
47326.0,-9.261,-0.538,-3.451,-9.165,-0.885,-3.597,4.13,1.4,-0.07
,-9.287,-0.548,-3.544,-9.131,-0.845,-3.601,3.22,1.4,-0.35
,-9.201,-0.656,-3.52,-9.136,-0.811,-3.455,2.31,1.47,-0.42
,-9.117,-0.751,-3.613,-9.251,-0.775,-3.384,2.17,1.61,-0.35
47401.0,-9.296,-0.754,-3.443,-9.136,-0.79,-3.795,2.03,2.59,-0.21
,-9.261,-0.749,-3.448,-9.131,-0.663,-3.754,1.26,2.66,-0.42
,-9.186,-0.699,-3.553,-9.172,-0.634,-3.771,0.35,2.8,-0.7
,-9.184,-0.725,-3.707,-9.203,-0.617,-3.678,0.14,3.08,-0.63
47477.0,-9.186,-0.634,-3.654,-9.136,-0.945,-3.711,3.01,2.52,0.07
,-9.217,-0.689,-3.738,-9.074,-0.981,-3.735,2.31,2.31,-0.28
,-9.148,-0.675,-3.623,-9.184,-0.933,-3.652,2.1,2.38,-0.49
,-9.146,-0.759,-3.683,-9.225,-0.794,-3.441,1.54,2.45,-0.63
47553.0,-9.277,-0.615,-3.563,-9.155,-0.878,-3.79,3.64,2.8,0.28
,-9.294,-0.505,-3.64,-9.117,-0.826,-3.798,2.52,2.73,0.0
,-9.158,-0.522,-3.599,-9.167,-0.744,-3.697,0.84,2.87,-0.21
,-9.139,-0.632,-3.783,-9.189,-0.692,-3.711,-0.28,3.01,-0.35
47629.0,-9.17,-0.648,-3.735,-9.081,-1.098,-3.977,0.77,2.38,0.14
,-9.139,-0.692,-3.807,-9.107,-0.969,-3.967,0.07,2.24,0.0
,-9.117,-0.89,-3.855,-9.165,-0.821,-4.058,-0.49,1.96,0.0
,-9.055,-1.048,-3.9,-9.105,-0.725,-4.137,-0.07,1.82,0.35
47704.0,-9.134,-0.732,-4.113,-9.191,-0.768,-3.494,5.74,0.07,1.68
,-9.158,-0.811,-4.068,-9.215,-0.811,-3.398,5.6,-0.42,1.26
,-9.177,-0.833,-3.865,-9.189,-0.842,-3.324,5.81,-0.7,1.05
,-9.127,-0.761,-3.683,-9.201,-0.809,-3.238,6.3,-0.7,1.26
47780.0,-9.217,-0.782,-3.149,-9.263,-0.44,-3.458,7.21,1.05,2.59
,-9.311,-0.739,-3.077,-9.198,-0.419,-3.63,6.16,1.68,2.31
,-9.371,-0.663,-3.223,-9.172,-0.675,-3.671,5.04,2.17,1.82
,-9.361,-0.486,-3.384,-9.182,-0.787,-3.467,3.57,2.17,1.4
47855.0,-9.22,-0.89,-3.467,-9.562,-0.503,-2.242,-6.02,1.54,-1.47
,-9.083,-0.938,-3.113,-9.677,-0.266,-2.723,-6.44,1.96,-1.75
,-9.074,-0.761,-2.639,-9.531,-0.172,-3.805,-6.02,3.22,-1.33
,-9.249,-0.546,-2.405,-8.863,-0.584,-4.025,-6.16,4.76,-0.98
47931.0,-8.622,-1.149,-3.941,-9.325,-0.61,-2.97,-18.06,6.51,-1.68
,-8.813,-1.443,-3.9,-9.335,-0.402,-3.601,-14.42,7.21,-1.05
,-9.045,-1.5,-3.314,-9.241,-0.608,-3.86,-7.77,7.77,-0.21
,-9.012,-1.165,-2.924,-9.124,-0.936,-4.336,-0.77,8.19,0.77
48007.0,-8.832,-1.575,-4.259,-9.194,0.007,-3.68,1.19,11.13,7.7
,-8.782,-1.878,-3.829,-9.167,0.531,-3.97,7.0,12.74,10.15
,-9.107,-1.62,-3.9,-8.971,0.4,-3.934,15.26,12.53,10.29
,-9.179,-0.979,-3.814,-8.947,-0.196,-4.001,20.51,11.48,9.31
48083.0,-8.871,-0.711,-3.869,-9.134,-0.433,-3.056,-6.23,9.24,3.78
,-8.906,-0.864,-3.609,-9.253,-0.519,-3.788,-3.99,10.29,3.85
,-8.952,-0.646,-3.709,-9.215,-0.534,-3.312,-0.63,10.64,3.78
,-8.914,-0.548,-3.482,-9.378,-0.22,-4.156,0.91,11.55,3.92
48158.0,-9.086,-0.01,-4.843,-8.571,-1.177,-3.348,1.54,8.89,2.17
,-8.942,0.208,-4.963,-9.019,-1.292,-3.022,0.0,8.12,1.47
,-8.646,-0.081,-4.64,-9.337,-1.041,-3.297,-2.45,9.31,0.84
,-8.531,-0.692,-4.056,-9.158,-0.84,-3.759,-3.5,11.34,0.7
48234.0,-8.772,-1.144,-3.62,-9.165,-1.256,-3.879,3.15,15.82,4.41
,-8.614,-1.529,-3.218,-8.796,-0.94,-4.463,3.15,18.13,6.3
,-8.933,-1.814,-3.262,-8.495,-0.452,-4.401,5.39,19.04,7.98
,-9.162,-1.785,-3.369,-8.354,-0.445,-4.31,8.4,18.34,9.24
48310.0,-8.641,-0.091,-4.156,-8.339,0.323,-4.946,11.62,18.13,8.82
,-9.253,0.397,-4.312,-8.131,-0.493,-4.403,12.11,17.01,6.79
,-9.38,0.766,-4.86,-8.6,-0.847,-4.209,9.45,14.56,4.48
,-8.988,0.871,-5.066,-9.067,-0.785,-4.499,4.2,13.51,2.87
48386.0,-9.251,-0.715,-4.633,-8.818,-0.787,-4.908,7.28,16.52,1.75
,-8.918,-0.536,-4.63,-8.796,-1.036,-5.164,7.63,16.8,1.89
,-8.514,-0.483,-4.468,-8.614,-0.888,-5.02,5.81,17.57,2.24
,-8.519,-0.694,-4.413,-8.244,-0.778,-4.949,2.8,18.34,3.43
48462.0,-8.524,-0.447,-4.556,-8.619,0.354,-5.176,2.87,17.29,5.18
,-8.856,-0.16,-4.848,-8.406,-0.029,-5.255,3.08,16.38,5.46
,-8.837,0.057,-5.066,-8.562,-0.352,-5.095,2.24,15.47,4.9
,-8.713,0.232,-5.121,-8.538,-0.503,-5.15,1.26,15.19,4.2
48537.0,-8.538,-0.232,-5.248,-8.88,0.586,-4.982,5.74,15.61,3.64
,-8.509,0.151,-5.221,-8.696,0.672,-5.116,8.54,16.1,3.64
,-8.725,0.455,-5.08,-8.528,0.684,-5.31,9.03,15.61,2.59
,-8.871,0.572,-5.011,-8.349,0.72,-5.401,7.77,14.35,0.77
48613.0,-8.313,0.498,-5.24,-8.524,-0.928,-4.965,-3.85,11.2,-7.28
,-8.39,0.156,-4.992,-8.435,-1.438,-4.623,-4.34,12.88,-7.77
,-8.569,-0.258,-4.944,-8.459,-1.646,-4.724,-2.8,13.02,-8.61
,-8.614,-0.498,-4.965,-8.447,-1.711,-4.817,-1.54,12.53,-8.68
48688.0,-8.61,-1.455,-5.049,-7.999,-0.392,-5.966,18.34,14.98,-3.71
,-8.624,-1.22,-5.229,-8.165,-0.694,-5.803,21.49,12.88,-3.92
,-8.334,-0.584,-5.616,-8.473,-0.95,-5.908,21.98,10.71,-4.69
,-8.138,-0.313,-5.922,-8.464,-0.95,-6.001,21.0,10.43,-3.22
48764.0,-8.545,-1.043,-5.882,-8.612,-1.158,-5.573,15.82,10.85,-1.12
,-8.179,-1.048,-5.977,-8.586,-0.519,-5.729,16.17,11.06,-0.42
,-7.904,-1.285,-5.851,-8.411,-0.17,-5.774,16.17,12.18,0.35
,-8.009,-1.445,-5.609,-8.21,-0.074,-5.808,17.99,12.46,0.56
48840.0,-8.26,-0.158,-5.8,-8.382,-1.445,-5.781,14.49,5.67,-4.62
,-8.318,-0.625,-5.705,-8.478,-1.515,-5.743,11.9,6.37,-4.34
,-8.516,-0.976,-5.659,-8.277,-1.419,-5.827,11.69,5.25,-3.85
,-8.495,-1.285,-5.683,-8.107,-1.204,-6.049,12.6,3.71,-3.22
48916.0,-8.081,-0.859,-6.176,-8.277,-2.13,-5.463,22.33,-0.91,-0.49
,-8.148,-0.933,-6.248,-8.193,-1.718,-5.695,21.0,-0.42,0.35
,-8.126,-1.405,-6.114,-8.153,-1.584,-5.575,18.55,0.49,2.1
,-8.212,-2.082,-5.738,-8.382,-1.108,-5.468,18.06,1.68,3.85
48991.0,-8.361,-0.706,-5.602,-8.404,-0.912,-5.252,18.06,-3.29,6.58
,-8.363,-0.656,-5.607,-8.234,-1.031,-5.243,15.05,-2.59,6.3
,-8.397,-0.68,-5.171,-8.368,-0.933,-5.418,13.16,-2.03,6.02
,-8.394,-0.603,-5.427,-8.382,-0.873,-5.47,11.83,-2.52,6.23
49067.0,-8.485,-0.981,-5.355,-8.591,-0.838,-4.841,7.98,-1.68,7.21
,-8.222,-0.859,-5.394,-8.062,-0.849,-5.068,8.96,-1.19,6.93
,-8.311,-0.651,-5.499,-8.086,-0.584,-5.367,9.52,-0.49,6.16
,-8.67,-0.634,-5.121,-8.368,-0.306,-5.418,7.77,0.0,5.81
49143.0,-8.308,-0.529,-5.43,-8.272,-0.828,-5.284,0.28,0.77,3.78
,-8.437,-0.648,-5.398,-8.358,-0.916,-5.169,0.07,1.96,3.22
,-8.557,-0.72,-5.217,-8.301,-0.931,-5.319,-0.56,2.45,2.87
,-8.44,-0.761,-5.202,-8.179,-1.45,-5.217,-2.1,2.31,2.38
49219.0,-8.323,-1.615,-5.262,-8.306,-1.295,-5.334,-7.63,2.8,2.1
,-8.339,-1.505,-5.516,-8.397,-1.031,-5.453,-7.07,3.15,3.5
,-8.363,-1.496,-5.662,-8.557,-0.715,-5.441,-7.14,3.85,4.9
,-8.406,-1.407,-5.48,-8.366,-0.615,-5.195,-7.77,4.55,6.02
49295.0,-8.277,-0.242,-5.377,-8.638,1.196,-5.772,-10.29,3.15,7.07
,-8.332,0.115,-5.43,-8.48,0.957,-5.853,-10.01,3.29,6.23
,-8.571,0.778,-5.676,-8.397,0.304,-5.69,-8.96,2.38,4.97
,-8.641,1.146,-5.839,-8.351,-0.378,-5.499,-11.2,1.33,3.36
49370.0,-8.394,-0.974,-5.631,-8.246,-1.689,-5.709,-23.87,2.8,-0.49
,-8.354,-1.5,-5.482,-8.299,-1.565,-5.863,-21.63,2.73,1.19
,-8.354,-1.692,-5.571,-8.279,-1.433,-5.932,-18.83,2.38,2.73
,-8.354,-1.788,-5.583,-8.222,-1.254,-5.834,-16.17,1.26,3.92
49446.0,-8.208,-1.125,-5.702,-8.581,-0.768,-5.58,-13.09,-1.19,9.52
,-8.327,-1.01,-5.587,-8.27,-0.402,-5.882,-13.79,-0.35,10.85
,-8.492,-1.007,-5.504,-8.136,-0.151,-5.891,-14.77,-0.42,11.48
,-8.507,-1.01,-5.403,-8.311,-0.079,-5.92,-15.19,-0.77,11.9
49521.0,-8.646,-0.134,-5.779,-8.155,-0.165,-5.523,-5.67,-6.65,9.17
,-8.598,-0.263,-5.573,-8.65,-0.115,-5.451,-5.32,-7.49,8.19
,-8.277,-0.175,-5.64,-8.61,0.053,-5.573,-3.5,-7.0,7.63
,-8.069,-0.218,-5.75,-8.531,0.151,-5.497,-2.17,-6.86,7.07
49597.0,-8.198,0.184,-5.394,-8.361,0.366,-5.288,3.15,-8.68,3.92
,-8.22,0.098,-5.205,-8.378,0.476,-5.37,1.89,-7.98,3.57
,-8.524,0.017,-5.181,-8.49,0.596,-5.044,1.68,-7.98,2.73
,-8.691,0.098,-5.243,-8.538,0.57,-5.044,3.01,-9.03,1.89
49673.0,-8.545,0.51,-4.841,-8.473,-0.208,-4.676,-0.98,-11.27,-2.73
,-8.54,0.428,-4.781,-8.818,-0.304,-4.566,-1.75,-10.57,-2.59
,-8.473,0.313,-4.798,-8.696,-0.34,-4.838,-2.87,-9.73,-2.03
,-8.454,0.057,-4.743,-8.586,-0.108,-4.829,-3.08,-8.82,-1.82
49749.0,-8.411,-0.045,-4.824,-8.758,-0.268,-4.755,2.24,-8.47,-4.76
,-8.413,-0.062,-4.759,-8.603,-0.246,-4.975,2.8,-7.56,-4.13
,-8.373,-0.122,-4.793,-8.425,-0.359,-5.087,3.01,-7.07,-4.2
,-8.586,-0.227,-4.779,-8.564,-0.452,-5.24,2.31,-6.3,-4.13
49824.0,-8.512,-0.479,-5.231,-8.612,-0.294,-4.946,2.94,-6.79,-2.87
,-8.672,-0.455,-5.145,-8.576,-0.23,-5.018,4.48,-7.0,-3.15
,-8.686,-0.309,-5.209,-8.607,-0.275,-4.96,4.48,-7.49,-3.43
,-8.571,-0.33,-5.051,-8.705,-0.266,-4.92,2.8,-7.91,-3.29
49900.0,-8.763,-0.33,-4.941,-8.626,-0.479,-4.841,0.77,-9.94,-3.36
,-8.65,-0.4,-4.905,-8.713,-0.254,-4.697,0.49,-10.36,-3.29
,-8.61,-0.505,-4.896,-8.65,-0.254,-4.642,0.84,-9.94,-2.87
,-8.653,-0.558,-4.692,-8.672,-0.249,-4.7,1.75,-9.66,-2.03
49976.0,-8.875,-0.227,-4.788,-8.6,0.108,-4.738,3.36,-10.92,-2.59
,-8.89,-0.065,-4.975,-8.739,0.057,-4.652,3.15,-12.11,-2.59
,-8.705,0.139,-5.181,-8.789,-0.055,-4.496,2.24,-13.44,-3.64
,-8.629,0.203,-5.135,-8.863,-0.156,-4.228,0.98,-13.72,-4.76
50052.0,-8.878,-0.369,-4.279,-8.885,-0.859,-4.556,-4.41,-15.26,-8.19
,-8.863,-0.718,-4.367,-8.71,-0.735,-4.484,-5.25,-15.61,-8.47
,-8.871,-0.83,-4.135,-8.77,-0.562,-4.276,-3.64,-15.47,-7.77
,-8.808,-0.888,-4.343,-8.863,-0.644,-4.061,-0.7,-15.82,-6.93
50127.0,-8.971,-0.684,-4.078,-8.99,-0.476,-3.793,3.99,-16.87,-6.93
,-9.024,-0.519,-4.334,-9.005,-0.517,-3.147,3.78,-17.01,-7.21
,-8.988,-0.388,-4.097,-9.148,-0.579,-3.412,3.99,-16.94,-6.58
,-8.851,-0.316,-3.999,-9.079,-0.742,-3.477,4.27,-16.73,-6.23
50203.0,-9.043,-0.861,-3.247,-9.062,-0.146,-3.187,6.09,-14.35,-4.62
,-9.115,-0.747,-2.9,-9.05,-0.488,-3.46,6.86,-13.16,-4.13
,-9.282,-0.672,-3.142,-9.086,-0.83,-3.434,6.79,-12.81,-5.67
,-9.165,-0.357,-3.137,-9.107,-0.969,-3.534,6.44,-12.6,-6.58
50279.0,-9.165,-0.859,-3.51,-9.182,-0.517,-3.178,7.21,-8.75,-4.9
,-9.081,-0.644,-3.357,-9.268,-0.684,-3.345,9.24,-8.33,-4.41
,-9.129,-0.538,-3.396,-9.148,-0.907,-3.187,9.94,-7.63,-4.41
,-9.22,-0.452,-3.589,-9.21,-0.735,-3.558,8.12,-7.42,-4.9
50354.0,-9.201,-0.665,-3.317,-9.117,-0.926,-3.216,6.44,-4.69,-4.2
,-9.136,-0.572,-3.472,-9.282,-0.948,-3.154,6.51,-3.92,-3.64
,-9.091,-0.648,-3.329,-9.351,-0.665,-3.592,5.95,-3.22,-3.36
,-9.119,-0.771,-3.35,-9.198,-0.596,-3.798,5.6,-2.66,-3.22
50430.0,-8.93,-0.689,-3.671,-9.229,-0.888,-3.798,4.97,-0.84,-3.22
,-9.048,-0.902,-3.714,-9.086,-0.986,-3.644,3.92,-0.7,-3.15
,-9.1,-1.094,-3.525,-8.978,-1.0,-3.376,4.2,-0.56,-2.94
,-9.232,-0.955,-3.577,-9.06,-1.086,-3.343,5.32,-0.56,-2.73
50506.0,-9.251,-1.216,-3.128,-9.203,-0.952,-3.62,5.53,1.4,-1.68
,-9.404,-0.849,-3.204,-9.15,-0.998,-3.932,6.23,1.68,-1.33
,-9.34,-0.723,-3.35,-9.002,-0.995,-4.046,3.85,1.89,-1.54
,-9.158,-0.787,-3.453,-9.002,-1.024,-4.037,1.47,2.24,-1.68
50582.0,-8.976,-1.079,-3.845,-9.213,-0.754,-3.972,3.01,1.89,-0.14
,-9.15,-1.05,-3.652,-9.0,-0.979,-3.891,4.83,1.89,0.28
,-9.191,-0.907,-3.616,-9.028,-1.189,-3.68,6.16,1.89,0.49
,-9.294,-0.792,-3.836,-9.153,-1.208,-3.632,6.16,1.68,0.42
50657.0,-9.158,-1.067,-3.388,-9.222,-0.785,-3.836,9.45,1.75,1.89
,-9.215,-0.79,-3.381,-9.079,-0.818,-4.051,10.08,2.24,1.96
,-9.328,-0.782,-3.374,-8.971,-1.01,-4.259,8.89,2.45,1.75
,-9.296,-0.735,-3.477,-8.947,-1.132,-4.173,8.26,2.45,1.68
50733.0,-9.024,-1.089,-3.989,-9.227,-0.689,-3.977,7.98,0.98,1.75
,-9.136,-0.94,-3.798,-9.043,-0.883,-3.833,8.61,1.05,2.03
,-9.282,-0.816,-3.764,-9.0,-1.012,-3.843,7.84,0.7,1.82
,-9.277,-0.677,-3.728,-9.105,-1.17,-3.668,6.44,0.35,1.54
50809.0,-9.146,-1.058,-3.58,-9.371,-0.608,-3.558,5.46,0.28,1.47
,-9.227,-0.866,-3.455,-9.234,-0.737,-3.64,5.81,0.49,1.68
,-9.21,-0.751,-3.345,-9.036,-0.857,-3.903,4.83,0.77,1.54
,-9.241,-0.672,-3.321,-9.019,-1.089,-3.92,3.78,1.19,1.26
50885.0,-9.028,-1.18,-3.855,-9.256,-0.814,-3.271,1.68,0.84,0.77
,-9.107,-1.015,-3.764,-9.294,-0.881,-3.264,3.92,0.98,1.26
,-9.206,-0.924,-3.609,-9.284,-0.89,-3.453,4.48,0.98,1.4
,-9.253,-0.713,-3.419,-9.234,-0.986,-3.685,3.71,1.33,1.12
50960.0,-9.026,-1.019,-3.728,-9.246,-0.806,-3.738,0.28,2.17,0.42
,-9.1,-1.048,-3.716,-9.277,-0.706,-3.877,0.91,2.38,0.7
,-9.11,-1.019,-3.695,-9.117,-0.727,-3.958,1.33,2.38,0.77
,-9.184,-0.914,-3.575,-8.995,-0.866,-3.996,1.54,2.52,0.98
51036.0,-9.028,-1.041,-3.972,-9.256,-0.802,-3.52,-1.82,1.68,0.42
,-9.048,-1.058,-3.898,-9.222,-0.823,-3.472,0.28,1.61,0.91
,-9.141,-0.9,-3.75,-9.194,-1.005,-3.46,1.61,1.47,1.19
,-9.191,-0.833,-3.563,-9.095,-1.01,-3.513,1.61,1.75,1.33
51112.0,-9.076,-0.972,-3.68,-9.256,-0.579,-3.814,-0.07,2.52,0.91
,-9.072,-1.072,-3.575,-9.206,-0.672,-3.977,0.56,2.73,1.26
,-9.136,-0.995,-3.568,-9.012,-0.84,-3.996,1.75,3.01,1.47
,-9.213,-0.79,-3.592,-8.942,-1.089,-3.967,2.38,3.15,1.54
51187.0,-9.064,-1.108,-3.987,-9.177,-0.675,-3.412,1.68,2.38,1.4
,-9.095,-0.919,-3.817,-9.131,-0.854,-3.307,3.85,2.24,1.75
,-9.086,-0.723,-3.652,-9.127,-0.909,-3.305,4.83,2.31,2.17
,-9.136,-0.613,-3.453,-9.21,-0.998,-3.427,4.69,2.59,2.31
51263.0,-9.258,-0.948,-3.604,-9.44,-1.393,-3.829,2.73,4.55,1.89
,-9.203,-0.962,-3.707,-9.445,-1.323,-3.915,2.17,4.62,2.03
,-9.136,-0.998,-3.592,-9.186,-0.866,-3.862,1.12,4.83,2.38
,-9.258,-1.158,-3.692,-9.091,-0.637,-3.841,0.56,4.69,2.1
51339.0,-8.882,-0.653,-3.685,-9.213,-0.572,-3.18,-8.68,-1.61,-2.45
,-8.861,-0.926,-3.798,-9.328,-0.342,-3.515,-7.91,-0.21,-1.33
,-8.902,-0.974,-3.455,-9.294,-0.29,-3.673,-4.76,1.61,0.84
,-9.007,-0.792,-3.285,-9.057,-0.254,-3.707,-1.54,3.29,2.31
51415.0,-8.954,-0.574,-3.738,-9.301,-0.29,-3.769,-4.83,5.95,3.92
,-8.902,-1.007,-3.843,-9.134,0.038,-3.498,-3.71,6.93,4.76
,-8.978,-1.192,-3.623,-9.146,-0.086,-3.458,0.7,7.63,5.95
,-9.263,-0.799,-3.599,-9.05,-0.656,-3.391,5.39,7.77,5.95
51490.0,-9.222,-1.046,-3.096,-8.571,-1.218,-5.903,-10.78,8.26,1.96
,-9.457,-1.055,-3.795,-8.277,-1.979,-5.135,-10.57,6.58,1.12
,-9.15,-0.821,-4.602,-8.559,-2.376,-4.628,-9.52,4.69,0.56
,-9.007,-0.72,-5.269,-8.997,-2.197,-4.078,-9.38,3.71,1.26
51566.0,-9.253,-1.259,-3.783,-9.155,-1.06,-2.903,21.0,4.69,10.08
,-9.273,-0.565,-3.699,-9.095,-1.23,-2.611,22.12,3.92,9.87
,-9.201,-0.242,-3.577,-9.239,-1.132,-2.931,16.59,3.36,9.31
,-9.038,-0.45,-3.07,-9.244,-0.471,-3.649,9.24,4.62,9.73
51642.0,-9.127,0.22,-4.295,-9.11,-0.206,-3.757,10.5,5.81,9.38
,-8.741,0.505,-4.362,-9.215,-0.005,-3.616,6.44,6.3,8.54
,-8.681,0.309,-4.549,-9.328,0.239,-3.642,2.17,6.93,7.63
,-8.744,-0.132,-3.979,-9.055,0.079,-3.489,1.61,8.4,7.14
51718.0,-8.942,-0.014,-3.032,-9.311,0.428,-4.384,1.61,10.92,1.68
,-9.076,0.022,-3.053,-8.938,0.366,-4.704,2.17,12.6,1.61
,-9.141,0.256,-2.86,-8.435,0.065,-5.025,3.64,13.51,1.33
,-9.641,0.491,-3.656,-8.392,-0.483,-4.424,3.57,12.32,0.28
51793.0,-8.629,-0.802,-3.793,-8.861,-1.048,-3.441,-3.85,14.42,-3.36
,-8.772,-0.979,-3.661,-8.978,-0.859,-3.4,-0.84,15.26,-3.99
,-8.959,-1.106,-3.465,-9.165,-0.632,-3.879,1.75,16.31,-3.5
,-9.067,-1.039,-3.472,-9.21,-0.16,-4.113,2.8,16.66,-2.59
51869.0,-8.966,0.354,-4.63,-8.591,-0.553,-4.468,7.42,16.8,-1.33
,-8.818,0.256,-4.566,-8.842,-1.103,-4.298,4.27,16.66,-2.73
,-8.557,0.242,-4.647,-8.887,-1.68,-4.413,1.05,16.38,-3.5
,-8.44,-0.067,-4.759,-8.827,-2.18,-4.472,-1.54,17.01,-3.85
51944.0,-8.825,-2.359,-4.482,-8.681,-0.909,-5.346,2.66,17.01,-2.52
,-8.66,-1.962,-4.683,-8.626,-0.493,-5.465,7.35,16.17,-0.49
,-8.586,-1.63,-4.645,-8.368,-0.285,-5.619,10.22,15.47,1.82
,-8.684,-1.266,-5.006,-8.306,-0.361,-5.255,11.97,13.23,3.64
52020.0,-8.296,-0.352,-5.023,-8.66,-1.326,-5.152,1.19,13.72,4.83
,-8.691,-0.936,-4.843,-8.617,-1.019,-5.128,-0.84,14.28,4.9
,-8.981,-1.385,-4.85,-8.681,-0.668,-5.121,-0.91,13.93,5.6
,-8.866,-1.493,-5.037,-8.624,-0.134,-5.133,1.82,13.44,6.3
52096.0,-8.428,0.323,-5.171,-8.808,0.479,-4.63,16.59,9.66,6.44
,-8.555,0.615,-5.004,-8.789,0.089,-4.415,14.42,9.52,5.53
,-8.636,0.89,-4.903,-8.871,-0.151,-4.405,10.71,9.52,3.64
,-8.638,0.735,-4.736,-8.72,-0.199,-4.661,5.6,9.66,1.19
52172.0,-8.433,-0.424,-4.98,-8.571,-1.278,-5.164,3.22,8.61,-3.92
,-8.399,-0.84,-4.86,-8.368,-1.283,-5.133,5.46,9.59,-3.57
,-8.492,-1.067,-5.217,-8.406,-1.376,-5.219,9.24,10.22,-2.52
,-8.363,-1.141,-5.341,-8.504,-1.161,-5.43,14.42,10.57,-2.03
52248.0,-8.571,-0.885,-5.202,-8.311,0.12,-5.511,23.94,9.03,-0.84
,-8.5,-0.541,-5.446,-8.413,-0.036,-5.58,23.66,8.89,-1.26
,-8.428,-0.239,-5.468,-8.512,-0.378,-5.451,21.56,9.24,-1.47
,-8.497,-0.093,-5.492,-8.655,-0.668,-5.092,19.53,9.87,-1.61
52323.0,-8.543,-0.675,-5.09,-8.375,-0.648,-5.796,10.78,8.68,-3.85
,-8.564,-0.885,-5.03,-8.217,-0.634,-5.894,13.3,7.84,-3.99
,-8.591,-1.041,-5.102,-8.189,-0.921,-5.731,14.56,7.28,-4.06
,-8.552,-0.842,-5.363,-8.287,-1.402,-5.549,17.43,6.16,-4.48
52399.0,-8.399,-1.579,-5.619,-8.339,-1.362,-5.76,20.37,7.56,-2.73
,-8.605,-1.283,-5.889,-8.404,-1.45,-5.575,23.45,7.28,-1.61
,-8.406,-1.103,-5.851,-8.258,-1.957,-5.681,24.92,8.19,-1.26
,-8.26,-1.204,-5.829,-8.476,-2.572,-5.257,24.01,8.54,-2.03
52475.0,-8.368,-2.407,-5.327,-8.32,-2.022,-5.08,16.66,1.05,0.91
,-8.315,-2.536,-5.142,-8.294,-1.759,-5.159,16.03,-0.14,2.45
,-8.332,-2.539,-5.035,-8.287,-1.223,-5.03,16.52,-1.75,3.78
,-8.323,-2.142,-4.965,-8.392,-0.558,-4.984,17.71,-2.73,5.11
52551.0,-8.591,-0.292,-4.824,-8.399,0.493,-5.351,19.67,0.07,5.04
,-8.667,0.16,-4.673,-8.39,-0.175,-5.298,17.71,-0.28,3.71
,-8.705,0.665,-4.695,-8.263,-0.687,-5.159,14.42,-2.94,1.54
,-8.478,0.912,-5.066,-8.265,-0.983,-5.391,9.66,-3.15,-0.56
52626.0,-8.416,-1.323,-5.41,-8.117,-1.694,-5.683,-1.96,3.22,-4.62
,-8.433,-1.79,-5.415,-8.299,-2.268,-5.346,-3.43,4.69,-3.57
,-8.339,-2.077,-5.437,-8.361,-2.314,-5.25,-2.87,5.18,-2.52
,-8.15,-1.618,-5.678,-8.215,-2.247,-5.408,-1.75,4.27,-2.24
52702.0,-8.294,-2.185,-5.358,-8.488,-0.991,-5.906,-5.67,6.72,3.36
,-8.349,-1.866,-5.504,-8.433,-1.175,-5.707,-6.79,5.04,4.55
,-8.296,-1.409,-5.767,-8.636,-0.986,-5.664,-8.12,3.64,5.32
,-8.342,-1.067,-6.028,-8.708,-1.12,-5.552,-9.52,3.43,6.02
52777.0,-8.598,-1.436,-5.286,-8.342,-0.596,-5.887,-18.62,0.63,7.63
,-8.361,-0.684,-5.552,-8.358,-0.816,-5.884,-16.94,-2.03,7.35
,-8.215,-0.637,-5.81,-8.488,-1.125,-5.686,-17.36,-2.59,7.14
,-8.282,-0.68,-5.884,-8.562,-1.287,-5.523,-17.64,-1.96,7.14
52853.0,-8.416,-1.326,-5.537,-8.423,-1.065,-5.769,-17.15,-0.49,10.01
,-8.385,-1.173,-5.796,-8.509,-0.778,-5.836,-15.82,-0.91,10.29
,-8.241,-1.251,-5.829,-8.466,-0.639,-5.82,-16.03,-1.12,10.92
,-8.397,-1.242,-5.75,-8.349,-0.51,-5.693,-15.54,-1.61,11.76
52929.0,-8.382,-0.857,-5.614,-8.454,-0.486,-5.666,-15.12,-4.9,9.8
,-8.421,-0.869,-5.365,-8.538,-0.577,-5.741,-15.96,-4.83,10.15
,-8.466,-0.648,-5.458,-8.275,-0.371,-5.638,-14.07,-5.88,9.87
,-8.399,-0.56,-5.616,-8.378,-0.115,-5.829,-11.13,-6.58,9.17
53005.0,-8.385,-0.069,-5.884,-8.552,-0.38,-5.499,3.85,-7.21,5.46
,-8.327,-0.371,-5.729,-8.421,-0.407,-5.449,4.2,-6.3,5.18
,-8.488,-0.732,-5.322,-8.421,-0.498,-5.26,3.29,-6.23,5.53
,-8.715,-0.646,-5.267,-8.689,-0.122,-5.358,3.71,-10.08,4.41
53081.0,-8.457,-0.16,-5.322,-8.399,-0.562,-4.75,-1.47,-18.48,1.4
,-8.406,-0.369,-5.15,-8.418,-0.57,-4.573,-4.13,-18.48,0.91
,-8.485,-0.278,-5.24,-8.677,-0.254,-4.611,-4.76,-18.27,0.63
,-8.334,-0.409,-5.097,-8.679,0.014,-4.838,-5.04,-17.43,0.91
53156.0,-8.792,-0.407,-4.769,-8.631,-0.146,-4.465,3.78,-14.63,0.42
,-9.103,-0.483,-4.551,-8.839,-0.034,-4.336,0.63,-16.66,-0.49
,-8.603,-0.278,-4.759,-8.873,0.168,-4.331,-0.77,-19.04,-0.14
,-8.327,-0.223,-4.518,-8.854,0.347,-4.496,-0.7,-17.85,0.63
53232.0,-8.734,0.488,-4.606,-8.799,-0.342,-4.582,-1.68,-14.42,-3.08
,-8.6,0.503,-4.621,-8.93,-0.431,-4.697,-3.43,-13.72,-3.01
,-8.591,0.232,-4.633,-8.66,-0.56,-4.841,-3.71,-12.81,-3.78
,-8.648,-0.11,-4.554,-8.77,-0.589,-4.692,-3.15,-11.83,-4.69
53308.0,-8.732,-0.524,-4.8,-8.854,-0.67,-4.64,1.47,-11.48,-4.13
,-8.76,-0.596,-4.791,-8.701,-0.785,-4.281,0.77,-12.11,-4.62
,-8.832,-0.608,-4.614,-8.756,-0.945,-4.314,0.42,-12.39,-4.34
,-8.897,-0.615,-4.709,-8.794,-1.077,-4.176,-0.91,-13.51,-4.69
53384.0,-8.935,-1.065,-4.092,-8.842,0.01,-4.049,-1.96,-15.82,-3.36
,-9.095,-0.907,-4.625,-8.863,-0.041,-3.699,-0.21,-17.01,-3.43
,-8.878,-0.579,-4.185,-8.897,-0.12,-3.731,1.75,-17.43,-2.8
,-8.835,-0.16,-4.092,-9.091,-0.29,-3.881,3.22,-17.01,-2.24
53459.0,-8.99,-0.335,-3.709,-9.103,-0.928,-3.628,-0.28,-15.89,-4.62
,-9.048,-0.268,-3.843,-9.301,-0.955,-3.719,0.42,-15.96,-5.39
,-9.119,-0.436,-3.752,-9.083,-0.857,-4.02,-0.07,-16.1,-6.51
,-9.131,-0.651,-3.417,-8.94,-0.816,-3.896,-0.28,-15.4,-6.16
53535.0,-8.904,-0.766,-3.482,-9.292,-1.072,-3.07,1.05,-16.94,-5.46
,-9.038,-1.06,-3.649,-9.378,-0.235,-3.104,1.19,-16.38,-5.88
,-8.971,-1.328,-2.974,-9.335,0.112,-3.34,2.73,-15.61,-4.97
,-9.165,-1.352,-3.056,-9.232,0.256,-3.206,5.95,-15.12,-4.13
53610.0,-9.088,-0.103,-2.85,-9.452,-0.718,-2.876,1.68,-13.51,-6.51
,-9.15,-0.847,-2.836,-9.38,-0.483,-2.312,0.21,-12.18,-6.44
,-9.213,-1.05,-2.982,-9.531,-0.479,-3.147,3.29,-11.55,-6.51
,-9.342,-0.842,-2.424,-9.378,-0.692,-3.544,8.26,-10.64,-4.97
53686.0,-9.069,-0.794,-3.58,-9.526,-0.558,-3.36,2.52,-8.19,-4.9
,-8.892,-1.094,-3.393,-9.474,-0.199,-3.427,2.73,-7.28,-4.27
,-9.129,-1.266,-3.309,-9.284,-0.182,-3.522,5.46,-6.58,-3.92
,-9.222,-1.065,-3.089,-9.237,-0.629,-3.35,10.29,-6.3,-2.8
53762.0,-9.225,-0.986,-3.149,-9.253,-0.787,-2.702,4.27,-5.88,-3.64
,-9.153,-1.161,-2.73,-9.225,-0.991,-2.455,6.58,-5.11,-3.01
,-9.371,-0.718,-2.955,-9.251,-1.347,-2.163,10.01,-4.48,-2.73
,-9.5,-0.73,-2.982,-9.251,-1.594,-1.886,8.33,-4.48,-3.43
53838.0,-9.517,-1.287,-1.847,-9.241,-0.821,-2.816,5.04,1.68,-1.4
,-9.679,-0.883,-2.276,-9.182,-1.223,-2.804,5.74,2.87,-1.33
,-9.653,-0.644,-2.603,-9.27,-1.273,-2.673,3.15,3.71,-1.68
,-9.38,-0.577,-2.659,-9.524,-1.024,-3.218,0.7,4.62,-1.75
53913.0,-9.541,-0.921,-3.759,-8.969,-1.546,-3.664,2.31,7.21,-1.12
,-9.16,-0.964,-3.929,-9.263,-1.117,-3.609,1.33,6.51,-0.98
,-8.918,-1.232,-3.936,-9.447,-0.845,-3.553,0.91,6.23,-0.77
,-8.914,-1.491,-3.915,-9.337,-0.684,-3.508,3.22,6.44,-0.14
53989.0,-9.289,-0.828,-3.396,-9.328,-0.974,-3.458,4.62,4.76,0.91
,-9.225,-1.058,-3.338,-9.182,-1.01,-3.486,3.36,5.18,0.84
,-9.186,-1.094,-3.233,-9.17,-1.184,-3.53,3.43,5.25,0.91
,-9.289,-0.993,-3.372,-9.208,-1.196,-3.475,3.5,5.32,0.84
54065.0,-9.174,-1.003,-3.518,-9.306,-0.981,-3.494,4.48,5.46,1.89
,-9.301,-0.854,-3.697,-9.308,-0.938,-3.625,4.62,5.18,1.68
,-9.246,-0.873,-3.623,-9.229,-0.838,-3.721,3.64,4.62,1.61
,-9.184,-0.881,-3.53,-9.16,-0.897,-3.733,3.08,4.62,1.61
54141.0,-9.069,-1.027,-3.642,-9.316,-0.763,-3.3,1.54,3.5,1.61
,-9.134,-1.225,-3.398,-9.395,-0.711,-3.491,1.82,3.71,1.89
,-9.273,-1.146,-3.352,-9.275,-0.794,-3.599,3.08,3.92,2.17
,-9.308,-0.933,-3.355,-9.122,-0.936,-3.738,3.57,3.85,2.17
54217.0,-9.083,-1.077,-3.855,-9.28,-0.773,-3.635,-2.31,3.36,1.19
,-9.091,-1.101,-3.915,-9.239,-0.804,-3.582,-0.91,3.15,1.54
,-9.122,-1.01,-3.819,-9.232,-0.861,-3.553,0.35,2.8,1.75
,-9.206,-0.859,-3.726,-9.179,-1.003,-3.431,1.26,2.52,1.96
54292.0,-9.227,-1.019,-3.477,-9.246,-0.888,-3.051,1.26,2.38,2.45
,-9.172,-0.89,-3.336,-9.277,-0.725,-3.125,1.75,2.38,2.45
,-9.16,-0.838,-3.221,-9.375,-0.711,-3.324,1.54,2.73,2.52
,-9.208,-0.806,-3.183,-9.229,-0.785,-3.422,1.05,3.22,2.38
54368.0,-9.095,-0.986,-3.434,-9.028,-1.137,-3.786,0.77,5.25,3.22
,-9.107,-1.074,-3.69,-9.1,-1.175,-3.51,2.66,5.67,3.71
,-9.198,-1.194,-3.857,-9.158,-1.094,-3.439,4.76,5.53,3.92
,-9.074,-1.175,-3.805,-9.378,-0.931,-3.544,6.86,5.46,4.55
54443.0,-9.359,-0.883,-3.623,-9.277,-0.916,-3.206,12.39,6.16,6.09
,-9.162,-0.926,-3.477,-9.507,-0.744,-3.616,11.34,6.51,6.93
,-9.105,-1.046,-3.508,-9.426,-0.574,-3.336,10.85,6.51,7.14
,-9.127,-1.134,-3.264,-9.253,-0.191,-3.441,12.04,6.79,7.63
54519.0,-9.296,-0.361,-3.58,-9.581,-0.139,-2.814,1.05,5.53,4.06
,-9.143,-0.51,-3.218,-9.49,0.089,-3.106,-3.43,5.53,3.15
,-9.191,-0.488,-3.063,-9.366,-0.005,-3.197,-6.79,5.88,2.59
,-9.234,-0.409,-2.324,-9.04,-0.23,-2.958,-7.14,6.65,2.17
54595.0,-8.926,-1.027,-2.958,-8.892,-0.613,-3.561,-31.57,7.77,-3.99
,-8.902,-1.374,-2.769,-8.825,-0.773,-3.259,-27.44,9.66,-3.29
,-9.225,-1.462,-3.175,-9.139,-0.835,-3.147,-20.86,10.43,-2.94
,-9.182,-0.948,-3.458,-9.083,-0.84,-3.733,-15.05,10.15,-2.59
54671.0,-9.136,-0.704,-4.113,-9.215,-0.986,-3.872,-12.11,12.81,0.42
,-8.899,-0.78,-4.448,-9.531,-0.656,-4.676,-12.18,13.3,1.75
,-8.504,-0.924,-4.034,-9.296,-0.376,-5.123,-10.5,14.49,3.29
,-8.591,-1.065,-3.451,-8.808,-0.378,-5.229,-5.81,15.75,4.69
54746.0,-8.502,-0.778,-4.599,-9.095,-0.067,-4.551,-3.71,10.92,5.67
,-8.619,-1.144,-4.279,-8.892,0.325,-4.664,-0.42,11.83,5.88
,-8.873,-1.156,-4.326,-8.789,0.311,-4.286,5.04,10.92,5.53
,-9.026,-0.637,-4.092,-8.914,-0.06,-3.719,12.04,11.48,6.09
54822.0,-9.27,-0.562,-3.826,-8.126,-1.139,-4.058,1.47,10.99,2.38
,-9.469,-0.919,-4.207,-8.574,-0.773,-3.833,0.21,10.22,2.17
,-9.282,-1.115,-4.669,-9.237,-0.302,-4.015,-0.21,9.1,2.52
,-8.502,-1.314,-4.721,-9.311,0.412,-4.42,0.21,9.73,4.06
54898.0,-8.933,1.005,-4.769,-9.44,-0.663,-3.92,12.18,11.69,2.52
,-8.638,1.146,-4.393,-9.359,-1.515,-4.357,8.61,13.72,1.68
,-8.65,0.787,-3.798,-8.782,-2.082,-4.673,4.27,15.89,0.42
,-9.17,0.297,-3.041,-8.366,-2.364,-4.424,4.41,17.22,-0.63
54974.0,-8.22,-2.261,-4.202,-8.83,-0.201,-4.953,14.49,16.03,5.25
,-8.598,-1.905,-4.027,-8.646,-0.105,-5.14,19.74,15.75,6.51
,-8.909,-1.333,-4.281,-8.473,-0.22,-5.008,23.1,14.77,7.0
,-8.93,-0.706,-4.692,-8.483,-0.55,-4.781,22.54,14.0,7.07
55050.0,-8.545,-1.146,-4.121,-8.655,-1.799,-4.826,-1.19,15.96,4.34
,-8.995,-1.594,-3.941,-8.337,-1.271,-4.781,0.63,16.17,5.67
,-9.115,-2.036,-4.355,-8.48,-0.553,-4.803,3.36,14.35,7.14
,-8.985,-2.134,-4.57,-8.753,0.388,-5.004,8.05,13.79,9.17
55125.0,-8.933,1.424,-5.171,-8.863,0.83,-4.769,26.39,11.34,9.31
,-8.756,2.261,-5.391,-8.923,-0.261,-4.688,21.0,9.52,5.95
,-8.536,2.146,-5.291,-8.696,-1.168,-4.625,9.66,9.87,2.17
,-8.978,1.651,-4.623,-8.437,-1.835,-4.621,-1.47,10.29,-1.54
55201.0,-8.504,-1.78,-4.759,-8.457,-0.306,-5.032,-3.01,13.51,0.21
,-8.581,-1.709,-4.91,-8.337,0.603,-5.286,4.06,12.67,1.89
,-8.844,-1.486,-4.695,-8.504,1.639,-5.374,8.68,11.06,2.45
,-8.662,-0.931,-5.061,-8.614,2.132,-5.561,12.18,8.61,1.82
55276.0,-8.976,2.022,-5.138,-8.425,-0.893,-4.267,2.17,7.0,-8.54
,-8.758,1.699,-5.085,-8.428,-1.651,-4.403,-5.04,7.63,-11.76
,-8.612,0.993,-4.532,-8.55,-1.855,-4.719,-11.48,9.45,-14.0
,-8.509,0.067,-4.238,-8.516,-1.843,-4.941,-14.84,11.2,-14.7
55352.0,-8.509,-2.151,-4.929,-8.038,-1.603,-5.554,7.21,13.3,-9.87
,-8.605,-2.051,-5.169,-7.887,-1.721,-5.477,13.65,11.48,-8.4
,-8.349,-1.622,-5.528,-8.21,-2.127,-5.274,18.97,9.8,-6.72
,-8.418,-1.567,-5.413,-8.303,-2.065,-5.286,17.78,9.31,-4.83
55428.0,-8.423,-1.78,-5.207,-8.483,0.268,-5.908,11.13,10.92,0.49
,-8.521,-1.208,-5.441,-8.356,-0.34,-5.508,14.21,10.08,1.54
,-8.471,-0.337,-5.942,-8.337,-1.11,-5.248,16.8,7.7,0.84
,-8.581,0.512,-6.167,-8.43,-1.615,-5.229,16.03,5.67,-0.7
55504.0,-8.648,-1.788,-5.224,-8.234,-1.713,-6.006,10.5,4.62,-2.38
,-8.404,-1.565,-5.568,-8.457,-0.933,-6.028,14.0,3.92,-1.68
,-8.198,-1.709,-5.765,-8.327,-0.574,-5.975,15.4,4.27,-0.14
,-8.078,-1.914,-5.906,-8.205,-0.605,-5.721,16.87,5.32,1.75
55579.0,-8.552,-0.723,-5.324,-8.071,-1.409,-5.556,17.85,3.57,3.5
,-8.545,-0.905,-5.499,-8.404,-1.005,-5.532,13.44,3.36,4.48
,-8.516,-1.634,-5.36,-8.564,-0.629,-5.654,11.83,3.71,4.97
,-8.256,-1.747,-5.24,-8.416,-0.677,-5.654,13.37,4.34,5.32
55655.0,-8.473,-0.926,-5.52,-8.256,-1.24,-5.623,8.89,-2.24,5.04
,-8.375,-1.134,-5.525,-8.402,-1.285,-5.386,6.23,-3.36,5.32
,-8.222,-1.362,-5.631,-8.555,-0.919,-5.334,5.32,-2.66,6.09
,-8.136,-1.512,-5.64,-8.433,-0.981,-5.231,5.88,-1.47,6.72
55730.0,-8.363,-0.893,-5.255,-8.346,-0.481,-5.267,3.78,-3.29,7.35
,-8.21,-1.0,-5.248,-8.284,-0.105,-5.37,1.89,-3.08,7.7
,-8.308,-1.17,-5.252,-8.385,-0.079,-5.485,1.05,-2.17,7.56
,-8.425,-1.041,-5.166,-8.533,-0.548,-5.185,2.8,-0.77,6.86
55806.0,-8.526,-1.086,-4.901,-8.282,-0.916,-5.267,-2.24,5.67,5.18
,-8.38,-1.431,-5.011,-8.239,-0.768,-5.324,-3.22,5.53,5.25
,-8.447,-1.46,-4.965,-8.37,-0.572,-5.274,-4.13,5.53,5.95
,-8.605,-1.383,-4.831,-8.591,-0.156,-5.25,-4.06,3.22,6.58
55882.0,-8.734,0.199,-5.487,-8.457,-0.4,-5.173,-7.98,1.47,4.9
,-8.722,0.426,-5.709,-8.583,-0.591,-5.226,-10.01,0.91,3.57
,-8.595,0.256,-5.619,-8.579,-0.672,-5.52,-13.65,1.26,2.8
,-8.38,-0.182,-5.351,-8.413,-0.689,-5.676,-16.73,1.68,2.38
55958.0,-8.248,-0.596,-5.765,-8.591,-0.988,-5.516,-11.27,1.19,3.22
,-8.301,-0.658,-5.666,-8.344,-0.826,-5.611,-11.69,1.61,4.41
,-8.562,-0.981,-5.575,-8.138,-1.046,-5.616,-13.3,1.75,5.46
,-8.77,-1.053,-5.391,-8.289,-1.027,-5.611,-14.14,0.98,5.81
56034.0,-8.349,-1.012,-5.604,-8.399,-0.637,-5.587,-13.16,-0.84,5.74
,-8.349,-0.881,-5.659,-8.466,-0.902,-5.532,-10.08,-1.19,6.44
,-8.464,-0.577,-5.686,-8.66,-1.079,-5.453,-7.84,-1.68,7.07
,-8.478,-0.598,-5.669,-8.366,-1.07,-5.494,-7.0,-1.54,7.77
56109.0,-8.222,-0.89,-5.879,-8.394,-0.242,-5.631,-0.7,-6.16,9.17
,-8.301,-0.732,-6.009,-8.394,0.05,-5.439,1.05,-7.07,9.1
,-8.179,-0.546,-5.954,-8.44,0.23,-5.169,1.68,-7.7,9.17
,-8.313,-0.481,-5.724,-8.483,0.311,-5.173,2.1,-7.07,9.45
56185.0,-8.576,0.278,-5.104,-8.507,0.065,-5.164,3.64,-6.44,6.37
,-8.598,0.23,-5.106,-8.662,-0.101,-5.195,3.71,-6.44,6.23
,-8.662,0.175,-5.111,-8.411,-0.249,-5.126,4.48,-7.63,5.53
,-8.588,0.108,-5.145,-8.382,-0.56,-5.035,5.04,-8.68,4.34
56261.0,-8.454,-0.653,-4.922,-8.502,-0.124,-5.004,5.81,-9.94,2.8
,-8.564,-0.586,-4.925,-8.655,-0.335,-5.059,7.7,-10.01,3.64
,-8.593,-0.522,-5.049,-8.5,-0.321,-4.834,8.54,-10.36,3.36
,-8.638,-0.321,-5.049,-8.77,-0.28,-5.123,8.12,-11.13,2.59
56337.0,-8.564,0.11,-5.317,-8.662,0.096,-4.826,8.26,-12.25,1.54
,-8.552,0.151,-5.245,-8.777,0.069,-4.645,7.56,-12.25,1.19
,-8.411,0.294,-5.116,-8.832,0.12,-4.544,6.44,-11.97,0.56
,-8.536,0.227,-4.908,-8.902,0.227,-4.515,5.25,-11.27,0.49
56412.0,-8.863,0.191,-4.592,-8.507,-0.436,-4.614,3.57,-12.11,-2.59
,-8.827,0.213,-4.767,-8.792,-0.543,-4.642,1.4,-13.09,-3.57
,-8.681,0.127,-4.786,-8.914,-0.436,-4.731,-0.42,-13.09,-3.64
,-8.591,-0.11,-4.692,-8.729,-0.28,-4.767,-1.75,-12.88,-3.92
56488.0,-8.636,-0.414,-4.645,-8.916,-0.225,-4.542,1.05,-14.28,-5.32
,-8.605,-0.605,-4.597,-8.911,-0.069,-4.719,0.42,-14.49,-5.74
,-8.674,-0.596,-4.403,-8.868,-0.148,-4.85,1.19,-14.56,-6.09
,-8.909,-0.452,-4.403,-8.643,-0.163,-4.623,2.52,-14.91,-5.74
56563.0,-8.658,-0.211,-4.243,-8.894,0.007,-4.286,-2.66,-16.94,-8.05
,-8.882,-0.223,-4.075,-8.725,-0.617,-4.19,-1.54,-16.94,-8.75
,-9.079,-0.041,-4.011,-8.729,-1.259,-4.13,-0.91,-17.64,-10.01
,-9.153,0.223,-4.173,-8.763,-1.697,-3.609,-1.54,-18.62,-10.85
56639.0,-9.052,-1.625,-3.853,-8.88,-0.778,-3.678,3.22,-17.15,-7.56
,-9.402,-1.149,-4.185,-9.014,-0.804,-3.592,6.72,-18.27,-7.35
,-9.019,-0.68,-4.006,-9.313,-0.323,-3.776,6.93,-18.41,-5.67
,-8.775,-0.56,-3.929,-9.165,-0.043,-3.604,5.25,-17.78,-4.48
56715.0,-8.993,-0.251,-3.711,-9.335,-1.275,-3.01,2.45,-18.48,-7.28
,-8.923,-0.931,-3.649,-9.349,-0.584,-2.675,0.35,-17.85,-7.07
,-8.882,-1.527,-3.489,-9.323,-0.127,-2.331,2.52,-17.01,-5.25
,-9.072,-1.577,-3.032,-9.366,0.072,-2.584,9.38,-15.54,-2.94
56791.0,-9.275,-0.215,-2.429,-9.184,-0.981,-2.379,7.42,-11.97,-5.6
,-9.332,-0.534,-2.546,-9.263,-1.208,-2.297,3.92,-10.5,-5.81
,-9.244,-0.782,-2.613,-9.349,-1.244,-2.268,2.31,-9.24,-5.95
,-9.115,-0.845,-2.391,-9.438,-0.845,-2.386,1.75,-7.91,-5.46
56867.0,-9.576,-0.464,-2.747,-9.048,-1.256,-3.637,1.54,-1.54,-3.43
,-9.383,-0.424,-3.427,-9.227,-1.168,-3.58,-2.31,-1.19,-4.2
,-9.11,-0.711,-3.585,-9.246,-0.802,-3.609,-6.02,-0.84,-4.69
,-8.961,-1.098,-3.429,-9.256,-0.543,-3.549,-5.95,-0.07,-4.06
56942.0,-9.253,-0.605,-3.07,-9.32,-0.658,-3.159,6.16,1.05,-1.26
,-9.33,-0.61,-3.417,-9.399,-0.73,-3.111,5.04,1.54,-1.54
,-9.249,-0.672,-3.128,-9.33,-0.668,-3.412,3.57,2.03,-1.47
,-9.16,-0.593,-2.977,-9.409,-0.61,-3.977,2.8,2.66,-1.61
57018.0,-9.107,-0.605,-4.255,-9.38,-0.677,-4.228,0.28,2.38,-2.24
,-8.971,-0.814,-4.156,-9.363,-0.359,-4.683,0.14,1.82,-2.03
,-9.031,-1.039,-4.034,-8.981,-0.438,-4.573,0.56,1.68,-1.89
,-9.064,-1.058,-3.9,-8.756,-0.955,-4.159,2.59,1.47,-1.47
57094.0,-8.969,-1.508,-3.8,-9.373,-0.625,-3.008,-0.14,-2.8,-1.82
,-9.191,-1.539,-3.539,-9.299,-0.802,-2.764,5.46,-2.73,-0.63
,-9.294,-1.058,-3.384,-9.21,-1.031,-2.594,9.94,-2.94,0.28
,-9.39,-0.711,-2.979,-9.177,-1.067,-2.359,10.22,-2.94,0.35
57170.0,-9.34,-1.084,-2.369,-9.028,-1.271,-2.836,2.45,2.03,-0.07
,-9.426,-1.024,-2.51,-9.284,-1.359,-2.929,1.75,3.08,0.0
,-9.452,-0.869,-2.843,-9.38,-1.058,-3.412,0.42,3.64,-0.35
,-9.225,-1.015,-2.812,-9.332,-0.538,-3.874,-1.89,4.62,-0.42
57245.0,-9.127,-0.603,-4.003,-9.253,-1.024,-3.965,-1.96,6.09,-0.42
,-8.969,-1.036,-3.975,-9.263,-0.711,-3.912,-3.78,5.88,-0.28
,-8.961,-1.421,-3.865,-9.194,-0.517,-3.917,-1.89,5.88,0.42
,-9.127,-1.419,-3.786,-9.141,-0.711,-3.879,2.1,5.67,1.4
57321.0,-9.141,-0.84,-3.697,-9.098,-1.139,-3.321,0.42,3.36,0.56
,-9.172,-0.818,-3.85,-9.194,-1.223,-3.252,-0.35,2.87,0.28
,-9.201,-0.859,-3.826,-9.213,-1.165,-3.104,-0.49,2.66,0.28
,-9.136,-0.943,-3.628,-9.313,-0.842,-3.18,-0.35,2.59,0.63
57396.0,-9.409,-0.601,-3.302,-9.057,-1.141,-3.8,2.38,4.55,1.96
,-9.366,-0.45,-3.472,-9.17,-1.019,-4.106,0.14,4.55,1.26
,-9.268,-0.534,-3.62,-9.196,-0.677,-4.307,-3.01,4.34,0.07
,-9.098,-0.838,-3.695,-9.107,-0.503,-4.424,-5.53,4.41,-0.28
57472.0,-9.028,-0.538,-4.372,-9.129,-0.921,-3.687,1.47,1.89,0.42
,-9.0,-0.646,-4.156,-9.134,-1.048,-3.419,1.47,1.19,0.56
,-9.143,-0.735,-4.078,-9.225,-1.005,-3.228,1.68,0.56,0.42
,-9.203,-0.833,-3.879,-9.261,-0.811,-3.113,1.33,0.28,0.28
57548.0,-9.32,-0.718,-3.072,-9.153,-0.861,-3.565,0.14,1.61,0.49
,-9.28,-0.797,-3.209,-9.194,-0.916,-3.704,-1.68,2.17,0.21
,-9.21,-0.928,-3.307,-9.093,-0.881,-3.817,-2.59,2.45,0.0
,-9.172,-0.876,-3.439,-9.105,-0.909,-3.833,-2.45,2.73,-0.07
57624.0,-9.134,-0.826,-3.903,-9.012,-1.01,-3.979,0.35,2.94,0.35
,-9.234,-0.725,-4.109,-9.036,-1.108,-3.778,0.84,2.31,0.07
,-9.15,-0.701,-4.161,-9.131,-1.058,-3.62,0.84,1.68,-0.07
,-9.036,-0.749,-4.152,-9.241,-0.897,-3.53,0.0,1.26,0.0
57699.0,-9.284,-0.806,-3.439,-9.215,-0.909,-3.199,5.25,0.91,1.61
,-9.249,-0.847,-3.549,-9.239,-0.921,-3.173,4.13,1.12,1.54
,-9.105,-0.933,-3.41,-9.34,-1.015,-3.163,3.64,1.4,1.75
,-9.112,-0.907,-3.264,-9.237,-1.036,-3.029,3.85,2.03,1.96
57775.0,-9.196,-0.955,-2.912,-9.194,-0.704,-3.431,1.33,4.76,1.61
,-9.237,-0.838,-2.876,-9.251,-0.945,-3.807,0.98,5.18,1.75
,-9.304,-0.665,-3.132,-8.995,-1.029,-3.704,-0.07,5.74,1.4
,-9.213,-0.708,-3.204,-8.935,-0.979,-3.616,-1.89,6.16,1.19
57851.0,-9.028,-0.857,-3.522,-8.88,-0.708,-3.936,-5.32,6.02,0.49
,-9.457,-0.778,-3.637,-8.947,-0.921,-3.97,-7.0,5.46,-0.21
,-9.387,-0.519,-3.661,-9.064,-1.23,-4.068,-8.4,4.76,-0.56
,-9.201,-0.436,-4.054,-9.052,-1.06,-4.073,-10.99,4.06,-0.77
57927.0,-9.091,-0.744,-4.056,-9.036,-1.247,-3.831,-3.5,4.48,1.4
,-9.074,-0.684,-4.13,-8.993,-1.175,-3.549,-3.71,4.2,1.82
,-9.045,-0.888,-4.274,-9.091,-0.955,-3.269,-4.9,3.99,2.31
,-9.0,-1.194,-3.96,-9.107,-0.744,-2.996,-4.76,4.41,3.08
58003.0,-9.438,-0.325,-2.97,-8.667,-0.993,-3.891,6.37,6.44,5.25
,-9.548,0.151,-3.635,-8.77,-1.685,-3.25,3.64,4.9,3.43
,-9.239,0.239,-3.967,-9.043,-1.737,-3.585,-1.82,3.85,2.38
,-8.906,-0.084,-4.099,-9.141,-1.486,-3.733,-8.05,4.13,2.45
58078.0,-9.139,-0.732,-3.759,-9.038,-0.577,-3.53,8.89,9.38,6.58
,-9.167,0.041,-4.348,-9.284,-0.785,-3.702,9.59,8.96,6.23
,-9.007,0.127,-4.247,-9.208,-0.581,-3.853,5.46,8.75,5.81
,-8.904,-0.12,-3.702,-8.885,-0.548,-3.977,2.24,10.01,6.51
58154.0,-8.655,-0.605,-3.587,-9.32,1.642,-4.681,2.03,11.13,2.94
,-8.835,-0.486,-3.159,-8.82,1.249,-4.738,5.46,13.23,3.92
,-9.397,0.108,-3.714,-8.588,0.084,-4.748,8.89,11.83,3.36
,-9.519,1.062,-4.178,-8.684,-1.505,-4.307,9.24,9.38,1.96
58229.0,-8.844,-2.656,-3.929,-8.866,-2.96,-3.113,-13.51,12.53,-1.12
,-8.808,-3.537,-3.831,-9.316,-1.843,-3.522,-6.16,12.95,1.89
,-8.768,-3.898,-3.235,-9.426,-0.388,-4.424,3.22,13.93,5.88
,-8.78,-3.647,-3.262,-9.019,0.823,-5.351,13.51,14.21,9.1
58305.0,-8.488,1.405,-5.296,-9.124,0.017,-5.111,17.85,9.52,12.67
,-8.406,1.486,-4.731,-8.701,-0.869,-5.059,7.91,10.15,10.5
,-8.629,1.278,-4.396,-8.291,-1.859,-4.676,0.14,9.66,7.07
,-9.103,0.713,-4.707,-8.538,-2.029,-4.092,-6.09,8.54,3.99
58381.0,-8.942,-1.345,-4.24,-8.691,0.816,-4.537,16.17,13.09,6.58
,-9.347,-0.285,-4.503,-8.66,0.715,-4.305,24.99,11.34,7.63
,-9.186,0.476,-4.824,-8.971,0.692,-4.19,24.92,9.66,7.14
,-8.751,0.823,-4.783,-9.062,0.414,-4.623,19.32,9.8,6.16
58457.0,-8.871,0.089,-4.604,-9.261,-0.921,-3.843,-5.88,10.01,-1.54
,-8.547,-0.514,-4.372,-9.313,-0.34,-4.293,-8.89,11.97,-1.61
,-8.562,-1.307,-3.733,-8.921,0.182,-4.544,-9.94,13.72,-1.4
,-8.952,-1.192,-3.47,-8.26,0.29,-4.623,-4.13,13.72,-0.91
58532.0,-8.332,0.163,-4.377,-8.521,-1.137,-4.951,1.75,13.86,-0.98
,-8.849,-0.103,-4.515,-8.492,-1.046,-4.75,0.7,13.72,-1.89
,-8.935,-0.603,-4.795,-8.634,-0.957,-4.776,-0.84,12.39,-3.22
,-8.744,-0.972,-4.989,-8.789,-0.684,-4.776,-0.84,12.81,-2.87
58608.0,-8.758,-0.302,-4.781,-8.648,-0.096,-4.393,8.68,12.81,-1.19
,-8.547,-0.041,-4.759,-8.772,-0.268,-4.331,8.05,13.23,-0.98
,-8.557,-0.055,-4.752,-8.677,-0.416,-4.549,5.46,13.72,-0.91
,-8.643,-0.12,-4.599,-8.681,-0.644,-4.654,3.36,14.63,-0.98
58684.0,-8.538,-1.125,-4.736,-8.339,-1.85,-5.073,0.84,17.29,-0.21
,-8.591,-1.397,-4.908,-8.346,-1.84,-5.049,2.45,16.52,0.98
,-8.488,-1.536,-5.011,-8.581,-1.575,-5.422,5.04,15.47,1.12
,-8.339,-1.728,-5.044,-8.442,-1.395,-5.506,7.77,16.17,1.89
58760.0,-8.411,-1.34,-5.406,-8.524,-0.763,-5.061,18.41,13.3,4.62
,-8.368,-1.237,-5.422,-8.464,-0.273,-4.937,17.71,13.79,5.04
,-8.222,-1.115,-5.497,-8.308,0.16,-5.085,18.9,14.84,5.6
,-8.361,-1.053,-5.329,-8.698,0.476,-5.128,18.97,14.63,5.11
58836.0,-8.509,0.201,-5.42,-8.277,0.505,-5.664,15.68,12.88,2.66
,-8.708,0.115,-5.183,-8.366,0.172,-5.53,15.19,12.11,1.19
,-8.595,0.388,-5.355,-8.418,0.16,-5.329,15.61,9.66,-0.28
,-8.437,0.476,-5.444,-8.581,0.215,-5.281,15.12,7.98,-2.45
58911.0,-8.435,0.11,-5.549,-8.263,-0.9,-5.992,19.6,9.45,-8.47
,-8.363,-0.177,-5.556,-8.066,-1.189,-6.004,18.76,9.31,-9.45
,-8.265,-0.641,-5.765,-7.954,-1.618,-6.006,16.1,9.17,-9.45
,-8.531,-1.046,-5.523,-8.15,-2.0,-5.937,13.79,7.7,-8.47
58987.0,-8.241,-2.324,-5.525,-8.129,-1.874,-6.2,15.26,1.82,-5.53
,-8.445,-2.166,-5.944,-8.179,-2.312,-5.968,17.64,-0.77,-4.06
,-8.536,-2.008,-5.836,-8.074,-2.405,-5.824,18.06,-1.54,-2.52
,-8.507,-1.989,-5.98,-7.839,-2.472,-5.776,17.36,-2.03,-1.33
59062.0,-8.069,-2.666,-5.52,-8.435,-0.625,-6.049,15.75,-4.55,6.65
,-8.244,-2.137,-5.678,-8.457,-0.558,-5.968,18.62,-5.04,8.4
,-8.373,-1.244,-5.987,-8.449,-0.653,-5.87,20.72,-5.88,9.66
,-8.449,-0.66,-5.932,-8.267,-1.122,-5.542,20.23,-6.23,9.31
59138.0,-8.236,-1.675,-5.147,-8.442,-0.835,-5.461,11.41,-1.89,10.15
,-8.445,-1.764,-4.946,-8.464,-0.541,-5.602,11.34,-4.34,10.57
,-8.229,-1.649,-5.26,-8.428,-0.335,-5.578,11.69,-6.3,10.22
,-8.344,-1.352,-5.358,-8.327,-0.325,-5.439,12.39,-6.44,10.15
59214.0,-8.308,-0.364,-5.353,-8.423,-0.459,-5.123,9.1,-2.45,7.07
,-8.512,-0.61,-5.147,-8.43,-0.017,-5.425,7.21,-0.35,6.72
,-8.466,-0.617,-5.243,-8.488,0.565,-5.645,6.23,1.05,6.23
,-8.552,-0.479,-5.054,-8.43,0.165,-5.26,5.04,2.03,5.67
59290.0,-8.476,-0.129,-5.049,-8.2,-2.324,-4.774,-3.85,-0.07,-1.33
,-8.478,-0.292,-5.2,-8.229,-2.094,-5.162,-5.95,-0.14,-2.45
,-8.6,-1.012,-4.903,-8.406,-1.414,-5.492,-9.94,1.12,-1.54
,-8.461,-1.773,-4.52,-8.744,-0.94,-5.386,-12.46,2.24,0.07
59365.0,-8.567,-0.637,-5.377,-8.614,-0.859,-5.473,-9.66,0.77,5.04
,-8.478,-0.397,-5.465,-8.48,-0.866,-5.513,-12.32,0.56,4.55
,-8.622,-0.457,-5.384,-8.48,-0.749,-5.492,-16.24,0.42,4.41
,-8.624,-0.467,-5.566,-8.483,-0.596,-5.489,-18.9,0.14,4.55
59441.0,-8.65,-0.763,-5.25,-8.318,-1.383,-5.59,-15.33,-1.96,2.17
,-8.631,-1.326,-4.817,-8.433,-1.493,-5.365,-16.38,-1.89,2.59
,-8.624,-1.292,-5.109,-8.502,-1.625,-5.114,-14.84,-2.17,4.27
,-8.531,-1.266,-5.374,-8.528,-1.563,-4.879,-14.14,-2.38,6.79
59517.0,-8.533,-1.129,-5.159,-8.524,0.084,-5.173,-9.45,-1.75,11.48
,-8.442,-0.814,-5.3,-8.509,0.048,-5.252,-8.75,-1.68,12.25
,-8.423,-0.258,-5.458,-8.547,-0.122,-5.133,-7.84,-2.8,11.97
,-8.581,-0.048,-5.374,-8.569,-0.122,-5.293,-9.52,-3.57,11.2
59593.0,-8.634,-0.244,-5.36,-8.256,-0.404,-5.166,-13.58,-6.3,5.18
,-8.638,-0.309,-5.355,-8.215,-0.419,-5.133,-11.48,-6.93,4.62
,-8.605,-0.538,-5.296,-8.547,-0.567,-5.001,-9.17,-7.42,3.78
,-8.55,-0.596,-5.173,-8.827,-0.397,-5.073,-5.95,-7.42,2.94
59669.0,-8.775,-0.251,-5.133,-8.729,-0.723,-4.98,5.18,-6.44,0.77
,-8.452,-0.129,-5.209,-8.509,-0.503,-5.047,3.99,-5.88,0.63
,-8.61,-0.335,-5.157,-8.413,-0.414,-5.121,0.49,-5.95,1.12
,-8.579,-0.548,-5.004,-8.495,-0.297,-5.128,-2.38,-7.7,1.26
59744.0,-8.514,-0.285,-5.114,-8.684,-0.134,-4.726,0.07,-10.5,0.28
,-8.521,-0.522,-5.006,-8.77,0.122,-4.733,-0.28,-9.38,1.05
,-8.576,-0.507,-4.846,-8.768,0.242,-4.915,1.33,-8.33,1.68
,-8.591,-0.33,-4.841,-8.938,0.031,-4.85,4.34,-7.7,1.61
59820.0,-8.739,-0.481,-4.501,-8.871,-0.39,-4.719,1.33,-9.87,-0.35
,-8.758,-0.744,-4.367,-8.868,-0.163,-4.8,0.91,-10.92,-1.33
,-8.643,-0.751,-4.547,-8.545,-0.16,-4.771,2.52,-11.41,-1.61
,-8.732,-0.663,-4.415,-8.342,-0.294,-4.554,4.97,-11.76,-1.33
59895.0,-8.643,-0.474,-4.602,-8.677,-0.235,-4.683,2.38,-9.1,0.77
,-8.775,-0.608,-4.558,-8.696,-0.294,-4.566,3.71,-8.33,0.91
,-8.844,-0.471,-4.523,-8.746,-0.333,-4.532,6.44,-8.05,1.05
,-8.72,-0.325,-4.611,-8.961,-0.28,-4.652,8.26,-8.05,0.84
59971.0,-8.949,-0.151,-4.621,-8.808,-0.696,-4.468,7.77,-8.89,-0.07
,-8.808,-0.208,-4.59,-8.844,-0.694,-4.346,6.93,-9.38,-0.49
,-8.71,-0.325,-4.573,-8.983,-0.392,-4.353,5.88,-9.24,-1.12
,-8.782,-0.488,-4.458,-9.06,0.091,-4.513,5.25,-8.89,-0.91
60047.0,-8.894,0.266,-4.57,-8.973,-0.558,-4.379,7.56,-12.53,-1.61
,-8.763,0.103,-4.647,-8.988,-0.457,-4.29,4.27,-12.6,-2.31
,-8.784,-0.132,-4.575,-8.942,-0.223,-4.212,1.96,-12.53,-2.94
,-8.789,-0.459,-4.31,-8.899,-0.172,-4.35,1.75,-12.95,-3.43
60123.0,-8.815,-0.302,-4.185,-9.098,-0.964,-3.723,-2.45,-16.03,-6.65
,-8.911,-0.481,-4.092,-9.026,-0.957,-3.661,-2.59,-15.47,-7.0
,-8.88,-0.641,-3.733,-8.942,-0.821,-3.944,-2.45,-15.26,-7.28
,-9.119,-0.89,-3.673,-8.863,-0.687,-3.965,-2.31,-15.54,-7.77
60198.0,-9.009,-0.565,-3.601,-9.081,-0.44,-3.826,3.92,-13.79,-4.27
,-9.098,-0.593,-3.475,-9.045,-0.596,-3.683,4.06,-13.65,-3.78
,-9.179,-0.668,-3.661,-9.012,-0.828,-3.463,2.94,-14.0,-4.2
,-9.143,-0.512,-3.616,-9.141,-1.161,-3.35,2.24,-14.49,-4.27
60274.0,-9.081,-1.285,-3.142,-9.28,-0.354,-3.553,3.08,-12.53,-3.64
,-9.198,-1.067,-2.931,-9.146,-0.285,-3.826,6.58,-11.55,-2.8
,-9.349,-0.895,-3.228,-9.072,-0.287,-3.475,9.73,-11.06,-2.59
,-9.335,-0.725,-3.271,-9.021,-0.266,-3.276,10.5,-10.85,-2.24
60350.0,-9.05,-0.4,-2.682,-9.404,-0.409,-3.374,4.13,-9.1,-4.48
,-9.344,-0.579,-2.546,-9.024,-0.821,-3.23,4.06,-8.26,-4.9
,-9.603,-0.433,-2.424,-9.026,-1.323,-3.118,3.22,-7.91,-5.67
,-9.639,-0.206,-2.934,-9.186,-1.508,-3.077,-0.42,-7.91,-6.93
60426.0,-9.258,-1.196,-3.223,-9.222,-1.012,-3.376,-2.52,-4.62,-4.2
,-9.294,-0.83,-3.345,-9.273,-0.916,-3.568,-1.12,-4.13,-3.78
,-9.275,-0.785,-3.424,-9.251,-0.718,-3.463,-2.1,-3.64,-3.43
,-9.196,-0.905,-3.46,-9.182,-0.577,-3.527,-2.87,-3.22,-3.01
60501.0,-9.229,-0.572,-3.408,-9.076,-0.706,-3.64,2.17,-2.8,-1.82
,-9.371,-0.586,-3.295,-9.062,-1.027,-3.348,2.1,-2.59,-1.75
,-9.416,-0.598,-3.616,-9.141,-1.168,-3.321,0.98,-2.87,-2.38
,-9.318,-0.517,-3.711,-9.282,-1.161,-3.142,-0.42,-3.36,-2.73
60577.0,-9.311,-0.938,-2.922,-9.296,-1.137,-2.558,2.24,-2.17,-0.98
,-9.342,-0.696,-2.687,-9.308,-1.058,-2.613,1.61,-1.61,-0.7
,-9.404,-0.792,-2.517,-9.409,-0.938,-2.895,-0.28,-0.7,-0.7
,-9.428,-0.94,-2.661,-9.308,-0.787,-2.967,-1.82,0.35,-0.84
60653.0,-9.196,-0.782,-2.848,-9.316,-0.95,-2.838,0.0,4.55,0.35
,-9.313,-0.859,-2.831,-9.311,-0.967,-2.946,0.0,5.39,0.42
,-9.366,-1.0,-2.879,-9.32,-0.802,-3.185,0.42,5.95,0.77
,-9.337,-0.95,-2.84,-9.383,-0.682,-3.599,1.54,6.44,1.19
60728.0,-9.237,-0.668,-3.872,-9.105,-0.811,-4.36,1.54,8.19,0.63
,-9.045,-0.766,-4.118,-9.119,-0.486,-4.288,1.26,7.77,0.63
,-9.095,-0.938,-4.231,-9.162,-0.436,-4.08,2.59,7.35,0.91
,-9.105,-1.01,-4.36,-9.222,-0.512,-3.908,5.04,6.51,1.12
60804.0,-9.289,-0.629,-3.673,-9.363,-0.972,-3.281,3.71,2.52,0.91
,-9.239,-0.672,-3.408,-9.239,-0.948,-3.388,2.45,2.66,0.7
,-9.21,-0.787,-3.221,-9.222,-0.907,-3.439,1.05,2.66,0.42
,-9.251,-0.988,-3.044,-9.239,-0.864,-3.532,0.49,3.22,0.63
60880.0,-9.196,-0.771,-3.647,-9.253,-0.826,-3.972,-0.77,4.13,0.28
,-9.153,-0.739,-3.723,-9.165,-0.715,-3.917,-0.7,3.71,0.21
,-9.119,-0.821,-3.704,-9.203,-0.605,-4.039,-0.49,3.57,0.21
,-9.208,-0.771,-3.85,-9.189,-0.639,-3.944,0.49,3.22,0.28
60956.0,-9.148,-0.756,-3.795,-9.165,-0.826,-3.348,2.38,1.05,0.14
,-9.222,-0.828,-3.64,-9.21,-0.895,-3.324,1.82,0.98,-0.07
,-9.191,-0.847,-3.515,-9.194,-0.95,-3.233,1.47,1.05,-0.14
,-9.22,-0.759,-3.51,-9.227,-0.95,-3.12,1.05,1.05,-0.42
61031.0,-9.296,-0.876,-3.333,-9.045,-0.895,-3.977,2.03,2.8,0.7
,-9.318,-0.761,-3.522,-9.112,-0.916,-4.008,2.38,3.22,0.7
,-9.222,-0.761,-3.795,-9.122,-0.905,-3.857,1.4,3.08,0.35
,-9.103,-0.773,-3.905,-9.143,-0.94,-3.8,0.7,2.73,0.21
61107.0,-9.215,-0.826,-3.769,-9.186,-0.833,-3.676,4.9,1.61,1.61
,-9.263,-0.818,-3.776,-9.234,-0.96,-3.465,5.25,1.54,1.47
,-9.179,-0.759,-3.817,-9.206,-0.936,-3.302,5.18,1.4,1.4
,-9.177,-0.821,-3.714,-9.186,-0.95,-3.259,5.25,1.54,1.4
61183.0,-9.306,-0.787,-3.218,-9.148,-0.572,-3.75,7.7,2.73,2.1
,-9.32,-0.577,-3.343,-9.115,-0.739,-3.702,6.79,3.01,1.82
,-9.318,-0.507,-3.475,-9.153,-0.809,-3.721,4.69,2.94,1.47
,-9.182,-0.495,-3.589,-9.127,-0.876,-3.604,2.03,3.01,0.84
61259.0,-9.148,-0.792,-3.518,-9.174,-0.668,-3.642,-0.98,2.73,0.35
,-9.284,-0.704,-3.364,-9.11,-0.909,-3.654,-1.19,2.94,0.35
,-9.344,-0.644,-3.496,-9.11,-1.024,-3.628,-2.17,2.87,-0.21
,-9.232,-0.658,-3.489,-9.141,-1.096,-3.764,-2.87,3.15,-0.21
61334.0,-9.105,-1.098,-3.807,-9.177,-0.73,-3.709,0.56,3.78,1.05
,-9.086,-0.981,-3.776,-9.263,-0.713,-3.845,2.17,3.57,1.47
,-9.17,-0.84,-3.754,-9.201,-0.68,-3.647,3.01,3.64,1.61
,-9.174,-0.775,-3.771,-9.15,-0.809,-3.549,2.94,3.64,1.75
61410.0,-9.15,-0.986,-3.307,-9.454,-0.546,-3.331,1.68,3.71,1.61
,-9.258,-1.103,-3.297,-9.196,-0.433,-3.3,2.59,4.2,1.33
,-9.244,-1.012,-3.015,-9.088,-0.577,-2.967,3.64,4.34,1.47
,-9.294,-0.625,-3.132,-9.172,-0.558,-2.79,4.34,4.34,1.61
61485.0,-9.311,-0.414,-2.74,-8.868,-1.364,-3.788,-6.86,5.46,-1.54
,-9.409,-0.256,-3.408,-8.983,-1.682,-3.257,-8.4,5.25,-2.24
,-9.284,-0.495,-3.845,-9.081,-1.383,-3.271,-11.97,5.04,-3.15
,-8.964,-0.79,-3.769,-9.191,-0.955,-3.537,-15.47,5.25,-2.66
61561.0,-9.095,-0.514,-3.996,-8.966,-1.201,-3.211,0.91,5.81,0.7
,-9.016,-0.4,-4.195,-9.363,-1.211,-3.439,-0.77,6.16,1.26
,-8.906,-0.605,-4.099,-9.402,-0.766,-3.795,-4.48,6.93,2.1
,-8.827,-0.995,-3.484,-9.208,-0.483,-4.403,-5.81,8.89,4.06
61637.0,-8.67,-0.78,-4.348,-9.287,-0.869,-3.944,-9.66,5.81,0.84
,-8.485,-1.33,-3.592,-9.139,-0.493,-4.092,-10.5,8.26,2.38
,-8.878,-1.572,-3.496,-8.887,-0.715,-3.726,-4.76,9.87,3.36
,-9.265,-1.33,-3.738,-8.65,-0.952,-3.343,2.59,9.66,3.57
61713.0,-8.873,-0.998,-2.553,-8.892,0.648,-4.52,13.86,16.66,9.73
,-9.38,-0.555,-2.654,-8.55,-0.077,-4.274,20.16,16.73,9.87
,-9.629,0.285,-3.233,-8.787,-0.914,-4.307,21.21,14.84,8.12
,-9.533,0.893,-3.936,-9.043,-1.244,-4.482,16.24,12.81,5.67
61789.0,-9.246,-1.462,-4.652,-8.94,-1.5,-3.862,1.19,11.55,3.01
,-8.603,-1.5,-4.695,-9.043,-0.696,-3.845,2.45,10.43,3.01
,-8.323,-1.622,-4.305,-9.287,0.105,-4.264,3.92,12.18,4.13
,-8.552,-1.857,-3.8,-9.088,0.68,-4.965,7.28,14.91,5.74
61864.0,-8.806,0.799,-4.87,-8.871,-0.72,-4.999,9.87,12.25,6.23
,-8.758,0.392,-4.561,-8.646,-1.046,-4.867,3.5,13.79,5.67
,-8.868,-0.172,-4.501,-8.447,-1.208,-4.381,0.21,13.58,3.92
,-9.119,-0.531,-4.59,-8.588,-1.223,-3.766,0.14,11.97,2.8
61940.0,-9.232,-0.548,-3.542,-8.224,0.232,-5.171,16.24,15.26,1.4
,-9.596,0.426,-4.372,-8.433,-0.885,-4.568,19.81,11.69,1.05
,-9.258,0.993,-5.19,-8.983,-1.295,-4.599,16.66,8.82,0.28
,-8.672,1.053,-5.389,-9.179,-1.388,-4.896,9.17,8.12,-0.42
62016.0,-8.938,-1.33,-4.972,-8.978,-1.271,-4.398,4.9,7.07,-0.42
,-8.49,-1.467,-4.692,-9.007,-0.943,-4.391,5.04,7.56,0.35
,-8.478,-1.62,-4.269,-8.567,-0.469,-4.58,4.9,8.96,1.26
,-8.777,-1.464,-4.13,-8.473,-0.278,-4.379,7.0,9.73,2.31
62092.0,-8.526,-0.203,-4.173,-8.902,0.5,-5.15,5.81,10.57,2.24
,-8.772,0.129,-4.353,-8.66,0.249,-4.98,5.32,11.41,1.47
,-9.143,0.352,-4.523,-8.445,-0.357,-4.692,5.81,11.06,0.56
,-9.095,0.593,-5.123,-8.564,-0.562,-4.602,4.97,9.03,-0.77
62167.0,-8.806,-0.756,-4.472,-8.555,-0.431,-5.011,5.46,12.53,-1.68
,-8.851,-0.589,-4.74,-8.648,-0.486,-4.956,7.63,10.78,-1.89
,-8.686,-0.443,-4.815,-8.741,-0.452,-5.056,8.82,10.64,-2.31
,-8.701,-0.371,-4.87,-8.662,-0.455,-5.255,7.98,10.08,-2.87
62243.0,-8.614,-0.574,-5.193,-8.478,-1.141,-5.162,5.39,7.35,-7.49
,-8.598,-1.091,-5.173,-8.701,-1.242,-5.092,4.2,8.05,-7.21
,-8.713,-1.22,-4.85,-8.562,-1.168,-5.25,4.97,8.33,-6.93
,-8.603,-1.144,-5.023,-8.437,-1.575,-4.996,6.79,7.21,-6.93
62318.0,-8.531,-1.421,-5.063,-8.586,-1.297,-5.274,12.6,3.99,-5.74
,-8.416,-1.51,-5.162,-8.509,-1.455,-5.111,13.65,3.92,-4.34
,-8.626,-1.201,-5.183,-8.54,-1.665,-5.121,16.1,2.87,-2.8
,-8.65,-1.019,-5.346,-8.746,-1.826,-5.042,17.36,2.1,-2.1
62394.0,-8.603,-1.859,-5.032,-8.684,-1.366,-5.188,20.09,3.71,-0.42
,-8.203,-1.608,-5.13,-8.617,-1.632,-5.049,21.91,2.8,-0.07
,-8.337,-1.519,-5.001,-8.677,-1.378,-5.004,24.01,2.31,0.42
,-8.528,-1.374,-5.13,-8.576,-0.981,-5.157,24.5,0.77,0.7
62470.0,-8.662,-0.407,-5.061,-8.531,-1.204,-4.779,27.51,-0.84,3.43
,-8.662,-0.371,-5.181,-8.251,-1.12,-5.087,24.71,-1.75,2.38
,-8.844,-0.912,-4.606,-8.469,-1.362,-4.896,20.86,-2.73,1.12
,-8.789,-0.931,-4.779,-8.473,-1.642,-4.951,20.93,-4.69,0.14
62546.0,-8.631,-1.847,-4.884,-8.6,-0.754,-5.659,22.47,-1.82,0.98
,-8.653,-2.338,-4.762,-8.765,-1.721,-5.307,20.93,-2.45,2.94
,-8.318,-2.575,-4.779,-8.748,-1.948,-4.85,21.56,-2.52,5.11
,-8.323,-2.094,-4.968,-8.849,-1.804,-4.666,24.08,-2.31,7.07
62622.0,-8.325,-1.685,-4.542,-8.88,-0.467,-4.815,19.25,-3.15,10.78
,-8.351,-1.417,-4.238,-9.033,-0.424,-4.922,19.18,-2.52,11.27
,-8.284,-1.194,-4.302,-8.859,-0.871,-4.678,17.43,-1.12,11.62
,-8.641,-1.012,-4.501,-8.909,-1.029,-4.575,16.94,-0.07,11.69
62697.0,-8.612,-0.878,-4.669,-8.859,-0.019,-4.886,15.12,2.94,10.57
,-8.471,-0.574,-4.518,-8.882,-0.237,-4.728,14.14,3.99,9.94
,-8.339,0.115,-4.834,-8.653,-0.689,-4.771,12.04,3.92,8.4
,-8.488,0.196,-5.013,-8.504,-1.302,-4.7,8.19,4.97,6.51
62773.0,-8.519,-1.421,-4.788,-8.801,-0.601,-5.365,-1.75,10.78,3.15
,-8.516,-1.041,-4.903,-8.691,-1.125,-4.905,-0.7,10.5,2.45
,-8.488,-0.613,-5.324,-8.49,-1.421,-4.96,-0.7,9.59,1.26
,-8.593,-0.426,-5.475,-8.61,-1.201,-5.145,-2.66,9.8,0.35
62849.0,-8.641,-1.335,-5.128,-8.727,-1.414,-5.164,-13.02,10.15,2.31
,-8.485,-1.462,-5.037,-8.626,-1.531,-5.43,-13.93,9.66,2.17
,-8.409,-1.35,-5.389,-8.667,-1.601,-5.248,-14.14,9.17,2.1
,-8.631,-1.24,-5.255,-8.674,-1.385,-5.284,-15.05,9.03,2.73
62925.0,-8.701,-0.694,-5.592,-8.686,-0.849,-5.252,-15.89,6.79,6.3
,-8.533,-0.646,-5.602,-8.758,-0.514,-5.3,-16.45,6.16,6.02
,-8.547,-0.613,-5.525,-8.801,-0.373,-5.386,-17.85,5.88,5.67
,-8.629,-0.66,-5.461,-8.418,-0.321,-5.439,-18.48,5.67,5.95
63000.0,-8.473,-0.153,-5.42,-8.418,-1.374,-5.501,-20.3,2.31,6.72
,-8.6,-0.323,-5.573,-8.404,-1.457,-5.578,-21.7,2.17,5.95
,-8.729,-0.847,-5.537,-8.536,-1.347,-5.37,-23.17,1.82,5.67
,-8.689,-1.165,-5.544,-8.461,-1.242,-5.451,-22.68,1.47,6.23
63076.0,-8.526,-1.125,-5.468,-8.488,-0.651,-5.528,-10.78,-1.4,7.7
,-8.507,-0.897,-5.662,-8.701,-0.589,-5.571,-9.45,-1.4,7.63
,-8.49,-0.663,-5.631,-8.655,-0.476,-5.619,-9.94,-1.33,7.98
,-8.344,-0.648,-5.554,-8.741,-0.474,-5.267,-10.5,-1.33,8.12
63151.0,-8.727,-0.177,-5.425,-8.509,-0.364,-4.98,-5.88,-9.52,4.13
,-8.497,-0.172,-5.604,-8.531,-0.268,-5.114,-4.69,-11.27,2.31
,-8.311,-0.364,-5.221,-8.689,-0.127,-5.209,-4.62,-11.06,1.05
,-8.452,-0.433,-5.042,-8.751,-0.132,-5.09,-3.57,-9.94,0.28
63227.0,-8.88,-0.127,-5.233,-8.473,-0.366,-5.027,1.05,-9.59,-0.49
,-8.413,-0.089,-5.248,-8.631,-0.658,-4.714,-0.35,-8.89,0.63
,-8.344,-0.182,-5.233,-8.713,-0.601,-4.561,-1.61,-8.05,1.4
,-8.38,-0.27,-5.183,-8.61,-0.596,-4.396,-2.87,-8.33,1.26
63303.0,-8.727,-0.409,-4.377,-8.839,-0.766,-4.262,-2.1,-10.71,0.14
,-8.684,-0.304,-4.379,-8.672,-0.596,-4.642,-1.47,-9.87,0.91
,-8.732,-0.213,-4.439,-8.483,-0.445,-4.669,-1.05,-9.94,0.98
,-8.605,-0.792,-4.369,-8.5,-0.445,-4.58,-2.87,-10.01,0.84
63379.0,-8.727,-0.397,-4.503,-8.681,0.038,-4.489,6.65,-7.0,1.89
,-9.239,-0.194,-4.573,-8.763,-0.304,-4.393,5.25,-8.47,0.49
,-8.997,0.067,-4.537,-8.942,-0.412,-4.465,2.66,-10.64,-0.7
,-8.734,0.239,-4.57,-8.916,-0.345,-4.515,-0.56,-11.2,-0.63
63455.0,-8.799,-0.168,-4.432,-8.648,-0.433,-4.513,-2.1,-10.36,-2.45
,-8.758,-0.022,-4.482,-8.859,-0.383,-4.616,-1.61,-10.08,-2.73
,-8.835,-0.024,-4.465,-8.801,-0.177,-4.537,-2.94,-9.73,-3.01
,-8.722,-0.232,-4.52,-8.813,-0.017,-4.427,-4.48,-8.61,-2.31
63530.0,-8.837,-0.158,-4.551,-8.839,-0.708,-4.487,-1.54,-7.84,-3.92
,-8.866,-0.352,-4.441,-8.782,-0.768,-4.274,-2.94,-7.98,-4.13
,-8.902,-0.481,-4.48,-8.897,-0.658,-4.329,-3.15,-8.12,-3.64
,-8.899,-0.684,-4.554,-8.981,-0.684,-4.31,-3.29,-8.89,-3.71
63606.0,-8.93,-0.725,-4.41,-8.985,-0.653,-3.941,-0.14,-11.2,-2.73
,-8.832,-0.665,-4.274,-9.155,-0.555,-3.963,0.0,-11.41,-2.59
,-8.871,-0.503,-4.164,-8.981,-0.445,-4.293,0.56,-11.34,-2.38
,-8.916,-0.538,-4.073,-8.859,-0.538,-4.403,0.49,-11.2,-2.87
63682.0,-8.732,-0.589,-4.276,-9.165,-0.179,-3.494,1.33,-13.44,-2.38
,-8.978,-0.474,-3.932,-9.162,-0.084,-3.515,3.36,-13.23,-2.59
,-8.978,-0.361,-3.786,-9.016,-0.089,-3.501,4.48,-12.81,-2.94
,-9.088,-0.22,-3.58,-9.002,-0.419,-3.443,5.04,-12.18,-3.08
63758.0,-8.971,-0.809,-3.12,-9.153,0.103,-3.338,-0.14,-9.45,-4.13
,-9.21,-0.895,-3.23,-9.143,0.112,-3.242,3.64,-8.68,-3.15
,-9.313,-0.857,-3.307,-9.112,-0.206,-3.058,6.44,-8.75,-2.38
,-9.208,-0.297,-3.398,-9.158,-0.536,-2.883,8.05,-8.82,-2.24
63833.0,-9.17,-0.732,-3.163,-8.966,-1.077,-3.989,-4.48,-5.81,-6.58
,-9.189,-0.821,-3.352,-8.873,-1.326,-3.857,-4.83,-5.39,-6.58
,-9.162,-0.847,-3.549,-9.038,-1.347,-3.788,-4.62,-5.25,-6.79
,-9.095,-0.936,-3.869,-9.229,-1.182,-3.642,-4.13,-5.04,-6.58
63909.0,-9.273,-0.713,-3.652,-9.258,-0.467,-3.424,6.93,-4.48,-1.26
,-9.244,-0.29,-3.398,-9.182,-0.56,-3.47,6.65,-3.99,-1.4
,-9.256,-0.172,-3.108,-9.16,-0.747,-3.63,3.57,-3.64,-2.1
,-9.32,-0.213,-3.539,-9.117,-0.921,-3.678,0.63,-3.22,-2.59
63984.0,-9.05,-0.747,-3.85,-9.234,-0.524,-3.778,5.46,-2.87,-1.19
,-9.093,-0.634,-3.92,-9.115,-0.699,-3.482,6.3,-3.08,-1.26
,-9.086,-0.495,-3.747,-9.162,-0.782,-3.393,6.23,-3.36,-1.4
,-9.241,-0.402,-3.946,-9.258,-0.847,-3.522,5.25,-3.43,-1.96
64060.0,-9.179,-0.864,-3.515,-9.139,-0.483,-3.97,0.49,-3.08,-2.45
,-9.215,-0.627,-3.632,-9.06,-0.581,-3.843,1.54,-3.01,-1.68
,-9.203,-0.629,-3.723,-9.186,-0.641,-3.929,1.89,-2.8,-1.54
,-9.129,-0.526,-3.886,-9.294,-0.57,-3.862,3.15,-2.73,-1.33
64136.0,-9.107,-0.476,-3.422,-9.337,-0.706,-2.714,6.23,-3.22,-1.4
,-9.05,-0.543,-2.883,-9.182,-0.972,-2.441,5.88,-2.66,-1.33
,-9.407,-0.672,-2.867,-9.203,-1.07,-2.347,4.9,-2.03,-1.61
,-9.438,-0.739,-2.651,-9.421,-1.091,-2.546,4.27,-1.4,-1.61
64212.0,-9.411,-0.921,-2.704,-9.268,-1.024,-3.455,2.45,5.25,-0.42
,-9.294,-0.66,-3.039,-9.308,-0.814,-3.836,2.45,6.09,-0.42
,-9.184,-0.665,-3.111,-9.241,-0.452,-4.599,0.98,6.86,-0.63
,-9.088,-0.84,-3.094,-9.028,-0.433,-4.515,0.28,7.84,-0.14
64287.0,-8.894,-0.579,-4.362,-9.167,-0.531,-3.738,2.73,5.88,0.42
,-9.007,-0.723,-4.109,-9.158,-0.833,-3.673,3.36,5.74,0.56
,-9.234,-0.708,-4.161,-9.091,-1.048,-3.599,3.71,5.04,0.42
,-9.196,-0.562,-3.881,-9.167,-1.015,-3.594,3.01,4.48,0.28
64363.0,-9.275,-0.881,-3.597,-9.249,-0.706,-3.877,2.52,4.69,0.35
,-9.277,-0.713,-3.707,-9.213,-0.639,-4.066,3.08,4.69,0.49
,-9.162,-0.66,-3.743,-9.064,-0.546,-3.996,3.01,4.41,0.42
,-9.112,-0.747,-3.697,-9.028,-0.589,-3.874,3.15,4.62,0.7
64439.0,-9.131,-0.601,-4.008,-9.141,-0.792,-3.865,4.2,3.57,0.63
,-9.141,-0.677,-4.02,-9.15,-0.727,-3.793,3.64,3.01,0.28
,-9.074,-0.675,-3.958,-9.162,-0.632,-3.685,2.52,2.73,0.07
,-9.055,-0.785,-3.898,-9.134,-0.672,-3.659,1.75,2.66,-0.07
64515.0,-9.172,-0.694,-3.544,-9.191,-0.672,-3.68,2.38,2.94,-0.21
,-9.246,-0.68,-3.412,-9.067,-0.701,-3.848,2.59,3.36,-0.07
,-9.217,-0.785,-3.431,-9.04,-0.835,-3.826,2.52,3.92,0.14
,-9.292,-0.797,-3.57,-9.081,-0.864,-3.831,2.73,3.92,0.14
64591.0,-9.191,-0.766,-3.977,-9.103,-0.845,-3.991,1.47,3.64,-0.14
,-9.182,-0.615,-4.066,-9.124,-0.737,-3.991,1.4,3.22,-0.42
,-9.028,-0.62,-4.015,-9.131,-0.778,-3.963,0.49,2.94,-0.7
,-9.021,-0.751,-3.989,-9.055,-0.821,-3.929,0.35,3.01,-0.42
64666.0,-9.036,-0.888,-3.709,-9.088,-0.804,-3.807,1.4,2.24,-0.56
,-9.153,-0.888,-3.743,-9.074,-0.95,-3.702,1.75,2.24,-0.49
,-9.22,-0.775,-3.81,-9.069,-0.972,-3.769,1.89,2.17,-0.42
,-9.16,-0.692,-3.819,-9.083,-0.797,-3.592,0.91,1.96,-0.56
64742.0,-9.158,-0.651,-3.654,-9.162,-0.945,-3.826,0.35,2.38,-0.49
,-9.148,-0.462,-3.609,-9.153,-0.957,-3.982,-1.26,2.1,-0.98
,-9.16,-0.519,-3.702,-9.021,-0.849,-4.02,-3.5,1.96,-1.47
,-9.15,-0.739,-3.743,-8.933,-0.763,-3.989,-5.46,2.31,-1.54
64817.0,-9.06,-0.859,-3.991,-9.072,-0.814,-3.994,-3.99,2.38,-0.98
,-9.103,-0.938,-3.869,-9.076,-0.885,-4.011,-3.5,2.17,-0.7
,-9.146,-0.94,-3.841,-9.04,-0.952,-3.91,-2.73,2.1,-0.42
,-9.11,-0.866,-3.994,-9.083,-0.998,-3.716,-1.82,1.89,-0.28
64893.0,-9.088,-0.909,-3.714,-9.11,-0.964,-3.687,3.22,2.94,2.03
,-9.117,-0.833,-3.709,-9.112,-1.01,-3.69,3.57,2.94,2.24
,-9.091,-0.809,-3.678,-9.213,-0.986,-3.853,3.36,3.08,2.31
,-9.11,-0.919,-3.719,-9.165,-0.826,-4.046,2.38,3.22,2.03
64969.0,-9.11,-0.689,-4.276,-9.069,-0.529,-3.812,0.98,2.59,1.19
,-9.007,-0.646,-4.202,-9.277,-0.376,-3.893,-0.21,1.89,1.12
,-9.057,-0.526,-4.319,-9.363,-0.16,-4.341,-0.84,1.54,1.19
,-9.067,-0.577,-4.111,-9.196,-0.048,-4.645,-1.75,1.33,1.26
65045.0,-8.94,-0.165,-4.692,-9.088,-0.495,-3.64,-10.57,-2.52,-2.17
,-8.818,-0.486,-4.42,-9.086,-0.251,-3.321,-12.95,-2.45,-1.68
,-8.933,-0.747,-4.078,-9.311,-0.318,-3.331,-12.18,-2.45,-1.26
,-9.062,-0.677,-3.874,-9.289,-0.823,-3.168,-10.01,-2.73,-1.19
65120.0,-9.119,-1.314,-3.305,-9.217,-0.833,-3.24,-16.8,0.28,-2.59
,-9.045,-1.639,-2.931,-9.122,-0.507,-3.671,-12.53,1.96,-0.7
,-9.15,-1.721,-2.898,-9.074,-0.538,-3.795,-7.56,2.8,0.63
,-9.275,-1.302,-3.144,-8.887,-0.658,-3.671,-2.24,2.8,1.47
65196.0,-9.119,-0.555,-4.116,-8.768,-1.519,-3.41,-6.51,2.17,1.61
,-9.031,-0.622,-3.972,-8.954,-1.39,-2.843,-6.16,3.78,2.94
,-8.782,-0.9,-3.888,-9.232,-0.964,-1.893,-4.55,5.46,4.41
,-8.82,-1.395,-3.853,-9.706,-0.493,-2.441,-2.59,6.3,4.69
65271.0,-9.574,-0.27,-2.728,-8.552,-0.938,-4.147,12.6,9.38,7.91
,-9.426,-0.23,-3.812,-8.715,-0.694,-3.738,6.3,8.12,7.28
,-8.885,-0.392,-4.36,-8.808,-0.235,-3.542,0.21,8.05,6.58
,-8.552,-0.842,-4.341,-9.143,0.589,-3.202,-2.45,9.1,6.16
65347.0,-9.282,1.18,-3.484,-9.036,-0.629,-4.207,13.86,12.74,2.45
,-9.387,1.625,-2.974,-8.583,-1.859,-4.391,8.05,12.46,0.49
,-9.502,1.424,-3.721,-8.399,-2.675,-4.238,-1.61,11.06,-2.31
,-9.368,0.486,-4.137,-8.437,-2.876,-3.939,-11.13,10.64,-4.06
65423.0,-8.643,-2.575,-3.805,-8.938,0.771,-4.726,11.9,16.59,5.6
,-8.842,-1.845,-3.764,-8.887,0.955,-4.882,20.58,16.87,6.44
,-9.086,-0.916,-4.128,-8.842,0.574,-4.712,25.13,16.17,7.28
,-9.045,0.101,-4.925,-9.052,0.11,-4.748,23.66,14.56,7.28
65499.0,-8.942,-0.44,-4.939,-8.373,-2.711,-4.365,-5.32,10.15,-0.91
,-8.693,-1.184,-5.13,-8.703,-2.18,-4.188,-7.0,10.57,-0.49
,-8.471,-2.041,-5.068,-9.067,-1.421,-4.247,-5.81,11.9,1.96
,-8.311,-2.644,-4.769,-9.217,-0.562,-4.401,0.21,13.3,5.04
65575.0,-9.105,0.0,-4.86,-8.835,-0.206,-4.372,24.36,10.92,12.6
,-8.689,0.069,-4.848,-8.959,-0.093,-4.446,17.5,10.57,12.81
,-8.44,0.057,-4.755,-9.036,0.062,-4.477,11.55,11.13,12.39
,-8.495,-0.187,-4.606,-8.701,0.479,-4.57,8.4,12.18,11.41
65650.0,-8.686,0.768,-4.499,-8.93,0.912,-4.908,7.84,10.78,5.95
,-8.914,0.998,-4.664,-8.705,0.294,-4.769,7.63,10.64,4.48
,-8.945,1.213,-4.877,-8.626,-0.479,-4.52,6.86,10.92,3.15
,-9.036,1.158,-4.917,-8.784,-0.861,-4.484,6.09,10.43,1.61
65726.0,-8.705,-1.019,-4.578,-8.583,-0.792,-4.594,4.69,12.11,-2.73
,-8.777,-0.955,-4.614,-8.586,-0.586,-4.633,7.63,11.69,-1.89
,-8.603,-0.907,-4.819,-8.732,0.06,-4.74,8.96,11.62,-0.42
,-8.533,-1.039,-4.731,-8.693,0.804,-4.994,8.61,12.18,0.91
65802.0,-8.794,1.213,-4.853,-8.564,0.378,-4.826,5.25,8.61,-3.92
,-8.732,1.338,-4.98,-8.394,-0.613,-4.458,1.47,8.33,-6.58
,-8.873,1.129,-4.958,-8.476,-1.302,-4.508,-1.82,7.56,-8.89
,-8.765,0.924,-4.893,-8.574,-2.182,-4.678,-3.5,7.28,-10.5
65878.0,-8.643,-2.871,-4.987,-8.337,-1.802,-5.331,5.67,10.85,-7.0
,-8.44,-3.094,-5.183,-8.478,-1.108,-5.219,14.84,10.29,-4.48
,-8.272,-3.01,-5.214,-8.612,-0.33,-5.039,23.38,10.29,-1.89
,-8.196,-2.52,-5.2,-8.445,0.299,-5.272,30.66,10.43,0.28
65953.0,-8.519,0.208,-5.106,-8.567,0.153,-5.592,18.06,8.96,-0.42
,-8.521,0.01,-5.123,-8.428,0.05,-5.595,12.04,10.22,-1.12
,-8.478,-0.187,-5.181,-8.476,-0.053,-5.774,11.69,10.92,-1.61
,-8.691,0.203,-5.506,-8.741,-0.4,-5.671,13.37,10.71,-2.66
66029.0,-8.717,-0.56,-5.769,-8.323,-1.299,-5.482,19.67,5.88,-8.12
,-8.619,-0.885,-5.528,-8.334,-1.457,-5.58,19.04,4.41,-9.03
,-8.303,-1.17,-5.386,-8.466,-1.826,-5.468,19.04,4.13,-8.96
,-8.452,-1.261,-5.47,-8.337,-2.127,-5.621,20.09,3.99,-8.4
66104.0,-8.323,-2.302,-5.753,-8.38,-2.618,-5.422,20.3,2.03,-2.73
,-8.337,-2.302,-5.607,-8.277,-2.371,-5.334,21.28,1.47,-0.49
,-8.334,-2.642,-5.415,-8.404,-2.213,-5.26,21.14,0.91,1.96
,-8.244,-2.647,-5.568,-8.464,-1.957,-4.975,22.96,0.14,3.5
66180.0,-8.452,-1.464,-5.138,-8.507,-0.56,-5.248,27.51,-1.61,10.57
,-8.452,-1.184,-5.09,-8.354,-0.809,-4.865,26.39,-3.22,11.2
,-8.452,-0.625,-5.47,-8.586,-1.094,-4.678,23.66,-4.62,10.85
,-8.406,-0.656,-5.441,-8.6,-0.811,-4.987,18.97,-3.64,10.43
66256.0,-8.583,-0.89,-5.106,-8.413,-1.194,-4.994,11.9,-3.5,7.91
,-8.571,-0.675,-5.073,-8.495,-1.247,-4.793,11.13,-3.29,7.42
,-8.435,-0.871,-5.118,-8.521,-0.964,-5.118,7.98,-2.38,7.07
,-8.382,-1.05,-5.13,-8.457,-1.046,-5.066,5.6,-1.47,6.86
66332.0,-8.564,-1.194,-4.97,-8.545,-0.457,-4.958,-0.28,1.54,6.09
,-8.488,-0.972,-4.865,-8.588,-0.771,-5.135,-0.7,1.96,5.88
,-8.272,-0.589,-4.958,-8.693,-1.005,-5.138,-0.77,3.22,5.32
,-8.44,-0.263,-4.968,-8.612,-0.96,-5.255,-1.61,4.48,4.9
66408.0,-8.495,-0.945,-5.123,-8.533,-0.266,-5.439,-8.47,7.49,4.83
,-8.397,-0.964,-5.221,-8.674,-0.117,-5.616,-9.38,7.28,4.62
,-8.543,-0.828,-5.336,-8.536,-0.179,-5.642,-10.01,7.0,4.13
,-8.667,-0.572,-5.339,-8.277,-0.469,-5.575,-11.13,5.46,3.08
66483.0,-8.509,-0.902,-5.267,-8.32,-1.302,-5.501,-24.78,4.55,3.08
,-8.571,-0.914,-5.322,-8.538,-1.682,-5.324,-22.75,4.69,3.5
,-8.751,-1.106,-5.078,-8.581,-1.606,-5.406,-21.49,4.34,3.71
,-8.536,-1.156,-5.183,-8.559,-1.653,-5.327,-19.88,4.2,4.62
66559.0,-8.555,-1.402,-5.374,-8.509,-0.244,-5.422,-14.0,0.14,9.45
,-8.519,-0.835,-5.458,-8.476,-0.483,-5.497,-11.62,-0.91,10.08
,-8.44,-0.412,-5.698,-8.509,-0.653,-5.559,-11.34,-1.33,10.08
,-8.454,-0.304,-5.614,-8.538,-0.804,-5.508,-14.56,-0.56,9.66
66635.0,-8.619,-0.572,-5.41,-8.636,0.29,-5.303,-16.66,-2.87,8.4
,-8.339,-0.354,-5.494,-8.533,0.412,-5.245,-12.32,-4.34,6.93
,-8.375,-0.225,-5.374,-8.703,0.428,-5.219,-8.89,-5.11,4.69
,-8.593,0.12,-5.355,-8.521,0.409,-5.243,-6.51,-5.53,3.08
66711.0,-8.387,0.232,-5.257,-8.703,-0.491,-5.145,-7.35,-5.88,-3.64
,-8.483,-0.048,-5.377,-8.713,-0.397,-5.327,-8.19,-5.53,-4.2
,-8.567,-0.156,-5.243,-8.464,-0.333,-5.315,-7.49,-7.07,-5.04
,-8.531,-0.347,-5.36,-8.26,-0.376,-5.142,-6.65,-8.47,-6.3
66786.0,-8.339,-0.761,-5.037,-8.89,-1.685,-4.75,-7.28,-11.2,-7.56
,-8.279,-1.275,-4.812,-8.665,-1.56,-4.968,-8.82,-8.47,-5.88
,-8.478,-1.656,-4.659,-8.37,-1.455,-4.953,-7.21,-6.79,-3.99
,-8.562,-1.732,-4.805,-8.562,-1.424,-4.724,-3.01,-6.65,-2.73
66862.0,-8.502,-1.137,-4.836,-8.521,-0.62,-4.444,3.85,-9.59,3.43
,-8.619,-1.122,-4.8,-8.519,-0.019,-4.575,3.43,-9.94,4.55
,-8.452,-1.4,-4.417,-8.77,0.294,-4.692,1.47,-9.87,4.76
,-8.624,-1.168,-4.264,-8.792,0.522,-4.846,2.17,-9.03,5.04
66937.0,-8.691,0.519,-4.855,-8.76,-0.117,-4.757,5.53,-6.02,3.78
,-8.71,0.093,-4.731,-8.873,-0.101,-4.649,3.71,-4.76,3.64
,-8.665,-0.06,-4.614,-8.902,0.165,-4.879,3.36,-3.99,3.36
,-8.67,-0.074,-4.637,-8.765,0.294,-4.848,4.55,-4.2,3.01
67013.0,-8.533,0.261,-4.736,-8.878,-0.316,-4.393,4.48,-7.0,-0.77
,-8.497,-0.005,-4.664,-8.926,-0.28,-4.573,2.59,-6.16,-1.75
,-8.684,-0.211,-4.561,-8.861,-0.39,-4.592,2.17,-5.04,-2.66
,-8.725,-0.416,-4.365,-8.763,-0.519,-4.669,2.59,-4.41,-2.73
67089.0,-8.672,-0.687,-4.647,-8.813,-0.404,-4.7,-1.26,-4.69,-2.31
,-8.732,-0.816,-4.69,-8.705,-0.392,-4.523,-0.35,-5.25,-2.03
,-8.789,-0.737,-4.637,-8.792,-0.352,-4.573,1.05,-5.88,-2.17
,-8.78,-0.574,-4.556,-8.82,-0.294,-4.53,2.03,-6.51,-2.59
67165.0,-8.873,-0.206,-4.554,-8.777,-0.759,-4.233,-2.66,-9.24,-3.99
,-8.871,-0.309,-4.625,-8.952,-0.682,-4.305,-3.92,-9.8,-4.76
,-8.744,-0.464,-4.441,-8.949,-0.608,-4.41,-4.97,-10.22,-5.53
,-8.648,-0.617,-4.228,-8.804,-0.491,-4.413,-4.62,-9.87,-5.67
67241.0,-8.818,-0.452,-4.384,-8.859,-0.888,-3.654,-3.85,-11.41,-6.65
,-8.763,-0.519,-4.252,-9.055,-0.902,-3.467,-4.06,-11.13,-6.58
,-8.827,-0.572,-4.183,-9.208,-0.89,-3.649,-3.71,-10.43,-6.44
,-8.938,-0.809,-4.08,-9.148,-1.024,-4.128,-4.06,-10.08,-6.37
67316.0,-8.902,-1.065,-4.269,-8.916,-0.656,-4.094,-3.85,-10.43,-4.62
,-8.825,-1.122,-4.403,-9.021,-0.378,-4.027,-2.52,-9.94,-3.43
,-8.722,-1.055,-4.346,-9.098,-0.282,-3.838,0.49,-9.17,-2.1
,-8.76,-0.995,-4.233,-9.05,-0.335,-3.388,5.25,-8.68,-1.4
67392.0,-9.263,-0.455,-3.817,-9.057,-0.562,-3.604,4.69,-9.17,-3.08
,-9.153,-0.345,-3.771,-9.083,-0.349,-3.58,4.41,-8.82,-3.29
,-8.94,-0.407,-3.556,-9.174,-0.313,-3.656,3.36,-8.19,-3.43
,-9.048,-0.543,-3.434,-9.15,-0.668,-3.503,3.22,-7.77,-3.71
67468.0,-9.06,-0.888,-3.415,-9.057,-0.622,-3.34,-2.1,-5.95,-4.06
,-9.139,-0.964,-3.269,-8.978,-0.605,-3.434,-0.91,-5.25,-3.78
,-9.196,-0.84,-3.4,-9.162,-0.773,-3.376,0.07,-4.55,-3.85
,-9.196,-0.665,-3.644,-9.146,-0.766,-3.563,0.35,-4.13,-4.06
67544.0,-9.043,-0.701,-3.551,-8.993,-1.06,-4.011,0.21,-1.19,-3.43
,-9.129,-0.747,-3.671,-9.048,-0.964,-3.96,-0.21,-0.7,-3.22
,-9.086,-0.981,-3.934,-9.038,-0.687,-4.066,0.14,-0.35,-2.8
,-9.031,-1.034,-3.967,-9.091,-0.581,-3.955,1.05,-0.14,-1.82
67619.0,-9.1,-0.593,-3.79,-9.268,-0.586,-3.434,4.97,-0.42,-0.91
,-9.069,-0.632,-3.362,-9.148,-0.574,-3.671,4.34,0.0,-0.7
,-9.222,-0.727,-3.381,-8.988,-0.538,-3.754,3.5,0.35,-1.05
,-9.268,-0.742,-3.173,-8.918,-0.625,-3.888,3.64,0.84,-0.91
67695.0,-8.983,-0.766,-3.841,-9.167,-0.816,-3.379,1.68,2.17,-1.82
,-9.062,-0.873,-3.81,-9.162,-0.692,-3.659,2.1,2.45,-1.54
,-9.105,-0.907,-3.498,-9.105,-0.622,-3.855,2.94,3.01,-0.98
,-9.244,-0.849,-3.446,-9.016,-0.514,-3.972,2.52,3.5,-1.05
67770.0,-9.083,-0.634,-4.427,-9.143,-1.125,-3.984,0.56,3.71,-2.03
,-8.897,-0.869,-4.3,-9.131,-0.871,-3.929,0.14,3.43,-1.47
,-8.863,-1.096,-4.137,-9.081,-0.653,-4.07,1.19,3.29,-0.7
,-9.043,-1.318,-3.958,-9.048,-0.861,-4.109,3.71,3.5,0.0
67846.0,-8.871,-1.055,-4.039,-9.129,-0.751,-4.089,1.61,1.75,-0.07
,-8.918,-1.137,-4.051,-9.014,-0.828,-3.829,2.45,1.89,0.35
,-9.026,-1.117,-3.977,-8.993,-0.936,-3.687,3.78,2.17,0.84
,-9.141,-0.955,-4.022,-9.167,-0.967,-4.066,4.9,2.1,1.26
67922.0,-9.079,-0.711,-3.778,-8.911,-0.943,-4.152,5.18,2.24,2.45
,-9.074,-0.663,-3.97,-8.99,-0.952,-4.075,4.13,2.24,2.24
,-9.007,-0.869,-4.109,-9.148,-0.828,-4.104,3.5,2.03,1.75
,-8.938,-0.926,-4.219,-9.134,-0.725,-4.075,4.13,1.61,1.89
67998.0,-9.026,-0.56,-4.03,-9.064,-0.725,-4.066,5.67,0.84,2.24
,-8.959,-0.773,-3.903,-9.076,-0.732,-4.195,4.2,0.91,2.1
,-8.976,-0.866,-3.975,-9.002,-0.725,-4.121,4.34,0.91,2.1
,-9.064,-0.852,-4.044,-9.048,-0.816,-4.14,4.97,0.77,2.24
68073.0,-8.973,-0.778,-4.042,-9.158,-0.682,-3.932,3.01,-0.35,1.47
,-9.067,-0.833,-3.778,-9.026,-0.766,-3.917,2.38,-0.28,1.54
,-9.165,-0.72,-3.687,-8.954,-0.902,-3.955,2.1,-0.49,1.19
,-9.244,-0.656,-3.855,-9.064,-0.905,-4.015,1.33,-0.7,0.84
68149.0,-9.081,-0.782,-3.948,-9.148,-0.641,-3.776,2.17,-0.56,0.7
,-9.088,-0.682,-3.776,-9.122,-0.713,-3.81,2.38,-0.42,0.91
,-9.198,-0.66,-3.838,-9.103,-0.708,-3.802,1.82,-0.35,0.77
,-9.162,-0.665,-3.666,-8.995,-0.778,-3.697,1.19,-0.21,0.77
68225.0,-8.961,-0.797,-3.525,-9.107,-0.632,-3.886,-2.31,0.7,-0.14
,-9.098,-0.763,-3.463,-9.012,-0.823,-4.061,-2.66,1.19,-0.14
,-9.201,-0.725,-3.549,-8.969,-1.039,-4.243,-2.73,1.19,-0.28
,-9.206,-0.689,-3.723,-8.949,-1.029,-4.216,-3.57,1.26,-0.35
68301.0,-9.081,-0.909,-4.235,-8.995,-0.811,-4.135,0.35,1.12,0.7
,-9.088,-0.847,-4.247,-8.938,-0.823,-3.793,1.54,0.91,0.91
,-9.076,-0.816,-4.231,-9.024,-0.869,-3.606,1.82,0.56,0.91
,-9.093,-0.84,-4.195,-9.16,-0.878,-3.53,1.54,-0.07,0.84
68377.0,-9.206,-0.732,-3.63,-8.966,-0.859,-3.654,4.34,0.14,1.68
,-9.208,-0.641,-3.685,-9.182,-0.718,-3.92,3.78,0.42,1.61
,-9.16,-0.596,-3.824,-9.27,-0.514,-4.073,2.45,0.56,1.47
,-9.052,-0.818,-3.855,-9.28,-0.436,-4.192,1.12,0.42,1.33
68452.0,-9.091,-0.263,-4.066,-9.189,-1.244,-3.338,-4.76,-1.75,-2.17
,-8.921,-0.369,-3.659,-9.155,-1.01,-3.034,-8.4,-2.24,-2.24
,-9.076,-0.715,-3.654,-9.277,-0.653,-3.178,-10.57,-2.31,-3.01
,-9.174,-1.036,-3.577,-9.308,-0.414,-3.41,-11.06,-1.82,-3.36
68528.0,-9.301,-0.373,-4.197,-8.82,-1.496,-4.422,-8.12,-0.35,-2.17
,-8.988,-0.615,-4.539,-8.978,-1.302,-4.197,-10.78,-0.77,-2.1
,-8.729,-1.053,-4.69,-9.036,-0.79,-3.877,-12.11,-1.05,-1.47
,-8.591,-1.405,-4.539,-9.122,-0.392,-3.68,-9.52,-0.91,-0.49
68603.0,-9.521,-0.223,-3.824,-9.122,-1.18,-3.333,5.6,-0.7,2.66
,-9.347,-0.414,-4.274,-9.206,-1.158,-3.53,-0.28,-1.96,1.33
,-8.966,-0.73,-3.941,-8.985,-0.828,-3.061,-4.55,-2.1,1.26
,-8.775,-0.94,-3.53,-9.069,-0.364,-3.534,-5.81,-1.19,1.61
68679.0,-9.153,-0.414,-3.309,-9.186,-0.905,-3.733,-1.47,0.28,2.1
,-9.139,-0.522,-3.276,-9.201,-0.78,-3.8,-2.1,1.4,2.8
,-9.217,-0.644,-3.29,-9.21,-0.715,-3.616,-0.7,2.59,3.08
,-9.17,-0.747,-3.106,-9.1,-0.627,-3.824,2.38,3.85,3.71
68755.0,-8.993,-0.648,-3.527,-9.344,-0.627,-3.163,2.94,3.85,2.8
,-8.978,-0.916,-3.125,-9.16,-0.462,-3.254,2.73,5.6,3.99
,-9.055,-0.983,-2.812,-9.045,-0.455,-3.743,4.62,7.42,5.04
,-9.208,-0.883,-2.953,-9.055,-0.404,-3.57,6.79,8.54,5.46
68831.0,-9.103,-0.151,-3.556,-9.007,-0.077,-4.226,6.79,11.69,4.2
,-9.172,0.022,-3.996,-8.945,-0.627,-3.704,7.84,10.78,3.36
,-9.162,0.237,-4.109,-9.206,-1.113,-3.934,6.93,10.29,2.1
,-8.993,0.385,-4.147,-9.268,-1.271,-4.396,4.9,10.15,0.84
