Timestamp,AccX,AccY,AccZ,GyroX,GyroY,GyroZ,MagnX,MagnY,MagnZ
0.0,-9.182,-0.5,-3.915,-9.074,-0.739,-3.924,2.59,1.68,0.56
,-9.141,-0.656,-3.951,-9.15,-0.665,-3.829,2.87,1.61,0.7
,-8.976,-0.771,-3.936,-9.139,-0.641,-3.728,3.71,1.75,0.91
,-9.021,-0.821,-3.955,-9.16,-0.572,-3.754,5.04,1.82,1.12
75.0,-9.127,-0.495,-3.704,-9.174,-0.526,-3.74,4.55,1.96,1.33
,-9.122,-0.543,-3.666,-9.134,-0.517,-3.743,3.99,2.03,1.26
,-9.174,-0.541,-3.699,-9.158,-0.534,-3.762,3.64,2.1,1.33
,-9.15,-0.51,-3.721,-9.162,-0.519,-3.857,3.29,2.38,1.4
151.0,-9.095,-0.598,-3.857,-9.081,-0.512,-3.841,2.17,2.24,1.4
,-9.062,-0.648,-3.805,-9.201,-0.483,-3.884,2.03,2.38,1.54
,-9.052,-0.732,-3.819,-9.146,-0.483,-3.898,2.24,2.52,1.68
,-9.117,-0.62,-3.853,-9.122,-0.514,-3.922,2.94,2.59,1.75
227.0,-9.103,-0.495,-3.877,-9.095,-0.536,-3.821,1.68,2.24,1.75
,-9.1,-0.479,-3.912,-9.086,-0.55,-3.769,1.82,2.1,1.82
,-9.174,-0.416,-3.869,-9.112,-0.553,-3.819,1.68,2.03,1.82
,-9.16,-0.424,-3.848,-9.177,-0.5,-3.86,1.19,2.03,1.82
302.0,-9.129,-0.541,-3.836,-9.095,-0.529,-3.752,-0.42,1.96,1.96
,-9.112,-0.503,-3.848,-9.122,-0.455,-3.81,-0.42,1.96,2.03
,-9.086,-0.538,-3.845,-9.198,-0.392,-3.845,-0.21,1.96,2.1
,-9.1,-0.524,-3.788,-9.153,-0.369,-3.838,0.07,2.1,2.45
378.0,-9.105,-0.433,-3.838,-9.184,-0.246,-3.855,-1.05,2.59,2.31
,-9.083,-0.455,-3.862,-9.179,-0.333,-3.862,-0.98,2.52,2.45
,-9.1,-0.409,-3.836,-9.119,-0.421,-3.86,-0.63,2.73,2.73
,-9.115,-0.323,-3.838,-9.091,-0.538,-3.841,-0.35,2.73,2.73
453.0,-9.055,-0.591,-3.836,-9.143,-0.333,-3.798,-2.45,2.73,2.73
,-9.091,-0.543,-3.757,-9.107,-0.373,-3.824,-1.82,2.87,3.08
,-9.186,-0.407,-3.812,-9.05,-0.452,-3.85,-1.54,3.08,3.15
,-9.134,-0.376,-3.731,-9.076,-0.428,-3.908,-1.89,3.01,3.15
529.0,-9.127,-0.366,-3.927,-9.079,-0.526,-3.817,-2.87,3.29,3.29
,-9.143,-0.313,-3.946,-9.072,-0.433,-3.833,-3.15,3.29,3.36
,-8.997,-0.345,-3.869,-9.16,-0.333,-3.853,-3.57,3.36,3.36
,-9.014,-0.524,-3.817,-9.1,-0.268,-3.867,-4.2,3.5,3.57
605.0,-9.136,-0.28,-3.843,-9.134,-0.136,-3.903,-3.43,3.92,3.57
,-9.057,-0.306,-3.836,-9.095,-0.139,-3.843,-3.78,3.92,3.5
,-9.076,-0.196,-3.893,-9.048,-0.237,-3.886,-3.78,4.13,3.64
,-9.143,-0.132,-3.867,-9.06,-0.196,-3.924,-4.27,3.99,3.36
681.0,-9.095,-0.139,-4.011,-9.062,-0.318,-3.996,-6.79,4.06,2.94
,-9.081,-0.254,-3.86,-9.1,-0.278,-4.032,-8.05,4.27,2.94
,-9.012,-0.4,-3.869,-9.045,-0.246,-4.051,-8.33,4.27,3.08
,-9.076,-0.359,-3.972,-9.072,-0.168,-4.042,-7.7,4.2,3.08
757.0,-9.081,-0.081,-4.073,-9.043,-0.481,-3.915,-8.54,4.13,2.73
,-9.036,-0.12,-3.994,-8.957,-0.409,-3.908,-9.45,3.99,2.66
,-9.021,-0.115,-3.989,-9.107,-0.213,-3.982,-10.29,3.71,2.52
,-8.981,-0.316,-3.953,-9.139,-0.012,-3.951,-11.2,3.78,2.59
832.0,-9.088,0.086,-3.989,-9.038,0.163,-4.18,-9.59,4.48,3.29
,-9.124,0.211,-3.999,-9.119,0.359,-4.168,-9.73,4.69,3.29
,-9.146,0.177,-4.152,-9.026,0.373,-4.173,-9.38,4.76,3.36
,-8.959,0.079,-4.082,-9.048,0.256,-4.152,-8.4,4.83,3.92
908.0,-9.024,0.251,-4.073,-8.954,-0.108,-3.927,-3.08,4.41,4.2
,-9.124,0.237,-4.054,-8.99,-0.012,-3.948,-2.8,4.48,4.13
,-9.048,0.108,-4.032,-8.942,0.002,-4.013,-2.94,4.55,4.13
,-8.947,-0.057,-3.929,-8.897,-0.105,-4.025,-2.38,5.11,4.55
984.0,-8.897,-0.227,-4.049,-8.921,0.57,-4.446,-2.8,5.81,3.64
,-9.028,-0.225,-4.113,-8.808,0.206,-4.556,-2.59,5.95,3.57
,-9.083,0.055,-4.221,-8.918,0.024,-4.57,-2.31,5.88,3.08
,-9.038,0.359,-4.314,-8.993,0.196,-4.688,-2.31,5.74,2.59
1060.0,-9.05,0.438,-4.633,-8.947,0.043,-4.097,-0.49,4.48,2.52
,-9.05,0.79,-4.489,-9.024,0.144,-4.068,-1.05,3.99,2.1
,-9.06,0.739,-4.403,-9.06,0.558,-3.896,-3.43,3.5,1.61
,-8.995,0.366,-4.228,-9.129,0.687,-3.833,-5.81,3.36,1.4
1135.0,-9.17,0.593,-3.766,-9.093,0.263,-3.726,-2.24,4.55,1.12
,-9.055,0.455,-3.642,-9.064,0.251,-3.731,-1.75,5.39,1.4
,-9.098,0.302,-3.699,-9.081,0.464,-3.759,0.63,6.3,1.75
,-9.033,0.177,-3.644,-8.983,0.826,-3.79,4.06,7.28,2.31
1211.0,-9.031,0.62,-3.845,-9.194,1.249,-3.731,6.72,9.8,0.49
,-8.935,0.282,-3.778,-9.0,1.304,-3.769,5.32,10.22,0.56
,-9.007,0.359,-3.711,-8.856,1.084,-3.678,6.37,11.06,0.91
,-9.15,0.854,-3.745,-8.902,0.689,-3.673,7.49,11.55,0.56
1286.0,-8.88,0.337,-3.697,-8.871,-0.158,-3.877,-7.42,13.72,-1.33
,-8.954,0.091,-3.714,-8.82,-0.254,-3.908,-5.81,14.98,-0.91
,-8.961,0.115,-3.776,-8.835,-0.139,-3.963,-4.34,16.17,-0.98
,-8.949,0.089,-3.821,-8.784,-0.194,-4.032,-4.13,17.36,-0.98
1362.0,-8.744,-0.584,-3.884,-8.813,0.067,-4.085,0.0,23.8,0.98
,-8.806,-0.426,-3.821,-8.739,-0.05,-4.209,3.22,25.27,2.03
,-8.866,-0.23,-3.848,-8.765,-0.526,-4.305,5.74,26.74,2.52
,-8.799,-0.022,-3.932,-8.691,-0.335,-4.343,6.44,27.93,2.66
1438.0,-8.658,0.115,-4.451,-8.631,0.433,-4.941,7.28,32.69,2.73
,-8.66,0.68,-4.477,-8.744,0.385,-5.09,5.39,33.11,2.1
,-8.653,0.775,-4.369,-8.737,0.546,-5.233,-0.49,33.18,0.98
,-8.485,0.572,-4.654,-8.806,0.56,-5.291,-4.06,33.46,0.28
1514.0,-8.811,0.318,-5.315,-9.112,0.199,-5.152,2.24,36.4,-0.49
,-8.839,0.227,-5.305,-9.433,0.316,-4.874,4.97,37.31,-0.63
,-8.942,0.273,-5.248,-10.261,0.297,-4.877,7.77,38.08,-0.49
,-9.124,0.285,-5.243,-10.156,-2.41,-4.618,10.57,39.2,-0.21
1589.0,-9.584,2.345,-4.728,-10.091,-0.479,-4.401,20.51,45.78,-1.47
,-11.517,1.45,-4.956,-10.16,0.778,-4.451,13.58,48.02,-4.69
,-9.971,-0.282,-4.896,-10.246,0.194,-4.465,6.86,49.63,-7.35
,-9.83,-1.551,-4.331,-9.816,-0.878,-4.336,7.56,52.5,-7.0
1665.0,-9.435,-1.579,-4.183,-9.402,-0.828,-4.166,3.5,65.52,-13.23
,-9.397,-1.369,-3.991,-9.447,-0.842,-4.164,7.84,68.67,-12.39
,-9.402,-0.986,-3.881,-9.538,-0.641,-3.912,11.2,71.75,-11.76
,-9.435,-0.668,-4.154,-9.6,-0.517,-3.817,14.07,74.69,-11.2
1740.0,-9.61,-0.546,-3.745,-10.335,-1.737,-1.196,28.63,90.23,-1.89
,-9.679,-1.048,-2.706,-10.72,-2.292,-1.089,31.71,94.57,2.94
,-9.923,-1.572,-1.74,-10.328,-2.065,-1.807,39.13,100.17,8.61
,-10.194,-1.945,-1.206,-10.103,-2.046,-2.453,47.95,106.4,15.47
1816.0,-9.902,-1.467,-3.573,-9.139,0.541,-8.784,104.72,131.6,50.61
,-9.222,-0.897,-5.128,-9.876,0.739,-9.6,114.45,132.23,50.54
,-8.457,-0.242,-6.159,-10.038,1.189,-10.065,121.17,133.07,47.32
,-8.44,0.251,-7.679,-9.442,1.79,-10.268,124.04,134.61,41.23
1892.0,-8.799,1.936,-10.234,-6.59,-0.61,-10.751,58.73,105.35,19.18
,-8.265,1.216,-10.223,-5.791,-0.45,-11.038,36.82,93.8,17.99
,-7.834,0.347,-10.244,-5.071,-0.881,-10.787,19.53,80.64,17.22
,-7.53,-0.27,-10.66,-4.92,-1.117,-10.275,7.0,66.43,17.57
1968.0,-5.528,-0.869,-10.144,-5.544,-0.151,-9.206,-4.55,4.55,24.22
,-6.083,-0.835,-9.696,-4.86,-0.751,-9.091,-7.42,-14.21,23.45
,-6.377,-0.546,-9.16,-4.267,-1.005,-9.033,-11.41,-34.23,22.89
,-6.315,-0.287,-9.143,-3.886,-0.96,-9.105,-18.27,-55.72,22.4
2044.0,-3.589,-1.151,-9.064,-2.828,-1.567,-9.055,-42.28,-132.51,23.66
,-3.534,-1.546,-8.878,-2.759,-1.61,-8.538,-43.33,-145.95,24.01
,-3.47,-1.759,-8.653,-3.13,-1.488,-8.358,-41.37,-160.09,24.22
,-3.288,-1.864,-8.737,-3.087,-1.333,-8.727,-37.24,-174.09,24.29
2119.0,-3.288,-1.244,-8.449,-5.073,-1.491,-8.181,-24.64,-223.86,31.29
,-3.826,-1.338,-8.402,-5.264,-1.134,-8.478,-25.62,-232.68,30.73
,-3.991,-1.584,-8.308,-5.492,-1.027,-8.658,-25.2,-241.57,30.1
,-4.578,-1.78,-8.04,-5.961,-0.988,-7.921,-20.93,-249.06,29.96
2195.0,-6.54,-0.672,-7.705,-7.538,-0.431,-6.494,-7.84,-271.46,22.75
,-6.571,-0.479,-7.576,-8.222,-0.175,-6.301,-14.91,-274.05,18.2
,-6.808,-0.61,-7.224,-8.629,-0.081,-4.994,-20.23,-274.89,14.0
,-7.119,-0.677,-6.734,-8.583,-0.352,-3.01,-23.1,-274.19,9.94
2271.0,-9.6,-0.986,-1.531,-8.844,-1.328,0.431,-32.48,-244.23,-14.84
,-10.455,-1.33,-1.498,-8.181,-2.407,1.151,-26.81,-230.51,-21.35
,-10.191,-1.027,-1.388,-7.303,-2.556,1.271,-22.75,-216.02,-26.04
,-9.567,-0.902,-0.723,-6.502,-2.575,3.281,-24.43,-200.06,-28.77
2347.0,-6.937,-1.541,4.14,-7.497,0.852,1.74,-21.84,-73.71,-9.1
,-7.121,-0.067,3.975,-7.842,0.732,0.237,-15.89,-40.32,-5.32
,-7.404,0.493,3.637,-7.947,0.715,-1.017,-18.41,-7.49,-3.15
,-7.504,0.727,2.912,-8.437,0.144,-2.386,-24.43,23.17,-2.31
2422.0,-15.15,-4.776,-3.833,-12.132,-2.994,-0.345,-59.57,110.39,5.32
,-21.728,-6.832,5.482,-10.031,-5.915,-2.099,-13.79,84.63,27.79
,-15.93,1.206,1.182,-9.062,-3.9,-6.504,16.1,78.89,15.19
,-9.16,1.622,0.041,-6.693,-1.586,-7.133,-13.02,92.47,11.69
2498.0,-6.659,0.794,-5.477,-7.234,2.575,-7.413,43.54,125.44,26.53
,-7.88,2.467,-6.143,-8.751,0.857,-7.392,35.98,108.64,16.03
,-7.318,2.977,-6.712,-9.83,-0.881,-6.741,12.95,94.85,10.57
,-6.667,3.07,-7.385,-9.588,-1.28,-6.049,-4.76,89.25,13.58
2573.0,-9.189,-1.177,-5.145,-8.258,1.318,-4.381,-8.61,75.46,8.75
,-9.768,-0.885,-4.228,-8.291,1.397,-4.611,-3.29,72.24,10.22
,-9.931,-0.101,-3.862,-9.177,1.972,-5.049,0.91,69.79,10.92
,-9.292,0.9,-4.092,-9.33,2.647,-5.195,3.22,68.04,10.64
2649.0,-8.938,1.749,-4.91,-9.277,0.127,-4.477,-23.03,48.3,7.77
,-9.129,0.189,-4.659,-9.289,0.323,-4.283,-23.59,45.36,6.58
,-9.44,-0.057,-4.757,-9.265,0.572,-4.286,-15.68,43.47,5.6
,-9.39,0.091,-4.786,-9.409,0.704,-4.417,-9.24,41.93,7.0
2725.0,-9.366,0.754,-4.403,-9.311,0.211,-4.305,1.4,34.72,7.91
,-9.253,0.692,-4.465,-9.397,0.486,-4.432,1.19,32.97,7.7
,-9.155,0.438,-4.41,-9.39,0.715,-4.353,2.17,31.64,7.56
,-9.227,0.101,-4.343,-9.191,0.737,-4.039,4.27,30.59,7.91
2801.0,-9.172,0.83,-3.771,-9.179,0.218,-3.345,11.62,25.48,5.88
,-9.442,0.909,-3.654,-9.198,0.388,-3.472,8.54,24.78,4.69
,-9.543,0.775,-3.51,-9.148,0.254,-3.381,3.64,24.01,4.2
,-9.423,0.354,-3.419,-9.057,0.412,-3.769,1.26,23.94,4.34
2876.0,-8.99,0.548,-3.97,-9.083,0.704,-3.587,8.33,26.04,3.22
,-9.05,0.62,-3.814,-9.1,0.94,-3.731,7.14,26.39,3.01
,-8.964,0.658,-3.678,-8.839,1.436,-4.018,5.81,27.02,2.8
,-8.983,0.668,-3.594,-8.638,1.383,-4.161,5.18,27.58,2.45
2952.0,-8.727,0.902,-4.137,-8.997,0.084,-4.214,-7.0,26.95,-1.12
,-8.849,0.648,-4.221,-8.938,0.273,-4.511,-8.33,26.74,-1.05
,-9.043,0.503,-4.312,-8.698,0.311,-4.563,-8.47,27.37,-0.42
,-9.081,0.184,-4.334,-8.748,0.134,-4.405,-7.84,28.0,0.35
3028.0,-8.961,-0.148,-3.922,-9.555,0.057,-3.08,-5.81,31.43,2.17
,-9.294,-0.019,-3.412,-9.404,0.22,-2.96,-2.94,33.25,3.22
,-9.268,0.117,-3.226,-9.686,0.086,-2.735,0.7,35.63,4.55
,-9.404,0.096,-3.094,-9.947,0.081,-2.589,2.94,38.29,5.46
3104.0,-10.129,-0.005,-2.367,-10.11,0.842,-2.659,10.78,53.69,5.53
,-10.234,0.041,-2.517,-9.813,-1.139,-3.144,13.72,57.89,5.6
,-11.082,-0.242,-2.759,-9.694,0.045,-3.575,14.7,62.72,6.3
,-9.323,0.704,-2.654,-10.077,-0.534,-3.759,17.99,65.73,9.73
3180.0,-9.983,-0.751,-4.286,-10.383,-2.022,-4.47,18.69,82.95,-1.47
,-10.263,-0.16,-4.853,-10.215,-2.544,-3.058,23.17,85.61,-1.96
,-11.472,3.685,-5.351,-10.548,0.0,-2.19,30.17,86.31,-5.25
,-12.044,2.903,-5.709,-11.024,0.014,-1.728,13.86,86.45,-11.69
3255.0,-10.687,-1.055,-1.273,-11.852,-3.731,1.115,22.26,106.54,-4.69
,-10.536,-1.371,-0.881,-12.926,-3.314,1.864,22.19,112.07,-2.66
,-11.005,-1.184,-1.079,-13.309,-3.017,1.792,24.78,117.67,-0.14
,-11.35,-2.345,-0.452,-12.915,-3.178,2.254,27.3,124.04,4.48
3331.0,-12.508,-2.568,0.771,-9.797,1.366,-8.964,97.16,163.17,49.35
,-11.359,-2.254,-1.474,-10.814,1.189,-10.804,107.87,166.18,53.69
,-10.328,-1.766,-4.398,-11.381,0.127,-11.251,123.2,166.88,51.87
,-9.182,-0.29,-5.942,-10.883,0.01,-11.163,137.69,168.77,45.78
3406.0,-9.746,0.778,-9.969,-5.824,-0.847,-12.912,90.93,129.71,20.09
,-8.737,1.407,-11.402,-5.501,-1.634,-11.807,75.6,109.69,19.04
,-7.224,0.998,-11.589,-6.025,-0.979,-11.4,56.07,90.93,18.41
,-6.183,-0.141,-11.785,-5.659,0.16,-11.376,42.14,77.0,16.73
3482.0,-5.654,0.869,-10.538,-4.965,-0.316,-9.478,30.31,-2.73,23.24
,-5.884,0.969,-10.349,-3.994,-0.73,-9.517,16.1,-24.57,24.5
,-5.418,0.694,-10.127,-3.156,-1.089,-9.665,-1.12,-48.16,23.87
,-5.164,0.156,-9.576,-2.249,-1.318,-9.675,-18.55,-72.38,22.26
3558.0,-2.032,-1.519,-9.385,-1.768,-1.275,-8.777,-47.95,-163.38,23.1
,-1.898,-1.496,-9.447,-1.79,-0.916,-8.904,-48.02,-177.66,22.54
,-2.063,-1.634,-9.067,-2.082,-0.426,-9.562,-47.81,-192.22,21.63
,-2.182,-1.28,-8.983,-2.034,-0.072,-9.749,-46.13,-207.9,20.93
3634.0,-2.434,0.06,-9.959,-3.764,-1.905,-10.416,-49.49,-271.6,16.66
,-2.548,-0.22,-10.313,-4.101,-1.977,-10.287,-53.2,-282.94,16.03
,-3.077,-0.816,-9.852,-4.956,-1.984,-9.225,-52.15,-292.32,16.66
,-3.288,-1.517,-10.117,-5.994,-1.29,-8.703,-49.07,-302.4,14.7
3709.0,-6.942,-0.235,-8.78,-8.856,0.555,-3.975,-2.8,-319.48,8.75
,-6.927,0.677,-8.184,-9.689,0.366,-3.336,-5.11,-315.0,9.24
,-7.219,1.122,-6.913,-9.837,0.055,-2.34,-10.71,-306.11,8.68
,-8.04,0.878,-5.298,-9.696,-0.215,-1.402,-18.62,-294.49,6.23
3785.0,-8.868,-0.323,-1.653,-7.054,-1.543,1.247,-41.44,-201.32,-10.92
,-8.253,-0.955,-1.173,-6.954,-0.625,1.63,-49.49,-175.49,-10.92
,-7.863,-1.697,-0.378,-7.361,0.235,1.519,-54.6,-147.56,-8.75
,-7.43,-1.582,0.541,-7.473,0.986,0.756,-55.23,-117.39,-5.11
3861.0,-7.612,1.285,-0.507,-21.07,-7.423,6.406,-62.86,45.57,-0.07
,-7.569,1.151,-1.711,-15.91,-2.233,0.156,-70.98,70.28,-0.49
,-8.055,0.536,-2.525,-10.091,-1.692,-0.842,-77.42,90.58,1.05
,-13.599,-2.886,-3.367,-8.138,-4.341,-1.866,-81.83,98.28,3.43
3937.0,-8.904,-6.671,-2.364,-7.964,1.469,-7.681,-61.67,112.0,7.77
,-10.014,-4.468,-3.18,-6.858,1.539,-8.186,-27.58,118.3,12.32
,-9.868,0.089,-5.15,-6.231,3.458,-8.619,1.75,121.73,14.56
,-8.748,2.321,-5.999,-7.198,3.589,-8.241,3.78,120.12,14.14
4013.0,-9.273,1.639,-7.834,-10.065,-0.866,-4.235,-34.37,88.69,4.48
,-9.919,-0.287,-7.188,-10.134,-0.175,-3.405,-35.84,80.43,0.49
,-9.265,-1.156,-6.322,-9.194,0.548,-3.262,-31.22,73.92,1.61
,-8.969,-1.374,-5.296,-8.172,0.656,-3.431,-21.56,68.88,5.81
4088.0,-8.521,0.687,-3.944,-9.385,-0.282,-4.748,-23.87,57.61,3.01
,-9.44,0.708,-4.338,-9.584,0.254,-4.91,-30.03,54.74,3.43
,-9.112,0.584,-4.547,-9.378,0.392,-4.752,-32.2,52.36,6.58
,-8.887,-0.201,-4.685,-9.33,0.385,-4.398,-27.23,50.05,7.91
4164.0,-9.273,0.364,-4.032,-9.313,1.007,-4.446,9.94,40.11,13.02
,-9.323,0.593,-4.051,-9.203,0.464,-4.314,11.62,38.36,12.25
,-9.418,0.933,-4.164,-9.323,0.002,-4.168,10.57,36.82,10.92
,-9.418,1.139,-4.341,-9.395,-0.175,-4.082,7.63,34.93,9.17
4239.0,-9.361,0.16,-4.113,-9.261,0.677,-3.896,14.07,28.42,9.1
,-9.308,0.553,-4.068,-9.189,0.641,-3.891,16.87,27.44,9.1
,-9.284,0.84,-4.078,-9.213,0.57,-3.862,16.38,26.39,8.19
,-9.258,0.802,-4.013,-9.21,0.809,-3.853,13.37,25.34,6.86
4315.0,-9.186,0.84,-3.754,-9.201,0.56,-3.238,7.21,22.82,5.04
,-9.155,0.794,-3.561,-9.354,0.361,-3.281,3.92,23.1,4.83
,-9.124,0.821,-3.618,-9.411,0.385,-3.008,0.77,22.75,4.13
,-9.15,0.704,-3.446,-9.122,1.271,-3.24,-2.24,22.68,3.64
4391.0,-9.019,1.479,-3.436,-9.265,-0.392,-3.075,-11.69,25.55,0.07
,-9.117,0.96,-3.259,-9.155,-0.103,-3.312,-18.34,26.53,-0.42
,-9.177,0.227,-3.262,-9.28,-0.048,-3.144,-21.98,27.93,-0.35
,-9.222,-0.45,-3.041,-9.423,-0.371,-2.984,-20.16,29.89,0.7
4467.0,-9.452,-0.584,-3.147,-9.696,0.024,-2.733,-6.09,40.11,3.36
,-9.49,-0.747,-2.972,-9.873,-0.036,-2.699,-0.84,43.12,4.83
,-9.66,-0.543,-2.812,-9.976,-0.191,-2.714,4.97,46.2,6.23
,-9.789,-0.258,-2.637,-10.718,-0.414,-2.927,9.45,49.28,6.86
4542.0,-9.421,1.091,-2.577,-9.655,0.187,-3.187,21.35,64.68,11.62
,-9.995,1.177,-2.324,-9.622,-0.373,-3.587,21.7,68.53,11.13
,-9.667,-0.778,-2.666,-9.629,-0.491,-3.817,25.9,72.24,7.42
,-9.538,0.687,-3.178,-9.543,-0.706,-3.965,27.93,75.11,7.07
4618.0,-9.603,-0.742,-3.991,-12.144,0.986,-4.343,28.49,89.6,4.97
,-9.701,-0.778,-4.085,-10.112,-3.527,-2.905,31.92,92.82,4.97
,-10.234,0.503,-4.166,-10.0,-2.259,-2.008,37.59,95.2,3.92
,-11.91,3.977,-5.296,-10.364,-0.153,-1.761,40.18,95.27,-1.33
4694.0,-10.782,-0.715,-1.589,-12.307,-2.816,1.223,34.3,114.52,2.94
,-10.5,-1.613,-1.326,-12.524,-2.871,1.163,30.03,120.05,4.83
,-10.814,-1.799,-0.646,-12.122,-2.426,0.316,34.65,126.0,10.85
,-11.809,-2.051,0.565,-11.407,-1.79,-1.527,43.89,132.09,15.89
4770.0,-10.68,-1.601,-3.656,-10.51,0.727,-9.658,83.65,159.11,41.93
,-9.811,-1.819,-5.518,-11.053,0.648,-10.72,96.18,159.67,39.41
,-9.009,-0.948,-5.989,-10.89,0.842,-11.656,111.3,161.49,35.07
,-9.77,0.45,-8.179,-9.809,1.235,-11.318,120.05,161.07,28.77
4845.0,-8.445,1.658,-10.916,-5.083,-1.591,-12.625,62.23,105.28,11.06
,-7.401,1.515,-11.871,-4.817,-1.558,-11.845,46.9,84.77,11.83
,-5.827,-0.194,-12.07,-4.547,-0.794,-11.228,29.75,69.23,12.53
,-5.42,-1.287,-12.565,-5.307,0.091,-10.321,24.99,57.47,12.46
4921.0,-5.482,0.637,-10.278,-3.266,-0.036,-9.811,31.92,-28.77,28.28
,-5.351,0.778,-9.567,-3.07,-0.811,-9.679,16.73,-53.2,28.07
,-5.219,0.51,-9.141,-3.061,-1.11,-9.411,-4.55,-79.8,27.23
,-4.396,0.45,-9.5,-2.766,-1.338,-9.287,-23.87,-103.74,26.6
4996.0,-2.697,-1.661,-9.356,-2.824,-1.56,-9.141,-50.33,-178.64,24.85
,-2.398,-2.024,-9.287,-3.321,-1.271,-8.543,-45.85,-192.22,25.41
,-2.06,-1.866,-9.438,-3.613,-0.828,-8.473,-36.33,-204.26,24.92
,-2.324,-1.823,-9.167,-3.79,-0.203,-8.667,-27.86,-214.55,25.34
5072.0,-3.948,-0.225,-9.73,-4.903,-1.141,-9.225,-31.15,-263.62,29.05
,-3.199,-1.268,-9.323,-5.061,-1.115,-9.311,-33.81,-268.94,31.64
,-4.015,-1.969,-8.906,-5.41,-0.883,-9.38,-28.77,-272.79,29.96
,-4.614,-1.448,-9.275,-5.712,-0.179,-8.873,-24.57,-278.32,26.67
5148.0,-6.205,0.117,-7.849,-9.05,1.4,-4.669,-14.07,-285.39,16.1
,-6.753,0.165,-6.71,-9.993,1.429,-4.061,-11.27,-281.4,13.3
,-7.334,0.5,-5.779,-9.998,1.067,-3.479,-8.89,-276.29,8.19
,-8.093,0.897,-4.941,-9.765,-0.199,-2.233,-6.51,-269.15,2.03
5224.0,-9.182,-1.632,-1.266,-7.356,-1.622,2.139,-43.96,-211.89,-19.46
,-8.507,-3.156,-0.254,-7.6,-0.371,3.173,-44.73,-192.43,-16.94
,-7.887,-3.262,-0.165,-7.497,0.514,3.704,-39.41,-170.45,-12.6
,-7.394,-3.125,1.065,-7.679,0.969,3.34,-33.74,-145.74,-8.4
5300.0,-7.688,0.792,2.419,-7.913,-0.029,-2.895,-54.04,4.83,-2.38
,-7.672,0.445,1.082,-9.158,-1.046,-4.281,-64.82,32.41,-3.99
,-7.868,0.117,-0.404,-19.222,-8.949,-2.115,-72.1,56.77,-4.2
,-7.717,-0.022,-1.646,-22.582,-7.712,2.546,-74.69,77.98,-3.71
5375.0,-11.773,1.615,-0.73,-10.857,-2.158,-1.929,6.86,55.3,9.17
,-8.035,-0.835,0.096,-11.412,1.381,-2.601,-24.92,62.86,2.87
,-10.768,-6.446,1.003,-10.79,2.912,-4.381,-51.94,76.93,7.91
,-9.914,-7.033,0.739,-8.851,3.029,-5.585,-27.58,99.75,20.37
5451.0,-6.564,2.103,-6.478,-9.237,0.684,-6.358,-14.77,103.46,7.21
,-5.834,0.773,-6.858,-9.543,0.4,-6.147,-26.74,96.04,8.89
,-7.026,-0.029,-6.868,-9.337,0.05,-5.525,-20.09,90.58,12.74
,-8.368,0.491,-6.755,-9.653,0.146,-4.714,-8.54,86.24,12.67
5527.0,-9.878,0.273,-3.865,-9.351,0.024,-2.225,-10.92,59.85,10.29
,-9.66,0.144,-3.419,-9.801,1.046,-2.515,-14.56,57.4,10.08
,-9.067,-0.074,-2.895,-9.306,1.273,-2.814,-19.46,56.21,9.66
,-8.598,-0.361,-2.355,-9.421,0.536,-2.869,-23.03,54.95,8.47
5603.0,-9.722,0.51,-3.02,-9.225,1.385,-4.03,-17.15,49.49,11.27
,-9.6,0.821,-3.118,-9.335,1.469,-4.427,-7.21,48.93,14.07
,-9.428,0.921,-3.281,-9.418,1.307,-4.685,0.84,48.3,15.75
,-9.313,1.192,-3.625,-9.471,0.761,-4.841,7.07,46.83,15.33
5678.0,-9.344,0.156,-4.925,-9.383,0.742,-4.669,-4.55,35.56,9.8
,-9.249,-0.328,-4.762,-9.21,0.919,-4.439,-0.07,34.02,11.41
,-9.244,-0.211,-4.664,-9.206,0.739,-4.18,8.33,32.48,12.46
,-9.368,0.213,-4.74,-9.33,0.407,-3.862,16.73,30.52,12.32
5754.0,-9.316,0.187,-3.539,-9.282,1.082,-3.408,13.86,22.05,8.12
,-9.344,0.33,-3.424,-9.313,1.039,-3.496,15.05,21.14,7.7
,-9.371,0.471,-3.195,-9.131,0.861,-3.484,14.77,20.65,6.93
,-9.253,0.749,-3.192,-9.098,0.658,-3.441,13.3,20.65,6.16
5829.0,-9.076,0.72,-3.443,-8.973,1.302,-3.587,-6.37,19.25,2.17
,-9.105,1.089,-3.513,-8.885,1.11,-3.745,-8.89,18.69,1.54
,-9.155,1.338,-3.556,-8.93,0.854,-3.795,-14.0,17.92,0.56
,-9.081,1.359,-3.53,-9.105,0.684,-3.786,-20.72,17.08,-0.35
5905.0,-9.167,0.357,-3.534,-9.349,-0.124,-3.075,-33.88,14.84,-2.45
,-9.237,0.081,-3.247,-9.203,-0.134,-2.989,-30.1,15.47,-1.96
,-9.261,0.036,-3.266,-9.287,0.258,-2.8,-25.55,16.66,-1.12
,-9.22,-0.026,-3.228,-9.33,0.421,-2.747,-20.09,17.85,-0.28
5981.0,-9.325,0.081,-2.419,-9.206,0.208,-3.029,2.45,27.65,1.47
,-9.368,-0.043,-2.295,-9.249,0.0,-3.319,5.11,30.17,2.45
,-9.323,0.072,-2.424,-9.201,0.373,-3.594,8.05,32.62,3.22
,-9.232,0.282,-2.735,-9.203,0.639,-3.855,10.5,34.79,3.36
6057.0,-9.27,0.553,-4.195,-9.253,0.572,-5.229,16.24,42.42,3.22
,-9.22,0.409,-4.391,-9.088,0.723,-5.296,16.87,43.05,3.5
,-9.249,0.481,-4.726,-8.978,0.838,-5.207,19.32,43.19,3.64
,-9.136,0.565,-5.016,-9.076,0.931,-5.226,21.49,43.47,3.57
6133.0,-9.014,0.771,-5.14,-8.842,0.759,-5.035,20.79,40.39,1.54
,-8.983,0.785,-5.126,-8.911,0.747,-4.944,20.93,40.25,1.54
,-9.0,0.811,-5.157,-8.801,0.603,-4.884,21.91,40.53,1.61
,-8.892,0.479,-5.099,-8.918,0.675,-4.822,23.24,40.6,1.54
6208.0,-9.356,1.311,-4.858,-9.328,-1.922,-4.269,38.01,44.1,1.89
,-10.333,3.781,-5.106,-9.605,-0.574,-4.022,42.14,43.82,-0.77
,-10.455,2.314,-5.281,-9.555,-0.821,-3.764,31.01,43.54,-4.97
,-9.234,-1.362,-4.726,-9.026,-1.603,-3.453,23.24,44.73,-4.76
6284.0,-8.799,-1.357,-3.453,-8.99,-2.335,-5.181,52.15,58.59,5.67
,-9.165,-0.495,-3.915,-8.866,-1.852,-5.599,52.78,60.2,4.55
,-9.45,-0.56,-4.365,-8.859,-1.22,-6.023,48.23,61.39,2.31
,-9.416,-1.699,-4.855,-8.397,-1.01,-6.356,43.4,62.37,1.19
6360.0,-7.834,-1.039,-6.782,-6.485,-0.074,-7.411,47.53,60.97,6.37
,-7.37,-1.103,-7.014,-6.119,0.165,-7.516,46.76,59.01,6.51
,-6.942,-0.833,-7.274,-5.798,0.153,-7.461,47.88,56.7,6.58
,-6.703,-0.593,-7.215,-5.659,0.141,-7.679,46.62,53.97,6.23
6436.0,-5.458,0.129,-7.76,-5.413,-0.395,-8.339,33.53,39.76,1.96
,-5.317,0.201,-7.789,-5.252,-0.486,-8.44,30.87,37.38,1.75
,-5.312,0.141,-8.114,-5.049,-0.73,-8.469,28.14,35.14,2.31
,-5.336,-0.144,-8.232,-5.133,-1.027,-8.387,26.39,33.25,3.08
6511.0,-5.427,-0.881,-8.543,-5.513,-0.541,-8.607,36.96,25.27,11.2
,-5.444,-0.718,-8.77,-5.741,-0.519,-8.629,41.44,23.59,12.53
,-5.439,-0.421,-8.813,-5.65,-0.081,-8.502,44.66,21.91,14.14
,-5.468,-0.278,-8.765,-5.635,0.299,-8.459,45.71,20.51,15.82
6587.0,-5.59,0.156,-8.294,-5.867,-0.4,-7.425,48.37,13.86,22.68
,-5.659,-0.163,-8.071,-6.011,-0.208,-7.291,47.18,14.0,24.85
,-5.745,-0.397,-7.813,-6.073,-0.313,-7.107,48.09,14.56,27.09
,-5.836,-0.5,-7.612,-6.286,-0.541,-7.018,49.77,14.98,29.4
6662.0,-6.401,-0.711,-7.014,-6.394,-1.642,-7.396,56.84,21.91,45.15
,-6.281,-0.747,-7.248,-6.597,-1.536,-7.727,59.78,24.08,49.28
,-6.37,-1.086,-7.373,-6.305,-1.357,-7.798,63.91,26.39,53.48
,-6.298,-1.555,-7.195,-6.25,-1.347,-8.186,69.51,28.84,58.59
6738.0,-6.461,-1.61,-8.306,-6.109,-0.943,-8.102,122.29,35.07,94.22
,-6.533,-1.831,-8.169,-5.958,-0.72,-7.959,134.4,34.51,101.08
,-6.571,-1.711,-8.105,-6.054,-0.541,-8.066,149.1,34.44,107.31
,-6.442,-1.287,-8.11,-5.841,-0.491,-8.184,162.33,34.02,112.98
6814.0,-5.664,-0.541,-8.196,-5.477,-0.579,-7.995,178.29,22.4,141.05
,-5.693,-0.768,-8.129,-5.298,-1.323,-8.11,175.49,17.29,146.51
,-5.846,-0.663,-7.93,-5.585,-1.785,-7.743,173.39,10.57,151.06
,-5.755,-0.514,-7.705,-6.037,-1.5,-7.377,168.63,3.01,156.17
6890.0,-6.138,-1.225,-7.239,-6.159,-0.763,-6.935,155.54,-23.17,178.43
,-6.04,-1.127,-7.236,-6.564,-0.723,-6.619,150.64,-26.6,180.04
,-6.064,-0.976,-7.186,-6.801,-0.778,-6.363,144.41,-29.61,181.02
,-6.044,-0.83,-6.999,-6.913,-0.744,-6.253,137.9,-32.69,180.95
6965.0,-7.064,-0.826,-6.178,-7.698,-1.117,-5.779,132.44,-35.21,166.53
,-7.181,-0.979,-5.994,-7.87,-1.117,-5.535,134.54,-34.65,161.49
,-7.437,-1.086,-5.899,-8.052,-1.06,-5.183,137.69,-33.95,156.1
,-7.511,-1.182,-5.841,-8.064,-0.974,-5.097,141.61,-32.97,150.29
7041.0,-8.162,-1.022,-5.059,-8.854,-1.216,-4.338,145.32,-25.34,125.93
,-8.354,-1.046,-4.949,-9.028,-0.766,-4.506,140.77,-23.73,122.29
,-8.588,-1.149,-4.85,-9.308,-0.538,-4.539,135.66,-22.75,118.51
,-8.722,-1.397,-4.695,-9.402,-0.01,-4.391,131.67,-21.84,115.5
7116.0,-9.328,0.809,-4.64,-9.34,-0.467,-3.144,114.17,-21.28,96.81
,-9.165,0.656,-4.35,-9.421,-0.428,-3.07,105.0,-22.47,90.79
,-9.237,0.017,-3.769,-9.45,-0.443,-2.934,97.44,-22.96,86.03
,-9.335,-0.407,-3.204,-9.495,-0.572,-2.833,94.08,-22.75,81.48
7192.0,-9.593,-0.517,-3.058,-10.208,-1.78,-4.372,91.77,-15.26,64.19
,-9.71,-0.421,-3.223,-10.05,-2.304,-3.888,92.4,-14.14,61.18
,-9.574,-0.318,-3.654,-9.749,-1.606,-3.707,91.84,-13.79,58.1
,-9.792,-0.826,-4.149,-9.397,-1.158,-3.372,89.74,-14.91,54.95
7268.0,-9.433,-1.45,-3.005,-10.519,-0.022,-3.544,87.01,-22.68,30.03
,-10.495,-1.33,-3.434,-10.246,0.869,-3.104,73.64,-11.41,22.68
,-11.048,-1.175,-3.877,-9.715,0.747,-3.106,57.19,-4.97,13.93
,-10.742,-0.976,-4.133,-9.234,0.352,-2.843,39.83,-6.37,5.32
7344.0,-8.973,0.462,-2.577,-8.351,-0.318,-2.142,-36.33,-13.23,-7.0
,-8.837,0.529,-2.931,-8.825,-1.326,-1.943,-35.35,-12.46,-3.78
,-8.559,0.739,-2.809,-9.342,-2.154,-2.034,-33.95,-12.04,-0.49
,-8.27,0.555,-2.486,-9.536,-2.036,-2.276,-34.72,-11.13,2.87
7420.0,-9.483,-1.742,-2.352,-8.89,-0.476,-3.218,-20.44,0.28,13.79
,-9.34,-1.244,-2.458,-8.748,-1.163,-3.388,-20.79,3.08,13.44
,-9.22,-0.237,-2.903,-8.885,-1.098,-3.656,-24.43,4.62,12.39
,-8.976,0.103,-3.147,-9.055,-0.354,-3.893,-30.38,5.53,12.18
7495.0,-9.122,0.316,-4.13,-9.05,0.517,-5.451,9.8,11.55,25.48
,-9.107,0.507,-4.424,-8.868,0.469,-5.662,15.68,12.18,26.25
,-9.016,0.581,-4.75,-8.741,0.366,-5.903,19.53,12.18,26.04
,-9.012,0.546,-5.037,-8.765,0.476,-6.133,22.82,12.04,25.27
7571.0,-8.82,0.931,-6.248,-8.818,1.048,-5.446,43.89,6.16,23.73
,-8.823,1.206,-6.138,-8.839,0.732,-5.128,46.34,4.27,23.52
,-8.813,1.39,-5.982,-8.837,0.306,-4.822,46.62,2.38,22.96
,-8.801,1.273,-5.779,-8.885,0.179,-4.549,43.96,0.0,21.98
7647.0,-8.964,0.065,-4.305,-9.002,0.488,-3.431,37.03,-4.69,20.3
,-8.906,0.299,-4.056,-9.086,0.672,-3.278,38.01,-4.55,20.09
,-8.926,0.493,-3.915,-9.222,0.921,-3.285,38.01,-4.27,20.16
,-8.957,0.407,-3.599,-9.174,0.94,-3.367,36.54,-3.57,20.16
7723.0,-8.899,0.998,-3.369,-9.165,1.29,-3.34,34.09,1.54,18.55
,-8.938,0.737,-3.429,-9.139,1.299,-3.415,33.32,2.59,18.41
,-9.021,0.802,-3.333,-9.086,1.094,-3.486,33.32,3.36,17.71
,-9.112,1.05,-3.319,-9.033,0.689,-3.503,32.27,4.13,16.59
7798.0,-8.971,0.538,-3.503,-9.093,1.091,-3.589,20.3,8.05,13.86
,-9.134,0.773,-3.601,-8.959,1.065,-3.652,22.68,9.1,13.86
,-9.148,0.96,-3.563,-8.938,0.916,-3.616,22.89,10.01,13.37
,-9.093,1.067,-3.513,-8.916,0.749,-3.676,21.7,10.78,12.53
7874.0,-8.978,0.61,-3.79,-8.882,0.491,-4.094,16.94,14.77,10.01
,-8.94,0.57,-3.855,-8.859,0.526,-4.154,16.1,15.19,9.59
,-8.863,0.395,-3.912,-8.796,0.488,-4.259,14.56,15.89,9.38
,-8.949,0.304,-3.999,-8.765,0.321,-4.255,13.37,16.38,8.96
7949.0,-8.722,0.199,-4.247,-8.768,0.983,-4.142,9.52,19.11,9.31
,-8.815,0.402,-4.353,-8.854,1.17,-3.984,10.85,19.53,9.31
,-8.703,0.735,-4.226,-8.878,1.206,-3.936,10.64,19.95,9.73
,-8.782,0.876,-4.18,-8.832,0.668,-3.723,9.66,20.23,9.87
8025.0,-8.674,0.371,-3.783,-8.787,-0.402,-4.669,8.26,25.48,9.17
,-8.835,0.249,-3.994,-8.799,-0.203,-4.759,9.66,26.81,9.59
,-8.93,0.258,-4.238,-8.808,0.139,-4.815,10.29,28.0,9.52
,-8.799,-0.112,-4.288,-8.971,0.517,-5.104,8.82,29.54,9.45
8101.0,-8.899,0.785,-5.288,-9.069,1.048,-5.841,11.41,33.46,10.22
,-8.827,0.514,-5.398,-9.177,0.845,-5.899,9.87,33.81,10.22
,-8.77,0.462,-5.535,-9.332,0.534,-5.87,11.06,34.44,10.29
,-8.914,0.873,-5.753,-9.82,0.292,-5.678,13.79,34.58,10.08
8177.0,-9.971,2.666,-4.941,-9.816,0.785,-4.298,28.84,36.12,19.18
,-9.055,1.424,-5.138,-10.366,1.67,-4.173,28.0,36.82,15.82
,-9.462,-0.534,-4.736,-10.335,0.859,-4.221,33.32,38.5,10.5
,-8.904,1.819,-4.858,-9.548,-1.22,-3.924,30.52,39.34,9.73
8253.0,-9.368,-1.175,-3.728,-9.457,-0.625,-3.946,12.67,49.49,2.59
,-9.72,-0.103,-3.503,-9.414,-0.991,-3.881,18.62,52.99,4.48
,-9.725,0.081,-3.573,-9.313,-1.22,-3.898,19.6,56.28,4.55
,-9.514,-0.29,-3.735,-9.474,-1.108,-3.829,18.2,59.5,4.2
8328.0,-9.61,-0.854,-3.891,-9.634,-1.618,-3.163,40.39,77.0,20.37
,-9.667,-1.003,-3.848,-9.682,-1.84,-2.733,45.71,80.92,24.57
,-9.689,-1.809,-3.183,-9.904,-2.304,-2.252,45.36,85.4,29.26
,-9.509,-1.969,-3.07,-10.213,-3.419,-0.964,55.09,90.09,34.93
8404.0,-10.045,-2.448,-2.745,-8.306,-2.503,-6.815,110.46,113.12,62.72
,-9.591,-1.771,-4.501,-8.069,-2.06,-7.595,124.67,116.06,65.38
,-9.241,-2.283,-4.7,-7.612,-0.754,-8.358,128.94,117.95,66.99
,-8.82,-2.828,-5.212,-7.71,-0.101,-9.897,134.12,118.79,67.9
8480.0,-7.413,0.488,-10.323,-6.803,-1.015,-9.684,134.19,115.85,51.66
,-7.248,0.428,-10.409,-6.65,-0.739,-9.282,121.87,115.71,55.3
,-7.617,-0.857,-9.957,-6.485,-0.007,-9.928,111.51,111.3,58.17
,-7.468,-1.098,-9.919,-5.882,0.225,-10.268,105.98,102.27,58.03
8556.0,-5.413,-0.144,-10.249,-4.719,-1.711,-9.249,50.12,40.25,62.93
,-4.795,-0.586,-10.438,-4.465,-1.247,-9.22,35.28,29.54,66.64
,-4.307,-1.433,-10.17,-4.836,-1.173,-8.325,26.88,20.79,71.47
,-4.566,-1.981,-9.512,-5.327,-1.003,-8.366,24.71,11.27,74.69
8631.0,-5.437,-1.254,-7.882,-4.334,-1.826,-8.162,8.68,-66.5,78.82
,-5.997,-1.184,-7.734,-3.97,-2.051,-8.354,1.82,-84.98,77.77
,-5.475,-1.228,-7.796,-3.814,-2.321,-7.569,-7.91,-103.25,76.37
,-4.829,-1.409,-7.844,-4.032,-1.931,-8.078,-14.21,-118.58,77.49
8707.0,-4.233,-2.029,-7.968,-4.977,-0.632,-7.99,-3.71,-166.88,71.82
,-4.441,-1.673,-7.966,-5.116,-0.634,-7.839,0.14,-176.4,68.39
,-4.989,-1.194,-7.899,-5.312,-0.785,-7.767,0.98,-185.92,65.94
,-5.245,-0.78,-8.004,-5.654,-1.043,-7.674,-1.19,-194.6,64.68
8782.0,-5.915,-1.129,-7.865,-7.095,-0.179,-6.729,-20.09,-231.84,50.89
,-5.922,-1.206,-7.983,-7.274,0.057,-6.552,-12.81,-236.81,46.55
,-6.245,-1.067,-7.327,-7.641,0.098,-6.31,0.56,-238.42,43.12
,-6.805,-0.744,-6.884,-8.15,0.505,-6.018,11.34,-240.66,38.43
8858.0,-8.567,0.668,-5.233,-9.797,-1.304,-1.639,10.29,-245.7,13.09
,-9.088,0.467,-4.338,-9.938,-1.639,-0.814,3.01,-242.2,9.38
,-9.703,-0.096,-3.609,-9.617,-1.467,-0.158,-5.25,-237.65,4.62
,-9.761,-0.785,-2.785,-9.258,-1.163,0.189,-9.31,-230.65,1.19
8934.0,-9.167,-0.938,0.51,-8.291,-0.014,2.084,-3.29,-164.15,-4.48
,-9.098,-0.9,0.337,-8.215,0.096,2.539,-3.64,-147.7,-4.41
,-8.593,-0.486,0.546,-8.153,-0.273,2.867,-5.32,-130.9,-4.55
,-8.169,-0.077,1.823,-7.995,-0.505,2.737,-6.37,-112.84,-3.78
9010.0,-7.995,-0.749,2.307,-8.399,-0.309,-0.83,-33.18,-10.5,-4.83
,-8.133,-0.823,1.474,-8.215,0.134,-1.582,-35.07,9.59,-3.57
,-8.256,-0.608,0.778,-8.404,0.579,-2.223,-35.56,27.72,-2.66
,-8.425,-0.536,-0.077,-8.729,0.95,-2.958,-36.19,43.61,-2.24
9085.0,-9.275,0.55,-3.697,-10.1,0.933,-0.172,-40.25,95.97,-5.11
,-13.843,-3.211,-2.934,-10.146,-3.51,0.641,-45.5,89.88,-1.82
,-18.863,-5.494,6.245,-11.079,-6.456,0.519,-18.83,68.32,16.8
,-16.157,-0.318,0.768,-8.806,-4.606,-1.237,5.39,57.05,11.34
9161.0,-9.191,-2.28,-3.13,-6.93,3.319,-5.403,34.72,117.6,29.61
,-9.088,-1.053,-4.178,-7.172,3.439,-5.834,52.92,117.88,31.36
,-8.296,0.479,-4.568,-8.122,3.113,-6.126,65.38,109.83,29.26
,-7.731,2.151,-4.896,-9.249,2.687,-5.43,62.86,96.53,21.07
9237.0,-10.581,2.022,-4.642,-9.411,0.778,-2.972,-7.7,73.78,2.38
,-10.529,1.395,-4.59,-9.325,1.12,-3.087,-14.77,68.32,-2.59
,-9.675,1.106,-4.228,-9.048,1.565,-3.484,-19.74,63.84,-2.31
,-9.127,0.859,-3.475,-9.0,1.977,-3.754,-21.84,60.83,0.07
9313.0,-9.292,2.656,-3.759,-9.38,-0.816,-4.049,-22.89,50.68,-4.97
,-9.174,2.065,-3.766,-9.325,-0.175,-4.19,-40.74,47.04,-4.55
,-8.83,0.242,-3.654,-9.21,0.242,-4.18,-50.68,44.87,-4.27
,-9.15,-0.938,-3.874,-9.225,0.505,-4.293,-44.24,44.24,-3.57
9389.0,-9.299,0.735,-4.396,-9.115,0.634,-4.695,-6.58,40.74,5.11
,-9.299,0.905,-4.429,-9.05,0.397,-4.623,-4.2,39.41,4.9
,-9.246,1.074,-4.575,-9.16,0.433,-4.472,-3.78,37.59,4.62
,-9.217,1.007,-4.681,-9.203,0.658,-4.518,-4.69,35.56,4.62
9464.0,-9.141,0.804,-4.511,-9.239,0.708,-3.91,8.4,26.88,6.3
,-9.119,0.723,-4.312,-9.229,0.902,-3.754,6.79,25.62,6.58
,-9.055,0.553,-4.264,-9.184,0.785,-3.707,6.23,24.5,6.65
,-9.263,0.414,-3.922,-9.098,0.467,-3.582,6.51,23.8,6.93
9540.0,-9.134,0.67,-3.618,-9.021,0.83,-3.702,7.21,23.1,6.58
,-9.045,0.914,-3.8,-9.028,0.749,-3.74,8.19,23.38,6.79
,-8.981,1.036,-3.75,-9.11,1.022,-3.848,8.05,23.45,6.93
,-9.043,0.938,-3.685,-9.16,1.098,-3.891,7.0,23.66,6.65
9615.0,-9.055,1.132,-3.893,-8.988,0.871,-4.073,6.58,24.78,5.39
,-9.005,0.876,-3.946,-8.94,1.053,-3.829,5.67,24.99,5.46
,-8.952,0.747,-3.963,-8.933,0.921,-3.831,6.3,25.2,5.81
,-8.99,0.727,-4.034,-8.966,0.534,-3.857,8.54,25.83,5.95
9691.0,-8.89,0.333,-3.927,-8.964,0.787,-3.704,10.15,29.61,7.77
,-9.045,0.158,-3.618,-9.1,1.022,-3.652,11.83,30.94,8.54
,-9.292,0.304,-3.556,-9.179,0.756,-3.35,12.81,31.92,8.47
,-8.949,0.593,-3.577,-9.208,0.625,-3.475,14.0,33.04,8.61
9767.0,-9.34,0.639,-3.479,-10.167,0.0,-3.996,13.3,41.44,9.17
,-9.49,0.596,-3.551,-8.454,0.826,-4.2,14.35,43.4,9.66
,-9.564,0.967,-3.563,-10.541,2.168,-4.097,15.05,44.94,10.08
,-9.55,0.998,-3.778,-9.502,-0.811,-4.022,15.05,46.62,10.36
9843.0,-9.502,0.108,-4.094,-9.584,-0.333,-4.374,39.27,58.1,13.44
,-9.421,0.632,-4.465,-9.71,0.258,-4.334,33.95,59.36,11.13
,-9.512,-0.541,-4.365,-10.105,0.526,-4.322,28.0,60.97,9.73
,-9.564,-0.304,-4.451,-10.816,3.372,-4.113,28.91,62.79,8.54
9918.0,-11.996,3.982,-4.623,-10.677,-0.282,-2.07,25.62,71.96,-0.91
,-10.646,-0.366,-3.829,-10.328,-1.357,-1.788,8.82,74.27,-3.29
,-9.916,-3.161,-2.982,-9.634,-2.264,-1.419,15.19,79.03,0.63
,-10.278,-1.01,-2.431,-9.753,-2.027,-1.376,33.18,83.58,6.02
9994.0,-10.1,-1.953,-1.563,-11.498,-3.793,0.72,43.54,109.27,16.73
,-10.333,-2.371,-1.479,-11.362,-2.436,-0.96,47.6,115.01,21.14
,-10.471,-3.056,-0.256,-10.785,-2.381,-1.223,53.48,122.29,28.77
,-11.12,-3.628,0.641,-10.261,-3.62,-3.022,67.13,129.29,36.47
10070.0,-9.141,-4.305,-3.97,-9.27,1.041,-10.28,123.2,147.56,59.57
,-8.413,-3.096,-6.255,-9.789,1.151,-11.101,149.59,147.7,59.64
,-8.392,-0.794,-8.081,-10.038,0.507,-10.672,170.03,148.19,52.57
,-8.952,0.689,-9.947,-9.289,0.883,-11.462,161.7,147.49,42.56
10146.0,-7.655,1.589,-11.445,-5.583,-0.526,-12.369,90.93,100.31,25.41
,-6.798,1.486,-11.668,-5.106,-0.443,-11.725,70.91,82.32,24.01
,-6.229,0.574,-11.641,-5.14,0.031,-11.163,55.51,66.36,23.8
,-5.69,-0.148,-12.13,-5.587,0.349,-9.629,43.89,52.71,26.88
10221.0,-6.248,0.919,-9.617,-4.238,-0.048,-9.392,23.17,-30.03,37.17
,-5.659,0.778,-9.292,-3.721,-0.955,-9.342,9.31,-55.37,36.82
,-5.69,0.45,-8.918,-3.448,-1.146,-9.227,-6.72,-79.73,35.21
,-5.315,0.462,-9.162,-3.36,-1.268,-9.119,-22.54,-104.16,35.28
10297.0,-3.273,-1.608,-8.622,-3.932,-1.61,-8.72,-47.04,-172.83,28.21
,-3.443,-1.857,-8.538,-3.891,-1.742,-8.442,-45.71,-187.04,25.06
,-3.534,-1.67,-8.722,-3.628,-1.407,-8.521,-40.81,-200.97,21.7
,-3.683,-1.448,-8.961,-3.888,-0.663,-8.538,-34.58,-211.4,22.96
10373.0,-4.228,-0.201,-8.796,-4.958,-1.235,-9.162,-27.93,-253.19,25.34
,-3.944,-0.675,-8.997,-5.181,-1.467,-8.246,-34.3,-259.91,23.52
,-4.422,-0.986,-8.957,-5.824,-1.199,-7.734,-36.54,-265.3,20.86
,-4.958,-1.062,-9.127,-6.396,-0.711,-7.521,-35.98,-270.27,19.32
10448.0,-7.088,-0.223,-7.303,-8.961,0.447,-5.298,3.64,-276.43,8.12
,-7.631,0.203,-6.947,-9.098,-0.682,-3.226,3.5,-274.54,6.86
,-8.375,0.452,-6.59,-8.832,-0.993,-1.417,-0.49,-270.97,5.18
,-8.818,0.651,-6.219,-9.253,-1.06,-1.376,-8.05,-266.84,2.87
10524.0,-9.261,-0.148,-0.756,-7.31,-0.165,1.852,-18.9,-208.46,-10.22
,-8.753,0.596,-0.239,-7.392,-0.816,3.034,-26.88,-190.4,-14.63
,-8.306,1.077,0.529,-7.497,-0.993,3.441,-44.1,-168.14,-17.01
,-7.851,0.591,0.706,-7.349,-0.739,2.898,-65.45,-142.45,-17.29
10600.0,-7.377,-0.395,2.065,-8.169,0.148,-3.575,-88.9,12.46,-2.66
,-7.645,0.038,0.684,-9.648,-0.653,-4.69,-88.27,41.16,0.28
,-7.88,0.223,-0.828,-18.624,-7.286,-0.526,-88.48,66.36,1.68
,-7.887,0.266,-2.297,-20.742,-7.358,2.206,-86.94,87.5,2.73
10676.0,-11.68,-1.807,-0.689,-9.466,-4.087,-4.47,-17.36,69.65,3.71
,-7.14,-3.072,-1.376,-9.512,-0.577,-5.355,-31.57,79.94,9.45
,-10.692,-5.915,-1.299,-8.961,1.948,-5.303,-36.12,94.71,19.6
,-9.706,-6.181,-3.015,-8.447,2.79,-6.238,-14.77,108.43,21.07
10751.0,-7.375,1.986,-7.205,-9.337,0.641,-6.487,6.93,95.69,18.83
,-7.006,0.993,-7.334,-9.287,0.928,-5.872,-4.27,92.05,21.35
,-7.846,0.665,-6.935,-9.299,1.141,-5.162,-1.26,89.11,18.76
,-8.88,0.388,-6.691,-9.823,1.527,-4.46,1.82,84.35,10.78
10827.0,-10.323,1.685,-3.848,-8.614,0.701,-2.575,-18.41,55.72,1.47
,-10.021,1.582,-3.343,-9.277,0.627,-2.546,-26.39,52.78,-0.49
,-9.237,1.206,-3.032,-9.943,0.725,-2.627,-33.18,50.68,-1.4
,-8.55,0.89,-2.735,-9.835,0.474,-2.706,-36.12,48.51,-0.7
10903.0,-9.651,0.275,-2.819,-9.354,0.249,-4.231,-28.91,42.56,5.11
,-9.596,0.23,-3.027,-9.251,0.39,-4.733,-24.99,42.7,5.6
,-9.483,0.211,-3.472,-9.229,0.443,-5.08,-20.93,42.56,6.44
,-9.378,0.187,-3.905,-9.124,0.436,-5.178,-16.17,41.93,6.86
10979.0,-9.146,0.266,-5.087,-9.239,-0.34,-4.472,-1.54,32.13,5.6
,-9.198,0.246,-4.97,-9.191,-0.242,-4.231,-0.35,29.96,5.11
,-9.251,0.103,-4.841,-9.241,-0.055,-4.049,0.07,27.65,4.83
,-9.194,-0.182,-4.599,-9.237,0.352,-3.987,-0.21,25.97,4.83
11054.0,-9.366,0.706,-3.893,-9.287,0.34,-3.582,4.55,20.3,3.57
,-9.323,0.814,-3.795,-9.225,0.45,-3.577,0.77,19.46,3.01
,-9.337,0.73,-3.668,-9.215,0.5,-3.53,-2.66,18.97,2.87
,-9.294,0.407,-3.632,-9.256,0.632,-3.436,-4.48,19.04,3.08
11130.0,-9.301,0.589,-3.384,-9.227,0.182,-3.431,-6.3,20.02,3.78
,-9.268,0.383,-3.439,-9.256,0.428,-3.467,-8.82,20.3,3.36
,-9.179,0.235,-3.451,-9.265,0.498,-3.302,-9.73,20.58,3.22
,-9.265,0.108,-3.494,-9.311,0.672,-2.895,-9.38,20.93,3.08
11205.0,-9.304,0.572,-2.551,-9.15,0.215,-1.888,-7.0,24.99,2.17
,-9.208,0.589,-2.087,-9.184,0.266,-2.113,-6.02,27.09,2.73
,-9.198,0.519,-2.089,-9.318,0.333,-2.257,-3.64,29.33,3.29
,-9.081,0.507,-2.115,-9.292,0.139,-2.283,-0.98,31.99,4.06
11281.0,-9.378,-0.014,-2.448,-9.299,-0.134,-3.135,2.73,46.2,3.64
,-9.301,-0.024,-2.692,-9.229,0.038,-3.108,2.45,48.86,2.8
,-9.155,0.158,-2.991,-9.529,0.345,-3.108,1.75,51.03,2.52
,-9.234,0.0,-3.173,-9.32,1.089,-3.601,0.63,52.99,2.59
11357.0,-9.44,0.749,-3.922,-10.268,-0.543,-4.891,-0.98,61.88,1.12
,-9.469,0.122,-4.149,-9.689,-0.019,-4.905,-3.01,63.49,1.33
,-9.686,-0.323,-4.386,-10.112,0.378,-4.664,0.07,65.66,1.89
,-9.761,-0.371,-4.666,-10.12,-0.438,-4.709,5.88,68.04,2.59
11433.0,-10.969,2.862,-4.628,-10.519,-1.158,-1.737,35.07,78.12,0.84
,-12.455,3.436,-4.984,-11.082,0.165,-1.548,24.71,78.47,-5.88
,-11.871,-0.727,-3.91,-11.144,-0.761,-1.536,9.87,80.92,-9.03
,-10.744,-3.321,-2.479,-10.761,-2.192,-1.579,16.66,86.31,-5.74
11509.0,-10.759,-2.84,-1.869,-11.991,-3.494,1.302,27.02,112.0,-1.61
,-10.735,-3.221,-1.855,-11.764,-2.386,0.826,32.97,117.95,2.03
,-10.983,-4.027,-0.507,-11.723,-1.838,-0.019,44.03,125.37,9.38
,-11.754,-4.046,0.665,-11.271,-1.438,-1.177,60.48,133.14,17.99
11584.0,-10.794,-2.027,-1.823,-9.38,0.67,-8.442,98.14,155.26,44.17
,-9.792,-1.359,-4.652,-10.388,1.374,-9.926,111.58,155.61,43.96
,-8.768,-1.036,-6.25,-10.45,2.151,-11.0,115.71,154.49,37.03
,-8.507,-0.235,-6.966,-10.333,2.335,-10.869,118.72,152.32,28.14
11660.0,-9.552,2.797,-10.78,-5.989,0.924,-11.802,69.44,114.17,-6.51
,-8.43,2.943,-10.751,-5.08,-0.189,-12.577,49.07,98.35,-9.1
,-8.016,2.697,-11.409,-4.635,-1.027,-12.053,28.07,80.08,-12.81
,-7.061,1.874,-11.259,-4.645,-0.969,-11.189,3.36,60.27,-15.75
11736.0,-5.162,-0.493,-9.959,-4.807,0.723,-9.196,-2.1,-4.27,-1.68
,-5.561,0.263,-9.471,-4.226,0.294,-9.222,4.13,-24.71,2.52
,-5.817,0.967,-9.773,-3.396,-0.17,-9.258,3.43,-47.04,6.65
,-5.114,1.187,-9.366,-2.814,-0.627,-9.273,-5.25,-70.14,8.89
11812.0,-2.206,-0.782,-9.481,-2.788,-0.531,-8.787,-38.71,-164.29,14.91
,-1.799,-0.802,-9.564,-2.601,-0.723,-8.772,-38.64,-175.98,14.49
,-1.615,-0.866,-9.438,-2.56,-0.766,-9.141,-38.99,-185.99,15.33
,-2.173,-0.438,-9.16,-2.97,-0.258,-8.949,-39.69,-196.98,16.38
11887.0,-3.111,0.412,-8.973,-4.652,-0.933,-9.127,-33.67,-251.3,18.62
,-3.719,0.574,-9.761,-5.296,-1.007,-9.014,-46.62,-261.38,19.95
,-3.714,-0.184,-9.919,-6.229,-1.455,-8.787,-53.97,-270.06,21.14
,-4.066,-0.78,-9.268,-6.6,-1.586,-8.708,-50.89,-274.75,23.66
11963.0,-6.257,-1.192,-8.492,-7.911,0.632,-4.539,-5.81,-288.4,24.78
,-6.904,-0.503,-7.696,-8.643,1.23,-4.58,3.85,-284.83,27.09
,-7.581,0.464,-7.119,-9.78,1.914,-3.364,3.08,-280.28,29.19
,-7.865,0.732,-5.932,-10.165,2.548,-2.797,-5.81,-273.0,29.33
12038.0,-9.813,2.675,-1.857,-7.59,-3.881,0.962,-48.86,-208.88,-9.03
,-9.22,1.697,-0.991,-7.248,-3.393,0.644,-79.31,-188.93,-14.14
,-8.567,-0.402,-0.395,-7.222,-2.295,1.228,-106.4,-165.55,-17.29
,-7.944,-2.867,0.507,-7.519,-0.921,0.854,-122.29,-138.88,-16.94
12114.0,-7.796,-0.548,0.249,-8.167,-0.072,-3.503,-74.13,11.55,1.61
,-7.686,-0.124,-0.589,-12.51,-2.673,-3.841,-70.7,38.71,2.66
,-7.53,0.369,-1.637,-19.316,-6.882,4.535,-69.16,62.37,3.78
,-7.454,0.165,-2.661,-17.918,-4.642,1.321,-68.74,82.6,5.88
12190.0,-11.359,-1.271,-0.928,-9.273,-0.627,-4.585,-23.03,82.18,6.65
,-7.911,-2.651,-1.687,-8.722,1.792,-4.855,-43.96,89.11,3.78
,-9.998,-5.133,-2.508,-8.698,1.78,-6.399,-48.65,93.94,9.17
,-9.878,-4.001,-3.936,-7.813,1.716,-7.375,-24.22,99.54,9.38
12266.0,-7.016,2.197,-7.502,-9.342,-0.361,-5.879,-15.89,90.09,12.53
,-7.605,1.661,-7.344,-9.44,0.045,-5.162,-19.39,85.47,10.29
,-8.854,0.151,-7.095,-10.148,-0.112,-4.149,-19.53,80.78,6.3
,-9.375,-0.615,-6.36,-10.148,-0.426,-3.412,-14.0,74.13,3.99
12341.0,-9.653,-0.318,-3.187,-9.552,1.618,-3.376,-9.73,55.09,9.03
,-8.619,0.416,-3.331,-9.399,1.177,-3.192,-9.38,53.27,6.02
,-8.327,1.062,-3.417,-9.395,0.397,-2.97,-12.53,50.54,2.31
,-8.966,1.594,-3.475,-9.761,0.22,-2.917,-19.81,47.39,1.47
12417.0,-9.794,0.352,-3.07,-9.34,1.505,-4.281,-14.42,40.81,10.36
,-9.615,0.646,-3.23,-9.32,1.285,-4.573,-6.93,40.6,12.25
,-9.466,1.082,-3.475,-9.301,0.581,-4.666,-1.12,39.76,12.04
,-9.373,1.39,-3.896,-9.237,0.048,-4.745,0.91,38.29,10.57
12493.0,-9.194,-0.256,-4.647,-9.165,0.637,-4.257,-3.01,28.91,7.42
,-9.141,-0.227,-4.525,-9.208,0.644,-4.245,2.94,27.37,8.26
,-9.186,0.103,-4.427,-9.213,0.589,-4.078,8.89,26.04,9.03
,-9.213,0.371,-4.216,-9.351,0.462,-3.874,12.39,24.5,8.96
12569.0,-9.402,0.51,-3.613,-9.304,1.027,-3.252,9.52,19.53,7.63
,-9.28,0.871,-3.422,-9.316,0.859,-3.276,10.71,19.6,7.63
,-9.313,1.304,-3.3,-9.335,0.725,-3.364,9.45,19.39,7.21
,-9.308,1.244,-3.245,-9.351,0.682,-3.451,6.02,19.25,6.65
12645.0,-9.361,0.749,-3.661,-9.052,-0.182,-3.317,-1.12,19.18,3.71
,-9.261,0.742,-3.733,-9.232,-0.05,-3.216,-2.52,19.25,3.15
,-9.203,0.534,-3.771,-9.306,-0.01,-2.79,-4.76,19.32,3.01
,-9.148,0.191,-3.683,-9.296,-0.201,-2.266,-5.6,19.67,3.64
12720.0,-9.172,-0.108,-1.723,-9.301,0.854,-0.857,5.81,28.21,10.99
,-9.196,0.44,-1.529,-9.031,1.019,-1.06,7.63,30.45,10.92
,-9.174,0.713,-1.211,-8.906,0.761,-1.28,5.6,32.97,10.29
,-9.378,0.622,-0.945,-9.17,0.074,-1.936,2.03,35.49,8.75
12796.0,-9.33,-0.684,-2.479,-9.61,0.151,-4.487,-13.09,50.82,8.12
,-9.474,-0.696,-3.161,-9.61,-0.122,-4.75,-4.41,54.18,9.1
,-9.574,-0.168,-3.826,-9.533,0.084,-4.992,4.41,57.19,10.08
,-9.598,0.251,-4.226,-9.593,0.29,-5.068,8.26,59.29,10.85
12871.0,-10.16,0.072,-5.26,-9.344,0.814,-4.585,20.72,65.73,13.58
,-9.306,1.575,-4.616,-9.775,0.12,-4.271,26.39,65.52,17.99
,-9.442,1.409,-4.508,-9.873,-0.235,-4.307,26.11,67.13,16.1
,-9.689,-0.462,-4.41,-10.213,1.187,-4.233,32.27,69.23,12.95
12947.0,-11.436,3.917,-4.889,-10.179,-0.041,-2.144,54.53,78.61,8.68
,-11.737,1.381,-4.231,-10.55,-0.471,-2.118,39.69,79.94,3.43
,-10.258,-2.709,-2.97,-10.309,-1.335,-2.022,32.2,83.86,4.48
,-9.974,-2.125,-2.321,-10.366,-1.493,-2.0,47.6,88.97,9.1
13023.0,-10.56,-1.826,-1.567,-11.658,-3.477,0.383,48.79,111.93,8.19
,-10.833,-2.398,-1.283,-11.249,-2.56,-1.015,51.66,117.32,10.71
,-11.464,-3.063,-0.711,-10.713,-2.319,-2.065,59.71,123.69,15.61
,-11.917,-3.678,0.203,-9.797,-2.304,-3.628,67.13,129.85,20.79
13099.0,-9.036,-2.338,-5.226,-10.404,-0.603,-8.5,90.65,151.06,45.5
,-8.545,-1.855,-6.659,-10.455,0.909,-9.6,100.45,154.84,45.5
,-8.54,-0.921,-7.873,-9.909,1.855,-10.328,115.08,158.13,44.94
,-9.646,-0.869,-9.325,-8.579,2.769,-11.113,125.51,157.71,43.54
13174.0,-6.494,2.62,-11.261,-5.997,-0.495,-11.429,73.5,92.05,24.15
,-5.523,1.189,-11.07,-5.683,-0.215,-11.058,52.78,77.42,24.5
,-5.635,-0.232,-11.536,-5.875,0.117,-10.352,45.15,65.94,26.95
,-5.748,-1.56,-11.158,-5.705,0.742,-9.665,47.88,54.32,30.66
13250.0,-5.444,0.895,-9.287,-4.106,-0.565,-9.227,34.51,-45.71,47.18
,-5.004,0.713,-9.117,-3.735,-0.517,-9.194,12.81,-68.74,47.6
,-4.511,-0.055,-9.304,-3.62,-0.948,-8.784,-3.85,-89.04,46.76
,-4.235,-0.641,-9.141,-3.594,-1.328,-8.804,-12.46,-104.16,45.01
13325.0,-3.597,-1.785,-8.679,-4.317,-1.603,-8.94,-48.65,-173.6,31.36
,-4.008,-2.314,-8.612,-4.439,-1.189,-8.983,-47.25,-185.92,29.89
,-4.056,-2.575,-8.923,-4.654,-1.165,-8.875,-38.78,-197.12,28.98
,-4.334,-2.338,-8.868,-4.968,-1.089,-8.569,-27.58,-206.29,27.16
13401.0,-5.262,-0.732,-8.665,-5.69,-0.83,-9.442,-27.72,-241.15,12.39
,-5.434,-0.309,-9.04,-5.738,-0.991,-9.215,-34.93,-247.31,7.35
,-5.513,-0.203,-9.083,-5.896,-1.225,-8.894,-43.19,-252.21,3.57
,-5.559,-0.519,-9.433,-6.25,-1.225,-8.471,-50.75,-256.27,-0.7
13477.0,-6.511,-1.113,-7.985,-8.6,-0.249,-4.235,-53.2,-268.73,-27.58
,-6.908,-1.005,-6.992,-9.258,-0.103,-3.654,-50.61,-266.14,-30.87
,-7.205,-0.804,-5.8,-9.667,-0.263,-2.804,-48.37,-261.8,-33.74
,-7.87,-0.701,-4.917,-9.502,0.258,-2.048,-46.2,-255.64,-37.87
13553.0,-9.095,0.218,-1.354,-7.262,-0.962,1.086,-64.75,-196.42,-48.37
,-8.526,-1.055,-0.572,-6.999,-0.275,1.594,-77.7,-177.52,-45.99
,-8.552,-2.438,-0.22,-7.574,-0.737,2.101,-85.33,-156.94,-42.42
,-7.798,-2.125,1.003,-7.892,-0.68,1.735,-81.48,-134.33,-37.24
13629.0,-7.784,-0.156,1.132,-7.767,-0.39,-2.929,-87.29,4.2,-20.58
,-7.727,0.225,-0.053,-7.396,-0.361,-3.884,-91.84,27.37,-19.25
,-7.83,0.074,-1.149,-8.78,-1.28,-4.951,-96.74,47.81,-17.08
,-8.004,-0.323,-2.027,-13.465,-4.637,-4.319,-100.45,65.24,-14.21
13704.0,-19.079,-9.801,2.752,-7.887,-1.287,-2.285,-59.29,57.19,16.94
,-16.145,-3.001,-1.922,-8.014,-2.893,-1.596,-17.71,38.22,9.24
,-7.753,1.694,-2.027,-11.627,-2.438,0.093,-7.91,31.36,2.17
,-7.619,0.39,-1.582,-14.156,-2.051,-1.23,-28.14,28.07,-0.42
13780.0,-14.226,-1.852,-4.8,-7.777,-0.519,-6.076,-26.81,87.78,42.28
,-9.474,-0.68,-6.408,-9.395,0.601,-5.451,-14.63,92.75,33.39
,-6.241,0.28,-5.808,-10.471,2.465,-4.652,-13.93,89.18,28.49
,-6.368,0.354,-5.753,-10.45,0.689,-4.3,-19.74,79.45,25.48
13856.0,-9.629,0.223,-4.381,-9.765,-1.357,-3.728,-53.2,46.62,14.77
,-8.222,-1.421,-4.329,-9.593,0.215,-3.084,-50.96,42.77,19.46
,-8.878,-3.53,-4.118,-9.799,1.139,-2.891,-29.82,40.46,23.73
,-9.782,-2.74,-4.288,-9.859,1.397,-2.941,-0.56,39.9,28.56
13932.0,-9.541,0.768,-2.819,-9.512,-0.297,-2.931,-26.81,30.8,11.97
,-9.485,0.096,-2.73,-9.631,-0.263,-2.943,-34.44,29.33,11.06
,-9.586,0.081,-2.886,-9.663,0.175,-3.13,-32.76,27.72,10.36
,-9.574,-0.022,-3.008,-9.552,0.483,-3.36,-29.33,26.67,10.57
14007.0,-9.526,0.785,-3.403,-9.514,-0.524,-3.4,-14.91,21.56,11.2
,-9.651,0.735,-3.537,-9.509,-0.55,-3.185,-19.18,19.74,9.17
,-9.603,0.261,-3.47,-9.672,-0.306,-3.178,-23.52,18.13,7.77
,-9.634,-0.134,-3.4,-9.603,0.254,-3.228,-24.08,17.01,7.7
14083.0,-9.557,0.524,-3.252,-9.541,0.179,-2.95,-16.87,11.97,3.57
,-9.426,0.251,-3.125,-9.584,0.455,-2.857,-19.95,10.64,2.87
,-9.541,-0.089,-3.096,-9.507,0.503,-2.883,-19.95,10.08,2.38
,-9.708,-0.299,-3.049,-9.454,0.285,-2.809,-18.27,9.38,1.19
14158.0,-9.454,-0.366,-2.735,-9.596,0.459,-1.924,-24.08,6.93,-0.63
,-9.299,-0.696,-2.381,-9.605,0.483,-1.898,-23.17,7.28,-0.42
,-9.545,-0.337,-2.307,-9.483,0.273,-1.721,-21.49,7.7,-0.91
,-9.555,0.096,-2.036,-9.414,0.01,-1.56,-21.77,8.26,-1.54
14234.0,-9.411,-0.053,-1.448,-9.576,0.988,-1.883,-29.68,14.63,-2.59
,-9.653,0.378,-1.541,-9.753,1.007,-2.422,-27.16,16.03,-3.43
,-9.564,0.857,-1.455,-9.579,0.974,-2.79,-28.84,17.43,-4.55
,-9.512,0.859,-1.522,-9.289,0.873,-3.302,-33.25,18.41,-5.53
14310.0,-9.148,0.357,-3.903,-9.196,-0.182,-4.448,-53.55,16.52,-7.77
,-9.184,-0.285,-4.166,-9.311,-0.045,-4.451,-52.92,15.96,-7.49
,-9.284,-0.323,-4.346,-9.332,0.189,-4.52,-49.98,14.84,-7.77
,-9.263,-0.194,-4.47,-9.466,0.409,-4.453,-48.02,13.86,-7.84
14386.0,-9.445,0.495,-4.446,-9.356,-0.302,-4.001,-47.67,7.14,-10.22
,-9.349,0.426,-4.448,-9.387,-0.337,-3.709,-49.63,5.46,-10.92
,-9.244,0.266,-4.31,-9.399,0.084,-3.661,-51.31,4.13,-11.06
,-9.246,-0.215,-4.147,-9.375,0.447,-3.486,-50.82,3.08,-10.85
14461.0,-9.411,0.718,-3.408,-9.39,0.086,-3.092,-46.55,1.33,-12.95
,-9.521,0.538,-3.273,-9.289,-0.043,-2.924,-50.47,0.91,-13.51
,-9.378,0.383,-3.175,-9.375,-0.022,-2.804,-52.43,0.7,-13.65
,-9.356,0.227,-3.168,-9.471,-0.002,-2.85,-52.08,0.56,-13.79
14537.0,-9.438,0.091,-2.979,-9.337,-0.613,-2.986,-52.36,1.68,-14.98
,-9.368,-0.115,-3.096,-9.34,-0.213,-2.958,-55.16,2.17,-15.12
,-9.198,-0.483,-3.118,-9.438,0.232,-2.943,-56.07,2.59,-14.98
,-9.198,-0.694,-3.094,-9.433,0.273,-3.106,-53.13,3.5,-14.07
14613.0,-9.304,0.136,-3.12,-9.323,0.227,-3.029,-38.29,6.51,-11.97
,-9.222,-0.002,-3.163,-9.373,0.51,-3.3,-37.24,7.14,-11.69
,-9.304,-0.201,-3.156,-9.301,0.507,-3.283,-35.07,7.7,-11.41
,-9.323,-0.105,-3.056,-9.342,0.409,-3.259,-32.27,8.19,-11.27
14689.0,-9.33,0.38,-3.24,-9.524,0.682,-3.022,-31.99,9.45,-13.16
,-9.34,0.498,-3.144,-9.363,0.553,-2.9,-30.59,10.01,-13.44
,-9.407,0.584,-3.058,-9.347,0.443,-3.005,-28.98,10.85,-13.44
,-9.426,0.658,-2.888,-9.433,0.38,-3.317,-26.88,11.48,-13.44
14765.0,-9.313,0.67,-3.439,-8.945,-1.065,-3.096,-22.75,14.14,-14.14
,-9.344,0.608,-3.721,-9.174,-1.127,-2.46,-23.59,14.14,-14.21
,-9.316,-0.165,-3.654,-9.332,-0.866,-2.316,-24.64,14.21,-13.23
,-9.055,-0.232,-4.197,-9.619,-0.627,-2.371,-22.61,14.77,-12.11
14840.0,-9.835,-0.467,-2.316,-9.895,0.455,-3.8,-2.17,23.73,-11.27
,-9.933,-0.156,-2.699,-9.71,1.256,-4.166,-2.45,25.27,-12.25
,-10.301,0.115,-3.178,-9.28,0.122,-4.736,-3.43,26.39,-14.42
,-10.031,0.316,-3.482,-8.737,-0.859,-4.637,-5.74,26.81,-17.36
14916.0,-9.619,0.019,-5.331,-10.711,-0.924,-4.106,-51.94,30.8,-59.78
,-10.086,0.787,-5.255,-10.27,-0.196,-3.709,-67.97,30.87,-66.15
,-10.158,0.273,-4.944,-10.239,0.692,-3.161,-85.05,30.24,-71.89
,-10.385,-0.672,-4.599,-9.95,1.807,-2.9,-93.87,30.38,-76.58
14991.0,-9.727,2.577,-3.061,-8.839,3.958,-4.226,-83.79,33.74,-80.78
,-9.794,2.888,-3.142,-8.595,3.941,-4.764,-85.47,34.02,-81.06
,-9.445,3.254,-3.309,-8.339,3.721,-5.2,-86.94,33.6,-82.39
,-9.143,3.659,-3.661,-7.952,3.498,-5.69,-87.22,33.39,-83.72
15067.0,-7.83,3.233,-6.133,-7.787,3.235,-6.485,-89.95,24.01,-90.72
,-7.602,3.147,-6.451,-8.198,3.649,-6.054,-92.68,20.65,-90.72
,-7.533,3.163,-6.521,-8.296,3.783,-5.901,-95.34,16.52,-90.65
,-7.569,3.211,-6.784,-8.246,3.695,-5.894,-98.28,12.74,-89.88
15143.0,-8.086,3.259,-5.889,-8.356,2.211,-5.822,-139.16,-13.79,-81.34
,-8.093,2.673,-5.791,-8.433,2.288,-5.765,-146.72,-18.76,-77.42
,-8.148,2.398,-5.829,-8.466,2.357,-5.721,-149.8,-23.73,-73.64
,-8.263,2.216,-5.843,-8.576,2.584,-5.803,-150.92,-28.63,-70.7
15219.0,-8.631,2.716,-5.832,-8.861,1.161,-6.078,-154.21,-56.0,-63.14
,-8.667,2.8,-5.87,-8.823,0.955,-6.1,-157.08,-61.04,-63.07
,-8.672,2.422,-6.013,-8.777,0.565,-6.128,-161.28,-66.01,-63.21
,-8.808,1.814,-6.035,-8.878,0.103,-6.102,-165.48,-70.63,-63.21
15294.0,-8.995,-0.294,-5.98,-9.141,-0.325,-5.678,-162.26,-92.05,-56.49
,-9.091,-0.546,-5.913,-9.316,-0.292,-5.53,-160.23,-96.46,-53.9
,-9.079,-0.507,-5.748,-9.5,-0.452,-5.353,-158.41,-100.94,-51.24
,-9.002,-0.419,-5.709,-9.495,-0.581,-4.96,-156.87,-104.65,-48.37
15370.0,-9.5,-0.713,-4.803,-9.45,-1.039,-4.219,-152.46,-117.74,-36.05
,-9.438,-0.739,-4.654,-9.45,-1.192,-3.833,-149.8,-118.79,-35.07
,-9.469,-0.826,-4.525,-9.316,-1.127,-3.486,-146.51,-119.14,-34.3
,-9.462,-0.905,-4.372,-9.22,-1.01,-3.747,-143.22,-119.21,-33.67
15446.0,-9.127,-0.998,-3.762,-8.82,-1.476,-3.106,-142.31,-115.43,-32.97
,-9.083,-1.232,-3.46,-8.643,-1.838,-2.654,-147.28,-113.61,-32.27
,-9.028,-1.402,-3.384,-8.533,-1.742,-2.496,-150.71,-111.51,-31.92
,-8.88,-1.369,-3.417,-8.337,-1.577,-2.19,-152.32,-109.41,-31.78
15522.0,-8.469,-1.421,-1.883,-8.538,-1.046,-1.749,-151.69,-86.94,-30.73
,-8.739,-1.182,-2.003,-8.38,-0.945,-1.653,-147.91,-80.92,-31.78
,-8.78,-1.192,-1.859,-8.454,-1.101,-1.481,-146.86,-74.97,-32.55
,-8.672,-1.254,-1.716,-8.509,-1.455,-1.682,-146.51,-68.32,-32.48
15597.0,-8.574,-1.646,-1.716,-8.452,-1.385,-1.79,-137.62,-29.26,-28.77
,-8.693,-1.651,-1.768,-8.88,-0.95,-1.984,-129.08,-21.0,-25.97
,-8.667,-1.565,-1.732,-8.753,-0.084,-2.113,-120.61,-12.81,-23.03
,-8.344,-1.622,-1.759,-8.543,0.223,-2.264,-113.26,-4.48,-19.81
15673.0,-8.497,0.242,-2.355,-8.425,-0.646,-2.745,-98.21,27.79,-9.66
,-8.315,-0.026,-2.481,-8.88,-1.304,-2.584,-101.36,32.9,-8.68
,-8.289,-0.27,-2.589,-11.881,-3.888,-0.744,-103.6,37.66,-7.07
,-8.337,-0.476,-2.637,-15.439,-7.408,1.632,-104.58,42.28,-4.48
15749.0,-14.046,-8.528,0.802,-9.663,-3.8,-3.592,-93.52,45.22,-0.77
,-10.266,-7.117,-0.328,-9.768,-2.111,-5.042,-71.68,52.15,3.92
,-8.595,-4.767,-0.84,-8.375,0.06,-4.934,-53.13,58.45,15.82
,-9.253,-3.408,-2.697,-7.904,1.065,-4.807,-43.4,65.66,20.23
15824.0,-8.39,1.991,-5.626,-8.827,-2.168,-5.76,-34.93,63.28,9.1
,-8.545,1.718,-6.159,-9.21,-2.149,-5.262,-54.11,61.74,9.31
,-8.679,0.215,-5.954,-9.868,-2.414,-4.654,-62.58,58.38,13.23
,-8.655,-1.407,-5.717,-10.12,-2.434,-4.051,-55.51,53.97,16.87
15900.0,-9.727,-1.436,-3.563,-9.773,3.666,-3.034,5.25,41.09,25.13
,-9.021,-0.388,-3.056,-9.277,3.57,-2.955,9.24,40.95,23.52
,-9.17,0.263,-2.876,-9.332,1.809,-2.912,10.85,40.6,18.69
,-9.904,2.111,-2.955,-9.438,0.098,-2.871,3.29,38.85,12.18
15976.0,-9.359,-0.771,-2.783,-9.273,-0.916,-2.989,-77.21,27.93,-2.17
,-9.191,-1.106,-2.74,-9.155,-0.73,-3.163,-68.6,28.77,0.21
,-9.206,-1.17,-2.809,-9.234,-0.443,-3.369,-58.59,30.31,2.17
,-9.316,-1.039,-3.032,-9.225,-0.081,-3.798,-50.61,31.92,3.15
16052.0,-9.162,0.096,-4.159,-8.988,-0.22,-5.511,-40.04,35.63,1.54
,-9.134,0.057,-4.702,-8.93,-0.218,-5.748,-37.8,35.07,1.96
,-9.062,-0.057,-5.042,-8.878,-0.251,-5.788,-33.6,33.95,2.8
,-9.007,-0.196,-5.286,-8.945,-0.148,-5.86,-27.86,32.9,3.57
16127.0,-8.966,-0.053,-5.879,-8.827,0.172,-5.468,-7.84,23.52,3.71
,-8.868,-0.074,-5.619,-8.768,-0.194,-5.205,-8.19,21.42,3.43
,-8.966,0.048,-5.595,-8.82,-0.29,-4.996,-7.84,19.25,3.08
,-9.024,0.285,-5.607,-8.878,0.244,-4.977,-7.91,17.08,2.24
16203.0,-9.117,0.512,-4.664,-8.914,-0.211,-4.42,-8.75,9.73,1.61
,-9.062,0.572,-4.594,-8.983,-0.565,-4.243,-11.62,8.96,1.26
,-8.964,0.409,-4.458,-8.964,-0.699,-4.121,-14.07,8.54,1.05
,-8.894,0.17,-4.413,-8.923,-0.256,-4.178,-14.91,8.05,1.19
16279.0,-9.014,-0.156,-3.81,-9.064,-0.526,-3.307,-3.22,9.94,4.13
,-9.062,-0.139,-3.525,-9.124,-0.208,-3.262,-4.69,10.64,4.13
,-9.057,-0.287,-3.513,-9.208,0.156,-3.331,-5.67,11.34,4.27
,-8.954,-0.483,-3.384,-9.251,0.292,-3.257,-4.9,12.81,5.18
16355.0,-9.179,0.316,-3.156,-9.162,0.251,-2.692,1.05,21.14,5.32
,-9.177,0.285,-2.845,-9.177,0.124,-3.058,0.77,23.1,4.34
,-9.215,0.208,-2.702,-9.122,-0.148,-3.472,0.56,25.41,3.43
,-9.174,0.187,-2.661,-9.069,-0.534,-3.862,0.91,27.58,2.8
16430.0,-8.971,-0.876,-4.006,-9.057,-0.565,-4.161,2.87,37.8,1.12
,-8.957,-0.799,-3.944,-9.129,-0.378,-4.429,5.95,39.34,1.19
,-9.033,-0.445,-4.044,-9.22,-0.187,-4.664,8.68,40.81,1.05
,-9.064,-0.402,-4.075,-9.395,-0.227,-4.738,8.61,42.21,0.49
16506.0,-9.414,-0.23,-5.104,-9.43,0.457,-4.377,6.51,48.3,-3.92
,-9.562,-0.656,-4.671,-9.536,0.385,-4.324,8.33,48.02,-5.32
,-9.488,0.421,-4.271,-9.514,0.266,-4.475,7.21,49.28,-4.69
,-9.629,0.187,-4.314,-9.318,0.215,-4.523,7.49,50.89,-5.11
16581.0,-9.222,-0.153,-4.465,-11.378,2.154,-5.504,15.12,59.78,-5.46
,-9.306,-0.203,-4.489,-9.864,-1.644,-4.779,20.23,62.09,-4.9
,-9.588,0.093,-4.628,-9.414,-2.661,-4.168,25.76,64.12,-5.11
,-10.589,2.804,-5.315,-9.684,-0.292,-4.137,32.41,65.24,-7.77
16657.0,-10.053,0.112,-4.058,-9.722,0.036,-2.836,30.52,74.9,-12.81
,-9.753,-0.936,-3.719,-9.677,-0.232,-2.369,23.03,77.35,-14.77
,-9.414,-1.251,-3.338,-9.847,-0.715,-1.845,20.58,80.08,-15.33
,-9.598,-0.464,-3.159,-10.139,-1.127,-1.493,20.72,82.81,-16.17
16733.0,-10.395,-1.347,-0.897,-10.677,-2.972,-0.433,19.25,104.86,-7.63
,-10.648,-1.89,-0.39,-10.558,-2.096,-2.201,25.62,110.74,-1.75
,-10.823,-2.07,-0.254,-9.911,-1.33,-3.896,31.22,116.62,5.39
,-10.718,-2.094,-0.469,-9.036,-0.352,-4.874,37.66,121.94,14.14
16809.0,-8.751,1.113,-6.487,-9.756,0.098,-9.964,77.56,134.19,15.54
,-9.296,1.766,-7.863,-9.081,1.0,-10.175,73.36,133.28,7.91
,-10.524,0.354,-9.572,-8.392,0.854,-10.354,58.24,128.87,1.4
,-10.371,-0.637,-9.77,-7.49,0.156,-10.349,45.01,122.85,-2.38
16885.0,-6.896,-0.668,-10.431,-6.609,-0.924,-10.057,5.53,60.83,2.73
,-6.571,-1.522,-11.283,-6.796,-0.392,-9.6,0.77,48.58,2.24
,-6.525,-1.974,-11.735,-6.442,-0.218,-9.139,5.39,35.77,4.27
,-6.382,-1.498,-10.981,-6.198,0.031,-8.894,15.12,21.98,10.22
16960.0,-5.592,0.024,-9.115,-3.312,-1.479,-9.39,-13.3,-79.87,28.56
,-4.585,-0.687,-9.318,-3.264,-1.823,-8.911,-25.97,-98.35,30.03
,-4.149,-1.196,-9.186,-3.278,-1.922,-8.746,-33.32,-113.47,31.99
,-3.721,-1.309,-9.261,-3.762,-1.687,-8.457,-38.08,-128.38,34.16
17036.0,-4.192,-1.141,-8.641,-4.046,-1.23,-8.777,-24.78,-196.56,32.06
,-4.159,-1.015,-8.868,-4.302,-1.512,-8.483,-25.55,-208.32,32.27
,-3.963,-0.866,-8.741,-4.992,-1.388,-8.512,-26.18,-217.14,34.65
,-4.171,-1.053,-8.672,-5.252,-1.005,-8.722,-26.81,-225.33,36.89
17112.0,-5.408,-0.859,-8.899,-7.119,0.335,-7.629,-17.01,-255.71,32.34
,-5.396,-0.589,-8.665,-7.48,0.203,-7.533,-14.7,-257.39,32.27
,-5.846,-0.306,-8.016,-7.679,0.258,-7.313,-11.06,-258.23,31.29
,-6.406,0.165,-7.818,-7.753,0.428,-6.937,-8.26,-259.14,28.0
17188.0,-8.119,0.325,-6.183,-8.808,-0.589,-2.915,-26.88,-245.98,15.26
,-8.366,0.026,-5.185,-8.897,0.328,-2.166,-30.38,-238.42,13.51
,-8.473,-0.732,-3.855,-9.284,1.089,-1.785,-30.8,-229.46,9.87
,-8.6,-1.019,-2.793,-9.016,1.086,-1.187,-25.48,-219.1,5.46
17263.0,-8.593,0.759,-0.981,-7.911,-1.213,0.802,-55.23,-148.89,-3.43
,-8.342,-0.773,-0.184,-8.069,-0.617,0.684,-70.21,-130.62,-3.36
,-7.999,-1.615,0.258,-8.15,-0.246,0.321,-75.81,-110.53,-2.45
,-7.789,-1.582,0.56,-8.083,-0.12,0.053,-72.73,-88.41,-0.42
17339.0,-7.93,0.11,-0.546,-7.98,0.019,-2.86,-63.77,24.64,3.85
,-7.916,0.445,-1.22,-10.534,-0.864,-2.984,-66.01,43.19,3.64
,-7.937,0.574,-1.862,-18.72,-6.947,3.551,-69.44,59.64,3.29
,-7.818,0.285,-2.503,-20.581,-5.549,3.058,-72.52,73.78,3.85
17414.0,-11.977,-1.378,0.187,-9.943,-2.754,-4.324,-54.88,66.85,-7.21
,-7.239,-3.278,-0.646,-9.27,1.716,-4.726,-81.83,81.83,-3.29
,-9.16,-6.181,-0.912,-8.753,3.429,-5.334,-89.67,96.74,3.22
,-8.763,-7.042,-2.173,-8.004,3.477,-7.306,-65.8,110.18,9.45
17490.0,-6.523,3.384,-7.964,-9.478,-1.134,-6.655,-39.76,97.37,1.68
,-6.7,3.609,-7.724,-8.906,-1.479,-5.609,-44.24,92.96,6.58
,-8.382,1.847,-6.973,-9.694,-1.524,-4.649,-44.24,87.85,5.6
,-9.801,-0.179,-6.935,-10.227,-1.082,-3.716,-40.32,80.99,1.4
17566.0,-9.816,0.306,-3.62,-8.935,1.553,-4.197,8.82,62.44,13.79
,-8.416,1.259,-3.613,-8.744,0.371,-4.276,5.25,61.11,9.24
,-8.39,2.132,-4.042,-9.356,-0.799,-4.3,-6.93,57.82,2.03
,-9.284,2.431,-4.185,-9.763,-0.481,-4.456,-27.86,53.76,-0.49
17642.0,-9.567,0.081,-4.295,-9.349,1.103,-4.214,-2.31,42.56,10.71
,-9.442,0.378,-4.008,-9.191,1.077,-4.527,6.65,41.44,12.39
,-9.462,0.785,-3.946,-9.16,0.818,-4.901,10.78,39.97,11.62
,-9.387,1.086,-4.039,-9.122,0.263,-4.987,9.87,38.08,9.38
17717.0,-9.1,-0.452,-4.865,-9.402,1.184,-3.884,-2.1,27.51,4.9
,-9.062,-0.84,-4.697,-9.292,1.441,-3.771,5.39,26.18,6.23
,-9.088,-0.39,-4.422,-9.244,1.369,-3.649,15.05,24.99,7.21
,-9.342,0.459,-4.183,-9.359,1.242,-3.63,20.65,23.8,6.93
17793.0,-9.505,1.141,-3.549,-9.155,0.778,-2.816,5.6,19.95,2.1
,-9.433,0.955,-3.348,-9.069,0.581,-2.819,5.18,20.16,1.61
,-9.325,0.885,-3.111,-9.227,0.089,-2.814,4.76,20.79,2.17
,-9.263,1.022,-3.013,-9.215,-0.196,-2.867,3.71,21.35,2.31
17869.0,-8.988,-0.349,-2.843,-9.007,0.275,-3.321,-10.22,26.88,1.47
,-9.17,-0.541,-3.077,-9.081,0.366,-3.798,-9.17,28.7,1.96
,-9.031,0.182,-3.501,-9.076,0.036,-3.735,-8.26,29.96,2.1
,-9.074,0.366,-3.364,-9.072,-0.282,-3.546,-11.69,30.59,2.38
17945.0,-9.095,-0.352,-3.312,-9.148,0.589,-3.01,-12.81,35.56,3.64
,-8.957,0.191,-3.364,-9.21,0.191,-3.123,-7.28,37.17,3.71
,-9.036,0.632,-3.166,-9.354,0.227,-3.228,-6.51,38.71,4.62
,-9.067,0.73,-3.08,-9.529,0.251,-3.376,-7.7,40.18,4.9
18021.0,-9.847,0.273,-3.585,-10.309,-0.273,-4.044,8.26,51.8,7.07
,-9.952,0.29,-3.771,-11.108,-0.639,-4.357,11.9,54.18,7.56
,-10.177,0.172,-3.771,-9.361,0.577,-4.013,14.14,56.56,8.12
,-10.191,-0.072,-3.85,-10.12,0.826,-3.819,17.01,59.01,8.47
18096.0,-10.103,-0.986,-3.704,-9.801,-0.258,-3.881,36.19,71.75,5.25
,-9.462,0.278,-3.821,-9.794,-0.129,-3.9,36.12,73.92,3.36
,-9.787,-0.235,-3.783,-10.017,0.268,-4.085,29.82,76.16,2.24
,-9.72,-0.567,-3.857,-11.031,3.585,-4.183,29.89,78.75,1.47
18172.0,-12.005,2.582,-4.264,-10.433,-0.79,-1.589,28.14,89.04,-8.33
,-10.306,-1.752,-3.324,-10.232,-1.965,-1.383,14.84,92.75,-9.03
,-9.931,-2.773,-2.352,-10.127,-2.158,-1.742,23.52,98.0,-4.62
,-10.05,-0.926,-1.835,-10.646,-2.101,-1.003,37.24,102.9,0.07
18247.0,-11.39,-2.56,0.146,-10.988,-1.847,-1.933,65.17,131.6,25.62
,-12.087,-3.096,0.603,-10.026,-1.271,-4.649,79.8,138.04,32.83
,-12.264,-2.517,0.483,-9.0,-1.091,-7.03,91.84,144.06,40.18
,-11.823,-2.211,0.151,-8.155,-0.96,-6.997,102.34,148.68,47.6
18323.0,-8.722,-0.112,-7.932,-8.67,1.783,-10.857,135.17,151.97,41.02
,-9.969,0.053,-9.818,-7.32,1.443,-11.053,129.99,147.63,31.29
,-10.718,-0.278,-11.699,-6.377,0.34,-11.385,119.28,138.18,24.92
,-9.761,0.574,-11.342,-5.843,-0.536,-11.577,108.64,127.26,24.5
18399.0,-5.652,-0.983,-11.866,-5.932,0.725,-9.241,36.75,58.94,29.33
,-5.832,-0.816,-11.572,-6.08,1.175,-8.933,35.63,42.63,32.13
,-5.42,-0.196,-10.696,-5.616,1.397,-8.756,34.72,24.01,36.19
,-5.829,0.302,-10.048,-4.956,1.086,-9.177,29.33,3.15,40.18
18475.0,-4.314,-0.091,-9.454,-3.74,-1.409,-9.057,-53.97,-105.84,33.95
,-4.075,-0.955,-9.273,-3.494,-1.206,-9.088,-63.07,-119.28,29.89
,-3.886,-1.33,-9.241,-3.812,-0.948,-9.141,-65.31,-133.63,27.3
,-3.917,-1.565,-9.086,-3.855,-0.859,-9.435,-64.89,-148.68,25.27
18550.0,-3.934,-0.854,-9.5,-3.862,-1.201,-9.435,-45.5,-214.2,19.32
,-3.932,-0.651,-9.426,-3.905,-1.479,-9.488,-43.12,-223.58,19.6
,-3.951,-0.67,-9.251,-4.353,-1.476,-9.447,-44.31,-233.17,19.53
,-4.058,-0.9,-9.217,-4.755,-1.29,-9.421,-46.62,-242.62,19.81
18626.0,-5.291,-1.213,-9.32,-6.667,-0.845,-8.2,-27.02,-273.63,16.59
,-5.815,-1.165,-9.127,-7.191,-1.168,-7.76,-20.86,-278.39,15.61
,-6.262,-0.869,-8.54,-8.198,-0.876,-7.485,-18.34,-282.24,13.93
,-5.992,-0.519,-8.397,-8.411,-0.732,-6.449,-18.62,-282.94,12.88
18701.0,-8.334,-0.57,-4.379,-9.462,1.831,-1.866,-11.83,-260.75,10.43
,-8.296,-0.436,-2.594,-9.21,1.962,-1.149,-6.02,-247.94,8.54
,-9.021,-0.168,-2.517,-8.646,0.256,-0.168,2.17,-234.22,6.44
,-9.541,0.888,-2.082,-8.114,-1.067,0.373,6.02,-219.94,3.71
18777.0,-7.315,-1.797,1.644,-7.844,0.481,1.871,-57.96,-120.68,-3.22
,-7.313,-1.855,2.139,-7.904,1.012,1.139,-51.52,-93.31,-0.42
,-7.595,-1.345,2.611,-8.033,1.237,0.342,-44.66,-64.75,1.54
,-7.873,-0.692,2.489,-8.083,1.335,-0.498,-40.18,-35.84,2.17
18853.0,-8.038,1.407,-1.359,-19.497,-7.988,3.75,-70.84,79.31,1.33
,-7.837,1.225,-2.197,-21.172,-5.875,3.728,-78.68,92.75,0.98
,-8.186,0.823,-2.788,-12.503,-1.766,-0.481,-85.12,103.04,1.54
,-10.51,-0.318,-3.57,-8.976,-2.438,-0.749,-89.81,106.68,2.1
18929.0,-8.212,-5.331,-1.395,-9.282,3.821,-6.301,-103.74,97.3,-3.36
,-7.528,-5.776,-4.089,-8.399,4.477,-7.748,-80.36,112.56,1.4
,-7.43,-2.816,-5.001,-6.927,5.111,-8.208,-37.66,120.68,2.94
,-8.713,1.395,-4.692,-7.109,4.618,-7.921,-4.06,115.57,5.46
19005.0,-9.038,1.01,-6.942,-9.404,-2.647,-4.609,-70.21,81.76,1.26
,-10.347,-2.276,-6.671,-10.072,-1.251,-3.585,-61.39,76.09,-1.4
,-9.572,-3.52,-6.396,-9.856,0.091,-3.202,-40.74,71.75,3.22
,-8.72,-3.467,-5.731,-8.811,1.608,-3.745,-16.17,68.81,14.35
19080.0,-8.062,2.448,-3.946,-8.902,-0.419,-4.142,17.22,58.66,8.12
,-9.308,3.759,-4.405,-9.653,-1.046,-3.994,-5.39,54.32,2.45
,-9.497,3.321,-4.381,-9.966,0.112,-4.135,-35.14,49.63,1.96
,-8.78,1.704,-4.259,-9.641,0.979,-4.046,-51.45,45.78,2.73
19156.0,-9.529,0.792,-3.81,-9.316,0.739,-4.068,0.91,38.01,11.9
,-9.299,0.562,-3.664,-9.292,0.38,-4.159,1.68,36.75,11.27
,-9.261,0.644,-3.68,-9.225,-0.215,-4.113,2.59,35.42,9.73
,-9.392,0.68,-3.865,-9.198,-0.325,-3.984,0.49,34.09,7.84
19232.0,-9.361,-0.299,-3.829,-9.284,1.419,-3.759,1.68,28.21,6.09
,-9.323,-0.05,-3.709,-9.174,1.304,-3.687,6.09,27.65,6.86
,-9.287,0.447,-3.611,-9.249,0.95,-3.666,10.71,27.37,7.56
,-9.433,1.113,-3.678,-9.258,0.601,-3.666,12.6,26.67,6.86
19308.0,-9.273,0.371,-3.542,-9.129,0.175,-3.041,-0.91,24.29,4.34
,-9.237,0.455,-3.431,-9.127,0.112,-3.132,0.42,24.78,4.9
,-9.136,0.737,-3.518,-9.191,0.227,-3.278,1.61,25.13,5.04
,-9.098,0.4,-3.221,-9.153,0.237,-3.309,-1.26,25.76,5.04
19383.0,-9.141,0.148,-3.307,-9.074,0.297,-2.941,-6.51,29.54,6.16
,-9.146,0.091,-3.166,-9.098,0.409,-3.056,-7.84,30.45,6.86
,-9.081,0.148,-3.041,-9.038,-0.045,-3.061,-7.21,31.85,7.21
,-9.091,0.139,-2.958,-8.918,-0.194,-3.295,-6.23,33.32,7.77
19459.0,-9.076,0.246,-3.752,-9.368,0.713,-4.312,-0.56,41.16,10.36
,-9.186,0.474,-3.833,-9.531,0.955,-4.25,1.4,42.35,10.5
,-9.347,0.309,-3.869,-9.708,0.852,-4.185,2.94,43.75,10.57
,-9.273,0.201,-3.977,-9.782,0.601,-4.223,7.35,45.15,10.99
19534.0,-9.785,0.471,-4.235,-9.631,0.596,-3.587,21.0,51.94,12.81
,-9.993,0.486,-4.168,-10.328,1.807,-3.195,25.97,53.62,13.51
,-10.115,0.562,-4.051,-9.768,0.127,-3.238,30.17,55.65,13.51
,-10.251,0.388,-3.912,-9.689,0.041,-3.333,32.13,58.1,13.02
19610.0,-9.612,0.249,-3.52,-9.505,-0.225,-4.204,32.97,70.42,8.96
,-9.715,-0.62,-3.699,-10.12,1.833,-4.046,31.85,73.43,8.54
,-9.641,-0.503,-3.936,-11.622,4.353,-4.994,34.44,76.37,8.19
,-9.56,-0.464,-4.097,-11.141,0.682,-4.262,36.89,79.38,7.98
19686.0,-9.387,-3.436,-3.345,-9.919,-1.802,-2.108,17.01,89.39,-2.45
,-9.677,-1.668,-2.905,-9.801,-1.728,-2.173,34.51,93.73,3.01
,-10.12,0.048,-2.587,-10.357,-1.665,-1.759,43.75,97.23,6.23
,-10.242,-0.524,-2.577,-11.149,-1.933,-0.292,42.63,101.08,7.56
19762.0,-11.496,-2.233,0.146,-10.0,-2.709,-3.671,73.22,127.61,30.45
,-11.634,-2.417,0.581,-9.074,-3.331,-5.324,82.53,133.42,37.03
,-11.438,-1.852,-0.842,-8.358,-2.675,-5.925,95.2,137.9,44.1
,-11.024,-2.201,-1.78,-8.595,-0.857,-8.081,96.39,141.12,50.75
19837.0,-9.148,-0.273,-9.057,-8.069,1.646,-10.636,140.42,147.91,42.91
,-9.787,0.124,-9.923,-7.1,1.431,-10.502,134.4,144.55,38.08
,-10.239,0.404,-11.137,-6.329,0.787,-11.005,125.86,136.15,34.72
,-9.648,0.979,-10.957,-5.403,-0.447,-11.594,111.86,123.83,32.9
19913.0,-5.444,-1.421,-12.024,-6.291,0.194,-9.533,32.9,53.27,35.7
,-5.633,-1.56,-11.381,-5.901,0.12,-9.095,37.38,40.6,39.34
,-5.884,-1.086,-10.024,-5.307,-0.057,-9.112,42.7,23.94,43.82
,-6.475,-0.342,-9.746,-4.154,-0.5,-9.478,39.9,1.61,47.32
19989.0,-3.848,-1.354,-9.273,-3.601,-2.067,-8.337,-31.01,-105.84,50.33
,-4.159,-1.845,-9.036,-3.436,-1.579,-8.514,-35.56,-120.05,47.25
,-3.687,-1.823,-8.954,-3.283,-1.244,-8.665,-37.52,-134.96,44.66
,-3.46,-1.955,-8.713,-3.422,-1.235,-9.033,-37.87,-148.26,42.56
20065.0,-3.415,-1.429,-8.808,-4.118,-1.536,-8.885,-27.09,-212.94,31.99
,-3.69,-1.01,-8.643,-4.75,-2.012,-8.536,-23.8,-222.74,30.66
,-4.188,-0.433,-8.574,-5.147,-1.931,-8.392,-28.14,-233.94,29.33
,-4.326,-0.581,-8.978,-5.616,-1.747,-8.411,-34.72,-243.88,28.63
20141.0,-6.025,-1.369,-8.681,-7.231,-0.443,-7.42,-10.85,-264.39,17.71
,-6.152,-0.933,-8.368,-7.722,-0.282,-7.394,-6.86,-266.14,15.19
,-6.578,-0.392,-8.205,-8.469,-0.072,-7.052,-6.37,-266.84,12.74
,-6.81,-0.392,-7.669,-8.911,-0.199,-6.557,-8.89,-266.84,10.78
20216.0,-9.591,-0.29,-5.997,-8.978,-0.325,-1.754,-31.22,-251.72,-0.07
,-9.624,-0.637,-4.63,-8.677,0.773,-0.723,-36.19,-244.93,-3.64
,-8.746,-1.187,-2.012,-8.514,1.536,-0.246,-36.26,-232.47,-6.23
,-9.153,-1.385,-1.989,-8.064,1.084,0.39,-26.81,-217.21,-10.22
20292.0,-7.782,0.182,0.304,-7.463,-0.637,1.237,-81.69,-117.18,-22.47
,-7.322,-0.634,1.244,-7.495,-0.115,0.395,-92.12,-89.88,-19.95
,-7.55,-1.094,1.756,-7.717,0.445,-0.572,-91.77,-61.18,-17.43
,-7.626,-1.106,1.706,-7.629,0.589,-1.414,-86.73,-32.41,-15.05
20367.0,-7.784,0.4,-2.271,-15.788,-5.693,0.627,-76.37,81.13,-4.83
,-8.402,-0.105,-3.264,-9.536,-2.778,-0.747,-74.41,93.38,-1.89
,-11.878,-2.855,-3.699,-9.658,-2.893,-0.663,-73.36,95.69,1.89
,-17.906,-7.696,2.376,-9.385,-4.678,-1.295,-59.71,79.1,11.9
20443.0,-10.091,-3.307,-2.697,-8.571,2.314,-7.767,-7.63,99.12,15.82
,-10.012,0.995,-4.3,-6.872,1.835,-7.667,13.37,104.37,16.38
,-9.368,3.628,-4.087,-6.767,1.505,-6.942,15.33,105.63,18.55
,-9.521,3.431,-5.992,-8.014,0.692,-6.904,-0.77,103.95,17.01
20519.0,-9.258,-0.038,-6.604,-9.765,-1.543,-4.166,-33.46,71.68,3.85
,-9.794,-0.68,-6.234,-9.823,-0.943,-3.539,-29.82,66.22,3.71
,-9.363,-1.448,-5.501,-9.655,0.282,-3.063,-28.07,61.95,5.53
,-9.22,-1.809,-4.877,-9.251,1.189,-3.046,-24.01,58.94,7.42
20595.0,-9.028,1.807,-2.821,-9.517,0.117,-2.726,-26.39,48.3,-0.84
,-9.115,2.091,-2.8,-9.734,0.072,-2.821,-39.55,45.64,-1.54
,-9.33,1.665,-2.886,-9.765,0.323,-3.061,-48.72,43.4,-0.84
,-9.289,0.644,-2.74,-9.641,0.29,-3.376,-52.78,42.21,0.98
20670.0,-9.438,0.077,-3.664,-9.186,0.692,-5.001,-18.97,40.95,8.4
,-9.323,-0.007,-3.845,-9.227,0.476,-5.3,-14.07,40.67,8.26
,-9.215,0.261,-4.3,-9.27,0.237,-5.453,-9.66,39.48,6.86
,-9.273,0.593,-4.654,-9.201,-0.079,-5.518,-8.61,37.8,5.32
20746.0,-9.153,-0.452,-5.319,-9.146,0.646,-4.293,-11.13,24.64,2.31
,-9.093,-0.407,-4.968,-9.141,0.512,-3.869,-5.32,22.47,2.73
,-9.074,0.06,-4.826,-9.306,0.455,-3.616,-1.82,20.3,3.08
,-9.131,0.541,-4.585,-9.529,0.251,-3.285,-2.94,18.27,2.94
20822.0,-9.462,0.261,-3.01,-9.119,-0.005,-2.711,-16.87,15.54,3.29
,-9.22,0.412,-2.749,-9.158,-0.194,-2.757,-16.17,16.38,3.99
,-9.191,0.232,-2.632,-9.11,-0.352,-2.769,-14.91,17.43,4.69
,-9.191,0.215,-2.678,-9.225,-0.323,-2.742,-13.02,18.69,5.46
20898.0,-9.191,-0.045,-2.864,-9.019,-0.206,-3.865,-0.7,25.83,8.4
,-9.246,0.187,-2.893,-8.954,-0.273,-4.042,0.42,27.16,8.54
,-9.213,0.251,-3.295,-9.134,0.196,-4.312,2.03,27.86,8.4
,-9.196,0.077,-3.716,-8.988,0.541,-4.503,3.5,28.63,8.47
20973.0,-8.969,0.342,-4.453,-8.93,0.866,-3.609,13.86,29.33,8.68
,-8.923,0.024,-4.106,-9.04,0.818,-3.379,13.72,29.33,8.82
,-8.921,0.089,-3.788,-9.026,0.586,-3.173,15.68,29.54,8.75
,-8.892,0.388,-3.601,-9.06,0.44,-3.285,18.62,30.03,9.03
21049.0,-9.072,0.589,-3.489,-9.148,0.115,-4.544,21.63,36.54,9.8
,-9.162,0.94,-3.759,-9.158,0.22,-4.819,22.75,37.66,9.52
,-9.17,0.83,-4.075,-9.251,-0.005,-4.951,21.14,38.57,9.38
,-9.239,0.45,-4.271,-9.284,0.041,-5.147,19.39,39.2,9.24
21125.0,-9.438,0.287,-5.322,-8.729,0.517,-4.893,26.74,41.16,9.31
,-9.418,0.096,-5.224,-9.531,1.199,-4.697,26.88,41.3,8.82
,-9.433,-0.148,-5.166,-9.165,-0.158,-4.606,28.0,42.07,8.68
,-9.696,-0.5,-5.252,-8.94,0.656,-4.704,31.22,43.05,9.1
21200.0,-9.16,0.62,-4.57,-10.751,3.07,-4.946,39.55,48.02,7.21
,-9.198,0.038,-4.525,-10.675,1.323,-5.166,38.85,49.42,6.58
,-9.119,0.342,-4.611,-9.351,-2.529,-4.602,40.67,51.03,5.81
,-9.569,0.885,-4.685,-9.497,-2.843,-4.322,42.84,52.36,4.55
21276.0,-9.555,-1.579,-4.314,-9.354,-1.012,-4.647,51.8,61.81,5.88
,-9.385,-1.297,-4.147,-9.127,-1.4,-4.941,57.12,64.68,7.0
,-9.378,-0.634,-4.247,-8.737,-1.072,-5.317,59.43,66.5,5.74
,-9.414,-0.443,-4.357,-8.402,-0.452,-5.994,57.12,67.48,3.85
21352.0,-7.794,-0.577,-6.365,-5.855,-0.282,-7.911,56.63,68.88,8.19
,-7.207,-0.589,-7.016,-5.633,-0.019,-8.334,57.33,67.69,10.01
,-6.693,-0.632,-7.406,-5.446,0.273,-8.583,59.78,65.59,11.48
,-6.178,-0.364,-7.775,-5.293,0.258,-8.744,62.65,63.21,12.67
21428.0,-5.169,0.117,-8.703,-5.181,-0.397,-8.138,55.65,43.33,8.33
,-4.992,-0.086,-8.567,-5.133,-0.416,-8.088,51.17,40.18,7.7
,-4.908,-0.273,-8.002,-5.092,-0.55,-8.162,47.46,37.45,7.91
,-5.013,-0.426,-7.818,-5.121,-1.053,-8.227,44.45,35.14,8.47
21503.0,-5.197,-1.541,-8.102,-5.142,-1.173,-8.48,36.26,27.02,15.47
,-5.413,-1.687,-7.909,-4.994,-1.519,-8.358,41.09,26.25,18.06
,-5.585,-1.201,-8.303,-5.061,-1.539,-8.241,46.27,24.71,20.23
,-5.288,-0.926,-8.423,-5.104,-1.531,-8.198,48.02,23.31,22.26
21579.0,-5.126,-1.508,-8.043,-5.642,-1.577,-7.449,60.55,24.29,34.72
,-5.209,-1.424,-7.942,-5.889,-1.797,-7.107,63.14,25.76,37.38
,-5.305,-1.448,-7.727,-6.243,-1.57,-7.2,64.75,27.72,40.53
,-5.451,-1.539,-7.574,-6.485,-1.259,-7.332,66.64,30.03,43.75
21655.0,-6.241,-1.015,-7.365,-6.566,-1.395,-7.662,81.34,39.27,65.8
,-6.289,-1.285,-7.207,-6.423,-0.962,-7.739,83.65,40.74,72.87
,-6.554,-1.737,-6.942,-6.253,-1.012,-7.837,87.36,40.88,78.54
,-6.59,-1.728,-7.219,-6.15,-1.362,-7.815,94.71,40.6,82.67
21731.0,-6.181,-1.512,-8.222,-5.76,-2.678,-7.174,110.74,30.45,108.5
,-6.229,-1.744,-8.646,-5.654,-2.185,-7.562,115.15,24.36,115.5
,-6.133,-2.295,-8.361,-5.547,-1.764,-7.897,118.65,16.59,123.2
,-5.942,-2.716,-7.798,-5.954,-1.484,-7.806,123.76,7.42,131.32
21806.0,-6.095,-1.12,-7.595,-6.784,-1.374,-6.832,136.99,-33.88,156.24
,-6.207,-0.983,-7.444,-6.82,-1.534,-6.925,129.22,-40.95,158.06
,-6.36,-1.094,-7.179,-7.009,-1.764,-6.92,121.94,-47.95,158.55
,-6.576,-1.206,-6.839,-6.983,-1.926,-6.904,116.48,-54.25,158.34
21882.0,-7.035,-2.237,-6.901,-7.629,-2.369,-5.855,99.68,-79.59,154.35
,-7.284,-2.498,-6.683,-7.674,-2.369,-5.645,103.18,-82.04,154.7
,-7.612,-2.553,-6.473,-7.873,-2.508,-5.592,110.53,-83.3,154.35
,-7.722,-2.551,-6.059,-7.887,-2.453,-5.377,119.91,-83.72,153.79
21957.0,-7.88,-2.127,-5.307,-8.607,-0.199,-4.7,171.57,-70.77,152.04
,-8.131,-1.567,-5.152,-8.665,-0.414,-4.475,179.06,-67.34,150.85
,-8.282,-0.823,-4.92,-8.603,-0.239,-4.295,182.63,-63.98,148.19
,-8.447,-0.261,-4.841,-8.588,-0.019,-4.097,181.37,-60.27,144.62
22033.0,-8.684,0.165,-3.936,-8.784,0.95,-3.238,157.15,-40.25,119.21
,-8.763,0.311,-3.721,-8.746,0.787,-3.07,151.69,-36.96,111.79
,-8.839,0.471,-3.439,-9.019,0.414,-3.149,144.69,-33.81,103.74
,-8.918,0.809,-3.386,-9.395,-0.01,-3.266,135.1,-31.57,94.71
22109.0,-9.409,-0.505,-3.132,-9.227,-3.36,-3.187,75.04,-23.38,54.53
,-9.383,-1.694,-3.302,-9.732,-3.594,-3.369,66.22,-22.05,46.69
,-9.196,-2.469,-3.338,-10.268,-3.206,-3.245,58.87,-18.76,38.08
,-9.313,-2.852,-3.13,-10.835,-2.51,-2.934,54.81,-15.05,30.1
22185.0,-11.017,-1.661,-2.69,-9.598,1.866,-2.709,16.59,1.82,-5.6
,-10.857,-0.694,-2.41,-9.371,2.056,-2.948,1.82,1.75,-11.06
,-10.5,0.354,-2.438,-9.241,2.027,-3.039,-9.17,2.31,-14.14
,-9.998,1.295,-2.666,-9.083,2.118,-3.132,-18.06,2.73,-14.98
22261.0,-8.784,1.799,-3.135,-9.045,-1.929,-3.374,-22.68,4.55,-1.68
,-8.679,0.948,-2.974,-9.201,-2.185,-3.532,-22.12,4.62,1.12
,-8.837,-0.318,-3.118,-9.261,-2.18,-3.719,-21.0,4.97,2.73
,-8.878,-1.328,-3.12,-9.174,-1.9,-3.963,-18.41,5.67,3.43
22336.0,-9.122,-1.426,-4.314,-8.674,-0.751,-4.401,-16.87,9.24,2.24
,-8.911,-0.962,-4.525,-8.839,-0.644,-4.322,-20.09,8.96,2.38
,-8.77,-0.668,-4.53,-9.04,-0.517,-4.269,-24.01,8.19,3.43
,-8.713,-0.73,-4.549,-9.124,-0.443,-4.279,-26.39,7.42,5.53
22412.0,-9.002,-0.579,-4.36,-8.981,-0.316,-4.484,-0.63,5.6,19.74
,-8.813,-0.711,-4.422,-8.942,-0.041,-4.482,4.27,5.6,21.0
,-8.725,-0.775,-4.41,-8.949,0.194,-4.453,8.54,5.74,22.12
,-8.868,-0.708,-4.525,-8.866,0.5,-4.451,12.25,5.6,23.03
22488.0,-8.887,0.725,-4.484,-8.839,0.66,-4.233,17.57,2.94,24.71
,-8.794,0.771,-4.556,-9.088,1.311,-4.039,17.36,2.45,25.27
,-8.921,0.593,-4.604,-9.359,1.933,-4.054,17.29,1.89,25.55
,-8.856,0.455,-4.408,-9.383,1.998,-3.872,18.2,1.4,25.9
22564.0,-9.275,1.795,-3.757,-9.165,1.173,-3.494,13.51,1.33,22.82
,-9.258,1.29,-3.58,-9.067,0.895,-3.472,14.98,2.03,22.54
,-9.227,1.182,-3.532,-8.954,0.383,-3.34,18.69,2.73,22.4
,-9.194,1.17,-3.434,-9.064,0.471,-3.443,22.12,3.29,21.77
22639.0,-9.16,0.608,-3.429,-8.976,0.95,-3.503,29.61,8.05,19.6
,-9.069,0.864,-3.424,-9.064,0.876,-3.575,32.76,9.31,19.81
,-9.009,1.029,-3.577,-9.055,1.029,-3.664,34.79,10.29,19.6
,-8.961,1.106,-3.697,-8.995,1.33,-3.886,35.49,11.13,19.46
22715.0,-9.002,1.441,-4.214,-8.823,0.983,-4.594,37.45,14.14,18.34
,-8.993,1.385,-4.293,-8.868,0.823,-4.609,34.44,14.21,17.64
,-9.069,1.362,-4.417,-8.811,1.086,-4.597,31.99,14.21,17.01
,-8.957,1.249,-4.585,-8.863,1.414,-4.602,28.42,14.42,16.17
22790.0,-9.0,1.665,-4.678,-8.83,0.644,-4.707,25.55,14.7,15.19
,-8.997,1.498,-4.776,-8.842,0.292,-4.48,23.66,14.56,14.49
,-8.904,1.364,-4.762,-8.957,0.455,-4.298,22.82,13.93,13.93
,-8.892,1.182,-4.879,-8.971,0.553,-4.307,21.84,13.79,13.58
22866.0,-8.902,0.352,-4.209,-9.009,0.369,-3.759,30.31,16.45,17.08
,-9.0,0.244,-4.015,-9.174,0.261,-3.685,32.69,17.78,18.2
,-8.983,0.347,-3.896,-9.074,0.823,-3.704,35.7,19.46,19.18
,-9.036,0.426,-3.886,-8.906,0.625,-3.666,37.73,20.72,19.67
22942.0,-9.074,0.45,-3.673,-8.509,0.467,-3.941,37.52,29.4,22.05
,-9.1,0.266,-4.159,-9.349,-0.232,-4.092,38.08,31.43,22.19
,-9.342,0.701,-3.568,-9.057,1.627,-4.527,38.43,34.37,26.46
,-9.885,2.632,-3.613,-9.074,0.711,-4.221,45.01,34.93,30.03
23018.0,-9.11,0.196,-4.544,-9.079,0.263,-4.886,36.12,42.21,23.94
,-8.882,0.239,-4.618,-9.0,0.172,-4.874,37.94,43.47,23.45
,-8.99,0.447,-4.893,-9.05,0.225,-4.86,38.01,44.52,23.31
,-9.043,0.385,-4.855,-9.402,1.237,-4.803,37.03,46.06,23.45
23093.0,-10.514,3.869,-4.944,-9.682,-0.481,-3.635,47.39,52.92,22.12
,-11.151,2.618,-5.085,-9.885,-0.232,-3.283,33.95,53.48,17.43
,-9.44,-1.539,-4.475,-9.562,-0.756,-2.915,22.12,55.86,17.15
,-9.103,-2.393,-3.932,-9.284,-0.955,-2.781,32.48,59.64,21.84
23169.0,-9.426,-0.962,-2.764,-9.72,-2.257,-2.733,49.91,79.03,30.45
,-9.536,-1.29,-2.759,-9.742,-2.544,-2.462,51.17,83.09,32.62
,-9.703,-1.642,-2.793,-9.703,-2.984,-1.847,54.25,87.71,35.77
,-9.72,-2.089,-2.771,-10.167,-2.905,-2.278,58.38,92.4,40.67
23245.0,-10.354,-2.752,-2.876,-8.339,-1.242,-8.165,117.11,118.58,71.89
,-10.292,-3.269,-2.994,-8.509,-0.756,-9.033,127.47,122.64,75.32
,-9.347,-3.008,-4.831,-9.062,-0.68,-9.261,139.72,125.79,77.49
,-8.717,-2.245,-6.825,-9.371,-0.077,-10.211,150.92,128.1,78.68
23321.0,-8.799,-0.33,-10.715,-5.686,-0.737,-11.225,131.46,122.15,73.92
,-7.825,-0.969,-10.22,-4.841,-0.94,-11.941,125.37,116.27,74.41
,-7.241,-1.402,-10.239,-4.714,-1.665,-11.917,119.63,105.21,74.69
,-6.317,-1.139,-10.747,-3.948,-2.221,-11.271,115.57,91.07,75.53
23397.0,-4.35,-2.28,-9.995,-6.009,-0.735,-8.311,99.96,39.97,101.08
,-5.623,-1.898,-9.045,-5.145,-0.637,-8.686,94.57,24.08,107.73
,-5.894,-1.268,-9.038,-4.539,-0.838,-8.827,86.24,1.54,112.21
,-5.824,-1.07,-8.282,-3.711,-1.357,-8.772,75.04,-22.12,115.71
23472.0,-3.877,-2.072,-8.189,-4.195,-2.79,-8.33,-15.47,-112.49,105.42
,-4.374,-2.74,-8.1,-3.96,-2.321,-8.586,-21.91,-127.75,100.31
,-4.386,-3.23,-8.05,-3.745,-2.249,-8.622,-19.88,-143.5,95.69
,-4.326,-3.233,-8.095,-4.087,-2.35,-8.088,-10.92,-157.78,91.7
23548.0,-4.369,-2.079,-7.787,-5.305,-0.902,-7.997,33.25,-205.73,86.66
,-4.862,-1.582,-7.775,-5.427,-0.526,-7.935,36.12,-216.09,83.37
,-5.025,-1.082,-7.968,-5.666,-0.22,-7.777,35.42,-224.49,80.85
,-5.162,-0.96,-8.028,-6.128,-0.096,-7.798,33.88,-230.65,77.49
23623.0,-6.494,0.153,-7.588,-8.279,0.771,-6.111,45.15,-253.82,50.82
,-6.796,0.438,-7.38,-8.823,0.591,-5.312,45.78,-256.34,43.68
,-7.231,0.625,-7.002,-9.385,0.297,-4.396,42.98,-256.83,36.54
,-7.617,0.675,-6.609,-9.847,-0.012,-3.144,38.22,-256.55,30.1
23699.0,-9.945,-0.28,-2.307,-8.976,-0.273,0.835,13.02,-230.72,6.23
,-9.689,-0.359,-0.998,-8.66,-0.613,1.376,11.76,-219.38,3.36
,-9.39,-0.352,-0.196,-8.16,-0.78,1.728,8.47,-206.15,0.98
,-9.385,-0.328,0.304,-7.82,-0.723,1.673,4.69,-191.45,-2.38
23775.0,-7.533,-0.426,2.458,-8.133,0.156,2.108,-29.19,-97.02,-13.44
,-7.825,-0.445,2.826,-8.205,0.27,1.177,-34.58,-74.06,-12.88
,-8.004,-0.235,2.938,-8.27,0.299,0.409,-38.99,-50.61,-12.53
,-8.102,0.029,2.615,-8.658,0.268,-0.546,-43.96,-27.3,-12.67
23851.0,-8.614,0.471,-1.57,-13.654,-6.042,-2.848,-53.62,66.36,-9.45
,-8.54,0.562,-2.711,-16.944,-6.789,3.97,-49.91,79.1,-9.38
,-8.301,-0.057,-3.484,-14.491,-1.17,2.773,-47.39,88.97,-8.47
,-9.191,-1.505,-4.568,-12.582,0.68,-0.814,-43.4,95.62,-4.9
23926.0,-11.448,-1.754,-1.151,-8.16,-0.191,-5.047,6.51,89.95,15.82
,-10.469,-4.075,-2.163,-7.897,2.029,-5.549,-7.42,94.78,17.57
,-8.507,-4.235,-3.843,-7.6,3.063,-6.162,4.06,98.77,20.02
,-8.088,-2.967,-5.049,-7.942,3.731,-7.114,30.38,99.26,22.33
24002.0,-8.48,3.393,-7.186,-9.526,-0.72,-5.078,-8.19,67.9,7.49
,-9.411,2.075,-7.045,-9.631,-1.022,-4.556,-22.75,67.06,2.8
,-9.83,0.749,-6.224,-9.957,-0.9,-3.697,-31.43,62.37,-1.68
,-9.643,-0.189,-5.425,-9.897,-0.694,-3.156,-32.2,55.72,-3.29
24077.0,-9.517,-0.543,-2.893,-9.744,2.376,-2.874,5.67,41.72,9.66
,-8.918,0.005,-2.788,-9.732,1.931,-2.606,16.24,40.88,11.62
,-8.861,1.003,-2.893,-9.677,1.168,-2.795,22.54,39.2,12.74
,-9.265,2.046,-2.907,-9.713,0.73,-2.895,18.69,36.61,11.69
24153.0,-9.732,0.572,-3.056,-9.588,1.158,-2.946,-11.62,30.24,6.23
,-9.663,0.412,-3.065,-9.596,1.584,-2.898,-8.26,30.03,6.79
,-9.514,0.51,-2.907,-9.569,1.807,-3.013,-3.08,29.82,7.98
,-9.495,0.785,-2.867,-9.505,1.603,-3.01,2.24,29.4,8.96
24229.0,-9.476,1.256,-2.936,-9.524,0.692,-3.061,-5.74,25.9,5.11
,-9.447,0.799,-2.982,-9.385,0.565,-3.087,-6.44,25.41,4.97
,-9.414,0.668,-2.977,-9.277,0.421,-2.974,-3.5,25.34,5.11
,-9.483,0.732,-3.01,-9.296,0.577,-2.934,0.07,25.06,5.18
24305.0,-9.368,0.577,-2.998,-9.32,0.603,-2.716,3.5,25.27,3.71
,-9.363,0.548,-2.934,-9.306,0.62,-2.515,3.36,25.76,3.71
,-9.282,0.474,-2.857,-9.34,0.763,-2.551,4.34,26.32,4.2
,-9.349,0.404,-2.74,-9.344,0.806,-2.776,4.83,26.74,4.41
24381.0,-9.256,0.586,-3.08,-9.191,0.634,-3.348,-0.42,29.89,4.34
,-9.117,0.445,-3.218,-9.251,0.747,-3.252,-0.84,31.01,5.25
,-9.265,0.282,-2.989,-9.313,0.629,-2.991,0.28,31.85,6.44
,-9.258,0.579,-3.273,-9.249,0.519,-3.037,2.03,32.62,6.86
24456.0,-9.208,0.447,-3.137,-9.119,0.371,-3.553,-2.87,36.89,7.56
,-9.105,0.323,-3.398,-9.213,0.538,-3.611,-3.22,38.08,8.33
,-9.04,0.189,-3.388,-9.299,0.579,-3.699,-1.4,39.27,9.45
,-9.098,0.115,-3.463,-9.282,0.876,-3.743,1.89,40.53,10.5
24532.0,-9.155,0.993,-3.676,-9.44,0.285,-3.932,6.3,45.85,11.27
,-9.129,0.928,-3.664,-9.622,0.443,-3.922,5.95,46.83,11.2
,-9.198,0.404,-3.501,-9.586,0.644,-3.982,5.88,48.16,11.34
,-9.246,0.235,-3.788,-9.44,0.469,-4.135,10.43,50.05,12.04
24608.0,-8.961,0.694,-4.075,-9.696,0.881,-4.408,24.85,57.61,15.96
,-9.892,1.855,-4.257,-9.887,0.388,-4.369,28.7,59.08,16.24
,-9.299,-0.177,-4.405,-9.892,0.395,-4.231,29.96,61.18,13.51
,-9.643,0.589,-4.482,-9.95,0.294,-4.082,34.16,62.86,13.02
24684.0,-9.943,0.292,-3.898,-11.35,-0.134,-2.96,42.98,73.22,12.95
,-10.103,0.156,-3.704,-9.792,-3.582,-1.957,46.55,76.37,13.51
,-10.711,2.379,-3.484,-10.16,-1.754,-1.429,54.74,78.96,12.11
,-12.163,3.793,-4.03,-10.785,-0.495,-1.39,50.89,80.29,6.65
24759.0,-10.888,-1.646,-1.417,-11.263,-2.876,0.079,59.92,105.07,15.26
,-10.629,-2.345,-1.486,-11.931,-3.549,1.357,58.8,110.74,15.89
,-10.802,-2.166,-1.713,-12.106,-3.082,1.409,60.83,115.99,16.94
,-10.952,-2.319,-1.149,-11.749,-2.003,0.634,61.81,120.96,18.97
24835.0,-11.089,-0.945,-0.991,-9.66,0.833,-6.762,94.15,150.01,40.67
,-10.644,-0.668,-3.338,-10.644,0.634,-9.371,94.64,151.48,41.37
,-10.033,-1.441,-4.101,-11.218,-1.225,-8.823,91.0,150.5,38.64
,-9.191,-0.313,-5.889,-10.562,0.361,-11.232,93.8,150.08,34.72
24910.0,-8.579,1.098,-10.615,-6.925,-1.426,-11.565,63.07,114.31,14.56
,-7.734,0.577,-10.77,-7.234,-1.022,-11.359,51.24,101.29,15.47
,-7.38,-0.318,-10.857,-6.569,-0.223,-11.058,44.17,90.09,15.68
,-7.499,-0.995,-11.457,-6.119,0.069,-11.211,41.09,76.58,15.33
24986.0,-5.695,0.043,-10.806,-4.24,-0.225,-9.782,46.55,-15.47,33.11
,-5.525,-0.132,-9.787,-3.652,-0.459,-9.608,38.57,-36.61,35.14
,-5.554,-0.096,-9.28,-3.486,-0.581,-9.213,25.27,-61.53,34.51
,-5.114,-0.084,-9.44,-3.479,-0.622,-9.117,11.27,-86.73,34.44
25062.0,-3.57,-0.794,-8.636,-3.494,-0.5,-9.215,-20.93,-161.98,31.92
,-3.934,-0.914,-8.519,-3.4,-0.323,-9.112,-21.98,-178.43,29.54
,-3.776,-1.055,-8.725,-3.731,-0.438,-8.93,-19.11,-194.46,25.55
,-3.702,-0.763,-8.88,-4.171,-0.438,-8.863,-14.21,-207.48,23.03
25138.0,-4.458,-0.079,-8.894,-5.602,0.168,-8.827,-5.25,-252.56,17.85
,-4.594,0.397,-8.851,-5.925,-0.593,-8.385,-9.31,-260.89,15.4
,-4.573,0.818,-9.378,-6.167,-0.912,-7.889,-17.01,-268.24,10.99
,-4.745,0.641,-9.229,-6.363,-0.663,-7.645,-24.5,-271.67,8.89
25213.0,-6.932,-0.278,-7.497,-7.605,-0.239,-4.264,-22.82,-271.25,-5.18
,-7.607,0.077,-7.377,-7.679,-0.617,-2.965,-22.82,-267.96,-4.76
,-8.418,0.383,-7.061,-8.248,-0.749,-2.632,-26.81,-264.39,-4.48
,-8.141,0.249,-6.159,-8.677,-0.153,-2.364,-35.35,-258.93,-4.55
25289.0,-8.815,0.615,-1.656,-7.844,-0.44,-0.754,-34.58,-192.29,-15.75
,-8.636,1.302,-1.474,-7.636,-1.039,-0.065,-44.59,-173.53,-18.48
,-8.155,1.194,-1.196,-7.676,-1.307,0.644,-62.16,-152.6,-19.88
,-7.877,0.416,-0.828,-7.779,-1.187,0.68,-79.59,-130.13,-19.88
25365.0,-7.715,-0.462,0.254,-7.614,0.512,-2.943,-66.15,2.38,-1.47
,-7.679,0.263,-0.443,-8.366,0.187,-3.561,-61.88,27.02,2.17
,-7.643,0.61,-1.292,-13.982,-4.018,-2.46,-62.16,48.79,5.25
,-7.581,0.747,-2.146,-20.864,-9.421,5.81,-63.56,67.41,7.84
25441.0,-16.724,-5.858,0.273,-8.033,-3.63,-5.47,-28.91,73.36,13.79
,-9.828,-3.46,-1.072,-8.052,0.366,-3.884,-35.7,89.53,14.0
,-7.777,-4.815,-1.333,-9.395,2.871,-4.673,-42.14,100.03,14.91
,-8.559,-5.48,-4.008,-9.548,2.556,-6.762,-34.44,106.82,17.92
25517.0,-7.944,3.218,-8.081,-9.079,-1.127,-6.6,-26.95,101.08,13.3
,-6.796,4.417,-7.514,-8.818,-1.029,-5.394,-35.91,98.0,12.53
,-7.909,3.228,-7.294,-10.117,-0.68,-4.228,-46.34,92.54,8.19
,-9.359,0.268,-7.272,-10.723,-0.12,-3.659,-50.89,84.77,2.17
25592.0,-9.828,1.247,-3.824,-8.784,1.567,-4.357,-0.21,63.63,15.68
,-8.629,1.802,-3.778,-8.603,-0.019,-4.389,-3.92,62.16,12.74
,-8.521,1.907,-4.204,-9.208,-1.06,-4.578,-15.12,58.31,6.23
,-9.407,2.01,-4.212,-9.529,-0.835,-4.85,-31.92,54.04,2.66
25668.0,-9.313,-0.572,-4.884,-9.308,0.335,-4.625,-27.58,42.7,5.81
,-9.275,-0.376,-4.681,-9.294,0.495,-4.838,-17.57,40.81,8.05
,-9.258,0.034,-4.547,-9.201,0.045,-4.748,-10.5,39.2,9.17
,-9.284,0.254,-4.508,-9.06,-0.29,-4.884,-6.3,37.45,9.45
25743.0,-9.081,-0.342,-4.795,-9.387,1.05,-4.231,-2.87,28.42,7.35
,-9.256,-0.313,-4.659,-9.225,1.161,-3.843,1.05,26.88,7.35
,-9.277,0.012,-4.508,-9.328,1.094,-3.63,4.27,25.27,7.42
,-9.356,0.62,-4.255,-9.378,0.955,-3.51,8.12,23.8,7.21
25819.0,-9.313,0.617,-3.218,-9.155,-0.005,-3.065,-1.4,21.07,5.18
,-9.22,0.302,-3.192,-9.306,0.244,-3.427,-1.12,21.63,4.97
,-9.263,0.156,-2.967,-9.172,0.203,-3.36,-1.4,22.33,4.62
,-9.21,0.136,-2.96,-9.11,0.06,-3.312,-2.24,23.1,4.41
25895.0,-9.081,0.187,-3.508,-8.99,0.055,-4.322,-3.85,28.28,4.97
,-9.174,0.785,-4.168,-8.904,0.053,-4.882,-2.52,28.91,4.76
,-9.11,0.639,-4.271,-8.873,-0.108,-5.095,-6.37,28.98,4.48
,-8.966,0.22,-4.161,-8.933,-0.558,-4.669,-11.13,28.84,4.2
25971.0,-9.191,-0.414,-4.032,-9.239,0.505,-2.776,-8.82,28.91,6.44
,-9.371,0.261,-3.652,-9.177,0.163,-2.333,-3.64,30.17,7.21
,-9.344,0.665,-3.477,-9.263,0.134,-2.163,-1.89,31.15,7.14
,-9.213,0.759,-3.089,-9.445,0.215,-2.008,-2.38,32.62,7.56
26046.0,-9.493,0.098,-1.902,-10.421,-0.373,-3.245,9.8,47.88,9.1
,-9.672,0.203,-1.756,-9.457,0.177,-3.553,11.83,51.59,9.38
,-9.887,0.299,-1.955,-10.392,0.902,-3.929,12.25,55.37,9.1
,-9.998,0.268,-2.434,-9.981,-1.072,-4.073,13.16,59.08,8.61
26122.0,-9.969,-0.127,-4.314,-10.739,1.917,-4.288,32.55,74.76,5.95
,-10.06,-0.177,-4.424,-11.965,3.709,-5.066,31.01,76.79,4.97
,-10.12,-0.416,-4.441,-11.395,0.206,-4.097,31.85,79.38,3.92
,-10.146,-0.227,-4.439,-10.426,-2.525,-3.025,34.72,81.62,2.94
26197.0,-10.342,-0.526,-2.458,-10.452,-1.931,-2.07,30.59,93.03,-4.27
,-10.739,0.153,-2.3,-10.416,-2.158,-1.658,32.97,96.81,-3.99
,-10.749,-1.065,-2.036,-10.543,-2.962,-0.053,28.21,101.15,-4.55
,-10.366,-1.912,-2.103,-11.055,-3.429,1.263,28.07,105.98,-3.29
26273.0,-11.622,-3.326,1.649,-10.522,-1.682,-2.252,70.91,136.29,22.26
,-11.172,-2.469,1.419,-9.663,-1.5,-3.367,81.9,144.13,28.56
,-11.151,-1.663,0.043,-8.612,-0.014,-5.48,85.61,150.43,34.09
,-10.814,-1.764,-0.787,-9.158,1.122,-7.557,84.84,153.86,38.64
26349.0,-10.045,0.694,-8.689,-8.296,0.787,-10.871,93.8,140.98,12.81
,-10.766,0.158,-10.687,-7.411,-0.199,-10.895,77.42,132.72,7.7
,-10.306,-0.091,-10.857,-6.691,-0.44,-10.577,65.38,122.08,7.35
,-9.239,1.347,-10.943,-6.851,-0.498,-12.051,65.59,112.21,10.5
26425.0,-6.255,-0.644,-11.876,-5.686,1.077,-10.06,31.15,49.63,2.31
,-6.049,-0.141,-11.685,-5.58,0.931,-9.773,32.48,34.23,5.67
,-5.91,0.522,-10.72,-5.26,0.359,-9.337,31.43,16.38,10.57
,-6.078,0.84,-10.467,-4.609,0.067,-9.804,24.57,-4.41,14.49
26501.0,-4.424,-0.735,-9.746,-3.29,-1.429,-8.985,-42.07,-108.71,15.33
,-4.195,-1.283,-9.667,-3.343,-1.436,-9.04,-43.68,-124.88,14.0
,-3.577,-1.127,-9.806,-3.467,-1.23,-9.091,-41.37,-139.16,14.14
,-3.312,-1.115,-9.493,-3.62,-1.086,-9.215,-39.48,-150.36,15.47
26576.0,-3.714,-0.909,-9.284,-3.853,-0.73,-9.158,-26.11,-210.07,10.71
,-3.654,-0.763,-9.11,-3.563,-1.007,-9.292,-25.48,-219.66,11.9
,-3.604,-0.445,-9.069,-4.25,-1.082,-9.033,-27.93,-227.92,13.23
,-3.704,-0.366,-8.985,-4.874,-1.048,-9.447,-33.74,-235.97,14.42
26652.0,-4.819,-0.995,-9.5,-6.657,0.409,-7.708,-34.65,-263.76,14.77
,-4.898,-0.637,-9.287,-7.138,0.421,-7.358,-27.23,-265.79,14.91
,-5.284,-0.105,-8.792,-7.322,0.438,-6.939,-19.25,-265.58,15.54
,-5.839,0.175,-8.122,-7.612,0.316,-5.992,-12.25,-264.32,15.89
26728.0,-7.425,1.067,-5.3,-9.203,0.258,-2.809,2.52,-239.96,16.38
,-8.196,1.091,-4.834,-8.739,0.735,-2.156,-0.35,-231.84,14.07
,-8.849,0.701,-4.039,-8.234,0.835,-1.519,-3.85,-222.04,12.81
,-9.263,0.194,-3.503,-8.095,0.151,-0.864,-6.65,-210.84,11.13
26804.0,-7.923,-0.524,-0.45,-7.483,-0.225,0.345,-61.81,-121.24,2.45
,-7.818,-0.723,-0.187,-7.229,-0.175,-0.074,-68.11,-95.83,2.66
,-7.619,-0.254,-0.601,-7.047,-0.043,-0.692,-70.0,-69.72,2.03
,-7.38,-0.041,-0.045,-7.052,0.182,-1.582,-73.57,-43.33,1.4
26879.0,-7.045,0.347,-2.558,-20.232,-4.781,1.479,-75.95,76.79,1.19
,-7.76,-0.017,-3.41,-10.225,-0.895,-0.364,-74.76,92.75,2.31
,-12.151,-2.659,-4.396,-8.256,-3.443,0.129,-74.34,97.37,2.45
,-22.177,-9.344,7.487,-8.966,-7.117,-0.438,-52.92,69.16,14.77
26955.0,-10.16,-5.331,-1.228,-7.392,1.345,-7.813,-37.45,96.74,2.31
,-10.187,0.457,-2.618,-5.977,0.993,-7.435,-1.4,107.24,6.37
,-9.744,4.874,-4.405,-6.513,0.9,-7.109,1.96,112.42,9.45
,-8.959,3.884,-6.758,-8.421,0.581,-7.097,-21.28,111.79,5.32
27031.0,-9.44,-0.179,-6.516,-9.919,0.057,-3.053,-13.79,77.07,5.25
,-9.495,-0.711,-5.578,-9.052,1.165,-2.938,-6.65,70.77,9.87
,-10.033,-0.866,-4.621,-8.272,1.852,-3.252,0.0,66.43,15.19
,-10.615,-0.747,-3.53,-8.947,2.371,-3.685,5.67,64.33,18.62
27107.0,-9.572,2.479,-3.996,-9.648,0.031,-4.384,-32.97,53.34,-1.26
,-9.045,1.922,-4.118,-9.567,0.395,-4.439,-48.44,49.84,-0.35
,-8.863,0.543,-4.097,-9.445,0.514,-4.267,-52.22,46.55,-0.35
,-9.284,-0.27,-4.259,-9.337,0.163,-4.269,-42.35,44.38,0.28
27182.0,-9.198,-0.129,-4.288,-9.177,0.098,-4.999,-11.62,36.96,5.67
,-9.158,-0.031,-4.405,-9.337,0.093,-4.96,-9.8,35.56,5.25
,-9.201,0.136,-4.776,-9.32,0.325,-4.879,-9.17,33.95,4.13
,-9.182,0.237,-4.977,-9.292,0.246,-4.786,-10.22,32.2,3.29
27258.0,-9.131,-0.043,-4.532,-9.361,1.103,-4.011,1.75,21.91,5.04
,-9.107,-0.077,-4.377,-9.344,0.723,-3.644,8.12,20.79,6.16
,-9.311,0.318,-4.243,-9.222,0.424,-3.195,13.51,19.67,6.3
,-9.38,0.773,-4.054,-9.239,0.325,-2.869,15.33,18.55,5.11
27333.0,-9.387,0.737,-2.804,-9.404,0.196,-2.637,10.71,17.5,4.83
,-9.344,0.945,-2.793,-9.246,0.199,-2.491,10.78,18.27,5.11
,-9.38,0.701,-2.644,-9.172,0.419,-2.814,7.77,18.97,4.76
,-9.296,0.5,-2.726,-9.342,0.646,-2.608,4.9,19.88,4.41
27409.0,-9.263,0.529,-2.357,-9.103,-0.005,-3.896,-4.13,27.58,2.94
,-9.301,0.452,-2.546,-8.997,-0.555,-3.934,-6.44,28.98,2.31
,-9.308,0.459,-3.163,-8.914,-0.541,-3.999,-7.28,30.17,1.47
,-9.196,0.311,-3.47,-8.964,0.022,-4.07,-8.96,31.22,1.12
27485.0,-9.088,0.627,-3.972,-9.289,0.246,-3.156,-5.11,34.65,3.08
,-9.241,0.684,-3.652,-9.32,0.464,-3.072,-6.86,35.63,3.01
,-9.301,0.447,-3.329,-9.454,0.768,-3.108,-6.86,36.89,3.5
,-9.249,0.306,-3.278,-9.622,0.613,-2.855,-3.29,38.71,4.27
27561.0,-9.706,0.345,-2.838,-10.617,-0.211,-3.728,11.41,50.19,4.9
,-9.868,0.237,-3.175,-9.22,0.589,-3.826,14.42,52.64,5.18
,-9.947,0.28,-3.302,-10.218,0.893,-3.659,17.15,55.23,5.67
,-10.033,0.048,-3.431,-9.876,-1.132,-3.905,19.46,57.68,5.81
27637.0,-9.715,-0.077,-4.185,-11.519,3.869,-5.142,34.16,70.28,2.59
,-9.943,-0.211,-4.087,-11.809,1.766,-5.095,31.92,72.17,1.82
,-10.021,-0.357,-4.18,-10.266,-2.941,-4.178,33.04,74.48,1.26
,-10.301,0.455,-4.403,-10.089,-2.577,-3.405,36.4,76.51,0.42
27712.0,-10.17,-0.957,-3.029,-9.418,-0.766,-2.355,40.95,87.08,-0.14
,-10.194,-1.149,-2.563,-9.526,-0.84,-2.642,43.26,91.14,0.98
,-9.756,-1.407,-2.288,-9.428,-1.788,-2.233,42.63,95.06,2.1
,-9.43,-1.242,-2.213,-9.524,-2.673,-1.57,41.58,98.77,3.57
27788.0,-10.021,-3.53,-0.127,-9.715,-1.371,-2.484,54.81,119.21,21.07
,-10.309,-2.446,-0.802,-9.33,-1.692,-3.932,72.45,124.46,27.3
,-10.385,-1.754,-0.969,-8.521,-1.603,-5.027,80.78,129.36,32.34
,-9.957,-1.378,-1.419,-8.169,-1.857,-6.31,83.93,132.93,37.66
27864.0,-8.057,-1.046,-7.131,-9.186,0.235,-11.5,97.86,137.2,33.18
,-8.756,-0.414,-9.021,-8.011,0.256,-11.182,103.67,135.8,29.19
,-9.194,-0.29,-9.765,-6.956,-0.158,-10.883,105.49,132.86,25.97
,-9.557,0.034,-10.943,-6.095,-0.349,-10.859,103.04,127.05,24.29
27940.0,-5.374,-0.354,-11.51,-4.901,-0.225,-9.904,59.22,59.85,25.62
,-4.728,-0.833,-12.0,-4.884,-0.05,-9.6,52.29,47.18,28.77
,-4.367,-0.9,-11.438,-5.037,0.175,-9.103,47.88,34.72,32.48
,-4.353,-0.512,-10.483,-4.817,0.16,-8.93,45.78,21.28,37.94
28015.0,-3.805,0.218,-9.328,-3.087,-1.725,-9.148,-19.74,-85.75,42.14
,-3.352,-0.304,-9.119,-3.348,-1.658,-9.057,-33.18,-101.57,42.42
,-3.644,-1.005,-8.918,-3.953,-1.342,-8.918,-41.44,-116.2,40.46
,-3.506,-1.517,-8.866,-4.346,-1.469,-8.954,-45.64,-131.53,36.96
28091.0,-4.41,-1.704,-9.088,-4.642,-2.558,-8.981,-32.76,-194.53,26.18
,-4.815,-0.861,-8.93,-4.743,-2.611,-9.076,-32.41,-202.16,28.91
,-4.259,-1.194,-8.583,-5.042,-2.335,-8.911,-38.85,-209.3,31.15
,-4.195,-2.146,-8.693,-5.2,-1.764,-9.268,-42.35,-216.16,29.68
28166.0,-5.164,-1.594,-9.337,-6.315,-1.036,-8.512,-5.18,-235.27,38.99
,-5.128,-1.598,-9.213,-6.86,-0.591,-8.198,1.96,-238.77,41.16
,-5.446,-1.407,-9.184,-7.31,-0.266,-7.746,9.38,-242.27,42.07
,-5.901,-1.278,-8.916,-7.669,-0.115,-7.21,15.33,-245.84,42.42
28242.0,-8.191,-0.05,-6.58,-9.234,-0.079,-2.24,25.27,-245.56,35.42
,-9.024,0.038,-5.367,-8.832,-0.165,-1.682,28.7,-241.43,29.96
,-9.39,-0.139,-3.874,-8.622,-0.995,-1.622,30.59,-234.64,23.24
,-9.299,-0.191,-2.886,-7.88,-2.06,0.223,32.83,-225.05,16.45
28318.0,-7.76,-2.491,1.278,-7.554,-0.476,2.771,21.0,-141.33,13.44
,-7.629,-2.391,2.056,-7.643,-0.747,2.508,30.03,-117.32,15.26
,-7.423,-1.433,2.558,-7.66,-1.039,1.814,38.64,-92.19,16.1
,-7.289,-0.72,2.828,-7.861,-1.536,1.005,43.47,-66.43,16.24
28394.0,-8.093,-1.723,0.041,-8.552,-0.273,-3.049,22.54,46.34,10.08
,-8.308,-1.649,-0.881,-9.658,-0.481,-4.209,22.82,63.0,10.01
,-8.346,-1.232,-1.68,-14.704,-4.733,-4.508,25.41,77.14,9.24
,-8.562,-0.67,-2.41,-17.999,-4.159,4.862,27.37,88.34,7.56
28469.0,-16.449,2.288,0.749,-9.277,-2.381,-1.084,87.01,45.22,18.27
,-11.424,2.237,-1.094,-9.677,-0.694,-2.259,56.35,44.73,8.12
,-10.876,-0.278,-0.151,-10.806,0.969,-3.735,16.17,52.08,10.99
,-9.789,-2.57,-0.526,-10.251,2.218,-4.702,1.68,63.14,13.09
28545.0,-8.536,3.015,-5.693,-8.543,-0.105,-5.896,35.28,70.42,5.39
,-7.349,2.867,-6.171,-9.777,1.132,-4.439,17.64,61.95,1.19
,-7.447,1.888,-6.58,-10.766,1.948,-3.58,1.47,54.53,0.21
,-7.806,0.153,-6.633,-10.397,1.914,-3.25,-4.55,50.12,0.35
28621.0,-9.732,1.56,-2.879,-9.536,-0.369,-2.381,-17.01,35.07,-10.08
,-9.134,0.986,-2.618,-9.552,0.469,-2.314,-28.98,33.04,-7.84
,-9.227,-0.103,-2.426,-9.672,0.603,-2.278,-33.18,32.2,-6.3
,-9.603,-0.778,-2.51,-9.701,0.457,-2.29,-29.75,32.69,-6.37
28697.0,-9.402,-0.053,-2.261,-9.478,0.692,-2.326,-23.52,30.87,-3.29
,-9.194,-0.388,-2.209,-9.485,0.677,-2.259,-20.09,31.43,-0.63
,-9.313,-0.031,-2.479,-9.61,0.538,-2.477,-14.0,31.22,0.21
,-9.43,0.371,-2.443,-9.555,0.536,-2.953,-10.92,30.73,0.21
28773.0,-9.375,0.464,-3.247,-9.354,1.082,-4.786,-11.97,31.36,3.99
,-9.284,0.282,-3.46,-9.11,1.273,-5.128,-6.16,31.29,5.67
,-9.335,0.438,-3.948,-9.119,1.309,-5.365,1.96,30.66,7.21
,-9.426,0.852,-4.372,-9.294,1.254,-5.532,9.8,29.12,7.98
28848.0,-9.263,1.206,-5.43,-9.196,-0.196,-4.405,14.42,14.91,5.74
,-9.258,0.931,-5.288,-9.363,0.189,-4.128,14.77,11.69,5.88
,-9.146,0.646,-5.142,-9.457,0.751,-3.759,16.38,8.75,6.23
,-9.04,0.034,-4.74,-9.39,1.0,-3.391,18.48,6.37,7.56
28924.0,-9.323,0.979,-2.927,-9.45,0.682,-2.137,30.87,1.19,9.94
,-9.354,0.835,-2.625,-9.533,0.701,-2.3,31.15,1.54,9.73
,-9.5,0.84,-2.469,-9.488,0.68,-2.247,33.25,1.89,9.8
,-9.495,0.828,-2.355,-9.421,0.751,-2.35,34.79,2.52,10.01
28999.0,-9.32,0.608,-2.199,-9.586,0.921,-2.522,40.6,6.79,8.82
,-9.234,0.51,-2.123,-9.284,0.833,-2.625,40.11,7.7,8.61
,-9.457,0.756,-2.206,-9.337,0.802,-2.766,40.11,8.75,8.61
,-9.689,1.017,-2.355,-9.488,0.861,-2.938,39.34,9.66,8.33
29075.0,-9.476,0.56,-3.113,-9.368,0.916,-3.936,40.67,13.72,7.7
,-9.378,0.369,-3.161,-9.246,0.735,-4.046,40.95,14.56,7.98
,-9.316,0.294,-3.379,-9.069,0.51,-3.987,44.03,14.98,8.12
,-9.366,0.589,-3.649,-9.05,0.433,-4.063,48.44,15.26,7.98
29151.0,-9.356,0.598,-3.965,-9.253,0.94,-3.721,57.89,14.28,8.89
,-9.375,1.005,-4.003,-9.234,0.761,-3.726,59.5,13.79,8.82
,-9.435,1.522,-3.886,-9.074,0.385,-3.601,58.73,13.44,8.54
,-9.184,1.287,-3.853,-9.311,0.385,-3.537,56.7,13.44,8.96
29227.0,-9.368,0.586,-3.475,-9.294,0.213,-2.989,64.19,14.0,9.73
,-9.397,0.933,-3.436,-9.031,0.045,-2.721,63.98,14.63,9.1
,-9.337,0.768,-3.252,-9.246,0.124,-2.575,61.39,15.33,8.82
,-9.301,0.452,-3.135,-9.433,0.153,-2.558,60.06,16.31,8.89
29302.0,-9.395,0.175,-2.469,-9.17,-0.038,-2.991,62.3,23.24,9.8
,-9.409,0.237,-2.41,-9.292,0.182,-3.166,61.11,25.41,9.94
,-9.418,-0.036,-2.649,-9.399,0.23,-3.211,59.99,27.09,9.94
,-9.328,-0.163,-2.737,-9.385,0.306,-3.429,60.48,28.77,10.43
29378.0,-9.407,0.29,-3.673,-8.212,0.0,-4.104,66.71,35.77,14.21
,-9.277,0.141,-3.865,-9.115,1.443,-4.226,69.37,36.82,15.26
,-9.227,-0.199,-4.113,-9.213,0.318,-4.484,71.96,37.66,16.45
,-8.966,-0.428,-5.382,-9.887,-1.072,-4.965,76.02,38.43,18.76
29453.0,-10.199,-1.24,-5.571,-9.43,-2.522,-5.592,111.09,41.3,35.07
,-10.328,-1.893,-5.688,-9.103,-2.417,-5.64,110.74,40.88,37.31
,-10.467,-2.422,-5.86,-8.868,-2.477,-5.609,108.99,40.53,39.13
,-10.117,-2.659,-5.717,-8.892,-2.072,-6.449,110.04,40.25,42.21
29529.0,-8.914,-2.089,-5.834,-7.571,-2.142,-6.456,142.8,31.85,55.58
,-8.662,-1.156,-6.659,-7.459,-2.326,-7.459,143.29,26.46,58.94
,-7.787,-1.311,-6.145,-7.095,-2.45,-7.53,142.38,23.03,62.79
,-7.511,-1.632,-5.59,-6.925,-2.28,-7.231,151.76,23.17,68.74
29605.0,-6.839,-1.871,-7.047,-7.093,-1.761,-7.014,205.38,18.27,98.0
,-6.777,-1.598,-7.109,-7.736,-1.374,-7.138,209.51,16.52,100.52
,-6.681,-1.634,-7.112,-8.148,-0.967,-6.829,209.09,14.42,101.92
,-6.851,-1.788,-7.248,-8.27,-0.514,-6.657,206.85,10.99,101.85
29681.0,-8.296,-0.646,-6.305,-8.263,-3.07,-5.233,169.54,-23.66,77.14
,-8.454,-0.995,-6.116,-8.236,-3.702,-4.755,154.35,-29.75,71.61
,-8.516,-1.589,-5.774,-8.402,-4.168,-4.633,140.84,-35.35,66.99
,-8.509,-2.283,-5.635,-8.555,-4.353,-4.664,130.76,-40.39,63.42
29757.0,-8.598,-4.302,-4.709,-8.784,-2.199,-4.685,156.38,-50.89,54.18
,-8.622,-3.862,-4.819,-8.808,-1.933,-4.681,169.05,-52.5,52.5
,-8.672,-3.293,-4.771,-8.815,-1.807,-4.489,178.71,-54.18,50.75
,-8.784,-2.632,-4.671,-8.823,-1.732,-4.228,184.24,-56.21,48.37
29832.0,-8.739,-1.448,-3.893,-8.882,-1.414,-3.317,171.71,-67.34,35.77
,-8.949,-1.192,-3.903,-8.741,-1.175,-3.348,168.28,-69.02,32.97
,-9.057,-1.433,-3.972,-8.559,-1.158,-2.946,162.96,-71.12,30.03
,-8.961,-1.699,-3.594,-8.693,-1.354,-2.603,159.67,-73.29,28.35
29908.0,-8.772,-1.448,-2.644,-8.531,-0.089,-1.895,161.07,-70.84,21.84
,-8.813,-1.323,-2.582,-8.581,0.237,-1.73,165.27,-68.11,22.12
,-8.708,-0.94,-2.441,-8.725,0.44,-1.601,169.05,-65.66,22.4
,-8.581,-0.462,-2.12,-8.603,0.675,-1.35,170.66,-62.58,22.82
29984.0,-8.425,0.995,-1.173,-8.327,0.421,-0.682,160.23,-37.17,22.96
,-8.378,1.187,-1.134,-8.236,0.256,-0.55,154.21,-31.43,22.47
,-8.433,1.098,-0.986,-8.248,0.325,-0.596,146.79,-25.34,22.26
,-8.368,0.701,-0.857,-8.229,0.613,-0.603,139.02,-18.55,22.89
30060.0,-8.184,1.134,-0.658,-8.141,1.505,-1.608,110.6,18.41,28.77
,-8.2,1.323,-0.859,-8.351,1.323,-2.008,100.66,25.76,29.61
,-8.196,1.326,-1.003,-9.392,0.524,-2.69,89.67,32.69,30.38
,-8.141,1.402,-1.364,-13.575,-3.276,-2.486,79.03,39.48,31.01
30135.0,-16.013,-5.554,7.605,-10.644,-1.828,0.986,25.06,26.25,46.34
,-17.203,-1.553,3.288,-9.868,-2.345,0.383,48.72,18.97,35.7
,-12.113,1.565,0.495,-9.643,-0.907,-0.672,28.7,17.01,11.41
,-9.797,0.488,1.412,-10.11,0.141,-1.96,-8.75,19.88,11.83
30211.0,-10.084,0.067,-3.156,-8.502,-1.409,-6.068,-4.76,62.72,21.84
,-9.33,0.146,-4.487,-8.78,-0.95,-6.231,-4.55,62.09,19.74
,-8.454,-0.012,-5.511,-9.021,-0.613,-5.93,-3.78,58.38,19.81
,-8.138,-1.029,-6.15,-9.409,-0.519,-4.929,1.19,53.9,21.7
30286.0,-9.809,-0.16,-4.259,-8.976,-0.117,-3.068,39.48,35.7,25.76
,-9.871,0.409,-3.92,-9.17,-0.507,-3.015,36.47,33.18,23.66
,-9.514,0.816,-3.565,-9.471,-0.591,-2.852,29.26,31.36,22.33
,-9.129,0.536,-3.295,-9.588,-0.347,-2.852,19.67,29.61,20.79
30362.0,-9.608,-0.041,-2.613,-9.696,0.902,-2.237,11.2,26.81,15.68
,-9.655,0.337,-2.381,-9.526,1.029,-2.364,11.55,26.53,15.61
,-9.751,0.572,-2.273,-9.521,1.18,-2.503,11.34,26.53,14.91
,-9.694,0.785,-2.146,-9.591,1.23,-2.871,10.71,26.81,15.05
30438.0,-9.581,1.141,-3.25,-9.531,0.838,-3.826,10.78,27.02,16.17
,-9.5,1.041,-3.362,-9.543,0.699,-4.125,9.38,26.18,14.98
,-9.308,0.969,-3.4,-9.347,0.548,-4.152,7.7,25.41,14.28
,-9.411,0.878,-3.534,-9.222,0.455,-4.049,6.65,24.08,13.3
30514.0,-9.287,0.306,-4.003,-9.27,0.158,-3.865,9.1,17.99,8.96
,-9.335,0.285,-3.979,-9.265,-0.246,-3.601,10.85,17.01,8.4
,-9.328,0.481,-3.905,-9.241,-0.251,-3.594,10.57,15.82,7.98
,-9.359,0.479,-3.944,-9.277,-0.069,-3.46,8.61,14.63,7.49
30589.0,-9.234,0.191,-3.338,-9.258,0.51,-3.128,6.51,12.95,6.79
,-9.335,0.467,-3.247,-9.273,0.601,-3.12,5.25,13.16,6.65
,-9.359,0.605,-3.173,-9.316,0.55,-3.175,2.59,13.09,6.51
,-9.387,0.629,-3.151,-9.308,0.495,-3.075,0.42,13.16,6.51
30665.0,-9.351,0.512,-3.08,-9.368,0.696,-2.46,0.91,14.91,7.56
,-9.296,0.538,-2.989,-9.325,0.608,-2.276,2.73,16.03,7.84
,-9.342,0.742,-3.01,-9.438,0.639,-2.347,5.53,17.29,7.98
,-9.38,0.797,-2.776,-9.478,0.651,-2.391,5.53,18.27,7.98
30741.0,-9.371,0.495,-2.556,-9.162,0.208,-2.769,4.76,25.41,7.0
,-9.165,0.101,-2.479,-9.119,0.409,-2.675,4.2,26.81,7.0
,-9.134,-0.055,-2.757,-9.122,0.232,-2.795,5.67,28.35,7.42
,-9.148,0.017,-2.699,-9.105,0.146,-2.886,6.02,29.89,7.84
30817.0,-9.057,0.16,-2.97,-8.969,0.392,-2.804,5.46,37.8,8.47
,-9.031,0.227,-3.082,-9.031,0.715,-3.001,6.86,39.76,9.31
,-9.067,0.306,-3.041,-9.16,0.861,-3.393,6.72,41.3,9.94
,-9.074,0.27,-2.797,-9.127,0.62,-3.805,4.62,43.05,10.43
30893.0,-9.088,0.184,-4.087,-9.141,0.615,-5.406,-2.45,50.26,9.66
,-9.15,0.007,-4.25,-9.32,0.218,-5.497,-0.28,51.73,9.73
,-9.072,0.292,-4.652,-9.318,0.297,-5.587,3.99,52.22,9.59
,-9.0,0.747,-5.173,-9.299,0.558,-5.47,6.72,52.85,9.94
30968.0,-9.593,0.701,-5.252,-9.94,-0.591,-4.489,18.27,54.39,13.16
,-9.952,0.842,-5.095,-9.67,0.653,-4.599,19.81,56.35,16.24
,-10.017,1.883,-4.506,-10.005,-0.189,-4.271,27.58,55.72,19.53
,-8.973,0.771,-4.614,-10.187,-0.376,-4.441,28.98,57.47,16.87
31044.0,-10.407,0.584,-4.355,-9.978,-2.635,-3.276,35.14,68.11,9.45
,-11.472,3.18,-4.774,-10.33,-0.529,-3.144,35.14,69.23,4.9
,-11.474,0.806,-4.537,-10.242,-0.704,-2.876,18.41,70.49,0.0
,-9.952,-3.333,-3.743,-9.651,-1.429,-2.702,10.43,74.27,0.98
31119.0,-9.395,-1.809,-1.986,-10.617,-1.438,-1.149,28.14,94.29,6.37
,-9.619,-1.28,-1.668,-11.249,-2.082,-0.072,31.15,98.77,8.05
,-10.021,-1.043,-1.668,-11.749,-2.324,0.342,34.09,103.32,9.87
,-10.282,-1.225,-1.498,-12.17,-2.515,0.266,36.12,108.36,12.6
31195.0,-12.3,-2.458,-1.177,-9.375,-1.955,-6.281,88.27,135.94,47.11
,-11.608,-2.682,-2.843,-9.531,-0.28,-7.93,95.69,138.25,54.04
,-10.502,-3.204,-4.25,-9.588,0.938,-9.021,108.01,139.16,59.36
,-9.44,-2.472,-6.037,-9.823,1.632,-10.211,127.89,138.67,60.97
31271.0,-10.081,1.213,-11.498,-6.145,-1.273,-11.548,91.35,122.01,29.54
,-8.107,0.33,-11.005,-6.578,-0.823,-11.07,72.1,108.92,26.25
,-6.758,-0.505,-11.055,-6.772,-0.055,-10.68,62.86,96.39,27.44
,-6.131,-1.086,-11.419,-6.281,0.522,-10.912,63.0,85.47,30.31
31347.0,-5.781,0.57,-10.263,-4.168,-0.668,-9.378,54.67,-8.05,54.18
,-5.513,0.416,-9.442,-3.431,-1.204,-9.246,42.49,-30.66,55.23
,-5.135,0.256,-9.28,-3.149,-1.472,-8.744,26.39,-53.97,54.53
,-4.822,-0.196,-9.009,-3.297,-1.287,-8.71,8.47,-76.3,54.11
31422.0,-3.527,-1.106,-8.607,-4.166,-0.749,-8.796,-19.32,-151.55,47.46
,-3.589,-0.849,-8.457,-3.944,-0.871,-8.799,-19.04,-166.53,45.43
,-4.097,-0.842,-8.418,-4.35,-1.103,-8.617,-19.04,-180.81,41.93
,-4.145,-0.751,-8.641,-4.482,-1.273,-8.5,-19.67,-193.27,39.9
31498.0,-4.556,-1.436,-8.452,-5.571,-1.309,-8.363,-14.07,-230.09,42.63
,-4.817,-1.431,-8.533,-5.664,-1.043,-8.215,-12.67,-234.78,40.74
,-4.968,-1.455,-8.452,-5.937,-0.479,-8.105,-10.85,-237.16,40.95
,-5.37,-1.505,-8.248,-6.147,0.122,-7.961,-7.0,-238.49,42.14
31573.0,-6.454,0.419,-7.983,-7.916,0.23,-6.939,10.01,-246.68,33.46
,-6.849,0.507,-7.964,-8.267,0.043,-6.028,4.9,-248.08,29.33
,-7.289,0.558,-7.842,-8.074,-0.491,-4.326,-1.61,-249.2,24.71
,-7.746,0.519,-7.399,-8.485,-1.01,-2.242,-10.08,-249.83,19.39
31649.0,-8.985,-1.161,-1.565,-8.799,-0.189,0.246,-28.14,-215.53,-8.54
,-9.268,-0.4,-1.326,-8.217,-0.864,0.447,-22.4,-202.3,-13.3
,-9.074,0.718,-0.945,-7.681,-1.192,1.551,-26.25,-187.74,-16.03
,-8.933,0.577,-0.117,-7.961,-1.407,2.044,-41.58,-171.15,-17.57
31725.0,-7.779,-1.0,2.036,-8.346,0.39,-0.187,-67.34,-58.03,-11.13
,-7.672,-0.675,1.778,-8.177,0.744,-0.818,-66.15,-31.99,-8.82
,-7.882,-0.517,1.299,-8.033,0.974,-1.529,-65.59,-6.79,-5.88
,-8.181,-0.072,0.51,-7.911,0.948,-2.283,-65.03,16.8,-3.43
31801.0,-8.612,0.562,-2.984,-8.488,-0.361,0.189,-81.76,96.74,1.26
,-15.315,-3.836,-3.357,-10.156,-4.202,0.029,-86.45,90.44,3.64
,-21.082,-7.246,5.386,-9.727,-7.03,-1.4,-57.68,64.19,16.1
,-15.501,-1.876,1.251,-9.021,-6.614,-2.759,-28.0,58.8,5.53
31877.0,-9.119,-2.343,-4.032,-6.722,3.929,-8.435,8.89,114.94,19.25
,-9.122,2.19,-4.484,-7.284,3.015,-8.071,35.98,110.46,20.51
,-9.081,4.683,-6.178,-8.811,1.486,-7.782,25.34,102.55,15.33
,-7.87,4.738,-7.999,-9.576,-0.28,-6.827,-8.75,95.48,9.03
31952.0,-9.086,-1.505,-5.872,-10.124,1.058,-3.245,-35.28,68.67,5.67
,-8.942,-2.637,-4.551,-9.399,1.864,-2.836,-25.97,64.82,11.41
,-9.665,-2.419,-4.02,-8.99,2.257,-2.929,-9.45,62.79,14.56
,-10.182,-0.711,-3.759,-9.028,2.321,-3.008,8.26,61.74,15.33
32028.0,-9.249,2.467,-3.379,-9.325,-0.768,-3.824,-19.6,51.8,4.34
,-9.237,1.479,-3.549,-9.631,-0.038,-3.963,-31.92,49.0,4.41
,-9.208,0.005,-3.613,-9.5,0.534,-4.042,-33.88,47.11,5.95
,-9.105,-0.756,-3.814,-9.349,0.512,-4.156,-25.27,45.64,8.05
32104.0,-9.268,0.553,-4.219,-9.141,0.112,-5.068,1.33,39.41,10.29
,-9.174,0.859,-4.602,-8.949,-0.392,-4.831,1.4,37.52,8.47
,-9.294,0.902,-4.958,-9.115,-0.457,-4.645,-0.35,35.14,7.07
,-9.225,0.751,-5.03,-9.373,-0.038,-4.413,-2.87,32.69,5.88
32180.0,-9.354,0.682,-4.259,-9.308,0.572,-3.841,13.3,24.01,6.79
,-9.33,1.022,-4.109,-9.392,0.309,-3.652,12.74,22.54,6.58
,-9.344,1.094,-4.123,-9.38,0.546,-3.53,10.29,21.07,5.95
,-9.253,0.78,-4.056,-9.32,1.019,-3.343,7.14,20.23,5.53
32255.0,-9.351,1.134,-3.254,-9.399,0.146,-2.635,11.76,20.02,5.88
,-9.284,0.749,-2.994,-9.313,0.323,-2.802,9.24,20.3,5.39
,-9.091,0.213,-2.764,-9.136,0.313,-2.627,8.12,20.93,5.81
,-9.184,0.093,-2.67,-9.143,0.613,-2.716,10.92,22.19,6.44
32331.0,-9.036,0.756,-2.831,-9.103,0.325,-2.836,15.33,29.05,7.56
,-9.122,0.555,-2.749,-9.15,0.376,-2.931,12.53,30.52,7.84
,-9.091,0.376,-2.869,-9.06,0.117,-3.23,11.48,32.41,8.54
,-9.007,0.328,-2.852,-8.959,-0.065,-3.436,11.62,34.16,8.89
32406.0,-9.074,-0.077,-3.625,-9.299,0.402,-3.568,0.28,40.81,6.02
,-9.16,-0.093,-3.726,-9.347,0.744,-3.802,0.28,42.28,6.16
,-9.189,0.079,-3.888,-9.356,0.888,-4.006,1.96,44.03,6.65
,-9.206,0.237,-3.699,-9.383,0.476,-4.068,3.08,45.99,7.49
32482.0,-9.6,0.268,-4.286,-10.179,0.036,-3.721,6.86,53.41,7.0
,-9.746,-0.014,-4.362,-10.153,2.235,-3.408,11.83,55.09,6.93
,-9.849,0.112,-4.417,-9.55,0.419,-3.424,17.71,57.26,7.56
,-10.053,0.246,-4.357,-9.887,-0.378,-3.561,21.7,59.29,7.91
32558.0,-9.651,0.459,-3.673,-9.952,-0.627,-3.845,34.02,71.75,4.9
,-9.978,-0.96,-3.597,-10.342,1.05,-3.874,31.15,74.69,4.2
,-9.933,-0.826,-3.807,-11.953,3.941,-4.862,35.63,78.05,3.78
,-10.017,-0.96,-3.738,-11.708,0.663,-4.039,38.57,81.2,3.08
32634.0,-9.849,-3.673,-2.747,-10.522,-1.278,-1.543,11.13,93.73,-9.66
,-10.081,-1.788,-2.032,-10.639,-1.625,-1.127,27.09,98.7,-5.39
,-10.613,0.421,-1.835,-11.302,-1.005,-1.086,34.93,102.9,-4.13
,-10.916,-0.177,-1.601,-12.233,-1.869,0.51,28.14,107.38,-4.76
32709.0,-13.065,-2.618,1.326,-11.507,-0.23,-3.714,53.69,138.46,18.34
,-13.068,-2.443,1.223,-10.261,0.191,-4.398,65.87,145.88,24.71
,-12.852,-1.888,0.459,-10.007,1.888,-6.351,75.88,151.62,31.78
,-12.379,-1.077,-1.374,-10.849,1.393,-7.765,88.06,154.42,37.38
32785.0,-11.519,0.668,-10.194,-7.509,-1.302,-10.558,69.72,138.88,6.02
,-10.744,0.098,-10.318,-6.944,-1.082,-10.756,55.09,129.71,5.53
,-9.548,0.809,-10.328,-6.451,-0.785,-11.658,50.47,119.7,9.24
,-8.428,-0.038,-10.572,-6.107,-0.73,-11.594,38.43,105.14,11.27
32861.0,-5.566,-0.364,-11.161,-5.81,0.656,-9.497,49.0,35.28,14.28
,-5.879,0.483,-10.311,-4.968,0.431,-9.765,47.46,17.29,18.83
,-6.052,1.134,-10.337,-4.257,0.077,-9.923,36.19,-6.09,21.0
,-5.717,1.101,-9.806,-4.061,-0.447,-10.124,20.86,-29.33,21.7
32937.0,-3.924,-0.395,-10.026,-3.281,-0.488,-9.519,-32.97,-126.77,14.28
,-3.455,-0.433,-9.868,-3.283,-0.663,-9.548,-38.5,-140.56,12.81
,-3.542,-0.581,-9.442,-3.197,-0.766,-9.548,-43.05,-154.14,10.92
,-3.68,-0.653,-9.383,-3.563,-0.725,-9.184,-48.23,-170.17,6.09
33013.0,-3.833,-0.287,-9.019,-3.984,-0.57,-9.184,-39.34,-220.85,-3.92
,-4.219,-0.246,-8.973,-4.353,-0.572,-9.213,-41.86,-229.88,-4.69
,-4.192,-0.242,-9.098,-4.965,-0.866,-8.835,-45.36,-238.49,-5.18
,-3.927,-0.235,-9.402,-5.15,-0.876,-8.875,-46.97,-245.07,-5.88
33088.0,-5.004,-0.713,-8.916,-6.523,0.055,-7.906,-30.73,-258.93,-4.34
,-4.939,-0.543,-8.6,-6.88,-0.074,-7.724,-26.18,-259.77,-3.57
,-5.331,-0.299,-8.425,-6.963,-0.225,-6.906,-22.33,-260.19,-2.73
,-5.729,-0.062,-8.055,-7.373,-0.565,-5.434,-18.9,-259.98,-1.4
33164.0,-7.255,-0.349,-4.204,-9.208,1.445,-2.206,-7.91,-240.94,10.64
,-8.248,-0.242,-3.795,-9.131,1.73,-1.893,1.47,-231.77,8.61
,-9.04,0.223,-3.36,-8.696,1.122,-0.979,7.84,-221.06,6.51
,-9.61,0.773,-2.929,-8.382,0.244,0.0,7.42,-208.25,4.76
33239.0,-8.26,-0.27,0.11,-7.497,-0.735,0.656,-58.45,-108.78,-3.71
,-7.985,-0.675,0.141,-7.32,-0.187,-0.098,-64.68,-81.97,-2.52
,-7.552,-0.902,0.797,-7.346,0.0,-0.998,-65.73,-53.76,0.21
,-7.53,-0.797,0.634,-7.222,0.136,-2.12,-61.81,-24.92,3.01
33315.0,-7.057,0.464,-2.905,-21.735,-5.073,0.507,-54.18,94.57,10.85
,-7.509,0.581,-3.563,-10.711,0.191,-1.883,-52.64,108.71,11.13
,-12.072,-2.254,-4.456,-7.495,-4.642,-0.785,-56.98,111.16,9.73
,-22.826,-11.826,12.192,-8.629,-7.837,-2.443,-41.65,78.54,26.39
33391.0,-6.932,-4.838,-3.774,-6.92,3.616,-8.471,-23.24,109.76,3.5
,-7.224,0.601,-2.235,-5.851,4.489,-8.411,14.21,115.15,7.77
,-9.871,3.726,-5.083,-7.803,2.225,-8.485,12.32,114.94,15.05
,-9.904,3.065,-8.145,-9.442,-0.467,-7.911,-7.0,112.0,15.61
33467.0,-9.356,-1.417,-6.569,-8.698,1.567,-3.683,-8.68,81.13,9.66
,-9.675,-0.694,-5.185,-8.423,2.733,-4.042,4.76,75.39,19.25
,-10.38,-0.651,-3.678,-10.11,3.597,-4.322,13.65,71.54,24.92
,-9.72,0.184,-3.656,-8.983,3.183,-4.58,21.7,70.14,23.31
33542.0,-8.205,1.031,-4.482,-9.423,0.249,-4.41,-52.5,54.18,2.1
,-8.871,-0.723,-4.42,-9.428,0.546,-4.326,-45.36,51.17,1.4
,-9.615,-0.591,-4.7,-9.402,0.768,-4.448,-27.72,48.58,2.24
,-9.481,0.041,-4.63,-9.22,0.952,-4.874,-13.44,47.18,5.46
33618.0,-9.076,0.727,-5.066,-9.165,0.584,-5.154,6.58,39.06,8.54
,-8.964,0.251,-5.14,-9.143,0.689,-4.831,5.11,36.82,8.05
,-9.213,0.112,-5.183,-9.251,0.876,-4.556,7.21,34.51,7.0
,-9.239,0.318,-5.219,-9.273,1.01,-4.398,9.8,32.2,5.6
33694.0,-9.249,0.864,-4.274,-9.189,0.304,-4.058,8.19,22.12,2.24
,-9.191,0.62,-4.116,-9.239,0.103,-3.979,5.95,21.14,1.96
,-9.189,0.471,-4.125,-9.165,0.342,-4.011,4.76,20.02,1.54
,-9.232,0.29,-4.104,-9.091,0.103,-3.723,3.99,19.18,0.77
33770.0,-9.1,0.278,-3.707,-9.129,0.067,-2.984,-4.34,18.48,0.63
,-9.112,0.235,-3.501,-9.136,0.299,-3.094,-7.28,19.11,1.05
,-9.043,-0.022,-3.116,-9.273,0.383,-3.099,-9.8,19.95,1.54
,-9.05,-0.029,-3.027,-9.177,0.567,-2.84,-10.01,21.07,1.75
33846.0,-9.206,0.651,-2.426,-9.263,0.979,-2.4,-13.23,28.07,3.5
,-9.335,0.603,-2.137,-9.167,0.838,-2.697,-14.07,30.66,4.06
,-9.098,0.457,-1.95,-9.217,0.328,-3.446,-13.72,33.25,4.06
,-9.186,0.488,-1.852,-9.277,-0.275,-3.826,-13.37,35.91,3.99
33921.0,-9.136,-0.632,-4.149,-9.567,0.359,-4.36,-6.23,47.11,4.2
,-9.241,-0.471,-4.226,-9.555,0.182,-3.944,1.33,49.0,5.18
,-9.313,0.034,-4.491,-9.684,-0.067,-3.81,7.07,50.19,5.53
,-9.43,0.225,-4.547,-9.823,0.036,-3.92,11.13,51.38,5.67
33997.0,-9.887,-0.211,-3.606,-9.698,0.531,-3.652,22.89,61.39,7.14
,-10.079,0.814,-3.587,-9.715,-0.287,-3.745,26.46,63.7,8.05
,-9.703,-0.096,-3.486,-9.665,-0.438,-3.96,27.37,66.64,5.95
,-9.809,0.112,-3.518,-9.653,-0.579,-3.929,30.17,69.65,4.55
34072.0,-9.753,-0.373,-3.872,-9.914,-3.357,-2.934,34.09,84.42,1.54
,-10.206,0.89,-3.932,-9.969,-2.814,-2.326,38.92,87.01,0.7
,-11.704,3.963,-4.681,-10.376,-0.902,-2.065,42.21,87.85,-3.64
,-11.883,1.268,-4.054,-10.586,-1.254,-1.969,25.9,89.46,-8.75
34148.0,-10.553,-1.63,-1.931,-12.149,-3.613,1.158,48.02,114.66,4.06
,-10.933,-1.689,-1.663,-12.125,-2.946,0.842,49.98,120.19,7.14
,-11.749,-3.233,0.483,-11.634,-2.182,-0.282,52.64,126.42,11.97
,-12.29,-4.068,1.314,-11.232,-1.397,-2.173,65.24,133.91,17.78
34224.0,-10.311,-0.857,-3.951,-10.981,0.696,-11.295,108.22,154.77,39.9
,-9.208,0.122,-5.451,-10.572,-0.203,-11.864,115.5,150.78,35.14
,-9.119,1.558,-7.746,-8.842,0.249,-9.804,116.76,146.86,27.65
,-10.007,1.869,-9.497,-8.495,0.086,-11.237,105.28,142.03,18.2
34300.0,-6.559,-0.512,-11.352,-4.578,0.244,-12.381,50.05,89.32,14.98
,-6.624,-0.806,-11.11,-4.338,0.519,-11.287,50.12,78.96,13.79
,-6.655,-0.62,-11.503,-4.87,0.981,-10.012,47.6,64.26,10.99
,-5.707,0.201,-12.209,-5.217,1.106,-10.273,45.78,49.28,12.18
34375.0,-4.862,1.022,-9.524,-3.486,-0.5,-9.737,3.36,-39.06,24.08
,-5.104,0.89,-9.452,-3.561,-1.0,-9.509,-13.3,-63.14,23.45
,-4.738,0.634,-9.423,-3.357,-1.072,-9.471,-31.22,-87.78,20.44
,-3.886,0.287,-9.66,-3.498,-1.017,-9.418,-45.64,-108.36,17.92
34451.0,-3.362,-1.027,-9.201,-3.977,-0.191,-9.103,-45.15,-173.67,4.69
,-3.35,-0.747,-9.239,-3.833,0.115,-9.177,-42.21,-185.29,-0.91
,-3.685,-0.34,-9.296,-4.111,0.048,-9.311,-42.28,-196.14,-4.62
,-3.795,-0.292,-9.17,-4.056,-0.299,-9.131,-41.37,-203.77,-4.83
34527.0,-4.161,-0.873,-8.89,-5.027,-1.56,-8.93,-61.6,-236.67,-6.79
,-4.288,-1.079,-8.804,-5.205,-1.479,-8.44,-61.04,-241.22,-7.35
,-4.453,-1.129,-8.926,-5.738,-1.237,-8.287,-58.8,-244.86,-7.28
,-4.724,-1.376,-8.856,-5.877,-1.106,-7.767,-53.41,-246.89,-5.04
34603.0,-6.219,-1.0,-7.356,-8.449,-0.357,-5.91,-6.72,-251.09,6.37
,-6.607,-1.012,-6.939,-8.399,-0.333,-4.549,-1.12,-250.18,9.94
,-7.284,-0.711,-6.535,-7.578,-0.225,-1.917,3.22,-248.08,13.58
,-8.023,-0.402,-6.36,-8.667,0.065,-1.938,5.39,-245.49,16.03
34678.0,-9.871,0.969,-2.166,-8.179,-1.613,-0.196,1.89,-203.14,5.32
,-9.442,2.053,-2.079,-7.81,-2.895,1.0,-3.99,-191.31,-0.98
,-9.069,1.974,-1.345,-7.595,-2.998,1.828,-23.87,-177.73,-5.81
,-8.629,0.593,-1.015,-7.837,-2.407,2.273,-48.37,-161.7,-9.1
34754.0,-8.088,-1.476,2.063,-8.074,0.093,-0.077,-28.07,-47.11,2.38
,-8.181,-0.845,1.73,-8.181,0.474,-0.921,-23.94,-21.28,4.69
,-8.234,-0.349,1.452,-8.289,0.766,-1.752,-24.29,3.92,6.79
,-8.126,-0.148,0.821,-8.839,0.785,-2.642,-27.3,27.51,8.75
34829.0,-12.328,-0.998,-3.817,-7.052,-3.089,0.536,-50.05,97.93,8.47
,-20.957,-7.234,4.915,-9.959,-7.499,0.574,-45.5,71.89,15.82
,-18.504,-3.747,1.146,-10.215,-6.054,0.065,-22.82,58.24,11.69
,-9.588,0.514,-0.378,-10.754,-1.165,-2.328,-34.16,61.6,-4.69
34905.0,-10.115,2.948,-4.482,-6.444,2.534,-7.901,17.01,121.38,19.32
,-9.043,3.156,-5.501,-7.901,1.019,-7.231,5.74,114.94,13.3
,-8.035,3.132,-6.502,-9.244,-0.012,-6.272,-13.86,103.46,4.27
,-6.48,3.168,-7.475,-9.832,-0.323,-6.131,-35.28,93.59,0.14
34981.0,-9.392,-0.974,-5.714,-9.801,0.127,-2.828,-22.33,68.25,7.35
,-9.186,-1.555,-4.992,-9.27,0.909,-2.86,-15.54,64.68,11.27
,-9.543,-1.122,-4.214,-8.954,1.866,-2.953,-5.88,61.53,14.28
,-9.677,-0.536,-3.228,-9.177,2.402,-3.206,1.19,59.36,15.96
35057.0,-9.337,1.519,-3.417,-9.574,0.694,-4.19,-29.96,51.03,7.7
,-9.146,0.742,-3.814,-9.27,0.715,-4.192,-29.05,48.44,7.91
,-9.397,0.311,-3.982,-9.313,0.699,-4.135,-20.44,46.62,8.89
,-9.732,0.366,-4.089,-9.27,0.589,-4.326,-9.31,45.29,10.64
35133.0,-9.32,0.811,-4.649,-9.304,-0.112,-4.685,0.49,35.84,8.54
,-9.359,0.768,-4.855,-9.301,-0.22,-4.487,-1.96,33.67,7.63
,-9.428,0.467,-4.882,-9.189,-0.151,-4.125,-3.57,31.71,7.7
,-9.418,0.127,-4.74,-9.136,0.263,-3.905,-2.31,29.82,8.47
35208.0,-9.158,0.591,-3.778,-9.22,0.715,-3.199,16.66,22.96,9.87
,-9.284,0.751,-3.625,-9.198,1.053,-3.317,14.49,22.05,9.24
,-9.32,0.627,-3.467,-9.208,1.182,-3.226,12.39,21.49,8.75
,-9.284,0.581,-3.348,-9.206,1.101,-3.472,12.11,21.21,8.4
35284.0,-9.091,1.091,-3.501,-9.162,0.835,-3.896,3.92,20.37,5.88
,-9.208,1.058,-3.654,-9.074,0.215,-3.903,0.21,20.3,4.9
,-9.282,1.187,-3.75,-9.045,0.108,-3.984,-3.78,19.53,3.5
,-9.22,1.228,-3.802,-9.033,0.369,-3.819,-8.4,19.04,2.24
35360.0,-9.215,0.263,-3.297,-9.179,0.357,-2.508,-12.53,18.9,2.66
,-9.313,0.139,-2.991,-9.215,0.242,-2.577,-10.92,20.37,3.92
,-9.296,0.182,-2.824,-9.263,0.146,-2.74,-8.12,21.98,5.18
,-9.244,0.345,-2.565,-9.11,0.144,-2.776,-5.46,23.87,5.95
35436.0,-9.143,0.246,-2.84,-9.155,0.718,-3.309,9.52,34.51,8.05
,-9.208,0.383,-2.642,-9.076,0.589,-3.486,11.34,36.26,7.91
,-9.095,0.668,-2.778,-9.155,0.553,-3.798,11.55,37.8,7.7
,-9.093,0.83,-3.096,-9.222,0.639,-4.13,11.34,39.2,7.21
35511.0,-9.148,0.495,-4.578,-9.418,0.369,-4.805,11.9,44.8,5.53
,-9.191,0.328,-4.85,-9.378,0.251,-4.819,12.18,45.29,5.67
,-9.196,0.261,-4.769,-9.464,0.172,-4.872,13.09,45.64,6.37
,-9.34,0.337,-4.783,-9.217,0.223,-4.465,15.68,46.13,6.72
35587.0,-9.782,1.752,-4.456,-9.385,-0.318,-3.922,29.82,50.33,13.37
,-9.198,0.105,-4.149,-9.311,-0.124,-4.118,28.98,51.94,10.99
,-9.335,-0.213,-4.061,-9.416,0.302,-4.322,33.39,53.9,9.52
,-9.189,0.644,-4.18,-10.397,3.494,-4.346,32.62,55.37,9.31
35662.0,-11.567,3.259,-4.949,-9.828,0.376,-3.355,30.38,62.44,-1.61
,-9.856,-1.598,-4.346,-9.363,-0.83,-3.192,13.79,64.54,-3.08
,-9.287,-3.537,-3.582,-8.916,-1.29,-2.903,24.57,68.67,1.82
,-9.512,-0.38,-3.333,-9.038,-0.239,-3.099,43.96,72.38,6.37
35738.0,-9.39,-0.053,-3.549,-8.251,-1.598,-6.803,29.89,86.87,4.48
,-9.155,-1.05,-4.24,-7.614,-1.067,-7.279,23.8,88.48,4.2
,-8.665,-2.29,-5.013,-7.169,-0.897,-7.449,21.49,90.16,7.14
,-8.425,-2.455,-5.473,-6.856,-0.933,-7.722,29.19,91.21,11.48
35814.0,-6.451,-0.967,-7.827,-6.411,-1.493,-6.971,66.08,83.72,29.89
,-6.339,-0.885,-7.739,-6.542,-1.335,-7.224,70.7,81.9,33.32
,-6.162,-0.278,-8.22,-6.76,-1.05,-7.727,75.25,80.01,36.26
,-6.281,-1.596,-6.772,-6.973,-1.084,-7.796,76.3,78.4,38.85
35890.0,-6.502,-1.027,-7.511,-6.956,-0.512,-8.437,85.33,78.54,46.9
,-6.743,-1.366,-7.782,-6.741,-0.01,-8.83,86.17,80.78,48.09
,-6.765,-1.196,-7.743,-6.403,0.328,-9.246,89.11,82.39,50.47
,-6.896,-0.838,-8.227,-6.212,0.57,-9.725,90.93,82.74,53.2
35966.0,-5.676,0.357,-9.725,-4.295,-0.598,-9.804,71.05,65.17,58.38
,-5.219,0.323,-9.753,-4.508,-1.091,-9.521,66.92,59.08,60.83
,-4.748,0.098,-9.823,-4.374,-1.546,-9.361,62.3,52.08,63.21
,-4.544,-0.275,-9.859,-4.369,-1.62,-8.698,59.85,43.47,66.57
36041.0,-4.59,-1.321,-8.43,-3.149,-0.598,-8.717,67.13,-22.33,92.05
,-4.506,-1.452,-8.296,-3.513,-0.804,-8.351,64.96,-40.11,93.38
,-3.987,-1.598,-8.461,-4.161,-1.622,-8.011,65.31,-56.0,92.68
,-3.343,-1.074,-8.748,-4.786,-2.185,-7.918,67.27,-67.9,92.19
36117.0,-4.652,-1.967,-8.165,-5.43,-3.049,-7.983,53.41,-129.43,97.65
,-4.104,-1.472,-8.533,-6.016,-3.434,-7.849,50.96,-139.86,99.05
,-4.417,-1.5,-8.569,-6.231,-3.35,-7.798,43.05,-147.28,101.43
,-4.829,-2.163,-8.593,-6.346,-3.058,-7.849,35.98,-153.65,103.74
36193.0,-6.557,-2.687,-8.198,-7.148,-1.855,-6.954,69.44,-169.96,107.87
,-6.566,-2.338,-7.997,-7.363,-1.843,-6.77,79.59,-169.75,109.69
,-6.939,-2.077,-7.743,-7.519,-1.845,-6.497,87.85,-168.49,110.67
,-7.217,-1.979,-7.404,-7.691,-1.807,-6.128,94.43,-166.6,110.18
36269.0,-7.956,-1.474,-5.877,-8.67,-0.323,-4.757,117.32,-141.75,100.8
,-8.277,-1.027,-5.544,-8.67,-0.615,-4.709,120.68,-135.03,96.04
,-8.528,-0.634,-5.291,-8.643,-1.268,-4.283,121.38,-128.38,90.51
,-8.638,-0.416,-4.934,-8.428,-1.577,-3.75,117.67,-121.94,83.86
36344.0,-8.299,-1.472,-3.415,-8.478,-0.519,-2.96,96.39,-86.94,60.62
,-8.358,-1.433,-3.3,-8.528,-0.33,-2.991,97.79,-78.96,56.7
,-8.435,-1.395,-3.247,-8.469,-0.572,-2.895,100.45,-70.84,53.41
,-8.471,-1.101,-3.096,-8.351,-0.854,-2.838,103.74,-62.23,50.68
36420.0,-8.306,-0.936,-2.793,-8.464,-0.665,-2.871,99.4,-23.52,35.28
,-8.315,-0.696,-2.824,-8.32,-0.641,-2.778,101.29,-16.03,34.16
,-8.44,-0.455,-2.871,-8.418,-0.203,-2.895,102.34,-8.82,31.99
,-8.327,-0.404,-2.831,-8.775,0.189,-3.273,101.64,-1.26,30.45
36495.0,-9.091,0.349,-3.415,-11.838,0.218,-0.888,90.23,29.19,20.09
,-9.378,0.469,-3.218,-12.256,0.926,-0.433,82.53,29.26,16.1
,-9.938,0.311,-2.721,-12.355,1.709,-0.227,73.92,27.37,13.02
,-10.897,-0.062,-1.862,-11.665,3.352,0.026,66.71,23.52,11.69
36571.0,-10.878,4.578,-1.311,-8.909,-0.531,-2.888,24.99,11.76,-0.21
,-9.588,4.154,-2.103,-8.715,0.022,-3.221,-2.17,16.38,-4.97
,-9.225,2.491,-2.453,-8.799,0.471,-3.81,-22.33,21.56,-6.58
,-9.002,0.294,-2.797,-9.124,0.584,-4.369,-28.7,26.32,-7.0
36647.0,-9.196,0.414,-4.484,-9.11,-0.038,-4.123,-0.98,26.32,-4.06
,-9.15,0.16,-4.334,-9.057,0.014,-4.271,-1.82,24.15,-2.52
,-9.117,-0.034,-4.018,-9.088,0.055,-4.31,-2.1,22.33,-2.1
,-9.143,-0.129,-3.987,-9.229,0.029,-4.42,-1.33,21.21,-2.17
36723.0,-9.208,0.144,-4.216,-9.335,-0.062,-3.8,-3.57,17.5,-1.19
,-9.268,0.28,-4.006,-9.062,-0.809,-3.874,-6.3,16.03,-1.26
,-9.356,0.23,-3.668,-8.892,-1.436,-4.006,-9.45,14.98,-1.68
,-9.342,0.223,-3.525,-8.789,-1.591,-3.958,-11.27,14.0,-1.75
36798.0,-8.933,-1.582,-4.037,-9.04,0.323,-4.666,-0.35,11.48,8.75
,-9.067,-1.33,-4.326,-9.1,0.517,-4.786,9.73,11.62,11.76
,-9.086,-0.689,-4.458,-9.098,0.727,-4.815,18.41,11.27,14.56
,-9.052,-0.122,-4.547,-9.019,0.912,-4.757,23.03,10.64,16.8
36874.0,-8.993,0.893,-4.635,-9.014,0.498,-3.666,20.79,2.1,18.55
,-8.983,0.782,-4.537,-9.217,0.797,-3.467,17.57,0.49,18.06
,-9.026,0.562,-4.314,-9.282,1.046,-3.321,14.28,-1.12,17.92
,-8.906,0.39,-3.989,-9.454,1.364,-3.204,12.81,-2.03,18.55
36949.0,-9.598,1.68,-2.958,-9.356,1.773,-3.139,18.9,-1.05,18.83
,-9.445,1.795,-3.087,-9.533,2.108,-3.116,16.24,-1.05,17.71
,-9.261,1.699,-3.101,-9.347,2.283,-3.092,15.54,-0.63,18.06
,-9.093,1.725,-3.02,-9.062,1.759,-3.075,16.66,-0.35,18.41
37025.0,-9.074,0.749,-2.785,-9.253,0.826,-3.343,-0.77,0.35,12.95
,-9.1,0.048,-2.905,-9.196,1.137,-3.661,0.7,1.26,12.95
,-9.208,-0.112,-2.931,-9.04,1.0,-3.96,5.95,2.8,13.51
,-9.139,0.29,-3.003,-8.997,0.66,-4.078,12.95,4.55,14.56
37101.0,-9.158,0.72,-4.255,-9.107,1.29,-4.235,31.78,7.42,16.87
,-9.057,0.818,-4.197,-9.04,1.488,-4.219,35.98,7.63,17.29
,-9.076,1.103,-4.235,-9.026,1.481,-4.317,38.5,7.7,17.57
,-9.088,1.189,-4.171,-8.823,1.094,-4.125,38.36,7.49,17.29
37177.0,-8.878,0.727,-3.85,-9.378,1.697,-3.321,40.18,8.54,19.81
,-9.122,0.553,-3.424,-9.268,1.618,-3.573,44.1,9.45,20.79
,-9.115,1.151,-3.364,-9.095,1.357,-3.673,48.44,10.29,21.0
,-9.273,1.62,-3.259,-9.024,1.441,-4.018,47.25,10.71,20.93
37253.0,-9.112,1.292,-3.886,-8.957,1.106,-3.553,44.31,12.95,19.32
,-9.189,1.249,-3.738,-8.854,1.307,-3.611,42.98,13.37,19.67
,-9.083,1.077,-3.683,-8.887,1.328,-3.585,42.28,13.93,20.23
,-9.057,1.007,-3.585,-9.04,1.405,-3.704,42.07,14.42,20.44
37328.0,-9.261,1.12,-3.805,-9.296,1.689,-4.018,36.33,16.1,20.44
,-9.043,0.852,-3.795,-9.009,1.467,-4.168,35.14,16.8,20.58
,-8.942,0.409,-3.723,-9.031,0.715,-4.133,36.12,17.57,21.21
,-8.976,0.933,-3.905,-8.849,0.89,-4.324,38.08,18.83,21.0
37404.0,-8.914,0.682,-4.499,-8.705,0.479,-4.188,30.1,20.65,24.01
,-8.54,0.718,-4.223,-9.043,0.598,-4.365,33.39,23.59,27.72
,-8.871,2.525,-4.965,-8.67,1.321,-4.271,39.34,21.77,32.62
,-9.328,1.235,-4.243,-8.591,1.101,-4.039,40.67,21.28,31.36
37480.0,-8.567,1.275,-4.106,-9.098,1.208,-4.106,37.52,24.64,32.2
,-8.607,1.565,-4.204,-9.179,1.115,-4.223,37.8,25.27,31.85
,-8.748,1.694,-4.231,-9.256,0.873,-4.31,34.72,26.11,31.57
,-8.887,1.412,-4.14,-9.251,0.737,-4.262,31.08,27.02,31.5
37556.0,-9.342,0.625,-4.2,-10.83,2.374,-4.039,36.54,35.49,35.77
,-9.459,0.668,-4.212,-9.904,-0.122,-3.92,39.9,37.66,36.68
,-9.631,1.429,-4.085,-9.493,-1.192,-3.719,43.68,39.76,37.03
,-10.491,3.092,-3.975,-9.854,-0.333,-3.671,45.92,41.37,35.35
37631.0,-10.158,0.388,-3.769,-9.746,-1.577,-3.752,57.47,55.44,43.12
,-9.864,-0.254,-3.69,-9.663,-2.328,-3.616,58.87,59.01,44.52
,-9.509,-0.964,-3.704,-9.627,-2.917,-3.321,62.16,63.0,46.69
,-9.619,-1.187,-3.778,-9.268,-2.809,-3.573,69.51,66.78,49.98
37707.0,-8.973,-2.381,-3.817,-8.88,-3.793,-4.451,125.58,88.06,76.44
,-8.894,-2.316,-3.96,-8.574,-3.297,-5.616,136.22,91.77,82.11
,-8.784,-2.331,-4.408,-8.318,-2.615,-6.36,144.83,95.69,87.64
,-8.902,-3.427,-3.972,-8.069,-2.089,-6.947,153.65,99.4,92.47
37782.0,-7.815,-1.307,-7.597,-8.449,-1.933,-8.32,194.46,108.01,91.56
,-7.609,-0.105,-8.713,-8.007,-1.168,-9.16,185.64,108.29,87.92
,-7.935,0.258,-9.576,-7.107,-0.16,-9.624,167.72,108.08,86.03
,-8.1,-0.739,-9.076,-6.793,0.062,-10.031,152.25,108.29,86.73
37858.0,-6.267,-0.459,-10.481,-6.289,-2.278,-10.337,118.72,70.98,88.69
,-6.037,-1.364,-10.56,-6.107,-1.661,-10.548,108.78,62.65,91.49
,-6.068,-2.19,-10.483,-5.827,-1.378,-9.603,107.94,53.76,96.67
,-6.49,-2.352,-10.304,-5.757,-0.651,-8.935,112.49,40.95,102.83
37934.0,-5.37,0.158,-8.169,-5.027,-0.531,-8.062,101.64,-51.17,117.95
,-4.944,0.622,-8.16,-5.504,-0.957,-7.868,80.71,-68.88,116.13
,-4.843,0.651,-8.155,-5.767,-1.541,-7.88,60.76,-82.67,113.89
,-4.7,0.189,-8.404,-5.664,-2.044,-7.913,43.75,-95.9,112.28
38010.0,-5.296,-2.367,-7.82,-4.874,-1.89,-7.959,48.02,-157.01,107.45
,-5.03,-2.393,-8.04,-5.188,-1.694,-7.818,59.99,-167.51,105.84
,-4.745,-2.175,-8.157,-5.695,-1.158,-7.626,70.56,-176.4,104.79
,-4.841,-2.103,-8.282,-5.81,-0.529,-7.674,77.84,-184.94,104.58
38086.0,-5.891,0.081,-7.825,-6.762,1.22,-7.373,91.7,-215.32,91.21
,-6.023,0.859,-7.971,-7.174,0.835,-7.095,87.5,-219.8,86.31
,-6.159,1.297,-7.66,-7.258,0.354,-6.664,79.03,-223.51,80.71
,-6.432,1.464,-7.557,-7.404,0.069,-6.327,65.66,-227.36,73.36
38161.0,-7.846,-0.024,-5.75,-8.887,0.608,-2.759,30.8,-233.31,38.57
,-7.98,0.05,-5.054,-9.263,0.67,-2.278,33.46,-230.79,33.67
,-8.536,0.438,-4.274,-9.514,0.256,-1.529,34.58,-227.29,28.56
,-8.808,0.658,-3.568,-9.1,0.704,-1.192,33.95,-222.04,22.33
38237.0,-8.662,0.366,-0.94,-8.155,0.388,3.049,3.78,-172.34,-5.67
,-8.464,-0.187,0.254,-7.901,-0.093,3.577,-3.85,-155.96,-7.84
,-8.279,-0.311,1.84,-7.691,-0.866,3.898,-5.32,-137.48,-8.4
,-8.351,0.266,2.34,-7.775,-1.132,3.778,-4.83,-117.74,-10.36
38313.0,-7.887,-0.871,3.13,-8.363,1.034,-0.06,-23.31,-1.12,0.7
,-8.026,0.045,2.362,-8.48,0.938,-0.878,-22.19,20.72,2.73
,-8.236,0.651,1.46,-8.875,0.83,-1.653,-24.78,40.04,3.85
,-8.394,0.926,0.713,-11.945,-0.907,-3.288,-29.33,56.84,4.27
38389.0,-18.545,-6.6,2.213,-7.842,-4.762,1.158,-52.64,71.26,8.47
,-18.581,-3.173,3.235,-9.66,-5.81,0.227,-24.43,53.2,13.02
,-12.434,1.153,-1.043,-11.165,-2.467,-1.692,-21.07,52.29,-5.32
,-8.579,-0.086,-0.278,-10.179,-0.44,-4.097,-52.78,60.2,-15.19
38464.0,-8.851,1.003,-6.03,-7.985,-0.589,-8.071,20.58,112.42,11.9
,-7.363,2.582,-5.987,-8.686,-1.017,-7.095,17.85,97.23,5.74
,-6.1,3.498,-6.703,-9.538,0.022,-6.116,-1.05,84.42,0.14
,-6.47,1.91,-7.923,-9.842,0.806,-6.088,-23.24,78.12,2.1
38540.0,-9.447,1.01,-5.561,-9.423,0.278,-3.592,7.77,58.17,4.97
,-9.354,0.713,-4.427,-8.993,1.165,-3.716,0.56,53.9,5.11
,-9.651,0.309,-3.704,-9.206,1.706,-3.618,-7.21,50.96,5.11
,-9.677,-0.072,-3.58,-9.332,1.945,-3.704,-10.78,49.42,3.57
38615.0,-9.174,1.488,-3.489,-9.404,0.136,-3.297,-25.48,36.33,-0.35
,-9.323,0.706,-3.262,-9.44,0.065,-3.297,-23.87,34.37,1.89
,-9.61,0.505,-3.269,-9.512,0.275,-3.62,-16.66,33.32,4.48
,-9.608,0.318,-3.278,-9.579,0.754,-3.912,-9.94,32.62,6.51
38691.0,-9.38,0.859,-4.02,-9.306,1.062,-4.329,1.26,30.1,6.3
,-9.201,1.005,-4.082,-9.277,0.771,-4.214,-0.98,28.84,5.39
,-9.282,1.12,-4.149,-9.284,0.739,-4.293,-1.75,27.23,4.69
,-9.366,1.077,-4.216,-9.306,0.835,-4.257,-1.05,25.55,4.62
38767.0,-9.21,0.95,-4.068,-9.337,0.68,-3.561,9.73,17.08,7.0
,-9.165,1.39,-4.054,-9.45,0.682,-3.357,8.26,15.26,5.74
,-9.191,1.328,-3.922,-9.318,1.079,-3.171,2.24,13.79,4.48
,-9.237,0.833,-3.649,-9.299,1.218,-3.08,-3.15,12.74,3.78
38843.0,-9.246,1.242,-3.032,-9.265,0.605,-2.252,-2.59,12.6,2.59
,-9.304,1.062,-2.718,-9.189,0.412,-2.259,-4.9,13.37,2.31
,-9.368,1.022,-2.673,-9.249,0.151,-2.268,-7.07,14.35,1.96
,-9.253,0.785,-2.355,-9.387,0.002,-2.489,-9.59,15.82,1.96
38918.0,-9.454,-0.23,-2.544,-9.366,0.919,-3.096,-10.43,25.34,3.92
,-9.296,-0.16,-2.647,-9.208,0.811,-3.24,-6.58,27.37,5.11
,-9.263,-0.005,-2.654,-9.217,0.589,-3.405,-3.29,29.4,6.02
,-9.349,0.572,-2.948,-9.191,0.44,-3.51,0.07,30.94,6.02
38994.0,-9.093,0.373,-3.599,-9.421,0.711,-3.685,7.7,36.33,7.42
,-9.048,0.309,-3.434,-9.392,0.718,-3.656,9.87,37.59,8.47
,-9.076,0.361,-3.508,-9.284,1.067,-3.659,12.6,38.5,9.24
,-9.273,0.608,-3.587,-9.083,1.211,-3.733,15.89,39.27,9.31
39070.0,-9.031,1.058,-3.838,-9.548,0.828,-4.025,13.93,43.05,8.61
,-9.093,0.964,-3.769,-9.521,0.378,-4.451,14.7,44.1,9.17
,-9.354,0.96,-3.676,-9.474,0.323,-4.264,16.52,45.36,9.59
,-9.478,0.969,-3.865,-10.093,1.541,-4.152,17.85,46.76,9.66
39146.0,-9.474,0.287,-4.109,-10.268,-0.124,-3.503,32.55,53.9,16.24
,-9.911,0.148,-3.955,-10.354,0.215,-3.403,38.85,56.21,13.65
,-9.861,0.627,-3.695,-10.854,2.441,-3.266,36.12,58.1,12.18
,-10.019,-0.29,-3.563,-11.984,3.561,-3.68,34.02,60.34,10.85
39222.0,-11.122,0.081,-3.269,-10.601,-1.73,-2.125,16.87,73.01,-1.12
,-10.586,-2.417,-2.613,-10.067,-2.319,-2.13,18.83,77.42,1.33
,-10.675,-0.933,-2.321,-9.957,-1.634,-2.333,32.55,82.25,5.11
,-10.9,-0.613,-2.319,-10.05,-1.551,-2.455,37.45,86.87,6.44
39297.0,-9.895,-2.139,-2.582,-10.005,-3.075,-0.723,44.52,108.64,16.17
,-9.603,-2.898,-2.474,-10.45,-3.156,-0.182,50.47,112.77,19.04
,-9.411,-3.087,-2.472,-10.586,-2.74,-0.491,59.78,117.32,24.01
,-9.399,-3.281,-1.381,-10.383,-2.036,-1.905,73.92,122.71,31.57
39373.0,-9.847,-1.996,-3.802,-9.442,1.991,-8.579,132.37,141.4,54.6
,-9.055,-2.094,-5.044,-10.428,1.919,-10.955,139.72,140.98,55.09
,-8.507,-0.962,-5.568,-10.79,0.483,-11.232,144.2,140.28,51.8
,-8.758,0.747,-7.255,-9.421,0.632,-10.184,153.09,138.39,41.51
39448.0,-8.942,1.263,-10.971,-5.997,-0.993,-11.661,68.39,102.06,18.55
,-7.449,1.242,-10.818,-5.602,-1.342,-11.795,54.53,87.57,16.52
,-6.872,0.718,-10.926,-5.508,-1.0,-11.074,38.99,75.74,16.59
,-6.564,-0.077,-11.335,-5.451,-0.459,-9.789,27.86,63.49,17.85
39524.0,-5.776,0.237,-9.495,-4.31,-0.213,-8.971,40.67,-14.28,41.23
,-5.674,0.27,-9.064,-3.881,-0.916,-9.119,32.76,-35.77,45.36
,-5.743,0.175,-8.655,-3.731,-1.438,-9.005,18.41,-59.64,46.55
,-5.269,-0.065,-8.94,-3.644,-1.333,-8.949,-1.12,-85.19,44.87
39600.0,-3.9,-1.05,-8.811,-4.092,-1.072,-8.722,-18.41,-160.23,41.86
,-3.946,-0.974,-8.703,-4.271,-0.926,-8.55,-21.84,-173.39,41.86
,-3.422,-1.134,-8.65,-4.367,-0.55,-8.476,-19.6,-186.2,39.2
,-3.537,-1.168,-8.65,-4.42,-0.318,-8.799,-15.26,-197.89,35.42
39676.0,-4.226,-0.258,-9.208,-5.43,-0.84,-8.65,-24.36,-243.11,33.46
,-4.283,-0.651,-8.825,-5.47,-0.919,-8.698,-27.65,-248.85,32.76
,-4.783,-0.816,-8.667,-5.87,-0.79,-7.94,-27.93,-254.17,29.82
,-5.104,-0.73,-8.588,-6.65,-0.29,-7.282,-26.25,-258.72,27.72
39751.0,-6.782,0.309,-6.703,-9.119,0.345,-5.176,11.13,-263.55,22.19
,-6.93,0.5,-6.236,-9.277,0.692,-4.075,10.36,-260.33,22.12
,-7.607,0.333,-5.709,-9.095,0.62,-2.714,7.35,-255.92,21.91
,-8.536,0.325,-5.422,-8.411,0.694,-0.593,3.29,-251.3,19.67
39827.0,-8.935,0.998,-0.407,-7.736,-0.629,1.201,-31.57,-199.01,-0.77
,-9.016,1.543,-0.433,-7.667,-2.393,2.458,-40.74,-182.98,-8.82
,-8.533,1.692,-0.524,-7.684,-2.848,2.582,-56.49,-165.48,-14.77
,-8.229,0.751,0.235,-7.856,-2.603,2.845,-75.53,-145.6,-18.13
39903.0,-7.959,-1.405,2.314,-8.591,1.347,-1.287,-72.8,-14.49,0.42
,-8.019,-0.244,1.771,-8.478,1.031,-2.185,-68.95,12.11,5.53
,-8.246,0.692,0.854,-8.988,0.522,-2.874,-67.97,35.91,8.68
,-8.545,1.18,-0.206,-14.542,-2.687,-2.553,-69.16,56.49,9.38
39979.0,-20.423,-6.657,4.25,-9.631,-7.018,-1.709,-68.74,72.1,10.5
,-17.107,-3.817,1.223,-9.069,-5.461,-3.427,-57.19,67.55,-0.07
,-8.849,-1.957,0.22,-9.371,0.299,-6.49,-73.01,78.12,-7.84
,-8.497,-5.69,-0.242,-7.645,4.207,-6.281,-95.13,96.95,4.13
40054.0,-7.219,3.924,-7.516,-9.11,1.283,-7.913,-18.62,104.65,0.28
,-6.71,2.046,-8.241,-10.167,-0.313,-7.703,-53.27,93.59,-2.73
,-6.703,1.919,-8.536,-9.536,-1.165,-6.81,-60.2,88.27,4.69
,-7.303,2.647,-8.579,-9.442,-1.78,-5.212,-47.88,85.61,9.31
40130.0,-10.081,-1.747,-3.855,-9.265,3.087,-3.85,-1.4,59.15,19.67
,-10.206,-0.428,-3.446,-9.507,3.453,-4.2,8.75,58.03,17.99
,-9.538,1.137,-3.245,-8.973,2.024,-4.271,9.31,58.03,13.79
,-8.559,2.056,-3.355,-9.093,-0.201,-4.283,3.71,56.42,7.98
40205.0,-9.581,-1.23,-4.324,-9.361,0.237,-3.553,-37.31,39.41,3.43
,-9.663,-0.861,-4.319,-9.273,0.318,-3.597,-18.83,38.43,6.51
,-9.423,-0.28,-4.18,-9.323,0.364,-3.728,-6.51,37.38,8.96
,-9.512,0.055,-3.783,-9.344,0.189,-4.013,0.14,36.4,10.36
40281.0,-9.404,-0.045,-4.099,-9.234,-0.057,-3.726,-6.09,30.73,7.56
,-9.273,-0.199,-4.145,-9.105,0.407,-3.616,-3.43,29.54,8.19
,-9.22,-0.081,-4.082,-9.34,1.345,-3.707,1.89,28.14,8.54
,-9.33,0.177,-3.948,-9.481,1.699,-3.51,6.79,27.23,9.1
40357.0,-9.43,1.503,-3.25,-9.182,0.737,-2.68,5.6,23.52,6.09
,-9.383,1.103,-2.903,-9.146,0.742,-2.898,1.26,23.17,5.53
,-9.198,0.964,-2.79,-9.15,0.699,-3.266,0.0,23.45,5.32
,-9.162,1.039,-2.874,-9.246,0.227,-3.173,-0.42,24.29,5.46
40433.0,-9.215,-0.048,-3.065,-9.184,0.361,-3.728,-10.15,29.12,5.18
,-9.261,0.103,-3.166,-9.167,0.019,-3.771,-11.13,30.17,5.39
,-9.294,0.275,-3.271,-9.012,-0.23,-3.735,-11.9,30.87,5.46
,-9.225,0.397,-3.477,-9.079,-0.235,-3.64,-13.37,31.5,5.04
40509.0,-9.201,-0.091,-3.561,-9.359,0.258,-3.494,-11.48,36.26,6.86
,-9.234,0.302,-3.522,-9.344,0.682,-3.563,-8.68,37.59,7.35
,-9.28,0.409,-3.518,-9.493,0.775,-3.477,-8.4,39.06,7.91
,-9.268,0.16,-3.446,-9.426,0.574,-3.329,-7.77,40.39,8.33
40584.0,-9.442,0.397,-3.309,-9.533,0.191,-3.348,5.25,49.56,10.22
,-9.488,0.491,-3.183,-9.574,0.888,-3.503,9.66,52.01,10.57
,-9.567,0.586,-3.235,-9.471,0.409,-3.652,14.0,54.46,10.71
,-9.725,0.572,-3.372,-9.543,0.153,-3.836,17.57,56.98,10.78
40660.0,-9.418,0.517,-3.872,-9.828,-0.139,-3.623,35.07,69.44,10.29
,-9.586,0.268,-3.79,-9.988,0.168,-3.635,34.65,71.68,9.24
,-9.667,0.246,-3.766,-10.993,3.099,-3.534,34.37,73.92,8.33
,-9.768,-0.017,-3.673,-12.292,2.946,-3.896,34.79,76.65,7.63
40736.0,-11.034,-1.529,-2.742,-11.048,-1.807,-2.501,20.02,91.7,-2.94
,-10.514,-3.285,-1.788,-10.782,-2.812,-2.678,28.91,98.07,1.75
,-10.601,-0.677,-1.785,-11.062,-3.262,-1.254,45.99,103.74,5.53
,-11.161,-0.28,-2.235,-11.78,-3.228,-0.093,49.0,108.5,5.32
40812.0,-12.668,-3.592,0.873,-11.129,-1.122,-1.129,80.92,140.28,22.96
,-12.436,-3.431,1.749,-10.543,-0.122,-3.561,88.83,147.98,27.37
,-12.012,-2.795,1.816,-9.284,1.046,-5.497,91.42,154.84,33.25
,-11.67,-2.084,0.79,-9.093,1.866,-7.32,93.59,160.02,39.27
40887.0,-10.605,2.338,-8.82,-8.387,1.725,-12.522,94.99,142.03,13.44
,-11.658,1.307,-10.603,-6.351,-0.084,-12.51,66.29,129.5,0.77
,-11.381,1.472,-10.744,-6.42,-1.747,-12.252,43.12,117.95,-5.04
,-9.66,1.905,-11.113,-6.418,-2.123,-11.977,25.76,105.14,-3.36
40963.0,-6.47,-1.488,-11.694,-4.86,0.357,-10.089,32.9,42.49,2.03
,-5.889,-0.072,-12.541,-4.671,0.067,-9.466,43.89,22.19,8.19
,-5.063,0.447,-11.239,-4.156,0.112,-9.306,45.08,2.31,14.63
,-4.937,0.718,-10.378,-3.805,-0.275,-9.488,38.5,-19.88,19.88
41038.0,-3.676,-0.83,-9.366,-3.513,-1.18,-8.839,-17.71,-124.04,20.58
,-3.503,-1.058,-9.229,-3.403,-1.409,-9.043,-21.14,-138.04,19.46
,-3.324,-1.247,-9.246,-3.575,-1.586,-9.115,-22.61,-151.62,19.6
,-3.343,-1.266,-8.878,-3.709,-1.579,-9.124,-24.01,-163.59,19.53
41114.0,-3.699,-1.345,-8.859,-4.204,-0.967,-8.899,-3.85,-218.68,21.07
,-3.821,-1.23,-8.622,-4.346,-0.962,-8.823,-1.75,-225.54,23.52
,-4.089,-1.115,-8.454,-4.64,-1.015,-8.605,-3.29,-232.82,25.34
,-4.231,-0.974,-8.643,-5.159,-1.127,-8.354,-6.58,-240.17,25.97
41190.0,-5.41,-1.029,-8.299,-6.468,1.046,-7.396,1.89,-260.96,28.7
,-5.808,-0.536,-8.212,-7.523,1.182,-6.782,9.17,-264.6,26.74
,-6.09,0.251,-8.122,-8.196,1.254,-6.047,12.53,-267.26,24.29
,-6.059,0.823,-7.784,-8.665,1.397,-5.705,11.55,-268.17,21.63
41266.0,-9.028,1.208,-4.657,-8.229,-1.275,1.0,-9.87,-258.3,-3.64
,-9.112,0.677,-2.857,-8.035,-1.682,1.077,-17.85,-250.6,-9.31
,-9.107,0.237,-1.697,-7.856,-1.704,0.747,-26.81,-240.1,-13.16
,-8.76,-0.27,-0.282,-7.131,-1.402,1.965,-34.72,-225.96,-15.12
41342.0,-7.15,-0.749,2.204,-8.291,1.414,2.18,-44.73,-111.3,-1.19
,-7.43,-0.376,2.912,-8.37,1.713,1.115,-43.89,-82.04,1.47
,-7.55,0.022,3.484,-8.334,1.508,0.158,-45.15,-51.94,3.57
,-7.916,0.684,3.077,-8.334,1.204,-0.828,-47.32,-22.12,4.83
41417.0,-8.344,0.938,-1.953,-22.563,-9.083,5.631,-90.72,91.21,1.82
,-8.287,0.603,-3.051,-16.214,-3.69,-0.278,-94.01,103.81,2.31
,-9.095,0.048,-3.769,-7.873,-1.407,-1.409,-94.01,111.86,4.55
,-15.93,-4.444,-4.089,-9.344,-4.401,-1.24,-96.74,102.13,7.07
41493.0,-8.337,-6.786,-2.718,-9.201,3.989,-6.882,-66.22,113.4,15.54
,-8.246,-5.147,-5.441,-7.349,4.075,-8.433,-29.61,126.7,17.36
,-8.497,-1.469,-5.365,-6.401,3.96,-8.598,15.75,127.4,19.6
,-9.392,2.328,-4.843,-7.449,2.469,-8.22,37.03,116.69,20.51
41569.0,-9.174,0.491,-7.597,-10.1,-0.483,-3.944,-53.41,84.7,2.8
,-9.794,-0.548,-7.136,-10.06,-0.067,-3.628,-46.06,76.79,-0.56
,-9.277,-0.512,-6.475,-8.957,0.036,-3.242,-36.4,69.65,3.57
,-9.32,-0.447,-5.128,-8.308,-0.371,-3.183,-27.23,63.77,9.73
41645.0,-9.301,0.002,-3.434,-9.514,0.61,-4.482,-17.43,52.64,7.7
,-9.488,1.567,-3.781,-9.445,0.512,-4.709,-20.23,50.12,7.56
,-9.162,1.819,-3.836,-9.335,0.452,-4.59,-29.19,47.32,7.35
,-9.328,1.062,-4.075,-9.397,0.56,-4.367,-33.6,44.94,6.86
41720.0,-9.454,0.639,-4.2,-9.244,-0.581,-4.413,-6.23,33.46,9.52
,-9.481,0.833,-4.116,-9.222,-1.017,-4.393,-5.81,31.36,8.61
,-9.447,0.708,-4.25,-9.261,-0.732,-4.444,-9.24,29.26,7.42
,-9.318,0.129,-4.391,-9.244,-0.376,-4.288,-13.93,27.58,6.58
41796.0,-9.332,0.029,-4.185,-9.383,0.727,-3.051,5.18,21.14,8.61
,-9.371,0.299,-3.881,-9.476,0.72,-2.855,6.72,19.67,8.61
,-9.136,0.486,-3.673,-9.342,0.61,-2.625,6.02,18.34,7.84
,-9.275,0.692,-3.374,-9.325,0.467,-2.424,4.27,17.36,7.7
41871.0,-9.351,0.55,-2.544,-9.323,0.273,-3.001,-4.55,20.3,7.0
,-9.289,0.541,-2.608,-9.265,0.203,-3.214,-3.92,21.56,7.28
,-9.268,0.431,-2.682,-9.306,0.132,-3.467,-3.78,23.1,7.42
,-9.32,0.378,-2.824,-9.273,0.136,-3.853,-4.55,24.29,7.28
41947.0,-9.179,0.158,-4.118,-9.076,-0.014,-4.011,-9.45,27.09,7.35
,-9.261,0.132,-4.156,-9.095,0.23,-4.066,-9.87,27.44,8.26
,-9.22,0.072,-4.207,-9.215,0.613,-4.063,-9.45,27.86,8.96
,-9.172,-0.086,-3.987,-9.191,0.773,-3.869,-8.75,28.14,9.38
42023.0,-9.179,0.828,-3.513,-8.928,0.404,-2.247,0.42,30.59,10.36
,-9.1,0.747,-3.058,-9.184,0.625,-2.051,3.85,31.78,10.64
,-8.978,0.603,-2.737,-9.325,0.699,-1.993,7.07,33.39,10.85
,-9.007,0.33,-2.419,-9.418,0.469,-2.032,10.22,35.21,11.2
42099.0,-9.593,0.292,-2.163,-9.598,0.294,-3.496,8.47,48.65,8.96
,-9.557,0.268,-2.647,-9.569,0.184,-3.793,8.96,51.66,8.68
,-9.73,0.146,-2.883,-9.529,0.019,-3.979,10.5,54.74,8.82
,-9.914,0.091,-3.19,-9.818,-0.641,-4.051,12.74,57.54,8.33
42174.0,-9.732,1.003,-4.403,-9.596,-0.01,-4.817,29.89,67.76,13.93
,-9.524,0.108,-4.709,-9.737,0.019,-4.867,33.6,69.86,11.76
,-9.581,-0.491,-4.776,-10.416,2.091,-4.75,38.5,71.96,9.66
,-9.356,0.491,-4.908,-12.029,3.735,-5.511,40.39,73.29,9.38
42250.0,-11.388,-0.213,-4.073,-10.237,-1.464,-2.221,26.39,79.17,-2.87
,-9.777,-3.503,-2.974,-9.617,-2.747,-2.271,28.98,83.86,0.63
,-9.907,-1.338,-2.453,-9.648,-2.675,-2.515,48.44,88.41,5.18
,-10.309,-0.065,-2.307,-10.258,-2.288,-2.192,54.81,92.47,6.09
42325.0,-11.034,-2.493,-1.199,-11.469,-2.556,-0.337,64.75,117.11,12.6
,-11.723,-2.764,-0.543,-11.18,-2.175,-1.4,72.59,122.92,16.45
,-11.986,-2.802,-0.175,-11.05,-1.685,-2.977,76.51,128.8,19.74
,-11.749,-3.211,0.672,-10.397,-1.503,-3.905,75.04,134.47,24.15
42401.0,-9.742,-0.522,-5.894,-10.175,1.244,-10.495,103.46,141.47,40.88
,-8.804,0.517,-6.726,-9.816,1.366,-11.357,108.15,138.53,35.7
,-9.04,0.849,-7.485,-7.973,1.687,-10.842,97.3,135.8,28.49
,-9.675,1.802,-9.39,-7.21,1.0,-11.843,94.36,131.95,21.0
42477.0,-6.152,-0.045,-11.606,-4.274,-0.203,-11.577,37.66,77.0,6.93
,-6.217,-0.428,-11.292,-4.312,0.256,-10.349,39.13,64.05,7.14
,-5.441,-0.529,-11.283,-4.214,0.632,-9.651,40.25,49.0,9.8
,-5.171,-0.321,-12.077,-4.695,0.739,-8.598,41.72,31.64,13.93
42553.0,-4.803,1.01,-8.43,-3.257,-0.072,-9.158,8.54,-67.62,28.35
,-4.054,1.285,-9.014,-3.544,-0.538,-8.933,-13.37,-92.05,27.3
,-3.429,0.711,-9.349,-3.843,-1.098,-8.878,-31.22,-108.92,25.34
,-3.137,0.254,-9.198,-3.91,-1.275,-8.82,-43.54,-121.52,21.77
42629.0,-4.307,-0.689,-9.27,-5.166,-0.462,-8.926,-44.45,-185.01,1.4
,-4.324,-0.328,-9.655,-5.154,0.014,-9.081,-41.72,-193.62,0.56
,-4.355,-0.67,-9.296,-4.975,-0.235,-9.275,-39.83,-199.22,1.19
,-4.815,-0.974,-8.916,-4.788,-0.696,-9.292,-37.03,-205.38,1.33
42704.0,-4.937,-1.153,-9.335,-6.157,-1.031,-7.968,-54.88,-229.74,-4.27
,-5.111,-1.563,-8.765,-6.382,-0.57,-7.837,-48.58,-230.86,-3.08
,-5.559,-1.57,-8.739,-6.497,-0.62,-7.545,-39.41,-232.96,-2.45
,-5.654,-1.407,-8.33,-6.939,-0.998,-7.227,-28.77,-233.94,-1.61
42780.0,-7.15,-1.218,-6.688,-8.399,-0.67,-4.728,-9.87,-233.24,2.03
,-7.892,-1.273,-6.406,-8.844,-1.108,-4.094,-3.5,-230.65,3.78
,-7.856,-0.912,-5.956,-8.856,-1.474,-3.037,-0.14,-227.78,4.2
,-8.155,-0.555,-5.41,-8.38,-1.467,-1.187,-0.91,-225.12,3.15
42856.0,-8.672,-0.938,-0.603,-8.062,-0.816,0.495,-7.84,-180.53,3.92
,-8.916,-0.17,-0.744,-8.124,-1.484,0.754,-5.67,-166.95,-0.21
,-8.756,0.165,-0.854,-8.129,-1.89,1.01,-13.09,-152.67,-3.71
,-8.39,-0.225,-0.242,-8.069,-1.694,1.151,-23.17,-137.27,-6.16
42932.0,-7.995,-1.046,1.096,-8.581,-0.177,-0.158,-11.13,-42.98,-2.59
,-8.153,-0.613,1.015,-8.667,0.168,-0.699,-9.73,-22.89,-0.98
,-8.339,-0.593,0.739,-8.703,0.275,-1.194,-10.43,-3.85,0.63
,-8.504,-0.467,0.261,-8.588,0.5,-1.555,-10.22,14.21,2.24
43007.0,-8.586,0.593,-1.974,-15.252,-1.488,-0.376,-24.15,79.24,3.08
,-9.318,0.017,-2.635,-8.478,1.84,-0.541,-30.8,87.29,3.71
,-14.692,-3.869,-2.776,-8.827,-1.199,-0.242,-40.95,81.55,6.44
,-19.414,-6.037,5.932,-9.667,-5.013,0.285,-20.65,57.82,22.05
43083.0,-9.99,-4.951,0.11,-9.493,2.548,-5.14,-29.61,79.59,13.44
,-11.168,-1.488,-0.897,-7.983,2.474,-6.513,2.31,88.76,16.73
,-10.852,1.814,-2.536,-7.385,1.309,-6.609,15.05,91.91,17.22
,-10.4,2.589,-3.934,-8.425,-0.491,-6.152,6.58,89.88,13.23
43158.0,-9.428,-1.318,-5.556,-9.684,0.593,-3.932,-24.15,68.88,6.72
,-9.67,-0.579,-5.48,-9.849,0.055,-3.307,-11.48,64.26,6.02
,-9.325,0.098,-5.004,-9.612,0.024,-2.934,-6.3,59.29,6.51
,-9.232,0.586,-4.451,-9.294,0.519,-3.08,-2.66,54.39,7.07
43234.0,-9.206,1.077,-3.348,-9.476,-0.352,-2.656,-21.0,40.11,0.14
,-9.521,0.809,-3.218,-9.576,-0.608,-2.391,-29.33,36.89,-1.47
,-9.354,0.66,-3.166,-9.667,-0.026,-2.376,-35.84,33.88,-0.98
,-9.232,0.278,-2.974,-9.753,0.711,-2.51,-38.36,31.64,0.14
43310.0,-9.746,1.058,-2.615,-9.38,0.213,-3.881,-19.18,28.07,6.51
,-9.725,1.072,-3.022,-9.373,0.043,-3.798,-22.12,27.23,5.67
,-9.71,0.797,-3.372,-9.454,0.053,-3.707,-24.29,26.18,4.55
,-9.56,0.529,-3.676,-9.524,0.057,-3.58,-24.29,24.64,3.92
43386.0,-9.624,0.175,-3.419,-9.416,0.345,-3.362,-6.37,17.85,5.53
,-9.663,0.349,-3.372,-9.373,0.124,-3.226,-3.22,16.66,5.32
,-9.71,0.366,-3.36,-9.356,-0.01,-3.151,-1.68,15.82,4.9
,-9.452,0.476,-3.393,-9.531,-0.206,-2.917,0.35,14.7,5.11
43462.0,-9.476,0.036,-2.611,-9.43,0.266,-2.276,8.96,12.25,5.25
,-9.452,0.093,-2.355,-9.488,0.225,-2.328,9.24,12.53,5.18
,-9.488,0.211,-2.3,-9.509,-0.022,-2.307,9.17,12.74,4.83
,-9.411,0.297,-2.273,-9.385,-0.232,-2.268,8.89,13.58,4.97
43537.0,-9.387,0.27,-2.589,-9.44,0.333,-3.195,17.71,18.13,7.07
,-9.493,0.256,-2.962,-9.509,0.555,-3.113,17.5,18.69,6.58
,-9.304,-0.036,-2.991,-9.521,0.656,-3.02,16.45,19.18,6.86
,-9.33,0.005,-3.084,-9.399,0.385,-3.01,18.76,19.46,7.28
43613.0,-9.304,0.266,-2.903,-9.5,0.323,-2.8,27.51,19.95,5.88
,-9.349,0.022,-2.84,-9.514,0.165,-2.991,29.12,20.65,6.09
,-9.43,-0.01,-2.74,-9.34,0.077,-3.108,31.43,21.7,6.3
,-9.526,0.168,-2.807,-9.174,-0.029,-3.206,34.51,22.68,6.09
43689.0,-9.225,-0.06,-3.329,-9.174,-0.414,-3.683,44.8,26.74,5.88
,-9.215,0.165,-3.448,-9.213,-0.268,-3.817,47.46,27.23,6.02
,-9.194,0.022,-3.508,-9.038,-0.249,-4.078,48.02,27.65,6.16
,-9.129,-0.361,-3.47,-8.969,-0.227,-4.087,48.51,28.28,6.86
43765.0,-8.94,-0.045,-4.152,-9.182,-0.002,-4.487,60.27,29.26,9.17
,-8.993,-0.031,-4.106,-9.148,-0.151,-4.614,61.6,29.26,9.52
,-9.093,-0.067,-4.245,-8.99,-0.134,-4.513,62.72,29.33,10.01
,-9.215,-0.074,-4.36,-8.928,0.041,-4.396,65.24,29.26,10.5
43840.0,-9.048,0.139,-4.082,-9.253,0.275,-3.611,82.11,29.19,12.04
,-9.361,0.321,-3.908,-9.179,0.242,-3.553,84.28,29.54,11.69
,-9.445,0.297,-3.812,-9.081,0.093,-3.563,85.96,30.31,11.41
,-9.27,0.292,-3.728,-9.069,-0.347,-3.649,87.64,31.29,11.55
43916.0,-9.062,-0.744,-3.874,-9.962,-0.538,-5.832,98.98,36.75,12.39
,-9.112,-0.921,-4.188,-9.864,-0.514,-5.956,101.29,37.59,12.6
,-9.174,-1.103,-4.628,-11.029,0.897,-6.494,104.16,37.87,12.39
,-9.469,-0.981,-5.042,-10.864,0.321,-6.784,107.24,37.59,11.55
43991.0,-8.911,-2.596,-6.82,-8.933,-0.045,-6.458,119.35,30.31,37.38
,-9.122,-3.135,-6.607,-8.234,-0.024,-6.423,141.89,28.98,39.76
,-9.009,-1.4,-6.679,-7.715,-0.797,-6.75,157.99,25.69,41.58
,-8.813,-0.146,-6.643,-7.676,-2.029,-6.851,159.6,22.05,44.17
44067.0,-7.418,-3.372,-6.155,-6.901,-2.431,-7.334,152.95,2.45,69.44
,-7.15,-3.29,-6.832,-7.239,-1.039,-6.657,176.19,0.84,77.35
,-6.951,-2.915,-7.722,-7.203,0.529,-6.698,197.82,-0.14,85.26
,-7.026,-2.852,-7.777,-7.291,0.998,-6.604,213.29,-0.91,93.24
44143.0,-7.31,0.761,-6.212,-7.514,-0.261,-5.118,219.38,-9.59,108.15
,-7.279,0.261,-5.401,-7.633,-1.039,-4.645,206.92,-10.71,107.8
,-7.385,0.364,-5.248,-7.865,-1.713,-4.558,202.23,-11.2,106.26
,-7.416,0.443,-5.611,-8.124,-2.395,-4.491,200.76,-10.71,104.44
44219.0,-8.375,-3.029,-4.243,-8.978,-3.35,-4.269,205.94,-5.18,93.94
,-8.354,-3.412,-4.417,-9.095,-3.128,-4.235,209.65,-4.34,91.42
,-8.461,-3.618,-4.343,-9.086,-2.635,-4.152,213.78,-3.57,89.32
,-8.555,-3.551,-4.235,-8.947,-2.271,-4.066,218.82,-2.73,87.5
44294.0,-9.005,-2.01,-3.862,-9.435,-1.579,-3.783,209.51,-5.53,70.7
,-9.194,-1.905,-3.719,-9.38,-1.4,-3.62,203.91,-6.23,66.29
,-9.564,-1.807,-3.857,-9.399,-1.448,-3.386,198.1,-7.91,60.97
,-9.552,-1.747,-3.877,-9.428,-1.531,-3.104,191.38,-10.64,55.86
44370.0,-9.404,-1.431,-2.855,-8.957,-1.096,-2.051,164.43,-22.12,37.94
,-9.438,-1.321,-2.702,-8.78,-1.089,-2.115,163.17,-23.38,35.91
,-9.45,-1.283,-2.505,-8.83,-1.031,-2.268,162.68,-24.57,33.95
,-9.328,-1.153,-2.304,-8.933,-0.907,-2.491,162.19,-24.92,32.41
44446.0,-9.019,-0.68,-2.548,-8.626,0.089,-2.324,187.46,-17.57,40.32
,-8.997,-0.426,-2.548,-8.641,0.376,-2.288,193.55,-16.03,42.98
,-8.815,-0.266,-2.493,-8.552,0.766,-1.883,198.59,-13.86,45.78
,-8.674,-0.127,-2.503,-8.559,0.723,-1.869,203.35,-11.62,48.58
44522.0,-8.641,0.479,-2.12,-8.662,1.266,-2.486,207.9,2.8,59.01
,-8.55,0.447,-2.3,-8.744,1.785,-2.405,206.43,5.32,60.48
,-8.507,0.632,-2.453,-8.782,2.441,-2.314,204.61,7.49,61.81
,-8.607,0.881,-2.546,-8.859,3.005,-2.335,201.6,9.66,63.0
44598.0,-8.904,3.125,-2.19,-9.485,2.12,-1.055,155.47,17.08,52.71
,-9.038,2.998,-1.941,-10.462,1.132,-0.366,137.55,18.41,48.23
,-9.091,2.843,-1.618,-11.929,-0.036,0.909,120.26,20.51,43.33
,-9.072,2.706,-1.457,-12.663,0.816,2.331,101.92,23.24,38.43
44673.0,-13.419,3.116,2.333,-9.672,2.032,-1.744,27.44,26.74,26.39
,-13.568,3.314,1.63,-8.82,-0.091,-2.783,4.06,21.49,13.72
,-12.596,3.206,0.493,-8.763,-2.091,-3.273,-28.49,19.32,5.88
,-11.266,2.936,-0.814,-9.028,-2.977,-3.568,-56.98,21.07,3.15
44749.0,-8.82,-2.644,-3.637,-8.89,-0.479,-5.226,-39.2,45.71,4.69
,-8.447,-2.309,-4.322,-9.574,-0.452,-4.496,-15.4,45.08,9.59
,-8.552,-1.898,-5.681,-9.698,0.517,-4.001,3.29,43.05,13.02
,-8.526,-1.039,-5.812,-9.574,1.35,-3.905,14.14,39.2,17.5
44824.0,-9.576,1.711,-3.893,-9.363,0.311,-3.558,-6.3,25.27,6.58
,-9.433,2.376,-3.991,-9.433,-0.029,-3.506,-20.58,22.4,3.71
,-9.304,2.209,-3.958,-9.469,-0.349,-3.544,-34.93,19.95,3.01
,-9.34,1.036,-3.766,-9.407,-0.433,-3.585,-41.23,18.06,4.27
44900.0,-9.318,-0.282,-3.774,-8.99,-0.201,-4.137,-4.76,15.89,16.31
,-9.306,-0.05,-4.025,-9.083,-0.78,-3.821,-3.57,14.91,15.96
,-9.208,0.053,-4.097,-9.174,-0.598,-3.623,-5.46,13.65,15.68
,-8.993,0.158,-4.204,-9.368,0.038,-3.489,-8.05,12.04,15.4
44976.0,-9.399,0.845,-3.388,-9.402,0.885,-3.092,11.27,9.94,19.39
,-9.344,1.213,-3.163,-9.512,0.797,-3.192,10.57,9.66,19.04
,-9.292,1.321,-3.226,-9.428,0.713,-3.376,8.82,9.52,18.27
,-9.261,1.094,-3.084,-9.308,0.495,-3.41,7.42,9.66,17.78
45052.0,-9.263,0.424,-3.391,-9.217,1.106,-3.9,27.23,12.67,18.13
,-9.33,0.615,-3.446,-9.328,0.933,-4.133,32.9,13.37,18.27
,-9.373,0.988,-3.635,-9.249,0.957,-4.353,36.33,13.58,17.57
,-9.284,1.084,-3.762,-9.134,0.974,-4.506,36.12,13.23,16.66
45127.0,-9.055,0.83,-4.652,-9.196,1.027,-4.18,34.86,9.03,14.28
,-9.002,0.794,-4.702,-9.153,0.969,-3.994,34.58,7.77,14.14
,-9.076,0.854,-4.592,-9.146,1.024,-3.8,33.53,6.37,14.0
,-9.203,1.043,-4.475,-9.182,1.156,-3.601,32.62,5.18,13.51
45203.0,-9.275,1.362,-3.534,-9.344,1.522,-3.206,34.51,2.73,12.88
,-9.347,1.515,-3.611,-9.361,1.244,-3.137,35.77,2.94,12.81
,-9.268,1.374,-3.381,-9.28,1.323,-3.139,35.56,3.43,12.6
,-9.258,1.472,-3.25,-9.263,1.151,-3.07,35.77,3.92,12.32
45279.0,-9.294,0.902,-2.95,-9.308,0.646,-2.869,38.64,7.56,10.01
,-9.301,0.799,-2.735,-9.34,0.424,-2.883,39.41,8.54,9.66
,-9.301,0.938,-2.876,-9.229,0.514,-2.97,39.83,9.52,9.17
,-9.32,0.924,-2.927,-9.256,0.558,-2.96,38.92,10.92,8.68
45355.0,-9.313,0.431,-2.96,-9.229,0.866,-2.778,37.66,17.36,7.84
,-9.313,0.471,-2.826,-9.162,0.562,-2.886,37.73,18.69,7.63
,-9.263,0.785,-2.852,-9.165,0.5,-2.953,36.82,20.16,7.49
,-9.131,0.964,-2.819,-9.167,0.792,-3.125,34.79,21.42,7.28
45430.0,-9.134,1.005,-3.156,-9.143,-0.756,-3.427,25.55,27.58,4.97
,-9.225,0.928,-3.245,-8.973,0.177,-3.604,20.72,28.56,4.2
,-9.232,0.536,-3.352,-8.753,0.981,-3.695,15.54,29.68,3.64
,-8.978,-0.294,-3.36,-8.887,0.936,-3.589,12.6,30.87,3.92
45506.0,-8.837,0.67,-3.611,-9.048,0.522,-4.956,7.84,36.05,4.48
,-8.976,0.392,-3.728,-9.028,0.342,-4.561,7.84,37.87,4.9
,-8.928,0.383,-3.972,-8.65,1.943,-5.793,11.27,39.06,5.74
,-9.031,0.543,-4.451,-9.756,1.249,-5.47,14.49,40.11,6.58
45582.0,-9.134,-0.012,-5.446,-10.014,-1.115,-5.58,42.84,43.47,13.44
,-9.337,-0.069,-5.879,-10.916,0.503,-5.209,49.14,43.54,12.88
,-9.648,-0.048,-5.86,-11.883,1.328,-5.013,50.68,43.4,12.11
,-9.806,-1.015,-5.671,-10.546,-0.727,-4.159,53.13,44.03,11.06
45657.0,-9.799,-1.78,-3.254,-10.141,0.38,-2.544,43.68,48.93,0.63
,-10.158,0.096,-2.656,-9.742,-0.677,-2.489,51.52,51.73,1.05
,-10.402,1.663,-2.644,-9.665,-0.699,-2.529,51.24,54.53,-1.47
,-10.366,1.539,-2.632,-9.624,-0.223,-2.895,41.79,56.84,-5.18
45733.0,-9.584,-0.218,-3.154,-9.112,-1.809,-3.812,39.76,74.41,-4.69
,-9.49,-0.668,-3.398,-9.05,-1.998,-3.623,40.32,77.35,-3.85
,-9.361,-1.024,-3.692,-9.014,-1.996,-3.333,42.28,80.29,-2.45
,-9.189,-1.321,-3.877,-8.923,-2.158,-2.924,44.52,83.3,-0.63
45809.0,-8.854,-2.402,-2.292,-9.277,-2.235,-3.338,62.51,98.0,17.36
,-8.988,-2.766,-1.847,-9.296,-2.185,-4.513,67.34,102.55,23.45
,-9.189,-2.745,-2.036,-8.861,-2.065,-5.458,76.65,107.24,28.84
,-9.139,-2.367,-2.742,-8.437,-1.409,-6.181,86.24,111.3,33.67
45885.0,-8.284,-0.414,-7.655,-8.866,-0.077,-9.856,115.22,120.68,37.31
,-8.289,0.285,-8.265,-8.373,-0.287,-9.902,111.72,121.8,34.79
,-8.641,0.414,-8.94,-7.131,0.261,-9.273,105.7,122.15,32.55
,-9.036,0.201,-9.411,-6.664,0.455,-9.615,98.0,119.98,30.59
45960.0,-6.308,-0.014,-9.287,-6.222,-0.503,-9.019,57.19,73.5,24.22
,-6.341,-0.144,-9.021,-5.913,-0.323,-9.186,49.7,62.51,24.15
,-6.104,-0.208,-9.036,-6.023,-0.433,-9.136,40.18,50.47,25.76
,-5.839,-0.565,-8.603,-6.116,-0.168,-8.332,32.48,39.27,29.12
46036.0,-6.111,-0.022,-7.674,-5.262,-0.988,-8.011,10.5,-39.41,39.2
,-6.257,-0.096,-7.538,-5.413,-1.345,-8.138,-4.41,-57.61,38.71
,-6.006,-0.345,-7.928,-4.934,-1.508,-7.937,-18.55,-74.55,37.66
,-5.461,-0.778,-8.122,-5.154,-1.402,-7.806,-27.16,-88.97,36.68
46112.0,-5.276,-1.046,-8.047,-5.82,-0.761,-8.15,-19.11,-142.31,34.51
,-5.494,-0.897,-8.093,-5.8,-0.682,-8.124,-16.8,-150.29,34.3
,-5.587,-0.814,-8.143,-5.733,-0.603,-8.066,-15.47,-158.69,34.65
,-5.781,-0.869,-8.138,-5.719,-0.687,-7.978,-14.35,-166.6,35.77
46188.0,-6.073,-0.593,-7.851,-6.856,0.354,-7.696,-18.9,-190.96,37.73
,-6.703,-0.55,-7.667,-6.99,0.436,-7.566,-18.27,-193.83,37.38
,-6.889,-0.122,-7.653,-7.327,0.333,-7.251,-18.27,-196.14,36.61
,-6.81,0.194,-7.684,-7.53,0.108,-6.918,-19.95,-197.54,35.28
46263.0,-7.435,-0.012,-6.789,-8.366,-0.603,-5.686,-33.11,-200.83,21.07
,-7.667,-0.146,-6.633,-8.567,-0.981,-5.126,-34.58,-200.55,18.83
,-7.952,-0.359,-6.305,-8.964,-1.366,-4.523,-36.54,-200.13,17.85
,-8.217,-0.388,-6.085,-9.22,-1.575,-3.958,-39.06,-199.22,16.87
46339.0,-9.591,-1.57,-3.735,-9.55,-0.342,-0.924,-44.8,-182.98,20.51
,-9.399,-1.342,-2.948,-9.301,0.165,-1.129,-46.13,-177.03,21.91
,-8.957,-1.098,-1.811,-8.909,0.148,-1.015,-48.51,-168.28,22.89
,-9.002,-0.701,-0.871,-8.251,-0.433,0.522,-47.74,-156.87,21.91
46414.0,-8.16,-0.945,0.574,-7.961,-1.548,1.352,-85.61,-95.62,0.07
,-7.973,-1.419,0.926,-8.059,-1.596,1.098,-88.13,-78.68,-1.96
,-7.854,-1.685,1.342,-8.066,-1.328,0.711,-87.15,-60.97,-3.01
,-7.801,-1.486,1.323,-8.263,-0.78,0.16,-84.0,-42.84,-3.43
46490.0,-8.404,-0.455,-0.426,-15.475,-4.511,-0.782,-67.62,42.7,-0.7
,-8.208,-0.28,-0.878,-19.323,-5.164,3.989,-67.76,56.42,-0.28
,-8.33,-0.297,-1.263,-14.192,-0.895,0.524,-67.69,68.04,0.07
,-9.488,-0.964,-1.761,-9.1,0.376,0.237,-66.99,77.14,0.91
46566.0,-8.873,-3.75,1.469,-10.1,1.548,-5.3,-69.79,73.01,-9.87
,-9.308,-6.04,3.221,-8.294,1.857,-7.052,-60.13,89.39,4.41
,-11.689,-3.001,0.369,-6.281,3.266,-7.411,-24.78,113.75,23.24
,-12.582,1.381,-1.862,-4.64,4.125,-8.325,2.52,134.89,24.99
46642.0,-5.619,2.905,-9.241,-10.646,-0.316,-5.755,-44.52,80.29,-3.36
,-7.392,1.582,-8.574,-10.065,-1.713,-4.941,-44.87,74.55,4.06
,-8.737,1.543,-6.805,-9.617,-2.572,-3.731,-33.95,69.86,7.56
,-10.215,1.18,-6.377,-9.636,-1.953,-2.912,-28.77,63.49,4.34
46718.0,-9.478,-0.591,-2.876,-9.265,1.718,-4.566,-7.14,54.67,5.53
,-8.806,0.613,-3.132,-9.107,0.916,-4.774,-7.42,54.11,1.4
,-8.67,1.199,-3.661,-9.213,0.112,-4.805,-12.32,52.5,-1.4
,-9.351,1.441,-3.996,-9.356,-0.029,-4.738,-19.67,49.77,-1.68
46793.0,-9.49,0.357,-4.59,-9.203,0.034,-4.008,6.09,35.84,9.8
,-9.471,0.404,-4.286,-9.335,-0.045,-3.841,9.8,34.02,10.92
,-9.32,0.321,-4.118,-9.524,0.098,-3.826,10.29,31.92,10.36
,-9.162,0.28,-4.025,-9.555,0.263,-3.893,7.84,30.45,8.61
46869.0,-9.474,0.318,-3.829,-9.143,0.378,-4.288,8.82,25.97,9.38
,-9.296,0.694,-3.948,-9.21,0.065,-4.19,14.98,24.92,10.22
,-9.239,0.787,-4.214,-9.313,0.421,-4.133,17.92,23.38,9.8
,-9.16,0.754,-4.348,-9.318,0.648,-4.235,16.73,21.84,9.1
46945.0,-9.213,1.134,-4.221,-9.244,1.271,-3.721,12.53,15.89,6.16
,-9.198,1.417,-4.19,-9.148,0.672,-3.496,11.06,14.56,5.53
,-9.306,1.577,-3.989,-9.16,0.44,-3.36,8.33,13.37,4.76
,-9.22,1.515,-3.877,-9.057,0.313,-3.19,3.99,12.39,4.2
47021.0,-9.139,0.512,-3.166,-9.485,0.371,-2.845,-4.97,14.0,5.18
,-9.397,0.608,-3.25,-9.459,0.464,-2.687,-5.95,14.91,5.04
,-9.466,0.577,-3.147,-9.22,0.33,-2.505,-7.35,16.03,4.41
,-9.418,0.385,-2.907,-9.215,0.244,-2.422,-7.35,17.43,4.2
47096.0,-9.373,0.263,-2.383,-9.256,0.644,-1.563,-2.94,26.25,5.32
,-9.45,0.258,-2.221,-9.44,0.625,-1.591,-3.01,28.42,5.11
,-9.385,0.093,-1.933,-9.447,0.409,-1.706,-2.24,31.08,5.18
,-9.332,0.392,-1.744,-9.471,0.244,-1.95,0.14,34.09,5.53
47172.0,-9.466,0.005,-2.161,-9.421,0.007,-3.379,7.84,49.77,5.88
,-9.337,-0.141,-2.381,-9.543,-0.235,-3.786,10.71,52.92,6.02
,-9.275,0.268,-2.752,-9.718,-0.33,-4.128,13.09,55.79,5.88
,-9.313,0.419,-3.084,-9.61,-0.261,-4.53,12.04,58.1,5.6
47247.0,-9.914,0.483,-4.523,-9.505,0.364,-4.365,21.35,67.27,9.52
,-9.21,0.254,-4.41,-9.591,0.017,-4.389,21.21,68.81,7.77
,-9.371,0.433,-4.53,-9.67,-0.034,-4.369,23.03,70.0,5.04
,-9.227,1.062,-4.503,-9.849,0.211,-4.295,19.74,70.77,3.01
47323.0,-10.084,1.153,-4.204,-9.734,-2.651,-2.154,22.19,79.66,-0.56
,-11.345,4.118,-4.609,-10.239,-0.378,-1.919,24.85,80.99,-4.2
,-11.725,2.065,-4.221,-10.474,-0.577,-2.0,11.13,82.32,-9.52
,-10.081,-2.474,-3.01,-10.153,-1.565,-2.118,4.83,86.59,-8.54
47399.0,-10.246,-1.816,-2.201,-12.469,-3.027,0.163,43.12,113.12,1.68
,-10.751,-1.788,-2.407,-12.252,-3.013,0.522,46.97,117.95,3.71
,-11.278,-2.496,-1.359,-11.991,-2.589,-0.794,54.88,123.55,8.19
,-12.158,-3.235,-0.512,-11.625,-2.508,-1.01,66.15,129.71,14.35
47475.0,-11.491,-2.134,-2.431,-10.151,2.022,-9.663,100.31,151.48,47.39
,-10.835,-1.766,-3.422,-11.125,0.744,-10.658,111.86,151.83,49.7
,-9.402,-0.67,-4.673,-10.424,0.96,-11.239,120.82,152.6,45.36
,-8.904,1.438,-6.607,-9.6,1.725,-11.371,129.92,153.51,37.73
47550.0,-8.619,1.912,-11.228,-5.463,-1.902,-12.084,60.97,107.52,14.7
,-7.248,1.955,-11.45,-5.195,-1.816,-11.376,49.21,92.05,16.24
,-6.485,0.608,-11.675,-5.164,-0.995,-10.361,28.91,75.74,14.63
,-5.65,-1.144,-11.869,-5.236,-0.067,-10.077,16.1,61.11,12.18
47626.0,-5.08,0.438,-9.497,-4.099,-0.361,-9.093,26.32,-20.02,30.73
,-5.408,0.495,-8.88,-3.75,-1.12,-9.072,13.51,-40.88,32.55
,-5.353,0.323,-8.485,-3.63,-1.646,-9.136,-3.5,-65.1,31.85
,-4.769,0.433,-8.734,-3.379,-1.91,-9.012,-19.67,-87.78,31.01
47702.0,-3.111,-1.835,-9.028,-3.046,-1.4,-8.947,-35.49,-162.89,25.97
,-2.907,-1.692,-9.124,-3.814,-1.158,-8.698,-32.06,-175.56,25.27
,-3.092,-1.737,-8.923,-4.049,-0.495,-8.643,-27.16,-187.74,24.85
,-2.869,-1.522,-9.086,-4.396,-0.041,-9.028,-19.46,-200.48,23.24
47778.0,-4.269,-0.12,-9.466,-4.905,-2.17,-8.236,-24.71,-249.55,21.98
,-4.061,-0.931,-8.973,-5.451,-1.795,-8.435,-30.52,-256.06,24.64
,-3.908,-1.845,-8.488,-5.829,-0.991,-8.72,-28.35,-259.77,24.22
,-4.245,-2.137,-8.267,-6.339,-0.242,-8.744,-20.3,-262.64,22.89
47854.0,-6.626,0.129,-8.825,-9.05,1.216,-6.647,14.49,-269.29,24.22
,-7.071,0.459,-8.926,-8.772,1.35,-5.185,12.81,-270.06,23.94
,-7.667,0.792,-8.54,-8.65,0.972,-2.816,8.4,-270.69,23.73
,-8.784,0.936,-7.662,-8.983,0.543,-1.457,1.19,-269.99,21.98
47929.0,-9.82,0.548,-1.776,-6.963,-2.125,2.058,-36.05,-227.29,-16.59
,-8.827,0.995,-0.299,-6.913,-1.9,3.149,-43.89,-211.4,-22.54
,-8.488,-0.187,0.62,-7.152,-1.182,3.865,-59.99,-190.26,-23.87
,-7.978,-1.905,1.137,-7.198,-0.414,4.302,-75.46,-164.43,-23.31
48005.0,-7.083,0.869,3.57,-7.545,2.091,-1.254,-51.52,2.94,3.29
,-7.289,1.819,2.383,-8.6,1.438,-2.268,-55.65,33.74,5.39
,-7.495,2.319,1.067,-17.693,-3.783,-2.132,-65.66,60.76,5.95
,-7.428,2.412,-0.086,-23.972,-8.339,6.32,-76.72,83.86,5.46
48080.0,-14.74,-3.556,-0.108,-10.287,-2.414,-3.609,-69.58,62.3,-6.3
,-6.1,-1.464,0.96,-9.615,4.111,-7.753,-99.47,76.58,-9.94
,-8.997,-4.908,0.826,-8.775,4.776,-8.32,-132.58,95.27,-3.64
,-8.464,-6.803,-1.022,-7.978,2.438,-9.957,-117.46,120.4,4.76
48156.0,-5.006,1.426,-10.141,-9.914,-1.182,-7.423,-88.13,105.07,-9.03
,-4.078,1.661,-9.72,-9.765,-1.005,-6.226,-79.87,98.63,2.17
,-7.329,0.598,-8.918,-10.357,-2.558,-4.712,-62.16,94.85,8.19
,-10.077,-1.127,-8.457,-9.947,-1.524,-3.987,-47.67,87.71,5.32
48232.0,-8.576,1.419,-3.908,-8.612,0.83,-4.518,1.47,62.72,11.9
,-7.873,1.831,-4.276,-9.234,-0.543,-4.307,-17.78,59.43,2.24
,-9.502,1.015,-4.547,-9.576,-0.895,-4.214,-36.75,57.33,-0.42
,-8.863,1.254,-4.676,-9.445,-0.526,-3.965,-50.12,53.76,1.33
48308.0,-9.505,0.254,-3.683,-9.289,0.428,-4.269,-3.78,43.75,14.21
,-9.426,0.952,-3.812,-9.349,0.194,-4.582,3.5,42.35,14.56
,-9.299,1.05,-3.92,-9.301,0.007,-4.949,3.5,41.02,13.72
,-9.246,0.773,-4.046,-9.117,-0.34,-5.154,-0.91,39.13,12.39
48383.0,-8.93,-0.579,-5.013,-9.122,0.823,-4.283,0.7,30.1,7.77
,-9.083,-0.426,-4.877,-9.107,0.833,-3.975,6.79,28.14,8.33
,-9.21,-0.036,-4.678,-9.182,0.869,-3.659,10.92,25.9,7.56
,-9.265,0.426,-4.456,-9.454,0.629,-3.376,11.34,23.8,5.95
48459.0,-9.452,0.668,-3.082,-9.155,0.653,-3.135,-5.39,20.58,5.53
,-9.325,0.806,-2.759,-9.27,0.019,-2.883,-3.64,21.35,5.53
,-9.316,1.216,-2.881,-9.21,-0.105,-3.166,-2.73,21.91,4.69
,-9.165,1.187,-3.266,-9.246,-0.074,-3.539,-5.18,22.89,4.48
48534.0,-9.153,-0.218,-3.683,-9.158,0.158,-3.771,-7.35,27.79,5.39
,-9.112,-0.203,-3.934,-9.148,0.696,-3.802,-6.51,28.63,5.6
,-9.06,-0.175,-4.154,-9.064,0.881,-3.879,-5.18,29.4,5.95
,-9.153,-0.215,-3.833,-9.098,0.402,-3.558,-6.23,30.17,6.02
48610.0,-8.961,0.328,-3.285,-9.131,0.182,-3.848,-9.52,34.37,4.83
,-8.947,0.656,-3.429,-9.313,0.089,-3.888,-5.67,35.7,5.11
,-9.091,0.694,-3.563,-9.395,0.084,-3.666,-3.29,37.03,4.83
,-9.122,0.395,-3.711,-9.502,0.313,-3.62,-0.56,38.78,4.97
48686.0,-9.579,0.404,-3.582,-9.72,-0.024,-2.668,19.32,47.46,10.15
,-9.651,0.194,-3.558,-9.88,-0.739,-2.584,19.53,49.14,10.36
,-10.074,-0.316,-3.216,-9.596,0.012,-2.685,20.16,52.5,12.25
,-9.541,1.161,-2.984,-9.878,-0.572,-2.685,25.13,54.39,16.17
48762.0,-9.797,-0.558,-2.857,-10.132,-0.4,-4.535,26.53,72.31,5.18
,-9.871,-0.282,-3.278,-10.83,2.41,-4.616,26.18,75.88,2.66
,-9.969,-0.172,-3.8,-11.888,2.85,-5.642,23.8,78.96,0.07
,-10.012,-0.294,-4.171,-10.419,-1.517,-4.743,21.7,81.9,-1.4
48838.0,-9.947,-2.929,-3.661,-9.698,-1.833,-2.692,17.92,93.8,-7.77
,-9.928,-0.203,-3.07,-10.1,-1.883,-2.154,34.09,97.51,-4.41
,-10.316,0.313,-2.8,-10.526,-2.103,-1.278,34.23,100.52,-3.43
,-10.17,-1.225,-2.465,-11.218,-2.883,-0.687,29.61,104.65,-2.66
48913.0,-11.965,-3.245,-0.101,-10.847,-2.994,-1.768,74.06,133.77,24.57
,-12.02,-3.214,0.579,-10.187,-1.646,-3.932,83.72,140.28,33.11
,-11.945,-3.295,0.089,-9.249,-0.548,-5.056,92.47,146.09,42.77
,-11.529,-3.281,-0.694,-8.612,0.364,-6.657,104.93,150.5,53.34
48989.0,-8.815,1.797,-8.923,-8.756,1.443,-12.711,159.04,141.54,41.23
,-10.517,1.567,-11.105,-7.631,0.323,-11.876,133.14,131.53,25.69
,-10.081,1.539,-11.68,-6.647,-0.347,-11.357,108.22,121.45,19.04
,-9.603,1.85,-12.814,-5.958,-0.299,-11.156,92.89,111.44,20.65
49065.0,-5.269,-0.696,-11.776,-5.351,0.869,-8.961,32.83,46.9,24.99
,-4.427,-0.78,-12.412,-5.686,1.074,-9.28,23.31,36.68,25.83
,-4.154,-0.16,-11.44,-5.587,0.797,-8.433,19.25,26.46,27.65
,-4.714,0.328,-9.746,-6.073,0.237,-8.538,11.9,11.62,28.77
49141.0,-4.745,-0.084,-8.961,-3.039,-1.945,-9.129,-68.04,-98.21,25.9
,-4.185,-0.806,-8.909,-3.001,-2.146,-9.265,-73.5,-113.68,25.83
,-4.073,-1.268,-8.94,-3.324,-2.304,-8.818,-75.88,-127.89,24.43
,-3.805,-1.56,-9.174,-3.357,-2.125,-8.725,-78.05,-142.8,21.07
49216.0,-3.759,-1.85,-8.581,-3.757,-0.802,-8.949,-39.55,-199.5,17.99
,-4.329,-1.393,-8.447,-4.106,-1.374,-8.861,-34.16,-208.53,18.83
,-4.295,-0.756,-8.837,-4.171,-1.701,-9.076,-35.91,-217.98,19.46
,-3.771,-0.354,-9.189,-4.281,-1.811,-9.318,-43.96,-227.01,20.3
49292.0,-4.427,-1.833,-9.428,-6.162,-0.957,-8.002,-35.7,-260.54,21.35
,-4.86,-2.082,-8.859,-6.76,-0.699,-7.825,-25.9,-263.9,22.61
,-5.372,-1.941,-8.423,-7.523,-0.457,-7.514,-16.1,-268.24,21.77
,-5.666,-1.354,-8.217,-8.296,0.005,-7.148,-8.68,-271.53,20.86
49367.0,-9.328,0.302,-6.48,-9.763,-0.871,-0.799,-13.37,-270.34,14.49
,-9.481,-0.239,-4.889,-9.263,0.345,-0.462,-24.64,-265.09,10.29
,-8.859,-1.01,-2.094,-8.78,0.189,0.038,-33.6,-255.01,5.39
,-8.851,-1.35,0.11,-8.143,-0.912,0.553,-27.93,-238.63,0.35
49443.0,-7.272,-2.063,1.493,-7.533,-0.895,2.979,-69.93,-140.84,-19.95
,-7.028,-2.623,2.448,-7.653,-0.412,2.204,-65.24,-112.35,-16.45
,-7.262,-2.455,3.082,-7.885,0.328,1.132,-53.76,-82.18,-13.58
,-7.349,-1.275,3.159,-8.093,0.938,-0.053,-45.08,-51.24,-11.2
49519.0,-8.126,1.213,-1.362,-19.249,-8.129,3.211,-56.21,79.66,-5.04
,-8.165,0.878,-2.704,-16.609,-2.58,1.563,-60.76,95.69,-5.18
,-8.488,0.026,-3.92,-9.555,1.046,-0.687,-60.69,107.59,-3.71
,-12.754,-3.891,-5.329,-11.199,-1.278,-0.828,-59.85,107.31,1.54
49595.0,-10.713,-4.314,-1.687,-7.664,3.23,-6.894,-21.42,107.17,16.66
,-11.017,-2.778,-3.235,-7.162,1.943,-7.932,-0.98,113.26,23.52
,-9.883,1.06,-5.444,-6.652,1.019,-8.392,24.64,117.04,25.27
,-8.435,3.226,-5.98,-7.009,1.194,-8.071,34.86,116.2,24.43
49670.0,-8.258,1.474,-7.854,-9.931,-0.694,-4.494,-20.37,77.77,2.94
,-9.493,1.108,-7.669,-10.01,-0.931,-3.75,-29.05,71.26,-5.04
,-9.17,0.505,-6.679,-9.84,-0.574,-3.238,-35.84,63.0,-7.14
,-9.361,-0.325,-5.489,-8.782,0.022,-2.91,-39.34,55.37,-5.46
49746.0,-8.863,-0.268,-2.84,-9.502,1.369,-3.441,-32.27,45.36,1.05
,-9.586,0.708,-3.147,-9.576,0.51,-3.728,-19.95,43.75,3.64
,-9.634,2.278,-3.489,-9.414,-0.136,-3.965,-14.84,41.86,5.32
,-9.555,2.446,-3.549,-9.363,-0.266,-4.068,-19.11,39.76,6.09
49822.0,-9.332,0.115,-4.448,-9.423,0.696,-4.712,-0.91,33.04,8.4
,-9.311,0.598,-4.695,-9.361,0.244,-4.75,3.01,31.43,8.61
,-9.294,0.797,-4.709,-9.244,-0.146,-4.515,2.59,29.47,8.68
,-9.332,0.78,-4.637,-9.332,-0.316,-4.35,1.61,27.23,8.68
49898.0,-9.335,-0.275,-4.13,-9.414,0.888,-3.171,15.61,17.71,12.18
,-9.407,0.132,-4.03,-9.471,1.192,-3.084,19.53,16.38,12.46
,-9.328,0.397,-3.702,-9.469,1.338,-2.984,19.39,15.4,12.11
,-9.34,0.687,-3.257,-9.445,1.479,-2.816,17.78,14.56,11.27
49974.0,-9.385,1.522,-2.618,-9.426,0.972,-2.541,11.83,13.65,7.63
,-9.347,1.484,-2.532,-9.407,0.859,-2.702,10.92,14.21,7.35
,-9.363,1.263,-2.443,-9.359,0.739,-2.793,9.73,14.42,7.0
,-9.438,0.979,-2.386,-9.378,0.565,-2.869,8.33,15.12,6.65
50049.0,-9.258,0.357,-2.857,-9.213,0.354,-2.967,-3.15,18.76,5.88
,-9.39,0.601,-3.099,-9.196,0.347,-2.919,-3.15,19.81,5.88
,-9.304,0.591,-3.116,-9.225,0.45,-2.891,-3.64,20.51,5.88
,-9.284,0.369,-3.041,-9.208,0.5,-2.505,-5.32,21.63,5.88
50125.0,-9.33,0.704,-2.302,-9.217,0.156,-1.46,-0.28,28.56,6.58
,-9.32,0.613,-1.91,-9.251,0.313,-1.586,-1.33,30.87,6.72
,-9.296,0.306,-1.558,-9.11,0.708,-1.957,-1.4,33.11,6.79
,-9.246,0.053,-1.326,-9.21,0.849,-2.257,0.14,35.84,6.93
50200.0,-9.249,0.61,-2.436,-9.284,0.761,-4.14,-3.01,49.42,4.83
,-9.201,0.462,-2.74,-9.316,0.845,-4.623,-3.57,51.73,4.97
,-9.249,0.481,-3.089,-9.296,0.998,-5.044,-1.26,54.04,5.39
,-9.289,0.546,-3.515,-9.33,0.835,-5.391,2.52,55.86,5.88
50276.0,-9.421,0.488,-5.42,-9.806,2.032,-4.31,15.26,57.75,6.37
,-9.512,0.459,-5.236,-9.548,0.254,-4.063,19.81,57.75,7.14
,-9.931,0.637,-5.219,-9.292,0.876,-4.188,22.54,58.66,8.75
,-8.698,1.541,-4.779,-9.696,0.794,-4.216,25.69,58.17,13.51
50352.0,-10.586,3.352,-4.468,-10.055,-0.495,-3.594,32.13,64.33,5.6
,-11.61,2.893,-4.86,-10.433,-0.28,-3.534,21.21,64.75,-0.84
,-10.383,-1.316,-4.422,-10.005,-1.268,-3.403,8.89,66.78,-3.43
,-9.928,-2.532,-3.807,-9.629,-2.158,-3.443,16.38,70.35,-0.84
50428.0,-9.713,-2.058,-3.364,-9.866,-2.484,-3.044,26.67,85.96,1.89
,-10.012,-1.512,-3.398,-9.909,-2.697,-2.699,30.24,89.18,2.17
,-10.024,-1.457,-3.453,-10.191,-3.238,-1.673,31.29,92.47,2.31
,-9.89,-2.108,-3.218,-10.352,-3.434,-1.048,32.41,96.04,3.64
50503.0,-10.435,-2.469,-1.632,-9.373,-0.782,-4.145,96.95,123.48,36.26
,-10.455,-2.357,-0.95,-8.703,-0.768,-5.755,108.29,128.87,42.56
,-10.414,-1.819,-1.431,-8.021,-0.426,-6.171,116.9,133.21,46.41
,-9.852,-0.766,-3.393,-8.186,0.402,-7.746,125.44,135.24,48.16
50579.0,-8.667,1.438,-8.847,-7.535,0.89,-10.768,114.94,128.87,20.02
,-9.241,1.893,-10.665,-5.958,0.244,-10.711,103.53,122.57,13.44
,-9.206,1.531,-10.814,-5.853,-0.335,-10.519,82.32,114.8,8.4
,-8.404,0.988,-9.837,-5.465,-0.675,-10.854,60.34,104.23,5.18
50655.0,-5.492,-0.787,-10.766,-4.929,-0.165,-9.048,39.62,37.31,7.14
,-5.367,-0.153,-10.916,-4.681,0.278,-9.119,48.72,20.16,13.02
,-5.384,-0.06,-9.983,-4.216,0.675,-9.064,50.89,1.82,18.06
,-5.451,-0.306,-9.366,-3.979,0.897,-8.985,45.99,-20.37,21.07
50731.0,-3.932,0.67,-9.112,-5.255,0.019,-8.739,-15.26,-113.68,5.6
,-4.279,0.27,-8.526,-5.195,-0.335,-8.815,-25.27,-127.33,1.82
,-5.011,0.299,-8.581,-4.884,-0.34,-8.923,-31.99,-142.59,-2.59
,-5.209,0.33,-8.693,-4.987,-0.172,-8.679,-36.89,-156.8,-5.39
50806.0,-5.602,0.232,-8.308,-5.973,-0.273,-8.665,-30.94,-197.19,-11.13
,-5.908,0.469,-8.433,-6.009,-0.634,-8.27,-38.99,-204.12,-15.19
,-5.975,0.302,-8.708,-6.516,-0.656,-8.023,-48.93,-208.88,-18.48
,-6.202,-0.036,-8.547,-6.827,-0.285,-8.143,-56.49,-211.96,-20.44
50882.0,-7.081,0.196,-7.918,-7.586,-0.134,-6.561,-50.96,-214.41,-27.23
,-7.294,0.584,-7.731,-7.528,-0.359,-6.033,-55.51,-213.43,-29.19
,-7.334,0.658,-7.554,-7.868,-0.419,-5.494,-63.56,-211.89,-31.85
,-7.466,0.447,-7.093,-8.064,-0.158,-5.205,-70.28,-209.44,-33.95
50958.0,-8.174,-0.244,-4.908,-9.067,-0.507,-2.852,-73.22,-183.82,-33.53
,-8.308,-0.275,-4.625,-9.316,0.4,-3.154,-75.25,-176.12,-31.71
,-8.691,-0.653,-3.733,-9.222,1.034,-2.761,-75.88,-167.86,-29.4
,-8.94,-0.747,-3.283,-8.916,1.165,-2.407,-74.9,-159.04,-27.86
51033.0,-8.54,0.957,-1.941,-8.531,1.376,-2.594,-115.29,-112.14,-36.89
,-8.459,0.426,-1.929,-8.239,1.962,-2.747,-130.69,-100.1,-39.62
,-8.524,0.141,-1.438,-8.023,1.572,-2.63,-141.82,-87.71,-41.44
,-8.629,0.349,-1.893,-8.215,0.493,-2.328,-148.89,-75.46,-43.26
51109.0,-8.452,0.543,-2.759,-8.32,0.17,-3.549,-221.97,-21.14,-59.01
,-8.349,1.082,-3.013,-8.196,-0.646,-3.496,-228.48,-11.34,-60.55
,-8.217,1.323,-2.927,-8.119,-1.4,-3.396,-239.61,-2.31,-62.3
,-8.208,0.871,-3.343,-8.65,-2.278,-3.02,-251.3,5.88,-63.14
51185.0,-9.342,-2.79,-2.242,-10.792,-0.586,-5.731,-232.12,50.4,-24.92
,-11.618,-2.749,-3.769,-9.789,-1.687,-7.011,-212.38,60.27,-8.05
,-12.529,-3.297,-4.015,-8.047,-4.101,-7.691,-186.9,65.17,0.98
,-11.256,-1.764,-4.073,-7.212,-7.073,-7.854,-151.76,65.52,6.09
51261.0,-6.971,-6.425,-8.105,-9.229,-2.644,-6.523,-64.68,36.75,16.52
,-7.016,-3.362,-8.586,-9.225,-3.264,-5.599,-29.54,40.74,26.53
,-7.631,-0.534,-9.318,-9.363,-4.097,-4.472,-12.81,41.72,33.04
,-8.543,-0.84,-8.758,-9.514,-3.58,-3.879,-17.85,36.75,36.82
51336.0,-10.091,-0.412,-3.453,-9.658,2.903,-3.128,49.0,22.54,42.35
,-10.371,2.955,-3.233,-9.883,1.103,-3.269,48.65,20.79,34.72
,-9.981,4.733,-2.733,-9.622,0.117,-3.343,20.16,18.41,29.47
,-9.517,4.573,-2.883,-9.581,0.242,-3.577,-17.99,15.54,22.61
51412.0,-9.344,0.141,-3.656,-9.55,-0.421,-3.733,-64.19,7.21,6.65
,-9.103,0.294,-3.821,-9.416,-0.756,-3.618,-59.08,6.16,5.6
,-9.416,0.541,-4.022,-9.603,-0.869,-3.558,-59.15,5.11,3.36
,-9.653,0.136,-3.917,-9.182,-0.847,-3.223,-64.68,4.13,1.05
51488.0,-9.095,-0.706,-3.051,-9.464,-0.883,-2.723,-65.45,0.07,-2.24
,-9.375,-0.402,-2.838,-9.39,-0.744,-2.771,-63.77,-0.14,-3.57
,-9.588,-0.249,-2.781,-9.301,-0.589,-2.86,-65.31,0.07,-5.32
,-9.517,-0.536,-2.759,-9.34,-0.663,-3.013,-67.76,0.63,-6.09
51564.0,-9.407,-0.531,-3.199,-9.265,-0.246,-3.824,-50.05,5.04,-6.37
,-9.452,-0.522,-3.573,-9.404,-0.237,-3.848,-46.69,5.25,-6.65
,-9.34,-0.579,-3.623,-9.457,-0.117,-3.934,-45.29,5.25,-7.77
,-9.387,-0.471,-3.759,-9.323,0.022,-4.061,-45.08,4.48,-9.24
51639.0,-9.215,0.093,-4.042,-9.22,-0.383,-3.798,-53.69,-0.21,-12.11
,-9.306,0.026,-4.03,-9.249,-0.617,-3.664,-55.23,-1.4,-12.88
,-9.296,-0.017,-3.987,-9.397,-0.376,-3.34,-57.82,-2.45,-13.51
,-9.222,-0.199,-3.917,-9.569,0.019,-3.482,-60.55,-3.5,-13.65
51715.0,-9.438,0.165,-3.585,-9.366,-0.826,-3.52,-58.38,-6.23,-16.38
,-9.172,-0.074,-3.506,-9.261,-0.572,-3.439,-60.62,-6.37,-16.59
,-9.359,-0.637,-3.494,-9.277,-0.359,-3.422,-59.92,-6.44,-16.52
,-9.354,-0.804,-3.501,-9.418,-0.05,-3.307,-55.09,-5.81,-16.31
51790.0,-9.351,0.01,-3.331,-9.299,-0.548,-3.453,-46.62,-5.67,-18.48
,-9.277,-0.227,-3.297,-9.265,-0.581,-3.362,-48.16,-5.67,-18.76
,-9.27,-0.541,-3.257,-9.323,-0.538,-3.221,-46.34,-5.53,-18.48
,-9.308,-0.601,-3.374,-9.342,-0.56,-3.195,-41.65,-4.97,-17.85
51866.0,-9.253,-0.785,-3.123,-9.423,-0.325,-3.044,-34.58,-4.34,-17.64
,-9.253,-1.256,-2.989,-9.459,0.067,-3.192,-33.67,-3.64,-17.08
,-9.203,-1.407,-2.821,-9.373,-0.034,-3.185,-30.87,-2.8,-16.59
,-9.404,-1.082,-2.886,-9.347,-0.385,-3.245,-27.02,-2.1,-16.73
51942.0,-9.366,-0.68,-3.264,-9.318,-0.287,-3.661,-30.87,-2.24,-19.6
,-9.402,-0.407,-3.408,-9.32,-0.361,-3.506,-28.0,-2.45,-20.23
,-9.378,-0.122,-3.558,-9.342,-0.321,-3.46,-27.51,-3.01,-21.07
,-9.318,-0.038,-3.678,-9.373,-0.237,-3.436,-29.4,-3.57,-21.98
52018.0,-9.378,-0.177,-3.362,-9.502,-0.792,-2.513,-29.33,-5.6,-25.9
,-9.328,-0.306,-3.19,-9.514,-0.589,-2.479,-27.44,-5.74,-26.04
,-9.361,-0.464,-2.907,-9.653,-0.194,-2.412,-24.22,-5.32,-25.76
,-9.438,-0.562,-2.737,-9.538,-0.206,-2.367,-18.41,-4.48,-26.11
52094.0,-9.363,-0.945,-2.376,-9.541,-1.653,-2.108,3.99,0.21,-27.02
,-9.21,-1.847,-2.371,-9.536,-1.297,-2.302,9.38,1.54,-26.04
,-9.227,-2.508,-2.103,-9.469,-1.228,-2.278,18.97,3.64,-24.85
,-9.342,-2.343,-2.008,-9.574,-1.601,-2.283,28.84,5.6,-24.15
52169.0,-9.765,-1.931,-2.539,-10.514,-2.041,-3.891,26.11,13.65,-29.54
,-9.864,-1.969,-2.883,-10.608,-2.793,-4.25,28.42,15.12,-31.29
,-10.031,-1.965,-3.262,-11.306,-2.429,-4.29,28.49,15.96,-33.67
,-10.144,-1.704,-3.216,-11.488,-1.125,-4.034,26.53,16.24,-36.82
52245.0,-11.084,-0.203,-3.367,-9.548,0.282,-2.582,-36.12,11.83,-70.77
,-10.318,-0.014,-2.845,-9.399,0.974,-2.422,-53.34,10.5,-74.27
,-10.05,-0.134,-2.625,-7.892,0.912,3.144,-65.45,10.15,-77.28
,-9.911,-0.141,-2.611,-11.003,3.553,-5.918,-73.5,10.57,-79.45
52321.0,-8.832,5.738,-5.008,-8.397,2.51,-5.329,-114.24,24.36,-97.65
,-8.751,3.604,-4.484,-8.418,1.888,-4.917,-149.73,25.55,-97.72
,-8.122,3.039,-5.248,-8.244,1.101,-4.683,-169.75,29.89,-100.66
,-8.555,2.812,-5.547,-8.244,1.242,-5.453,-179.97,32.62,-101.5
52397.0,-8.421,1.251,-4.994,-9.399,0.785,-3.946,-176.82,36.33,-84.84
,-8.569,1.007,-4.616,-9.462,1.098,-4.647,-173.53,37.03,-79.24
,-8.823,1.041,-4.489,-9.483,1.295,-5.154,-169.89,36.82,-74.83
,-9.11,0.73,-3.929,-9.282,1.259,-5.453,-165.69,36.26,-70.91
52472.0,-9.373,0.986,-5.319,-9.332,0.9,-6.403,-152.67,21.63,-54.46
,-9.354,0.871,-5.461,-8.93,0.811,-6.829,-150.01,17.01,-51.52
,-9.373,0.84,-5.793,-8.911,0.644,-7.2,-145.81,11.34,-49.21
,-9.426,0.885,-6.188,-8.914,0.495,-7.085,-141.82,4.69,-47.32
52548.0,-8.813,0.639,-7.16,-8.519,0.854,-7.408,-119.98,-31.15,-38.01
,-8.83,0.732,-7.332,-8.33,0.615,-7.284,-115.92,-39.69,-37.59
,-8.806,0.833,-7.437,-8.215,0.416,-7.227,-113.89,-48.86,-37.66
,-8.729,0.955,-7.387,-8.22,0.342,-7.267,-114.31,-58.17,-37.52
52623.0,-8.191,0.529,-7.353,-7.94,-0.471,-7.303,-122.57,-101.22,-36.54
,-8.136,0.455,-7.466,-7.944,-0.756,-7.186,-126.56,-109.48,-36.68
,-7.997,0.218,-7.452,-7.932,-0.907,-7.069,-131.25,-116.9,-36.47
,-7.88,-0.093,-7.454,-7.94,-1.129,-6.913,-134.89,-123.62,-36.05
52699.0,-7.755,-1.311,-6.863,-8.107,-1.744,-6.183,-137.76,-151.55,-33.53
,-7.734,-1.534,-6.817,-8.112,-1.677,-6.033,-137.34,-155.68,-31.85
,-7.779,-1.632,-6.614,-8.11,-1.701,-5.846,-135.03,-159.39,-29.82
,-7.87,-1.721,-6.348,-8.16,-1.857,-5.671,-131.6,-162.61,-27.72
52775.0,-8.09,-2.039,-5.43,-8.897,-1.953,-3.934,-109.55,-170.38,-14.84
,-8.368,-2.201,-5.126,-8.693,-2.065,-3.259,-102.83,-169.68,-10.92
,-8.65,-2.19,-4.999,-8.557,-1.948,-2.541,-94.36,-168.84,-6.72
,-8.978,-2.094,-4.592,-8.722,-1.922,-2.209,-87.5,-167.93,-3.78
52851.0,-9.153,-1.407,-1.742,-8.416,-0.668,-0.144,-58.59,-138.6,3.71
,-9.32,-0.168,-1.869,-8.251,-1.323,0.043,-54.53,-130.2,2.45
,-9.055,0.565,-1.598,-8.145,-1.924,0.991,-61.88,-120.89,0.0
,-8.648,0.182,-0.689,-8.011,-1.534,0.744,-74.48,-110.18,-2.24
52926.0,-7.973,-1.266,0.916,-8.337,0.22,-0.275,-72.38,-32.41,0.49
,-8.023,-0.742,0.517,-8.275,-0.022,-0.651,-71.26,-14.77,2.03
,-8.277,-0.325,0.455,-8.105,-0.345,-0.938,-71.82,2.45,3.5
,-8.392,0.069,0.141,-8.674,-0.782,-1.424,-72.59,19.11,5.04
53002.0,-11.881,-2.781,-1.656,-8.306,-4.417,-0.086,-82.88,75.39,10.15
,-16.863,-7.174,2.276,-9.076,-5.7,-0.83,-82.81,68.81,12.95
,-16.028,-6.253,1.426,-10.306,-4.523,-1.613,-64.61,69.58,11.34
,-10.002,-3.984,0.936,-10.096,0.28,-4.393,-64.47,79.87,9.24
53078.0,-8.648,3.317,-5.035,-7.554,1.606,-7.894,-17.92,105.07,7.14
,-8.507,3.154,-6.523,-8.813,-0.395,-7.621,-40.74,99.89,2.94
,-7.966,2.697,-8.311,-8.811,-0.897,-7.545,-60.97,95.9,0.7
,-7.162,3.175,-8.739,-9.124,-0.73,-6.451,-68.95,91.63,3.22
53154.0,-10.072,-1.675,-4.776,-8.887,1.747,-3.975,-13.44,59.71,18.34
,-10.124,-2.053,-3.915,-9.227,2.414,-4.173,-7.14,58.8,21.0
,-9.296,-0.811,-3.587,-9.115,1.977,-4.128,-1.47,58.94,18.41
,-8.301,0.648,-3.659,-9.261,1.096,-4.089,-1.96,56.98,11.55
53230.0,-9.404,0.629,-4.221,-9.299,-0.072,-3.821,-34.58,41.16,6.79
,-9.643,0.304,-4.25,-9.323,0.287,-3.743,-20.86,39.48,10.57
,-9.61,0.184,-4.075,-9.325,0.775,-3.915,-7.91,38.08,13.65
,-9.521,-0.024,-3.924,-9.225,0.747,-4.137,1.89,36.89,15.19
53305.0,-9.146,0.33,-4.269,-9.261,0.333,-4.111,-8.96,30.73,7.7
,-9.155,-0.199,-4.252,-9.294,0.5,-4.19,-8.61,29.33,8.19
,-9.174,-0.44,-4.216,-9.146,0.62,-4.176,-3.43,28.28,9.59
,-9.182,-0.201,-4.068,-9.005,0.895,-4.18,3.57,27.16,11.06
53381.0,-9.294,0.912,-4.326,-9.418,0.505,-3.427,-0.35,19.53,6.23
,-9.335,0.677,-4.171,-9.373,0.94,-3.336,-4.48,18.55,5.32
,-9.256,0.29,-3.857,-9.361,1.031,-3.187,-5.67,18.34,5.95
,-9.263,0.311,-3.611,-9.32,1.347,-3.412,-3.43,18.55,6.37
53456.0,-9.153,0.914,-3.269,-9.229,-0.282,-3.108,-15.4,18.69,4.13
,-9.009,0.11,-3.032,-9.122,-0.156,-3.24,-18.2,19.46,4.83
,-9.086,-0.237,-2.965,-9.222,0.074,-3.312,-15.89,21.0,5.81
,-9.167,-0.146,-3.252,-9.273,0.431,-3.372,-11.62,22.54,6.37
53532.0,-9.198,0.452,-3.058,-9.112,0.311,-2.946,-7.49,30.1,8.05
,-9.15,0.4,-2.814,-9.131,0.558,-3.343,-7.07,31.92,8.19
,-9.143,0.232,-2.809,-9.048,0.467,-3.546,-5.53,34.16,8.4
,-9.067,0.366,-2.804,-9.153,0.249,-3.781,-3.99,36.26,8.82
53608.0,-9.227,0.007,-3.965,-9.344,0.191,-4.011,-0.21,43.4,8.54
,-9.129,-0.139,-4.099,-9.488,0.364,-4.173,3.36,44.73,9.1
,-9.086,-0.237,-4.111,-9.596,0.258,-4.092,7.21,46.2,10.08
,-9.232,-0.048,-4.183,-9.887,-0.194,-4.099,11.62,47.6,10.92
53684.0,-9.564,0.979,-3.829,-9.301,0.282,-4.099,21.28,54.32,16.1
,-9.524,0.589,-3.685,-9.397,0.101,-4.389,22.54,56.42,15.33
,-9.686,0.048,-3.829,-9.531,0.093,-4.695,25.48,58.59,13.09
,-9.22,0.72,-4.027,-9.517,0.122,-4.889,24.29,60.27,11.76
53759.0,-9.651,0.227,-4.958,-9.686,-2.137,-4.501,21.14,68.6,5.39
,-10.014,0.967,-5.118,-9.337,-2.434,-3.556,24.29,69.93,4.55
,-11.036,3.422,-5.384,-9.775,0.184,-3.209,28.42,70.42,1.26
,-11.299,1.881,-5.331,-10.096,0.936,-2.967,17.71,70.98,-3.36
53835.0,-9.789,-0.223,-2.737,-10.914,-2.099,-2.103,34.58,87.71,1.75
,-9.744,-1.091,-2.998,-11.204,-2.493,-1.601,31.85,91.7,2.24
,-9.828,-1.843,-2.491,-11.553,-3.838,0.22,33.46,96.32,4.97
,-10.292,-2.199,-2.158,-11.89,-3.958,0.538,41.58,101.22,8.89
53910.0,-11.974,-3.154,0.223,-9.868,-1.046,-4.156,103.46,133.14,44.03
,-11.694,-2.793,-0.002,-9.026,0.05,-4.307,111.93,139.02,52.29
,-11.433,-2.508,-0.9,-9.119,1.737,-6.75,121.59,143.01,58.45
,-10.749,-1.914,-2.331,-10.397,2.371,-10.1,131.39,144.9,59.64
53986.0,-10.699,0.979,-10.148,-7.516,1.34,-11.115,89.67,138.11,19.74
,-10.282,0.921,-10.78,-6.499,0.402,-11.421,72.45,130.83,17.22
,-9.445,1.086,-10.876,-5.47,-1.352,-11.431,62.3,119.7,16.73
,-8.49,1.17,-10.787,-5.195,-2.115,-11.802,50.89,104.37,17.15
54062.0,-4.867,-2.314,-11.232,-5.178,0.065,-9.086,15.33,32.55,21.63
,-4.575,-1.335,-10.818,-5.221,-0.043,-8.576,24.99,18.27,25.69
,-4.882,-0.514,-9.72,-4.905,-0.39,-8.705,27.93,1.96,30.24
,-5.559,-0.053,-9.378,-4.24,-0.689,-8.949,22.05,-18.69,33.88
54138.0,-3.709,-1.251,-9.057,-3.666,-2.692,-8.358,-33.74,-124.18,38.92
,-3.319,-1.898,-9.014,-3.661,-2.601,-8.49,-37.52,-137.9,37.31
,-3.034,-2.125,-8.868,-3.709,-2.223,-8.464,-36.68,-150.57,35.98
,-3.235,-2.347,-8.569,-4.25,-2.02,-8.418,-32.27,-161.28,36.61
54214.0,-4.391,-1.811,-8.318,-4.779,-1.304,-8.698,0.0,-216.3,36.82
,-4.374,-1.419,-8.227,-4.721,-1.565,-8.722,0.56,-224.0,37.17
,-4.704,-1.094,-8.16,-5.054,-1.56,-8.234,-4.48,-231.98,35.77
,-4.984,-0.888,-8.631,-5.695,-1.601,-8.033,-12.88,-240.17,33.67
54289.0,-6.03,-1.737,-7.892,-6.975,-0.213,-7.557,-10.15,-258.16,22.54
,-6.356,-1.524,-7.921,-7.138,-0.203,-7.222,-5.53,-260.68,18.97
,-6.597,-1.005,-8.021,-7.889,-0.486,-6.25,-3.22,-262.78,14.91
,-6.707,-0.483,-7.837,-8.672,-0.704,-5.587,-4.69,-264.11,10.64
54365.0,-9.239,-0.861,-4.695,-9.392,0.426,-1.12,-25.62,-251.44,-11.55
,-9.395,-0.818,-3.254,-9.143,-0.507,-0.05,-27.3,-243.25,-16.73
,-9.258,-0.495,-2.146,-9.06,-1.553,0.531,-27.58,-231.42,-22.19
,-9.564,0.184,-1.622,-8.502,-2.359,0.948,-28.63,-218.33,-27.93
54441.0,-7.643,-2.448,1.845,-7.916,-0.299,2.307,-64.89,-115.92,-25.69
,-7.684,-2.62,2.498,-7.858,0.354,1.192,-54.88,-87.15,-20.51
,-7.772,-1.933,2.733,-7.645,0.727,-0.148,-43.96,-56.77,-16.31
,-7.82,-1.273,3.041,-7.447,0.775,-1.496,-35.0,-25.9,-12.25
54517.0,-7.382,0.347,-2.651,-17.047,-6.344,3.051,-34.58,95.48,0.84
,-7.449,-0.5,-3.855,-11.862,0.778,0.648,-30.8,108.85,4.34
,-10.081,-3.439,-5.647,-11.62,-0.031,-0.943,-27.16,114.59,11.06
,-17.693,-10.888,1.749,-11.254,-3.826,-1.534,-8.19,95.9,31.78
54592.0,-9.351,-3.273,-3.245,-8.129,2.9,-6.844,34.86,109.34,31.22
,-7.648,-0.687,-3.364,-6.906,2.446,-7.351,49.35,114.87,33.88
,-8.674,1.737,-3.745,-7.303,1.658,-7.578,58.1,113.96,33.88
,-9.177,2.728,-5.348,-8.808,1.579,-8.258,47.67,108.57,29.61
54668.0,-9.134,1.843,-7.964,-10.287,0.443,-4.104,-22.96,82.32,-5.04
,-8.808,1.709,-6.963,-9.584,-0.144,-3.924,-28.77,73.64,-7.84
,-9.024,1.347,-5.736,-8.485,-0.713,-3.743,-36.12,64.75,-7.28
,-9.895,1.12,-4.807,-9.024,-1.141,-3.419,-44.66,57.61,-5.74
54743.0,-9.696,0.316,-3.558,-9.474,0.842,-4.011,-0.84,47.81,9.66
,-9.507,1.974,-3.702,-9.462,0.048,-4.279,1.4,45.29,10.15
,-9.335,2.4,-3.589,-9.301,-0.538,-4.271,-6.51,42.42,9.45
,-9.447,1.665,-3.743,-9.249,-0.543,-4.422,-16.1,39.83,7.14
54819.0,-9.356,-0.151,-4.563,-9.268,0.761,-4.547,1.96,33.04,9.03
,-9.457,0.637,-4.566,-9.21,0.232,-4.472,8.75,31.36,9.17
,-9.462,1.173,-4.539,-9.237,-0.313,-4.374,9.8,29.4,9.03
,-9.399,1.177,-4.676,-9.241,-0.519,-4.221,6.16,27.23,8.12
54895.0,-9.282,-0.524,-3.991,-9.268,0.366,-3.728,9.8,18.55,7.63
,-9.318,-0.292,-3.845,-9.306,0.297,-3.611,12.81,17.5,7.84
,-9.416,0.002,-3.786,-9.368,0.383,-3.616,14.07,17.01,7.91
,-9.387,0.194,-3.841,-9.294,0.474,-3.498,14.14,16.31,7.77
54971.0,-9.265,0.244,-3.338,-9.38,0.646,-3.195,4.62,13.86,6.44
,-9.253,0.476,-3.283,-9.418,0.483,-3.065,5.6,13.86,6.58
,-9.359,0.613,-3.372,-9.423,0.383,-2.764,5.81,13.72,6.23
,-9.368,0.814,-3.24,-9.378,0.625,-2.625,4.27,13.65,5.81
55046.0,-9.351,0.936,-2.572,-9.373,0.761,-1.4,-1.75,15.82,5.39
,-9.366,1.007,-2.223,-9.521,0.637,-1.433,-5.11,16.94,5.11
,-9.476,1.01,-1.862,-9.459,0.641,-1.29,-9.03,18.48,5.18
,-9.45,0.983,-1.728,-9.083,0.766,-1.529,-12.6,20.72,5.11
55122.0,-9.076,0.546,-1.615,-9.127,0.06,-2.438,-14.35,34.65,3.29
,-9.072,0.522,-1.991,-9.033,0.22,-2.627,-12.53,37.87,3.57
,-9.244,0.203,-2.19,-8.964,0.433,-2.862,-9.45,41.09,3.29
,-9.203,0.172,-2.319,-9.115,0.354,-2.962,-4.27,44.38,3.22
55198.0,-9.033,0.012,-3.108,-9.311,0.689,-4.166,10.08,56.77,4.34
,-9.162,-0.06,-3.391,-9.284,0.864,-4.544,11.13,58.73,4.55
,-9.16,-0.275,-3.441,-9.428,0.641,-5.001,12.67,60.76,5.04
,-9.335,-0.024,-3.613,-9.409,0.17,-5.231,15.54,62.65,4.9
55274.0,-9.646,-0.06,-5.544,-9.584,-0.292,-4.846,12.04,66.22,2.59
,-9.852,-0.268,-5.741,-9.765,0.103,-4.525,15.75,67.2,3.43
,-9.445,-0.175,-5.58,-9.775,0.045,-4.288,21.63,67.97,5.95
,-10.151,0.986,-5.233,-10.522,1.395,-4.159,26.88,69.09,6.02
55350.0,-11.658,3.331,-4.884,-10.182,0.392,-2.314,25.06,75.74,-10.22
,-11.141,0.091,-4.063,-10.227,-0.275,-2.4,9.03,77.77,-14.35
,-9.773,-2.998,-2.97,-9.811,-1.299,-2.501,7.98,82.18,-12.18
,-9.801,-1.309,-2.379,-9.974,-1.531,-2.9,24.43,86.73,-8.05
55425.0,-10.349,-1.577,-2.96,-11.972,-2.568,0.203,32.83,108.5,-6.58
,-10.625,-1.962,-2.077,-11.835,-3.058,0.718,40.18,114.24,-2.24
,-11.208,-2.462,-0.644,-11.613,-2.994,-0.084,48.93,120.47,4.13
,-11.742,-2.627,0.237,-11.328,-2.455,-1.29,61.53,126.77,10.15
55501.0,-10.842,-2.405,-1.85,-10.299,2.898,-10.428,104.09,150.99,45.5
,-10.227,-0.859,-4.599,-10.735,2.252,-11.137,118.93,150.5,44.8
,-8.906,0.424,-5.829,-10.026,1.78,-11.527,125.23,149.73,38.78
,-8.567,2.067,-7.128,-9.438,1.785,-11.184,129.01,149.31,30.31
55576.0,-8.65,1.756,-11.237,-4.75,-0.725,-12.199,45.5,108.99,4.9
,-7.456,1.919,-11.366,-4.408,-1.041,-12.237,38.29,91.91,4.76
,-7.198,1.788,-11.665,-4.286,-0.974,-11.424,26.11,74.76,3.15
,-5.872,0.644,-11.931,-4.446,-0.495,-10.608,6.86,56.77,1.19
55652.0,-4.484,0.168,-9.284,-5.207,0.426,-8.76,4.34,-12.53,10.29
,-5.382,0.828,-9.15,-4.259,-0.488,-8.894,2.17,-31.43,13.3
,-5.482,1.046,-8.988,-3.685,-1.419,-9.186,-11.13,-54.39,12.81
,-5.398,0.842,-8.366,-3.338,-1.685,-9.086,-30.52,-77.91,10.78
55728.0,-3.034,-1.792,-9.158,-3.642,-1.476,-9.038,-45.08,-158.2,4.76
,-3.238,-1.694,-9.016,-3.719,-1.079,-9.217,-37.73,-168.98,5.32
,-3.47,-1.905,-8.622,-3.63,-0.976,-8.954,-30.66,-181.09,5.6
,-3.443,-1.96,-8.823,-3.656,-0.871,-8.665,-23.31,-195.09,1.19
55804.0,-4.2,-0.866,-8.677,-4.858,-0.759,-8.892,-25.41,-237.3,5.39
,-4.25,-0.804,-9.009,-5.095,-0.998,-8.818,-30.31,-245.42,5.25
,-4.434,-0.962,-8.875,-5.528,-1.426,-8.938,-32.27,-251.16,5.88
,-4.688,-0.873,-8.827,-5.664,-1.543,-8.485,-33.6,-255.85,5.11
55879.0,-6.291,-1.335,-8.021,-8.882,0.057,-6.499,-20.93,-269.92,2.38
,-6.683,-0.921,-8.043,-9.318,-0.249,-5.535,-16.24,-270.83,0.28
,-7.073,-0.457,-7.751,-9.739,-0.507,-4.489,-11.55,-269.85,-0.35
,-7.827,-0.139,-6.904,-9.514,-0.304,-3.587,-9.87,-267.54,0.35
55955.0,-8.064,-0.577,-0.292,-7.906,-0.101,-0.043,-48.51,-233.38,-13.51
,-8.677,-0.601,-0.452,-7.566,-1.228,0.053,-47.18,-216.09,-15.96
,-9.167,-0.01,-0.67,-7.124,-2.225,1.953,-48.51,-198.73,-20.79
,-8.569,-0.189,0.014,-7.593,-2.429,2.704,-55.3,-179.48,-23.45
56031.0,-7.794,-1.62,3.135,-7.796,1.905,0.4,-44.17,-50.19,-9.03
,-7.772,-0.493,3.147,-8.076,1.555,-0.526,-34.37,-21.07,-3.99
,-7.662,0.713,2.455,-8.078,1.182,-1.33,-31.85,7.21,0.21
,-7.609,1.637,1.436,-8.031,0.998,-2.242,-36.12,33.39,2.8
56107.0,-8.878,0.572,-2.814,-8.509,-0.321,-1.163,-63.84,112.07,11.9
,-15.006,-2.862,-3.731,-9.136,-2.118,-1.007,-67.55,104.86,14.56
,-22.154,-10.026,7.454,-8.93,-5.262,-1.445,-52.92,70.07,24.36
,-16.159,-4.532,0.983,-9.06,-4.357,-3.551,-16.73,62.51,14.7
56182.0,-7.995,-0.148,-4.654,-6.987,1.223,-7.904,-9.73,116.62,15.47
,-8.413,3.951,-5.331,-7.212,1.318,-7.583,-2.17,114.03,15.68
,-9.124,3.262,-6.698,-8.772,-0.469,-6.966,-28.84,103.88,9.03
,-8.385,1.381,-7.791,-9.806,-2.309,-6.535,-62.72,92.89,2.38
56258.0,-9.249,-2.084,-6.178,-9.591,0.318,-3.36,-40.39,70.49,4.48
,-8.959,-1.651,-5.044,-8.555,1.132,-3.632,-26.6,66.29,14.07
,-9.651,-2.254,-3.79,-8.94,1.5,-3.939,-16.94,63.21,21.77
,-9.914,-1.517,-3.278,-9.545,2.601,-4.403,-5.6,61.39,23.31
56334.0,-9.136,3.123,-4.439,-9.5,0.79,-4.247,-20.3,48.58,11.83
,-8.897,1.632,-4.25,-9.478,0.933,-3.951,-33.11,45.08,10.78
,-9.337,0.409,-4.243,-9.608,0.986,-3.929,-31.08,42.35,9.87
,-9.701,0.316,-4.365,-9.533,1.11,-4.066,-22.12,40.32,10.08
56409.0,-9.423,1.089,-4.166,-9.263,-0.395,-4.537,-13.16,31.08,7.7
,-9.371,0.615,-4.331,-9.273,-0.467,-4.57,-16.24,29.4,6.51
,-9.28,0.031,-4.389,-9.174,-0.57,-4.475,-17.5,27.79,5.6
,-9.342,-0.39,-4.494,-9.158,-0.421,-4.176,-15.26,26.18,4.83
56485.0,-9.203,0.127,-3.903,-9.366,0.337,-3.333,0.28,19.32,6.72
,-9.366,0.629,-3.683,-9.318,-0.127,-3.245,0.0,18.48,6.16
,-9.399,0.814,-3.506,-9.337,-0.079,-3.475,-3.01,17.92,5.6
,-9.351,0.895,-3.403,-9.241,0.196,-3.384,-7.42,17.78,5.32
56561.0,-9.186,0.507,-3.647,-9.294,-0.007,-3.491,1.05,19.04,7.14
,-9.155,0.558,-3.819,-9.301,0.61,-3.501,-0.84,19.18,6.93
,-9.122,0.199,-3.757,-9.256,0.933,-3.513,-3.78,19.11,6.65
,-9.177,-0.146,-3.635,-9.246,1.041,-3.649,-3.43,19.32,6.93
56637.0,-9.208,0.766,-3.778,-9.119,-0.172,-2.804,-4.62,20.02,6.02
,-9.21,0.199,-3.589,-9.134,-0.014,-2.479,-6.58,20.72,6.93
,-9.091,-0.096,-3.446,-9.249,0.235,-2.032,-6.72,21.7,8.19
,-9.103,-0.306,-2.986,-9.258,0.333,-1.701,-5.04,23.17,9.66
56712.0,-9.332,0.474,-1.575,-9.22,0.0,-2.123,2.31,35.07,11.2
,-9.246,0.534,-1.35,-9.16,-0.022,-2.242,1.26,38.22,10.64
,-9.229,0.596,-1.606,-9.354,0.318,-2.532,0.7,41.23,10.15
,-9.182,0.376,-1.862,-9.469,0.495,-2.675,0.07,44.45,9.59
56788.0,-9.538,0.617,-3.132,-9.962,0.246,-5.15,7.98,59.08,8.61
,-9.517,0.342,-3.685,-10.136,-0.139,-5.329,6.79,60.97,8.33
,-9.667,0.129,-4.262,-9.825,1.232,-5.293,7.98,62.51,8.26
,-9.761,0.17,-4.843,-9.596,0.562,-5.473,10.5,63.84,8.33
56864.0,-9.679,0.036,-5.494,-11.371,4.003,-5.427,29.26,67.48,6.93
,-9.287,0.976,-5.556,-11.768,2.213,-5.047,29.47,67.83,5.81
,-9.775,0.323,-5.358,-10.098,-2.261,-3.659,27.58,68.25,4.76
,-10.261,0.995,-5.331,-9.646,-2.288,-2.534,31.64,69.02,3.71
56940.0,-10.091,0.304,-2.417,-9.481,-1.828,-2.218,46.83,81.41,2.73
,-10.29,0.203,-2.335,-9.959,-2.01,-2.355,44.17,84.91,1.33
,-9.806,-1.199,-2.178,-10.093,-2.094,-2.589,35.91,88.97,0.21
,-9.502,-2.103,-2.082,-10.144,-2.338,-2.228,33.11,93.66,0.84
57015.0,-10.675,-2.8,-1.082,-10.397,-2.625,-0.771,60.06,118.44,19.81
,-11.053,-3.187,-0.285,-10.167,-2.548,-2.24,71.4,124.39,26.53
,-11.055,-2.915,-0.467,-9.55,-1.74,-3.831,82.74,130.27,33.04
,-10.677,-2.568,-0.61,-8.868,-0.445,-6.188,91.0,136.36,41.37
57091.0,-8.148,0.282,-7.006,-9.275,0.972,-10.792,122.36,141.47,43.05
,-8.861,0.658,-7.885,-8.978,1.268,-11.139,116.97,138.6,35.56
,-9.777,0.701,-9.916,-7.148,1.362,-11.452,107.24,133.98,27.16
,-9.871,0.72,-10.725,-5.848,0.421,-11.9,95.2,127.89,21.56
57166.0,-5.458,-1.201,-12.02,-5.181,0.354,-10.443,34.09,75.46,19.39
,-5.738,-1.931,-11.613,-5.461,0.608,-9.402,34.02,63.56,20.23
,-5.954,-1.527,-11.156,-5.891,0.203,-8.945,40.39,47.46,23.73
,-5.664,-0.562,-10.72,-5.793,-0.146,-9.366,44.24,30.17,28.84
57242.0,-5.016,-0.787,-9.433,-3.888,-2.661,-9.342,-25.48,-74.27,34.3
,-4.958,-1.354,-9.38,-4.066,-2.632,-8.595,-29.75,-88.62,32.69
,-4.52,-1.421,-9.222,-4.905,-2.448,-8.339,-31.29,-102.06,29.61
,-4.226,-1.874,-9.459,-5.334,-1.95,-8.284,-31.22,-114.17,28.84
57318.0,-5.224,-1.479,-8.737,-4.075,-1.094,-9.208,-2.66,-165.9,13.51
,-4.384,-0.943,-8.995,-3.972,-1.716,-9.158,-5.32,-173.74,11.13
,-4.396,-0.325,-8.949,-4.204,-2.292,-8.516,-14.21,-180.67,8.96
,-4.348,-0.416,-9.007,-4.391,-2.422,-8.332,-27.09,-188.02,6.02
57394.0,-4.63,-2.225,-8.33,-4.377,-1.01,-8.198,-25.41,-205.73,-2.73
,-4.59,-1.948,-8.351,-4.575,-0.871,-8.016,-21.14,-208.25,-3.22
,-4.523,-1.51,-8.425,-4.748,-0.658,-8.011,-18.2,-210.0,-3.15
,-4.377,-1.192,-8.547,-5.018,-0.4,-8.028,-17.22,-212.24,-3.15
57470.0,-5.513,-0.304,-8.062,-7.282,-1.082,-6.59,-17.43,-228.41,-9.31
,-5.743,-0.414,-7.832,-8.007,-0.864,-6.25,-18.97,-230.65,-10.43
,-6.315,-0.596,-7.497,-8.634,-0.869,-5.169,-19.53,-232.19,-11.13
,-6.679,-0.878,-6.961,-8.959,-0.766,-4.075,-20.16,-232.89,-11.06
57545.0,-9.076,-0.428,-2.998,-8.938,0.426,-0.823,-19.39,-215.74,-13.65
,-8.507,-0.361,-1.18,-8.227,-0.112,1.115,-23.45,-204.05,-12.39
,-8.959,0.01,-0.412,-8.452,-1.24,1.517,-23.8,-190.61,-14.21
,-9.296,0.251,-0.493,-8.208,-2.084,2.161,-25.9,-176.96,-18.62
57621.0,-8.004,-2.012,2.376,-8.37,-0.857,2.02,-29.96,-75.81,-14.14
,-7.777,-2.01,2.936,-8.495,-0.196,1.199,-23.31,-51.1,-9.45
,-8.028,-1.962,3.101,-8.679,0.129,0.34,-17.99,-25.69,-4.06
,-8.301,-1.491,2.625,-8.768,0.132,-0.311,-13.58,-0.28,0.98
57697.0,-8.892,0.244,-0.976,-14.511,-3.494,0.538,-25.41,89.6,11.55
,-9.914,0.108,-1.742,-7.724,1.962,0.759,-33.18,96.81,11.13
,-16.978,-4.051,-2.18,-9.225,-0.656,1.522,-47.25,83.65,10.71
,-21.462,-8.875,4.424,-9.734,-5.583,2.204,-37.24,45.99,17.57
57773.0,-8.38,-5.64,2.29,-9.048,1.194,-6.042,-59.64,81.41,7.7
,-9.244,-3.297,0.5,-6.691,2.082,-6.116,-32.41,108.36,25.83
,-12.596,-0.079,-2.314,-5.7,2.326,-6.478,-11.97,122.5,30.73
,-11.211,0.213,-5.035,-7.045,1.388,-7.011,-3.57,118.3,24.71
57848.0,-8.823,0.768,-6.815,-9.328,-0.998,-4.357,-28.98,71.61,19.53
,-9.608,0.536,-6.126,-9.261,-0.22,-3.546,-17.71,67.9,21.56
,-10.127,-0.266,-5.513,-9.842,0.112,-3.094,-11.13,63.0,20.37
,-10.026,-1.077,-5.312,-9.842,0.072,-2.697,-6.86,58.03,19.18
57924.0,-9.49,0.275,-2.505,-9.311,-0.603,-2.592,-14.7,45.78,12.32
,-9.22,0.646,-2.699,-9.407,-1.62,-2.446,-19.25,44.52,7.77
,-9.631,1.256,-2.934,-9.698,-0.902,-2.319,-28.56,42.28,3.5
,-9.603,0.713,-2.797,-9.722,0.512,-2.259,-43.12,39.76,3.71
57999.0,-9.531,1.61,-2.477,-9.347,0.933,-3.79,4.13,39.06,13.23
,-9.66,2.02,-2.97,-9.33,0.17,-3.759,-0.28,37.59,11.27
,-9.701,2.166,-3.458,-9.34,0.002,-3.699,-9.52,35.49,7.84
,-9.579,1.89,-3.821,-9.349,0.251,-3.786,-21.98,33.18,4.76
58075.0,-9.541,0.369,-3.917,-9.27,-1.01,-4.872,-15.05,26.11,5.32
,-9.557,0.158,-4.295,-9.124,-0.692,-4.85,-14.35,24.57,4.34
,-9.318,-0.141,-4.496,-9.103,-0.254,-4.903,-14.14,22.96,3.29
,-9.404,-0.782,-4.767,-9.088,0.263,-4.633,-13.3,21.56,2.66
58151.0,-9.265,0.725,-4.489,-9.383,0.426,-3.467,0.35,12.74,-1.54
,-9.545,0.792,-4.307,-9.387,0.586,-3.463,-4.13,10.78,-3.08
,-9.488,0.818,-4.008,-9.294,0.883,-3.331,-9.52,9.1,-3.85
,-9.39,0.656,-3.716,-9.526,0.926,-3.348,-12.81,7.63,-3.85
58227.0,-9.301,0.859,-3.384,-9.519,-0.455,-2.213,-29.26,2.66,-8.82
,-9.447,0.337,-3.295,-9.557,0.361,-1.998,-33.46,2.45,-8.54
,-9.32,-0.16,-3.039,-9.55,0.811,-2.044,-34.86,2.87,-7.56
,-9.191,-0.486,-2.577,-9.631,0.479,-2.072,-33.53,3.78,-6.23
58302.0,-9.38,-0.44,-2.008,-9.56,0.311,-2.0,-41.09,9.31,-7.77
,-9.378,-1.153,-1.996,-9.411,0.254,-2.01,-37.03,11.76,-6.86
,-9.45,-0.838,-1.929,-9.409,-0.05,-2.13,-29.47,14.14,-6.51
,-9.55,-0.077,-1.941,-9.435,-0.292,-2.331,-24.71,15.89,-6.93
58378.0,-9.464,-0.38,-2.558,-9.158,-0.074,-2.627,-23.59,24.36,-8.05
,-9.227,-0.292,-2.795,-9.182,-0.134,-2.242,-21.77,25.76,-8.33
,-9.117,-0.335,-2.85,-9.189,-0.447,-1.898,-20.79,27.09,-8.26
,-9.155,-0.115,-2.924,-9.045,-0.584,-1.761,-20.65,28.21,-8.54
58454.0,-9.136,-0.404,-1.795,-8.997,-0.103,-2.417,-19.39,37.31,-5.04
,-9.155,-0.148,-2.103,-9.06,0.031,-2.302,-19.11,39.9,-4.97
,-9.232,0.055,-2.352,-9.067,0.361,-2.362,-20.86,42.14,-5.81
,-9.124,-0.086,-2.443,-8.983,0.814,-2.477,-22.68,44.38,-6.3
58530.0,-9.072,1.429,-2.699,-9.598,0.098,-4.295,-12.95,56.35,-6.44
,-9.421,2.067,-3.08,-9.564,-0.4,-4.925,-13.3,58.31,-8.12
,-9.409,1.519,-3.561,-9.818,-1.457,-5.286,-16.52,60.34,-10.01
,-9.495,0.443,-3.9,-9.969,-2.615,-5.351,-16.45,62.23,-11.06
58606.0,-10.232,-2.824,-5.126,-10.165,0.235,-4.3,14.91,72.87,-6.65
,-10.883,-0.517,-5.09,-9.95,-0.187,-4.154,22.4,73.57,-7.21
,-10.773,1.261,-4.791,-9.715,0.177,-4.097,17.36,73.64,-8.68
,-10.404,1.161,-4.542,-9.617,0.546,-3.833,3.15,74.48,-11.27
58681.0,-9.5,0.713,-3.91,-8.832,-0.732,-3.326,-16.94,84.35,-22.68
,-9.454,0.522,-3.697,-8.622,-0.986,-3.355,-22.75,86.59,-24.36
,-9.299,0.187,-3.553,-8.6,-1.168,-3.582,-27.72,88.83,-25.27
,-9.115,-0.321,-3.357,-8.739,-1.756,-3.343,-31.64,91.49,-25.41
58757.0,-8.863,-1.486,-4.276,-8.945,-1.113,-5.451,-27.65,104.44,-20.79
,-9.05,-1.285,-4.848,-8.957,-0.318,-6.681,-19.46,105.7,-20.02
,-9.095,-1.694,-4.405,-8.863,0.342,-7.442,-12.6,107.17,-19.11
,-9.093,-1.433,-4.633,-7.978,1.144,-7.849,-3.71,107.94,-19.95
58832.0,-7.404,1.656,-8.031,-5.473,0.838,-10.675,11.62,88.34,-43.26
,-7.215,2.051,-9.88,-5.963,0.366,-9.481,-0.77,75.88,-47.95
,-5.745,2.17,-10.347,-5.65,0.603,-9.016,-11.76,66.36,-50.47
,-4.724,1.721,-11.373,-5.26,0.775,-9.153,-19.53,59.5,-53.13
58908.0,-5.056,0.857,-8.973,-4.884,1.692,-8.871,-21.77,-7.21,-77.98
,-5.188,0.969,-8.739,-4.85,1.57,-8.832,-23.8,-22.61,-83.51
,-5.269,1.424,-8.851,-4.853,1.653,-8.918,-29.47,-38.85,-88.83
,-5.063,1.732,-8.851,-4.726,1.668,-8.926,-36.89,-53.06,-93.66
58984.0,-4.532,1.766,-8.885,-4.841,1.898,-9.258,-74.2,-109.76,-121.8
,-4.558,1.685,-8.942,-4.91,2.199,-9.117,-82.25,-117.53,-127.47
,-4.48,1.706,-8.914,-4.74,2.242,-9.225,-89.95,-124.11,-132.65
,-4.611,1.658,-8.911,-4.817,2.115,-9.292,-98.91,-130.41,-137.27
59060.0,-5.121,2.13,-9.385,-6.32,2.24,-8.914,-164.85,-153.65,-162.89
,-5.379,2.228,-9.452,-6.614,1.869,-8.442,-174.09,-154.91,-167.3
,-5.628,2.424,-9.246,-6.535,1.146,-7.798,-181.72,-153.65,-171.5
,-5.963,2.41,-9.177,-6.722,0.629,-7.124,-189.14,-151.06,-175.63
59135.0,-6.896,0.38,-6.693,-8.002,-2.015,-6.009,-232.89,-122.5,-172.48
,-7.076,-0.148,-6.435,-7.796,-2.209,-5.528,-240.87,-113.4,-164.5
,-7.552,-0.926,-6.281,-7.586,-2.19,-5.339,-245.63,-103.53,-154.07
,-7.679,-1.591,-5.896,-7.578,-2.034,-4.597,-244.93,-93.24,-142.1
59211.0,-7.576,-1.639,-4.743,-7.411,-0.603,-5.906,-185.92,-48.37,-79.59
,-7.533,-1.117,-4.841,-7.356,-0.713,-5.525,-168.35,-40.95,-70.35
,-7.339,-0.749,-5.343,-7.396,-0.727,-5.396,-153.72,-34.86,-63.7
,-7.392,-0.742,-5.75,-7.27,-0.414,-5.307,-139.65,-29.75,-58.45
59286.0,-7.148,-0.089,-5.719,-6.664,-1.914,-7.291,-84.42,-16.31,-49.98
,-7.301,-0.409,-5.946,-6.884,-1.598,-7.916,-80.43,-13.37,-48.23
,-7.545,-1.108,-6.47,-6.253,-0.445,-8.72,-75.11,-9.45,-43.82
,-7.009,-1.922,-6.951,-5.717,0.821,-9.246,-66.99,-4.2,-38.08
59362.0,-5.564,1.51,-9.481,-7.657,4.611,-7.959,-25.34,5.39,-21.21
,-6.262,2.125,-9.497,-8.114,4.676,-7.452,-28.49,2.03,-19.6
,-6.449,3.254,-9.373,-8.591,3.709,-6.348,-32.48,-3.92,-18.97
,-6.939,4.044,-8.71,-9.658,1.878,-5.116,-39.9,-11.13,-19.04
59438.0,-10.816,-0.101,-4.097,-10.251,-8.189,-4.48,-80.29,-35.91,-8.26
,-12.12,-2.424,-3.015,-7.55,-6.569,-5.121,-73.01,-33.25,-3.29
,-13.424,-4.925,-2.927,-6.324,-4.319,-5.451,-63.7,-28.84,0.07
,-12.903,-7.251,-3.577,-6.93,-2.501,-5.552,-49.35,-24.5,1.75
59514.0,-8.081,-0.61,-5.181,-9.019,0.407,-3.685,-19.04,-19.18,-10.29
,-8.82,1.022,-5.02,-8.868,-0.057,-3.489,-30.17,-21.7,-13.3
,-9.141,1.402,-4.537,-9.04,-0.701,-3.192,-45.92,-24.08,-15.19
,-9.177,0.95,-4.044,-9.232,-1.405,-2.63,-58.1,-25.34,-14.91
59590.0,-9.526,-1.371,-2.383,-9.296,1.065,-2.867,-37.45,-18.76,-2.52
,-9.584,-0.835,-2.453,-9.22,0.845,-3.211,-35.0,-16.73,-3.85
,-9.313,0.072,-2.312,-9.237,0.407,-3.542,-38.5,-14.7,-6.02
,-9.363,0.785,-2.601,-9.136,-0.086,-3.656,-47.25,-13.16,-8.47
59665.0,-9.165,-0.309,-3.874,-9.005,0.168,-4.659,-52.01,-6.72,-7.98
,-9.194,-0.44,-3.953,-8.954,-0.014,-4.886,-40.67,-4.83,-6.79
,-9.198,-0.105,-4.202,-9.0,-0.148,-5.03,-30.66,-3.71,-6.58
,-9.143,0.165,-4.475,-8.863,-0.034,-5.03,-25.62,-3.29,-7.21
59741.0,-8.859,-0.129,-4.951,-8.954,-0.637,-4.357,-24.64,-7.0,-11.76
,-8.878,-0.404,-4.838,-9.086,-0.503,-3.975,-24.36,-7.84,-11.83
,-8.904,-0.546,-4.793,-9.072,-0.086,-3.855,-22.89,-8.33,-11.41
,-8.871,-0.591,-4.606,-9.127,0.067,-3.63,-20.65,-8.4,-10.64
59817.0,-9.107,-0.031,-3.479,-8.909,-1.541,-3.506,-20.44,-7.49,-9.52
,-9.093,-0.306,-3.573,-8.952,-1.151,-3.168,-23.38,-6.93,-9.66
,-8.961,-0.775,-3.606,-9.225,-0.646,-3.302,-25.06,-6.09,-9.17
,-9.0,-1.263,-3.611,-9.177,-0.105,-3.288,-24.43,-5.39,-8.26
59893.0,-9.117,-0.141,-3.218,-9.306,-0.29,-2.953,-20.79,-1.19,-8.47
,-9.072,-0.663,-3.135,-9.287,0.136,-3.106,-22.89,0.14,-8.12
,-9.134,-1.005,-2.965,-9.182,-0.05,-3.183,-19.25,1.89,-6.86
,-9.196,-0.84,-2.871,-9.139,-0.481,-3.202,-11.34,3.99,-5.53
59968.0,-9.148,-0.572,-3.367,-9.15,0.266,-3.898,2.59,10.5,-6.86
,-9.189,-0.266,-3.47,-9.079,0.024,-4.03,5.11,11.34,-7.63
,-9.17,0.151,-3.565,-9.093,-0.022,-4.087,4.62,11.83,-8.61
,-9.206,0.383,-3.754,-9.081,0.031,-4.116,1.47,11.97,-10.08
60044.0,-9.04,0.098,-3.989,-9.225,0.297,-3.278,-3.08,12.67,-14.0
,-8.983,0.124,-3.726,-9.103,0.299,-3.106,-3.36,13.09,-14.28
,-9.016,0.227,-3.518,-9.261,0.333,-3.051,-3.57,13.72,-15.33
,-9.115,0.311,-3.422,-9.332,0.467,-2.936,-5.25,14.21,-16.73
60119.0,-9.083,0.572,-2.831,-8.969,0.122,-2.831,-11.34,18.97,-23.8
,-9.177,0.392,-2.773,-9.002,-0.184,-2.855,-10.01,20.58,-25.06
,-9.203,0.373,-2.718,-9.105,-0.175,-3.003,-8.12,22.4,-26.6
,-9.072,0.342,-2.761,-9.414,0.148,-3.072,-6.02,24.36,-27.51
60195.0,-10.105,1.814,-3.228,-8.863,-2.28,-3.676,8.05,35.77,-33.6
,-9.636,1.539,-3.364,-8.976,-1.273,-4.635,5.04,37.59,-36.61
,-8.859,-1.096,-3.434,-8.622,-3.805,-4.707,1.05,40.32,-36.82
,-8.696,-3.029,-3.398,-10.641,-4.011,-4.523,8.47,43.75,-34.51
60271.0,-10.811,-1.594,-4.276,-10.328,-1.405,-4.413,4.83,51.17,-42.91
,-10.814,-1.68,-4.453,-10.096,-1.141,-4.575,-0.35,52.99,-43.12
,-10.833,-2.209,-4.436,-9.878,-1.117,-4.542,2.31,56.07,-43.61
,-10.651,-1.857,-4.377,-9.672,-0.995,-4.35,7.84,58.52,-42.42
60347.0,-9.287,-0.715,-4.31,-9.17,-0.562,-4.499,10.01,65.94,-38.01
,-9.206,-0.349,-4.346,-9.206,-0.378,-4.279,7.35,66.5,-38.29
,-9.375,-0.258,-4.637,-9.062,-0.522,-4.094,2.1,66.29,-39.55
,-9.203,-0.421,-4.599,-8.933,-0.483,-3.917,-4.27,65.87,-41.02
60422.0,-8.964,-0.665,-3.625,-9.471,-1.029,-3.386,-27.16,63.84,-50.05
,-9.067,-0.799,-3.333,-9.225,-0.704,-3.735,-30.38,64.19,-51.24
,-9.177,-0.983,-3.132,-9.005,-0.613,-3.884,-31.36,64.96,-51.03
,-9.311,-1.024,-2.97,-8.478,-0.158,-4.13,-29.47,66.5,-50.12
60498.0,-8.674,0.206,-5.815,-8.428,0.859,-10.301,3.08,70.84,-49.49
,-8.119,-0.27,-6.616,-8.378,0.476,-9.976,5.39,66.99,-50.75
,-7.789,0.014,-7.88,-7.655,-0.105,-9.502,7.77,63.63,-50.33
,-8.004,0.723,-9.012,-7.145,-1.756,-9.222,4.2,59.99,-50.26
60574.0,-7.559,-1.675,-9.107,-7.959,1.807,-6.65,-38.57,34.72,-32.06
,-8.354,-0.081,-9.131,-7.66,1.046,-7.892,-31.5,24.01,-30.17
,-8.588,1.534,-8.538,-7.138,-0.34,-8.251,-35.98,9.45,-30.24
,-8.023,1.907,-6.724,-7.021,-1.752,-8.248,-53.97,-3.43,-31.22
60650.0,-6.832,-2.625,-7.942,-6.312,-1.68,-7.911,-97.65,-61.53,-7.77
,-7.081,-2.943,-7.679,-6.37,-1.546,-7.736,-80.71,-72.24,-2.94
,-6.865,-2.577,-7.849,-6.379,-1.371,-7.854,-63.21,-83.37,1.61
,-6.396,-2.125,-7.827,-6.384,-1.462,-7.839,-48.79,-92.4,7.21
60726.0,-6.267,-1.362,-7.6,-6.073,0.144,-7.478,-20.09,-138.67,28.07
,-6.334,-1.132,-7.454,-6.272,0.299,-7.648,-15.12,-147.28,32.06
,-6.19,-0.665,-7.533,-6.277,0.053,-8.028,-12.32,-156.03,35.0
,-5.944,-0.153,-7.466,-6.269,-0.584,-8.399,-14.0,-164.08,36.05
60801.0,-6.346,-1.333,-7.913,-6.825,-2.273,-6.93,-71.75,-201.18,26.95
,-6.619,-1.926,-7.399,-6.975,-1.596,-7.033,-74.27,-205.38,24.78
,-6.624,-2.331,-7.128,-7.394,-0.952,-6.827,-74.48,-209.23,22.05
,-6.659,-2.575,-6.98,-7.621,-0.495,-6.683,-70.84,-212.38,19.95
60877.0,-7.758,-0.464,-6.423,-9.088,-1.07,-3.754,-66.5,-225.61,4.34
,-8.016,-0.658,-6.042,-9.062,-1.622,-2.448,-72.73,-226.03,0.63
,-8.49,-0.775,-5.432,-9.299,-1.9,-1.85,-76.16,-225.19,-3.78
,-8.885,-0.567,-4.879,-9.426,-2.106,-1.651,-76.93,-222.6,-8.96
60952.0,-8.911,-2.278,-1.07,-7.65,-2.419,2.331,-86.03,-174.65,-20.79
,-8.308,-2.582,0.436,-7.619,-1.618,2.601,-84.63,-158.06,-17.92
,-8.002,-2.766,1.168,-7.688,-1.378,2.97,-79.59,-138.74,-13.86
,-7.753,-2.984,1.981,-7.612,-0.814,2.737,-70.98,-117.18,-9.66
61028.0,-7.607,-0.263,1.936,-8.722,-0.22,-1.912,-59.71,9.87,8.4
,-7.873,-0.026,1.034,-12.431,-2.218,-2.912,-63.77,33.25,11.06
,-8.016,0.203,-0.065,-19.631,-8.354,2.115,-68.25,53.2,12.32
,-8.43,0.062,-1.184,-17.313,-6.762,0.531,-72.1,69.23,12.25
61104.0,-9.194,-2.374,-0.56,-8.985,-3.185,-4.401,-40.74,62.16,-0.35
,-7.715,-4.815,-0.364,-8.445,-1.086,-4.348,-58.03,74.27,5.32
,-9.107,-9.083,0.699,-8.698,1.168,-4.64,-48.23,94.5,23.59
,-11.615,-5.676,-1.194,-7.87,1.828,-5.109,2.66,119.07,26.74
61180.0,-7.775,1.941,-5.757,-10.464,0.574,-6.226,-14.14,78.19,8.89
,-7.83,2.723,-6.624,-9.665,1.347,-5.537,-26.18,76.02,14.28
,-7.964,2.828,-6.968,-9.232,2.046,-4.788,-28.35,78.96,16.66
,-9.524,1.586,-7.061,-9.801,1.137,-4.142,-28.21,78.89,13.72
61255.0,-9.844,-0.007,-3.932,-8.947,-0.38,-3.967,-45.15,49.77,3.64
,-9.61,-0.428,-3.795,-8.976,-0.605,-3.979,-42.84,47.95,3.08
,-9.148,-0.771,-3.819,-8.902,-1.512,-3.893,-37.52,46.69,2.73
,-9.055,-0.565,-3.941,-8.921,-1.895,-3.661,-34.72,44.31,1.54
61331.0,-9.33,-1.046,-3.486,-9.686,0.838,-3.08,-24.92,34.09,5.88
,-9.56,-0.349,-3.309,-9.624,1.139,-3.18,-17.5,33.18,8.05
,-9.665,0.158,-3.072,-9.557,1.139,-3.262,-12.95,32.55,10.01
,-9.67,0.56,-3.07,-9.452,0.914,-3.436,-8.19,32.2,11.69
61406.0,-9.366,0.601,-3.575,-9.531,0.436,-3.826,2.1,28.35,11.48
,-9.234,0.134,-3.613,-9.591,0.969,-3.905,3.22,27.44,11.83
,-9.27,-0.199,-3.664,-9.541,0.869,-3.987,5.95,26.88,12.46
,-9.356,-0.029,-3.707,-9.332,0.302,-3.989,10.01,26.18,12.81
61482.0,-9.067,-0.225,-3.967,-9.318,0.514,-3.556,0.63,20.16,7.63
,-9.127,-0.517,-3.786,-9.342,0.668,-3.367,3.85,19.67,7.77
,-9.256,-0.299,-3.75,-9.323,0.412,-3.104,8.4,19.04,7.91
,-9.361,0.045,-3.711,-9.344,0.495,-3.027,12.95,18.97,8.12
61558.0,-9.555,0.761,-3.07,-9.304,0.469,-3.336,14.7,18.97,6.79
,-9.526,1.098,-3.144,-9.363,0.304,-3.4,13.3,19.18,6.09
,-9.387,0.96,-3.195,-9.325,0.007,-3.245,10.43,19.32,5.53
,-9.328,0.771,-3.297,-9.351,0.182,-3.269,7.28,19.04,4.62
61634.0,-9.289,0.151,-3.171,-9.356,-0.321,-2.754,5.46,21.35,4.48
,-9.258,0.249,-3.151,-9.261,-0.371,-2.632,5.32,21.98,4.62
,-9.299,0.187,-3.125,-9.258,0.132,-2.769,4.34,23.03,4.76
,-9.284,-0.007,-3.049,-9.38,0.443,-2.503,4.2,23.94,5.18
61710.0,-9.217,0.821,-2.345,-9.043,0.012,-2.58,2.94,31.15,5.11
,-9.179,0.945,-2.4,-9.05,0.134,-2.888,-3.29,32.69,4.13
,-9.316,0.821,-2.446,-9.162,-0.069,-3.041,-7.77,34.23,3.36
,-9.16,0.33,-2.316,-9.232,-0.239,-3.467,-10.01,36.4,2.87
61785.0,-9.225,-0.275,-3.817,-9.194,0.34,-3.869,2.1,46.9,3.71
,-9.15,-0.29,-3.841,-9.32,0.359,-3.807,6.58,48.72,4.13
,-9.349,0.091,-3.826,-9.411,0.364,-3.924,10.71,50.05,4.34
,-9.794,-0.261,-4.381,-9.598,0.005,-3.97,11.2,51.66,4.2
61861.0,-9.672,-0.261,-4.066,-9.876,-1.529,-4.166,17.57,59.71,4.9
,-10.558,-0.464,-4.441,-9.488,-0.069,-4.417,21.84,62.86,7.14
,-9.208,1.048,-3.965,-10.124,-0.321,-4.389,27.93,63.49,12.04
,-9.775,0.677,-3.975,-11.046,1.041,-4.671,31.01,65.94,9.87
61937.0,-12.122,2.032,-5.353,-10.177,-0.072,-3.285,32.83,74.27,-7.21
,-11.216,-1.089,-4.776,-10.112,-0.806,-3.178,18.97,76.23,-10.22
,-10.385,-3.233,-3.783,-9.94,-1.5,-3.254,20.65,80.01,-7.98
,-10.115,-1.098,-3.252,-9.804,-1.747,-3.082,35.14,83.65,-5.32
62013.0,-10.091,-1.665,-2.96,-10.404,-1.835,-1.658,33.95,98.98,-5.67
,-10.261,-1.407,-3.034,-10.718,-2.431,-0.457,38.22,102.27,-3.71
,-10.16,-1.45,-2.771,-10.782,-2.845,0.105,41.16,105.77,-0.7
,-10.156,-1.771,-1.711,-10.639,-2.182,-0.651,45.43,110.11,3.85
62088.0,-10.684,-2.374,-1.182,-8.459,0.591,-6.53,87.85,133.49,36.96
,-10.079,-2.158,-2.469,-8.765,1.646,-7.815,97.79,135.66,41.3
,-9.43,-1.273,-4.386,-9.969,1.699,-9.493,112.0,136.43,43.4
,-8.873,-0.603,-6.26,-10.124,1.412,-10.751,122.5,135.31,40.67
62164.0,-9.612,1.665,-11.141,-6.181,-1.287,-10.983,69.02,113.26,8.19
,-8.713,1.974,-11.05,-6.212,-1.883,-10.938,51.45,102.76,9.66
,-7.538,1.156,-10.904,-5.872,-1.397,-10.335,31.92,90.16,10.36
,-6.312,-0.328,-11.0,-5.791,-0.546,-10.014,19.46,77.49,10.99
62239.0,-5.602,0.002,-9.411,-4.092,-0.261,-9.208,42.49,-1.26,37.73
,-5.607,0.323,-8.679,-3.8,-0.589,-8.945,32.34,-23.73,40.39
,-5.334,0.337,-8.667,-4.08,-1.034,-8.689,16.03,-47.11,40.67
,-4.944,0.153,-8.923,-3.781,-1.101,-8.677,-1.4,-70.14,40.53
62315.0,-3.86,-1.24,-8.691,-5.008,-0.622,-8.6,-37.73,-142.03,38.08
,-4.252,-1.374,-8.15,-4.681,-0.349,-8.789,-36.33,-154.84,37.38
,-4.374,-1.338,-8.071,-4.755,-0.524,-8.521,-31.78,-168.7,34.44
,-4.848,-1.058,-8.078,-4.949,-1.003,-8.284,-28.56,-181.93,30.8
62391.0,-5.09,-1.855,-7.992,-6.1,-1.622,-7.825,-35.84,-222.6,32.76
,-5.552,-1.85,-7.928,-6.128,-1.515,-7.758,-32.83,-227.22,30.38
,-5.889,-1.79,-7.801,-6.296,-1.144,-7.6,-28.84,-230.16,29.19
,-6.126,-1.651,-7.684,-6.576,-0.713,-7.466,-25.69,-232.19,29.54
62467.0,-6.726,-0.447,-7.483,-8.026,-0.17,-6.509,-9.17,-237.58,28.7
,-7.188,-0.306,-7.394,-8.65,-0.124,-5.683,-11.69,-239.19,26.6
,-7.272,-0.33,-7.059,-9.332,-0.01,-4.903,-15.68,-240.17,24.57
,-7.645,-0.256,-6.86,-9.478,-0.029,-3.975,-18.62,-239.82,22.75
62542.0,-9.564,0.191,-3.369,-8.868,-0.718,-0.01,-35.28,-219.31,3.99
,-9.706,0.024,-2.393,-8.399,-1.007,0.682,-45.5,-210.28,-0.91
,-9.009,-0.16,-0.955,-7.911,-1.493,1.914,-55.23,-197.89,-4.9
,-8.882,-0.254,-0.211,-7.77,-1.586,2.07,-61.6,-182.63,-7.84
62618.0,-7.626,-1.73,2.321,-8.107,1.204,1.113,-67.48,-77.21,-6.79
,-7.724,-1.948,2.783,-8.215,1.551,0.28,-61.88,-50.61,-1.4
,-7.796,-1.082,2.517,-8.339,1.464,-0.457,-54.25,-24.36,3.71
,-7.916,0.232,1.974,-8.533,1.058,-1.347,-50.12,0.21,6.72
62694.0,-9.057,0.352,-2.199,-11.096,-1.196,-0.172,-76.86,86.31,8.54
,-11.974,-1.297,-3.089,-6.162,-2.697,0.648,-80.15,90.44,8.96
,-18.622,-7.164,2.395,-9.935,-6.336,0.132,-84.98,71.61,10.71
,-18.349,-5.41,2.008,-11.003,-6.001,-1.862,-63.77,63.42,8.68
62770.0,-9.612,-3.522,-4.982,-6.308,2.07,-8.186,-35.35,138.95,12.53
,-8.394,0.371,-6.628,-6.954,2.517,-8.71,-10.15,134.4,10.85
,-7.389,2.69,-7.016,-7.767,2.871,-8.026,-4.34,118.37,3.71
,-6.576,2.723,-7.76,-9.629,1.402,-7.217,-29.68,99.61,-7.07
62846.0,-10.333,0.299,-6.767,-10.093,-0.584,-3.434,-43.47,73.85,0.28
,-9.483,0.182,-6.114,-9.493,-0.38,-3.513,-33.53,66.57,2.38
,-9.385,-0.086,-4.795,-8.368,-0.5,-3.458,-29.47,61.18,5.32
,-10.084,-0.531,-3.793,-8.459,-0.144,-3.699,-29.4,57.61,6.93
62921.0,-9.311,0.821,-4.164,-9.61,0.086,-4.556,-33.25,49.84,-1.47
,-9.043,1.251,-4.551,-9.485,0.28,-4.503,-39.97,46.62,0.84
,-8.971,0.407,-4.515,-9.428,0.366,-4.338,-42.42,43.82,3.43
,-9.363,-0.041,-4.451,-9.368,0.189,-4.204,-34.23,41.86,5.6
62997.0,-9.234,-0.098,-3.982,-9.095,-0.115,-4.69,0.21,33.74,12.39
,-9.368,-0.067,-4.137,-9.148,-0.503,-4.578,2.17,32.62,11.9
,-9.359,0.23,-4.451,-9.215,-0.476,-4.491,3.43,31.29,11.27
,-9.22,0.215,-4.647,-9.33,-0.268,-4.331,3.08,29.75,10.78
63072.0,-9.27,0.096,-4.346,-9.409,1.139,-4.207,20.51,22.19,12.74
,-9.237,0.354,-4.264,-9.213,1.474,-4.075,21.21,20.72,12.67
,-9.232,0.536,-4.188,-9.349,1.445,-3.826,19.53,19.39,12.25
,-9.375,0.534,-4.104,-9.368,1.397,-3.589,17.01,17.85,11.13
63148.0,-9.462,1.677,-3.542,-9.342,1.07,-2.501,4.62,12.74,6.72
,-9.378,1.728,-3.075,-9.311,0.452,-2.376,0.7,12.46,5.95
,-9.433,1.586,-2.795,-9.251,-0.163,-2.28,-3.22,12.81,5.11
,-9.407,1.285,-2.639,-9.239,-0.275,-2.137,-6.09,13.72,4.41
63224.0,-9.282,-0.098,-2.235,-9.273,-0.347,-2.551,-5.04,22.26,4.97
,-9.249,0.048,-2.441,-9.16,-0.38,-2.637,-3.29,24.5,5.32
,-9.263,-0.093,-2.362,-9.239,-0.28,-2.697,-2.94,26.95,5.67
,-9.229,-0.11,-2.58,-9.122,0.115,-2.673,-2.24,29.05,6.37
63300.0,-9.091,0.278,-2.608,-8.942,0.084,-2.864,9.17,40.11,10.01
,-9.11,0.323,-2.615,-8.99,-0.089,-2.63,7.7,42.35,9.66
,-9.052,0.014,-2.723,-9.127,0.311,-2.881,7.28,44.31,9.45
,-8.923,-0.014,-2.783,-9.184,0.646,-3.139,8.47,46.69,9.24
63375.0,-9.246,0.928,-3.551,-9.902,0.139,-4.999,11.27,57.75,8.89
,-9.33,0.775,-4.094,-10.026,-0.148,-4.992,9.31,59.15,8.26
,-9.373,0.558,-4.408,-9.926,1.079,-4.776,9.17,60.41,8.12
,-9.545,0.438,-4.757,-9.727,0.146,-4.791,10.92,61.6,8.75
63451.0,-9.962,-0.852,-4.834,-9.651,-0.742,-4.482,34.93,68.6,10.85
,-9.435,-0.22,-4.908,-9.825,-0.27,-4.568,35.91,70.14,8.89
,-9.66,-0.845,-4.642,-10.514,1.936,-4.448,31.78,71.4,7.63
,-9.634,-1.01,-4.578,-11.747,3.434,-5.006,32.34,73.36,6.51
63527.0,-10.993,0.208,-4.362,-9.89,-0.438,-2.967,17.78,81.9,-7.21
,-9.804,-3.082,-3.436,-9.512,-1.519,-2.843,15.82,86.24,-4.27
,-9.663,-1.821,-2.819,-9.653,-1.735,-2.766,31.01,90.58,0.7
,-9.921,-0.278,-2.814,-9.966,-1.91,-2.233,42.42,94.5,2.8
63603.0,-10.665,-2.592,-1.139,-11.656,-2.498,-1.383,55.23,116.41,14.7
,-11.297,-2.862,-0.696,-11.211,-2.864,-1.819,68.46,122.01,20.23
,-11.548,-2.402,-0.826,-10.617,-2.053,-3.408,82.11,128.03,27.37
,-11.833,-2.62,-0.866,-9.773,-0.708,-5.475,89.6,133.98,35.35
63679.0,-8.885,0.577,-6.786,-9.543,0.991,-10.742,140.56,139.23,47.32
,-8.856,1.443,-7.686,-9.028,1.5,-11.192,136.01,137.69,40.25
,-9.454,1.362,-8.768,-7.727,1.766,-11.486,119.63,134.75,31.15
,-10.115,1.094,-10.266,-6.406,0.964,-11.192,102.9,128.1,21.91
63754.0,-5.958,0.053,-11.122,-4.214,-0.223,-10.321,39.97,65.8,19.88
,-5.157,-0.749,-11.649,-4.858,0.675,-9.05,34.02,52.29,20.3
,-4.542,-1.371,-12.053,-5.492,1.139,-8.923,31.64,40.18,22.19
,-4.271,-1.086,-11.718,-5.422,1.012,-8.758,34.93,29.19,25.69
63830.0,-5.372,0.596,-8.15,-4.176,-1.491,-8.818,-14.77,-67.55,35.35
,-5.262,0.294,-8.263,-4.044,-1.699,-8.914,-32.34,-88.34,33.04
,-4.748,-0.194,-8.72,-3.384,-1.768,-8.856,-46.62,-106.75,32.34
,-4.121,-0.969,-8.737,-3.637,-1.527,-8.502,-51.73,-120.68,30.8
63906.0,-4.147,-1.68,-8.301,-4.415,-0.261,-8.519,-34.02,-172.55,28.49
,-4.085,-1.653,-8.358,-4.396,-0.11,-8.385,-27.51,-184.17,24.85
,-4.41,-1.433,-8.576,-4.664,-0.495,-8.536,-21.14,-194.11,23.38
,-4.726,-0.974,-8.555,-4.625,-0.962,-8.897,-16.31,-201.04,24.92
63982.0,-4.69,-1.39,-8.658,-6.217,-1.261,-7.629,-37.94,-232.82,25.76
,-5.075,-1.318,-8.406,-6.485,-0.998,-7.423,-31.5,-236.32,24.57
,-5.358,-1.144,-8.253,-6.777,-0.572,-7.253,-25.2,-238.84,24.01
,-5.82,-1.254,-7.947,-7.128,-0.179,-6.913,-18.41,-240.03,24.64
64057.0,-7.396,0.005,-6.688,-9.284,-0.237,-4.858,4.06,-239.12,20.79
,-7.653,0.084,-6.353,-9.576,-0.144,-3.664,3.22,-236.95,20.51
,-8.466,-0.026,-5.997,-9.27,0.735,-3.439,0.21,-233.73,20.23
,-8.949,-0.328,-5.465,-8.648,0.404,-1.374,-2.52,-229.88,18.83
64133.0,-8.844,0.471,-0.333,-8.246,-0.503,0.462,-38.43,-186.2,-0.7
,-9.423,0.622,-0.474,-7.966,-1.228,1.555,-43.19,-172.06,-7.84
,-8.902,0.754,-0.043,-8.062,-1.642,2.029,-52.71,-156.8,-12.74
,-8.71,0.187,0.254,-8.16,-1.28,1.972,-66.71,-139.23,-15.05
64208.0,-8.129,-0.778,2.161,-8.301,1.177,-0.438,-69.51,-26.46,-3.08
,-8.162,-0.101,1.847,-8.277,0.962,-1.077,-66.08,-2.45,0.84
,-8.294,0.756,1.158,-9.275,0.273,-1.996,-65.1,19.67,3.22
,-8.387,1.129,0.304,-16.511,-4.207,-1.646,-68.53,40.04,4.48
64284.0,-20.613,-6.09,3.537,-9.292,-8.057,-0.077,-67.55,62.86,10.5
,-14.312,-2.17,0.893,-10.421,-5.76,-1.998,-55.16,64.4,-2.66
,-7.466,-1.625,0.261,-10.005,-2.084,-4.736,-80.22,75.6,-13.86
,-8.062,-6.908,1.228,-8.82,1.287,-5.977,-104.3,91.77,0.49
64360.0,-7.822,3.448,-6.896,-8.689,1.51,-7.026,8.47,110.95,5.04
,-6.652,4.039,-7.566,-9.682,0.962,-6.485,-20.51,98.49,-3.43
,-6.798,3.372,-8.143,-9.536,0.694,-6.262,-48.3,91.7,-1.26
,-7.657,2.417,-7.985,-9.21,0.452,-5.195,-55.3,88.2,3.71
64436.0,-9.883,0.184,-3.927,-8.232,0.045,-3.472,-23.73,58.1,5.53
,-10.507,-0.144,-3.202,-8.727,0.658,-3.869,-24.64,55.58,6.65
,-10.175,-0.129,-3.125,-9.201,0.823,-4.034,-24.22,55.72,5.88
,-9.11,-0.096,-3.204,-8.815,0.251,-3.994,-25.62,55.93,3.57
64511.0,-9.229,-0.416,-3.994,-9.342,0.56,-3.86,-48.09,43.05,-0.49
,-9.651,0.175,-4.262,-9.416,0.328,-3.802,-34.16,41.44,0.42
,-9.562,0.981,-4.448,-9.481,0.357,-3.946,-24.92,39.41,2.31
,-9.344,0.969,-4.14,-9.361,0.357,-4.082,-21.91,37.31,4.69
64587.0,-9.189,0.012,-4.006,-9.423,0.077,-4.369,-14.7,29.96,5.25
,-9.234,-0.447,-4.068,-9.387,0.086,-4.36,-13.51,29.33,5.39
,-9.323,-0.421,-4.082,-9.191,-0.213,-4.403,-9.45,28.28,5.46
,-9.411,-0.16,-4.197,-9.048,-0.584,-4.405,-5.04,27.37,5.6
64662.0,-9.095,-0.622,-4.441,-9.134,0.771,-4.276,8.47,21.21,8.05
,-9.366,-0.127,-4.463,-9.148,0.713,-4.2,10.71,19.46,6.93
,-9.459,0.51,-4.489,-9.174,0.67,-4.058,9.17,17.64,5.81
,-9.308,0.861,-4.451,-9.263,0.885,-3.9,4.97,15.89,5.46
64738.0,-9.249,1.383,-3.879,-9.261,0.416,-2.924,3.43,10.15,6.3
,-9.239,1.297,-3.477,-9.184,0.273,-2.69,-1.4,9.59,5.74
,-9.332,0.998,-3.25,-9.251,0.345,-2.273,-6.44,9.66,4.76
,-9.213,0.854,-3.096,-9.433,0.629,-2.374,-10.22,9.73,4.2
64814.0,-9.452,0.526,-2.307,-9.229,0.089,-2.446,-6.86,16.8,6.44
,-9.347,0.421,-2.484,-9.347,0.335,-2.407,-6.51,19.18,7.07
,-9.186,-0.165,-2.474,-9.363,0.426,-2.398,-5.25,21.42,8.12
,-9.194,-0.199,-2.582,-9.392,0.512,-2.568,-0.42,23.66,9.03
64890.0,-9.273,0.452,-2.539,-9.244,0.33,-2.312,8.12,33.67,7.63
,-9.284,0.447,-2.386,-9.1,0.593,-2.618,9.17,35.98,7.21
,-9.258,0.471,-2.283,-9.134,0.498,-2.8,9.94,38.22,7.28
,-9.196,0.213,-2.268,-9.05,0.28,-2.754,10.85,40.18,7.35
64966.0,-9.112,0.333,-3.056,-9.435,0.206,-4.862,12.18,51.59,6.51
,-9.253,0.467,-3.415,-9.552,-0.048,-5.343,13.16,53.48,6.58
,-9.32,0.526,-3.893,-9.787,-0.275,-5.788,13.93,55.23,6.93
,-9.43,0.304,-4.29,-9.234,0.215,-5.781,15.33,56.63,7.21
65041.0,-10.206,1.653,-5.549,-9.782,0.086,-4.621,34.09,58.45,13.09
,-9.462,-0.005,-5.267,-10.414,1.429,-4.472,34.86,59.29,10.36
,-9.646,-0.572,-5.061,-11.378,3.625,-5.09,39.83,60.27,7.7
,-9.49,0.237,-4.819,-11.084,0.311,-4.503,39.83,61.11,6.37
65117.0,-9.854,-3.254,-3.429,-9.521,-1.194,-2.977,19.11,67.76,-4.97
,-9.593,-1.328,-2.848,-9.507,-1.144,-3.113,37.87,72.38,-0.14
,-9.902,0.723,-3.029,-9.887,-0.897,-3.242,46.48,75.74,0.49
,-10.053,0.007,-3.013,-10.108,-1.062,-3.259,41.65,79.03,-1.33
65193.0,-9.964,-1.409,-3.295,-10.029,-2.441,-1.424,41.79,95.2,0.7
,-9.763,-1.498,-3.293,-10.179,-2.895,-1.134,44.8,98.84,3.15
,-9.742,-1.618,-3.063,-9.981,-2.601,-1.388,47.95,102.27,6.93
,-9.706,-1.957,-2.163,-9.878,-2.297,-1.706,52.99,106.19,12.04
65269.0,-9.777,-1.907,-2.297,-7.906,-0.091,-5.887,97.09,128.45,44.1
,-9.579,-1.51,-3.587,-8.287,0.84,-6.975,105.14,130.83,46.41
,-9.031,-1.307,-4.302,-9.141,0.83,-8.476,111.79,131.67,46.13
,-8.433,-0.471,-5.932,-9.28,0.469,-8.981,119.14,131.39,42.91
65344.0,-9.019,0.797,-9.931,-6.004,-0.043,-10.682,78.05,114.8,15.68
,-8.641,1.247,-10.639,-5.564,-0.979,-11.507,67.55,105.56,13.58
,-7.808,1.328,-10.414,-5.64,-1.177,-10.993,54.53,94.08,12.67
,-6.908,0.828,-10.536,-6.114,-0.617,-10.213,40.18,81.69,11.41
65420.0,-6.133,-0.144,-9.445,-5.267,-0.072,-9.016,17.78,17.29,17.85
,-6.224,0.144,-9.146,-4.652,-0.73,-9.122,12.39,-3.36,20.37
,-6.226,0.242,-8.67,-4.518,-1.244,-9.048,1.68,-25.48,20.86
,-5.906,0.424,-8.703,-4.448,-1.689,-9.167,-13.3,-47.11,22.19
65495.0,-4.374,-2.034,-9.04,-4.57,-1.622,-8.442,-38.15,-119.63,21.63
,-4.032,-2.111,-8.815,-4.59,-1.613,-8.457,-32.55,-131.04,21.63
,-4.369,-1.799,-8.545,-4.413,-1.307,-8.67,-25.48,-142.66,21.49
,-4.494,-1.522,-8.492,-4.252,-1.019,-8.636,-21.35,-154.49,21.84
65571.0,-4.669,-0.914,-8.361,-4.664,-1.496,-8.885,-15.96,-198.52,29.05
,-4.819,-0.888,-8.402,-5.389,-1.744,-8.282,-20.93,-206.57,28.91
,-4.908,-0.972,-8.65,-5.587,-1.675,-8.189,-25.55,-214.13,28.28
,-4.791,-1.132,-9.354,-5.858,-1.488,-8.263,-27.86,-220.99,27.58
65647.0,-6.042,-1.173,-8.086,-7.253,-0.12,-7.054,0.14,-232.54,34.16
,-6.217,-0.955,-7.966,-7.82,0.392,-7.052,3.92,-233.66,34.65
,-6.511,-0.665,-7.681,-8.215,0.68,-6.636,7.7,-234.92,34.37
,-6.834,-0.467,-7.32,-8.782,0.782,-6.066,12.04,-235.34,33.11
65723.0,-8.981,0.747,-5.126,-9.392,0.936,-1.768,4.76,-224.84,22.89
,-8.849,0.354,-3.58,-8.782,0.914,-0.914,-1.12,-218.68,17.43
,-9.093,0.28,-2.778,-8.732,-0.146,-0.017,-3.64,-209.58,11.76
,-9.435,0.409,-2.108,-8.5,-1.0,0.005,-4.69,-199.22,5.53
65798.0,-8.181,-1.613,0.864,-8.303,-0.718,1.833,-51.03,-120.12,-5.18
,-7.839,-1.606,1.417,-8.356,-0.084,1.457,-48.72,-98.84,-2.8
,-8.026,-1.304,1.479,-8.385,0.385,0.998,-42.35,-76.72,-0.14
,-8.189,-1.106,1.783,-8.428,0.826,0.536,-38.5,-54.18,2.73
65874.0,-8.342,0.792,0.014,-13.671,-1.689,-2.364,-43.82,43.96,8.68
,-8.236,0.625,-0.548,-19.493,-5.169,4.719,-50.26,58.59,8.82
,-8.37,0.385,-0.909,-17.55,-2.091,0.952,-55.72,71.19,8.82
,-8.961,0.395,-1.486,-9.823,-0.067,-0.771,-60.69,80.85,8.19
65950.0,-7.061,-3.704,0.622,-11.134,1.17,-3.372,-117.53,53.06,-23.1
,-7.674,-7.861,1.433,-10.684,2.139,-5.69,-119.7,68.46,-9.8
,-9.1,-7.727,1.182,-8.811,2.907,-6.183,-79.31,92.4,5.81
,-11.381,-2.424,-0.694,-7.239,3.766,-7.064,-31.15,111.23,12.11
66026.0,-6.317,2.726,-7.521,-9.83,1.644,-5.351,-53.97,83.65,-4.34
,-7.576,0.732,-7.444,-10.227,1.067,-4.803,-49.84,78.89,2.66
,-8.789,0.026,-6.698,-10.139,-0.199,-4.312,-31.85,73.57,7.07
,-9.253,1.072,-5.932,-9.392,-0.598,-3.843,-11.06,66.85,9.66
66102.0,-8.658,-0.627,-3.506,-9.009,-0.034,-3.262,-14.49,45.71,6.44
,-9.296,-0.574,-3.434,-9.129,-0.562,-3.058,-18.55,43.82,0.07
,-9.529,0.464,-3.721,-9.483,-0.402,-3.068,-27.51,41.65,-3.01
,-9.249,0.567,-3.589,-9.749,0.124,-3.032,-41.02,39.55,-2.8
66177.0,-9.797,0.534,-2.941,-9.433,0.519,-3.221,-7.07,33.81,10.64
,-9.569,0.452,-2.793,-9.457,0.428,-3.283,-1.82,33.46,12.81
,-9.363,0.383,-2.857,-9.517,0.254,-3.46,2.45,32.9,13.51
,-9.507,0.555,-3.149,-9.481,0.203,-3.501,4.06,32.06,12.6
66253.0,-9.435,0.278,-3.379,-9.361,0.471,-3.814,11.83,29.47,12.46
,-9.39,0.39,-3.319,-9.399,0.17,-3.843,17.78,28.84,13.44
,-9.445,0.603,-3.589,-9.301,0.012,-3.97,22.33,27.79,13.3
,-9.399,0.589,-3.628,-9.227,0.06,-3.865,23.24,26.53,12.74
66328.0,-9.344,0.534,-3.879,-9.363,1.165,-3.508,25.48,20.86,9.73
,-9.44,0.739,-3.728,-9.385,1.187,-3.498,25.34,19.6,9.1
,-9.308,0.914,-3.661,-9.277,1.024,-3.496,23.52,18.41,8.26
,-9.282,1.005,-3.611,-9.277,0.792,-3.448,20.86,17.36,7.28
66404.0,-9.246,0.672,-3.496,-9.411,0.498,-3.463,6.72,13.86,3.99
,-9.136,0.433,-3.348,-9.308,0.299,-3.357,5.88,13.72,3.71
,-9.21,0.385,-3.29,-9.337,0.278,-3.326,5.18,13.58,3.78
,-9.268,0.498,-3.386,-9.375,0.483,-3.264,5.32,13.37,3.78
66480.0,-9.361,0.395,-3.216,-9.32,0.199,-2.855,10.08,14.7,4.48
,-9.325,0.223,-3.058,-9.301,0.002,-2.821,12.39,15.4,5.32
,-9.332,0.354,-2.97,-9.337,-0.014,-2.816,16.38,16.24,5.95
,-9.383,0.287,-2.967,-9.311,0.067,-2.828,19.39,17.08,6.16
66556.0,-9.28,0.311,-2.898,-9.107,0.287,-3.709,30.38,22.75,5.88
,-9.311,0.306,-3.096,-9.141,0.663,-3.798,29.54,23.8,5.74
,-9.325,0.077,-3.264,-9.127,1.027,-3.893,30.59,25.06,6.09
,-9.153,0.041,-3.4,-9.363,0.969,-4.171,33.74,26.04,6.65
66631.0,-9.076,0.852,-4.288,-8.902,0.263,-4.611,35.56,26.53,4.27
,-8.947,0.522,-4.405,-8.899,0.273,-4.633,35.91,26.39,4.62
,-8.969,0.4,-4.566,-9.055,0.292,-4.566,38.22,25.9,4.9
,-8.949,0.361,-4.714,-9.282,0.225,-4.597,40.6,25.48,5.32
66707.0,-9.131,-0.096,-4.544,-9.014,-0.084,-4.18,49.0,24.71,7.49
,-8.902,-0.232,-4.422,-8.935,-0.321,-4.018,52.64,25.2,8.33
,-8.873,-0.053,-4.331,-9.002,-0.373,-3.783,56.98,25.69,8.89
,-8.964,0.034,-4.329,-8.966,-0.342,-3.558,60.06,26.25,9.03
66782.0,-8.878,-0.127,-3.257,-9.337,0.426,-3.417,77.63,33.6,10.36
,-8.99,-0.141,-3.345,-8.83,-0.94,-3.601,80.22,35.35,9.8
,-8.667,-0.601,-2.891,-8.796,-0.299,-4.056,82.53,37.94,12.74
,-9.021,1.869,-3.206,-8.966,-0.022,-4.637,88.9,40.18,18.48
66858.0,-9.454,0.321,-5.173,-9.622,-1.058,-7.337,94.92,44.94,17.43
,-9.562,0.108,-5.698,-8.894,-1.285,-7.459,91.56,43.82,16.8
,-9.619,-0.239,-6.298,-8.334,-1.244,-7.423,90.65,42.56,16.31
,-9.806,-0.668,-6.858,-7.932,-1.141,-7.351,91.56,40.81,15.96
66934.0,-7.81,-1.091,-7.179,-7.758,-1.005,-6.573,101.64,29.54,24.43
,-7.779,-1.158,-6.999,-7.889,-0.974,-6.817,102.83,26.88,24.85
,-7.734,-1.189,-6.911,-7.653,-1.012,-6.569,103.39,24.15,24.99
,-7.777,-1.113,-6.808,-7.784,-1.816,-5.98,102.97,21.35,25.27
67010.0,-7.818,-1.95,-5.97,-7.542,-0.876,-6.147,99.12,13.93,34.86
,-7.971,-1.776,-6.358,-7.43,-0.818,-6.121,105.0,13.23,37.66
,-7.913,-1.701,-6.169,-7.329,-0.723,-6.198,107.31,12.11,40.11
,-7.679,-1.292,-6.025,-7.37,-0.732,-6.205,109.9,11.2,43.19
67086.0,-7.442,-0.775,-6.267,-7.679,-0.56,-6.265,125.23,9.31,63.49
,-7.712,-0.699,-6.456,-7.538,-0.428,-6.083,130.48,8.19,66.64
,-7.741,-0.534,-6.542,-7.428,-0.208,-5.858,134.12,7.0,69.3
,-7.971,-0.203,-7.107,-7.612,0.115,-5.918,136.29,5.18,71.05
67161.0,-7.808,-0.182,-5.659,-7.593,-1.371,-5.135,132.09,-3.5,78.54
,-7.767,-0.23,-5.508,-7.698,-2.048,-5.226,127.19,-6.16,77.63
,-7.715,-0.364,-5.537,-7.995,-2.56,-5.071,123.41,-8.4,76.44
,-7.6,-0.735,-5.444,-8.212,-2.68,-4.862,118.65,-10.64,75.25
67237.0,-8.574,-2.367,-5.281,-8.325,-2.982,-4.771,128.94,-13.65,77.63
,-8.624,-2.132,-5.114,-8.349,-2.917,-4.606,130.2,-14.91,76.93
,-8.679,-2.115,-5.068,-8.425,-2.965,-4.295,128.87,-16.24,76.09
,-8.524,-2.642,-4.862,-8.461,-3.082,-4.061,126.28,-17.15,75.32
67313.0,-8.406,-2.848,-3.91,-9.04,-1.283,-4.298,136.15,-13.93,67.83
,-8.753,-2.472,-4.128,-9.016,-1.984,-4.269,135.87,-12.53,65.87
,-9.495,-2.115,-4.513,-8.88,-3.005,-4.331,133.35,-11.76,63.98
,-9.136,-1.622,-4.513,-8.772,-3.776,-4.281,129.85,-11.62,58.45
67389.0,-8.708,-3.788,-4.113,-9.347,-2.398,-3.278,118.09,-19.74,43.47
,-8.875,-3.419,-4.003,-9.229,-2.434,-3.003,124.95,-21.63,42.98
,-9.177,-2.874,-3.726,-9.007,-2.343,-2.938,131.11,-22.75,42.7
,-9.332,-2.544,-3.479,-9.105,-2.065,-2.702,135.59,-23.45,42.28
67464.0,-9.167,-1.584,-2.857,-9.103,-1.646,-2.69,151.06,-21.63,39.13
,-9.17,-1.211,-2.824,-8.926,-1.677,-2.568,151.9,-21.35,38.01
,-9.177,-1.23,-2.776,-8.868,-1.56,-2.462,150.57,-21.07,37.24
,-9.148,-1.376,-2.668,-9.057,-1.153,-2.402,148.96,-20.86,36.96
67540.0,-9.206,-0.73,-2.402,-8.933,-0.4,-2.063,157.15,-19.6,37.24
,-9.213,-0.531,-2.491,-9.026,-0.242,-2.094,154.7,-19.6,35.91
,-9.127,-0.617,-2.259,-9.04,-0.273,-2.082,149.87,-19.53,34.79
,-8.926,-0.51,-2.127,-9.038,-0.445,-2.063,145.95,-18.76,33.95
67615.0,-8.985,-0.416,-1.974,-9.105,0.38,-1.967,126.07,-12.32,29.54
,-8.957,-0.285,-1.965,-9.103,0.696,-1.912,123.48,-9.94,29.4
,-9.031,-0.074,-2.012,-9.06,0.897,-1.919,119.7,-8.05,28.7
,-9.131,0.141,-1.996,-9.028,0.895,-1.888,115.5,-5.74,28.0
67691.0,-8.88,0.775,-1.773,-10.098,0.103,-1.017,80.36,8.54,24.78
,-8.885,0.548,-1.634,-10.983,-0.227,-0.467,72.1,13.09,26.32
,-9.148,0.464,-1.496,-11.814,-0.172,0.151,65.66,17.43,28.21
,-9.524,0.371,-1.311,-12.173,0.364,0.321,59.57,21.07,30.31
67767.0,-11.912,0.634,0.124,-9.844,-0.983,-0.514,26.04,13.51,27.79
,-11.029,0.05,-0.034,-9.581,-0.972,-1.048,9.45,9.73,22.26
,-10.156,-0.524,-0.213,-9.359,-1.11,-1.689,-5.74,8.33,18.76
,-9.775,-0.835,-0.268,-9.497,-1.34,-2.12,-17.01,10.71,17.5
67843.0,-9.545,-1.376,-2.668,-9.179,-0.629,-4.458,-25.69,35.7,16.03
,-9.399,-1.33,-3.293,-9.368,-0.421,-4.446,-23.87,36.19,16.1
,-9.275,-1.213,-3.896,-9.462,-0.486,-4.058,-21.07,35.91,16.87
,-9.098,-0.967,-4.173,-9.44,-0.55,-4.209,-16.73,34.65,17.71
67918.0,-9.249,-0.644,-4.145,-9.174,-0.629,-3.661,-12.25,23.87,18.34
,-9.117,-0.541,-3.898,-9.107,-1.01,-3.376,-14.84,21.28,16.87
,-9.222,-0.388,-3.934,-9.15,-1.266,-2.929,-19.46,19.04,14.28
,-9.203,-0.503,-3.912,-9.351,-1.031,-2.642,-26.81,17.08,11.97
67994.0,-9.67,-0.055,-2.627,-9.605,1.426,-3.151,-24.92,15.82,15.54
,-9.758,0.948,-2.886,-9.574,1.012,-3.324,-19.04,16.24,17.29
,-9.67,1.534,-2.917,-9.622,0.526,-3.539,-15.68,16.59,19.81
,-9.61,1.685,-3.056,-9.375,-0.16,-3.604,-13.44,16.45,21.7
68070.0,-9.287,-0.608,-3.654,-9.189,0.325,-3.783,4.76,14.35,25.13
,-9.241,-0.653,-3.676,-9.229,0.5,-3.704,8.61,13.86,24.43
,-9.189,-0.294,-3.845,-9.265,0.51,-3.577,10.85,13.09,23.24
,-9.194,0.096,-3.814,-9.241,0.474,-3.367,10.92,12.25,22.05
68146.0,-9.304,0.479,-3.161,-9.411,1.357,-2.912,8.82,9.66,21.21
,-9.445,1.019,-3.111,-9.397,0.912,-2.97,10.92,9.94,20.93
,-9.584,1.445,-3.001,-9.435,0.706,-2.946,10.15,9.94,19.81
,-9.619,1.606,-3.061,-9.373,0.615,-3.025,6.72,9.94,18.2
68222.0,-9.294,0.457,-3.104,-9.273,0.579,-3.403,1.89,11.9,15.47
,-9.249,0.462,-2.922,-9.292,0.529,-3.553,1.47,12.32,15.47
,-9.265,0.574,-3.142,-9.21,0.646,-3.664,1.54,12.39,14.98
,-9.275,0.663,-3.297,-9.186,0.677,-3.778,0.56,12.53,14.42
68297.0,-9.234,0.634,-3.812,-9.246,0.955,-3.747,5.95,12.53,14.98
,-9.246,0.773,-3.879,-9.194,1.137,-3.668,9.87,12.46,15.26
,-9.186,0.68,-3.687,-9.227,1.244,-3.611,13.09,12.32,15.4
,-9.198,0.811,-3.781,-9.203,1.096,-3.384,15.54,11.97,15.4
68373.0,-9.083,0.759,-3.218,-9.28,1.091,-2.91,15.47,11.2,14.63
,-9.16,0.572,-3.058,-9.208,0.986,-2.807,16.73,11.76,14.84
,-9.172,0.859,-3.025,-9.229,0.897,-2.816,17.92,12.46,14.91
,-9.189,1.022,-2.812,-9.196,0.78,-2.687,17.57,13.37,14.77
68448.0,-9.177,0.83,-2.84,-9.17,0.761,-2.998,16.38,20.16,13.51
,-9.208,0.854,-2.814,-9.167,0.749,-3.001,16.38,21.77,13.51
,-9.21,0.964,-2.881,-9.117,0.639,-3.104,16.73,23.45,13.51
,-9.112,0.936,-2.893,-9.005,0.469,-3.092,16.38,25.06,13.23
68524.0,-8.997,0.45,-3.23,-9.045,0.503,-3.312,20.51,33.04,14.28
,-9.091,0.648,-3.4,-8.981,0.663,-3.532,22.89,34.44,14.49
,-9.031,0.668,-3.374,-8.966,0.761,-4.008,22.82,36.19,14.56
,-9.081,0.617,-3.41,-9.048,0.756,-4.398,21.91,37.87,14.7
68600.0,-8.918,0.792,-4.836,-9.545,0.809,-4.805,16.24,41.72,14.35
,-8.837,0.742,-5.056,-8.741,1.12,-5.772,15.75,41.79,14.84
,-8.971,0.735,-5.183,-9.947,1.12,-4.98,16.38,41.93,15.33
,-9.005,0.723,-5.236,-9.009,0.696,-5.001,17.71,42.35,16.1
68676.0,-9.416,0.687,-5.183,-9.354,1.062,-4.384,32.69,44.24,20.93
,-9.414,1.034,-4.92,-9.414,0.787,-4.365,33.67,44.8,20.86
,-9.39,0.558,-4.606,-9.675,1.113,-4.25,34.65,45.78,20.72
,-9.531,0.998,-4.578,-10.639,3.716,-4.367,36.61,46.83,20.16
68751.0,-11.359,2.651,-4.688,-10.098,0.354,-3.154,30.1,54.04,11.76
,-9.852,-1.271,-4.2,-9.847,-0.613,-3.005,18.62,56.49,11.48
,-9.404,-2.307,-3.408,-9.505,-1.469,-3.013,27.23,60.62,16.17
,-9.691,-0.223,-3.082,-9.593,-1.515,-3.089,40.88,64.68,19.74
68827.0,-9.904,-1.177,-3.391,-9.959,-2.592,-2.769,34.09,82.67,20.02
,-9.988,-1.46,-3.403,-10.067,-2.97,-1.759,34.65,86.24,21.21
,-9.959,-2.151,-3.24,-10.586,-3.156,-1.732,36.47,90.16,23.52
,-9.866,-2.515,-3.041,-10.797,-2.965,-1.902,42.35,94.29,27.37
68903.0,-10.608,-3.204,-1.333,-8.397,-0.785,-7.676,110.18,119.35,64.68
,-10.337,-2.635,-2.541,-8.105,0.218,-7.638,126.91,123.34,70.07
,-9.852,-2.168,-4.338,-8.349,1.06,-8.217,142.52,125.72,73.99
,-8.926,-1.919,-6.001,-8.603,1.46,-9.253,151.48,125.72,75.11
