Timestamp,AccX,AccY,AccZ,GyroX,GyroY,GyroZ,MagnX,MagnY,MagnZ
0.0,-9.567,-0.464,-2.623,-9.552,-0.438,-2.568,2.52,1.4,0.7
,-9.584,-0.412,-2.56,-9.538,-0.483,-2.56,2.45,1.47,0.77
,-9.548,-0.361,-2.623,-9.564,-0.45,-2.553,2.1,1.26,0.7
,-9.572,-0.402,-2.539,-9.591,-0.462,-2.57,1.96,1.4,0.63
75.0,-9.584,-0.438,-2.534,-9.622,-0.431,-2.56,2.66,1.47,0.84
,-9.567,-0.416,-2.582,-9.529,-0.44,-2.584,2.66,1.4,0.77
,-9.579,-0.421,-2.563,-9.545,-0.438,-2.589,2.45,1.54,0.84
,-9.586,-0.443,-2.56,-9.569,-0.455,-2.56,2.31,1.68,0.84
150.0,-9.543,-0.38,-2.592,-9.6,-0.467,-2.587,2.73,1.47,0.7
,-9.569,-0.421,-2.608,-9.586,-0.431,-2.51,2.52,1.4,0.56
,-9.55,-0.39,-2.625,-9.557,-0.419,-2.513,2.38,1.26,0.42
,-9.567,-0.5,-2.584,-9.569,-0.376,-2.496,2.59,1.26,0.56
226.0,-9.603,-0.404,-2.489,-9.588,-0.397,-2.568,2.1,1.47,0.56
,-9.543,-0.474,-2.508,-9.536,-0.426,-2.587,2.03,1.61,0.63
,-9.615,-0.452,-2.541,-9.572,-0.404,-2.572,2.31,1.68,0.63
,-9.567,-0.436,-2.565,-9.55,-0.412,-2.627,2.45,1.82,0.7
302.0,-9.564,-0.459,-2.613,-9.562,-0.421,-2.606,2.03,1.54,0.56
,-9.593,-0.479,-2.608,-9.579,-0.447,-2.558,2.31,1.68,0.63
,-9.574,-0.452,-2.556,-9.569,-0.426,-2.589,2.59,1.68,0.63
,-9.541,-0.498,-2.57,-9.517,-0.447,-2.572,2.66,1.54,0.77
378.0,-9.552,-0.436,-2.57,-9.631,-0.474,-2.565,2.45,1.54,0.77
,-9.552,-0.4,-2.551,-9.6,-0.421,-2.635,2.45,1.47,0.84
,-9.545,-0.479,-2.505,-9.567,-0.407,-2.615,2.52,1.47,0.84
,-9.574,-0.452,-2.58,-9.543,-0.419,-2.601,2.94,1.47,0.84
453.0,-9.526,-0.455,-2.56,-9.591,-0.428,-2.481,2.52,1.26,0.77
,-9.562,-0.476,-2.546,-9.581,-0.431,-2.52,2.73,1.19,0.77
,-9.567,-0.421,-2.513,-9.605,-0.395,-2.594,2.8,1.19,0.84
,-9.593,-0.428,-2.441,-9.541,-0.378,-2.577,2.87,1.26,0.84
529.0,-9.6,-0.44,-2.728,-9.572,-0.438,-2.62,1.4,1.12,0.49
,-9.569,-0.467,-2.62,-9.548,-0.426,-2.637,1.68,1.33,0.42
,-9.579,-0.45,-2.68,-9.593,-0.476,-2.58,2.03,1.05,0.56
,-9.557,-0.426,-2.663,-9.584,-0.4,-2.57,2.17,0.77,0.42
605.0,-9.596,-0.457,-2.548,-9.603,-0.493,-2.522,2.03,0.91,0.56
,-9.524,-0.345,-2.606,-9.572,-0.536,-2.508,2.03,0.7,0.49
,-9.605,-0.455,-2.505,-9.598,-0.526,-2.558,1.89,0.77,0.56
,-9.588,-0.531,-2.527,-9.552,-0.431,-2.659,2.03,0.84,0.56
681.0,-9.608,-0.428,-2.644,-9.603,-0.476,-2.572,1.96,0.28,0.7
,-9.584,-0.44,-2.659,-9.588,-0.392,-2.615,1.61,0.28,0.56
,-9.605,-0.541,-2.716,-9.593,-0.395,-2.623,1.33,0.14,0.63
,-9.586,-0.536,-2.565,-9.672,-0.409,-2.84,1.75,0.0,0.7
757.0,-9.555,-0.4,-2.563,-9.562,-0.44,-2.754,0.91,-0.56,0.63
,-9.562,-0.467,-2.599,-9.555,-0.378,-2.63,0.84,-0.56,0.7
,-9.572,-0.495,-2.723,-9.593,-0.371,-2.611,0.84,-0.98,0.7
,-9.584,-0.471,-2.742,-9.579,-0.357,-2.553,1.47,-1.4,0.77
832.0,-9.608,-0.407,-2.462,-9.552,-0.536,-2.575,1.82,-2.1,0.7
,-9.619,-0.416,-2.467,-9.514,-0.383,-2.611,1.47,-2.1,0.77
,-9.622,-0.467,-2.541,-9.603,-0.354,-2.584,1.26,-2.17,0.7
,-9.584,-0.512,-2.563,-9.622,-0.428,-2.458,1.26,-2.45,0.7
908.0,-9.605,-0.464,-2.501,-9.627,-0.529,-2.355,1.47,-2.8,0.77
,-9.742,-0.51,-2.654,-9.617,-0.376,-2.345,1.96,-2.8,1.05
,-9.619,-0.436,-2.369,-9.631,-0.366,-2.407,1.75,-2.66,1.05
,-9.72,-0.555,-2.58,-9.622,-0.34,-2.419,2.38,-2.8,1.19
983.0,-9.608,-0.359,-2.254,-9.696,-0.507,-2.146,2.45,-2.8,0.91
,-9.61,-0.33,-2.247,-9.622,-0.438,-2.084,2.31,-2.8,0.7
,-9.598,-0.345,-2.158,-9.663,-0.404,-2.099,1.61,-2.59,0.56
,-9.653,-0.421,-2.099,-9.619,-0.467,-2.144,1.26,-2.31,0.63
1059.0,-9.603,-0.428,-2.156,-9.634,-0.34,-2.252,2.17,-0.91,0.91
,-9.619,-0.55,-2.199,-9.641,-0.333,-2.367,2.52,-0.56,0.91
,-9.629,-0.464,-2.163,-9.636,-0.376,-2.386,3.22,-0.35,1.12
,-9.66,-0.424,-2.268,-9.641,-0.39,-2.489,3.5,-0.21,0.98
1135.0,-9.576,-0.297,-2.534,-9.682,-0.354,-2.355,1.82,-0.77,0.56
,-9.646,-0.325,-2.496,-9.675,-0.392,-2.364,1.68,-0.91,0.49
,-9.651,-0.266,-2.393,-9.651,-0.522,-2.331,1.68,-0.91,0.49
,-9.651,-0.235,-2.41,-9.634,-0.476,-2.235,1.4,-1.33,0.21
1211.0,-9.663,-0.373,-2.331,-9.658,-0.476,-2.3,2.45,-1.61,0.28
,-9.591,-0.285,-2.359,-9.608,-0.433,-2.278,1.96,-1.75,0.14
,-9.682,-0.385,-2.383,-9.66,-0.445,-2.254,0.98,-1.96,-0.07
,-9.648,-0.404,-2.302,-9.667,-0.474,-2.197,0.84,-1.96,-0.14
1286.0,-9.648,-0.481,-2.127,-9.636,-0.462,-2.266,2.87,-1.89,0.28
,-9.684,-0.474,-2.137,-9.619,-0.514,-2.285,3.43,-1.75,0.42
,-9.758,-0.378,-2.233,-9.617,-0.541,-2.316,3.36,-1.75,0.28
,-9.629,-0.378,-2.228,-9.665,-0.531,-2.307,2.31,-1.61,0.07
1362.0,-9.648,-0.424,-2.335,-9.641,-0.354,-2.175,4.27,-1.96,0.28
,-9.67,-0.371,-2.235,-9.713,-0.503,-2.111,5.04,-2.03,0.42
,-9.643,-0.304,-2.163,-9.634,-0.486,-2.022,5.39,-1.96,0.56
,-9.686,-0.385,-2.077,-9.71,-0.522,-2.0,5.18,-1.96,0.49
1438.0,-9.605,-0.452,-1.888,-9.701,-0.505,-1.926,4.27,-1.33,0.28
,-9.746,-0.474,-2.024,-9.684,-0.462,-2.108,4.34,-1.19,0.42
,-9.646,-0.512,-1.95,-9.677,-0.447,-2.099,3.78,-1.05,0.42
,-9.67,-0.529,-1.95,-9.605,-0.5,-2.087,3.29,-0.7,0.42
1514.0,-9.641,-0.536,-1.998,-9.689,-0.546,-1.948,0.56,0.0,0.35
,-9.691,-0.385,-1.933,-9.67,-0.665,-2.015,0.49,0.35,0.35
,-9.751,-0.318,-1.953,-9.665,-0.687,-1.974,0.0,0.49,0.28
,-9.708,-0.421,-1.957,-9.682,-0.491,-2.094,-0.84,0.63,0.14
1589.0,-9.677,-0.414,-2.0,-9.675,-0.474,-1.534,2.03,1.61,1.33
,-9.682,-0.297,-1.79,-9.737,-0.464,-1.338,1.68,1.96,1.33
,-9.655,-0.206,-1.792,-9.828,-0.445,-1.302,0.91,2.31,1.12
,-9.684,-0.323,-1.67,-9.698,-0.424,-1.582,-0.56,2.94,0.91
1665.0,-9.603,-0.498,-1.613,-9.947,0.019,-1.747,-5.25,6.37,0.91
,-9.619,-0.574,-1.539,-9.706,0.112,-1.819,-5.6,7.21,0.98
,-9.564,-0.586,-1.405,-9.603,-0.165,-1.531,-5.04,8.4,1.05
,-9.773,-0.342,-1.24,-9.569,-0.615,-1.565,-4.13,9.24,0.84
1740.0,-9.407,-0.711,-1.278,-9.785,-0.136,-1.05,-11.27,12.32,0.07
,-9.629,-0.775,-1.034,-9.581,0.115,-1.457,-6.58,14.7,1.26
,-9.67,-0.653,-1.084,-9.603,-0.136,-2.173,-4.69,16.03,1.61
,-9.746,-0.177,-0.952,-9.342,-0.455,-2.745,-5.04,17.43,1.89
1816.0,-9.117,-0.548,-3.139,-9.514,-0.479,-2.228,-14.98,19.74,0.98
,-9.32,-1.027,-2.989,-9.763,-0.299,-2.639,-11.76,20.3,1.54
,-9.323,-0.909,-2.862,-9.612,-0.074,-2.625,-6.23,20.51,2.03
,-9.452,-0.72,-2.819,-9.529,0.108,-2.941,-0.56,20.79,2.59
1892.0,-9.363,-0.337,-3.216,-9.622,-0.541,-2.807,-0.56,19.95,2.87
,-9.27,-1.003,-3.333,-9.636,-0.223,-2.73,-1.12,20.58,3.5
,-9.182,-1.316,-3.037,-9.474,-0.486,-2.864,3.29,21.35,4.41
,-9.316,-1.094,-2.481,-9.268,-0.924,-2.824,11.06,21.98,5.25
1968.0,-9.337,-0.847,-2.747,-9.349,0.175,-2.245,7.0,20.93,5.25
,-9.328,-0.469,-2.73,-9.454,-0.115,-2.067,10.43,21.77,5.32
,-9.222,0.081,-2.503,-9.464,-0.235,-2.211,12.11,22.75,5.04
,-9.323,0.275,-2.237,-9.378,-0.261,-2.18,11.69,24.29,5.11
2044.0,-9.409,-0.108,-2.972,-9.05,-0.388,-3.142,8.89,27.93,5.74
,-9.387,-0.048,-3.494,-9.232,-0.225,-3.534,7.49,26.81,5.18
,-9.251,-0.227,-3.453,-9.241,-0.182,-3.831,6.02,26.39,4.76
,-9.012,-0.459,-3.281,-8.988,-0.488,-3.881,5.53,26.81,4.41
2119.0,-8.693,-1.036,-3.515,-9.428,0.787,-4.092,1.68,26.46,4.55
,-8.839,-1.101,-3.12,-9.11,0.72,-4.472,8.75,28.77,5.04
,-9.184,-0.613,-3.003,-8.811,0.129,-4.398,16.8,29.33,4.97
,-9.497,0.189,-3.374,-8.789,-0.211,-4.298,20.51,28.14,4.62
2195.0,-8.988,-0.065,-4.121,-8.559,-1.122,-4.082,9.52,25.41,2.38
,-9.481,0.28,-4.448,-8.777,-1.17,-3.891,9.1,22.26,1.19
,-9.268,0.258,-4.824,-9.069,-0.524,-4.235,3.71,19.39,0.63
,-8.796,-0.438,-4.635,-9.11,0.203,-4.585,-2.38,19.32,1.47
2271.0,-9.028,0.29,-4.762,-9.165,0.443,-4.049,5.39,19.46,2.59
,-8.823,0.141,-4.535,-9.237,0.318,-4.027,1.75,19.81,2.31
,-8.818,0.187,-4.391,-9.036,-0.012,-3.977,0.98,20.09,1.82
,-9.038,0.256,-4.235,-8.741,-0.462,-4.063,0.98,19.53,0.98
2347.0,-8.591,-0.672,-4.085,-8.607,0.309,-4.654,-0.98,18.76,1.47
,-8.801,-0.715,-3.929,-8.421,-0.038,-4.561,5.04,19.74,1.05
,-9.127,-0.371,-4.154,-8.72,-0.316,-4.29,8.26,18.2,0.35
,-9.079,0.199,-4.451,-8.933,-0.045,-4.451,7.0,14.98,0.35
2422.0,-8.882,0.163,-4.609,-8.552,-0.651,-4.984,-1.33,17.57,-2.24
,-8.818,-0.026,-4.771,-8.61,-0.488,-5.049,-3.36,17.5,-1.54
,-8.739,-0.648,-4.783,-8.715,-0.519,-5.059,-4.62,17.15,-1.05
,-8.55,-0.794,-4.86,-8.775,-0.555,-4.984,-1.47,17.57,-0.63
2498.0,-8.722,-0.531,-5.075,-8.514,-0.476,-4.752,2.59,15.82,1.68
,-8.765,-0.589,-4.91,-8.559,-0.481,-4.788,1.68,16.17,1.68
,-8.863,-0.615,-4.681,-8.727,-0.203,-4.879,-0.14,14.84,2.1
,-8.516,-0.457,-4.87,-8.808,0.101,-5.087,-2.03,14.0,3.08
2573.0,-8.634,0.249,-5.226,-8.674,-0.593,-4.781,3.99,13.44,2.66
,-8.667,0.122,-5.025,-8.703,-0.701,-4.893,2.87,13.09,2.31
,-8.746,0.01,-4.922,-8.737,-0.814,-5.008,1.68,11.27,2.66
,-8.612,-0.163,-4.872,-8.698,-0.871,-5.128,0.98,10.64,3.01
2649.0,-8.516,-0.596,-5.296,-8.478,-0.282,-5.535,2.52,7.07,7.56
,-8.363,-0.306,-5.559,-8.571,-0.4,-5.408,3.29,7.14,7.91
,-8.325,-0.223,-5.566,-8.626,-0.017,-5.425,3.71,7.91,7.84
,-8.521,-0.215,-5.561,-8.43,0.072,-5.494,4.41,8.33,7.98
2725.0,-8.399,-0.182,-5.379,-8.308,-1.752,-5.274,3.78,5.04,6.58
,-8.545,-0.481,-5.164,-8.516,-0.677,-5.31,3.29,5.39,6.65
,-8.528,-1.096,-5.095,-8.239,-0.443,-5.468,4.13,5.32,7.14
,-8.605,-1.242,-5.219,-8.203,0.115,-5.406,5.74,4.69,8.12
2801.0,-8.622,0.065,-4.63,-8.672,0.311,-4.826,10.85,2.8,9.59
,-8.492,0.321,-5.032,-8.497,0.225,-4.834,9.03,2.59,8.33
,-8.737,0.529,-5.044,-8.71,0.751,-4.992,7.91,2.66,7.98
,-8.713,0.323,-4.64,-8.701,1.508,-5.197,5.95,3.15,7.63
2876.0,-8.741,1.969,-5.401,-8.303,-0.089,-4.817,7.49,2.8,2.03
,-8.717,1.902,-5.293,-8.363,-0.354,-4.934,4.34,1.75,-0.28
,-8.899,1.328,-5.276,-8.528,-0.495,-4.925,0.49,1.61,-2.03
,-8.662,0.469,-4.994,-8.536,-0.402,-4.984,-1.89,2.17,-3.01
2952.0,-8.459,-0.141,-5.133,-8.643,-0.916,-5.43,0.77,3.78,-0.77
,-8.504,-0.235,-5.331,-8.5,-0.766,-5.477,-1.19,3.78,-0.63
,-8.471,-0.775,-5.221,-8.502,-0.737,-5.336,-3.5,3.43,-0.42
,-8.679,-0.952,-5.384,-8.583,-0.627,-5.284,-3.15,3.71,0.07
3028.0,-8.507,-0.474,-5.272,-8.739,-0.184,-5.106,6.44,4.48,2.52
,-8.526,-0.297,-5.264,-8.536,0.124,-5.319,7.14,4.97,3.15
,-8.552,-0.172,-5.315,-8.342,0.211,-5.293,6.37,5.04,3.64
,-8.653,-0.223,-4.499,-8.559,0.493,-5.293,6.09,5.6,3.99
3104.0,-8.509,0.436,-5.372,-8.607,-0.002,-5.377,3.92,4.9,3.64
,-8.576,0.407,-5.276,-8.392,-0.127,-5.348,2.87,4.97,2.94
,-8.485,0.349,-5.346,-8.385,-0.081,-5.348,2.1,4.97,2.38
,-8.48,0.132,-5.24,-8.562,0.172,-5.386,1.47,5.18,2.1
3180.0,-8.435,0.304,-5.501,-8.593,-0.196,-5.075,3.29,4.76,0.77
,-8.442,0.27,-5.461,-8.397,-0.041,-5.159,2.31,4.48,0.35
,-8.614,0.12,-5.348,-8.33,0.124,-5.322,1.19,4.41,-0.14
,-8.634,-0.148,-5.288,-8.464,0.187,-5.219,1.26,4.48,-0.56
3255.0,-8.559,0.074,-5.147,-8.406,-0.325,-5.363,1.89,3.99,0.77
,-8.531,-0.22,-5.071,-8.423,-0.194,-5.339,0.91,3.85,0.84
,-8.43,-0.27,-5.202,-8.392,-0.17,-5.255,1.33,4.27,1.12
,-8.375,-0.268,-5.307,-8.44,-0.191,-5.214,2.31,4.69,1.47
3331.0,-8.591,-0.263,-5.183,-8.569,0.017,-5.489,0.98,3.99,4.34
,-8.423,-0.5,-5.15,-8.488,0.019,-5.274,-0.07,3.78,5.04
,-8.339,-0.541,-5.212,-8.552,0.306,-5.552,1.05,4.2,5.74
,-8.478,-0.251,-5.255,-8.457,0.043,-5.341,2.38,4.34,6.51
3406.0,-8.413,0.048,-5.446,-8.674,0.328,-5.506,0.56,3.85,6.65
,-8.433,0.505,-5.497,-8.413,-0.177,-5.458,1.68,4.27,6.3
,-8.464,0.57,-5.597,-8.402,0.146,-5.587,0.49,4.55,5.74
,-8.533,0.244,-5.475,-8.294,0.285,-5.729,0.21,4.83,5.25
3482.0,-8.291,0.029,-5.621,-8.459,-0.005,-5.961,-3.43,0.42,4.69
,-8.416,-0.105,-5.652,-8.559,0.065,-5.973,-4.41,0.14,4.83
,-8.449,-0.029,-5.858,-8.466,0.05,-5.858,-3.71,-0.28,5.11
,-8.387,0.055,-5.949,-8.32,0.057,-5.863,-3.22,-0.49,5.32
3558.0,-8.55,-0.12,-5.561,-8.409,0.981,-5.86,-1.12,-3.15,3.92
,-8.514,0.101,-5.738,-8.428,1.034,-5.693,-0.35,-5.18,3.5
,-8.476,0.426,-5.772,-8.593,0.964,-5.599,0.77,-6.65,2.8
,-8.459,0.864,-5.796,-8.5,0.759,-5.638,1.12,-7.49,2.31
3634.0,-8.473,0.627,-5.602,-8.495,-0.007,-5.573,-5.04,-10.64,-0.98
,-8.392,0.457,-5.628,-8.277,-0.077,-5.386,-3.08,-9.87,-1.82
,-8.483,0.249,-5.501,-8.471,-0.029,-5.595,-0.7,-9.17,-2.87
,-8.514,0.096,-5.523,-8.452,0.148,-5.559,1.33,-8.75,-3.29
3709.0,-8.421,0.177,-5.415,-8.514,-0.199,-5.336,6.93,-7.91,-3.08
,-8.478,0.031,-5.377,-8.636,-0.043,-5.243,4.34,-8.75,-2.59
,-8.536,-0.105,-5.382,-8.689,0.141,-5.31,2.24,-9.87,-1.47
,-8.428,-0.177,-5.441,-8.612,0.182,-5.269,1.68,-10.85,-0.63
3785.0,-8.547,0.148,-5.188,-8.502,0.392,-5.03,2.31,-15.47,0.63
,-8.679,0.191,-5.14,-8.48,0.208,-4.898,1.75,-16.52,0.28
,-8.67,0.239,-5.013,-8.54,-0.244,-4.53,0.84,-17.57,-0.21
,-8.61,0.328,-4.953,-8.658,-0.127,-4.432,-0.21,-18.41,-0.14
3860.0,-8.622,-0.036,-4.338,-8.804,0.093,-4.034,3.5,-19.46,1.33
,-8.655,0.163,-4.25,-8.83,0.297,-3.996,5.18,-19.81,1.19
,-8.758,0.177,-4.128,-8.856,0.519,-3.948,5.32,-19.88,1.82
,-8.827,0.105,-4.099,-8.832,0.672,-3.879,4.62,-20.23,2.31
3936.0,-8.756,0.646,-3.812,-8.938,0.251,-3.522,1.54,-18.2,0.49
,-8.732,0.421,-3.676,-9.007,0.364,-3.704,0.21,-17.29,0.35
,-8.729,0.189,-3.611,-8.634,0.249,-3.771,0.63,-16.73,0.28
,-8.885,0.22,-3.64,-8.902,0.196,-3.518,3.29,-16.31,0.28
4012.0,-9.036,0.156,-3.711,-9.016,0.117,-3.759,6.65,-13.86,-0.21
,-8.839,0.007,-3.721,-9.055,0.311,-3.733,5.6,-13.3,-0.28
,-9.033,0.129,-3.623,-8.993,0.45,-3.996,5.88,-12.67,0.21
,-9.062,0.093,-3.824,-8.947,0.404,-4.128,5.53,-12.46,0.42
4088.0,-8.861,0.309,-3.941,-9.162,0.555,-4.279,1.75,-10.71,-0.49
,-8.952,0.23,-3.8,-9.036,0.407,-4.353,3.22,-10.08,-0.56
,-9.148,0.184,-3.719,-8.988,0.055,-4.054,5.32,-10.22,-1.05
,-9.177,0.433,-3.963,-9.04,-0.122,-3.932,5.81,-10.99,-1.4
4164.0,-9.129,-0.079,-3.817,-9.088,-0.239,-4.015,4.69,-11.27,-1.75
,-9.225,0.163,-3.941,-9.131,-0.012,-4.07,4.97,-11.97,-1.68
,-9.115,0.17,-4.054,-9.155,0.33,-4.006,2.94,-12.53,-1.4
,-9.052,-0.055,-4.118,-9.153,0.656,-4.073,1.89,-12.81,-1.12
4239.0,-9.098,0.565,-3.927,-9.284,0.036,-3.68,5.11,-14.77,-1.54
,-9.1,0.28,-3.702,-9.244,0.246,-3.597,2.94,-14.7,-1.68
,-9.182,-0.002,-3.506,-9.158,0.27,-3.664,3.01,-14.49,-1.89
,-9.229,-0.103,-3.577,-9.115,0.263,-3.128,3.85,-14.98,-2.38
4315.0,-9.474,0.409,-3.451,-9.06,-0.522,-3.455,8.19,-15.05,-2.87
,-9.313,0.704,-3.616,-9.119,-0.814,-2.941,5.04,-16.38,-4.2
,-9.22,0.538,-3.975,-9.299,-0.605,-2.467,-0.21,-16.94,-4.76
,-9.081,0.112,-3.599,-9.457,-0.256,-2.178,-4.06,-16.59,-4.62
4391.0,-9.584,0.086,-2.441,-9.234,0.452,-3.843,7.21,-12.95,-3.64
,-9.572,0.211,-2.74,-9.093,0.483,-3.429,3.22,-12.88,-3.5
,-9.404,0.345,-3.25,-9.182,0.349,-2.91,0.21,-13.02,-3.57
,-9.296,0.474,-3.451,-9.481,0.33,-2.144,-0.77,-13.09,-4.06
4467.0,-9.931,0.357,-3.451,-9.127,-0.519,-2.857,4.06,-12.67,-7.28
,-9.596,0.361,-3.101,-9.356,-0.364,-2.635,-1.4,-13.37,-7.63
,-9.385,0.045,-3.632,-9.49,-0.014,-2.434,-5.53,-13.86,-7.21
,-9.014,-0.304,-3.235,-9.641,-0.168,-2.216,-5.11,-13.3,-7.07
4542.0,-9.548,-0.354,-2.166,-9.387,0.287,-2.515,1.96,-10.29,-6.44
,-9.521,-0.457,-2.06,-9.495,0.029,-2.651,3.43,-9.17,-5.67
,-9.55,-0.194,-2.362,-9.469,-0.462,-2.603,6.44,-8.54,-5.53
,-9.404,0.153,-2.419,-9.555,-0.376,-2.826,7.63,-8.12,-5.67
4618.0,-9.469,-0.354,-2.871,-9.581,-0.471,-2.324,7.77,-6.58,-5.39
,-9.39,-0.452,-2.596,-9.608,-0.328,-2.489,8.12,-6.02,-4.76
,-9.457,-0.349,-2.608,-9.598,-0.144,-2.876,8.89,-5.32,-4.34
,-9.474,-0.471,-2.362,-9.411,-0.263,-2.721,9.59,-4.76,-4.13
4693.0,-9.366,-0.512,-2.737,-9.615,-0.34,-1.981,5.81,-4.2,-3.85
,-9.397,-0.603,-2.556,-9.56,-0.512,-1.778,7.84,-3.99,-3.64
,-9.529,-0.579,-2.335,-9.598,-0.428,-1.953,9.59,-3.5,-3.36
,-9.5,-0.4,-2.053,-9.569,-0.385,-2.003,9.52,-2.87,-3.08
4769.0,-9.536,-0.469,-2.108,-9.49,-0.785,-2.292,3.71,1.26,-2.17
,-9.576,-0.507,-2.228,-9.562,-0.613,-2.357,3.15,1.82,-2.03
,-9.471,-0.514,-2.297,-9.512,-0.395,-2.34,2.24,2.45,-1.89
,-9.397,-0.802,-2.144,-9.557,-0.278,-2.414,2.03,3.36,-1.33
4845.0,-9.548,-0.189,-2.498,-9.555,-0.505,-2.673,2.03,5.25,-0.77
,-9.586,-0.304,-2.592,-9.596,-0.421,-2.69,0.42,5.46,-0.91
,-9.447,-0.371,-2.661,-9.572,-0.309,-2.924,-0.98,5.53,-0.91
,-9.428,-0.526,-2.544,-9.474,-0.287,-3.135,-1.12,5.74,-0.56
4921.0,-9.466,-0.412,-3.288,-9.445,-0.44,-3.278,-1.89,4.13,-0.63
,-9.44,-0.493,-3.472,-9.502,-0.364,-3.149,-1.75,3.78,-0.49
,-9.435,-0.507,-3.51,-9.545,-0.392,-3.015,-1.19,3.08,-0.35
,-9.435,-0.493,-3.41,-9.507,-0.431,-2.984,0.0,2.52,-0.14
4996.0,-9.519,-0.522,-2.965,-9.524,-0.407,-2.757,1.61,-0.49,0.28
,-9.452,-0.613,-3.027,-9.459,-0.438,-2.673,1.89,-0.56,0.63
,-9.454,-0.637,-2.96,-9.541,-0.574,-2.606,3.22,-0.91,0.91
,-9.478,-0.562,-2.915,-9.524,-0.55,-2.529,4.48,-0.98,1.19
5072.0,-9.538,-0.51,-2.527,-9.576,-0.45,-2.247,4.83,-0.49,1.68
,-9.476,-0.476,-2.434,-9.567,-0.242,-2.19,4.76,-0.07,1.68
,-9.44,-0.675,-2.292,-9.562,-0.151,-2.278,4.48,0.49,2.17
,-9.533,-0.627,-2.271,-9.521,-0.302,-2.367,4.97,1.05,2.17
5148.0,-9.519,-0.436,-2.424,-9.502,-0.067,-2.984,-1.68,3.29,1.54
,-9.598,-0.438,-2.675,-9.569,-0.048,-3.108,-0.7,3.36,1.4
,-9.574,-0.244,-2.843,-9.529,-0.275,-3.044,0.35,3.5,1.54
,-9.543,-0.084,-2.943,-9.474,-0.402,-2.974,0.56,3.5,1.33
5224.0,-9.488,-0.447,-2.891,-9.538,-0.373,-2.58,-0.77,2.1,0.91
,-9.521,-0.55,-2.766,-9.545,-0.251,-2.687,-0.07,2.03,0.91
,-9.505,-0.546,-2.666,-9.509,-0.254,-2.728,0.35,2.03,0.98
,-9.588,-0.45,-2.651,-9.497,-0.376,-2.814,0.49,2.31,1.05
5300.0,-9.457,-0.431,-2.848,-9.5,-0.184,-3.01,-0.42,2.31,1.12
,-9.505,-0.388,-2.924,-9.548,-0.206,-2.986,1.12,2.31,1.19
,-9.505,-0.328,-3.013,-9.507,-0.249,-2.996,2.1,1.96,1.19
,-9.514,-0.254,-2.962,-9.433,-0.395,-2.986,2.38,1.61,1.19
5375.0,-9.514,-0.517,-2.962,-9.497,-0.33,-2.723,2.17,0.14,0.91
,-9.517,-0.426,-2.924,-9.567,-0.4,-2.666,4.06,0.07,1.05
,-9.545,-0.242,-2.946,-9.502,-0.407,-2.484,5.18,-0.28,1.12
,-9.464,-0.282,-2.879,-9.541,-0.273,-2.525,4.83,-0.49,1.12
5451.0,-9.581,-0.151,-2.558,-9.502,-0.562,-2.517,2.73,-0.07,0.49
,-9.495,-0.208,-2.558,-9.584,-0.414,-2.529,1.47,0.14,0.42
,-9.543,-0.309,-2.587,-9.586,-0.278,-2.603,0.77,0.35,0.49
,-9.533,-0.471,-2.503,-9.529,-0.203,-2.68,0.63,0.56,0.56
5526.0,-9.476,-0.156,-2.714,-9.588,-0.201,-2.826,-0.28,1.54,0.77
,-9.548,-0.309,-2.764,-9.581,-0.246,-2.924,-1.54,1.33,0.56
,-9.493,-0.357,-2.704,-9.478,-0.364,-3.001,-1.61,1.19,0.42
,-9.555,-0.352,-2.733,-9.464,-0.447,-3.032,-0.7,1.33,0.56
5602.0,-9.426,-0.615,-2.874,-9.552,-0.153,-3.041,1.12,0.42,0.91
,-9.543,-0.608,-2.795,-9.466,-0.191,-2.974,2.24,0.28,1.12
,-9.562,-0.421,-2.776,-9.435,-0.321,-2.907,2.8,0.0,0.91
,-9.627,-0.215,-2.965,-9.495,-0.309,-3.063,2.45,-0.63,0.91
5678.0,-9.469,-0.491,-2.656,-9.56,-0.263,-1.821,-0.07,-1.68,0.91
,-9.541,-0.57,-2.479,-9.524,-0.261,-1.606,0.84,-1.33,1.33
,-9.555,-0.517,-2.324,-9.502,-0.376,-1.381,1.12,-0.91,1.47
,-9.514,-0.376,-2.07,-9.627,-0.335,-1.414,1.54,-0.56,1.61
5754.0,-9.658,-0.127,-1.503,-9.411,-0.397,-2.209,-3.64,5.67,1.68
,-9.598,-0.062,-1.508,-9.373,-0.5,-2.166,-5.81,7.21,1.75
,-9.61,-0.045,-1.788,-9.541,-0.608,-2.367,-8.26,8.19,1.61
,-9.555,-0.208,-2.175,-9.598,-0.419,-2.584,-10.57,9.17,1.47
5829.0,-9.483,-0.45,-2.553,-9.395,-0.622,-1.807,-11.34,11.55,2.1
,-9.426,-0.727,-2.3,-9.536,-0.517,-1.718,-13.51,11.62,2.52
,-9.332,-0.749,-2.271,-9.548,-0.232,-2.326,-13.79,12.04,3.01
,-9.347,-0.768,-1.869,-9.435,-0.141,-2.149,-11.27,13.58,3.99
5905.0,-9.564,0.026,-2.962,-9.045,-0.177,-2.91,-10.22,14.84,4.55
,-9.189,0.397,-3.381,-9.318,-0.414,-2.915,-10.85,15.54,4.83
,-9.323,-0.139,-2.876,-9.213,-0.558,-2.489,-9.8,16.45,5.18
,-9.194,-0.225,-3.262,-9.375,-0.625,-2.211,-9.24,16.38,4.76
5981.0,-9.452,-0.416,-2.558,-9.002,0.139,-2.965,3.22,21.21,6.79
,-9.34,-0.034,-2.405,-9.328,-0.258,-3.721,4.62,22.4,7.0
,-9.469,0.366,-3.082,-9.217,-0.28,-3.764,3.5,22.05,6.3
,-9.196,0.378,-3.329,-9.299,-0.134,-4.207,-2.73,21.56,5.39
6057.0,-9.033,-0.17,-4.235,-9.273,0.668,-3.51,-3.08,21.98,5.46
,-8.909,-0.325,-3.24,-9.282,0.938,-3.877,-0.07,24.15,6.79
,-9.466,-0.395,-3.19,-8.978,0.89,-3.8,6.02,24.5,7.49
,-9.466,0.098,-3.498,-8.942,0.632,-3.214,9.24,22.05,6.16
6133.0,-9.289,0.469,-3.46,-8.732,-0.203,-3.867,2.52,23.66,3.57
,-9.407,0.34,-3.817,-9.072,-0.17,-3.733,1.12,22.47,2.1
,-9.162,0.22,-4.204,-9.33,0.184,-4.329,-0.77,21.91,1.61
,-8.904,-0.038,-4.094,-9.043,0.431,-4.415,-2.31,21.98,2.1
6208.0,-8.756,0.359,-4.379,-9.332,0.177,-4.602,2.87,21.56,0.91
,-8.555,0.206,-3.726,-8.88,0.005,-4.647,2.03,24.01,1.19
,-9.258,-0.146,-3.759,-8.581,-0.168,-4.322,3.08,23.52,0.7
,-9.43,0.034,-4.154,-8.82,-0.175,-4.078,3.22,20.16,-0.42
6284.0,-8.923,0.057,-4.353,-8.77,-1.747,-3.862,2.24,17.29,-0.07
,-9.112,-0.031,-4.561,-8.935,-1.082,-4.228,0.98,16.31,0.63
,-8.938,-0.775,-4.456,-8.885,-0.084,-4.602,-1.12,17.08,2.03
,-8.555,-1.517,-4.183,-8.665,0.56,-4.815,0.77,18.62,3.85
6359.0,-8.437,0.555,-4.671,-8.99,0.787,-4.147,13.58,18.83,6.86
,-8.727,0.407,-4.219,-9.062,0.354,-4.03,10.64,20.44,6.44
,-8.969,0.706,-4.288,-8.983,0.211,-4.267,9.24,20.02,5.53
,-8.918,1.031,-4.274,-8.763,0.091,-4.219,7.42,19.67,4.76
6435.0,-8.897,0.275,-4.535,-8.787,0.256,-4.898,8.05,18.62,3.43
,-8.641,0.785,-4.838,-8.76,0.065,-4.984,8.96,17.01,3.08
,-8.516,0.979,-4.977,-8.677,-0.05,-4.937,7.07,16.59,2.31
,-8.574,0.593,-5.001,-8.55,-0.206,-4.838,3.29,17.22,1.4
6511.0,-8.43,-0.416,-4.848,-8.885,0.373,-4.714,0.07,17.36,0.7
,-8.402,-0.66,-4.764,-8.583,0.739,-5.006,-0.07,17.85,1.61
,-8.488,-0.613,-4.731,-8.559,0.397,-4.805,2.1,18.34,1.89
,-8.708,-0.23,-4.719,-8.825,-0.201,-4.953,5.18,18.83,1.54
6587.0,-8.744,-0.321,-5.214,-8.469,0.771,-5.552,-5.18,13.16,4.06
,-8.574,-0.141,-5.252,-8.547,0.744,-5.585,-2.52,13.23,3.71
,-8.48,0.007,-5.243,-8.418,0.632,-5.688,-0.63,13.58,3.22
,-8.507,0.38,-5.267,-8.485,0.632,-5.587,0.91,13.72,3.01
6662.0,-8.476,0.68,-5.513,-8.375,-0.211,-5.465,-1.82,10.85,-0.35
,-8.569,0.751,-5.262,-8.519,-0.586,-5.499,-1.33,9.87,-1.61
,-8.466,0.684,-5.415,-8.447,-0.493,-5.315,-2.38,9.66,-1.96
,-8.385,0.182,-5.336,-8.349,-0.55,-5.437,-3.22,10.43,-1.61
6738.0,-8.102,-0.84,-5.24,-8.253,-0.589,-5.384,5.53,11.41,0.35
,-8.325,-0.842,-5.116,-8.447,-0.424,-5.178,6.02,12.11,1.96
,-8.588,-0.72,-5.178,-8.437,0.182,-5.607,5.67,11.48,3.85
,-8.416,-0.608,-5.355,-8.215,0.179,-5.365,4.97,10.71,5.04
6814.0,-8.399,0.237,-5.307,-8.256,-0.189,-5.518,5.6,11.34,5.04
,-8.488,0.153,-5.382,-8.253,-0.124,-5.458,6.02,11.06,4.55
,-8.433,-0.072,-5.224,-8.342,0.646,-5.784,6.79,10.5,3.99
,-8.37,-0.115,-5.348,-8.131,0.443,-5.793,8.68,9.38,3.99
6890.0,-7.968,0.412,-5.846,-8.543,-0.909,-5.525,11.83,9.24,2.1
,-8.258,0.333,-5.918,-8.279,-0.761,-5.791,12.04,8.96,1.33
,-8.533,-0.093,-5.709,-8.014,-0.421,-5.784,10.85,8.47,1.19
,-8.622,-0.658,-5.394,-8.229,-0.122,-5.779,9.17,7.63,2.59
6965.0,-8.351,0.069,-5.841,-8.299,0.136,-5.547,8.33,5.74,7.77
,-8.361,0.108,-5.652,-8.337,0.562,-5.52,5.95,5.04,8.68
,-8.399,0.072,-5.657,-8.246,1.228,-5.681,4.76,4.48,9.1
,-8.136,0.014,-5.564,-8.248,1.527,-5.7,4.97,4.69,9.73
7041.0,-8.397,1.278,-5.626,-8.275,0.416,-5.87,3.57,4.62,6.16
,-8.39,0.962,-5.674,-8.294,0.565,-5.879,1.61,4.41,5.04
,-8.196,0.596,-5.592,-8.246,0.526,-5.963,2.03,4.55,4.48
,-8.107,0.479,-5.822,-8.473,0.273,-5.939,3.08,4.62,4.06
7116.0,-8.545,-0.005,-5.729,-8.375,0.424,-6.123,4.34,4.55,0.7
,-8.272,-0.127,-5.86,-8.263,0.431,-6.152,4.48,4.06,0.84
,-8.208,-0.189,-5.865,-8.248,0.17,-6.119,4.9,3.92,1.33
,-8.306,0.055,-5.966,-8.241,0.031,-5.887,5.39,3.92,1.33
7192.0,-8.289,-0.014,-5.872,-8.325,0.637,-6.123,0.42,2.45,0.91
,-8.081,0.01,-5.889,-8.193,0.651,-5.975,1.4,2.03,0.98
,-8.177,0.273,-5.982,-8.277,0.577,-5.805,2.45,1.54,0.98
,-8.375,0.459,-6.167,-8.311,0.378,-5.824,3.15,1.19,0.77
7268.0,-8.208,0.163,-5.781,-8.191,0.495,-5.939,-0.49,-0.42,-0.77
,-8.299,0.136,-5.755,-8.26,0.541,-5.956,0.14,-0.21,-0.63
,-8.476,0.206,-5.829,-8.291,0.383,-5.853,0.63,-0.49,-0.63
,-8.351,0.321,-5.87,-8.232,0.179,-5.793,0.7,-0.7,-0.63
7344.0,-8.284,0.041,-5.788,-8.275,0.0,-5.595,-0.63,-0.91,-0.63
,-8.38,0.196,-5.65,-8.299,-0.328,-5.231,-0.28,-0.98,-0.14
,-8.356,0.4,-5.786,-8.272,0.273,-5.75,-0.28,-1.26,-0.21
,-8.27,0.311,-5.858,-8.246,0.144,-5.681,-1.12,-1.33,-0.7
7420.0,-8.406,0.342,-5.793,-8.253,-0.641,-5.372,0.14,-6.09,-1.68
,-8.282,0.261,-5.92,-8.373,-0.34,-5.59,-2.1,-6.58,-1.61
,-8.126,0.057,-5.853,-8.246,-0.053,-5.875,-4.62,-5.95,-1.19
,-8.169,-0.352,-5.599,-8.301,-0.165,-5.836,-3.5,-5.04,-0.42
7495.0,-8.351,-0.313,-5.721,-8.354,0.065,-5.75,-1.96,-8.96,3.22
,-8.354,-0.313,-5.786,-8.39,0.036,-5.75,-1.19,-9.17,3.85
,-8.275,-0.254,-5.638,-8.303,0.251,-5.92,0.42,-9.03,4.06
,-8.344,-0.041,-5.714,-8.27,0.024,-5.846,1.61,-9.31,3.78
7571.0,-8.382,-0.029,-5.621,-8.504,0.802,-5.76,3.57,-7.63,3.36
,-8.358,0.266,-5.709,-8.402,0.893,-5.674,5.18,-8.75,3.15
,-8.366,0.493,-5.671,-8.294,0.78,-5.86,6.37,-9.66,2.87
,-8.48,0.699,-5.721,-8.284,0.524,-5.312,7.14,-10.22,2.45
7647.0,-8.404,0.548,-5.238,-8.452,0.548,-5.465,12.11,-9.03,-0.35
,-8.624,0.794,-5.262,-8.394,0.043,-5.355,14.42,-10.22,-0.77
,-8.684,0.84,-5.288,-8.402,-0.297,-5.286,14.63,-11.55,-2.03
,-8.636,0.73,-5.339,-8.488,-0.433,-5.24,12.74,-12.88,-3.08
7723.0,-8.603,-0.302,-5.296,-8.476,0.0,-5.056,7.35,-16.38,-1.4
,-8.677,-0.132,-5.343,-8.619,-0.053,-4.963,7.7,-17.57,-1.05
,-8.562,0.01,-5.293,-8.689,-0.022,-5.047,7.0,-18.06,-0.98
,-8.428,0.002,-5.214,-8.641,-0.01,-5.059,6.51,-18.13,-0.63
7798.0,-8.6,-0.139,-4.977,-8.765,0.117,-4.738,4.76,-21.49,1.26
,-8.514,-0.797,-4.69,-8.799,0.56,-4.707,4.34,-21.0,1.47
,-8.748,-0.632,-4.721,-8.739,0.692,-4.661,6.44,-21.0,2.66
,-8.775,-0.455,-4.511,-8.693,0.56,-4.625,10.5,-21.49,3.71
7874.0,-8.66,0.321,-4.446,-8.835,0.546,-3.877,1.68,-23.17,2.1
,-8.667,0.158,-4.312,-8.818,0.66,-3.819,2.94,-22.82,1.54
,-8.782,0.369,-4.121,-8.787,0.608,-3.743,5.46,-22.12,1.4
,-8.729,0.462,-3.898,-8.847,0.299,-3.58,6.44,-22.12,1.12
7949.0,-8.67,0.036,-3.001,-9.076,0.486,-3.616,1.33,-20.79,-0.7
,-8.99,0.163,-3.264,-8.993,0.428,-3.551,3.71,-19.95,-0.7
,-9.024,0.383,-3.429,-8.952,0.242,-3.326,4.41,-19.67,-1.33
,-8.973,0.4,-3.324,-8.964,0.01,-3.151,2.87,-19.18,-1.82
8025.0,-9.155,-0.038,-3.008,-9.038,-0.208,-3.513,0.35,-14.7,-3.85
,-9.174,0.014,-2.898,-9.091,-0.275,-3.431,0.07,-14.21,-3.64
,-9.103,0.158,-3.154,-9.127,-0.103,-3.585,-0.77,-13.65,-3.08
,-9.074,-0.086,-3.36,-9.064,0.017,-3.534,-1.82,-13.09,-2.66
8101.0,-9.072,-0.22,-3.348,-9.069,-0.139,-3.616,2.1,-10.43,-2.24
,-9.194,-0.232,-3.704,-9.229,0.139,-3.388,1.89,-10.57,-1.82
,-9.162,-0.28,-3.874,-9.316,0.584,-3.75,1.96,-10.78,-1.68
,-9.155,-0.208,-3.747,-9.256,0.603,-3.97,3.08,-10.22,-1.33
8177.0,-9.088,0.179,-4.075,-9.282,0.361,-3.671,-1.19,-10.78,-2.03
,-9.005,-0.275,-3.946,-9.241,0.476,-4.03,-0.7,-10.57,-1.89
,-9.131,-0.395,-3.685,-9.074,0.235,-3.771,3.57,-10.29,-1.96
,-9.258,-0.136,-3.606,-9.17,-0.031,-3.501,7.77,-10.71,-2.31
8253.0,-9.311,-0.026,-3.34,-9.28,-0.048,-2.962,3.71,-11.97,-3.01
,-9.363,0.091,-3.113,-9.22,-0.141,-2.594,3.71,-11.83,-3.36
,-9.363,0.223,-3.254,-9.414,-0.182,-2.666,2.87,-11.83,-3.29
,-9.253,0.098,-3.077,-9.366,-0.199,-2.769,2.38,-11.27,-2.94
8328.0,-9.28,-0.287,-3.149,-9.399,0.591,-2.934,3.15,-8.33,-2.03
,-9.122,-0.445,-3.032,-9.452,0.608,-3.374,4.69,-7.56,-1.33
,-9.361,-0.294,-3.178,-9.273,0.211,-3.503,7.91,-7.42,-1.47
,-9.323,0.208,-2.881,-9.253,-0.402,-3.393,9.52,-7.14,-2.03
8404.0,-9.249,-0.665,-3.257,-9.332,-0.029,-3.094,-1.26,-7.28,-3.71
,-9.411,-0.397,-2.994,-9.301,-0.313,-2.766,4.55,-7.0,-3.64
,-9.421,0.093,-2.795,-9.385,-0.495,-2.998,6.51,-6.93,-3.85
,-9.421,0.249,-2.97,-9.392,-0.383,-2.757,4.55,-7.14,-4.06
8480.0,-9.416,-0.112,-2.618,-9.459,-0.211,-2.946,2.94,-4.9,-3.78
,-9.471,0.017,-2.723,-9.44,0.053,-3.166,2.17,-4.62,-3.92
,-9.414,-0.084,-2.704,-9.541,0.246,-3.53,0.56,-4.27,-3.92
,-9.397,-0.189,-2.67,-9.284,0.179,-3.302,0.42,-3.78,-3.71
8556.0,-9.318,0.034,-3.209,-9.459,-0.318,-3.084,-0.77,-4.27,-4.97
,-9.397,-0.069,-3.111,-9.411,-0.567,-3.072,-0.35,-4.41,-5.25
,-9.529,-0.156,-3.099,-9.385,-0.706,-2.958,0.84,-4.76,-5.32
,-9.505,-0.11,-3.113,-9.409,-0.668,-2.852,0.21,-5.11,-5.46
8631.0,-9.371,-0.617,-2.747,-9.435,-0.603,-2.005,5.74,-4.48,-3.71
,-9.399,-0.603,-2.458,-9.576,-0.608,-1.852,6.65,-3.57,-3.08
,-9.474,-0.565,-2.376,-9.572,-0.194,-2.178,6.44,-2.87,-2.87
,-9.44,-0.579,-2.192,-9.514,-0.165,-2.268,5.88,-1.82,-2.52
8707.0,-9.476,-0.201,-2.517,-9.483,-0.373,-3.156,2.87,2.17,-2.1
,-9.476,-0.285,-2.874,-9.552,-0.258,-3.381,1.75,2.52,-2.1
,-9.411,-0.479,-3.025,-9.442,-0.132,-3.484,1.47,2.87,-2.03
,-9.344,-0.531,-2.97,-9.287,-0.345,-3.285,2.73,3.29,-1.54
8782.0,-9.344,-0.424,-3.238,-9.462,-0.505,-2.276,4.48,1.82,-1.33
,-9.471,-0.629,-3.032,-9.495,-0.483,-2.252,5.6,1.61,-1.33
,-9.543,-0.421,-2.857,-9.502,-0.409,-2.328,6.09,1.47,-1.4
,-9.445,-0.479,-2.606,-9.483,-0.313,-2.247,5.32,1.75,-1.12
8858.0,-9.438,-0.29,-2.422,-9.466,-0.541,-2.986,0.7,4.9,-0.77
,-9.418,-0.404,-2.599,-9.485,-0.414,-3.211,-0.7,5.46,-0.91
,-9.395,-0.558,-2.723,-9.512,-0.282,-3.429,-1.47,5.81,-0.84
,-9.414,-0.634,-2.742,-9.418,-0.203,-3.697,-0.91,6.23,-0.56
8934.0,-9.34,-0.416,-3.877,-9.38,-0.491,-3.434,-1.82,3.85,-0.91
,-9.296,-0.613,-3.967,-9.43,-0.412,-3.12,-0.84,2.87,-0.63
,-9.32,-0.684,-3.927,-9.5,-0.364,-2.934,1.33,2.03,-0.28
,-9.344,-0.668,-3.697,-9.524,-0.416,-2.785,3.99,1.33,0.07
9010.0,-9.481,-0.522,-2.857,-9.442,-0.503,-2.656,3.22,-0.07,0.42
,-9.411,-0.639,-2.876,-9.507,-0.313,-2.704,3.01,0.0,0.63
,-9.313,-0.782,-2.601,-9.469,-0.27,-2.869,3.29,0.49,0.98
,-9.421,-0.715,-2.615,-9.445,-0.225,-2.97,4.83,1.12,1.33
9085.0,-9.445,-0.285,-3.077,-9.445,-0.311,-3.257,1.47,1.89,0.84
,-9.464,-0.342,-3.195,-9.438,-0.251,-3.199,1.96,1.89,0.91
,-9.407,-0.395,-3.221,-9.416,-0.471,-3.171,2.87,1.61,1.05
,-9.426,-0.366,-3.211,-9.407,-0.519,-3.08,4.06,1.54,1.12
9161.0,-9.459,-0.469,-3.118,-9.445,-0.366,-2.685,4.34,0.21,0.84
,-9.435,-0.474,-3.087,-9.524,-0.239,-2.603,4.55,0.28,0.91
,-9.404,-0.364,-2.821,-9.536,-0.211,-2.656,4.69,0.42,0.98
,-9.414,-0.421,-2.752,-9.469,-0.313,-2.649,4.9,0.7,0.98
9236.0,-9.416,-0.474,-2.733,-9.385,-0.526,-3.166,0.7,2.45,0.42
,-9.483,-0.447,-2.874,-9.45,-0.419,-3.204,0.7,2.8,0.14
,-9.447,-0.419,-3.096,-9.438,-0.335,-3.257,0.56,2.66,0.14
,-9.347,-0.524,-3.159,-9.43,-0.311,-3.221,0.14,2.73,0.28
9312.0,-9.43,-0.342,-3.163,-9.45,-0.402,-3.044,1.82,1.96,0.49
,-9.433,-0.378,-3.226,-9.426,-0.419,-2.991,1.96,1.61,0.49
,-9.45,-0.436,-3.108,-9.387,-0.457,-2.898,2.1,1.33,0.49
,-9.462,-0.445,-3.082,-9.464,-0.426,-2.843,2.87,1.19,0.42
9388.0,-9.478,-0.366,-2.883,-9.505,-0.361,-3.075,2.38,1.47,0.42
,-9.442,-0.447,-2.848,-9.385,-0.337,-3.044,1.75,1.68,0.42
,-9.438,-0.505,-2.814,-9.409,-0.395,-3.123,1.47,1.96,0.49
,-9.459,-0.414,-2.905,-9.395,-0.486,-3.137,1.96,2.17,0.56
9464.0,-9.447,-0.428,-3.149,-9.402,-0.474,-3.01,2.38,1.96,0.56
,-9.411,-0.395,-3.101,-9.474,-0.433,-3.025,2.31,1.82,0.42
,-9.445,-0.416,-3.072,-9.507,-0.426,-3.08,2.1,1.82,0.42
,-9.43,-0.474,-3.001,-9.445,-0.335,-3.089,1.89,1.75,0.42
9540.0,-9.407,-0.376,-3.075,-9.454,-0.404,-3.027,2.17,1.68,0.56
,-9.435,-0.483,-3.029,-9.466,-0.352,-3.037,1.89,1.96,0.77
,-9.459,-0.491,-3.025,-9.471,-0.407,-3.051,2.17,2.03,0.77
,-9.481,-0.5,-2.948,-9.385,-0.416,-3.104,2.52,1.96,0.77
9615.0,-9.402,-0.464,-3.053,-9.433,-0.452,-3.056,2.17,1.75,0.7
,-9.428,-0.526,-3.065,-9.421,-0.436,-3.027,2.66,1.68,0.84
,-9.447,-0.45,-3.027,-9.421,-0.371,-3.039,3.15,1.47,0.91
,-9.438,-0.457,-3.092,-9.485,-0.397,-3.094,3.15,1.54,0.98
9691.0,-9.433,-0.39,-3.017,-9.402,-0.431,-3.044,2.31,1.33,0.7
,-9.426,-0.385,-3.065,-9.421,-0.445,-3.044,2.45,1.19,0.63
,-9.43,-0.424,-3.005,-9.416,-0.421,-3.027,2.73,1.47,0.7
,-9.457,-0.38,-3.063,-9.435,-0.44,-3.075,2.87,1.4,0.7
9767.0,-9.416,-0.541,-2.989,-9.445,-0.421,-2.883,2.03,1.33,0.63
,-9.433,-0.546,-2.989,-9.485,-0.373,-2.86,2.73,1.4,0.77
,-9.445,-0.469,-3.005,-9.464,-0.345,-2.876,3.64,1.47,0.91
,-9.43,-0.39,-2.955,-9.454,-0.352,-3.01,3.43,1.54,0.84
9843.0,-9.423,-0.407,-3.113,-9.438,-0.321,-3.254,1.96,1.82,0.7
,-9.414,-0.419,-3.161,-9.385,-0.354,-3.171,1.96,1.82,0.7
,-9.452,-0.514,-3.142,-9.428,-0.404,-3.171,2.52,1.89,0.77
,-9.447,-0.452,-3.221,-9.399,-0.495,-3.149,3.36,1.68,0.84
9918.0,-9.438,-0.512,-3.068,-9.447,-0.33,-3.096,2.66,0.77,0.7
,-9.471,-0.455,-3.063,-9.416,-0.426,-3.049,3.43,0.77,0.63
,-9.459,-0.347,-3.123,-9.402,-0.476,-3.02,3.64,0.42,0.56
,-9.454,-0.304,-3.101,-9.447,-0.469,-2.991,3.29,0.42,0.56
9994.0,-9.418,-0.474,-2.967,-9.474,-0.459,-2.831,2.8,0.42,0.42
,-9.488,-0.419,-2.924,-9.536,-0.38,-2.819,2.8,0.49,0.42
,-9.414,-0.495,-2.905,-9.469,-0.282,-2.862,2.66,0.77,0.63
,-9.39,-0.469,-2.807,-9.361,-0.328,-2.953,2.94,1.19,0.77
10069.0,-9.397,-0.397,-2.953,-9.442,-0.514,-3.01,1.61,1.96,0.49
,-9.421,-0.45,-2.848,-9.442,-0.476,-3.022,1.47,1.89,0.42
,-9.421,-0.586,-2.97,-9.43,-0.4,-2.998,1.4,2.1,0.49
,-9.426,-0.622,-2.929,-9.435,-0.402,-3.089,1.96,2.31,0.77
10145.0,-9.416,-0.431,-3.063,-9.409,-0.237,-3.211,1.4,2.45,0.98
,-9.447,-0.443,-3.159,-9.383,-0.333,-3.216,1.47,2.38,1.05
,-9.442,-0.361,-3.135,-9.399,-0.419,-3.264,1.89,2.17,0.98
,-9.452,-0.29,-3.19,-9.375,-0.5,-3.235,2.03,2.03,0.91
10221.0,-9.378,-0.531,-3.123,-9.505,-0.349,-2.967,0.63,1.19,0.77
,-9.361,-0.524,-2.972,-9.459,-0.28,-3.046,0.91,1.12,0.84
,-9.363,-0.462,-2.938,-9.39,-0.455,-3.077,1.05,0.84,0.84
,-9.476,-0.462,-2.905,-9.351,-0.598,-3.049,0.91,0.77,0.91
10297.0,-9.426,-0.57,-3.063,-9.366,-0.622,-2.515,-0.84,0.84,1.19
,-9.438,-0.503,-2.97,-9.454,-0.596,-2.596,-0.56,0.77,1.26
,-9.447,-0.464,-2.85,-9.428,-0.426,-2.501,-0.7,1.05,1.61
,-9.385,-0.565,-2.737,-9.481,-0.211,-2.694,-0.98,1.47,1.82
10373.0,-9.423,-0.158,-2.86,-9.332,-0.742,-2.678,-4.2,3.08,1.96
,-9.361,-0.318,-2.814,-9.38,-0.737,-2.761,-6.16,3.43,2.24
,-9.383,-0.5,-2.955,-9.356,-0.708,-2.273,-6.65,3.78,2.52
,-9.354,-0.699,-2.907,-9.536,-0.541,-2.448,-6.16,3.99,2.94
10448.0,-9.541,-0.397,-2.726,-9.509,-0.419,-2.642,-1.19,6.16,4.34
,-9.351,-0.407,-2.747,-9.445,0.007,-2.637,-3.15,6.58,4.62
,-9.208,-0.574,-2.659,-9.44,0.036,-2.517,-3.29,7.49,5.11
,-9.263,-0.646,-2.391,-9.337,-0.184,-2.23,-0.91,8.68,5.53
10524.0,-9.332,-0.333,-2.659,-9.33,0.634,-3.525,-3.22,11.27,5.32
,-9.328,-0.462,-2.455,-9.203,0.677,-3.604,-0.98,12.11,5.46
,-9.56,-0.306,-2.599,-9.17,0.268,-3.309,3.85,12.74,5.74
,-9.545,0.232,-3.333,-9.158,-0.144,-2.998,4.13,11.48,4.34
10600.0,-9.385,-0.067,-3.192,-9.119,-0.893,-2.778,-4.48,12.32,1.82
,-9.466,-0.069,-3.496,-9.38,-0.838,-2.814,-6.93,10.85,0.77
,-9.378,-0.294,-3.422,-9.28,-0.407,-2.613,-10.15,10.57,1.05
,-9.28,-0.622,-3.546,-9.387,0.096,-2.941,-12.39,10.15,1.96
10676.0,-9.442,0.299,-3.451,-9.567,0.239,-4.109,0.7,12.11,2.66
,-9.139,0.048,-3.41,-9.323,0.519,-4.149,-2.24,13.37,2.59
,-9.146,-0.254,-3.563,-8.973,0.629,-3.932,-1.26,14.56,2.87
,-9.294,-0.175,-3.719,-8.897,0.223,-3.422,2.17,14.49,2.73
10751.0,-9.182,0.005,-2.955,-8.949,-0.857,-4.235,-4.62,13.23,-0.42
,-9.517,0.156,-3.199,-8.76,-1.082,-3.996,-3.78,12.39,-1.05
,-9.445,0.218,-3.747,-9.012,-0.699,-3.891,-7.49,11.06,-1.33
,-9.251,-0.311,-4.063,-9.045,-0.005,-3.807,-11.9,11.06,-0.63
10827.0,-9.225,0.199,-3.484,-8.971,-0.534,-3.25,10.64,14.7,1.26
,-9.311,0.127,-3.637,-9.191,-0.179,-3.209,6.51,13.65,1.4
,-8.993,-0.299,-3.704,-9.335,0.089,-3.173,3.15,13.79,2.31
,-8.899,-0.699,-3.613,-9.179,0.175,-3.262,3.08,14.7,3.08
10902.0,-9.005,0.029,-3.482,-9.203,0.603,-4.271,4.69,17.5,2.73
,-8.933,-0.043,-3.367,-9.057,0.402,-4.168,4.55,18.48,3.36
,-9.127,0.079,-3.585,-8.926,-0.084,-3.975,6.51,18.41,3.08
,-9.174,0.517,-4.073,-8.794,-0.558,-3.908,8.26,17.08,1.96
10978.0,-8.899,-0.981,-3.932,-8.83,-1.036,-3.676,-0.35,16.38,1.26
,-8.959,-1.251,-3.984,-9.005,-0.158,-3.972,2.03,16.03,2.59
,-8.804,-1.431,-3.965,-9.009,0.672,-4.357,4.55,16.87,3.78
,-8.765,-1.388,-3.898,-8.933,1.297,-4.661,8.26,19.25,5.11
11054.0,-8.839,1.582,-4.647,-8.961,0.474,-4.314,4.41,18.76,3.43
,-8.861,1.536,-4.597,-8.844,0.225,-4.082,-2.94,18.9,1.68
,-8.911,0.995,-4.563,-8.784,0.084,-3.798,-7.49,18.76,-0.14
,-8.911,0.699,-4.465,-8.801,-0.055,-3.898,-8.68,18.83,-1.26
11130.0,-8.832,-0.208,-4.001,-8.528,-0.129,-4.537,-1.05,19.81,-3.01
,-8.89,-0.208,-4.221,-8.433,-0.282,-4.597,-0.56,19.39,-2.45
,-8.756,-0.211,-4.424,-8.595,-0.467,-4.46,-0.56,19.25,-2.1
,-8.629,-0.172,-4.551,-8.76,-0.273,-4.7,-0.77,19.32,-2.24
11205.0,-8.78,-0.555,-4.212,-8.626,-0.345,-5.097,-5.6,19.95,0.84
,-8.677,-0.517,-4.477,-8.746,0.184,-4.965,-3.57,20.02,1.33
,-8.469,-0.739,-4.74,-8.588,0.493,-5.147,-2.31,20.51,1.89
,-8.524,-0.656,-4.893,-8.459,0.572,-5.135,0.63,21.21,2.73
11281.0,-8.672,0.467,-5.011,-8.808,-0.672,-5.039,1.05,19.53,0.14
,-8.641,0.225,-5.173,-8.746,-0.077,-5.339,-1.05,19.67,0.28
,-8.547,-0.33,-5.176,-8.614,0.436,-5.674,-1.47,20.09,0.49
,-8.562,-0.634,-5.236,-8.452,0.773,-5.853,0.84,20.72,0.42
11357.0,-8.378,0.651,-5.796,-8.461,-1.189,-5.439,4.9,13.02,-1.82
,-8.38,0.246,-5.506,-8.358,-1.275,-5.635,1.19,13.58,-2.17
,-8.325,-0.467,-5.434,-8.411,-1.122,-5.623,0.0,14.07,-1.89
,-8.452,-0.948,-5.229,-8.44,-0.909,-5.901,0.7,14.28,-0.63
11433.0,-8.234,-0.766,-6.207,-8.485,-0.983,-5.559,10.29,10.22,4.06
,-8.071,-0.759,-6.219,-8.346,-0.665,-5.508,10.43,9.24,4.06
,-7.956,-0.991,-6.188,-8.559,-0.459,-5.439,11.27,7.77,3.85
,-7.779,-1.249,-5.748,-8.631,-0.342,-5.42,12.32,8.19,4.06
11509.0,-8.904,-0.168,-5.341,-8.435,0.373,-5.939,12.39,6.72,4.13
,-8.751,0.031,-5.755,-8.327,0.467,-6.114,11.27,5.95,3.85
,-8.658,0.44,-5.915,-8.26,0.304,-6.169,10.57,5.11,4.41
,-8.394,0.017,-5.956,-8.358,0.282,-6.126,7.14,4.2,5.11
11584.0,-8.349,-0.249,-5.745,-8.265,-0.651,-5.425,4.69,0.07,4.9
,-8.437,-0.424,-5.659,-8.368,0.179,-5.855,6.37,-0.35,4.55
,-8.61,-0.354,-5.556,-8.354,-0.079,-5.353,7.49,-1.12,4.83
,-8.631,-0.658,-5.331,-8.519,0.747,-5.872,5.95,-2.1,5.74
11660.0,-8.497,0.637,-5.762,-8.421,-0.701,-5.473,1.19,-2.87,5.46
,-9.892,2.357,-7.844,-8.303,-0.558,-5.351,-5.11,1.61,10.29
,-8.313,-0.818,-5.628,-8.402,-0.11,-5.372,-5.18,-0.7,7.98
,-8.382,-0.878,-5.453,-8.488,0.273,-5.286,-0.91,-2.8,6.93
11735.0,-8.557,0.589,-5.255,-8.437,0.172,-5.188,8.19,-2.59,4.9
,-8.564,0.632,-5.262,-8.387,0.053,-5.41,6.3,-2.59,4.2
,-8.512,0.512,-5.279,-8.387,0.034,-5.456,4.62,-2.52,3.71
,-8.433,0.28,-5.226,-8.373,0.182,-5.497,3.36,-1.89,3.57
11811.0,-8.435,0.268,-5.525,-8.473,0.182,-5.365,4.06,-0.35,1.96
,-8.531,0.136,-5.559,-8.459,0.129,-5.41,3.5,-0.56,1.75
,-8.5,0.175,-5.41,-8.425,0.141,-5.463,2.94,-0.63,1.61
,-8.469,0.165,-5.437,-8.356,0.261,-5.322,2.03,-0.49,1.54
11887.0,-8.49,0.337,-5.346,-8.402,-0.096,-5.264,-0.28,0.28,-0.21
,-8.679,0.244,-5.293,-8.428,0.098,-5.497,-1.68,-0.21,-0.63
,-8.581,0.086,-5.238,-8.579,0.048,-5.58,-1.75,-0.42,-0.42
,-8.378,-0.122,-5.212,-8.595,-0.246,-5.427,-1.89,-0.14,-0.07
11963.0,-8.591,-0.634,-5.252,-8.349,0.388,-5.537,-1.47,-1.12,0.35
,-8.61,-0.821,-5.2,-8.516,0.191,-5.331,-1.12,-0.98,1.19
,-8.547,-0.543,-5.126,-8.571,-0.364,-5.037,0.98,-1.26,2.03
,-8.564,-0.323,-5.162,-8.567,0.359,-5.118,1.96,-1.47,2.45
12038.0,-8.516,-0.069,-5.049,-8.653,-0.153,-5.19,-0.7,-2.17,4.48
,-8.459,-0.031,-5.09,-8.744,-0.163,-5.075,0.14,-1.4,5.11
,-8.344,-0.213,-5.154,-8.5,-0.203,-4.96,0.84,-1.05,5.88
,-8.375,-0.311,-5.099,-8.409,-0.065,-5.25,1.19,-0.98,6.02
12114.0,-8.332,-0.048,-5.269,-8.636,0.108,-5.592,-3.01,-2.17,6.37
,-8.461,0.041,-5.437,-8.502,-0.029,-5.59,-4.97,-2.73,6.86
,-8.497,0.002,-5.554,-8.433,-0.055,-5.398,-6.02,-3.15,6.93
,-8.612,0.079,-5.578,-8.581,0.179,-5.518,-6.37,-3.92,6.58
12190.0,-8.473,0.16,-5.547,-8.538,0.534,-5.561,-6.02,-7.77,4.76
,-8.581,0.366,-5.702,-8.622,0.359,-5.537,-4.34,-8.19,3.85
,-8.71,0.498,-5.666,-8.737,0.187,-5.365,-1.89,-8.68,2.45
,-8.703,0.56,-5.58,-8.586,0.141,-5.465,-1.05,-8.68,1.33
12266.0,-8.5,0.148,-5.485,-8.516,0.235,-5.669,2.1,-11.69,-0.21
,-8.447,0.067,-5.607,-8.698,0.031,-5.501,4.06,-11.76,0.21
,-8.591,0.096,-5.322,-8.605,-0.041,-5.358,6.65,-11.69,0.49
,-8.658,0.268,-5.607,-8.641,0.089,-5.31,9.1,-12.18,0.28
12341.0,-8.77,0.081,-4.994,-8.588,0.223,-5.255,10.15,-15.89,0.63
,-8.827,0.438,-5.104,-8.526,-0.105,-5.116,8.26,-20.09,0.56
,-8.564,0.637,-5.269,-8.545,-0.299,-5.025,5.04,-21.63,0.42
,-8.526,0.581,-5.279,-8.54,-0.4,-4.97,1.75,-21.28,0.63
12417.0,-8.595,-0.194,-4.872,-8.66,0.345,-4.769,9.03,-15.54,1.89
,-8.524,0.041,-4.886,-8.502,0.304,-4.733,11.13,-15.12,1.82
,-8.892,0.266,-4.949,-8.571,0.23,-4.53,13.02,-16.31,1.33
,-8.873,0.108,-4.769,-8.741,0.187,-4.293,13.37,-17.64,2.17
12493.0,-8.849,0.395,-4.252,-8.928,1.039,-3.963,15.33,-19.81,4.41
,-8.99,0.701,-4.209,-8.918,1.11,-4.082,16.17,-20.86,3.92
,-8.811,0.852,-4.207,-8.837,0.957,-3.843,14.98,-21.63,3.57
,-8.928,0.864,-4.099,-8.938,0.859,-3.711,13.51,-21.77,3.36
12568.0,-9.421,0.591,-4.599,-8.863,0.189,-3.302,5.32,-26.04,-1.75
,-8.902,0.373,-3.575,-9.105,0.038,-3.252,4.97,-26.18,-1.96
,-9.301,0.5,-3.573,-9.22,-0.266,-2.991,6.44,-26.46,-2.45
,-8.882,0.503,-3.573,-9.203,-0.345,-3.029,3.43,-26.32,-3.08
12644.0,-9.112,-0.333,-2.991,-9.251,0.414,-2.726,-0.35,-23.66,-2.94
,-8.993,-0.402,-3.005,-9.38,0.648,-3.032,0.07,-23.03,-2.52
,-9.074,-0.407,-2.84,-9.21,0.51,-3.034,2.38,-22.05,-2.24
,-9.148,-0.06,-2.876,-9.174,0.268,-2.864,4.62,-21.42,-2.1
12720.0,-9.249,0.263,-2.915,-9.28,-0.27,-2.838,-3.43,-19.6,-4.06
,-9.194,-0.022,-2.668,-9.284,-0.29,-2.977,-3.71,-19.18,-4.27
,-9.316,-0.179,-2.541,-9.28,-0.361,-2.668,-2.66,-17.99,-4.13
,-9.316,-0.17,-2.615,-9.354,-0.23,-2.417,-1.54,-17.08,-3.99
12796.0,-9.428,0.141,-2.407,-9.1,0.278,-3.429,5.6,-12.18,-2.45
,-9.694,0.486,-2.946,-9.182,-0.436,-3.099,6.3,-12.39,-3.29
,-9.586,0.89,-3.587,-9.277,-0.811,-2.682,2.17,-13.44,-4.76
,-9.299,0.854,-3.898,-9.407,-0.648,-2.627,-4.97,-13.72,-5.46
12871.0,-9.488,-0.302,-2.319,-9.562,0.129,-3.041,9.8,-11.13,-3.57
,-9.552,0.029,-2.137,-9.414,0.055,-3.008,9.94,-10.57,-3.15
,-9.593,0.206,-2.347,-9.249,0.024,-2.79,6.65,-10.15,-3.08
,-9.596,0.333,-2.503,-9.261,-0.012,-2.388,3.85,-9.94,-3.29
12947.0,-9.409,-0.034,-2.19,-9.667,0.002,-1.531,5.32,-7.56,-4.2
,-9.454,0.079,-1.778,-9.734,-0.002,-2.254,6.02,-6.65,-4.41
,-9.531,0.012,-1.318,-9.416,-0.084,-2.391,6.09,-5.25,-4.27
,-9.77,-0.038,-1.536,-9.318,-0.244,-2.182,4.62,-4.41,-4.41
13023.0,-9.43,-0.443,-2.833,-9.512,-0.11,-2.907,-2.17,-0.28,-4.2
,-9.402,-0.294,-2.79,-9.435,-0.184,-2.601,0.14,-0.07,-4.13
,-9.512,-0.057,-3.13,-9.507,-0.302,-2.316,1.61,-0.21,-3.99
,-9.442,0.048,-2.85,-9.615,-0.201,-2.441,1.89,0.07,-3.85
13099.0,-9.593,-0.117,-2.508,-9.562,-0.309,-2.477,5.04,1.12,-3.64
,-9.49,-0.246,-2.474,-9.636,-0.098,-2.927,4.48,1.68,-3.29
,-9.476,-0.359,-2.582,-9.579,0.005,-3.199,4.13,2.1,-3.08
,-9.428,-0.443,-2.424,-9.505,-0.048,-3.429,4.76,2.8,-2.87
13174.0,-9.457,-0.199,-3.563,-9.591,-0.44,-2.876,-0.77,0.28,-3.78
,-9.366,-0.503,-3.537,-9.593,-0.29,-2.706,-0.35,-0.35,-3.71
,-9.308,-0.617,-3.269,-9.591,-0.23,-2.525,2.17,-0.35,-3.15
,-9.428,-0.584,-2.972,-9.651,-0.27,-2.568,5.32,-0.56,-2.73
13250.0,-9.634,-0.258,-2.819,-9.383,-0.811,-2.419,4.27,-1.12,-2.52
,-9.509,-0.218,-3.044,-9.493,-0.581,-2.125,3.43,-1.33,-2.52
,-9.363,-0.529,-2.886,-9.648,-0.333,-1.907,2.73,-1.12,-2.24
,-9.337,-0.809,-2.752,-9.722,-0.11,-1.938,4.2,-0.98,-1.68
13325.0,-9.619,-0.165,-1.761,-9.569,-0.251,-2.4,6.3,2.66,-1.05
,-9.517,-0.246,-1.668,-9.538,-0.244,-2.699,3.78,3.85,-1.05
,-9.574,-0.364,-1.761,-9.471,-0.215,-3.032,2.24,4.97,-1.19
,-9.619,-0.376,-2.046,-9.371,-0.376,-3.022,2.59,5.81,-1.26
13401.0,-9.351,-0.5,-2.974,-9.512,-0.369,-2.781,2.45,6.65,-0.63
,-9.397,-0.584,-2.848,-9.548,-0.225,-2.838,3.64,6.51,-0.42
,-9.5,-0.558,-2.962,-9.512,-0.208,-3.027,4.83,6.16,-0.28
,-9.485,-0.443,-2.816,-9.397,-0.294,-2.895,5.04,6.09,-0.14
13477.0,-9.366,-0.519,-2.953,-9.55,-0.172,-2.632,1.33,5.25,-0.28
,-9.438,-0.672,-2.845,-9.581,-0.005,-2.857,2.52,5.25,-0.14
,-9.469,-0.629,-2.74,-9.555,0.007,-3.02,4.62,5.32,0.14
,-9.545,-0.424,-2.659,-9.452,-0.23,-3.108,5.81,5.46,0.21
13553.0,-9.421,-0.412,-3.46,-9.507,-0.431,-3.326,-3.43,4.27,-1.33
,-9.356,-0.68,-3.508,-9.507,-0.246,-3.245,-2.8,3.71,-1.05
,-9.342,-0.73,-3.448,-9.474,-0.263,-3.12,-0.35,3.15,-0.7
,-9.426,-0.665,-3.355,-9.447,-0.39,-2.9,3.29,2.52,-0.35
13629.0,-9.447,-0.55,-2.776,-9.505,-0.313,-2.551,2.38,1.12,-0.07
,-9.447,-0.598,-2.632,-9.509,-0.285,-2.654,3.22,1.4,0.14
,-9.497,-0.589,-2.584,-9.5,-0.304,-2.766,4.41,1.61,0.14
,-9.493,-0.402,-2.52,-9.493,-0.347,-3.017,5.18,1.89,0.28
13704.0,-9.483,-0.45,-3.084,-9.464,-0.342,-2.977,0.42,2.52,-0.21
,-9.428,-0.634,-3.096,-9.481,-0.311,-2.845,0.63,2.45,0.0
,-9.459,-0.682,-3.156,-9.502,-0.292,-2.824,2.1,2.38,0.21
,-9.445,-0.524,-3.087,-9.502,-0.349,-2.826,3.92,2.1,0.35
13780.0,-9.478,-0.407,-2.776,-9.457,-0.359,-3.041,1.47,2.24,0.21
,-9.447,-0.55,-2.824,-9.445,-0.431,-3.106,1.19,2.31,0.28
,-9.45,-0.56,-2.917,-9.426,-0.486,-3.063,2.03,2.31,0.21
,-9.497,-0.447,-2.955,-9.428,-0.524,-3.082,3.08,2.45,0.35
13856.0,-9.402,-0.553,-2.982,-9.483,-0.34,-2.982,3.85,1.96,0.7
,-9.476,-0.514,-3.022,-9.445,-0.395,-3.003,4.48,1.82,0.77
,-9.45,-0.414,-2.998,-9.433,-0.486,-2.96,4.48,1.47,0.84
,-9.445,-0.354,-2.936,-9.421,-0.577,-2.888,4.13,1.54,0.77
13932.0,-9.435,-0.526,-2.733,-9.485,-0.218,-2.943,4.76,1.54,1.05
,-9.442,-0.505,-2.821,-9.445,-0.261,-3.027,5.25,1.61,1.12
,-9.521,-0.402,-2.761,-9.459,-0.309,-3.111,4.97,1.54,1.05
,-9.521,-0.299,-2.838,-9.471,-0.431,-3.218,4.27,1.82,0.98
14007.0,-9.464,-0.51,-3.228,-9.469,-0.304,-3.053,1.61,0.77,0.49
,-9.454,-0.562,-3.206,-9.507,-0.268,-2.955,2.94,0.35,0.63
,-9.447,-0.517,-3.128,-9.507,-0.309,-3.046,4.27,0.0,0.77
,-9.488,-0.4,-3.149,-9.428,-0.44,-3.01,5.25,0.07,1.05
14083.0,-9.438,-0.548,-2.989,-9.526,-0.409,-2.498,2.31,-0.98,0.56
,-9.392,-0.591,-2.893,-9.517,-0.268,-2.446,3.08,-0.91,0.63
,-9.421,-0.562,-2.709,-9.564,-0.33,-2.534,4.13,-0.63,0.91
,-9.493,-0.481,-2.584,-9.507,-0.436,-2.592,4.62,-0.42,0.98
14158.0,-9.476,-0.534,-2.666,-9.485,-0.467,-2.702,1.26,1.4,0.7
,-9.462,-0.481,-2.809,-9.509,-0.335,-2.764,2.1,1.47,0.77
,-9.43,-0.531,-2.821,-9.567,-0.201,-2.809,2.73,1.75,0.84
,-9.43,-0.503,-2.793,-9.5,-0.227,-2.91,3.43,1.89,1.19
14234.0,-9.469,-0.388,-2.998,-9.474,-0.428,-2.965,0.56,2.17,0.56
,-9.43,-0.524,-3.008,-9.541,-0.323,-3.046,0.56,2.24,0.7
,-9.45,-0.56,-3.015,-9.497,-0.352,-3.061,1.82,2.1,0.77
,-9.493,-0.517,-2.967,-9.438,-0.371,-3.118,3.08,2.03,0.77
14310.0,-9.39,-0.436,-3.175,-9.507,-0.524,-2.783,1.54,1.19,0.63
,-9.435,-0.519,-3.113,-9.49,-0.443,-2.764,2.03,1.05,0.77
,-9.466,-0.524,-3.013,-9.5,-0.457,-2.778,2.66,0.77,0.91
,-9.464,-0.493,-2.934,-9.418,-0.426,-2.737,3.29,0.77,0.98
14386.0,-9.469,-0.383,-2.721,-9.49,-0.352,-2.857,2.94,1.19,1.26
,-9.478,-0.424,-2.833,-9.502,-0.333,-2.955,2.87,1.4,1.05
,-9.483,-0.385,-2.816,-9.529,-0.366,-3.032,2.8,1.33,0.91
,-9.493,-0.371,-2.807,-9.466,-0.462,-3.013,2.8,1.54,0.91
14461.0,-9.502,-0.459,-3.094,-9.495,-0.431,-2.895,2.45,1.26,0.63
,-9.466,-0.503,-3.046,-9.481,-0.39,-2.855,2.66,1.05,0.7
,-9.452,-0.491,-2.996,-9.45,-0.369,-2.809,3.22,0.98,0.77
,-9.507,-0.536,-2.986,-9.519,-0.349,-2.745,3.64,0.84,0.77
14537.0,-9.447,-0.369,-2.728,-9.454,-0.443,-2.769,3.22,1.12,0.84
,-9.526,-0.38,-2.635,-9.481,-0.366,-2.85,2.8,1.61,1.05
,-9.521,-0.493,-2.704,-9.447,-0.445,-2.843,2.38,1.82,0.84
,-9.476,-0.505,-2.771,-9.45,-0.546,-2.709,2.31,1.89,0.77
14613.0,-9.541,-0.503,-2.879,-9.442,-0.428,-3.017,2.73,2.24,0.84
,-9.507,-0.479,-2.95,-9.435,-0.534,-3.013,3.57,2.38,0.98
,-9.495,-0.323,-3.027,-9.454,-0.483,-2.946,3.78,2.17,0.98
,-9.49,-0.311,-3.049,-9.478,-0.409,-2.936,3.08,1.96,0.84
14689.0,-9.529,-0.366,-2.869,-9.464,-0.414,-2.955,3.71,1.82,0.77
,-9.512,-0.316,-2.831,-9.462,-0.586,-2.891,3.08,1.75,0.63
,-9.5,-0.258,-2.895,-9.452,-0.56,-2.826,2.45,1.68,0.42
,-9.49,-0.318,-2.862,-9.514,-0.467,-2.883,1.68,1.75,0.28
14765.0,-9.459,-0.397,-2.814,-9.493,-0.443,-2.898,3.15,1.68,0.49
,-9.488,-0.29,-2.862,-9.493,-0.45,-2.891,2.38,1.68,0.35
,-9.476,-0.361,-2.881,-9.464,-0.376,-3.005,1.12,1.68,0.21
,-9.447,-0.412,-2.776,-9.466,-0.457,-3.053,0.77,2.17,0.35
14840.0,-9.409,-0.471,-3.027,-9.481,-0.409,-2.922,1.89,1.89,0.42
,-9.414,-0.495,-3.061,-9.462,-0.392,-2.881,2.03,1.82,0.49
,-9.466,-0.498,-3.034,-9.478,-0.392,-2.845,2.59,1.54,0.35
,-9.488,-0.45,-2.977,-9.457,-0.438,-2.824,3.01,1.61,0.42
14916.0,-9.466,-0.397,-2.876,-9.483,-0.447,-2.919,2.1,1.47,0.35
,-9.474,-0.512,-2.867,-9.474,-0.402,-2.891,1.96,1.33,0.35
,-9.44,-0.558,-2.941,-9.474,-0.395,-2.888,2.24,1.4,0.35
,-9.43,-0.55,-2.893,-9.509,-0.383,-2.943,2.59,1.47,0.49
14991.0,-9.49,-0.38,-2.972,-9.459,-0.648,-2.915,1.12,1.19,0.21
,-9.418,-0.431,-3.039,-9.445,-0.562,-2.958,0.98,0.98,0.14
,-9.44,-0.51,-3.02,-9.457,-0.5,-2.912,1.26,1.05,0.28
,-9.421,-0.57,-2.984,-9.509,-0.433,-2.946,1.75,0.84,0.35
15067.0,-9.464,-0.366,-2.972,-9.49,-0.51,-3.005,2.8,0.56,0.7
,-9.502,-0.364,-3.005,-9.505,-0.467,-2.965,2.31,0.56,0.77
,-9.445,-0.416,-3.053,-9.507,-0.455,-2.977,1.89,0.35,0.7
,-9.442,-0.512,-3.063,-9.466,-0.333,-2.946,2.17,0.35,0.77
15143.0,-9.452,-0.38,-2.931,-9.459,-0.421,-2.599,3.01,-0.49,0.77
,-9.447,-0.443,-2.855,-9.452,-0.541,-2.649,2.59,-0.49,0.63
,-9.407,-0.416,-2.836,-9.493,-0.56,-2.462,2.31,-0.49,0.63
,-9.5,-0.452,-2.766,-9.462,-0.493,-2.505,2.1,-0.35,0.49
15219.0,-9.526,-0.416,-2.761,-9.478,-0.407,-2.781,3.36,0.91,0.84
,-9.541,-0.364,-2.663,-9.495,-0.412,-2.749,2.73,1.26,0.91
,-9.433,-0.325,-2.606,-9.488,-0.426,-2.563,1.75,1.33,0.7
,-9.495,-0.395,-2.824,-9.55,-0.51,-2.723,1.26,1.4,0.7
15294.0,-9.45,-0.388,-2.661,-9.519,-0.455,-2.706,0.56,2.38,0.63
,-9.466,-0.483,-2.735,-9.519,-0.34,-2.778,0.21,2.45,0.77
,-9.457,-0.459,-2.692,-9.519,-0.337,-2.845,0.28,2.87,0.84
,-9.469,-0.421,-2.675,-9.469,-0.4,-2.816,0.63,3.22,0.91
15370.0,-9.426,-0.436,-2.85,-9.476,-0.38,-2.95,-1.68,3.71,0.84
,-9.459,-0.409,-2.938,-9.471,-0.404,-3.094,-1.4,3.71,0.84
,-9.493,-0.309,-2.879,-9.474,-0.388,-3.192,-1.47,3.43,0.77
,-9.476,-0.34,-2.958,-9.457,-0.45,-3.19,-1.89,3.36,0.77
15445.0,-9.524,-0.613,-3.264,-9.287,-0.572,-2.429,-3.92,1.26,0.63
,-9.469,-0.61,-3.151,-9.371,-1.019,-2.173,-4.27,0.42,0.0
,-9.505,-0.378,-3.01,-9.517,-0.962,-1.797,-4.9,-0.07,0.07
,-9.368,-0.309,-2.74,-9.572,-0.625,-1.658,-6.72,0.07,0.84
15521.0,-9.555,-0.414,-1.424,-9.107,-0.952,-1.586,-1.26,6.02,3.01
,-9.538,-0.038,-1.216,-9.17,-1.266,-1.364,-3.22,7.0,2.87
,-9.56,0.11,-1.744,-9.296,-1.165,-1.199,-8.82,7.42,2.52
,-9.316,-0.534,-1.622,-9.296,-0.706,-0.512,-16.17,8.75,2.52
15597.0,-9.6,-0.089,-0.857,-8.971,-0.452,-1.299,6.16,22.54,6.44
,-9.469,0.34,-1.476,-9.069,-0.318,-1.548,2.31,23.73,5.39
,-9.141,0.112,-1.003,-9.016,-0.244,-2.448,-1.4,26.11,5.39
,-9.292,-0.024,-1.871,-8.923,0.081,-2.96,-5.25,29.12,6.09
15673.0,-8.961,0.179,-3.463,-9.672,-1.11,-3.723,-7.91,35.7,3.43
,-8.705,-0.213,-2.426,-9.6,-1.048,-4.525,-8.54,38.43,4.55
,-9.033,-0.792,-2.953,-8.981,-1.244,-4.762,-9.03,37.59,4.9
,-9.184,-1.039,-2.996,-8.562,-1.237,-4.587,-8.54,36.54,4.55
15749.0,-8.351,-0.79,-4.219,-8.655,1.012,-4.338,11.76,32.41,11.48
,-8.701,0.175,-4.549,-8.614,0.431,-4.032,18.27,30.1,10.64
,-8.904,0.957,-5.075,-8.978,-0.096,-4.156,18.13,28.07,8.54
,-8.916,1.275,-5.001,-9.33,-0.263,-4.475,13.51,28.77,7.35
15824.0,-9.268,-0.294,-4.819,-8.55,0.507,-5.336,11.27,30.24,6.37
,-9.052,-0.196,-4.865,-8.72,0.759,-5.016,11.27,27.93,6.79
,-8.49,-0.026,-5.13,-8.552,0.938,-4.618,11.48,26.74,6.72
,-8.461,0.127,-5.197,-8.904,0.983,-3.891,12.46,26.88,6.02
15900.0,-9.172,1.156,-4.226,-8.38,0.069,-5.118,1.82,23.52,1.96
,-9.11,1.022,-4.645,-8.564,0.093,-5.233,-2.17,21.56,0.56
,-9.038,0.498,-4.879,-8.832,0.424,-5.188,-3.99,21.98,0.0
,-8.588,0.187,-5.193,-8.866,0.802,-5.281,-3.29,23.31,-0.49
15976.0,-8.691,0.694,-5.185,-8.406,-1.474,-5.262,2.59,19.11,-4.62
,-8.713,0.156,-5.252,-8.524,-1.347,-5.367,-2.8,17.85,-4.27
,-8.662,-0.452,-5.458,-8.382,-1.189,-5.317,-7.0,17.01,-3.71
,-8.425,-1.218,-5.48,-8.421,-0.859,-5.525,-7.98,17.43,-2.94
16052.0,-8.579,-0.443,-5.693,-8.38,-0.584,-5.427,6.51,16.66,1.82
,-8.705,-0.069,-5.896,-8.538,-0.675,-5.035,5.18,14.28,3.01
,-8.564,-0.136,-5.963,-8.516,-0.742,-4.999,2.66,12.95,3.29
,-8.402,-0.404,-5.654,-8.536,-0.61,-4.889,1.05,12.39,3.5
16127.0,-8.557,-0.285,-4.98,-8.418,0.964,-5.808,5.88,12.32,6.3
,-8.564,-0.108,-5.264,-8.464,0.995,-5.712,6.51,12.18,6.16
,-8.689,0.426,-5.494,-8.591,0.768,-5.554,7.77,11.76,5.32
,-8.469,0.897,-5.836,-8.725,0.364,-5.372,8.4,10.36,3.99
16203.0,-8.681,0.153,-5.473,-8.155,-0.522,-5.485,5.04,6.44,-1.68
,-8.526,-0.268,-5.654,-8.15,-0.625,-5.54,5.6,5.81,-1.96
,-8.497,-0.459,-5.437,-8.433,-0.457,-5.389,7.14,5.46,-1.82
,-8.366,-0.292,-5.731,-8.399,-0.4,-5.554,9.66,5.46,-1.82
16278.0,-8.315,-0.519,-5.453,-8.157,-0.292,-5.437,7.77,5.53,0.28
,-8.193,-0.933,-5.36,-8.708,0.01,-5.288,6.44,6.09,0.98
,-8.244,-0.838,-5.334,-8.713,0.11,-5.128,6.51,6.3,1.96
,-8.234,-0.802,-5.422,-8.748,0.206,-5.343,9.17,6.23,2.59
16354.0,-8.811,-0.28,-5.178,-8.244,-0.266,-5.808,9.59,5.11,-2.03
,-8.504,-0.916,-5.006,-8.291,-0.022,-5.954,8.75,4.97,-1.05
,-8.179,-1.034,-5.248,-8.614,-0.014,-5.788,8.68,4.9,0.63
,-8.162,-0.912,-5.535,-8.681,-0.141,-5.647,11.48,4.69,1.33
16430.0,-8.536,0.031,-5.48,-8.323,-0.615,-5.355,10.64,1.19,3.08
,-8.488,-0.057,-5.547,-8.37,-0.821,-5.353,8.89,1.05,3.43
,-8.387,0.084,-5.537,-8.402,-0.948,-5.401,8.54,0.84,3.01
,-8.433,-0.05,-5.441,-8.442,-0.591,-5.626,6.65,1.05,2.59
16506.0,-8.315,0.017,-5.791,-8.598,0.309,-5.549,9.8,0.42,5.39
,-8.356,0.459,-5.781,-8.564,0.079,-5.755,8.68,0.63,4.9
,-8.437,0.517,-5.717,-8.49,-0.294,-5.64,5.88,0.84,3.99
,-8.509,0.373,-5.745,-8.454,-0.433,-5.721,3.08,1.12,2.8
16581.0,-8.267,-0.407,-5.729,-8.579,-0.352,-5.607,2.1,0.56,2.45
,-8.239,-0.23,-5.686,-8.413,-0.629,-5.504,2.8,0.7,2.38
,-8.447,0.01,-5.678,-8.323,-0.711,-5.583,2.31,0.63,1.89
,-8.655,-0.117,-5.619,-8.282,-0.519,-5.568,0.35,-0.28,1.33
16657.0,-8.461,-0.347,-5.585,-8.449,0.0,-5.307,1.05,-1.47,3.71
,-8.626,0.235,-5.597,-8.485,-0.093,-5.363,1.47,-2.24,2.8
,-8.574,0.459,-5.504,-8.626,0.06,-5.351,-0.07,-2.73,2.24
,-8.423,0.337,-5.497,-8.368,-0.646,-5.102,-1.19,-2.87,1.61
16733.0,-8.536,0.244,-5.611,-8.492,-0.409,-5.257,0.0,-4.97,-0.07
,-8.351,0.486,-5.705,-8.437,-0.72,-5.102,-0.21,-5.32,-0.42
,-8.349,0.294,-5.575,-8.5,-0.589,-5.145,-2.31,-5.46,-1.05
,-8.457,-0.172,-5.305,-8.78,-0.397,-5.2,-4.69,-5.25,-1.61
16809.0,-8.665,0.01,-5.719,-8.428,-0.546,-5.726,-0.56,-6.86,-0.21
,-8.442,-0.16,-5.779,-8.512,-0.45,-5.724,-2.45,-7.42,-0.14
,-8.421,-0.404,-5.755,-8.5,-0.311,-5.815,-4.34,-7.77,0.0
,-8.48,-0.467,-5.765,-8.583,-0.218,-5.602,-4.2,-8.26,0.49
16885.0,-8.598,-0.132,-5.681,-8.452,-0.079,-5.547,0.49,-9.94,-0.7
,-8.629,0.005,-5.719,-8.466,-0.172,-5.468,0.14,-10.85,-1.19
,-8.717,-0.057,-5.547,-8.49,-0.335,-5.291,1.26,-11.83,-1.26
,-8.708,-0.041,-5.681,-8.567,-0.421,-5.322,2.31,-13.02,-1.26
16960.0,-8.576,-0.318,-5.353,-8.495,-0.227,-5.322,7.98,-13.23,-2.1
,-8.792,-0.347,-5.142,-8.473,-0.421,-5.358,8.75,-13.51,-1.96
,-8.808,-0.199,-5.15,-8.603,-0.617,-5.106,7.63,-15.89,-2.03
,-8.497,-0.156,-5.305,-8.543,-0.821,-5.02,5.53,-16.94,-1.82
17036.0,-8.373,-0.871,-4.81,-8.643,-0.395,-4.86,5.39,-16.38,0.49
,-8.533,-0.854,-4.654,-8.567,-0.213,-4.762,7.84,-15.82,1.61
,-8.693,-0.878,-4.721,-8.327,-0.108,-4.594,10.22,-16.03,2.66
,-8.902,-0.519,-4.795,-8.88,-0.28,-4.568,11.55,-17.92,3.64
17111.0,-8.856,-0.371,-4.602,-8.737,-0.031,-4.484,6.44,-17.64,5.04
,-8.626,-0.067,-4.673,-8.866,-0.218,-4.436,7.84,-17.64,5.53
,-8.567,0.101,-4.685,-8.909,-0.347,-4.322,7.98,-17.08,5.74
,-8.603,0.06,-4.611,-8.995,-0.215,-4.223,7.77,-16.66,5.95
17187.0,-9.083,0.002,-4.068,-8.878,-0.168,-3.975,13.51,-19.18,6.58
,-9.005,0.158,-4.089,-8.882,-0.163,-3.577,12.18,-20.79,6.37
,-8.993,0.024,-4.161,-8.885,-0.091,-3.893,9.73,-21.98,5.88
,-8.873,-0.034,-4.001,-9.131,0.208,-3.604,8.33,-22.12,5.95
17263.0,-8.918,0.306,-3.625,-9.134,0.124,-3.314,5.88,-24.15,3.57
,-8.957,0.172,-3.391,-9.079,0.352,-3.24,3.5,-23.52,3.01
,-9.069,0.187,-3.589,-9.143,0.352,-3.185,2.73,-23.94,2.45
,-9.186,0.077,-3.599,-9.289,0.244,-3.338,2.52,-24.57,1.68
17339.0,-9.172,0.048,-3.281,-9.139,-0.412,-3.419,-1.75,-23.52,-1.19
,-9.134,-0.084,-3.128,-9.213,-0.342,-3.147,-2.52,-23.17,-0.84
,-9.174,-0.203,-3.553,-9.306,-0.27,-3.4,-2.87,-23.66,-0.84
,-9.1,-0.409,-3.549,-9.174,-0.258,-3.23,-2.17,-23.38,-0.7
17414.0,-9.167,-0.321,-2.943,-9.485,0.23,-3.422,-0.77,-21.7,-0.91
,-9.301,-0.313,-2.886,-9.201,0.043,-3.154,-0.91,-21.21,-1.05
,-9.402,-0.179,-2.819,-9.074,-0.333,-2.57,-0.14,-21.28,-1.4
,-9.44,0.086,-2.838,-9.198,-0.589,-2.151,-0.21,-21.14,-1.61
17490.0,-9.39,-0.483,-1.776,-9.153,0.105,-2.726,7.49,-16.8,-1.05
,-9.658,0.158,-2.201,-9.093,-0.371,-1.783,10.71,-17.01,-1.89
,-9.761,0.637,-3.166,-9.44,-0.407,-1.536,5.53,-17.92,-2.87
,-9.409,0.622,-3.087,-9.73,0.201,-1.754,-1.89,-17.78,-3.08
17566.0,-9.658,0.653,-1.771,-9.198,-0.366,-2.757,0.91,-12.11,-5.32
,-9.6,0.512,-1.878,-9.196,-0.644,-2.57,-5.81,-11.55,-5.11
,-9.746,0.105,-2.46,-9.256,-0.737,-2.223,-10.64,-11.69,-5.81
,-9.514,-0.148,-2.922,-9.588,-0.67,-1.766,-12.53,-11.48,-6.23
17642.0,-9.844,-0.249,-2.278,-9.385,-0.541,-2.539,3.01,-7.07,-4.34
,-9.694,-0.184,-2.278,-9.361,-0.431,-2.266,-0.28,-7.0,-4.06
,-9.555,-0.337,-2.407,-9.5,-0.297,-2.134,-2.73,-6.72,-3.71
,-9.452,-0.526,-2.558,-9.622,-0.345,-1.953,-2.17,-6.09,-3.5
17717.0,-9.749,-0.373,-1.759,-9.476,-0.392,-2.199,8.61,-2.24,-1.96
,-9.718,-0.223,-1.953,-9.488,-0.445,-2.414,8.4,-1.75,-1.75
,-9.696,-0.235,-2.221,-9.509,-0.45,-2.424,6.86,-1.4,-1.82
,-9.433,-0.337,-2.058,-9.636,-0.33,-2.582,5.67,-0.7,-1.68
17793.0,-9.641,-0.151,-2.883,-9.646,-0.369,-2.9,4.9,0.14,-2.38
,-9.538,-0.16,-2.716,-9.67,-0.101,-3.307,3.15,0.21,-2.31
,-9.519,-0.258,-2.819,-9.588,-0.194,-3.345,2.52,0.28,-2.03
,-9.502,-0.371,-2.666,-9.521,-0.479,-3.482,2.94,0.07,-1.89
17869.0,-9.375,-0.682,-3.312,-9.641,-0.397,-2.18,1.68,-4.41,-2.17
,-9.325,-0.905,-2.9,-9.732,-0.249,-2.245,4.13,-4.69,-1.61
,-9.466,-0.756,-2.584,-9.682,-0.294,-2.192,7.21,-4.97,-1.19
,-9.605,-0.56,-2.359,-9.627,-0.488,-2.13,8.47,-5.18,-1.05
17944.0,-9.526,-0.605,-2.015,-9.667,-0.462,-1.725,1.68,-4.48,-1.54
,-9.543,-0.558,-1.883,-9.775,-0.325,-1.953,2.03,-3.85,-1.33
,-9.555,-0.464,-1.795,-9.667,-0.266,-2.056,1.89,-3.01,-0.98
,-9.545,-0.4,-1.709,-9.562,-0.369,-2.125,0.63,-2.31,-0.7
18020.0,-9.495,-0.581,-2.089,-9.768,-0.328,-2.407,-4.34,0.63,-0.49
,-9.495,-0.718,-1.979,-9.753,-0.323,-2.587,-2.94,1.4,0.0
,-9.586,-0.55,-1.993,-9.56,-0.354,-2.596,-0.63,2.03,0.35
,-9.708,-0.452,-2.19,-9.514,-0.4,-2.637,0.28,2.17,0.28
18096.0,-9.519,-0.534,-2.62,-9.562,-0.388,-2.615,-2.31,1.33,0.0
,-9.557,-0.51,-2.694,-9.562,-0.39,-2.376,-1.19,1.05,0.0
,-9.6,-0.524,-2.745,-9.646,-0.364,-2.331,0.49,0.63,0.07
,-9.622,-0.337,-2.759,-9.667,-0.313,-2.455,1.12,0.14,-0.07
18172.0,-9.722,-0.28,-2.534,-9.517,-0.22,-2.326,1.68,-0.28,-0.35
,-9.61,-0.268,-2.539,-9.588,-0.498,-2.225,0.91,-0.56,-0.49
,-9.686,-0.376,-2.481,-9.5,-0.617,-2.285,-0.28,-1.26,-0.7
,-9.622,-0.215,-2.434,-9.548,-0.964,-2.015,-2.45,-2.24,-1.26
18247.0,-9.622,-0.828,-2.192,-9.631,-0.297,-2.704,-0.84,0.07,0.14
,-9.624,-0.696,-2.28,-9.651,-0.302,-2.759,2.45,0.49,0.56
,-9.639,-0.4,-2.477,-9.617,-0.302,-2.57,4.48,0.84,0.7
,-9.562,-0.261,-2.596,-9.588,-0.459,-2.536,4.97,0.77,0.77
18323.0,-9.622,-0.601,-2.446,-9.651,-0.318,-2.206,4.27,-0.35,0.77
,-9.56,-0.706,-2.35,-9.6,-0.385,-2.134,5.88,-0.14,1.12
,-9.639,-0.589,-2.285,-9.643,-0.369,-2.094,7.56,0.21,1.4
,-9.641,-0.419,-2.257,-9.667,-0.364,-2.233,8.12,0.49,1.47
18399.0,-9.706,-0.376,-2.175,-9.679,-0.309,-2.273,3.85,0.98,1.12
,-9.603,-0.297,-2.166,-9.61,-0.38,-2.168,2.8,1.12,0.91
,-9.665,-0.378,-2.132,-9.603,-0.462,-2.166,1.54,1.12,0.77
,-9.682,-0.371,-2.209,-9.622,-0.505,-2.218,0.7,1.19,0.7
18475.0,-9.648,-0.514,-2.376,-9.586,-0.385,-2.472,-2.59,1.61,0.35
,-9.619,-0.385,-2.383,-9.634,-0.503,-2.395,-2.17,1.75,0.49
,-9.586,-0.378,-2.474,-9.596,-0.567,-2.369,-2.73,1.54,0.28
,-9.608,-0.376,-2.472,-9.641,-0.574,-2.414,-3.36,1.33,0.14
18550.0,-9.701,-0.479,-2.503,-9.6,-0.361,-2.091,0.84,1.33,0.84
,-9.694,-0.249,-2.527,-9.639,-0.304,-2.149,0.98,0.84,0.7
,-9.567,-0.261,-2.446,-9.579,-0.371,-2.051,-0.42,0.77,0.49
,-9.646,-0.352,-2.247,-9.677,-0.514,-2.015,-1.75,0.56,0.14
18626.0,-9.627,-0.424,-2.228,-9.61,-0.538,-2.455,-3.01,2.24,0.35
,-9.608,-0.457,-2.326,-9.665,-0.51,-2.479,-1.61,2.59,0.49
,-9.555,-0.524,-2.364,-9.624,-0.359,-2.424,-0.91,2.87,0.7
,-9.584,-0.491,-2.436,-9.672,-0.364,-2.424,0.14,2.94,0.98
18701.0,-9.653,-0.366,-2.474,-9.672,-0.526,-2.283,0.63,2.52,0.91
,-9.665,-0.39,-2.455,-9.694,-0.285,-2.192,0.42,2.52,0.91
,-9.543,-0.447,-2.434,-9.651,-0.132,-2.096,0.14,2.66,0.91
,-9.555,-0.512,-2.383,-9.634,-0.235,-2.154,0.49,2.94,1.12
18777.0,-9.651,-0.349,-2.335,-9.627,-0.519,-2.424,-1.96,2.8,0.63
,-9.646,-0.471,-2.431,-9.56,-0.29,-2.422,-2.1,2.8,0.63
,-9.567,-0.562,-2.436,-9.615,-0.311,-2.304,-1.82,3.15,0.91
,-9.605,-0.634,-2.505,-9.698,-0.445,-2.352,-0.91,3.22,1.12
18853.0,-9.581,-0.433,-2.19,-9.591,-0.421,-2.134,-3.5,2.1,0.84
,-9.593,-0.292,-2.091,-9.533,-0.414,-2.127,-4.34,2.24,0.84
,-9.593,-0.304,-2.168,-9.67,-0.433,-1.981,-4.9,2.66,0.77
,-9.627,-0.416,-2.204,-9.627,-0.251,-1.974,-4.97,3.15,0.84
18929.0,-9.608,-0.278,-2.041,-9.524,-0.9,-2.106,-3.78,5.81,1.54
,-9.564,-0.407,-2.108,-9.435,-0.828,-1.938,-4.76,6.37,1.68
,-9.481,-0.672,-2.175,-9.495,-0.723,-1.857,-4.76,6.93,2.17
,-9.481,-0.876,-2.111,-9.493,-0.675,-1.9,-2.87,7.91,2.8
19005.0,-9.545,-0.641,-1.895,-9.696,0.218,-3.436,10.99,13.3,6.23
,-9.603,-0.416,-1.969,-9.442,0.258,-3.778,13.23,14.14,6.51
,-9.715,-0.122,-2.314,-9.344,-0.079,-3.807,14.14,14.07,6.3
,-9.88,0.187,-3.065,-9.311,-0.333,-3.434,12.88,12.67,5.32
19080.0,-9.557,-0.151,-3.307,-9.488,-0.235,-1.63,3.01,5.81,3.01
,-9.564,0.034,-3.214,-9.811,-0.254,-1.933,2.52,4.2,1.82
,-9.552,0.187,-2.824,-9.667,-0.199,-2.077,-0.63,3.57,0.98
,-9.356,0.045,-2.252,-9.73,-0.112,-2.429,-4.27,4.41,0.98
19156.0,-9.576,-0.144,-2.563,-9.438,-0.392,-1.586,-14.84,4.69,0.63
,-9.318,-0.275,-2.458,-9.675,-0.117,-1.974,-16.31,5.67,1.12
,-9.217,-0.524,-2.123,-9.651,-0.096,-2.603,-14.28,7.77,1.75
,-9.407,-0.603,-1.878,-9.462,-0.459,-2.661,-11.06,9.24,1.89
19232.0,-9.289,-0.814,-2.493,-9.438,0.464,-3.51,-16.94,10.85,3.36
,-9.129,-0.933,-1.675,-9.086,-0.182,-3.795,-14.14,13.23,4.69
,-9.679,-0.311,-2.376,-8.83,-1.153,-3.113,-8.19,12.88,4.48
,-9.809,0.251,-3.369,-9.43,-1.433,-2.639,-7.63,10.43,2.66
19308.0,-9.732,-1.175,-2.814,-9.093,-0.51,-1.886,1.54,13.09,6.37
,-9.6,-0.512,-2.536,-9.588,-0.457,-2.264,9.31,12.67,6.79
,-9.301,-0.12,-2.577,-9.445,0.244,-2.211,12.25,13.65,8.12
,-9.074,-0.261,-2.491,-9.634,0.84,-2.606,12.39,15.82,9.17
19383.0,-9.452,1.141,-2.795,-8.997,0.031,-3.664,16.59,20.09,7.63
,-9.349,1.397,-2.673,-8.851,-0.598,-3.075,10.92,20.02,6.3
,-9.426,0.993,-3.606,-8.942,-0.749,-2.123,3.01,18.41,4.34
,-9.229,0.579,-3.666,-9.273,-0.598,-2.352,-2.87,18.06,2.94
19459.0,-9.395,-0.359,-2.185,-9.232,0.416,-2.793,16.66,25.13,3.99
,-9.533,-0.101,-2.816,-9.361,0.617,-2.924,18.13,25.69,4.62
,-9.16,0.134,-2.924,-9.33,0.79,-3.857,16.73,26.81,5.04
,-9.162,0.223,-2.697,-9.074,0.5,-4.003,17.08,28.91,5.25
19534.0,-8.976,-0.101,-3.996,-9.112,-0.689,-4.099,3.08,24.78,2.66
,-8.483,-0.433,-3.472,-8.765,-0.818,-4.245,2.66,26.6,2.52
,-9.043,-0.56,-3.439,-8.65,-0.574,-4.188,5.32,26.88,1.89
,-9.196,-0.464,-3.951,-9.191,-0.275,-4.343,6.44,26.04,1.19
19610.0,-9.311,0.029,-4.645,-8.681,-0.371,-4.726,12.53,23.59,3.64
,-9.062,-0.017,-5.03,-8.842,-0.201,-4.623,9.45,21.98,4.2
,-8.746,-0.278,-4.951,-8.971,0.036,-4.353,5.39,21.91,5.46
,-8.536,-0.373,-4.759,-8.899,-0.055,-4.109,4.2,22.54,6.09
19686.0,-8.847,0.055,-3.85,-9.368,0.419,-4.317,7.42,23.8,5.81
,-8.897,0.426,-3.994,-8.938,0.692,-4.563,5.88,22.33,6.23
,-8.969,0.531,-4.271,-8.681,0.995,-4.664,3.85,21.84,5.95
,-9.091,0.519,-4.365,-8.562,0.866,-4.886,2.24,21.91,5.25
19762.0,-8.667,0.56,-4.841,-8.768,0.089,-5.214,-1.89,19.6,0.42
,-8.921,0.361,-4.755,-8.741,0.091,-5.142,-1.96,19.32,-0.14
,-9.009,0.357,-4.788,-8.638,0.328,-5.078,-1.26,18.41,-0.42
,-8.997,0.194,-4.968,-8.492,0.268,-5.016,-1.33,16.24,-0.7
19837.0,-8.536,0.168,-5.063,-8.775,0.16,-5.37,-4.55,14.49,-1.75
,-8.691,0.321,-4.917,-8.598,0.251,-5.48,-5.18,14.7,-1.26
,-8.847,0.4,-5.095,-8.684,0.424,-5.236,-5.67,14.49,-1.19
,-8.813,0.246,-5.425,-8.598,0.514,-5.231,-6.58,13.51,-2.03
19913.0,-8.617,0.562,-5.118,-8.744,-1.242,-5.099,4.34,9.45,-6.16
,-8.756,0.17,-4.915,-8.622,-1.553,-5.401,3.43,9.87,-6.16
,-8.655,-0.421,-4.913,-8.483,-1.651,-5.489,1.75,10.43,-5.81
,-8.591,-1.017,-4.925,-8.607,-1.46,-5.274,1.68,11.34,-4.41
19989.0,-8.416,-1.235,-5.351,-8.531,-1.192,-4.92,10.71,8.05,3.15
,-8.296,-1.132,-5.31,-8.641,-0.641,-4.944,8.89,7.21,5.04
,-8.212,-1.177,-5.386,-8.899,0.024,-4.829,6.79,7.0,6.86
,-8.339,-1.551,-4.934,-8.844,0.459,-5.047,5.81,7.98,9.17
20065.0,-8.758,0.579,-5.128,-8.832,0.986,-5.652,13.23,6.79,6.37
,-8.543,0.555,-5.166,-8.763,0.007,-5.116,13.44,6.3,6.3
,-8.346,0.833,-5.621,-8.574,-0.859,-5.02,15.4,5.32,6.02
,-8.495,0.754,-5.607,-8.571,-1.192,-4.946,16.17,4.41,5.11
20141.0,-8.291,-1.283,-4.996,-8.99,0.371,-5.281,14.77,5.25,5.88
,-8.473,-0.632,-5.334,-9.021,0.598,-5.116,16.94,5.81,7.07
,-8.576,-0.407,-5.449,-8.49,0.665,-5.413,18.34,5.39,7.91
,-8.634,0.148,-5.607,-8.179,0.232,-5.284,18.76,4.55,7.35
20216.0,-8.433,0.084,-5.269,-8.679,1.192,-5.501,6.3,2.45,8.4
,-8.65,0.096,-5.202,-8.76,1.113,-5.401,6.37,2.24,8.47
,-8.634,0.445,-5.252,-8.83,0.955,-5.43,7.0,1.4,8.54
,-8.65,0.893,-5.396,-8.641,0.491,-5.25,7.28,0.77,8.19
20292.0,-8.421,0.16,-5.183,-8.598,0.402,-5.542,-1.89,1.68,1.89
,-8.354,0.124,-5.389,-8.507,0.055,-5.547,-1.19,1.89,1.75
,-8.641,0.215,-5.406,-8.507,-0.424,-5.353,-0.21,2.03,0.77
,-8.708,0.361,-5.401,-8.528,-0.445,-5.422,-0.77,1.75,-0.14
20367.0,-8.514,-0.412,-5.317,-8.483,0.519,-5.281,-1.54,1.89,2.03
,-8.674,-0.112,-5.202,-8.839,0.735,-5.051,-0.35,2.17,2.38
,-8.665,-0.06,-5.176,-8.794,0.589,-5.035,0.49,1.33,2.24
,-8.619,0.816,-5.549,-8.579,1.015,-5.133,-0.98,0.77,2.24
20443.0,-8.624,1.412,-5.339,-8.469,-0.108,-5.477,-7.84,-1.68,-1.96
,-8.691,1.103,-5.444,-8.607,-0.625,-5.205,-9.17,-2.38,-3.36
,-8.698,0.684,-5.396,-8.622,-0.72,-5.279,-9.8,-3.01,-4.27
,-8.612,0.459,-5.394,-8.509,-0.66,-5.434,-10.08,-3.22,-4.69
20519.0,-8.428,-0.68,-5.48,-8.435,-1.062,-5.343,-3.22,-2.8,-2.17
,-8.701,-0.529,-5.554,-8.445,-1.225,-5.327,-2.31,-3.57,-1.26
,-8.641,-0.469,-5.642,-8.698,-1.031,-5.152,-2.94,-5.18,-0.49
,-8.48,-0.854,-5.542,-8.574,-0.67,-5.444,-5.39,-6.02,0.77
20595.0,-8.555,-0.266,-5.439,-8.734,0.045,-5.379,-1.26,-9.38,6.23
,-8.528,-0.297,-5.296,-8.756,0.352,-5.446,-0.98,-9.38,6.79
,-8.526,-0.407,-5.114,-8.65,0.548,-5.482,-1.05,-9.1,7.56
,-8.67,-0.302,-5.116,-8.763,0.529,-5.188,-0.07,-8.82,8.26
20670.0,-8.732,0.476,-4.917,-8.638,0.45,-5.183,4.97,-9.1,5.04
,-8.914,0.548,-5.073,-8.727,0.692,-5.245,4.62,-11.27,4.62
,-8.758,0.55,-5.14,-8.655,0.936,-5.219,3.85,-13.79,4.34
,-8.574,0.39,-5.147,-8.591,0.936,-5.14,3.15,-14.21,4.13
20746.0,-8.552,0.79,-5.138,-8.698,0.474,-4.949,8.33,-11.34,0.07
,-8.65,0.56,-4.994,-8.744,0.644,-4.831,8.47,-9.94,-0.28
,-8.679,0.333,-4.939,-8.679,0.696,-4.771,9.24,-9.17,-0.42
,-8.756,0.318,-4.886,-8.758,0.531,-4.676,11.34,-8.75,-0.28
20821.0,-8.576,0.464,-4.712,-8.727,0.108,-4.436,7.98,-12.6,0.21
,-8.801,0.022,-4.623,-8.792,0.278,-4.367,7.14,-13.16,0.35
,-8.772,-0.268,-4.482,-8.873,0.335,-4.245,7.49,-13.23,1.54
,-8.727,-0.22,-4.324,-8.887,0.254,-4.154,10.08,-14.0,1.47
20897.0,-8.947,0.151,-4.061,-8.916,0.476,-3.649,8.54,-17.71,1.19
,-8.94,0.124,-3.891,-8.964,0.56,-3.793,9.59,-17.92,0.91
,-9.038,0.392,-3.872,-9.016,0.694,-3.618,9.59,-18.27,0.49
,-8.921,0.488,-3.805,-8.866,0.541,-4.209,7.35,-18.83,0.07
20973.0,-9.098,0.395,-3.812,-9.098,0.177,-4.011,0.07,-20.37,-2.73
,-8.894,0.084,-3.477,-8.973,0.29,-4.161,-3.15,-19.81,-3.36
,-9.055,-0.031,-3.489,-8.758,0.055,-3.857,-2.87,-19.6,-3.85
,-9.186,0.158,-3.754,-8.945,-0.146,-3.585,-1.33,-20.51,-4.2
21049.0,-9.136,-0.122,-3.29,-9.115,-0.845,-3.29,1.96,-19.32,-4.34
,-9.258,-0.067,-3.252,-9.074,-0.873,-3.168,1.61,-19.53,-4.69
,-9.107,-0.089,-3.431,-9.079,-0.73,-2.974,-1.4,-19.74,-3.99
,-9.067,-0.51,-3.372,-9.203,-0.297,-2.527,-3.57,-19.46,-2.66
21125.0,-9.392,0.115,-2.69,-9.117,0.22,-3.199,10.5,-14.56,-0.21
,-9.407,0.467,-2.984,-9.277,0.313,-3.118,8.19,-14.56,-0.49
,-9.32,0.464,-3.096,-9.43,0.517,-2.807,4.41,-14.7,-0.77
,-9.234,0.388,-3.295,-9.593,0.993,-3.154,1.26,-14.42,-0.98
21200.0,-9.488,0.895,-3.419,-9.249,-0.962,-3.391,-5.04,-14.07,-6.02
,-9.284,0.366,-3.539,-9.17,-0.45,-3.049,-11.06,-14.0,-5.88
,-9.129,-0.373,-3.604,-9.371,-0.191,-2.687,-11.27,-13.44,-4.97
,-9.162,-0.876,-3.532,-9.526,0.12,-2.704,-6.44,-12.81,-4.41
21276.0,-9.493,0.187,-2.687,-9.294,-0.299,-2.355,3.78,-12.46,-3.29
,-9.359,0.132,-2.867,-9.426,-0.06,-2.24,0.84,-12.04,-3.15
,-9.232,-0.01,-2.711,-9.567,0.292,-2.407,0.14,-10.92,-2.94
,-9.251,-0.215,-2.62,-9.476,0.498,-2.426,1.82,-10.01,-2.87
21352.0,-9.387,0.306,-2.426,-9.557,0.136,-2.596,3.43,-7.21,-3.29
,-9.335,-0.072,-2.546,-9.521,0.189,-2.742,1.4,-6.16,-3.57
,-9.368,-0.16,-2.41,-9.433,0.081,-2.831,1.47,-5.53,-3.92
,-9.478,-0.11,-2.34,-9.385,-0.129,-3.025,2.94,-4.83,-3.99
21428.0,-9.43,-0.17,-3.187,-9.442,-0.17,-3.058,0.28,-4.2,-4.48
,-9.485,0.012,-3.431,-9.519,-0.127,-2.656,1.4,-4.62,-4.76
,-9.363,0.053,-3.259,-9.56,0.002,-2.692,1.26,-4.97,-4.9
,-9.457,-0.12,-3.204,-9.56,-0.002,-2.764,2.03,-4.97,-4.76
21503.0,-9.469,-0.184,-2.73,-9.459,-0.459,-2.402,4.9,-4.62,-4.69
,-9.454,-0.452,-2.477,-9.497,-0.479,-2.493,3.92,-4.13,-4.41
,-9.488,-0.637,-2.379,-9.428,-0.543,-2.35,4.97,-3.43,-4.13
,-9.531,-0.589,-2.465,-9.514,-0.507,-2.111,6.65,-3.01,-3.92
21579.0,-9.763,-0.29,-2.627,-9.232,-0.869,-3.544,5.95,-0.07,-2.73
,-9.655,-0.132,-3.049,-9.383,-0.634,-3.259,2.94,-0.63,-3.15
,-9.5,-0.244,-3.52,-9.478,-0.373,-2.943,-0.42,-1.33,-3.36
,-9.275,-0.553,-3.599,-9.651,-0.187,-2.654,-1.75,-1.89,-3.08
21654.0,-9.665,-0.017,-2.682,-9.38,-0.486,-2.386,7.56,-3.5,-1.75
,-9.61,-0.103,-2.828,-9.493,-0.491,-2.003,5.46,-3.78,-1.82
,-9.409,-0.266,-2.697,-9.612,-0.373,-1.785,3.85,-4.13,-2.03
,-9.356,-0.364,-2.584,-9.631,-0.306,-1.596,4.06,-3.57,-1.82
21730.0,-9.612,-0.23,-1.613,-9.521,-0.531,-2.075,3.78,0.49,-1.47
,-9.572,-0.311,-1.673,-9.517,-0.459,-2.199,1.68,1.61,-1.54
,-9.579,-0.469,-1.826,-9.529,-0.45,-2.245,0.07,2.8,-1.47
,-9.529,-0.562,-1.938,-9.459,-0.412,-2.328,-0.14,3.78,-1.4
21806.0,-9.6,-0.337,-2.474,-9.478,-0.369,-3.087,1.12,7.35,-0.7
,-9.612,-0.282,-2.603,-9.462,-0.414,-3.092,0.91,7.56,-0.63
,-9.509,-0.251,-2.773,-9.505,-0.452,-3.297,0.77,7.49,-0.7
,-9.471,-0.287,-2.977,-9.483,-0.412,-3.369,0.49,7.42,-0.84
21882.0,-9.385,-0.373,-3.369,-9.445,-0.483,-3.101,1.61,5.25,-0.7
,-9.426,-0.491,-3.405,-9.447,-0.517,-2.936,1.61,4.41,-0.56
,-9.426,-0.462,-3.324,-9.538,-0.419,-2.886,2.17,3.71,-0.42
,-9.426,-0.464,-3.242,-9.49,-0.325,-2.804,2.73,3.43,-0.14
21957.0,-9.481,-0.366,-2.735,-9.524,-0.526,-2.728,0.28,2.17,-0.35
,-9.488,-0.491,-2.615,-9.538,-0.428,-2.749,-0.7,2.45,-0.35
,-9.519,-0.646,-2.611,-9.488,-0.416,-2.726,-0.98,2.73,-0.14
,-9.485,-0.637,-2.673,-9.481,-0.404,-2.773,-0.28,2.87,0.21
22033.0,-9.485,-0.428,-2.814,-9.478,-0.438,-3.254,1.26,3.99,0.63
,-9.476,-0.45,-2.867,-9.409,-0.395,-3.259,1.61,4.13,0.77
,-9.517,-0.431,-2.898,-9.409,-0.416,-3.281,2.03,4.2,0.7
,-9.514,-0.404,-3.161,-9.45,-0.397,-3.171,1.96,3.85,0.49
22109.0,-9.5,-0.335,-3.051,-9.462,-0.4,-2.824,5.46,2.03,1.19
,-9.517,-0.306,-2.96,-9.478,-0.436,-2.85,5.39,1.96,1.05
,-9.497,-0.275,-2.955,-9.514,-0.419,-2.893,4.83,1.61,0.84
,-9.466,-0.29,-2.833,-9.481,-0.404,-2.91,3.78,1.61,0.7
22185.0,-9.416,-0.402,-2.871,-9.49,-0.428,-3.015,2.24,1.75,0.77
,-9.445,-0.44,-2.888,-9.49,-0.445,-3.051,2.45,1.82,0.84
,-9.505,-0.462,-2.91,-9.418,-0.412,-3.092,2.66,1.54,0.84
,-9.464,-0.428,-2.96,-9.407,-0.371,-3.041,2.94,1.47,0.84
22261.0,-9.416,-0.4,-3.013,-9.478,-0.433,-2.781,3.57,0.98,0.84
,-9.5,-0.385,-2.938,-9.502,-0.378,-2.783,3.99,0.7,0.91
,-9.502,-0.357,-2.903,-9.49,-0.45,-2.752,4.13,0.7,0.91
,-9.502,-0.388,-2.828,-9.44,-0.457,-2.694,3.85,0.56,0.84
22336.0,-9.464,-0.369,-2.68,-9.471,-0.433,-2.666,2.87,1.26,0.63
,-9.507,-0.419,-2.675,-9.543,-0.4,-2.694,2.94,1.4,0.49
,-9.452,-0.34,-2.649,-9.572,-0.39,-2.903,2.52,1.54,0.35
,-9.49,-0.345,-2.685,-9.474,-0.325,-3.025,1.68,2.1,0.42
22412.0,-9.43,-0.433,-3.051,-9.478,-0.464,-2.991,0.28,2.52,0.49
,-9.469,-0.5,-3.147,-9.457,-0.371,-2.967,0.7,2.38,0.49
,-9.416,-0.519,-3.247,-9.497,-0.256,-2.888,1.47,1.96,0.56
,-9.43,-0.524,-3.175,-9.521,-0.256,-2.848,2.38,1.75,0.77
22487.0,-9.512,-0.309,-2.886,-9.474,-0.414,-2.802,1.82,1.33,0.42
,-9.493,-0.392,-2.883,-9.445,-0.421,-2.711,1.96,1.4,0.49
,-9.466,-0.388,-2.864,-9.469,-0.445,-2.704,2.38,1.19,0.56
,-9.488,-0.397,-2.824,-9.471,-0.421,-2.749,2.87,1.33,0.49
22563.0,-9.474,-0.378,-2.857,-9.49,-0.376,-3.017,2.17,1.89,0.28
,-9.462,-0.369,-2.929,-9.493,-0.39,-3.037,2.03,2.1,0.28
,-9.457,-0.321,-3.02,-9.505,-0.347,-2.97,1.75,1.96,0.21
,-9.464,-0.38,-2.982,-9.476,-0.352,-2.972,1.68,1.89,0.21
22639.0,-9.485,-0.416,-2.922,-9.435,-0.526,-2.874,3.22,1.26,0.42
,-9.469,-0.416,-2.989,-9.447,-0.498,-2.84,3.36,1.33,0.42
,-9.495,-0.44,-2.929,-9.469,-0.447,-2.802,3.15,1.26,0.42
,-9.418,-0.498,-2.915,-9.476,-0.407,-2.781,2.8,1.26,0.35
22715.0,-9.481,-0.424,-2.845,-9.493,-0.313,-2.895,3.08,1.89,0.91
,-9.457,-0.4,-2.793,-9.45,-0.45,-2.95,3.43,1.82,0.84
,-9.471,-0.352,-2.862,-9.497,-0.524,-2.903,3.5,1.89,0.7
,-9.493,-0.306,-2.855,-9.474,-0.45,-2.903,3.22,1.96,0.56
22790.0,-9.502,-0.34,-2.9,-9.478,-0.443,-2.862,3.15,1.82,0.35
,-9.476,-0.254,-2.938,-9.452,-0.452,-2.91,2.94,1.68,0.21
,-9.466,-0.287,-2.907,-9.462,-0.517,-2.869,2.17,1.75,0.07
,-9.45,-0.371,-2.867,-9.402,-0.452,-2.682,1.75,1.89,-0.07
22866.0,-9.526,-0.388,-2.793,-9.397,-0.562,-2.833,2.31,2.38,0.0
,-9.493,-0.28,-2.824,-9.416,-0.517,-2.845,1.54,2.17,-0.21
,-9.495,-0.342,-2.848,-9.502,-0.407,-2.778,0.21,2.1,-0.28
,-9.383,-0.464,-2.876,-9.497,-0.38,-2.649,-0.63,2.17,-0.28
22941.0,-9.524,-0.421,-2.668,-9.39,-0.579,-3.285,-0.98,3.15,0.0
,-9.545,-0.522,-2.84,-9.373,-0.51,-3.317,-1.68,3.15,0.07
,-9.529,-0.543,-2.979,-9.416,-0.536,-3.3,-1.89,3.22,0.14
,-9.464,-0.577,-3.192,-9.399,-0.51,-3.24,-1.47,2.8,0.21
23017.0,-9.509,-0.526,-3.171,-9.426,-0.56,-2.347,0.63,1.61,1.19
,-9.397,-0.431,-3.027,-9.445,-0.514,-2.142,0.42,1.54,1.4
,-9.426,-0.574,-2.838,-9.495,-0.507,-1.797,0.14,1.47,1.61
,-9.402,-0.596,-2.577,-9.538,-0.385,-1.522,0.42,1.82,1.89
23093.0,-9.696,-0.242,-1.608,-9.201,-1.122,-2.108,-2.1,6.58,2.1
,-9.665,-0.225,-1.835,-9.273,-1.029,-1.89,-5.81,7.63,1.82
,-9.34,-0.431,-2.072,-9.349,-0.67,-1.761,-9.31,8.82,2.17
,-9.21,-0.854,-2.101,-9.399,-0.254,-1.843,-10.71,10.5,3.22
23169.0,-9.395,-0.151,-1.843,-9.11,-0.577,-3.262,2.66,18.48,6.16
,-9.502,-0.031,-2.429,-9.067,-0.782,-2.74,-0.91,18.48,5.46
,-9.409,-0.096,-2.915,-9.256,-0.84,-2.458,-7.42,18.27,4.69
,-9.198,-0.581,-2.943,-9.395,-0.593,-2.678,-10.5,18.27,4.55
23245.0,-9.349,-0.235,-2.828,-9.237,0.278,-4.609,-5.81,19.74,6.09
,-9.311,-0.098,-2.742,-8.935,0.151,-4.501,-5.39,20.23,6.51
,-9.459,0.05,-3.53,-8.808,0.079,-4.901,-7.98,19.53,6.51
,-9.263,0.194,-3.611,-8.844,-0.644,-4.463,-8.68,18.62,6.3
23320.0,-8.894,-1.036,-3.666,-9.591,-0.325,-2.168,-4.41,18.06,5.04
,-9.189,-1.259,-3.12,-9.509,0.091,-3.077,2.24,19.6,6.23
,-9.306,-1.139,-2.01,-9.174,0.512,-4.307,9.45,21.77,7.56
,-9.658,-0.773,-2.144,-8.684,0.718,-4.836,13.23,21.28,8.12
23396.0,-8.744,0.677,-5.568,-9.139,0.053,-3.24,8.4,20.72,8.54
,-8.698,0.407,-4.781,-9.435,-0.031,-2.946,11.06,22.54,7.14
,-8.923,0.318,-4.652,-9.284,0.297,-2.388,13.93,22.68,5.25
,-8.856,0.246,-4.058,-9.445,0.409,-2.493,14.35,23.1,3.64
23472.0,-9.117,0.797,-2.785,-8.5,-0.632,-4.322,3.5,21.42,1.26
,-9.062,0.933,-3.955,-8.89,-0.95,-4.018,-2.73,19.39,0.49
,-8.595,0.708,-4.616,-9.256,-0.696,-4.046,-8.33,19.32,-0.07
,-8.433,0.0,-4.53,-8.973,-0.29,-4.171,-10.5,21.63,0.49
23548.0,-8.734,-0.318,-4.116,-8.959,0.711,-4.793,9.17,21.28,2.38
,-8.641,-0.572,-3.743,-8.701,0.933,-5.413,7.98,21.84,3.78
,-8.739,-0.498,-3.798,-8.648,0.644,-5.324,9.45,21.7,4.06
,-8.892,0.041,-4.101,-8.603,0.5,-5.76,12.32,21.77,3.29
23623.0,-8.658,-0.246,-5.001,-8.6,-0.567,-4.573,-4.06,22.47,1.19
,-8.703,-0.285,-4.922,-8.775,-0.514,-4.678,-0.91,21.91,0.98
,-8.753,-0.335,-4.645,-8.842,-0.136,-4.807,0.49,20.72,1.26
,-8.55,-0.369,-4.824,-8.806,0.251,-4.87,1.68,21.07,1.68
23699.0,-8.854,0.615,-4.838,-8.634,-0.407,-5.13,7.91,20.51,0.63
,-8.667,0.711,-5.025,-8.495,-0.44,-5.056,3.29,20.09,0.14
,-8.574,0.313,-5.135,-8.516,-0.278,-5.207,-1.61,20.23,0.7
,-8.825,-0.23,-4.882,-8.545,-0.01,-5.269,-5.11,18.76,1.96
23775.0,-8.488,0.249,-5.406,-8.464,0.593,-5.394,2.1,15.12,1.19
,-8.471,0.354,-5.418,-8.308,0.215,-5.391,1.33,14.98,0.56
,-8.696,0.304,-5.327,-8.442,-0.079,-5.08,0.42,14.14,0.42
,-8.691,0.493,-5.377,-8.471,-0.022,-4.927,-0.63,12.25,0.42
23851.0,-8.672,-0.041,-4.984,-8.354,-0.744,-5.575,2.87,14.56,-2.87
,-8.603,0.227,-5.461,-8.236,-1.139,-5.532,3.99,13.51,-2.87
,-8.502,0.012,-5.638,-8.368,-1.256,-5.458,3.57,13.3,-2.8
,-8.531,-0.378,-5.48,-8.495,-1.206,-5.712,3.15,13.37,-1.82
23926.0,-8.492,-1.342,-5.642,-8.263,0.347,-5.954,9.87,10.92,3.71
,-8.366,-1.426,-5.384,-8.258,0.596,-5.815,10.78,10.85,4.62
,-8.133,-1.072,-5.43,-8.497,0.562,-5.726,11.76,10.71,5.6
,-8.39,-0.302,-5.659,-8.323,0.065,-5.547,12.81,10.08,5.81
24002.0,-8.461,-0.22,-5.413,-8.878,0.22,-5.528,1.54,7.35,3.36
,-8.181,-0.218,-5.398,-8.413,-0.093,-5.587,3.64,6.65,3.5
,-8.425,0.407,-5.793,-8.404,0.873,-5.901,7.63,5.88,2.31
,-8.294,0.306,-5.647,-8.093,0.577,-5.896,8.96,5.67,0.98
24077.0,-8.404,0.436,-5.607,-8.454,-0.565,-5.619,9.38,3.64,-3.36
,-8.507,0.759,-5.798,-8.2,-1.127,-5.568,5.74,3.08,-2.8
,-8.437,-0.369,-5.681,-8.256,-1.046,-5.647,1.68,2.73,-2.1
,-8.476,-0.96,-5.513,-8.339,-1.027,-5.542,0.84,2.45,-0.77
24153.0,-8.368,-0.713,-5.891,-8.397,-0.194,-5.676,2.17,0.21,6.79
,-8.119,-0.507,-5.875,-8.44,-0.17,-5.609,3.29,0.14,6.93
,-8.306,-0.201,-5.8,-8.311,0.129,-5.559,3.01,-0.21,7.0
,-8.361,-0.084,-5.793,-8.406,0.634,-5.638,2.73,-0.21,7.07
24229.0,-8.591,0.921,-5.437,-8.488,0.601,-5.585,5.39,0.49,4.76
,-8.569,0.902,-5.41,-8.557,0.5,-5.82,3.57,0.14,3.57
,-8.37,0.66,-5.473,-8.464,0.282,-5.841,2.1,0.56,2.8
,-8.301,0.708,-5.487,-8.356,-0.007,-5.805,1.89,1.05,2.31
24305.0,-8.284,-0.062,-5.877,-8.308,-0.656,-5.47,-0.7,0.91,0.42
,-8.344,-0.124,-5.721,-8.256,-0.359,-5.693,-0.84,0.84,0.56
,-8.543,-0.268,-5.745,-8.366,-0.072,-5.719,-1.82,0.0,0.49
,-8.488,-0.534,-5.647,-8.536,0.239,-5.642,-2.31,-0.35,0.77
24381.0,-8.547,0.438,-5.463,-8.521,0.089,-5.231,0.77,-1.26,2.38
,-8.603,0.866,-5.561,-8.435,0.053,-5.43,-1.75,-2.1,2.17
,-8.634,0.66,-5.578,-8.241,-0.699,-5.678,-3.36,-2.66,1.4
,-8.442,0.158,-5.439,-8.368,-0.526,-5.324,-4.55,-3.22,0.28
24456.0,-8.246,-0.589,-5.286,-8.485,-0.962,-5.142,-1.61,-3.43,2.52
,-8.318,-0.488,-5.477,-8.349,-0.854,-5.334,-1.4,-3.08,3.43
,-8.44,-0.759,-5.374,-8.351,-0.885,-5.386,-2.31,-3.22,4.13
,-8.404,-1.017,-5.185,-8.425,-0.811,-5.516,-2.8,-3.36,4.62
24532.0,-8.433,-0.613,-5.609,-8.66,0.579,-5.86,-0.7,-2.38,10.57
,-8.37,-0.096,-5.7,-8.574,0.644,-5.791,0.56,-3.22,11.13
,-8.37,0.246,-5.887,-8.399,0.668,-5.877,0.21,-4.27,11.27
,-8.524,0.361,-5.865,-8.516,0.546,-5.805,-1.12,-5.32,10.85
24608.0,-8.593,0.57,-5.843,-8.344,0.352,-5.82,4.13,-7.07,5.74
,-8.516,0.608,-5.889,-8.349,0.179,-5.937,6.58,-6.65,4.69
,-8.612,0.529,-5.669,-8.559,0.043,-6.147,8.47,-6.44,3.43
,-8.643,0.548,-5.621,-8.536,0.081,-5.86,8.61,-8.05,2.31
24684.0,-8.547,0.215,-5.846,-8.519,-0.079,-5.638,10.15,-11.83,2.38
,-8.275,0.187,-5.815,-8.741,0.144,-5.559,10.64,-11.2,2.73
,-8.174,-0.014,-5.664,-8.777,0.471,-5.518,10.85,-10.64,3.64
,-8.392,-0.148,-5.671,-8.67,0.696,-5.547,11.83,-11.2,4.76
24759.0,-8.402,0.809,-5.597,-8.696,0.696,-5.116,13.72,-18.76,3.71
,-8.33,0.675,-5.559,-8.449,0.974,-4.903,11.06,-19.39,3.92
,-8.509,0.514,-5.389,-8.624,0.701,-5.061,9.8,-19.88,3.92
,-8.744,0.526,-5.219,-8.461,0.34,-4.917,9.8,-20.93,3.15
24835.0,-8.653,0.072,-4.633,-8.856,0.78,-4.295,6.72,-25.06,1.61
,-8.942,-0.074,-4.434,-8.748,0.818,-4.348,8.4,-26.18,1.19
,-8.947,0.182,-4.338,-8.681,0.565,-4.128,10.01,-27.09,0.35
,-8.89,0.639,-4.269,-8.753,0.311,-4.101,10.15,-27.72,-0.21
24910.0,-8.789,-0.012,-4.063,-8.725,-0.215,-3.874,-3.01,-29.33,-1.82
,-8.892,-0.093,-3.936,-9.115,0.029,-3.795,-1.12,-29.54,-1.96
,-8.835,-0.139,-3.898,-8.804,0.182,-3.776,1.75,-29.61,-1.75
,-8.837,-0.103,-3.702,-8.849,0.199,-3.405,3.99,-29.47,-1.47
24986.0,-9.06,0.574,-3.731,-8.887,0.022,-3.19,6.86,-28.91,-1.89
,-9.083,0.436,-3.565,-9.019,-0.22,-2.991,3.92,-29.19,-2.66
,-9.155,0.488,-3.53,-9.134,-0.287,-2.9,0.84,-28.84,-2.94
,-8.921,0.404,-3.51,-9.318,-0.328,-2.938,-1.89,-28.35,-3.08
25062.0,-9.222,-0.06,-2.838,-9.268,0.043,-2.402,3.08,-25.83,-2.94
,-9.172,-0.045,-2.747,-9.311,0.153,-2.544,2.1,-24.85,-2.73
,-9.162,0.002,-2.929,-9.32,0.309,-2.831,0.91,-24.36,-2.87
,-9.107,0.043,-2.58,-9.284,0.282,-2.74,0.84,-23.31,-3.15
25138.0,-9.273,0.184,-2.723,-9.332,0.108,-2.211,-1.89,-19.25,-3.22
,-9.363,0.218,-2.826,-9.428,-0.01,-2.173,-0.84,-18.69,-3.43
,-9.253,0.187,-2.79,-9.485,-0.019,-2.242,-0.07,-17.78,-3.99
,-9.277,0.134,-2.426,-9.507,-0.034,-2.379,0.21,-16.59,-4.48
25213.0,-9.435,-0.055,-2.529,-9.543,-0.246,-2.115,-2.66,-12.81,-4.13
,-9.332,-0.22,-2.69,-9.574,0.079,-2.276,-2.45,-11.69,-4.06
,-9.253,-0.39,-2.359,-9.524,0.201,-2.484,-0.28,-10.22,-3.78
,-9.385,-0.39,-2.223,-9.433,0.026,-2.754,3.36,-9.17,-3.15
25289.0,-9.366,-0.069,-2.685,-9.651,0.06,-1.778,-0.77,-7.28,-2.38
,-9.311,-0.201,-2.364,-9.701,0.242,-1.886,1.19,-6.09,-2.66
,-9.409,-0.148,-2.139,-9.682,0.144,-2.266,4.13,-4.9,-2.87
,-9.502,-0.026,-1.852,-9.433,-0.005,-2.242,4.48,-3.99,-3.08
25365.0,-9.395,-0.151,-2.611,-9.608,-0.369,-3.18,-3.22,-0.63,-3.22
,-9.313,-0.223,-2.462,-9.514,-0.354,-3.156,-1.96,0.0,-3.29
,-9.564,-0.273,-2.977,-9.469,-0.294,-3.206,-0.7,0.07,-3.36
,-9.464,-0.148,-2.795,-9.545,0.029,-3.443,-0.63,-0.07,-3.01
25441.0,-9.464,0.124,-3.228,-9.521,-0.115,-2.352,2.94,-2.03,-2.8
,-9.416,0.062,-2.883,-9.631,-0.168,-2.316,2.59,-2.31,-2.73
,-9.536,-0.002,-2.946,-9.651,-0.093,-2.474,2.31,-2.94,-3.22
,-9.485,-0.101,-2.601,-9.512,-0.074,-2.503,2.17,-2.8,-3.29
25517.0,-9.445,-0.134,-2.541,-9.581,-0.065,-2.651,0.91,-1.33,-3.22
,-9.459,-0.316,-2.398,-9.603,-0.06,-2.752,1.26,-0.56,-2.87
,-9.536,-0.349,-2.508,-9.543,-0.141,-2.912,2.87,-0.28,-2.59
,-9.548,-0.29,-2.678,-9.509,-0.172,-2.934,4.2,-0.21,-2.59
25592.0,-9.529,-0.132,-3.173,-9.445,-0.409,-2.501,4.41,-1.12,-3.08
,-9.485,-0.129,-3.206,-9.579,-0.318,-2.247,4.76,-1.54,-3.15
,-9.5,-0.16,-3.108,-9.643,-0.27,-2.45,5.67,-1.82,-2.94
,-9.464,-0.337,-2.905,-9.533,-0.407,-2.249,7.0,-2.03,-2.94
25668.0,-9.438,-0.57,-2.039,-9.505,-0.414,-1.613,5.67,-0.77,-2.31
,-9.493,-0.534,-2.111,-9.576,-0.474,-1.567,6.3,-0.42,-2.31
,-9.519,-0.481,-2.005,-9.675,-0.261,-1.61,6.44,0.35,-2.24
,-9.497,-0.402,-1.948,-9.732,-0.132,-1.821,5.74,1.54,-2.03
25743.0,-9.67,-0.05,-2.161,-9.457,-0.648,-2.852,0.35,6.79,-1.75
,-9.502,-0.115,-2.41,-9.517,-0.555,-2.895,-2.59,7.35,-1.96
,-9.39,-0.373,-2.565,-9.555,-0.424,-2.986,-3.92,7.77,-1.89
,-9.493,-0.555,-2.766,-9.55,-0.34,-3.056,-3.01,8.12,-1.68
25819.0,-9.493,-0.369,-3.104,-9.488,-0.4,-3.135,0.98,7.07,-0.56
,-9.462,-0.436,-3.082,-9.442,-0.28,-3.056,1.4,6.79,-0.35
,-9.512,-0.51,-3.099,-9.481,-0.246,-3.101,2.17,6.44,-0.21
,-9.541,-0.395,-3.175,-9.49,-0.333,-3.017,3.5,5.74,-0.07
25895.0,-9.404,-0.464,-2.9,-9.564,-0.215,-2.761,1.68,3.85,-0.35
,-9.488,-0.567,-2.816,-9.543,-0.17,-2.85,2.38,3.78,-0.21
,-9.512,-0.486,-2.682,-9.512,-0.168,-2.769,3.71,3.85,-0.07
,-9.533,-0.347,-2.62,-9.5,-0.328,-2.864,4.13,4.06,0.0
25971.0,-9.483,-0.395,-2.898,-9.493,-0.297,-2.864,-0.07,4.06,-0.77
,-9.459,-0.407,-2.867,-9.538,-0.282,-2.943,0.63,4.13,-0.49
,-9.447,-0.464,-2.85,-9.469,-0.294,-2.989,1.47,4.13,-0.35
,-9.509,-0.424,-2.781,-9.416,-0.459,-2.929,2.31,4.06,-0.28
26046.0,-9.442,-0.579,-2.898,-9.459,-0.419,-2.836,1.19,3.71,-0.42
,-9.543,-0.51,-2.989,-9.483,-0.402,-2.917,2.38,3.64,-0.28
,-9.512,-0.495,-2.946,-9.529,-0.352,-2.958,2.8,3.36,-0.21
,-9.409,-0.388,-2.881,-9.476,-0.38,-2.936,2.87,3.36,-0.07
26122.0,-9.44,-0.467,-3.008,-9.505,-0.299,-2.86,2.38,3.22,0.07
,-9.488,-0.428,-3.063,-9.512,-0.299,-2.883,2.94,3.08,0.21
,-9.488,-0.409,-3.063,-9.407,-0.254,-2.852,3.36,3.01,0.21
,-9.418,-0.38,-2.946,-9.485,-0.309,-2.886,3.36,2.94,0.28
26197.0,-9.421,-0.416,-3.001,-9.454,-0.335,-2.974,0.49,2.8,-0.14
,-9.418,-0.469,-3.039,-9.462,-0.292,-2.917,1.05,2.59,-0.14
,-9.483,-0.402,-3.022,-9.505,-0.275,-2.919,1.89,2.59,0.14
,-9.495,-0.421,-3.015,-9.471,-0.29,-2.962,2.73,2.38,0.14
26273.0,-9.474,-0.392,-3.008,-9.493,-0.558,-2.979,0.21,1.75,-0.42
,-9.409,-0.431,-3.137,-9.476,-0.407,-2.893,0.0,1.54,-0.49
,-9.395,-0.531,-3.135,-9.524,-0.246,-2.824,0.14,1.47,-0.28
,-9.423,-0.639,-3.058,-9.49,-0.194,-2.838,1.12,1.54,0.07
26349.0,-9.512,-0.242,-2.804,-9.471,-0.436,-2.958,1.05,1.61,-0.14
,-9.445,-0.335,-2.874,-9.485,-0.397,-2.998,0.42,1.54,-0.21
,-9.445,-0.445,-2.855,-9.45,-0.452,-2.97,0.7,1.54,-0.14
,-9.462,-0.452,-2.977,-9.442,-0.443,-2.91,1.47,1.68,-0.21
26425.0,-9.517,-0.436,-2.869,-9.5,-0.507,-2.934,1.82,1.82,-0.07
,-9.462,-0.426,-2.912,-9.471,-0.361,-2.979,1.82,1.82,0.07
,-9.478,-0.486,-2.871,-9.474,-0.311,-2.998,1.82,1.82,0.0
,-9.411,-0.593,-2.891,-9.423,-0.383,-2.929,2.1,1.96,0.14
26501.0,-9.481,-0.426,-2.931,-9.478,-0.45,-2.97,2.24,1.89,0.14
,-9.485,-0.424,-2.917,-9.447,-0.45,-3.039,2.59,1.82,0.07
,-9.474,-0.431,-2.955,-9.428,-0.486,-3.077,2.45,1.68,0.07
,-9.459,-0.38,-2.883,-9.466,-0.452,-3.07,2.24,1.75,0.07
26576.0,-9.466,-0.44,-3.116,-9.462,-0.471,-3.005,2.24,1.26,0.21
,-9.45,-0.421,-3.061,-9.433,-0.517,-3.034,2.52,1.12,0.28
,-9.469,-0.392,-3.039,-9.39,-0.51,-2.967,2.8,0.98,0.42
,-9.481,-0.397,-3.029,-9.466,-0.524,-2.857,3.01,0.91,0.49
26652.0,-9.495,-0.426,-2.855,-9.454,-0.457,-2.876,4.34,1.05,0.77
,-9.49,-0.357,-2.788,-9.464,-0.476,-2.962,3.92,1.05,0.77
,-9.536,-0.388,-2.79,-9.483,-0.407,-3.058,2.87,0.84,0.56
,-9.457,-0.428,-2.828,-9.476,-0.459,-3.082,2.31,1.05,0.49
26728.0,-9.397,-0.469,-3.025,-9.483,-0.316,-2.927,3.43,0.98,0.91
,-9.418,-0.514,-2.996,-9.514,-0.321,-2.984,3.85,0.98,0.98
,-9.478,-0.464,-2.962,-9.445,-0.412,-2.938,3.92,0.77,0.91
,-9.483,-0.445,-2.869,-9.418,-0.471,-2.962,3.85,0.63,0.84
26804.0,-9.44,-0.598,-2.898,-9.416,-0.366,-2.793,3.08,0.63,0.77
,-9.483,-0.577,-2.876,-9.428,-0.395,-2.759,4.2,0.63,0.91
,-9.471,-0.416,-2.848,-9.485,-0.39,-2.766,5.04,0.7,1.05
,-9.49,-0.309,-2.816,-9.485,-0.404,-2.824,4.69,0.77,1.05
26879.0,-9.462,-0.424,-2.862,-9.493,-0.373,-3.027,2.1,1.19,0.56
,-9.497,-0.428,-2.998,-9.452,-0.371,-2.962,2.24,1.47,0.49
,-9.407,-0.479,-2.991,-9.488,-0.371,-2.948,2.52,1.47,0.63
,-9.442,-0.479,-2.991,-9.462,-0.447,-2.934,2.94,1.12,0.63
26955.0,-9.471,-0.479,-2.958,-9.483,-0.452,-2.867,2.66,0.91,0.42
,-9.433,-0.462,-2.907,-9.478,-0.376,-2.8,3.01,1.12,0.63
,-9.43,-0.491,-2.917,-9.493,-0.361,-2.804,3.22,1.05,0.56
,-9.474,-0.474,-2.864,-9.469,-0.383,-2.788,3.57,1.05,0.7
27030.0,-9.521,-0.438,-2.838,-9.452,-0.541,-2.874,1.68,1.26,0.28
,-9.505,-0.443,-2.893,-9.44,-0.436,-2.826,1.33,1.47,0.28
,-9.435,-0.514,-2.867,-9.474,-0.4,-2.809,1.19,1.54,0.28
,-9.421,-0.555,-2.881,-9.49,-0.431,-2.809,1.68,1.68,0.42
27106.0,-9.505,-0.412,-2.812,-9.474,-0.548,-2.891,1.47,2.1,0.28
,-9.457,-0.395,-2.807,-9.488,-0.457,-2.886,1.12,2.17,0.28
,-9.483,-0.519,-2.86,-9.414,-0.44,-2.788,0.98,2.24,0.28
,-9.45,-0.512,-2.888,-9.447,-0.424,-2.862,1.05,2.24,0.21
27182.0,-9.483,-0.491,-2.788,-9.404,-0.658,-3.163,0.56,2.59,0.49
,-9.421,-0.438,-2.745,-9.383,-0.625,-3.106,0.49,2.38,0.49
,-9.462,-0.486,-2.953,-9.416,-0.538,-3.099,0.49,2.45,0.63
,-9.476,-0.51,-3.089,-9.454,-0.364,-3.116,0.28,2.31,0.7
27258.0,-9.466,-0.251,-3.027,-9.519,-0.392,-2.62,2.31,1.89,1.75
,-9.49,-0.244,-2.836,-9.421,-0.491,-2.51,1.05,1.82,1.61
,-9.462,-0.316,-2.625,-9.481,-0.445,-2.618,0.35,1.96,1.54
,-9.541,-0.278,-2.635,-9.466,-0.467,-2.682,-0.49,2.03,1.33
27333.0,-9.39,-0.428,-2.632,-9.301,-0.778,-2.402,-4.2,3.36,1.47
,-9.438,-0.447,-2.694,-9.39,-0.857,-2.008,-4.97,3.64,1.54
,-9.447,-0.555,-2.687,-9.416,-0.756,-1.766,-6.09,3.92,1.47
,-9.44,-0.694,-2.623,-9.428,-0.529,-1.204,-6.58,4.48,1.82
27409.0,-9.708,-0.211,-1.871,-9.189,-0.995,-1.503,-0.49,10.64,4.34
,-9.464,-0.273,-2.178,-9.442,-0.601,-1.57,-5.04,11.2,3.92
,-9.22,-0.591,-2.139,-9.454,-0.091,-1.764,-7.77,12.67,4.62
,-9.124,-0.849,-2.082,-9.359,-0.038,-1.61,-7.28,14.49,5.39
27485.0,-9.249,-0.294,-1.972,-9.567,-0.108,-4.439,-6.02,25.13,7.49
,-9.148,-1.084,-1.519,-9.134,0.215,-5.291,-7.0,27.58,8.96
,-9.268,-1.168,-1.347,-8.648,0.246,-5.714,-0.98,29.12,10.22
,-9.763,-0.749,-3.108,-8.397,0.498,-6.222,3.08,27.44,10.22
27561.0,-8.605,-0.055,-4.807,-9.94,0.536,-2.742,-1.54,20.93,7.07
,-9.055,0.036,-4.101,-9.636,0.366,-3.051,2.52,20.65,5.6
,-9.342,0.407,-3.175,-9.512,0.005,-3.726,3.43,20.65,4.13
,-9.624,0.646,-2.245,-8.978,-0.409,-4.219,2.87,20.86,3.57
27637.0,-8.557,-0.828,-4.597,-9.11,0.388,-3.307,-6.16,17.92,5.6
,-8.533,-0.828,-4.537,-9.277,0.256,-3.331,3.15,18.9,5.6
,-8.892,-0.359,-4.02,-9.268,-0.069,-3.539,13.86,19.81,4.9
,-9.028,0.218,-3.74,-9.38,-0.347,-3.711,18.48,19.74,3.64
27712.0,-9.191,-0.436,-4.195,-8.897,-1.448,-3.994,3.99,17.22,4.83
,-8.734,-0.694,-4.075,-9.014,-1.086,-3.979,1.82,16.45,4.62
,-8.464,-0.964,-3.905,-9.134,-0.512,-4.195,1.75,18.06,5.53
,-8.536,-1.452,-3.793,-8.911,0.132,-4.41,3.43,20.09,7.14
27788.0,-8.799,0.646,-4.24,-8.894,1.61,-4.975,14.91,20.65,10.22
,-9.007,1.06,-4.48,-8.6,1.256,-4.654,13.51,19.46,9.1
,-9.127,1.374,-4.587,-8.815,0.778,-4.149,11.55,17.71,7.56
,-9.203,1.689,-4.867,-8.861,0.445,-3.819,8.82,16.03,5.88
27863.0,-9.186,0.378,-3.853,-8.421,0.926,-4.458,3.08,18.69,-1.61
,-9.378,0.644,-4.054,-8.655,0.818,-4.585,3.22,15.89,-2.24
,-9.074,0.931,-4.491,-8.981,0.692,-4.774,1.19,13.72,-3.01
,-8.827,0.957,-4.611,-9.019,0.311,-4.874,-2.03,13.44,-3.85
27939.0,-8.859,-0.299,-4.637,-8.562,-1.366,-4.475,-10.5,15.89,-8.54
,-8.679,-0.943,-4.403,-8.519,-1.163,-4.46,-12.53,15.47,-7.21
,-8.6,-1.369,-4.226,-8.684,-0.782,-4.489,-10.43,15.96,-5.74
,-8.686,-1.476,-4.451,-8.928,-0.342,-4.681,-6.09,14.63,-3.71
28015.0,-8.729,0.057,-5.09,-8.732,0.175,-4.74,2.31,14.35,0.0
,-8.464,0.227,-5.293,-8.851,0.156,-4.702,-0.28,14.56,0.77
,-8.488,0.335,-5.087,-8.947,0.517,-4.934,-2.8,14.63,1.12
,-8.619,0.282,-4.949,-8.677,0.828,-5.212,-4.27,14.42,1.12
28091.0,-8.679,0.928,-5.19,-8.65,-0.124,-5.343,2.03,12.74,-2.45
,-8.835,0.828,-5.226,-8.464,-0.584,-5.37,1.12,11.76,-4.34
,-8.832,0.637,-5.248,-8.461,-1.07,-5.43,0.14,10.85,-6.02
,-8.782,0.17,-5.092,-8.555,-1.304,-5.42,-1.12,9.8,-6.3
28166.0,-8.421,-1.086,-5.494,-8.631,-1.067,-5.173,4.97,6.93,-4.41
,-8.502,-0.742,-5.284,-8.588,-1.362,-4.853,7.63,6.37,-3.71
,-8.349,-0.5,-5.441,-8.732,-1.479,-5.195,7.21,5.88,-2.31
,-8.349,-0.72,-5.219,-8.751,-0.969,-5.422,4.34,6.37,-0.35
28242.0,-8.54,-0.452,-5.616,-8.684,0.134,-5.599,14.14,5.74,3.29
,-8.404,-0.124,-5.554,-8.433,-0.239,-5.341,15.33,4.83,3.36
,-8.533,0.132,-5.678,-8.756,-0.476,-5.145,14.7,3.85,3.29
,-8.514,0.196,-5.7,-8.488,-0.701,-5.032,12.88,3.36,3.29
28317.0,-8.595,-0.689,-4.917,-8.361,0.998,-5.312,11.48,4.2,2.17
,-8.528,-0.553,-4.733,-8.722,1.067,-5.384,12.95,3.64,2.31
,-8.605,0.038,-4.97,-9.033,0.955,-5.458,12.88,2.94,2.59
,-8.634,0.727,-5.197,-8.665,0.237,-5.102,12.53,2.94,2.31
28393.0,-8.818,-0.275,-4.927,-8.507,-0.01,-5.2,12.25,3.5,-4.97
,-8.586,-0.684,-4.927,-8.574,-0.361,-5.059,14.7,3.99,-4.48
,-8.543,-0.677,-5.118,-8.617,-0.483,-5.303,16.59,4.41,-3.43
,-8.413,-0.536,-5.056,-8.634,-0.835,-5.219,17.29,4.69,-1.96
28469.0,-8.504,-0.747,-5.236,-8.722,-0.347,-5.097,9.24,1.26,2.17
,-8.478,-0.948,-5.118,-8.77,0.055,-5.307,8.54,1.82,2.59
,-8.382,-0.572,-5.26,-8.717,0.239,-5.497,9.1,1.89,2.59
,-8.502,-0.467,-5.157,-8.603,0.065,-5.475,9.24,2.31,2.31
28545.0,-8.497,-0.282,-5.609,-8.581,-0.625,-5.803,2.59,1.26,1.19
,-8.502,-0.565,-5.587,-8.524,-0.498,-5.81,1.82,1.82,1.82
,-8.598,-0.773,-5.611,-8.55,-0.476,-5.714,1.96,1.75,2.66
,-8.681,-0.792,-5.741,-8.61,-0.45,-5.602,2.59,1.47,3.08
28621.0,-8.655,-0.419,-5.382,-8.696,-0.151,-5.085,0.28,-1.89,4.83
,-8.658,-0.337,-5.389,-8.691,-0.007,-5.14,-1.68,-2.8,5.6
,-8.409,-0.407,-5.226,-8.457,0.316,-5.26,-2.59,-3.01,6.02
,-8.502,-0.23,-5.047,-8.571,0.536,-5.233,-2.73,-2.8,6.44
28696.0,-8.906,-0.048,-4.817,-8.428,0.074,-5.195,-1.89,-2.94,1.89
,-9.033,0.424,-5.051,-8.586,0.124,-5.011,-0.98,-3.08,0.7
,-8.799,0.179,-4.898,-8.717,0.184,-4.956,-1.96,-3.71,0.56
,-8.6,0.364,-5.085,-8.679,0.086,-5.068,-2.73,-4.13,0.77
28772.0,-8.502,-0.184,-5.25,-8.612,-0.859,-5.281,-7.42,-6.16,-1.33
,-8.567,-0.529,-5.128,-8.521,-0.811,-5.255,-8.61,-5.67,-0.77
,-8.655,-0.715,-5.279,-8.459,-1.041,-5.331,-7.63,-5.6,-0.63
,-8.725,-0.845,-5.226,-8.557,-1.161,-5.346,-6.58,-6.02,-0.63
28848.0,-8.76,-1.027,-5.358,-8.622,-0.101,-5.099,0.42,-7.21,2.73
,-8.746,-0.96,-5.252,-8.607,-0.022,-5.19,2.1,-8.47,3.43
,-8.737,-0.696,-5.059,-8.727,0.05,-5.104,3.01,-9.73,4.06
,-8.708,-0.357,-5.083,-8.794,0.211,-5.023,2.59,-10.92,4.55
28924.0,-8.71,0.261,-4.989,-8.916,0.175,-5.008,-1.19,-11.9,1.82
,-8.753,0.242,-4.925,-8.751,0.108,-4.812,-0.21,-10.64,0.77
,-8.871,0.285,-4.97,-8.653,-0.045,-4.685,1.19,-10.15,-0.14
,-9.009,0.244,-4.939,-8.801,-0.172,-4.666,2.45,-10.5,-0.35
28999.0,-8.859,-0.177,-4.731,-8.605,-0.369,-4.893,3.36,-14.84,-0.98
,-8.882,-0.098,-4.865,-8.784,-0.505,-4.736,4.2,-14.63,-1.26
,-8.732,0.026,-5.011,-8.686,-0.455,-4.683,4.55,-13.93,-1.61
,-8.641,-0.105,-4.977,-8.72,-0.45,-4.664,4.69,-12.25,-1.82
29075.0,-8.78,-0.337,-4.685,-8.837,-0.299,-4.31,8.05,-12.53,-0.7
,-8.794,-0.352,-4.578,-8.617,-0.091,-4.279,8.61,-12.11,-0.14
,-8.837,-0.318,-4.594,-8.988,-0.266,-4.353,8.82,-12.39,0.28
,-8.705,-0.345,-4.489,-9.014,-0.574,-4.31,8.68,-11.62,0.84
29150.0,-8.76,-0.637,-4.195,-8.976,-0.407,-3.903,9.17,-14.07,3.92
,-8.725,-0.639,-4.171,-9.007,-0.158,-3.798,10.78,-13.86,4.69
,-8.732,-0.723,-4.049,-9.002,0.034,-3.738,12.88,-13.58,5.6
,-8.899,-0.57,-3.994,-9.002,0.203,-3.743,16.03,-13.37,6.44
29226.0,-9.033,0.29,-3.695,-9.083,0.227,-3.333,10.64,-14.91,6.79
,-9.007,0.187,-3.668,-9.208,0.194,-3.702,7.77,-15.33,6.09
,-9.067,0.153,-3.592,-9.124,0.091,-3.738,6.02,-15.33,5.74
,-7.93,0.208,-6.255,-9.203,0.249,-3.81,5.39,-17.5,5.53
29302.0,-9.182,0.316,-3.709,-9.225,-0.096,-3.305,6.93,-19.04,2.31
,-9.093,0.194,-3.685,-9.313,-0.22,-3.23,5.04,-19.04,1.61
,-9.048,0.22,-3.599,-9.191,-0.127,-3.388,2.8,-18.76,1.05
,-9.095,0.029,-3.326,-9.115,-0.055,-3.262,1.54,-18.48,0.84
29378.0,-9.167,-0.208,-3.187,-9.139,-0.534,-3.302,-2.45,-17.85,0.35
,-9.251,-0.235,-3.269,-9.074,-0.771,-2.938,-0.98,-18.2,-0.07
,-9.332,-0.203,-3.374,-9.225,-0.608,-2.742,-0.07,-18.55,-0.77
,-9.27,-0.345,-3.372,-9.363,-0.323,-2.45,-0.28,-18.27,-0.91
29453.0,-9.447,0.06,-2.596,-9.208,-0.031,-2.737,11.27,-14.98,0.77
,-9.541,0.378,-3.027,-9.332,0.057,-2.424,7.14,-15.05,0.49
,-9.316,0.328,-3.013,-9.495,0.266,-2.635,1.89,-14.56,0.28
,-9.162,0.146,-2.824,-9.483,0.416,-2.391,-0.56,-13.44,0.28
29529.0,-9.514,0.562,-2.548,-9.375,-0.675,-2.79,-0.42,-10.57,-2.94
,-9.512,0.323,-2.754,-9.349,-0.739,-3.005,-4.13,-10.29,-3.57
,-9.493,-0.002,-2.848,-9.351,-0.433,-3.128,-6.44,-9.8,-3.85
,-9.337,-0.395,-2.8,-9.342,-0.251,-2.991,-7.0,-8.96,-3.78
29605.0,-9.282,-0.103,-2.807,-9.682,0.208,-2.261,0.98,-7.56,-3.36
,-9.253,-0.33,-1.998,-9.529,0.199,-2.51,0.91,-5.81,-3.01
,-9.507,-0.206,-1.869,-9.435,-0.048,-2.714,2.87,-5.04,-2.87
,-9.655,0.0,-1.886,-9.409,-0.251,-3.252,2.03,-4.76,-3.36
29681.0,-9.296,-0.299,-3.221,-9.636,0.005,-3.534,-5.39,-3.5,-3.71
,-9.261,-0.373,-2.773,-9.409,-0.112,-3.314,-1.89,-2.66,-3.08
,-9.519,-0.385,-3.051,-9.38,-0.376,-2.998,0.91,-3.08,-3.29
,-9.56,-0.179,-3.077,-9.481,-0.452,-3.271,1.33,-3.85,-3.92
29757.0,-9.445,-0.342,-3.338,-9.383,-0.385,-2.094,1.96,-6.09,-4.27
,-9.519,-0.345,-2.919,-9.658,-0.213,-2.036,3.22,-6.37,-4.13
,-9.526,-0.282,-3.046,-9.663,-0.002,-2.288,3.01,-6.37,-3.78
,-9.416,-0.412,-2.692,-9.541,-0.05,-2.168,3.5,-6.16,-3.57
29832.0,-9.49,-0.251,-2.065,-9.608,-0.541,-1.823,0.14,-3.29,-3.78
,-9.464,-0.601,-2.008,-9.615,-0.33,-1.799,0.14,-2.17,-3.5
,-9.428,-0.785,-1.914,-9.622,-0.251,-1.948,2.59,-1.05,-3.22
,-9.474,-0.668,-1.776,-9.574,-0.27,-2.113,4.9,0.07,-2.87
29908.0,-9.507,-0.404,-2.364,-9.493,-0.524,-2.637,-0.49,4.76,-2.73
,-9.45,-0.548,-2.515,-9.502,-0.447,-2.68,-0.91,5.32,-2.52
,-9.457,-0.543,-2.611,-9.433,-0.572,-2.431,0.49,5.74,-2.38
,-9.459,-0.577,-2.644,-9.447,-0.57,-2.352,2.1,6.16,-2.24
29983.0,-9.548,-0.471,-2.388,-9.445,-0.735,-2.862,2.59,7.7,-1.33
,-9.619,-0.29,-2.716,-9.584,-0.579,-3.23,2.03,7.77,-1.54
,-9.485,-0.333,-2.845,-9.517,-0.28,-3.271,-0.35,7.98,-1.61
,-9.356,-0.641,-2.764,-9.395,-0.323,-3.273,-1.68,8.4,-1.26
30059.0,-9.402,-0.328,-3.202,-9.409,-0.553,-2.936,0.56,6.86,-1.26
,-9.49,-0.424,-3.245,-9.49,-0.529,-2.9,1.33,6.16,-1.12
,-9.495,-0.438,-3.336,-9.5,-0.443,-2.804,2.1,5.25,-1.19
,-9.363,-0.457,-3.063,-9.471,-0.414,-2.675,2.73,5.11,-0.98
30135.0,-9.502,-0.447,-2.728,-9.497,-0.507,-2.613,4.13,5.32,-0.07
,-9.423,-0.507,-2.654,-9.433,-0.431,-2.627,3.78,5.67,-0.14
,-9.462,-0.44,-2.603,-9.536,-0.385,-2.766,3.43,5.81,-0.21
,-9.507,-0.481,-2.647,-9.536,-0.328,-3.008,2.8,6.23,-0.35
30211.0,-9.385,-0.433,-3.159,-9.402,-0.651,-3.604,-2.17,6.79,-1.05
,-9.366,-0.596,-3.336,-9.368,-0.601,-3.553,-2.52,6.37,-0.98
,-9.375,-0.658,-3.451,-9.366,-0.581,-3.417,-1.61,6.02,-0.91
,-9.32,-0.632,-3.518,-9.397,-0.663,-3.29,0.0,5.67,-0.56
30286.0,-9.385,-0.61,-3.199,-9.447,-0.447,-2.831,2.52,3.15,0.21
,-9.368,-0.584,-3.051,-9.469,-0.443,-2.864,3.01,3.08,0.42
,-9.466,-0.505,-2.967,-9.457,-0.538,-2.943,3.29,2.87,0.49
,-9.44,-0.479,-2.883,-9.385,-0.558,-3.015,3.01,3.01,0.56
30362.0,-9.294,-0.658,-3.017,-9.445,-0.297,-3.199,1.12,3.71,0.7
,-9.359,-0.68,-3.065,-9.366,-0.292,-3.29,1.61,3.92,0.91
,-9.457,-0.62,-3.092,-9.43,-0.383,-3.357,2.24,4.06,1.05
,-9.471,-0.469,-3.135,-9.323,-0.524,-3.319,2.31,3.78,0.98
30438.0,-9.342,-0.589,-3.329,-9.404,-0.318,-3.228,1.05,2.73,0.98
,-9.351,-0.534,-3.285,-9.368,-0.376,-3.137,2.87,2.38,1.12
,-9.454,-0.436,-3.25,-9.383,-0.464,-3.056,3.71,2.24,1.12
,-9.428,-0.313,-3.166,-9.418,-0.507,-3.065,3.5,1.96,1.12
30514.0,-9.43,-0.565,-3.029,-9.416,-0.438,-3.077,1.26,1.54,0.56
,-9.409,-0.553,-3.008,-9.349,-0.409,-3.065,1.89,1.61,0.7
,-9.383,-0.526,-3.005,-9.399,-0.447,-3.08,2.59,1.96,0.84
,-9.407,-0.464,-3.044,-9.454,-0.426,-3.161,2.8,1.82,0.84
30590.0,-9.45,-0.452,-3.19,-9.426,-0.4,-3.216,2.17,2.1,0.77
,-9.395,-0.424,-3.214,-9.452,-0.397,-3.123,2.59,1.96,0.63
,-9.399,-0.424,-3.271,-9.442,-0.38,-3.125,3.01,2.1,0.84
,-9.373,-0.443,-3.187,-9.423,-0.467,-3.111,3.57,1.82,0.84
30665.0,-9.387,-0.419,-3.132,-9.428,-0.493,-3.058,2.94,1.47,0.7
,-9.38,-0.512,-3.13,-9.378,-0.428,-3.089,2.87,1.54,0.7
,-9.373,-0.558,-3.108,-9.404,-0.4,-3.108,3.01,1.54,0.7
,-9.368,-0.555,-3.08,-9.428,-0.438,-3.104,3.22,1.4,0.63
30741.0,-9.409,-0.421,-3.163,-9.414,-0.512,-3.218,2.38,1.54,0.56
,-9.39,-0.459,-3.195,-9.378,-0.483,-3.185,2.38,1.47,0.49
,-9.414,-0.438,-3.211,-9.44,-0.445,-3.154,2.45,1.19,0.49
,-9.375,-0.45,-3.259,-9.433,-0.45,-3.13,2.59,0.98,0.42
30816.0,-9.397,-0.471,-3.094,-9.378,-0.522,-3.032,2.8,0.77,0.56
,-9.409,-0.507,-3.032,-9.368,-0.495,-3.01,2.94,0.84,0.63
,-9.395,-0.522,-3.037,-9.411,-0.488,-3.015,3.01,1.05,0.63
,-9.395,-0.51,-2.931,-9.44,-0.45,-3.039,3.36,1.26,0.77
30892.0,-9.447,-0.481,-3.087,-9.474,-0.426,-3.221,2.38,1.33,0.49
,-9.371,-0.486,-3.13,-9.383,-0.452,-3.221,2.17,1.33,0.49
,-9.356,-0.524,-3.199,-9.426,-0.464,-3.206,2.31,1.4,0.63
,-9.404,-0.524,-3.183,-9.39,-0.445,-3.305,2.66,1.33,0.7
30968.0,-9.371,-0.474,-3.202,-9.426,-0.51,-3.068,2.45,0.63,0.56
,-9.308,-0.51,-3.163,-9.433,-0.45,-3.056,2.59,0.42,0.63
,-9.34,-0.562,-3.154,-9.378,-0.5,-3.049,2.8,0.35,0.77
,-9.407,-0.572,-3.089,-9.361,-0.55,-3.08,3.43,0.49,0.84
31044.0,-9.395,-0.503,-3.142,-9.385,-0.443,-3.123,2.38,0.56,0.91
,-9.44,-0.486,-3.106,-9.368,-0.45,-3.147,2.38,0.56,0.91
,-9.433,-0.476,-3.12,-9.395,-0.483,-3.092,2.31,0.56,0.84
,-9.349,-0.483,-3.125,-9.411,-0.524,-3.147,2.45,0.63,0.84
31119.0,-9.392,-0.531,-3.147,-9.457,-0.424,-3.034,2.17,0.56,0.91
,-9.402,-0.474,-3.13,-9.445,-0.407,-3.034,2.59,0.42,0.98
,-9.368,-0.464,-3.08,-9.404,-0.514,-3.034,2.94,0.28,0.98
,-9.414,-0.519,-3.044,-9.375,-0.634,-3.017,3.5,0.42,1.05
31195.0,-9.38,-0.677,-3.061,-9.421,-0.38,-2.965,3.22,0.56,1.12
,-9.402,-0.541,-3.022,-9.445,-0.412,-2.967,4.06,0.63,1.19
,-9.399,-0.438,-2.998,-9.402,-0.424,-2.953,3.92,0.7,1.19
,-9.426,-0.383,-2.962,-9.354,-0.536,-2.91,3.29,0.77,1.26
31271.0,-9.445,-0.56,-3.015,-9.438,-0.44,-2.852,2.17,1.26,1.19
,-9.423,-0.467,-2.881,-9.466,-0.474,-3.082,3.08,1.68,1.19
,-9.445,-0.4,-3.049,-9.397,-0.543,-2.984,2.73,1.75,1.26
,-9.445,-0.388,-2.965,-9.397,-0.534,-2.905,1.96,1.68,1.26
31347.0,-9.375,-0.546,-2.931,-9.497,-0.383,-3.125,0.28,2.31,0.77
,-9.442,-0.522,-3.089,-9.416,-0.4,-3.065,0.84,2.52,0.84
,-9.478,-0.419,-2.929,-9.421,-0.526,-3.139,0.98,2.52,0.98
,-9.435,-0.357,-2.986,-9.395,-0.584,-3.068,0.49,2.66,0.91
31422.0,-9.497,-0.593,-3.116,-9.38,-0.503,-3.484,1.05,2.8,1.12
,-9.445,-0.457,-3.321,-9.385,-0.514,-3.477,1.4,2.59,1.19
,-9.409,-0.438,-3.36,-9.351,-0.51,-3.534,0.91,2.24,1.19
,-9.328,-0.471,-3.422,-9.423,-0.495,-3.482,0.7,1.89,1.26
31498.0,-9.418,-0.421,-3.374,-9.354,-0.481,-3.228,2.8,-0.42,1.82
,-9.447,-0.498,-3.326,-9.43,-0.541,-3.163,2.87,-0.91,1.89
,-9.371,-0.447,-3.336,-9.445,-0.5,-3.13,2.8,-1.19,1.96
,-9.366,-0.428,-3.24,-9.399,-0.457,-2.991,2.38,-1.33,1.96
31573.0,-9.416,-0.464,-2.833,-9.442,-0.249,-2.41,2.1,-1.68,2.73
,-9.457,-0.431,-2.699,-9.517,-0.268,-2.553,1.89,-1.05,2.87
,-9.414,-0.404,-2.594,-9.483,-0.38,-2.565,1.26,-0.56,2.94
,-9.38,-0.357,-2.458,-9.457,-0.364,-2.635,0.7,-0.07,2.94
31649.0,-9.387,-0.349,-2.728,-9.483,-0.321,-2.149,-4.41,2.1,2.31
,-9.387,-0.285,-2.721,-9.646,-0.103,-2.434,-4.76,2.66,2.31
,-9.366,-0.321,-2.572,-9.598,-0.079,-2.654,-5.39,3.22,2.24
,-9.411,-0.349,-2.426,-9.524,-0.184,-3.123,-5.95,3.92,2.31
31725.0,-9.244,-0.567,-3.211,-9.497,-0.227,-2.886,-11.06,6.23,2.8
,-9.16,-0.766,-3.317,-9.478,-0.06,-2.644,-8.33,6.37,3.29
,-9.253,-0.711,-3.13,-9.442,-0.101,-2.333,-2.73,6.93,3.85
,-9.361,-0.445,-3.123,-9.342,-0.206,-1.898,1.89,7.21,3.85
31801.0,-9.277,-0.416,-1.639,-9.5,-0.357,-3.125,-0.84,11.55,3.85
,-9.33,-0.603,-1.323,-9.234,-0.476,-3.508,1.33,13.72,4.55
,-9.442,-0.625,-1.893,-8.964,-0.651,-3.702,1.96,14.63,4.83
,-9.421,-0.376,-2.012,-8.748,-0.787,-3.376,1.89,15.54,4.9
31877.0,-8.976,-0.701,-2.905,-9.777,0.909,-2.544,6.23,19.32,6.58
,-9.122,-0.134,-2.41,-9.385,0.364,-2.697,12.11,19.81,5.32
,-9.261,0.629,-1.747,-8.909,-0.392,-2.771,14.49,20.86,3.71
,-9.713,0.979,-2.185,-8.665,-0.737,-2.225,9.17,20.37,1.47
31952.0,-8.949,-0.421,-2.123,-9.095,-1.216,-3.68,0.98,27.3,1.82
,-9.186,0.177,-2.601,-8.777,-1.701,-3.934,4.62,27.09,0.28
,-9.351,0.347,-3.154,-8.976,-1.955,-3.592,0.28,26.6,-0.35
,-9.179,-0.239,-3.379,-9.167,-1.457,-4.058,-7.7,27.58,0.63
32028.0,-8.851,-0.68,-4.228,-8.756,0.45,-5.205,8.47,25.9,6.44
,-8.703,-0.091,-4.618,-8.904,0.34,-5.104,7.49,24.22,6.65
,-8.502,0.148,-4.795,-9.21,0.266,-4.999,5.46,24.92,7.0
,-8.662,0.089,-4.879,-9.06,0.223,-4.879,4.83,26.18,7.7
32104.0,-8.83,-0.01,-4.666,-8.818,0.483,-4.939,5.39,23.94,5.18
,-8.985,-0.077,-4.537,-8.768,0.51,-4.793,7.35,23.59,5.6
,-9.184,-0.089,-4.69,-8.923,0.572,-4.764,7.98,20.09,5.32
,-8.93,0.256,-4.841,-8.902,0.486,-4.819,9.17,17.5,4.9
32180.0,-8.875,0.28,-4.805,-8.866,-0.342,-4.544,2.59,16.1,1.54
,-8.873,-0.122,-4.769,-8.976,0.098,-4.582,0.77,15.96,1.4
,-8.82,-0.369,-4.657,-8.88,0.309,-4.98,0.49,16.24,1.61
,-8.942,-0.491,-4.57,-8.701,0.225,-5.018,1.89,15.96,1.68
32255.0,-8.583,0.108,-5.135,-8.806,0.108,-4.838,-2.66,10.08,3.71
,-8.559,-0.048,-5.059,-9.122,-0.261,-4.614,-2.52,11.48,3.15
,-8.705,0.16,-5.008,-8.981,-0.56,-4.781,0.49,12.11,2.1
,-8.799,0.187,-4.999,-8.753,-0.45,-4.996,1.61,11.62,0.84
32331.0,-8.54,-0.306,-5.176,-8.875,0.634,-4.515,-0.7,5.25,4.9
,-8.394,-0.048,-5.121,-8.902,0.718,-4.642,1.26,5.95,4.69
,-8.531,0.16,-4.927,-8.918,0.737,-4.795,1.96,6.93,3.78
,-8.646,0.383,-4.707,-8.792,0.859,-4.917,1.89,8.19,3.01
32406.0,-8.603,1.036,-5.205,-8.684,-0.072,-4.372,0.84,6.3,-1.4
,-8.55,0.94,-4.992,-8.504,-0.512,-4.542,2.17,6.65,-3.57
,-8.878,0.55,-4.561,-8.583,-1.067,-4.566,3.29,7.0,-5.32
,-9.024,0.225,-4.338,-8.538,-1.297,-4.925,3.29,6.23,-6.37
32482.0,-8.478,-1.225,-5.229,-8.777,-1.237,-5.123,6.93,9.52,-0.63
,-8.528,-1.445,-5.116,-8.67,-1.225,-5.128,8.26,9.59,0.7
,-8.54,-1.369,-5.126,-8.547,-1.005,-4.977,10.01,9.17,1.61
,-8.65,-1.283,-5.219,-8.524,-0.821,-4.982,11.69,9.03,2.31
32558.0,-8.461,-0.407,-5.097,-8.655,0.684,-4.984,16.94,9.1,6.79
,-8.49,0.043,-5.152,-8.837,1.35,-5.54,17.43,9.1,6.51
,-9.038,0.376,-4.865,-8.693,0.897,-5.358,17.01,8.33,5.88
,-8.672,0.629,-5.063,-8.603,0.699,-5.336,15.82,7.56,5.39
32634.0,-8.957,0.328,-5.279,-8.629,-0.318,-5.106,8.47,3.71,1.05
,-8.449,-0.644,-4.944,-8.595,-0.151,-5.209,7.07,3.99,1.61
,-8.748,-0.916,-4.846,-8.449,-0.117,-5.319,7.91,4.06,2.31
,-8.732,-0.775,-5.03,-8.421,0.244,-5.425,11.13,3.36,2.66
32710.0,-8.555,0.627,-5.516,-8.598,-0.555,-5.437,8.47,3.22,3.57
,-8.729,0.359,-5.358,-8.32,-0.352,-5.628,6.23,2.87,2.87
,-8.835,0.273,-5.458,-8.449,0.299,-5.568,3.92,2.03,1.89
,-8.782,-0.299,-5.449,-8.751,0.723,-5.765,2.38,1.82,2.1
32785.0,-8.844,0.701,-5.729,-8.478,-0.328,-5.631,2.59,1.89,0.98
,-8.897,0.328,-5.525,-8.71,-0.227,-5.549,-0.77,1.4,0.91
,-8.653,-0.127,-5.487,-8.679,-0.043,-5.492,-3.5,0.35,1.54
,-8.39,-0.292,-5.683,-8.619,-0.153,-5.456,-4.48,-0.21,1.82
32861.0,-8.674,0.158,-5.401,-8.851,0.218,-5.475,-3.99,-2.8,2.24
,-8.672,-0.045,-5.25,-8.717,-0.189,-5.173,-6.02,-3.43,2.38
,-8.703,0.23,-5.43,-8.603,-1.378,-4.798,-6.3,-3.99,1.82
,-8.777,0.349,-5.47,-8.765,-0.12,-5.13,-6.86,-4.62,1.4
32937.0,-8.65,0.165,-5.145,-8.894,0.474,-5.133,-2.45,-7.07,0.91
,-8.66,0.369,-5.15,-8.717,-0.072,-5.099,-2.87,-7.42,0.42
,-8.746,0.376,-4.975,-8.65,-0.426,-5.279,-4.76,-7.28,-0.42
,-8.875,0.55,-5.001,-8.696,-0.663,-5.257,-6.86,-7.42,-0.98
33013.0,-8.665,-0.897,-5.054,-8.765,-0.531,-5.365,-8.33,-7.91,0.56
,-8.629,-0.9,-5.135,-8.677,-0.349,-5.358,-6.37,-8.75,1.12
,-8.473,-0.826,-5.286,-8.605,-0.254,-5.26,-4.27,-8.96,1.96
,-8.624,-0.938,-5.284,-8.67,-0.208,-5.063,-2.1,-9.24,3.08
33088.0,-8.66,-0.048,-4.992,-8.856,0.704,-5.008,7.49,-7.77,3.78
,-8.727,0.139,-4.865,-8.909,0.529,-4.803,7.56,-8.19,3.92
,-8.794,0.538,-4.922,-8.954,0.235,-4.628,7.49,-8.89,3.36
,-8.988,0.816,-4.975,-8.849,0.062,-4.759,5.88,-10.15,1.82
33164.0,-8.653,0.079,-4.822,-8.67,0.325,-4.755,-0.35,-14.91,-1.05
,-8.782,0.024,-4.738,-8.679,0.024,-4.733,1.4,-15.4,-0.98
,-8.894,0.256,-4.683,-8.777,-0.215,-4.75,3.08,-16.66,-1.26
,-8.775,0.479,-4.762,-8.677,-0.395,-4.836,3.57,-16.52,-1.47
33239.0,-8.737,-0.39,-4.609,-8.859,0.024,-4.31,7.42,-10.85,-1.33
,-8.849,-0.426,-4.365,-8.725,-0.256,-4.3,9.31,-10.78,-0.91
,-8.923,-0.292,-4.36,-8.935,-0.098,-4.245,10.29,-12.32,-0.42
,-8.949,-0.141,-4.448,-8.921,-0.28,-4.252,10.01,-14.28,0.28
33315.0,-8.823,-0.034,-4.204,-9.088,0.258,-4.025,10.15,-14.77,2.31
,-8.782,0.074,-4.113,-9.014,0.06,-3.972,11.69,-14.0,2.52
,-8.825,0.196,-4.085,-8.966,-0.057,-3.891,13.02,-12.81,2.59
,-8.957,0.292,-3.963,-8.894,0.074,-3.618,13.93,-12.32,2.52
33391.0,-9.05,0.266,-3.623,-8.545,0.112,-3.309,14.35,-12.18,2.31
,-9.093,0.424,-3.482,-9.201,-0.397,-3.233,13.44,-12.74,1.68
,-9.112,0.479,-3.455,-9.06,-0.498,-3.441,10.43,-12.88,1.54
,-9.033,0.345,-3.47,-9.265,-0.433,-3.484,5.88,-13.23,1.61
33467.0,-9.375,-0.156,-3.884,-9.043,-0.34,-3.317,7.84,-16.94,2.03
,-9.15,-0.153,-3.963,-9.28,-0.017,-3.269,6.3,-17.5,2.1
,-8.964,-0.278,-3.812,-9.217,0.579,-3.317,5.32,-17.15,2.24
,-8.933,-0.323,-3.563,-9.22,0.861,-3.362,5.6,-16.59,2.03
33542.0,-9.215,0.759,-3.281,-9.311,-0.093,-2.706,0.35,-15.68,-0.42
,-9.256,0.464,-3.257,-9.402,-0.005,-2.771,-2.31,-15.4,-1.12
,-9.244,0.266,-2.996,-9.284,-0.002,-2.759,-2.66,-14.7,-1.89
,-9.244,0.06,-2.714,-9.294,-0.141,-2.819,-1.33,-14.14,-2.31
33618.0,-9.241,-0.175,-2.793,-9.203,0.048,-3.305,-1.05,-11.27,-2.87
,-9.277,-0.213,-2.984,-9.22,-0.313,-2.979,-0.49,-10.92,-3.22
,-9.395,0.014,-3.19,-9.342,-0.421,-2.67,-0.49,-10.85,-3.57
,-9.275,0.232,-3.254,-9.536,-0.306,-2.907,-1.82,-10.92,-3.92
33693.0,-9.368,-0.089,-2.687,-9.368,-0.266,-3.108,2.31,-8.19,-3.43
,-9.423,-0.06,-3.053,-9.438,-0.067,-3.396,1.12,-7.98,-2.73
,-9.27,-0.122,-3.276,-9.375,-0.057,-3.352,-0.56,-7.98,-2.45
,-9.17,-0.316,-2.974,-9.361,-0.278,-3.273,0.14,-7.07,-1.96
33769.0,-9.206,-0.548,-2.967,-9.385,-0.136,-2.747,-0.56,-7.28,-2.45
,-9.421,-0.66,-2.637,-9.347,-0.266,-3.056,2.8,-6.58,-2.24
,-9.605,-0.364,-2.668,-9.239,-0.316,-2.759,4.97,-6.51,-2.45
,-9.586,-0.127,-2.773,-9.423,-0.084,-2.931,3.57,-6.37,-2.31
33845.0,-9.481,0.191,-2.938,-9.368,-0.026,-3.12,4.9,-5.46,-2.03
,-9.481,0.347,-2.783,-9.395,-0.179,-2.938,3.71,-5.18,-2.38
,-9.452,0.383,-3.099,-9.409,-0.213,-2.982,0.84,-5.67,-2.94
,-9.404,0.105,-2.97,-9.409,-0.191,-2.938,-1.12,-5.53,-3.29
33921.0,-9.407,-0.246,-2.639,-9.474,-0.596,-2.343,-0.07,-5.46,-3.78
,-9.552,-0.215,-2.637,-9.454,-0.522,-2.417,-0.35,-5.18,-4.06
,-9.497,-0.266,-2.666,-9.476,-0.409,-2.245,-1.96,-5.25,-4.34
,-9.438,-0.452,-2.517,-9.464,-0.218,-2.111,-3.15,-4.41,-3.85
33997.0,-9.502,-0.244,-2.041,-9.66,-0.072,-2.637,5.11,0.07,-1.75
,-9.55,-0.278,-2.046,-9.387,-0.225,-2.666,5.18,0.77,-1.82
,-9.488,-0.16,-2.003,-9.316,-0.366,-2.532,5.25,1.82,-1.75
,-9.588,-0.062,-2.127,-9.464,-0.364,-2.694,4.48,2.73,-2.03
34072.0,-9.569,-0.273,-2.891,-9.375,-0.495,-3.13,1.54,4.48,-2.66
,-9.55,-0.048,-2.917,-9.342,-0.517,-3.094,0.84,4.27,-2.73
,-9.421,-0.108,-3.013,-9.421,-0.483,-3.209,-1.33,4.06,-2.94
,-9.363,-0.359,-3.051,-9.44,-0.436,-3.18,-2.66,4.06,-2.8
34148.0,-9.507,-0.371,-3.336,-9.426,-0.574,-2.984,-0.98,2.52,-2.17
,-9.409,-0.333,-3.319,-9.509,-0.436,-3.037,-1.61,2.1,-2.1
,-9.395,-0.357,-3.233,-9.421,-0.378,-2.974,-1.54,1.89,-1.82
,-9.383,-0.414,-3.139,-9.428,-0.469,-2.718,-0.63,2.1,-1.47
34224.0,-9.519,-0.402,-2.721,-9.426,-0.395,-2.946,4.97,2.1,-0.35
,-9.569,-0.328,-2.852,-9.45,-0.519,-3.02,5.32,1.96,-0.56
,-9.502,-0.23,-2.836,-9.418,-0.591,-2.967,4.55,1.89,-0.63
,-9.481,-0.275,-2.867,-9.44,-0.481,-2.79,3.71,2.03,-0.63
34300.0,-9.469,-0.28,-2.867,-9.548,-0.438,-2.67,9.24,2.24,0.21
,-9.471,-0.275,-2.85,-9.541,-0.323,-2.723,8.05,2.03,0.0
,-9.387,-0.323,-2.752,-9.462,-0.359,-2.867,6.86,2.52,0.07
,-9.45,-0.414,-2.649,-9.411,-0.462,-2.831,5.95,3.08,0.07
34375.0,-9.38,-0.548,-2.764,-9.378,-0.302,-3.309,6.09,3.92,0.21
,-9.505,-0.369,-2.802,-9.299,-0.541,-3.446,6.86,4.06,0.21
,-9.596,-0.184,-2.986,-9.299,-0.641,-3.486,6.3,3.99,0.0
,-9.505,-0.175,-3.187,-9.418,-0.505,-3.479,4.06,3.78,-0.28
34451.0,-9.416,-0.507,-3.242,-9.505,-0.309,-2.869,5.95,1.75,-0.07
,-9.375,-0.522,-3.008,-9.505,-0.347,-2.965,5.81,1.61,0.14
,-9.426,-0.538,-2.852,-9.426,-0.507,-2.962,5.6,1.68,0.21
,-9.519,-0.44,-2.814,-9.435,-0.574,-3.046,5.74,1.68,0.14
34526.0,-9.447,-0.581,-3.034,-9.471,-0.254,-2.812,3.57,1.75,0.28
,-9.383,-0.507,-3.015,-9.55,-0.23,-2.886,4.48,1.82,0.56
,-9.395,-0.457,-2.898,-9.462,-0.373,-3.01,4.9,1.89,0.63
,-9.438,-0.316,-2.857,-9.43,-0.572,-3.077,4.97,2.1,0.84
34602.0,-9.399,-0.629,-3.187,-9.495,-0.282,-3.118,0.98,1.96,0.14
,-9.43,-0.591,-3.197,-9.464,-0.349,-3.044,2.31,1.68,0.35
,-9.442,-0.419,-3.247,-9.402,-0.416,-3.01,3.15,1.68,0.63
,-9.421,-0.361,-3.092,-9.43,-0.558,-2.984,3.22,1.47,0.7
34678.0,-9.414,-0.529,-2.936,-9.507,-0.292,-2.919,2.87,0.98,0.77
,-9.44,-0.457,-2.869,-9.411,-0.376,-2.967,3.71,1.12,0.77
,-9.49,-0.424,-2.831,-9.433,-0.452,-3.025,3.5,1.33,0.84
,-9.483,-0.345,-2.795,-9.438,-0.462,-3.125,2.87,1.68,0.84
34754.0,-9.407,-0.404,-3.092,-9.392,-0.428,-3.01,2.17,1.54,0.7
,-9.404,-0.436,-3.111,-9.433,-0.447,-2.972,2.8,1.4,0.84
,-9.469,-0.447,-3.034,-9.433,-0.5,-2.958,3.01,1.4,0.84
,-9.45,-0.409,-3.053,-9.428,-0.464,-2.953,2.87,1.26,0.77
34830.0,-9.421,-0.464,-2.922,-9.43,-0.385,-3.082,2.38,1.12,0.77
,-9.433,-0.419,-2.941,-9.418,-0.397,-3.087,2.31,1.19,0.77
,-9.442,-0.426,-2.936,-9.418,-0.455,-3.087,2.52,1.26,0.77
,-9.507,-0.402,-3.034,-9.416,-0.469,-3.01,2.52,1.19,0.63
34905.0,-9.418,-0.388,-2.938,-9.478,-0.385,-2.9,2.8,1.12,0.91
,-9.485,-0.392,-2.905,-9.397,-0.474,-2.948,2.66,1.26,0.91
,-9.493,-0.409,-2.9,-9.402,-0.519,-3.037,2.45,1.19,0.84
,-9.445,-0.369,-2.922,-9.421,-0.467,-3.017,1.96,1.12,0.63
34981.0,-9.454,-0.416,-3.029,-9.462,-0.364,-3.12,2.87,1.4,1.12
,-9.464,-0.424,-3.039,-9.411,-0.39,-3.104,3.01,1.4,1.12
,-9.421,-0.419,-2.967,-9.433,-0.471,-3.101,2.94,1.33,1.05
,-9.452,-0.392,-3.063,-9.466,-0.493,-3.113,2.66,1.12,0.91
35057.0,-9.397,-0.507,-3.044,-9.426,-0.349,-2.986,2.73,0.7,1.05
,-9.421,-0.443,-2.979,-9.414,-0.486,-2.97,3.01,0.7,1.19
,-9.464,-0.38,-3.025,-9.466,-0.524,-2.96,3.36,0.49,1.12
,-9.478,-0.313,-3.039,-9.442,-0.409,-2.989,2.87,0.42,0.98
35133.0,-9.49,-0.357,-2.948,-9.435,-0.51,-2.929,2.8,0.42,1.05
,-9.493,-0.349,-3.001,-9.457,-0.479,-2.917,2.24,0.14,0.98
,-9.428,-0.414,-3.003,-9.476,-0.438,-2.898,1.82,0.07,0.84
,-9.445,-0.407,-2.982,-9.5,-0.354,-2.943,1.82,0.21,0.91
35208.0,-9.452,-0.337,-2.955,-9.497,-0.397,-2.991,1.75,0.49,0.91
,-9.433,-0.388,-2.986,-9.466,-0.395,-2.924,1.54,0.42,0.91
,-9.442,-0.414,-2.994,-9.469,-0.421,-2.903,1.75,0.35,0.91
,-9.435,-0.447,-2.972,-9.485,-0.462,-2.855,2.38,0.28,0.98
35284.0,-9.466,-0.412,-2.855,-9.44,-0.428,-2.812,2.31,0.56,0.98
,-9.445,-0.34,-2.816,-9.469,-0.447,-2.797,1.82,0.77,0.77
,-9.457,-0.335,-2.862,-9.45,-0.447,-2.881,0.77,0.84,0.56
,-9.464,-0.366,-2.855,-9.476,-0.421,-2.955,-0.07,0.98,0.49
35359.0,-9.526,-0.371,-2.955,-9.485,-0.455,-3.029,1.75,1.33,0.84
,-9.5,-0.304,-2.919,-9.407,-0.471,-2.934,1.47,1.33,0.91
,-9.418,-0.357,-3.123,-9.423,-0.474,-2.998,0.77,1.33,0.84
,-9.423,-0.459,-3.092,-9.469,-0.522,-2.986,0.35,0.98,0.77
35435.0,-9.421,-0.464,-2.994,-9.471,-0.244,-2.843,1.54,0.56,1.33
,-9.361,-0.407,-2.867,-9.471,-0.17,-2.711,1.75,0.49,1.26
,-9.481,-0.397,-3.003,-9.471,-0.256,-2.706,1.89,0.35,1.26
,-9.5,-0.273,-2.979,-9.457,-0.345,-2.582,1.68,0.28,1.12
35511.0,-9.445,-0.369,-2.515,-9.526,-0.227,-2.185,-2.1,1.4,0.63
,-9.476,-0.419,-2.355,-9.548,-0.211,-2.498,-2.24,2.03,0.7
,-9.509,-0.357,-2.319,-9.45,-0.227,-2.594,-2.38,2.66,0.7
,-9.476,-0.321,-2.187,-9.323,-0.409,-2.601,-2.8,3.5,0.7
35587.0,-9.342,-0.526,-2.723,-9.294,-0.541,-3.281,-6.79,6.65,1.33
,-9.485,-0.546,-2.816,-9.258,-0.663,-3.063,-3.99,7.07,1.82
,-9.567,-0.361,-3.276,-9.287,-0.768,-2.742,-2.03,6.79,1.96
,-9.411,-0.407,-3.326,-9.414,-0.658,-2.558,-1.4,6.44,2.24
35662.0,-9.552,-0.421,-2.649,-9.206,-0.744,-2.508,6.37,7.49,4.41
,-9.512,-0.352,-2.857,-9.277,-0.78,-2.283,3.71,7.28,3.92
,-9.375,-0.342,-2.917,-9.43,-0.581,-2.094,-0.28,7.28,3.85
,-9.318,-0.483,-2.778,-9.517,-0.39,-2.029,-3.01,7.63,4.06
35738.0,-9.526,0.038,-1.993,-9.268,-0.177,-2.331,1.82,12.95,5.6
,-9.552,0.244,-1.998,-9.191,-0.469,-2.134,-0.63,14.14,5.11
,-9.519,0.342,-1.972,-9.359,-0.467,-2.678,-4.62,15.75,5.04
,-9.399,0.163,-2.053,-9.404,-0.287,-3.424,-7.14,17.43,5.18
35814.0,-9.198,-0.074,-3.704,-9.385,0.878,-3.903,-4.62,20.58,4.34
,-9.05,0.11,-3.853,-9.351,1.309,-3.546,-0.98,21.77,5.18
,-9.0,0.136,-3.472,-9.483,1.354,-4.092,5.04,23.24,5.67
,-9.354,0.397,-3.518,-9.208,0.866,-4.346,12.46,23.52,5.11
35890.0,-8.971,-0.132,-4.027,-9.237,-1.17,-3.448,-8.05,17.5,-1.82
,-9.012,-1.027,-3.81,-9.201,-1.072,-3.345,-7.91,17.99,-1.4
,-8.854,-1.508,-3.094,-9.189,-0.981,-3.563,-3.08,18.76,-0.56
,-9.184,-1.515,-3.352,-9.031,-0.995,-3.35,2.59,18.06,0.07
35966.0,-9.014,-0.955,-3.458,-9.038,-0.304,-4.104,-3.43,15.89,4.27
,-8.995,-0.646,-3.955,-9.007,-0.244,-3.857,-1.54,15.89,5.25
,-8.892,-0.534,-3.85,-8.99,0.038,-3.893,0.98,16.87,6.02
,-9.062,-0.416,-4.099,-9.028,0.28,-3.884,3.22,17.22,6.23
36041.0,-9.337,0.503,-4.231,-8.447,-0.357,-3.704,11.06,15.12,5.11
,-9.354,0.519,-4.642,-8.945,-0.452,-3.235,7.91,12.74,4.62
,-8.906,0.316,-4.599,-9.213,-0.101,-3.484,4.41,12.25,4.97
,-8.497,-0.029,-4.324,-9.313,0.16,-3.419,4.34,14.28,5.25
36117.0,-9.328,0.55,-3.795,-8.899,0.481,-4.716,8.26,17.15,3.36
,-8.899,0.9,-3.951,-8.923,-0.11,-4.984,5.04,16.52,2.59
,-8.897,1.077,-4.13,-8.638,-0.665,-4.731,2.73,16.52,1.75
,-8.935,0.948,-4.575,-8.674,-0.983,-4.389,-0.7,15.12,0.77
36192.0,-8.729,-0.986,-4.259,-8.83,0.692,-4.582,8.4,18.69,1.05
,-8.93,-0.73,-4.032,-8.921,0.876,-4.85,13.16,18.55,0.98
,-8.899,-0.268,-4.039,-8.756,0.711,-5.044,15.61,18.34,1.12
,-8.868,0.227,-4.381,-8.863,0.292,-4.826,15.33,18.06,1.19
36268.0,-8.617,-0.072,-4.949,-8.686,-0.804,-4.757,-2.17,17.71,-1.47
,-8.686,-0.507,-4.673,-8.658,-0.519,-4.609,-2.24,18.2,-1.12
,-9.007,-0.873,-4.535,-8.555,-0.23,-4.771,0.14,17.92,-0.63
,-9.002,-0.974,-4.657,-8.562,0.096,-4.812,3.01,16.03,-0.07
36344.0,-8.823,0.254,-4.671,-8.705,-0.369,-5.066,6.72,13.79,1.61
,-8.859,0.177,-4.716,-8.54,-0.5,-5.188,2.87,13.37,1.75
,-8.792,0.026,-4.779,-8.567,-0.5,-5.13,-0.35,13.02,2.03
,-8.854,-0.184,-4.915,-8.727,-0.134,-5.008,-2.24,12.25,2.38
36420.0,-8.662,0.352,-5.226,-8.792,0.364,-5.135,11.2,8.33,1.82
,-8.677,0.538,-5.296,-8.859,0.136,-5.202,10.71,7.56,1.05
,-8.524,0.531,-5.205,-8.701,-0.244,-5.281,9.45,7.7,0.07
,-8.653,0.479,-5.116,-8.72,-0.5,-5.48,8.68,7.63,-0.84
36495.0,-8.571,-0.675,-5.327,-8.782,-0.981,-5.159,9.52,7.07,-1.61
,-8.454,-0.663,-5.406,-9.036,-1.149,-5.059,11.27,6.58,-1.33
,-8.222,-0.708,-5.305,-8.837,-1.137,-5.217,12.39,6.93,-0.49
,-8.538,-0.852,-5.229,-8.557,-0.797,-5.358,11.69,6.72,0.42
36571.0,-8.339,-0.285,-5.497,-8.524,0.282,-5.291,11.34,2.73,2.94
,-8.351,0.103,-5.564,-8.61,-0.053,-5.212,11.2,2.8,1.68
,-8.466,0.311,-5.532,-8.744,-0.534,-5.255,10.36,3.29,0.42
,-8.689,0.342,-5.343,-8.904,-0.749,-5.051,8.05,3.08,-0.42
36647.0,-8.847,-0.787,-5.111,-8.375,-0.727,-4.81,10.15,-0.7,0.14
,-8.631,-0.909,-5.063,-8.665,-0.5,-5.044,11.97,-0.35,0.07
,-8.691,-0.818,-4.934,-8.658,-0.333,-5.075,12.39,0.0,0.7
,-8.533,-0.687,-5.025,-8.39,-0.294,-5.109,12.18,0.28,1.19
36723.0,-8.385,-0.371,-5.08,-8.837,0.182,-4.884,10.01,-0.49,4.2
,-8.638,-0.218,-5.207,-8.787,0.165,-4.721,9.73,-0.77,4.41
,-8.71,-0.462,-4.846,-8.519,0.122,-4.709,8.82,-1.19,4.13
,-8.973,-0.089,-4.85,-8.478,-0.029,-4.843,10.36,-1.47,2.66
36798.0,-8.6,-0.254,-4.836,-8.715,0.493,-5.159,5.67,0.77,1.96
,-8.672,-0.294,-4.834,-8.851,0.251,-4.929,5.46,0.35,2.59
,-8.547,0.103,-4.994,-8.856,0.017,-5.09,5.46,0.63,2.8
,-8.603,0.366,-5.118,-8.614,-0.077,-5.214,4.97,1.4,2.24
36874.0,-8.622,-0.211,-5.197,-8.567,-0.337,-5.453,-0.63,2.31,0.42
,-8.732,-0.352,-5.26,-8.717,0.244,-5.492,-1.82,1.96,0.63
,-8.626,-0.493,-5.178,-8.796,0.517,-5.53,-1.96,1.47,1.12
,-8.528,-0.479,-5.336,-8.837,0.139,-5.164,-1.19,1.05,1.61
36950.0,-8.765,-0.45,-5.059,-8.748,-0.603,-5.147,-8.12,-1.47,0.0
,-8.528,-0.842,-5.047,-8.823,-0.658,-4.953,-8.26,-1.33,1.12
,-8.5,-0.701,-5.095,-8.792,-0.426,-5.19,-5.81,-1.47,2.03
,-8.559,-0.603,-5.15,-8.729,-0.574,-5.159,-3.92,-1.4,2.17
37025.0,-8.674,-0.572,-5.075,-8.705,-0.34,-5.152,-1.12,-3.01,2.38
,-8.679,-0.747,-4.841,-8.648,-0.017,-5.087,-1.68,-3.15,3.15
,-8.689,-0.785,-4.853,-8.636,0.323,-4.917,-1.61,-3.5,4.06
,-8.703,-0.581,-4.989,-8.787,0.572,-4.925,-0.07,-3.64,4.69
37101.0,-8.988,0.687,-4.81,-8.689,-0.361,-5.154,-0.63,-4.13,1.82
,-8.827,0.445,-4.867,-8.703,-0.476,-5.071,-5.04,-4.83,1.26
,-8.629,0.031,-4.903,-8.658,-0.459,-5.152,-8.4,-4.48,1.05
,-8.641,-0.239,-4.889,-8.725,-0.426,-5.133,-9.31,-4.13,1.4
37177.0,-8.765,-0.321,-5.126,-8.693,-0.383,-5.221,-3.64,-6.02,0.98
,-8.801,-0.409,-4.963,-8.693,-0.421,-5.042,-4.2,-6.09,0.63
,-8.844,-0.323,-4.884,-8.804,-0.287,-4.963,-4.9,-6.58,0.35
,-8.89,-0.268,-5.006,-8.748,-0.117,-4.98,-6.09,-7.98,0.56
37253.0,-8.78,-0.182,-4.913,-8.655,-0.34,-4.793,-1.96,-10.64,-0.14
,-8.882,-0.266,-4.987,-8.871,0.065,-4.934,-3.15,-11.2,0.28
,-8.703,-0.182,-5.008,-8.988,0.392,-4.922,-3.78,-11.76,0.77
,-8.605,-0.395,-4.826,-8.89,0.538,-4.769,-1.75,-11.06,0.91
37328.0,-8.902,0.488,-4.618,-8.818,-0.543,-4.53,2.31,-9.66,-2.31
,-9.019,0.519,-4.499,-8.768,-0.78,-4.549,0.07,-10.99,-2.66
,-8.894,0.349,-4.669,-8.636,-0.866,-4.451,-2.73,-13.09,-2.8
,-8.744,-0.024,-4.695,-8.67,-0.871,-4.231,-4.62,-13.16,-2.59
37404.0,-8.746,-0.668,-4.037,-8.952,0.127,-4.401,8.4,-12.74,-0.07
,-8.885,-0.464,-4.003,-9.024,-0.335,-3.867,10.78,-12.04,0.35
,-8.902,-0.225,-4.068,-9.182,0.05,-4.049,10.36,-11.2,1.33
,-8.83,-0.278,-4.049,-8.871,0.146,-4.164,9.31,-9.38,2.52
37480.0,-8.827,0.139,-3.987,-8.933,-0.325,-3.75,7.84,-9.17,2.59
,-8.961,0.179,-3.958,-8.904,-0.34,-3.807,6.65,-9.94,2.38
,-9.016,0.012,-4.025,-8.978,-0.266,-3.841,6.16,-10.08,1.96
,-9.002,-0.199,-3.979,-9.122,-0.194,-4.015,6.37,-9.45,1.82
37556.0,-8.99,-0.227,-4.137,-9.184,0.048,-4.054,12.67,-7.98,4.27
,-8.88,-0.292,-4.07,-9.086,0.151,-4.259,12.74,-7.49,5.04
,-9.057,-0.177,-4.056,-8.971,-0.038,-4.034,12.6,-7.84,4.83
,-9.069,-0.034,-4.08,-9.088,-0.007,-4.037,13.09,-8.12,4.48
37631.0,-9.103,0.105,-3.908,-9.213,0.12,-3.752,7.28,-10.64,3.64
,-9.119,0.342,-3.738,-9.141,-0.201,-3.836,9.24,-11.27,2.73
,-9.191,0.572,-3.798,-9.026,-0.297,-3.764,7.84,-12.25,1.96
,-9.158,0.424,-3.726,-9.012,-0.201,-3.498,4.83,-12.74,1.47
37707.0,-9.1,-0.026,-3.35,-9.155,-0.438,-3.388,6.09,-13.23,0.28
,-9.22,0.043,-3.443,-9.131,-0.589,-3.41,5.32,-13.58,0.07
,-9.301,-0.002,-3.625,-9.174,-0.452,-3.247,1.89,-14.28,0.14
,-9.261,-0.215,-3.625,-9.229,-0.309,-3.216,-1.05,-14.63,0.28
37782.0,-9.201,-0.129,-3.312,-9.287,0.148,-3.747,3.08,-13.16,0.07
,-9.191,-0.17,-3.094,-9.191,0.22,-3.766,2.45,-12.32,0.42
,-9.361,-0.225,-3.171,-9.148,0.122,-3.68,3.29,-11.97,0.84
,-9.39,-0.012,-3.762,-9.148,0.019,-3.403,2.87,-12.81,0.42
37858.0,-9.196,-0.23,-2.984,-9.356,-0.093,-3.204,2.1,-12.67,-0.84
,-9.316,-0.335,-2.977,-9.308,-0.041,-3.333,3.29,-12.25,-0.63
,-9.378,-0.23,-2.917,-9.258,-0.146,-3.044,4.27,-12.25,-0.49
,-9.505,-0.153,-3.137,-9.294,-0.122,-3.116,3.5,-12.67,-0.56
37934.0,-9.313,-0.041,-2.766,-9.409,-0.201,-2.668,4.83,-10.64,-1.4
,-9.373,0.084,-2.733,-9.371,-0.373,-2.58,4.27,-10.5,-2.03
,-9.447,0.105,-2.685,-9.387,-0.443,-2.508,3.29,-10.64,-2.59
,-9.495,0.043,-2.656,-9.361,-0.318,-2.448,0.98,-10.15,-2.87
38010.0,-9.328,-0.153,-2.192,-9.598,0.156,-2.982,5.88,-6.09,-1.89
,-9.474,-0.112,-2.182,-9.359,0.069,-2.919,6.16,-5.11,-2.03
,-9.514,-0.06,-2.218,-9.375,-0.146,-3.092,6.02,-4.27,-2.1
,-9.502,0.014,-2.3,-9.244,-0.302,-2.915,4.27,-3.78,-2.31
38086.0,-9.306,-0.266,-2.666,-9.627,0.029,-2.68,2.1,-1.96,-3.43
,-9.452,-0.005,-2.85,-9.581,0.062,-2.965,4.76,-1.82,-3.64
,-9.564,-0.041,-2.56,-9.399,-0.022,-2.888,3.78,-1.33,-3.85
,-9.545,-0.024,-2.362,-9.342,-0.187,-3.034,2.66,-0.7,-3.92
38161.0,-9.27,-0.376,-2.848,-9.454,-0.311,-3.02,-2.59,0.28,-4.69
,-9.452,-0.572,-2.687,-9.392,-0.378,-3.163,-1.4,0.84,-4.27
,-9.6,-0.581,-2.883,-9.363,-0.517,-2.958,-0.28,0.98,-4.06
,-9.519,-0.526,-2.974,-9.354,-0.586,-2.814,0.21,0.49,-3.92
38237.0,-9.407,-0.311,-2.79,-9.385,-0.232,-2.943,7.7,1.47,-2.45
,-9.631,-0.297,-2.618,-9.392,-0.39,-3.199,8.19,1.75,-2.38
,-9.612,-0.11,-2.757,-9.344,-0.436,-3.077,6.58,1.61,-2.52
,-9.512,-0.163,-2.821,-9.392,-0.436,-3.017,4.48,1.47,-2.66
38313.0,-9.414,-0.481,-2.953,-9.392,-0.493,-2.723,3.36,1.61,-2.66
,-9.38,-0.57,-2.807,-9.402,-0.416,-2.709,3.57,1.75,-2.45
,-9.428,-0.572,-2.687,-9.521,-0.29,-3.039,4.06,1.89,-2.17
,-9.44,-0.531,-2.718,-9.351,-0.409,-2.979,4.34,1.96,-2.1
38389.0,-9.397,-0.464,-3.027,-9.474,-0.443,-2.831,2.59,2.31,-1.68
,-9.402,-0.546,-3.082,-9.426,-0.517,-2.67,3.22,2.24,-1.54
,-9.411,-0.507,-2.989,-9.426,-0.672,-2.56,4.41,2.17,-1.4
,-9.452,-0.447,-3.003,-9.426,-0.72,-2.529,4.69,2.24,-1.4
38464.0,-9.495,-0.577,-2.441,-9.447,-0.464,-3.281,6.16,4.13,-0.63
,-9.552,-0.44,-2.649,-9.34,-0.512,-3.228,5.95,4.41,-0.77
,-9.481,-0.354,-2.771,-9.409,-0.469,-3.259,4.48,4.55,-0.84
,-9.414,-0.388,-2.929,-9.404,-0.447,-3.233,2.94,4.69,-0.98
38540.0,-9.445,-0.373,-3.23,-9.45,-0.536,-3.092,4.55,3.92,-0.49
,-9.49,-0.392,-3.106,-9.466,-0.493,-3.156,4.13,3.78,-0.35
,-9.481,-0.447,-3.046,-9.404,-0.495,-3.171,3.64,3.85,-0.28
,-9.395,-0.486,-3.044,-9.416,-0.596,-3.254,3.29,3.5,-0.28
38615.0,-9.378,-0.622,-3.195,-9.454,-0.462,-3.199,1.89,2.59,-0.14
,-9.351,-0.639,-3.199,-9.383,-0.481,-3.245,2.31,2.45,0.0
,-9.404,-0.656,-3.113,-9.392,-0.558,-3.25,2.94,2.45,0.21
,-9.454,-0.486,-3.195,-9.442,-0.505,-3.343,3.5,2.17,0.28
38691.0,-9.43,-0.447,-3.379,-9.438,-0.622,-2.919,3.85,0.77,0.63
,-9.409,-0.44,-3.355,-9.454,-0.459,-2.879,3.85,0.49,0.63
,-9.351,-0.586,-3.199,-9.469,-0.443,-2.627,3.71,0.42,0.84
,-9.313,-0.713,-3.029,-9.438,-0.493,-2.596,4.62,0.35,1.05
38767.0,-9.519,-0.459,-2.73,-9.43,-0.548,-3.118,2.03,1.47,0.7
,-9.483,-0.476,-2.793,-9.416,-0.505,-3.113,1.4,1.68,0.49
,-9.39,-0.455,-2.886,-9.34,-0.507,-3.058,0.77,1.89,0.42
,-9.426,-0.495,-2.977,-9.407,-0.57,-3.015,0.77,2.03,0.42
38843.0,-9.519,-0.495,-3.221,-9.351,-0.632,-3.269,3.08,1.96,0.84
,-9.517,-0.383,-3.417,-9.445,-0.512,-3.187,2.66,1.47,0.56
,-9.356,-0.378,-3.4,-9.464,-0.39,-3.065,1.61,1.05,0.56
,-9.311,-0.553,-3.422,-9.421,-0.414,-2.927,1.33,0.91,0.63
38918.0,-9.44,-0.503,-2.79,-9.404,-0.522,-2.828,3.01,0.56,0.91
,-9.385,-0.514,-2.773,-9.418,-0.651,-2.857,2.94,0.84,0.84
,-9.426,-0.543,-2.809,-9.383,-0.608,-2.86,2.94,1.05,0.77
,-9.43,-0.452,-2.84,-9.373,-0.455,-2.757,2.24,1.26,0.77
38994.0,-9.428,-0.426,-2.9,-9.344,-0.529,-3.276,1.82,2.52,0.77
,-9.409,-0.412,-2.867,-9.383,-0.617,-3.281,1.4,2.8,0.91
,-9.562,-0.369,-3.104,-9.411,-0.625,-3.362,0.63,2.66,0.63
,-9.447,-0.44,-3.211,-9.464,-0.488,-3.326,-0.07,2.52,0.56
39070.0,-9.438,-0.316,-3.312,-9.392,-0.553,-3.077,2.24,1.26,0.63
,-9.392,-0.407,-3.297,-9.445,-0.486,-3.032,1.26,0.84,0.56
,-9.375,-0.491,-3.273,-9.442,-0.464,-2.938,0.77,0.7,0.63
,-9.366,-0.572,-3.183,-9.43,-0.526,-2.869,1.4,0.7,0.7
39146.0,-9.402,-0.553,-2.869,-9.442,-0.5,-3.041,1.96,0.84,0.98
,-9.445,-0.562,-2.934,-9.414,-0.467,-3.02,2.1,1.12,0.98
,-9.438,-0.531,-2.96,-9.447,-0.421,-3.029,2.24,1.4,1.05
,-9.38,-0.558,-2.991,-9.433,-0.4,-3.101,2.45,1.33,1.05
39222.0,-9.426,-0.431,-3.154,-9.466,-0.409,-3.101,2.31,1.68,0.91
,-9.395,-0.486,-3.168,-9.438,-0.402,-3.216,2.66,1.68,0.98
,-9.407,-0.455,-3.144,-9.416,-0.402,-3.168,3.15,1.54,0.98
,-9.421,-0.457,-3.142,-9.409,-0.522,-3.13,3.64,1.61,0.91
39297.0,-9.402,-0.598,-3.084,-9.462,-0.436,-2.912,2.45,1.12,0.84
,-9.397,-0.579,-3.022,-9.459,-0.416,-2.967,2.87,0.98,0.84
,-9.399,-0.519,-2.955,-9.418,-0.366,-2.95,3.08,0.91,0.77
,-9.423,-0.488,-2.905,-9.418,-0.395,-3.034,2.73,0.98,0.7
39373.0,-9.44,-0.51,-3.128,-9.395,-0.538,-3.163,0.63,1.47,0.56
,-9.418,-0.517,-3.221,-9.442,-0.419,-3.154,1.19,1.47,0.63
,-9.402,-0.529,-3.178,-9.438,-0.392,-3.096,1.68,1.19,0.7
,-9.409,-0.598,-3.187,-9.385,-0.469,-3.013,2.45,1.05,0.84
39448.0,-9.497,-0.529,-2.977,-9.409,-0.474,-3.089,2.17,0.98,0.84
,-9.438,-0.507,-2.996,-9.407,-0.531,-3.113,2.73,0.98,0.84
,-9.426,-0.433,-2.986,-9.43,-0.529,-3.101,2.94,0.77,0.84
,-9.416,-0.407,-3.056,-9.409,-0.531,-3.034,2.59,0.77,0.84
39524.0,-9.433,-0.507,-3.013,-9.407,-0.517,-2.898,2.73,0.84,0.84
,-9.433,-0.421,-2.989,-9.454,-0.495,-2.938,3.01,0.77,0.77
,-9.45,-0.395,-2.984,-9.452,-0.38,-2.977,2.31,0.98,0.77
,-9.402,-0.495,-2.929,-9.414,-0.447,-2.962,1.82,1.12,0.7
39600.0,-9.414,-0.459,-3.053,-9.471,-0.445,-3.029,2.1,1.4,0.42
,-9.38,-0.438,-2.989,-9.462,-0.476,-3.027,2.38,1.61,0.49
,-9.404,-0.483,-3.041,-9.418,-0.512,-2.958,2.73,1.75,0.56
,-9.447,-0.402,-3.008,-9.45,-0.503,-3.01,2.73,1.68,0.56
39676.0,-9.435,-0.469,-3.053,-9.387,-0.359,-3.199,1.61,1.68,0.0
,-9.407,-0.493,-3.058,-9.371,-0.45,-3.204,1.12,1.82,0.07
,-9.435,-0.419,-3.089,-9.371,-0.615,-3.123,1.05,1.68,0.07
,-9.469,-0.392,-3.175,-9.421,-0.613,-3.106,0.98,1.4,-0.07
39751.0,-9.447,-0.548,-3.082,-9.414,-0.56,-2.824,0.98,0.91,0.0
,-9.407,-0.512,-3.013,-9.399,-0.474,-2.804,0.35,0.77,0.0
,-9.378,-0.632,-2.989,-9.404,-0.483,-2.752,0.07,1.05,0.35
,-9.387,-0.646,-2.977,-9.442,-0.541,-2.869,0.84,1.26,0.35
39827.0,-9.409,-0.522,-2.833,-9.416,-0.565,-2.592,1.82,2.31,0.98
,-9.368,-0.581,-2.867,-9.371,-0.45,-2.434,1.75,2.66,1.12
,-9.416,-0.608,-2.812,-9.368,-0.38,-2.206,1.96,3.01,1.4
,-9.459,-0.648,-2.737,-9.392,-0.354,-2.015,2.45,3.5,1.54
39902.0,-9.512,-0.273,-2.01,-9.239,-0.866,-3.434,-0.63,7.84,1.33
,-9.576,-0.148,-2.319,-9.268,-1.005,-3.561,-2.45,8.61,1.05
,-9.43,-0.223,-2.697,-9.284,-0.852,-3.735,-4.97,8.82,0.7
,-9.323,-0.56,-3.13,-9.27,-0.558,-3.757,-6.65,9.38,0.84
39978.0,-9.368,-0.33,-3.659,-9.335,-0.639,-3.352,6.02,7.7,3.01
,-9.395,-0.256,-3.695,-9.33,-0.694,-3.123,5.39,6.93,3.08
,-9.356,-0.33,-3.668,-9.342,-0.67,-2.907,3.71,5.95,2.94
,-9.306,-0.534,-3.422,-9.428,-0.543,-2.929,2.38,5.67,2.94
40054.0,-9.469,-0.481,-3.029,-9.316,-0.369,-2.888,2.87,6.09,4.13
,-9.337,-0.471,-3.029,-9.39,-0.194,-3.077,1.61,6.65,4.48
,-9.292,-0.479,-2.912,-9.328,-0.038,-3.312,1.19,7.07,4.69
,-9.308,-0.402,-3.104,-9.311,-0.112,-3.321,0.98,7.14,4.69
40130.0,-9.198,-0.385,-3.056,-9.576,0.251,-2.955,-6.79,8.4,4.48
,-9.174,-0.641,-2.797,-9.533,0.371,-3.946,-5.88,9.24,5.04
,-9.258,-0.665,-2.443,-9.241,0.117,-4.24,-3.43,9.94,5.04
,-9.395,-0.256,-2.379,-9.093,-0.522,-4.362,0.14,10.43,4.83
40206.0,-8.988,-0.948,-4.188,-9.438,-0.108,-3.704,-14.7,8.4,4.76
,-9.021,-1.125,-3.53,-9.282,-0.402,-3.534,-6.16,9.1,5.53
,-9.201,-0.797,-3.716,-9.16,-0.806,-3.218,1.12,8.68,5.53
,-9.423,-0.316,-3.731,-9.136,-0.974,-2.603,4.13,7.63,4.83
40281.0,-9.299,-0.806,-2.85,-8.88,-0.246,-2.922,9.73,10.22,8.12
,-9.34,-0.421,-3.017,-8.997,-0.282,-2.592,11.41,10.29,7.63
,-9.308,-0.129,-3.408,-9.34,0.062,-2.613,11.48,10.57,7.28
,-9.249,-0.072,-3.589,-9.586,0.608,-2.726,10.5,11.69,7.63
40357.0,-9.584,0.828,-2.74,-9.249,0.124,-2.783,13.44,14.98,4.69
,-9.289,0.699,-2.955,-9.148,0.44,-2.807,4.83,15.75,3.85
,-8.933,0.282,-2.414,-9.086,0.464,-2.972,0.0,17.5,3.22
,-9.184,-0.098,-2.647,-8.947,0.172,-3.398,-0.35,18.27,2.45
40433.0,-8.983,-0.328,-3.503,-9.031,-0.105,-4.338,-9.87,19.74,0.91
,-9.141,-0.431,-3.508,-8.851,-0.323,-4.427,-6.65,19.95,0.77
,-9.124,-0.242,-3.745,-8.729,-0.833,-4.645,-4.27,18.9,0.14
,-9.158,-0.077,-4.022,-8.581,-1.034,-4.609,-3.43,17.5,-0.21
40509.0,-8.753,-1.034,-4.398,-8.902,0.254,-4.073,3.85,20.58,3.92
,-8.868,-0.737,-4.427,-9.198,0.345,-4.195,8.33,20.65,3.92
,-8.875,-0.495,-4.025,-8.978,0.373,-4.355,11.13,21.07,4.55
,-8.892,-0.091,-4.135,-8.921,0.33,-4.324,11.27,20.16,5.39
40584.0,-8.794,0.474,-4.501,-8.768,0.175,-4.451,3.22,18.62,3.43
,-8.887,0.617,-4.372,-8.849,-0.371,-4.245,5.11,19.53,2.24
,-9.014,0.773,-4.53,-8.949,-0.589,-3.912,5.88,19.18,1.12
,-8.832,0.622,-4.793,-8.978,-0.287,-4.049,3.78,18.83,0.63
40660.0,-8.835,0.06,-4.262,-8.564,0.555,-4.635,3.36,14.07,0.84
,-8.832,0.369,-4.456,-8.693,0.61,-4.389,2.38,13.93,0.49
,-8.552,0.603,-4.803,-8.942,0.486,-4.415,-0.49,14.98,0.42
,-8.471,0.522,-4.661,-8.995,0.261,-4.348,-2.73,17.43,0.21
40735.0,-8.691,-0.122,-4.568,-8.665,-0.462,-4.714,-6.93,17.78,-1.4
,-8.552,-0.5,-4.721,-8.727,-0.285,-4.7,-5.88,18.13,-0.7
,-8.536,-0.706,-4.664,-8.48,-0.069,-4.882,-1.61,19.25,-0.56
,-8.808,-0.708,-4.645,-8.416,-0.225,-4.96,2.45,18.76,-0.91
40811.0,-8.634,-0.254,-4.925,-8.579,-0.742,-5.095,-1.75,17.85,0.84
,-8.583,-0.098,-5.214,-8.576,-0.883,-5.118,-2.1,15.96,1.54
,-8.447,-0.172,-5.327,-8.557,-0.857,-5.126,-3.22,15.05,1.68
,-8.495,-0.445,-5.26,-8.689,-0.464,-5.229,-3.64,14.56,1.75
40887.0,-8.406,-0.357,-5.19,-8.583,-0.201,-5.48,10.22,14.56,4.34
,-8.363,-0.321,-5.358,-8.603,-0.354,-5.327,10.92,14.7,4.55
,-8.421,-0.27,-5.3,-8.638,-0.321,-5.214,11.76,15.12,4.62
,-8.375,-0.089,-5.391,-8.323,-0.256,-5.377,12.46,14.98,4.48
40963.0,-8.095,-0.388,-5.363,-8.143,0.177,-5.59,9.52,14.56,4.27
,-8.294,-0.663,-5.348,-8.447,0.73,-5.391,10.01,14.91,4.41
,-8.605,-0.627,-5.255,-8.411,1.067,-5.688,11.06,14.91,4.27
,-8.442,-0.146,-5.53,-8.796,1.18,-5.633,12.04,14.49,4.34
41038.0,-8.76,0.802,-5.798,-8.26,-0.596,-5.855,6.3,10.71,-0.14
,-8.677,0.457,-5.91,-8.267,-0.806,-5.934,6.51,10.01,-1.33
,-8.464,-0.199,-5.707,-8.363,-0.419,-5.942,8.19,9.38,-1.82
,-8.421,-0.079,-5.939,-8.339,-0.938,-6.018,9.52,8.68,-0.91
41114.0,-8.402,-0.955,-5.958,-8.222,-0.215,-5.882,5.18,5.81,5.04
,-8.454,-0.775,-5.994,-8.196,-0.407,-5.736,5.39,5.11,5.67
,-8.457,-0.517,-5.97,-8.205,-0.081,-5.922,4.76,4.48,6.23
,-8.351,-0.524,-5.98,-8.332,0.148,-5.956,3.36,3.99,6.51
41190.0,-8.495,0.179,-5.958,-8.385,0.78,-6.155,4.97,2.94,6.58
,-8.502,0.345,-5.992,-8.385,0.694,-6.056,5.46,2.66,6.09
,-8.425,0.524,-6.131,-8.43,0.383,-5.91,5.88,2.38,5.25
,-8.433,0.763,-6.222,-8.457,0.225,-5.982,6.3,2.31,4.2
41266.0,-8.275,0.134,-6.068,-8.631,0.409,-5.755,0.14,0.0,1.96
,-8.141,-0.026,-6.047,-8.485,0.34,-5.561,0.63,0.07,1.68
,-8.172,0.086,-5.87,-8.318,0.522,-5.631,2.03,0.0,0.91
,-8.49,0.321,-5.817,-8.425,0.278,-5.461,3.01,-0.07,-0.07
41342.0,-8.488,-0.031,-5.298,-8.504,0.55,-5.824,0.07,-1.26,-2.66
,-8.394,0.053,-5.281,-8.607,0.505,-5.695,-0.07,-1.61,-2.45
,-8.334,0.299,-5.669,-8.614,-0.041,-5.631,0.98,-2.03,-2.31
,-8.466,0.72,-5.736,-8.327,-0.692,-5.272,0.14,-2.8,-2.1
41417.0,-8.172,-0.888,-5.37,-8.461,-0.034,-5.791,-8.26,-5.67,-1.4
,-8.308,-0.591,-5.664,-8.368,-0.132,-5.506,-5.46,-5.11,0.28
,-8.205,-1.811,-5.284,-8.368,-0.156,-5.41,-5.25,-5.18,1.4
,-8.641,-0.101,-5.908,-8.361,-0.364,-5.276,1.05,-6.16,0.35
41493.0,-8.478,-0.491,-5.451,-8.306,-0.258,-5.559,-4.83,-7.63,3.71
,-8.555,-0.45,-5.628,-8.454,-0.232,-5.262,-4.34,-8.12,4.06
,-8.512,-0.414,-5.757,-8.43,-0.268,-5.382,-2.94,-8.54,3.99
,-8.44,-0.29,-5.824,-8.5,-0.285,-5.477,-1.75,-9.24,3.43
41568.0,-8.437,-0.163,-5.683,-8.634,0.144,-5.427,-3.22,-11.27,3.36
,-8.54,-0.124,-5.733,-8.277,0.139,-5.427,-1.96,-11.2,3.22
,-8.646,-0.115,-5.686,-8.351,0.005,-5.303,-0.35,-11.55,2.1
,-8.727,-0.055,-5.513,-8.591,-0.045,-5.475,1.54,-11.55,1.12
41644.0,-8.636,-0.096,-5.236,-8.497,0.256,-5.238,6.09,-12.95,1.61
,-8.696,-0.191,-5.066,-8.586,0.364,-5.31,6.58,-13.51,1.75
,-8.624,-0.141,-5.138,-8.538,0.366,-5.171,6.3,-15.05,1.89
,-8.459,0.024,-5.205,-8.557,0.421,-5.14,7.28,-15.47,1.68
41720.0,-8.512,0.349,-5.133,-8.478,0.124,-4.786,4.55,-14.07,0.14
,-8.737,0.139,-5.013,-8.732,0.39,-4.666,3.92,-14.77,-0.21
,-8.631,0.086,-4.989,-8.808,0.622,-4.649,4.2,-15.96,-0.42
,-8.562,0.065,-4.958,-8.65,0.479,-4.776,5.04,-16.17,-0.35
41796.0,-8.827,0.431,-4.52,-8.78,-0.474,-4.13,4.34,-14.63,-1.47
,-8.495,-0.105,-4.757,-8.949,-0.225,-4.137,3.29,-14.07,-0.49
,-8.445,-0.309,-4.575,-9.028,0.045,-4.128,4.55,-13.16,-0.14
,-8.607,-0.577,-4.29,-8.763,-0.01,-4.192,7.21,-12.46,0.35
41871.0,-8.696,-0.074,-4.176,-8.923,0.476,-4.066,4.41,-16.38,2.52
,-8.751,-0.17,-4.104,-8.918,0.603,-4.092,3.36,-16.31,2.8
,-8.856,-0.144,-3.915,-8.851,0.483,-4.164,4.76,-16.03,2.59
,-8.942,0.163,-4.008,-8.815,0.194,-4.001,6.51,-16.31,1.82
41947.0,-8.916,0.12,-3.888,-8.916,0.345,-3.862,1.82,-17.64,-0.7
,-9.112,0.258,-3.805,-8.866,-0.067,-3.754,5.39,-18.06,-1.68
,-9.162,0.39,-3.951,-8.973,-0.287,-3.601,6.16,-18.27,-2.59
,-8.959,0.503,-3.934,-9.131,-0.273,-3.544,3.71,-18.27,-3.15
42023.0,-9.184,0.014,-3.647,-9.048,-0.455,-3.537,0.84,-17.36,-3.36
,-8.961,0.038,-3.647,-9.131,-0.464,-3.424,-0.28,-17.08,-3.22
,-9.0,-0.179,-3.754,-9.139,-0.294,-3.551,-2.52,-16.87,-2.8
,-8.978,-0.419,-3.623,-9.153,-0.136,-3.711,-2.66,-16.66,-2.38
42099.0,-9.158,-0.06,-3.888,-9.232,-0.29,-3.206,3.36,-16.17,-1.26
,-9.131,-0.148,-3.836,-9.308,-0.041,-3.276,2.17,-15.96,-1.33
,-8.99,-0.28,-3.522,-9.294,0.122,-3.491,2.17,-15.26,-1.05
,-9.131,-0.395,-3.283,-9.244,0.146,-3.465,3.71,-14.77,-1.19
42174.0,-9.213,-0.098,-3.398,-9.378,0.079,-2.864,0.77,-14.56,-1.68
,-9.165,-0.285,-3.276,-9.466,0.34,-3.242,1.4,-13.79,-1.82
,-9.098,-0.302,-2.984,-9.356,0.323,-3.305,3.71,-13.02,-1.61
,-9.253,-0.189,-2.852,-9.265,-0.034,-3.331,6.58,-12.18,-1.26
42250.0,-9.265,-0.306,-3.575,-9.131,-0.062,-3.094,-1.89,-12.67,-2.59
,-9.234,-0.299,-3.884,-9.385,-0.177,-2.723,-0.28,-13.02,-2.59
,-9.256,-0.206,-3.821,-9.541,-0.098,-3.008,1.61,-13.44,-2.8
,-9.141,0.007,-3.733,-9.438,0.029,-3.005,4.06,-13.23,-2.59
42326.0,-9.344,0.01,-2.97,-9.476,-0.172,-2.402,-0.84,-12.95,-3.78
,-9.328,-0.208,-2.891,-9.481,-0.124,-2.417,-0.21,-12.39,-3.71
,-9.277,-0.388,-2.563,-9.576,0.091,-2.572,-0.14,-11.62,-3.85
,-9.323,-0.168,-2.484,-9.481,0.134,-2.828,2.03,-10.5,-3.71
42401.0,-9.433,0.014,-3.185,-9.502,-0.771,-2.386,-4.27,-9.45,-4.97
,-9.189,-0.182,-3.199,-9.584,-0.447,-2.204,-5.81,-9.24,-5.04
,-9.16,-0.639,-3.032,-9.706,-0.129,-2.292,-4.13,-8.47,-4.55
,-9.237,-0.826,-2.462,-9.545,-0.144,-2.307,0.21,-7.84,-4.27
42477.0,-9.426,-0.203,-2.472,-9.576,-0.321,-2.0,-0.56,-4.76,-3.57
,-9.299,-0.309,-2.359,-9.718,-0.091,-2.462,0.21,-3.43,-3.15
,-9.359,-0.517,-2.06,-9.588,0.041,-2.515,2.31,-2.66,-3.01
,-9.428,-0.426,-2.151,-9.423,0.01,-2.869,3.92,-1.68,-2.8
42553.0,-9.299,-0.28,-2.802,-9.459,-0.459,-2.685,0.77,0.63,-2.87
,-9.356,-0.483,-2.874,-9.509,-0.548,-2.534,1.96,0.7,-2.73
,-9.483,-0.457,-2.986,-9.526,-0.45,-2.742,3.57,0.63,-2.8
,-9.442,-0.486,-2.864,-9.505,-0.361,-2.654,4.48,0.77,-2.59
42629.0,-9.469,-0.392,-2.967,-9.411,-0.62,-2.462,4.41,1.05,-1.68
,-9.354,-0.584,-2.79,-9.524,-0.412,-2.314,4.06,1.33,-1.54
,-9.359,-0.711,-2.649,-9.536,-0.392,-2.216,5.11,1.96,-0.91
,-9.469,-0.718,-2.637,-9.529,-0.347,-2.228,6.93,2.24,-0.63
42704.0,-9.507,-0.321,-2.398,-9.416,-0.503,-2.735,4.06,5.04,-0.28
,-9.481,-0.424,-2.539,-9.541,-0.491,-2.793,2.8,5.53,-0.28
,-9.438,-0.426,-2.659,-9.536,-0.385,-2.972,2.1,5.88,-0.21
,-9.433,-0.471,-2.766,-9.474,-0.304,-2.996,1.96,6.44,-0.14
42780.0,-9.464,-0.28,-3.12,-9.399,-0.581,-3.527,-0.35,6.09,-0.63
,-9.502,-0.311,-3.331,-9.442,-0.416,-3.51,-1.68,5.81,-0.84
,-9.397,-0.359,-3.467,-9.416,-0.323,-3.417,-2.8,5.04,-1.19
,-9.373,-0.519,-3.532,-9.428,-0.227,-3.273,-2.8,4.69,-0.98
42856.0,-9.488,-0.287,-3.099,-9.418,-0.495,-3.025,2.38,2.31,-0.21
,-9.459,-0.354,-3.015,-9.428,-0.553,-3.001,2.03,2.24,-0.28
,-9.438,-0.39,-2.898,-9.385,-0.57,-2.943,1.19,2.03,-0.28
,-9.512,-0.44,-2.974,-9.418,-0.534,-3.068,0.49,1.89,-0.35
42932.0,-9.411,-0.531,-3.051,-9.442,-0.562,-2.905,1.82,1.82,0.14
,-9.43,-0.488,-3.032,-9.466,-0.538,-2.757,1.82,1.68,0.28
,-9.435,-0.536,-3.003,-9.505,-0.345,-2.843,1.75,1.75,0.49
,-9.395,-0.536,-2.936,-9.505,-0.333,-2.874,1.89,2.03,0.63
43007.0,-9.423,-0.373,-2.96,-9.433,-0.383,-3.242,1.12,2.38,0.56
,-9.418,-0.467,-3.017,-9.344,-0.39,-3.199,0.98,2.38,0.63
,-9.416,-0.481,-3.051,-9.373,-0.404,-3.192,1.54,2.31,0.56
,-9.469,-0.388,-3.147,-9.478,-0.373,-3.18,2.17,2.03,0.63
43083.0,-9.471,-0.364,-3.185,-9.423,-0.457,-3.022,1.12,0.98,0.56
,-9.416,-0.479,-3.142,-9.387,-0.495,-2.991,0.91,0.7,0.56
,-9.416,-0.541,-3.118,-9.485,-0.376,-2.922,1.33,0.63,0.77
,-9.43,-0.572,-3.111,-9.495,-0.306,-2.924,2.24,0.42,0.91
43158.0,-9.433,-0.28,-2.883,-9.43,-0.479,-2.848,1.54,0.49,0.98
,-9.435,-0.4,-2.936,-9.459,-0.464,-2.874,1.19,0.63,0.91
,-9.392,-0.467,-2.86,-9.5,-0.345,-2.876,1.26,0.7,0.91
,-9.445,-0.512,-2.874,-9.43,-0.302,-3.034,1.75,0.98,0.98
43234.0,-9.361,-0.39,-3.051,-9.509,-0.388,-2.912,1.75,1.54,1.12
,-9.399,-0.517,-3.051,-9.435,-0.342,-2.824,2.03,1.54,1.19
,-9.407,-0.641,-2.989,-9.485,-0.223,-2.838,2.73,1.68,1.4
,-9.416,-0.495,-2.991,-9.497,-0.225,-2.895,4.06,1.61,1.47
43310.0,-9.399,-0.225,-2.958,-9.442,-0.357,-3.027,1.61,2.1,0.77
,-9.438,-0.354,-2.943,-9.45,-0.388,-3.094,1.19,2.38,0.63
,-9.44,-0.378,-2.874,-9.416,-0.452,-3.029,1.61,2.45,0.56
,-9.397,-0.407,-2.986,-9.469,-0.419,-3.19,2.24,2.31,0.63
43386.0,-9.43,-0.45,-3.163,-9.464,-0.471,-3.077,2.59,2.03,0.63
,-9.392,-0.38,-3.12,-9.411,-0.464,-3.039,2.52,1.89,0.63
,-9.471,-0.455,-3.065,-9.414,-0.376,-3.058,2.73,1.68,0.7
,-9.471,-0.438,-3.075,-9.447,-0.316,-3.001,3.01,1.82,0.84
43462.0,-9.469,-0.256,-3.075,-9.39,-0.491,-2.97,3.64,1.19,0.63
,-9.433,-0.268,-3.022,-9.433,-0.436,-2.946,2.66,1.19,0.49
,-9.411,-0.388,-3.034,-9.447,-0.407,-2.922,2.31,1.26,0.42
,-9.421,-0.39,-2.998,-9.45,-0.369,-2.883,2.31,1.26,0.35
43537.0,-9.44,-0.342,-2.905,-9.49,-0.404,-3.001,1.96,2.03,0.42
,-9.428,-0.397,-2.912,-9.43,-0.369,-3.072,1.54,1.96,0.35
,-9.462,-0.491,-2.934,-9.414,-0.409,-3.149,1.26,1.89,0.21
,-9.423,-0.447,-3.005,-9.392,-0.38,-3.116,1.61,1.96,0.21
43613.0,-9.378,-0.467,-3.113,-9.447,-0.366,-2.946,1.54,1.96,0.21
,-9.428,-0.493,-3.008,-9.447,-0.38,-2.948,1.82,1.75,0.28
,-9.466,-0.438,-3.013,-9.421,-0.421,-2.965,2.38,1.54,0.21
,-9.466,-0.366,-3.013,-9.423,-0.431,-2.96,2.66,1.68,0.21
43689.0,-9.459,-0.414,-3.001,-9.447,-0.514,-3.032,1.33,1.82,0.07
,-9.409,-0.459,-3.056,-9.45,-0.376,-3.02,1.19,1.75,0.07
,-9.409,-0.481,-3.092,-9.481,-0.318,-3.049,1.12,1.68,0.21
,-9.383,-0.51,-3.056,-9.395,-0.402,-2.996,1.47,1.61,0.21
43765.0,-9.409,-0.469,-2.998,-9.45,-0.424,-2.955,0.77,1.68,0.07
,-9.438,-0.471,-3.013,-9.395,-0.397,-2.946,1.33,1.68,0.21
,-9.445,-0.426,-3.027,-9.497,-0.39,-3.056,1.54,1.75,0.07
,-9.433,-0.39,-3.053,-9.485,-0.342,-2.95,1.26,1.68,0.0
43840.0,-9.488,-0.366,-3.01,-9.435,-0.553,-2.788,-0.42,2.31,-0.07
,-9.454,-0.388,-2.919,-9.442,-0.529,-2.795,-0.98,2.17,-0.21
,-9.363,-0.45,-2.876,-9.399,-0.467,-2.759,-1.19,2.52,-0.14
,-9.421,-0.479,-2.8,-9.452,-0.369,-2.783,-1.12,2.8,0.0
43916.0,-9.402,-0.373,-2.797,-9.464,-0.491,-2.742,-1.54,4.2,0.14
,-9.416,-0.325,-2.819,-9.426,-0.562,-2.721,-2.59,4.34,0.14
,-9.306,-0.325,-2.754,-9.399,-0.593,-2.735,-3.5,4.69,0.21
,-9.375,-0.452,-2.675,-9.354,-0.617,-2.816,-3.64,5.25,0.28
43991.0,-9.273,-0.572,-2.747,-9.445,-0.605,-2.436,-0.98,7.28,1.89
,-9.301,-0.577,-2.678,-9.435,-0.577,-2.422,-0.77,8.05,2.24
,-9.328,-0.627,-2.469,-9.485,-0.388,-2.469,-0.63,8.96,2.66
,-9.423,-0.692,-2.4,-9.32,-0.285,-2.62,-0.63,9.73,2.87
44067.0,-9.206,-0.445,-2.343,-9.244,-0.098,-3.618,-4.69,12.53,4.27
,-9.385,-0.5,-2.699,-9.091,-0.514,-3.434,-4.76,12.53,4.41
,-9.55,-0.447,-3.214,-9.007,-0.665,-3.273,-8.19,11.69,3.92
,-9.301,-0.263,-3.221,-9.095,-0.787,-2.96,-11.13,10.92,3.78
44143.0,-9.284,-0.739,-2.759,-9.225,-0.507,-3.262,-2.31,14.35,5.88
,-9.385,-0.68,-2.91,-9.227,-0.321,-3.463,1.75,14.7,6.3
,-9.227,-0.574,-2.718,-9.11,-0.218,-3.707,5.11,15.68,7.42
,-9.284,-0.526,-3.027,-8.971,-0.098,-3.211,7.49,16.38,8.4
44219.0,-9.043,0.148,-3.419,-9.06,0.294,-4.599,10.01,19.95,8.82
,-9.229,0.51,-3.376,-8.921,-0.737,-4.106,8.61,18.9,7.14
,-9.519,0.833,-3.788,-8.983,-0.912,-3.884,3.99,17.22,5.32
,-9.576,0.806,-4.654,-9.131,-0.519,-3.731,-4.48,15.26,3.78
44294.0,-9.265,0.022,-3.754,-9.141,-0.045,-3.826,5.11,13.44,2.38
,-9.215,0.357,-3.57,-9.167,-0.199,-4.08,5.46,13.51,2.45
,-9.167,0.215,-3.379,-9.088,-0.237,-4.056,4.06,13.93,2.87
,-9.237,0.034,-3.829,-8.983,-0.165,-3.898,2.1,13.16,2.66
44370.0,-8.813,0.0,-3.91,-9.172,0.361,-3.132,7.91,15.12,1.89
,-8.806,-0.06,-3.486,-9.213,0.593,-3.338,8.47,16.87,1.54
,-9.028,-0.069,-3.35,-8.93,0.692,-3.403,8.47,18.2,1.4
,-9.115,0.103,-3.242,-8.971,0.292,-3.683,7.49,18.34,1.12
44446.0,-8.983,-0.297,-3.81,-8.732,-1.101,-3.57,-6.58,18.34,-0.42
,-9.016,-0.998,-3.838,-8.909,-0.823,-3.618,-5.32,19.53,0.49
,-8.902,-1.275,-3.795,-8.978,-0.5,-4.037,-1.26,20.09,1.61
,-8.794,-1.232,-3.702,-8.978,-0.256,-3.96,4.9,21.07,2.73
44522.0,-8.871,0.249,-4.135,-8.768,0.45,-5.03,11.06,20.3,4.9
,-8.72,0.696,-4.247,-8.378,0.019,-5.051,8.89,18.83,4.62
,-8.945,0.847,-4.637,-8.402,-0.637,-4.731,4.62,16.24,3.85
,-8.887,0.866,-5.013,-8.67,-0.974,-4.642,-0.56,14.7,3.08
44598.0,-8.995,-0.967,-4.468,-8.658,-0.11,-5.078,8.89,21.56,2.1
,-9.081,-0.701,-4.57,-8.689,0.239,-5.238,13.37,20.79,2.38
,-8.684,-0.548,-4.683,-8.667,0.529,-5.255,13.51,20.51,3.29
,-8.665,-0.388,-4.807,-8.65,0.617,-5.004,12.46,20.86,4.48
44673.0,-8.502,0.404,-4.834,-8.794,-0.17,-4.771,-0.63,17.43,2.73
,-8.698,0.28,-4.716,-8.677,-0.127,-5.02,-4.55,16.73,3.15
,-8.801,0.029,-4.611,-8.756,-0.069,-5.255,-6.02,16.73,3.57
,-8.899,-0.227,-4.609,-8.693,0.136,-5.492,-5.81,16.8,3.78
44749.0,-8.626,0.388,-5.403,-8.557,0.56,-5.238,7.42,12.95,1.33
,-8.591,0.622,-5.236,-8.665,0.168,-5.209,6.72,12.18,0.42
,-8.37,0.873,-5.408,-8.875,-0.251,-5.169,5.53,12.88,-0.56
,-8.545,0.859,-5.307,-8.916,-0.196,-5.489,3.43,12.74,-1.33
44824.0,-8.638,0.132,-5.753,-8.413,-0.191,-5.48,6.79,9.73,-4.62
,-8.555,0.392,-5.822,-8.445,-0.869,-5.439,9.45,7.91,-5.74
,-8.478,0.486,-5.717,-8.385,-1.517,-5.425,9.38,7.42,-6.93
,-8.433,0.323,-5.554,-8.564,-2.036,-5.173,7.63,6.93,-7.7
44900.0,-8.648,-2.0,-5.334,-8.026,-0.682,-5.504,8.19,5.04,-1.4
,-8.722,-1.594,-5.554,-8.464,-0.608,-5.185,11.55,4.2,0.14
,-8.684,-1.287,-5.633,-8.337,-0.687,-5.075,13.16,3.71,0.7
,-8.256,-0.936,-5.616,-8.538,-0.761,-5.207,13.86,2.8,0.98
44976.0,-8.555,0.065,-5.377,-8.729,1.244,-5.281,15.75,2.31,2.66
,-8.648,0.428,-5.226,-8.988,2.173,-5.843,17.99,1.75,1.4
,-8.863,0.706,-5.03,-8.291,0.258,-5.173,18.9,1.4,-0.42
,-8.67,1.094,-5.15,-8.48,0.022,-5.3,18.13,0.28,-1.96
45052.0,-8.428,-0.718,-4.92,-8.844,-1.067,-5.348,3.92,-0.91,-4.06
,-8.416,-0.979,-5.217,-8.526,-1.165,-5.303,3.71,-1.47,-1.75
,-8.466,-1.065,-5.554,-8.485,-1.041,-5.324,5.11,-1.89,0.0
,-8.849,-1.134,-5.336,-8.339,-1.122,-5.269,5.74,-2.59,1.12
45127.0,-8.37,-1.07,-5.087,-8.478,0.483,-5.631,6.09,-3.01,4.34
,-8.296,-0.9,-5.264,-8.595,0.163,-5.336,7.07,-2.66,5.39
,-8.445,-0.529,-5.343,-8.961,-0.012,-5.173,7.84,-2.52,5.67
,-8.533,0.206,-5.516,-8.873,-0.22,-5.025,8.05,-2.87,6.09
45203.0,-8.492,-0.163,-5.19,-8.591,0.115,-5.279,7.91,-3.71,5.53
,-8.519,-0.141,-4.874,-8.65,-0.038,-5.217,8.54,-3.01,5.18
,-8.674,0.828,-5.298,-8.715,-0.148,-5.106,7.35,-1.05,6.09
,-8.43,-0.242,-5.042,-8.411,-0.436,-5.233,5.74,-1.61,5.25
45278.0,-8.531,-0.538,-5.226,-8.605,0.038,-5.09,0.14,-1.4,3.15
,-8.562,-0.761,-5.169,-8.588,0.464,-4.97,0.14,-1.26,3.92
,-8.49,-0.919,-5.073,-8.603,0.431,-5.049,1.19,-0.63,4.76
,-8.571,-0.737,-4.968,-8.607,0.141,-4.968,2.87,0.28,5.46
45354.0,-8.624,-0.057,-4.92,-8.804,-0.292,-4.882,-1.96,2.24,3.5
,-8.591,0.069,-4.922,-8.595,-0.318,-4.965,-0.98,3.22,2.87
,-8.823,0.223,-5.073,-8.461,-0.388,-5.02,-1.19,3.57,2.1
,-8.861,-0.007,-5.08,-8.339,-0.598,-4.944,-2.59,3.15,1.96
45430.0,-8.787,0.565,-5.111,-8.562,0.148,-5.068,2.73,2.94,1.82
,-8.926,0.785,-5.391,-8.375,-0.39,-4.898,-0.77,1.96,0.91
,-9.028,0.275,-5.087,-8.469,-0.433,-5.056,-4.83,0.84,0.35
,-8.885,0.541,-5.178,-8.679,-0.519,-5.135,-7.42,-0.42,0.42
45506.0,-8.751,-0.275,-5.377,-8.394,-0.737,-4.922,-4.83,-0.63,-0.77
,-8.94,-0.325,-5.324,-8.43,-0.905,-4.925,-3.36,-0.77,-1.19
,-8.808,-0.261,-5.099,-8.483,-0.893,-5.085,-3.29,-1.47,-1.47
,-8.569,-0.431,-5.035,-8.691,-0.761,-5.066,-4.41,-1.68,-0.84
45582.0,-8.818,-0.687,-5.03,-8.758,-0.077,-4.927,-4.9,-3.78,4.41
,-8.727,-0.235,-5.257,-8.83,0.096,-5.15,-4.27,-4.9,4.48
,-8.526,-0.026,-5.348,-8.689,0.158,-5.248,-5.95,-5.32,4.97
,-8.536,0.002,-5.238,-8.643,0.256,-5.284,-7.77,-5.18,5.53
45657.0,-8.593,0.347,-5.298,-8.758,0.168,-5.152,-5.53,-6.3,1.47
,-8.705,0.196,-5.185,-8.701,0.038,-5.157,-3.22,-5.95,0.42
,-8.847,0.316,-5.252,-8.729,0.045,-5.238,-1.26,-6.51,-0.42
,-8.878,0.304,-5.19,-8.82,-0.014,-5.188,-0.63,-7.63,-1.05
45733.0,-8.758,0.22,-5.296,-8.77,-0.378,-5.329,1.12,-9.94,-2.87
,-8.725,0.105,-5.169,-8.93,-0.476,-5.315,0.49,-10.08,-2.87
,-8.842,0.017,-5.085,-8.624,-0.598,-5.477,0.14,-11.34,-2.73
,-8.806,-0.103,-5.229,-8.492,-0.694,-5.477,-0.42,-12.74,-2.59
45809.0,-8.536,-0.916,-5.439,-8.655,-0.292,-5.231,4.97,-15.19,0.84
,-8.882,-1.065,-4.882,-8.693,-0.294,-5.135,7.14,-14.91,1.33
,-8.866,-0.739,-5.011,-8.686,-0.012,-5.379,8.82,-17.08,1.82
,-8.686,-0.395,-5.106,-8.559,-0.488,-4.582,10.15,-17.85,2.59
45885.0,-8.708,-0.242,-4.386,-8.808,0.735,-4.334,15.47,-14.14,5.67
,-9.016,-0.089,-4.156,-8.701,0.553,-4.109,17.99,-15.33,6.16
,-9.026,0.445,-4.29,-8.82,0.323,-3.989,18.69,-17.5,5.81
,-9.105,0.656,-4.338,-9.024,0.414,-3.977,16.66,-19.11,5.88
45960.0,-9.06,0.586,-3.979,-9.091,0.493,-3.867,14.07,-16.73,4.76
,-8.971,0.747,-3.833,-9.074,0.254,-3.989,14.56,-17.29,3.99
,-8.892,0.912,-3.821,-8.949,0.01,-3.948,12.11,-18.69,3.22
,-8.902,0.775,-3.79,-8.892,-0.158,-3.632,8.61,-19.53,2.52
46036.0,-9.091,-0.263,-3.424,-9.124,0.567,-3.989,7.42,-20.23,1.47
,-9.177,0.01,-3.46,-9.11,0.22,-4.015,8.82,-21.07,0.56
,-9.22,0.342,-3.415,-8.995,-0.151,-3.821,8.96,-21.63,0.28
,-9.17,0.601,-3.64,-8.973,-0.345,-3.597,7.07,-22.82,-0.21
46111.0,-9.048,-0.397,-2.848,-9.361,-0.227,-3.659,5.32,-21.14,-1.26
,-9.34,-0.225,-2.615,-9.196,-0.424,-3.922,10.15,-21.28,-1.75
,-9.5,0.065,-2.962,-9.012,-0.266,-3.486,8.89,-22.4,-2.24
,-9.349,0.048,-3.211,-9.028,0.096,-3.046,4.41,-22.96,-1.61
46187.0,-9.177,0.45,-2.453,-9.213,-0.342,-2.991,12.18,-21.21,-1.61
,-9.397,0.677,-2.288,-9.165,-0.972,-2.721,10.29,-20.72,-2.52
,-9.533,0.529,-2.814,-9.196,-1.012,-2.666,3.01,-21.07,-3.22
,-9.45,0.132,-3.211,-9.301,-0.768,-2.764,-4.41,-21.56,-3.29
46263.0,-9.519,-0.73,-2.503,-9.524,0.44,-2.254,16.59,-18.34,-0.14
,-9.399,-0.237,-2.312,-9.545,0.73,-2.34,16.24,-18.27,0.56
,-9.421,0.065,-2.51,-9.474,0.773,-2.324,15.54,-17.85,0.84
,-9.495,0.22,-2.436,-9.311,0.469,-1.79,13.51,-17.22,-0.07
46339.0,-9.533,0.084,-1.943,-9.548,0.141,-2.659,2.1,-12.95,-3.43
,-9.622,-0.103,-1.967,-9.433,0.007,-2.807,2.94,-12.46,-3.64
,-9.646,-0.196,-2.283,-9.294,-0.115,-2.436,4.76,-11.97,-3.43
,-9.581,0.0,-2.496,-9.347,-0.258,-2.034,6.44,-11.97,-3.29
46414.0,-9.55,-0.227,-1.441,-9.555,-0.196,-2.015,8.12,-8.82,-4.06
,-9.887,-0.041,-1.917,-9.421,-0.261,-2.005,8.26,-8.61,-4.62
,-9.773,0.158,-1.933,-9.605,-0.191,-2.048,3.43,-8.47,-5.39
,-9.569,0.062,-1.804,-9.682,0.218,-2.582,0.28,-7.42,-4.97
46490.0,-9.541,0.06,-2.539,-9.538,-0.735,-1.845,-0.84,-5.74,-6.09
,-9.536,-0.237,-2.429,-9.73,-0.675,-1.639,-2.1,-5.39,-5.6
,-9.497,-0.637,-2.058,-9.725,-0.407,-1.962,-0.77,-4.9,-5.11
,-9.56,-0.771,-2.065,-9.663,-0.419,-2.089,2.45,-4.2,-4.76
46566.0,-9.555,-0.443,-2.036,-9.586,-0.524,-1.79,4.34,-1.33,-3.01
,-9.591,-0.5,-2.197,-9.598,-0.503,-1.565,4.13,-0.91,-2.94
,-9.529,-0.577,-2.118,-9.787,-0.294,-1.577,4.48,-0.56,-2.73
,-9.469,-0.613,-1.886,-9.904,0.005,-2.012,5.46,0.07,-2.31
46642.0,-9.749,0.065,-2.584,-9.557,-0.668,-2.706,1.12,2.24,-2.73
,-9.421,-0.201,-2.862,-9.608,-0.522,-2.505,-3.36,2.24,-3.01
,-9.316,-0.505,-2.883,-9.631,-0.534,-2.216,-4.83,2.1,-2.87
,-9.44,-0.706,-2.881,-9.722,-0.479,-2.077,-2.94,2.03,-2.66
46718.0,-9.72,-0.471,-2.156,-9.418,-0.948,-2.335,-0.7,1.68,-1.26
,-9.651,-0.45,-2.292,-9.509,-0.876,-2.017,-1.26,1.82,-1.19
,-9.603,-0.447,-2.484,-9.636,-0.531,-1.804,-2.31,1.82,-1.19
,-9.457,-0.708,-2.46,-9.809,-0.203,-1.838,-2.73,2.1,-0.91
46793.0,-9.782,-0.091,-1.871,-9.579,-0.61,-2.73,2.59,4.55,0.42
,-9.732,-0.074,-2.099,-9.624,-0.455,-2.893,-0.42,4.69,0.14
,-9.574,-0.304,-2.35,-9.55,-0.373,-2.9,-2.8,4.97,0.0
,-9.485,-0.603,-2.498,-9.598,-0.371,-2.991,-3.08,5.11,0.07
46869.0,-9.567,-0.347,-2.903,-9.672,-0.428,-2.357,-0.84,3.01,-0.14
,-9.509,-0.428,-2.831,-9.665,-0.318,-2.309,-0.84,2.87,0.0
,-9.531,-0.603,-2.532,-9.569,-0.321,-2.264,-0.42,2.73,0.14
,-9.574,-0.617,-2.4,-9.543,-0.388,-2.264,1.4,2.73,0.49
46944.0,-9.593,-0.38,-2.204,-9.569,-0.361,-2.431,1.96,3.57,0.28
,-9.655,-0.373,-2.309,-9.574,-0.464,-2.412,1.33,3.57,0.14
,-9.667,-0.306,-2.355,-9.564,-0.412,-2.431,0.63,3.85,-0.14
,-9.598,-0.347,-2.381,-9.655,-0.388,-2.498,-0.28,3.99,-0.07
47020.0,-9.6,-0.328,-2.532,-9.6,-0.38,-2.687,1.82,4.62,-0.07
,-9.622,-0.256,-2.513,-9.6,-0.491,-2.709,1.47,4.62,-0.14
,-9.564,-0.297,-2.587,-9.521,-0.457,-2.651,0.49,4.55,-0.35
,-9.531,-0.38,-2.659,-9.569,-0.443,-2.69,0.0,4.2,-0.49
47096.0,-9.579,-0.481,-2.685,-9.533,-0.522,-2.587,0.35,3.64,-0.63
,-9.557,-0.433,-2.723,-9.586,-0.45,-2.651,0.56,3.57,-0.49
,-9.524,-0.447,-2.704,-9.596,-0.443,-2.647,0.63,3.43,-0.42
,-9.529,-0.505,-2.651,-9.555,-0.388,-2.709,0.7,3.22,-0.35
47172.0,-9.562,-0.486,-2.785,-9.557,-0.464,-2.759,-0.35,2.17,-0.28
,-9.495,-0.572,-2.816,-9.49,-0.412,-2.637,-0.14,2.1,-0.07
,-9.471,-0.627,-2.838,-9.536,-0.431,-2.484,0.7,1.89,0.14
,-9.541,-0.634,-2.802,-9.593,-0.431,-2.479,2.24,1.68,0.42
47247.0,-9.639,-0.383,-2.558,-9.524,-0.581,-2.73,2.17,1.4,0.42
,-9.584,-0.378,-2.594,-9.538,-0.613,-2.63,1.68,1.33,0.42
,-9.543,-0.436,-2.68,-9.545,-0.572,-2.601,1.12,1.4,0.56
,-9.521,-0.562,-2.678,-9.574,-0.483,-2.534,1.26,1.4,0.63
47323.0,-9.619,-0.352,-2.529,-9.56,-0.407,-2.752,4.69,1.4,1.26
,-9.598,-0.311,-2.592,-9.512,-0.488,-2.716,3.99,1.26,1.12
,-9.56,-0.306,-2.709,-9.567,-0.558,-2.735,3.15,1.12,0.98
,-9.512,-0.376,-2.706,-9.562,-0.555,-2.642,2.87,1.05,0.84
47399.0,-9.552,-0.491,-2.56,-9.557,-0.337,-2.599,5.74,0.7,1.47
,-9.617,-0.342,-2.599,-9.552,-0.397,-2.551,5.67,0.63,1.33
,-9.569,-0.263,-2.599,-9.543,-0.507,-2.592,4.69,0.42,1.26
,-9.593,-0.304,-2.637,-9.562,-0.486,-2.515,3.57,0.56,1.05
47475.0,-9.562,-0.414,-2.496,-9.579,-0.428,-2.486,3.92,0.56,0.98
,-9.564,-0.409,-2.431,-9.509,-0.433,-2.438,3.85,0.77,0.98
,-9.579,-0.361,-2.422,-9.555,-0.524,-2.517,3.01,0.91,0.84
,-9.591,-0.397,-2.508,-9.538,-0.503,-2.479,2.24,0.84,0.7
47551.0,-9.608,-0.438,-2.364,-9.586,-0.404,-2.572,4.06,1.96,0.98
,-9.588,-0.352,-2.314,-9.593,-0.45,-2.62,4.13,2.03,1.05
,-9.562,-0.335,-2.288,-9.488,-0.438,-2.678,3.64,2.24,0.91
,-9.598,-0.385,-2.45,-9.548,-0.493,-2.754,2.66,2.52,0.77
47626.0,-9.555,-0.517,-2.73,-9.567,-0.33,-2.924,1.89,2.31,0.77
,-9.584,-0.471,-2.804,-9.519,-0.388,-2.867,2.52,2.03,0.84
,-9.557,-0.436,-2.816,-9.536,-0.491,-2.8,2.73,1.47,0.77
,-9.538,-0.352,-2.883,-9.529,-0.493,-2.67,2.59,1.26,0.56
47702.0,-9.596,-0.443,-2.594,-9.545,-0.402,-2.529,3.08,0.14,0.63
,-9.584,-0.402,-2.522,-9.557,-0.495,-2.505,3.29,0.14,0.63
,-9.581,-0.33,-2.556,-9.56,-0.555,-2.508,3.01,0.07,0.63
,-9.584,-0.354,-2.525,-9.529,-0.498,-2.513,2.31,0.14,0.56
47777.0,-9.552,-0.474,-2.498,-9.552,-0.486,-2.546,2.31,0.7,0.56
,-9.562,-0.433,-2.391,-9.524,-0.481,-2.553,1.82,0.7,0.63
,-9.636,-0.4,-2.46,-9.557,-0.534,-2.606,1.61,0.7,0.42
,-9.564,-0.407,-2.45,-9.529,-0.55,-2.647,1.33,0.77,0.42
47853.0,-9.538,-0.589,-2.536,-9.581,-0.321,-2.474,2.66,1.33,1.05
,-9.521,-0.541,-2.426,-9.548,-0.4,-2.422,3.5,1.26,1.19
,-9.641,-0.45,-2.551,-9.538,-0.462,-2.446,3.71,1.33,1.05
,-9.615,-0.349,-2.563,-9.581,-0.462,-2.376,3.29,1.33,0.98
47929.0,-9.557,-0.438,-2.371,-9.572,-0.39,-2.252,2.31,2.45,0.98
,-9.584,-0.397,-2.391,-9.55,-0.517,-2.106,2.31,2.52,0.98
,-9.586,-0.412,-2.316,-9.572,-0.491,-2.201,2.03,2.73,1.05
,-9.541,-0.412,-2.266,-9.552,-0.538,-2.216,1.82,3.01,1.05
48005.0,-9.533,-0.641,-2.13,-9.605,-0.333,-2.383,0.7,5.67,1.75
,-9.521,-0.567,-2.096,-9.541,-0.359,-2.637,1.82,6.44,2.24
,-9.579,-0.469,-2.079,-9.502,-0.447,-2.785,2.45,7.07,2.31
,-9.564,-0.383,-2.271,-9.469,-0.596,-2.781,1.96,7.56,2.38
48080.0,-9.478,-0.546,-2.824,-9.543,-0.433,-2.592,-0.49,7.98,2.66
,-9.531,-0.481,-2.828,-9.569,-0.464,-2.398,0.77,7.91,2.87
,-9.533,-0.426,-2.723,-9.579,-0.457,-2.304,1.4,7.84,3.08
,-9.569,-0.431,-2.625,-9.49,-0.45,-1.979,1.75,8.26,3.36
48156.0,-9.505,-0.354,-1.881,-9.301,-0.589,-2.012,-0.07,10.64,3.92
,-9.574,-0.294,-2.012,-9.38,-0.656,-2.213,-1.47,11.41,3.85
,-9.581,-0.352,-2.206,-9.342,-0.586,-1.95,-3.36,11.97,3.85
,-9.442,-0.447,-2.228,-9.586,-0.493,-2.271,-5.25,13.09,4.27
48232.0,-9.653,-0.357,-3.376,-9.32,-0.486,-3.166,-3.36,15.19,5.74
,-9.414,-0.333,-3.85,-9.493,-0.067,-3.508,-7.98,14.35,5.6
,-9.141,-0.498,-3.793,-9.454,0.213,-3.388,-9.73,14.42,6.37
,-9.095,-0.715,-3.266,-9.263,0.043,-3.034,-6.79,14.42,6.79
48308.0,-9.206,-0.416,-2.733,-9.789,0.787,-3.419,-3.57,14.21,6.44
,-9.22,-0.665,-1.682,-9.323,0.687,-4.128,-0.42,15.82,7.14
,-9.684,-0.239,-2.063,-8.971,0.261,-4.365,4.06,15.47,6.72
,-9.775,0.438,-2.324,-8.949,-0.397,-4.125,2.8,14.0,5.18
48383.0,-9.119,-0.436,-3.293,-9.311,1.127,-2.716,-12.74,12.88,3.01
,-9.16,0.038,-2.848,-9.418,0.529,-2.414,-5.88,13.02,1.61
,-9.416,0.828,-2.716,-9.67,0.383,-2.582,-1.82,13.09,0.21
,-9.478,1.316,-3.075,-9.639,0.206,-2.661,-3.78,12.88,-1.33
48459.0,-9.402,-0.034,-3.18,-8.713,-1.594,-2.848,-11.55,13.58,-3.29
,-9.052,-0.613,-3.613,-9.124,-1.187,-2.558,-13.65,14.42,-2.66
,-8.746,-1.388,-3.508,-9.289,-0.737,-2.745,-11.41,16.31,-0.98
,-8.689,-1.773,-3.355,-9.268,-0.469,-3.005,-3.64,18.41,0.7
48534.0,-9.17,-0.438,-3.202,-9.308,-0.069,-3.855,9.03,22.61,5.67
,-8.928,-0.701,-3.206,-9.129,-0.057,-4.02,4.06,24.08,7.28
,-8.964,-0.823,-2.766,-8.897,-0.237,-4.145,4.41,25.34,8.47
,-9.34,-0.416,-3.393,-8.935,-0.383,-3.936,6.51,22.75,8.47
48610.0,-9.232,-0.467,-3.979,-8.89,0.924,-3.685,2.1,19.11,7.98
,-9.06,-0.337,-4.089,-9.39,1.766,-4.034,3.57,17.71,8.33
,-8.756,0.012,-4.058,-9.368,2.498,-4.771,4.48,18.06,8.68
,-8.543,0.388,-3.953,-9.141,2.632,-4.951,5.46,20.3,8.47
48686.0,-8.526,1.9,-4.889,-9.191,-0.938,-3.829,-11.76,18.41,-0.63
,-8.418,0.727,-4.07,-9.139,-0.739,-4.145,-16.73,21.77,-1.33
,-8.878,-0.227,-3.613,-8.928,-0.254,-4.341,-14.42,23.73,-1.82
,-9.196,-0.747,-3.597,-8.524,0.254,-4.585,-8.19,23.31,-1.82
48762.0,-8.617,0.73,-4.757,-8.844,0.708,-4.475,8.75,20.23,0.21
,-8.906,0.957,-4.618,-8.768,-0.28,-4.477,6.02,19.04,-1.61
,-8.878,1.328,-4.556,-8.839,-1.082,-4.518,1.12,17.78,-3.43
,-8.727,1.261,-4.542,-8.892,-1.383,-4.714,-5.88,18.13,-4.41
48838.0,-8.686,-0.881,-5.023,-8.77,0.005,-5.374,-3.71,18.34,1.61
,-8.619,-0.404,-5.099,-8.765,-0.086,-5.262,3.29,16.8,1.68
,-8.538,-0.168,-5.296,-8.674,-0.122,-5.221,6.93,16.17,1.47
,-8.839,-0.11,-5.279,-8.595,-0.232,-5.173,8.26,15.89,1.12
48913.0,-8.626,-0.424,-4.941,-8.758,-0.196,-5.162,8.89,15.54,0.7
,-8.672,-0.424,-5.006,-8.689,0.196,-5.465,10.08,14.91,1.05
,-8.679,-0.321,-5.078,-8.643,0.323,-5.513,11.06,14.91,1.82
,-8.741,-0.443,-5.097,-8.576,0.16,-5.319,11.9,15.26,2.66
48989.0,-8.473,-0.246,-5.3,-7.978,-0.471,-5.281,13.3,13.02,1.33
,-8.957,-0.596,-5.071,-8.397,-0.273,-5.128,13.37,12.11,1.75
,-8.641,-0.888,-5.097,-8.449,0.06,-5.193,14.49,11.27,2.1
,-8.157,-0.723,-5.214,-8.5,0.558,-5.394,16.1,11.2,2.73
49065.0,-8.746,0.847,-5.42,-8.366,-1.232,-4.98,15.4,9.66,0.42
,-8.55,0.814,-5.324,-8.686,-1.019,-5.068,11.34,8.54,-0.07
,-8.457,0.158,-5.116,-8.586,-0.608,-5.238,5.39,8.68,0.14
,-8.567,-0.826,-5.004,-8.488,-0.191,-5.185,3.92,8.61,1.19
49141.0,-8.813,-0.043,-5.2,-7.976,0.012,-5.303,17.36,6.44,0.63
,-8.746,0.007,-5.047,-8.387,-0.134,-5.185,13.44,5.74,1.54
,-8.514,0.16,-5.109,-8.672,-0.16,-5.013,9.52,5.67,2.66
,-8.167,0.101,-5.219,-8.732,0.132,-5.02,4.9,6.23,4.13
49216.0,-8.667,0.651,-5.183,-8.815,0.134,-5.772,1.54,7.98,7.0
,-8.449,0.522,-5.324,-8.557,0.168,-5.791,1.68,7.49,5.74
,-8.473,0.431,-5.439,-8.485,0.553,-5.626,1.05,7.21,4.97
,-9.191,0.503,-5.408,-8.308,0.579,-5.688,-0.42,9.1,7.77
49292.0,-8.184,-0.103,-5.465,-8.524,-0.017,-5.745,5.46,7.21,1.82
,-8.203,-0.409,-5.365,-8.342,-0.072,-6.001,6.16,8.05,1.05
,-8.524,-0.158,-5.516,-8.275,-0.246,-6.056,7.7,8.4,0.28
,-8.593,0.0,-5.559,-8.413,-0.337,-5.977,7.7,8.19,-0.56
49367.0,-8.519,-0.177,-5.896,-8.485,0.053,-6.04,6.02,7.91,0.21
,-8.545,0.278,-6.169,-8.334,-0.237,-6.092,4.83,7.21,0.0
,-8.569,0.433,-6.198,-8.43,-0.491,-5.855,2.52,6.16,-0.07
,-8.622,0.302,-6.095,-8.445,-0.517,-5.772,0.14,4.9,-0.14
49443.0,-8.239,-0.177,-5.961,-8.418,-0.505,-5.245,0.63,1.19,1.12
,-8.504,-0.177,-5.851,-8.516,-0.701,-5.095,2.03,0.7,0.63
,-8.71,0.077,-5.741,-8.461,0.048,-5.331,1.33,-0.07,0.42
,-8.612,-0.237,-5.506,-8.402,0.474,-5.712,0.35,-0.91,0.91
49519.0,-8.502,0.309,-5.41,-8.464,-0.297,-5.396,-1.68,-2.31,2.59
,-8.674,0.089,-5.322,-8.445,-0.124,-5.458,-3.85,-3.01,3.43
,-8.54,-0.29,-5.379,-8.392,-0.16,-5.315,-5.88,-3.43,4.48
,-8.382,-0.648,-5.269,-8.457,-0.304,-5.255,-5.04,-3.01,5.04
49595.0,-8.318,-0.763,-5.19,-8.303,-0.203,-5.619,-2.8,-3.01,3.64
,-8.574,-0.828,-5.071,-8.397,-0.11,-5.583,-3.71,-3.78,5.04
,-8.363,-0.68,-5.403,-8.49,-0.158,-5.37,-2.59,-4.97,5.95
,-8.373,-0.543,-5.439,-8.421,0.16,-5.542,-1.12,-5.04,6.44
49671.0,-8.351,0.184,-5.329,-8.526,0.486,-5.544,-0.21,-2.8,5.67
,-8.555,0.514,-5.422,-8.418,0.342,-5.659,0.35,-2.94,5.11
,-8.536,0.455,-5.353,-8.387,-0.038,-5.662,0.49,-3.36,4.27
,-8.49,0.45,-5.42,-8.5,-0.371,-5.595,0.84,-3.5,3.71
49746.0,-8.514,-0.455,-5.571,-8.306,0.66,-5.446,8.12,-2.87,1.89
,-8.612,-0.345,-5.458,-8.557,0.524,-5.353,10.78,-3.5,2.52
,-8.54,0.163,-5.542,-8.696,0.132,-5.341,12.32,-5.11,2.45
,-8.143,0.517,-5.525,-8.67,0.0,-5.461,12.18,-6.58,1.89
49822.0,-8.445,0.074,-5.403,-8.531,0.404,-5.489,4.13,-8.68,1.89
,-8.557,0.072,-5.341,-8.342,0.297,-5.396,7.42,-8.68,1.47
,-8.665,0.215,-5.384,-8.509,0.115,-5.31,9.94,-10.08,0.56
,-8.705,0.373,-5.41,-8.708,0.045,-5.152,10.5,-11.13,0.14
49898.0,-8.78,0.12,-5.212,-8.447,-0.239,-5.303,7.0,-15.75,-0.07
,-8.67,0.151,-5.281,-8.447,-0.555,-5.114,5.18,-17.29,0.35
,-8.732,0.225,-5.564,-8.492,-0.512,-4.822,2.66,-18.2,1.33
,-8.485,-0.282,-5.413,-8.574,-0.428,-4.592,0.84,-18.83,1.26
49974.0,-8.705,-0.17,-4.532,-8.746,0.285,-4.697,11.13,-20.23,4.13
,-8.784,0.026,-4.616,-8.799,0.584,-4.283,11.2,-21.56,4.48
,-8.863,0.134,-4.633,-8.945,0.73,-4.212,9.8,-22.54,4.06
,-8.806,0.16,-4.566,-8.995,0.885,-4.209,8.54,-22.61,3.57
50049.0,-8.973,0.979,-4.511,-8.94,-0.084,-3.826,3.15,-25.27,-0.35
,-8.784,0.833,-4.678,-9.024,0.239,-3.707,-0.56,-25.83,-1.19
,-8.667,0.4,-4.369,-9.122,0.562,-3.826,-1.33,-25.06,-1.47
,-8.727,-0.06,-4.267,-9.057,0.541,-4.011,0.35,-24.43,-1.89
50125.0,-8.897,0.232,-4.101,-9.05,0.17,-3.735,-2.38,-25.83,-3.85
,-8.772,-0.196,-4.008,-9.057,0.345,-3.774,-4.62,-25.2,-3.36
,-8.902,-0.361,-3.872,-9.016,0.249,-3.542,-3.08,-24.92,-3.43
,-9.021,-0.158,-3.848,-9.143,-0.086,-3.293,-0.63,-25.06,-4.2
50200.0,-9.086,-0.383,-3.139,-9.124,-0.397,-3.19,-8.26,-24.22,-4.97
,-9.153,-0.567,-3.075,-9.074,-0.424,-3.228,-7.84,-23.94,-4.76
,-9.189,-0.507,-3.175,-9.055,-0.481,-2.96,-5.95,-23.94,-4.9
,-9.119,-0.476,-3.089,-9.107,-0.493,-2.893,-3.78,-23.31,-4.48
50276.0,-9.215,-0.287,-2.96,-9.292,-0.031,-2.553,5.32,-19.67,-2.45
,-9.273,-0.112,-2.8,-9.287,0.062,-2.754,7.0,-18.55,-1.82
,-9.313,0.065,-2.816,-9.325,0.139,-2.493,7.14,-17.99,-1.4
,-9.328,0.01,-2.816,-9.359,-0.007,-2.666,6.3,-17.43,-1.19
50352.0,-9.387,-0.227,-2.718,-9.208,-0.014,-3.637,-0.07,-14.14,-2.59
,-9.385,-0.101,-2.383,-9.074,-0.237,-3.25,-0.14,-13.51,-2.59
,-9.665,0.081,-3.565,-9.191,-0.292,-2.699,0.84,-14.35,-3.36
,-9.469,0.101,-3.635,-9.497,-0.005,-2.297,-2.1,-14.91,-3.78
50428.0,-9.715,0.371,-2.12,-9.249,-0.481,-2.816,9.73,-11.34,-4.06
,-9.686,0.45,-2.158,-9.244,-0.639,-2.747,6.16,-11.41,-4.2
,-9.545,0.12,-2.548,-9.373,-0.517,-2.618,1.47,-11.27,-4.13
,-9.383,-0.208,-2.74,-9.485,-0.407,-2.752,-2.31,-11.06,-4.2
50503.0,-9.347,-0.325,-2.036,-9.392,0.23,-2.879,4.69,-8.05,-2.87
,-9.655,-0.175,-2.364,-9.244,-0.038,-2.769,6.02,-7.84,-2.94
,-9.73,-0.053,-2.446,-9.244,-0.359,-2.285,4.06,-8.05,-3.64
,-9.615,0.22,-2.685,-9.545,-0.383,-2.032,1.68,-7.98,-4.2
50579.0,-9.749,-0.089,-2.003,-9.251,-0.735,-2.149,5.81,-5.6,-4.13
,-9.775,0.065,-2.297,-9.328,-0.794,-1.886,2.94,-5.53,-4.41
,-9.622,-0.129,-2.312,-9.576,-0.457,-2.266,-0.63,-5.04,-4.27
,-9.39,-0.376,-2.34,-9.598,-0.462,-1.922,-1.89,-4.27,-3.99
50654.0,-9.722,-0.292,-2.044,-9.538,-0.493,-2.46,2.87,0.35,-2.73
,-9.615,-0.273,-2.209,-9.519,-0.541,-2.618,1.54,1.12,-2.73
,-9.466,-0.354,-2.264,-9.536,-0.529,-2.611,1.89,1.96,-2.59
,-9.497,-0.342,-2.312,-9.543,-0.364,-2.522,3.08,2.87,-2.24
50730.0,-9.545,-0.256,-2.615,-9.672,-0.251,-2.74,11.06,4.48,-1.05
,-9.5,-0.383,-2.498,-9.567,-0.189,-2.97,9.59,4.9,-1.05
,-9.476,-0.354,-2.405,-9.481,-0.23,-3.075,8.75,5.46,-0.84
,-9.581,-0.378,-2.446,-9.383,-0.34,-3.228,8.19,5.6,-0.98
50806.0,-9.395,-0.531,-3.039,-9.576,-0.378,-2.448,1.19,3.71,-1.82
,-9.409,-0.586,-2.869,-9.545,-0.438,-2.493,1.61,3.43,-1.61
,-9.545,-0.531,-2.704,-9.591,-0.447,-2.666,1.61,3.29,-1.54
,-9.596,-0.469,-2.513,-9.514,-0.517,-2.797,0.98,3.08,-1.82
50882.0,-9.493,-0.548,-2.883,-9.622,-0.313,-2.304,-3.64,3.64,-1.54
,-9.452,-0.55,-2.816,-9.696,-0.225,-2.426,-2.31,3.78,-1.19
,-9.371,-0.469,-2.661,-9.634,-0.258,-2.608,-0.7,4.13,-0.84
,-9.471,-0.39,-2.386,-9.493,-0.335,-2.804,0.28,4.69,-0.77
50958.0,-9.442,-0.517,-3.058,-9.495,-0.335,-3.149,-4.06,5.18,-1.33
,-9.407,-0.598,-3.278,-9.476,-0.385,-3.053,-2.38,4.83,-1.19
,-9.459,-0.512,-3.333,-9.481,-0.503,-3.061,-0.21,4.55,-0.91
,-9.402,-0.397,-3.254,-9.43,-0.627,-2.876,1.4,4.2,-0.77
51033.0,-9.471,-0.739,-2.845,-9.464,-0.426,-2.735,0.98,2.59,-0.56
,-9.545,-0.644,-2.809,-9.488,-0.495,-2.757,2.03,2.73,-0.35
,-9.517,-0.514,-2.838,-9.483,-0.555,-2.737,1.96,2.8,-0.28
,-9.485,-0.438,-2.804,-9.478,-0.512,-2.69,1.19,2.94,-0.28
51109.0,-9.507,-0.45,-2.733,-9.414,-0.445,-2.955,2.03,3.5,0.0
,-9.474,-0.414,-2.86,-9.459,-0.445,-2.938,1.4,3.5,0.07
,-9.45,-0.364,-2.867,-9.502,-0.404,-2.927,0.77,3.64,0.07
,-9.466,-0.433,-2.998,-9.529,-0.397,-2.991,0.42,3.71,0.07
51185.0,-9.507,-0.457,-3.049,-9.464,-0.436,-3.07,-1.12,3.08,-0.28
,-9.476,-0.517,-3.02,-9.397,-0.553,-3.056,-0.35,3.08,-0.14
,-9.445,-0.514,-3.053,-9.454,-0.536,-2.95,1.4,2.87,0.07
,-9.442,-0.436,-3.056,-9.497,-0.4,-2.936,2.66,2.73,0.28
51261.0,-9.485,-0.373,-2.917,-9.476,-0.483,-3.072,4.62,2.24,0.63
,-9.505,-0.354,-2.946,-9.471,-0.383,-3.051,3.92,2.17,0.49
,-9.459,-0.471,-2.977,-9.409,-0.371,-3.041,3.15,2.17,0.42
,-9.43,-0.536,-2.95,-9.433,-0.404,-3.034,3.43,2.03,0.49
51336.0,-9.409,-0.426,-2.905,-9.485,-0.5,-2.821,3.5,1.54,0.63
,-9.43,-0.428,-2.919,-9.45,-0.438,-2.821,3.29,1.61,0.63
,-9.466,-0.548,-2.826,-9.433,-0.335,-2.86,3.36,1.75,0.7
,-9.497,-0.536,-2.804,-9.517,-0.359,-2.919,3.71,2.03,0.84
51412.0,-9.466,-0.378,-2.95,-9.471,-0.364,-3.029,3.36,2.1,0.56
,-9.44,-0.447,-2.979,-9.45,-0.395,-2.977,3.43,1.96,0.56
,-9.459,-0.378,-2.991,-9.402,-0.634,-3.013,3.64,2.24,0.56
,-9.447,-0.385,-3.01,-9.43,-0.615,-3.063,3.5,2.17,0.49
51487.0,-9.471,-0.546,-3.084,-9.476,-0.493,-2.962,3.36,1.54,0.49
,-9.411,-0.421,-3.075,-9.445,-0.519,-2.883,3.43,1.4,0.42
,-9.457,-0.414,-3.02,-9.447,-0.493,-2.862,2.73,1.05,0.35
,-9.452,-0.495,-3.001,-9.457,-0.495,-2.881,2.38,0.98,0.35
51563.0,-9.454,-0.459,-2.938,-9.454,-0.452,-2.996,2.66,1.19,0.7
,-9.509,-0.447,-2.982,-9.464,-0.538,-3.149,2.38,1.33,0.63
,-9.493,-0.457,-3.025,-9.457,-0.61,-3.128,2.17,1.12,0.49
,-9.457,-0.529,-2.903,-9.469,-0.601,-3.192,2.17,1.12,0.7
51639.0,-9.459,-0.517,-3.197,-9.466,-0.488,-2.989,4.13,0.35,1.12
,-9.447,-0.397,-3.221,-9.502,-0.471,-2.905,4.62,0.07,1.26
,-9.395,-0.404,-2.979,-9.505,-0.469,-2.898,4.62,0.0,1.19
,-9.514,-0.39,-3.037,-9.433,-0.495,-2.807,4.69,-0.14,1.12
51715.0,-9.485,-0.388,-2.84,-9.375,-0.605,-2.618,4.2,-0.28,0.77
,-9.459,-0.38,-2.85,-9.478,-0.483,-2.651,4.13,-0.14,0.84
,-9.509,-0.424,-2.836,-9.555,-0.352,-2.62,3.85,-0.14,0.77
,-9.452,-0.577,-2.848,-9.517,-0.335,-2.57,3.43,-0.14,0.77
51791.0,-9.459,-0.392,-2.618,-9.474,-0.447,-2.898,1.26,1.4,0.63
,-9.529,-0.498,-2.625,-9.471,-0.395,-2.972,0.84,1.68,0.56
,-9.481,-0.491,-2.702,-9.45,-0.443,-2.938,1.05,1.96,0.56
,-9.49,-0.486,-2.783,-9.454,-0.44,-3.108,1.47,2.17,0.63
51866.0,-9.404,-0.483,-3.111,-9.457,-0.493,-3.175,1.68,1.82,0.56
,-9.457,-0.481,-3.163,-9.507,-0.457,-3.087,1.89,1.54,0.42
,-9.44,-0.526,-3.199,-9.466,-0.45,-2.977,2.03,1.12,0.49
,-9.442,-0.524,-3.135,-9.462,-0.486,-2.898,2.66,0.84,0.56
51942.0,-9.478,-0.469,-2.797,-9.478,-0.531,-2.804,3.01,0.21,0.7
,-9.505,-0.469,-2.771,-9.493,-0.476,-2.852,3.29,0.28,0.84
,-9.531,-0.464,-2.778,-9.474,-0.481,-2.855,3.36,0.35,0.77
,-9.466,-0.469,-2.726,-9.452,-0.469,-2.886,3.43,0.49,0.84
52018.0,-9.524,-0.522,-2.893,-9.471,-0.452,-2.903,3.08,1.05,0.7
,-9.445,-0.5,-2.857,-9.507,-0.443,-2.857,3.22,1.12,0.56
,-9.478,-0.414,-2.883,-9.447,-0.464,-2.907,3.36,1.12,0.7
,-9.454,-0.433,-2.881,-9.409,-0.493,-2.905,3.29,1.12,0.56
52094.0,-9.43,-0.474,-2.836,-9.45,-0.428,-2.702,3.01,1.19,0.49
,-9.454,-0.531,-2.749,-9.514,-0.51,-2.742,3.29,1.33,0.49
,-9.466,-0.445,-2.759,-9.5,-0.524,-2.793,3.15,1.33,0.35
,-9.476,-0.424,-2.692,-9.454,-0.546,-2.879,2.73,1.4,0.42
52169.0,-9.481,-0.445,-2.953,-9.414,-0.452,-3.082,2.31,1.96,0.49
,-9.497,-0.512,-3.049,-9.414,-0.459,-3.089,2.52,2.03,0.56
,-9.459,-0.5,-3.063,-9.445,-0.469,-3.061,2.8,1.75,0.49
,-9.485,-0.479,-3.063,-9.445,-0.483,-2.994,2.94,1.4,0.35
52245.0,-9.531,-0.455,-2.998,-9.464,-0.476,-3.005,2.45,0.49,0.35
,-9.509,-0.443,-2.95,-9.476,-0.534,-2.989,2.45,0.35,0.21
,-9.533,-0.438,-2.946,-9.462,-0.517,-2.962,2.38,0.42,0.21
,-9.476,-0.445,-2.958,-9.507,-0.457,-2.958,2.17,0.21,0.28
52320.0,-9.459,-0.44,-2.862,-9.481,-0.517,-2.682,3.15,-0.21,0.21
,-9.466,-0.471,-2.804,-9.488,-0.491,-2.737,3.01,-0.21,0.21
,-9.459,-0.483,-2.702,-9.5,-0.471,-2.764,2.59,0.07,0.28
,-9.485,-0.524,-2.668,-9.471,-0.474,-2.848,2.59,0.21,0.21
52396.0,-9.445,-0.562,-2.871,-9.466,-0.428,-2.965,2.38,0.56,0.07
,-9.469,-0.593,-2.888,-9.476,-0.531,-3.046,2.8,0.77,0.14
,-9.524,-0.553,-2.886,-9.404,-0.558,-2.986,3.5,0.56,0.14
,-9.512,-0.481,-2.965,-9.483,-0.488,-2.984,3.78,0.42,0.21
52472.0,-9.45,-0.467,-2.891,-9.483,-0.488,-2.551,3.43,-0.28,-0.07
,-9.488,-0.474,-2.795,-9.519,-0.593,-2.508,3.5,-0.35,-0.07
,-9.517,-0.519,-2.702,-9.481,-0.589,-2.426,3.29,-0.56,-0.21
,-9.471,-0.457,-2.568,-9.5,-0.605,-2.436,3.22,-0.21,-0.14
52548.0,-9.469,-0.658,-2.455,-9.476,-0.548,-2.479,1.89,1.82,0.07
,-9.445,-0.68,-2.405,-9.399,-0.684,-2.388,2.1,2.31,0.28
,-9.462,-0.62,-2.35,-9.428,-0.83,-2.513,2.38,2.73,0.49
,-9.505,-0.519,-2.458,-9.495,-0.881,-2.639,2.59,3.29,0.56
52623.0,-9.474,-0.857,-2.606,-9.493,-0.493,-2.02,2.31,5.6,2.24
,-9.344,-0.802,-2.441,-9.469,-0.57,-1.785,3.29,6.23,2.94
,-9.385,-0.598,-2.343,-9.397,-0.811,-1.558,4.2,6.79,3.29
,-9.428,-0.493,-2.094,-9.502,-0.876,-1.57,4.13,7.49,3.71
52699.0,-9.488,-0.787,-1.5,-8.947,-1.077,-2.283,-0.77,14.42,5.88
,-9.634,-0.596,-2.151,-9.04,-1.189,-2.079,-2.17,15.05,5.74
,-9.483,-0.579,-2.46,-9.16,-1.082,-1.721,-6.23,15.47,5.74
,-9.191,-0.751,-2.508,-9.359,-0.727,-1.57,-9.59,16.87,6.51
52775.0,-9.45,-0.242,-1.297,-9.016,-0.481,-3.343,1.33,24.5,8.54
,-9.646,0.242,-2.206,-8.789,-1.094,-2.836,-1.68,24.43,7.84
,-9.529,0.388,-2.996,-8.835,-0.641,-3.058,-10.71,24.08,6.86
,-9.213,0.491,-3.695,-9.062,-0.108,-2.96,-18.34,24.85,7.42
52851.0,-9.325,0.608,-3.391,-8.959,0.223,-3.372,3.01,25.41,6.44
,-9.294,1.041,-3.647,-9.268,-0.05,-4.159,-0.35,25.06,4.69
,-9.409,1.067,-4.274,-9.217,-0.211,-3.922,-6.58,25.41,4.34
,-9.005,0.658,-4.118,-9.17,-0.29,-4.03,-12.53,25.48,4.34
52927.0,-8.978,-0.428,-3.788,-9.418,0.579,-4.135,-3.15,24.15,1.96
,-8.983,-0.361,-3.518,-8.983,0.383,-4.597,2.31,25.76,2.87
,-8.89,-0.048,-2.943,-8.323,-0.215,-4.487,8.82,27.58,3.01
,-9.45,0.366,-3.522,-8.334,-0.907,-4.257,11.06,26.6,1.68
53002.0,-8.667,-1.062,-4.369,-8.765,0.11,-3.97,5.88,27.79,3.15
,-9.005,-0.725,-4.604,-8.993,-0.117,-4.231,13.09,26.74,2.17
,-9.124,-0.249,-4.678,-9.031,-0.239,-4.547,16.31,25.97,1.47
,-8.878,0.038,-4.357,-9.033,-0.268,-4.838,14.91,25.97,1.4
53078.0,-8.784,-0.196,-5.087,-8.892,0.215,-4.74,2.24,22.19,2.52
,-8.674,-0.232,-4.738,-8.574,0.139,-4.901,1.82,21.49,2.17
,-8.672,-0.072,-4.862,-8.459,-0.364,-4.616,2.66,20.37,1.54
,-8.806,0.124,-4.676,-8.593,-1.151,-4.35,3.22,19.74,0.77
53153.0,-8.734,-1.376,-4.154,-8.768,0.282,-4.889,4.06,22.54,4.2
,-8.782,-1.199,-4.145,-8.588,0.725,-5.159,10.71,23.31,5.25
,-8.82,-0.759,-4.166,-8.411,0.897,-5.324,14.98,22.61,5.81
,-8.823,-0.275,-4.48,-8.303,0.869,-5.353,15.68,21.28,6.02
53229.0,-8.715,0.814,-5.154,-8.325,-0.854,-4.728,3.92,20.44,2.03
,-8.93,0.464,-5.02,-8.495,-1.055,-4.834,0.77,18.76,1.4
,-9.016,0.019,-4.506,-8.507,-0.897,-5.157,-3.08,16.17,1.26
,-8.591,-0.438,-4.736,-8.722,-0.369,-5.37,-5.25,15.19,2.38
53305.0,-8.437,0.031,-5.683,-8.402,0.751,-5.858,8.26,15.61,5.88
,-8.461,0.586,-5.932,-8.342,0.359,-5.42,6.58,14.49,5.04
,-8.394,0.952,-6.076,-8.598,-0.122,-5.063,4.13,14.0,3.99
,-8.416,0.979,-5.944,-8.624,-0.541,-5.111,1.47,13.79,2.66
53381.0,-8.713,-0.72,-5.224,-8.22,-0.491,-6.042,1.68,12.18,-1.47
,-8.55,-0.981,-5.363,-8.227,0.029,-6.04,3.78,11.9,0.07
,-8.516,-1.07,-5.456,-8.239,0.371,-5.788,5.88,11.76,1.82
,-8.435,-0.821,-5.846,-8.409,0.318,-5.602,8.82,11.34,2.8
53456.0,-8.806,0.146,-5.556,-8.49,-1.271,-5.516,4.9,9.31,-1.54
,-8.459,-0.098,-5.714,-8.239,-0.931,-5.456,3.85,8.47,-1.12
,-8.37,-0.486,-5.664,-7.964,0.093,-5.702,4.9,7.7,-1.05
,-8.605,-1.058,-5.363,-8.26,0.529,-5.382,7.77,7.28,-1.33
53532.0,-8.385,0.787,-5.296,-8.1,-0.371,-5.805,16.24,5.04,-2.03
,-8.571,0.29,-5.365,-8.174,-0.455,-5.552,9.59,5.25,-1.96
,-8.646,-0.024,-5.252,-8.485,0.756,-5.966,6.02,5.25,-0.84
,-8.332,-0.828,-5.398,-8.358,0.536,-5.803,5.88,5.39,0.35
53608.0,-8.598,0.701,-5.753,-8.351,-0.66,-5.65,8.82,2.52,-3.08
,-8.368,0.675,-5.954,-8.181,-1.007,-5.65,4.13,2.03,-3.43
,-8.471,0.158,-5.726,-8.392,-1.228,-5.37,-0.35,1.4,-3.36
,-8.437,-0.098,-5.721,-8.325,-1.498,-5.765,-4.27,0.98,-2.73
53684.0,-8.33,-1.883,-5.87,-8.677,-1.06,-5.712,-4.13,-1.05,3.5
,-8.38,-1.646,-5.956,-8.356,-0.945,-5.662,0.35,-1.4,4.55
,-8.488,-0.991,-5.932,-8.155,-1.019,-5.683,3.78,-2.24,4.9
,-8.567,-0.983,-5.549,-8.129,-0.818,-5.676,2.87,-2.73,5.04
53759.0,-8.248,-0.838,-5.499,-8.579,0.517,-5.437,0.28,-1.33,9.03
,-8.428,-0.531,-5.561,-8.346,0.816,-5.398,1.75,-1.19,9.03
,-8.397,0.199,-5.489,-8.337,1.283,-5.351,3.43,-1.05,8.68
,-8.603,0.481,-5.559,-8.433,1.488,-5.353,2.59,-1.19,7.98
53835.0,-8.437,1.455,-5.573,-8.416,0.29,-5.858,-1.12,2.03,2.31
,-8.579,1.146,-5.664,-8.543,0.294,-5.827,-3.71,2.24,1.19
,-8.464,0.804,-5.585,-8.579,0.163,-6.013,-5.6,2.03,0.49
,-8.356,0.577,-5.776,-8.665,-0.179,-5.894,-6.58,1.61,-0.28
53911.0,-8.502,-0.412,-5.721,-8.452,-0.383,-5.48,-6.3,-0.84,-1.96
,-8.299,-0.524,-5.654,-8.667,-0.357,-5.446,-4.97,-1.4,-1.33
,-8.294,-0.404,-5.635,-8.614,-0.428,-5.389,-3.64,-1.82,-1.05
,-8.294,-0.503,-5.587,-8.528,-0.637,-5.568,-2.73,-1.75,-0.7
53986.0,-8.311,-0.598,-5.669,-8.459,-0.68,-5.293,-2.52,-3.57,1.96
,-8.27,-0.861,-5.506,-8.476,-0.342,-5.245,-3.29,-4.13,3.85
,-8.32,-1.098,-5.547,-8.49,-0.024,-5.197,-2.31,-4.76,5.46
,-8.416,-1.086,-5.441,-8.562,0.12,-5.152,2.59,-4.9,5.6
54062.0,-8.701,-0.077,-4.872,-8.516,0.146,-5.274,0.77,-4.34,6.44
,-8.495,0.057,-5.097,-8.598,0.369,-5.327,-1.82,-5.74,6.58
,-8.186,0.124,-5.135,-8.614,0.184,-5.331,-2.73,-5.81,6.79
,-8.229,0.211,-5.226,-8.737,-0.041,-5.229,-4.13,-5.39,7.07
54138.0,-8.772,-0.043,-5.207,-8.318,0.081,-5.571,-2.31,-5.6,4.27
,-8.54,0.038,-5.446,-8.413,0.005,-5.413,-0.07,-5.67,3.29
,-8.394,-0.158,-5.432,-8.509,0.084,-5.353,0.84,-4.97,3.01
,-8.409,-0.235,-5.3,-8.727,0.249,-5.252,1.61,-5.25,3.15
54214.0,-8.737,0.553,-5.286,-8.593,-0.412,-5.121,2.94,-8.4,1.82
,-8.512,0.584,-5.377,-8.681,-0.524,-5.221,0.35,-9.03,1.54
,-8.54,0.39,-5.351,-8.641,-0.34,-5.377,-1.47,-9.1,1.05
,-8.562,0.038,-5.389,-8.693,-0.16,-5.19,-2.45,-9.24,0.84
54289.0,-8.404,0.077,-5.343,-8.626,0.01,-4.944,9.52,-9.45,-0.42
,-8.327,0.034,-5.173,-8.641,0.065,-4.953,10.22,-7.7,-0.56
,-8.39,0.05,-5.085,-8.617,0.01,-4.97,10.15,-5.88,-0.14
,-8.54,0.045,-4.944,-8.705,0.067,-5.066,10.43,-4.27,0.49
54365.0,-8.643,-0.026,-5.152,-8.593,-0.002,-5.097,6.44,-8.19,2.8
,-8.66,-0.146,-5.15,-8.593,0.127,-5.08,5.39,-9.24,2.73
,-8.61,-0.139,-5.109,-8.524,0.199,-5.059,6.02,-9.8,2.52
,-8.634,0.019,-5.08,-8.531,0.321,-4.968,7.35,-10.01,2.52
54441.0,-8.66,0.232,-5.061,-8.614,0.278,-4.592,8.68,-10.5,2.52
,-8.854,0.309,-4.704,-8.746,0.098,-4.645,8.75,-10.99,1.96
,-8.911,0.223,-4.508,-8.861,-0.191,-4.649,9.31,-11.13,1.89
,-8.806,0.404,-4.317,-8.768,-0.364,-4.561,9.17,-12.32,1.26
54517.0,-8.732,-0.28,-4.46,-8.954,0.407,-4.283,7.77,-14.98,2.31
,-8.727,-0.031,-4.374,-8.957,0.354,-4.353,11.34,-15.33,1.89
,-8.705,0.232,-4.317,-8.854,0.292,-4.396,12.67,-15.61,1.82
,-8.77,0.337,-4.18,-8.758,0.275,-4.341,11.13,-16.1,1.68
54592.0,-8.842,0.206,-4.204,-8.923,-0.227,-4.118,0.28,-17.15,-1.05
,-8.847,0.239,-4.267,-8.844,-0.581,-3.963,0.42,-17.71,-1.47
,-8.995,0.28,-4.116,-8.918,-0.677,-3.826,-0.49,-17.99,-1.47
,-8.978,0.11,-4.168,-9.093,-0.349,-4.058,-3.01,-18.13,-1.19
54668.0,-9.06,-0.086,-4.343,-8.983,-0.311,-3.479,3.36,-19.04,-0.14
,-8.942,0.091,-4.468,-9.287,0.105,-3.625,1.54,-19.25,0.35
,-8.83,-0.213,-4.145,-9.155,0.495,-4.113,0.42,-18.27,1.26
,-8.827,-0.44,-3.81,-8.993,0.438,-4.171,1.89,-17.36,1.68
54743.0,-8.801,0.158,-4.104,-9.316,0.847,-3.644,-3.08,-19.53,0.84
,-8.844,-0.084,-3.687,-9.194,0.684,-3.884,-1.19,-18.83,0.35
,-9.086,0.002,-3.479,-9.088,0.263,-3.75,3.15,-18.55,-0.7
,-9.244,0.558,-3.565,-9.191,-0.175,-3.668,4.69,-18.97,-1.75
54819.0,-9.119,-0.462,-3.379,-9.308,0.115,-3.522,-4.97,-18.69,-3.08
,-9.22,-0.304,-3.293,-9.143,-0.235,-3.424,-0.98,-18.48,-3.36
,-9.299,0.002,-3.278,-9.136,-0.483,-3.491,0.63,-18.48,-3.5
,-9.289,0.146,-3.455,-9.122,-0.452,-3.271,-0.84,-19.11,-3.5
54895.0,-9.277,-0.28,-3.352,-9.418,0.151,-2.627,2.38,-17.92,-2.38
,-9.256,0.079,-3.137,-9.383,0.309,-2.472,4.27,-17.57,-2.17
,-9.318,0.196,-3.01,-9.481,0.522,-2.96,4.62,-17.22,-2.03
,-9.349,0.194,-2.759,-9.239,0.854,-3.065,4.34,-16.45,-2.31
54971.0,-9.217,0.292,-2.422,-9.753,0.256,-2.309,-1.75,-14.0,-4.69
,-9.34,-0.112,-2.091,-9.442,-0.057,-2.536,-0.91,-12.25,-4.48
,-9.404,-0.211,-1.622,-9.273,-0.505,-2.869,2.59,-10.71,-4.2
,-9.596,0.093,-1.893,-9.22,-0.873,-2.761,4.69,-9.87,-4.55
55047.0,-9.385,-0.809,-2.958,-9.469,0.05,-2.742,3.01,-6.37,-3.99
,-9.428,-0.196,-2.883,-9.478,-0.112,-2.843,7.21,-6.23,-4.06
,-9.576,0.239,-3.08,-9.459,-0.177,-2.675,6.09,-6.09,-3.99
,-9.409,0.294,-2.893,-9.505,-0.223,-2.659,2.24,-6.3,-4.2
55122.0,-9.509,-0.067,-3.113,-9.416,-0.239,-2.788,0.35,-6.23,-4.55
,-9.409,-0.031,-3.032,-9.383,-0.493,-2.491,-0.42,-6.23,-4.34
,-9.347,-0.206,-2.934,-9.55,-0.615,-2.388,-0.56,-6.23,-4.06
,-9.447,-0.206,-2.864,-9.753,-0.462,-2.915,0.77,-6.37,-4.2
55198.0,-9.478,-0.297,-2.948,-9.579,-0.593,-2.209,-0.07,-6.51,-3.43
,-9.28,-0.354,-2.883,-9.715,-0.323,-2.539,-0.42,-6.3,-2.87
,-9.294,-0.574,-2.759,-9.536,-0.354,-2.297,0.56,-5.88,-2.38
,-9.423,-0.692,-2.587,-9.459,-0.352,-2.168,3.78,-5.39,-1.68
55274.0,-9.435,-0.514,-1.974,-9.572,-0.251,-1.924,6.09,-2.73,-0.14
,-9.474,-0.579,-1.866,-9.505,-0.206,-1.998,6.51,-1.61,0.07
,-9.572,-0.419,-1.852,-9.639,-0.069,-2.266,6.79,-0.7,0.14
,-9.677,-0.385,-1.883,-9.617,0.06,-2.582,6.3,0.14,0.35
55350.0,-9.505,-0.012,-2.804,-9.572,-0.321,-2.584,0.56,2.73,-0.21
,-9.39,-0.292,-2.793,-9.622,-0.182,-2.558,-0.35,2.87,-0.14
,-9.368,-0.476,-2.764,-9.552,-0.184,-2.635,0.91,2.87,0.07
,-9.438,-0.457,-2.759,-9.536,-0.194,-2.79,2.8,3.08,0.21
55425.0,-9.464,-0.237,-2.836,-9.586,-0.136,-2.661,1.05,3.15,-0.14
,-9.407,-0.345,-2.773,-9.584,-0.024,-2.618,0.91,3.36,-0.14
,-9.481,-0.428,-2.721,-9.603,0.026,-2.8,1.54,3.29,0.14
,-9.557,-0.38,-2.656,-9.541,-0.034,-2.979,3.36,3.5,0.35
55501.0,-9.416,-0.266,-2.977,-9.543,-0.342,-2.97,0.7,2.8,-0.35
,-9.447,-0.392,-3.041,-9.485,-0.464,-2.941,1.12,2.8,-0.28
,-9.474,-0.383,-3.046,-9.39,-0.524,-2.814,2.17,2.52,-0.14
,-9.507,-0.342,-2.967,-9.509,-0.481,-2.783,2.52,2.03,-0.21
55576.0,-9.507,-0.335,-2.735,-9.521,-0.311,-2.575,2.73,1.19,0.14
,-9.476,-0.302,-2.525,-9.466,-0.313,-2.553,2.24,1.19,0.14
,-9.555,-0.203,-2.551,-9.509,-0.299,-2.647,1.68,1.61,0.14
,-9.596,-0.275,-2.57,-9.533,-0.302,-2.67,1.05,1.61,0.07
55652.0,-9.502,-0.342,-2.699,-9.488,-0.215,-2.984,0.91,2.59,0.35
,-9.476,-0.33,-2.699,-9.533,-0.335,-3.077,1.26,2.73,0.42
,-9.56,-0.28,-2.8,-9.497,-0.419,-3.039,1.61,2.52,0.35
,-9.526,-0.172,-2.927,-9.414,-0.426,-2.955,1.26,2.38,0.28
55728.0,-9.474,-0.385,-2.848,-9.588,-0.287,-2.563,4.76,1.4,0.7
,-9.526,-0.263,-2.769,-9.617,-0.304,-2.673,5.11,1.19,0.63
,-9.521,-0.28,-2.587,-9.483,-0.306,-2.699,4.27,1.33,0.63
,-9.5,-0.342,-2.498,-9.488,-0.254,-2.785,3.5,1.47,0.63
55804.0,-9.502,-0.232,-2.843,-9.517,-0.278,-2.9,2.94,1.89,0.28
,-9.476,-0.211,-2.883,-9.521,-0.285,-2.876,3.08,1.89,0.21
,-9.524,-0.225,-2.953,-9.483,-0.285,-2.845,2.66,1.68,0.07
,-9.524,-0.215,-2.953,-9.481,-0.397,-2.764,2.45,1.82,0.14
55879.0,-9.529,-0.373,-2.718,-9.524,-0.373,-2.711,2.66,1.26,0.07
,-9.548,-0.385,-2.673,-9.466,-0.371,-2.776,2.87,1.26,0.07
,-9.581,-0.287,-2.685,-9.536,-0.321,-2.852,2.52,1.26,0.07
,-9.552,-0.366,-2.675,-9.466,-0.337,-2.797,2.1,1.47,0.14
55955.0,-9.485,-0.304,-2.804,-9.512,-0.373,-2.814,2.94,1.47,0.49
,-9.524,-0.369,-2.807,-9.483,-0.373,-2.821,3.08,1.47,0.56
,-9.533,-0.416,-2.793,-9.49,-0.352,-2.737,3.01,1.47,0.49
,-9.485,-0.313,-2.781,-9.548,-0.254,-2.874,3.29,1.54,0.42
56031.0,-9.543,-0.258,-2.903,-9.524,-0.299,-2.881,3.22,1.19,0.42
,-9.485,-0.306,-2.9,-9.476,-0.371,-2.788,2.73,1.05,0.49
,-9.435,-0.373,-2.85,-9.466,-0.438,-2.752,2.94,1.05,0.49
,-9.526,-0.325,-2.898,-9.485,-0.531,-2.714,3.43,0.77,0.42
56107.0,-9.538,-0.4,-2.625,-9.526,-0.304,-2.656,4.27,0.98,0.77
,-9.541,-0.313,-2.608,-9.493,-0.337,-2.704,4.34,1.26,0.77
,-9.545,-0.285,-2.654,-9.526,-0.285,-2.678,3.71,1.19,0.63
,-9.49,-0.246,-2.68,-9.529,-0.345,-2.702,2.87,1.19,0.63
56183.0,-9.529,-0.407,-2.714,-9.459,-0.239,-2.974,2.38,1.82,0.49
,-9.529,-0.395,-2.812,-9.469,-0.316,-2.893,2.94,1.82,0.56
,-9.531,-0.33,-2.919,-9.495,-0.407,-2.848,3.22,1.47,0.42
,-9.471,-0.246,-2.972,-9.514,-0.352,-2.781,3.08,1.4,0.42
56258.0,-9.521,-0.278,-2.737,-9.5,-0.419,-2.735,3.85,1.12,0.7
,-9.545,-0.251,-2.764,-9.488,-0.443,-2.706,3.57,0.91,0.49
,-9.529,-0.323,-2.702,-9.495,-0.436,-2.69,2.87,0.77,0.49
,-9.485,-0.354,-2.726,-9.538,-0.447,-2.654,2.66,0.91,0.35
56334.0,-9.536,-0.376,-2.68,-9.552,-0.208,-2.8,2.45,1.26,0.35
,-9.497,-0.383,-2.68,-9.538,-0.28,-2.804,2.31,1.61,0.49
,-9.495,-0.299,-2.675,-9.543,-0.333,-2.855,2.38,1.68,0.49
,-9.497,-0.242,-2.704,-9.488,-0.457,-2.886,2.17,1.75,0.35
56409.0,-9.526,-0.352,-2.852,-9.488,-0.323,-2.809,2.59,1.33,0.0
,-9.509,-0.302,-2.903,-9.459,-0.412,-2.816,3.01,1.12,0.07
,-9.524,-0.29,-2.871,-9.502,-0.443,-2.771,2.59,1.05,0.07
,-9.495,-0.244,-2.809,-9.49,-0.474,-2.685,1.68,0.84,0.07
56485.0,-9.536,-0.467,-2.673,-9.5,-0.302,-2.797,2.87,0.98,0.42
,-9.591,-0.395,-2.67,-9.457,-0.313,-2.871,3.15,0.98,0.42
,-9.545,-0.275,-2.726,-9.509,-0.354,-2.857,2.8,1.12,0.35
,-9.536,-0.227,-2.785,-9.521,-0.311,-2.893,2.03,1.33,0.21
56561.0,-9.509,-0.246,-2.898,-9.462,-0.447,-2.855,3.15,0.77,0.21
,-9.485,-0.244,-2.893,-9.55,-0.419,-2.855,2.87,0.7,0.28
,-9.526,-0.297,-2.938,-9.538,-0.462,-2.764,2.24,0.28,0.07
,-9.49,-0.34,-2.915,-9.502,-0.354,-2.793,1.96,0.07,-0.14
56637.0,-9.529,-0.364,-2.661,-9.485,-0.538,-2.417,3.36,0.14,0.28
,-9.548,-0.409,-2.551,-9.531,-0.553,-2.367,2.87,0.35,0.21
,-9.509,-0.4,-2.493,-9.548,-0.402,-2.527,2.66,0.63,0.21
,-9.524,-0.412,-2.419,-9.531,-0.311,-2.625,2.45,0.98,0.28
56712.0,-9.517,-0.29,-2.675,-9.581,-0.325,-2.903,3.99,2.38,0.49
,-9.476,-0.38,-2.759,-9.548,-0.261,-2.915,3.5,2.59,0.42
,-9.526,-0.412,-2.79,-9.483,-0.352,-2.876,3.29,2.73,0.35
,-9.531,-0.304,-2.788,-9.462,-0.383,-2.943,3.5,2.8,0.28
56788.0,-9.538,-0.457,-2.862,-9.502,-0.359,-2.855,2.31,1.96,0.07
,-9.505,-0.397,-2.797,-9.517,-0.431,-2.86,2.73,1.89,0.14
,-9.552,-0.34,-2.886,-9.497,-0.416,-2.883,2.66,1.75,0.14
,-9.517,-0.335,-2.836,-9.457,-0.419,-2.802,2.1,1.61,0.0
56863.0,-9.481,-0.416,-2.766,-9.548,-0.376,-2.776,1.82,1.19,0.14
,-9.49,-0.447,-2.63,-9.519,-0.426,-2.816,2.24,1.33,0.21
,-9.574,-0.479,-2.651,-9.464,-0.424,-2.821,2.52,1.33,0.28
,-9.576,-0.376,-2.682,-9.493,-0.433,-2.931,2.31,1.33,0.21
56939.0,-9.524,-0.383,-2.924,-9.536,-0.426,-2.785,2.38,0.77,0.14
,-9.471,-0.498,-2.919,-9.49,-0.383,-2.682,2.45,0.63,0.21
,-9.462,-0.519,-2.797,-9.497,-0.328,-2.63,2.73,0.56,0.42
,-9.488,-0.519,-2.793,-9.514,-0.371,-2.534,3.71,0.49,0.42
57015.0,-9.433,-0.366,-2.369,-9.524,-0.412,-2.448,2.87,1.05,0.56
,-9.526,-0.4,-2.446,-9.462,-0.414,-2.376,2.59,1.33,0.56
,-9.56,-0.378,-2.41,-9.495,-0.433,-2.321,2.1,1.61,0.63
,-9.543,-0.292,-2.455,-9.517,-0.503,-2.268,1.4,1.82,0.56
57091.0,-9.474,-0.56,-2.283,-9.557,-0.179,-1.802,-1.82,4.2,1.05
,-9.433,-0.62,-2.084,-9.552,-0.038,-1.783,-1.61,5.04,1.47
,-9.454,-0.572,-1.986,-9.572,-0.069,-1.869,-0.35,6.02,1.68
,-9.543,-0.357,-1.907,-9.416,-0.246,-1.866,0.63,7.07,1.89
57167.0,-9.409,-0.514,-1.795,-9.332,-0.727,-2.225,-9.03,12.95,2.1
,-9.488,-0.704,-2.051,-9.313,-0.699,-1.814,-8.61,14.35,2.45
,-9.407,-0.83,-2.3,-9.476,-0.452,-1.977,-8.12,15.12,2.8
,-9.318,-0.816,-2.328,-9.43,-0.266,-2.022,-6.58,16.1,3.43
57242.0,-9.433,-0.34,-1.811,-9.241,-0.349,-3.553,-6.37,22.82,5.67
,-9.509,-0.385,-2.357,-8.916,-0.483,-3.709,-9.17,23.38,5.6
,-9.273,-0.397,-2.297,-8.868,-0.696,-3.774,-11.97,24.08,5.46
,-9.407,-0.653,-2.496,-8.978,-0.869,-3.905,-14.35,24.29,5.74
57318.0,-9.083,-0.873,-3.372,-9.273,-0.139,-2.56,3.5,24.64,9.1
,-9.296,-0.615,-3.273,-9.261,0.022,-2.603,7.7,24.57,9.52
,-9.397,-0.443,-3.252,-9.167,-0.084,-2.254,8.47,24.08,8.96
,-9.294,-0.266,-3.001,-9.359,-0.196,-2.644,7.07,23.45,8.33
57394.0,-9.273,0.0,-3.64,-8.813,-0.158,-3.441,-6.3,22.05,7.49
,-8.938,0.246,-4.078,-9.103,0.237,-3.546,-8.47,22.26,7.42
,-8.787,0.065,-4.381,-9.359,0.546,-3.503,-7.49,24.08,8.12
,-8.607,-0.091,-3.979,-9.256,0.711,-3.211,-4.2,26.6,8.75
57470.0,-9.165,0.677,-3.34,-8.665,0.519,-4.176,5.46,27.51,5.32
,-8.93,0.672,-3.417,-8.686,0.486,-4.221,2.52,26.95,4.62
,-8.859,0.512,-3.597,-8.737,0.392,-4.422,1.61,27.3,3.71
,-8.973,0.443,-4.123,-8.815,0.412,-4.013,1.05,27.72,3.08
57545.0,-9.153,0.45,-4.365,-8.519,-1.39,-5.03,0.84,28.7,0.14
,-9.062,0.325,-4.922,-8.686,-1.156,-5.071,-3.78,25.62,-0.07
,-8.851,-0.335,-4.901,-8.784,-0.684,-5.408,-8.12,24.43,0.77
,-8.722,-1.084,-4.946,-8.497,-0.065,-5.453,-9.31,24.57,1.96
57621.0,-8.507,0.211,-5.315,-8.76,0.424,-5.252,9.66,20.93,4.2
,-8.466,0.318,-5.188,-8.772,0.424,-5.202,5.53,21.21,4.06
,-8.598,0.278,-5.056,-8.722,0.251,-5.374,2.66,21.77,3.99
,-8.825,0.311,-5.291,-8.641,-0.055,-5.128,1.47,21.28,3.99
57696.0,-8.681,-0.517,-4.855,-8.808,0.237,-5.279,1.47,17.92,4.2
,-8.576,-0.756,-4.647,-8.555,0.878,-5.54,4.97,18.48,5.39
,-8.815,-0.675,-4.645,-8.37,1.067,-5.382,9.52,17.92,6.09
,-8.904,-0.201,-5.049,-8.598,1.163,-5.169,13.02,16.52,5.95
57772.0,-8.727,1.381,-5.312,-8.686,0.268,-5.298,1.96,11.55,1.54
,-8.693,1.328,-5.451,-8.873,0.098,-5.133,-1.75,10.71,0.84
,-8.509,1.0,-5.508,-8.768,0.244,-5.195,-4.62,10.43,0.07
,-8.495,0.56,-5.418,-8.732,0.258,-5.106,-5.11,10.71,-0.77
57848.0,-8.555,0.266,-5.394,-8.605,0.534,-5.396,0.35,5.46,-2.59
,-8.382,0.077,-5.528,-8.713,0.593,-5.386,-2.45,5.04,-3.22
,-8.318,0.199,-5.669,-8.634,0.414,-5.528,-2.59,5.6,-4.62
,-8.272,0.445,-5.776,-8.576,-0.031,-5.733,-1.61,6.23,-6.51
57924.0,-8.689,-0.488,-5.678,-8.145,-2.407,-5.116,-2.87,4.62,-7.91
,-8.78,-0.651,-5.609,-8.263,-3.25,-5.092,2.87,3.78,-8.19
,-8.504,-0.842,-5.544,-8.418,-3.242,-5.322,8.4,3.15,-7.91
,-8.284,-1.371,-5.319,-8.368,-2.67,-5.573,11.9,3.64,-6.02
58000.0,-8.256,-1.905,-5.676,-8.672,-0.093,-4.915,25.13,1.82,11.06
,-8.129,-1.254,-5.47,-8.775,-0.189,-4.8,23.45,1.26,12.39
,-7.978,-0.481,-5.396,-8.519,0.491,-4.884,20.16,1.26,12.95
,-8.124,-0.321,-5.272,-9.115,1.476,-4.917,15.68,1.75,13.37
58075.0,-8.512,2.113,-4.934,-8.658,0.964,-5.061,18.83,0.77,7.21
,-8.382,2.123,-4.977,-8.478,0.555,-5.008,16.38,1.05,4.69
,-8.617,2.455,-5.097,-8.567,1.165,-5.252,14.42,0.77,2.59
,-8.567,1.397,-4.999,-8.435,0.83,-5.207,7.0,1.33,2.38
58151.0,-8.732,0.761,-5.262,-8.296,-1.364,-5.403,8.54,0.7,-7.91
,-8.543,0.467,-5.473,-8.684,-1.285,-5.353,4.9,0.63,-8.26
,-8.21,-0.297,-5.339,-8.686,-1.223,-5.391,1.19,1.33,-5.95
,-8.069,-1.584,-5.202,-8.782,-1.247,-5.229,0.07,1.82,-3.78
58227.0,-8.466,-1.244,-5.257,-8.545,-0.16,-5.353,4.13,0.07,2.66
,-8.2,-1.352,-5.193,-8.524,0.313,-5.489,4.41,0.56,4.48
,-8.212,-1.039,-5.245,-8.512,0.488,-5.444,5.88,1.19,5.81
,-8.373,-0.617,-5.264,-8.708,0.538,-5.386,6.79,1.61,6.51
58303.0,-8.703,0.608,-5.166,-8.504,0.514,-5.365,6.16,-0.35,5.39
,-8.77,0.639,-5.102,-8.624,0.139,-5.296,5.88,0.07,4.41
,-8.547,0.845,-5.178,-8.449,-0.165,-5.358,6.02,-0.14,3.29
,-8.48,0.68,-5.243,-8.402,0.079,-5.379,5.11,-0.42,2.38
58378.0,-8.612,0.321,-5.568,-8.524,-0.943,-5.504,3.92,1.75,0.98
,-8.667,0.036,-5.659,-8.509,-0.861,-5.599,1.47,1.12,0.84
,-8.536,-0.349,-5.647,-8.502,-0.321,-5.765,-0.14,0.84,0.91
,-8.516,-0.627,-5.499,-8.641,0.447,-5.884,-1.05,1.05,1.54
58454.0,-8.787,0.431,-5.851,-8.538,-0.591,-5.363,2.52,-1.61,1.61
,-8.787,-0.151,-5.284,-8.756,0.072,-5.36,-0.35,-2.1,1.82
,-8.442,-0.701,-5.145,-8.818,0.57,-5.506,-1.89,-2.45,3.15
,-8.358,-0.838,-5.195,-8.629,0.251,-5.463,-0.77,-2.03,4.34
58529.0,-8.495,-0.285,-5.315,-8.71,0.249,-5.48,-3.92,-5.46,5.95
,-8.562,-0.754,-5.104,-8.425,0.605,-5.578,-4.9,-5.39,6.93
,-8.634,-0.847,-5.162,-8.392,0.771,-5.418,-2.66,-5.11,7.35
,-8.765,-0.522,-5.061,-8.504,0.747,-5.331,0.14,-5.6,7.7
58605.0,-8.614,0.648,-5.334,-8.373,-0.287,-5.066,-5.67,-6.37,3.36
,-8.849,0.385,-4.958,-8.402,-0.371,-5.039,-6.72,-5.88,1.75
,-9.06,0.16,-4.685,-8.739,-0.218,-5.126,-6.51,-6.51,0.56
,-8.624,-0.089,-4.838,-8.751,-0.077,-5.358,-4.69,-7.28,-0.14
58681.0,-8.772,-0.12,-5.389,-8.315,-0.388,-5.293,0.28,-9.87,1.89
,-8.942,-0.189,-5.128,-8.519,0.029,-5.284,-2.38,-11.2,2.66
,-8.574,-0.33,-5.255,-8.684,0.598,-5.377,-5.46,-12.11,3.64
,-8.43,-0.385,-5.298,-8.856,0.871,-5.226,-7.42,-11.41,4.2
58757.0,-8.815,0.924,-5.25,-8.985,-0.105,-4.582,-3.22,-12.18,0.77
,-8.715,0.725,-5.109,-8.906,0.27,-4.815,-4.41,-11.76,-0.14
,-8.686,0.294,-4.953,-8.787,0.584,-4.783,-4.34,-10.36,-0.84
,-8.765,0.036,-4.886,-8.899,0.653,-4.554,-1.68,-9.17,-1.33
58832.0,-8.856,0.577,-4.57,-8.583,-0.069,-4.515,4.69,-14.98,-4.27
,-8.78,0.541,-4.57,-8.653,-0.349,-4.41,2.17,-15.12,-4.27
,-8.665,0.424,-4.592,-8.631,-0.361,-4.367,0.07,-14.42,-4.06
,-8.583,0.27,-4.623,-8.815,-0.203,-4.238,-0.7,-13.58,-3.92
58908.0,-8.892,-0.223,-4.097,-8.528,-0.273,-4.362,10.08,-11.27,-2.38
,-9.028,-0.215,-4.317,-8.746,-0.445,-4.283,10.5,-12.11,-1.89
,-9.093,-0.12,-4.214,-8.818,-0.73,-4.264,8.96,-12.81,-1.33
,-8.823,-0.077,-4.343,-9.153,-0.445,-4.164,6.51,-13.09,-0.28
58983.0,-9.016,-0.39,-4.19,-9.028,0.139,-4.149,11.34,-12.67,3.5
,-8.808,-0.251,-4.219,-9.105,0.397,-4.137,11.13,-13.09,4.13
,-8.89,-0.172,-4.293,-8.959,0.541,-4.092,10.36,-13.3,4.41
,-8.887,-0.002,-4.355,-8.842,0.608,-3.955,10.29,-13.51,4.69
59059.0,-9.107,0.57,-4.011,-8.952,0.112,-3.618,6.65,-16.24,3.08
,-9.091,0.397,-4.097,-9.131,0.28,-3.587,6.09,-17.22,2.38
,-9.052,0.129,-4.111,-9.1,0.538,-3.446,6.23,-17.36,2.38
,-9.002,0.026,-3.86,-9.127,0.625,-3.496,7.07,-17.15,2.59
59135.0,-9.153,0.639,-3.57,-9.093,-0.177,-3.36,0.77,-17.99,-0.56
,-9.036,0.345,-3.484,-9.182,-0.074,-3.199,-2.73,-17.5,-0.7
,-9.131,0.132,-3.486,-9.227,0.12,-3.214,-3.64,-17.29,-1.19
,-9.143,-0.014,-3.644,-9.239,0.251,-3.238,-2.17,-17.29,-1.82
59211.0,-9.325,0.297,-3.254,-9.256,-0.483,-3.467,2.1,-16.8,-3.01
,-9.301,0.337,-3.448,-9.213,-0.555,-3.561,-0.84,-16.87,-3.5
,-9.22,0.079,-3.465,-9.189,-0.436,-3.455,-3.99,-16.66,-3.57
,-9.177,-0.369,-3.388,-9.217,-0.213,-3.36,-5.18,-15.96,-3.36
59287.0,-9.158,-0.275,-3.104,-9.349,0.057,-3.257,2.8,-15.19,-2.52
,-9.337,-0.419,-2.759,-9.258,0.048,-3.451,4.41,-14.28,-1.96
,-9.445,-0.34,-2.91,-9.196,-0.115,-3.451,5.32,-14.56,-1.96
,-9.452,-0.11,-3.113,-9.21,-0.349,-3.187,4.41,-15.05,-1.75
59362.0,-9.296,-0.242,-2.819,-9.289,-0.235,-2.623,4.97,-13.72,-1.26
,-9.421,-0.017,-2.838,-9.342,-0.567,-2.637,6.51,-14.0,-1.68
,-9.495,0.235,-2.895,-9.44,-0.541,-3.159,5.25,-14.28,-2.17
,-9.423,0.232,-2.958,-9.485,-0.299,-3.427,1.47,-14.49,-2.24
59438.0,-9.387,-0.074,-3.53,-9.567,0.543,-2.355,5.88,-13.93,-1.12
,-9.301,-0.017,-3.269,-9.521,0.481,-2.369,5.88,-13.79,-1.05
,-9.284,0.103,-2.577,-9.488,0.34,-2.273,8.05,-12.95,-1.05
,-9.541,0.266,-2.515,-9.514,0.0,-2.089,10.36,-12.74,-1.54
59514.0,-9.588,-0.194,-2.065,-9.301,-0.067,-2.347,0.77,-10.43,-3.64
,-9.572,-0.158,-2.221,-9.414,-0.263,-2.199,1.75,-10.01,-3.85
,-9.541,0.034,-2.788,-9.493,-0.292,-1.646,1.26,-10.29,-4.2
,-9.399,0.124,-2.757,-9.691,-0.191,-1.639,-0.35,-10.08,-4.34
59590.0,-9.663,-0.05,-1.318,-9.497,0.01,-2.245,3.92,-4.76,-4.27
,-9.732,-0.069,-1.383,-9.435,0.034,-2.623,1.47,-3.57,-4.27
,-9.72,-0.031,-1.608,-9.574,0.029,-3.128,-1.26,-2.66,-4.55
,-9.646,-0.05,-1.826,-9.502,-0.22,-3.443,-2.31,-1.61,-4.48
59665.0,-9.433,-0.462,-3.374,-9.552,-0.304,-2.347,-2.66,-1.68,-4.69
,-9.459,-0.579,-3.396,-9.753,-0.01,-2.393,1.05,-2.45,-4.48
,-9.485,-0.562,-3.221,-9.789,0.005,-2.699,5.46,-2.87,-4.06
,-9.481,-0.424,-2.692,-9.521,-0.218,-2.596,9.38,-2.87,-3.29
59741.0,-9.356,-0.474,-2.343,-9.703,-0.572,-1.323,5.46,-3.5,-3.36
,-9.407,-0.737,-2.058,-9.854,-0.266,-1.467,7.28,-2.73,-3.15
,-9.483,-0.792,-1.783,-9.794,-0.12,-1.989,10.08,-1.54,-2.73
,-9.562,-0.823,-1.524,-9.538,-0.206,-2.271,11.9,-0.21,-2.17
59816.0,-9.428,-0.402,-2.544,-9.672,-0.22,-2.733,-0.42,2.94,-2.59
,-9.349,-0.601,-2.548,-9.631,-0.184,-2.812,-0.7,3.01,-2.45
,-9.418,-0.639,-2.522,-9.6,-0.261,-3.065,1.68,3.36,-2.1
,-9.66,-0.404,-2.687,-9.481,-0.526,-3.099,3.92,3.36,-1.89
59892.0,-9.474,-0.574,-3.139,-9.648,-0.464,-2.333,0.21,0.42,-2.03
,-9.45,-0.605,-3.07,-9.617,-0.397,-2.079,1.89,-0.07,-1.89
,-9.45,-0.67,-2.79,-9.639,-0.486,-2.082,3.78,-0.35,-1.33
,-9.543,-0.598,-2.498,-9.672,-0.522,-2.201,5.25,-0.14,-1.05
59968.0,-9.67,-0.548,-2.278,-9.581,-0.498,-2.381,1.54,0.91,-0.63
,-9.541,-0.589,-2.424,-9.605,-0.251,-2.379,1.54,1.26,-0.35
,-9.471,-0.675,-2.405,-9.679,-0.117,-2.522,2.17,1.68,-0.07
,-9.514,-0.641,-2.489,-9.66,-0.191,-2.91,3.92,2.1,0.35
60044.0,-9.519,-0.366,-2.843,-9.636,-0.483,-2.606,-0.77,1.12,-0.42
,-9.45,-0.596,-2.948,-9.703,-0.337,-2.565,-0.42,1.05,-0.28
,-9.442,-0.737,-2.864,-9.619,-0.292,-2.381,1.47,0.77,-0.21
,-9.505,-0.682,-2.656,-9.591,-0.352,-2.458,3.99,0.56,0.28
60119.0,-9.596,-0.476,-2.453,-9.617,-0.45,-2.151,2.03,0.0,-0.21
,-9.497,-0.608,-2.338,-9.622,-0.335,-2.103,2.45,0.35,0.0
,-9.56,-0.708,-2.261,-9.658,-0.299,-2.192,3.71,0.77,0.21
,-9.588,-0.665,-2.19,-9.576,-0.333,-2.273,5.53,1.4,0.63
60195.0,-9.562,-0.369,-2.505,-9.569,-0.538,-2.637,0.98,2.8,0.14
,-9.512,-0.57,-2.651,-9.61,-0.369,-2.699,0.7,2.73,0.0
,-9.483,-0.68,-2.654,-9.608,-0.237,-2.709,1.47,2.73,0.21
,-9.526,-0.658,-2.67,-9.548,-0.23,-2.668,3.15,2.8,0.49
60271.0,-9.596,-0.366,-2.589,-9.55,-0.479,-2.493,1.75,2.03,0.21
,-9.538,-0.45,-2.577,-9.608,-0.483,-2.558,1.12,2.17,0.14
,-9.591,-0.493,-2.525,-9.6,-0.433,-2.623,1.4,2.1,0.07
,-9.629,-0.433,-2.599,-9.569,-0.385,-2.647,1.96,2.03,0.07
60347.0,-9.56,-0.39,-2.654,-9.636,-0.507,-2.517,0.77,1.54,0.07
,-9.552,-0.534,-2.539,-9.598,-0.512,-2.553,0.28,1.75,0.14
,-9.557,-0.584,-2.517,-9.55,-0.553,-2.601,0.42,1.61,0.21
,-9.627,-0.555,-2.498,-9.555,-0.534,-2.603,1.4,1.68,0.28
60423.0,-9.536,-0.503,-2.644,-9.567,-0.416,-2.649,2.45,1.33,0.49
,-9.562,-0.486,-2.642,-9.529,-0.459,-2.644,2.87,1.33,0.63
,-9.536,-0.447,-2.721,-9.543,-0.524,-2.556,3.36,1.26,0.7
,-9.576,-0.433,-2.682,-9.569,-0.529,-2.568,3.71,1.26,0.77
60498.0,-9.579,-0.524,-2.458,-9.548,-0.522,-2.462,4.13,1.12,0.91
,-9.593,-0.479,-2.515,-9.552,-0.541,-2.498,3.92,1.12,0.91
,-9.567,-0.45,-2.525,-9.576,-0.55,-2.481,3.43,1.12,0.84
,-9.564,-0.457,-2.556,-9.598,-0.514,-2.462,2.87,0.98,0.91
60574.0,-9.548,-0.5,-2.477,-9.533,-0.512,-2.654,2.66,1.61,0.98
,-9.581,-0.493,-2.529,-9.576,-0.493,-2.733,2.52,1.61,0.98
,-9.545,-0.531,-2.563,-9.61,-0.476,-2.635,2.38,1.54,1.05
,-9.56,-0.586,-2.647,-9.567,-0.419,-2.639,2.59,1.54,1.12
60650.0,-9.569,-0.443,-2.63,-9.55,-0.459,-2.498,3.71,1.12,1.4
,-9.562,-0.426,-2.563,-9.569,-0.438,-2.575,3.5,1.19,1.47
,-9.603,-0.51,-2.596,-9.598,-0.383,-2.623,3.43,0.91,1.33
,-9.6,-0.486,-2.513,-9.6,-0.412,-2.697,3.36,0.98,1.47
60726.0,-9.576,-0.445,-2.668,-9.56,-0.459,-2.517,2.59,0.7,1.12
,-9.548,-0.45,-2.697,-9.576,-0.474,-2.453,2.87,0.56,1.05
,-9.608,-0.455,-2.718,-9.634,-0.476,-2.407,3.36,0.63,1.26
,-9.569,-0.447,-2.611,-9.596,-0.433,-2.424,3.64,0.49,1.26
60801.0,-9.612,-0.414,-2.369,-9.584,-0.416,-2.434,2.73,0.84,1.05
,-9.562,-0.407,-2.458,-9.579,-0.409,-2.407,2.45,0.98,0.91
,-9.552,-0.469,-2.391,-9.596,-0.347,-2.469,2.38,1.19,0.84
,-9.56,-0.443,-2.414,-9.627,-0.359,-2.568,2.52,1.54,0.91
60877.0,-9.562,-0.436,-2.659,-9.545,-0.483,-2.606,1.68,1.61,0.56
,-9.531,-0.493,-2.687,-9.569,-0.457,-2.536,1.82,1.54,0.49
,-9.543,-0.491,-2.694,-9.6,-0.436,-2.486,2.31,1.26,0.63
,-9.55,-0.464,-2.68,-9.603,-0.359,-2.491,3.22,1.19,0.7
60952.0,-9.576,-0.404,-2.508,-9.564,-0.388,-2.587,2.66,0.98,0.56
,-9.529,-0.519,-2.496,-9.627,-0.371,-2.572,2.31,1.26,0.49
,-9.526,-0.5,-2.572,-9.615,-0.359,-2.501,2.38,1.26,0.35
,-9.538,-0.421,-2.503,-9.603,-0.419,-2.541,2.87,1.26,0.35
61028.0,-9.6,-0.495,-2.611,-9.588,-0.412,-2.51,1.33,0.91,-0.14
,-9.531,-0.553,-2.572,-9.574,-0.44,-2.481,1.68,0.91,0.07
,-9.533,-0.531,-2.596,-9.555,-0.459,-2.465,2.31,1.12,0.14
,-9.569,-0.495,-2.572,-9.576,-0.495,-2.412,2.87,1.12,0.21
61104.0,-9.643,-0.481,-2.465,-9.584,-0.445,-2.513,2.45,1.26,0.07
,-9.588,-0.483,-2.45,-9.61,-0.452,-2.546,2.38,1.54,0.21
,-9.56,-0.483,-2.505,-9.567,-0.476,-2.553,2.59,1.68,0.21
,-9.598,-0.5,-2.438,-9.533,-0.51,-2.496,2.8,1.75,0.21
61180.0,-9.545,-0.567,-2.551,-9.605,-0.529,-2.51,1.82,1.96,0.14
,-9.593,-0.524,-2.541,-9.586,-0.553,-2.501,2.1,1.96,0.28
,-9.572,-0.474,-2.472,-9.49,-0.503,-2.52,2.31,2.17,0.35
,-9.56,-0.462,-2.51,-9.543,-0.517,-2.479,2.17,2.03,0.28
61256.0,-9.576,-0.5,-2.481,-9.591,-0.505,-2.429,2.1,2.38,0.42
,-9.636,-0.493,-2.467,-9.596,-0.541,-2.467,2.03,2.52,0.49
,-9.591,-0.483,-2.51,-9.555,-0.507,-2.431,1.89,2.52,0.49
,-9.541,-0.474,-2.398,-9.543,-0.486,-2.402,1.54,2.73,0.49
61331.0,-9.557,-0.536,-2.56,-9.524,-0.574,-2.709,0.77,3.15,0.49
,-9.569,-0.565,-2.694,-9.536,-0.498,-2.637,0.77,3.15,0.77
,-9.545,-0.529,-2.613,-9.533,-0.4,-2.515,0.98,3.08,0.84
,-9.524,-0.644,-2.74,-9.579,-0.476,-2.56,1.4,2.8,0.98
61407.0,-9.5,-0.471,-2.345,-9.593,-0.385,-1.969,1.82,3.08,1.47
,-9.56,-0.572,-2.319,-9.536,-0.347,-1.783,1.26,3.43,1.61
,-9.536,-0.577,-2.161,-9.497,-0.409,-1.644,1.19,3.85,1.68
,-9.584,-0.514,-2.072,-9.471,-0.44,-1.445,0.98,4.41,1.61
61483.0,-9.526,-0.464,-1.381,-9.488,-0.28,-1.646,-4.2,10.15,1.96
,-9.56,-0.488,-1.163,-9.423,-0.529,-1.91,-5.04,11.69,2.17
,-9.677,-0.294,-1.158,-9.385,-0.773,-2.149,-5.32,13.44,2.24
,-9.782,-0.108,-1.634,-9.399,-1.024,-2.194,-7.98,13.93,1.68
61559.0,-9.418,-0.986,-2.639,-9.325,-0.462,-2.723,-12.18,19.11,4.55
,-9.378,-0.957,-2.982,-9.478,-0.34,-2.704,-10.01,19.11,5.11
,-9.287,-0.804,-3.029,-9.514,-0.337,-3.003,-7.98,19.11,5.25
,-9.258,-0.589,-2.953,-9.428,-0.33,-2.95,-6.23,19.25,5.53
61634.0,-9.397,-0.378,-3.503,-9.206,-0.876,-2.84,-9.38,18.69,6.3
,-9.217,-0.359,-3.616,-9.407,-0.572,-2.527,-10.43,18.69,6.72
,-9.239,-0.96,-3.034,-9.409,-0.146,-2.623,-8.61,18.69,7.42
,-9.15,-0.974,-3.297,-9.299,0.33,-2.359,-4.76,18.27,7.63
61710.0,-9.32,0.462,-2.525,-9.189,0.751,-3.778,2.59,19.46,7.42
,-9.263,0.589,-2.888,-9.203,0.38,-4.058,-1.26,20.02,6.51
,-9.359,0.68,-3.058,-9.033,-0.014,-3.716,-3.92,20.79,5.88
,-9.392,0.986,-3.824,-9.016,-0.263,-3.424,-5.32,20.3,4.76
61785.0,-9.124,-0.62,-2.721,-9.447,0.29,-3.946,-7.91,21.35,1.75
,-9.249,-0.328,-1.943,-8.954,-0.081,-4.633,-2.1,22.47,2.38
,-9.512,0.077,-2.261,-8.471,-0.754,-4.468,0.84,22.05,1.75
,-9.536,0.38,-3.017,-8.6,-1.249,-4.039,-2.31,20.65,0.56
61861.0,-8.971,-1.089,-3.817,-9.014,0.493,-4.221,2.73,24.43,4.69
,-9.174,-0.373,-3.63,-8.658,0.11,-4.212,10.36,23.87,3.29
,-9.34,0.203,-4.078,-8.567,-0.369,-3.384,10.64,22.4,2.24
,-9.373,0.486,-4.353,-9.282,-0.871,-3.4,4.9,20.65,1.89
61937.0,-9.304,-0.914,-3.96,-8.715,-0.732,-4.355,1.05,20.65,5.18
,-9.086,-0.658,-4.563,-8.815,-0.483,-4.178,4.2,20.72,6.23
,-8.703,-0.591,-4.925,-9.091,-0.246,-3.941,6.09,21.35,7.63
,-8.531,-0.768,-4.523,-9.038,0.134,-3.869,9.87,22.96,8.89
62013.0,-8.954,0.579,-4.109,-8.595,0.644,-4.669,13.86,20.79,9.38
,-8.928,1.046,-4.348,-8.603,0.637,-4.391,10.71,19.32,8.47
,-8.854,1.141,-4.731,-8.753,0.828,-4.042,5.74,18.2,7.28
,-8.574,0.94,-4.937,-9.05,1.103,-4.154,1.47,18.62,6.37
62088.0,-9.033,1.144,-4.542,-8.698,0.093,-4.415,6.79,21.7,0.77
,-8.933,0.718,-4.503,-8.88,0.4,-4.853,4.41,21.56,0.49
,-8.751,0.235,-4.482,-8.823,0.651,-5.025,3.99,22.05,0.07
,-8.423,-0.014,-4.477,-8.77,0.553,-4.867,7.0,23.38,-0.84
62164.0,-8.713,0.546,-4.922,-8.37,-0.861,-5.123,5.11,19.25,-2.66
,-8.507,0.395,-4.941,-8.44,-0.974,-5.09,1.12,18.34,-3.15
,-8.583,0.024,-4.886,-8.674,-0.763,-5.095,-2.1,17.43,-3.29
,-8.461,-0.38,-5.023,-8.827,-0.261,-5.298,-4.69,16.87,-2.52
62239.0,-8.758,0.318,-5.456,-8.77,-0.019,-5.499,7.49,17.01,-1.12
,-8.547,0.675,-5.511,-8.751,0.069,-5.556,5.39,16.1,-1.05
,-8.37,0.641,-5.635,-8.406,-0.029,-5.516,1.05,14.84,-0.77
,-8.492,0.249,-5.504,-8.557,-0.464,-5.193,-1.47,14.77,-1.26
62315.0,-8.715,-0.828,-5.26,-8.399,-0.727,-5.887,2.94,10.57,-3.5
,-8.643,-0.804,-5.59,-8.356,-0.541,-5.798,4.48,9.52,-2.8
,-8.406,-0.617,-5.98,-8.354,-0.447,-5.623,6.86,9.1,-1.82
,-8.569,-0.756,-5.841,-8.378,-0.287,-5.446,7.49,8.4,-0.84
62391.0,-8.524,-0.153,-5.458,-8.342,0.146,-5.391,6.86,4.48,2.17
,-8.603,-0.218,-5.42,-8.356,0.519,-5.477,5.6,4.34,2.59
,-8.382,-0.187,-5.456,-8.536,0.514,-5.391,5.18,3.85,3.01
,-8.469,-0.258,-5.394,-8.701,0.139,-5.229,5.81,3.22,3.22
62467.0,-8.631,-0.115,-5.133,-8.189,-1.397,-5.109,10.64,3.08,0.7
,-8.488,-0.412,-5.267,-8.638,-1.055,-5.389,10.43,3.01,1.12
,-8.023,-0.591,-5.477,-8.686,-1.285,-5.173,10.29,3.22,1.33
,-8.035,-1.015,-5.233,-8.514,-0.646,-5.47,10.08,3.78,1.4
62543.0,-8.631,-0.397,-5.363,-8.437,-0.696,-5.274,15.05,2.87,4.2
,-8.416,-0.239,-5.456,-8.464,-0.45,-5.205,12.04,1.82,4.76
,-8.39,-0.273,-5.425,-8.39,-0.156,-5.518,10.57,1.68,5.46
,-8.416,-0.51,-5.379,-8.409,0.165,-5.511,10.85,2.24,6.02
62618.0,-8.514,0.699,-5.578,-8.579,0.512,-5.681,14.42,3.5,6.86
,-8.586,1.259,-5.748,-8.416,0.045,-5.681,12.6,2.52,5.53
,-8.66,1.225,-5.714,-8.516,-0.433,-5.437,9.03,1.75,4.13
,-8.768,0.931,-5.566,-8.469,-0.73,-5.473,4.62,1.26,3.15
62694.0,-8.409,-0.62,-5.647,-8.569,0.682,-5.961,4.27,1.89,4.06
,-8.277,-0.347,-5.822,-8.734,0.593,-5.932,4.83,1.26,5.04
,-8.272,-0.136,-5.865,-8.72,0.108,-5.736,4.2,0.77,5.18
,-8.325,0.313,-5.937,-8.418,-0.4,-5.535,3.36,0.28,4.55
62770.0,-8.267,-0.658,-5.439,-8.758,0.613,-5.398,-4.55,-1.82,3.15
,-8.172,-0.503,-5.327,-8.837,0.751,-5.516,-1.4,-1.4,3.43
,-8.236,-0.163,-5.296,-8.686,0.601,-5.489,1.68,-0.84,2.94
,-8.413,0.223,-5.439,-8.471,0.337,-5.403,4.13,-0.98,1.89
62846.0,-8.485,0.062,-5.284,-8.198,-0.235,-5.473,-5.46,-2.31,-0.63
,-8.636,-0.189,-5.157,-8.162,-0.335,-5.449,-6.65,-2.66,-1.19
,-8.715,-0.11,-5.37,-8.409,-0.505,-5.252,-6.02,-3.85,-0.91
,-8.509,-0.115,-5.437,-8.636,-0.589,-5.001,-5.46,-4.76,-0.7
62921.0,-8.636,-0.45,-5.037,-8.49,-0.802,-5.188,0.77,-2.8,-0.21
,-8.595,-0.498,-4.972,-8.543,-0.854,-5.173,0.21,-3.64,0.49
,-8.526,-0.438,-5.217,-8.495,-0.727,-5.08,-0.84,-4.48,0.84
,-8.418,-0.711,-5.176,-8.516,-0.285,-5.226,-1.68,-4.9,2.03
62997.0,-8.428,0.146,-5.415,-8.569,0.476,-5.185,2.8,-5.67,5.67
,-8.559,0.395,-5.384,-8.629,0.258,-5.331,1.4,-5.95,5.46
,-8.636,0.694,-5.446,-8.715,0.177,-5.358,-0.98,-7.42,4.41
,-8.653,0.725,-5.463,-8.641,-0.05,-5.379,-4.69,-7.98,3.71
63072.0,-8.729,-0.194,-5.293,-8.624,0.136,-5.391,-4.2,-9.8,0.56
,-8.703,-0.12,-5.386,-8.461,0.153,-5.185,-2.66,-10.57,0.56
,-8.638,-0.237,-5.305,-8.445,0.112,-5.346,-1.12,-10.43,0.56
,-8.617,-0.038,-5.341,-8.547,0.014,-5.226,0.91,-10.85,0.14
63148.0,-8.691,-0.187,-5.214,-8.557,-0.036,-4.977,-0.91,-11.48,-0.42
,-8.859,-0.258,-5.092,-8.595,-0.175,-4.788,-1.33,-12.32,0.07
,-8.72,-0.007,-5.193,-8.686,-0.218,-4.726,-0.49,-13.23,0.28
,-8.495,-0.014,-5.068,-8.78,-0.258,-4.695,0.28,-12.88,0.42
63224.0,-8.691,-0.34,-4.688,-9.124,0.593,-4.561,6.3,-12.25,2.1
,-8.6,-0.239,-4.489,-8.945,0.931,-4.977,8.61,-10.92,2.38
,-8.603,-0.019,-4.637,-8.674,0.23,-4.597,10.71,-10.22,2.45
,-8.796,0.151,-4.518,-8.626,0.17,-4.781,12.04,-10.15,2.1
63300.0,-8.705,-0.189,-4.587,-8.744,0.146,-4.386,0.7,-13.16,2.87
,-8.825,-0.139,-4.853,-8.806,0.043,-4.348,3.36,-13.79,2.38
,-8.77,-0.048,-4.542,-8.873,0.067,-4.283,5.18,-14.42,2.24
,-8.66,0.115,-4.453,-8.885,0.115,-4.243,6.58,-13.79,2.52
63376.0,-8.844,0.275,-4.164,-8.933,0.447,-4.355,9.38,-13.23,2.87
,-8.918,0.311,-4.111,-8.701,0.299,-4.121,8.47,-13.79,2.73
,-9.045,0.285,-4.125,-8.691,0.034,-3.812,7.28,-14.35,2.17
,-9.069,0.419,-4.25,-8.935,-0.074,-3.754,6.02,-14.98,1.82
63451.0,-9.177,0.093,-3.769,-9.024,-0.151,-3.922,4.41,-15.12,0.84
,-9.203,0.311,-3.982,-9.028,-0.376,-3.795,5.53,-15.96,0.77
,-9.0,0.4,-3.924,-9.134,-0.416,-3.879,4.34,-16.17,0.91
,-9.045,0.225,-3.912,-9.112,-0.292,-4.025,2.31,-16.24,0.91
63527.0,-8.997,-0.191,-3.975,-9.227,0.206,-3.836,4.2,-16.8,1.75
,-8.997,-0.108,-3.821,-9.165,0.598,-3.836,3.85,-16.45,2.24
,-8.973,-0.05,-3.733,-9.11,0.699,-4.073,3.71,-16.24,2.52
,-9.093,0.007,-3.616,-9.028,0.445,-4.209,3.92,-16.24,2.31
63603.0,-8.933,0.268,-3.915,-9.33,0.359,-2.953,-3.64,-18.9,0.49
,-9.06,-0.139,-3.494,-9.371,0.299,-3.367,-1.75,-18.48,0.35
,-9.22,-0.108,-3.061,-9.165,0.012,-3.24,1.54,-18.2,-0.28
,-9.311,0.148,-3.056,-9.124,-0.321,-3.228,3.36,-18.13,-0.98
63679.0,-9.174,-0.39,-3.24,-9.146,0.316,-3.111,-3.36,-16.66,0.07
,-9.313,-0.002,-3.333,-9.21,0.048,-2.711,0.35,-16.59,-0.49
,-9.299,0.208,-3.321,-9.447,-0.062,-2.876,1.82,-16.73,-0.98
,-9.354,0.366,-3.4,-9.505,0.048,-3.084,1.61,-16.87,-1.26
63754.0,-9.552,0.151,-3.125,-9.371,0.179,-3.506,0.42,-16.1,-1.75
,-9.399,0.316,-3.41,-9.277,0.12,-3.252,-1.05,-15.96,-1.75
,-9.258,0.325,-3.099,-9.213,-0.017,-2.656,-2.94,-15.75,-2.03
,-9.308,0.22,-3.209,-9.371,-0.127,-2.257,-3.57,-16.03,-2.45
63830.0,-9.533,-0.089,-1.914,-9.227,0.074,-2.816,-4.41,-13.86,-3.29
,-9.775,0.117,-2.809,-9.375,-0.237,-2.773,-3.5,-14.7,-3.92
,-9.6,0.438,-3.204,-9.526,-0.191,-2.525,-4.97,-15.54,-4.2
,-9.277,0.369,-3.065,-9.562,0.057,-2.874,-6.93,-15.12,-3.71
63905.0,-9.45,-0.005,-2.91,-9.526,0.572,-2.74,5.32,-13.51,-3.5
,-9.416,0.069,-2.414,-9.371,0.615,-2.529,5.6,-13.37,-3.22
,-9.686,0.117,-2.711,-9.277,0.22,-2.343,4.2,-14.21,-3.92
,-9.801,0.17,-3.022,-9.356,-0.258,-1.95,1.54,-15.54,-4.97
63981.0,-9.507,-0.285,-1.74,-9.483,0.663,-2.106,-3.99,-11.62,-5.6
,-9.643,-0.069,-1.613,-9.49,0.304,-1.972,0.28,-10.43,-5.18
,-9.914,0.199,-1.943,-9.545,-0.218,-1.704,2.17,-10.01,-5.32
,-9.82,0.591,-2.067,-9.517,-0.251,-1.531,0.77,-10.36,-6.02
64057.0,-9.698,-0.431,-1.268,-9.476,-0.57,-1.374,-7.77,-6.37,-6.72
,-9.648,-0.258,-1.376,-9.641,-0.318,-1.663,-7.98,-5.46,-6.72
,-9.655,-0.321,-1.546,-9.698,0.065,-2.132,-8.47,-3.99,-6.37
,-9.49,-0.57,-1.45,-9.526,0.144,-2.505,-9.1,-2.38,-5.67
64133.0,-9.435,-0.146,-2.627,-9.648,-0.144,-2.718,-4.62,2.24,-4.06
,-9.351,-0.546,-2.563,-9.651,-0.129,-3.003,-3.57,2.87,-3.64
,-9.478,-0.605,-2.474,-9.584,-0.273,-2.984,-0.14,3.43,-3.08
,-9.701,-0.333,-2.656,-9.631,-0.328,-2.852,3.29,3.08,-2.87
64208.0,-9.557,-0.172,-2.742,-9.777,-0.421,-2.23,3.71,0.42,-2.59
,-9.509,-0.254,-2.503,-9.665,-0.194,-2.123,3.15,0.63,-2.31
,-9.608,-0.412,-2.367,-9.517,-0.177,-1.969,3.29,0.56,-2.03
,-9.631,-0.294,-2.266,-9.512,-0.455,-1.759,3.43,0.21,-2.03
64284.0,-9.512,-0.663,-1.799,-9.61,-0.488,-1.663,-0.84,1.68,-1.47
,-9.493,-0.66,-1.651,-9.581,-0.302,-1.843,1.75,3.29,-0.63
,-9.622,-0.593,-1.606,-9.627,-0.163,-2.108,4.27,4.76,0.07
,-9.646,-0.51,-1.639,-9.584,-0.115,-2.3,6.02,5.88,0.49
64359.0,-9.598,-0.11,-2.467,-9.533,-0.134,-3.324,7.21,9.45,1.54
,-9.569,-0.117,-2.764,-9.509,-0.208,-3.312,6.79,9.24,1.33
,-9.605,-0.206,-2.986,-9.457,-0.304,-3.125,6.58,8.47,1.12
,-9.562,-0.132,-3.204,-9.469,-0.256,-2.824,6.37,7.49,0.98
64435.0,-9.56,-0.101,-2.58,-9.605,-0.16,-2.611,10.36,5.95,1.19
,-9.689,0.103,-2.544,-9.555,-0.402,-2.668,9.87,5.74,0.91
,-9.663,0.077,-2.467,-9.476,-0.529,-2.678,7.42,5.39,0.7
,-9.603,-0.024,-2.565,-9.447,-0.596,-2.721,5.11,5.39,0.56
64511.0,-9.517,-0.452,-2.639,-9.596,-0.17,-2.838,9.03,6.16,1.54
,-9.579,-0.318,-2.702,-9.615,-0.17,-2.826,10.08,5.95,1.68
,-9.581,-0.235,-2.706,-9.593,-0.211,-2.833,10.15,5.81,1.68
,-9.538,-0.175,-2.718,-9.608,-0.268,-2.785,9.66,5.74,1.61
64587.0,-9.55,-0.263,-2.714,-9.622,-0.206,-2.529,6.79,3.29,0.63
,-9.519,-0.354,-2.491,-9.591,-0.165,-2.637,6.72,3.36,0.63
,-9.596,-0.287,-2.431,-9.612,-0.263,-2.778,6.65,3.43,0.56
,-9.627,-0.278,-2.426,-9.483,-0.294,-2.795,6.16,3.57,0.42
64663.0,-9.435,-0.38,-2.778,-9.56,-0.306,-2.747,0.7,2.87,-0.14
,-9.469,-0.364,-2.836,-9.564,-0.254,-2.903,1.47,2.87,-0.07
,-9.483,-0.388,-2.663,-9.517,-0.256,-2.855,2.31,2.87,0.28
,-9.579,-0.402,-2.697,-9.517,-0.278,-2.879,2.94,2.66,0.28
64738.0,-9.526,-0.359,-2.919,-9.538,-0.246,-2.678,3.01,2.52,0.63
,-9.454,-0.397,-2.9,-9.521,-0.23,-2.618,3.85,2.31,0.77
,-9.55,-0.318,-2.871,-9.545,-0.266,-2.752,4.97,2.24,0.98
,-9.545,-0.273,-2.745,-9.512,-0.354,-2.666,5.6,2.17,1.05
64814.0,-9.524,-0.352,-2.759,-9.471,-0.378,-2.477,4.2,1.4,0.77
,-9.562,-0.361,-2.886,-9.512,-0.471,-2.412,3.85,0.84,0.35
,-9.579,-0.041,-2.797,-9.605,-0.235,-2.52,2.24,0.28,0.14
,-9.481,-0.153,-2.599,-9.572,-0.065,-2.637,0.0,0.42,0.0
64890.0,-9.502,-0.129,-2.742,-9.545,-0.369,-2.728,-0.14,1.75,0.21
,-9.481,-0.352,-2.749,-9.605,-0.242,-2.809,-0.77,1.96,0.14
,-9.442,-0.514,-2.778,-9.567,-0.16,-2.824,0.42,2.45,0.35
,-9.478,-0.433,-2.706,-9.564,-0.208,-2.814,2.59,2.38,0.49
64966.0,-9.521,-0.235,-2.804,-9.581,-0.294,-2.594,1.68,1.68,0.42
,-9.476,-0.323,-2.752,-9.6,-0.208,-2.606,1.89,1.75,0.49
,-9.524,-0.395,-2.687,-9.536,-0.187,-2.601,2.73,1.96,0.56
,-9.497,-0.328,-2.666,-9.536,-0.23,-2.675,3.5,2.1,0.63
65041.0,-9.569,-0.297,-2.726,-9.531,-0.457,-2.702,2.24,2.24,0.49
,-9.533,-0.359,-2.749,-9.541,-0.369,-2.761,2.45,2.24,0.49
,-9.474,-0.392,-2.692,-9.555,-0.239,-2.797,2.94,2.24,0.56
,-9.521,-0.402,-2.728,-9.557,-0.11,-2.869,3.29,2.31,0.63
65117.0,-9.543,-0.093,-2.86,-9.564,-0.263,-2.74,2.66,1.75,0.28
,-9.505,-0.22,-2.807,-9.478,-0.266,-2.752,2.24,1.75,0.21
,-9.538,-0.328,-2.733,-9.49,-0.364,-2.752,2.52,1.61,0.21
,-9.562,-0.33,-2.785,-9.555,-0.373,-2.623,3.57,1.61,0.35
65192.0,-9.533,-0.27,-2.704,-9.536,-0.364,-2.613,2.52,0.98,-0.07
,-9.462,-0.268,-2.601,-9.524,-0.299,-2.608,1.61,1.12,-0.14
,-9.481,-0.414,-2.565,-9.55,-0.218,-2.668,1.19,1.33,0.0
,-9.507,-0.409,-2.649,-9.588,-0.191,-2.735,1.61,1.47,0.07
65268.0,-9.517,-0.187,-2.824,-9.471,-0.27,-2.931,1.4,1.89,0.07
,-9.478,-0.345,-2.888,-9.44,-0.282,-2.804,1.19,1.75,0.14
,-9.521,-0.445,-2.927,-9.557,-0.309,-2.8,2.31,1.82,0.28
,-9.548,-0.321,-2.943,-9.557,-0.335,-2.764,3.43,1.54,0.28
65344.0,-9.49,-0.431,-2.69,-9.474,-0.134,-2.706,3.57,1.4,0.49
,-9.529,-0.469,-2.771,-9.521,-0.249,-2.733,3.99,1.33,0.63
,-9.591,-0.414,-2.797,-9.574,-0.347,-2.793,4.55,0.98,0.56
,-9.531,-0.258,-2.783,-9.548,-0.33,-2.714,4.34,0.84,0.35
65420.0,-9.459,-0.369,-2.692,-9.529,-0.299,-2.582,1.4,0.56,0.07
,-9.514,-0.349,-2.685,-9.505,-0.333,-2.532,1.54,0.77,0.07
,-9.581,-0.409,-2.718,-9.55,-0.328,-2.568,1.75,0.7,0.07
,-9.576,-0.273,-2.675,-9.519,-0.22,-2.668,1.4,0.42,-0.14
65496.0,-9.497,-0.244,-2.68,-9.433,-0.323,-2.807,0.21,1.47,-0.21
,-9.512,-0.395,-2.764,-9.5,-0.371,-2.771,0.07,1.68,-0.14
,-9.505,-0.395,-2.807,-9.555,-0.337,-2.845,0.7,1.61,-0.14
,-9.445,-0.392,-2.833,-9.519,-0.376,-2.74,1.26,1.4,0.07
65571.0,-9.497,-0.349,-2.733,-9.524,-0.522,-2.343,2.24,0.84,0.14
,-9.596,-0.22,-2.63,-9.545,-0.385,-2.285,1.68,0.63,-0.07
,-9.471,-0.218,-2.513,-9.481,-0.39,-2.185,0.63,0.56,-0.28
,-9.481,-0.412,-2.45,-9.519,-0.428,-2.075,-0.28,0.98,-0.14
65647.0,-9.435,-0.438,-1.874,-9.555,-0.096,-1.534,-1.82,4.48,0.42
,-9.442,-0.464,-1.673,-9.502,-0.179,-1.603,-1.96,6.02,0.77
,-9.526,-0.371,-1.452,-9.438,-0.383,-1.615,-1.82,7.56,0.91
,-9.646,-0.165,-1.575,-9.481,-0.634,-1.78,-2.73,8.54,0.63
65723.0,-9.418,-0.96,-1.984,-9.292,0.0,-3.869,-10.22,15.47,2.03
,-9.404,-0.948,-2.142,-9.206,-0.117,-3.944,-6.51,16.66,2.87
,-9.634,-0.541,-2.941,-9.27,-0.349,-3.872,-3.08,16.03,2.87
,-9.529,-0.22,-3.561,-9.234,-0.424,-3.573,-3.01,15.19,2.45
65799.0,-9.232,-0.536,-2.927,-9.72,0.333,-1.51,-2.52,11.48,2.73
,-9.313,-0.56,-2.158,-9.737,0.447,-2.529,-0.77,12.39,3.15
,-9.512,-0.354,-1.448,-9.332,0.098,-3.223,1.33,13.72,3.15
,-9.67,-0.019,-1.407,-9.009,-0.488,-3.403,1.75,14.35,2.52
65874.0,-9.048,-0.639,-3.558,-9.129,0.041,-3.094,-10.01,18.06,3.5
,-9.079,-0.464,-3.372,-9.213,-0.17,-2.682,-1.4,19.39,3.71
,-9.304,-0.031,-3.376,-9.294,-0.342,-2.426,4.97,19.6,3.36
,-9.265,0.156,-3.501,-9.349,-0.373,-2.288,5.95,19.18,2.59
65950.0,-9.514,-0.11,-2.175,-8.48,-0.979,-3.829,9.73,24.92,3.99
,-9.466,0.153,-3.029,-8.768,-1.223,-3.561,7.07,23.31,3.43
,-9.234,0.287,-3.666,-9.014,-1.11,-3.642,3.01,22.61,2.73
,-9.05,-0.196,-4.391,-9.158,-0.768,-3.352,-1.54,22.61,2.45
66025.0,-9.208,-0.447,-3.209,-9.445,-0.129,-4.216,15.19,24.99,3.99
,-8.993,-0.069,-2.678,-9.124,-0.115,-4.903,14.14,26.39,4.9
,-9.052,-0.089,-3.056,-8.636,-0.665,-4.855,10.71,26.53,5.25
,-9.172,-0.038,-3.022,-8.275,-0.919,-4.41,7.63,26.25,5.18
66101.0,-8.583,-0.771,-3.704,-8.859,0.098,-3.623,7.7,27.58,6.72
,-9.098,-0.227,-3.652,-8.638,-0.084,-3.352,14.28,26.74,5.18
,-9.335,0.335,-3.759,-8.957,0.153,-3.79,15.19,25.62,4.13
,-9.167,0.436,-3.908,-9.17,0.586,-4.427,9.73,25.69,4.48
66177.0,-9.186,0.754,-4.927,-8.983,0.517,-4.905,4.69,22.54,3.36
,-8.708,0.806,-5.051,-9.143,0.689,-4.836,0.91,23.31,3.15
,-8.251,0.335,-5.066,-9.074,0.581,-4.614,-0.84,25.48,2.87
,-8.569,0.215,-4.592,-8.579,-0.022,-4.659,2.1,26.53,2.03
66253.0,-8.524,-0.534,-4.563,-8.48,-0.512,-5.322,-1.47,22.19,0.14
,-8.715,-0.708,-4.965,-8.339,-0.771,-5.049,2.03,21.56,0.28
,-8.82,-0.66,-5.303,-8.605,-0.895,-4.882,4.9,20.16,0.42
,-8.792,-0.483,-5.389,-8.849,-0.663,-4.949,5.67,19.04,0.77
66328.0,-8.89,-0.416,-5.176,-8.495,-0.68,-5.389,4.9,16.31,4.48
,-8.581,-0.38,-5.389,-8.722,-0.428,-5.41,3.36,15.47,5.46
,-8.538,-0.605,-5.147,-8.923,-0.089,-5.446,2.73,15.75,6.51
,-8.409,-0.782,-5.343,-8.727,0.187,-5.499,3.15,15.54,7.49
66404.0,-8.658,0.529,-5.296,-8.72,0.371,-5.267,7.21,12.11,6.09
,-8.631,0.66,-5.233,-8.614,0.014,-4.992,4.34,11.13,5.95
,-8.466,0.802,-5.389,-8.495,-0.091,-4.975,0.56,10.64,5.67
,-8.71,0.634,-5.296,-8.626,-0.043,-5.016,-3.36,10.29,5.32
66480.0,-8.524,0.397,-5.307,-8.71,0.814,-5.341,-1.19,8.96,3.57
,-8.555,0.749,-5.456,-8.586,0.402,-5.389,0.42,8.4,3.15
,-8.504,0.955,-5.485,-8.626,0.022,-5.303,1.12,8.68,2.1
,-8.569,0.943,-5.322,-8.617,-0.237,-5.319,0.21,8.05,0.77
66556.0,-8.404,-0.45,-5.336,-8.555,-0.44,-5.441,-1.54,6.51,-0.77
,-8.37,-0.665,-5.248,-8.504,-0.208,-5.365,1.12,6.86,-0.35
,-8.49,-0.546,-5.403,-8.354,0.139,-5.329,3.99,5.95,0.49
,-8.49,-0.416,-5.583,-8.334,0.16,-5.262,6.02,5.67,1.05
66632.0,-8.55,0.187,-5.31,-8.689,0.321,-5.42,5.74,4.83,0.7
,-8.509,0.261,-5.52,-8.366,0.639,-5.681,5.11,4.41,0.49
,-8.256,0.175,-5.43,-8.543,0.613,-5.645,5.11,3.92,0.0
,-8.835,0.168,-5.339,-8.727,-0.002,-5.205,6.02,3.57,-0.77
66707.0,-8.454,-0.708,-5.152,-8.423,-1.161,-5.14,6.3,3.22,-4.2
,-8.492,-1.584,-4.925,-8.387,-0.692,-5.13,7.28,3.78,-2.59
,-8.284,-1.828,-4.953,-8.155,-0.45,-5.279,10.78,3.43,-0.42
,-8.287,-1.661,-5.063,-8.26,-0.443,-5.176,15.26,3.29,1.19
66783.0,-8.344,-0.254,-5.035,-8.72,-0.043,-5.008,9.73,4.69,4.97
,-8.605,-0.034,-5.056,-8.26,-0.105,-5.379,10.08,4.97,4.69
,-8.686,-0.041,-5.018,-8.356,-0.184,-5.054,9.8,4.9,4.83
,-8.643,-0.019,-4.905,-8.311,0.203,-5.001,10.99,4.48,4.76
66858.0,-8.196,0.452,-5.248,-8.617,0.373,-5.293,13.72,5.74,4.48
,-8.119,0.383,-5.224,-8.588,0.409,-5.312,13.02,6.02,3.99
,-8.466,0.459,-5.116,-8.626,0.364,-5.353,11.13,7.0,3.71
,-8.598,0.309,-5.104,-8.44,0.67,-5.518,9.66,7.07,3.01
66934.0,-8.279,0.591,-5.559,-8.33,-0.29,-5.585,8.12,5.95,0.0
,-8.404,0.278,-5.394,-8.222,0.086,-6.107,5.95,6.86,-0.14
,-8.399,-0.141,-5.286,-8.332,0.101,-6.329,4.27,7.28,-0.14
,-8.327,-0.383,-5.396,-8.617,-0.12,-6.265,3.71,7.49,0.14
67010.0,-8.617,-0.184,-6.183,-8.392,-0.225,-6.042,0.14,5.6,0.0
,-8.332,-0.256,-6.167,-8.303,-0.436,-6.011,-0.28,4.41,0.49
,-8.212,-0.275,-6.083,-8.375,-0.369,-5.887,-0.77,4.06,0.98
,-8.327,-0.177,-5.973,-8.404,-0.218,-5.829,-1.12,3.85,1.4
67086.0,-8.267,0.0,-5.803,-8.471,0.053,-5.461,3.36,1.61,1.33
,-8.332,0.517,-5.887,-8.095,-0.596,-5.269,4.69,1.19,0.21
,-8.641,0.548,-5.82,-8.143,-0.976,-5.264,4.48,-0.07,-1.47
,-8.693,0.285,-5.693,-8.332,-1.218,-5.351,2.59,-0.63,-2.45
67161.0,-8.514,-1.122,-5.408,-8.358,0.031,-5.477,5.53,0.84,1.54
,-8.504,-0.768,-5.43,-8.375,-0.002,-5.372,8.33,0.42,1.82
,-8.44,-0.196,-5.564,-8.447,-0.23,-5.379,9.24,-0.42,1.82
,-8.33,0.153,-5.602,-8.413,-0.311,-5.468,6.44,-1.05,2.45
67237.0,-8.282,-0.292,-5.647,-8.579,0.278,-5.339,-2.87,-1.75,5.46
,-8.258,-0.05,-5.642,-8.54,0.304,-5.523,-0.42,-1.82,4.76
,-8.504,0.211,-5.554,-8.327,0.115,-5.686,0.21,-3.29,4.48
,-8.502,0.541,-5.666,-8.366,-0.091,-5.719,0.0,-4.13,3.64
67313.0,-8.571,-0.227,-5.489,-8.473,-0.215,-5.511,-3.5,-3.78,1.33
,-8.619,0.177,-5.654,-8.428,-0.452,-5.599,-3.15,-7.42,0.84
,-8.361,0.294,-5.939,-8.311,-0.617,-5.647,-3.92,-9.73,-0.21
,-8.449,0.053,-5.784,-8.406,-0.507,-5.647,-5.25,-9.87,-0.91
67389.0,-8.461,-0.412,-5.659,-8.311,-0.28,-5.363,0.91,-10.92,0.21
,-8.536,-0.313,-5.621,-8.37,-0.313,-5.272,2.38,-11.83,-0.14
,-8.44,-0.232,-5.518,-8.425,-0.141,-5.116,2.66,-12.67,-0.35
,-8.38,-0.313,-5.628,-8.557,0.151,-5.123,3.01,-12.53,0.14
67464.0,-8.746,0.318,-5.13,-8.521,0.101,-5.154,10.22,-10.78,0.28
,-8.746,0.182,-5.135,-8.545,0.254,-5.111,8.54,-11.55,-0.21
,-8.492,0.199,-5.245,-8.605,0.385,-5.02,6.37,-11.69,-0.35
,-8.399,0.112,-5.188,-8.693,0.328,-5.049,5.39,-10.71,-0.14
67540.0,-8.605,0.136,-5.004,-8.684,-0.211,-4.745,2.52,-10.43,-1.26
,-8.492,-0.144,-5.008,-8.686,-0.335,-4.917,1.19,-10.71,-0.84
,-8.404,-0.383,-4.97,-8.737,-0.151,-4.903,1.61,-10.78,-0.63
,-8.531,-0.452,-4.822,-8.708,-0.581,-4.893,4.2,-11.06,-0.56
67616.0,-8.782,-0.773,-4.664,-8.653,-0.512,-4.736,5.95,-13.72,2.03
,-8.67,-1.079,-4.874,-8.756,-0.337,-4.838,7.14,-14.0,2.59
,-8.648,-1.098,-4.824,-8.799,-0.132,-4.879,10.22,-13.65,3.36
,-8.624,-0.773,-4.762,-8.691,0.168,-4.855,12.46,-14.21,3.85
67691.0,-8.677,0.27,-4.841,-9.04,0.182,-4.365,7.77,-18.06,5.95
,-8.722,0.203,-4.743,-9.012,0.23,-4.326,6.58,-18.34,5.04
,-8.772,0.144,-4.558,-8.854,0.251,-4.238,6.58,-18.69,4.2
,-8.856,0.093,-4.393,-8.792,0.258,-4.156,7.07,-18.97,3.57
67767.0,-8.808,0.273,-4.054,-8.942,0.512,-3.905,7.07,-19.81,1.47
,-8.935,0.235,-4.03,-8.914,0.175,-3.857,6.51,-20.02,0.84
,-9.014,0.455,-3.984,-8.82,-0.213,-3.757,5.74,-20.3,0.0
,-9.005,0.543,-3.9,-8.938,-0.593,-3.613,3.71,-20.51,-0.7
67843.0,-9.04,-0.775,-3.388,-9.167,0.325,-3.723,-0.49,-18.06,-0.91
,-9.052,-0.493,-3.391,-9.103,0.27,-3.79,4.27,-17.5,-0.56
,-9.048,-0.103,-3.443,-9.021,0.347,-3.699,6.86,-17.29,-0.63
,-9.146,0.246,-3.601,-9.005,0.34,-3.594,6.3,-17.43,-0.7
67919.0,-9.112,0.369,-3.539,-9.124,-0.871,-3.687,-2.45,-15.61,-3.36
,-9.098,0.232,-3.352,-9.179,-1.034,-3.63,-3.92,-15.4,-3.85
,-9.112,-0.062,-3.542,-9.191,-0.9,-3.625,-6.09,-15.82,-3.99
,-9.194,-0.459,-3.549,-9.215,-0.519,-3.553,-8.19,-16.17,-4.13
67994.0,-9.206,-0.285,-3.396,-9.131,-0.534,-3.415,2.45,-14.28,-1.89
,-9.265,-0.093,-3.486,-9.229,-0.402,-3.259,0.35,-14.49,-2.1
,-9.119,-0.144,-3.568,-9.349,-0.239,-3.451,-2.59,-14.49,-1.89
,-9.105,-0.412,-3.386,-9.323,0.148,-3.405,-3.5,-14.14,-1.33
68070.0,-9.217,0.132,-3.072,-9.378,-0.081,-2.97,5.11,-13.09,-0.77
,-9.256,0.019,-2.876,-9.342,-0.005,-3.106,5.11,-12.11,-0.49
,-9.368,-0.098,-2.879,-9.323,-0.077,-3.233,5.18,-11.69,-0.63
,-9.435,-0.012,-3.077,-9.282,-0.081,-3.348,4.06,-11.62,-1.26
68146.0,-9.299,-0.086,-3.032,-9.457,0.249,-2.493,4.97,-10.71,-1.82
,-9.294,0.036,-2.788,-9.49,0.024,-2.582,6.37,-10.01,-1.96
,-9.361,0.129,-2.364,-9.351,-0.062,-2.391,5.95,-9.17,-2.52
,-9.471,0.447,-2.733,-9.411,-0.254,-2.804,5.67,-8.68,-2.94
68222.0,-9.232,-0.244,-2.864,-9.469,-0.419,-1.883,-0.98,-6.02,-3.64
,-9.194,-0.22,-2.639,-9.603,-0.361,-2.06,-0.91,-5.53,-3.71
,-9.253,-0.364,-2.45,-9.569,-0.318,-2.458,-0.63,-4.62,-3.78
,-9.347,-0.378,-2.065,-9.38,-0.412,-2.874,-0.42,-3.15,-3.57
68297.0,-9.213,-0.656,-2.977,-9.541,0.06,-3.094,-4.13,0.56,-2.24
,-9.201,-0.771,-2.864,-9.61,0.105,-3.357,0.14,1.47,-1.4
,-9.457,-0.479,-3.053,-9.469,-0.019,-3.683,4.76,1.54,-1.12
,-9.545,-0.16,-3.116,-9.261,-0.127,-3.494,6.16,1.47,-1.05
68373.0,-9.337,-0.321,-3.546,-9.433,-0.407,-3.185,0.91,-0.42,-2.24
,-9.43,-0.364,-3.532,-9.433,-0.335,-3.123,2.31,-0.98,-2.24
,-9.433,-0.38,-3.393,-9.459,-0.313,-3.171,3.5,-1.68,-2.17
,-9.466,-0.366,-3.214,-9.39,-0.325,-3.017,3.64,-1.75,-1.82
68448.0,-9.39,-0.402,-2.761,-9.404,-0.311,-3.005,4.62,-2.24,-1.33
,-9.459,-0.467,-2.735,-9.316,-0.469,-2.965,4.34,-2.1,-1.33
,-9.531,-0.395,-2.886,-9.28,-0.581,-2.563,3.5,-2.24,-1.61
,-9.471,-0.299,-2.922,-9.402,-0.538,-2.386,2.52,-2.17,-1.68
68524.0,-9.574,-0.325,-2.134,-9.289,-0.78,-2.56,5.18,0.0,-0.77
,-9.679,-0.213,-2.402,-9.275,-0.687,-2.501,2.8,0.49,-0.98
,-9.56,-0.352,-2.367,-9.478,-0.457,-2.434,-0.21,0.84,-0.98
,-9.428,-0.538,-2.618,-9.639,-0.165,-2.508,-1.26,1.68,-0.84
68600.0,-9.61,-0.072,-2.769,-9.34,-0.617,-3.733,1.05,4.06,-0.63
,-9.488,-0.144,-3.013,-9.383,-0.392,-3.812,-1.61,4.06,-0.7
,-9.299,-0.392,-3.4,-9.373,-0.263,-3.558,-2.87,3.92,-0.77
,-9.299,-0.718,-3.623,-9.414,-0.187,-3.34,-1.26,3.71,-0.49
68676.0,-9.497,-0.189,-3.197,-9.476,-0.443,-3.037,3.22,0.49,-0.49
,-9.414,-0.325,-3.005,-9.395,-0.335,-2.958,1.26,0.21,-0.7
,-9.385,-0.44,-2.781,-9.363,-0.373,-2.848,0.21,0.21,-0.56
,-9.5,-0.493,-2.915,-9.378,-0.373,-2.764,0.77,0.14,-0.56
68752.0,-9.442,-0.347,-2.668,-9.462,-0.369,-2.675,4.13,0.98,-0.14
,-9.502,-0.333,-2.45,-9.39,-0.428,-2.771,3.78,1.33,-0.14
,-9.505,-0.373,-2.477,-9.421,-0.443,-2.905,3.01,1.82,-0.28
,-9.579,-0.321,-2.608,-9.435,-0.546,-3.037,2.59,2.31,-0.42
68827.0,-9.399,-0.598,-2.984,-9.457,-0.256,-3.034,3.78,3.85,0.07
,-9.426,-0.562,-2.994,-9.428,-0.342,-3.084,4.27,3.85,0.21
,-9.426,-0.479,-3.027,-9.457,-0.366,-3.13,4.62,3.99,0.35
,-9.462,-0.426,-2.974,-9.414,-0.459,-3.137,4.48,3.78,0.28
