Timestamp,AccX,AccY,AccZ,GyroX,GyroY,GyroZ,MagnX,MagnY,MagnZ
0.0,-9.081,-1.199,-3.884,-9.048,-1.232,-3.951,2.52,1.96,0.7
,-9.079,-1.211,-3.874,-9.055,-1.213,-3.944,2.38,1.82,0.63
,-9.091,-1.225,-3.905,-9.057,-1.204,-3.92,2.31,1.68,0.49
,-9.069,-1.211,-3.932,-9.016,-1.23,-3.884,2.31,1.68,0.56
76.0,-9.05,-1.218,-3.86,-9.093,-1.249,-3.877,2.52,1.19,0.63
,-9.074,-1.213,-3.862,-9.033,-1.213,-3.879,2.59,1.26,0.56
,-9.081,-1.184,-3.874,-9.057,-1.223,-3.857,2.45,1.12,0.49
,-9.083,-1.194,-3.908,-9.064,-1.23,-3.867,2.31,1.33,0.42
152.0,-9.093,-1.23,-3.821,-9.069,-1.204,-3.826,2.31,1.19,0.56
,-9.103,-1.268,-3.79,-9.081,-1.216,-3.821,2.17,1.26,0.49
,-9.074,-1.285,-3.86,-9.064,-1.225,-3.886,2.31,1.26,0.56
,-9.043,-1.287,-3.81,-9.06,-1.24,-3.817,2.38,1.4,0.7
228.0,-9.033,-1.263,-3.841,-9.016,-1.256,-3.869,2.38,1.33,0.84
,-9.079,-1.22,-3.888,-9.091,-1.237,-3.812,2.73,1.26,0.84
,-8.985,-1.237,-3.845,-9.095,-1.213,-3.848,2.66,1.26,0.91
,-9.04,-1.247,-3.848,-9.093,-1.213,-3.836,2.73,1.4,0.98
304.0,-9.064,-1.206,-3.838,-9.074,-1.223,-3.886,2.66,1.33,0.91
,-9.064,-1.184,-3.826,-9.05,-1.22,-3.836,2.59,1.4,0.98
,-9.06,-1.199,-3.829,-9.057,-1.254,-3.862,2.38,1.26,0.91
,-9.057,-1.232,-3.833,-9.083,-1.223,-3.879,2.45,1.54,0.98
380.0,-9.074,-1.201,-3.857,-9.021,-1.199,-3.845,2.52,1.26,0.98
,-9.052,-1.23,-3.853,-9.057,-1.24,-3.833,2.38,1.05,0.91
,-9.052,-1.275,-3.85,-9.043,-1.192,-3.877,2.38,1.26,1.05
,-9.067,-1.24,-3.831,-9.045,-1.189,-3.896,2.45,1.33,1.12
456.0,-9.11,-1.216,-3.886,-9.045,-1.213,-3.841,2.38,1.05,1.05
,-9.067,-1.23,-3.841,-9.088,-1.24,-3.788,2.38,1.26,1.19
,-9.055,-1.204,-3.833,-9.06,-1.208,-3.843,2.59,1.33,1.12
,-9.043,-1.213,-3.893,-9.079,-1.254,-3.855,2.66,1.26,0.98
532.0,-9.067,-1.278,-3.867,-9.091,-1.192,-3.831,2.24,0.98,1.05
,-9.074,-1.268,-3.819,-9.124,-1.184,-3.812,2.45,1.19,1.05
,-9.043,-1.208,-3.879,-9.095,-1.23,-3.812,2.59,0.98,1.12
,-9.079,-1.187,-3.853,-9.048,-1.235,-3.793,2.52,0.91,1.05
608.0,-9.055,-1.29,-3.769,-9.105,-1.184,-3.766,2.38,0.91,0.98
,-9.026,-1.323,-3.788,-9.088,-1.175,-3.728,2.73,1.12,1.19
,-9.05,-1.242,-3.795,-9.105,-1.204,-3.685,2.8,1.05,1.12
,-9.086,-1.201,-3.759,-9.124,-1.108,-3.738,2.73,1.4,1.05
684.0,-9.131,-1.177,-3.699,-9.091,-1.22,-3.635,1.54,1.33,0.7
,-9.093,-1.271,-3.69,-9.155,-1.177,-3.723,1.61,1.47,0.77
,-9.045,-1.297,-3.661,-9.098,-1.173,-3.747,1.75,1.61,0.91
,-9.093,-1.33,-3.678,-9.1,-1.151,-3.829,1.89,1.89,0.91
760.0,-9.086,-1.196,-3.853,-9.098,-1.177,-3.862,0.91,2.1,0.63
,-9.095,-1.117,-3.805,-9.064,-1.223,-4.03,1.19,2.03,0.7
,-9.055,-1.074,-3.898,-9.057,-1.211,-3.996,1.68,1.96,0.63
,-9.107,-1.125,-3.862,-9.026,-1.218,-3.963,1.68,1.89,0.7
836.0,-9.007,-1.273,-3.987,-9.019,-1.199,-4.018,2.52,1.26,0.77
,-9.021,-1.175,-4.015,-9.026,-1.216,-3.936,2.87,1.05,0.7
,-9.052,-1.127,-3.982,-9.05,-1.28,-3.929,2.87,0.42,0.63
,-9.045,-1.237,-4.03,-9.028,-1.244,-3.963,2.59,0.14,0.42
912.0,-9.076,-1.23,-4.018,-9.05,-1.199,-3.805,4.62,-0.84,0.84
,-9.103,-1.098,-3.862,-9.115,-1.244,-3.817,4.69,-0.7,0.98
,-9.079,-1.182,-3.924,-9.064,-1.242,-3.831,4.69,-0.98,0.91
,-9.067,-1.225,-3.862,-9.086,-1.204,-3.757,4.41,-0.98,0.84
988.0,-9.057,-1.259,-3.757,-9.136,-1.184,-3.75,5.04,-1.75,0.7
,-9.098,-1.275,-3.798,-9.088,-1.22,-3.766,5.25,-1.68,0.77
,-9.079,-1.249,-3.774,-9.124,-1.254,-3.707,5.39,-1.61,0.84
,-9.129,-1.201,-3.769,-9.117,-1.249,-3.723,5.32,-1.54,0.91
1064.0,-9.16,-1.153,-3.738,-9.172,-1.249,-3.776,5.6,-1.54,1.05
,-9.107,-1.163,-3.74,-9.115,-1.266,-3.79,5.32,-1.33,1.12
,-9.103,-1.196,-3.793,-9.153,-1.23,-3.757,5.04,-1.61,0.91
,-9.124,-1.218,-3.788,-9.074,-1.285,-3.728,4.55,-1.61,0.91
1140.0,-9.115,-1.316,-3.738,-9.139,-1.302,-3.532,4.76,-2.1,0.63
,-9.134,-1.414,-3.738,-9.155,-1.235,-3.484,5.11,-2.03,0.7
,-9.177,-1.395,-3.702,-9.189,-1.17,-3.417,6.09,-1.89,0.63
,-9.167,-1.335,-3.668,-9.198,-1.175,-3.314,7.07,-1.89,0.49
1216.0,-9.184,-1.204,-3.307,-9.172,-1.314,-3.36,7.14,-0.91,1.4
,-9.182,-1.29,-3.305,-9.127,-1.314,-3.35,6.37,-0.49,1.47
,-9.148,-1.285,-3.374,-9.141,-1.295,-3.288,5.32,-0.42,1.4
,-9.143,-1.261,-3.364,-9.186,-1.311,-3.226,4.06,-0.28,1.26
1292.0,-9.215,-1.273,-3.264,-9.127,-1.328,-3.551,0.14,1.47,1.19
,-9.206,-1.216,-3.367,-9.122,-1.429,-3.446,0.35,1.75,1.47
,-9.143,-1.196,-3.412,-9.1,-1.414,-3.403,0.28,1.96,1.68
,-9.124,-1.22,-3.458,-9.198,-1.352,-3.448,0.28,2.17,1.89
1368.0,-9.22,-1.357,-3.575,-9.105,-1.321,-3.644,1.75,3.5,2.94
,-9.083,-1.263,-3.632,-9.05,-1.242,-3.553,1.68,3.36,3.15
,-9.057,-1.338,-3.671,-9.222,-1.082,-3.556,1.47,3.29,3.36
,-9.076,-1.328,-3.728,-9.258,-0.864,-3.482,2.03,3.5,3.57
1444.0,-9.301,-0.799,-3.565,-9.002,-1.244,-3.479,0.7,3.36,2.31
,-9.206,-0.833,-3.565,-9.115,-1.223,-3.149,-1.68,3.36,1.89
,-9.091,-0.981,-3.714,-9.232,-1.134,-2.998,-3.5,3.15,1.54
,-8.942,-1.199,-3.687,-9.328,-1.072,-3.123,-3.92,3.01,1.26
1520.0,-9.189,-0.895,-3.305,-8.904,-1.381,-3.479,-1.54,6.09,1.68
,-9.11,-0.885,-3.661,-9.119,-1.283,-3.503,-3.71,6.09,1.33
,-8.971,-1.103,-3.8,-9.222,-1.127,-3.175,-6.86,6.44,1.26
,-8.813,-1.33,-3.745,-9.232,-0.945,-3.221,-8.61,6.23,1.26
1596.0,-9.036,-1.053,-3.063,-9.435,-0.794,-3.096,-7.84,7.77,0.0
,-8.99,-1.029,-2.931,-9.232,-0.893,-3.898,-6.02,8.82,0.7
,-9.299,-1.12,-3.087,-8.772,-0.957,-4.317,-4.9,9.59,0.77
,-9.385,-0.919,-3.106,-8.581,-1.015,-4.214,-3.43,10.64,1.33
1672.0,-8.89,-0.943,-3.898,-9.249,-1.22,-3.35,-1.26,10.36,1.26
,-9.016,-0.878,-3.766,-9.198,-1.524,-3.281,0.21,10.29,0.42
,-9.249,-0.814,-3.355,-9.158,-1.709,-2.938,0.14,10.78,-0.14
,-9.284,-0.9,-3.53,-9.241,-1.498,-2.929,-2.8,10.57,-1.12
1748.0,-9.062,-1.18,-3.283,-8.77,-1.393,-4.03,-0.77,14.7,1.47
,-9.019,-0.802,-3.984,-8.76,-1.713,-4.135,-1.47,13.3,1.05
,-8.949,-0.79,-4.276,-8.684,-1.742,-3.908,-4.48,12.18,1.12
,-8.859,-0.967,-4.393,-8.873,-1.541,-3.762,-6.72,12.25,1.47
1824.0,-8.722,-1.979,-3.202,-9.007,-0.079,-4.374,5.04,18.9,4.48
,-8.947,-1.962,-2.666,-8.528,0.225,-4.527,8.47,21.84,6.3
,-9.33,-1.764,-2.977,-8.421,0.177,-4.661,11.83,22.05,7.07
,-9.299,-0.967,-3.431,-8.258,-0.407,-4.764,13.65,21.07,7.0
1900.0,-8.842,-0.617,-4.424,-8.643,-0.969,-4.422,-0.28,18.76,1.19
,-9.33,-0.593,-4.511,-8.72,-1.237,-4.286,1.19,18.27,-0.42
,-9.256,-0.361,-4.369,-8.978,-0.89,-4.604,1.26,18.27,-1.33
,-8.926,-0.574,-4.377,-8.837,-0.232,-4.951,-0.07,19.32,-1.82
1976.0,-8.595,0.165,-5.714,-8.689,-1.855,-4.678,3.99,15.19,-3.78
,-8.179,0.026,-5.875,-8.744,-1.957,-4.405,-0.7,14.42,-4.76
,-8.217,-0.804,-5.705,-8.516,-2.328,-4.585,-4.13,14.98,-5.6
,-8.423,-1.505,-5.248,-8.519,-2.845,-4.42,-4.41,15.96,-6.02
2052.0,-8.538,-2.836,-4.568,-8.358,-0.498,-5.13,6.65,15.96,2.24
,-8.562,-2.3,-4.64,-8.66,-0.258,-5.389,10.78,15.4,3.64
,-8.174,-1.405,-4.903,-8.88,-0.225,-5.504,13.09,14.77,4.27
,-8.064,-0.811,-4.903,-9.086,-0.438,-5.202,12.18,14.91,4.41
2128.0,-9.005,-0.57,-5.018,-8.622,-1.084,-5.532,6.09,12.95,-0.49
,-8.61,-0.888,-5.02,-8.492,-1.302,-5.607,6.72,12.25,-0.77
,-8.32,-1.039,-5.047,-8.423,-1.421,-5.47,7.98,11.2,-0.07
,-8.2,-1.05,-5.458,-8.203,-1.302,-5.642,10.57,9.94,0.56
2204.0,-8.133,-1.161,-5.664,-8.555,-1.295,-5.138,11.83,6.44,-1.82
,-8.67,-0.979,-5.513,-8.603,-1.831,-4.951,11.34,4.62,-2.94
,-8.153,-0.581,-5.647,-8.6,-2.12,-4.779,10.78,1.68,-4.34
,-8.239,-0.713,-5.741,-8.648,-2.075,-4.669,7.77,1.4,-4.62
2280.0,-8.564,-1.809,-4.709,-8.708,-1.0,-5.121,15.61,3.36,-0.14
,-8.363,-1.718,-4.661,-8.457,-0.72,-5.317,17.43,3.71,0.28
,-8.361,-1.553,-4.759,-8.399,-1.039,-5.171,17.99,3.99,0.21
,-8.54,-1.299,-4.879,-8.181,-1.721,-4.965,18.48,4.06,0.28
2356.0,-8.373,-2.18,-4.903,-8.258,-2.072,-4.893,15.61,4.2,0.91
,-8.6,-2.158,-4.884,-8.394,-2.065,-4.987,19.11,4.97,1.68
,-8.514,-2.257,-4.803,-8.342,-2.015,-5.147,21.91,5.53,2.94
,-8.531,-2.106,-4.745,-8.323,-1.811,-5.207,24.57,5.46,3.85
2432.0,-8.593,-1.503,-5.348,-8.418,-1.206,-5.123,26.32,4.2,8.54
,-8.545,-1.062,-5.659,-8.291,-1.103,-4.972,25.62,2.66,8.26
,-8.378,-0.924,-5.772,-8.576,-1.115,-4.913,23.45,2.1,7.7
,-8.253,-1.094,-5.365,-8.622,-1.184,-4.822,21.0,2.59,7.7
2508.0,-8.437,-1.388,-4.826,-8.72,-0.799,-5.133,13.86,2.38,7.63
,-8.26,-1.326,-5.006,-8.674,-0.629,-5.248,13.65,2.73,7.63
,-8.564,-1.029,-5.183,-8.263,-0.553,-5.336,14.0,2.73,6.93
,-8.947,-0.883,-5.188,-8.492,-0.79,-5.317,13.65,2.59,5.67
2584.0,-8.579,-1.261,-5.157,-8.504,-1.61,-4.996,2.8,3.15,1.54
,-8.459,-1.34,-5.13,-8.71,-1.761,-4.989,2.87,2.94,1.47
,-8.495,-1.362,-5.142,-8.729,-1.606,-5.126,2.03,3.29,1.96
,-8.588,-1.62,-5.114,-8.885,-1.472,-5.095,1.05,3.5,2.52
2660.0,-8.495,-1.321,-5.099,-8.272,-1.175,-5.518,3.29,3.57,1.05
,-8.576,-1.342,-5.032,-8.222,-1.259,-5.621,2.66,3.78,0.84
,-8.579,-1.125,-5.336,-8.291,-1.646,-5.41,0.98,3.5,0.07
,-8.363,-1.187,-5.401,-8.428,-1.895,-5.08,-0.28,3.29,0.07
2736.0,-8.236,-2.0,-5.037,-8.555,-2.285,-5.063,-0.42,3.01,2.66
,-8.299,-2.158,-5.073,-8.303,-2.383,-4.884,0.14,3.08,3.01
,-8.667,-2.283,-5.121,-8.239,-2.247,-4.834,0.07,2.52,2.94
,-8.698,-2.197,-5.226,-8.275,-2.077,-4.989,-0.77,3.29,2.17
2812.0,-8.612,-1.716,-5.114,-8.387,-0.924,-5.238,3.71,1.33,6.44
,-8.428,-1.445,-5.219,-8.418,-0.682,-5.403,2.59,0.56,6.86
,-8.327,-1.321,-5.185,-8.545,-0.689,-5.274,1.82,0.42,7.42
,-8.308,-1.285,-5.15,-8.744,-0.706,-5.142,1.89,0.7,7.63
2888.0,-8.949,-0.436,-5.066,-8.289,-0.993,-4.86,4.76,-0.49,3.64
,-8.672,-0.421,-4.934,-8.385,-1.163,-4.836,4.34,-0.84,2.94
,-8.545,-0.555,-4.712,-8.485,-1.481,-4.901,2.73,-0.63,2.38
,-8.313,-0.715,-4.757,-8.385,-1.388,-5.027,1.68,-0.56,1.68
2964.0,-8.411,-1.285,-5.066,-8.291,-1.412,-4.113,0.91,1.47,0.56
,-8.531,-1.352,-5.231,-8.093,-2.678,-3.898,0.63,1.26,0.14
,-8.66,-1.711,-5.042,-8.48,-2.804,-3.733,1.26,1.82,0.49
,-9.361,-3.623,-2.962,-8.459,-2.278,-4.465,5.88,3.71,3.5
3040.0,-8.457,-1.469,-5.24,-8.61,-1.039,-5.456,3.57,4.9,3.15
,-8.385,-1.256,-5.487,-8.576,-1.194,-5.252,4.55,4.97,3.22
,-8.418,-1.17,-5.274,-8.559,-1.314,-5.044,3.64,5.25,3.22
,-8.459,-0.969,-5.415,-8.449,-1.493,-4.949,3.29,5.32,3.01
3116.0,-8.354,-1.5,-4.992,-8.528,-1.33,-5.439,3.29,6.44,2.87
,-8.521,-1.481,-4.956,-8.519,-1.34,-5.47,3.5,6.72,3.08
,-8.514,-1.469,-5.159,-8.574,-1.263,-5.441,3.64,6.93,3.01
,-8.555,-1.476,-5.207,-8.483,-1.268,-5.43,3.36,6.72,2.87
3192.0,-8.334,-1.414,-5.315,-8.349,-1.376,-5.296,0.98,4.83,2.45
,-8.423,-1.407,-5.37,-8.399,-1.129,-5.398,0.84,4.83,2.45
,-8.375,-1.34,-5.298,-8.497,-0.517,-5.616,0.35,4.55,2.45
,-8.325,-1.395,-5.329,-8.619,-0.292,-5.52,0.21,4.97,2.38
3268.0,-8.698,-0.543,-5.303,-8.332,-0.797,-5.252,-2.52,4.69,-0.49
,-8.751,-0.761,-5.085,-8.129,-0.79,-5.465,-4.41,4.9,-1.05
,-8.744,-1.0,-4.877,-8.334,-0.993,-5.418,-6.09,4.76,-1.05
,-8.559,-0.981,-5.066,-8.533,-1.359,-5.336,-6.09,3.5,-1.26
3344.0,-8.526,-1.596,-5.217,-8.251,-1.534,-5.441,-11.97,0.91,0.42
,-8.413,-1.776,-5.284,-8.217,-1.457,-5.614,-11.9,0.91,1.19
,-8.402,-1.929,-5.315,-8.437,-1.223,-5.542,-10.99,0.42,2.17
,-8.411,-1.723,-5.489,-8.39,-1.211,-5.487,-8.96,-0.7,2.73
3420.0,-8.39,-0.998,-5.48,-8.413,-0.536,-5.516,-11.2,-1.12,6.51
,-8.43,-0.806,-5.659,-8.325,-0.512,-5.628,-11.06,-1.19,6.72
,-8.502,-0.72,-5.497,-8.437,-0.359,-5.76,-11.62,-1.19,6.3
,-8.66,-0.677,-5.264,-8.581,-0.376,-5.662,-11.69,-0.7,5.46
3496.0,-8.806,-0.531,-6.277,-8.521,-0.866,-5.518,-5.11,-0.42,4.2
,-8.428,-0.701,-5.721,-8.634,-0.909,-5.48,-2.59,-0.56,2.17
,-8.476,-0.687,-5.69,-8.418,-1.031,-5.532,-1.54,-0.63,0.77
,-8.538,-0.79,-5.564,-8.203,-1.022,-5.604,-1.89,-0.63,-0.21
3572.0,-8.124,-1.125,-5.654,-8.406,-1.412,-5.099,-4.41,-4.48,-0.63
,-8.361,-1.18,-5.446,-8.435,-1.402,-5.217,-3.5,-5.18,-0.49
,-8.342,-1.228,-5.41,-8.323,-1.304,-5.341,-2.31,-5.88,-0.63
,-8.452,-1.273,-5.343,-8.547,-1.273,-5.262,-2.1,-6.3,-0.63
3648.0,-8.567,-1.275,-5.207,-8.313,-1.302,-5.152,1.68,-9.31,1.19
,-8.485,-1.223,-5.092,-8.284,-1.534,-4.929,1.12,-9.87,0.91
,-8.37,-1.015,-5.159,-8.351,-1.278,-5.152,-0.14,-9.94,1.33
,-8.466,-1.761,-4.776,-8.449,-1.149,-5.025,-3.85,-11.48,2.24
3724.0,-8.48,-1.029,-5.126,-8.512,-0.723,-5.025,0.42,-9.8,4.97
,-8.603,-1.055,-5.087,-8.521,-0.754,-5.025,0.63,-8.89,5.67
,-8.71,-0.972,-4.893,-8.626,-0.749,-4.989,1.75,-9.17,6.65
,-8.559,-0.864,-4.98,-8.643,-0.751,-4.85,2.52,-9.73,6.65
3800.0,-8.552,-0.715,-4.865,-8.878,-0.469,-4.882,2.17,-9.03,6.23
,-8.399,-0.668,-4.932,-8.928,-0.29,-4.815,2.8,-8.68,6.37
,-8.483,-0.639,-4.87,-8.722,-0.304,-4.721,3.43,-8.47,6.3
,-8.763,-0.627,-4.829,-8.435,-0.426,-4.587,3.99,-8.82,5.95
3876.0,-8.526,-0.447,-4.477,-8.452,-0.514,-4.405,2.31,-9.87,0.7
,-8.61,-0.577,-4.515,-8.516,-0.663,-4.228,3.43,-12.53,-0.21
,-8.753,-0.445,-4.357,-8.631,-0.656,-4.252,2.38,-10.85,1.54
,-8.744,-0.261,-4.207,-8.787,-0.644,-4.24,1.89,-10.64,1.19
3952.0,-8.923,-0.536,-4.061,-8.665,-0.838,-4.429,-0.56,-10.71,-1.75
,-8.787,-0.55,-3.963,-8.842,-0.771,-4.664,-0.84,-10.29,-2.59
,-8.827,-0.622,-3.97,-8.897,-0.656,-5.116,-1.96,-10.01,-2.73
,-8.713,-0.809,-4.204,-8.72,-0.663,-4.87,-2.8,-10.78,-2.59
4028.0,-8.911,-0.833,-4.48,-8.495,-1.261,-5.059,-0.77,-11.9,-2.66
,-8.839,-1.067,-4.302,-8.519,-1.237,-5.305,-0.56,-11.62,-3.01
,-8.856,-1.173,-4.207,-8.521,-1.177,-4.91,-0.42,-12.18,-3.29
,-8.792,-1.194,-4.606,-8.734,-1.043,-4.453,-1.12,-13.58,-2.87
4104.0,-9.036,-0.806,-4.063,-8.899,-1.173,-3.652,8.26,-13.16,0.42
,-9.136,-0.605,-4.259,-9.139,-1.053,-3.415,6.79,-15.4,-0.42
,-8.961,-0.629,-4.207,-9.091,-0.699,-3.479,4.13,-17.08,0.07
,-8.882,-0.964,-4.097,-8.866,-0.316,-3.317,1.68,-16.94,1.19
4180.0,-8.856,-0.249,-3.565,-8.823,-0.34,-4.207,10.43,-14.91,1.54
,-8.995,-0.306,-3.324,-8.806,-0.45,-3.754,9.03,-14.42,1.12
,-9.04,-0.424,-3.707,-8.873,-0.828,-3.336,6.65,-15.05,-0.7
,-9.213,-0.213,-4.137,-9.521,-0.73,-3.355,6.79,-15.96,-1.68
4256.0,-9.34,-0.665,-4.003,-9.351,-1.263,-2.989,4.48,-16.59,-4.69
,-8.878,-0.505,-3.884,-9.426,-0.586,-3.154,1.12,-17.92,-4.13
,-8.938,-0.933,-3.695,-9.332,-0.266,-3.563,-2.03,-17.01,-3.08
,-9.043,-1.426,-3.195,-9.304,-0.443,-3.573,-0.28,-15.33,-2.94
4332.0,-8.966,-0.799,-3.41,-9.366,-0.534,-2.97,-4.9,-15.68,-4.34
,-8.954,-1.132,-3.242,-9.533,-0.577,-2.984,-3.01,-13.86,-4.13
,-8.873,-1.082,-2.742,-9.517,-0.785,-3.096,1.89,-11.62,-3.43
,-9.261,-0.751,-3.053,-9.454,-0.847,-3.178,5.11,-10.99,-3.5
4408.0,-9.294,-0.883,-3.221,-9.237,-0.668,-3.687,3.29,-7.35,-2.73
,-9.174,-0.845,-3.077,-9.347,-0.541,-4.503,3.92,-6.58,-2.66
,-9.359,-0.747,-3.393,-9.206,-0.804,-4.566,5.11,-6.16,-2.59
,-9.337,-0.778,-3.781,-8.863,-1.139,-4.31,4.48,-6.65,-2.73
4484.0,-8.861,-1.419,-3.757,-9.576,-1.003,-2.62,3.29,-10.15,-2.17
,-9.081,-1.467,-3.12,-9.548,-1.067,-2.606,5.67,-9.8,-1.75
,-9.459,-1.362,-3.034,-9.273,-1.096,-2.534,6.86,-10.01,-1.75
,-9.524,-1.213,-2.659,-9.22,-1.228,-2.173,6.72,-10.08,-1.47
4560.0,-9.438,-1.113,-2.302,-9.689,-0.835,-2.402,4.9,-6.02,0.21
,-9.457,-1.005,-2.245,-9.32,-1.072,-2.206,5.74,-4.9,0.42
,-9.371,-0.857,-2.132,-9.081,-1.354,-2.168,5.53,-4.2,0.56
,-9.543,-0.672,-2.158,-9.34,-1.419,-2.213,5.46,-3.57,0.63
4636.0,-9.605,-1.165,-2.493,-9.325,-1.012,-2.639,5.04,1.75,0.91
,-9.5,-0.881,-2.505,-9.351,-1.055,-2.752,5.32,2.31,1.26
,-9.464,-0.727,-2.601,-9.478,-1.005,-3.017,3.99,2.94,1.33
,-9.442,-0.802,-2.675,-9.469,-0.897,-3.25,2.45,3.57,0.98
4712.0,-9.344,-0.876,-3.63,-9.239,-1.17,-3.228,4.69,4.48,1.19
,-9.076,-0.902,-3.774,-9.409,-1.127,-2.869,3.22,3.64,0.7
,-8.976,-0.993,-3.719,-9.524,-0.962,-2.742,1.75,3.22,0.42
,-9.057,-1.094,-3.501,-9.569,-0.797,-2.668,1.75,3.22,0.56
4788.0,-9.572,-0.718,-2.666,-9.5,-0.909,-2.79,2.59,4.62,1.12
,-9.368,-0.888,-2.584,-9.586,-0.665,-3.032,1.26,5.04,1.19
,-9.325,-1.062,-2.568,-9.495,-0.677,-3.436,1.05,5.6,1.12
,-9.485,-1.089,-2.709,-9.241,-0.754,-3.673,1.75,6.37,0.91
4864.0,-9.067,-0.979,-3.759,-9.244,-0.998,-3.269,-2.45,5.46,-0.14
,-9.026,-1.144,-3.8,-9.387,-1.108,-3.273,-1.4,5.32,0.0
,-9.146,-1.153,-3.898,-9.378,-1.046,-3.257,0.42,4.9,0.0
,-9.244,-1.065,-3.711,-9.407,-0.969,-3.199,1.82,4.76,0.42
4940.0,-9.404,-0.89,-3.266,-9.294,-0.96,-3.216,2.17,4.2,0.42
,-9.335,-0.873,-3.34,-9.373,-0.914,-3.19,1.68,4.27,0.35
,-9.313,-0.909,-3.288,-9.402,-0.744,-3.271,1.26,4.41,0.28
,-9.356,-0.94,-3.329,-9.38,-0.771,-3.336,0.98,4.48,0.0
5016.0,-9.275,-0.957,-3.46,-9.189,-1.182,-3.53,-3.78,3.01,-1.54
,-9.234,-1.039,-3.549,-9.277,-0.988,-3.52,-3.43,3.15,-1.61
,-9.158,-1.125,-3.58,-9.261,-0.924,-3.534,-2.52,3.08,-1.47
,-9.148,-1.266,-3.506,-9.256,-0.948,-3.458,-1.05,3.22,-1.05
5092.0,-9.21,-0.921,-3.386,-9.284,-0.998,-3.29,1.89,2.73,-0.49
,-9.296,-0.919,-3.343,-9.318,-0.974,-3.23,1.61,2.87,-0.56
,-9.294,-0.969,-3.269,-9.294,-0.895,-3.269,1.54,2.87,-0.56
,-9.258,-0.928,-3.238,-9.277,-0.866,-3.285,1.54,3.01,-0.42
5168.0,-9.325,-0.95,-3.235,-9.246,-1.024,-3.484,-0.07,3.29,-0.84
,-9.356,-0.979,-3.336,-9.234,-1.086,-3.486,0.0,3.22,-0.98
,-9.301,-0.952,-3.408,-9.201,-1.125,-3.403,0.0,3.08,-0.98
,-9.287,-0.967,-3.448,-9.189,-1.074,-3.498,0.49,3.01,-0.91
5244.0,-9.241,-1.012,-3.479,-9.27,-1.077,-3.257,2.45,2.94,-0.7
,-9.251,-1.012,-3.367,-9.301,-1.053,-3.221,2.24,2.73,-0.63
,-9.253,-1.007,-3.309,-9.387,-0.969,-3.391,1.75,2.8,-0.77
,-9.249,-1.053,-3.276,-9.27,-0.983,-3.522,1.68,3.01,-0.63
5320.0,-9.158,-1.027,-3.609,-9.227,-0.979,-3.443,1.26,2.8,-0.7
,-9.088,-1.134,-3.642,-9.222,-1.022,-3.506,1.75,2.73,-0.63
,-9.167,-1.094,-3.623,-9.186,-1.115,-3.386,2.73,2.45,-0.63
,-9.186,-1.031,-3.498,-9.15,-1.235,-3.4,3.15,2.38,-0.7
5396.0,-9.217,-1.228,-3.281,-9.213,-1.048,-3.326,3.64,2.38,-0.07
,-9.258,-1.113,-3.25,-9.213,-1.11,-3.403,4.48,2.59,0.07
,-9.342,-0.993,-3.233,-9.174,-1.23,-3.463,4.69,2.73,0.14
,-9.335,-0.964,-3.285,-9.217,-1.187,-3.422,3.99,2.8,0.14
5472.0,-9.234,-1.098,-3.532,-9.241,-1.103,-3.439,3.71,2.87,0.35
,-9.189,-1.196,-3.422,-9.158,-1.091,-3.419,3.71,2.87,0.49
,-9.275,-1.096,-3.422,-9.141,-1.177,-3.278,3.99,2.94,0.7
,-9.294,-1.079,-3.455,-9.253,-1.278,-3.183,3.85,2.94,0.56
5548.0,-9.179,-1.208,-2.996,-9.215,-1.151,-2.864,4.55,4.13,1.4
,-9.244,-1.094,-2.843,-9.103,-1.177,-2.917,5.18,4.62,1.75
,-9.363,-0.995,-2.843,-9.115,-1.247,-2.718,4.69,5.25,1.75
,-9.289,-1.039,-2.759,-9.256,-1.187,-2.824,2.8,5.88,1.68
5624.0,-9.435,-1.12,-2.749,-8.954,-1.132,-2.97,2.03,9.59,2.24
,-9.351,-1.039,-2.647,-8.964,-1.182,-2.714,0.28,10.29,2.24
,-9.344,-0.993,-2.833,-9.081,-1.122,-2.828,-2.03,10.36,1.96
,-9.229,-1.108,-2.994,-9.397,-1.041,-2.558,-4.13,10.57,1.68
5700.0,-9.428,-0.713,-2.804,-9.141,-1.505,-2.285,-7.7,12.67,0.98
,-9.213,-0.632,-3.077,-9.402,-0.995,-3.029,-12.39,11.69,0.91
,-8.851,-0.89,-2.56,-9.179,-0.457,-3.702,-16.31,12.67,1.61
,-8.842,-1.232,-2.546,-9.232,-0.294,-3.877,-16.31,15.26,1.89
5776.0,-8.842,-0.462,-4.19,-9.265,-0.524,-5.118,-12.67,16.59,3.22
,-8.691,-0.629,-3.903,-8.581,-0.488,-5.169,-13.02,17.71,4.2
,-8.82,-0.974,-3.788,-8.516,-0.507,-4.939,-12.6,19.95,4.41
,-9.232,-0.814,-3.589,-8.734,-1.194,-4.427,-8.05,21.07,3.43
5852.0,-9.129,-1.572,-3.374,-8.954,-0.864,-3.147,-8.33,19.95,2.66
,-9.191,-1.381,-3.833,-9.457,-1.371,-3.151,-0.98,20.16,1.75
,-8.756,-0.95,-3.324,-9.634,-1.24,-3.477,3.64,19.6,1.19
,-8.622,-0.536,-3.029,-9.028,-0.715,-4.243,4.62,20.16,2.31
5928.0,-8.612,0.105,-4.877,-8.981,-1.206,-5.059,7.42,20.58,3.78
,-7.921,-0.026,-5.803,-8.815,-1.089,-4.604,2.03,17.78,1.82
,-8.303,-0.467,-5.561,-8.844,-1.113,-4.092,-2.87,16.45,0.84
,-8.89,-0.986,-5.561,-8.832,-1.017,-4.221,-4.2,14.7,-0.14
6004.0,-8.748,-1.101,-4.432,-8.823,0.026,-4.652,4.2,16.87,-0.56
,-8.674,-1.275,-4.489,-8.418,0.168,-5.415,4.27,18.76,1.61
,-8.648,-1.034,-4.011,-8.33,-0.194,-5.58,6.3,21.07,3.08
,-9.143,-0.51,-3.802,-8.48,-0.663,-5.099,10.64,21.14,3.08
6080.0,-8.698,-0.943,-4.889,-8.665,-1.649,-4.929,0.56,16.03,-0.7
,-8.61,-1.271,-4.85,-8.581,-1.173,-5.114,1.82,16.45,-1.75
,-8.698,-1.744,-4.702,-8.466,-0.907,-5.238,2.87,16.8,-0.91
,-8.918,-1.874,-4.791,-8.574,-0.56,-5.599,5.18,15.61,0.84
6156.0,-8.447,-0.419,-6.15,-8.804,-1.596,-4.499,10.78,11.27,1.68
,-8.471,-0.156,-5.784,-8.796,-1.709,-4.18,7.91,10.78,0.49
,-8.65,-0.543,-5.585,-8.88,-1.653,-4.133,3.5,11.55,-0.84
,-8.861,-1.184,-4.915,-8.856,-1.67,-4.279,0.98,12.6,-1.82
6232.0,-8.756,-1.184,-4.585,-8.428,-0.261,-5.279,12.95,14.98,3.15
,-8.287,-0.579,-5.303,-8.933,-0.467,-4.829,14.91,13.16,4.34
,-7.976,-0.134,-5.623,-8.966,-0.589,-4.834,13.65,11.9,4.62
,-8.114,-0.077,-5.561,-8.55,-1.007,-4.932,10.85,12.25,3.5
6308.0,-8.346,-1.292,-5.035,-8.409,-1.053,-5.793,4.34,11.69,-0.35
,-8.346,-1.697,-5.061,-8.138,-0.625,-6.04,5.74,11.9,0.14
,-8.547,-1.771,-5.085,-8.193,-0.565,-6.016,8.61,11.62,0.49
,-8.619,-1.543,-5.43,-8.332,-0.579,-5.824,12.11,10.43,0.84
6384.0,-8.457,-0.668,-5.678,-8.507,-2.053,-4.92,9.24,6.58,-0.98
,-8.5,-0.931,-5.36,-8.516,-1.579,-4.908,7.7,5.74,-1.19
,-8.564,-1.381,-5.118,-8.32,-1.12,-5.116,5.88,4.62,-1.12
,-8.397,-1.941,-4.953,-8.258,-0.639,-5.207,5.67,4.9,-0.21
6460.0,-8.547,-0.464,-5.147,-8.543,-0.258,-5.272,11.69,4.13,0.91
,-8.447,-0.266,-5.185,-8.552,-0.364,-5.288,10.01,3.85,0.21
,-8.437,-0.112,-5.26,-8.579,-0.574,-5.106,8.54,4.06,-0.84
,-8.318,-0.337,-5.13,-8.576,-0.854,-5.114,7.42,4.69,-1.96
6536.0,-8.459,-1.151,-5.2,-8.279,-2.187,-5.334,9.17,5.18,-4.55
,-8.404,-1.352,-5.183,-8.294,-2.3,-5.568,9.8,4.97,-3.92
,-8.174,-1.582,-5.305,-8.229,-1.967,-5.709,11.06,4.48,-3.29
,-8.122,-1.91,-5.43,-8.308,-1.307,-5.626,11.27,4.9,-2.52
6612.0,-8.136,-0.742,-5.659,-8.552,-1.18,-5.071,16.8,3.29,1.12
,-8.016,-0.278,-5.705,-8.392,-1.608,-5.068,15.05,2.73,-0.14
,-8.485,-0.325,-5.453,-8.641,-1.735,-5.039,11.41,3.01,-0.77
,-8.732,-0.596,-5.24,-8.404,-1.699,-5.255,7.77,3.71,-0.91
6688.0,-8.495,-1.438,-5.396,-8.119,-1.266,-5.616,11.9,7.0,1.12
,-8.471,-1.189,-5.422,-8.179,-1.512,-5.523,11.69,6.02,0.84
,-8.066,-1.158,-5.506,-8.392,-1.474,-5.568,9.94,5.11,0.77
,-7.932,-1.35,-5.568,-8.433,-1.615,-5.532,7.98,5.53,0.84
6764.0,-8.416,-1.606,-5.559,-8.267,-1.168,-5.693,4.69,4.55,2.17
,-8.497,-1.701,-5.487,-8.571,-1.005,-5.91,4.13,4.69,2.45
,-8.356,-1.491,-5.398,-8.39,-1.101,-5.784,5.32,4.48,2.73
,-8.141,-1.232,-5.52,-8.2,-1.4,-5.755,5.18,3.78,2.59
6840.0,-7.971,-1.95,-5.504,-8.38,-1.472,-5.432,-0.07,1.12,3.71
,-8.169,-2.101,-5.552,-8.461,-1.376,-5.492,1.19,0.28,4.13
,-8.323,-2.01,-5.58,-8.392,-1.383,-5.391,3.29,-0.49,4.34
,-8.315,-1.811,-5.532,-8.1,-1.328,-5.281,4.97,-0.77,4.76
6916.0,-8.122,-1.079,-5.305,-8.447,-0.995,-5.188,5.39,-2.52,3.85
,-8.224,-0.926,-5.264,-8.406,-1.103,-5.099,4.69,-1.96,3.29
,-8.461,-0.938,-5.205,-8.418,-1.28,-5.047,4.55,-1.61,2.94
,-8.483,-0.9,-5.185,-8.294,-1.256,-5.047,4.62,-1.54,3.01
6992.0,-8.138,-1.268,-5.236,-8.423,-1.366,-5.267,6.72,-0.35,3.78
,-8.22,-1.366,-5.166,-8.356,-1.345,-5.231,6.79,0.21,3.99
,-8.397,-1.515,-5.152,-8.177,-1.362,-5.252,6.93,0.63,3.78
,-8.533,-1.498,-5.173,-8.186,-1.345,-5.307,7.98,1.19,3.85
7068.0,-8.483,-1.268,-5.389,-8.346,-1.445,-5.276,6.72,2.66,3.99
,-8.536,-1.211,-5.418,-8.301,-1.381,-5.293,6.51,2.38,3.85
,-8.385,-1.196,-5.403,-8.299,-1.421,-5.386,6.3,1.96,3.22
,-8.358,-1.318,-5.406,-8.413,-1.397,-5.324,5.74,1.89,2.87
7144.0,-8.404,-1.235,-5.358,-8.411,-1.481,-5.255,6.51,3.92,2.87
,-8.413,-0.945,-5.446,-8.351,-1.563,-5.14,6.16,3.29,2.66
,-8.282,-1.003,-5.394,-8.272,-1.505,-5.162,4.13,2.87,2.52
,-8.334,-1.302,-5.303,-8.354,-1.307,-5.231,2.59,2.52,2.45
7220.0,-8.373,-1.153,-5.372,-8.48,-0.737,-5.473,4.06,3.43,2.17
,-8.435,-1.072,-5.348,-8.378,-0.462,-5.666,3.01,3.92,2.31
,-8.315,-1.007,-5.336,-8.354,-0.692,-5.628,2.87,4.34,2.17
,-8.413,-0.806,-5.427,-8.54,-0.907,-5.614,2.38,4.69,1.75
7296.0,-8.478,-1.086,-5.544,-8.346,-1.201,-5.449,-4.27,3.85,-1.19
,-8.323,-1.271,-5.485,-8.277,-1.271,-5.525,-4.41,4.34,-0.98
,-8.342,-1.364,-5.413,-8.349,-1.24,-5.372,-4.48,5.04,-0.7
,-8.311,-1.311,-5.391,-8.387,-1.383,-5.047,-3.71,5.32,-0.63
7372.0,-8.181,-1.429,-5.202,-8.344,-0.957,-5.523,-7.49,4.62,1.19
,-8.162,-1.457,-5.145,-8.325,-1.007,-5.511,-7.49,4.2,1.75
,-8.301,-1.484,-5.109,-8.27,-0.883,-5.733,-6.51,3.5,2.1
,-8.425,-1.082,-5.358,-8.354,-1.074,-5.422,-5.88,2.24,2.1
7448.0,-8.392,-1.058,-5.595,-8.282,-1.536,-5.073,-10.57,0.91,3.99
,-8.291,-1.048,-5.58,-8.392,-1.027,-5.922,-9.38,0.0,4.13
,-8.189,-0.881,-5.836,-8.538,-1.041,-5.614,-8.75,-0.56,4.55
,-8.155,-0.981,-5.843,-8.442,-1.106,-5.446,-9.73,-0.07,5.46
7524.0,-8.205,-1.019,-5.456,-8.524,-1.067,-5.731,-9.59,-2.73,5.32
,-8.2,-0.84,-5.698,-8.421,-0.993,-5.664,-9.52,-2.94,5.39
,-8.133,-1.024,-5.647,-8.375,-0.957,-5.583,-10.29,-2.94,5.46
,-8.406,-1.098,-5.595,-8.392,-1.007,-5.284,-9.73,-3.08,5.04
7600.0,-8.184,-1.082,-5.461,-8.358,-1.098,-5.48,-6.65,-2.38,3.08
,-8.256,-1.096,-5.403,-8.227,-1.139,-5.458,-5.53,-1.75,3.43
,-8.433,-1.055,-5.365,-8.272,-1.106,-5.343,-4.06,-1.68,3.71
,-8.471,-1.106,-5.37,-8.318,-0.948,-5.444,-2.52,-1.05,3.85
7676.0,-8.413,-0.799,-5.468,-8.39,-1.022,-5.501,3.99,-2.52,4.76
,-8.289,-0.78,-5.473,-8.495,-1.302,-5.31,3.36,-3.78,3.99
,-8.296,-0.773,-5.52,-8.693,-1.244,-5.226,1.82,-4.41,3.57
,-8.318,-0.952,-5.43,-8.488,-0.914,-5.25,0.21,-4.55,3.64
7752.0,-8.265,-0.361,-5.681,-8.653,-0.766,-5.145,2.52,-8.26,4.97
,-8.174,-0.179,-5.367,-8.866,-0.828,-5.147,0.49,-8.68,5.46
,-8.066,-0.036,-5.98,-8.732,-0.577,-5.343,0.63,-9.03,4.27
,-8.294,-0.682,-5.207,-8.478,-0.395,-5.461,-2.24,-8.4,3.71
7828.0,-8.349,-0.337,-5.619,-8.478,-0.558,-5.159,2.59,-7.35,2.66
,-8.344,-0.294,-5.487,-8.581,-0.747,-5.219,2.94,-6.16,3.36
,-8.253,-0.4,-5.427,-8.55,-0.938,-5.386,2.66,-5.95,2.87
,-8.457,-0.44,-5.255,-8.368,-1.065,-5.391,2.31,-5.74,1.96
7904.0,-8.44,-1.058,-5.279,-8.646,-0.565,-5.13,2.87,-8.68,2.1
,-8.595,-0.89,-5.063,-8.543,-0.675,-5.252,4.48,-8.68,1.82
,-8.595,-0.613,-5.056,-8.717,-0.725,-5.111,4.76,-9.52,1.19
,-8.631,-0.452,-4.999,-9.354,-0.821,-5.016,3.71,-10.15,0.98
7980.0,-8.27,-0.493,-5.343,-8.634,-0.407,-4.81,2.59,-11.9,0.21
,-8.717,-0.261,-4.712,-8.607,-0.577,-4.989,2.45,-11.9,-0.42
,-8.296,-0.249,-5.008,-8.67,-0.625,-4.788,0.7,-12.74,-1.68
,-8.524,-0.38,-4.805,-8.667,-0.558,-4.831,-0.98,-12.95,-2.45
8056.0,-8.586,-0.555,-4.513,-8.899,-0.833,-4.073,0.0,-13.65,-4.34
,-8.665,-0.672,-4.209,-8.949,-1.067,-3.987,0.35,-13.02,-4.69
,-8.701,-0.574,-4.283,-9.036,-1.149,-4.214,-0.49,-13.65,-5.81
,-8.567,-0.637,-4.039,-8.751,-0.998,-4.185,-2.17,-13.44,-6.09
8132.0,-8.631,-0.725,-4.226,-8.581,-0.988,-4.302,0.7,-11.97,-4.41
,-8.528,-0.641,-4.058,-8.581,-1.242,-4.116,0.84,-11.62,-4.9
,-8.571,-0.62,-3.934,-8.741,-1.484,-3.805,0.28,-11.27,-4.97
,-8.653,-0.718,-4.245,-9.117,-1.314,-3.707,-1.82,-12.04,-4.97
8208.0,-9.155,-0.866,-3.946,-8.923,-0.902,-3.939,5.67,-9.38,-1.89
,-8.885,-0.589,-4.101,-8.823,-0.727,-4.226,4.55,-9.8,-1.26
,-8.741,-0.715,-3.932,-8.576,-0.663,-4.319,2.87,-9.31,-0.21
,-8.851,-0.926,-3.987,-8.629,-0.79,-4.044,2.8,-8.4,-0.28
8284.0,-8.902,-0.852,-4.25,-8.993,-0.361,-4.319,4.55,-8.26,-0.35
,-8.942,-0.816,-4.094,-8.813,-0.62,-4.508,4.97,-8.4,-0.84
,-9.146,-0.651,-3.845,-8.698,-0.864,-4.109,6.09,-7.91,-0.42
,-9.098,-0.493,-4.235,-8.916,-1.005,-4.068,4.69,-9.03,-1.68
8360.0,-9.093,-0.761,-3.898,-8.911,-0.792,-3.81,5.11,-9.73,-2.38
,-9.174,-0.603,-3.836,-9.009,-0.802,-3.695,5.74,-9.66,-2.17
,-9.153,-0.517,-4.381,-9.194,-0.514,-4.152,3.5,-10.71,-3.01
,-8.89,-0.663,-4.133,-8.899,-0.242,-4.972,1.4,-10.01,-2.87
8436.0,-8.641,-0.536,-4.771,-9.191,-0.493,-4.197,-0.63,-9.87,-3.5
,-8.765,-1.065,-4.616,-9.153,-0.421,-3.955,-0.63,-8.75,-3.01
,-8.938,-1.211,-4.226,-9.167,-0.565,-4.223,5.11,-7.42,-2.94
,-9.069,-0.869,-3.939,-9.043,-0.708,-4.111,11.48,-7.35,-2.66
8512.0,-8.928,-0.854,-4.152,-9.112,-1.01,-2.915,8.19,-10.08,-4.2
,-8.993,-0.861,-3.774,-9.189,-1.24,-2.824,8.4,-10.01,-4.27
,-9.057,-0.945,-3.697,-9.179,-1.433,-2.45,7.42,-10.64,-5.18
,-8.942,-0.749,-3.302,-9.268,-1.421,-2.467,6.3,-10.64,-5.39
8588.0,-9.198,-1.385,-2.412,-9.263,-1.089,-3.039,3.57,-5.18,-3.43
,-9.203,-1.249,-2.735,-9.28,-1.067,-3.46,4.2,-4.48,-2.94
,-9.143,-1.196,-2.73,-9.263,-0.826,-4.386,4.06,-3.57,-2.52
,-9.036,-1.074,-2.709,-8.952,-0.727,-4.853,3.85,-2.24,-2.03
8664.0,-8.729,-1.012,-5.037,-9.485,-1.46,-3.254,-2.31,-4.41,-3.08
,-8.631,-1.488,-4.721,-9.605,-1.003,-3.458,-1.12,-3.99,-2.59
,-8.804,-1.869,-4.154,-9.363,-0.761,-3.63,2.94,-3.43,-1.47
,-9.134,-1.613,-3.75,-9.208,-0.735,-3.673,7.91,-3.01,-0.35
8740.0,-8.971,-1.065,-3.625,-9.349,-1.039,-3.063,4.06,-3.99,-0.28
,-8.976,-1.35,-3.386,-9.201,-0.969,-2.982,4.9,-3.22,0.0
,-9.165,-1.385,-3.154,-9.182,-1.065,-3.07,6.93,-2.31,0.42
,-9.407,-1.163,-3.166,-9.052,-1.17,-2.96,8.89,-2.17,0.49
8816.0,-9.194,-1.161,-2.905,-9.493,-0.842,-3.355,7.21,0.77,0.77
,-9.22,-1.129,-2.757,-9.249,-0.811,-3.723,7.21,1.75,0.77
,-9.304,-1.216,-2.661,-9.014,-1.005,-3.963,6.44,2.94,0.98
,-9.459,-1.117,-2.883,-8.921,-1.158,-4.104,5.81,3.43,0.91
8892.0,-8.89,-1.192,-3.975,-9.33,-1.039,-3.81,0.84,2.38,-0.42
,-9.062,-1.194,-3.793,-9.119,-1.139,-3.661,2.24,2.66,-0.14
,-9.289,-1.139,-3.616,-8.976,-1.28,-3.812,2.73,2.59,-0.07
,-9.409,-1.074,-3.661,-9.062,-1.393,-3.759,2.52,2.03,-0.28
8968.0,-9.186,-1.24,-3.544,-9.172,-1.012,-3.36,1.82,1.33,0.0
,-9.246,-1.254,-3.319,-9.16,-1.11,-3.362,2.45,1.54,0.21
,-9.328,-1.17,-3.266,-9.241,-1.156,-3.573,2.8,1.82,0.35
,-9.318,-1.039,-3.295,-9.16,-1.184,-3.616,2.66,1.75,0.28
9044.0,-9.112,-1.163,-3.68,-9.103,-1.06,-3.798,1.26,2.38,0.21
,-9.112,-1.149,-3.728,-9.076,-1.177,-3.618,1.61,2.24,0.21
,-9.143,-1.149,-3.754,-9.165,-1.254,-3.57,2.1,2.17,0.42
,-9.139,-1.082,-3.857,-9.155,-1.216,-3.534,2.17,2.1,0.42
9120.0,-9.198,-1.156,-3.491,-9.184,-1.05,-3.575,2.87,2.03,0.7
,-9.227,-1.156,-3.34,-9.141,-1.031,-3.625,2.52,2.24,0.77
,-9.244,-1.146,-3.403,-9.139,-1.079,-3.64,2.03,2.31,0.63
,-9.201,-1.103,-3.475,-9.069,-1.184,-3.565,1.54,2.38,0.63
9196.0,-9.213,-1.144,-3.692,-9.124,-1.106,-3.814,1.82,2.52,0.63
,-9.15,-1.089,-3.723,-9.067,-1.22,-3.776,2.03,2.31,0.63
,-9.239,-1.053,-3.678,-9.079,-1.333,-3.649,1.89,2.24,0.56
,-9.261,-1.077,-3.888,-9.146,-1.275,-3.647,1.4,1.61,0.28
9272.0,-9.174,-1.115,-3.412,-9.15,-1.027,-3.479,3.99,1.61,0.91
,-9.196,-1.029,-3.424,-9.127,-1.106,-3.594,3.71,1.75,0.84
,-9.21,-1.048,-3.269,-9.158,-1.163,-3.671,3.15,1.96,0.7
,-9.249,-1.017,-3.482,-9.103,-1.213,-3.659,2.45,1.89,0.49
9348.0,-9.143,-1.153,-3.661,-9.158,-1.048,-3.788,1.4,2.17,0.28
,-9.15,-1.122,-3.685,-9.16,-1.129,-3.771,1.47,2.31,0.35
,-9.217,-1.129,-3.609,-9.083,-1.278,-3.776,1.19,2.17,0.28
,-9.198,-1.094,-3.692,-9.076,-1.287,-3.762,0.98,1.61,0.14
9424.0,-9.052,-1.204,-3.771,-9.206,-1.228,-3.513,2.66,1.47,0.7
,-9.122,-1.141,-3.716,-9.122,-1.273,-3.393,3.08,1.33,0.77
,-9.225,-1.115,-3.623,-9.136,-1.242,-3.297,2.94,1.19,0.84
,-9.153,-1.144,-3.642,-9.179,-1.11,-3.331,2.31,1.33,0.84
9500.0,-9.203,-1.039,-3.441,-9.062,-1.196,-3.494,2.87,2.38,1.47
,-9.189,-1.041,-3.436,-9.086,-1.17,-3.503,2.03,2.31,1.33
,-9.148,-1.034,-3.475,-9.074,-1.163,-3.448,1.33,2.45,1.19
,-9.141,-1.149,-3.551,-9.158,-1.117,-3.563,0.84,2.73,1.12
9576.0,-9.098,-1.053,-3.549,-9.263,-1.058,-3.326,1.54,3.71,1.75
,-9.06,-1.062,-3.611,-9.361,-0.873,-3.372,0.49,3.64,1.54
,-9.021,-1.28,-3.458,-9.296,-0.919,-3.494,-0.14,4.06,1.47
,-9.148,-1.156,-3.362,-9.105,-1.022,-3.367,0.56,4.27,1.4
9652.0,-9.158,-1.235,-3.297,-9.069,-1.199,-2.9,-6.51,2.94,0.14
,-9.139,-1.129,-3.508,-9.117,-1.256,-2.845,-6.86,2.8,-0.21
,-9.177,-1.311,-3.017,-9.103,-1.4,-2.714,-8.89,3.36,-0.07
,-9.165,-1.019,-3.278,-9.194,-1.56,-2.338,-9.52,3.92,0.14
9728.0,-9.256,-1.575,-1.969,-8.873,-1.003,-3.776,-7.35,11.41,2.59
,-9.306,-1.237,-2.233,-8.715,-1.455,-3.647,-5.04,12.74,2.94
,-9.385,-0.95,-2.95,-8.878,-1.51,-3.778,-4.06,12.6,2.8
,-9.019,-0.861,-3.317,-9.057,-1.366,-3.716,-6.65,12.67,3.22
9804.0,-9.459,-0.687,-4.111,-9.098,-0.845,-4.188,3.92,16.1,6.37
,-9.241,-0.345,-4.676,-9.06,-0.991,-5.023,2.66,14.28,5.25
,-8.78,-0.282,-4.398,-8.72,-0.979,-4.949,-1.33,13.93,5.39
,-8.88,-0.579,-4.377,-8.734,-0.787,-4.793,-5.25,13.79,5.46
9880.0,-8.926,-0.995,-4.094,-8.746,-0.148,-4.635,-3.92,10.15,3.57
,-9.328,-1.048,-3.888,-8.789,-0.754,-4.508,-2.31,10.78,3.36
,-9.296,-0.629,-4.025,-8.94,-1.539,-3.833,0.35,9.87,2.8
,-8.851,-0.141,-4.511,-9.105,-1.929,-3.027,-0.63,7.7,2.38
9956.0,-9.0,-1.711,-3.802,-9.072,-0.756,-4.192,-3.64,9.45,2.66
,-8.588,-1.309,-4.288,-8.856,-0.581,-4.07,-0.77,8.05,3.22
,-8.777,-1.01,-4.666,-9.064,-0.098,-3.826,-0.28,7.84,4.62
,-8.964,-0.933,-4.625,-9.091,0.115,-4.558,-0.84,8.05,5.67
10032.0,-8.861,-0.227,-4.621,-8.997,-0.199,-3.984,2.52,8.82,3.29
,-8.777,-0.648,-4.374,-8.662,-0.002,-4.147,0.28,9.8,3.85
,-9.007,-0.828,-3.951,-8.538,-0.096,-4.377,1.61,11.06,3.5
,-9.17,-0.593,-3.893,-8.593,-0.438,-4.417,4.2,11.48,2.24
10108.0,-8.969,-0.866,-4.353,-9.067,-0.962,-3.999,-7.56,9.87,-0.91
,-9.014,-0.976,-3.853,-9.093,-1.144,-4.482,-5.6,11.41,-1.54
,-8.82,-0.826,-3.721,-8.918,-1.28,-4.465,-2.73,12.32,-1.82
,-8.698,-0.838,-3.819,-8.543,-1.189,-4.614,-2.31,11.27,-2.1
10184.0,-8.378,-0.749,-4.604,-8.973,-0.452,-4.07,2.59,11.55,0.21
,-8.557,-0.294,-4.491,-9.143,-0.562,-3.336,4.41,12.11,-0.84
,-8.665,-0.045,-4.463,-9.263,-0.201,-3.975,3.22,12.46,-1.89
,-8.856,-0.191,-4.183,-9.007,-0.182,-4.396,1.05,14.35,-2.03
10260.0,-8.744,-0.536,-4.846,-8.509,-0.579,-4.776,2.94,15.61,-2.66
,-8.351,-1.089,-4.86,-8.65,-0.395,-4.951,1.96,17.22,-2.03
,-8.294,-1.158,-4.501,-8.691,-0.704,-4.86,5.25,19.6,-1.4
,-8.413,-0.895,-4.654,-8.579,-1.326,-4.415,9.1,19.88,-2.03
10336.0,-8.672,-1.529,-4.436,-8.382,-1.457,-5.298,2.45,19.6,-2.8
,-8.966,-1.704,-4.709,-8.528,-1.388,-5.078,4.97,19.04,-1.96
,-8.65,-1.788,-4.999,-8.411,-1.168,-4.98,7.0,17.5,-1.4
,-8.469,-1.586,-5.255,-8.066,-0.782,-5.224,9.1,16.1,-0.91
10412.0,-8.062,-0.426,-5.482,-8.751,-0.613,-4.927,12.25,14.91,-0.56
,-8.404,-0.235,-5.468,-8.287,-1.082,-5.111,11.13,14.63,-0.56
,-8.796,-0.404,-5.162,-7.925,-1.79,-4.922,9.59,15.33,-1.47
,-8.978,-0.419,-4.824,-8.172,-2.06,-4.733,9.8,16.1,-2.59
10488.0,-8.631,-1.847,-4.704,-7.882,-0.526,-5.628,14.91,18.27,-0.91
,-8.827,-1.24,-5.183,-7.885,-1.206,-5.26,19.04,16.66,-1.12
,-8.363,-0.591,-5.748,-8.224,-1.876,-4.865,20.23,15.54,-1.12
,-8.138,-0.304,-5.767,-8.741,-2.044,-4.748,17.36,14.77,-0.91
10564.0,-8.662,-1.878,-5.092,-8.009,-1.948,-5.554,16.8,16.1,1.68
,-8.469,-1.685,-5.291,-8.299,-1.847,-5.501,18.97,15.19,2.17
,-8.287,-1.74,-5.441,-8.246,-1.704,-5.566,18.27,15.4,3.36
,-7.98,-1.955,-5.497,-8.131,-1.651,-5.585,17.5,16.03,4.69
10640.0,-8.172,-1.508,-5.642,-8.303,-0.94,-6.119,19.81,14.07,8.33
,-7.985,-1.235,-5.776,-8.334,-0.768,-5.939,20.37,13.79,8.96
,-8.011,-0.89,-6.033,-8.44,-0.529,-5.894,20.93,12.6,8.68
,-8.246,-0.811,-6.138,-8.196,-0.416,-5.882,20.44,11.41,8.19
10716.0,-8.495,-0.424,-5.638,-8.088,0.27,-6.164,22.12,12.74,3.78
,-8.629,-0.672,-5.619,-7.83,0.074,-6.387,20.37,12.39,3.15
,-8.521,-0.498,-5.721,-8.332,0.158,-6.217,19.6,11.69,3.15
,-8.313,-0.249,-5.729,-8.67,-0.007,-6.329,19.39,9.31,2.73
10792.0,-8.411,-0.364,-6.384,-7.999,-2.201,-5.523,8.26,4.34,-6.09
,-8.184,-0.699,-6.255,-7.717,-2.46,-5.614,7.63,4.13,-6.72
,-7.964,-1.194,-6.102,-7.653,-2.522,-5.585,5.6,4.2,-7.14
,-8.081,-1.855,-5.894,-7.736,-2.525,-5.698,5.25,3.92,-6.65
10868.0,-7.94,-2.379,-5.875,-8.323,-1.668,-5.652,4.83,0.98,-0.56
,-8.26,-2.379,-5.434,-8.272,-1.39,-5.939,3.92,0.98,0.35
,-8.373,-1.922,-5.769,-8.167,-1.287,-6.169,3.29,-0.49,0.49
,-8.315,-1.878,-5.765,-7.983,-1.146,-6.162,2.1,-1.12,0.91
10944.0,-7.767,-1.318,-6.138,-8.492,-2.223,-5.528,0.0,-3.85,2.03
,-7.6,-1.74,-6.056,-8.44,-2.223,-5.573,0.35,-3.57,3.08
,-7.877,-2.053,-5.772,-8.323,-2.158,-5.372,1.61,-4.13,3.85
,-8.387,-2.075,-5.736,-8.047,-1.907,-5.444,3.08,-5.32,4.13
11020.0,-8.023,-1.792,-5.544,-8.174,-0.986,-5.817,8.12,-4.48,6.72
,-8.16,-1.467,-5.702,-7.959,-0.957,-5.796,8.75,-3.92,6.72
,-8.203,-1.187,-5.875,-8.102,-1.039,-5.769,9.45,-3.78,6.79
,-8.296,-1.06,-5.724,-8.15,-1.07,-5.681,8.68,-4.48,6.86
11096.0,-8.236,-1.383,-5.351,-8.244,-1.455,-5.14,8.54,-4.69,7.0
,-8.358,-1.642,-5.152,-8.287,-1.371,-5.257,9.66,-3.92,6.93
,-8.557,-1.663,-5.063,-8.37,-1.412,-5.142,10.36,-4.13,6.65
,-8.509,-1.642,-5.075,-8.189,-1.531,-5.051,10.43,-4.2,6.3
11172.0,-8.167,-1.673,-4.984,-8.672,-1.735,-5.03,8.54,-0.49,7.28
,-8.193,-1.615,-4.958,-8.495,-1.661,-5.001,7.63,-0.84,7.49
,-8.191,-1.467,-5.083,-8.181,-1.445,-5.181,6.65,-0.42,7.21
,-8.622,-0.986,-5.15,-8.107,-1.163,-5.264,-0.21,1.54,5.67
11248.0,-8.354,-0.778,-5.43,-8.279,-0.608,-5.367,9.73,1.05,7.07
,-8.571,-0.558,-5.504,-8.15,-0.727,-5.372,8.75,0.98,5.67
,-8.552,-0.526,-5.422,-8.215,-0.684,-5.568,7.7,0.77,4.62
,-8.346,-0.589,-5.415,-8.387,-0.818,-5.59,6.72,1.61,3.85
11324.0,-8.423,-0.948,-5.401,-8.406,-1.273,-5.386,3.5,3.01,-0.21
,-8.387,-0.916,-5.329,-8.373,-1.125,-5.513,3.64,3.01,-1.54
,-8.313,-1.039,-5.449,-8.15,-1.12,-5.631,2.8,3.08,-2.38
,-8.406,-1.228,-5.319,-8.22,-1.34,-5.528,2.17,3.36,-2.31
11400.0,-8.361,-1.22,-5.575,-8.265,-1.189,-5.58,-2.17,1.89,-2.73
,-8.658,-1.161,-5.64,-8.203,-1.321,-5.511,-2.94,0.77,-3.01
,-8.55,-1.024,-5.717,-8.184,-1.366,-5.664,-4.27,-0.35,-3.5
,-8.373,-1.12,-5.745,-8.217,-1.161,-5.992,-4.97,-0.42,-3.71
11476.0,-8.421,-1.407,-5.631,-8.215,-2.015,-5.358,-7.07,-0.35,-2.66
,-8.351,-1.474,-5.714,-8.236,-2.134,-5.403,-7.35,-0.35,-2.52
,-8.378,-1.67,-5.494,-8.229,-1.967,-5.678,-8.19,-0.28,-2.45
,-8.334,-1.847,-5.415,-8.294,-2.06,-5.518,-8.82,0.07,-1.47
11552.0,-8.385,-2.005,-5.37,-8.244,-1.117,-5.642,-5.18,-0.21,6.51
,-8.177,-1.835,-5.623,-8.368,-1.259,-5.602,-4.76,-0.77,8.19
,-8.299,-1.208,-5.602,-8.33,-1.055,-5.64,-4.9,-2.8,8.05
,-8.251,-1.072,-5.583,-8.167,-1.05,-5.631,-6.44,-4.13,7.91
11628.0,-8.229,-0.881,-5.58,-8.251,-0.639,-5.288,-6.86,-2.87,8.68
,-8.679,-0.893,-5.415,-8.33,-0.603,-5.434,-6.65,-3.64,7.98
,-8.72,-0.782,-5.202,-8.428,-0.531,-5.542,-6.79,-4.62,7.56
,-8.418,-0.689,-5.305,-8.449,-0.668,-5.386,-6.37,-4.62,7.21
11704.0,-8.478,-0.797,-5.262,-8.045,0.842,-5.788,-7.0,-3.85,4.2
,-8.521,-0.936,-5.236,-8.145,-1.077,-5.006,-6.79,-3.78,3.78
,-8.528,-1.091,-5.118,-8.205,-1.175,-5.2,-3.71,-3.92,3.08
,-8.461,-1.254,-5.207,-8.366,-1.199,-5.027,1.33,-3.43,2.59
11780.0,-8.564,-1.122,-5.092,-8.284,-1.213,-5.013,0.14,-3.08,2.38
,-8.562,-0.912,-5.099,-8.459,-1.254,-5.018,0.35,-3.36,2.8
,-8.339,-0.826,-5.25,-8.442,-1.247,-5.147,0.35,-3.92,2.38
,-8.253,-0.957,-5.142,-8.54,-1.098,-5.178,-1.54,-3.5,2.31
11856.0,-8.524,-1.074,-5.075,-8.392,-0.991,-4.963,4.27,-5.32,1.96
,-8.55,-1.089,-5.042,-8.385,-0.933,-4.956,3.43,-5.11,2.52
,-8.39,-1.094,-5.004,-8.681,-0.955,-4.848,3.01,-4.34,3.78
,-8.334,-1.079,-5.023,-8.658,-0.737,-5.25,2.73,-3.92,4.48
11932.0,-8.727,-0.938,-4.795,-8.545,-0.986,-4.932,0.91,-5.32,4.41
,-8.533,-1.067,-4.774,-8.631,-0.869,-4.972,0.0,-5.39,4.48
,-8.354,-0.962,-4.889,-8.662,-0.806,-4.908,0.49,-5.6,4.97
,-8.375,-0.864,-5.013,-8.641,-0.826,-4.853,1.54,-5.67,4.55
12008.0,-8.485,-0.809,-4.975,-8.579,-0.464,-5.164,1.12,-6.79,3.64
,-8.526,-0.737,-4.977,-8.485,-0.486,-5.195,0.7,-6.86,4.41
,-8.684,-0.656,-4.903,-8.54,-0.591,-5.173,0.42,-7.0,3.85
,-8.469,-0.491,-5.15,-8.619,-0.431,-5.264,0.28,-8.12,2.66
12084.0,-8.492,-0.361,-5.324,-8.729,-0.574,-5.09,-2.52,-10.29,-0.77
,-8.416,-0.347,-5.322,-8.78,-0.675,-4.963,-2.59,-10.71,-1.33
,-8.483,-0.414,-5.351,-8.715,-0.756,-4.781,-2.66,-10.85,-1.61
,-8.526,-0.483,-5.329,-8.497,-0.605,-6.518,-3.08,-11.27,-1.96
12160.0,-8.543,-1.251,-4.704,-8.928,-0.72,-4.503,-3.57,-11.9,-2.45
,-8.856,-1.247,-4.515,-8.851,-0.68,-4.637,-1.75,-11.62,-1.26
,-8.507,-1.328,-4.621,-8.751,-0.715,-4.716,-1.12,-11.27,-1.47
,-8.739,-1.058,-4.336,-8.631,-0.785,-4.712,0.42,-10.57,-1.19
12236.0,-8.636,-0.838,-4.621,-8.516,-0.536,-4.738,-1.96,-12.53,-1.68
,-9.026,-0.735,-4.645,-8.576,-0.924,-4.341,-0.28,-12.81,-2.59
,-8.892,-0.426,-4.721,-8.765,-1.45,-4.133,0.98,-14.07,-3.43
,-8.72,-0.187,-4.793,-8.708,-1.551,-4.31,-0.14,-14.98,-3.92
12312.0,-8.847,-1.414,-4.073,-8.88,-1.146,-3.958,2.31,-13.02,-2.52
,-8.813,-1.28,-3.967,-8.849,-1.091,-3.637,3.5,-13.16,-1.4
,-8.839,-1.153,-4.123,-8.971,-0.914,-3.585,3.22,-13.58,-0.98
,-8.859,-1.137,-4.092,-9.069,-0.675,-3.319,2.38,-13.51,-0.63
12388.0,-9.1,-0.471,-3.431,-8.811,-0.816,-4.039,2.94,-11.41,-0.77
,-9.026,-0.459,-3.556,-8.775,-0.778,-3.664,1.33,-11.41,-0.91
,-8.976,-0.646,-3.829,-9.072,-0.656,-3.439,-0.77,-11.34,-0.7
,-8.835,-0.871,-3.97,-9.21,-0.751,-3.798,-0.77,-10.85,-0.7
12464.0,-9.153,-0.708,-4.034,-9.127,-0.854,-3.848,2.73,-10.22,-2.31
,-8.918,-0.747,-4.101,-9.131,-0.835,-4.034,0.63,-10.36,-1.82
,-8.885,-0.826,-3.798,-9.127,-0.842,-4.051,0.07,-9.52,-1.68
,-9.031,-0.933,-3.752,-9.1,-0.986,-3.934,1.12,-8.96,-2.17
12540.0,-9.117,-0.955,-3.944,-9.079,-1.005,-3.664,2.45,-10.01,-2.31
,-8.959,-0.902,-4.346,-9.366,-0.914,-4.104,2.73,-10.71,-2.87
,-8.83,-0.936,-4.109,-9.026,-0.835,-3.585,2.59,-11.06,-2.52
,-8.923,-0.972,-4.087,-9.11,-0.756,-3.874,2.8,-10.85,-1.82
12616.0,-9.024,-1.01,-3.604,-9.117,-0.876,-2.864,4.76,-10.22,-2.03
,-9.129,-0.893,-3.348,-9.241,-0.847,-2.764,7.98,-8.96,-1.19
,-9.213,-0.924,-3.34,-9.258,-0.811,-2.41,8.82,-8.47,-1.4
,-9.148,-0.89,-2.982,-9.529,-0.593,-2.862,8.82,-7.7,-1.33
12692.0,-9.447,-0.529,-3.329,-8.887,-1.127,-3.881,4.83,-5.25,-2.87
,-9.229,-0.424,-3.611,-9.167,-1.065,-4.07,1.89,-5.11,-3.01
,-9.055,-0.677,-3.955,-9.232,-1.062,-3.989,-0.35,-5.53,-3.5
,-8.871,-0.9,-4.056,-9.251,-0.979,-4.099,-0.49,-5.32,-3.57
12768.0,-9.05,-1.161,-3.903,-9.167,-1.084,-3.838,2.38,-7.0,-3.01
,-9.024,-1.388,-4.008,-9.119,-1.031,-3.422,2.45,-7.35,-2.45
,-9.095,-1.263,-4.106,-9.249,-1.091,-3.171,4.62,-7.28,-2.1
,-9.143,-1.132,-3.872,-9.316,-1.122,-3.053,6.02,-7.49,-1.61
12844.0,-9.34,-1.065,-2.989,-9.064,-1.335,-2.838,8.19,-6.44,-0.42
,-9.363,-0.96,-2.95,-9.11,-1.393,-2.647,7.77,-6.23,-0.49
,-9.373,-0.854,-2.972,-9.383,-1.184,-2.706,6.37,-6.3,-0.7
,-9.246,-1.043,-3.135,-9.471,-0.926,-2.903,4.2,-5.95,-0.91
12920.0,-9.378,-0.792,-2.828,-9.421,-1.151,-2.735,8.05,-2.17,0.42
,-9.268,-0.881,-2.91,-9.368,-1.01,-2.757,5.95,-1.75,0.35
,-9.112,-1.07,-2.67,-9.261,-1.029,-2.637,4.9,-0.84,0.28
,-9.241,-1.196,-2.558,-9.296,-1.173,-2.455,5.74,0.35,0.35
12996.0,-9.469,-1.165,-2.749,-9.0,-1.235,-3.594,2.38,3.92,-0.21
,-9.474,-0.976,-3.206,-9.177,-1.287,-3.644,1.82,3.71,-0.56
,-9.299,-0.876,-3.498,-9.27,-1.201,-3.625,0.28,3.29,-0.7
,-9.086,-0.983,-3.664,-9.409,-1.103,-3.747,-1.33,3.15,-0.77
13072.0,-9.277,-0.998,-3.833,-9.299,-1.117,-3.671,2.45,2.1,0.0
,-9.134,-1.132,-3.522,-9.107,-1.139,-3.585,1.75,2.1,0.0
,-9.129,-1.275,-3.314,-9.167,-1.326,-3.35,1.68,2.24,0.07
,-9.304,-1.213,-3.735,-9.368,-1.35,-3.278,3.01,1.75,0.14
13148.0,-9.38,-1.11,-3.568,-9.265,-1.295,-2.864,6.09,1.12,1.05
,-9.179,-0.988,-3.388,-9.442,-1.206,-2.802,5.39,1.12,1.12
,-9.122,-1.096,-3.233,-9.497,-1.022,-3.025,3.92,1.26,1.12
,-9.136,-1.216,-3.008,-9.469,-0.943,-3.166,3.43,1.75,1.12
13224.0,-9.328,-0.945,-3.381,-9.033,-1.302,-3.893,-0.49,2.87,0.56
,-9.184,-1.077,-3.644,-9.103,-1.326,-3.807,-1.54,2.8,0.42
,-9.107,-1.158,-3.819,-9.273,-1.256,-3.738,-1.33,2.52,0.42
,-9.074,-1.161,-4.003,-9.301,-1.11,-3.568,-0.91,2.1,0.49
13300.0,-9.239,-0.988,-3.436,-9.22,-1.103,-3.195,3.64,1.19,1.33
,-9.318,-0.967,-3.314,-9.227,-1.106,-3.132,2.87,0.77,1.05
,-9.301,-1.065,-3.259,-9.294,-1.089,-3.116,2.03,0.77,0.77
,-9.208,-1.144,-3.206,-9.318,-0.981,-3.065,1.75,0.84,0.77
13376.0,-9.383,-1.015,-3.187,-9.17,-1.206,-3.525,0.91,2.31,0.77
,-9.287,-1.046,-3.293,-9.15,-1.141,-3.616,-0.14,2.38,0.49
,-9.251,-1.103,-3.41,-9.246,-1.086,-3.573,-0.56,2.52,0.56
,-9.16,-1.141,-3.537,-9.299,-1.034,-3.472,-0.42,2.52,0.49
13452.0,-9.316,-1.048,-3.434,-9.232,-1.173,-3.331,0.49,2.1,0.7
,-9.332,-1.024,-3.4,-9.284,-1.086,-3.329,0.14,2.03,0.56
,-9.258,-1.062,-3.441,-9.284,-1.077,-3.35,0.28,2.24,0.7
,-9.234,-1.149,-3.352,-9.268,-1.039,-3.218,0.42,2.17,0.77
13528.0,-9.378,-0.988,-3.415,-9.072,-1.266,-3.652,1.4,2.59,0.77
,-9.277,-1.053,-3.563,-9.134,-1.242,-3.63,1.05,2.38,0.63
,-9.194,-1.062,-3.673,-9.256,-1.103,-3.477,0.91,2.1,0.63
,-9.093,-1.11,-3.647,-9.33,-1.019,-3.408,1.19,2.24,0.77
13604.0,-9.304,-1.024,-3.273,-9.301,-1.074,-3.185,2.8,2.24,0.98
,-9.289,-1.0,-3.273,-9.296,-1.115,-3.247,2.45,2.31,0.91
,-9.306,-0.995,-3.187,-9.263,-1.029,-3.388,2.24,2.45,0.91
,-9.253,-0.967,-3.192,-9.229,-1.015,-3.427,1.75,2.73,0.84
13680.0,-9.258,-1.06,-3.678,-9.249,-1.139,-3.664,1.47,2.87,0.42
,-9.201,-1.065,-3.766,-9.246,-1.062,-3.817,1.54,2.73,0.49
,-9.107,-1.103,-3.699,-9.139,-1.053,-3.766,1.68,2.73,0.7
,-9.122,-1.137,-3.652,-9.129,-1.127,-3.664,1.89,2.52,0.77
13756.0,-9.184,-1.259,-3.496,-9.244,-1.07,-3.211,3.92,1.61,1.05
,-9.27,-1.184,-3.451,-9.258,-1.027,-3.352,4.69,1.68,1.19
,-9.351,-1.067,-3.463,-9.296,-0.948,-3.494,4.55,1.33,1.05
,-9.294,-1.036,-3.333,-9.194,-0.936,-3.498,3.71,1.47,0.91
13832.0,-9.141,-1.11,-3.443,-9.213,-0.928,-3.678,0.98,1.61,0.35
,-9.182,-1.244,-3.381,-9.143,-1.149,-3.635,1.68,1.89,0.49
,-9.27,-1.108,-3.515,-9.115,-1.347,-3.58,2.87,1.89,0.56
,-9.301,-0.9,-3.69,-9.139,-1.266,-3.501,2.59,1.26,0.28
13908.0,-9.227,-1.06,-3.467,-9.33,-1.005,-3.412,4.62,0.98,0.77
,-9.273,-1.0,-3.403,-9.217,-1.074,-3.398,4.62,1.26,0.84
,-9.263,-1.067,-3.238,-9.182,-1.139,-3.376,3.92,1.61,0.91
,-9.258,-1.024,-3.319,-9.251,-1.125,-3.434,3.85,1.4,0.84
13984.0,-9.22,-1.065,-3.503,-9.246,-1.163,-3.439,3.92,1.82,0.7
,-9.21,-1.055,-3.484,-9.265,-1.039,-3.448,3.5,1.68,0.7
,-9.182,-1.091,-3.446,-9.208,-1.129,-3.472,3.01,1.75,0.56
,-9.21,-1.11,-3.472,-9.172,-1.079,-3.475,2.87,1.75,0.42
14060.0,-9.213,-1.113,-3.451,-9.294,-1.096,-3.364,2.59,2.1,0.49
,-9.213,-1.115,-3.398,-9.265,-1.096,-3.467,2.73,2.17,0.63
,-9.234,-1.139,-3.415,-9.246,-1.134,-3.57,2.87,1.96,0.63
,-9.256,-1.122,-3.415,-9.174,-1.084,-3.664,2.87,2.17,0.77
14136.0,-9.182,-1.122,-3.683,-9.265,-1.062,-3.582,2.17,1.75,0.7
,-9.153,-1.187,-3.707,-9.189,-1.019,-3.506,2.17,1.47,0.63
,-9.172,-1.218,-3.594,-9.208,-1.053,-3.513,2.59,1.47,0.84
,-9.21,-1.144,-3.573,-9.203,-1.141,-3.405,3.08,1.26,0.84
14212.0,-9.201,-1.237,-3.4,-9.282,-1.07,-3.376,1.61,0.91,0.77
,-9.225,-1.225,-3.396,-9.239,-1.07,-3.393,2.38,1.05,0.84
,-9.251,-1.117,-3.319,-9.246,-1.072,-3.431,2.8,1.12,0.91
,-9.294,-1.053,-3.348,-9.208,-1.139,-3.422,2.8,1.12,0.91
14288.0,-9.203,-1.225,-3.266,-9.21,-1.065,-3.518,1.75,2.03,1.05
,-9.261,-1.127,-3.429,-9.198,-1.11,-3.501,2.17,1.89,1.05
,-9.261,-1.019,-3.458,-9.208,-1.106,-3.463,1.89,1.75,0.98
,-9.194,-1.067,-3.475,-9.239,-1.108,-3.463,1.47,1.61,0.91
14364.0,-9.299,-1.079,-3.47,-9.215,-1.115,-3.35,1.19,1.75,0.84
,-9.268,-1.041,-3.388,-9.21,-1.117,-3.295,1.33,1.89,0.84
,-9.22,-1.062,-3.355,-9.225,-1.048,-3.362,0.49,1.96,0.7
,-9.155,-1.062,-3.448,-9.203,-1.101,-3.317,0.28,1.75,0.63
14440.0,-9.21,-1.115,-3.312,-9.165,-1.101,-3.367,-0.35,2.45,0.77
,-9.237,-1.039,-3.4,-9.237,-1.101,-3.448,-0.28,2.38,0.56
,-9.222,-1.101,-3.386,-9.213,-1.072,-3.386,-0.84,2.24,0.49
,-9.174,-1.139,-3.374,-9.206,-0.972,-3.348,-0.98,2.52,0.77
14516.0,-9.222,-1.048,-3.266,-9.217,-1.067,-3.111,-0.77,3.29,1.05
,-9.182,-1.115,-3.106,-9.203,-1.065,-2.991,-0.98,3.5,0.98
,-9.241,-1.098,-3.084,-9.251,-1.122,-2.994,-0.98,3.71,0.84
,-9.261,-1.096,-3.154,-9.275,-1.173,-2.871,-1.47,3.99,0.77
14592.0,-9.313,-0.94,-3.032,-9.414,-1.091,-3.427,-3.57,5.81,0.56
,-9.306,-0.833,-3.269,-9.323,-1.055,-3.396,-4.9,5.67,0.35
,-9.186,-0.907,-3.276,-9.127,-0.792,-3.281,-6.79,5.81,0.35
,-9.15,-1.055,-3.044,-9.086,-1.151,-2.797,-7.84,6.51,0.63
14668.0,-9.095,-1.314,-2.388,-9.256,-0.926,-3.161,-10.71,8.12,1.26
,-9.256,-1.527,-2.295,-9.253,-0.756,-3.419,-8.61,9.94,1.96
,-9.184,-1.644,-2.149,-9.091,-0.804,-4.032,-6.3,11.76,2.73
,-9.347,-1.196,-2.706,-8.875,-1.161,-3.592,-2.66,12.67,3.71
14744.0,-8.89,-1.271,-3.283,-9.172,-0.593,-3.987,-7.56,14.14,4.97
,-8.976,-1.079,-3.475,-8.926,-0.637,-4.128,-4.76,14.0,4.69
,-9.155,-0.794,-3.372,-8.902,-0.715,-4.63,-3.08,14.49,4.69
,-9.342,-0.488,-3.709,-8.727,-0.895,-4.575,-3.57,14.77,4.62
14820.0,-8.67,-0.967,-4.551,-9.067,-1.019,-4.099,-7.98,12.53,4.34
,-8.837,-1.046,-4.405,-8.842,-0.546,-4.156,-4.27,13.02,4.06
,-8.985,-0.995,-4.257,-8.961,-0.402,-4.063,-1.05,13.09,3.71
,-9.033,-1.048,-3.934,-9.21,-0.459,-3.944,0.63,12.67,3.78
14896.0,-9.268,-0.479,-3.879,-8.93,-0.948,-4.35,0.63,10.01,1.96
,-8.935,-0.349,-4.121,-8.899,-1.177,-3.781,0.49,9.17,1.33
,-8.799,-0.474,-4.058,-8.973,-1.089,-4.092,-1.47,9.17,0.7
,-8.89,-0.577,-4.2,-9.036,-1.029,-4.073,-2.66,10.01,0.35
14972.0,-9.16,-0.771,-4.128,-8.435,-1.479,-4.145,4.55,12.32,1.54
,-9.076,-0.749,-4.439,-8.674,-1.149,-4.106,4.13,11.2,1.96
,-8.885,-0.914,-4.48,-9.038,-0.644,-4.164,3.15,11.34,2.8
,-8.741,-1.237,-4.446,-9.287,-0.098,-4.094,3.5,12.18,3.15
15048.0,-8.863,0.352,-4.633,-8.844,-0.883,-4.264,14.63,10.92,1.75
,-8.825,0.29,-4.513,-8.851,-0.72,-4.3,9.38,11.06,1.12
,-8.684,-0.172,-4.491,-8.772,-0.675,-4.604,4.69,12.11,0.56
,-8.847,-0.713,-4.068,-8.861,-0.723,-4.554,3.78,13.02,-0.07
15124.0,-8.885,-0.861,-4.599,-8.22,-1.213,-4.606,8.33,13.72,-1.4
,-9.076,-0.818,-4.051,-8.349,-1.711,-4.657,8.68,14.35,-1.68
,-8.737,-0.524,-3.912,-8.471,-1.926,-4.671,10.29,12.67,-1.89
,-8.55,-0.613,-4.386,-8.792,-1.754,-4.377,8.61,12.11,-2.87
15200.0,-8.878,-1.397,-4.487,-8.739,-0.921,-4.934,15.61,16.59,1.26
,-8.952,-1.079,-4.63,-8.741,-1.058,-4.87,16.94,15.4,1.47
,-8.973,-0.938,-4.944,-8.509,-1.161,-4.826,15.54,14.0,2.03
,-8.787,-0.871,-5.063,-8.658,-1.151,-4.578,13.09,13.93,2.73
15276.0,-8.614,-1.17,-4.7,-8.547,-1.012,-4.779,13.09,15.89,2.31
,-8.607,-1.311,-4.702,-8.559,-0.735,-5.027,12.88,15.82,2.94
,-8.653,-1.385,-4.681,-8.662,-0.5,-5.188,12.95,15.61,3.71
,-8.614,-1.251,-4.769,-8.801,-0.424,-5.233,14.0,15.4,4.27
15352.0,-8.689,-0.268,-5.315,-8.595,-0.89,-4.496,11.76,10.43,1.96
,-8.559,-0.278,-4.867,-8.938,-1.098,-4.422,8.05,10.36,0.42
,-8.509,-0.471,-4.604,-8.854,-1.07,-4.635,5.53,9.73,-1.61
,-8.526,-0.605,-4.484,-8.662,-0.828,-4.688,5.25,9.59,-3.43
15428.0,-8.466,-0.459,-4.829,-8.698,-0.438,-5.37,10.29,10.36,-3.36
,-8.157,-0.385,-5.231,-8.753,-0.782,-5.348,9.31,9.38,-4.27
,-8.39,-0.357,-5.142,-8.471,-1.031,-5.408,8.75,9.17,-5.6
,-8.698,-0.316,-5.197,-8.212,-1.287,-5.451,8.19,8.54,-6.65
15504.0,-8.404,-1.512,-5.063,-8.469,-1.816,-5.116,5.32,7.35,-9.52
,-8.466,-1.728,-4.937,-8.244,-1.929,-5.305,6.51,7.77,-8.68
,-8.538,-1.756,-4.877,-8.605,-2.082,-5.245,7.98,8.05,-7.21
,-8.425,-1.843,-5.066,-8.619,-1.651,-5.518,9.59,7.84,-5.6
15580.0,-8.416,-1.062,-5.745,-8.612,-0.948,-5.023,17.5,6.51,-3.01
,-8.433,-0.847,-5.587,-8.562,-1.125,-4.972,16.8,5.88,-3.29
,-8.495,-0.739,-5.363,-8.531,-1.192,-4.989,14.84,3.92,-3.92
,-8.425,-0.732,-5.343,-8.346,-1.177,-5.477,13.44,2.87,-4.69
15656.0,-8.129,-1.369,-5.444,-8.301,-2.469,-5.166,10.01,5.04,-4.2
,-8.062,-1.263,-5.597,-8.459,-2.816,-4.999,10.85,4.76,-4.41
,-8.172,-1.34,-5.585,-8.272,-2.984,-5.099,10.57,4.27,-4.48
,-8.157,-1.84,-5.279,-8.332,-2.989,-5.217,8.54,4.9,-3.57
15732.0,-8.473,-2.678,-5.207,-8.533,-1.228,-5.626,13.23,6.44,2.8
,-8.492,-2.175,-5.37,-8.217,-0.89,-5.848,13.3,5.39,4.13
,-8.339,-2.003,-5.506,-7.846,-1.22,-5.731,12.81,4.97,4.62
,-8.399,-1.704,-5.449,-7.921,-1.878,-5.339,11.76,4.55,4.9
15808.0,-8.208,-1.926,-5.24,-8.545,-1.45,-5.078,5.04,2.8,8.75
,-8.619,-1.888,-5.212,-8.43,-1.139,-5.109,5.6,2.1,8.75
,-8.887,-1.895,-5.087,-8.521,-0.572,-5.272,6.86,0.84,8.82
,-8.938,-1.579,-5.339,-8.636,-0.503,-5.494,7.28,0.14,8.26
15884.0,-8.703,-0.414,-5.611,-7.755,-1.345,-5.48,1.26,-0.56,3.71
,-8.681,-0.672,-5.47,-7.949,-1.713,-5.238,-0.77,-0.7,3.15
,-8.311,-0.89,-5.508,-8.349,-1.953,-5.138,-1.19,-1.26,2.31
,-7.861,-1.046,-5.626,-8.686,-2.077,-5.001,0.49,-1.47,1.54
15960.0,-8.902,-1.713,-4.874,-8.318,-1.539,-5.202,7.0,-1.54,4.55
,-8.789,-1.445,-4.929,-8.088,-1.895,-5.193,7.0,-2.45,4.55
,-8.55,-1.323,-5.059,-8.007,-1.878,-5.286,5.88,-3.08,4.41
,-8.571,-1.278,-5.291,-8.215,-1.989,-5.205,4.69,-3.43,4.27
16036.0,-8.533,-1.989,-5.063,-8.519,-0.893,-5.066,4.41,-2.87,6.37
,-8.519,-1.862,-5.2,-8.629,-1.476,-5.023,5.04,-2.94,6.79
,-8.411,-1.68,-5.051,-8.662,-1.24,-4.74,5.18,-2.8,7.21
,-8.368,-1.644,-5.231,-8.38,-1.242,-4.719,4.62,-2.1,7.42
16112.0,-8.157,-1.058,-5.044,-8.557,-1.089,-4.917,3.71,-1.19,7.0
,-8.26,-1.058,-5.02,-8.464,-0.928,-4.98,3.43,-0.21,7.28
,-8.559,-1.266,-5.001,-8.564,-1.053,-4.903,3.36,-0.14,7.42
,-8.701,-1.242,-5.013,-8.536,-1.01,-4.826,3.92,0.14,7.63
16188.0,-8.593,-0.842,-4.836,-8.385,-0.945,-5.102,6.37,2.73,3.92
,-8.629,-0.591,-4.956,-8.457,-1.067,-5.133,6.3,3.15,2.73
,-8.636,-0.711,-5.092,-8.512,-1.024,-5.106,4.97,3.71,1.82
,-8.495,-0.9,-4.965,-8.586,-0.981,-5.296,4.2,4.48,1.26
16264.0,-8.646,-1.062,-5.197,-8.509,-1.22,-5.121,3.71,4.27,-1.4
,-8.595,-1.486,-4.771,-8.547,-1.242,-5.15,3.22,4.34,-1.68
,-8.239,-1.431,-4.8,-8.634,-1.285,-4.97,3.78,4.27,-2.17
,-8.325,-1.292,-4.982,-8.674,-1.292,-4.831,3.29,4.62,-2.66
16340.0,-8.576,-1.01,-4.996,-8.413,-0.931,-5.434,2.1,5.04,-3.78
,-8.488,-0.627,-5.229,-8.634,-1.101,-5.331,2.24,4.62,-4.13
,-8.447,-0.495,-5.307,-8.574,-1.474,-5.169,1.26,4.48,-4.48
,-8.358,-0.684,-5.403,-8.55,-1.594,-5.128,0.28,4.69,-4.55
16416.0,-8.564,-1.464,-5.269,-8.198,-2.103,-5.262,0.84,5.25,-4.83
,-8.495,-1.508,-5.224,-8.677,-1.713,-5.329,-0.28,4.62,-4.34
,-8.177,-1.744,-5.272,-8.38,-1.725,-5.166,-1.82,4.83,-3.01
,-8.148,-1.888,-5.19,-8.402,-1.333,-5.274,-2.73,4.97,-1.54
16492.0,-8.186,-1.024,-5.453,-8.502,-0.905,-5.291,-3.71,2.73,1.96
,-8.248,-0.775,-5.556,-8.488,-1.177,-5.322,-3.78,2.17,1.61
,-8.452,-0.579,-5.669,-8.402,-1.249,-5.59,-5.25,1.47,1.26
,-8.39,-0.763,-5.272,-8.349,-1.642,-5.432,-7.63,1.4,0.91
16568.0,-8.349,-0.799,-6.195,-8.44,-2.123,-5.42,-9.38,0.77,2.8
,-8.215,-1.766,-5.513,-8.457,-2.058,-5.456,-11.48,0.0,3.01
,-8.136,-1.689,-5.628,-8.382,-1.91,-5.391,-9.1,-0.14,3.5
,-8.234,-1.974,-5.537,-8.461,-1.823,-5.133,-8.33,-0.21,4.41
16644.0,-8.562,-1.448,-5.2,-8.215,-0.598,-5.501,-3.22,-0.56,5.25
,-8.643,-1.273,-4.793,-8.327,-0.845,-5.298,-1.33,-0.07,6.02
,-8.588,-0.723,-5.377,-8.416,-1.261,-5.303,-0.7,-0.77,6.09
,-8.356,-0.481,-5.631,-8.057,0.663,-5.48,-1.05,-0.7,6.02
16720.0,-8.598,-1.053,-5.207,-8.124,-1.18,-5.221,3.99,-1.75,1.61
,-8.607,-1.18,-5.054,-8.062,-1.211,-5.406,1.19,-1.26,1.4
,-8.77,-1.33,-4.882,-8.16,-1.419,-5.508,0.35,-2.17,1.12
,-8.679,-1.151,-5.126,-8.267,-1.594,-5.339,-0.35,-4.55,1.12
16796.0,-8.507,-1.524,-5.159,-8.409,-1.017,-5.327,-0.77,-4.2,3.08
,-8.691,-1.309,-4.975,-8.421,-0.995,-5.733,0.0,-5.18,3.92
,-8.524,-1.189,-5.099,-8.579,-1.156,-5.178,-0.56,-5.81,4.48
,-8.43,-1.182,-5.142,-8.48,-0.986,-5.307,-1.89,-5.88,4.97
16872.0,-8.483,-1.062,-5.104,-8.492,-1.168,-5.042,0.56,-7.84,4.41
,-8.397,-1.046,-5.15,-8.459,-1.077,-4.999,0.14,-7.49,4.62
,-8.418,-1.062,-5.114,-8.492,-0.943,-4.946,0.07,-7.49,4.76
,-8.497,-1.168,-5.162,-8.643,-0.893,-4.898,0.14,-7.84,5.53
16948.0,-8.543,-0.919,-4.846,-8.6,-0.89,-4.637,2.24,-8.47,5.53
,-8.495,-0.907,-4.922,-8.492,-0.656,-4.8,1.05,-9.31,6.37
,-8.665,-1.053,-4.724,-8.38,-0.627,-4.714,-0.07,-9.52,6.44
,-8.878,-0.921,-5.02,-8.536,-0.622,-4.645,-0.91,-11.48,4.69
17024.0,-8.679,-0.593,-4.695,-8.679,-0.56,-4.525,0.98,-11.97,3.15
,-8.681,-0.593,-4.654,-8.591,-0.431,-4.712,0.7,-11.13,2.87
,-8.768,-0.668,-4.637,-8.323,-0.567,-4.48,0.42,-10.43,2.17
,-8.813,-0.68,-4.599,-9.064,-0.663,-4.233,0.7,-9.87,1.96
17100.0,-8.768,-0.706,-4.506,-8.811,-0.847,-4.525,-0.21,-7.91,0.42
,-8.66,-0.763,-4.417,-8.715,-0.96,-4.506,-0.56,-7.42,-0.14
,-8.636,-0.732,-4.515,-8.67,-1.012,-4.566,0.0,-7.77,0.28
,-8.782,-0.68,-4.625,-8.703,-1.091,-4.453,0.84,-8.33,-0.35
17176.0,-8.873,-1.086,-4.221,-8.823,-0.56,-4.714,0.07,-7.14,-0.91
,-8.765,-0.878,-4.111,-8.598,-0.933,-4.575,1.89,-6.79,-1.05
,-9.076,-0.711,-4.111,-8.844,-1.175,-4.255,3.01,-7.49,-1.47
,-8.861,-0.486,-4.42,-8.957,-1.273,-3.869,1.26,-8.96,-1.75
17252.0,-9.141,-0.936,-3.941,-8.732,-0.916,-4.614,-0.42,-8.19,-3.01
,-8.902,-0.546,-4.623,-8.66,-1.314,-3.994,-1.26,-10.57,-4.06
,-8.837,-0.34,-4.939,-8.789,-1.39,-3.618,-3.29,-12.11,-3.71
,-8.748,-0.507,-4.846,-8.875,-1.33,-3.503,-7.14,-12.18,-2.87
17328.0,-8.964,-1.275,-3.97,-8.93,-1.144,-3.79,-1.75,-11.06,-4.13
,-8.976,-1.259,-4.235,-8.815,-0.885,-3.812,-2.31,-11.48,-2.1
,-8.875,-1.405,-4.109,-8.646,-0.67,-3.912,-1.89,-10.92,-0.84
,-9.076,-1.333,-3.795,-8.885,-0.637,-3.587,1.47,-9.66,-0.63
17404.0,-9.15,-0.785,-3.874,-9.055,-0.491,-3.819,-0.49,-9.17,-1.26
,-9.074,-0.919,-3.463,-9.172,-0.737,-3.597,0.77,-8.12,-1.61
,-9.146,-0.656,-3.455,-9.1,-0.998,-3.422,2.73,-7.42,-1.4
,-9.012,-0.634,-3.568,-9.139,-1.024,-3.135,2.1,-7.98,-2.38
17480.0,-9.225,-0.916,-3.812,-8.916,-1.374,-4.2,2.03,-5.88,-3.99
,-8.904,-0.665,-4.068,-9.005,-1.405,-4.042,0.42,-7.28,-4.34
,-8.827,-0.641,-4.317,-9.05,-0.895,-3.807,-2.94,-7.77,-3.71
,-8.827,-1.108,-4.212,-9.239,-0.66,-3.79,-3.78,-7.21,-3.29
17556.0,-9.203,-0.656,-3.963,-8.89,-0.991,-4.334,3.57,-5.67,-2.8
,-9.067,-0.699,-3.929,-8.933,-0.957,-4.013,2.17,-5.81,-2.38
,-9.033,-0.976,-4.07,-9.052,-0.842,-3.793,1.61,-5.74,-2.17
,-8.969,-1.043,-4.125,-9.107,-1.007,-3.604,2.73,-5.39,-2.03
17632.0,-9.194,-0.916,-3.498,-8.964,-1.103,-3.498,4.76,-5.25,-2.03
,-9.282,-0.983,-3.367,-8.866,-1.381,-3.369,3.57,-5.18,-2.03
,-9.27,-0.976,-3.594,-9.007,-1.39,-2.974,1.33,-5.74,-2.66
,-9.033,-1.058,-3.448,-9.368,-1.23,-3.381,-0.28,-5.39,-2.45
17708.0,-9.323,-1.182,-3.264,-9.186,-1.086,-3.314,0.28,-3.15,-1.05
,-9.172,-1.017,-3.41,-9.296,-1.0,-3.498,0.21,-2.87,-0.49
,-9.019,-0.976,-3.415,-9.153,-1.036,-3.553,0.21,-2.17,-0.42
,-9.043,-1.106,-3.254,-9.143,-1.036,-3.687,0.84,-1.12,-0.14
17784.0,-9.127,-1.173,-3.783,-9.04,-1.029,-3.874,2.45,-0.07,0.56
,-9.069,-0.976,-3.819,-8.981,-1.23,-3.68,3.71,-0.07,0.49
,-9.134,-0.814,-3.908,-9.177,-1.208,-3.448,3.01,-0.42,-0.07
,-9.11,-0.854,-3.951,-9.27,-1.189,-3.247,0.98,-0.7,-0.49
17860.0,-9.296,-0.878,-3.266,-9.332,-1.129,-3.037,4.48,0.84,0.63
,-9.213,-0.983,-3.216,-9.256,-0.828,-3.159,3.36,1.4,0.77
,-9.038,-1.22,-2.869,-9.201,-0.732,-3.422,2.24,2.38,1.12
,-9.158,-1.268,-2.833,-9.093,-0.89,-3.558,2.73,3.29,1.19
17936.0,-9.021,-1.11,-3.563,-8.94,-0.948,-4.427,-1.05,4.97,0.21
,-9.172,-0.9,-3.769,-8.847,-1.235,-4.401,0.49,5.18,0.21
,-9.34,-0.747,-4.195,-8.93,-1.448,-4.259,1.19,4.69,-0.07
,-9.217,-0.694,-4.381,-9.112,-1.292,-4.142,0.14,3.57,-0.35
18012.0,-9.134,-1.077,-3.939,-9.067,-1.022,-3.551,5.74,2.03,0.56
,-9.134,-0.974,-3.635,-9.146,-1.007,-3.821,5.74,2.17,0.84
,-9.225,-1.017,-3.515,-9.05,-1.012,-3.877,5.25,2.17,0.91
,-9.203,-1.015,-3.642,-8.997,-0.986,-3.898,4.69,1.82,0.56
18088.0,-8.997,-1.177,-3.819,-9.107,-0.835,-3.522,4.13,2.1,0.49
,-9.055,-1.321,-3.503,-9.038,-0.998,-3.51,4.83,2.66,0.91
,-9.323,-1.134,-3.592,-9.17,-1.132,-3.542,6.02,2.66,0.84
,-9.296,-0.926,-3.731,-9.198,-1.089,-3.458,5.74,2.24,0.56
18164.0,-9.201,-1.079,-3.317,-9.031,-1.175,-3.982,3.43,3.92,0.49
,-9.316,-0.993,-3.532,-8.99,-1.285,-4.051,3.64,3.99,0.35
,-9.239,-0.962,-3.673,-8.921,-1.29,-4.044,3.43,3.78,0.14
,-9.119,-1.017,-3.857,-9.038,-1.122,-4.008,3.01,3.78,0.14
18240.0,-9.141,-1.041,-3.936,-9.012,-1.177,-3.936,7.21,3.29,0.63
,-9.182,-0.948,-4.02,-9.036,-1.225,-3.869,7.07,3.01,0.63
,-9.112,-0.991,-4.056,-9.095,-1.165,-3.664,6.3,2.59,0.28
,-9.019,-1.019,-3.977,-9.201,-1.046,-3.654,5.74,2.45,0.28
18316.0,-9.129,-1.048,-3.568,-9.067,-1.06,-3.733,5.95,2.59,0.21
,-9.1,-1.062,-3.556,-9.124,-1.151,-3.831,5.11,2.66,0.14
,-9.131,-1.024,-3.565,-9.153,-1.127,-3.944,4.2,2.87,-0.07
,-9.129,-1.113,-3.719,-9.124,-1.113,-4.056,3.57,3.01,-0.21
18392.0,-8.988,-1.199,-4.03,-8.993,-1.096,-3.927,2.87,2.8,0.07
,-9.062,-1.165,-4.085,-9.093,-1.141,-3.79,3.43,2.66,0.14
,-9.083,-1.206,-4.075,-9.158,-1.168,-3.687,4.13,2.31,0.21
,-9.002,-1.141,-4.025,-9.131,-1.151,-3.62,4.69,2.24,0.35
18468.0,-9.134,-1.096,-3.592,-9.002,-1.23,-3.723,3.57,2.31,0.14
,-9.162,-1.182,-3.659,-9.036,-1.228,-3.738,3.01,2.38,-0.07
,-9.074,-1.165,-3.793,-9.124,-1.141,-3.786,2.94,2.24,-0.14
,-9.072,-1.163,-3.774,-9.088,-1.094,-3.819,2.66,2.31,-0.14
18544.0,-9.083,-1.005,-3.819,-8.995,-1.273,-4.063,2.8,2.66,0.14
,-9.139,-1.031,-3.96,-9.052,-1.22,-4.066,2.38,2.31,-0.14
,-9.026,-1.094,-4.025,-9.038,-1.103,-4.037,2.03,2.38,0.0
,-8.945,-1.163,-4.013,-9.06,-1.05,-3.972,1.89,2.17,0.0
18620.0,-9.069,-1.165,-3.908,-9.107,-1.237,-3.685,3.71,1.47,0.28
,-9.072,-1.223,-3.872,-9.103,-1.244,-3.68,3.64,1.33,0.35
,-9.045,-1.216,-3.802,-9.074,-1.216,-3.812,3.57,1.33,0.14
,-9.072,-1.208,-3.74,-9.05,-1.187,-3.814,3.36,1.4,0.07
18696.0,-9.06,-1.249,-3.831,-9.107,-1.077,-3.9,2.1,1.68,0.42
,-9.036,-1.251,-3.819,-9.086,-1.177,-3.912,2.1,1.68,0.49
,-9.04,-1.211,-3.829,-9.057,-1.211,-3.994,2.59,1.82,0.63
,-9.086,-1.137,-3.855,-8.978,-1.29,-3.965,2.87,1.82,0.63
18772.0,-8.981,-1.299,-3.953,-9.086,-1.122,-3.877,3.01,1.47,1.05
,-9.014,-1.251,-3.941,-9.103,-1.134,-3.829,3.64,1.33,1.12
,-9.038,-1.206,-3.896,-9.079,-1.182,-3.836,4.41,1.26,1.33
,-9.086,-1.098,-3.9,-9.064,-1.24,-3.771,4.27,1.19,1.12
18848.0,-9.074,-1.213,-3.74,-9.131,-1.084,-3.819,3.43,1.26,1.26
,-9.055,-1.208,-3.649,-9.055,-1.177,-3.841,3.64,1.4,1.26
,-9.141,-1.089,-3.743,-9.021,-1.278,-3.881,3.57,1.4,1.05
,-9.165,-1.077,-3.728,-9.009,-1.271,-3.924,3.01,1.12,0.98
18924.0,-8.947,-1.194,-3.936,-9.167,-1.098,-3.85,2.94,1.47,1.12
,-9.031,-1.137,-3.867,-9.11,-1.106,-3.879,3.5,1.47,1.26
,-9.081,-1.137,-3.833,-9.06,-1.101,-3.908,3.43,1.54,1.26
,-9.098,-1.149,-3.788,-8.973,-1.194,-3.886,3.22,1.33,1.26
19000.0,-8.997,-1.24,-3.85,-9.134,-1.079,-3.733,3.01,1.19,1.12
,-9.057,-1.216,-3.776,-9.165,-1.094,-3.824,3.78,1.26,1.26
,-9.129,-1.094,-3.735,-9.05,-1.098,-3.853,3.71,0.98,1.05
,-9.165,-1.091,-3.723,-8.988,-1.149,-3.886,3.08,1.26,1.05
19076.0,-9.024,-1.208,-3.948,-9.136,-1.106,-3.977,2.1,1.19,0.84
,-9.026,-1.173,-3.934,-9.043,-1.134,-3.917,2.8,1.12,0.91
,-9.045,-1.173,-3.898,-9.014,-1.161,-3.857,3.01,0.98,0.98
,-9.131,-1.177,-3.886,-9.028,-1.213,-3.802,3.08,0.84,0.98
19152.0,-9.11,-1.18,-3.754,-9.088,-1.173,-3.69,2.45,0.77,0.84
,-9.091,-1.139,-3.719,-9.074,-1.161,-3.731,2.38,0.7,0.7
,-9.134,-1.103,-3.654,-9.057,-1.189,-3.821,2.1,0.77,0.63
,-9.146,-1.122,-3.649,-9.043,-1.242,-3.781,1.68,0.84,0.63
19228.0,-9.095,-1.204,-3.865,-9.086,-1.184,-3.728,2.1,1.12,0.63
,-9.093,-1.122,-3.872,-9.136,-1.127,-3.74,2.38,1.26,0.77
,-9.031,-1.141,-3.805,-9.115,-1.07,-3.702,2.1,1.19,0.84
,-9.076,-1.17,-3.733,-9.086,-1.12,-3.726,2.03,1.4,0.84
19304.0,-9.079,-1.24,-3.704,-9.131,-1.175,-3.869,0.98,1.61,0.63
,-9.148,-1.242,-3.714,-9.009,-1.199,-3.881,1.12,1.4,0.49
,-9.098,-1.211,-3.769,-9.064,-1.259,-3.912,1.19,1.47,0.63
,-9.129,-1.161,-3.783,-8.995,-1.249,-3.922,1.12,1.4,0.63
19380.0,-9.028,-1.381,-3.74,-9.186,-0.976,-3.8,1.75,1.54,1.12
,-9.048,-1.237,-3.687,-9.091,-1.12,-3.8,2.24,1.47,1.19
,-9.129,-1.153,-3.8,-9.021,-1.211,-3.807,2.1,1.4,1.26
,-9.182,-1.031,-3.695,-9.038,-1.263,-3.805,1.54,1.47,1.12
19456.0,-9.074,-1.273,-3.74,-9.05,-1.175,-3.429,0.56,1.82,1.4
,-9.081,-1.17,-3.733,-9.182,-1.184,-3.489,1.4,1.96,1.61
,-9.098,-1.11,-3.747,-9.155,-1.151,-3.62,1.4,2.03,1.61
,-9.112,-1.103,-3.57,-9.107,-1.067,-3.752,0.84,2.31,1.75
19532.0,-9.014,-1.091,-3.886,-9.153,-1.161,-3.891,-1.4,2.94,1.61
,-8.935,-1.18,-3.917,-9.064,-1.165,-3.79,-1.75,3.08,1.75
,-8.93,-1.263,-3.896,-8.938,-1.175,-3.699,-1.61,3.29,1.82
,-8.995,-1.275,-3.685,-8.909,-1.263,-3.508,-0.77,3.29,2.03
19608.0,-8.997,-1.273,-3.254,-9.208,-0.78,-3.36,-0.98,4.13,2.73
,-8.995,-1.161,-2.998,-9.076,-0.852,-3.534,-0.14,4.9,2.94
,-9.093,-1.0,-2.85,-8.878,-0.72,-4.104,-0.63,5.74,2.94
,-9.158,-0.907,-2.955,-8.911,-1.505,-3.355,-2.17,6.37,2.66
19684.0,-8.952,-1.596,-3.099,-8.959,-0.452,-3.721,-6.86,9.87,3.29
,-9.261,-1.208,-3.185,-8.739,-1.017,-3.57,-2.03,10.99,3.43
,-9.368,-0.536,-3.707,-8.942,-1.577,-3.719,-0.56,10.08,2.59
,-9.189,-0.352,-3.441,-8.926,-1.912,-3.728,-3.36,9.8,2.45
19760.0,-8.763,-1.467,-3.321,-9.21,0.055,-4.42,-1.47,14.7,5.53
,-9.098,-0.928,-3.711,-9.103,-0.187,-4.561,2.8,14.7,5.18
,-9.136,-0.524,-3.628,-9.074,-0.352,-4.779,2.45,14.35,4.2
,-9.332,0.048,-3.841,-8.679,-0.739,-4.733,1.68,13.86,3.99
19836.0,-8.478,-0.854,-4.707,-8.837,-1.51,-3.924,-9.8,9.1,-0.07
,-8.703,-0.909,-4.767,-8.875,-1.149,-3.46,-6.44,8.75,-0.49
,-8.813,-1.177,-4.465,-8.973,-0.62,-4.049,-4.27,8.68,0.0
,-8.878,-1.441,-4.448,-8.859,-0.574,-4.491,-2.59,9.1,0.77
19912.0,-8.827,-0.924,-4.807,-8.284,-1.761,-4.195,-3.36,7.56,2.38
,-8.739,-1.481,-4.606,-8.524,-1.601,-4.271,-7.28,7.21,3.29
,-8.538,-1.699,-4.018,-8.859,-1.613,-4.159,-5.46,8.75,4.34
,-8.531,-1.85,-4.207,-9.237,-1.572,-4.013,-2.1,8.4,3.5
19988.0,-9.105,-1.402,-4.233,-8.954,-0.206,-3.733,4.9,9.52,9.03
,-8.763,-1.292,-4.223,-8.928,0.124,-4.341,6.23,11.27,9.66
,-8.772,-0.828,-4.539,-8.964,0.306,-4.671,7.84,13.02,10.08
,-8.607,-0.72,-3.709,-8.646,0.261,-5.138,9.87,14.42,9.87
20064.0,-8.588,0.043,-5.092,-9.136,-0.491,-4.259,0.28,8.4,6.02
,-8.485,-0.268,-4.91,-9.129,-0.541,-4.221,-0.56,9.87,4.69
,-8.894,-0.459,-4.439,-8.918,-0.785,-4.302,1.05,10.99,2.94
,-9.064,-0.443,-4.434,-8.815,-0.802,-4.415,2.66,10.71,2.17
20140.0,-8.717,-0.711,-4.432,-8.708,-0.081,-4.52,4.13,13.37,1.89
,-8.488,-0.471,-4.47,-9.005,-0.007,-4.7,4.83,12.39,1.4
,-8.351,-0.297,-4.57,-8.349,-0.349,-5.013,4.48,12.18,0.98
,-8.437,-0.206,-4.532,-8.559,-1.323,-4.697,3.92,12.67,0.21
20216.0,-8.239,-2.137,-4.508,-8.729,-0.596,-4.748,-5.39,12.32,0.28
,-8.428,-2.431,-4.092,-8.39,0.316,-5.394,-0.63,14.7,1.4
,-8.717,-2.103,-4.099,-8.205,0.804,-5.899,6.65,15.47,1.54
,-8.792,-1.433,-4.324,-8.442,0.921,-5.958,11.55,14.49,1.33
20292.0,-8.612,0.462,-5.631,-8.275,-1.369,-4.444,0.0,11.76,-2.87
,-8.885,0.01,-5.037,-8.567,-1.644,-4.386,-1.19,13.02,-4.69
,-9.146,-0.436,-4.413,-8.801,-1.481,-4.645,-1.82,12.81,-5.53
,-8.545,-0.826,-4.413,-8.674,-1.062,-5.219,-1.33,12.18,-4.83
20368.0,-8.516,-0.747,-5.59,-8.559,-1.417,-5.006,10.71,11.41,-2.17
,-8.342,-0.589,-5.721,-8.672,-1.414,-5.013,8.89,10.22,-2.24
,-8.102,-0.589,-5.657,-8.626,-1.299,-5.181,6.37,9.8,-2.31
,-8.165,-0.998,-5.37,-8.528,-1.129,-5.339,3.78,10.78,-2.59
20444.0,-8.411,-1.316,-5.339,-8.193,-1.448,-5.508,9.8,10.99,0.98
,-8.461,-1.488,-5.183,-8.239,-1.082,-5.779,9.73,10.5,2.24
,-8.416,-1.735,-5.224,-8.543,-0.766,-5.583,10.29,10.15,3.71
,-8.306,-1.764,-5.171,-8.71,-0.56,-5.631,11.62,8.89,5.53
20520.0,-8.576,-0.34,-5.564,-8.536,-0.361,-5.544,15.75,5.67,2.17
,-8.686,-0.304,-5.334,-8.351,-0.385,-5.86,14.77,5.32,1.68
,-8.686,-0.345,-5.145,-8.318,-0.431,-5.889,13.02,4.69,0.91
,-8.531,-0.447,-5.305,-8.437,-0.266,-5.877,11.9,4.2,-0.07
20596.0,-8.696,-0.129,-5.686,-8.208,-0.352,-5.138,15.75,3.71,-4.13
,-8.854,0.005,-5.312,-8.387,-0.471,-5.3,14.77,3.29,-4.76
,-8.406,-0.06,-5.114,-8.411,-0.754,-5.154,12.53,2.59,-5.81
,-8.306,-0.201,-5.078,-8.555,-1.079,-5.054,10.08,2.24,-6.58
20672.0,-8.425,-1.352,-5.183,-8.421,-1.989,-5.212,6.23,3.29,-7.0
,-7.868,-1.622,-5.207,-8.54,-1.996,-5.207,6.37,3.85,-6.02
,-8.05,-1.776,-5.346,-8.488,-1.965,-5.248,7.0,4.76,-4.55
,-8.212,-1.91,-5.233,-8.387,-1.979,-5.401,7.91,4.9,-3.71
20748.0,-8.306,-1.797,-5.497,-8.409,-0.474,-5.702,6.79,4.41,-0.28
,-8.227,-1.888,-5.36,-8.399,-0.227,-5.695,6.23,5.74,0.42
,-8.246,-1.457,-5.389,-8.612,-0.096,-6.339,7.63,5.95,0.21
,-8.418,-1.017,-5.482,-8.449,-0.201,-6.021,7.63,5.6,0.14
20824.0,-8.5,-0.735,-5.781,-8.543,-2.024,-5.097,4.69,4.13,-2.24
,-8.48,-1.012,-5.451,-8.473,-1.905,-5.367,6.44,3.29,-2.8
,-8.323,-1.345,-5.343,-8.373,-1.89,-5.406,7.07,3.01,-2.8
,-8.287,-1.845,-5.264,-8.354,-1.819,-5.485,7.21,3.01,-2.24
20900.0,-8.232,-1.711,-5.554,-8.291,-2.058,-5.401,9.66,-0.84,-1.61
,-8.198,-1.651,-5.528,-8.32,-2.111,-5.181,9.59,-1.26,-1.12
,-8.229,-1.759,-5.571,-8.287,-1.85,-5.319,9.1,-1.47,-0.35
,-8.282,-1.862,-5.487,-8.294,-1.625,-5.489,8.68,-1.82,0.42
20976.0,-8.339,-1.352,-5.652,-8.22,-2.096,-4.834,11.41,-3.43,3.22
,-8.354,-1.388,-5.602,-7.925,-2.233,-4.661,10.08,-3.29,3.71
,-8.447,-1.644,-5.339,-8.088,-2.3,-4.671,8.96,-2.87,4.41
,-8.323,-1.866,-5.217,-8.5,-2.151,-4.726,7.91,-2.73,5.18
21052.0,-8.574,-1.924,-4.745,-8.344,-0.967,-4.917,9.52,-0.77,8.75
,-8.454,-1.713,-4.764,-8.39,-0.629,-5.176,10.15,-0.7,9.38
,-8.449,-1.519,-4.74,-8.538,-0.782,-5.188,10.08,-0.14,9.52
,-8.402,-1.263,-4.829,-8.662,-0.67,-5.059,10.29,0.14,9.59
21128.0,-8.406,-0.663,-4.908,-8.476,-0.924,-5.181,6.16,1.4,6.09
,-8.32,-0.663,-4.92,-8.416,-1.024,-5.15,5.53,1.89,4.97
,-8.519,-0.646,-5.056,-8.349,-1.108,-5.214,5.11,1.75,4.13
,-8.6,-0.833,-5.145,-8.282,-0.926,-5.334,4.62,1.68,3.57
21204.0,-8.239,-0.821,-5.367,-8.394,-1.409,-5.118,4.9,3.43,0.63
,-8.37,-0.723,-5.456,-8.141,-1.575,-5.073,4.76,3.5,-0.14
,-8.763,-0.814,-5.42,-8.141,-1.84,-4.822,3.57,3.01,-0.98
,-8.727,-1.103,-5.408,-8.078,-1.788,-4.963,2.66,3.29,-1.47
21280.0,-8.423,-1.472,-5.138,-8.464,-1.12,-5.173,4.9,4.76,-1.19
,-8.655,-1.218,-5.319,-8.466,-1.249,-5.164,3.92,4.41,-1.82
,-8.66,-1.137,-5.408,-8.495,-1.237,-5.25,2.8,4.62,-2.24
,-8.466,-1.163,-5.288,-8.466,-1.022,-5.422,2.24,5.04,-2.59
21356.0,-8.48,-0.885,-5.501,-8.361,-1.333,-5.532,-1.4,4.55,-2.66
,-8.469,-0.816,-5.583,-8.294,-1.476,-5.575,-2.03,4.2,-3.43
,-8.452,-0.993,-5.506,-8.287,-1.376,-5.585,-3.29,4.2,-3.57
,-8.445,-1.247,-5.389,-8.478,-1.541,-5.303,-4.76,3.92,-2.87
21432.0,-8.646,-1.505,-5.473,-7.887,-1.725,-5.664,-7.14,4.13,-0.28
,-8.646,-1.469,-5.432,-7.904,-2.075,-5.437,-6.72,3.29,0.42
,-8.445,-1.244,-5.676,-8.241,-1.78,-5.834,-7.49,2.17,1.33
,-8.078,-1.424,-5.595,-8.442,-1.771,-5.631,-9.73,1.47,2.59
21508.0,-8.399,-1.661,-5.552,-8.737,-1.464,-5.48,-8.68,0.49,7.7
,-8.272,-1.713,-5.439,-8.38,-1.295,-5.568,-8.4,0.98,8.05
,-8.445,-1.594,-5.47,-7.99,-1.263,-5.714,-7.28,0.77,8.19
,-8.612,-1.649,-5.439,-7.877,-1.35,-5.506,-7.14,0.63,8.33
21584.0,-8.179,-1.4,-5.518,-8.514,-0.701,-5.339,-6.79,-1.96,9.03
,-8.507,-1.307,-5.296,-8.5,-0.474,-5.305,-6.02,-3.29,8.89
,-8.567,-1.129,-5.583,-8.466,-0.208,-5.482,-4.9,-4.27,8.54
,-8.39,-1.091,-5.492,-8.818,-0.012,-5.083,-3.85,-3.71,8.12
21660.0,-8.485,-0.215,-5.171,-8.49,-0.55,-5.389,-3.36,-4.62,3.99
,-8.145,-0.371,-5.056,-8.681,-0.529,-5.389,-5.39,-4.76,2.66
,-8.095,-0.416,-5.205,-8.679,-0.598,-5.159,-4.69,-4.27,1.89
,-8.342,-0.447,-5.386,-8.447,-0.919,-5.039,-3.01,-5.04,0.28
21736.0,-8.289,-1.163,-5.061,-8.526,-1.254,-5.176,-4.76,-4.83,-1.96
,-8.196,-1.184,-5.205,-8.636,-1.263,-4.949,-4.62,-4.76,-0.77
,-8.222,-1.366,-5.073,-8.507,-1.381,-5.252,-3.43,-5.32,-0.14
,-8.423,-1.266,-5.267,-8.521,-1.412,-4.896,-2.17,-6.02,-0.63
21812.0,-8.514,-1.352,-5.049,-8.485,-0.96,-5.269,-2.59,-5.18,1.96
,-8.303,-1.321,-5.281,-8.339,-0.811,-5.154,-1.47,-6.16,2.59
,-8.334,-1.072,-5.343,-8.289,-1.031,-4.975,0.28,-6.23,3.43
,-8.39,-0.933,-5.36,-8.373,-1.254,-5.212,0.7,-6.3,3.36
21888.0,-8.471,-1.385,-5.296,-8.595,-0.993,-5.059,0.07,-8.82,3.71
,-8.655,-1.357,-5.355,-8.557,-0.735,-4.843,2.17,-8.89,4.55
,-8.734,-1.438,-5.114,-8.591,-0.517,-4.891,4.27,-8.4,5.04
,-8.643,-1.244,-5.02,-8.531,-0.486,-5.008,6.37,-7.84,5.25
21964.0,-8.452,-0.735,-4.941,-8.705,-0.763,-4.197,2.8,-8.61,5.32
,-8.469,-0.735,-4.819,-8.799,-0.333,-4.312,3.22,-8.12,5.32
,-8.54,-0.849,-4.448,-8.476,-0.347,-4.728,3.85,-7.42,4.9
,-8.643,-0.902,-4.276,-8.72,0.457,-4.886,4.83,-7.21,4.55
22040.0,-8.586,0.392,-4.795,-8.813,-0.893,-4.458,0.21,-10.99,1.33
,-8.449,-0.069,-4.661,-8.78,-1.036,-4.592,-4.34,-10.29,-2.1
,-8.756,-0.486,-4.298,-8.624,-1.189,-4.391,-5.67,-9.17,-3.43
,-8.818,-0.663,-4.334,-8.674,-1.223,-4.161,-4.69,-10.15,-4.55
22116.0,-8.641,-1.091,-4.07,-8.847,-0.79,-4.468,1.82,-6.93,-3.92
,-8.734,-0.823,-4.259,-8.61,-1.225,-4.209,2.03,-7.77,-4.13
,-8.909,-0.495,-4.515,-8.634,-1.479,-3.879,0.21,-9.59,-4.13
,-8.949,-0.469,-4.539,-8.784,-1.347,-4.233,-3.15,-10.15,-3.64
22192.0,-8.727,-1.163,-4.307,-8.82,-0.976,-4.424,0.14,-8.75,-3.99
,-8.839,-0.869,-4.592,-8.65,-0.857,-4.666,-0.21,-9.38,-2.94
,-8.827,-0.79,-4.604,-8.557,-0.732,-4.661,-0.98,-9.45,-2.38
,-8.787,-0.957,-4.518,-8.727,-0.78,-4.537,-0.91,-8.75,-2.66
22268.0,-8.997,-0.871,-4.188,-8.667,-0.639,-4.276,-1.19,-9.1,-3.15
,-9.146,-0.842,-4.185,-8.538,-0.972,-4.204,0.0,-8.82,-3.43
,-9.048,-0.735,-4.149,-8.756,-1.261,-3.819,1.54,-8.82,-4.06
,-8.88,-0.577,-4.154,-9.091,-1.469,-3.786,1.68,-9.31,-4.48
22344.0,-9.194,-1.204,-3.585,-8.67,-0.998,-4.563,4.76,-7.21,-3.15
,-9.098,-0.67,-4.212,-8.801,-1.316,-4.054,5.39,-8.68,-3.78
,-8.696,-0.364,-4.365,-8.971,-1.366,-3.831,2.45,-9.66,-3.64
,-8.722,-0.488,-4.475,-8.964,-1.031,-3.491,-0.21,-9.52,-3.08
22420.0,-9.201,-0.629,-3.884,-8.89,-1.658,-4.08,9.38,-7.35,-3.15
,-9.079,-0.519,-4.216,-8.978,-1.474,-3.924,5.46,-9.03,-3.78
,-8.882,-0.684,-4.408,-9.067,-0.914,-4.133,1.12,-9.8,-3.29
,-8.734,-1.18,-4.173,-8.926,-0.749,-4.152,0.28,-8.89,-2.66
22496.0,-8.832,-0.928,-3.881,-9.036,-1.07,-3.819,8.12,-7.77,-1.26
,-8.971,-1.175,-3.747,-9.026,-0.988,-3.843,7.63,-6.93,-0.91
,-9.057,-1.548,-3.606,-9.057,-1.039,-3.69,9.03,-6.51,-0.7
,-9.098,-1.412,-3.774,-9.067,-1.034,-3.764,11.97,-6.09,-0.14
22572.0,-9.045,-0.883,-3.647,-9.143,-0.72,-3.542,12.25,-5.95,-0.07
,-8.957,-0.754,-3.623,-9.239,-0.799,-3.707,11.48,-5.46,-0.28
,-9.17,-0.555,-3.821,-9.191,-0.938,-3.788,10.64,-5.25,-0.77
,-9.055,-0.598,-3.74,-9.009,-1.074,-3.671,8.61,-5.18,-1.54
22648.0,-9.033,-1.132,-3.678,-8.897,-0.964,-4.451,4.97,-4.48,-2.87
,-9.167,-1.067,-3.836,-8.77,-1.259,-4.279,5.6,-4.34,-3.08
,-9.344,-0.967,-4.111,-8.861,-1.735,-3.817,5.74,-4.62,-3.43
,-9.313,-0.826,-4.709,-9.055,-1.68,-3.367,3.99,-6.37,-4.41
22724.0,-9.22,-1.338,-3.278,-9.095,-1.39,-2.936,4.83,-7.21,-3.71
,-9.292,-1.23,-3.34,-9.064,-1.39,-2.673,4.48,-7.42,-3.71
,-9.189,-1.228,-3.245,-9.268,-1.371,-2.764,2.8,-7.07,-3.71
,-9.162,-1.254,-3.147,-9.28,-1.335,-2.852,2.17,-5.95,-3.15
22800.0,-9.098,-1.285,-2.682,-9.268,-1.165,-3.211,2.8,-0.49,-1.47
,-9.067,-1.29,-2.584,-9.148,-1.175,-3.628,2.66,0.7,-0.98
,-9.201,-1.362,-2.687,-9.031,-1.211,-3.656,2.45,1.68,-1.05
,-9.32,-1.292,-2.812,-9.031,-1.342,-3.865,2.94,2.94,-0.77
22876.0,-9.019,-1.419,-3.848,-9.165,-1.414,-3.776,4.13,4.2,-0.42
,-9.184,-1.35,-4.039,-9.153,-1.335,-4.087,5.74,3.92,-0.35
,-9.179,-1.376,-4.032,-9.014,-1.287,-3.989,6.51,3.71,-0.21
,-9.155,-1.369,-4.018,-8.947,-1.218,-3.857,6.79,3.64,-0.14
22952.0,-9.093,-1.304,-3.946,-9.263,-1.362,-3.391,7.0,2.73,0.0
,-9.148,-1.441,-3.728,-9.148,-1.23,-3.434,7.14,2.8,0.28
,-9.117,-1.433,-3.417,-9.036,-1.182,-3.324,7.63,3.43,0.98
,-9.239,-1.476,-3.355,-9.083,-1.287,-3.24,8.05,3.71,1.12
23028.0,-9.213,-1.321,-3.463,-9.11,-1.419,-3.613,5.81,4.69,0.63
,-9.136,-1.225,-3.585,-9.107,-1.352,-3.585,5.39,4.69,0.49
,-9.062,-1.196,-3.57,-9.21,-1.211,-3.678,4.41,4.83,0.56
,-9.091,-1.393,-3.676,-9.22,-1.189,-4.008,3.36,4.83,0.49
23104.0,-9.033,-1.196,-4.039,-9.103,-1.335,-4.03,3.08,3.57,-0.35
,-8.959,-1.354,-3.96,-9.06,-1.259,-3.939,2.45,3.85,-0.21
,-9.043,-1.618,-3.999,-9.043,-1.309,-3.807,3.36,3.92,0.0
,-9.009,-1.543,-3.991,-9.057,-1.405,-3.668,5.74,3.92,0.49
23180.0,-9.045,-1.4,-3.551,-9.179,-1.318,-3.723,6.09,3.5,0.7
,-9.117,-1.407,-3.486,-9.069,-1.201,-3.869,5.6,3.64,0.7
,-9.179,-1.426,-3.486,-8.94,-1.228,-3.958,5.11,3.92,0.7
,-9.148,-1.359,-3.542,-8.928,-1.376,-3.927,4.34,3.64,0.56
23256.0,-8.959,-1.429,-3.922,-9.036,-1.304,-4.085,1.68,3.64,0.35
,-9.016,-1.383,-3.936,-9.033,-1.345,-4.011,2.45,3.5,0.49
,-9.086,-1.311,-3.951,-8.993,-1.419,-3.977,2.87,3.22,0.35
,-9.062,-1.249,-4.034,-9.005,-1.512,-3.888,2.52,2.87,0.28
23332.0,-9.052,-1.508,-3.848,-9.033,-1.321,-3.539,2.1,1.89,0.49
,-9.093,-1.519,-3.697,-9.1,-1.366,-3.671,2.52,1.89,0.7
,-9.093,-1.445,-3.795,-9.074,-1.388,-3.632,2.87,2.03,0.91
,-8.993,-1.335,-3.752,-9.098,-1.388,-3.714,2.87,2.1,0.98
23408.0,-9.064,-1.378,-3.855,-9.067,-1.378,-3.833,1.05,2.38,1.12
,-8.993,-1.433,-3.843,-9.129,-1.383,-3.807,0.98,2.31,1.19
,-8.964,-1.388,-3.869,-9.098,-1.304,-3.75,1.12,2.38,1.26
,-9.019,-1.412,-3.865,-9.105,-1.259,-3.759,1.68,2.52,1.33
23484.0,-9.062,-1.242,-3.807,-9.122,-1.385,-3.711,2.24,2.31,1.05
,-9.007,-1.261,-3.766,-9.146,-1.34,-3.745,1.68,2.73,1.12
,-8.983,-1.29,-3.74,-9.143,-1.232,-4.006,1.26,2.73,1.12
,-9.091,-1.39,-3.695,-9.048,-1.225,-4.061,1.19,2.8,0.84
23560.0,-8.911,-1.309,-4.092,-9.153,-1.199,-3.908,-0.28,2.1,0.56
,-8.933,-1.472,-4.097,-9.064,-1.299,-3.774,-0.07,2.31,0.7
,-9.002,-1.443,-3.817,-9.045,-1.419,-3.941,1.05,2.45,0.91
,-9.15,-1.323,-3.9,-9.014,-1.4,-3.977,1.89,2.1,0.77
23636.0,-8.954,-1.338,-4.008,-9.079,-1.295,-3.757,0.84,1.61,0.77
,-8.961,-1.383,-3.932,-9.028,-1.285,-3.704,0.77,1.68,0.7
,-9.055,-1.417,-3.848,-9.098,-1.247,-3.716,1.05,1.61,0.91
,-9.045,-1.347,-3.79,-9.148,-1.256,-3.893,2.1,1.82,1.12
23712.0,-9.038,-1.316,-3.915,-9.052,-1.309,-3.841,0.42,1.4,0.63
,-8.995,-1.352,-3.953,-9.028,-1.199,-3.905,0.0,1.54,0.7
,-8.935,-1.464,-3.932,-9.06,-1.244,-3.905,0.35,1.54,0.77
,-8.993,-1.433,-3.955,-9.005,-1.359,-3.862,1.75,1.75,0.91
23788.0,-9.019,-1.342,-3.874,-9.062,-1.283,-3.836,1.75,1.26,1.12
,-8.978,-1.316,-3.9,-9.04,-1.347,-3.762,2.03,1.26,0.91
,-9.072,-1.328,-3.917,-9.021,-1.381,-3.735,1.96,1.19,0.98
,-9.012,-1.263,-3.8,-9.055,-1.385,-3.654,1.82,1.26,1.05
23864.0,-9.119,-1.342,-3.692,-8.878,-1.314,-3.798,1.47,1.68,1.19
,-9.076,-1.28,-3.826,-9.086,-1.307,-3.929,1.47,1.61,1.19
,-9.1,-1.247,-3.877,-9.036,-1.247,-3.888,1.19,1.61,1.19
,-8.995,-1.237,-3.771,-9.093,-1.254,-3.879,0.77,1.82,1.26
23940.0,-9.079,-1.352,-3.867,-9.028,-1.321,-4.13,0.56,1.61,0.63
,-9.081,-1.256,-3.92,-8.959,-1.338,-4.154,0.77,1.47,0.84
,-9.055,-1.237,-4.087,-8.983,-1.393,-4.097,0.84,1.19,0.91
,-9.028,-1.22,-4.101,-9.036,-1.385,-3.975,1.05,1.19,0.91
24016.0,-9.095,-1.273,-3.946,-9.093,-1.316,-3.831,3.99,0.56,1.54
,-9.067,-1.216,-3.908,-9.057,-1.299,-3.812,3.71,0.42,1.54
,-9.057,-1.266,-3.881,-9.036,-1.268,-3.805,3.08,0.21,1.4
,-9.043,-1.29,-3.829,-9.057,-1.254,-3.824,2.73,0.14,1.4
24092.0,-9.064,-1.338,-3.843,-9.069,-1.218,-3.888,2.52,0.28,1.54
,-9.024,-1.256,-3.783,-9.064,-1.225,-3.888,2.8,0.14,1.54
,-9.043,-1.273,-3.81,-9.0,-1.326,-3.922,2.8,0.14,1.47
,-9.091,-1.297,-3.893,-9.0,-1.33,-3.92,2.73,0.35,1.68
24168.0,-9.052,-1.266,-3.91,-9.076,-1.251,-3.656,2.66,0.07,1.61
,-9.062,-1.299,-3.881,-9.107,-1.347,-3.661,2.59,0.0,1.54
,-9.1,-1.24,-3.874,-9.038,-1.278,-3.728,2.59,-0.07,1.47
,-9.072,-1.225,-3.75,-9.107,-1.28,-3.814,2.24,0.0,1.68
24244.0,-9.06,-1.292,-3.898,-9.146,-1.125,-3.884,1.4,-0.07,1.61
,-9.019,-1.278,-3.862,-9.007,-1.079,-3.917,1.33,-0.07,1.61
,-9.033,-1.359,-3.812,-8.938,-1.228,-4.018,1.47,0.07,1.75
,-9.088,-1.249,-3.927,-9.012,-1.371,-4.027,2.17,0.14,1.89
24320.0,-9.055,-1.395,-4.025,-9.007,-1.297,-3.676,-0.14,-1.05,1.61
,-9.1,-1.374,-3.905,-8.993,-1.235,-3.676,1.05,-0.77,1.89
,-9.124,-1.316,-3.774,-9.05,-1.266,-3.745,1.4,-0.84,2.03
,-9.103,-1.275,-3.721,-9.045,-1.223,-3.735,0.91,-0.91,2.03
24396.0,-9.136,-1.18,-3.618,-9.0,-1.17,-3.81,-0.84,-0.07,2.45
,-9.16,-1.211,-3.616,-9.04,-1.187,-3.845,-1.19,0.14,2.45
,-9.119,-1.141,-3.642,-9.038,-1.199,-3.869,-1.26,0.21,2.38
,-9.098,-1.184,-3.79,-9.031,-1.321,-3.771,-1.89,0.07,2.24
24472.0,-9.076,-1.34,-3.632,-9.062,-1.062,-3.833,-1.96,-0.21,2.38
,-9.234,-1.235,-3.58,-9.074,-1.074,-3.888,-1.26,-0.14,2.45
,-9.227,-1.196,-3.609,-8.997,-1.249,-3.826,-1.19,-0.21,2.24
,-9.208,-1.132,-3.79,-9.131,-1.409,-3.687,-1.82,-0.28,2.1
24548.0,-9.347,-1.376,-3.714,-8.892,-1.342,-3.577,-3.15,-1.96,1.4
,-9.222,-1.151,-3.728,-9.103,-1.385,-3.788,-3.22,-2.73,1.47
,-9.182,-0.955,-3.661,-9.009,-1.259,-3.862,-3.78,-3.15,1.96
,-8.993,-0.979,-3.769,-9.095,-1.156,-3.754,-5.88,-3.29,2.1
24624.0,-9.105,-1.18,-3.573,-9.227,-0.725,-3.695,-1.96,-0.84,3.57
,-9.179,-1.173,-3.302,-9.038,-0.811,-3.558,-1.4,-0.42,3.78
,-9.335,-1.017,-3.417,-8.964,-1.11,-3.276,-0.14,-0.21,3.57
,-9.318,-0.852,-3.683,-9.007,-1.285,-2.974,-0.14,-0.91,3.08
24700.0,-9.234,-1.17,-2.84,-9.081,-0.888,-2.601,-2.59,0.91,2.38
,-9.471,-0.816,-3.041,-9.127,-1.177,-2.735,-0.77,1.05,1.96
,-9.462,-0.519,-3.056,-9.371,-1.366,-3.01,-1.26,1.05,1.75
,-9.222,-0.371,-3.082,-9.284,-1.18,-3.496,-3.71,1.82,1.96
24776.0,-8.973,-0.727,-3.673,-9.105,-0.988,-3.857,-0.56,4.62,2.17
,-8.976,-0.328,-4.123,-9.04,-1.024,-3.774,-1.89,3.71,1.75
,-8.954,-0.44,-4.104,-9.081,-1.034,-3.721,-4.69,3.22,1.33
,-9.191,-0.672,-3.903,-9.172,-1.082,-3.881,-6.86,3.15,0.98
24852.0,-8.971,-1.125,-3.783,-9.217,-0.725,-3.357,-3.78,5.39,0.77
,-9.002,-1.228,-3.582,-8.957,-0.57,-2.955,-1.54,6.58,2.1
,-9.213,-1.115,-3.685,-9.134,-0.297,-2.764,0.7,7.35,2.59
,-9.17,-1.027,-3.154,-9.332,-0.349,-3.07,2.8,8.12,2.66
24928.0,-9.191,-0.383,-3.408,-9.086,-1.615,-3.472,-4.41,7.28,-1.33
,-8.959,-0.739,-3.611,-8.938,-1.534,-3.451,-8.96,7.7,-1.33
,-8.832,-1.156,-3.903,-9.028,-1.146,-3.613,-11.83,8.12,-1.4
,-8.78,-1.512,-3.625,-8.911,-0.912,-4.097,-11.48,9.03,-1.05
25004.0,-8.942,-0.73,-4.228,-8.808,-1.661,-4.008,-0.14,8.47,2.03
,-9.091,-0.993,-4.259,-8.665,-1.476,-4.044,-1.82,8.19,2.24
,-9.069,-1.445,-3.903,-8.763,-1.45,-3.987,-2.38,9.94,2.73
,-9.009,-1.642,-3.912,-8.863,-1.524,-3.776,0.56,11.41,3.29
25080.0,-8.902,-1.407,-3.525,-9.072,-0.065,-3.776,7.98,12.67,6.72
,-8.871,-0.979,-3.467,-9.225,-0.637,-3.951,9.59,14.07,6.58
,-8.851,-0.359,-3.305,-8.99,-1.201,-3.924,10.43,15.19,6.44
,-8.997,0.041,-3.656,-9.088,-1.333,-3.625,8.68,14.77,5.53
25156.0,-9.162,-1.106,-3.649,-8.524,-0.158,-4.403,7.28,18.9,5.53
,-9.036,-0.553,-4.212,-8.622,-0.23,-4.013,11.62,17.36,4.55
,-8.799,-0.251,-4.649,-9.036,-0.196,-3.623,12.25,15.47,4.48
,-8.571,-0.201,-4.681,-9.387,0.065,-3.802,9.24,15.82,4.9
25232.0,-9.519,0.256,-4.073,-8.483,-1.065,-4.551,4.55,16.94,-4.41
,-9.363,0.237,-4.393,-8.43,-1.223,-4.637,0.28,15.82,-4.13
,-8.921,-0.251,-4.429,-8.476,-1.407,-4.934,-4.13,16.24,-3.29
,-8.739,-0.797,-4.3,-8.234,-1.665,-5.202,-4.55,17.43,-3.15
25308.0,-8.418,-1.716,-5.193,-8.854,-1.22,-4.616,5.95,13.72,-2.8
,-8.732,-1.661,-5.095,-8.136,-0.919,-4.984,8.89,15.12,-2.03
,-8.796,-1.491,-4.97,-8.035,-0.995,-5.169,10.71,16.24,-2.03
,-8.837,-1.378,-4.657,-8.143,-1.062,-5.145,10.99,16.59,-2.1
25384.0,-8.507,-1.127,-5.176,-8.863,-1.079,-5.116,4.2,11.55,-0.35
,-8.658,-1.139,-5.252,-8.741,-1.462,-4.86,4.83,12.04,-0.49
,-8.88,-1.067,-5.133,-8.555,-1.752,-4.652,5.81,12.32,-0.56
,-8.909,-0.943,-5.214,-8.581,-1.821,-4.482,6.3,11.9,-0.56
25460.0,-8.418,-1.328,-4.987,-8.813,-0.17,-5.238,10.01,9.66,3.57
,-8.394,-0.629,-5.379,-9.162,-0.053,-5.075,12.67,7.28,2.52
,-8.469,-0.074,-5.604,-9.055,0.007,-5.169,12.67,6.44,1.19
,-8.524,0.043,-5.497,-8.729,-0.225,-5.075,10.22,7.28,0.0
25536.0,-8.567,-0.586,-4.908,-8.581,-1.519,-5.523,4.83,6.09,-5.11
,-8.413,-1.106,-4.898,-8.49,-1.467,-5.53,4.62,6.51,-4.34
,-8.626,-1.505,-5.08,-8.294,-1.261,-5.544,6.09,6.51,-3.29
,-8.662,-1.603,-5.382,-8.224,-0.955,-5.444,8.4,5.46,-2.03
25612.0,-8.402,-0.852,-5.212,-8.555,-2.032,-4.666,12.53,2.66,-2.24
,-8.545,-1.204,-5.083,-8.409,-2.01,-4.642,10.15,2.17,-2.17
,-8.579,-1.498,-5.042,-8.713,-1.543,-4.649,8.68,1.61,-1.68
,-8.598,-1.862,-4.826,-8.732,-1.132,-4.848,9.31,2.45,-0.49
25688.0,-8.538,-0.742,-5.26,-8.847,-0.163,-5.339,19.53,0.35,1.61
,-8.504,-0.347,-5.65,-8.61,-0.672,-4.855,19.39,0.28,1.4
,-8.504,-0.077,-5.738,-8.473,-1.371,-4.456,17.99,0.35,0.42
,-8.681,-0.041,-5.523,-8.5,-1.895,-4.386,16.17,0.49,-1.4
25764.0,-8.232,-2.498,-4.597,-8.677,-1.718,-5.006,11.27,3.85,0.0
,-8.267,-2.797,-4.647,-8.741,-1.259,-5.159,11.76,4.27,1.89
,-8.402,-2.668,-4.85,-8.808,-1.077,-5.121,13.72,4.06,3.15
,-8.382,-2.309,-5.061,-8.55,-1.062,-5.102,15.54,3.99,3.57
25840.0,-8.545,-0.95,-5.274,-8.574,-1.78,-4.817,8.19,2.66,3.36
,-8.177,-1.01,-5.317,-8.892,-1.326,-4.989,6.02,1.68,3.01
,-7.935,-1.531,-4.999,-8.899,-1.268,-4.855,4.62,2.66,3.92
,-8.083,-1.859,-4.781,-8.832,-1.558,-4.671,4.62,3.85,4.97
25916.0,-8.646,-1.412,-4.597,-8.763,-0.96,-4.939,8.47,4.83,6.44
,-8.526,-1.321,-4.57,-8.605,-0.713,-5.066,8.47,4.48,5.95
,-8.452,-1.091,-4.829,-8.516,-0.476,-5.322,8.61,4.69,5.88
,-8.653,-1.259,-4.692,-8.619,-0.203,-5.458,7.63,4.76,5.46
25992.0,-8.504,-0.158,-5.439,-8.593,-1.491,-5.138,5.53,1.4,-0.07
,-8.447,-0.505,-5.331,-8.536,-1.462,-5.181,4.48,1.61,-0.7
,-8.418,-0.962,-5.188,-8.198,-1.251,-5.475,4.34,1.96,-1.26
,-8.598,-1.275,-5.279,-8.124,-1.519,-5.408,5.11,1.89,-1.54
26068.0,-8.181,-2.192,-4.982,-8.5,-2.869,-4.762,3.71,0.21,1.33
,-8.323,-2.749,-4.781,-8.459,-2.611,-4.908,2.94,-0.35,3.08
,-8.464,-3.08,-4.771,-8.603,-2.192,-5.032,3.29,-0.49,4.83
,-8.545,-3.214,-4.712,-8.636,-1.716,-5.164,4.69,-1.12,6.02
26144.0,-8.574,-1.345,-5.135,-8.418,-1.003,-4.736,9.03,-1.68,8.54
,-8.686,-1.108,-5.118,-8.655,-0.656,-4.817,7.91,-1.96,8.68
,-8.552,-0.988,-5.018,-8.605,-0.235,-4.941,6.86,-1.82,8.68
,-8.299,-1.117,-4.793,-8.595,0.007,-5.145,6.65,-0.56,8.89
26220.0,-8.768,-0.091,-5.001,-8.483,-0.842,-4.807,6.51,-1.19,4.83
,-8.722,-0.211,-5.02,-8.512,-1.23,-4.886,5.53,-1.4,3.71
,-8.737,-0.39,-5.03,-8.665,-1.326,-4.953,4.69,-1.26,2.94
,-8.65,-0.658,-4.822,-8.684,-1.33,-5.023,3.85,-1.05,2.03
26296.0,-8.524,-1.503,-4.982,-8.562,-1.333,-5.133,4.9,0.42,-0.49
,-8.471,-1.586,-5.025,-8.483,-1.29,-5.169,5.67,1.12,-0.7
,-8.504,-1.639,-5.056,-8.605,-1.256,-5.056,6.58,1.47,-0.56
,-8.6,-1.522,-5.018,-8.875,-1.027,-5.049,7.35,1.33,-0.56
26372.0,-8.751,-0.854,-5.049,-8.373,-1.378,-4.877,10.22,2.45,-2.45
,-8.588,-0.792,-5.126,-8.49,-1.452,-5.037,9.8,3.01,-3.01
,-8.701,-0.792,-5.099,-8.794,-1.407,-5.08,8.19,2.59,-3.71
,-8.658,-1.034,-4.927,-8.866,-1.354,-5.243,5.6,2.24,-3.99
26448.0,-8.473,-1.558,-5.166,-8.61,-1.823,-5.166,0.91,1.47,-4.2
,-8.334,-1.835,-5.154,-8.885,-1.936,-4.824,0.56,1.68,-3.22
,-8.385,-1.713,-5.396,-8.753,-1.84,-4.817,0.77,1.12,-2.24
,-8.533,-1.67,-5.372,-8.667,-1.728,-4.771,0.63,0.42,-1.33
26524.0,-8.337,-1.608,-5.173,-8.418,-1.366,-4.893,-3.15,-1.96,3.01
,-8.586,-1.943,-4.927,-8.385,-1.486,-4.853,-4.69,-1.68,3.92
,-8.815,-1.584,-5.13,-8.624,-1.46,-4.671,-4.41,-2.52,4.69
,-8.591,-1.608,-4.879,-8.71,-1.268,-4.937,-4.55,-3.64,5.39
26600.0,-8.705,-1.055,-5.166,-8.698,-1.125,-4.879,-6.23,-3.85,8.82
,-8.746,-0.73,-5.236,-8.579,-1.141,-5.071,-7.0,-3.92,9.31
,-8.71,-0.727,-5.178,-8.595,-1.201,-4.972,-8.19,-4.97,8.47
,-8.614,-0.89,-4.996,-8.689,-1.041,-5.008,-10.15,-5.04,7.35
26676.0,-8.732,-0.902,-5.114,-8.581,-1.441,-4.853,-9.52,-5.81,4.9
,-8.832,-1.022,-4.953,-8.729,-1.113,-5.047,-9.59,-6.86,4.55
,-8.588,-1.338,-4.992,-8.753,-1.05,-4.743,-11.27,-6.93,3.99
,-8.442,-1.508,-4.877,-8.794,-0.775,-4.834,-11.13,-6.09,4.27
26752.0,-8.689,-0.871,-4.824,-8.655,-1.555,-4.712,-4.06,-7.14,2.66
,-8.667,-1.156,-4.882,-8.806,-1.503,-4.566,-5.6,-6.93,2.94
,-8.82,-1.316,-4.92,-8.875,-1.199,-4.633,-5.81,-7.28,3.43
,-8.765,-1.51,-4.805,-8.693,-0.763,-4.85,-3.64,-7.35,4.06
26828.0,-8.488,-0.66,-4.587,-8.689,-0.787,-4.484,2.24,-10.43,5.04
,-8.794,-0.785,-4.547,-8.674,-0.737,-4.422,-1.61,-11.41,4.13
,-8.753,-0.811,-4.707,-8.799,-0.871,-4.209,-3.36,-11.97,3.29
,-8.88,-0.785,-4.681,-9.038,-0.912,-4.183,-3.71,-11.69,4.06
26904.0,-9.325,-1.608,-3.628,-8.538,-0.988,-4.472,-0.84,-9.1,4.2
,-9.17,-0.909,-4.171,-8.732,-0.933,-4.424,-1.89,-11.97,4.69
,-8.459,-0.945,-4.515,-8.856,-0.902,-4.255,-1.75,-12.53,4.27
,-8.387,-0.998,-4.566,-9.05,-1.017,-4.281,-0.91,-11.76,4.48
26980.0,-8.928,-1.149,-3.999,-8.617,-0.938,-4.235,-0.77,-8.75,4.76
,-9.119,-1.189,-3.97,-8.801,-0.708,-4.257,-0.21,-8.89,4.83
,-8.89,-0.955,-4.097,-8.942,-0.711,-4.161,0.7,-10.92,3.15
,-8.777,-0.821,-4.422,-9.024,-0.591,-4.123,1.12,-11.76,3.15
27056.0,-9.038,-0.4,-4.02,-9.009,-0.517,-3.898,4.48,-7.98,3.64
,-8.981,-0.215,-4.094,-8.698,-1.242,-3.685,3.85,-8.05,3.29
,-8.969,-0.165,-4.176,-9.387,-1.125,-2.998,2.24,-7.98,2.52
,-8.921,-0.33,-4.046,-9.069,-1.074,-3.496,-0.07,-7.28,1.47
27132.0,-8.696,-1.046,-3.625,-9.048,-1.034,-3.637,-1.61,-11.41,-2.45
,-8.882,-0.828,-3.771,-9.028,-1.067,-3.4,-1.12,-11.69,-1.19
,-8.916,-0.794,-3.733,-9.038,-1.031,-3.324,-1.75,-11.83,-0.98
,-9.304,-0.885,-3.542,-9.11,-0.907,-3.24,-3.5,-11.2,-1.33
27208.0,-9.136,-0.72,-3.297,-8.952,-0.773,-3.625,-0.98,-5.67,-0.7
,-8.902,-0.641,-3.434,-9.1,-0.692,-3.4,-1.47,-4.97,-0.14
,-8.995,-0.725,-3.551,-9.253,-0.613,-3.329,-2.24,-4.41,0.07
,-8.942,-0.861,-3.697,-9.239,-0.507,-3.549,-3.15,-4.9,-0.56
27284.0,-9.043,-0.311,-3.711,-9.079,-0.792,-3.25,0.28,-2.24,-1.12
,-9.17,-0.5,-3.534,-9.318,-0.715,-3.546,-2.38,-1.82,-0.98
,-9.17,-0.591,-3.374,-9.115,-0.727,-3.632,-3.71,-1.12,-0.98
,-9.088,-0.694,-3.573,-9.064,-0.826,-3.52,-4.13,-1.26,-1.68
27360.0,-9.028,-1.05,-3.34,-9.172,-0.921,-3.343,-3.64,0.56,-1.75
,-8.981,-1.168,-3.465,-9.222,-0.924,-3.491,-3.5,0.14,-1.75
,-9.055,-1.158,-3.226,-9.115,-1.084,-3.762,-1.68,0.56,-0.84
,-9.229,-1.077,-3.506,-8.914,-1.07,-3.874,-1.05,1.05,0.0
27436.0,-8.928,-0.802,-4.403,-9.344,-0.785,-3.953,1.47,0.0,0.84
,-8.894,-0.603,-4.365,-9.423,-0.893,-3.841,1.47,-0.91,0.7
,-9.064,-0.586,-4.602,-9.505,-0.701,-3.771,0.84,-1.68,0.7
,-9.031,-0.811,-4.128,-9.244,-0.749,-3.668,1.19,-1.12,0.84
27512.0,-9.076,-0.857,-4.061,-8.99,-0.491,-4.013,-2.59,-4.13,-1.4
,-8.981,-0.907,-3.929,-8.945,-0.852,-3.676,-2.59,-4.41,-1.12
,-9.244,-0.598,-4.106,-9.014,-0.981,-3.57,-1.54,-4.83,-1.12
,-9.16,-0.428,-4.178,-9.15,-0.842,-3.362,-1.75,-5.25,-1.75
27588.0,-9.359,-0.479,-3.436,-9.304,-1.0,-3.343,3.15,-5.32,-2.66
,-9.363,-0.266,-3.692,-9.313,-1.283,-3.405,0.91,-6.16,-3.08
,-9.067,-0.34,-3.716,-9.217,-0.96,-3.489,-1.26,-5.81,-2.94
,-9.062,-0.603,-3.281,-9.098,-0.644,-3.35,-2.52,-4.55,-2.73
27664.0,-9.273,-0.687,-3.075,-9.086,-0.694,-3.774,2.52,-2.8,-2.24
,-9.5,-0.806,-3.044,-8.918,-0.931,-3.575,2.24,-2.03,-2.73
,-9.318,-0.574,-3.264,-8.938,-1.146,-3.271,0.7,-2.52,-3.29
,-9.129,-0.577,-3.467,-9.189,-1.108,-3.18,-2.38,-2.94,-3.43
27740.0,-9.28,-0.988,-2.962,-9.105,-0.828,-3.601,2.59,0.07,-1.68
,-9.349,-0.873,-2.812,-8.88,-1.034,-3.8,2.52,0.56,-1.33
,-9.481,-0.737,-3.096,-8.808,-1.189,-3.632,1.26,0.35,-1.47
,-9.33,-0.78,-3.405,-9.091,-1.254,-3.302,-0.42,0.07,-2.03
27816.0,-9.524,-1.055,-3.573,-9.091,-0.945,-3.759,5.46,2.17,-0.21
,-9.442,-0.766,-3.644,-9.165,-0.861,-3.845,6.02,1.61,-0.07
,-9.261,-0.584,-3.549,-9.191,-0.828,-3.881,4.97,1.75,0.28
,-9.165,-0.72,-3.778,-9.131,-0.916,-3.69,3.5,1.75,-0.14
27892.0,-9.112,-1.019,-3.458,-9.273,-0.66,-3.125,4.27,1.61,-0.07
,-9.273,-1.007,-3.206,-9.366,-0.785,-3.324,5.11,1.96,0.07
,-9.371,-0.804,-3.185,-9.222,-0.964,-3.448,5.53,1.96,-0.14
,-9.299,-0.627,-3.202,-9.098,-0.957,-3.324,4.06,1.96,-0.42
27968.0,-9.17,-0.969,-3.336,-9.055,-1.094,-3.877,3.01,3.92,-0.49
,-9.418,-0.881,-3.654,-9.17,-1.163,-4.202,3.78,3.78,-0.63
,-9.268,-0.806,-3.9,-9.141,-0.995,-4.216,3.85,3.36,-0.56
,-9.019,-0.866,-3.903,-9.091,-0.782,-4.195,2.66,2.87,-0.63
28044.0,-9.043,-0.926,-3.975,-9.024,-0.861,-3.668,4.62,0.77,-0.49
,-9.174,-0.952,-3.908,-9.139,-1.11,-3.683,5.46,0.63,-0.35
,-9.323,-0.897,-4.145,-9.167,-1.22,-3.467,5.81,-0.42,-0.77
,-9.129,-0.732,-4.001,-9.177,-1.101,-3.273,5.11,-1.12,-0.98
28120.0,-9.301,-1.058,-3.252,-9.167,-1.168,-2.931,5.25,-0.49,-0.42
,-9.306,-1.027,-3.25,-9.351,-1.094,-3.053,5.88,-0.14,-0.28
,-9.177,-0.948,-3.199,-9.43,-0.912,-3.128,5.6,0.21,-0.21
,-9.117,-1.053,-3.017,-9.347,-0.785,-3.424,5.11,0.84,-0.07
28196.0,-9.179,-0.854,-3.668,-9.227,-1.041,-4.034,5.46,2.66,0.07
,-9.012,-0.95,-3.692,-9.201,-1.0,-4.204,5.18,2.8,0.14
,-9.069,-1.103,-3.788,-9.052,-1.115,-4.089,5.88,2.94,0.14
,-9.217,-1.101,-3.946,-8.985,-1.103,-4.171,7.07,2.59,0.35
28272.0,-9.002,-1.089,-4.07,-9.5,-0.732,-3.178,8.4,0.14,0.49
,-8.978,-1.139,-3.649,-9.332,-0.732,-3.226,9.24,0.49,0.91
,-9.196,-1.084,-3.326,-9.203,-0.928,-3.223,10.64,1.05,1.33
,-9.452,-0.782,-3.183,-9.083,-1.129,-3.266,11.62,0.98,1.12
28348.0,-9.139,-1.208,-3.36,-9.134,-1.144,-3.273,3.78,1.12,-0.42
,-9.186,-1.232,-3.362,-9.284,-1.024,-3.441,4.34,1.68,-0.14
,-9.213,-1.089,-3.348,-9.282,-0.952,-3.609,4.69,1.82,0.07
,-9.198,-1.094,-3.412,-9.143,-1.031,-3.623,4.2,1.82,-0.14
28424.0,-9.174,-1.189,-3.683,-9.22,-1.041,-3.415,2.24,1.96,-0.28
,-9.143,-1.259,-3.678,-9.32,-0.974,-3.589,3.57,2.03,0.0
,-9.143,-1.208,-3.697,-9.366,-0.976,-3.752,5.39,2.1,0.28
,-9.194,-1.137,-3.57,-9.174,-1.012,-3.735,6.16,2.1,0.42
28500.0,-9.136,-1.149,-3.733,-9.186,-1.122,-3.637,2.59,0.84,-0.42
,-9.146,-1.251,-3.843,-9.21,-1.163,-3.609,3.43,0.63,-0.42
,-9.141,-1.137,-3.862,-9.239,-1.106,-3.58,4.69,0.63,-0.21
,-9.131,-1.031,-3.781,-9.208,-1.055,-3.623,4.55,0.49,0.0
28576.0,-9.153,-1.082,-3.63,-9.189,-1.144,-3.142,3.99,-0.28,0.42
,-9.115,-1.125,-3.599,-9.296,-1.11,-3.111,4.13,-0.14,0.35
,-9.119,-1.175,-3.51,-9.308,-1.034,-3.147,4.62,0.14,0.63
,-9.222,-1.141,-3.381,-9.292,-1.055,-3.192,5.11,0.14,0.7
28652.0,-9.251,-1.134,-3.221,-9.244,-1.046,-3.563,3.08,1.4,0.21
,-9.182,-1.146,-3.159,-9.162,-1.106,-3.601,2.87,1.68,0.07
,-9.249,-1.12,-3.357,-9.206,-1.223,-3.661,3.08,1.96,0.14
,-9.299,-1.005,-3.491,-9.165,-1.175,-3.716,3.15,2.1,0.07
28728.0,-9.191,-1.036,-3.743,-9.239,-1.194,-3.582,3.5,1.75,0.21
,-9.153,-1.129,-3.704,-9.213,-1.101,-3.522,3.22,1.75,0.14
,-9.139,-1.106,-3.671,-9.177,-1.151,-3.522,3.5,1.75,0.35
,-9.229,-1.223,-3.589,-9.213,-1.184,-3.486,3.43,1.54,0.21
28804.0,-9.179,-1.103,-3.455,-9.28,-1.115,-3.568,3.15,1.4,0.35
,-9.227,-1.07,-3.386,-9.251,-1.153,-3.647,3.08,1.47,0.28
,-9.22,-1.062,-3.422,-9.15,-1.173,-3.666,2.59,1.4,0.21
,-9.208,-1.101,-3.443,-9.098,-1.206,-3.656,2.31,1.4,0.21
28880.0,-9.153,-1.196,-3.647,-9.239,-1.168,-3.508,2.87,1.26,0.21
,-9.186,-1.074,-3.582,-9.229,-1.151,-3.491,3.15,1.05,0.35
,-9.261,-1.041,-3.592,-9.182,-1.144,-3.446,2.73,0.98,0.21
,-9.227,-1.149,-3.513,-9.194,-1.199,-3.405,2.24,0.98,0.14
28956.0,-9.206,-1.216,-3.312,-9.189,-1.161,-3.498,2.73,1.54,0.35
,-9.217,-1.146,-3.408,-9.155,-1.218,-3.577,3.01,1.61,0.28
,-9.28,-1.117,-3.441,-9.153,-1.144,-3.539,2.8,1.68,0.28
,-9.179,-1.108,-3.486,-9.17,-1.127,-3.501,1.89,1.4,0.14
29032.0,-9.179,-1.146,-3.434,-9.162,-1.199,-3.575,1.61,1.82,0.21
,-9.308,-1.103,-3.494,-9.155,-1.24,-3.575,2.03,1.75,0.21
,-9.244,-1.094,-3.527,-9.141,-1.23,-3.63,1.61,1.82,0.14
,-9.172,-1.106,-3.582,-9.186,-1.184,-3.592,1.19,1.75,0.14
29108.0,-9.244,-1.127,-3.589,-9.143,-1.283,-3.556,1.96,1.75,0.35
,-9.241,-1.106,-3.551,-9.179,-1.292,-3.441,1.75,1.82,0.35
,-9.189,-1.11,-3.539,-9.213,-1.22,-3.439,1.47,1.68,0.35
,-9.131,-1.146,-3.642,-9.289,-1.096,-3.417,1.26,1.61,0.28
29184.0,-9.299,-1.079,-3.424,-9.194,-1.194,-3.743,2.38,1.68,0.49
,-9.268,-1.082,-3.496,-9.079,-1.249,-3.659,1.68,1.61,0.49
,-9.194,-1.103,-3.546,-9.088,-1.251,-3.664,1.12,1.54,0.35
,-9.148,-1.125,-3.687,-9.179,-1.153,-3.568,1.12,1.68,0.35
29260.0,-9.225,-1.144,-3.477,-9.177,-1.259,-3.683,3.01,1.61,0.77
,-9.208,-1.072,-3.52,-9.139,-1.295,-3.62,2.66,1.19,0.7
,-9.232,-1.074,-3.546,-9.148,-1.24,-3.577,1.82,1.05,0.49
,-9.203,-1.091,-3.692,-9.208,-1.144,-3.503,0.98,0.84,0.35
29336.0,-9.22,-1.07,-3.386,-9.217,-1.216,-3.518,2.8,1.12,0.77
,-9.258,-0.991,-3.302,-9.11,-1.304,-3.503,1.89,0.77,0.63
,-9.244,-1.007,-3.427,-9.124,-1.18,-3.589,1.05,0.84,0.42
,-9.208,-1.089,-3.419,-9.167,-1.204,-3.482,0.35,0.98,0.28
29412.0,-9.232,-1.094,-3.491,-9.119,-1.206,-3.704,1.68,1.05,0.56
,-9.299,-1.101,-3.553,-9.115,-1.213,-3.69,1.19,0.98,0.56
,-9.275,-1.055,-3.532,-9.162,-1.249,-3.644,0.63,0.98,0.42
,-9.17,-1.077,-3.723,-9.225,-1.175,-3.676,-0.07,0.56,0.07
29488.0,-9.213,-1.103,-3.649,-9.076,-1.196,-3.637,1.96,-0.21,0.56
,-9.194,-1.139,-3.683,-9.098,-1.29,-3.537,1.89,-0.49,0.63
,-9.146,-1.163,-3.707,-9.213,-1.259,-3.508,1.75,-0.7,0.7
,-9.127,-1.163,-3.676,-9.304,-1.153,-3.508,1.68,-0.7,0.77
29564.0,-9.284,-1.039,-3.403,-9.055,-1.053,-3.264,0.56,-1.96,0.49
,-9.373,-1.027,-3.472,-9.115,-1.206,-3.209,-0.77,-2.31,0.35
,-9.289,-1.077,-3.455,-9.124,-1.354,-2.984,-3.15,-3.5,-0.63
,-9.074,-1.134,-3.204,-9.265,-1.326,-2.912,-4.06,-4.06,-0.42
29640.0,-9.282,-1.23,-2.831,-9.112,-1.074,-3.367,-1.47,0.21,1.26
,-9.404,-1.134,-2.996,-9.246,-1.134,-3.477,-0.91,0.77,1.61
,-9.371,-0.921,-3.506,-9.261,-1.182,-3.273,-1.4,0.63,1.54
,-9.201,-1.022,-3.391,-9.244,-1.015,-3.206,-3.01,0.98,1.75
29715.0,-9.273,-0.948,-3.436,-9.273,-1.113,-3.039,-5.18,0.49,0.98
,-9.217,-1.251,-2.931,-9.15,-1.065,-2.962,-8.19,1.19,1.19
,-9.34,-1.211,-2.891,-9.16,-1.113,-2.434,-7.63,1.82,1.47
,-9.332,-1.204,-3.046,-9.665,-0.986,-2.91,-7.49,1.89,1.26
29790.0,-9.514,-0.993,-3.587,-9.191,-1.481,-2.922,-7.63,4.27,1.4
,-9.072,-0.955,-3.745,-9.478,-1.488,-3.786,-7.77,4.27,2.1
,-8.959,-0.981,-3.733,-9.024,-1.338,-3.415,-9.03,4.34,2.73
,-8.954,-1.359,-3.355,-8.969,-0.967,-3.345,-10.01,5.04,3.15
29865.0,-9.263,-1.077,-3.321,-9.177,-0.436,-3.656,-2.03,6.09,4.97
,-9.433,-1.232,-3.257,-9.112,-0.261,-3.754,-1.96,7.35,5.46
,-9.375,-1.302,-3.245,-9.167,-0.522,-3.898,0.42,8.75,6.37
,-9.237,-0.909,-3.331,-9.115,-0.766,-3.711,3.71,8.68,6.58
29940.0,-9.148,-0.952,-3.599,-9.184,-0.775,-3.034,-3.99,5.95,4.41
,-9.064,-1.374,-3.776,-9.478,-0.105,-3.264,-4.13,5.88,4.34
,-8.782,-1.445,-3.53,-9.56,0.268,-3.472,-1.12,6.86,4.62
,-8.868,-1.201,-3.309,-9.629,0.457,-3.757,3.5,7.35,4.62
30015.0,-9.361,0.218,-4.106,-8.861,-1.015,-3.352,-6.72,6.16,1.47
,-9.179,-0.115,-3.731,-9.031,-1.383,-3.776,-10.92,6.23,0.21
,-9.024,-0.297,-3.697,-9.105,-1.737,-3.984,-12.81,5.6,-1.68
,-8.696,-0.567,-3.515,-9.0,-2.058,-3.819,-13.93,5.6,-3.57
30090.0,-8.844,-2.175,-3.733,-9.318,0.349,-4.401,-0.42,11.83,3.92
,-8.985,-1.747,-2.881,-8.909,0.077,-4.295,8.75,14.49,5.18
,-9.342,-0.897,-3.532,-8.758,-0.483,-3.656,17.01,13.16,4.76
,-9.399,-0.112,-3.836,-8.799,-0.885,-3.032,19.11,9.87,4.41
30165.0,-8.93,-1.106,-2.761,-9.347,-1.12,-3.501,0.84,13.3,-0.42
,-9.105,-1.194,-3.001,-9.11,-0.905,-3.453,2.31,13.23,-0.07
,-9.072,-1.307,-3.352,-9.052,-0.639,-3.166,2.59,12.88,1.4
,-9.191,-1.333,-3.396,-8.911,-0.237,-3.501,2.94,13.37,2.73
30240.0,-8.801,-0.029,-4.051,-9.0,-0.711,-3.8,11.69,16.1,2.1
,-8.871,-0.079,-4.008,-9.146,-0.589,-3.982,9.31,15.54,1.26
,-8.686,-0.395,-3.891,-9.086,-0.505,-4.267,5.74,16.87,0.42
,-8.854,-0.634,-3.553,-8.871,-0.51,-4.379,5.04,18.97,0.0
30315.0,-9.05,-0.479,-4.176,-8.148,-2.383,-4.652,6.02,18.48,-3.22
,-9.383,-0.651,-3.881,-8.342,-2.704,-4.733,3.71,17.71,-4.41
,-9.064,-1.036,-4.116,-8.636,-2.761,-4.606,0.63,16.52,-5.04
,-8.488,-1.723,-4.372,-9.007,-2.352,-4.501,-1.75,17.43,-3.85
30390.0,-9.036,-1.697,-4.547,-8.933,-1.022,-4.707,16.73,19.46,2.94
,-8.732,-1.158,-4.788,-8.921,-1.275,-4.346,17.64,17.71,3.15
,-8.399,-0.869,-4.968,-8.835,-1.35,-4.171,15.68,16.94,3.99
,-8.299,-0.809,-5.013,-8.583,-1.374,-4.393,12.46,16.73,5.32
30465.0,-8.459,-1.345,-4.867,-8.983,-0.117,-4.982,15.05,18.27,7.07
,-8.66,-1.175,-4.963,-8.397,-0.048,-5.37,18.06,17.78,6.79
,-8.942,-0.936,-4.826,-8.313,-0.108,-5.303,20.16,17.43,6.16
,-9.289,-0.469,-4.697,-8.643,-0.258,-5.178,20.93,15.47,5.11
30540.0,-8.899,-0.333,-5.049,-8.555,-0.57,-5.181,14.49,12.32,0.21
,-8.923,-0.531,-5.083,-8.686,-0.445,-4.989,14.35,12.53,-0.84
,-8.892,-0.828,-4.925,-8.454,-0.625,-5.217,14.77,13.09,-1.61
,-8.708,-0.622,-4.999,-8.684,-0.744,-5.011,16.87,12.25,-2.52
30615.0,-8.586,-0.735,-5.26,-8.583,-1.445,-5.114,15.26,9.59,-3.57
,-8.562,-0.799,-5.2,-8.667,-1.73,-4.996,15.12,8.75,-4.2
,-8.425,-1.067,-5.233,-8.741,-1.771,-5.095,14.28,8.82,-4.34
,-8.559,-1.249,-5.037,-8.425,-1.462,-5.214,15.12,8.96,-4.9
30690.0,-8.526,-1.074,-5.406,-8.629,-0.672,-5.245,20.44,7.0,-2.45
,-8.445,-0.924,-5.516,-8.722,-0.763,-5.061,19.67,5.88,-3.15
,-8.507,-0.73,-5.425,-8.897,-0.976,-4.872,17.92,5.81,-3.22
,-8.509,-0.715,-5.439,-9.014,-1.012,-4.733,16.59,5.32,-3.57
30765.0,-8.76,-1.101,-4.96,-8.296,-1.555,-5.31,12.46,4.76,-5.53
,-8.485,-0.991,-5.178,-8.425,-1.61,-5.43,10.78,3.78,-6.02
,-8.2,-1.254,-5.499,-8.619,-1.878,-5.236,9.87,3.64,-6.3
,-8.253,-1.244,-5.437,-8.43,-2.103,-5.164,9.1,4.2,-5.39
30840.0,-8.244,-2.357,-5.183,-8.11,-3.068,-4.984,5.39,2.45,-3.57
,-8.129,-2.407,-5.386,-8.421,-3.034,-4.8,5.18,1.68,-1.82
,-7.885,-2.694,-5.413,-8.703,-2.745,-4.647,3.92,1.54,0.0
,-7.992,-2.871,-5.14,-8.454,-2.343,-4.704,4.55,1.89,1.68
30915.0,-8.696,-1.713,-5.221,-8.588,-0.878,-5.343,10.43,0.56,8.33
,-8.38,-1.189,-5.195,-8.569,-1.024,-5.499,10.57,0.0,8.12
,-8.61,-1.019,-5.288,-8.507,-1.316,-5.377,8.61,-1.4,7.21
,-8.559,-0.888,-5.355,-8.452,-1.421,-5.377,6.72,-2.45,6.72
30990.0,-8.526,-1.106,-5.248,-8.598,-1.773,-4.853,6.72,0.56,6.44
,-8.598,-1.216,-5.03,-8.514,-1.608,-4.927,5.53,-0.21,5.88
,-8.605,-1.364,-5.152,-8.449,-1.031,-5.386,3.5,-2.1,5.46
,-8.526,-1.541,-5.078,-8.469,-1.089,-5.374,3.43,-1.96,5.11
31065.0,-8.445,-1.4,-4.994,-8.543,-2.144,-4.587,1.33,-0.98,4.2
,-8.337,-1.632,-4.929,-8.662,-1.771,-4.609,0.77,-1.75,5.53
,-8.435,-2.022,-4.637,-8.643,-1.342,-4.616,0.49,-1.61,6.58
,-8.531,-2.211,-4.597,-8.514,-1.007,-4.537,0.84,-1.54,7.21
31140.0,-8.366,-0.658,-4.661,-8.607,-0.861,-5.181,6.16,-1.47,4.06
,-8.524,-0.246,-4.953,-8.586,-1.385,-4.858,5.6,-1.19,2.38
,-8.947,-0.065,-5.15,-8.404,-1.701,-4.633,4.06,-0.77,0.98
,-8.894,-0.354,-5.269,-8.26,-1.697,-4.764,2.38,-0.21,0.42
31215.0,-8.524,-1.409,-4.917,-8.33,-1.62,-4.963,5.04,2.73,0.07
,-8.703,-1.134,-5.128,-8.334,-1.649,-5.066,5.11,1.96,-0.98
,-8.842,-1.094,-5.334,-8.765,-1.677,-5.164,4.48,1.47,-1.82
,-8.71,-1.292,-5.162,-8.835,-1.407,-5.087,3.5,1.47,-2.1
31290.0,-8.583,-1.225,-5.14,-8.519,-1.115,-5.209,5.18,2.31,-2.1
,-8.366,-1.082,-5.14,-8.658,-1.256,-5.245,4.48,2.24,-2.45
,-8.399,-1.098,-5.078,-8.748,-1.531,-5.025,3.71,2.59,-2.45
,-8.488,-1.089,-5.075,-8.653,-1.692,-4.927,3.43,2.52,-2.17
31365.0,-8.478,-1.512,-5.252,-8.528,-1.608,-5.185,1.19,2.1,-1.82
,-8.5,-1.517,-5.377,-8.346,-1.481,-5.42,0.21,1.96,-1.75
,-8.509,-1.522,-5.3,-8.545,-1.61,-5.178,-1.61,1.96,-1.47
,-8.595,-1.598,-5.102,-8.655,-1.721,-5.173,-2.31,1.75,-0.77
31440.0,-8.483,-1.563,-5.121,-8.471,-1.496,-4.996,-4.83,-0.77,3.15
,-8.509,-1.553,-5.365,-8.416,-1.335,-5.243,-5.25,-1.47,3.57
,-8.6,-1.359,-5.322,-8.435,-1.586,-4.915,-5.53,-1.89,3.71
,-8.686,-1.405,-5.123,-8.588,-1.369,-5.023,-6.3,-2.24,4.13
31515.0,-8.624,-1.443,-5.016,-8.236,-1.299,-4.98,-7.7,0.98,7.49
,-8.892,-1.359,-4.733,-8.461,-1.512,-4.743,-6.79,-0.77,7.98
,-8.641,-1.268,-5.016,-8.595,-1.529,-4.913,-7.56,-2.94,7.91
,-8.378,-1.168,-5.032,-8.701,-1.498,-4.963,-7.84,-3.36,7.91
31590.0,-8.784,-1.204,-5.169,-8.492,-0.775,-5.056,-5.74,-3.22,8.47
,-8.619,-0.96,-5.269,-8.971,-0.938,-4.616,-4.76,-3.85,8.12
,-8.536,-0.72,-5.374,-8.801,-0.914,-4.779,-4.06,-3.78,7.14
,-8.437,-0.55,-5.267,-8.648,-0.921,-4.779,-3.36,-3.08,6.02
31665.0,-8.61,-0.859,-5.027,-8.516,-1.4,-4.963,-3.71,-5.46,3.01
,-8.509,-1.084,-5.121,-8.82,-1.158,-4.965,-4.27,-6.51,2.24
,-8.397,-1.328,-5.02,-8.909,-0.981,-4.721,-4.2,-6.37,1.96
,-8.373,-1.634,-4.628,-8.875,-0.792,-4.511,-4.62,-5.74,2.17
31740.0,-8.921,-0.747,-4.558,-8.61,-1.144,-4.587,-1.33,-7.42,3.78
,-8.672,-0.952,-4.771,-8.832,-1.232,-4.556,-4.55,-8.68,4.62
,-8.186,-1.098,-4.941,-8.859,-1.122,-4.616,-5.11,-8.47,4.76
,-8.402,-1.132,-4.779,-8.634,-1.065,-4.975,-3.92,-7.7,4.62
31815.0,-8.619,-0.883,-4.585,-8.533,-0.459,-4.836,-1.12,-8.54,4.06
,-8.871,-0.988,-4.618,-8.741,-0.57,-4.714,-0.35,-9.24,3.01
,-8.715,-0.763,-4.908,-8.863,-0.591,-4.475,0.84,-10.22,2.31
,-8.586,-0.586,-4.932,-8.978,-0.57,-4.525,0.84,-10.43,1.89
31890.0,-8.835,-0.581,-4.444,-9.122,-0.761,-4.511,-2.73,-9.31,-0.07
,-8.727,-0.565,-4.515,-8.993,-0.876,-4.468,-2.8,-9.1,-0.28
,-8.806,-0.483,-4.582,-8.737,-0.928,-4.374,-2.38,-8.05,-0.14
,-8.926,-0.737,-4.393,-8.727,-0.933,-4.396,-2.8,-7.63,-0.42
31965.0,-8.83,-1.01,-4.223,-9.146,-1.187,-4.087,-0.7,-4.55,0.0
,-8.863,-0.821,-4.355,-8.942,-1.139,-4.226,-0.91,-6.79,-0.42
,-8.629,-0.759,-4.501,-8.497,-1.046,-4.111,-1.61,-7.56,-1.19
,-8.691,-0.964,-4.31,-8.251,-0.962,-4.381,-2.87,-7.21,-1.96
32040.0,-8.954,-0.981,-3.936,-8.763,-1.285,-4.353,-2.03,-9.52,-2.73
,-9.1,-0.739,-4.207,-8.837,-1.448,-4.013,-0.42,-9.24,-2.24
,-8.763,-1.041,-4.355,-8.806,-1.299,-3.989,-1.33,-8.12,-2.59
,-8.827,-1.184,-4.25,-9.048,-1.065,-3.881,-1.4,-6.37,-1.68
32115.0,-9.232,-0.57,-4.219,-8.894,-1.086,-3.963,6.37,-5.88,-1.47
,-9.055,-0.347,-4.386,-9.026,-1.094,-4.243,3.71,-6.93,-2.31
,-8.756,-0.438,-4.283,-9.05,-0.9,-4.214,-0.35,-6.3,-2.31
,-8.66,-0.782,-4.018,-8.961,-0.766,-4.379,-3.01,-4.69,-2.17
32190.0,-8.784,-1.07,-3.922,-9.055,-0.73,-4.063,-1.12,-6.79,-3.57
,-8.794,-1.048,-3.893,-8.983,-0.704,-4.128,0.35,-4.9,-3.01
,-9.043,-1.067,-3.553,-9.064,-0.816,-4.111,2.17,-3.57,-2.94
,-9.112,-0.861,-3.506,-8.914,-1.089,-4.006,3.99,-3.92,-3.29
32265.0,-8.88,-1.182,-3.829,-9.0,-0.861,-4.173,0.77,-3.85,-3.5
,-8.861,-1.117,-3.465,-9.146,-1.007,-4.166,4.34,-2.87,-3.43
,-8.978,-0.895,-3.793,-9.191,-1.12,-3.965,5.81,-3.99,-3.71
,-9.031,-0.773,-4.233,-9.088,-1.201,-3.597,5.67,-5.81,-3.92
32340.0,-9.1,-1.015,-3.34,-9.186,-1.354,-3.604,8.47,-4.48,-3.57
,-9.141,-0.914,-3.218,-9.124,-1.129,-3.604,6.3,-5.11,-3.71
,-9.028,-1.027,-3.34,-9.079,-0.83,-4.061,3.43,-5.32,-3.64
,-9.141,-1.249,-3.264,-8.863,-0.754,-4.08,1.33,-4.48,-3.36
32415.0,-8.849,-0.905,-3.958,-9.351,-0.969,-3.36,3.71,-3.99,-3.78
,-8.825,-1.23,-3.8,-9.323,-0.888,-3.463,4.13,-3.36,-3.85
,-8.952,-1.309,-3.568,-9.203,-0.991,-3.168,6.3,-2.94,-3.78
,-9.048,-1.146,-3.424,-9.201,-1.182,-3.396,9.17,-2.38,-3.29
32490.0,-9.002,-1.29,-3.585,-9.038,-1.364,-3.695,4.2,-1.82,-3.92
,-8.966,-1.311,-3.778,-9.093,-1.467,-3.601,3.43,-2.17,-3.99
,-8.863,-1.266,-3.546,-9.115,-1.519,-3.676,2.59,-1.96,-3.92
,-8.878,-1.247,-3.558,-8.993,-1.697,-3.719,1.12,-1.54,-4.06
32565.0,-8.954,-1.859,-3.372,-9.076,-1.113,-3.57,-0.77,-0.84,-2.24
,-9.158,-1.73,-3.271,-9.057,-1.412,-4.008,3.22,0.14,-1.33
,-9.225,-1.5,-3.451,-8.961,-1.517,-3.905,5.81,0.0,-1.05
,-9.143,-1.146,-3.553,-9.036,-1.51,-3.848,5.88,-0.07,-0.77
32640.0,-9.048,-1.321,-3.893,-9.411,-1.031,-3.35,7.14,0.84,0.63
,-9.069,-1.113,-3.874,-9.38,-1.06,-3.508,7.7,0.77,0.7
,-9.064,-0.981,-3.575,-9.098,-0.967,-3.845,7.56,1.05,0.84
,-9.115,-1.019,-3.058,-8.887,-1.242,-3.97,6.3,1.96,0.91
32715.0,-8.835,-1.455,-3.979,-9.052,-0.859,-4.228,-2.94,0.91,-1.26
,-8.849,-1.63,-3.999,-8.902,-1.201,-4.001,-1.47,1.4,-1.12
,-9.019,-1.249,-3.877,-9.062,-1.407,-3.757,1.12,1.26,-0.77
,-9.141,-0.983,-4.389,-9.115,-1.572,-3.826,0.42,-0.07,-1.26
32790.0,-9.105,-1.362,-3.687,-9.136,-1.24,-3.123,2.66,-1.12,-0.63
,-9.122,-1.101,-3.8,-9.263,-1.208,-3.178,2.17,-1.68,-0.91
,-9.043,-1.247,-3.613,-9.165,-1.129,-3.185,0.7,-1.33,-0.84
,-8.978,-1.374,-3.369,-9.086,-1.125,-2.984,0.84,-0.49,-0.63
32865.0,-9.225,-1.371,-2.955,-8.983,-1.196,-3.841,-0.35,2.94,-0.35
,-9.33,-1.354,-3.135,-9.043,-1.302,-4.116,0.14,3.5,-0.49
,-9.316,-1.304,-3.534,-8.981,-1.326,-4.369,0.28,3.5,-0.49
,-9.093,-1.216,-3.726,-8.875,-1.366,-4.233,-0.42,3.57,-0.42
32940.0,-8.875,-1.608,-4.025,-9.241,-1.015,-3.891,-0.98,3.36,0.07
,-9.083,-1.73,-3.745,-9.091,-1.084,-4.178,1.68,4.13,0.56
,-9.241,-1.546,-3.618,-8.827,-1.223,-4.243,4.2,4.06,0.77
,-9.308,-1.129,-3.716,-8.815,-1.378,-4.054,5.18,3.71,0.91
33015.0,-9.005,-1.505,-3.86,-8.942,-0.96,-4.039,4.2,2.94,0.98
,-9.143,-1.364,-3.754,-8.818,-1.273,-3.886,6.23,2.87,1.19
,-9.265,-1.041,-3.86,-8.854,-1.551,-3.63,6.93,2.52,0.98
,-9.134,-0.9,-4.034,-9.076,-1.618,-3.372,4.69,1.4,0.14
33090.0,-9.225,-1.484,-3.168,-9.036,-1.24,-3.429,3.08,2.52,0.28
,-9.289,-1.218,-3.013,-9.043,-1.378,-3.618,3.78,3.15,0.56
,-9.335,-1.141,-3.175,-9.136,-1.421,-3.752,3.29,3.43,0.49
,-9.215,-1.103,-3.475,-9.122,-1.318,-3.833,1.82,3.64,0.07
33165.0,-9.122,-1.218,-3.891,-8.825,-1.421,-4.525,2.38,4.69,0.42
,-9.074,-1.273,-4.125,-8.878,-1.524,-4.508,2.17,4.34,0.07
,-9.0,-1.321,-4.257,-8.894,-1.553,-4.142,2.59,4.13,0.14
,-8.882,-1.388,-4.42,-8.957,-1.512,-3.798,2.87,3.5,0.21
33240.0,-9.081,-1.271,-3.795,-9.095,-1.4,-3.728,8.47,2.45,1.33
,-9.217,-1.12,-3.683,-8.969,-1.445,-3.678,7.98,2.17,1.12
,-9.143,-1.17,-3.62,-9.043,-1.443,-3.776,6.09,2.03,0.77
,-9.103,-1.254,-3.577,-8.99,-1.374,-3.807,4.55,2.03,0.7
33315.0,-9.06,-1.232,-3.953,-8.983,-1.335,-3.831,5.18,2.52,0.63
,-9.016,-1.182,-3.979,-9.091,-1.29,-3.647,4.55,2.38,0.63
,-8.918,-1.204,-3.958,-9.127,-1.237,-3.692,3.71,2.59,0.77
,-8.961,-1.271,-3.922,-9.15,-1.206,-3.769,3.29,2.66,0.63
33390.0,-9.146,-1.206,-3.929,-9.069,-1.462,-3.853,2.24,2.38,0.0
,-8.969,-1.256,-4.027,-9.148,-1.285,-3.709,1.4,2.38,-0.14
,-8.837,-1.409,-3.951,-9.158,-1.275,-3.81,1.12,2.38,-0.07
,-8.892,-1.488,-3.912,-9.148,-1.271,-3.932,1.89,2.52,0.14
33465.0,-9.009,-1.369,-4.054,-9.098,-1.285,-3.915,1.19,2.03,-0.14
,-8.873,-1.515,-4.042,-9.194,-1.175,-3.874,1.4,2.1,0.14
,-8.911,-1.594,-4.101,-9.143,-1.139,-3.975,2.45,2.38,0.49
,-8.954,-1.455,-3.881,-9.012,-1.271,-4.089,3.57,2.45,0.63
33540.0,-8.899,-1.474,-4.113,-8.969,-1.383,-3.886,0.63,1.12,0.0
,-8.928,-1.519,-4.159,-9.05,-1.366,-3.774,1.33,1.19,0.21
,-8.954,-1.508,-4.13,-9.186,-1.173,-3.855,2.66,1.12,0.63
,-8.938,-1.448,-4.085,-9.129,-1.168,-3.905,3.92,1.12,0.84
33615.0,-8.993,-1.345,-3.944,-9.033,-1.259,-3.74,1.47,0.28,0.42
,-8.923,-1.589,-3.848,-9.04,-1.342,-3.601,1.54,0.49,0.49
,-8.985,-1.575,-3.884,-9.124,-1.333,-3.652,3.43,0.77,0.84
,-9.067,-1.414,-3.814,-9.146,-1.271,-3.829,5.11,0.77,1.12
33690.0,-9.036,-1.283,-3.927,-9.088,-1.335,-3.991,2.94,0.91,0.77
,-8.945,-1.393,-3.972,-9.074,-1.204,-4.054,2.38,1.12,0.77
,-8.921,-1.484,-4.02,-9.005,-1.273,-3.924,2.73,1.05,0.63
,-8.971,-1.445,-3.951,-9.019,-1.362,-3.905,4.41,1.26,0.98
33765.0,-9.079,-1.362,-3.994,-9.05,-1.397,-3.819,3.64,0.7,0.84
,-8.997,-1.33,-3.96,-9.079,-1.28,-3.833,3.99,0.63,0.77
,-8.988,-1.345,-3.891,-9.028,-1.316,-3.802,3.78,0.49,0.77
,-9.055,-1.46,-3.838,-9.079,-1.347,-3.719,4.06,0.7,0.84
33840.0,-9.055,-1.405,-3.731,-9.055,-1.438,-3.757,2.59,0.63,0.49
,-9.052,-1.354,-3.726,-9.043,-1.417,-3.743,2.66,0.77,0.56
,-9.036,-1.383,-3.805,-9.091,-1.35,-3.656,2.8,0.77,0.56
,-8.99,-1.438,-3.79,-9.074,-1.328,-3.762,2.73,0.77,0.49
33915.0,-9.083,-1.321,-3.8,-9.0,-1.491,-3.869,2.87,1.33,0.63
,-9.038,-1.33,-3.915,-9.091,-1.33,-3.958,2.45,1.26,0.56
,-8.981,-1.39,-3.9,-9.062,-1.323,-3.967,2.03,1.33,0.63
,-8.978,-1.445,-3.838,-9.005,-1.285,-3.845,2.31,1.54,0.84
33990.0,-9.014,-1.445,-3.893,-9.093,-1.395,-3.704,2.73,0.98,0.63
,-8.969,-1.45,-3.726,-9.083,-1.345,-3.745,2.87,1.26,0.77
,-9.014,-1.498,-3.848,-9.038,-1.316,-3.676,3.15,1.19,0.77
,-9.014,-1.383,-3.587,-9.048,-1.388,-3.778,3.5,1.26,0.98
34065.0,-9.052,-1.39,-3.774,-8.971,-1.476,-4.039,1.68,1.54,0.56
,-9.038,-1.383,-3.896,-9.036,-1.429,-4.085,1.89,1.47,0.56
,-8.993,-1.421,-3.941,-9.124,-1.383,-3.886,1.68,1.33,0.49
,-8.957,-1.443,-3.989,-9.103,-1.376,-3.781,1.89,1.4,0.77
34140.0,-9.095,-1.366,-3.826,-9.031,-1.524,-3.92,2.24,0.84,0.91
,-9.081,-1.362,-3.867,-9.024,-1.462,-3.848,1.75,0.84,0.91
,-8.966,-1.433,-3.704,-9.036,-1.536,-3.841,1.68,0.84,0.98
,-8.966,-1.436,-3.865,-9.036,-1.457,-3.848,1.54,0.7,0.91
34215.0,-9.04,-1.397,-3.812,-9.0,-1.376,-3.826,2.87,0.7,1.61
,-8.988,-1.369,-3.853,-9.031,-1.362,-3.802,2.73,0.77,1.61
,-9.014,-1.352,-3.836,-9.031,-1.414,-3.776,2.31,0.77,1.68
,-9.028,-1.352,-3.747,-9.055,-1.395,-3.881,1.82,0.7,1.75
34290.0,-9.024,-1.419,-3.896,-9.186,-1.223,-3.893,0.77,0.63,2.31
,-9.05,-1.381,-3.807,-9.021,-1.328,-4.02,0.84,0.91,2.45
,-9.107,-1.292,-3.731,-8.954,-1.51,-4.066,0.7,0.98,2.45
,-9.155,-1.235,-3.802,-8.887,-1.575,-3.984,0.35,0.84,2.31
34365.0,-8.921,-1.586,-3.927,-9.019,-1.261,-3.75,-1.05,-0.14,2.45
,-9.028,-1.498,-3.845,-9.031,-1.309,-3.719,0.07,0.14,2.8
,-9.064,-1.4,-3.778,-9.04,-1.33,-3.604,0.77,-0.14,3.08
,-9.11,-1.311,-3.762,-9.038,-1.496,-3.589,0.63,-0.28,3.08
34440.0,-9.095,-1.546,-3.57,-9.038,-1.23,-3.659,-1.05,0.35,3.85
,-9.04,-1.541,-3.451,-9.076,-1.204,-3.656,-0.35,0.56,4.13
,-9.093,-1.472,-3.553,-9.103,-1.189,-3.75,0.63,0.84,4.27
,-9.105,-1.364,-3.702,-9.074,-1.259,-3.726,1.19,1.12,4.62
34515.0,-9.05,-1.187,-3.874,-9.136,-1.012,-3.757,-1.54,1.82,4.55
,-8.995,-1.17,-3.728,-9.062,-1.151,-3.597,-1.89,1.89,4.55
,-9.024,-1.067,-3.733,-9.134,-1.364,-3.398,-1.82,1.89,4.48
,-9.119,-1.029,-3.716,-9.182,-1.687,-3.149,-2.73,1.82,4.06
34590.0,-9.119,-1.797,-2.733,-8.973,-0.555,-3.788,-4.83,3.78,4.69
,-9.304,-1.28,-2.699,-8.93,-1.036,-3.671,-1.4,4.55,4.9
,-9.373,-0.62,-3.135,-8.921,-1.531,-3.441,-0.7,3.64,4.06
,-9.217,-0.361,-3.577,-9.136,-1.469,-3.455,-4.76,2.59,3.36
34665.0,-8.976,-1.22,-3.623,-9.005,-1.462,-3.125,-0.77,7.42,5.04
,-8.978,-0.864,-3.659,-9.392,-1.33,-2.998,1.61,7.77,5.39
,-8.957,-0.826,-3.64,-9.273,-0.895,-3.472,0.35,8.05,6.02
,-9.036,-1.163,-3.565,-8.949,-0.409,-3.549,-1.89,8.4,6.37
34740.0,-8.854,-0.402,-3.769,-9.203,-1.189,-3.53,-2.87,8.54,4.9
,-8.713,-0.89,-3.69,-8.957,-0.821,-3.723,-6.58,9.66,5.32
,-9.081,-1.385,-3.575,-8.665,-0.522,-3.867,-7.49,11.55,6.37
,-9.174,-1.436,-3.374,-8.782,-0.333,-3.654,-3.15,13.3,7.21
34815.0,-9.026,-0.196,-3.451,-8.909,-0.632,-3.766,3.71,13.44,5.39
,-9.186,0.074,-3.058,-9.095,-0.921,-3.857,2.59,14.98,4.27
,-9.134,0.165,-3.546,-9.117,-1.086,-3.817,-1.12,14.07,2.1
,-8.713,-0.187,-3.8,-8.799,-0.95,-3.419,-6.79,13.37,0.84
34890.0,-8.957,-0.632,-3.647,-8.78,-2.123,-4.049,-8.61,14.42,-1.82
,-8.495,-0.701,-4.231,-9.194,-1.852,-3.786,-12.11,10.99,-2.8
,-8.339,-1.173,-4.508,-8.88,-1.646,-4.413,-16.73,11.06,-1.61
,-8.624,-1.859,-4.733,-8.897,-1.522,-4.678,-17.71,12.95,0.21
34965.0,-8.753,-1.412,-4.757,-8.634,-0.249,-4.941,-1.26,15.68,5.32
,-8.547,-1.342,-4.59,-8.806,-0.072,-5.011,-1.96,16.66,6.44
,-8.308,-1.113,-4.432,-8.813,0.005,-5.049,0.91,19.39,7.0
,-8.502,-0.586,-4.604,-8.863,-0.069,-4.829,6.44,20.37,6.51
35040.0,-9.043,-0.117,-4.439,-8.641,0.313,-5.212,9.17,21.77,3.57
,-9.072,-0.22,-4.104,-8.373,0.354,-5.518,10.08,22.47,1.54
,-9.167,-0.043,-3.857,-8.547,0.235,-5.513,11.27,21.91,0.28
,-9.012,0.261,-4.518,-8.088,0.079,-5.406,10.92,19.04,-0.84
35115.0,-8.76,-0.347,-5.001,-8.394,-2.015,-4.891,-0.14,17.71,-8.05
,-9.22,-0.883,-4.855,-8.27,-1.953,-4.673,-1.75,16.24,-9.31
,-9.186,-1.366,-4.994,-8.253,-1.603,-5.02,-2.17,15.33,-8.61
,-8.787,-1.768,-5.071,-8.244,-1.094,-5.178,-1.05,15.61,-6.65
35190.0,-8.069,-0.433,-5.647,-8.827,-0.641,-5.516,11.97,13.65,-3.01
,-8.002,0.115,-5.884,-8.909,-1.134,-5.248,10.85,13.09,-3.5
,-8.193,0.225,-5.899,-8.825,-1.424,-5.013,7.84,12.6,-5.11
,-8.538,-0.086,-5.698,-8.571,-1.596,-4.858,3.92,12.46,-6.93
35265.0,-8.418,-1.689,-4.745,-7.93,-0.878,-6.059,9.24,13.58,-5.39
,-8.277,-1.79,-4.922,-7.999,-1.043,-6.021,11.2,12.88,-4.13
,-8.215,-1.596,-5.3,-8.191,-1.366,-5.798,13.58,11.62,-2.94
,-8.258,-1.031,-5.726,-8.358,-1.73,-5.312,15.96,9.87,-2.52
35340.0,-8.459,-1.845,-5.051,-8.526,-1.926,-4.812,8.89,10.01,-1.82
,-8.488,-1.893,-4.965,-8.394,-1.484,-5.305,11.27,10.57,-0.91
,-8.557,-1.845,-4.721,-8.212,-0.797,-5.939,12.81,10.43,0.14
,-8.512,-1.89,-4.678,-8.11,0.263,-6.42,14.07,10.57,1.05
35415.0,-8.21,0.524,-6.269,-8.763,-1.268,-5.063,22.61,5.6,-0.56
,-8.473,0.213,-5.882,-8.055,-1.481,-5.571,17.99,5.95,-3.01
,-8.83,-0.505,-5.157,-7.921,-1.967,-5.54,13.51,7.35,-3.92
,-8.945,-0.938,-5.063,-7.746,-2.525,-5.7,12.6,7.35,-4.41
35490.0,-8.059,-2.288,-5.767,-8.351,-1.4,-5.628,17.36,5.18,-2.24
,-8.33,-1.718,-5.822,-8.514,-1.472,-5.394,20.37,4.55,-1.4
,-8.375,-1.194,-5.879,-8.504,-1.651,-5.374,19.95,4.13,-0.91
,-8.289,-1.318,-5.695,-8.313,-1.424,-5.647,18.48,3.15,-0.98
35565.0,-8.232,-1.249,-5.678,-8.339,-0.359,-5.729,14.98,1.89,-2.24
,-8.047,-1.17,-5.564,-8.543,-0.287,-5.853,14.63,1.75,-2.31
,-8.122,-0.84,-5.583,-8.399,-0.725,-5.642,14.91,1.61,-2.59
,-8.318,-0.459,-5.664,-8.203,-1.278,-5.238,14.56,1.4,-2.66
35640.0,-8.112,-1.826,-4.994,-8.174,-3.029,-5.315,5.53,0.98,-4.76
,-8.047,-2.099,-5.133,-7.947,-2.816,-5.446,5.88,-0.14,-4.62
,-8.162,-2.376,-5.209,-8.055,-2.661,-5.599,4.13,-0.42,-3.5
,-8.241,-2.735,-5.322,-8.133,-2.527,-5.602,3.5,0.28,-1.75
35715.0,-8.378,-2.541,-5.37,-8.272,-1.642,-5.566,5.81,2.03,5.11
,-8.387,-2.213,-5.339,-8.296,-1.436,-5.822,5.81,1.47,5.25
,-8.49,-2.034,-5.276,-8.2,-1.776,-5.669,5.25,0.35,5.6
,-8.253,-1.831,-5.453,-7.901,-1.919,-5.418,5.25,-0.84,5.46
35790.0,-7.93,-1.78,-5.394,-8.5,-1.862,-5.171,6.09,-2.45,6.58
,-8.193,-1.768,-5.487,-8.598,-1.721,-5.004,5.32,-3.85,7.14
,-8.212,-1.933,-5.355,-8.557,-1.656,-4.898,4.97,-3.78,8.47
,-8.33,-1.969,-5.157,-8.373,-1.376,-5.044,5.74,-3.57,8.75
35865.0,-8.382,-1.117,-5.087,-8.569,-1.06,-5.102,6.02,-3.08,7.63
,-8.363,-1.012,-5.188,-8.311,-1.426,-5.073,5.04,-2.52,7.21
,-8.373,-0.938,-5.343,-8.229,-1.735,-5.087,3.01,-1.96,6.3
,-8.437,-0.955,-5.262,-8.2,-1.756,-5.054,0.56,-0.77,5.53
35940.0,-8.361,-1.419,-5.336,-8.205,-1.606,-4.937,2.73,-2.31,5.04
,-8.471,-1.352,-5.451,-8.349,-1.723,-4.781,2.8,-2.1,5.18
,-8.404,-1.287,-5.293,-8.356,-1.295,-4.867,3.15,-1.96,5.46
,-8.279,-1.371,-5.166,-8.38,-0.943,-5.183,2.45,-2.38,5.74
36015.0,-8.504,-0.749,-5.24,-8.49,-0.742,-5.092,3.64,-0.07,4.27
,-8.478,-0.926,-5.133,-8.37,-0.852,-5.037,3.29,0.42,4.13
,-8.538,-1.0,-5.023,-8.435,-1.084,-5.02,3.5,1.05,3.85
,-8.614,-0.857,-5.023,-8.363,-1.397,-4.996,3.29,0.98,3.08
36090.0,-8.311,-1.725,-4.905,-8.595,-1.551,-5.315,0.42,2.45,0.28
,-8.327,-1.637,-5.08,-8.485,-1.304,-5.363,1.75,2.45,0.21
,-8.318,-1.575,-5.305,-8.323,-1.153,-5.319,2.73,2.38,-0.14
,-8.576,-1.567,-5.334,-8.378,-1.194,-5.351,3.08,2.8,-0.42
36165.0,-8.433,-1.395,-5.193,-8.38,-1.412,-4.898,0.98,1.47,-0.98
,-8.378,-1.67,-4.992,-8.354,-1.39,-5.08,0.77,1.68,-0.21
,-8.354,-1.816,-4.939,-8.423,-1.424,-4.937,1.89,2.17,0.21
,-8.303,-1.627,-4.853,-8.413,-1.261,-4.934,3.29,2.94,0.14
36240.0,-8.311,-1.326,-5.154,-8.478,-1.158,-5.217,2.45,4.2,0.0
,-8.413,-1.551,-5.004,-8.411,-1.122,-5.176,1.68,4.83,0.28
,-8.433,-1.551,-5.13,-8.363,-1.098,-5.382,2.03,4.83,0.28
,-8.559,-1.189,-5.453,-8.555,-1.055,-5.477,2.87,4.9,-0.07
36315.0,-8.619,-1.103,-5.465,-8.356,-1.022,-5.432,-2.52,4.55,-1.96
,-8.526,-1.165,-5.372,-8.368,-1.326,-5.384,-2.52,4.06,-2.52
,-8.373,-0.902,-5.587,-8.413,-1.56,-5.42,-2.45,3.36,-2.8
,-8.318,-0.888,-5.504,-8.308,-1.548,-5.461,-3.71,3.01,-2.94
36390.0,-8.148,-1.539,-5.647,-8.66,-1.309,-5.269,-7.0,2.24,0.28
,-8.244,-1.479,-5.461,-8.684,-1.287,-5.312,-7.42,2.45,1.19
,-8.27,-1.455,-5.585,-8.397,-1.201,-5.384,-6.79,2.45,1.82
,-8.375,-1.35,-5.688,-8.11,-1.304,-5.554,-6.09,2.24,2.17
36465.0,-8.153,-1.522,-5.511,-8.404,-1.531,-5.231,-10.92,1.19,4.55
,-8.117,-1.819,-5.508,-8.236,-1.043,-5.528,-11.06,1.47,5.04
,-8.411,-1.91,-5.41,-8.246,-1.046,-5.626,-10.01,1.82,5.32
,-8.643,-1.747,-5.511,-8.186,-1.144,-5.698,-7.56,0.7,5.67
36540.0,-8.208,-1.572,-5.501,-8.571,-1.579,-5.231,-7.42,-0.42,5.18
,-8.502,-1.424,-5.415,-8.488,-1.51,-5.542,-6.65,-0.49,5.25
,-8.49,-1.56,-5.319,-8.289,-1.776,-5.547,-5.32,-1.33,5.11
,-8.526,-1.476,-5.348,-8.234,-2.45,-5.839,-2.52,-2.03,4.55
36615.0,-8.557,-1.529,-5.238,-8.679,-0.928,-5.506,0.98,-3.08,6.3
,-8.593,-1.4,-5.327,-8.102,-0.759,-5.628,2.24,-3.22,5.67
,-8.337,-1.263,-5.363,-8.047,-0.672,-5.446,3.92,-4.2,6.02
,-8.366,-1.374,-5.331,-8.186,-0.821,-5.083,1.61,-4.62,6.3
36690.0,-8.756,-0.895,-4.944,-8.325,-1.007,-5.157,-1.89,-7.42,3.29
,-8.796,-0.924,-4.886,-8.346,-0.912,-5.264,-1.12,-7.56,3.92
,-8.722,-0.778,-5.15,-8.509,-1.764,-4.972,0.07,-6.79,5.53
,-8.368,-0.854,-5.231,-8.459,-1.225,-5.142,0.28,-5.6,6.51
36765.0,-8.488,-1.086,-5.162,-8.344,-0.536,-5.322,3.71,-5.81,6.23
,-8.581,-0.931,-5.142,-8.289,-0.905,-5.353,3.85,-6.86,5.67
,-8.684,-0.713,-5.224,-8.349,-1.173,-5.291,2.24,-7.77,5.18
,-8.567,-0.512,-5.252,-8.557,-1.441,-5.176,-0.28,-9.66,4.06
36840.0,-8.531,-1.371,-5.169,-8.672,-0.598,-5.097,-0.98,-11.69,3.71
,-8.435,-1.218,-5.035,-8.76,-0.603,-4.965,2.66,-11.62,3.22
,-8.509,-0.993,-5.006,-8.452,-0.713,-4.965,3.85,-11.48,3.99
,-8.569,-0.806,-5.039,-8.705,-0.852,-4.812,3.99,-10.71,5.25
36915.0,-8.564,-0.852,-4.714,-8.478,-0.756,-4.568,-0.98,-11.97,4.06
,-8.866,-0.756,-4.702,-8.375,-0.821,-4.427,-0.14,-12.32,3.57
,-8.698,-0.749,-4.8,-8.818,-0.802,-4.389,-0.21,-13.02,3.08
,-8.476,-0.723,-4.779,-8.823,-0.644,-4.259,-0.7,-13.65,2.87
36990.0,-8.277,-0.285,-5.121,-8.751,-0.871,-4.47,0.21,-14.91,1.12
,-8.995,-0.498,-4.573,-8.918,-1.022,-4.386,-2.45,-15.19,0.56
,-8.399,-0.577,-4.841,-8.904,-1.022,-4.355,-5.32,-15.12,-0.14
,-8.471,-0.79,-4.413,-8.794,-1.048,-4.25,-5.81,-13.44,-0.91
37065.0,-8.717,-1.158,-3.996,-8.981,-0.503,-4.128,-3.22,-13.3,-1.05
,-8.693,-1.012,-3.91,-9.021,-0.586,-4.346,-1.12,-12.11,-0.84
,-8.693,-0.869,-3.857,-8.897,-0.905,-4.142,0.91,-11.97,-0.63
,-8.851,-0.55,-4.058,-8.638,-1.196,-3.611,1.05,-13.02,-0.77
37140.0,-8.794,-1.371,-3.302,-8.851,-0.579,-4.154,-1.75,-10.08,-2.59
,-9.134,-1.012,-3.721,-8.842,-0.924,-3.743,2.45,-10.92,-2.52
,-9.139,-0.629,-3.85,-8.892,-1.256,-3.472,3.29,-12.11,-1.68
,-9.05,-0.376,-4.176,-9.045,-1.151,-3.044,1.05,-12.81,-0.56
37215.0,-9.093,-0.864,-3.508,-8.918,-0.675,-3.719,4.13,-8.68,-1.68
,-9.014,-0.548,-3.609,-8.959,-0.61,-3.518,3.57,-9.24,-0.91
,-9.136,-0.39,-3.623,-9.072,-0.462,-3.532,2.17,-8.75,0.07
,-9.141,-0.56,-4.051,-9.095,-0.297,-3.513,0.49,-8.33,-0.63
37290.0,-9.146,-0.318,-3.826,-9.05,-1.424,-3.022,0.14,-7.49,-3.85
,-8.981,-0.668,-3.867,-9.34,-1.086,-3.419,-3.15,-7.42,-3.85
,-8.923,-1.261,-3.68,-9.241,-0.663,-3.958,-3.64,-5.88,-3.22
,-8.916,-1.625,-3.273,-8.993,-0.514,-4.288,-0.49,-3.99,-2.52
37365.0,-8.835,-0.871,-4.245,-9.289,-0.479,-3.534,-2.73,-5.39,-1.47
,-8.933,-1.24,-4.07,-9.251,-0.55,-3.324,-0.56,-3.92,-1.82
,-8.952,-1.184,-3.776,-9.265,-0.89,-3.479,4.2,-2.73,-1.96
,-9.17,-0.802,-3.53,-9.131,-1.106,-3.448,8.47,-2.31,-1.4
37440.0,-9.086,-1.113,-3.601,-9.119,-0.962,-4.094,3.22,-1.75,-1.54
,-9.069,-0.919,-3.757,-9.057,-1.058,-3.778,4.76,-1.68,-1.54
,-8.928,-0.692,-3.953,-9.162,-0.986,-3.656,4.48,-1.82,-1.96
,-8.993,-0.735,-3.898,-9.32,-0.742,-4.039,3.43,-1.75,-2.1
37515.0,-9.124,-0.5,-4.441,-9.141,-1.091,-3.769,5.11,-3.64,-2.94
,-8.871,-0.644,-4.367,-9.208,-0.96,-3.417,2.38,-4.27,-2.94
,-8.784,-0.866,-4.267,-9.234,-0.785,-3.484,1.61,-4.13,-2.59
,-8.966,-1.132,-4.006,-9.182,-0.881,-3.467,2.94,-3.71,-2.45
37590.0,-9.112,-1.094,-3.558,-9.153,-1.094,-3.046,3.22,-3.57,-2.38
,-8.981,-1.125,-3.398,-9.241,-1.129,-3.053,3.5,-2.8,-2.1
,-8.983,-1.041,-3.393,-9.21,-1.137,-2.737,3.78,-2.45,-1.96
,-8.911,-1.192,-3.044,-9.34,-1.134,-2.948,3.57,-1.4,-1.47
37665.0,-9.277,-1.149,-2.883,-9.179,-0.876,-3.604,2.59,2.87,-0.28
,-9.148,-1.132,-3.003,-9.105,-0.979,-3.632,3.15,3.71,0.28
,-9.064,-1.096,-3.032,-9.139,-1.201,-3.613,2.8,4.34,0.35
,-9.146,-0.94,-3.393,-9.203,-1.311,-3.8,2.38,4.76,0.07
37740.0,-9.191,-1.211,-4.281,-9.263,-1.156,-4.259,-0.35,4.48,0.35
,-8.897,-1.144,-4.424,-9.237,-0.9,-4.424,-0.35,3.78,0.56
,-8.701,-1.192,-4.197,-9.079,-0.787,-4.446,-0.21,3.71,1.12
,-8.942,-1.218,-4.171,-8.94,-0.969,-4.372,1.33,3.57,1.4
37815.0,-8.835,-1.359,-3.91,-9.438,-0.706,-3.295,-1.33,0.49,0.84
,-9.026,-1.431,-3.429,-9.194,-0.768,-3.412,1.19,1.19,1.26
,-9.275,-1.242,-3.276,-9.045,-0.926,-3.553,3.57,1.54,1.4
,-9.392,-0.938,-3.025,-9.06,-1.129,-3.795,3.78,2.1,1.54
37890.0,-8.995,-1.232,-3.853,-9.21,-0.928,-3.647,0.56,3.01,1.61
,-9.028,-1.235,-3.721,-9.21,-0.785,-3.879,2.45,3.78,2.31
,-9.083,-1.213,-3.762,-9.115,-0.818,-4.111,3.71,3.71,2.38
,-9.098,-1.168,-3.582,-8.997,-1.086,-4.078,5.04,4.06,2.8
37965.0,-8.93,-1.304,-3.932,-9.397,-0.581,-3.845,3.22,3.78,2.59
,-9.083,-1.161,-3.843,-9.265,-0.704,-4.197,5.95,3.92,2.73
,-9.158,-0.782,-3.692,-8.997,-0.895,-4.214,7.21,3.99,2.66
,-9.308,-0.567,-3.613,-8.945,-1.058,-4.472,5.81,3.78,2.31
38040.0,-8.863,-1.113,-4.436,-9.387,-0.876,-3.305,2.24,1.75,1.12
,-8.839,-1.151,-4.252,-9.361,-0.66,-3.374,3.57,1.89,1.33
,-8.93,-1.146,-3.74,-9.275,-0.56,-3.716,4.13,1.89,1.33
,-9.21,-1.036,-3.446,-9.024,-0.857,-3.905,4.62,2.31,1.26
38115.0,-8.844,-1.134,-3.845,-9.244,-0.646,-4.054,-2.73,2.03,0.14
,-8.89,-1.311,-3.776,-8.988,-0.653,-4.202,0.0,2.66,0.7
,-9.148,-1.237,-3.733,-8.847,-0.952,-4.094,3.29,3.15,0.98
,-9.344,-0.859,-3.874,-8.844,-1.173,-3.963,4.83,2.8,0.91
38190.0,-9.072,-1.311,-3.745,-9.208,-0.656,-3.671,1.61,2.17,0.49
,-9.105,-1.211,-3.479,-9.026,-0.847,-3.848,3.71,2.8,1.12
,-9.203,-1.039,-3.372,-8.933,-1.089,-3.877,4.9,2.94,1.12
,-9.38,-0.804,-3.534,-9.038,-1.196,-3.896,4.69,2.24,0.63
38265.0,-9.184,-1.084,-3.884,-9.028,-0.852,-4.161,3.36,3.36,0.84
,-9.165,-0.974,-3.814,-8.947,-0.981,-4.159,4.34,3.5,0.84
,-9.143,-0.759,-3.967,-8.918,-1.127,-4.07,4.13,3.15,0.63
,-9.1,-0.768,-4.07,-9.036,-1.213,-3.896,3.08,2.66,0.21
38340.0,-9.127,-1.07,-3.845,-8.983,-0.957,-3.915,3.92,2.73,0.28
,-9.22,-0.885,-3.877,-9.0,-0.945,-3.893,4.55,2.52,0.35
,-9.117,-0.802,-3.951,-9.119,-1.017,-3.958,3.64,2.31,0.35
,-9.062,-0.909,-3.944,-9.117,-1.012,-3.927,2.45,2.17,0.21
38415.0,-9.033,-1.027,-3.955,-9.0,-1.036,-4.027,2.38,2.03,-0.07
,-9.0,-1.079,-3.829,-8.969,-1.18,-4.001,2.59,2.31,-0.07
,-9.103,-1.003,-3.888,-9.033,-1.204,-3.979,2.73,2.17,-0.14
,-9.095,-1.005,-4.022,-9.081,-1.168,-3.853,2.66,2.1,-0.14
38490.0,-9.086,-1.019,-3.867,-9.141,-0.926,-3.917,4.76,2.03,0.7
,-9.072,-0.943,-3.79,-9.016,-1.003,-4.089,4.41,2.17,0.7
,-9.086,-0.962,-3.625,-8.914,-1.091,-3.999,3.43,2.31,0.56
,-9.153,-1.022,-3.81,-8.918,-1.084,-3.927,2.87,2.24,0.35
38565.0,-9.081,-1.122,-3.924,-9.052,-1.077,-3.824,3.71,2.17,0.56
,-9.103,-1.01,-3.843,-9.091,-1.137,-3.814,3.64,2.1,0.7
,-9.093,-0.96,-3.845,-9.076,-1.067,-3.819,3.01,1.96,0.56
,-9.06,-1.012,-3.817,-9.179,-1.103,-3.819,2.03,2.03,0.28
38640.0,-9.1,-0.974,-3.805,-8.942,-1.079,-4.171,3.57,2.87,0.98
,-9.112,-0.928,-3.944,-9.019,-1.101,-4.049,3.15,2.73,0.91
,-8.993,-0.885,-4.027,-9.081,-1.015,-4.233,2.45,2.17,0.56
,-8.978,-1.005,-4.173,-9.105,-0.995,-4.13,1.75,1.96,0.49
38715.0,-9.019,-1.005,-4.111,-9.1,-1.0,-3.915,1.96,1.19,0.42
,-8.961,-1.127,-4.082,-9.093,-0.948,-3.927,1.89,1.12,0.56
,-8.928,-1.156,-3.979,-9.031,-0.957,-3.896,2.38,1.19,0.77
,-9.045,-1.113,-3.922,-8.971,-1.089,-3.862,3.22,1.19,0.84
38790.0,-9.048,-1.18,-3.754,-9.007,-1.022,-4.006,1.96,1.26,0.91
,-9.081,-1.067,-3.826,-8.952,-1.125,-4.022,3.01,1.26,0.98
,-9.148,-0.955,-3.896,-8.966,-1.134,-3.996,3.36,1.33,0.91
,-9.069,-0.948,-3.903,-9.057,-1.149,-3.955,2.52,0.98,0.7
38865.0,-9.06,-1.101,-3.673,-8.906,-1.065,-3.862,3.85,1.19,1.12
,-9.119,-0.969,-3.685,-8.961,-1.165,-3.903,4.06,1.12,1.12
,-9.11,-0.926,-3.857,-9.088,-1.225,-3.975,3.01,0.7,0.84
,-9.069,-0.912,-3.891,-9.115,-1.022,-3.817,1.96,0.56,0.84
38940.0,-9.117,-0.974,-3.795,-9.043,-0.952,-3.824,2.52,1.33,1.47
,-9.098,-0.916,-3.69,-9.064,-1.024,-3.905,1.68,1.61,1.47
,-9.141,-0.991,-3.891,-9.069,-1.072,-3.97,0.63,1.47,1.26
,-9.1,-0.948,-3.802,-9.086,-0.983,-4.152,-0.21,1.47,1.19
39015.0,-8.978,-1.007,-4.08,-9.064,-0.852,-4.159,-1.05,0.98,1.26
,-8.914,-1.065,-4.08,-9.002,-0.914,-4.171,-0.91,1.19,1.4
,-8.985,-1.072,-4.089,-8.957,-1.058,-4.125,-0.28,1.05,1.33
,-9.083,-0.95,-4.054,-9.012,-1.199,-4.135,0.07,0.84,1.4
39090.0,-8.993,-1.213,-4.013,-9.258,-1.029,-3.654,-0.98,-1.05,1.33
,-9.0,-1.122,-3.884,-9.208,-0.967,-3.754,0.14,-0.91,1.61
,-9.1,-1.05,-3.743,-9.069,-0.948,-3.903,0.56,-0.49,1.82
,-9.179,-1.05,-3.568,-8.906,-0.936,-3.924,0.42,-0.35,2.03
39165.0,-8.832,-1.031,-3.922,-9.385,-0.701,-3.573,-4.13,-2.24,1.19
,-8.882,-1.084,-3.865,-9.421,-0.428,-3.898,-3.57,-1.82,1.4
,-9.019,-1.072,-3.671,-9.241,-0.558,-4.032,-2.24,-1.05,1.68
,-9.325,-0.995,-3.527,-8.923,-0.742,-4.094,-1.54,-0.84,1.26
39240.0,-8.847,-1.101,-3.944,-9.091,-0.558,-3.666,-9.31,-3.29,0.35
,-8.961,-1.409,-3.654,-9.062,-0.747,-3.647,-6.86,-2.45,0.63
,-9.313,-1.223,-3.719,-9.024,-1.29,-3.264,-3.08,-2.73,0.56
,-9.222,-0.809,-3.771,-9.016,-1.491,-3.108,-2.31,-4.13,0.42
39315.0,-9.213,-1.23,-2.972,-8.947,-0.902,-3.671,-1.47,0.84,2.17
,-9.373,-0.763,-3.522,-8.997,-1.206,-3.285,0.28,0.14,1.96
,-9.215,-0.495,-3.553,-9.43,-0.957,-3.386,-0.28,-0.07,2.45
,-9.153,-0.452,-3.9,-9.296,-0.373,-3.766,-2.38,0.28,2.8
39390.0,-9.165,0.017,-4.025,-9.083,-1.039,-3.594,1.26,0.28,2.03
,-9.107,-0.215,-4.319,-9.007,-0.916,-3.443,-4.27,-0.63,1.47
,-9.012,-0.766,-4.104,-9.153,-0.79,-3.484,-7.98,0.07,1.33
,-9.06,-1.094,-3.81,-9.072,-1.012,-3.573,-7.0,1.12,1.26
39465.0,-8.973,-1.285,-3.503,-9.402,0.254,-2.697,0.0,4.13,2.94
,-8.995,-1.436,-2.833,-9.069,0.522,-3.204,4.69,7.49,4.62
,-9.299,-1.07,-2.12,-8.818,0.11,-3.467,11.06,10.36,5.11
,-9.43,-0.335,-2.156,-8.703,-1.012,-3.685,14.14,11.2,3.92
39540.0,-8.792,-1.752,-3.415,-9.079,-0.337,-3.118,-4.9,14.07,1.89
,-8.921,-1.551,-2.821,-9.217,-0.598,-2.984,3.15,15.89,1.4
,-9.308,-0.797,-2.682,-9.198,-0.675,-2.771,10.43,16.1,0.49
,-9.143,-0.23,-3.197,-9.323,-0.309,-3.266,11.69,14.91,0.35
39615.0,-9.04,-0.017,-3.766,-8.533,-1.764,-4.377,0.7,17.5,-2.59
,-8.555,-0.139,-4.221,-9.012,-2.149,-4.183,-4.48,16.1,-3.43
,-8.349,-0.601,-4.171,-9.076,-2.182,-4.537,-9.52,16.8,-3.01
,-8.473,-1.328,-4.396,-8.93,-2.027,-4.513,-10.99,17.92,-2.1
39690.0,-8.777,-1.847,-4.338,-8.581,0.383,-5.406,11.62,21.14,3.92
,-8.83,-1.438,-4.403,-8.516,0.469,-5.564,14.7,21.63,4.48
,-8.835,-0.842,-4.365,-8.629,0.072,-5.236,18.27,20.58,4.34
,-8.847,-0.148,-4.886,-8.794,-0.553,-4.649,18.76,17.36,3.29
39765.0,-8.94,-1.074,-4.255,-8.928,-1.838,-3.915,-1.75,18.9,-2.59
,-8.775,-1.462,-4.173,-8.851,-1.053,-4.243,-0.84,18.62,-2.17
,-8.789,-1.776,-4.089,-7.932,-0.115,-4.927,1.33,18.69,-0.77
,-8.902,-1.95,-3.977,-8.342,-0.108,-4.905,3.92,19.04,0.77
39840.0,-8.38,-0.428,-5.061,-8.923,-0.404,-4.413,6.44,16.59,1.4
,-8.665,-0.684,-4.896,-9.031,-0.239,-4.518,4.83,17.22,1.4
,-8.617,-0.586,-4.889,-8.82,0.101,-4.728,5.88,17.71,0.56
,-8.531,-0.481,-4.621,-8.607,-0.014,-4.872,7.77,19.25,-0.7
39915.0,-8.421,-0.33,-4.793,-8.38,-0.849,-5.418,6.72,18.34,-4.2
,-8.356,-0.668,-5.023,-8.306,-1.065,-4.97,5.81,17.36,-5.39
,-8.349,-0.835,-5.413,-8.349,-1.443,-4.74,6.93,16.52,-6.72
,-8.545,-0.881,-5.415,-8.533,-1.744,-4.566,8.33,16.1,-7.49
39990.0,-8.691,-1.874,-4.614,-7.966,-0.799,-5.599,9.03,18.76,-5.81
,-8.66,-1.814,-4.812,-8.155,-0.431,-5.87,10.57,18.83,-4.2
,-8.6,-1.546,-5.02,-8.402,-0.242,-5.906,12.25,18.97,-3.01
,-8.26,-1.139,-5.269,-8.686,-0.294,-5.767,14.0,16.94,-2.66
40065.0,-8.729,-0.589,-5.331,-8.437,-2.364,-5.439,7.49,14.21,-6.93
,-8.318,-0.981,-5.303,-8.337,-2.469,-5.585,6.51,13.72,-7.49
,-7.988,-1.689,-5.284,-8.263,-1.989,-5.829,6.09,14.35,-6.93
,-8.198,-2.12,-5.288,-7.976,-1.792,-5.855,7.56,14.35,-5.46
40140.0,-8.318,-1.728,-5.657,-8.409,-1.309,-5.468,17.36,14.84,0.49
,-8.306,-1.606,-5.492,-8.33,-1.077,-5.456,16.03,12.6,1.33
,-8.22,-1.263,-5.709,-8.229,-0.864,-5.59,14.91,11.2,2.17
,-8.244,-1.311,-5.726,-8.191,-1.168,-5.425,14.7,11.34,2.1
40215.0,-8.04,-1.519,-5.535,-8.308,-1.139,-6.071,15.61,9.59,1.82
,-8.155,-1.737,-5.915,-7.911,-0.804,-6.123,15.96,9.52,2.87
,-8.275,-1.67,-6.155,-8.141,-0.768,-5.994,17.99,9.17,2.24
,-8.246,-1.589,-6.155,-8.287,-1.374,-5.604,17.57,8.4,1.68
40290.0,-8.337,-1.955,-5.41,-8.44,-1.431,-5.693,4.34,6.72,0.91
,-7.992,-2.302,-5.418,-8.157,-0.948,-6.042,6.09,6.65,2.52
,-7.897,-2.113,-5.573,-8.153,-0.644,-6.054,7.42,5.32,3.01
,-8.09,-1.828,-5.748,-7.971,-0.773,-5.963,8.68,5.18,3.43
40365.0,-8.141,-1.141,-6.028,-8.078,-1.302,-5.53,2.52,2.94,2.31
,-8.48,-1.417,-5.772,-8.461,-1.371,-5.566,3.01,2.59,2.1
,-8.059,-1.371,-5.674,-8.447,-1.438,-5.693,4.55,1.54,1.82
,-7.844,-1.326,-5.621,-8.308,-1.256,-5.827,6.37,1.12,1.05
40440.0,-8.172,-1.304,-5.848,-8.287,-1.541,-6.021,7.77,1.4,-0.84
,-8.433,-1.307,-5.863,-8.172,-1.68,-6.073,6.37,1.33,-1.33
,-8.32,-1.268,-5.934,-7.837,-2.297,-5.671,5.25,0.91,-2.24
,-8.258,-1.309,-5.949,-7.861,-1.979,-5.695,4.27,0.84,-2.31
40515.0,-7.966,-3.034,-5.587,-8.11,-1.776,-5.954,1.89,-0.21,0.91
,-8.057,-2.199,-5.925,-8.299,-2.276,-5.669,4.97,-3.29,1.33
,-8.15,-1.869,-5.956,-8.354,-2.479,-5.296,6.16,-5.04,2.24
,-8.191,-1.606,-6.092,-7.978,-2.477,-5.331,6.58,-6.37,2.52
40590.0,-7.729,-2.441,-5.446,-8.409,-1.639,-5.54,7.21,-6.44,7.63
,-7.909,-2.367,-5.439,-8.567,-1.455,-5.468,7.49,-6.16,8.61
,-8.026,-2.017,-5.501,-8.354,-1.488,-5.434,8.47,-6.16,9.73
,-8.212,-1.893,-5.504,-8.258,-1.321,-5.221,8.54,-6.16,10.43
40665.0,-8.148,-1.163,-5.2,-8.294,-1.153,-4.97,8.47,-4.69,9.59
,-8.256,-1.266,-5.13,-8.179,-1.175,-4.963,7.91,-4.2,9.17
,-8.327,-1.24,-5.071,-8.38,-1.074,-4.994,7.63,-3.71,8.96
,-8.318,-1.266,-5.001,-8.526,-0.948,-5.104,7.49,-3.08,8.82
40740.0,-8.445,-0.596,-5.274,-8.354,-0.79,-5.106,6.51,-1.61,5.39
,-8.306,-0.809,-5.126,-8.296,-1.005,-5.147,6.37,-0.28,4.9
,-8.311,-1.065,-5.109,-8.38,-1.012,-5.26,6.16,0.84,4.41
,-8.382,-0.94,-5.056,-8.512,-0.854,-5.312,6.58,1.05,3.99
40815.0,-8.392,-0.861,-5.382,-8.37,-1.476,-5.207,5.53,3.01,0.84
,-8.323,-1.072,-5.274,-8.253,-1.668,-5.255,4.69,3.71,0.49
,-8.289,-1.359,-5.212,-8.09,-1.788,-5.284,3.99,3.99,0.21
,-8.32,-1.462,-5.267,-8.086,-1.809,-5.284,4.27,3.99,0.0
40890.0,-7.961,-1.792,-5.212,-8.646,-1.278,-5.475,5.46,5.39,-0.77
,-8.131,-1.776,-5.37,-8.44,-1.278,-5.453,5.6,6.02,-0.77
,-8.574,-1.567,-5.367,-8.224,-1.29,-5.465,5.53,6.44,-1.05
,-8.722,-1.328,-5.532,-8.258,-1.194,-5.556,5.18,6.09,-1.61
40965.0,-8.289,-1.106,-5.662,-8.339,-1.472,-5.635,0.84,4.62,-2.73
,-8.229,-1.228,-5.75,-8.291,-1.768,-5.714,-0.07,4.34,-2.59
,-8.464,-1.347,-5.654,-8.222,-1.749,-5.757,-1.47,4.13,-2.8
,-8.445,-1.35,-5.623,-8.055,-1.821,-5.628,-2.52,3.57,-3.08
41041.0,-8.102,-2.125,-5.705,-8.203,-2.051,-5.463,-5.25,1.96,1.19
,-8.236,-2.505,-5.501,-8.246,-1.601,-5.657,-5.53,2.66,2.8
,-8.318,-2.462,-5.379,-8.38,-1.218,-5.793,-3.57,2.24,4.2
,-8.189,-2.268,-5.817,-8.358,-1.486,-5.329,-2.03,2.03,5.6
41116.0,-8.181,-1.362,-5.499,-8.514,-0.481,-5.903,-3.57,0.14,8.54
,-8.119,-1.261,-5.456,-8.583,-0.45,-5.896,-4.69,-0.77,10.01
,-8.062,-0.895,-5.774,-8.559,-0.55,-5.808,-4.83,-1.75,10.29
,-8.181,-0.593,-5.834,-8.289,-0.699,-6.078,-4.48,-2.24,9.87
41192.0,-8.32,-1.137,-5.602,-8.311,-1.082,-5.554,-11.9,-2.38,6.58
,-8.339,-0.967,-5.793,-8.256,-1.089,-5.367,-9.1,-2.73,6.09
,-8.27,-0.921,-5.887,-8.248,-1.247,-5.537,-6.51,-3.15,5.32
,-8.258,-0.787,-5.8,-8.413,-1.699,-5.475,-6.79,-3.78,4.2
41267.0,-8.32,-1.759,-5.508,-8.44,-1.407,-5.626,-5.32,-5.53,3.36
,-8.323,-1.761,-5.602,-8.698,-1.539,-5.123,0.35,-5.88,3.85
,-8.466,-2.481,-5.276,-8.078,-1.45,-5.583,14.84,-7.84,4.34
,-8.404,-1.242,-6.296,-7.99,-1.314,-5.453,6.44,-7.42,5.11
41343.0,-8.15,-1.393,-5.104,-8.713,-0.648,-5.08,-3.15,-11.06,5.18
,-8.15,-1.307,-5.343,-8.753,-0.507,-5.083,-2.8,-12.25,4.55
,-8.375,-1.043,-5.281,-8.674,-0.658,-5.099,-1.68,-12.39,3.92
,-8.66,-0.938,-5.03,-8.72,-0.747,-5.178,-0.98,-11.76,4.34
41419.0,-8.598,-0.694,-5.214,-8.638,-1.278,-4.85,-1.19,-8.19,5.74
,-8.413,-0.744,-5.291,-8.614,-0.723,-4.941,-0.91,-8.68,5.25
,-8.167,-0.845,-5.133,-8.504,-0.972,-4.834,-0.98,-9.31,3.99
,-8.172,-0.78,-5.025,-8.655,-0.601,-4.87,-0.91,-10.22,2.8
41495.0,-8.514,-0.859,-4.889,-8.409,-1.326,-4.815,-4.06,-13.72,1.33
,-8.387,-1.067,-4.661,-8.43,-1.182,-4.719,-6.16,-12.53,1.12
,-8.514,-1.259,-4.774,-8.49,-1.122,-4.697,-6.37,-11.76,1.05
,-8.514,-1.445,-4.774,-9.016,-1.055,-4.448,-4.76,-11.34,2.1
41570.0,-9.115,-0.991,-4.444,-8.624,-1.082,-4.606,1.68,-12.53,2.66
,-8.693,-0.759,-4.965,-9.055,-0.983,-4.417,-0.21,-15.89,3.64
,-8.289,-0.538,-4.893,-8.892,-0.794,-4.503,-1.82,-15.89,3.57
,-8.301,-0.763,-4.822,-8.765,-0.732,-4.614,-3.01,-14.77,2.94
41646.0,-8.65,-0.751,-4.64,-10.024,-0.33,-4.783,-1.75,-11.97,3.5
,-8.492,-0.842,-4.549,-8.71,-0.263,-4.53,-1.33,-11.06,3.43
,-8.643,-0.73,-4.523,-9.074,-0.364,-4.324,-0.21,-10.01,3.08
,-8.868,-0.51,-4.384,-8.562,-0.613,-4.293,0.98,-9.73,2.31
41721.0,-8.842,-0.924,-4.173,-8.758,-0.893,-4.149,-7.07,-10.92,-2.1
,-8.727,-1.103,-4.25,-8.827,-0.797,-4.123,-6.93,-11.34,-2.59
,-8.794,-1.134,-4.212,-8.871,-0.893,-4.3,-5.74,-11.27,-1.96
,-8.734,-0.981,-4.092,-8.811,-1.055,-4.209,-4.55,-11.34,-1.54
41797.0,-8.674,-1.177,-4.003,-8.842,-0.536,-3.934,-4.06,-9.94,-0.84
,-8.94,-1.079,-3.865,-8.787,-0.457,-3.917,-1.47,-9.38,-0.98
,-8.851,-1.017,-3.707,-8.777,-0.383,-4.281,-0.07,-8.89,-1.54
,-9.04,-0.735,-3.728,-8.873,-0.689,-3.955,1.4,-8.75,-2.03
41873.0,-9.04,-0.682,-4.018,-8.957,-0.802,-3.714,-2.03,-8.96,-2.1
,-9.1,-0.809,-3.788,-8.947,-0.849,-3.924,-1.61,-8.54,-3.08
,-8.981,-0.826,-3.771,-8.813,-0.943,-4.128,-0.91,-8.54,-4.34
,-8.899,-0.826,-3.585,-8.882,-1.129,-4.267,-1.26,-8.19,-4.69
41949.0,-8.926,-1.295,-4.027,-9.105,-0.625,-3.295,-2.94,-7.91,-2.38
,-9.079,-1.165,-3.915,-9.198,-0.653,-3.606,0.77,-7.14,-1.96
,-9.136,-0.967,-3.692,-9.083,-0.838,-3.518,2.8,-7.14,-2.45
,-9.167,-0.601,-3.577,-9.012,-1.06,-4.118,2.8,-7.35,-2.66
42025.0,-8.818,-1.199,-3.934,-9.337,-0.101,-4.116,-3.57,-7.63,-2.87
,-8.928,-1.149,-3.726,-9.026,-0.201,-4.159,0.0,-6.37,-1.68
,-9.076,-0.849,-3.503,-8.961,-0.476,-4.209,4.41,-5.18,-1.33
,-9.249,-0.397,-3.446,-8.933,-1.084,-4.353,7.0,-5.11,-1.82
42100.0,-9.038,-1.393,-3.967,-9.112,-0.952,-3.183,-1.68,-6.93,-4.2
,-9.162,-1.23,-3.86,-9.261,-0.921,-3.518,2.66,-6.65,-3.36
,-9.129,-0.983,-3.671,-9.143,-1.106,-3.673,4.9,-7.0,-2.66
,-9.1,-0.849,-3.754,-9.081,-1.031,-3.604,4.27,-7.14,-2.87
42176.0,-8.973,-1.11,-3.63,-9.261,-0.694,-3.857,2.73,-5.53,-1.54
,-8.88,-1.173,-3.62,-9.139,-0.486,-4.2,4.27,-5.11,-1.33
,-9.036,-1.094,-3.501,-9.064,-0.708,-4.025,7.35,-4.62,-0.84
,-9.265,-0.854,-3.9,-9.072,-1.012,-3.836,9.03,-5.39,-1.12
42252.0,-9.079,-1.204,-3.372,-9.299,-0.883,-2.85,8.96,-5.74,-1.19
,-9.251,-0.995,-3.276,-9.301,-0.823,-2.979,11.9,-5.11,-0.84
,-9.301,-0.945,-3.094,-9.249,-0.933,-3.154,11.55,-5.32,-1.26
,-9.349,-0.905,-3.104,-9.107,-0.928,-3.104,9.24,-5.39,-1.68
42328.0,-9.043,-1.005,-2.895,-9.407,-0.878,-3.216,0.42,-3.78,-2.52
,-9.119,-1.228,-2.735,-9.239,-0.84,-3.597,0.07,-2.52,-2.24
,-9.277,-1.333,-2.747,-9.021,-1.027,-3.814,1.33,-0.91,-1.68
,-9.38,-1.18,-2.888,-8.921,-1.161,-3.687,3.29,-0.14,-1.26
42403.0,-9.079,-1.278,-3.463,-9.414,-0.701,-4.142,3.64,2.45,-0.07
,-9.222,-1.318,-3.185,-9.024,-0.969,-4.252,5.74,3.43,0.28
,-9.387,-1.137,-3.321,-8.894,-1.106,-4.3,7.63,3.64,0.35
,-9.495,-0.871,-3.592,-8.83,-1.297,-3.991,7.84,3.22,0.21
42479.0,-8.93,-1.412,-3.652,-9.435,-1.043,-3.424,6.44,1.89,0.21
,-9.174,-1.275,-3.333,-9.016,-1.17,-3.29,9.87,2.8,1.05
,-9.433,-1.175,-3.19,-8.887,-1.275,-3.015,10.29,2.31,0.91
,-9.543,-1.0,-3.233,-9.038,-1.321,-2.927,9.31,1.82,0.56
42554.0,-9.375,-1.158,-3.144,-9.081,-1.546,-3.204,8.61,3.36,1.05
,-9.407,-0.962,-3.333,-9.127,-1.421,-3.163,7.91,3.08,0.77
,-9.251,-1.012,-3.47,-9.21,-1.175,-3.111,5.95,3.08,0.77
,-9.103,-1.273,-3.364,-9.404,-0.902,-3.336,4.34,3.43,0.98
42630.0,-9.44,-0.737,-3.654,-8.99,-1.254,-3.903,8.61,5.32,1.82
,-9.239,-0.857,-3.805,-9.206,-1.156,-3.922,5.53,4.83,1.33
,-9.007,-1.067,-3.838,-9.261,-1.091,-3.924,3.29,4.34,0.91
,-8.954,-1.261,-3.977,-9.196,-0.988,-3.74,2.94,4.27,0.98
42706.0,-9.129,-1.043,-3.62,-9.328,-1.149,-3.671,3.15,3.71,0.91
,-9.105,-1.106,-3.491,-9.117,-1.122,-3.587,2.8,3.85,0.84
,-9.165,-1.163,-3.465,-9.105,-1.168,-3.575,2.66,4.13,0.84
,-9.213,-1.137,-3.297,-9.129,-1.247,-3.573,2.59,4.41,0.98
42782.0,-9.167,-1.182,-3.726,-9.088,-1.177,-4.013,2.31,4.2,1.12
,-9.134,-1.101,-3.908,-9.021,-1.211,-3.805,2.45,4.13,1.12
,-9.136,-1.086,-3.915,-9.112,-1.173,-3.64,2.38,3.78,1.12
,-9.134,-1.146,-4.001,-9.265,-1.027,-3.69,2.17,3.36,1.05
42858.0,-9.201,-1.015,-3.419,-9.04,-1.141,-3.805,3.85,3.36,1.19
,-9.256,-1.024,-3.388,-9.072,-1.101,-3.865,2.73,3.57,1.19
,-9.244,-1.07,-3.68,-9.141,-1.158,-3.946,1.61,3.08,0.56
,-9.1,-1.055,-3.716,-9.088,-1.082,-3.963,1.19,3.01,0.35
42933.0,-9.04,-1.137,-3.848,-9.17,-0.976,-3.649,1.54,3.08,0.91
,-9.112,-1.211,-3.587,-9.208,-1.12,-3.676,2.1,3.57,1.12
,-9.153,-1.065,-3.585,-9.141,-1.153,-3.85,2.87,3.64,0.98
,-9.244,-1.005,-3.685,-9.019,-1.151,-3.898,2.38,3.15,0.63
43009.0,-9.031,-1.146,-3.915,-9.232,-1.067,-3.652,-0.21,2.66,0.42
,-9.1,-1.17,-3.898,-9.191,-0.95,-3.762,0.42,2.59,0.56
,-9.091,-1.254,-3.877,-9.103,-0.974,-3.821,1.54,2.66,0.77
,-9.038,-1.175,-3.628,-8.993,-1.134,-3.824,2.8,2.87,1.05
43085.0,-9.021,-1.244,-3.776,-9.289,-0.936,-3.75,-0.07,2.52,0.77
,-9.146,-1.302,-3.582,-9.165,-0.926,-3.91,1.19,2.94,0.91
,-9.124,-1.182,-3.592,-9.005,-1.027,-3.955,2.03,2.87,0.98
,-9.249,-1.07,-3.585,-8.985,-1.125,-4.063,2.52,2.87,1.12
43161.0,-9.052,-1.218,-4.092,-9.174,-1.091,-3.745,-0.42,1.54,0.28
,-9.067,-1.213,-4.085,-9.172,-0.972,-3.814,0.91,1.75,0.63
,-9.062,-1.156,-3.92,-9.1,-0.89,-3.826,1.75,1.61,0.98
,-9.105,-1.23,-3.86,-9.043,-1.06,-3.865,2.45,1.61,1.05
43236.0,-8.969,-1.29,-3.774,-9.189,-0.95,-3.632,-0.28,0.98,0.63
,-8.969,-1.285,-3.589,-9.186,-0.976,-3.709,1.54,1.54,1.12
,-9.148,-1.132,-3.685,-9.074,-0.993,-3.829,2.94,1.68,1.12
,-9.239,-1.019,-3.64,-9.021,-1.129,-3.857,2.94,1.68,1.12
43312.0,-9.06,-1.17,-3.841,-9.131,-1.05,-3.752,0.91,1.47,0.7
,-9.148,-1.115,-3.91,-9.136,-1.012,-3.836,1.89,1.4,0.7
,-9.129,-1.106,-3.893,-9.119,-1.029,-3.829,2.38,1.4,0.77
,-9.093,-1.039,-3.776,-9.076,-1.019,-3.85,2.38,1.54,1.05
43387.0,-9.067,-1.144,-3.716,-9.115,-0.95,-3.699,2.1,1.4,0.77
,-9.112,-1.115,-3.654,-9.033,-1.055,-3.656,2.73,1.54,0.77
,-9.136,-1.077,-3.628,-9.095,-1.129,-3.75,3.08,1.68,0.77
,-9.234,-0.972,-3.709,-9.091,-1.12,-3.821,2.59,1.61,0.7
43463.0,-9.098,-1.089,-3.872,-9.139,-1.058,-3.807,2.31,1.61,0.49
,-9.076,-1.041,-3.848,-9.127,-0.981,-3.833,2.31,1.54,0.49
,-9.119,-1.089,-3.807,-9.117,-1.067,-3.814,2.66,1.61,0.63
,-9.143,-1.103,-3.833,-9.074,-1.18,-3.798,2.87,1.61,0.7
43539.0,-9.1,-1.247,-3.731,-9.153,-1.039,-3.807,2.59,1.47,0.56
,-9.105,-1.149,-3.754,-9.026,-1.17,-3.814,3.36,1.47,0.63
,-9.158,-1.031,-3.745,-9.06,-1.17,-3.769,3.85,1.61,0.63
,-9.184,-0.945,-3.776,-9.072,-1.17,-3.795,3.22,1.4,0.56
43615.0,-9.093,-1.137,-3.786,-9.117,-1.082,-3.884,2.94,1.54,0.63
,-9.124,-1.072,-3.766,-9.1,-1.058,-3.841,3.22,1.4,0.63
,-9.076,-1.096,-3.759,-9.026,-1.079,-3.824,3.22,1.47,0.63
,-9.064,-1.094,-3.723,-9.06,-1.17,-3.728,3.01,1.47,0.56
43690.0,-9.119,-1.158,-3.623,-9.026,-1.173,-3.776,2.87,1.33,0.7
,-9.174,-1.024,-3.786,-9.009,-1.235,-3.819,3.22,1.26,0.63
,-9.201,-0.938,-3.826,-9.024,-1.216,-3.692,2.59,1.05,0.42
,-9.103,-1.05,-3.829,-9.165,-1.137,-3.757,1.61,0.84,0.14
43766.0,-9.117,-1.108,-3.527,-9.105,-1.091,-3.771,3.01,1.75,0.56
,-9.194,-1.024,-3.738,-9.079,-1.139,-3.802,2.38,1.54,0.42
,-9.124,-0.979,-3.766,-9.05,-1.096,-3.699,2.24,1.33,0.35
,-9.129,-1.067,-3.79,-9.129,-1.098,-3.733,1.75,1.26,0.35
43842.0,-9.076,-1.122,-3.697,-9.093,-1.101,-3.745,1.82,1.47,0.14
,-9.143,-1.094,-3.733,-9.095,-1.184,-3.616,1.96,1.54,0.14
,-9.179,-1.065,-3.697,-9.04,-1.208,-3.649,1.96,1.68,0.21
,-9.129,-1.058,-3.604,-9.136,-1.184,-3.848,1.4,1.89,0.21
43918.0,-9.081,-1.156,-3.711,-9.11,-1.106,-3.692,1.82,2.03,0.49
,-9.119,-1.117,-3.757,-9.172,-1.182,-3.68,2.1,2.31,0.7
,-9.091,-1.072,-3.632,-9.112,-1.307,-3.532,2.03,2.31,0.7
,-9.112,-1.067,-3.63,-9.112,-1.189,-3.527,1.54,2.45,0.7
43994.0,-9.107,-1.139,-3.508,-9.103,-1.106,-3.601,2.45,3.92,1.12
,-9.076,-1.117,-3.46,-9.083,-1.096,-3.771,2.38,4.34,1.05
,-9.091,-1.062,-3.408,-9.088,-1.127,-3.826,2.24,4.76,1.12
,-9.198,-1.055,-3.585,-9.083,-1.122,-3.855,1.89,4.76,1.05
44069.0,-9.103,-1.11,-3.807,-9.026,-1.017,-4.19,1.19,4.55,1.4
,-9.05,-1.113,-3.85,-8.928,-1.046,-4.142,0.42,4.55,1.33
,-9.143,-1.177,-4.054,-9.009,-1.005,-4.07,-0.56,4.27,1.12
,-9.062,-1.12,-4.123,-9.033,-0.938,-4.209,-1.61,3.78,0.98
44145.0,-9.067,-0.938,-4.154,-8.978,-1.536,-3.467,-5.04,1.96,0.49
,-9.093,-0.976,-4.049,-9.165,-1.364,-3.723,-6.37,1.4,0.42
,-9.103,-1.12,-3.944,-9.174,-1.175,-3.881,-7.14,1.33,0.42
,-8.99,-1.452,-3.786,-9.026,-1.031,-3.824,-7.84,1.68,0.63
44220.0,-8.969,-1.036,-3.618,-9.186,-0.802,-3.664,-6.16,1.19,2.1
,-9.014,-1.28,-3.329,-9.074,-0.648,-3.807,-6.72,2.17,2.66
,-9.155,-1.426,-3.005,-8.983,-0.806,-3.869,-5.25,3.43,2.87
,-9.184,-1.182,-3.362,-9.134,-1.046,-3.817,-2.8,3.64,2.66
44296.0,-9.237,-1.053,-3.764,-8.909,-0.699,-3.594,-1.61,5.32,3.57
,-9.222,-0.826,-3.826,-9.232,-0.689,-3.324,0.42,5.25,2.94
,-9.117,-0.479,-3.888,-9.244,-0.572,-3.551,0.21,4.62,2.31
,-8.882,-0.426,-3.898,-9.292,-0.294,-3.699,-1.4,4.76,2.1
44372.0,-9.165,-0.246,-4.154,-9.1,-1.551,-3.68,-4.97,2.94,-0.28
,-8.94,-0.704,-4.398,-9.179,-1.199,-3.743,-10.08,2.24,-0.91
,-8.677,-1.426,-4.317,-9.143,-0.857,-3.869,-12.81,2.45,-0.98
,-8.674,-1.778,-3.783,-8.935,-0.828,-3.774,-10.29,3.99,0.07
44448.0,-8.981,-0.974,-3.79,-9.083,-0.287,-3.934,-0.14,6.86,3.29
,-8.904,-1.084,-3.81,-8.942,-0.519,-4.235,0.14,7.42,3.08
,-8.938,-0.948,-3.293,-8.844,-0.919,-4.097,2.66,8.75,3.08
,-9.201,-0.498,-3.422,-8.713,-1.201,-4.056,3.64,8.54,2.03
44523.0,-8.914,-1.213,-3.664,-8.796,-1.089,-3.979,-2.03,10.15,1.26
,-9.162,-0.771,-3.285,-8.619,-1.39,-3.869,2.94,11.06,1.12
,-9.174,-0.471,-3.501,-8.966,-1.101,-3.515,4.83,10.57,0.14
,-8.981,-0.67,-3.324,-9.076,-0.897,-3.604,3.5,11.2,0.56
44599.0,-8.969,-0.763,-3.187,-8.679,-1.637,-3.865,7.35,14.07,0.98
,-8.78,-0.936,-3.35,-8.768,-1.649,-3.939,3.99,14.7,0.14
,-8.689,-1.149,-3.317,-8.722,-1.407,-4.575,0.28,15.12,0.84
,-8.765,-1.357,-3.628,-8.552,-1.029,-4.585,-1.4,15.68,2.59
44675.0,-8.533,-0.486,-4.57,-9.072,-1.074,-3.867,9.1,16.03,4.97
,-8.547,-0.4,-4.606,-9.261,-0.921,-3.508,8.05,17.01,3.85
,-8.823,-0.613,-4.31,-9.153,-0.254,-4.216,5.6,18.34,3.01
,-9.139,-0.957,-3.965,-8.696,0.005,-5.114,3.36,20.02,2.45
44751.0,-8.586,-0.146,-5.377,-8.512,-1.871,-4.494,2.45,14.84,0.49
,-8.679,-0.61,-5.197,-8.394,-1.584,-4.618,-1.61,15.33,0.49
,-8.256,-1.297,-5.099,-8.768,-1.342,-4.659,-3.78,15.89,0.21
,-8.533,-1.771,-4.566,-8.863,-0.96,-4.733,-2.03,19.04,-0.42
44827.0,-8.89,-0.318,-4.946,-8.179,0.057,-5.19,12.95,19.25,2.38
,-8.775,0.474,-5.221,-8.751,-0.696,-4.915,13.16,19.18,1.05
,-8.308,0.883,-5.401,-9.124,-0.979,-4.75,10.29,18.34,-1.4
,-8.117,0.763,-5.296,-9.11,-1.082,-4.678,5.53,17.99,-3.43
44902.0,-8.727,-1.134,-4.709,-8.681,-0.644,-5.389,6.3,17.57,-6.65
,-8.136,-1.347,-5.051,-8.323,-0.562,-5.829,6.02,17.15,-6.23
,-8.234,-1.251,-5.185,-8.043,-0.861,-5.899,7.07,17.08,-4.9
,-8.533,-1.091,-5.207,-8.236,-1.369,-5.473,7.28,16.1,-4.2
44978.0,-8.378,-1.706,-5.202,-8.339,-0.859,-5.709,1.12,14.56,-4.97
,-8.591,-1.668,-4.987,-8.136,-1.06,-5.875,4.76,14.63,-5.04
,-8.665,-1.529,-4.982,-8.1,-1.39,-5.989,7.7,13.86,-4.62
,-8.524,-1.005,-5.3,-8.248,-1.737,-5.922,10.36,12.25,-3.92
45054.0,-8.102,-1.749,-6.035,-8.593,-2.024,-4.862,6.93,8.33,-1.19
,-8.2,-1.857,-5.867,-8.358,-2.173,-4.724,8.12,7.63,-1.26
,-8.303,-2.058,-5.578,-8.332,-1.85,-4.992,8.82,7.63,-0.77
,-8.454,-2.115,-5.233,-8.047,-1.819,-5.382,10.15,7.77,0.35
45130.0,-8.22,-0.991,-5.855,-8.631,-0.581,-5.384,16.52,8.12,7.91
,-8.267,-0.471,-5.918,-8.519,-1.005,-5.339,18.2,6.79,6.86
,-8.581,-0.299,-5.678,-8.526,-1.259,-5.36,17.85,6.02,5.39
,-8.346,-0.44,-5.377,-8.49,-1.395,-5.504,16.45,6.09,4.76
45205.0,-8.26,-1.271,-5.688,-8.433,-1.098,-5.324,16.31,6.16,2.94
,-8.095,-0.895,-5.949,-8.753,-1.189,-5.219,17.92,5.04,2.87
,-8.119,-0.821,-5.836,-8.457,-1.184,-5.434,16.87,4.27,2.87
,-8.203,-0.969,-5.513,-8.114,-0.991,-5.688,15.05,5.11,3.01
45281.0,-8.062,-0.67,-5.858,-8.198,-0.412,-5.944,12.6,3.22,0.98
,-8.102,-0.57,-5.654,-8.253,-0.637,-5.659,10.43,2.17,0.77
,-8.402,-0.33,-5.93,-8.267,-0.924,-5.599,9.17,1.26,-0.63
,-8.378,-0.251,-6.001,-8.411,-1.182,-5.468,8.33,0.84,-1.75
45356.0,-8.184,-1.503,-5.477,-8.093,-2.017,-5.398,4.76,-0.28,-3.08
,-8.059,-2.079,-5.284,-8.296,-1.936,-5.334,3.57,0.7,-2.24
,-8.43,-2.515,-4.889,-7.999,-1.998,-5.386,4.34,1.12,-1.47
,-8.212,-2.211,-5.231,-8.004,-1.943,-5.284,6.72,-0.14,-0.98
45432.0,-8.205,-1.728,-5.284,-8.564,-1.314,-5.296,4.55,0.91,2.94
,-8.373,-1.383,-5.315,-8.301,-0.933,-5.702,5.53,0.42,2.94
,-8.423,-0.986,-5.549,-8.055,-1.034,-5.896,5.53,0.77,2.87
,-8.418,-1.146,-5.573,-8.098,-1.031,-5.8,5.18,1.33,3.01
45508.0,-8.076,-1.484,-5.793,-8.205,-1.977,-5.513,6.3,-0.7,4.34
,-8.411,-2.094,-5.42,-8.378,-1.567,-5.53,4.97,-0.35,4.83
,-8.272,-2.228,-4.987,-8.646,-1.125,-5.47,3.85,0.91,4.55
,-8.143,-2.706,-5.061,-8.658,-1.35,-5.339,6.65,0.49,5.32
45584.0,-8.411,-1.383,-5.406,-8.327,-1.469,-5.36,3.01,-2.52,4.27
,-8.368,-1.563,-5.279,-8.557,-1.062,-5.602,1.61,-2.1,4.62
,-8.009,-1.63,-5.226,-8.516,-0.778,-5.599,1.05,-1.75,5.04
,-8.023,-1.61,-5.279,-8.215,-0.802,-5.461,1.96,-1.12,5.46
45660.0,-8.224,-0.96,-5.26,-8.212,-1.773,-4.929,4.2,-2.52,5.32
,-8.373,-1.096,-5.202,-8.179,-1.752,-4.941,3.64,-2.17,5.11
,-8.504,-1.354,-4.994,-8.311,-1.479,-5.071,2.87,-1.61,5.04
,-8.435,-1.551,-5.044,-8.394,-1.366,-5.039,2.66,-1.75,5.18
45735.0,-8.44,-1.278,-5.307,-8.33,-1.18,-5.279,5.18,0.21,5.32
,-8.483,-1.034,-5.31,-8.33,-1.213,-5.178,5.6,0.56,5.18
,-8.404,-1.012,-5.197,-8.351,-1.402,-5.142,4.48,0.7,5.18
,-8.413,-1.103,-5.106,-8.339,-1.462,-5.104,3.43,0.35,4.97
45811.0,-8.277,-1.261,-5.02,-8.691,-0.644,-5.525,7.14,3.08,2.8
,-8.236,-0.634,-5.276,-8.277,-1.039,-5.209,8.82,3.29,1.68
,-8.579,-0.304,-5.59,-8.184,-1.378,-5.075,8.47,2.94,0.42
,-8.794,-0.29,-5.769,-8.21,-1.527,-5.025,6.58,2.52,-0.7
45887.0,-8.198,-1.646,-5.011,-8.399,-1.192,-5.317,6.51,4.97,-0.28
,-8.275,-1.618,-5.183,-8.217,-1.11,-5.236,7.56,5.04,-0.28
,-8.581,-1.486,-5.461,-8.361,-1.079,-5.138,8.12,4.9,-0.7
,-8.67,-1.326,-5.482,-8.394,-1.074,-5.243,8.26,4.62,-1.05
45963.0,-8.488,-1.024,-5.499,-8.306,-1.522,-4.896,7.56,5.81,-3.57
,-8.392,-1.062,-5.492,-8.452,-1.393,-5.085,6.37,6.16,-3.36
,-8.294,-1.251,-5.214,-8.411,-1.096,-5.458,5.95,6.65,-3.22
,-8.198,-1.318,-5.114,-8.43,-1.144,-5.537,6.65,7.07,-3.43
46038.0,-8.256,-1.441,-5.331,-8.516,-1.589,-5.47,3.15,6.37,-2.24
,-8.143,-1.754,-5.334,-8.416,-1.263,-5.705,1.26,6.44,-1.12
,-8.253,-1.907,-5.3,-8.363,-1.039,-5.877,2.17,6.86,-0.14
,-8.387,-1.747,-5.331,-8.32,-1.01,-5.729,3.57,6.51,0.35
46114.0,-8.074,-0.96,-5.836,-8.361,-1.606,-5.628,1.26,2.59,0.21
,-8.093,-0.897,-5.963,-8.313,-1.685,-5.741,-0.84,2.73,0.21
,-8.282,-1.132,-5.731,-8.256,-1.732,-5.839,-3.85,3.01,0.21
,-8.284,-1.469,-5.676,-8.174,-1.728,-5.877,-5.53,2.8,0.28
46189.0,-8.15,-1.697,-5.757,-8.078,-1.969,-5.43,-10.01,1.4,4.62
,-8.189,-1.85,-5.702,-8.102,-1.524,-5.714,-12.25,1.75,5.46
,-8.291,-2.12,-5.568,-8.22,-1.23,-5.834,-14.56,2.31,6.16
,-8.313,-2.123,-5.351,-8.445,-1.019,-5.75,-14.84,2.1,7.42
46265.0,-8.473,-0.732,-5.645,-8.136,-0.677,-5.702,-10.5,-1.19,7.21
,-8.497,-0.663,-5.523,-8.344,-0.998,-5.494,-13.09,-1.26,6.44
,-8.318,-0.684,-5.145,-8.303,-1.125,-5.635,-13.44,-2.8,5.39
,-8.215,-0.479,-5.647,-8.306,-0.986,-5.374,-11.48,-4.27,3.92
46341.0,-8.373,-0.778,-5.879,-8.392,-1.134,-5.487,-3.08,-6.79,2.45
,-8.339,-0.869,-5.547,-8.526,-1.106,-5.544,-5.46,-5.74,0.49
,-8.378,-0.964,-5.372,-8.418,-1.201,-5.492,-5.39,-5.25,-0.14
,-8.442,-1.165,-5.339,-8.339,-1.271,-5.693,-6.72,-5.74,-1.26
46417.0,-8.141,-1.548,-5.415,-8.267,-1.967,-5.279,-5.6,-7.28,-0.56
,-8.145,-1.718,-5.331,-8.282,-1.893,-5.154,-4.76,-6.51,0.7
,-8.267,-1.933,-5.154,-8.26,-1.63,-5.233,-3.71,-6.09,1.82
,-8.581,-2.0,-5.114,-8.258,-0.998,-5.485,-2.66,-5.67,3.78
46492.0,-8.425,-1.419,-5.202,-8.646,-0.68,-5.185,-2.52,-11.76,7.63
,-8.15,-0.66,-5.406,-8.622,-0.481,-5.207,-3.22,-10.92,8.05
,-8.26,-0.704,-5.303,-8.581,-0.464,-5.37,-3.22,-10.64,7.77
,-8.459,-0.749,-5.104,-8.469,-0.337,-5.226,-3.71,-10.22,7.56
46568.0,-8.6,-0.342,-5.044,-8.435,-1.192,-4.972,2.59,-7.14,5.88
,-8.698,-0.732,-4.702,-8.536,-1.086,-4.963,1.12,-7.07,5.53
,-8.555,-0.9,-4.867,-8.672,-0.94,-4.874,0.21,-8.68,4.9
,-8.402,-1.201,-4.901,-8.787,-0.656,-4.884,0.35,-9.73,5.11
46644.0,-8.337,-0.431,-4.867,-8.825,-0.361,-4.547,1.54,-9.24,5.88
,-8.265,-0.235,-4.7,-9.127,-0.325,-4.594,0.0,-9.31,5.11
,-8.361,-0.175,-4.719,-8.945,-0.371,-4.688,-2.03,-9.1,3.99
,-8.404,-0.275,-4.625,-8.67,-0.479,-4.618,-4.06,-9.52,3.01
46720.0,-8.433,-0.605,-4.666,-8.717,-0.73,-4.585,-3.36,-8.61,-0.14
,-8.567,-0.589,-4.657,-8.689,-0.838,-4.625,-3.15,-9.03,-0.98
,-8.591,-0.62,-4.673,-8.708,-0.854,-4.642,-2.38,-8.61,-1.75
,-8.598,-0.474,-4.647,-8.631,-0.782,-4.604,-1.82,-8.89,-2.66
46796.0,-8.567,-0.78,-4.429,-8.662,-1.0,-4.499,-2.59,-8.12,-3.29
,-8.811,-0.782,-4.348,-8.674,-1.225,-4.537,-1.68,-7.84,-3.99
,-8.741,-0.79,-4.558,-8.689,-1.371,-4.099,-1.96,-8.82,-4.69
,-8.61,-0.936,-4.539,-8.796,-1.352,-4.08,-3.15,-9.31,-4.2
46871.0,-8.818,-1.338,-4.183,-8.851,-0.251,-4.482,0.91,-7.0,-2.45
,-8.808,-1.122,-4.252,-8.741,-0.249,-4.279,2.31,-7.28,-1.26
,-8.993,-0.692,-4.379,-8.586,-0.342,-4.197,3.5,-7.35,0.0
,-8.935,-0.397,-4.633,-8.741,-0.512,-4.29,4.13,-7.84,-0.28
46947.0,-8.777,-0.713,-4.281,-8.873,-1.003,-4.073,-1.4,-7.35,-4.34
,-8.856,-0.715,-4.463,-8.782,-0.974,-4.372,-2.52,-8.26,-4.41
,-8.859,-0.773,-4.324,-8.662,-1.137,-4.525,-2.87,-7.91,-4.62
,-8.823,-0.895,-4.233,-8.768,-1.11,-4.465,-3.36,-7.42,-5.18
47022.0,-8.811,-1.278,-4.692,-9.005,-0.323,-3.963,-2.87,-8.68,-3.78
,-8.964,-1.292,-4.341,-8.938,-0.325,-4.259,-0.56,-7.77,-3.29
,-8.935,-0.969,-4.173,-8.933,-0.471,-4.48,2.66,-6.93,-2.66
,-8.882,-0.663,-3.757,-8.892,-0.888,-4.424,4.48,-6.51,-2.59
47098.0,-8.854,-1.196,-4.061,-8.971,-0.574,-3.896,-1.61,-7.35,-3.43
,-8.875,-1.132,-3.735,-9.143,-0.737,-3.932,3.08,-5.74,-3.36
,-9.024,-0.84,-4.003,-9.129,-1.0,-4.123,6.09,-5.88,-3.71
,-8.882,-0.682,-3.946,-8.89,-1.149,-4.168,5.18,-6.65,-3.64
47174.0,-8.76,-1.132,-4.032,-9.043,-0.577,-4.034,2.17,-5.6,-3.15
,-8.763,-1.07,-4.209,-9.005,-0.524,-4.068,3.78,-5.53,-3.08
,-8.89,-1.082,-4.111,-8.942,-0.641,-3.821,5.74,-5.18,-3.15
,-8.909,-0.802,-3.939,-8.93,-0.888,-3.486,7.49,-4.9,-3.01
47250.0,-9.019,-1.007,-3.271,-8.873,-0.725,-3.905,2.52,-2.87,-3.78
,-9.165,-1.015,-3.128,-8.789,-0.847,-3.845,3.5,-2.1,-3.85
,-9.117,-0.847,-3.355,-8.847,-1.12,-3.795,3.64,-2.24,-3.71
,-9.024,-0.637,-3.692,-8.906,-1.318,-3.563,2.87,-2.31,-3.71
47325.0,-8.993,-1.421,-3.089,-8.665,-1.027,-5.066,5.74,1.82,-1.61
,-9.383,-1.278,-3.171,-8.43,-1.438,-5.118,8.19,2.52,-1.12
,-9.629,-1.007,-3.86,-8.521,-1.799,-4.836,8.54,1.75,-1.61
,-9.239,-0.816,-4.518,-8.899,-1.716,-4.453,6.72,0.21,-1.82
47401.0,-9.21,-1.235,-4.058,-9.1,-0.967,-3.673,18.97,0.84,1.61
,-9.213,-0.866,-3.69,-9.002,-1.024,-3.877,17.92,0.28,1.61
,-9.186,-0.799,-3.484,-8.894,-1.01,-3.908,15.12,0.49,1.61
,-9.148,-0.964,-3.422,-8.83,-1.184,-3.826,12.04,0.42,1.05
47477.0,-8.911,-1.364,-3.577,-8.792,-0.778,-5.071,5.81,1.33,0.21
,-9.074,-1.232,-3.613,-8.528,-1.134,-5.023,7.0,1.68,0.0
,-9.162,-0.94,-3.951,-8.619,-1.577,-4.791,6.79,1.19,-0.63
,-9.148,-0.675,-4.625,-8.906,-1.776,-4.671,4.27,-0.49,-1.61
47553.0,-9.088,-1.448,-4.295,-9.146,-0.969,-3.374,7.77,-1.68,0.14
,-9.031,-1.039,-3.896,-9.052,-1.039,-3.271,8.89,-1.96,0.42
,-9.105,-0.933,-3.532,-9.021,-1.347,-3.094,7.28,-1.68,0.56
,-9.249,-0.952,-3.51,-9.162,-1.486,-3.144,4.9,-1.68,0.0
47629.0,-9.148,-1.34,-3.089,-9.141,-1.046,-3.984,2.94,2.03,0.7
,-9.15,-1.153,-3.156,-8.99,-1.065,-4.228,3.92,2.66,1.19
,-9.131,-1.096,-3.333,-8.854,-1.187,-4.458,3.78,3.22,1.26
,-9.15,-1.022,-3.589,-8.844,-1.235,-4.35,3.57,3.57,1.05
47704.0,-8.938,-1.149,-4.326,-9.026,-1.201,-4.415,4.83,3.36,0.77
,-9.0,-1.06,-4.281,-8.832,-1.354,-4.25,5.18,3.22,0.63
,-9.081,-1.036,-4.257,-8.811,-1.436,-4.171,4.83,2.45,0.42
,-9.105,-1.067,-4.298,-8.921,-1.292,-3.934,3.78,1.82,0.21
47780.0,-9.105,-1.139,-3.958,-8.784,-1.292,-4.212,6.3,1.26,0.91
,-9.198,-1.036,-3.982,-8.851,-1.326,-4.046,5.04,0.91,0.7
,-9.119,-0.974,-4.037,-8.868,-1.309,-3.941,3.01,0.49,0.56
,-8.94,-1.094,-4.319,-9.031,-1.089,-3.91,1.12,0.07,0.49
47855.0,-9.198,-0.907,-3.963,-8.861,-1.304,-4.214,3.78,0.07,1.05
,-9.155,-0.964,-4.058,-8.935,-1.429,-3.963,2.1,-0.21,0.7
,-9.024,-1.07,-4.133,-8.887,-1.393,-3.776,0.49,-0.49,0.35
,-8.911,-1.206,-4.245,-9.052,-1.285,-3.597,0.14,-0.63,0.42
47931.0,-9.186,-1.194,-3.252,-8.928,-1.278,-3.731,4.9,0.84,1.47
,-9.275,-1.062,-3.522,-9.021,-1.338,-3.824,3.99,0.49,1.05
,-9.177,-0.909,-3.666,-9.057,-1.213,-4.054,2.45,0.49,1.05
,-9.06,-1.048,-3.661,-9.012,-1.05,-4.123,0.56,0.77,0.98
48007.0,-8.952,-1.084,-4.123,-8.897,-1.175,-4.101,0.49,1.05,0.91
,-8.981,-1.094,-4.183,-8.985,-1.206,-3.994,0.42,0.98,0.84
,-8.983,-1.141,-4.281,-9.06,-1.218,-3.841,0.77,0.63,0.63
,-8.938,-1.074,-4.35,-9.174,-1.022,-3.951,1.19,0.14,0.7
48083.0,-9.143,-1.01,-4.073,-8.997,-1.278,-3.692,2.73,-0.42,0.84
,-9.024,-1.05,-4.015,-9.117,-1.151,-3.79,1.47,-0.28,0.7
,-8.878,-1.218,-3.869,-9.06,-1.015,-3.802,0.49,-0.56,0.56
,-8.928,-1.316,-3.831,-9.05,-1.079,-3.704,1.26,0.0,0.84
48158.0,-8.983,-1.206,-3.711,-9.206,-0.9,-3.915,0.49,0.84,0.98
,-8.985,-1.333,-3.568,-9.076,-0.969,-4.101,1.19,1.4,1.26
,-9.139,-1.244,-3.58,-8.866,-1.122,-4.197,2.31,1.89,1.33
,-9.194,-1.046,-3.647,-8.849,-1.254,-4.214,2.87,1.82,1.26
48234.0,-9.0,-1.189,-4.13,-9.024,-1.144,-4.034,2.73,1.61,1.19
,-9.088,-1.134,-4.111,-8.928,-1.223,-3.958,3.22,1.26,1.05
,-9.143,-1.046,-3.975,-8.942,-1.254,-3.903,3.29,0.91,1.05
,-9.081,-1.077,-4.073,-9.0,-1.254,-3.573,2.66,0.42,0.77
48309.0,-9.136,-1.034,-3.647,-8.969,-1.151,-3.967,4.41,1.19,1.12
,-9.162,-0.933,-3.719,-8.978,-1.17,-4.042,3.92,1.12,0.91
,-9.091,-0.926,-3.805,-9.0,-1.165,-3.903,2.17,0.98,0.77
,-8.983,-1.074,-3.903,-9.057,-1.161,-3.757,0.7,0.84,0.35
48385.0,-9.103,-1.082,-3.754,-9.06,-1.194,-3.987,2.66,1.47,0.7
,-9.174,-1.053,-3.872,-9.0,-1.251,-4.018,2.17,1.26,0.49
,-9.062,-1.18,-3.879,-8.997,-1.22,-3.996,1.68,1.33,0.42
,-9.028,-1.144,-3.922,-9.012,-1.211,-3.853,1.61,1.47,0.49
48461.0,-9.1,-1.106,-3.903,-8.959,-1.117,-4.068,3.85,1.61,0.7
,-9.16,-1.017,-3.888,-8.961,-1.24,-4.137,4.13,1.54,0.7
,-9.074,-0.924,-3.977,-8.981,-1.23,-4.003,3.08,1.26,0.35
,-8.993,-0.981,-4.113,-9.055,-1.149,-4.039,1.89,0.98,0.14
48537.0,-9.136,-1.091,-4.001,-9.057,-1.141,-3.881,2.8,0.63,0.28
,-9.031,-1.089,-3.888,-9.119,-1.149,-3.891,2.1,0.56,0.14
,-9.086,-1.129,-3.85,-9.062,-1.182,-3.917,1.47,0.7,0.14
,-9.05,-1.12,-3.884,-9.021,-1.115,-3.888,1.4,0.7,0.14
48613.0,-9.079,-1.17,-3.874,-9.007,-1.206,-3.97,3.36,0.84,0.42
,-9.083,-1.146,-3.929,-9.019,-1.242,-4.008,3.29,0.77,0.35
,-9.043,-1.101,-4.013,-9.007,-1.137,-3.991,2.59,0.49,0.21
,-9.0,-1.108,-4.027,-9.043,-1.115,-3.984,1.75,0.35,0.07
48688.0,-9.031,-1.163,-3.96,-9.119,-1.127,-3.79,3.57,0.14,0.42
,-9.016,-1.218,-3.824,-9.04,-1.098,-3.884,3.64,0.28,0.56
,-9.064,-1.201,-3.74,-9.036,-1.137,-3.896,3.85,0.56,0.63
,-9.045,-1.156,-3.766,-8.945,-1.163,-3.936,3.71,0.28,0.42
48764.0,-9.021,-1.161,-3.924,-9.134,-1.127,-3.879,2.03,0.35,0.14
,-9.11,-1.173,-3.912,-9.052,-1.074,-3.97,2.45,0.35,0.21
,-9.052,-1.18,-3.723,-8.981,-1.196,-4.018,2.66,0.77,0.35
,-9.146,-1.211,-3.795,-8.981,-1.266,-4.054,2.66,0.7,0.42
48840.0,-8.899,-1.33,-4.013,-9.086,-1.144,-3.64,2.03,0.35,0.21
,-9.028,-1.271,-3.826,-9.182,-1.113,-3.788,3.15,0.28,0.35
,-9.038,-1.223,-3.719,-9.06,-1.127,-3.845,3.43,0.21,0.21
,-9.162,-1.113,-3.745,-8.985,-1.244,-3.752,3.43,0.28,0.35
48916.0,-9.012,-1.273,-3.774,-9.1,-1.137,-3.508,2.17,0.49,0.56
,-9.043,-1.283,-3.817,-9.069,-1.17,-3.831,2.66,0.49,0.49
,-9.11,-1.22,-3.881,-9.062,-1.24,-3.826,2.87,0.42,0.49
,-9.076,-1.17,-3.565,-9.016,-1.266,-3.774,2.73,0.91,0.56
48991.0,-9.028,-1.297,-3.759,-9.206,-1.079,-3.833,1.82,1.54,1.12
,-9.086,-1.292,-3.699,-9.04,-1.079,-3.867,2.38,1.68,1.33
,-9.124,-1.247,-3.661,-9.005,-1.223,-3.745,3.15,1.89,1.4
,-9.129,-1.079,-3.716,-8.988,-1.309,-3.546,3.36,1.89,1.47
49067.0,-9.189,-1.271,-3.573,-8.923,-1.101,-3.936,0.56,2.94,1.54
,-9.124,-1.12,-3.549,-8.844,-1.211,-3.807,0.63,2.59,1.4
,-9.124,-1.06,-3.68,-8.854,-1.237,-3.606,-0.21,2.38,1.33
,-9.036,-1.058,-3.788,-8.969,-1.228,-3.307,-1.61,2.31,1.33
49142.0,-9.127,-1.12,-3.264,-9.095,-0.964,-3.941,-0.28,5.67,2.38
,-9.416,-1.127,-3.486,-9.143,-1.139,-3.766,-1.82,4.97,1.54
,-9.328,-1.015,-3.642,-9.239,-1.28,-3.273,-3.64,3.85,1.05
,-9.179,-0.964,-3.814,-9.258,-1.125,-3.245,-5.67,3.01,0.84
49218.0,-9.198,-0.921,-3.458,-8.899,-1.163,-3.814,-12.81,-0.21,-1.47
,-8.942,-0.725,-3.453,-8.837,-1.127,-3.752,-13.86,-0.14,-1.05
,-8.947,-0.749,-3.654,-9.007,-0.981,-4.08,-14.84,0.84,-0.91
,-8.94,-1.156,-3.467,-9.06,-0.826,-4.192,-16.73,2.17,-0.77
49294.0,-8.918,-0.838,-4.183,-9.067,-1.689,-3.467,-8.54,5.11,0.49
,-8.763,-0.84,-4.398,-9.162,-1.357,-3.092,-9.1,5.11,0.7
,-8.729,-1.177,-4.07,-9.256,-0.759,-3.503,-9.24,6.37,1.19
,-8.827,-1.503,-3.884,-9.028,-0.251,-4.051,-7.7,7.77,1.68
49370.0,-8.799,-0.069,-4.243,-9.064,-1.24,-3.652,3.78,8.61,2.38
,-8.88,-0.129,-4.458,-8.861,-1.314,-3.719,0.35,8.4,1.89
,-8.782,-0.543,-4.475,-8.77,-1.397,-3.527,-3.71,8.61,0.7
,-8.995,-1.031,-3.836,-8.571,-1.661,-3.513,-5.39,9.66,0.07
49446.0,-8.729,-1.936,-3.154,-8.72,-0.56,-4.491,-5.04,11.9,2.52
,-9.273,-1.919,-3.183,-8.856,-0.254,-4.774,-1.54,13.65,3.99
,-9.366,-1.665,-3.352,-8.933,-0.213,-4.46,2.1,14.14,4.55
,-9.045,-1.077,-3.896,-9.129,-0.208,-4.53,5.04,13.93,4.76
49521.0,-9.031,-0.089,-4.264,-8.729,-1.773,-4.329,-0.07,13.44,0.98
,-8.916,-0.337,-4.611,-9.091,-1.79,-3.963,-2.94,11.62,-0.56
,-8.598,-0.816,-4.805,-8.911,-1.558,-3.754,-6.37,10.01,-1.26
,-8.562,-1.421,-4.669,-8.973,-1.149,-3.826,-7.07,9.73,-0.56
49597.0,-8.744,-1.003,-4.331,-8.306,-1.256,-4.367,5.88,11.27,2.66
,-8.574,-0.962,-4.8,-8.385,-1.28,-3.788,3.5,8.96,3.29
,-8.454,-0.962,-5.195,-8.859,-1.053,-3.719,2.66,9.24,3.01
,-8.387,-1.067,-5.126,-9.258,-0.787,-3.821,3.36,11.34,2.66
49673.0,-9.273,-0.885,-3.721,-8.715,-0.225,-5.142,9.8,17.08,4.41
,-8.78,-1.216,-3.79,-8.476,0.208,-5.597,7.91,18.9,4.97
,-9.134,-1.35,-3.527,-8.416,0.258,-5.767,9.31,20.51,5.39
,-9.0,-0.804,-4.037,-8.193,0.177,-5.552,12.39,18.2,4.48
49749.0,-8.492,0.045,-5.224,-8.598,-1.73,-4.633,4.06,15.05,-2.24
,-9.0,-0.383,-4.972,-8.88,-1.615,-4.314,2.38,14.14,-4.69
,-8.885,-0.933,-4.992,-8.579,-1.508,-4.872,0.35,13.09,-5.53
,-8.753,-1.455,-4.783,-8.212,-1.546,-5.355,-0.14,13.72,-4.69
49824.0,-8.492,-1.56,-5.142,-8.835,-1.103,-4.774,4.62,12.04,-0.63
,-8.339,-1.328,-5.43,-8.751,-1.273,-4.865,5.25,11.97,0.56
,-8.122,-1.273,-5.252,-8.861,-1.244,-4.712,5.81,13.93,0.49
,-8.543,-1.173,-4.805,-8.332,-1.347,-5.224,6.51,14.84,-0.42
49900.0,-7.971,-1.299,-5.329,-8.634,-0.89,-5.286,9.03,9.45,0.63
,-7.947,-1.414,-5.327,-8.638,-0.849,-5.054,10.99,10.92,1.33
,-8.138,-1.333,-5.497,-8.581,-1.019,-4.968,12.74,11.62,2.31
,-8.464,-1.132,-5.425,-8.425,-1.251,-5.128,14.42,12.11,2.87
49975.0,-8.433,-1.474,-4.937,-8.519,-0.57,-5.391,8.96,12.46,3.57
,-8.32,-1.522,-5.133,-8.49,0.16,-5.535,9.94,12.53,4.2
,-8.313,-1.397,-5.147,-8.531,0.275,-5.504,12.39,12.67,4.27
,-8.528,-1.065,-5.2,-8.614,0.053,-5.528,14.49,12.18,3.64
50051.0,-8.851,-0.433,-5.398,-8.117,-1.766,-5.221,6.79,11.06,-1.47
,-8.959,-1.122,-4.956,-8.378,-1.953,-5.363,5.04,10.22,-1.61
,-8.557,-1.467,-5.02,-8.497,-1.637,-5.676,6.16,9.8,-1.54
,-8.009,-1.61,-5.095,-8.358,-1.096,-6.138,9.1,10.71,-1.12
50127.0,-8.363,-0.404,-6.128,-8.552,-0.972,-5.559,16.52,7.7,2.1
,-8.122,0.156,-6.044,-8.758,-1.421,-5.374,15.26,6.23,0.35
,-8.177,0.144,-5.915,-8.476,-1.835,-5.365,12.04,5.81,-1.4
,-8.492,-0.275,-5.824,-8.21,-1.969,-5.458,8.47,5.95,-2.03
50203.0,-8.098,-1.907,-5.549,-8.27,-0.388,-6.164,12.39,4.62,-2.8
,-8.11,-1.548,-5.743,-8.392,-0.543,-5.918,16.03,3.15,-2.03
,-8.153,-1.156,-5.855,-8.334,-0.962,-5.729,16.8,2.38,-1.75
,-8.361,-0.773,-5.992,-8.447,-1.273,-5.449,16.03,1.96,-1.19
50279.0,-8.38,-1.646,-5.121,-8.203,-1.826,-5.506,8.12,0.35,-4.06
,-8.162,-2.003,-4.884,-8.291,-1.668,-5.549,9.94,0.91,-3.15
,-8.124,-1.917,-5.104,-8.26,-1.125,-5.899,12.25,1.47,-2.45
,-8.126,-2.022,-5.231,-8.189,-0.94,-5.918,13.3,1.12,-1.54
50354.0,-8.418,-1.024,-5.654,-8.047,-1.67,-5.171,13.3,-2.94,-3.01
,-8.471,-1.024,-5.681,-8.102,-1.579,-5.233,11.76,-2.94,-3.99
,-8.49,-1.165,-5.508,-8.397,-1.015,-5.372,10.36,-2.52,-4.13
,-8.196,-1.553,-5.317,-8.442,-0.849,-5.353,9.87,-1.68,-3.92
50430.0,-8.588,-1.122,-5.102,-7.803,-2.285,-4.917,6.44,-0.49,-4.97
,-8.591,-1.201,-5.051,-8.086,-3.034,-4.628,4.83,-1.12,-5.32
,-8.074,-1.5,-5.092,-8.435,-3.338,-4.563,4.34,-1.12,-4.62
,-7.863,-2.008,-4.934,-8.375,-3.228,-4.532,3.5,-0.28,-3.22
50506.0,-8.315,-2.766,-4.659,-8.308,-1.484,-5.221,9.66,2.31,2.66
,-8.155,-2.56,-5.049,-8.361,-1.357,-5.264,10.43,2.73,3.85
,-8.301,-2.501,-5.071,-8.447,-1.153,-5.437,10.08,3.29,4.41
,-8.334,-1.878,-5.272,-8.574,-1.082,-5.575,11.27,3.01,4.83
50582.0,-8.349,-1.302,-5.394,-8.1,-1.563,-5.583,4.97,3.29,3.22
,-8.165,-1.287,-5.389,-8.38,-1.998,-5.492,4.83,3.36,3.43
,-8.241,-1.271,-5.264,-8.516,-2.651,-5.233,3.99,1.82,3.08
,-8.021,-1.251,-5.389,-8.287,-2.405,-5.114,2.66,0.98,3.29
50657.0,-8.112,-2.103,-5.135,-8.239,-2.123,-5.039,6.37,-0.14,5.46
,-8.318,-2.053,-5.123,-8.291,-1.914,-5.109,6.02,-0.91,5.81
,-8.306,-2.134,-5.083,-8.222,-1.713,-5.145,5.74,-1.19,6.37
,-8.222,-2.192,-4.977,-8.306,-1.376,-5.054,5.88,-0.21,7.28
50733.0,-8.423,-1.182,-5.221,-8.184,-0.95,-5.264,4.62,1.4,7.42
,-8.567,-1.103,-5.351,-7.976,-1.027,-5.324,3.92,1.4,6.86
,-8.564,-1.134,-5.363,-8.492,-1.072,-5.358,3.57,1.75,6.3
,-8.519,-1.134,-5.286,-8.744,-0.861,-5.298,3.71,1.82,5.46
50808.0,-8.619,-0.905,-5.372,-8.277,-1.835,-5.331,3.5,2.87,1.54
,-8.241,-1.029,-5.511,-8.212,-1.874,-5.351,2.87,2.31,0.49
,-8.2,-1.168,-5.69,-8.179,-1.637,-5.427,2.31,2.87,-0.07
,-8.337,-1.419,-5.53,-8.478,-1.594,-5.508,2.03,3.64,0.0
50884.0,-8.576,-1.598,-5.425,-8.066,-2.257,-5.08,3.78,2.87,-0.42
,-8.296,-1.455,-5.441,-8.15,-1.902,-5.193,4.13,2.24,-0.98
,-8.124,-1.584,-5.398,-8.478,-1.421,-5.54,3.15,2.59,-1.05
,-8.055,-1.974,-5.205,-8.681,-1.235,-5.666,2.45,3.5,-0.63
50960.0,-8.437,-1.261,-5.592,-8.538,-2.127,-5.324,3.08,2.94,-1.26
,-8.014,-1.402,-5.662,-8.344,-2.352,-5.059,2.03,3.08,-1.19
,-8.086,-1.642,-5.657,-8.306,-1.675,-5.446,0.7,3.57,-0.91
,-8.397,-2.082,-5.508,-8.284,-1.034,-5.712,-0.42,4.13,-0.35
51036.0,-8.325,-0.866,-5.638,-8.26,-1.804,-5.19,3.15,1.54,1.68
,-8.471,-0.938,-5.712,-8.236,-1.742,-5.319,-0.84,0.07,0.98
,-8.43,-1.184,-5.384,-8.191,-1.632,-5.415,-3.08,-0.14,1.12
,-8.399,-1.653,-5.159,-8.217,-1.517,-5.523,-4.34,0.21,1.75
51112.0,-8.291,-1.357,-5.619,-8.289,-1.232,-5.37,-0.98,0.49,4.55
,-8.282,-1.244,-5.568,-8.184,-1.285,-5.284,-2.38,0.28,5.6
,-8.516,-1.139,-5.566,-8.342,-1.283,-5.363,-4.13,-0.14,6.37
,-8.552,-1.271,-5.26,-8.394,-1.139,-5.597,-7.49,-1.12,6.09
51187.0,-8.227,-1.072,-5.968,-8.279,-1.572,-5.547,-9.03,-4.62,5.95
,-8.251,-1.235,-5.918,-8.435,-1.524,-5.26,-11.13,-4.2,5.74
,-8.344,-1.479,-5.877,-8.351,-1.479,-5.26,-13.09,-3.71,5.11
,-8.344,-1.618,-5.58,-8.277,-1.543,-5.389,-11.27,-3.92,4.69
51263.0,-8.244,-1.819,-5.238,-8.416,-1.56,-5.097,-7.91,-4.9,4.62
,-8.349,-1.955,-5.336,-8.447,-1.462,-5.011,-6.79,-4.76,5.53
,-8.26,-2.075,-5.315,-8.531,-1.285,-4.987,-3.08,-5.04,6.16
,-8.301,-1.957,-4.941,-8.641,-1.256,-4.637,2.45,-5.18,7.07
51339.0,-8.291,-1.089,-5.027,-8.595,-0.512,-5.224,-0.56,-6.79,7.21
,-8.004,-0.921,-5.13,-8.648,-0.536,-5.183,0.56,-7.14,5.74
,-8.2,-0.689,-5.355,-8.607,-0.562,-5.229,1.05,-7.49,5.04
,-8.346,-0.538,-5.233,-8.571,-0.84,-5.109,1.47,-7.98,4.06
51415.0,-8.646,-0.955,-5.15,-8.253,-1.196,-5.116,-2.03,-6.65,0.7
,-8.61,-1.117,-5.078,-8.531,-1.216,-5.138,-2.24,-6.58,0.84
,-8.564,-1.158,-4.807,-8.619,-1.206,-5.061,-1.12,-6.51,0.98
,-8.394,-1.046,-4.994,-8.552,-1.498,-5.154,-0.63,-6.65,0.98
51490.0,-8.459,-1.11,-5.109,-8.476,-1.098,-4.865,-2.1,-4.48,1.4
,-8.603,-1.381,-4.85,-8.588,-1.007,-4.968,-1.05,-3.29,1.61
,-8.497,-1.299,-4.922,-8.674,-0.881,-5.095,0.07,-2.87,2.8
,-8.37,-1.314,-5.027,-8.626,-0.766,-5.056,0.7,-2.59,4.13
51566.0,-8.485,-0.735,-4.92,-8.832,-0.849,-4.925,1.26,-4.27,3.15
,-8.562,-0.696,-4.987,-8.655,-1.326,-4.838,0.14,-4.13,3.08
,-8.667,-0.672,-4.783,-8.354,-1.505,-5.013,-0.21,-4.13,2.87
,-8.705,-0.682,-4.882,-8.413,-1.701,-5.037,-0.7,-4.9,1.89
51641.0,-8.256,-1.859,-5.063,-8.598,-1.295,-5.075,0.49,-6.51,1.96
,-8.528,-1.582,-5.224,-8.392,-1.371,-5.061,3.64,-7.07,2.1
,-8.492,-1.302,-5.097,-8.605,-1.328,-4.745,5.18,-8.82,2.1
,-8.579,-1.161,-5.085,-8.763,-1.079,-4.671,4.13,-9.45,1.82
51717.0,-8.679,-0.804,-4.728,-8.612,-0.854,-4.611,3.92,-9.17,4.62
,-8.6,-0.577,-4.525,-8.734,-0.675,-4.465,3.57,-8.96,4.48
,-8.741,-0.608,-4.561,-8.691,-0.44,-4.417,2.52,-9.24,4.06
,-8.6,-0.646,-4.568,-8.784,-0.242,-4.31,1.47,-9.87,3.08
51793.0,-8.777,-0.127,-4.319,-8.741,-1.33,-4.207,1.26,-9.45,-1.33
,-8.813,-0.287,-4.482,-8.715,-1.251,-4.113,-2.17,-9.87,-3.43
,-8.887,-0.78,-4.436,-8.873,-1.106,-4.219,-5.81,-9.59,-4.2
,-8.83,-1.043,-4.535,-8.983,-0.866,-4.578,-6.86,-9.59,-4.83
51869.0,-8.842,-1.12,-4.484,-8.696,-1.491,-4.262,-2.52,-10.29,-4.69
,-8.782,-1.228,-4.367,-8.763,-1.273,-4.561,-3.57,-9.24,-3.99
,-8.643,-1.395,-4.319,-8.72,-1.33,-4.432,-2.52,-7.91,-3.36
,-8.67,-1.421,-4.503,-8.82,-1.22,-4.379,-0.91,-7.98,-3.57
51944.0,-8.966,-1.077,-4.066,-8.729,-0.735,-4.779,0.35,-9.1,-2.45
,-9.048,-1.003,-3.821,-8.612,-1.094,-5.004,0.7,-8.4,-2.17
,-8.997,-0.818,-3.896,-8.638,-1.534,-4.355,-0.28,-8.68,-2.73
,-8.918,-0.665,-4.18,-8.67,-1.785,-3.934,-1.82,-9.8,-3.08
52020.0,-9.009,-1.515,-3.64,-8.763,-0.677,-4.267,5.67,-7.63,-2.1
,-9.292,-0.94,-3.697,-8.787,-1.299,-3.833,9.03,-8.05,-1.82
,-9.208,-0.447,-4.003,-8.737,-1.577,-3.52,6.16,-10.08,-2.31
,-8.995,-0.325,-4.417,-8.832,-1.479,-3.214,0.14,-11.69,-2.52
52096.0,-9.014,-1.141,-3.08,-8.842,-1.409,-3.843,8.61,-5.53,-1.12
,-9.292,-0.854,-3.642,-8.806,-1.388,-3.64,7.91,-7.0,-0.63
,-9.17,-1.003,-3.798,-8.842,-1.103,-3.408,3.43,-7.91,-0.56
,-9.062,-1.213,-4.013,-9.024,-0.723,-3.331,1.12,-7.21,0.21
52172.0,-9.261,-0.495,-3.927,-8.792,-1.362,-3.817,7.0,-4.27,-1.19
,-9.052,-0.773,-3.912,-8.854,-1.378,-3.561,1.82,-5.25,-1.96
,-9.0,-0.878,-3.944,-9.275,-1.106,-3.436,-0.91,-5.53,-1.68
,-8.806,-1.259,-3.955,-9.282,-1.18,-3.836,-2.66,-5.39,-2.1
52248.0,-9.112,-1.041,-3.644,-9.148,-0.96,-3.9,0.35,-3.15,-1.19
,-8.933,-1.101,-3.951,-9.232,-0.751,-3.946,-0.35,-3.01,-0.84
,-8.801,-1.357,-3.841,-9.091,-0.821,-3.939,0.49,-2.45,-0.77
,-8.923,-1.106,-3.879,-9.057,-0.938,-4.039,4.06,-1.54,-0.14
52323.0,-8.873,-1.299,-4.276,-9.328,-1.199,-3.503,0.0,-2.52,-1.33
,-8.758,-1.405,-3.874,-9.253,-0.993,-3.855,2.03,-1.75,-0.28
,-8.918,-1.441,-3.565,-9.033,-0.955,-3.97,4.62,-0.56,0.49
,-9.162,-1.359,-3.494,-8.77,-1.141,-4.046,6.79,-0.21,0.35
52399.0,-8.813,-1.275,-3.972,-9.237,-0.785,-3.558,2.87,-0.35,0.7
,-8.909,-1.259,-3.893,-9.162,-0.933,-3.592,4.55,0.07,0.91
,-9.057,-1.036,-3.838,-9.033,-0.96,-3.575,6.02,0.14,0.98
,-9.237,-1.003,-3.683,-8.973,-1.065,-3.506,5.6,0.21,0.84
52474.0,-8.99,-1.242,-3.534,-9.17,-0.905,-4.006,-1.19,1.4,-0.56
,-9.079,-1.493,-3.283,-9.04,-0.646,-4.441,-0.63,2.17,-0.28
,-9.261,-1.45,-3.34,-8.763,-0.861,-4.678,1.4,2.87,0.0
,-9.294,-1.194,-3.623,-8.77,-1.316,-4.558,1.96,2.66,-0.28
52550.0,-8.729,-1.567,-4.247,-9.217,-0.912,-3.264,-2.52,0.7,-0.91
,-9.048,-1.673,-3.836,-9.146,-0.842,-3.477,1.26,1.4,-0.35
,-9.284,-1.457,-3.515,-9.04,-1.11,-3.549,4.97,1.54,0.14
,-9.34,-1.089,-3.393,-8.906,-1.271,-3.599,5.39,1.4,0.14
52626.0,-8.911,-1.436,-3.41,-9.06,-0.835,-4.025,0.63,3.78,0.35
,-9.045,-1.412,-3.388,-8.966,-0.926,-4.319,2.8,4.41,0.63
,-9.174,-1.134,-3.534,-8.808,-1.266,-4.532,4.55,4.76,0.7
,-9.229,-0.945,-3.855,-8.76,-1.469,-4.386,4.27,4.2,0.28
52702.0,-8.854,-1.539,-4.2,-8.909,-1.029,-4.152,3.78,3.36,0.91
,-9.1,-1.407,-4.106,-8.859,-1.326,-3.965,6.44,3.29,0.98
,-9.201,-1.134,-4.192,-8.964,-1.376,-3.766,7.56,2.8,1.19
,-9.086,-0.933,-4.188,-9.091,-1.352,-3.561,6.16,2.1,1.19
52777.0,-9.22,-1.146,-3.544,-8.909,-1.395,-4.015,4.9,2.73,1.26
,-9.179,-1.01,-3.714,-8.995,-1.338,-4.073,3.92,2.52,0.98
,-9.043,-1.05,-3.857,-9.11,-1.163,-4.305,2.38,2.45,0.84
,-8.911,-1.225,-3.939,-9.067,-1.158,-4.314,1.4,2.73,0.98
52853.0,-9.05,-1.189,-4.436,-9.146,-1.149,-3.752,2.66,1.47,1.05
,-8.835,-1.295,-4.235,-9.215,-1.077,-3.74,2.59,1.47,1.26
,-8.854,-1.321,-4.123,-9.196,-0.969,-3.853,3.43,1.54,1.54
,-9.014,-1.321,-3.903,-9.124,-0.952,-4.161,4.69,1.89,1.68
52929.0,-8.926,-1.086,-4.147,-9.117,-1.137,-3.865,3.43,0.91,1.12
,-8.787,-1.213,-4.082,-9.103,-1.06,-3.896,3.57,1.12,1.33
,-8.947,-1.347,-4.006,-9.067,-1.072,-3.915,4.55,1.33,1.4
,-8.993,-1.309,-3.915,-8.916,-1.175,-3.989,5.81,1.54,1.4
53005.0,-8.988,-1.271,-4.018,-9.019,-1.192,-3.944,1.26,0.77,0.49
,-9.026,-1.302,-4.03,-9.1,-1.141,-3.821,1.82,0.91,0.77
,-9.024,-1.302,-4.082,-9.088,-1.137,-3.733,2.66,0.84,0.98
,-8.978,-1.237,-3.979,-9.045,-1.163,-3.695,3.43,1.05,1.12
53081.0,-9.115,-1.12,-3.774,-9.016,-1.173,-4.295,2.45,1.33,0.84
,-9.093,-1.134,-3.97,-8.949,-1.12,-4.307,2.1,1.12,0.56
,-8.997,-1.192,-4.02,-8.882,-1.177,-4.314,1.82,1.19,0.7
,-8.871,-1.266,-4.063,-8.921,-1.383,-4.075,2.1,1.12,0.91
53156.0,-9.072,-1.261,-4.039,-8.99,-1.342,-3.754,4.27,0.35,1.12
,-9.086,-1.084,-4.001,-9.06,-1.35,-3.695,5.18,0.14,1.12
,-9.103,-1.031,-3.996,-9.103,-1.184,-3.549,4.41,-0.35,0.91
,-8.952,-1.137,-3.872,-9.095,-1.058,-3.491,3.57,-0.21,0.91
53232.0,-9.186,-1.156,-3.436,-8.945,-1.134,-4.068,3.22,1.19,0.77
,-9.194,-1.101,-3.518,-8.861,-1.359,-4.101,2.45,1.4,0.63
,-9.189,-1.046,-3.699,-8.885,-1.383,-4.185,1.75,1.12,0.07
,-9.117,-1.007,-3.958,-9.002,-1.213,-4.202,0.77,1.05,-0.07
53307.0,-9.062,-1.134,-4.03,-9.055,-1.096,-3.716,4.55,1.19,0.91
,-9.067,-1.103,-3.917,-9.016,-1.204,-3.855,4.06,1.26,0.84
,-9.055,-1.18,-3.795,-9.024,-1.275,-3.869,3.5,1.19,0.7
,-9.15,-1.139,-3.745,-8.966,-1.251,-3.86,3.15,1.26,0.63
53383.0,-8.995,-1.187,-3.951,-9.04,-1.173,-3.915,2.45,1.54,0.42
,-9.024,-1.187,-3.881,-9.002,-1.194,-3.944,2.17,1.61,0.49
,-9.048,-1.201,-3.891,-8.985,-1.254,-3.951,2.1,1.82,0.56
,-9.098,-1.201,-3.929,-8.933,-1.235,-3.85,2.17,1.61,0.49
53459.0,-9.081,-1.235,-3.881,-9.031,-1.175,-3.915,2.66,1.82,0.56
,-9.091,-1.184,-3.81,-9.012,-1.132,-3.958,2.8,1.89,0.63
,-9.072,-1.211,-3.743,-8.981,-1.173,-4.068,2.94,2.03,0.77
,-9.088,-1.189,-3.85,-9.024,-1.161,-4.111,3.08,2.17,0.7
53535.0,-9.028,-1.161,-4.089,-9.064,-1.268,-3.757,2.52,1.54,0.28
,-8.983,-1.168,-4.094,-9.122,-1.125,-3.802,2.17,1.33,0.28
,-8.928,-1.268,-3.982,-9.15,-1.039,-3.86,1.89,1.05,0.35
,-8.983,-1.311,-3.877,-9.052,-1.096,-3.924,2.31,1.4,0.56
53610.0,-8.988,-1.285,-3.939,-9.098,-1.144,-3.922,0.28,1.05,0.07
,-8.964,-1.29,-3.936,-9.067,-1.12,-3.92,1.05,1.19,0.14
,-9.019,-1.235,-3.958,-8.942,-1.23,-3.944,1.75,1.4,0.35
,-9.081,-1.23,-3.879,-8.952,-1.28,-3.944,2.24,1.47,0.42
53686.0,-8.985,-1.297,-3.903,-9.007,-1.223,-3.771,1.89,1.12,0.35
,-9.057,-1.242,-3.917,-9.0,-1.22,-3.754,2.31,1.05,0.42
,-9.06,-1.204,-3.833,-9.064,-1.232,-3.843,2.31,1.19,0.63
,-9.055,-1.18,-3.831,-9.045,-1.201,-3.888,2.17,1.05,0.49
53762.0,-8.988,-1.144,-4.001,-8.988,-1.23,-4.176,1.82,1.54,0.63
,-9.05,-1.187,-4.063,-8.978,-1.242,-4.145,1.61,1.33,0.49
,-9.002,-1.213,-4.109,-8.985,-1.263,-4.073,1.4,1.05,0.35
,-9.007,-1.237,-4.116,-9.021,-1.247,-4.032,1.26,0.91,0.56
53838.0,-9.019,-1.216,-3.903,-9.031,-1.285,-3.869,2.38,0.35,0.63
,-9.048,-1.165,-3.908,-9.033,-1.314,-3.786,2.66,0.28,0.63
,-9.043,-1.17,-3.908,-9.033,-1.256,-3.829,2.31,0.07,0.56
,-9.005,-1.194,-3.874,-9.091,-1.134,-3.819,2.17,-0.07,0.56
53914.0,-9.033,-1.134,-3.845,-9.033,-1.278,-3.829,2.52,0.35,0.77
,-9.048,-1.199,-3.845,-9.038,-1.204,-3.867,2.03,0.28,0.63
,-9.028,-1.199,-3.877,-8.981,-1.242,-3.807,1.75,0.28,0.56
,-8.971,-1.273,-3.845,-9.028,-1.237,-3.805,1.75,0.28,0.63
53989.0,-9.045,-1.168,-3.898,-8.99,-1.244,-4.013,2.52,0.56,0.91
,-8.973,-1.199,-3.814,-9.007,-1.223,-3.991,2.17,0.56,0.91
,-9.043,-1.137,-3.999,-9.033,-1.283,-3.915,2.31,0.42,0.91
,-8.983,-1.242,-4.032,-9.098,-1.249,-3.731,1.96,0.21,0.91
54065.0,-9.033,-1.232,-3.553,-9.028,-1.158,-3.664,2.45,1.05,1.33
,-9.067,-1.125,-3.661,-9.141,-1.18,-3.678,2.17,0.98,1.26
,-9.119,-1.151,-3.857,-9.15,-1.208,-3.654,1.75,1.12,1.19
,-9.062,-1.137,-3.723,-9.119,-1.158,-3.707,1.47,1.54,1.33
54140.0,-9.064,-1.177,-3.597,-9.308,-1.015,-3.62,0.14,2.66,1.05
,-9.064,-1.194,-3.53,-9.172,-1.058,-3.709,-0.14,3.22,0.98
,-9.088,-1.235,-3.34,-9.064,-1.149,-3.833,-0.21,3.71,1.05
,-9.201,-1.168,-3.417,-8.995,-1.254,-3.843,0.21,4.27,1.33
54216.0,-8.947,-1.259,-4.08,-9.026,-1.235,-4.374,-0.14,5.39,1.54
,-8.976,-1.364,-3.989,-8.868,-1.333,-4.494,0.91,5.6,1.82
,-9.024,-1.292,-3.948,-8.849,-1.292,-4.439,1.47,5.46,1.89
,-9.069,-1.23,-4.142,-8.875,-1.22,-4.424,1.19,5.18,1.75
54292.0,-8.954,-1.182,-4.221,-9.215,-0.998,-3.496,2.52,3.92,2.31
,-8.964,-1.228,-4.034,-9.122,-0.986,-3.587,2.87,4.27,2.73
,-9.057,-1.096,-3.678,-8.988,-1.062,-3.69,2.73,4.41,2.87
,-9.167,-1.022,-3.496,-8.861,-1.292,-3.625,2.45,4.06,2.59
54368.0,-8.94,-1.385,-3.75,-9.215,-0.797,-3.352,-4.34,4.48,2.03
,-8.839,-1.503,-3.628,-9.198,-0.625,-3.568,-3.78,5.46,2.45
,-8.887,-1.275,-3.259,-9.134,-0.948,-4.195,-1.19,7.28,3.43
,-9.129,-0.905,-3.257,-8.902,-1.476,-4.513,1.05,8.05,3.57
54443.0,-8.823,-1.713,-4.458,-8.875,-0.514,-4.149,-10.08,4.55,0.91
,-8.78,-1.661,-4.118,-8.99,-0.677,-4.018,-7.77,4.76,1.54
,-8.885,-1.201,-4.247,-8.978,-1.194,-3.53,-2.94,4.34,1.33
,-8.964,-0.67,-4.286,-9.251,-1.326,-3.551,-1.4,3.78,0.98
54519.0,-9.107,-1.335,-4.087,-8.691,-1.199,-4.262,-5.53,4.83,1.54
,-8.839,-1.017,-4.283,-8.918,-1.268,-3.92,-5.46,3.01,1.82
,-8.591,-0.838,-4.817,-9.055,-1.168,-3.568,-7.7,1.33,1.61
,-8.543,-1.005,-4.755,-9.225,-0.986,-3.379,-10.15,0.98,1.61
54595.0,-9.198,-1.027,-3.647,-8.947,-0.268,-4.231,-4.06,5.11,2.94
,-8.856,-1.314,-3.348,-8.859,0.261,-4.561,-4.34,6.09,3.78
,-8.961,-1.385,-3.501,-8.918,0.306,-4.831,-2.1,7.14,5.18
,-8.966,-1.134,-3.611,-9.012,-0.239,-4.738,2.73,7.35,5.88
54671.0,-9.112,-0.974,-4.367,-8.801,-0.866,-3.984,-5.25,5.67,0.42
,-8.861,-1.318,-3.92,-8.705,-1.187,-3.929,-3.15,7.98,0.21
,-8.959,-1.091,-3.597,-8.902,-1.342,-4.03,0.63,9.45,0.7
,-8.947,-0.845,-3.683,-9.028,-1.094,-3.905,1.96,8.54,0.77
54746.0,-9.174,-0.591,-4.173,-8.887,-1.522,-3.927,9.1,10.01,2.59
,-8.593,-0.105,-4.535,-9.019,-1.486,-3.623,8.19,8.26,1.47
,-8.495,-0.196,-4.609,-8.794,-1.204,-3.781,3.15,7.56,1.26
,-8.842,-0.782,-4.489,-8.715,-1.065,-3.936,-2.73,8.54,0.98
54822.0,-8.825,-1.096,-4.178,-8.966,-0.835,-3.728,0.14,10.15,0.84
,-8.691,-1.316,-4.111,-8.933,-0.215,-4.58,1.54,13.02,2.73
,-8.82,-1.34,-3.568,-8.48,0.057,-5.339,4.06,16.66,3.85
,-8.811,-1.12,-3.573,-8.433,-0.05,-5.477,8.26,18.69,3.85
54898.0,-8.672,-0.347,-5.047,-8.78,-1.268,-4.207,2.59,11.13,0.35
,-8.732,-0.646,-4.738,-8.693,-1.586,-4.173,0.63,12.39,-2.17
,-8.768,-0.864,-4.346,-8.794,-1.752,-3.903,-0.14,13.58,-3.5
,-8.825,-0.943,-4.348,-8.844,-1.577,-3.982,-0.07,13.58,-3.43
54973.0,-8.457,-0.818,-4.491,-8.155,-0.89,-5.133,11.97,17.5,0.14
,-8.614,-0.086,-5.162,-8.588,-1.371,-4.707,13.58,13.86,0.42
,-8.169,0.29,-5.875,-9.026,-1.826,-4.35,10.01,11.27,0.42
,-7.964,-0.108,-5.81,-9.529,-1.869,-4.24,3.99,11.13,-0.35
55049.0,-9.17,-1.694,-4.501,-8.263,-0.258,-5.121,3.57,12.32,-2.87
,-8.579,-1.268,-4.748,-8.454,-0.254,-5.351,6.09,13.93,-1.19
,-8.291,-0.964,-4.74,-8.392,-0.45,-5.587,7.49,16.1,-0.28
,-8.303,-0.483,-4.688,-8.454,-0.811,-5.169,9.52,16.24,-0.07
55125.0,-8.485,-1.084,-4.949,-8.559,-1.898,-5.011,2.52,14.07,-4.13
,-8.466,-1.589,-4.831,-8.452,-1.472,-5.102,2.66,13.93,-4.48
,-8.619,-1.876,-4.745,-8.289,-0.838,-5.444,3.36,12.74,-3.57
,-8.78,-1.977,-4.798,-8.301,-0.546,-5.614,5.18,12.46,-1.54
55201.0,-8.217,-0.409,-5.65,-8.605,-0.706,-5.312,8.26,11.13,-0.49
,-8.32,-0.586,-5.403,-8.586,-0.651,-5.176,6.23,10.85,-0.63
,-8.636,-0.826,-5.229,-8.574,-0.689,-5.389,4.83,10.64,-1.33
,-8.665,-0.773,-5.233,-8.447,-0.876,-5.312,6.09,11.06,-2.17
55276.0,-8.5,-0.94,-5.453,-8.342,-1.29,-5.733,9.38,10.36,-3.43
,-8.222,-0.964,-5.54,-8.366,-1.613,-5.592,10.01,9.45,-3.01
,-8.165,-0.969,-5.968,-8.399,-1.792,-5.578,10.85,7.91,-4.34
,-8.251,-0.974,-5.915,-8.162,-2.032,-5.398,10.92,7.7,-5.18
55352.0,-8.133,-2.285,-5.159,-8.423,-0.768,-6.2,12.25,6.51,-1.96
,-7.952,-2.46,-5.317,-8.375,-1.017,-5.934,14.98,6.79,-0.91
,-8.256,-1.972,-5.621,-8.674,-0.983,-5.757,20.09,6.37,-0.21
,-8.318,-1.23,-6.009,-8.533,-0.995,-5.609,23.17,5.39,0.56
55428.0,-8.478,-0.814,-5.705,-8.198,-1.625,-5.473,18.97,2.73,-3.15
,-8.076,-1.103,-5.554,-7.911,-2.213,-5.324,16.8,3.29,-2.52
,-8.26,-1.158,-5.123,-7.892,-2.544,-5.274,15.61,3.5,-1.82
,-8.102,-1.378,-5.36,-7.959,-2.694,-5.497,14.56,3.08,-1.19
55504.0,-8.186,-2.982,-5.473,-8.279,-0.938,-5.738,7.0,2.03,6.37
,-8.294,-3.063,-5.339,-8.265,-0.993,-5.542,8.96,2.8,7.35
,-8.48,-2.278,-5.422,-7.928,-1.333,-5.42,12.81,2.66,7.49
,-8.311,-1.443,-5.64,-7.947,-1.493,-5.231,14.63,1.82,6.86
55579.0,-8.385,-1.127,-5.262,-8.394,-0.656,-5.319,6.58,2.8,8.19
,-8.454,-0.833,-5.231,-8.619,-0.799,-5.197,7.28,3.08,7.0
,-8.588,-0.845,-5.126,-8.471,-0.761,-5.26,7.21,3.99,6.16
,-8.66,-0.797,-5.171,-8.275,-0.936,-5.389,7.56,4.97,5.46
55655.0,-8.208,-0.711,-5.724,-8.133,-1.618,-5.482,6.3,1.96,1.54
,-8.236,-0.948,-5.535,-8.234,-1.639,-5.607,3.64,0.84,1.05
,-7.904,-1.043,-5.788,-8.385,-2.462,-5.351,3.22,-0.28,-0.14
,-7.875,-1.278,-5.82,-8.411,-2.778,-5.016,3.29,-0.77,-0.7
55731.0,-8.533,-2.766,-4.917,-8.583,-1.596,-5.197,9.87,-1.96,3.5
,-8.244,-2.233,-5.317,-8.399,-1.443,-5.183,11.9,-2.8,4.48
,-8.267,-2.115,-5.432,-8.196,-1.426,-5.221,11.13,-2.45,5.18
,-8.492,-1.859,-5.348,-8.167,-1.297,-5.322,10.71,-2.31,4.97
55806.0,-8.086,-1.223,-5.432,-8.423,-1.644,-5.178,5.88,-1.89,6.16
,-8.236,-1.644,-5.185,-8.459,-1.622,-5.3,4.55,-1.75,6.58
,-8.256,-1.783,-5.245,-8.354,-1.615,-5.312,5.39,-2.1,6.86
,-8.366,-1.756,-5.209,-8.339,-1.488,-5.238,6.86,-2.1,7.21
55882.0,-8.337,-1.553,-5.185,-8.227,-1.397,-5.08,7.98,-2.03,8.05
,-8.504,-1.62,-5.056,-8.277,-0.893,-5.257,7.49,-1.61,8.12
,-8.37,-1.558,-5.2,-8.528,-0.625,-5.604,7.84,-0.98,8.4
,-8.291,-1.63,-5.061,-8.667,-0.818,-5.542,7.56,-0.56,8.82
55958.0,-8.504,-0.761,-5.355,-8.701,-0.742,-5.298,7.77,0.98,4.13
,-8.248,-0.727,-4.984,-8.727,-1.039,-5.26,8.19,1.82,2.66
,-8.421,-0.354,-5.027,-8.349,-1.216,-5.154,7.63,2.1,0.63
,-8.603,-0.342,-5.284,-8.064,-1.342,-4.96,6.09,2.17,-0.98
56034.0,-8.327,-1.304,-4.975,-8.574,-0.861,-5.389,6.58,2.45,-3.08
,-8.581,-1.096,-5.152,-8.483,-1.098,-5.164,7.63,2.59,-4.48
,-8.595,-0.744,-5.291,-8.131,-1.524,-4.803,8.26,2.45,-5.6
,-8.591,-0.658,-5.465,-8.057,-1.881,-4.64,7.56,2.45,-6.65
56109.0,-8.344,-1.802,-4.786,-8.404,-1.543,-5.327,6.37,5.18,-7.0
,-8.492,-1.601,-5.054,-8.375,-1.512,-5.303,7.49,4.62,-7.35
,-8.437,-1.452,-5.413,-8.368,-1.551,-5.329,7.91,4.2,-7.84
,-8.373,-1.33,-5.494,-8.38,-1.644,-5.298,7.14,4.13,-7.98
56185.0,-8.409,-2.051,-5.276,-8.373,-2.233,-5.513,-1.05,4.48,-6.51
,-8.145,-2.022,-5.307,-8.466,-2.228,-5.528,-0.84,4.34,-5.11
,-7.98,-1.948,-5.571,-8.344,-2.194,-5.475,-0.49,4.69,-3.57
,-8.153,-2.142,-5.453,-8.239,-2.271,-5.559,-1.89,5.11,-2.31
56261.0,-8.375,-2.125,-5.678,-8.392,-2.101,-5.607,-4.13,2.52,3.43
,-8.315,-2.168,-5.456,-8.323,-1.902,-5.889,-4.27,1.47,4.41
,-8.184,-2.077,-5.463,-8.26,-1.799,-5.7,-5.18,0.49,4.97
,-8.222,-2.029,-5.602,-8.193,-1.821,-5.604,-5.88,0.07,5.95
56337.0,-8.433,-2.01,-5.106,-8.323,-0.739,-5.743,-7.35,0.91,10.57
,-8.48,-1.606,-5.398,-8.291,-0.766,-5.729,-5.81,0.07,11.48
,-8.267,-1.213,-5.652,-8.425,-0.821,-5.626,-5.39,-1.33,11.83
,-8.32,-0.988,-5.762,-8.397,-0.897,-5.43,-4.9,-1.75,11.76
56412.0,-8.409,-1.115,-5.14,-8.38,-1.357,-5.731,-8.26,1.33,9.66
,-8.485,-1.376,-4.566,-8.459,-1.015,-5.81,-8.4,1.33,8.82
,-8.418,-1.381,-4.92,-8.447,-1.117,-5.69,-6.02,-0.7,7.84
,-8.315,-1.211,-5.121,-8.26,-1.335,-5.386,-4.34,-3.71,7.56
56488.0,-8.44,-1.254,-5.291,-8.504,-0.873,-5.482,-0.49,-4.62,3.99
,-8.346,-1.144,-5.257,-8.38,-0.976,-5.307,0.07,-5.25,3.57
,-8.507,-1.094,-5.334,-8.409,-1.173,-5.207,-1.75,-6.72,3.78
,-8.564,-0.782,-5.602,-8.528,-1.18,-5.243,-1.68,-7.98,3.99
56563.0,-8.722,-1.125,-5.224,-8.545,-0.699,-5.085,-1.96,-8.61,1.26
,-8.366,-1.235,-5.152,-8.464,-0.311,-5.245,-3.29,-10.22,1.54
,-8.181,-1.134,-5.147,-8.418,-0.101,-5.159,-3.22,-10.15,1.19
,-8.437,-0.988,-5.176,-8.526,-0.189,-4.781,-2.52,-9.8,1.4
56639.0,-8.603,-0.467,-4.733,-8.318,-1.594,-4.893,-7.0,-11.34,-3.29
,-8.658,-0.775,-4.704,-8.433,-1.687,-4.882,-8.75,-10.85,-3.85
,-8.976,-1.283,-4.582,-8.497,-1.668,-4.934,-10.99,-11.41,-2.94
,-8.605,-1.187,-4.97,-8.638,-1.481,-4.757,-9.8,-13.65,-3.5
56715.0,-8.591,-1.318,-4.956,-8.569,-1.656,-4.975,-1.33,-13.23,-2.31
,-8.399,-1.543,-5.049,-8.77,-1.577,-4.836,-3.22,-13.37,-0.77
,-8.351,-1.579,-5.111,-8.882,-1.33,-4.604,-4.2,-12.25,1.47
,-8.382,-1.689,-4.982,-8.579,-1.311,-4.829,-3.92,-11.2,2.31
56791.0,-8.658,-1.383,-4.915,-8.875,-0.823,-4.424,1.54,-10.36,3.85
,-8.514,-1.393,-4.788,-8.725,-0.526,-4.391,2.1,-9.66,4.9
,-8.571,-1.553,-4.393,-8.741,-0.57,-4.401,2.66,-9.66,5.39
,-8.689,-1.259,-4.319,-8.703,-0.725,-4.221,4.41,-10.57,5.11
56867.0,-8.67,-0.943,-4.192,-8.452,-0.864,-4.307,-0.07,-11.27,2.8
,-8.835,-0.957,-4.145,-8.545,-1.06,-4.058,1.12,-11.34,2.24
,-8.806,-0.775,-4.362,-8.885,-1.007,-3.788,3.01,-11.55,1.75
,-8.727,-0.694,-4.367,-8.914,-0.838,-3.807,3.29,-10.99,2.1
56942.0,-9.107,-0.591,-4.001,-8.882,-0.986,-3.589,3.29,-9.73,-1.61
,-9.064,-0.498,-4.314,-9.024,-1.036,-3.821,0.98,-10.57,-1.82
,-9.043,-0.495,-4.171,-9.016,-1.11,-4.078,-1.75,-10.36,-2.17
,-8.76,-0.787,-3.958,-9.05,-1.034,-4.422,-3.57,-9.1,-2.94
57018.0,-8.763,-1.125,-4.298,-8.835,-0.794,-3.936,-4.41,-11.9,-4.34
,-8.65,-1.149,-4.219,-8.861,-0.727,-3.855,-2.87,-10.57,-4.27
,-8.823,-1.196,-4.027,-8.906,-0.895,-3.678,-1.05,-8.89,-4.62
,-8.861,-1.048,-3.939,-8.954,-1.187,-3.786,0.35,-9.24,-5.39
57094.0,-8.978,-1.462,-3.879,-9.179,-1.895,-3.443,-4.06,-7.21,-5.67
,-8.662,-1.484,-3.848,-9.086,-1.792,-3.326,-3.15,-7.0,-5.25
,-8.885,-1.565,-3.9,-9.088,-1.441,-3.23,-2.59,-7.14,-4.13
,-8.988,-1.776,-3.513,-8.985,-1.022,-3.396,-2.66,-6.65,-3.15
57170.0,-8.878,-0.871,-3.472,-9.146,-1.041,-3.211,4.76,-3.22,0.21
,-8.894,-0.766,-4.058,-9.519,-0.821,-3.637,3.15,-3.92,0.07
,-8.861,-0.902,-3.991,-9.194,-0.579,-3.728,1.33,-3.78,0.14
,-8.993,-1.01,-3.915,-9.052,-0.323,-4.075,1.12,-2.94,0.42
57245.0,-8.734,-0.756,-4.427,-9.215,-1.61,-3.214,-5.32,-6.16,-3.92
,-8.76,-1.259,-4.125,-9.335,-1.11,-3.678,-8.26,-5.18,-3.99
,-8.906,-1.756,-3.743,-9.165,-0.962,-4.374,-6.65,-3.08,-3.36
,-9.026,-1.855,-3.431,-8.847,-1.027,-4.156,-0.77,-1.05,-2.59
57321.0,-8.957,-1.412,-4.228,-9.146,-0.656,-3.692,-0.91,-2.17,-0.35
,-8.935,-1.565,-3.759,-9.038,-0.952,-3.556,3.29,-0.63,-0.14
,-9.081,-1.335,-3.781,-9.045,-1.125,-3.398,8.47,0.0,0.0
,-9.153,-0.926,-3.652,-9.139,-1.089,-3.52,9.45,-0.42,-0.21
57396.0,-9.284,-0.725,-4.082,-8.88,-1.665,-4.281,5.53,-0.56,-2.1
,-9.033,-0.625,-4.726,-9.117,-1.598,-4.362,2.8,-2.8,-3.29
,-8.71,-0.737,-4.781,-9.194,-1.323,-4.145,-0.63,-3.92,-3.36
,-8.679,-1.249,-4.652,-9.222,-0.976,-4.393,-2.17,-3.29,-2.87
57472.0,-9.105,-0.979,-4.398,-8.995,-1.275,-3.589,3.85,-5.32,-2.73
,-8.839,-1.161,-4.669,-9.337,-1.144,-3.429,2.52,-5.88,-2.8
,-8.667,-1.457,-4.324,-9.371,-0.94,-3.226,3.78,-5.6,-1.82
,-8.758,-1.462,-3.922,-9.39,-0.797,-3.293,7.0,-5.11,-0.7
57548.0,-9.057,-1.058,-3.214,-9.316,-1.161,-3.123,5.95,-4.41,-1.4
,-8.909,-1.35,-2.924,-9.189,-0.9,-3.36,3.43,-3.01,-1.33
,-9.012,-1.649,-2.898,-9.062,-0.897,-3.29,3.64,-1.75,-1.33
,-9.189,-1.503,-2.721,-9.074,-1.115,-3.408,5.67,-0.56,-0.98
57624.0,-9.002,-1.575,-3.348,-9.251,-0.974,-3.762,-1.89,1.19,-1.82
,-8.899,-1.646,-3.111,-9.122,-1.192,-3.807,1.54,2.59,-0.77
,-9.184,-1.441,-3.24,-9.0,-1.452,-3.917,4.34,3.29,-0.35
,-9.356,-1.043,-3.644,-8.878,-1.536,-3.898,4.97,3.01,-0.56
57700.0,-9.002,-1.374,-4.037,-9.095,-1.517,-3.436,6.44,2.59,-0.28
,-9.072,-1.22,-4.099,-9.127,-1.464,-3.175,7.35,2.24,-0.28
,-9.045,-1.244,-3.929,-9.284,-1.208,-3.649,6.72,2.1,-0.28
,-9.069,-1.35,-3.699,-9.036,-1.098,-3.613,6.16,2.31,-0.21
57775.0,-9.064,-1.11,-3.764,-9.182,-1.352,-3.374,5.32,2.66,-0.21
,-8.942,-1.443,-3.778,-9.253,-1.077,-3.458,4.13,2.94,-0.42
,-8.902,-1.589,-3.623,-9.184,-1.029,-3.728,4.76,3.57,-0.07
,-9.002,-1.484,-3.439,-8.947,-1.275,-3.888,6.3,4.41,0.49
57851.0,-8.906,-1.438,-4.233,-9.105,-1.357,-3.829,0.7,3.36,-0.84
,-8.902,-1.548,-4.089,-9.131,-1.318,-3.951,1.61,3.43,-0.77
,-9.007,-1.512,-4.094,-9.064,-1.278,-4.075,3.08,3.29,-0.56
,-9.057,-1.431,-3.982,-8.935,-1.378,-4.013,3.71,3.22,-0.35
57927.0,-8.897,-1.534,-3.908,-9.141,-1.316,-3.848,2.94,1.96,-0.21
,-9.012,-1.608,-3.932,-9.105,-1.309,-3.86,3.99,1.96,-0.21
,-9.031,-1.582,-3.814,-9.028,-1.431,-4.011,4.9,1.75,-0.07
,-9.146,-1.345,-3.788,-8.89,-1.484,-3.841,5.25,1.75,0.21
58003.0,-8.947,-1.531,-3.695,-9.189,-1.302,-4.121,2.38,1.4,0.21
,-9.064,-1.481,-3.743,-8.923,-1.34,-4.161,3.08,1.33,0.14
,-9.146,-1.443,-3.625,-8.823,-1.615,-4.168,3.29,1.33,0.14
,-9.201,-1.328,-3.726,-8.851,-1.811,-4.03,2.8,1.19,0.21
58078.0,-8.993,-1.716,-3.855,-9.119,-1.35,-3.652,4.48,0.77,0.91
,-9.155,-1.385,-3.79,-9.079,-1.366,-3.64,6.16,0.42,1.12
,-9.182,-1.285,-3.582,-9.026,-1.529,-3.719,5.6,0.56,1.19
,-9.172,-1.359,-3.47,-9.043,-1.534,-3.673,4.76,0.84,1.26
58154.0,-9.115,-1.455,-3.855,-9.06,-1.263,-3.838,5.6,1.33,1.54
,-9.086,-1.278,-3.855,-9.048,-1.271,-3.687,6.02,1.33,1.47
,-9.038,-1.283,-3.8,-9.083,-1.374,-3.635,5.25,1.4,1.47
,-9.043,-1.242,-3.91,-9.179,-1.419,-3.46,4.9,1.47,1.26
58229.0,-9.146,-1.342,-3.534,-9.055,-1.388,-3.709,4.2,1.47,0.7
,-9.122,-1.385,-3.417,-9.05,-1.424,-3.788,3.43,2.03,0.63
,-9.048,-1.378,-3.522,-8.981,-1.491,-3.781,2.45,1.89,0.42
,-9.069,-1.383,-3.57,-9.069,-1.496,-3.905,2.03,2.1,0.28
58305.0,-9.091,-1.479,-3.807,-9.072,-1.39,-3.891,3.99,2.73,0.77
,-9.115,-1.46,-3.924,-9.028,-1.378,-3.881,4.41,2.59,0.91
,-9.088,-1.402,-3.862,-9.036,-1.493,-3.891,4.48,2.38,0.98
,-9.095,-1.369,-3.955,-8.997,-1.519,-3.838,4.55,2.1,0.91
58381.0,-9.072,-1.488,-3.874,-9.107,-1.371,-3.726,3.36,2.03,0.49
,-9.04,-1.481,-3.879,-9.112,-1.34,-3.79,3.85,1.89,0.7
,-9.012,-1.455,-3.79,-9.067,-1.318,-3.745,4.06,1.89,0.91
,-9.055,-1.486,-3.831,-9.045,-1.359,-3.759,4.2,1.89,0.91
58457.0,-9.033,-1.481,-3.728,-9.048,-1.321,-3.709,2.24,1.96,0.63
,-9.062,-1.551,-3.752,-9.045,-1.345,-3.676,2.73,1.82,0.63
,-9.122,-1.539,-3.683,-9.062,-1.29,-3.869,3.15,2.03,0.77
,-9.146,-1.395,-3.754,-9.026,-1.273,-3.838,3.29,2.1,0.84
58533.0,-8.947,-1.4,-3.886,-9.038,-1.486,-3.46,0.63,1.75,0.21
,-8.985,-1.469,-3.9,-9.143,-1.407,-3.57,0.84,1.75,0.07
,-9.021,-1.606,-3.776,-9.11,-1.407,-3.556,1.82,2.17,0.42
,-9.036,-1.596,-3.544,-9.043,-1.347,-3.817,2.38,2.38,0.63
58608.0,-9.007,-1.522,-3.807,-8.938,-1.359,-4.3,0.14,2.59,0.7
,-8.947,-1.634,-3.91,-8.995,-1.326,-4.255,0.63,2.87,0.98
,-8.995,-1.519,-4.046,-8.947,-1.417,-4.243,2.31,2.87,1.19
,-8.995,-1.558,-4.176,-8.921,-1.479,-4.195,3.01,2.38,1.19
58684.0,-9.016,-1.488,-4.058,-9.083,-1.448,-3.542,3.08,0.91,1.26
,-9.014,-1.426,-3.972,-9.141,-1.321,-3.577,3.15,0.63,1.33
,-9.026,-1.455,-3.778,-9.069,-1.354,-3.589,3.15,0.56,1.4
,-9.064,-1.45,-3.606,-9.057,-1.469,-3.652,3.36,0.7,1.54
58760.0,-9.103,-1.443,-3.845,-9.045,-1.429,-3.987,1.68,1.4,1.4
,-9.076,-1.524,-3.793,-9.007,-1.469,-4.018,1.68,1.26,1.19
,-9.009,-1.393,-3.92,-9.057,-1.429,-4.003,1.75,1.4,1.4
,-9.043,-1.393,-3.97,-9.0,-1.374,-3.972,1.54,1.26,1.19
58836.0,-8.976,-1.4,-3.888,-9.05,-1.366,-3.843,2.45,0.77,1.75
,-9.024,-1.455,-3.841,-9.064,-1.371,-3.778,2.8,0.98,1.82
,-9.072,-1.381,-3.831,-9.031,-1.383,-3.778,3.22,0.63,1.75
,-9.117,-1.304,-3.805,-8.973,-1.414,-3.687,3.22,0.56,1.68
58911.0,-9.081,-1.352,-3.74,-9.074,-1.374,-3.793,1.75,0.77,1.33
,-9.081,-1.374,-3.786,-9.002,-1.429,-3.723,1.33,0.84,1.26
,-9.057,-1.426,-3.711,-9.064,-1.388,-3.795,0.91,0.98,1.26
,-9.074,-1.431,-3.707,-9.091,-1.424,-3.817,0.91,1.05,1.26
58987.0,-9.091,-1.4,-3.776,-8.949,-1.476,-4.051,1.05,1.12,1.12
,-9.143,-1.28,-3.917,-8.961,-1.567,-4.013,1.26,1.12,0.98
,-9.107,-1.314,-3.922,-8.995,-1.527,-3.903,0.56,0.84,0.91
,-8.961,-1.385,-4.013,-8.973,-1.359,-3.783,0.07,0.77,0.98
59062.0,-9.052,-1.385,-3.685,-9.098,-1.206,-3.819,2.66,0.84,1.75
,-9.014,-1.436,-3.458,-9.005,-1.34,-3.81,2.17,0.84,1.68
,-9.122,-1.364,-3.458,-8.971,-1.419,-3.707,1.89,0.91,1.68
,-9.203,-1.28,-3.731,-9.021,-1.541,-3.843,1.47,0.91,1.47
59138.0,-9.1,-1.467,-3.829,-8.995,-1.362,-3.685,0.98,1.12,1.54
,-9.162,-1.342,-3.764,-8.966,-1.342,-3.85,1.26,1.33,1.61
,-9.17,-1.271,-3.776,-9.052,-1.374,-4.063,1.12,1.33,1.68
,-9.184,-1.326,-3.733,-9.04,-1.429,-3.831,0.56,1.12,1.47
59214.0,-9.009,-1.409,-3.886,-9.088,-1.419,-3.747,0.21,1.19,1.82
,-9.019,-1.352,-4.015,-9.081,-1.345,-3.75,0.84,0.77,1.89
,-8.973,-1.381,-3.733,-9.057,-1.359,-3.616,0.49,0.7,2.03
,-9.074,-1.431,-3.731,-9.067,-1.307,-3.721,0.0,0.77,1.89
59290.0,-9.045,-1.254,-3.606,-9.076,-1.302,-3.542,-0.91,1.47,2.31
,-9.093,-1.352,-3.642,-9.143,-1.237,-3.623,-1.19,1.82,2.45
,-9.005,-1.285,-3.429,-9.074,-1.242,-3.685,-1.26,1.82,2.31
,-9.036,-1.364,-3.518,-9.083,-1.247,-3.683,-0.98,2.1,2.45
59366.0,-9.079,-1.263,-3.829,-9.095,-1.249,-3.898,-3.15,2.66,2.1
,-9.079,-1.309,-3.833,-9.072,-1.256,-3.941,-3.36,2.94,1.89
,-8.99,-1.292,-3.764,-8.997,-1.263,-3.946,-3.08,3.01,1.96
,-9.079,-1.261,-3.869,-8.935,-1.29,-3.862,-2.73,2.8,1.96
59441.0,-9.021,-1.271,-3.778,-9.091,-1.058,-3.515,-1.12,2.87,2.52
,-9.093,-1.268,-3.838,-9.134,-1.034,-3.458,-0.77,3.01,2.38
,-9.076,-1.182,-3.685,-9.107,-1.036,-3.343,-0.7,3.01,2.24
,-9.043,-1.122,-3.546,-9.11,-1.067,-3.412,-0.42,3.64,2.66
59517.0,-9.098,-1.17,-3.312,-9.031,-1.259,-3.714,-1.54,5.74,2.8
,-9.174,-1.249,-3.702,-8.954,-1.225,-3.652,-1.47,6.09,2.73
,-9.024,-1.323,-3.707,-8.973,-1.182,-3.63,-1.12,6.65,3.08
,-9.005,-1.29,-3.678,-9.103,-1.103,-3.79,-0.14,7.21,3.78
59593.0,-9.115,-1.06,-3.982,-8.835,-1.479,-4.116,0.21,8.19,3.71
,-8.981,-1.149,-4.195,-9.06,-1.311,-4.037,-0.63,8.12,3.64
,-8.76,-1.266,-4.264,-9.134,-1.017,-4.068,-1.96,7.84,3.71
,-8.686,-1.426,-4.188,-9.141,-0.754,-4.037,-1.05,7.91,4.34
59669.0,-9.174,-0.804,-4.03,-8.844,-0.814,-4.252,-3.85,6.3,2.8
,-9.146,-1.129,-3.908,-8.878,-0.522,-4.491,-7.0,6.3,2.17
,-8.995,-1.263,-3.786,-8.768,-0.648,-4.465,-6.93,6.44,2.17
,-9.105,-0.943,-4.293,-8.926,-0.881,-4.25,-3.92,5.81,2.1
59744.0,-9.167,-1.005,-4.078,-8.849,-1.098,-4.295,-2.59,4.55,1.54
,-9.069,-0.998,-3.865,-8.859,-1.216,-4.269,-1.47,4.9,0.91
,-9.002,-0.983,-3.786,-8.921,-1.113,-4.116,-1.12,4.55,0.56
,-8.945,-1.05,-3.905,-8.954,-1.106,-3.419,-3.22,2.87,0.21
59820.0,-9.115,-0.651,-3.197,-8.914,-1.117,-4.255,-2.45,5.95,0.35
,-8.99,-0.22,-3.455,-8.871,-1.792,-3.96,-2.45,4.69,-0.91
,-8.83,-0.203,-3.833,-8.631,-1.962,-3.025,-5.46,2.8,-1.61
,-8.926,-0.447,-4.226,-9.031,-1.589,-2.73,-9.73,2.38,-1.33
59895.0,-9.103,-1.271,-2.642,-8.483,-1.788,-4.176,3.15,11.13,0.28
,-9.119,-1.23,-3.005,-8.354,-1.682,-4.022,0.7,10.29,1.26
,-9.153,-1.326,-3.458,-8.655,-1.311,-3.702,-3.22,9.03,2.45
,-8.739,-1.539,-4.161,-8.753,-0.493,-3.821,-5.88,9.03,3.64
59971.0,-8.756,-0.184,-4.111,-9.332,-1.01,-3.831,10.57,13.23,3.22
,-8.705,-0.333,-4.219,-9.201,-1.024,-3.955,6.65,13.16,3.29
,-8.882,-0.818,-4.209,-8.897,-1.247,-3.833,3.43,14.56,3.92
,-9.131,-1.094,-4.03,-8.603,-1.34,-4.204,4.27,16.1,3.71
60047.0,-8.483,-1.374,-4.451,-8.827,-0.266,-4.85,1.26,18.41,2.87
,-8.303,-0.931,-4.329,-9.0,-0.218,-5.073,3.92,18.9,3.43
,-8.471,-0.388,-4.63,-8.993,-0.318,-5.006,4.97,18.97,2.59
,-8.428,-0.316,-4.743,-9.588,-0.567,-4.551,2.87,18.13,0.84
60123.0,-9.088,-0.572,-4.499,-8.44,-0.211,-5.212,0.98,17.01,-4.62
,-8.928,-0.72,-4.444,-8.464,-0.285,-5.434,1.05,16.03,-5.6
,-8.72,-0.629,-4.659,-8.569,-0.376,-5.343,1.33,16.1,-5.46
,-8.497,-0.433,-4.958,-8.693,-0.553,-5.291,3.01,17.15,-4.83
60198.0,-8.617,-0.775,-5.446,-8.418,-2.493,-4.91,0.0,15.05,-7.84
,-8.382,-0.962,-5.595,-8.442,-2.592,-4.87,-0.7,13.93,-8.61
,-8.229,-1.316,-5.372,-8.198,-2.525,-5.018,-1.68,13.86,-9.45
,-8.318,-2.032,-4.972,-7.944,-2.144,-5.281,-3.5,14.14,-9.52
60274.0,-8.05,-1.85,-5.212,-8.339,-1.019,-5.544,10.01,14.91,-0.7
,-8.485,-1.685,-5.317,-8.15,-1.058,-5.312,10.29,13.16,-0.35
,-8.679,-1.531,-5.487,-8.311,-1.675,-4.934,10.08,12.32,0.49
,-8.531,-1.307,-5.616,-8.655,-2.12,-4.771,10.64,12.6,2.1
60350.0,-8.536,-2.17,-4.893,-8.299,0.294,-5.786,8.4,11.9,5.25
,-8.361,-1.749,-5.219,-8.71,0.352,-5.477,11.27,11.06,6.37
,-8.026,-1.084,-5.532,-8.748,0.053,-5.243,14.07,10.57,5.04
,-8.138,-0.17,-5.798,-8.729,-0.318,-5.008,16.03,9.66,2.73
60426.0,-8.784,-0.754,-4.712,-8.023,-1.56,-5.348,5.04,12.53,-2.73
,-8.646,-0.916,-4.719,-8.093,-1.259,-5.867,7.42,12.18,-4.27
,-8.413,-1.101,-4.858,-8.138,-0.57,-6.262,9.66,11.55,-4.27
,-8.157,-1.35,-5.315,-8.375,-0.306,-6.344,11.48,11.55,-3.01
60502.0,-8.39,-0.852,-6.028,-8.782,-2.319,-5.379,12.67,7.56,-4.27
,-8.198,-1.065,-5.939,-8.22,-2.429,-5.403,10.15,6.93,-4.06
,-8.224,-1.541,-5.985,-8.21,-2.41,-5.535,8.54,7.07,-2.8
,-8.277,-2.017,-5.664,-7.964,-2.324,-5.867,9.1,6.72,-3.15
60577.0,-8.11,-1.802,-6.076,-8.447,-1.043,-6.327,18.41,4.97,0.84
,-8.064,-1.378,-6.382,-8.267,-1.204,-5.891,18.62,3.57,0.63
,-8.133,-1.187,-6.49,-8.258,-1.56,-5.252,17.29,2.45,0.84
,-8.332,-1.194,-6.379,-8.174,-2.067,-4.996,16.8,1.82,1.33
60653.0,-8.241,-2.142,-5.016,-8.057,-1.278,-5.745,11.9,1.12,2.94
,-7.837,-2.182,-5.267,-8.131,-1.24,-5.784,13.3,1.89,4.83
,-7.875,-1.893,-5.439,-8.143,-1.242,-5.757,13.86,1.47,5.46
,-7.995,-1.653,-5.554,-8.272,-1.452,-5.494,13.16,0.63,5.6
60728.0,-8.346,-1.508,-5.166,-8.796,-1.591,-6.016,6.58,-0.35,4.9
,-8.469,-1.677,-5.008,-7.925,-1.34,-5.808,6.3,-0.42,4.55
,-8.576,-1.697,-5.035,-8.232,-1.496,-5.642,5.46,-1.05,4.34
,-8.306,-1.809,-5.36,-8.421,-1.505,-5.535,5.53,-0.28,4.76
60804.0,-8.516,-1.089,-5.721,-8.203,-1.297,-5.408,6.58,-2.59,4.41
,-8.514,-1.144,-5.477,-8.21,-1.433,-5.386,5.88,-2.59,3.78
,-8.437,-1.395,-5.331,-8.287,-1.677,-5.386,4.76,-2.66,3.15
,-8.459,-1.158,-5.353,-8.399,-1.345,-5.391,4.83,-3.15,2.66
60880.0,-8.189,-1.699,-5.43,-8.143,-1.797,-5.37,3.71,-1.82,3.99
,-7.88,-1.747,-5.398,-8.457,-1.493,-5.195,4.76,-1.96,5.18
,-7.911,-1.783,-5.068,-8.495,-1.543,-4.953,3.78,-2.38,5.04
,-8.105,-2.225,-5.336,-8.411,-1.582,-4.941,4.06,-2.1,4.48
60956.0,-8.519,-1.615,-4.937,-8.212,-1.235,-5.128,5.67,-1.89,6.16
,-8.524,-1.79,-4.858,-8.15,-1.125,-5.231,4.55,-1.05,6.23
,-8.567,-1.713,-4.771,-8.366,-1.24,-5.243,4.83,-0.91,6.09
,-8.411,-1.455,-4.812,-8.519,-1.438,-5.106,4.55,-1.68,6.02
61031.0,-8.32,-1.57,-5.006,-8.385,-1.074,-5.188,3.85,-1.33,6.3
,-8.241,-1.814,-5.083,-8.466,-0.912,-5.243,4.41,-0.56,6.79
,-8.318,-1.89,-4.862,-8.689,-0.926,-5.15,5.11,0.28,6.93
,-8.344,-1.405,-5.08,-8.643,-1.084,-5.185,6.44,0.56,6.65
61107.0,-8.485,-1.225,-5.097,-8.392,-0.826,-5.255,3.43,1.47,4.13
,-8.284,-1.354,-5.037,-8.605,-0.536,-5.226,4.06,2.24,4.13
,-8.282,-1.163,-5.001,-8.452,-0.347,-5.276,5.04,2.52,3.92
,-8.172,-1.012,-5.059,-8.358,-0.507,-5.291,4.97,2.45,3.36
61183.0,-8.538,-0.704,-5.121,-8.54,-1.086,-5.197,3.29,3.29,-1.05
,-8.457,-0.818,-4.984,-8.416,-1.115,-5.188,3.57,3.71,-2.1
,-8.342,-1.046,-4.937,-8.189,-1.086,-5.281,3.78,4.55,-3.29
,-8.461,-1.141,-5.044,-8.239,-0.864,-5.628,4.62,5.6,-4.27
61259.0,-8.452,-0.993,-5.709,-8.031,-2.343,-5.252,3.78,5.39,-6.09
,-8.547,-1.429,-5.54,-8.09,-2.429,-5.284,3.15,5.6,-6.16
,-8.39,-1.797,-5.231,-8.184,-2.123,-5.367,3.71,5.95,-5.53
,-8.169,-2.106,-5.128,-8.394,-1.941,-5.568,3.85,5.74,-4.9
61335.0,-8.581,-1.926,-5.659,-8.354,-2.434,-5.47,5.18,6.51,-4.06
,-8.49,-1.898,-5.631,-8.457,-2.587,-5.348,3.92,5.88,-3.92
,-8.15,-2.012,-5.65,-8.464,-2.321,-5.422,2.87,5.46,-3.15
,-8.16,-2.07,-5.772,-8.301,-2.032,-5.609,1.05,5.46,-2.31
61410.0,-8.095,-2.144,-5.542,-8.102,-1.749,-5.552,0.07,3.43,1.68
,-8.181,-2.192,-5.508,-8.162,-1.797,-5.583,-1.33,3.08,2.8
,-8.196,-1.969,-5.561,-8.449,-1.68,-5.578,-1.26,2.17,3.78
,-8.157,-1.732,-5.401,-8.502,-1.441,-5.657,-0.91,1.75,5.04
61486.0,-8.547,-1.134,-5.705,-7.99,-0.888,-5.549,0.7,1.61,7.49
,-8.492,-1.086,-5.461,-8.098,-1.11,-5.552,0.35,2.17,7.28
,-8.406,-1.134,-5.14,-8.145,-1.29,-5.508,-2.03,1.26,7.07
,-8.375,-0.806,-5.281,-8.394,-1.204,-5.499,-4.2,-0.98,7.42
61561.0,-8.514,-1.077,-5.322,-8.256,-0.689,-5.633,-8.68,-0.98,9.87
,-8.507,-0.833,-5.487,-7.976,-1.091,-5.552,-7.63,-0.91,9.73
,-8.488,-0.665,-5.592,-7.978,-1.242,-5.497,-7.56,-1.05,9.1
,-8.593,-0.625,-5.394,-8.32,-1.137,-5.456,-8.19,-2.73,8.33
61637.0,-8.507,-0.859,-5.494,-8.366,-0.689,-5.31,-7.84,-3.85,6.09
,-8.581,-0.56,-5.511,-8.392,-1.259,-5.24,-6.86,-3.29,5.25
,-8.641,-0.433,-5.499,-8.533,-0.708,-6.449,-6.51,-3.29,4.13
,-8.567,-0.385,-5.374,-8.258,-0.806,-5.717,-7.63,-2.66,3.15
61713.0,-8.39,-0.742,-5.319,-8.224,-0.625,-5.535,-0.63,-4.76,0.28
,-8.83,-0.426,-4.925,-8.1,-1.086,-5.65,-0.07,-5.32,-1.47
,-8.677,-0.084,-5.202,-7.992,-1.773,-5.511,-0.35,-6.86,-4.06
,-8.332,-0.313,-5.468,-8.385,-2.381,-5.267,-3.85,-6.65,-5.74
61789.0,-8.576,-2.295,-5.243,-8.464,-1.859,-5.061,-1.75,-7.14,-4.34
,-8.313,-1.799,-5.322,-8.433,-1.699,-5.331,2.8,-7.84,-2.24
,-8.112,-1.455,-5.3,-8.421,-1.508,-5.334,3.92,-7.7,-0.14
,-8.167,-1.687,-5.15,-8.366,-1.268,-5.214,1.68,-7.7,0.77
61864.0,-8.701,-1.694,-4.882,-8.361,-0.945,-5.159,0.14,-6.44,4.69
,-8.547,-0.5,-5.092,-8.516,-1.374,-4.712,2.17,-6.37,4.27
,-8.717,-0.531,-5.181,-8.648,-1.414,-5.044,1.26,-7.21,4.06
,-8.562,-0.632,-5.269,-8.332,-1.084,-5.085,-2.17,-7.7,3.85
61940.0,-8.258,-0.967,-5.14,-8.495,-1.103,-5.047,0.14,-12.67,1.61
,-8.299,-0.895,-5.044,-8.536,-1.359,-4.87,-0.42,-12.25,2.24
,-8.638,-0.955,-4.893,-8.557,-1.309,-4.939,-2.87,-12.25,2.73
,-8.574,-1.043,-4.992,-8.55,-1.275,-4.793,-5.32,-12.67,2.73
62015.0,-8.6,-1.084,-4.762,-8.543,-0.459,-5.109,0.21,-8.96,5.53
,-8.705,-0.799,-4.846,-8.43,-0.625,-4.858,2.17,-8.47,6.37
,-8.875,-0.455,-4.817,-8.543,-0.782,-4.544,2.52,-8.75,6.02
,-8.466,-0.426,-4.834,-8.861,-0.687,-4.633,0.7,-9.03,6.09
62091.0,-8.737,-0.433,-4.769,-8.842,-1.388,-4.566,0.77,-8.89,0.98
,-8.813,-0.27,-4.652,-9.05,-1.457,-4.456,-0.28,-9.8,0.49
,-8.574,-0.388,-4.949,-8.737,-1.385,-4.523,-3.71,-10.85,-0.91
,-8.574,-0.967,-4.793,-8.583,-1.278,-4.484,-6.86,-10.71,-1.47
62167.0,-8.83,-1.374,-4.322,-8.526,-0.861,-4.48,-3.01,-14.98,-1.54
,-8.643,-1.242,-4.393,-8.76,-0.806,-4.317,-3.57,-16.1,-1.33
,-8.464,-1.168,-4.262,-9.043,-0.692,-4.101,-3.01,-15.05,-0.84
,-8.559,-0.972,-4.307,-9.0,-0.503,-4.159,-1.26,-13.86,-0.77
62243.0,-8.909,-0.34,-4.137,-9.11,-0.768,-3.764,1.26,-9.87,-1.26
,-8.861,-0.333,-3.955,-9.043,-0.68,-4.015,-0.07,-8.47,-1.68
,-8.966,-0.519,-3.819,-8.72,-1.0,-4.228,-1.96,-7.98,-1.54
,-9.026,-0.699,-3.965,-8.512,-1.082,-4.039,-2.17,-7.35,-1.68
62319.0,-8.598,-1.01,-3.912,-8.823,-1.055,-3.975,0.21,-6.51,-2.17
,-8.875,-0.84,-3.898,-8.693,-1.529,-3.613,1.54,-6.65,-2.45
,-9.076,-0.663,-4.106,-8.894,-1.673,-3.709,0.21,-7.84,-3.43
,-9.014,-0.73,-3.951,-8.961,-1.421,-3.577,-1.96,-8.05,-3.15
62394.0,-9.134,-0.895,-3.63,-8.734,-0.988,-4.013,4.2,-5.53,0.28
,-9.194,-0.622,-3.75,-8.842,-1.053,-4.125,3.5,-5.46,0.42
,-9.117,-0.663,-3.8,-8.961,-0.924,-4.104,1.96,-5.11,0.42
,-8.976,-0.871,-4.089,-9.093,-0.759,-3.836,0.56,-4.97,-0.07
62470.0,-9.069,-0.677,-3.752,-8.849,-1.022,-4.329,3.71,-4.69,-0.56
,-9.026,-0.66,-3.609,-8.823,-1.242,-4.288,2.66,-3.99,-0.91
,-9.019,-0.672,-3.508,-8.875,-1.395,-4.068,2.03,-3.5,-0.98
,-9.04,-0.763,-4.147,-8.99,-1.098,-4.235,-0.28,-4.76,-1.68
62546.0,-8.871,-0.735,-3.836,-9.148,-0.969,-4.066,6.44,-4.48,-0.7
,-8.899,-0.328,-3.924,-9.005,-0.964,-3.979,4.9,-4.9,-0.7
,-8.978,-0.522,-3.766,-8.959,-0.861,-3.831,1.75,-4.48,-0.77
,-9.155,-0.778,-3.743,-8.952,-0.84,-3.51,0.63,-4.34,-0.91
62622.0,-9.249,-0.579,-3.379,-8.782,-1.316,-4.334,7.28,-1.47,-0.28
,-9.351,-0.617,-3.896,-8.854,-1.452,-4.312,4.76,-2.94,-1.82
,-9.091,-0.763,-3.984,-8.964,-1.326,-3.989,0.84,-3.92,-2.1
,-8.938,-0.914,-4.434,-9.009,-1.005,-3.609,-1.4,-4.34,-1.61
62697.0,-9.127,-0.89,-3.501,-8.983,-0.804,-3.666,7.07,-2.45,0.14
,-9.206,-0.869,-3.264,-8.99,-0.675,-3.86,5.81,-1.89,0.35
,-9.337,-0.948,-3.41,-9.007,-0.675,-3.989,4.69,-1.82,0.14
,-9.239,-0.928,-3.613,-9.014,-0.754,-4.049,3.85,-2.03,-0.14
62773.0,-8.945,-0.876,-3.826,-9.198,-0.754,-3.532,2.66,-1.05,-0.35
,-9.074,-0.998,-3.427,-9.107,-0.658,-3.757,3.71,0.0,0.07
,-9.294,-1.05,-3.273,-8.916,-0.909,-4.056,5.18,0.63,-0.21
,-9.38,-0.933,-3.463,-8.782,-1.23,-3.9,5.6,0.56,-0.56
62848.0,-8.871,-1.594,-3.561,-9.22,-0.371,-4.429,2.1,1.61,0.07
,-9.27,-1.594,-3.3,-8.815,-0.584,-4.75,5.88,2.73,0.84
,-9.474,-1.254,-3.168,-8.55,-1.153,-4.755,9.59,3.22,1.33
,-9.675,-0.682,-3.932,-8.636,-1.488,-4.614,9.87,2.03,0.7
62924.0,-8.871,-1.491,-4.056,-9.014,-0.481,-4.389,7.35,0.63,0.42
,-9.244,-1.173,-3.592,-8.579,-1.005,-4.125,10.15,0.7,0.77
,-9.533,-0.739,-3.606,-8.533,-1.519,-3.69,10.43,-0.14,0.42
,-9.474,-0.462,-4.113,-8.804,-1.555,-3.204,6.93,-1.96,-0.91
63000.0,-9.292,-1.23,-2.759,-9.072,-1.043,-3.106,6.72,1.54,0.42
,-9.562,-0.79,-2.41,-8.861,-1.536,-3.281,7.14,2.03,0.56
,-9.648,-0.503,-2.73,-8.981,-1.567,-3.317,4.2,1.82,-0.42
,-9.356,-0.586,-2.948,-9.122,-1.228,-3.439,0.0,2.17,-0.91
63076.0,-9.335,-0.905,-3.745,-8.679,-1.287,-4.757,8.82,6.72,1.19
,-9.27,-0.905,-4.223,-8.801,-1.371,-4.429,7.91,5.81,0.77
,-9.107,-0.995,-4.417,-8.954,-1.225,-4.082,7.07,5.11,0.91
,-8.823,-1.153,-4.731,-9.186,-1.053,-3.946,6.93,4.48,1.12
63152.0,-9.284,-0.833,-3.738,-8.933,-1.062,-4.049,14.0,4.34,1.96
,-9.239,-0.629,-3.786,-8.899,-1.273,-3.941,11.83,3.78,1.47
,-9.189,-0.708,-3.934,-9.129,-1.149,-3.848,8.61,3.29,0.49
,-9.062,-0.811,-4.111,-9.203,-1.053,-3.903,6.02,3.15,0.0
63227.0,-9.174,-0.866,-3.967,-8.957,-1.22,-3.879,5.32,3.15,-0.14
,-9.036,-0.921,-3.987,-9.016,-1.292,-3.711,3.29,2.94,-0.35
,-8.954,-1.058,-4.013,-9.148,-1.165,-3.637,1.68,2.59,-0.7
,-8.938,-1.192,-4.03,-9.167,-1.019,-3.51,1.61,2.73,-0.63
63303.0,-9.244,-1.027,-3.714,-8.973,-1.39,-4.101,3.15,3.36,-0.49
,-9.143,-0.979,-3.783,-9.0,-1.256,-4.147,2.1,3.08,-0.84
,-8.99,-1.125,-3.877,-9.038,-1.072,-4.204,1.19,3.08,-0.98
,-8.928,-1.307,-3.939,-9.05,-1.079,-4.305,1.33,3.43,-0.84
63379.0,-9.007,-1.031,-4.381,-9.062,-1.192,-4.051,4.27,2.38,-0.28
,-8.911,-1.23,-4.314,-9.033,-1.168,-3.958,3.57,2.1,-0.28
,-8.863,-1.285,-4.252,-9.033,-1.082,-3.86,3.5,1.68,-0.42
,-8.94,-1.268,-4.195,-9.007,-1.106,-3.807,3.71,1.68,-0.28
63455.0,-9.091,-1.129,-3.714,-8.954,-1.295,-4.046,-0.49,1.19,-0.7
,-9.11,-1.101,-3.788,-8.923,-1.388,-4.089,-0.63,1.26,-0.63
,-9.081,-1.201,-3.872,-8.971,-1.366,-4.02,-0.63,1.26,-0.7
,-9.012,-1.242,-3.979,-9.026,-1.249,-4.116,-0.07,1.4,-0.35
63530.0,-9.0,-1.165,-4.085,-8.976,-1.295,-3.965,4.76,1.4,0.98
,-9.024,-1.141,-4.121,-8.983,-1.266,-3.848,4.41,0.91,0.91
,-9.016,-1.163,-4.092,-9.081,-1.199,-3.783,4.27,0.77,1.05
,-8.949,-1.297,-4.104,-9.162,-1.074,-3.838,4.55,0.91,1.12
63606.0,-9.179,-0.928,-3.857,-8.89,-1.254,-3.955,6.65,1.19,1.33
,-9.105,-0.845,-3.898,-9.076,-1.263,-3.884,4.97,0.98,0.98
,-8.957,-0.948,-4.022,-9.129,-1.074,-3.821,3.08,0.77,0.56
,-8.871,-1.173,-4.022,-9.141,-1.05,-3.836,2.17,0.84,0.49
63681.0,-9.064,-1.043,-3.802,-8.938,-1.378,-4.02,2.38,1.05,0.35
,-9.11,-1.098,-3.929,-8.933,-1.498,-3.898,1.54,0.91,-0.07
,-9.06,-1.089,-4.128,-9.16,-1.22,-4.092,1.26,0.77,-0.21
,-8.904,-1.173,-4.18,-9.129,-0.938,-4.078,0.77,0.49,-0.21
63757.0,-8.952,-0.976,-4.056,-9.1,-1.12,-3.929,2.45,-0.07,0.07
,-8.916,-1.175,-4.087,-9.028,-1.082,-3.783,1.26,-0.07,-0.07
,-8.973,-1.321,-3.91,-9.069,-1.201,-3.683,2.03,0.49,0.21
,-9.043,-1.225,-3.91,-9.098,-1.125,-3.637,3.43,0.56,0.42
63833.0,-9.098,-1.067,-3.74,-8.926,-1.333,-3.955,3.22,0.91,0.21
,-9.117,-1.043,-3.807,-8.921,-1.225,-4.008,2.24,1.12,0.0
,-9.04,-1.173,-3.975,-9.005,-1.23,-3.903,1.05,0.84,-0.21
,-9.021,-1.33,-3.91,-9.033,-1.192,-3.932,0.91,0.91,-0.21
63909.0,-9.057,-1.132,-3.896,-8.988,-1.302,-3.917,3.57,1.19,0.28
,-9.153,-1.103,-4.003,-9.016,-1.292,-3.948,3.29,1.12,0.35
,-9.067,-1.163,-3.951,-9.04,-1.254,-3.982,2.66,1.05,0.07
,-8.976,-1.259,-3.843,-8.961,-1.165,-3.944,2.66,1.26,0.21
63985.0,-8.964,-1.201,-3.953,-9.014,-1.22,-4.051,3.71,1.19,0.35
,-9.05,-1.208,-3.936,-8.997,-1.263,-3.999,3.85,1.12,0.49
,-9.093,-1.125,-3.975,-8.988,-1.338,-3.948,3.71,1.05,0.56
,-9.069,-1.113,-3.989,-9.009,-1.307,-3.946,3.15,0.91,0.49
64060.0,-9.028,-1.242,-3.915,-9.021,-1.187,-3.915,3.92,0.7,0.63
,-9.062,-1.208,-3.853,-9.028,-1.259,-3.941,4.06,0.77,0.63
,-9.112,-1.206,-3.838,-9.019,-1.256,-3.9,3.85,0.77,0.56
,-9.086,-1.173,-3.836,-9.067,-1.237,-3.908,3.64,0.77,0.63
64136.0,-9.069,-1.22,-3.888,-9.024,-1.184,-3.833,4.06,1.12,0.63
,-9.019,-1.232,-3.807,-9.045,-1.206,-3.867,3.71,1.05,0.63
,-9.031,-1.177,-3.793,-9.009,-1.244,-3.888,3.57,0.98,0.63
,-9.043,-1.223,-3.814,-8.976,-1.338,-3.623,3.43,1.05,0.56
64212.0,-9.062,-1.213,-3.872,-9.014,-1.201,-4.056,3.36,1.47,0.63
,-9.11,-1.228,-3.893,-8.964,-1.251,-4.078,3.64,1.54,0.63
,-9.048,-1.194,-3.96,-8.933,-1.292,-3.939,3.36,1.26,0.56
,-9.043,-1.22,-4.044,-9.021,-1.302,-3.819,3.43,0.98,0.56
64288.0,-9.074,-1.196,-3.841,-8.99,-1.338,-3.872,3.71,0.84,0.56
,-9.107,-1.156,-3.85,-9.04,-1.285,-3.922,3.57,0.77,0.56
,-9.086,-1.182,-3.833,-9.024,-1.275,-3.821,2.87,0.77,0.42
,-9.014,-1.266,-3.877,-9.019,-1.251,-3.836,2.24,0.7,0.28
64363.0,-9.026,-1.225,-3.788,-9.031,-1.187,-3.869,3.78,1.19,0.84
,-9.127,-1.149,-3.752,-9.009,-1.271,-3.79,3.64,1.54,0.77
,-9.115,-1.151,-3.802,-8.959,-1.378,-3.764,2.94,1.33,0.49
,-9.052,-1.196,-3.848,-9.0,-1.251,-3.848,2.38,1.19,0.35
64439.0,-9.143,-1.213,-3.92,-8.976,-1.33,-4.073,2.66,1.19,0.35
,-9.055,-1.139,-3.951,-9.05,-1.345,-4.104,2.17,1.26,0.35
,-9.026,-1.23,-4.066,-9.028,-1.271,-4.034,1.4,1.05,0.21
,-8.995,-1.287,-4.039,-9.062,-1.232,-3.958,1.33,0.98,0.21
64514.0,-9.005,-1.259,-3.891,-8.973,-1.345,-3.896,1.68,0.49,0.49
,-9.052,-1.23,-3.877,-9.076,-1.318,-3.915,1.68,0.42,0.42
,-9.033,-1.189,-3.824,-9.086,-1.297,-3.833,1.82,0.35,0.42
,-8.99,-1.33,-3.884,-9.074,-1.278,-3.709,1.47,0.14,0.28
64590.0,-9.079,-1.22,-3.793,-9.009,-1.381,-4.116,1.54,0.28,0.63
,-9.076,-1.204,-3.941,-9.026,-1.297,-4.156,1.05,0.21,0.56
,-8.995,-1.254,-3.999,-9.098,-1.29,-4.135,1.12,-0.07,0.56
,-9.024,-1.271,-4.02,-9.009,-1.323,-3.946,1.47,-0.28,0.63
64666.0,-9.141,-1.161,-3.881,-9.079,-1.314,-3.778,3.85,-0.35,1.4
,-9.081,-1.189,-4.109,-9.036,-1.421,-3.69,3.36,-0.84,1.12
,-9.05,-1.151,-3.86,-8.969,-1.462,-3.585,2.66,-0.91,1.19
,-9.086,-1.216,-3.869,-9.04,-1.335,-3.821,2.24,-0.56,1.12
64742.0,-9.158,-1.283,-3.836,-8.993,-1.266,-3.905,3.08,-0.21,1.75
,-9.131,-1.182,-3.833,-9.016,-1.429,-3.788,2.73,-0.49,1.61
,-9.081,-1.129,-3.79,-9.043,-1.338,-3.781,2.45,-0.49,1.82
,-9.04,-1.314,-3.991,-9.016,-1.237,-3.798,0.98,-0.77,1.54
64817.0,-9.107,-1.23,-3.805,-9.088,-1.208,-3.666,3.43,-0.77,2.17
,-9.117,-1.177,-3.606,-9.057,-1.254,-3.699,3.22,-0.7,2.24
,-9.155,-1.23,-3.606,-9.007,-1.242,-3.673,2.73,-0.7,2.24
,-9.088,-1.168,-3.601,-9.072,-1.275,-3.726,2.73,-0.63,2.1
64893.0,-9.048,-1.321,-3.757,-9.222,-1.098,-3.714,2.38,-0.21,1.96
,-9.06,-1.299,-3.69,-9.086,-1.161,-3.716,3.15,0.28,2.31
,-9.127,-1.247,-3.613,-9.033,-1.275,-3.711,4.06,0.63,2.52
,-9.136,-1.17,-3.618,-8.995,-1.304,-3.601,4.62,0.7,2.66
64969.0,-9.04,-1.275,-3.563,-9.206,-0.859,-3.355,3.64,1.33,2.87
,-9.103,-1.137,-3.388,-9.167,-0.979,-3.676,4.27,1.96,3.15
,-9.253,-1.0,-3.372,-8.971,-1.211,-3.733,4.13,1.96,3.01
,-9.27,-0.905,-3.338,-8.904,-1.457,-3.745,2.94,2.17,2.59
65045.0,-8.899,-1.455,-3.623,-9.229,-0.988,-3.281,0.35,3.85,2.73
,-9.026,-1.235,-3.64,-9.206,-0.974,-3.034,2.45,4.34,3.01
,-9.115,-1.084,-3.345,-9.351,-0.761,-3.049,2.94,4.83,3.29
,-9.265,-0.972,-3.276,-9.155,-0.519,-3.144,2.38,5.46,3.5
65121.0,-8.954,-0.481,-2.972,-9.217,-1.393,-3.424,-2.38,7.7,0.63
,-8.892,-0.727,-2.869,-8.851,-1.165,-3.769,-7.0,8.26,0.42
,-9.127,-1.06,-2.862,-8.914,-0.814,-3.826,-10.22,9.24,0.0
,-9.275,-1.357,-2.989,-9.115,-0.476,-4.049,-11.2,10.01,-0.21
65196.0,-9.308,-0.677,-3.726,-9.174,-0.357,-3.747,-11.9,9.59,-2.03
,-9.294,-0.084,-4.034,-9.012,-0.95,-3.051,-9.94,8.75,-2.8
,-9.005,0.187,-4.025,-9.213,-1.158,-3.044,-10.99,7.84,-3.92
,-8.813,-0.005,-3.515,-9.031,-1.431,-3.4,-12.67,8.82,-4.48
65272.0,-8.832,-1.924,-3.262,-8.768,-2.608,-4.372,-25.97,7.84,-7.77
,-8.497,-2.398,-4.276,-8.813,-2.204,-3.726,-27.51,7.98,-6.65
,-8.232,-2.747,-4.685,-9.122,-1.299,-3.68,-23.45,9.59,-3.85
,-8.44,-2.723,-4.271,-9.014,-0.524,-4.226,-15.82,12.95,0.0
65347.0,-8.899,-0.194,-4.53,-8.981,-0.888,-4.008,10.29,13.65,6.3
,-8.959,-0.318,-5.068,-8.909,-0.634,-4.14,4.76,11.55,6.02
,-8.851,-0.553,-5.19,-8.71,-0.352,-4.523,0.14,10.85,4.97
,-8.902,-0.921,-4.542,-8.71,-0.333,-5.133,-2.94,12.04,2.73
65423.0,-8.588,-0.828,-5.516,-9.064,-0.445,-4.731,-9.38,8.68,0.91
,-8.562,-1.57,-5.446,-8.873,-0.38,-4.59,-7.91,9.8,1.68
,-8.827,-1.749,-4.898,-8.428,-1.01,-4.326,-0.77,11.27,1.89
,-9.019,-1.17,-4.707,-8.394,-2.0,-3.817,7.49,10.78,1.19
65499.0,-8.856,-2.142,-3.888,-8.555,-1.285,-3.936,-1.61,10.85,-0.28
,-8.928,-1.804,-3.874,-8.985,-1.101,-3.927,3.57,11.2,0.91
,-8.827,-1.462,-3.814,-9.074,-0.622,-4.353,7.0,10.85,2.1
,-8.478,-1.261,-3.85,-8.983,-0.321,-4.666,9.24,10.85,3.36
65575.0,-8.842,-0.302,-4.874,-8.361,-0.44,-4.81,6.3,9.59,2.31
,-8.323,-0.682,-5.027,-8.653,-0.414,-4.795,2.1,10.15,1.33
,-8.437,-0.972,-4.752,-8.543,-0.773,-4.726,0.21,11.06,0.28
,-8.82,-0.883,-4.669,-8.674,-1.395,-4.456,1.12,10.57,-0.56
65650.0,-8.777,-1.907,-4.247,-8.5,-0.61,-4.74,2.1,14.56,0.7
,-8.772,-2.036,-4.223,-8.469,-0.127,-4.917,7.07,15.75,1.96
,-8.636,-1.577,-4.475,-8.492,0.024,-4.872,12.67,15.75,2.94
,-8.562,-1.027,-4.633,-8.775,-0.081,-4.726,15.54,14.98,3.5
65726.0,-8.837,-0.299,-4.819,-8.504,-1.773,-4.468,1.33,13.3,-3.15
,-8.775,-0.488,-4.846,-8.279,-1.823,-4.834,-1.05,12.88,-3.43
,-8.782,-0.926,-4.659,-8.114,-2.008,-4.939,-2.31,13.51,-3.22
,-8.763,-1.5,-4.42,-8.22,-1.936,-5.004,-1.61,14.14,-3.5
65802.0,-8.509,-1.527,-5.126,-8.394,-0.223,-5.401,13.93,12.6,1.26
,-8.476,-0.95,-5.183,-8.449,-0.68,-5.075,14.7,11.9,0.56
,-8.55,-0.23,-5.329,-8.346,-1.029,-4.937,13.51,11.27,-0.56
,-8.406,0.067,-5.564,-8.538,-1.213,-4.633,8.89,10.85,-1.89
65878.0,-8.734,-1.192,-4.783,-8.464,-1.706,-5.106,7.63,13.65,-2.66
,-8.514,-1.196,-5.157,-8.208,-1.634,-5.367,9.8,13.3,-2.17
,-8.454,-1.56,-5.145,-7.928,-1.39,-5.774,10.71,13.72,-1.82
,-8.705,-1.761,-4.975,-7.906,-1.149,-5.848,11.34,13.65,-1.61
65954.0,-8.325,-1.113,-5.884,-8.279,-1.788,-5.511,13.93,11.27,1.05
,-8.737,-1.266,-5.286,-8.071,-2.17,-5.391,12.18,11.55,0.35
,-8.72,-1.278,-5.42,-8.093,-2.242,-5.274,12.18,10.71,0.49
,-8.595,-1.378,-5.487,-8.452,-1.965,-5.396,11.97,10.29,1.33
66029.0,-8.313,-1.407,-5.805,-8.562,-0.976,-5.69,23.45,6.65,3.85
,-8.478,-1.027,-6.169,-8.179,-1.163,-5.745,23.59,4.48,3.64
,-8.394,-0.936,-6.054,-8.358,-1.072,-5.628,20.79,4.55,3.5
,-8.473,-1.024,-5.683,-8.38,-1.156,-5.602,17.15,4.9,4.41
66105.0,-8.222,-1.457,-5.681,-8.265,-0.723,-6.229,12.95,2.03,1.89
,-8.421,-1.443,-5.721,-8.334,-0.038,-6.394,12.74,1.12,1.61
,-8.107,-1.476,-5.889,-8.344,-0.316,-6.171,14.49,-0.07,1.68
,-8.167,-1.29,-6.123,-8.526,-0.682,-5.709,15.33,-0.21,2.24
66180.0,-8.435,-0.897,-5.53,-7.956,-1.644,-5.221,5.88,-3.92,-0.7
,-8.136,-1.809,-5.023,-8.291,-1.129,-5.492,4.55,-3.57,-0.28
,-8.172,-2.553,-5.09,-8.55,-1.417,-5.14,3.99,-3.08,0.84
,-7.956,-2.398,-4.7,-8.732,-1.644,-4.896,6.93,-2.8,1.96
66256.0,-8.457,-1.931,-5.018,-8.404,-1.694,-5.516,5.74,-3.85,1.54
,-8.318,-2.221,-5.152,-8.387,-1.345,-5.824,7.28,-2.38,2.31
,-8.488,-2.288,-5.252,-8.457,-1.117,-5.633,9.1,-2.1,2.03
,-8.421,-1.981,-5.566,-8.425,-1.948,-5.609,11.06,-1.47,2.45
66332.0,-8.351,-2.132,-5.451,-8.488,-2.479,-4.98,5.88,-4.41,4.76
,-7.995,-2.371,-5.303,-8.61,-2.077,-4.891,7.28,-5.46,6.44
,-7.952,-2.364,-5.406,-8.571,-1.316,-5.111,8.75,-5.46,7.77
,-8.648,-3.106,-5.152,-8.464,-0.854,-5.221,6.79,-4.69,7.7
66408.0,-8.727,-1.01,-4.944,-8.229,-1.706,-4.709,5.53,-8.05,9.17
,-8.806,-1.029,-4.848,-8.141,-1.567,-4.953,4.9,-8.26,8.26
,-8.643,-1.232,-4.956,-8.169,-1.393,-4.965,4.27,-7.98,8.12
,-8.533,-1.424,-4.764,-8.425,-1.328,-4.843,4.13,-7.77,8.47
66483.0,-8.583,-1.223,-4.743,-8.413,-1.247,-4.597,4.76,-7.0,9.52
,-8.77,-1.144,-4.743,-8.38,-1.491,-4.499,4.55,-6.65,8.54
,-8.914,-1.079,-4.664,-8.562,-1.376,-4.444,4.27,-6.16,7.42
,-8.648,-1.101,-4.688,-8.792,-0.955,-4.597,4.13,-5.53,6.51
66559.0,-8.574,-0.818,-4.712,-8.725,-0.828,-4.908,5.95,-1.33,6.09
,-8.495,-1.036,-4.551,-8.662,-0.747,-5.004,5.11,-0.91,5.81
,-8.531,-1.06,-4.59,-8.614,-0.613,-4.838,5.11,0.14,5.6
,-8.626,-1.012,-4.63,-8.418,-0.727,-4.951,5.67,1.33,5.11
66635.0,-8.476,-0.723,-5.025,-8.598,-1.302,-4.506,4.97,2.17,0.84
,-8.612,-0.467,-5.023,-8.593,-1.395,-4.683,5.25,2.73,-0.28
,-8.722,-0.622,-4.901,-8.471,-1.486,-4.606,4.34,3.22,-1.54
,-8.765,-1.003,-4.726,-8.239,-1.419,-4.547,4.06,4.27,-2.38
66711.0,-8.392,-1.192,-4.623,-8.464,-1.103,-4.901,9.24,7.42,-4.13
,-8.868,-1.012,-4.855,-8.394,-1.572,-4.52,8.54,7.42,-5.25
,-9.045,-0.986,-4.946,-8.387,-2.065,-4.436,7.91,7.07,-5.74
,-8.703,-1.115,-4.826,-8.217,-2.331,-4.422,8.33,7.63,-5.6
66787.0,-8.105,-2.099,-4.795,-8.612,-2.95,-4.953,10.85,10.08,-3.01
,-8.454,-1.742,-5.037,-8.466,-3.108,-4.709,12.39,10.36,-2.8
,-8.543,-1.821,-5.331,-8.332,-2.73,-4.764,12.11,9.87,-2.59
,-8.643,-2.424,-5.178,-8.492,-2.044,-4.755,10.5,10.01,-1.61
66862.0,-8.483,-1.417,-5.118,-8.617,-0.316,-5.53,17.5,11.69,3.78
,-8.449,-1.01,-5.492,-8.488,-0.048,-5.662,15.89,10.92,3.43
,-8.715,-0.857,-5.48,-8.581,0.01,-5.879,13.16,10.99,3.57
,-8.804,-0.639,-5.334,-8.741,-0.371,-5.757,9.87,10.22,3.08
66938.0,-8.744,-0.653,-5.654,-8.095,-2.257,-5.561,-4.27,4.76,-3.64
,-8.306,-1.05,-5.52,-8.37,-2.632,-5.341,-6.16,4.13,-3.43
,-8.126,-1.429,-5.439,-8.464,-2.728,-5.334,-7.49,3.5,-2.66
,-8.086,-1.687,-5.535,-8.416,-2.627,-5.382,-9.59,2.73,-1.47
67013.0,-8.425,-2.273,-5.267,-8.442,-0.852,-5.331,-10.57,2.73,4.48
,-8.234,-2.051,-5.236,-8.275,-0.51,-5.552,-10.92,3.36,5.81
,-8.361,-1.912,-5.078,-8.258,-0.591,-5.41,-10.85,2.8,7.0
,-8.421,-1.285,-5.245,-8.512,-0.66,-5.528,-9.59,1.4,7.7
67089.0,-8.753,-0.763,-5.367,-8.284,-1.225,-5.255,-17.57,-0.7,3.64
,-8.717,-0.541,-5.566,-8.351,-1.127,-5.497,-15.33,-2.1,3.15
,-8.428,-0.641,-5.659,-8.423,-0.823,-5.511,-14.21,-2.17,3.08
,-8.346,-0.744,-5.793,-8.411,-0.701,-5.437,-13.09,-1.89,2.31
67165.0,-8.473,-0.55,-5.319,-8.244,-1.9,-5.604,-3.36,-4.62,-2.8
,-8.476,-0.651,-5.47,-8.27,-2.254,-5.437,-6.44,-3.92,-3.36
,-8.571,-1.146,-5.166,-8.509,-2.508,-5.063,-11.06,-3.64,-3.08
,-8.368,-1.613,-5.372,-8.339,-2.582,-5.068,-13.37,-4.34,-2.17
67241.0,-8.088,-2.142,-5.068,-8.614,-0.761,-5.575,-0.7,-7.63,0.35
,-8.045,-1.89,-5.106,-8.509,-0.689,-5.47,1.19,-7.63,1.33
,-8.277,-1.512,-5.279,-8.39,-0.739,-5.638,1.19,-8.33,2.66
,-8.72,-1.077,-5.494,-8.416,-1.189,-5.157,0.28,-7.91,4.41
67316.0,-8.909,-1.57,-4.879,-8.346,-0.766,-5.382,-9.1,-6.72,4.55
,-8.775,-1.711,-5.202,-8.504,-0.507,-5.377,-8.19,-9.24,5.39
,-8.459,-1.685,-5.391,-8.404,-0.653,-5.394,-5.88,-10.36,5.74
,-8.337,-1.024,-5.365,-8.452,-0.725,-5.039,-0.63,-11.13,5.39
67392.0,-8.421,-0.893,-4.817,-8.586,-0.409,-4.843,-5.04,-9.73,4.2
,-8.751,-1.003,-5.047,-8.502,-0.457,-4.759,-4.13,-9.38,3.78
,-8.921,-0.873,-4.826,-8.547,-0.548,-4.702,-1.54,-9.1,3.78
,-8.849,-0.625,-4.817,-8.746,-0.66,-4.602,0.56,-9.38,3.57
67468.0,-8.691,-0.632,-4.788,-8.777,-0.668,-4.558,-2.03,-8.4,0.77
,-8.859,-0.694,-4.654,-8.394,-0.514,-4.795,-0.56,-7.98,0.98
,-9.012,-0.73,-4.527,-8.332,-0.476,-4.728,-1.54,-9.03,0.28
,-8.815,-0.771,-4.47,-8.569,-0.514,-4.712,-3.08,-11.34,-0.98
67544.0,-8.765,-0.639,-4.824,-8.796,-1.232,-4.372,-10.85,-14.84,-4.76
,-8.784,-0.656,-4.759,-8.971,-1.012,-4.185,-10.99,-14.84,-5.11
,-8.646,-0.907,-4.85,-9.098,-0.806,-4.097,-11.41,-14.0,-5.53
,-8.701,-1.199,-4.532,-8.744,-0.639,-4.489,-11.13,-12.32,-5.6
67620.0,-8.464,-0.804,-4.688,-8.722,-1.34,-4.051,-10.29,-13.93,-6.16
,-8.631,-1.144,-4.614,-8.646,-1.072,-4.195,-11.97,-12.6,-6.09
,-8.916,-1.472,-4.312,-8.689,-1.151,-4.427,-12.25,-11.62,-6.51
,-8.863,-1.488,-4.18,-8.715,-1.508,-4.413,-9.1,-9.94,-5.53
67695.0,-8.947,-1.945,-4.145,-8.952,-0.96,-3.8,-5.32,-9.1,-1.19
,-8.811,-2.125,-3.896,-8.949,-0.574,-4.35,-3.71,-9.8,-0.63
,-8.686,-1.871,-3.798,-8.674,-0.605,-4.367,0.21,-9.31,-0.77
,-8.727,-1.448,-3.582,-8.701,-0.878,-4.113,4.27,-8.33,-0.28
67771.0,-8.77,-1.115,-3.869,-9.213,0.199,-4.42,-0.42,-6.09,1.4
,-8.882,-1.039,-3.317,-9.091,-0.139,-4.415,4.41,-3.64,0.98
,-9.27,-0.57,-3.642,-8.902,-0.641,-4.142,8.4,-4.06,0.56
,-9.119,-0.065,-3.999,-8.813,-1.125,-3.855,8.4,-6.09,0.7
67846.0,-8.914,-1.225,-3.604,-8.985,-1.371,-4.034,0.07,-3.5,-3.29
,-8.928,-0.83,-4.216,-9.095,-1.663,-3.912,2.45,-5.53,-3.85
,-8.926,-0.715,-4.18,-9.067,-1.632,-3.819,0.91,-6.86,-3.08
,-8.964,-0.94,-4.087,-8.904,-1.261,-4.056,-2.66,-6.51,-2.24
67922.0,-8.646,-0.861,-3.975,-9.045,-1.074,-3.525,4.62,-5.53,-0.42
,-8.82,-0.763,-3.979,-9.11,-0.849,-3.582,3.85,-5.81,0.28
,-8.957,-1.01,-4.113,-9.016,-0.785,-3.309,2.87,-6.23,-0.35
,-9.062,-1.163,-4.006,-9.122,-0.684,-3.563,3.43,-6.3,-0.42
67998.0,-9.141,-0.66,-3.881,-9.028,-1.041,-3.776,3.36,-6.79,-2.45
,-8.93,-0.775,-3.869,-9.167,-1.091,-4.082,1.47,-6.93,-2.24
,-9.002,-0.878,-3.92,-9.031,-1.139,-3.984,1.4,-6.02,-2.24
,-9.081,-1.039,-4.044,-8.835,-1.22,-3.951,1.4,-6.16,-3.08
68074.0,-9.0,-1.268,-3.821,-9.139,-0.852,-3.623,3.29,-7.07,-1.82
,-9.079,-1.472,-3.601,-9.122,-0.916,-4.606,3.85,-6.79,-1.96
,-9.296,-1.45,-3.4,-8.763,-1.115,-4.286,5.6,-6.58,-1.82
,-9.301,-1.184,-3.771,-8.873,-1.117,-4.068,4.76,-7.56,-2.17
68149.0,-8.914,-1.17,-3.386,-9.234,-0.833,-2.678,2.52,-10.64,-2.38
,-9.107,-1.065,-3.123,-9.131,-1.067,-2.582,5.18,-9.38,-2.52
,-9.244,-0.986,-2.915,-9.196,-1.22,-2.639,6.58,-8.19,-2.31
,-9.316,-0.754,-2.836,-9.189,-1.338,-2.895,5.67,-7.42,-2.24
68225.0,-9.258,-1.426,-3.087,-9.184,-1.335,-3.156,2.24,-0.77,-0.63
,-9.206,-1.244,-3.379,-9.378,-1.156,-3.142,3.64,0.0,-0.21
,-9.146,-1.213,-3.326,-9.44,-0.893,-3.74,4.76,1.12,0.56
,-9.016,-1.285,-3.257,-9.203,-0.723,-3.97,5.88,2.1,1.19
68301.0,-9.201,-0.84,-4.453,-9.227,-1.491,-3.175,4.41,-0.77,-0.28
,-8.933,-1.091,-4.616,-9.485,-1.182,-2.97,2.66,-2.1,-0.98
,-8.741,-1.285,-4.262,-9.545,-0.854,-3.003,3.29,-2.31,-0.63
,-8.894,-1.572,-3.728,-9.543,-0.742,-3.522,5.25,-1.4,0.0
68377.0,-9.122,-0.771,-3.716,-9.411,-1.302,-2.532,4.2,-1.12,-0.7
,-8.748,-0.94,-3.565,-9.677,-0.725,-3.209,2.24,-0.21,-0.35
,-8.808,-1.412,-3.238,-9.519,-0.687,-3.534,2.31,1.26,0.07
,-9.127,-1.601,-2.869,-9.129,-0.84,-3.788,4.83,2.52,0.21
68452.0,-8.794,-1.347,-3.886,-9.576,-1.194,-2.824,-3.64,1.12,-1.47
,-8.775,-1.63,-3.671,-9.703,-0.694,-3.329,-1.26,2.45,-0.63
,-8.904,-1.835,-3.252,-9.474,-0.553,-3.711,2.66,4.27,0.56
,-9.143,-1.716,-2.776,-8.997,-0.988,-3.929,7.14,5.67,1.47
68528.0,-8.701,-1.529,-3.848,-9.694,-0.804,-3.874,-1.19,4.34,0.0
,-8.753,-1.895,-3.587,-9.395,-0.603,-3.922,1.61,5.74,0.56
,-8.971,-1.785,-3.503,-8.928,-0.928,-4.137,6.44,6.79,1.33
,-9.44,-1.318,-3.465,-8.744,-1.443,-3.841,10.36,7.14,1.89
68604.0,-8.859,-1.584,-3.716,-9.246,-0.893,-3.869,5.67,6.37,1.61
,-9.162,-1.493,-3.589,-8.947,-1.041,-3.903,9.45,6.86,1.96
,-9.337,-1.23,-3.632,-8.942,-1.161,-3.982,10.99,6.58,2.03
,-9.469,-0.938,-3.793,-8.988,-1.163,-4.027,9.45,5.39,1.4
68679.0,-9.0,-1.201,-3.903,-9.256,-1.125,-3.542,3.5,3.36,-0.14
,-9.105,-1.251,-3.506,-9.117,-1.141,-3.68,4.13,4.06,0.28
,-9.184,-1.328,-3.41,-8.926,-1.247,-3.702,4.48,4.13,0.35
,-9.237,-1.335,-3.379,-8.899,-1.486,-3.635,5.25,3.92,0.35
68755.0,-9.028,-1.512,-3.506,-9.098,-0.998,-4.046,5.53,4.76,1.05
,-9.206,-1.345,-3.642,-8.964,-1.177,-4.142,7.49,4.83,1.12
,-9.32,-1.125,-3.788,-8.859,-1.376,-4.046,7.84,4.41,1.05
,-9.203,-0.955,-3.886,-8.988,-1.388,-4.037,6.93,3.99,0.98
68831.0,-9.119,-1.295,-3.953,-9.091,-1.33,-3.594,7.35,3.22,0.7
,-9.196,-1.199,-3.972,-9.064,-1.433,-3.565,7.84,3.01,0.7
,-9.15,-1.094,-3.881,-9.091,-1.376,-3.498,7.0,2.59,0.7
,-9.057,-1.194,-3.68,-9.179,-1.307,-3.396,5.81,2.59,0.77
