Timestamp,AccX,AccY,AccZ,GyroX,GyroY,GyroZ,MagnX,MagnY,MagnZ
0.0,-8.586,0.342,-4.958,-8.641,0.38,-4.757,2.59,1.05,0.63
,-8.6,0.325,-4.889,-8.653,0.39,-4.786,2.59,1.12,0.7
,-8.586,0.369,-4.824,-8.648,0.323,-4.759,2.59,1.19,0.7
,-8.725,0.325,-4.762,-8.634,0.28,-4.774,2.73,1.19,0.56
75.0,-8.638,0.266,-4.805,-8.653,0.4,-4.836,2.17,1.47,0.56
,-8.653,0.28,-4.822,-8.67,0.421,-4.867,2.45,1.61,0.49
,-8.655,0.323,-4.807,-8.626,0.357,-4.841,2.31,1.61,0.42
,-8.622,0.345,-4.824,-8.626,0.328,-4.913,2.24,1.54,0.42
151.0,-8.677,0.345,-4.901,-8.653,0.306,-4.865,1.75,1.68,0.28
,-8.61,0.366,-4.879,-8.667,0.304,-4.963,1.4,1.54,0.14
,-8.643,0.299,-4.843,-8.655,0.256,-4.872,1.4,1.68,0.21
,-8.61,0.337,-4.913,-8.576,0.273,-4.867,1.19,1.68,0.14
227.0,-8.648,0.304,-4.917,-8.617,0.266,-4.951,2.17,1.68,0.63
,-8.636,0.223,-4.989,-8.648,0.287,-4.91,2.1,1.33,0.56
,-8.593,0.251,-4.922,-8.626,0.388,-4.939,2.17,1.26,0.56
,-8.595,0.218,-4.98,-8.646,0.364,-4.86,2.52,1.05,0.7
302.0,-8.658,0.366,-4.877,-8.61,0.364,-4.755,3.57,0.7,1.05
,-8.638,0.364,-4.874,-8.648,0.359,-4.733,3.71,0.98,1.05
,-8.641,0.4,-4.807,-8.646,0.321,-4.757,3.64,0.91,0.91
,-8.576,0.39,-4.748,-8.667,0.287,-4.74,3.15,0.98,0.84
378.0,-8.715,0.311,-4.731,-8.648,0.34,-4.925,2.52,1.4,0.63
,-8.662,0.388,-4.774,-8.629,0.359,-4.953,2.59,1.75,0.63
,-8.641,0.409,-4.867,-8.574,0.311,-4.975,2.38,1.68,0.56
,-8.641,0.373,-4.87,-8.593,0.309,-4.874,2.03,1.61,0.56
453.0,-8.66,0.237,-4.848,-8.605,0.321,-4.941,2.24,1.54,0.56
,-8.681,0.328,-4.829,-8.6,0.349,-4.987,2.38,1.4,0.56
,-8.653,0.304,-4.812,-8.569,0.309,-4.927,2.45,1.19,0.49
,-8.624,0.297,-4.891,-8.607,0.335,-4.915,2.52,1.26,0.49
529.0,-8.65,0.309,-4.867,-8.619,0.304,-4.927,3.43,0.91,0.84
,-8.662,0.385,-4.81,-8.619,0.347,-4.982,3.29,1.12,0.84
,-8.71,0.395,-4.838,-8.545,0.273,-4.989,2.73,1.05,0.49
,-8.67,0.383,-4.882,-8.497,0.273,-5.068,2.24,0.98,0.28
605.0,-8.624,0.345,-4.841,-8.77,0.309,-4.606,3.01,0.77,0.49
,-8.763,0.28,-4.793,-8.686,0.354,-4.637,2.8,1.19,0.56
,-8.686,0.258,-4.642,-8.646,0.371,-4.678,2.94,0.77,0.56
,-8.667,0.347,-4.692,-8.653,0.275,-4.704,3.22,0.98,0.49
681.0,-8.67,0.251,-4.788,-8.65,0.361,-5.035,2.31,1.82,0.42
,-8.631,0.29,-4.874,-8.612,0.361,-5.142,2.38,1.89,0.49
,-8.67,0.285,-4.927,-8.595,0.421,-5.097,2.31,1.61,0.35
,-8.65,0.318,-4.972,-8.576,0.412,-5.035,2.31,1.54,0.42
756.0,-8.552,0.335,-4.963,-8.646,0.258,-4.822,1.75,0.91,0.14
,-8.65,0.359,-4.951,-8.619,0.29,-4.968,1.68,0.77,-0.07
,-8.696,0.33,-4.822,-8.571,0.445,-5.039,0.98,0.42,-0.49
,-8.631,0.388,-4.913,-8.509,0.335,-4.977,0.98,0.0,-0.7
832.0,-8.631,0.347,-5.004,-8.588,0.211,-4.783,-0.07,-0.77,-1.33
,-8.641,0.249,-4.925,-8.595,0.275,-4.702,0.14,-0.84,-1.26
,-8.598,0.218,-4.898,-8.681,0.23,-4.7,0.28,-1.19,-1.33
,-8.693,0.223,-4.893,-8.65,0.285,-4.69,0.91,-1.19,-1.4
908.0,-8.693,0.246,-4.716,-8.622,0.38,-4.963,1.05,-2.03,-2.52
,-8.634,0.287,-4.769,-8.677,0.337,-5.004,1.68,-1.96,-2.38
,-8.66,0.287,-4.824,-8.672,0.249,-4.848,2.03,-2.03,-2.52
,-8.581,0.297,-4.913,-8.686,0.309,-4.917,2.38,-2.1,-2.59
984.0,-8.667,0.285,-4.917,-8.734,0.292,-4.652,2.38,-2.73,-2.66
,-8.588,0.227,-4.87,-8.794,0.383,-4.594,2.66,-2.94,-2.59
,-8.646,0.249,-4.803,-8.799,0.459,-4.532,3.01,-2.87,-2.38
,-8.665,0.23,-4.702,-8.737,0.56,-4.52,3.08,-2.59,-2.17
1060.0,-8.77,0.45,-4.487,-8.732,0.024,-4.63,-1.82,-2.73,-3.71
,-8.813,0.483,-4.468,-8.72,-0.005,-4.728,-3.43,-2.66,-3.92
,-8.823,0.323,-4.618,-8.756,0.067,-4.831,-4.48,-2.59,-4.13
,-8.77,0.184,-4.712,-8.722,0.112,-4.872,-5.04,-2.73,-4.27
1135.0,-8.744,0.17,-4.86,-8.942,0.414,-4.295,-2.52,-2.66,-2.66
,-8.801,0.199,-4.841,-9.009,0.366,-4.075,-2.73,-2.38,-2.38
,-8.844,0.33,-4.721,-9.064,0.349,-4.264,-3.15,-2.45,-2.52
,-8.837,0.397,-4.372,-9.086,0.287,-4.511,-4.13,-2.17,-2.52
1211.0,-8.851,0.151,-4.597,-8.787,-0.254,-4.456,-11.55,-4.2,-4.76
,-8.634,-0.132,-4.752,-8.949,-0.201,-4.381,-10.71,-4.62,-4.13
,-8.5,-0.438,-4.692,-9.04,-0.325,-4.372,-8.33,-4.13,-3.15
,-8.538,-0.404,-4.597,-8.926,-0.383,-4.357,-5.67,-3.01,-2.03
1286.0,-8.689,-0.352,-4.233,-8.89,0.215,-4.506,-2.24,-2.31,2.1
,-8.681,-0.101,-4.331,-8.964,0.309,-4.286,-0.49,-1.75,2.59
,-8.737,0.165,-4.465,-8.947,0.761,-4.539,1.19,-1.68,2.8
,-8.825,0.316,-4.446,-8.837,1.175,-4.709,1.68,-1.54,3.22
1362.0,-8.715,0.864,-4.982,-9.198,-0.206,-4.448,2.17,-3.5,1.82
,-8.567,0.101,-4.86,-9.05,0.61,-4.678,-0.14,-4.41,1.68
,-8.404,-0.56,-4.597,-8.813,1.082,-4.767,0.63,-3.85,3.01
,-8.811,-0.723,-4.259,-8.827,1.098,-4.937,3.57,-1.54,4.83
1438.0,-8.725,0.68,-4.805,-9.141,1.101,-4.898,0.21,-5.18,4.2
,-8.703,0.426,-4.927,-8.854,1.201,-4.707,-0.28,-5.53,4.06
,-8.536,0.455,-4.865,-8.713,1.046,-4.336,0.49,-5.88,4.48
,-8.756,0.699,-4.743,-8.947,0.806,-4.101,1.33,-5.18,4.55
1514.0,-9.227,0.581,-3.853,-8.93,0.337,-4.52,-5.88,-5.25,-1.19
,-9.21,0.474,-3.831,-8.72,0.034,-4.322,-5.81,-5.39,-1.47
,-9.057,0.579,-3.97,-8.698,0.079,-4.346,-4.62,-5.81,-1.75
,-9.028,0.591,-4.168,-8.878,0.117,-4.286,-4.41,-5.88,-1.68
1589.0,-9.05,0.237,-4.197,-8.928,0.5,-3.848,1.26,-4.41,0.07
,-9.019,0.29,-3.898,-8.873,0.66,-3.903,0.56,-3.99,0.14
,-8.993,0.419,-3.783,-8.923,0.936,-3.991,-0.77,-3.92,0.07
,-8.981,0.483,-3.807,-8.997,0.814,-4.121,-2.1,-4.13,-0.28
1665.0,-9.067,0.859,-4.381,-9.347,0.366,-3.795,-4.76,-3.01,-2.52
,-8.835,0.637,-4.271,-9.172,0.397,-3.597,-5.32,-3.43,-2.24
,-8.739,0.433,-4.054,-9.081,0.474,-3.673,-5.6,-2.8,-1.96
,-8.993,0.352,-3.896,-8.993,0.29,-3.793,-5.11,-1.54,-2.1
1741.0,-8.851,0.251,-3.52,-8.674,0.316,-4.527,-5.95,-0.49,-3.29
,-9.067,0.574,-3.537,-8.753,0.022,-4.346,-5.32,1.26,-3.5
,-9.208,0.593,-3.97,-8.897,-0.036,-4.147,-6.3,1.26,-3.99
,-8.964,0.385,-4.274,-9.146,0.103,-3.958,-6.58,-0.63,-4.2
1817.0,-9.107,0.512,-4.061,-8.894,0.749,-3.549,-0.91,0.84,-3.22
,-8.976,0.792,-3.855,-9.007,0.79,-3.491,-1.68,0.56,-3.78
,-9.05,0.72,-3.898,-9.222,0.558,-3.649,-3.64,1.26,-4.62
,-8.961,0.57,-3.503,-9.191,0.579,-3.594,-4.69,1.89,-5.53
1892.0,-9.095,-0.065,-3.611,-9.086,-0.385,-3.91,-8.47,2.94,-7.56
,-8.906,-0.5,-3.848,-9.217,0.139,-4.209,-7.21,2.45,-6.72
,-8.55,-0.668,-3.74,-9.052,0.285,-4.123,-3.43,2.73,-5.25
,-8.782,-0.548,-3.9,-8.804,0.692,-4.046,1.12,3.64,-4.2
1968.0,-8.758,0.644,-4.238,-9.055,0.17,-4.03,1.89,4.55,-5.95
,-8.952,0.622,-4.197,-8.674,-0.333,-4.039,0.84,5.74,-7.0
,-9.1,0.809,-4.125,-8.672,-0.668,-3.898,-0.21,5.95,-7.91
,-9.148,0.816,-4.087,-8.882,-0.608,-4.058,-0.84,6.37,-8.54
2044.0,-9.287,-0.443,-3.922,-8.818,0.928,-4.535,2.1,6.93,-1.96
,-9.349,0.175,-4.116,-9.007,0.555,-4.125,2.31,6.23,-2.31
,-8.988,0.634,-4.209,-9.146,0.581,-3.912,1.96,4.48,-2.87
,-8.77,1.027,-4.329,-9.213,0.452,-3.649,0.21,4.48,-3.5
2119.0,-9.04,0.072,-3.946,-9.189,-1.01,-4.726,-6.3,4.97,-8.89
,-8.569,-0.278,-3.922,-9.026,-0.787,-4.862,-5.81,3.15,-7.63
,-8.545,-0.464,-4.331,-8.66,-0.603,-4.941,-3.57,4.13,-5.67
,-8.878,-0.847,-4.549,-8.751,-0.385,-4.975,-0.98,5.67,-4.06
2195.0,-8.708,-0.354,-4.853,-8.722,0.031,-4.563,4.06,2.52,-0.91
,-8.792,-0.354,-4.759,-8.942,0.067,-4.401,3.22,2.59,-0.56
,-8.794,-0.101,-4.786,-8.916,0.28,-4.252,8.75,2.87,-0.35
,-8.677,0.158,-4.633,-9.036,0.431,-4.032,7.91,2.87,0.21
2271.0,-8.89,0.553,-4.178,-8.842,-0.227,-4.032,5.04,1.54,0.07
,-8.825,0.318,-4.089,-8.921,0.017,-4.135,4.13,1.75,-0.63
,-8.717,-0.129,-4.027,-8.89,0.172,-4.113,3.08,2.03,-0.56
,-8.775,-0.306,-3.989,-8.851,0.529,-4.223,3.92,2.8,0.42
2347.0,-8.758,0.526,-4.192,-8.906,-0.01,-4.259,4.34,4.27,-0.28
,-8.703,0.208,-3.917,-9.081,-0.323,-4.089,1.68,4.97,-0.49
,-8.835,0.337,-4.159,-9.61,-0.44,-3.936,1.54,4.83,-0.91
,-8.926,-0.11,-4.104,-8.918,-0.443,-4.503,1.33,4.27,-1.26
2422.0,-8.851,-0.412,-4.616,-9.021,1.089,-4.372,5.18,-0.14,1.26
,-8.77,0.134,-4.606,-9.021,0.778,-4.192,6.51,0.7,1.54
,-8.789,0.78,-4.623,-8.966,0.522,-4.125,7.35,1.12,1.05
,-8.995,1.077,-4.53,-8.985,0.474,-4.279,6.51,1.75,-0.42
2498.0,-8.909,0.105,-4.262,-8.885,-1.084,-4.793,1.54,1.19,-2.8
,-8.868,-0.196,-4.403,-8.5,-1.244,-4.843,1.54,1.19,-1.68
,-8.801,-0.534,-4.484,-8.629,-1.407,-4.901,1.75,2.03,-0.07
,-9.067,-0.761,-4.582,-8.854,-1.405,-5.027,2.52,0.98,1.19
2574.0,-8.818,-1.484,-4.322,-8.871,0.524,-4.295,10.22,-2.8,7.21
,-9.002,-0.402,-4.934,-8.837,0.72,-4.209,11.27,-2.59,8.61
,-9.002,-0.146,-4.539,-9.0,0.9,-4.099,10.57,-2.87,8.89
,-9.165,0.369,-4.532,-9.28,0.89,-4.133,10.15,-3.36,7.91
2650.0,-8.961,0.938,-4.161,-9.229,0.742,-4.099,8.89,-2.87,5.6
,-8.851,0.704,-4.042,-9.167,0.495,-4.106,8.47,-3.22,5.11
,-8.713,0.749,-4.125,-9.256,0.505,-4.408,7.77,-3.57,5.04
,-8.806,0.66,-4.03,-9.208,0.309,-4.156,7.63,-1.96,5.04
2725.0,-9.033,0.127,-3.982,-8.926,0.44,-4.396,5.67,-1.4,1.26
,-8.952,-0.086,-4.209,-9.028,0.486,-4.458,6.58,-1.54,0.49
,-8.892,0.144,-4.458,-8.849,0.242,-4.367,7.42,-1.33,0.91
,-8.708,0.318,-4.346,-8.78,-0.048,-4.257,8.12,-1.82,0.49
2801.0,-9.005,-0.287,-4.137,-8.938,0.491,-3.728,7.98,-2.1,1.47
,-8.969,-0.404,-4.128,-8.921,0.828,-4.008,9.8,-1.4,2.31
,-9.095,-0.373,-4.111,-9.019,0.919,-4.207,10.43,-1.82,2.03
,-9.203,0.098,-3.857,-9.227,1.055,-4.259,11.55,-1.82,2.73
2876.0,-9.16,0.498,-4.233,-9.098,-0.629,-4.695,8.12,0.0,0.42
,-8.93,0.225,-4.441,-8.981,-0.833,-4.704,8.4,1.05,1.82
,-8.969,-0.237,-4.499,-8.734,-1.029,-4.803,8.89,1.82,3.01
,-9.253,-0.357,-4.623,-8.837,-1.278,-4.614,8.68,2.66,4.48
2952.0,-8.581,-1.326,-4.889,-8.208,-0.538,-5.303,9.59,-0.42,8.33
,-8.136,-1.405,-4.922,-8.346,-0.036,-4.549,10.08,1.54,10.15
,-7.485,-1.115,-4.499,-6.346,0.258,-4.987,9.52,3.5,10.78
,-7.621,-0.902,-5.468,-9.282,0.045,-5.011,10.71,11.2,14.28
3028.0,-9.083,-0.184,-4.101,-8.978,0.981,-4.085,9.1,36.54,23.38
,-9.146,0.684,-4.424,-9.112,0.593,-4.661,12.32,36.75,21.35
,-8.631,0.38,-4.927,-9.466,1.852,-4.614,11.55,37.94,21.21
,-8.533,0.555,-4.142,-8.248,1.788,-4.281,9.17,37.8,21.14
3104.0,-8.973,1.912,-4.929,-8.926,0.828,-4.781,6.37,44.1,15.19
,-8.672,1.591,-5.118,-9.579,1.015,-4.625,5.67,42.77,12.46
,-8.911,1.388,-5.516,-8.066,0.727,-5.159,7.28,43.12,10.78
,-9.672,1.534,-4.625,-9.031,0.677,-5.173,7.35,41.86,10.64
3180.0,-9.246,1.158,-5.051,-8.153,0.278,-5.535,4.62,28.84,3.22
,-9.031,0.869,-5.157,-9.016,0.256,-5.212,3.99,22.33,1.05
,-8.332,0.998,-5.719,-8.679,0.682,-5.42,6.51,19.18,0.35
,-8.588,0.407,-5.554,-8.311,1.029,-5.607,5.25,16.45,-0.56
3255.0,-8.337,0.778,-5.623,-8.399,-0.108,-5.743,2.87,10.78,-3.92
,-8.315,0.325,-5.652,-8.813,0.043,-5.887,0.98,9.59,-2.8
,-8.521,0.187,-5.616,-8.739,0.335,-5.683,0.35,9.73,-1.96
,-8.358,-0.041,-5.647,-8.222,0.325,-5.671,0.56,9.17,-1.54
3331.0,-8.179,0.151,-5.631,-8.019,0.311,-5.793,-0.49,5.74,0.0
,-8.272,-0.098,-5.652,-8.019,0.596,-5.882,-1.33,6.37,0.56
,-8.251,-0.364,-5.544,-8.055,0.512,-5.839,-0.98,7.0,0.63
,-8.026,-0.117,-5.556,-8.279,0.211,-5.573,0.21,7.14,0.98
3407.0,-8.301,0.184,-5.736,-8.289,0.859,-6.018,-0.98,8.26,1.68
,-8.136,0.189,-5.686,-8.358,1.249,-6.262,-0.91,8.05,1.54
,-7.966,0.213,-5.769,-8.409,1.309,-6.289,-1.82,7.91,1.75
,-8.246,0.409,-5.937,-8.528,1.247,-6.37,-1.61,7.91,2.03
3483.0,-8.413,1.101,-6.312,-8.141,0.814,-5.982,-5.81,6.16,-4.2
,-8.011,0.845,-6.135,-8.258,0.838,-5.908,-7.42,6.02,-4.62
,-7.758,0.605,-6.248,-8.399,0.768,-6.004,-6.65,5.95,-4.55
,-8.023,0.723,-6.178,-8.299,0.675,-5.841,-7.98,6.16,-4.41
3558.0,-8.016,0.56,-5.915,-7.787,-0.199,-6.19,-4.83,4.9,-4.13
,-8.155,0.584,-5.958,-8.196,-0.505,-5.899,-4.13,5.32,-4.48
,-7.94,0.321,-6.023,-8.339,-0.359,-6.08,-6.09,4.83,-4.41
,-7.674,-0.055,-6.011,-8.258,-0.227,-6.178,-6.16,4.48,-3.43
3634.0,-8.212,-0.165,-6.195,-7.808,0.017,-5.473,-0.84,2.52,4.2
,-8.48,-0.151,-6.253,-8.131,-0.057,-4.96,4.69,1.75,3.99
,-8.11,0.062,-6.092,-8.26,0.431,-5.458,4.2,-0.49,4.55
,-7.779,0.436,-6.31,-8.626,1.029,-5.41,2.66,-1.68,5.11
3709.0,-8.428,1.565,-5.599,-8.39,1.055,-5.109,10.92,-0.84,5.53
,-8.198,1.311,-5.123,-8.363,0.95,-5.157,9.03,-1.47,3.78
,-8.378,1.158,-4.793,-8.272,0.615,-5.312,7.56,0.21,2.87
,-8.196,1.256,-5.252,-8.105,0.464,-5.53,9.66,-0.14,1.54
3785.0,-8.105,0.385,-5.64,-8.007,0.471,-5.645,12.95,2.59,1.26
,-8.138,0.376,-5.485,-7.911,0.529,-5.858,13.37,2.17,0.91
,-8.263,0.416,-5.638,-7.832,0.646,-5.999,14.0,2.38,0.77
,-8.392,0.579,-5.666,-8.143,0.601,-5.927,13.79,1.33,0.7
3861.0,-8.155,0.593,-5.985,-7.753,0.615,-6.219,13.23,0.42,-0.7
,-8.081,0.44,-5.891,-7.885,0.323,-6.176,12.39,0.07,-0.63
,-8.425,0.495,-5.956,-8.088,0.163,-6.229,11.62,-0.07,-0.91
,-8.279,0.505,-5.824,-7.923,0.371,-6.245,10.64,-2.24,-1.4
3937.0,-8.028,0.323,-6.152,-8.258,0.491,-5.664,7.28,-4.9,-2.66
,-8.296,0.555,-6.15,-8.526,0.964,-6.279,6.79,-5.95,-3.64
,-8.153,0.646,-6.286,-8.346,0.256,-5.7,8.26,-5.95,-3.36
,-8.15,0.739,-6.167,-8.27,-0.007,-5.154,7.07,-4.97,-2.38
4012.0,-8.253,0.194,-5.133,-8.203,0.665,-4.621,2.94,-6.44,-1.61
,-8.184,0.581,-5.372,-8.306,0.634,-4.941,4.34,-6.37,-1.4
,-8.301,0.768,-5.305,-8.471,0.617,-4.755,4.2,-6.79,-2.45
,-8.435,0.84,-5.037,-8.562,0.916,-4.846,3.15,-7.63,-3.99
4088.0,-8.449,1.314,-5.231,-8.133,-0.062,-4.793,0.56,-6.79,-8.61
,-8.043,0.402,-3.841,-8.308,0.445,-5.078,-7.7,-8.05,-9.1
,-8.349,0.565,-4.489,-8.445,0.287,-5.363,-7.98,-7.28,-10.08
,-8.294,-0.093,-5.016,-8.461,0.024,-5.183,-8.19,-6.23,-10.08
4163.0,-8.569,-0.201,-5.066,-8.363,-0.526,-5.205,-9.38,-4.69,-6.3
,-8.576,-0.531,-4.893,-8.229,-0.024,-5.181,-8.96,-5.11,-7.14
,-8.1,-0.567,-4.992,-8.27,0.122,-5.044,-8.05,-5.32,-7.63
,-8.038,-0.641,-5.214,-8.44,-0.124,-4.338,-6.23,-4.69,-7.14
4239.0,-8.418,0.158,-4.805,-8.344,0.041,-5.035,-2.03,-3.64,-3.92
,-8.416,0.086,-4.19,-8.277,0.158,-5.085,-0.84,-2.8,-3.22
,-8.76,0.105,-4.441,-8.394,-0.069,-5.207,-0.35,-1.33,-1.89
,-8.567,0.163,-4.783,-8.545,-0.519,-4.781,0.84,-1.61,-1.75
4315.0,-8.638,-0.002,-5.377,-8.196,0.756,-6.176,4.27,-0.49,5.11
,-8.564,0.055,-5.822,-8.37,0.842,-6.044,6.02,-1.82,5.39
,-8.296,0.089,-6.013,-8.256,0.715,-5.489,7.63,-3.01,5.04
,-8.093,0.467,-5.966,-8.32,0.622,-5.434,8.75,-3.92,5.18
4391.0,-8.567,0.507,-5.595,-8.425,0.034,-4.905,1.54,-6.51,-1.61
,-8.16,0.191,-5.351,-8.55,-0.79,-4.35,-0.07,-7.84,-2.52
,-8.593,0.579,-5.829,-8.717,-0.876,-4.31,3.15,-7.84,-2.8
,-8.287,1.048,-6.085,-8.811,-0.45,-4.874,2.38,-8.68,-1.96
4467.0,-8.433,0.168,-5.104,-8.418,-0.053,-4.015,13.93,-7.56,1.75
,-8.433,0.584,-5.444,-8.854,0.062,-3.659,15.12,-7.49,2.17
,-8.346,0.12,-4.721,-9.028,0.352,-3.865,10.64,-6.86,3.22
,-8.227,-0.053,-4.501,-9.002,0.747,-4.501,12.88,-5.6,3.85
4542.0,-8.708,1.122,-5.458,-8.502,-0.34,-4.547,8.05,-3.85,-3.5
,-8.22,1.074,-5.779,-9.007,-0.45,-4.101,6.72,-5.18,-5.39
,-8.011,0.936,-5.951,-9.347,-0.395,-4.051,4.83,-5.32,-5.88
,-8.069,0.536,-5.549,-9.22,-0.223,-4.357,0.28,-4.62,-5.81
4618.0,-8.672,-0.235,-4.606,-8.626,-0.835,-4.334,0.77,-3.22,-4.27
,-8.282,-0.469,-4.487,-8.741,-0.838,-3.915,-0.42,-2.1,-3.92
,-8.215,-0.794,-4.666,-9.002,-0.9,-3.384,-0.14,-0.77,-3.36
,-8.332,-1.208,-4.18,-9.091,-0.529,-3.719,1.4,0.14,-2.1
4694.0,-8.94,-0.115,-4.025,-8.291,0.78,-5.944,9.52,5.32,5.11
,-8.662,0.172,-4.472,-8.064,0.962,-5.925,9.59,5.18,4.83
,-8.437,0.428,-5.193,-8.222,0.847,-5.583,9.38,5.46,4.48
,-8.418,0.534,-5.614,-8.564,0.455,-5.233,9.1,5.04,3.71
4770.0,-8.842,0.098,-4.805,-8.37,0.012,-5.063,3.43,2.66,-0.56
,-8.969,-0.132,-4.556,-8.205,-0.218,-5.099,2.45,2.52,-0.7
,-8.947,-0.081,-4.793,-8.37,-0.414,-4.999,2.94,2.1,-1.12
,-8.658,0.034,-5.008,-8.492,-0.321,-5.047,3.78,1.68,-1.4
4845.0,-8.713,-0.191,-5.116,-8.361,0.024,-5.202,9.87,2.1,0.91
,-8.691,0.124,-5.267,-8.452,-0.026,-4.977,9.87,1.47,0.84
,-8.538,0.179,-5.446,-8.605,-0.156,-4.788,8.47,0.7,0.42
,-8.459,0.112,-5.269,-8.622,-0.337,-4.549,7.0,0.63,0.49
4921.0,-8.641,-0.316,-4.491,-8.33,-0.254,-5.066,5.95,1.05,0.28
,-8.588,-0.074,-4.669,-8.387,-0.491,-5.018,6.58,1.33,0.07
,-8.49,0.019,-4.786,-8.557,-0.51,-4.994,6.23,1.54,-0.56
,-8.44,-0.048,-5.047,-8.672,-0.455,-4.96,5.39,1.4,-1.05
4996.0,-8.691,-0.321,-5.039,-8.454,0.084,-5.465,7.63,1.4,1.4
,-8.605,-0.263,-5.054,-8.492,-0.034,-5.396,7.63,1.19,1.61
,-8.586,-0.151,-5.147,-8.54,-0.053,-5.382,7.14,0.98,1.47
,-8.547,-0.074,-5.372,-8.466,0.156,-5.252,6.86,0.49,1.4
5072.0,-8.524,0.294,-5.334,-8.662,-0.072,-5.037,8.82,-1.96,2.59
,-8.586,0.337,-5.365,-8.672,0.065,-5.059,7.98,-2.45,2.45
,-8.591,0.256,-5.169,-8.619,0.089,-4.949,6.23,-3.08,2.24
,-8.607,0.077,-5.068,-8.619,0.165,-5.056,4.55,-3.5,1.96
5148.0,-8.574,0.349,-5.011,-9.028,0.665,-5.102,-1.82,-4.69,1.82
,-8.708,0.285,-4.934,-8.839,-0.357,-4.293,-6.51,-4.9,3.36
,-8.988,0.244,-4.843,-8.775,0.357,-4.86,-12.39,-4.76,5.6
,-8.961,0.57,-4.862,-8.708,1.196,-5.351,-19.32,-5.46,8.19
5224.0,-8.49,0.761,-4.865,-8.588,-0.802,-4.42,-47.53,-6.72,7.91
,-8.569,0.651,-5.36,-8.325,-0.814,-4.152,-48.51,-6.44,7.35
,-9.028,1.235,-5.171,-8.361,-0.043,-4.501,-44.17,-6.37,7.21
,-8.961,-0.337,-4.056,-8.098,-0.089,-4.389,-55.51,-5.74,7.0
5299.0,-8.028,-0.536,-4.044,-8.488,0.227,-4.57,-16.73,-4.2,-3.85
,-8.363,-0.969,-3.628,-8.449,0.108,-4.532,-10.08,-2.73,-4.69
,-8.296,-0.23,-4.243,-8.449,0.227,-4.355,-1.75,-2.8,-4.13
,-8.387,0.179,-4.42,-8.471,0.129,-3.96,2.66,-2.52,-3.99
5375.0,-8.72,-0.117,-3.479,-9.512,0.402,-3.168,-1.75,1.68,-3.15
,-9.119,-0.146,-3.128,-9.105,0.22,-3.556,-4.55,4.13,-1.82
,-9.421,-0.531,-2.467,-8.784,-0.034,-4.274,-6.16,6.93,-0.63
,-9.627,-0.227,-2.352,-8.421,-0.62,-4.286,-9.17,9.1,-0.21
5451.0,-8.169,-1.268,-3.905,-8.437,-0.45,-3.276,-26.53,13.79,3.43
,-8.145,-0.809,-4.058,-8.593,-0.383,-3.479,-22.68,15.82,5.95
,-8.205,-0.27,-3.762,-8.626,0.34,-4.769,-16.8,17.5,7.07
,-8.394,-0.093,-3.714,-8.784,0.744,-5.176,-13.58,18.97,6.51
5527.0,-8.543,1.311,-5.863,-8.949,1.421,-5.82,7.7,19.6,2.73
,-8.208,1.28,-5.932,-8.959,2.075,-5.169,7.7,18.83,3.29
,-7.94,1.031,-5.91,-8.954,2.534,-6.222,8.33,18.69,3.5
,-8.394,1.048,-5.741,-8.796,1.534,-6.207,10.71,18.97,3.71
5603.0,-8.342,1.457,-6.001,-8.064,0.45,-5.709,-11.62,9.8,5.46
,-8.193,0.83,-5.714,-8.373,1.204,-5.738,-14.21,9.73,6.58
,-8.232,0.56,-5.678,-8.717,1.579,-5.142,-15.26,9.1,5.53
,-7.949,0.428,-5.712,-9.04,1.56,-4.609,-11.55,7.84,2.59
5678.0,-8.789,1.05,-5.441,-8.114,2.101,-5.937,-18.48,4.55,0.56
,-8.203,0.902,-5.654,-8.083,2.383,-5.918,-17.5,2.1,0.63
,-8.2,1.218,-5.93,-8.402,2.429,-6.181,-14.63,1.47,0.84
,-8.052,1.627,-6.018,-8.772,1.828,-5.963,-13.93,1.05,1.19
5754.0,-8.787,1.055,-5.822,-8.38,-0.074,-5.532,-21.49,-0.07,-7.7
,-8.586,0.203,-5.662,-8.646,0.27,-5.269,-22.61,-1.33,-5.88
,-8.306,-0.292,-5.394,-8.229,0.804,-5.164,-21.21,-1.89,-3.85
,-8.212,-0.457,-5.398,-8.028,0.998,-5.006,-17.64,-2.59,-2.03
5829.0,-7.956,1.321,-4.69,-8.961,0.483,-3.984,-8.19,-4.62,-1.89
,-8.397,1.615,-4.499,-8.705,0.182,-4.408,-7.98,-3.08,-2.45
,-8.952,1.285,-4.453,-8.524,0.024,-4.535,-8.47,-1.68,-3.36
,-8.983,0.665,-3.884,-8.411,0.45,-4.893,-8.47,-0.49,-3.78
5905.0,-8.208,0.218,-4.85,-8.315,1.479,-4.836,1.75,1.19,1.26
,-8.342,0.048,-4.551,-8.509,1.318,-4.714,2.59,2.66,1.89
,-8.291,0.512,-4.587,-8.799,1.043,-4.398,4.13,3.08,2.38
,-8.15,0.9,-4.649,-8.899,0.598,-4.702,4.06,3.36,2.1
5981.0,-8.521,0.522,-5.116,-8.306,0.711,-4.96,-2.52,3.22,1.47
,-8.531,0.158,-5.336,-8.303,0.933,-4.817,-0.63,3.64,2.8
,-8.294,0.179,-5.226,-8.248,2.065,-5.47,1.12,4.06,4.41
,-8.236,0.491,-4.999,-8.524,2.065,-4.822,2.03,4.69,4.9
6057.0,-8.519,2.178,-4.841,-8.275,1.749,-5.027,-4.83,5.67,3.01
,-8.684,1.883,-4.752,-8.031,1.527,-4.917,-6.51,5.67,1.96
,-8.512,1.831,-5.13,-8.074,1.161,-4.925,-5.6,5.88,0.77
,-8.313,1.606,-5.365,-8.593,0.89,-4.831,-3.92,6.44,-0.56
6132.0,-8.581,1.443,-5.461,-8.186,1.333,-5.013,-2.24,9.45,-1.33
,-8.559,1.132,-5.049,-8.239,1.134,-5.095,-5.11,9.52,-1.33
,-8.583,0.926,-5.106,-8.825,1.271,-4.64,-4.83,7.77,-1.96
,-8.215,0.885,-4.987,-8.619,1.811,-4.982,-4.41,6.3,-2.45
6208.0,-8.184,2.161,-5.224,-8.131,0.254,-5.602,-1.33,6.58,-5.95
,-8.681,2.091,-5.083,-8.148,-0.067,-5.851,-3.64,6.93,-7.91
,-8.277,1.926,-5.564,-8.153,-0.354,-5.796,-2.38,8.68,-7.56
,-8.21,1.187,-5.2,-7.944,-0.335,-5.908,-2.1,9.52,-6.79
6283.0,-8.323,-0.335,-5.817,-7.483,0.246,-6.889,7.0,7.91,-2.45
,-8.454,-0.048,-5.815,-7.308,-0.316,-5.791,9.17,6.44,-3.22
,-8.071,0.44,-6.782,-8.619,-0.751,-5.839,13.37,5.6,-3.57
,-7.519,0.022,-6.336,-8.672,-0.567,-5.611,12.39,2.73,-3.36
6359.0,-8.409,-0.285,-5.7,-8.313,1.998,-5.286,21.98,1.12,9.59
,-8.406,-0.225,-5.427,-8.138,2.223,-5.075,24.99,0.77,11.41
,-8.409,0.402,-5.293,-8.289,2.046,-4.637,27.23,-0.35,12.67
,-8.593,1.072,-5.097,-7.928,1.991,-4.891,30.59,-0.49,12.53
6435.0,-7.827,1.591,-5.205,-8.071,1.395,-4.664,20.37,7.14,8.47
,-8.514,1.395,-5.162,-8.421,1.106,-5.437,20.02,10.22,8.82
,-8.447,1.74,-4.965,-8.337,1.527,-5.504,19.88,10.85,7.84
,-8.648,1.455,-4.515,-8.184,1.933,-5.674,18.41,12.53,6.37
6511.0,-8.315,1.287,-5.609,-8.057,0.632,-6.231,13.37,15.05,2.38
,-8.928,0.402,-5.324,-8.705,0.684,-5.987,9.52,16.03,2.59
,-8.437,0.689,-5.853,-8.184,0.759,-5.946,11.9,16.31,3.15
,-8.2,0.538,-5.827,-7.653,0.976,-6.277,12.74,14.7,3.57
6587.0,-7.77,0.94,-6.336,-7.978,1.56,-6.348,7.77,10.64,2.24
,-7.863,0.921,-6.449,-8.143,1.692,-6.511,7.28,11.41,2.1
,-8.301,1.074,-6.2,-8.306,1.433,-6.621,6.51,10.64,1.47
,-8.045,1.357,-6.401,-8.167,0.962,-6.652,5.32,9.52,0.84
6662.0,-8.181,0.44,-6.631,-8.007,0.538,-6.296,1.47,7.56,-2.24
,-7.827,0.239,-6.521,-7.808,0.964,-6.183,0.91,7.28,-1.68
,-7.602,0.031,-6.427,-7.83,1.168,-6.399,0.21,7.42,-0.63
,-7.875,0.048,-6.329,-8.074,1.153,-6.341,-0.21,7.42,-0.07
6738.0,-8.021,1.06,-6.116,-7.782,1.591,-6.262,-3.64,4.2,-1.61
,-8.155,1.28,-6.121,-7.882,1.268,-6.145,-3.92,4.69,-1.61
,-8.189,1.603,-6.224,-8.126,0.479,-6.147,-4.62,3.99,-2.38
,-8.043,1.866,-6.277,-8.378,0.227,-6.033,-6.09,2.38,-3.85
6814.0,-8.282,0.742,-6.267,-7.59,1.821,-6.033,-6.44,0.49,-2.03
,-8.232,1.419,-6.312,-7.365,1.548,-6.159,-3.64,0.56,-1.96
,-8.227,1.85,-6.078,-7.696,1.031,-6.356,-3.01,1.05,-3.22
,-8.387,2.374,-6.133,-8.174,0.354,-6.31,-5.74,-0.21,-6.79
6890.0,-8.418,-0.278,-6.322,-7.909,-0.799,-5.966,-16.45,-0.84,-8.19
,-8.2,-0.144,-6.25,-8.181,-1.041,-5.879,-12.39,-1.4,-6.72
,-7.983,-0.086,-6.308,-8.093,-0.838,-6.085,-10.71,-2.17,-5.74
,-7.992,0.16,-6.119,-7.846,-1.034,-5.829,-10.22,-2.59,-4.9
6965.0,-7.885,-0.938,-5.578,-8.009,0.914,-5.075,3.36,-5.25,6.44
,-8.035,-0.598,-5.334,-8.244,0.983,-5.083,6.51,-6.51,6.16
,-7.94,0.254,-5.15,-8.186,0.833,-4.807,9.66,-6.93,5.6
,-7.968,0.711,-5.229,-8.052,0.72,-4.977,10.85,-7.14,6.3
7041.0,-8.057,0.665,-5.016,-8.296,0.96,-5.358,12.95,-5.04,8.33
,-8.366,0.842,-4.901,-8.062,0.967,-5.571,15.26,-4.62,7.56
,-8.093,1.115,-5.145,-7.877,0.995,-5.877,16.17,-4.9,6.23
,-8.227,0.902,-5.214,-8.052,1.017,-5.769,17.01,-4.13,5.88
7116.0,-7.949,0.972,-5.851,-7.985,0.96,-5.877,17.01,-5.04,3.99
,-8.038,0.936,-5.925,-8.086,0.842,-5.638,15.89,-4.69,3.85
,-8.11,0.672,-5.698,-7.751,0.861,-6.001,15.75,-4.97,3.36
,-8.114,0.818,-5.714,-8.155,0.526,-5.604,15.05,-5.67,3.08
7192.0,-8.303,1.06,-5.843,-8.385,1.536,-5.604,15.82,-5.67,5.6
,-8.028,0.445,-5.623,-8.569,1.649,-5.504,14.56,-6.72,5.53
,-8.2,0.916,-5.631,-8.454,1.84,-5.949,18.83,-6.16,5.6
,-8.267,1.438,-5.705,-8.076,1.385,-5.724,21.91,-6.09,5.74
7268.0,-8.311,0.747,-5.291,-8.323,1.216,-4.992,11.27,-7.91,-0.14
,-8.138,0.704,-5.497,-8.342,2.596,-6.516,11.06,-7.77,0.56
,-8.143,0.823,-5.217,-8.186,0.191,-3.589,13.16,-8.54,-0.42
,-8.363,1.091,-5.291,-8.495,1.077,-4.949,14.56,-8.26,-1.75
7344.0,-8.119,0.526,-5.147,-8.629,1.345,-5.071,7.49,-8.75,-4.9
,-8.399,0.244,-4.733,-8.442,1.388,-5.233,6.3,-8.19,-4.76
,-8.751,0.84,-4.81,-8.282,0.945,-5.111,10.43,-7.14,-4.34
,-8.622,1.074,-4.963,-8.308,0.486,-5.195,10.78,-6.58,-5.04
7419.0,-8.313,0.151,-5.056,-8.674,0.048,-4.85,-1.54,-7.07,-7.28
,-8.37,0.007,-4.903,-8.457,0.129,-4.614,-1.19,-6.72,-6.44
,-8.349,0.022,-4.903,-8.44,0.007,-4.642,0.42,-6.65,-5.95
,-8.55,0.134,-4.968,-8.492,-0.127,-4.86,1.05,-6.86,-5.95
7495.0,-8.433,-0.019,-5.035,-8.763,0.689,-4.834,-0.28,-6.16,-3.57
,-8.378,0.335,-4.862,-8.672,1.122,-4.889,0.91,-5.81,-2.31
,-8.332,0.445,-4.977,-8.574,1.479,-5.465,1.05,-5.46,-2.17
,-8.574,0.383,-4.731,-8.399,1.596,-5.659,1.19,-5.04,-2.73
7571.0,-8.397,1.505,-5.817,-8.504,1.053,-5.501,0.56,-8.82,-6.51
,-8.43,1.177,-5.788,-8.466,0.912,-6.111,-1.12,-8.68,-6.86
,-8.655,0.873,-5.398,-8.409,0.347,-5.966,-2.59,-8.33,-7.42
,-8.61,0.897,-5.243,-8.385,-0.285,-5.669,-3.5,-8.89,-8.54
7647.0,-8.447,-0.529,-5.353,-8.277,-1.062,-4.884,-6.02,-12.39,-6.79
,-8.631,-1.127,-4.642,-8.519,-0.931,-4.898,-5.74,-11.69,-4.62
,-8.38,-1.084,-4.74,-8.603,-0.768,-4.439,-3.43,-11.83,-3.78
,-8.351,-1.091,-4.635,-8.813,-0.462,-4.07,0.42,-11.55,-2.03
7723.0,-8.906,-0.878,-2.34,-8.787,2.23,-5.061,7.28,-9.1,4.97
,-8.904,0.254,-3.934,-8.452,1.941,-4.53,16.94,-8.54,5.32
,-8.959,1.23,-4.513,-8.866,1.488,-3.955,22.96,-8.68,4.48
,-8.784,1.742,-4.637,-9.05,0.995,-3.47,22.4,-9.59,2.94
7798.0,-9.335,0.455,-3.104,-8.681,0.519,-3.888,-1.12,-6.72,-2.66
,-9.368,0.424,-2.95,-8.617,-0.002,-3.941,-2.8,-5.88,-2.94
,-9.38,0.936,-4.147,-8.827,-0.572,-3.996,-2.38,-5.46,-4.27
,-8.997,0.773,-3.731,-8.873,-0.897,-3.726,-4.83,-6.58,-6.3
7874.0,-8.945,-1.211,-3.599,-8.509,0.447,-4.681,-5.67,0.28,-2.52
,-9.103,-1.216,-3.678,-8.423,0.345,-4.685,-2.87,1.12,-0.28
,-9.112,-0.749,-4.099,-8.512,-0.067,-4.336,2.1,1.47,0.28
,-8.818,0.022,-4.422,-8.686,-0.706,-3.743,5.88,1.4,-0.21
7949.0,-9.04,-1.163,-3.238,-8.457,0.797,-5.518,3.36,6.23,3.85
,-9.227,-0.893,-3.475,-8.334,0.852,-5.994,7.21,7.0,4.27
,-8.981,-0.11,-3.826,-8.38,0.538,-5.997,9.94,7.0,3.92
,-8.708,0.567,-4.81,-8.538,0.098,-5.59,9.8,6.72,2.8
8025.0,-8.823,0.089,-5.298,-8.696,0.615,-4.937,5.95,3.01,3.15
,-9.0,0.251,-5.178,-8.545,0.548,-4.781,8.19,1.61,3.57
,-8.897,0.419,-4.879,-8.648,0.294,-4.611,9.87,0.42,4.06
,-8.784,0.61,-4.891,-8.77,0.022,-4.355,10.43,-0.49,4.34
8101.0,-8.923,0.045,-4.29,-8.612,0.268,-4.142,6.86,-0.49,1.96
,-8.911,0.354,-4.307,-8.782,-0.117,-4.164,7.14,-0.7,0.28
,-8.655,0.639,-4.159,-8.801,-0.278,-4.233,5.6,-0.63,-0.91
,-8.603,0.553,-4.18,-8.935,-0.297,-4.228,3.15,-0.28,-2.03
8177.0,-8.818,-0.23,-4.264,-8.662,0.237,-5.164,7.7,2.59,0.63
,-8.799,-0.045,-4.53,-8.588,0.237,-5.054,8.47,2.73,1.05
,-8.782,0.129,-4.803,-8.643,0.328,-4.791,8.61,2.52,1.05
,-8.715,0.151,-4.886,-8.701,0.297,-4.623,8.4,2.24,0.98
8252.0,-8.837,0.129,-4.365,-8.813,-0.148,-4.027,8.47,1.19,0.77
,-8.899,0.156,-4.283,-8.854,-0.258,-3.877,8.89,1.26,0.98
,-8.914,0.141,-4.24,-8.985,-0.261,-3.872,8.75,1.33,0.98
,-8.847,-0.065,-4.092,-8.897,-0.103,-3.9,8.12,1.89,1.26
8328.0,-8.804,0.177,-3.932,-8.643,-0.079,-4.48,3.85,4.83,0.49
,-8.758,0.294,-4.269,-8.667,-0.543,-4.25,2.38,5.32,-0.21
,-8.725,0.361,-4.537,-8.804,-0.514,-4.262,0.98,5.32,-1.19
,-8.701,0.218,-4.614,-8.851,-0.108,-4.64,-0.49,5.53,-1.33
8404.0,-8.631,0.495,-4.803,-8.945,-1.204,-3.436,5.81,6.79,1.19
,-8.576,0.593,-4.671,-9.038,-1.23,-3.597,3.36,6.65,0.35
,-8.514,0.168,-4.281,-9.016,-0.364,-4.252,-0.21,7.07,0.14
,-8.741,-0.543,-3.893,-8.614,0.388,-4.908,-2.52,8.26,0.49
8480.0,-8.239,0.847,-5.073,-8.966,0.548,-4.652,8.75,10.01,2.8
,-8.291,0.811,-4.824,-8.622,0.751,-4.611,5.74,10.15,3.15
,-8.562,0.357,-4.401,-8.555,0.206,-4.46,3.43,11.41,4.06
,-8.94,0.103,-4.192,-8.533,-0.294,-4.336,3.22,12.74,4.06
8555.0,-8.875,-0.782,-3.92,-8.227,0.385,-5.109,-2.1,14.63,5.25
,-8.887,-0.591,-4.637,-8.323,0.101,-4.8,-1.19,14.91,6.51
,-8.61,-0.369,-4.843,-8.722,-0.048,-4.042,1.19,14.21,6.72
,-8.402,0.251,-5.047,-8.787,0.05,-4.523,2.52,13.58,6.79
8631.0,-8.799,-0.024,-4.623,-8.253,1.311,-4.781,1.89,16.52,7.35
,-8.792,-0.01,-4.307,-8.248,0.799,-5.229,0.84,16.73,7.63
,-8.313,0.428,-4.578,-8.358,0.742,-5.322,2.17,16.59,7.63
,-8.138,0.5,-4.365,-8.473,1.161,-5.487,2.24,16.45,8.05
8706.0,-8.636,1.563,-5.542,-8.368,0.538,-5.992,7.07,15.68,2.38
,-8.801,1.852,-5.554,-8.155,-0.404,-5.927,5.18,15.68,0.56
,-8.902,1.984,-5.968,-8.301,-0.431,-6.111,0.14,14.7,-1.75
,-8.574,1.622,-5.846,-7.806,0.065,-6.497,-7.98,12.46,-3.22
8782.0,-7.729,0.22,-6.997,-8.251,0.505,-5.896,-4.27,5.6,-1.4
,-8.107,0.349,-6.825,-8.337,0.112,-5.968,-2.94,4.55,-1.33
,-8.263,0.491,-6.535,-8.459,-0.311,-5.805,-1.75,4.06,-0.91
,-8.184,0.663,-6.269,-8.732,-0.581,-5.64,-0.84,3.99,-0.21
8858.0,-8.658,-0.567,-5.286,-8.179,0.981,-5.422,-1.54,0.28,2.52
,-8.327,0.103,-5.324,-8.423,1.067,-4.984,0.14,-0.56,2.45
,-7.916,0.483,-5.738,-8.526,1.113,-4.748,1.61,-1.75,1.47
,-7.952,0.744,-5.757,-8.375,0.838,-4.63,0.49,-2.17,0.28
8934.0,-8.464,0.156,-4.245,-8.442,-0.361,-4.767,-6.16,0.49,-0.7
,-8.801,-0.148,-4.489,-8.332,-0.476,-4.862,-5.88,1.47,0.14
,-8.715,-0.474,-4.604,-8.174,-0.495,-4.817,-4.83,1.75,0.84
,-8.677,-0.431,-4.688,-8.308,-0.299,-4.697,-2.1,2.52,1.54
9010.0,-8.311,0.151,-4.984,-8.291,1.232,-4.836,1.68,4.62,6.3
,-8.409,0.28,-4.58,-8.447,0.871,-4.752,0.91,4.9,5.67
,-8.205,1.108,-4.769,-8.658,0.639,-4.539,1.19,4.55,4.48
,-8.27,1.508,-4.984,-8.634,0.668,-4.635,0.28,5.18,3.85
9085.0,-8.674,0.94,-4.736,-8.296,0.943,-4.872,-4.62,7.42,1.19
,-8.366,1.189,-4.87,-8.33,1.048,-5.193,-2.8,7.0,-1.33
,-8.301,1.05,-4.63,-8.394,1.189,-5.296,-3.57,6.93,-2.87
,-8.289,1.204,-4.683,-8.179,1.247,-5.394,-5.25,8.61,-2.73
9161.0,-7.935,1.012,-5.487,-7.844,-0.601,-6.214,-6.79,9.17,-5.32
,-8.198,0.486,-5.611,-7.643,-1.091,-6.59,-7.49,9.03,-4.76
,-8.291,0.06,-5.614,-7.648,-1.381,-6.068,-8.4,8.33,-4.69
,-8.378,-0.196,-6.083,-7.978,-1.117,-6.071,-6.93,8.33,-3.57
9237.0,-8.291,-0.883,-5.867,-8.026,1.091,-5.767,3.29,5.39,6.3
,-8.502,-0.045,-5.81,-7.806,1.634,-5.865,7.49,4.83,7.28
,-8.27,0.474,-5.915,-7.138,1.929,-6.257,9.38,3.01,7.14
,-8.232,0.524,-5.243,-7.715,1.795,-6.193,9.73,2.38,6.72
9313.0,-7.748,1.364,-5.958,-8.174,-0.206,-6.207,9.24,6.3,2.03
,-8.531,0.452,-6.147,-8.763,-0.397,-5.839,6.65,8.61,4.41
,-8.705,-0.129,-5.42,-8.126,0.139,-6.21,6.93,8.68,4.69
,-9.095,-0.428,-5.585,-7.739,0.682,-6.023,8.12,7.14,5.81
9388.0,-8.066,0.701,-5.298,-8.236,1.445,-5.336,13.3,3.71,5.39
,-7.767,1.39,-5.666,-8.2,1.036,-5.719,13.23,2.73,4.41
,-8.267,1.661,-5.465,-8.619,0.615,-5.24,11.62,3.43,2.66
,-8.071,1.735,-5.463,-8.078,0.782,-5.343,9.1,3.92,1.4
9464.0,-8.155,0.476,-5.497,-8.447,0.823,-5.827,7.21,5.11,4.62
,-8.65,0.244,-5.772,-8.952,0.926,-5.913,7.98,5.25,4.76
,-8.454,0.206,-5.681,-8.519,0.924,-5.867,8.47,4.62,5.04
,-8.449,0.546,-5.966,-7.775,0.665,-6.138,9.73,4.2,6.58
9539.0,-7.298,-0.079,-5.925,-7.985,1.079,-5.987,0.42,2.31,4.69
,-8.019,-0.165,-6.001,-8.174,1.137,-5.932,2.31,3.99,4.2
,-8.189,0.141,-5.762,-8.514,1.273,-5.949,4.55,4.06,3.99
,-8.184,0.857,-5.733,-8.323,1.45,-5.793,6.02,3.57,3.71
9615.0,-8.007,1.496,-5.772,-8.1,0.608,-6.178,3.78,4.27,0.56
,-8.014,1.261,-5.87,-8.062,0.158,-6.241,2.66,5.32,-0.21
,-8.308,0.842,-5.915,-8.095,-0.302,-6.26,1.54,6.09,-0.7
,-8.296,0.713,-5.875,-8.004,-0.347,-6.346,1.12,5.81,-0.98
9691.0,-7.887,-0.191,-6.334,-8.246,1.68,-5.896,4.06,3.22,0.91
,-8.088,0.206,-6.423,-8.04,1.658,-5.707,5.39,3.15,1.54
,-8.402,0.756,-6.19,-7.921,1.488,-5.702,5.74,2.45,1.26
,-8.413,1.441,-6.09,-8.167,1.438,-5.738,4.69,1.26,0.42
9767.0,-8.39,1.484,-5.774,-8.311,1.07,-5.774,-3.01,-0.63,-4.34
,-8.39,1.292,-5.848,-8.011,0.964,-5.851,-2.52,-0.42,-5.18
,-8.327,1.153,-5.901,-7.928,0.577,-5.961,-2.17,0.14,-5.32
,-8.323,1.096,-5.882,-7.861,0.175,-6.078,-1.61,0.28,-5.46
9842.0,-7.976,-0.034,-6.116,-8.21,-0.273,-6.071,-1.4,-2.17,-4.27
,-8.124,0.254,-6.243,-7.906,-0.548,-5.908,1.26,-2.38,-3.43
,-7.971,0.38,-6.324,-7.954,-0.34,-5.839,2.1,-1.96,-2.94
,-8.227,-0.031,-6.03,-7.87,-0.11,-6.08,0.77,-0.63,-2.8
9918.0,-7.794,-0.38,-6.379,-8.514,-0.337,-6.212,3.43,-4.48,1.26
,-7.818,-0.823,-6.296,-8.701,-0.132,-6.073,3.15,-4.62,2.17
,-7.98,-0.565,-6.466,-8.71,0.177,-5.932,6.3,-4.62,3.71
,-8.186,-0.766,-5.956,-8.184,0.668,-5.729,8.26,-4.62,6.09
9994.0,-7.832,1.134,-5.803,-8.547,1.342,-4.901,18.2,-7.7,6.65
,-7.818,1.235,-5.425,-8.509,1.067,-4.738,18.06,-7.42,5.04
,-8.016,1.125,-4.81,-8.509,1.048,-4.984,15.19,-7.7,3.57
,-8.114,1.419,-4.987,-8.387,0.885,-5.03,13.44,-8.33,1.82
10070.0,-8.215,0.936,-5.08,-8.162,0.431,-5.427,13.58,-7.77,-0.77
,-8.165,0.979,-5.307,-8.282,0.223,-5.116,15.05,-7.56,-0.98
,-8.04,0.857,-5.43,-8.256,0.249,-5.3,13.58,-6.86,-1.47
,-8.215,0.529,-5.324,-8.636,0.318,-5.075,11.06,-6.51,-1.96
10146.0,-8.354,0.29,-5.284,-8.636,0.06,-5.219,7.21,-7.91,-2.8
,-8.014,0.402,-5.071,-8.636,0.383,-5.162,7.28,-8.89,-3.85
,-8.009,0.244,-5.2,-8.552,0.526,-5.279,5.46,-7.84,-2.66
,-8.258,-0.151,-5.205,-8.43,0.519,-5.331,6.02,-7.14,-1.89
10221.0,-8.464,0.653,-5.513,-8.6,0.56,-4.721,8.26,-8.19,-0.84
,-8.174,0.842,-5.406,-8.363,0.223,-4.396,7.35,-8.82,-1.26
,-8.177,1.029,-5.324,-8.722,0.804,-4.724,6.02,-8.26,-1.33
,-8.191,0.94,-5.221,-8.55,0.629,-4.905,3.71,-8.19,-2.31
10297.0,-8.605,0.895,-4.901,-8.5,0.412,-4.733,-0.14,-7.84,-3.85
,-8.392,0.938,-5.035,-8.488,0.254,-4.731,-0.56,-8.54,-5.32
,-8.509,0.675,-4.946,-8.435,0.366,-4.956,-0.91,-7.91,-5.81
,-8.457,0.605,-4.81,-8.641,0.268,-4.965,-1.19,-7.35,-5.11
10372.0,-8.648,0.258,-5.336,-8.157,-0.541,-5.066,-1.89,-8.05,-7.49
,-8.614,0.359,-5.499,-8.265,-0.756,-5.073,-1.96,-7.98,-6.58
,-8.598,0.148,-5.303,-8.437,-0.919,-4.817,-2.94,-8.26,-7.0
,-8.397,-0.017,-5.374,-8.634,-0.684,-5.473,-4.06,-9.17,-9.59
10448.0,-8.461,-0.632,-5.525,-8.914,0.065,-4.223,3.36,-10.29,-3.36
,-8.435,-0.311,-5.219,-8.737,0.804,-4.355,5.74,-10.64,-0.42
,-8.502,-0.115,-4.805,-8.758,1.079,-4.628,7.28,-9.8,2.17
,-8.722,-0.148,-4.46,-8.705,1.082,-5.116,8.33,-9.38,3.29
10524.0,-8.777,0.809,-4.934,-8.684,0.172,-4.678,1.96,-11.13,-1.68
,-8.674,0.658,-4.793,-8.902,0.182,-4.489,1.33,-11.41,-2.1
,-8.65,0.304,-4.757,-8.751,0.33,-4.994,1.54,-11.2,-2.1
,-8.823,0.148,-4.518,-8.78,0.184,-4.884,1.96,-11.06,-2.38
10600.0,-8.603,-0.246,-5.145,-9.1,0.706,-4.781,1.33,-13.23,-6.37
,-8.521,-0.471,-4.558,-8.674,1.771,-6.451,1.4,-13.23,-5.11
,-8.667,-0.412,-4.499,-8.16,1.989,-6.231,3.15,-13.02,-4.2
,-8.863,-0.182,-4.513,-8.196,1.675,-5.561,6.37,-13.3,-3.92
10675.0,-8.514,0.672,-4.573,-9.538,-1.046,-1.821,2.52,-19.18,-7.7
,-8.933,-0.38,-3.508,-9.615,-0.653,-2.41,1.05,-17.71,-6.86
,-9.249,-1.192,-2.936,-9.234,0.299,-4.068,2.17,-16.24,-7.49
,-9.445,-1.242,-2.175,-8.777,0.424,-4.396,2.94,-14.98,-7.56
10751.0,-8.27,0.038,-4.089,-9.33,-0.072,-4.623,-6.16,-11.62,-11.06
,-8.258,-0.68,-3.735,-9.112,0.828,-4.451,-7.35,-9.8,-9.17
,-8.789,-1.524,-3.656,-8.82,0.634,-4.013,-4.27,-7.49,-6.44
,-9.229,-1.362,-3.687,-8.71,-0.069,-3.74,1.75,-6.79,-4.48
10826.0,-8.954,-1.019,-3.345,-9.67,-0.443,-3.652,-2.52,-5.81,-5.53
,-9.04,-1.677,-2.728,-9.028,0.704,-4.367,-0.77,-3.85,-2.87
,-9.435,-2.041,-2.034,-8.576,0.818,-4.659,2.8,-2.03,-0.14
,-9.73,-1.737,-2.309,-8.521,0.488,-4.743,8.12,-0.49,1.61
10902.0,-8.701,-0.349,-4.456,-9.545,-1.354,-2.285,2.8,-0.28,-0.77
,-8.854,-1.084,-3.783,-9.304,-0.72,-2.264,2.03,0.35,0.21
,-9.153,-1.56,-3.096,-9.134,-0.278,-2.558,3.92,0.84,1.61
,-9.514,-1.687,-2.565,-9.04,-0.33,-3.257,8.33,2.1,3.15
10978.0,-8.959,-0.213,-3.513,-8.727,0.493,-5.123,6.3,9.03,3.29
,-9.014,-0.179,-3.807,-8.648,0.555,-5.296,3.99,9.52,2.66
,-9.11,-0.05,-4.317,-8.741,0.313,-5.207,2.45,9.73,2.1
,-8.973,0.282,-4.848,-8.837,0.055,-5.008,1.47,8.96,1.68
11054.0,-8.954,-0.213,-4.826,-8.947,-0.132,-4.417,-1.19,3.85,0.63
,-9.028,-0.215,-4.764,-8.835,-0.072,-4.343,0.98,3.29,1.05
,-8.947,-0.091,-4.755,-8.904,-0.23,-4.293,2.8,1.96,1.05
,-8.983,-0.201,-4.57,-8.985,-0.323,-4.154,3.85,1.26,0.91
11130.0,-9.007,-0.285,-4.063,-8.933,-0.213,-4.29,4.48,0.84,0.77
,-9.033,-0.227,-4.128,-8.856,-0.249,-4.209,4.62,0.7,0.63
,-9.052,-0.235,-4.032,-8.844,-0.304,-4.073,4.06,0.7,0.63
,-8.933,-0.163,-4.161,-8.969,-0.337,-4.18,3.57,0.56,0.42
11205.0,-9.0,-0.261,-4.168,-9.007,-0.048,-4.049,4.62,0.7,1.12
,-8.995,-0.069,-4.068,-9.05,-0.141,-4.106,4.9,0.77,1.12
,-9.05,-0.031,-4.049,-9.052,-0.084,-4.058,4.34,0.56,0.98
,-9.036,0.024,-4.018,-9.036,-0.278,-3.951,3.64,0.49,0.98
11281.0,-9.069,-0.309,-3.955,-8.995,-0.421,-4.101,2.03,0.63,0.42
,-9.036,-0.12,-4.113,-8.961,-0.378,-4.192,2.38,0.91,0.35
,-8.985,-0.127,-4.113,-8.971,-0.321,-4.142,1.89,0.91,-0.21
,-8.981,-0.254,-4.147,-8.938,-0.409,-3.994,1.19,0.77,-0.42
11357.0,-8.945,-0.325,-4.089,-9.076,-0.16,-3.853,3.43,1.4,0.56
,-9.005,-0.203,-4.128,-8.99,-0.177,-3.829,4.2,1.26,0.7
,-9.076,-0.165,-3.999,-9.064,-0.139,-3.869,4.13,1.47,0.77
,-9.055,-0.215,-3.884,-9.06,-0.177,-3.953,3.78,1.68,0.84
11433.0,-9.038,-0.266,-4.015,-9.074,-0.299,-3.91,1.05,2.8,0.07
,-8.978,-0.304,-4.298,-9.098,-0.151,-3.676,1.05,2.73,0.0
,-8.777,-0.378,-4.18,-9.057,-0.105,-3.539,1.4,2.87,0.28
,-8.827,-0.313,-4.054,-9.194,-0.354,-3.226,1.96,3.29,0.49
11508.0,-9.323,-0.495,-3.171,-8.648,-0.483,-4.597,-3.01,6.37,-0.7
,-9.349,-0.342,-3.666,-8.576,-0.704,-4.267,-2.66,6.86,-0.91
,-9.15,-0.378,-3.975,-8.744,-0.835,-4.25,-2.45,6.58,-0.63
,-8.904,-0.244,-4.46,-8.952,-0.931,-4.03,-2.24,6.58,-0.21
11584.0,-9.057,-0.888,-3.599,-8.753,0.732,-4.487,4.69,8.05,5.67
,-9.191,-0.558,-3.699,-8.78,0.313,-4.322,5.39,8.68,5.6
,-9.146,0.211,-4.135,-8.842,-0.302,-3.996,5.6,8.05,4.83
,-8.973,0.744,-4.475,-8.804,-0.828,-3.455,3.78,6.58,3.08
11659.0,-8.945,-0.689,-3.34,-8.957,-1.436,-2.852,-8.19,9.03,2.66
,-9.086,-0.567,-3.101,-8.866,-2.137,-3.065,-7.21,10.43,2.38
,-9.239,-0.354,-3.441,-8.614,-1.936,-3.527,-7.21,10.99,1.82
,-9.141,-0.969,-3.046,-8.579,-1.225,-3.204,-8.33,11.97,3.29
11735.0,-8.562,0.383,-4.19,-8.861,1.043,-4.312,13.02,20.58,14.35
,-8.861,0.983,-4.424,-8.619,0.72,-4.929,12.53,20.44,12.32
,-8.868,1.457,-4.798,-8.354,-0.172,-4.97,7.49,20.16,10.43
,-8.885,1.22,-4.582,-8.469,-1.086,-4.652,1.75,19.74,8.68
11811.0,-8.512,-1.567,-4.604,-8.641,0.081,-4.602,2.73,20.02,8.61
,-8.768,-1.476,-3.427,-8.741,0.153,-4.788,10.22,21.77,12.74
,-8.856,-0.68,-3.91,-8.452,0.96,-4.891,16.59,23.66,13.23
,-8.631,-0.132,-4.302,-8.557,1.972,-4.606,18.34,23.03,11.69
11887.0,-8.739,2.407,-5.03,-8.605,-0.182,-4.996,13.16,22.4,5.81
,-8.586,1.783,-5.236,-8.641,-0.498,-4.716,7.35,20.58,2.1
,-8.488,1.165,-5.001,-8.418,-0.541,-5.061,1.47,19.53,1.05
,-8.626,0.524,-5.09,-8.267,-0.299,-5.138,-2.03,19.25,0.7
11962.0,-8.454,0.388,-5.456,-8.014,-0.187,-6.348,7.63,19.04,2.73
,-8.574,0.711,-5.748,-8.081,-1.034,-6.044,6.86,17.64,0.14
,-8.433,0.9,-5.87,-8.308,-1.383,-5.829,3.5,15.89,-1.47
,-8.148,0.684,-6.109,-8.315,-1.51,-5.554,0.91,14.84,-1.89
12038.0,-8.179,-1.314,-5.731,-8.591,0.885,-5.841,2.73,14.07,8.12
,-7.844,-0.972,-5.867,-8.619,1.828,-6.013,6.37,13.16,10.5
,-7.944,-0.548,-6.066,-8.49,2.206,-6.001,9.38,11.83,11.83
,-8.15,-0.098,-6.021,-7.904,1.977,-5.949,11.13,11.13,11.76
12114.0,-7.918,1.089,-5.793,-8.581,1.086,-5.312,-3.78,5.32,1.68
,-8.38,0.57,-5.506,-8.399,1.407,-5.305,-5.67,6.44,1.82
,-8.662,0.227,-5.348,-8.387,1.555,-5.236,-5.18,7.35,1.4
,-8.713,0.684,-5.188,-8.536,1.196,-5.145,-2.38,8.05,0.63
12190.0,-8.464,0.833,-5.097,-8.167,-0.424,-5.343,-9.8,5.88,-8.26
,-8.447,0.857,-5.42,-8.337,-0.732,-5.236,-9.45,5.32,-9.38
,-8.287,0.526,-5.432,-8.43,-0.866,-4.891,-9.31,6.16,-8.82
,-8.179,0.151,-5.724,-8.169,-0.371,-5.027,-11.13,6.44,-8.33
12265.0,-8.153,0.12,-4.843,-8.445,0.385,-5.061,-2.38,8.47,-2.73
,-8.071,0.23,-4.965,-8.354,0.687,-5.109,-3.43,8.61,-2.8
,-8.205,0.512,-5.054,-7.997,0.761,-5.207,-4.13,8.33,-3.85
,-8.559,0.347,-5.059,-8.32,0.89,-5.504,-5.11,9.31,-3.92
12341.0,-8.256,0.589,-5.568,-7.82,-1.974,-5.796,-3.92,10.78,-3.43
,-8.358,-0.101,-6.028,-7.753,-1.665,-5.748,-5.04,12.53,-0.91
,-7.765,-1.0,-5.891,-7.901,-1.218,-6.061,-6.16,12.32,1.75
,-7.901,-1.677,-5.765,-7.925,-0.89,-6.111,-5.95,12.53,4.55
12417.0,-7.653,-0.232,-6.257,-8.081,1.019,-5.925,6.86,8.12,10.01
,-7.779,0.208,-6.171,-8.258,1.211,-6.451,4.55,9.38,10.57
,-7.813,0.665,-6.48,-7.988,1.211,-6.183,4.76,8.82,9.03
,-7.358,0.998,-6.614,-8.698,0.998,-5.939,3.85,9.66,8.96
12492.0,-8.303,0.593,-6.188,-7.942,0.66,-5.999,1.19,8.96,8.82
,-8.308,0.505,-5.731,-8.181,0.61,-5.951,1.82,8.68,7.21
,-7.894,0.593,-5.863,-7.619,0.486,-6.14,3.57,7.98,6.3
,-8.282,0.601,-5.834,-7.602,0.323,-6.241,5.11,7.7,5.81
12568.0,-8.009,-0.024,-5.889,-7.55,0.759,-6.135,4.06,7.77,7.7
,-8.308,0.045,-6.229,-7.839,0.625,-6.088,6.93,6.23,7.49
,-8.378,0.306,-6.19,-8.107,1.115,-6.198,7.14,5.67,7.77
,-7.662,0.421,-6.116,-8.203,1.254,-6.15,7.84,6.23,8.4
12644.0,-8.129,1.251,-6.305,-8.002,0.156,-6.035,4.2,5.25,5.67
,-8.059,1.218,-6.439,-7.961,0.191,-6.085,3.15,5.67,3.99
,-8.141,0.672,-6.346,-7.892,0.512,-6.195,3.22,6.3,3.92
,-7.959,0.168,-5.956,-7.784,0.94,-6.305,2.31,7.14,4.48
12720.0,-7.854,1.094,-6.451,-7.758,1.07,-6.43,6.65,5.53,4.27
,-8.055,0.809,-6.272,-7.806,0.983,-6.561,4.83,5.95,3.71
,-8.275,0.881,-6.205,-7.82,0.644,-6.588,4.41,6.09,2.73
,-8.119,0.991,-6.399,-7.868,0.163,-6.451,4.83,5.18,1.75
12795.0,-7.815,0.278,-6.437,-7.899,0.491,-6.559,4.76,4.06,-1.05
,-7.755,0.431,-6.647,-8.004,0.452,-6.54,6.16,3.36,-1.61
,-7.865,0.505,-6.724,-7.949,0.503,-6.535,6.65,3.01,-2.17
,-7.952,0.445,-6.557,-7.877,0.653,-6.516,4.55,2.87,-2.03
12871.0,-7.784,0.486,-6.47,-7.76,0.433,-6.315,2.87,-1.26,-1.54
,-7.885,0.325,-6.408,-7.72,0.369,-6.375,2.8,-1.05,-1.05
,-8.043,0.175,-6.291,-7.93,0.354,-6.205,3.08,-1.4,-0.7
,-7.918,0.29,-6.296,-7.995,0.488,-6.234,4.13,-1.96,-0.21
12947.0,-8.014,0.617,-6.286,-7.834,0.826,-6.327,4.55,-3.64,0.07
,-8.114,0.715,-6.226,-7.954,0.474,-6.238,5.25,-4.48,-0.35
,-8.052,0.866,-6.193,-8.098,0.156,-6.116,5.67,-5.25,-0.98
,-7.832,1.0,-6.193,-7.918,0.112,-6.174,5.53,-5.18,-1.54
13023.0,-7.834,0.053,-6.241,-7.787,0.141,-6.2,3.15,-6.23,-1.33
,-7.818,-0.05,-6.25,-7.999,0.263,-6.174,3.99,-6.51,-0.98
,-7.741,-0.086,-6.19,-8.232,0.151,-6.126,4.55,-6.79,-0.42
,-7.717,0.055,-6.174,-8.277,-0.225,-5.882,4.76,-7.49,0.28
13098.0,-8.117,-0.235,-5.958,-7.705,-0.093,-6.085,5.39,-8.19,3.92
,-7.959,-0.132,-6.021,-7.961,0.17,-6.068,7.14,-9.03,4.83
,-7.71,-0.122,-6.119,-8.107,0.562,-5.934,7.63,-10.08,5.53
,-7.71,-0.074,-6.243,-8.267,0.759,-5.999,9.31,-10.01,5.74
13174.0,-8.229,0.921,-5.906,-8.098,0.938,-5.432,15.61,-10.22,5.04
,-8.203,0.952,-5.853,-8.236,0.857,-5.647,14.77,-9.38,5.18
,-8.291,0.878,-5.535,-8.442,0.995,-5.858,14.07,-9.38,4.76
,-8.27,0.842,-5.42,-8.464,0.94,-5.81,13.51,-10.29,3.01
13249.0,-8.098,0.833,-5.621,-8.007,0.897,-5.595,14.28,-10.78,-0.28
,-8.385,0.816,-5.757,-8.081,0.479,-5.504,14.63,-10.64,-1.61
,-8.172,0.833,-5.559,-8.239,0.256,-5.372,12.88,-11.9,-3.71
,-8.064,0.871,-5.48,-8.284,0.199,-5.413,11.9,-13.51,-5.39
13325.0,-8.354,0.242,-5.37,-8.366,-0.431,-5.396,8.26,-11.13,-3.5
,-8.117,0.11,-5.396,-8.368,0.0,-5.506,8.4,-11.06,-3.01
,-8.346,-0.055,-5.346,-8.531,0.203,-5.535,7.84,-10.29,-0.98
,-8.086,-0.538,-5.207,-8.586,0.232,-5.654,6.37,-11.13,0.28
13401.0,-8.394,0.457,-5.719,-8.402,0.292,-4.96,7.91,-16.24,-3.08
,-8.04,0.593,-5.573,-8.689,0.483,-4.843,6.02,-16.73,-4.06
,-7.897,0.359,-5.372,-8.547,0.292,-4.681,4.06,-16.17,-4.41
,-8.2,0.153,-4.944,-8.124,-0.27,-4.015,2.31,-15.61,-4.62
13477.0,-8.842,0.304,-4.326,-8.617,0.256,-4.578,1.05,-14.63,-1.47
,-8.617,0.053,-4.841,-8.614,0.546,-4.702,2.8,-13.02,-1.05
,-8.588,0.034,-4.544,-8.555,0.354,-4.623,3.5,-12.74,0.14
,-8.464,0.328,-4.652,-8.497,0.175,-4.506,4.83,-12.81,-0.84
13553.0,-8.571,0.067,-4.367,-8.445,0.038,-4.578,-1.4,-12.67,-6.16
,-9.007,-0.093,-4.331,-8.485,0.108,-4.647,-1.61,-11.55,-7.35
,-8.701,0.122,-4.472,-8.729,-0.079,-4.355,-1.75,-12.04,-8.89
,-8.466,0.141,-4.666,-8.77,-0.397,-4.463,-1.82,-12.46,-10.08
13628.0,-8.851,-0.457,-4.606,-8.629,-0.763,-4.537,-3.99,-11.2,-9.45
,-8.799,-0.572,-4.389,-8.811,-0.179,-4.719,-3.85,-10.85,-7.7
,-8.672,-0.955,-4.393,-8.715,0.459,-5.231,-3.43,-10.29,-5.67
,-8.701,-1.122,-4.19,-8.693,0.469,-5.262,-1.47,-9.31,-3.08
13704.0,-8.411,0.337,-4.759,-8.686,-0.12,-4.908,3.29,-12.32,-2.1
,-8.629,0.038,-4.685,-8.748,-0.201,-4.542,1.96,-12.32,-2.87
,-8.873,-0.187,-4.484,-8.801,-0.302,-4.24,3.01,-12.25,-3.78
,-8.804,-0.091,-4.846,-9.055,-0.424,-4.424,3.99,-12.81,-5.18
13780.0,-9.086,-0.268,-4.051,-8.765,0.091,-4.116,5.25,-12.81,-3.29
,-8.942,0.12,-4.271,-8.988,-0.16,-4.159,5.81,-13.58,-4.2
,-8.763,0.388,-4.625,-8.947,-0.129,-4.161,5.32,-14.7,-5.88
,-8.617,0.225,-4.271,-8.981,-0.019,-3.929,3.71,-15.19,-5.88
13856.0,-9.107,-0.235,-3.537,-9.258,0.258,-3.58,2.66,-13.86,-6.02
,-9.002,-0.639,-2.946,-9.043,0.514,-3.848,1.75,-12.04,-4.97
,-9.208,-0.842,-2.422,-8.746,0.294,-4.216,2.1,-10.29,-4.34
,-9.301,-0.392,-2.726,-8.658,-0.347,-4.073,4.34,-8.33,-4.62
13931.0,-8.825,-1.027,-3.819,-9.21,-0.986,-3.908,-3.99,-6.79,-7.7
,-8.997,-1.338,-3.9,-9.028,-0.613,-4.274,-1.47,-5.53,-6.02
,-9.127,-1.4,-3.597,-8.777,-0.562,-4.405,1.47,-5.53,-4.34
,-9.189,-1.254,-3.532,-8.725,-0.656,-4.058,3.64,-5.53,-3.08
14007.0,-8.847,-0.526,-4.243,-9.328,-0.952,-3.13,3.92,-5.04,-1.82
,-9.012,-0.581,-3.967,-9.313,-0.981,-3.082,5.81,-4.62,-1.05
,-9.088,-0.62,-3.692,-9.131,-0.548,-3.367,7.14,-4.55,0.07
,-9.215,-0.689,-3.36,-9.112,-0.153,-3.513,8.26,-4.13,1.26
14082.0,-9.002,-0.086,-3.539,-8.942,-0.115,-4.477,6.65,-1.33,-0.07
,-9.091,-0.268,-3.475,-8.835,-0.294,-4.267,2.59,-0.63,-0.77
,-9.241,-0.189,-4.245,-8.842,-0.34,-4.176,0.7,-0.7,-2.1
,-9.093,-0.199,-4.374,-9.038,-0.486,-3.848,-0.63,-1.89,-2.66
14158.0,-9.131,-0.885,-3.362,-9.16,-0.653,-3.525,-0.7,-2.31,-1.61
,-9.349,-1.204,-2.965,-9.021,-0.294,-3.908,0.07,-1.33,-0.56
,-9.407,-1.208,-2.86,-8.868,-0.074,-4.238,1.96,-0.28,0.21
,-9.335,-1.007,-3.206,-8.897,-0.065,-4.475,3.36,0.63,0.49
14234.0,-8.837,-0.163,-4.403,-9.416,-0.201,-3.609,-0.56,0.98,-1.47
,-8.859,-0.493,-4.111,-9.304,0.031,-3.563,-1.61,0.98,-1.05
,-8.988,-0.699,-3.594,-9.134,-0.074,-3.699,-1.12,1.12,0.0
,-9.337,-0.529,-3.475,-9.036,-0.433,-3.642,1.19,1.4,0.14
14310.0,-9.016,-0.895,-3.747,-9.239,-0.187,-4.025,-4.13,2.03,-1.19
,-9.016,-1.098,-3.757,-9.146,0.014,-4.044,-2.66,2.24,-0.42
,-9.1,-1.015,-3.769,-9.081,0.091,-4.027,0.35,2.45,0.77
,-9.182,-0.601,-3.886,-9.081,0.026,-4.188,3.15,2.59,1.54
14385.0,-9.074,-0.086,-4.032,-9.201,-0.23,-3.862,1.26,1.4,-0.07
,-9.107,-0.287,-3.924,-9.15,-0.191,-3.829,1.05,1.54,-0.07
,-9.158,-0.402,-3.759,-9.093,-0.34,-3.8,1.61,1.54,0.28
,-9.196,-0.309,-3.826,-9.155,-0.639,-3.726,2.66,1.61,0.21
14461.0,-9.179,-0.804,-3.702,-8.954,-0.447,-3.908,0.07,1.82,-0.98
,-9.103,-0.627,-3.699,-8.997,-0.543,-3.874,0.84,2.31,-0.77
,-9.141,-0.426,-4.025,-9.088,-0.615,-3.824,0.98,2.38,-0.84
,-9.048,-0.359,-3.975,-9.124,-0.464,-3.814,0.7,2.38,-0.7
14536.0,-9.239,-0.44,-3.877,-9.057,-0.395,-3.877,3.22,2.87,0.49
,-9.165,-0.361,-3.836,-9.052,-0.436,-3.8,2.66,2.45,0.28
,-9.117,-0.412,-3.754,-9.122,-0.541,-3.75,2.03,2.45,0.21
,-9.095,-0.493,-3.877,-9.112,-0.646,-3.707,2.1,2.94,0.14
14612.0,-9.134,-0.634,-3.731,-9.04,-0.285,-4.073,2.45,3.64,0.56
,-9.124,-0.507,-3.795,-9.031,-0.261,-4.116,3.08,3.71,0.77
,-9.095,-0.318,-3.867,-9.05,-0.273,-4.288,3.29,3.85,0.91
,-9.146,-0.27,-3.984,-8.914,-0.364,-4.357,3.01,3.71,0.84
14688.0,-8.954,-0.574,-4.245,-9.213,-0.529,-3.381,1.05,1.89,-0.49
,-9.024,-0.603,-4.089,-9.249,-0.617,-3.379,1.82,2.1,-0.35
,-9.086,-0.471,-3.867,-9.246,-0.601,-3.312,2.66,1.89,-0.42
,-9.062,-0.443,-3.719,-9.275,-0.553,-3.47,2.52,2.24,-0.21
14764.0,-9.115,-0.443,-3.613,-8.995,-0.627,-3.74,-0.77,4.27,-0.7
,-9.055,-0.39,-3.745,-9.143,-0.581,-3.8,-1.61,4.2,-0.91
,-9.019,-0.5,-3.68,-9.131,-0.359,-4.044,-2.31,4.83,-0.77
,-8.961,-0.605,-3.728,-9.052,-0.223,-3.841,-2.38,5.25,-0.49
14840.0,-9.064,-0.266,-3.836,-9.028,-1.393,-3.022,-2.38,6.09,-2.03
,-8.971,-0.646,-3.74,-9.194,-1.359,-2.735,-4.06,6.65,-2.17
,-8.885,-1.017,-3.592,-9.366,-1.024,-3.183,-3.99,7.0,-1.4
,-8.957,-1.316,-3.35,-9.268,-0.715,-3.606,-2.31,7.77,-0.14
14915.0,-8.993,-0.579,-3.64,-8.823,-0.684,-3.415,3.36,12.46,5.04
,-8.887,-0.766,-3.798,-9.045,-0.352,-3.774,1.47,12.95,6.09
,-8.703,-1.05,-4.006,-9.014,-0.091,-3.91,1.75,13.58,6.86
,-8.55,-1.024,-3.324,-8.935,-0.395,-3.903,3.36,14.35,9.24
14991.0,-8.93,-0.622,-3.683,-8.519,0.555,-4.52,2.31,17.64,10.08
,-9.045,-0.567,-3.805,-8.581,0.337,-4.369,2.66,18.62,10.78
,-9.045,-0.024,-4.269,-8.624,-0.278,-4.025,4.69,18.76,10.08
,-8.739,0.395,-4.513,-8.928,-0.519,-4.14,5.11,17.92,8.54
15067.0,-8.983,-0.792,-4.771,-8.854,-0.304,-4.319,1.54,18.48,6.51
,-8.815,-1.027,-4.597,-8.825,0.254,-4.865,4.76,18.06,7.63
,-8.631,-1.134,-4.484,-8.782,0.771,-5.587,7.84,18.97,9.17
,-8.516,-0.945,-3.711,-8.763,0.95,-5.896,12.11,20.23,11.2
15143.0,-8.543,0.526,-5.463,-8.753,-0.57,-4.63,6.02,15.12,5.04
,-8.54,-0.376,-4.561,-8.49,-0.541,-4.551,0.0,17.08,6.16
,-8.701,-0.861,-4.212,-8.636,-0.184,-4.295,-0.98,18.2,6.58
,-8.646,-0.696,-4.501,-8.897,0.739,-4.695,1.4,17.99,6.51
15218.0,-8.933,1.302,-5.085,-8.531,-0.055,-5.08,11.41,16.8,6.02
,-8.763,1.723,-5.324,-8.543,-0.814,-5.087,10.36,16.1,4.48
,-8.49,1.429,-5.224,-8.425,-1.158,-5.24,6.79,16.24,3.08
,-8.559,0.778,-5.039,-8.313,-1.357,-5.2,2.59,16.94,1.89
15294.0,-8.466,-1.07,-5.164,-8.019,-0.012,-5.786,5.74,15.12,3.92
,-8.622,-0.579,-5.626,-7.978,-0.318,-5.497,9.94,14.63,2.8
,-8.54,-0.349,-5.772,-8.224,-0.555,-5.42,10.5,14.0,2.03
,-8.404,-0.022,-5.872,-8.512,-0.718,-5.219,8.82,12.88,1.89
15369.0,-8.703,-0.349,-5.116,-8.478,-0.39,-4.779,6.58,10.71,5.74
,-8.55,0.124,-5.181,-8.67,0.024,-5.03,9.66,10.71,6.02
,-8.375,0.089,-4.956,-8.854,0.593,-5.08,9.66,11.34,6.3
,-8.248,-0.383,-4.786,-8.552,1.084,-5.068,7.91,12.25,7.0
15445.0,-8.212,1.216,-4.944,-8.614,0.187,-5.485,7.28,11.62,0.7
,-8.117,1.247,-5.083,-8.536,0.11,-5.463,4.48,12.74,-0.91
,-8.323,0.866,-5.109,-8.234,0.136,-5.695,1.54,13.3,-2.52
,-8.478,0.641,-5.355,-8.234,-0.112,-5.702,0.07,13.16,-3.92
15521.0,-8.16,-0.483,-5.568,-8.186,-0.706,-5.341,-0.63,11.83,-3.5
,-8.066,-1.007,-5.319,-8.208,-0.768,-5.059,-2.1,12.46,-2.03
,-8.184,-1.201,-5.14,-8.196,-0.153,-4.927,-1.96,13.16,-0.14
,-8.296,-1.307,-5.15,-8.22,0.802,-5.279,-0.91,13.23,1.05
15597.0,-8.229,1.251,-5.341,-8.497,-0.811,-5.348,-0.42,13.44,0.21
,-8.394,1.488,-5.669,-8.413,-1.508,-5.398,-0.98,13.23,-2.45
,-8.375,1.003,-5.477,-8.04,-1.819,-5.418,-3.43,13.51,-3.99
,-8.418,0.304,-5.401,-7.932,-2.192,-5.587,-6.37,14.56,-3.64
15672.0,-7.662,-1.977,-5.87,-7.76,1.441,-6.576,2.38,14.21,7.98
,-7.552,-1.45,-5.985,-7.868,1.33,-6.714,6.09,13.79,9.17
,-7.655,-0.809,-5.949,-7.952,1.041,-6.504,8.47,12.74,9.1
,-7.566,0.593,-6.329,-8.256,0.325,-6.226,10.29,11.55,7.42
15748.0,-8.37,-0.424,-6.238,-7.858,-0.754,-6.1,-7.63,10.64,2.1
,-8.48,-0.708,-6.071,-7.65,-0.309,-6.195,-6.16,10.5,4.34
,-7.952,-0.893,-5.982,-7.7,-0.017,-6.437,-3.01,10.99,6.51
,-7.909,-1.003,-6.102,-7.564,0.297,-6.482,1.54,10.99,7.28
15824.0,-8.181,0.373,-6.695,-7.889,-0.605,-5.841,1.82,7.21,7.35
,-7.99,-0.129,-6.679,-8.09,-0.462,-5.927,-1.61,6.93,7.14
,-8.169,-0.304,-6.123,-7.868,-0.215,-5.949,-2.87,5.81,7.42
,-8.16,-0.565,-6.114,-7.576,-0.084,-5.91,-2.1,6.23,8.61
15900.0,-7.999,-0.055,-5.882,-7.966,1.046,-6.073,6.58,3.57,11.97
,-7.954,0.251,-6.054,-7.822,0.83,-5.944,7.0,2.59,11.97
,-8.2,0.761,-6.107,-8.227,0.424,-5.894,7.7,2.03,11.27
,-8.047,1.091,-6.023,-8.337,0.27,-6.08,6.58,2.1,10.08
15976.0,-8.004,0.213,-6.111,-8.339,0.503,-6.334,3.5,3.43,7.14
,-7.839,0.354,-6.379,-8.107,0.424,-6.169,5.11,3.22,7.49
,-7.882,0.412,-6.403,-7.875,0.603,-6.131,6.02,2.94,7.63
,-8.174,0.469,-6.389,-7.983,0.529,-6.26,6.16,2.73,6.86
16051.0,-8.052,0.225,-6.181,-7.861,1.266,-6.351,2.59,1.26,3.29
,-8.09,0.483,-6.169,-8.004,1.374,-6.377,3.08,0.77,2.8
,-8.15,0.771,-6.119,-8.019,1.481,-6.391,3.99,0.42,1.82
,-7.892,1.067,-6.183,-8.181,1.522,-6.547,4.48,0.14,0.28
16127.0,-8.133,1.199,-6.58,-7.897,0.321,-6.717,-0.42,0.28,-7.21
,-7.983,0.646,-6.679,-7.722,0.084,-6.808,-1.47,0.07,-8.05
,-8.002,0.325,-6.779,-7.947,-0.512,-6.614,-1.33,-0.07,-8.33
,-8.098,0.287,-6.7,-7.966,-0.955,-6.487,-0.49,-0.77,-8.54
16202.0,-7.676,-1.079,-6.391,-8.287,1.139,-6.344,-3.64,-5.25,-7.0
,-7.777,-0.907,-6.26,-8.313,0.842,-6.049,-0.63,-5.88,-5.95
,-7.897,-0.16,-6.257,-8.078,0.158,-5.738,2.8,-7.07,-5.53
,-8.016,0.794,-6.377,-7.954,-0.369,-5.564,5.18,-7.7,-5.95
16278.0,-8.136,-0.601,-5.628,-7.906,-0.282,-5.678,-2.59,-5.6,-5.67
,-8.27,-0.591,-5.619,-7.94,-0.438,-5.542,2.17,-5.74,-5.18
,-8.179,-0.206,-5.743,-8.011,-0.687,-5.449,6.86,-6.16,-4.62
,-7.918,0.072,-5.887,-8.064,-0.833,-5.331,9.17,-6.16,-4.2
16354.0,-8.031,-0.689,-5.348,-7.98,0.057,-5.652,5.32,-5.88,-0.63
,-7.992,-0.419,-5.374,-8.002,0.256,-5.501,6.3,-6.02,0.0
,-8.043,-0.302,-5.487,-8.167,0.323,-5.413,7.28,-6.16,-0.28
,-8.16,-0.153,-5.568,-8.229,0.242,-5.427,7.14,-6.65,-0.56
16430.0,-8.191,0.158,-5.432,-8.009,0.158,-5.721,6.86,-5.25,-0.21
,-8.385,0.091,-5.475,-8.105,-0.072,-5.812,7.84,-5.46,-0.42
,-8.301,0.201,-5.635,-8.129,-0.141,-5.92,9.31,-6.23,-0.91
,-8.244,0.402,-5.836,-8.117,-0.151,-5.975,10.36,-5.81,-1.33
16505.0,-8.191,-0.026,-6.011,-8.256,0.002,-5.879,8.54,-6.3,-1.75
,-8.04,-0.112,-5.985,-8.224,0.191,-5.87,7.98,-6.65,-1.82
,-8.107,-0.194,-5.956,-8.239,0.263,-5.87,7.35,-6.72,-1.96
,-8.2,-0.153,-5.908,-8.373,-0.17,-5.853,8.19,-6.86,-2.1
16581.0,-8.327,-0.445,-5.879,-8.236,0.136,-5.724,8.47,-8.19,-1.82
,-8.11,-0.412,-5.896,-8.055,-0.06,-5.619,10.01,-8.47,-1.19
,-8.143,-0.17,-5.769,-8.112,-0.041,-5.568,11.62,-8.96,-1.19
,-8.263,0.206,-5.798,-8.356,-0.089,-5.516,12.39,-9.17,-1.68
16657.0,-8.502,-0.213,-5.372,-8.327,0.067,-4.771,6.44,-11.2,-3.43
,-8.567,-0.273,-5.339,-8.052,-0.189,-5.037,6.02,-11.69,-3.92
,-8.595,-0.12,-5.157,-8.497,-0.069,-5.169,5.04,-12.32,-4.55
,-8.454,0.005,-5.09,-8.394,-0.012,-5.114,4.34,-12.04,-4.55
16733.0,-8.246,-0.127,-5.166,-8.677,0.246,-5.142,1.19,-12.67,-5.67
,-8.406,-0.132,-5.279,-8.708,-0.048,-5.334,1.96,-12.46,-5.53
,-8.459,-0.007,-5.238,-8.579,-0.249,-5.339,2.66,-12.25,-5.67
,-8.524,0.05,-5.14,-8.387,0.96,-6.669,2.73,-11.83,-5.95
16808.0,-7.944,-0.464,-5.494,-8.464,-1.108,-4.963,-2.03,-15.33,-9.73
,-8.289,-1.098,-5.374,-8.402,-1.204,-4.908,-2.8,-14.42,-7.21
,-8.361,-1.316,-5.274,-8.418,-1.027,-4.963,-1.05,-13.79,-6.51
,-8.509,-1.314,-5.135,-8.497,-0.744,-4.781,1.05,-14.07,-4.62
16884.0,-8.574,-0.627,-4.482,-8.648,-0.045,-4.381,7.63,-14.07,0.63
,-8.792,-0.663,-4.338,-8.495,-0.05,-4.487,7.14,-13.65,0.91
,-8.844,-0.51,-4.42,-8.722,-0.237,-4.317,6.23,-14.07,-0.35
,-8.729,-0.345,-4.322,-8.842,-0.215,-4.422,5.81,-14.35,-0.98
16960.0,-8.813,-0.258,-3.879,-8.954,-0.38,-4.518,3.57,-13.09,-1.96
,-8.748,-0.089,-4.343,-8.856,-0.424,-4.917,4.55,-12.18,-1.82
,-8.851,-0.134,-4.515,-8.737,-0.572,-5.085,4.55,-12.81,-1.82
,-8.859,-0.227,-4.716,-8.512,-0.522,-4.97,3.85,-13.23,-2.24
17035.0,-8.559,-0.622,-4.709,-8.892,-0.409,-4.123,4.2,-15.26,-3.22
,-8.789,-0.756,-4.125,-8.701,-0.294,-4.133,3.85,-15.19,-3.15
,-8.969,-0.782,-4.042,-8.799,-0.806,-3.625,4.41,-15.12,-3.92
,-9.012,-0.656,-4.176,-8.904,-0.89,-3.635,5.95,-15.19,-5.11
17111.0,-9.031,-0.725,-3.754,-8.859,-0.065,-5.353,2.73,-15.26,-5.88
,-8.978,-0.464,-4.468,-8.586,-0.543,-4.298,4.2,-15.47,-7.35
,-8.942,-0.036,-4.223,-8.689,-0.95,-3.85,3.22,-17.22,-7.84
,-8.77,0.225,-4.941,-9.043,-1.651,-3.305,1.82,-17.71,-8.61
17187.0,-9.196,-1.732,-2.8,-9.208,-1.273,-2.568,4.83,-15.89,-3.36
,-9.313,-1.687,-2.343,-8.892,-1.125,-2.651,7.42,-14.7,-2.45
,-9.445,-1.445,-2.194,-8.897,-1.098,-2.74,8.26,-13.44,-2.03
,-9.32,-1.304,-2.458,-9.086,-1.208,-2.73,7.84,-11.97,-2.24
17263.0,-9.203,-1.395,-2.759,-9.423,-0.67,-3.07,5.6,-1.68,0.42
,-9.182,-1.721,-2.443,-9.141,-0.285,-3.434,6.23,-0.35,1.96
,-9.368,-1.697,-2.259,-8.954,-0.249,-3.654,7.98,1.47,3.57
,-9.469,-1.218,-2.584,-8.847,-0.639,-3.884,10.08,3.36,4.06
17338.0,-8.82,-0.967,-3.62,-8.978,-0.512,-4.262,-0.35,6.58,1.61
,-9.11,-1.017,-3.798,-8.844,-0.553,-4.226,0.21,7.07,1.89
,-9.256,-0.897,-3.841,-8.813,-0.663,-4.149,1.26,7.14,1.96
,-9.131,-0.723,-4.011,-8.964,-0.857,-4.121,1.33,6.79,1.75
17414.0,-9.141,-0.986,-3.848,-9.045,-0.459,-4.69,0.49,6.72,1.96
,-9.196,-0.924,-3.812,-8.76,-0.402,-4.688,0.98,6.79,1.96
,-9.261,-0.897,-3.953,-8.638,-0.352,-4.606,0.98,6.16,1.82
,-9.098,-0.62,-3.977,-8.88,-0.507,-4.463,0.56,5.81,1.75
17490.0,-9.074,-0.658,-4.279,-8.964,-0.555,-4.085,-2.87,3.22,-0.56
,-9.079,-0.699,-4.188,-8.866,-0.474,-4.197,-2.38,2.59,-0.35
,-9.119,-0.696,-3.944,-8.973,-0.541,-4.152,-1.82,2.17,0.0
,-9.213,-0.718,-3.955,-9.06,-0.749,-4.164,-1.12,2.31,0.14
17566.0,-8.945,-0.816,-4.104,-8.983,-0.897,-4.111,-3.64,1.82,-0.98
,-8.902,-0.955,-3.979,-8.964,-0.751,-4.168,-2.87,1.89,-0.63
,-9.107,-0.948,-3.979,-9.0,-0.591,-4.319,-1.68,2.1,-0.14
,-9.057,-1.005,-4.066,-8.976,-0.55,-4.314,-0.28,2.17,0.42
17641.0,-8.959,-0.541,-4.267,-9.107,-0.534,-4.039,1.4,1.4,0.98
,-8.952,-0.622,-4.188,-9.107,-0.555,-4.109,1.33,1.4,0.98
,-9.045,-0.68,-4.056,-9.055,-0.672,-4.281,1.68,1.54,1.19
,-9.143,-0.644,-4.006,-8.988,-0.73,-4.252,2.31,1.54,1.33
17717.0,-8.966,-0.849,-4.168,-9.117,-0.567,-3.771,1.12,0.28,0.84
,-8.945,-0.821,-4.25,-9.244,-0.507,-3.865,1.89,0.35,0.98
,-8.923,-0.811,-4.156,-9.16,-0.412,-3.862,2.66,0.21,1.47
,-8.887,-0.675,-3.955,-9.033,-0.436,-3.807,3.22,0.28,1.96
17792.0,-9.069,-0.471,-3.963,-8.981,-0.701,-4.068,1.05,0.63,0.56
,-9.012,-0.543,-4.14,-9.11,-0.605,-4.027,0.7,0.77,0.14
,-8.997,-0.579,-4.219,-9.11,-0.586,-3.941,0.42,0.63,-0.07
,-8.966,-0.684,-4.19,-9.057,-0.641,-3.8,0.42,0.49,-0.28
17868.0,-9.098,-0.644,-3.745,-9.083,-0.565,-4.08,0.21,0.63,-0.28
,-9.072,-0.692,-3.896,-9.1,-0.402,-4.207,0.14,0.91,-0.42
,-8.909,-0.632,-3.977,-9.057,-0.347,-4.14,0.49,1.19,-0.56
,-8.988,-0.627,-3.917,-9.112,-0.438,-4.089,0.42,1.19,-0.42
17944.0,-9.139,-0.428,-4.011,-8.906,-0.881,-4.166,-0.91,0.14,-1.19
,-9.112,-0.505,-3.963,-8.839,-1.213,-4.216,-1.33,0.14,-1.4
,-9.076,-0.512,-4.111,-8.885,-1.33,-4.085,-1.96,-0.35,-1.89
,-9.005,-0.601,-4.099,-9.009,-1.225,-4.159,-3.15,-0.84,-2.17
18020.0,-9.083,-1.134,-4.07,-9.107,-0.969,-3.57,1.12,-0.77,-0.21
,-8.942,-0.909,-3.922,-9.167,-0.888,-3.731,1.26,-0.84,0.07
,-8.969,-0.794,-3.8,-9.081,-0.821,-3.754,0.21,-0.91,0.28
,-8.995,-0.888,-3.609,-9.069,-0.948,-3.654,-0.91,-0.91,0.28
18096.0,-9.036,-1.223,-3.506,-9.203,-0.725,-3.092,-0.77,0.98,1.75
,-9.064,-1.249,-3.458,-9.318,-0.708,-3.116,0.98,1.82,2.87
,-9.124,-1.079,-3.376,-9.177,-0.83,-3.106,3.15,2.73,3.5
,-9.131,-0.816,-3.29,-9.045,-1.05,-3.139,3.57,3.22,3.64
18171.0,-9.014,-1.115,-3.422,-8.892,-1.615,-3.434,-1.96,7.28,4.48
,-9.005,-0.83,-3.632,-8.772,-1.943,-3.18,-1.47,8.12,4.2
,-9.052,-0.675,-3.666,-8.914,-1.79,-3.647,-2.87,8.68,3.78
,-9.031,-1.007,-3.542,-9.036,-1.57,-3.597,-6.51,9.24,4.13
18247.0,-8.973,-0.998,-3.958,-9.196,0.826,-3.944,4.9,11.9,13.86
,-8.849,-0.9,-4.216,-9.107,1.077,-4.078,6.51,12.18,14.49
,-8.696,-0.579,-3.771,-8.973,0.983,-4.154,6.58,12.88,15.19
,-8.961,0.084,-3.163,-8.703,0.093,-3.867,6.09,14.28,14.84
18323.0,-8.844,-0.983,-3.34,-8.72,-1.055,-3.577,-18.2,13.51,6.51
,-9.026,-1.278,-3.175,-8.772,-0.799,-3.522,-15.68,15.68,7.07
,-9.141,-1.232,-3.278,-8.947,-0.287,-3.582,-9.59,17.71,7.7
,-9.069,-1.122,-3.412,-9.007,0.067,-3.333,-4.13,19.32,8.89
18399.0,-8.959,0.785,-4.006,-8.37,0.029,-4.422,6.37,24.5,13.93
,-8.808,0.574,-4.527,-8.258,-0.156,-4.537,1.19,23.31,10.99
,-8.918,0.117,-4.712,-8.514,-0.443,-4.42,-1.96,22.61,9.31
,-8.61,0.194,-4.831,-8.82,-0.313,-4.625,-3.5,22.54,8.61
18474.0,-8.681,0.139,-4.417,-8.512,0.065,-5.652,-0.28,23.17,5.88
,-8.547,0.531,-4.688,-8.382,0.069,-5.829,0.49,23.31,6.23
,-8.796,0.495,-4.728,-8.217,0.084,-5.633,0.14,23.1,6.02
,-8.847,0.28,-5.614,-8.222,0.385,-5.638,-0.35,21.56,5.39
18550.0,-8.404,0.483,-5.798,-8.402,-0.191,-5.709,5.88,19.67,3.99
,-8.679,0.388,-5.59,-8.363,-0.369,-5.698,4.27,19.11,3.08
,-8.583,0.426,-5.719,-8.303,-0.718,-5.963,2.1,17.92,2.59
,-8.471,0.105,-5.901,-8.363,-0.596,-5.994,0.35,16.66,2.17
18625.0,-8.418,-0.096,-6.078,-8.205,-0.268,-5.59,10.64,11.69,4.76
,-8.303,0.077,-6.238,-8.569,-0.156,-5.772,11.55,10.43,4.69
,-8.059,-0.165,-5.791,-8.612,0.199,-5.765,8.54,9.24,4.62
,-8.031,-0.146,-5.458,-8.512,0.433,-5.686,6.02,8.4,4.69
18701.0,-8.457,0.469,-5.418,-8.382,0.742,-5.317,4.83,6.09,3.15
,-8.404,0.56,-5.451,-8.461,0.56,-5.059,4.48,5.32,2.59
,-8.21,0.818,-5.494,-8.741,0.366,-4.893,4.55,4.48,2.03
,-8.162,0.955,-5.552,-8.672,0.345,-4.927,4.41,4.9,1.54
18777.0,-8.536,0.168,-5.056,-8.11,-1.022,-4.781,4.2,6.09,-2.24
,-8.442,-0.112,-5.13,-8.078,-0.701,-4.865,4.06,6.3,-2.1
,-8.296,-0.424,-5.02,-8.416,-0.156,-4.992,3.36,6.86,-1.47
,-8.279,-0.905,-4.834,-8.418,0.258,-5.092,2.66,7.28,-0.84
18853.0,-8.222,-0.038,-5.071,-8.591,-0.242,-5.102,5.18,10.08,1.05
,-8.253,-0.376,-4.927,-8.315,-0.062,-5.202,1.26,11.06,1.89
,-8.471,-0.67,-4.889,-7.918,-0.022,-5.236,-0.14,10.71,2.17
,-8.686,-0.648,-4.922,-7.923,0.053,-5.121,1.12,10.5,2.73
18928.0,-8.155,0.419,-5.092,-8.488,0.227,-4.977,3.22,12.53,4.69
,-8.416,0.392,-5.147,-8.323,0.266,-5.162,1.68,12.88,3.85
,-8.727,0.412,-4.738,-8.138,0.397,-5.568,0.56,12.67,4.13
,-8.796,0.101,-4.664,-8.191,0.146,-5.769,-0.07,12.67,5.46
19004.0,-8.009,-0.084,-6.021,-8.119,0.134,-6.265,-0.84,12.6,3.43
,-7.868,0.187,-5.939,-8.378,-0.065,-6.265,-0.42,13.65,2.31
,-7.681,0.529,-5.927,-8.387,-0.438,-6.341,0.14,14.21,2.03
,-7.865,0.474,-6.336,-7.954,-0.828,-6.401,-0.49,13.51,1.75
19079.0,-7.942,-1.311,-6.332,-7.971,-0.471,-6.513,-6.3,9.94,6.09
,-8.069,-1.656,-6.346,-7.509,0.625,-6.576,-3.15,9.31,6.93
,-7.834,-1.46,-6.458,-7.341,1.23,-6.624,2.38,7.14,8.12
,-8.236,-1.007,-6.492,-7.602,1.213,-6.573,7.91,6.51,9.73
19155.0,-7.928,0.876,-6.37,-8.26,0.077,-6.162,2.1,2.87,8.19
,-8.617,0.242,-6.255,-8.122,-0.163,-6.164,-0.28,3.15,8.4
,-8.844,-0.06,-6.145,-8.045,-0.019,-6.222,-0.07,2.45,8.96
,-8.804,-0.146,-6.08,-7.875,-0.103,-6.088,2.66,2.38,9.8
19231.0,-7.717,-0.022,-6.241,-8.071,0.613,-5.721,8.47,-0.21,10.5
,-7.717,0.395,-6.21,-8.478,0.225,-5.437,9.45,-0.7,10.85
,-7.813,0.816,-6.133,-8.382,0.177,-5.432,8.96,-0.77,10.08
,-8.057,0.682,-5.908,-8.069,0.251,-5.334,5.95,-0.28,8.96
19307.0,-8.05,0.115,-5.185,-7.954,1.543,-5.315,2.45,-0.49,6.3
,-8.179,0.371,-5.329,-8.382,1.857,-5.513,4.13,0.42,6.37
,-8.222,0.567,-5.322,-8.775,1.843,-5.645,5.04,0.63,6.02
,-8.086,0.952,-5.324,-8.533,1.429,-5.698,5.25,0.63,5.74
19383.0,-7.999,0.715,-5.652,-8.186,0.256,-6.152,-1.82,3.85,-1.89
,-7.985,0.081,-5.571,-8.009,0.213,-6.245,-0.35,5.11,-2.17
,-8.222,0.103,-5.76,-7.877,0.189,-6.267,3.08,5.25,-2.66
,-8.327,0.237,-5.982,-7.892,0.146,-6.336,5.46,4.2,-3.29
19458.0,-8.098,0.074,-6.351,-7.825,0.026,-6.186,2.03,3.22,-3.36
,-8.21,-0.031,-6.356,-7.825,0.084,-6.04,1.96,2.52,-3.08
,-8.289,-0.031,-6.293,-8.031,0.402,-5.954,2.17,1.75,-2.87
,-8.157,-0.077,-6.241,-8.227,0.864,-5.93,2.66,1.05,-2.59
19534.0,-8.189,1.196,-6.109,-8.177,0.203,-5.832,4.34,-1.12,-2.31
,-8.145,1.134,-6.145,-8.251,0.196,-5.75,2.1,-0.91,-2.8
,-8.279,0.775,-6.013,-8.081,0.4,-5.726,-0.35,-0.49,-3.5
,-8.339,0.39,-5.915,-7.999,0.581,-5.7,-1.05,-0.28,-4.2
19610.0,-7.959,0.505,-5.872,-8.009,-0.337,-5.891,3.57,-1.47,-6.51
,-8.244,0.273,-5.968,-7.932,-0.694,-5.918,3.5,-1.19,-6.44
,-8.251,0.187,-5.918,-7.899,-0.823,-5.793,3.85,-0.98,-6.58
,-8.208,-0.067,-5.843,-7.899,-0.943,-5.879,3.01,-1.05,-6.58
19686.0,-7.992,-1.094,-5.784,-8.339,-0.385,-5.839,5.39,-2.73,-1.19
,-8.026,-0.749,-5.982,-8.327,0.201,-5.863,7.14,-2.52,0.35
,-7.952,-0.622,-5.877,-8.375,0.615,-5.848,7.63,-2.45,1.75
,-8.059,-0.543,-5.901,-8.038,0.756,-5.731,8.61,-2.38,2.94
19761.0,-8.145,0.838,-5.659,-8.023,0.357,-5.635,7.91,-6.86,1.4
,-8.133,0.342,-5.709,-8.334,0.45,-5.98,8.82,-5.74,1.68
,-8.114,0.091,-5.638,-8.356,0.754,-5.966,11.13,-5.25,2.24
,-8.153,0.225,-5.906,-8.342,1.053,-5.968,13.16,-5.04,3.08
19837.0,-8.167,1.015,-5.638,-8.191,-0.175,-5.75,13.37,-7.77,-2.31
,-8.239,1.113,-5.614,-8.265,-0.371,-5.82,9.31,-8.4,-4.62
,-8.222,0.57,-5.599,-8.141,-0.328,-5.8,5.74,-7.42,-5.53
,-8.244,0.175,-5.635,-8.296,-0.27,-5.741,4.13,-7.42,-5.32
19912.0,-8.294,-0.024,-5.707,-7.976,-0.352,-5.377,14.56,-7.84,-1.68
,-8.203,0.184,-5.884,-8.143,-0.534,-5.432,14.0,-9.1,-2.24
,-8.131,0.16,-5.748,-8.349,-0.639,-5.367,11.69,-10.01,-3.08
,-8.071,-0.029,-5.566,-8.279,-0.459,-5.501,8.4,-10.22,-3.22
19988.0,-8.275,-0.309,-5.489,-8.435,-0.163,-5.31,8.89,-12.25,-2.17
,-8.327,-0.084,-5.372,-8.457,0.01,-5.176,9.73,-11.76,-2.03
,-8.263,-0.048,-5.236,-8.643,0.342,-5.564,10.01,-11.06,-1.68
,-8.083,-0.33,-5.209,-8.306,-0.019,-5.319,10.99,-10.71,-0.98
20064.0,-8.418,0.062,-5.408,-8.464,-0.297,-5.095,8.68,-12.6,-1.68
,-8.476,0.017,-5.255,-8.705,-0.447,-4.841,7.7,-13.3,-2.59
,-8.502,0.024,-5.303,-8.385,0.005,-5.152,6.72,-13.65,-3.29
,-8.531,-0.129,-5.264,-8.638,0.0,-5.106,6.23,-13.86,-3.29
20140.0,-8.495,-0.237,-5.085,-8.545,-0.246,-4.771,5.39,-16.66,-3.85
,-8.423,-0.299,-4.855,-8.605,-0.036,-4.635,4.83,-16.59,-3.43
,-8.5,-0.23,-4.846,-8.698,-0.038,-4.657,5.11,-16.38,-3.99
,-8.626,-0.335,-4.915,-8.705,-0.002,-4.637,5.04,-16.1,-4.69
20215.0,-8.617,-0.268,-4.302,-8.626,-0.756,-4.592,1.33,-15.54,-5.32
,-8.717,-0.57,-4.168,-8.655,-1.141,-4.463,0.91,-14.98,-5.81
,-8.854,-0.701,-4.137,-8.555,-1.409,-4.453,1.26,-15.26,-5.81
,-8.732,-0.701,-4.283,-8.605,-1.563,-4.209,2.24,-14.98,-5.39
20291.0,-8.729,-1.311,-4.14,-8.918,0.112,-4.262,6.72,-13.65,-1.4
,-8.72,-0.66,-4.125,-8.78,-0.062,-4.097,9.66,-13.09,-0.91
,-8.959,-0.117,-4.264,-8.878,-0.177,-4.101,10.99,-12.81,-1.96
,-8.842,0.256,-4.592,-8.933,-0.048,-4.195,10.08,-13.3,-3.15
20367.0,-9.038,0.05,-3.869,-8.947,0.364,-4.472,7.49,-12.6,-4.48
,-9.11,0.124,-3.546,-8.847,0.428,-4.647,6.37,-12.32,-4.76
,-9.165,0.203,-3.642,-8.61,0.268,-4.477,4.13,-11.69,-6.23
,-9.15,0.246,-3.982,-8.775,-0.225,-4.188,1.61,-11.34,-8.54
20443.0,-8.777,-0.491,-4.36,-9.0,-1.268,-3.958,-7.49,-11.34,-13.51
,-8.887,-0.802,-4.262,-8.926,-1.412,-3.728,-7.21,-11.62,-13.58
,-8.882,-0.835,-3.893,-8.784,-1.572,-3.441,-7.49,-12.04,-12.46
,-8.926,-1.003,-4.092,-8.988,-1.701,-3.061,-6.58,-12.04,-11.69
20519.0,-9.04,-1.582,-2.972,-9.21,-0.995,-3.278,2.8,-7.56,-4.83
,-9.072,-1.359,-2.845,-9.005,-1.017,-2.984,4.13,-6.58,-4.13
,-9.215,-1.211,-2.541,-8.971,-1.115,-3.221,3.5,-5.67,-3.36
,-9.249,-1.019,-3.075,-9.06,-1.259,-3.044,3.64,-4.34,-3.15
20594.0,-9.122,-1.228,-2.807,-9.079,-0.888,-3.714,4.41,2.8,-0.21
,-9.146,-1.094,-3.187,-9.095,-0.964,-4.056,4.9,4.13,-0.21
,-9.098,-0.986,-3.297,-8.935,-1.106,-4.008,4.13,4.55,-0.14
,-8.947,-0.967,-3.242,-8.868,-0.931,-4.152,2.59,5.39,0.28
20670.0,-8.959,-0.737,-4.659,-8.634,-0.493,-5.154,-0.91,6.86,-1.05
,-8.947,-0.428,-4.824,-8.768,-0.814,-4.939,-1.19,5.95,-1.47
,-8.894,-0.208,-5.523,-8.945,-0.751,-5.059,-2.1,4.48,-2.38
,-8.717,-0.268,-5.544,-8.928,-0.56,-5.09,-3.29,2.52,-2.38
20745.0,-8.976,-0.254,-5.054,-8.856,-1.175,-4.099,0.56,-2.73,-2.17
,-8.911,-0.44,-4.767,-9.002,-1.192,-3.769,-1.33,-3.92,-2.66
,-8.83,-0.806,-4.271,-9.131,-1.244,-3.417,-2.45,-4.13,-2.38
,-8.918,-1.103,-4.264,-9.21,-1.156,-3.367,-1.61,-3.71,-1.89
20821.0,-9.189,-1.022,-3.441,-9.016,-0.988,-3.494,4.76,-2.03,0.84
,-9.079,-0.938,-3.333,-9.098,-0.957,-3.592,3.99,-1.61,1.05
,-8.966,-0.842,-3.412,-9.256,-0.806,-3.79,2.94,-0.91,0.98
,-8.969,-0.976,-3.527,-9.153,-0.713,-3.874,2.59,-0.21,0.7
20897.0,-8.995,-0.572,-3.826,-9.115,-0.574,-3.999,3.92,2.1,1.89
,-9.057,-0.577,-3.912,-9.074,-0.586,-4.154,3.71,2.31,1.82
,-9.072,-0.558,-3.941,-9.005,-0.519,-4.298,3.29,2.24,1.54
,-9.074,-0.577,-3.886,-8.885,-0.589,-4.269,2.59,2.03,1.12
20973.0,-8.871,-0.567,-4.25,-9.002,-0.766,-3.994,0.07,1.26,-0.56
,-8.966,-0.548,-4.269,-9.062,-0.73,-4.022,0.14,0.98,-0.77
,-8.964,-0.555,-4.173,-9.122,-0.809,-4.13,0.0,0.84,-0.84
,-8.997,-0.646,-4.034,-8.997,-0.778,-4.116,-0.35,0.7,-0.91
21048.0,-9.134,-0.811,-4.121,-9.033,-1.486,-3.556,-0.98,0.35,-2.59
,-8.887,-0.756,-4.015,-8.988,-1.565,-3.527,-1.82,-0.14,-3.71
,-8.976,-0.797,-3.568,-9.107,-1.29,-3.628,-4.2,-0.07,-3.85
,-8.966,-0.983,-3.63,-9.167,-0.998,-3.843,-5.39,0.7,-3.92
21124.0,-9.021,-0.579,-4.051,-8.954,-0.976,-3.939,3.08,3.5,-1.61
,-8.916,-0.428,-4.2,-9.014,-0.849,-3.944,1.4,3.36,-2.03
,-8.837,-0.675,-4.152,-9.194,-0.701,-4.118,-0.42,3.57,-2.1
,-8.849,-0.976,-4.044,-9.17,-0.665,-4.049,-0.42,4.13,-1.75
21199.0,-9.009,-0.579,-4.056,-8.969,-0.747,-4.197,1.19,4.06,-0.49
,-8.966,-0.718,-3.972,-8.923,-0.787,-4.18,0.91,3.85,0.07
,-8.954,-0.785,-3.96,-9.069,-0.756,-4.288,1.33,3.92,0.84
,-8.949,-0.821,-4.259,-9.04,-0.613,-4.29,2.38,3.64,1.26
21275.0,-8.954,-0.677,-4.343,-8.94,-0.727,-4.197,5.11,1.68,2.45
,-9.0,-0.739,-4.518,-9.007,-0.84,-4.063,4.34,1.19,1.12
,-8.799,-0.546,-4.408,-9.045,-0.816,-3.857,2.94,0.42,0.35
,-8.78,-0.613,-4.343,-9.052,-0.833,-3.707,1.61,0.35,-0.35
21351.0,-9.127,-0.809,-3.891,-8.906,-0.902,-4.154,1.33,1.26,-0.42
,-9.091,-0.67,-4.02,-8.856,-1.029,-3.996,0.98,0.7,-0.63
,-8.976,-0.66,-4.111,-8.969,-0.94,-4.011,0.14,0.56,-0.91
,-9.002,-0.804,-4.156,-9.107,-0.792,-4.07,-1.05,0.63,-0.91
21427.0,-9.069,-0.742,-4.226,-8.938,-1.017,-4.082,0.35,1.19,0.42
,-9.021,-0.859,-4.168,-9.014,-0.933,-3.984,0.0,0.84,0.63
,-8.978,-1.01,-4.176,-9.052,-0.885,-3.987,0.28,0.77,0.91
,-8.945,-1.046,-4.14,-9.088,-0.794,-3.994,1.47,0.91,1.47
21503.0,-9.04,-0.648,-3.987,-8.928,-1.299,-3.661,4.55,1.05,3.43
,-9.016,-0.692,-3.908,-9.012,-1.144,-3.53,3.5,1.19,3.36
,-8.966,-0.933,-3.8,-9.105,-0.902,-3.79,2.03,1.61,3.36
,-8.894,-1.189,-3.623,-9.196,-0.66,-3.958,1.47,2.1,3.85
21578.0,-9.095,-0.601,-3.941,-9.021,-1.539,-3.757,3.71,3.15,4.55
,-8.911,-0.735,-4.011,-8.93,-1.469,-3.853,2.31,3.36,4.83
,-8.873,-1.0,-3.853,-8.933,-1.232,-3.841,1.75,3.99,5.6
,-8.954,-1.378,-3.539,-9.031,-1.043,-3.936,2.1,4.48,6.72
21654.0,-8.997,-0.986,-3.776,-8.981,-0.57,-3.47,7.35,6.51,11.13
,-8.935,-1.031,-3.463,-8.985,-0.395,-3.699,5.74,7.7,11.97
,-9.024,-1.036,-3.226,-8.938,-0.357,-3.666,5.04,8.89,12.32
,-8.973,-0.919,-3.075,-9.107,-0.407,-3.848,4.55,9.94,12.46
21730.0,-9.153,-0.689,-3.92,-8.368,-0.328,-3.999,-4.34,10.99,12.18
,-9.002,-0.737,-3.807,-8.827,-0.369,-3.86,-4.62,11.27,12.11
,-8.614,-0.627,-4.135,-9.081,-0.227,-3.848,-3.71,11.27,10.29
,-8.294,-0.44,-4.094,-9.031,0.179,-4.19,-3.57,11.06,8.33
21806.0,-8.921,0.392,-4.106,-8.818,-0.28,-4.329,-8.12,12.32,6.23
,-9.009,0.682,-4.35,-8.715,-0.84,-4.31,-10.43,11.27,4.41
,-9.002,0.699,-4.542,-8.581,-1.278,-3.637,-12.46,10.08,2.38
,-8.926,0.352,-4.578,-8.607,-1.412,-3.601,-14.0,10.22,1.82
21881.0,-8.703,-1.476,-3.798,-8.662,-0.184,-5.044,-5.46,16.73,5.25
,-8.725,-1.539,-3.821,-8.514,0.06,-5.492,-3.01,16.87,7.7
,-8.827,-1.259,-3.951,-8.167,-0.505,-5.518,-0.49,16.8,10.22
,-8.808,-0.749,-4.439,-8.148,-0.943,-4.671,3.01,16.03,11.48
21957.0,-8.516,-1.019,-4.547,-8.54,1.275,-4.628,8.33,17.36,15.82
,-8.993,-0.83,-4.31,-8.514,1.608,-4.977,11.48,18.62,15.96
,-9.299,-0.175,-4.161,-8.658,1.608,-4.972,12.32,18.2,15.75
,-8.983,0.567,-4.164,-8.672,1.563,-5.173,10.36,17.43,14.91
22032.0,-8.713,1.273,-4.925,-8.54,-0.244,-4.563,-2.8,14.84,5.18
,-8.871,0.842,-5.08,-8.679,-0.237,-4.874,-4.2,15.12,3.22
,-8.686,0.168,-4.695,-8.885,0.079,-4.994,-5.6,16.1,2.8
,-8.44,-0.144,-4.446,-8.914,0.656,-5.257,-4.97,16.8,3.01
22108.0,-8.772,0.89,-5.501,-8.588,0.33,-5.296,0.63,15.75,0.35
,-8.65,0.881,-5.585,-8.313,0.479,-5.642,-2.31,15.12,-0.84
,-8.457,0.811,-5.705,-8.363,0.208,-5.374,-4.62,14.42,-1.75
,-8.33,0.553,-5.642,-8.409,-0.038,-5.518,-5.25,14.98,-2.31
22184.0,-8.461,-0.469,-5.614,-8.098,-0.546,-5.717,-3.78,11.69,-3.5
,-8.258,-0.754,-5.741,-8.32,-0.706,-5.662,-2.45,10.85,-2.59
,-8.193,-0.924,-5.772,-8.483,-0.768,-5.575,-0.49,10.99,-1.61
,-8.203,-0.663,-5.82,-8.306,-0.622,-5.47,1.89,10.92,-0.91
22260.0,-8.023,-0.414,-5.482,-8.452,0.27,-5.286,1.75,8.54,3.5
,-8.086,-0.182,-5.336,-8.514,0.103,-5.162,2.87,9.1,3.99
,-8.157,0.096,-5.236,-8.593,-0.148,-5.224,4.34,9.45,4.2
,-8.454,0.275,-5.214,-8.342,-0.383,-5.164,4.69,9.52,4.06
22335.0,-8.174,-0.491,-5.166,-8.303,0.081,-5.674,5.11,11.2,5.95
,-8.332,-0.558,-5.233,-8.222,0.139,-5.7,6.72,12.04,6.79
,-8.38,-0.498,-5.3,-8.031,0.148,-5.58,8.54,12.25,7.98
,-8.428,-0.263,-5.475,-8.04,0.29,-5.425,10.01,11.27,8.89
22411.0,-8.172,0.438,-5.437,-8.5,0.558,-5.463,5.88,10.78,8.89
,-8.461,0.5,-5.296,-8.198,0.648,-5.544,4.97,10.36,8.33
,-8.404,0.538,-5.351,-8.162,0.766,-5.59,4.41,10.15,8.26
,-8.557,0.5,-5.331,-8.2,0.986,-5.755,3.64,10.01,7.91
22487.0,-8.11,1.338,-5.585,-8.143,0.823,-5.75,2.24,7.98,0.84
,-8.078,1.311,-5.504,-8.509,0.503,-4.989,0.56,8.75,-0.63
,-8.478,1.208,-5.475,-8.136,0.948,-5.702,-2.52,8.33,-2.73
,-8.346,1.072,-5.489,-8.33,0.854,-5.504,-5.74,7.35,-3.78
22563.0,-8.055,0.644,-5.628,-8.133,-1.06,-5.839,-6.23,7.35,-8.33
,-7.928,0.402,-5.564,-8.066,-1.132,-6.044,-7.28,6.93,-8.89
,-8.177,-0.101,-5.695,-7.837,-1.18,-6.312,-7.91,7.91,-8.19
,-8.282,-0.794,-5.626,-8.126,-1.579,-6.305,-7.49,8.68,-6.51
22639.0,-7.42,-1.601,-6.088,-8.332,0.246,-5.867,-0.21,5.46,4.2
,-7.387,-1.244,-6.279,-8.117,0.766,-5.829,2.45,5.04,4.76
,-7.65,-0.936,-6.095,-8.227,0.986,-5.855,4.69,5.32,5.6
,-8.208,-0.414,-5.853,-8.272,1.077,-5.513,5.6,5.04,5.53
22714.0,-8.447,1.479,-5.899,-7.94,-0.416,-6.085,1.75,4.41,1.54
,-8.179,1.567,-6.14,-8.181,-1.192,-6.013,2.8,3.43,0.21
,-8.021,0.969,-6.09,-8.406,-1.218,-5.592,0.28,3.29,-0.14
,-7.662,0.23,-6.073,-8.102,-0.723,-5.753,-1.82,4.2,1.33
22790.0,-7.997,-0.27,-5.731,-8.033,0.261,-5.987,11.34,2.94,3.57
,-7.897,0.077,-5.721,-8.457,0.108,-6.169,10.29,1.75,3.08
,-7.72,0.471,-5.887,-8.172,-0.201,-6.186,8.19,1.4,3.08
,-7.48,0.407,-6.059,-7.968,-0.445,-6.219,5.18,1.47,3.29
22866.0,-7.944,-0.969,-5.858,-8.007,0.313,-5.858,5.39,2.31,9.59
,-8.062,-1.027,-5.927,-8.248,0.718,-5.901,8.26,1.96,10.71
,-8.191,-0.603,-5.633,-8.279,1.11,-5.908,11.69,0.91,11.55
,-8.011,-0.115,-5.812,-8.509,1.232,-5.786,14.21,0.7,12.18
22942.0,-7.916,1.237,-5.867,-8.114,0.055,-5.863,7.42,-1.47,7.0
,-8.131,1.003,-5.973,-8.155,-0.287,-5.946,4.83,-1.33,5.81
,-7.688,0.924,-6.171,-8.428,-0.313,-5.762,3.99,-1.82,4.83
,-7.875,0.57,-5.975,-8.313,-0.165,-5.652,3.43,-1.4,4.55
23017.0,-8.203,-0.079,-5.693,-8.045,0.256,-5.599,5.04,-1.47,6.02
,-8.215,0.256,-5.757,-8.205,0.11,-5.477,5.39,-1.54,5.95
,-8.131,0.457,-5.879,-8.222,0.433,-5.52,5.25,-1.61,5.74
,-8.038,0.519,-5.863,-8.287,0.742,-5.525,4.13,-1.4,5.32
23093.0,-8.263,0.957,-5.599,-8.239,1.072,-5.846,5.53,0.84,3.29
,-8.136,1.082,-5.59,-8.153,0.517,-5.834,5.46,1.33,3.15
,-8.265,1.326,-5.707,-7.954,0.069,-6.08,6.3,2.17,2.31
,-8.402,1.381,-5.836,-7.964,-0.11,-6.231,5.88,1.96,0.14
23168.0,-8.117,-0.309,-6.399,-7.952,-0.232,-6.138,5.67,2.87,-2.87
,-8.05,-0.622,-6.389,-8.241,-0.223,-5.925,6.23,2.8,-1.89
,-7.825,-0.517,-6.396,-8.344,0.213,-5.769,6.86,2.52,-0.84
,-7.724,-0.464,-6.176,-8.318,0.964,-5.815,6.86,2.66,-0.07
23244.0,-8.315,1.658,-5.808,-8.239,1.043,-5.695,6.79,1.19,0.21
,-8.351,1.95,-5.748,-8.22,0.878,-5.633,4.06,1.33,-2.38
,-8.37,1.689,-5.619,-8.105,0.926,-5.765,0.21,1.75,-4.27
,-8.311,1.409,-5.599,-8.059,0.802,-6.021,-1.19,2.03,-5.46
23320.0,-8.205,0.199,-6.193,-7.81,-1.335,-6.554,1.47,2.87,-10.29
,-8.344,-0.419,-6.181,-7.765,-1.421,-6.609,-0.91,2.1,-10.01
,-8.21,-0.806,-6.255,-7.645,-1.546,-6.523,-1.47,0.84,-9.1
,-8.009,-1.213,-6.435,-7.755,-1.646,-6.231,-0.28,-0.21,-7.7
23396.0,-7.918,-1.39,-5.927,-7.81,0.333,-6.133,5.32,-3.29,3.99
,-8.064,-0.852,-6.037,-7.964,-0.057,-5.769,8.54,-4.83,5.39
,-8.071,-0.531,-5.956,-8.131,-0.024,-5.604,9.52,-6.16,5.74
,-7.906,0.036,-5.982,-8.258,0.304,-5.525,10.5,-6.37,6.72
23471.0,-8.469,0.51,-5.477,-8.488,1.381,-5.595,15.05,-5.46,6.44
,-8.533,0.78,-5.379,-8.198,1.441,-5.719,15.47,-4.76,5.81
,-8.593,0.802,-5.444,-8.09,1.053,-5.477,14.91,-4.9,4.69
,-8.569,1.086,-5.564,-8.093,0.809,-5.671,14.49,-5.39,3.99
23547.0,-8.196,0.782,-5.575,-8.33,0.361,-5.532,7.42,-4.69,-1.75
,-8.38,0.694,-5.427,-7.98,0.282,-5.48,7.98,-4.2,-2.17
,-8.708,0.419,-5.367,-7.997,0.364,-5.683,7.14,-4.41,-2.94
,-8.562,0.459,-5.513,-7.892,1.094,-6.444,6.23,-5.6,-3.43
23622.0,-8.2,0.605,-5.587,-8.21,-0.282,-5.592,3.08,-8.12,-8.33
,-8.334,0.828,-5.889,-8.215,-0.407,-5.678,3.29,-8.19,-9.1
,-8.198,0.433,-5.487,-8.229,-0.493,-5.525,0.77,-7.91,-9.45
,-8.227,0.223,-5.547,-8.277,-0.287,-5.702,-0.35,-7.07,-8.82
23698.0,-8.284,0.0,-5.702,-7.918,-0.285,-5.556,6.58,-7.56,-6.58
,-8.095,0.261,-5.654,-8.251,-0.725,-5.439,5.6,-8.68,-7.07
,-8.284,0.053,-5.657,-8.586,-0.584,-5.152,3.36,-8.82,-6.86
,-8.215,-0.153,-5.779,-8.547,-0.282,-5.166,1.33,-9.73,-6.86
23774.0,-8.442,-0.06,-5.26,-8.241,-0.608,-5.468,7.07,-9.17,-4.76
,-8.122,0.057,-5.317,-8.428,-0.512,-5.303,6.37,-9.38,-4.34
,-8.165,-0.019,-5.353,-8.689,-0.132,-5.37,4.76,-9.38,-3.57
,-8.241,-0.395,-5.339,-8.519,-0.232,-4.575,3.15,-9.73,-3.22
23850.0,-8.801,0.519,-5.183,-8.098,-0.093,-5.523,6.79,-13.58,-3.78
,-8.557,0.445,-5.626,-8.284,-0.206,-5.506,4.27,-14.0,-5.04
,-8.265,0.177,-5.358,-8.449,-0.388,-5.095,1.26,-15.33,-5.95
,-8.098,0.249,-5.437,-8.564,-0.629,-5.09,0.63,-16.31,-6.09
23926.0,-8.418,-1.058,-5.087,-8.514,-0.692,-4.558,-0.63,-17.5,-7.63
,-8.44,-1.053,-5.025,-8.827,-0.467,-4.594,1.54,-17.08,-6.37
,-8.189,-0.916,-4.774,-8.799,-0.352,-4.386,3.71,-17.43,-4.76
,-8.275,-0.739,-4.532,-8.93,-0.273,-4.259,5.25,-17.43,-3.57
24001.0,-8.911,-0.268,-4.145,-8.634,-0.388,-3.999,5.67,-17.36,-3.78
,-8.581,-0.194,-3.972,-8.703,-0.847,-3.587,5.88,-17.08,-3.85
,-8.703,-0.065,-4.106,-9.052,-0.773,-3.735,5.74,-16.45,-4.34
,-8.674,-0.089,-4.267,-9.225,-0.512,-3.972,4.41,-16.31,-4.9
24077.0,-9.05,-0.105,-4.07,-9.036,-2.479,-1.232,2.17,-14.63,-6.02
,-8.796,0.249,-4.585,-8.914,0.05,-4.767,1.19,-14.7,-6.86
,-8.737,0.144,-4.427,-8.983,-0.225,-3.8,-1.12,-14.77,-7.35
,-8.849,-0.273,-3.944,-8.957,0.158,-3.738,-3.78,-14.77,-7.35
24153.0,-9.009,0.096,-4.611,-8.89,-1.295,-4.377,-10.15,-14.42,-14.35
,-8.868,-0.177,-4.513,-8.887,-1.031,-4.116,-12.74,-14.77,-14.77
,-8.619,-0.759,-4.025,-8.842,-0.883,-4.109,-15.4,-14.56,-13.65
,-8.667,-1.232,-3.877,-8.741,-1.082,-3.838,-15.4,-13.86,-12.88
24229.0,-8.856,-1.378,-3.587,-9.225,-1.022,-3.319,-6.37,-11.48,-8.89
,-8.969,-1.668,-2.948,-8.961,-0.895,-3.625,-4.62,-10.22,-7.14
,-9.115,-1.594,-2.637,-8.804,-0.778,-3.81,-1.54,-8.75,-5.95
,-9.34,-1.421,-3.003,-8.794,-0.828,-3.754,1.4,-7.14,-5.53
24304.0,-8.854,-0.948,-3.678,-9.287,-1.275,-2.233,12.32,-3.01,0.07
,-8.997,-1.039,-3.364,-9.275,-0.916,-2.895,13.51,-2.03,0.98
,-9.265,-1.189,-2.883,-9.052,-0.622,-3.178,13.3,-1.12,1.47
,-9.256,-1.251,-2.467,-8.938,-0.699,-3.293,12.18,0.21,1.75
24380.0,-8.909,-0.878,-3.376,-9.363,-0.763,-3.766,1.33,6.58,0.21
,-9.038,-1.129,-3.525,-9.107,-0.589,-3.857,1.19,7.77,0.49
,-9.103,-1.077,-3.479,-8.949,-0.653,-3.982,2.1,8.26,1.19
,-9.292,-0.921,-3.597,-8.923,-0.811,-4.056,3.15,8.68,1.82
24455.0,-8.921,-0.876,-4.25,-8.784,-0.383,-4.946,1.61,10.15,2.1
,-8.887,-0.751,-4.477,-8.748,-0.27,-5.097,2.52,9.94,2.17
,-8.851,-0.577,-4.807,-8.775,-0.299,-5.104,2.94,9.1,1.75
,-8.811,-0.421,-4.877,-8.77,-0.416,-4.879,2.73,8.4,1.4
24531.0,-8.945,-0.61,-4.635,-8.866,-0.756,-4.276,3.36,4.34,1.05
,-9.055,-0.806,-4.494,-8.928,-0.732,-4.295,3.92,3.99,1.26
,-8.926,-0.744,-4.47,-8.949,-0.83,-4.262,4.27,3.15,1.12
,-8.878,-0.646,-4.346,-8.935,-0.993,-4.089,3.78,2.59,0.77
24607.0,-9.009,-0.938,-4.044,-8.818,-0.555,-4.59,1.47,1.54,0.7
,-9.021,-0.754,-4.269,-8.868,-0.751,-4.48,3.22,1.68,0.77
,-8.961,-0.416,-4.451,-8.899,-0.814,-4.302,4.34,1.4,0.77
,-8.854,-0.33,-4.592,-9.038,-0.871,-4.209,3.92,0.91,0.63
24683.0,-8.99,-0.723,-4.133,-8.878,-0.699,-4.444,3.99,-0.14,0.91
,-9.05,-0.574,-4.135,-8.894,-0.883,-4.523,3.64,-0.21,0.56
,-8.971,-0.56,-4.18,-8.918,-0.778,-4.456,2.66,-0.14,0.07
,-8.906,-0.598,-4.367,-8.988,-0.625,-4.424,1.75,-0.21,-0.28
24758.0,-8.995,-0.45,-4.568,-8.995,-0.897,-4.212,2.31,-2.1,-0.07
,-8.878,-0.335,-4.444,-8.945,-1.034,-4.116,1.33,-2.73,-0.42
,-8.938,-0.45,-4.389,-8.928,-1.036,-3.967,0.21,-2.87,-0.84
,-8.971,-0.67,-4.331,-9.019,-0.936,-3.728,0.35,-3.15,-0.7
24834.0,-9.115,-0.668,-3.738,-9.107,-0.876,-3.649,6.3,-2.38,1.4
,-9.081,-0.522,-3.762,-9.124,-0.828,-3.604,5.81,-2.1,1.26
,-9.002,-0.62,-3.613,-9.05,-0.718,-3.632,4.48,-1.54,1.26
,-9.024,-0.818,-3.553,-9.081,-0.696,-3.558,4.06,-0.77,1.4
24910.0,-9.095,-0.646,-3.673,-8.935,-0.634,-4.29,3.22,1.96,1.33
,-9.014,-0.646,-3.891,-8.949,-0.735,-4.353,2.1,2.24,0.84
,-8.976,-0.553,-4.128,-8.957,-0.72,-4.259,0.91,2.52,0.14
,-8.99,-0.543,-4.264,-8.961,-0.711,-4.176,-0.07,2.1,-0.35
24986.0,-9.05,-0.615,-4.19,-8.949,-0.684,-4.046,1.54,1.19,0.14
,-8.935,-0.567,-4.195,-9.021,-0.756,-4.025,1.33,0.98,0.07
,-8.904,-0.577,-4.202,-9.11,-0.744,-3.922,1.05,0.7,-0.07
,-8.93,-0.653,-4.154,-9.06,-0.651,-4.061,1.12,0.98,-0.14
25062.0,-9.103,-0.663,-4.03,-8.921,-1.031,-3.912,2.1,1.26,-0.07
,-9.002,-0.656,-4.111,-8.899,-0.981,-3.788,1.82,1.47,-0.21
,-8.923,-0.775,-4.006,-9.026,-0.921,-3.778,1.61,1.47,-0.14
,-8.899,-0.876,-3.979,-8.985,-0.859,-3.553,1.68,1.4,0.14
25137.0,-8.981,-0.845,-3.417,-9.203,-0.727,-3.731,6.65,3.57,3.01
,-9.16,-0.787,-3.494,-9.026,-0.778,-3.879,7.21,4.48,3.22
,-9.22,-0.747,-3.549,-8.873,-0.907,-3.934,7.49,5.04,3.5
,-9.292,-0.72,-3.606,-8.844,-0.905,-3.908,7.7,5.53,3.64
25213.0,-8.928,-0.775,-3.989,-8.827,-0.852,-3.697,9.03,7.21,4.41
,-8.985,-0.61,-4.097,-8.902,-1.177,-3.412,9.59,7.21,4.13
,-8.966,-0.541,-3.999,-9.036,-1.493,-3.386,8.26,6.93,3.5
,-8.854,-0.55,-3.841,-9.057,-1.493,-3.659,6.02,6.79,2.66
25288.0,-8.942,-1.285,-3.821,-8.725,-1.508,-3.783,4.27,11.2,4.9
,-8.859,-1.153,-3.977,-8.691,-1.314,-4.025,4.48,11.48,5.81
,-8.933,-1.115,-4.02,-8.509,-0.852,-4.604,3.22,11.69,6.37
,-8.825,-1.338,-3.941,-8.536,-0.469,-4.757,1.61,12.18,7.35
25364.0,-8.641,-0.359,-4.877,-8.796,-1.223,-4.14,0.49,10.29,5.04
,-8.72,-0.517,-5.016,-8.899,-0.809,-4.221,-2.94,10.22,5.74
,-8.648,-0.529,-5.188,-8.832,-0.514,-4.326,-11.34,10.22,6.93
,-8.631,-1.45,-4.223,-8.775,-0.481,-4.338,-1.96,11.13,8.54
25440.0,-8.827,-0.51,-4.353,-8.837,0.115,-3.929,6.44,13.16,12.53
,-8.88,-0.809,-4.279,-8.993,0.132,-3.807,5.04,13.3,12.81
,-8.772,-0.637,-4.267,-9.167,-0.031,-3.503,5.04,12.81,12.6
,-8.78,-0.292,-3.979,-9.048,0.086,-3.58,5.25,12.67,12.67
25516.0,-8.863,0.108,-3.601,-9.0,0.72,-5.305,-2.94,16.45,6.72
,-8.789,0.05,-3.874,-8.595,1.278,-5.791,-3.22,17.22,6.3
,-9.069,0.0,-3.984,-8.323,1.34,-5.796,-2.94,17.43,6.09
,-9.287,0.244,-4.635,-8.095,0.981,-5.609,-0.84,16.8,5.11
25591.0,-8.325,0.34,-5.348,-8.435,-1.218,-4.86,-7.91,14.7,-1.75
,-8.624,-0.057,-5.047,-8.303,-1.297,-5.075,-11.55,13.65,-3.15
,-8.741,-0.292,-4.958,-8.521,-1.022,-5.336,-13.51,12.32,-4.13
,-8.729,-0.694,-5.188,-8.811,-0.244,-5.575,-14.49,11.55,-4.06
25667.0,-8.72,0.555,-5.631,-8.614,-0.493,-4.994,0.28,10.29,-0.21
,-8.301,0.821,-5.554,-8.897,-0.725,-5.159,-1.54,9.8,-0.77
,-8.208,0.395,-5.245,-9.021,-0.672,-5.291,-5.39,9.38,-1.75
,-8.404,-0.191,-4.846,-8.787,-0.759,-5.353,-8.12,8.96,-1.68
25742.0,-8.466,-0.969,-5.164,-8.387,0.905,-5.796,-3.5,8.68,3.22
,-8.239,-1.108,-5.224,-8.526,0.967,-5.492,-0.98,8.96,3.78
,-8.177,-0.56,-5.42,-8.658,0.474,-5.229,1.33,7.63,3.71
,-8.222,0.242,-5.832,-8.748,-0.091,-4.965,1.96,6.37,3.29
25818.0,-8.658,-0.443,-4.812,-8.717,-0.12,-4.846,-6.09,5.67,-0.28
,-8.37,-0.62,-4.736,-8.48,-0.019,-4.824,-3.36,5.95,0.49
,-8.449,-0.474,-4.779,-8.189,-0.01,-4.676,-0.14,6.58,0.7
,-8.739,-0.383,-4.858,-8.205,-0.12,-4.597,1.96,6.65,-0.42
25894.0,-8.375,-0.151,-4.724,-8.358,-1.082,-5.008,1.33,8.61,-0.21
,-8.526,-0.369,-4.798,-8.208,-1.003,-4.939,2.24,8.82,0.77
,-8.557,-0.79,-4.958,-8.136,-0.823,-4.719,3.36,9.17,1.82
,-8.5,-0.979,-4.994,-8.294,-0.323,-4.831,5.95,10.01,3.08
25970.0,-8.418,0.103,-5.327,-8.485,-1.448,-5.573,17.08,13.02,6.79
,-8.378,-0.01,-5.628,-8.552,-1.137,-5.731,14.49,12.81,6.58
,-8.361,-0.684,-5.535,-8.057,-0.629,-5.781,10.71,13.23,7.42
,-8.239,-1.268,-5.398,-7.889,-0.359,-5.631,9.52,13.37,8.82
26046.0,-8.136,-0.292,-5.36,-8.416,1.969,-5.039,12.11,10.57,6.86
,-8.346,-0.005,-5.073,-8.583,1.613,-4.757,10.64,10.99,5.95
,-8.638,0.634,-5.056,-8.397,1.137,-4.673,10.15,10.22,4.34
,-8.543,1.555,-5.08,-8.521,0.55,-4.671,9.52,9.17,2.66
26121.0,-8.634,0.134,-4.657,-8.062,-1.436,-4.85,-4.69,11.69,-1.47
,-8.37,-0.321,-4.661,-7.892,-0.967,-5.386,-4.13,12.32,-0.56
,-8.155,-0.993,-4.602,-7.767,-0.577,-5.604,-4.69,13.79,0.49
,-8.045,-1.268,-4.788,-7.399,-0.038,-5.832,-3.29,14.63,1.75
26197.0,-7.904,0.096,-6.049,-8.272,-0.833,-5.992,2.17,15.54,2.45
,-8.071,-0.266,-6.222,-7.844,-0.397,-5.86,0.35,15.61,2.17
,-8.617,-0.56,-6.119,-7.782,-0.062,-6.296,-2.73,14.21,3.57
,-8.686,-0.727,-6.159,-8.483,0.313,-6.344,-3.71,12.6,3.85
26273.0,-8.148,0.443,-6.537,-8.191,1.101,-6.08,-1.54,9.8,3.99
,-8.047,0.543,-6.439,-8.282,1.28,-6.231,-3.57,10.5,5.25
,-8.016,0.476,-5.951,-8.339,0.83,-5.824,-4.69,11.34,5.25
,-7.923,0.955,-6.04,-8.267,0.751,-5.966,-4.76,11.13,3.71
26349.0,-8.098,0.069,-6.138,-7.916,-1.314,-5.815,-7.0,9.66,0.0
,-8.38,-1.01,-5.42,-7.576,-0.83,-5.774,-10.43,9.87,0.42
,-8.21,-0.9,-6.181,-7.533,-0.464,-5.958,-4.48,10.08,1.26
,-8.038,-1.084,-5.932,-7.87,-0.077,-6.054,-0.7,10.64,2.52
26424.0,-7.947,0.4,-6.272,-8.607,-0.414,-6.155,4.69,8.89,4.34
,-7.765,0.57,-6.336,-8.449,-0.467,-6.372,3.78,8.47,4.41
,-7.956,0.29,-6.214,-7.71,-0.538,-6.54,2.38,8.75,4.83
,-8.107,-0.196,-6.121,-7.535,-0.842,-6.647,2.24,8.33,5.39
26500.0,-7.385,-1.015,-6.803,-7.528,-0.17,-6.695,7.7,4.34,7.28
,-7.703,-1.0,-6.865,-7.574,0.397,-6.583,8.4,3.57,8.33
,-7.806,-0.842,-6.887,-7.88,0.641,-6.408,8.33,2.24,9.03
,-7.684,-0.543,-6.863,-8.318,0.579,-6.03,8.4,1.19,10.01
26575.0,-8.454,0.593,-5.896,-8.055,0.433,-5.808,3.92,-1.19,8.4
,-8.172,0.634,-5.922,-8.157,0.44,-5.884,3.99,-1.26,7.91
,-8.071,0.672,-5.927,-8.122,0.34,-5.97,4.62,-1.19,7.35
,-7.976,0.534,-5.91,-8.107,0.459,-5.875,5.88,-0.49,7.07
26651.0,-7.784,0.933,-5.966,-8.11,-0.208,-6.262,6.09,-1.47,2.73
,-7.794,1.034,-6.167,-8.04,-0.285,-6.2,4.55,-1.68,1.33
,-8.114,0.66,-6.274,-7.739,0.098,-6.372,2.17,-1.68,0.07
,-8.21,0.089,-6.219,-7.583,0.302,-6.461,1.33,-1.26,-0.28
26727.0,-7.887,0.254,-6.461,-7.858,-0.129,-6.236,6.65,-2.31,0.56
,-8.193,0.179,-6.423,-8.028,0.055,-6.229,5.18,-2.87,0.42
,-8.119,0.156,-6.674,-8.294,0.019,-6.31,4.48,-3.5,0.07
,-7.839,-0.034,-6.461,-8.471,-0.062,-6.143,4.13,-3.43,-0.07
26803.0,-8.002,0.002,-6.054,-8.282,0.543,-5.867,6.02,-5.46,0.49
,-7.514,0.134,-5.989,-8.315,0.768,-5.863,6.3,-5.18,0.77
,-7.731,0.349,-6.119,-8.282,0.919,-5.82,6.93,-4.9,0.21
,-8.145,0.342,-6.059,-8.098,0.888,-5.839,7.0,-4.97,-0.49
26878.0,-8.016,0.708,-5.695,-8.126,-0.203,-5.913,6.79,-4.34,-4.13
,-8.153,0.622,-5.674,-8.093,-0.416,-6.092,7.42,-4.34,-5.53
,-8.26,0.483,-5.877,-8.279,-0.33,-5.946,7.63,-4.55,-6.93
,-8.287,0.165,-5.855,-8.088,-0.11,-5.954,5.74,-4.27,-7.56
26954.0,-7.897,0.053,-5.93,-8.318,-0.558,-5.705,6.37,-5.88,-6.93
,-7.672,-0.124,-5.638,-8.332,-0.601,-5.688,4.62,-5.53,-7.21
,-7.787,-0.323,-5.506,-8.193,-0.467,-5.698,4.2,-5.32,-6.93
,-8.215,-0.383,-5.65,-8.148,-0.383,-5.53,6.37,-6.02,-7.07
27030.0,-7.944,-0.256,-5.427,-8.574,-0.993,-5.724,10.01,-4.9,-4.13
,-7.894,-0.103,-5.252,-8.437,-0.859,-5.817,10.57,-4.48,-4.13
,-7.983,-0.239,-5.36,-8.1,-0.29,-6.107,9.87,-4.41,-3.78
,-8.174,-0.206,-6.14,-8.174,-0.51,-5.966,8.54,-4.48,-3.15
27106.0,-7.906,-0.179,-6.076,-8.382,-0.019,-5.48,12.95,-6.86,-0.28
,-7.758,-0.201,-6.004,-8.385,-0.163,-5.707,12.11,-7.21,-0.35
,-7.88,-0.354,-5.946,-8.303,-0.012,-5.757,11.06,-7.21,0.14
,-8.124,-0.242,-5.932,-8.212,0.223,-5.884,11.69,-7.14,0.63
27182.0,-8.222,0.244,-5.918,-8.413,-0.409,-5.824,8.54,-8.4,0.35
,-8.246,0.187,-5.915,-8.2,-0.617,-5.951,7.49,-8.47,-0.07
,-8.205,-0.11,-5.875,-8.09,-0.656,-5.827,5.6,-8.54,-0.14
,-8.368,-0.244,-5.827,-8.043,-0.538,-5.772,5.39,-8.82,-0.07
27257.0,-8.186,-0.201,-5.841,-8.325,-0.211,-5.41,11.2,-13.65,-0.77
,-8.217,0.038,-5.846,-8.344,-0.187,-5.24,11.76,-14.77,-1.96
,-8.378,0.05,-5.693,-8.547,-0.101,-5.284,9.66,-14.42,-1.89
,-8.208,-0.105,-5.48,-8.303,0.354,-5.578,7.0,-14.77,-1.68
27333.0,-8.495,-0.285,-5.138,-8.674,0.146,-5.231,1.82,-13.02,-2.1
,-8.567,-0.263,-4.922,-8.571,0.163,-5.52,2.31,-12.88,-1.4
,-8.547,-0.103,-5.083,-8.428,0.163,-5.322,3.57,-13.16,-0.35
,-8.655,-0.129,-5.071,-8.277,-0.101,-5.217,4.55,-13.44,0.28
27408.0,-8.289,-0.268,-5.264,-8.421,-0.096,-5.336,1.33,-17.5,-3.71
,-8.217,-0.584,-4.537,-8.411,0.077,-5.463,0.28,-19.32,-4.62
,-8.844,0.139,-4.874,-8.461,-0.385,-5.544,0.91,-19.32,-6.51
,-8.421,0.084,-5.343,-8.619,-1.161,-4.975,0.28,-19.67,-8.75
27484.0,-8.507,-1.553,-4.728,-8.801,-0.852,-4.434,-7.77,-22.12,-6.51
,-8.363,-1.85,-4.436,-8.729,-0.603,-4.611,-3.99,-21.56,-5.39
,-8.509,-1.74,-4.247,-8.717,-0.651,-4.35,0.21,-21.0,-3.78
,-8.581,-1.383,-4.168,-8.665,-0.514,-3.967,4.83,-21.49,-3.08
27560.0,-8.772,-0.426,-3.64,-8.971,-0.593,-3.75,2.94,-21.42,-2.94
,-8.847,-0.488,-3.836,-8.894,-0.704,-3.422,3.92,-20.44,-3.71
,-8.775,-0.412,-3.972,-9.014,-0.854,-3.08,3.57,-20.51,-3.78
,-8.938,-0.474,-4.085,-9.026,-0.902,-3.293,3.5,-19.88,-3.99
27636.0,-9.064,-0.873,-3.482,-8.878,-0.931,-3.472,2.24,-16.31,-4.34
,-8.914,-0.603,-4.061,-8.875,-1.034,-3.726,3.5,-15.89,-4.48
,-8.887,-0.603,-4.046,-9.038,-0.883,-3.697,2.8,-15.61,-3.99
,-8.772,-0.613,-4.145,-9.024,-0.771,-4.008,1.68,-15.12,-3.85
27711.0,-8.863,-0.988,-4.168,-9.332,-0.713,-2.917,4.9,-13.86,-2.94
,-8.851,-1.251,-3.436,-9.273,-0.189,-2.546,3.78,-14.49,-1.47
,-9.191,-1.17,-3.271,-9.229,0.029,-2.479,5.11,-13.65,-0.84
,-9.263,-0.96,-3.245,-9.378,-0.089,-2.472,8.4,-12.18,-0.63
27787.0,-9.375,-0.184,-2.264,-9.366,-0.995,-2.513,1.19,-7.0,-3.29
,-9.337,-0.452,-2.405,-9.342,-0.945,-2.728,-0.63,-5.53,-3.57
,-9.354,-0.881,-2.19,-9.189,-0.68,-3.204,-1.47,-3.78,-2.45
,-9.349,-1.098,-2.132,-9.048,-0.424,-3.206,-0.14,-2.03,-1.68
27863.0,-9.127,-0.476,-3.309,-9.115,-0.409,-3.975,0.42,3.22,-1.82
,-9.093,-0.603,-3.228,-9.093,-0.512,-4.491,-2.52,4.06,-2.31
,-9.179,-0.658,-3.386,-8.799,-0.883,-4.487,-4.76,4.76,-3.15
,-9.162,-0.627,-3.836,-8.717,-1.28,-4.269,-6.02,5.18,-4.48
27939.0,-8.906,-2.084,-3.463,-9.141,-0.665,-4.078,-7.77,3.85,-1.47
,-9.076,-1.484,-4.07,-9.083,-0.558,-4.178,-1.68,4.27,-0.21
,-9.177,-1.278,-4.111,-8.911,-0.27,-4.566,2.66,4.27,0.63
,-9.206,-1.034,-3.941,-8.88,-0.328,-4.762,3.78,3.99,1.12
28014.0,-8.894,-0.349,-4.826,-9.134,-0.548,-4.044,-0.91,1.26,-1.96
,-8.952,-0.404,-4.666,-9.112,-0.55,-4.044,-0.49,0.49,-1.68
,-9.052,-0.555,-4.477,-9.091,-0.483,-4.161,0.56,-0.56,-1.47
,-9.115,-0.514,-4.298,-9.031,-0.354,-4.133,2.17,-1.54,-1.26
28090.0,-9.1,-0.517,-3.771,-9.28,-1.795,-2.797,0.63,-3.71,-5.04
,-9.22,-0.794,-3.173,-9.361,-1.541,-2.967,-2.52,-3.22,-5.11
,-9.186,-1.12,-2.85,-9.177,-1.321,-3.061,-5.67,-2.66,-5.11
,-9.11,-1.546,-2.721,-9.076,-1.309,-3.08,-5.88,-0.98,-4.55
28165.0,-9.026,-1.182,-3.104,-9.203,-0.483,-3.75,3.92,5.11,1.4
,-9.043,-1.039,-3.147,-9.103,-0.476,-4.02,4.9,6.3,2.1
,-9.16,-0.852,-3.352,-9.05,-0.589,-4.07,5.25,7.28,2.31
,-9.237,-0.677,-3.525,-9.014,-0.68,-4.204,5.11,7.35,2.45
28241.0,-8.99,-0.816,-4.377,-9.005,-0.952,-4.015,2.31,6.37,1.68
,-8.957,-0.852,-4.405,-9.069,-0.756,-4.025,2.73,5.88,1.96
,-8.94,-0.945,-4.346,-9.115,-0.562,-4.118,3.36,5.74,2.17
,-9.012,-0.962,-4.243,-9.127,-0.572,-4.109,3.92,5.46,2.17
28317.0,-9.057,-0.51,-4.125,-9.045,-0.759,-4.068,3.36,3.92,1.4
,-9.016,-0.581,-4.025,-9.088,-0.854,-3.946,3.01,3.78,1.47
,-8.997,-0.682,-4.094,-9.098,-0.864,-3.958,3.01,3.92,1.47
,-9.028,-0.672,-4.066,-9.105,-0.747,-4.073,3.57,3.5,1.4
28393.0,-9.05,-0.785,-4.109,-9.081,-0.845,-3.979,4.76,2.8,1.33
,-9.0,-0.909,-4.02,-9.016,-0.684,-4.116,4.27,2.38,1.4
,-9.007,-1.058,-3.953,-8.961,-0.548,-4.159,4.41,2.45,1.75
,-9.05,-1.01,-4.006,-9.002,-0.431,-4.063,5.67,2.45,2.03
28469.0,-9.076,-0.402,-3.987,-9.098,-0.692,-3.939,4.97,2.17,1.12
,-9.155,-0.479,-3.948,-9.067,-0.684,-4.056,3.64,2.17,0.7
,-9.105,-0.613,-4.025,-9.0,-0.699,-4.032,2.87,2.1,0.42
,-9.064,-0.675,-4.034,-8.911,-0.847,-3.879,2.38,1.75,0.28
28544.0,-8.978,-0.838,-3.798,-9.057,-0.931,-3.915,2.1,1.33,-0.14
,-9.134,-0.902,-3.733,-8.93,-0.962,-3.994,2.24,1.68,-0.14
,-9.148,-0.955,-3.805,-8.952,-0.866,-4.022,2.24,2.03,0.0
,-9.16,-0.998,-3.867,-9.007,-0.854,-3.826,2.73,1.96,0.21
28620.0,-9.069,-0.83,-3.893,-9.105,-0.62,-3.936,4.69,2.73,1.54
,-9.107,-0.799,-3.92,-9.019,-0.562,-4.011,4.69,2.8,1.54
,-9.215,-0.739,-3.795,-8.935,-0.67,-4.113,4.62,2.87,1.68
,-9.186,-0.665,-3.865,-8.916,-0.704,-4.061,3.99,2.8,1.26
28696.0,-8.952,-0.773,-4.068,-9.093,-0.792,-3.855,0.63,2.59,0.07
,-9.002,-0.871,-3.991,-9.107,-0.687,-3.872,0.63,2.8,0.07
,-9.019,-0.995,-3.788,-9.083,-0.62,-4.034,0.63,2.87,0.28
,-9.095,-0.924,-3.786,-9.067,-0.605,-4.176,1.12,3.08,0.35
28772.0,-9.026,-0.579,-4.305,-9.083,-0.94,-4.051,-0.84,2.31,-0.77
,-8.926,-0.72,-4.159,-9.045,-0.857,-3.967,-1.4,2.03,-0.84
,-8.918,-0.859,-4.094,-9.019,-0.773,-4.14,-1.47,1.96,-0.49
,-9.0,-0.972,-4.015,-8.949,-0.768,-3.953,-0.7,1.96,-0.35
28847.0,-8.971,-0.718,-3.982,-9.182,-0.747,-3.92,0.84,1.19,-0.28
,-8.949,-0.747,-3.941,-9.155,-0.78,-3.814,0.63,1.12,-0.28
,-9.083,-0.838,-3.879,-8.873,-1.012,-3.673,0.21,1.12,-0.42
,-9.143,-0.854,-3.944,-8.89,-1.407,-3.687,-0.28,1.05,-1.19
28923.0,-8.978,-1.572,-3.781,-8.902,-1.316,-3.731,-2.94,2.38,0.7
,-8.983,-1.436,-3.807,-8.873,-1.29,-3.585,0.0,2.73,2.24
,-9.05,-1.374,-3.778,-9.033,-1.22,-3.618,2.24,3.29,3.92
,-9.007,-1.316,-3.893,-9.131,-1.048,-3.936,4.48,4.06,5.11
28998.0,-9.038,-0.713,-4.336,-9.0,-0.318,-4.025,9.73,5.6,7.91
,-8.691,-0.359,-4.355,-9.016,-0.237,-3.881,8.26,4.9,7.35
,-8.732,-0.476,-4.118,-9.148,-0.244,-3.92,5.88,4.69,6.72
,-8.837,-0.447,-4.018,-9.261,-0.459,-3.896,4.55,4.55,6.16
29074.0,-9.217,-0.61,-3.798,-8.957,-0.852,-3.754,-5.11,3.29,3.01
,-8.916,-0.328,-4.274,-8.985,-0.991,-3.575,-7.0,3.36,2.24
,-8.758,-0.589,-3.845,-9.15,-1.156,-3.305,-6.93,3.43,1.82
,-8.801,-0.622,-3.805,-9.206,-1.484,-2.972,-7.0,3.43,1.47
29150.0,-9.06,-1.376,-2.797,-8.935,-0.907,-3.568,-11.13,7.7,3.64
,-9.045,-1.161,-3.278,-8.899,-0.883,-3.623,-8.75,8.68,3.78
,-8.949,-1.067,-3.439,-8.981,-0.751,-3.226,-6.65,9.52,5.04
,-9.014,-0.976,-3.719,-8.971,-0.282,-3.783,-4.48,10.85,6.79
29226.0,-8.971,-0.067,-3.886,-8.935,-0.952,-3.503,5.53,15.75,7.56
,-8.82,-0.074,-3.867,-8.911,-0.66,-3.831,6.16,16.1,7.77
,-8.918,-0.455,-3.841,-8.885,-0.409,-4.259,5.46,17.57,8.68
,-8.926,-0.933,-3.326,-8.672,-0.182,-4.709,5.46,19.88,10.64
29301.0,-8.38,-0.409,-4.429,-8.827,-0.01,-5.882,15.54,22.61,13.65
,-8.423,-0.735,-3.802,-8.629,-0.081,-5.858,14.14,23.8,15.4
,-8.665,-0.625,-4.535,-8.394,-0.507,-5.032,15.61,22.89,13.37
,-8.77,-0.235,-5.255,-8.299,-0.407,-5.011,17.71,20.09,10.64
29377.0,-8.512,-0.469,-5.279,-8.806,0.225,-4.271,8.82,18.2,10.29
,-8.739,-0.445,-5.403,-8.904,0.653,-4.865,8.47,17.01,9.45
,-8.567,-0.471,-5.068,-9.012,1.005,-5.398,6.23,16.87,10.15
,-8.708,-0.294,-4.511,-8.859,1.139,-5.513,5.53,17.99,10.99
29453.0,-8.552,1.163,-5.346,-8.729,0.179,-5.013,-0.98,13.23,2.94
,-8.478,0.72,-4.836,-8.648,0.148,-5.001,-4.69,14.63,1.54
,-8.705,0.347,-4.728,-8.705,-0.206,-4.903,-5.74,15.05,-0.14
,-8.784,0.225,-4.853,-8.509,-0.421,-4.925,-6.44,14.14,-0.98
29529.0,-8.282,-0.431,-4.992,-8.325,-0.268,-5.721,-5.53,13.44,-3.5
,-8.435,-0.292,-5.353,-8.15,-0.644,-5.322,-2.38,13.02,-3.57
,-8.646,-0.27,-5.693,-8.009,-0.62,-5.135,-1.12,11.9,-4.06
,-8.631,-0.223,-5.681,-8.026,-0.68,-5.095,-1.05,11.06,-3.99
29605.0,-8.492,-0.694,-5.087,-8.232,-0.84,-5.054,-3.71,11.2,-0.84
,-8.758,-0.852,-5.147,-8.035,-0.4,-5.145,-3.43,10.64,-0.7
,-8.775,-1.015,-4.987,-8.1,-0.196,-5.226,-3.57,10.15,-0.21
,-8.634,-1.175,-4.87,-8.296,0.103,-5.13,-3.57,10.08,0.49
29680.0,-8.399,0.462,-5.018,-8.885,-0.043,-5.068,4.27,11.76,0.7
,-8.406,0.653,-4.977,-8.665,-0.127,-5.406,3.08,12.11,0.21
,-8.567,0.715,-5.032,-8.387,-0.538,-5.379,0.77,12.53,-0.42
,-8.65,0.467,-5.097,-8.191,-0.713,-5.324,-2.45,12.88,-0.91
29756.0,-8.119,-0.584,-5.468,-8.258,0.651,-5.745,-2.1,12.25,0.7
,-8.236,-0.373,-5.508,-8.236,0.345,-5.492,0.07,12.04,0.91
,-8.093,0.323,-5.705,-8.461,-0.567,-5.264,2.8,11.41,0.7
,-8.062,0.727,-5.839,-8.751,-1.259,-5.41,2.66,10.71,-0.28
29831.0,-8.402,-1.682,-5.245,-7.559,-0.727,-5.872,-12.88,9.24,1.4
,-7.966,-1.96,-5.499,-7.921,-0.158,-5.999,-9.45,10.01,4.41
,-8.031,-2.053,-5.41,-8.186,0.122,-5.937,-6.02,9.73,6.09
,-7.557,-1.555,-5.604,-8.215,0.299,-5.887,-1.33,9.52,7.63
29907.0,-8.256,0.156,-5.64,-8.665,-0.371,-5.542,-5.46,7.49,7.42
,-8.37,0.007,-5.532,-8.296,-0.292,-5.525,-7.56,7.98,8.26
,-8.595,-0.237,-5.367,-7.562,-0.043,-5.822,-7.63,7.56,8.4
,-8.437,-0.12,-5.638,-7.858,-0.182,-5.607,-5.74,7.49,8.19
29983.0,-8.107,0.541,-5.666,-8.787,1.548,-5.779,1.47,7.77,10.29
,-8.196,1.218,-5.908,-8.562,1.101,-5.733,3.5,6.65,8.96
,-8.469,1.797,-5.843,-8.313,0.646,-5.726,2.38,6.58,6.23
,-8.351,2.108,-6.001,-8.184,0.323,-5.805,-0.84,6.72,3.57
30059.0,-8.217,0.146,-5.822,-8.299,-0.759,-6.257,-9.1,8.47,-0.98
,-7.925,-0.031,-6.056,-7.87,-0.828,-6.181,-7.35,8.4,-0.63
,-8.162,-0.366,-6.143,-7.406,-0.292,-6.169,-6.02,8.33,0.21
,-8.502,-0.699,-6.181,-7.636,-0.086,-5.973,-5.32,7.35,1.12
30134.0,-8.066,0.129,-5.97,-7.894,-0.091,-5.788,-1.26,3.57,-0.07
,-8.37,0.175,-6.061,-8.071,-0.112,-5.908,-2.87,2.8,-0.35
,-8.387,0.086,-5.946,-8.167,-0.077,-5.927,-4.55,3.01,0.91
,-7.911,0.103,-5.92,-8.004,0.306,-6.195,-4.83,2.8,1.96
30210.0,-7.827,0.182,-5.968,-8.378,0.689,-5.922,3.15,2.1,4.62
,-7.959,0.275,-5.714,-8.009,0.488,-5.86,2.66,1.89,4.62
,-8.246,0.383,-5.698,-7.923,0.254,-5.915,2.8,1.47,3.92
,-8.552,0.526,-5.733,-8.038,-0.067,-5.918,3.15,0.91,2.87
30285.0,-8.04,-0.261,-5.925,-8.086,-0.38,-6.013,2.59,2.03,3.15
,-7.899,-0.364,-5.958,-8.227,-0.134,-6.171,3.71,1.75,3.99
,-7.923,-0.304,-6.123,-8.179,0.036,-6.121,4.34,0.98,5.46
,-7.976,-0.476,-5.97,-8.062,0.227,-6.19,4.9,0.56,6.72
30361.0,-8.169,0.22,-6.016,-8.205,1.036,-5.937,7.14,0.49,7.84
,-8.076,0.412,-6.059,-8.22,1.091,-5.832,7.28,0.35,7.91
,-8.045,0.579,-5.966,-8.208,0.976,-5.772,7.35,0.28,7.98
,-8.102,0.778,-6.004,-8.241,0.938,-5.597,8.12,-0.42,7.28
30437.0,-8.346,1.18,-5.645,-8.09,0.653,-5.683,6.65,0.7,0.21
,-8.588,1.196,-5.657,-8.129,0.33,-5.676,7.21,0.63,-1.33
,-8.516,1.077,-5.729,-8.133,0.227,-5.666,6.51,0.14,-3.08
,-8.287,0.928,-5.709,-8.167,0.258,-5.865,5.67,-0.14,-4.34
30513.0,-8.078,0.199,-5.946,-8.133,-0.029,-6.037,6.51,1.33,-6.09
,-8.035,0.055,-6.016,-8.193,-0.024,-5.927,5.67,0.49,-6.16
,-8.064,0.081,-6.15,-8.107,-0.191,-5.81,5.18,0.14,-5.95
,-8.064,-0.057,-6.111,-8.076,-0.225,-5.774,4.41,0.28,-5.53
30589.0,-8.279,-0.089,-5.8,-8.232,0.404,-5.872,6.72,-0.7,-3.71
,-8.193,0.404,-5.896,-8.301,-0.189,-5.839,8.89,-0.98,-3.99
,-8.062,0.804,-5.963,-8.167,-0.744,-5.858,9.03,-1.4,-5.04
,-8.043,0.797,-5.927,-8.133,-1.015,-5.786,7.14,-0.7,-5.81
30664.0,-8.078,-0.957,-5.834,-8.122,-0.318,-5.453,9.45,-0.91,-1.61
,-7.992,-0.443,-5.767,-8.129,-0.285,-5.731,12.88,-1.47,-0.77
,-7.906,0.16,-5.736,-8.167,-0.447,-5.714,14.21,-1.82,-0.7
,-7.983,0.101,-5.719,-7.992,-0.486,-5.54,11.9,-1.96,-1.05
30740.0,-8.203,-0.354,-5.497,-8.301,0.053,-5.485,10.01,-1.96,1.82
,-8.244,-0.06,-5.468,-8.167,0.148,-5.772,11.27,-2.45,1.26
,-8.102,0.146,-5.336,-8.325,0.321,-5.791,11.55,-2.03,0.7
,-8.203,0.053,-5.343,-8.236,0.572,-5.832,11.41,-1.54,0.56
30816.0,-8.2,0.158,-5.468,-8.294,-0.369,-5.879,11.83,-0.49,-0.77
,-8.145,0.077,-5.729,-8.26,-0.529,-5.951,10.92,-0.7,-1.12
,-8.153,0.129,-5.774,-8.114,-0.33,-6.312,11.34,-1.19,-0.77
,-8.212,-0.189,-5.808,-8.311,0.043,-6.143,11.27,-0.91,-0.63
30892.0,-8.416,-0.282,-6.26,-7.535,0.11,-5.726,17.36,-0.91,1.61
,-8.406,-0.318,-6.214,-7.856,0.316,-5.664,16.52,-3.64,1.12
,-8.095,-0.376,-6.095,-8.562,0.44,-5.542,15.26,-5.6,0.98
,-7.806,-0.151,-5.963,-8.827,0.5,-5.726,14.77,-5.6,1.61
30967.0,-8.504,0.45,-5.808,-8.172,-0.826,-5.619,10.15,-8.89,-3.92
,-8.093,0.124,-5.729,-8.406,-0.799,-5.81,6.79,-7.77,-3.5
,-7.959,-0.218,-5.75,-8.361,-0.727,-5.781,3.78,-6.44,-3.01
,-8.138,-0.629,-5.607,-8.224,-0.529,-5.726,5.39,-6.44,-3.36
31043.0,-8.09,-0.278,-5.712,-8.466,-0.543,-5.702,9.87,-10.43,0.0
,-8.011,-0.117,-5.638,-8.392,-0.964,-5.635,9.73,-10.29,-0.42
,-8.282,-0.263,-5.573,-8.363,-0.979,-5.463,8.4,-10.57,-0.77
,-8.466,-0.347,-5.676,-8.052,-0.512,-5.528,7.07,-11.13,-0.28
31118.0,-7.916,-0.438,-5.329,-8.311,-0.962,-5.176,7.0,-16.24,-1.19
,-8.069,-0.495,-5.422,-8.294,-1.139,-5.145,6.79,-15.89,-1.12
,-8.378,-0.78,-5.133,-8.33,-1.156,-5.037,5.04,-16.17,-0.84
,-8.402,-0.715,-5.303,-8.478,-1.091,-5.116,5.18,-15.82,-0.14
31194.0,-8.713,-1.12,-5.142,-8.299,0.048,-4.819,17.43,-11.13,9.03
,-8.229,-1.113,-4.558,-8.557,0.333,-4.611,18.34,-13.58,10.29
,-8.344,-0.373,-4.774,-8.674,0.51,-4.312,19.18,-14.0,9.73
,-8.093,-0.124,-5.19,-8.918,0.57,-3.989,20.16,-13.58,8.75
31270.0,-8.933,0.902,-4.037,-8.808,0.562,-4.408,10.85,-13.72,1.33
,-9.119,1.046,-4.274,-8.777,0.318,-4.149,7.91,-13.37,-0.91
,-8.995,0.974,-4.618,-8.837,0.091,-4.058,4.34,-14.07,-2.17
,-8.815,0.881,-4.614,-8.873,0.325,-4.539,0.77,-14.7,-2.8
31346.0,-8.796,0.601,-4.841,-8.775,-0.785,-4.118,-8.05,-15.61,-11.76
,-8.521,0.558,-4.618,-8.892,-1.053,-4.432,-12.04,-16.24,-12.53
,-8.576,0.101,-4.288,-8.906,-0.869,-4.525,-16.1,-15.54,-12.88
,-8.646,-0.414,-4.195,-8.737,-0.72,-4.812,-17.71,-14.0,-13.58
31421.0,-8.457,-0.852,-4.999,-8.83,-1.077,-4.226,-13.16,-14.28,-12.11
,-8.557,-1.201,-4.52,-8.794,-0.558,-4.434,-12.67,-13.72,-10.36
,-8.806,-1.563,-4.233,-8.777,-0.299,-4.506,-10.36,-12.88,-9.17
,-8.851,-1.417,-4.231,-8.839,-0.34,-4.537,-6.86,-12.25,-8.26
31497.0,-8.892,-0.596,-4.286,-8.626,-0.184,-4.762,-1.68,-13.3,-2.8
,-8.909,-0.608,-4.712,-8.928,-0.378,-4.444,-0.63,-13.09,-4.06
,-8.99,-0.421,-5.023,-9.134,-0.83,-4.054,0.91,-14.0,-6.3
,-8.725,-0.201,-5.236,-9.062,-0.859,-3.781,0.84,-15.4,-7.0
31573.0,-9.012,-0.68,-4.097,-8.894,-1.228,-3.376,-0.91,-15.4,-7.56
,-8.832,-0.333,-4.587,-8.906,-1.649,-2.797,-0.07,-16.31,-8.26
,-8.818,-0.404,-4.707,-9.028,-1.438,-3.106,-1.26,-17.64,-7.56
,-8.894,-0.684,-4.075,-9.045,-1.261,-2.907,-2.52,-18.27,-6.02
31649.0,-9.038,-1.196,-2.687,-9.048,-0.474,-3.697,4.69,-12.11,-3.29
,-9.234,-1.273,-2.505,-8.964,-0.031,-4.133,3.5,-10.99,-2.31
,-9.435,-1.376,-2.864,-8.792,-0.218,-3.853,3.78,-9.03,-1.89
,-9.332,-1.079,-3.168,-8.952,-0.684,-3.527,5.53,-8.33,-1.75
31725.0,-9.069,-1.304,-3.034,-9.404,-1.022,-2.927,-1.33,-6.23,-3.01
,-9.277,-1.457,-2.726,-9.263,-0.869,-3.037,0.35,-4.76,-2.31
,-9.416,-1.376,-2.434,-8.947,-0.876,-3.094,1.68,-3.64,-1.68
,-9.466,-1.151,-2.706,-8.933,-1.213,-2.941,2.52,-2.52,-1.82
31800.0,-8.978,-1.491,-2.673,-9.131,-0.766,-3.563,-0.98,3.36,0.14
,-9.153,-1.594,-2.68,-9.083,-0.546,-3.757,0.14,4.9,1.05
,-9.395,-1.307,-3.142,-9.136,-0.445,-4.204,2.38,5.67,1.47
,-9.373,-0.983,-3.436,-8.99,-0.414,-4.298,3.99,5.95,2.03
31876.0,-8.952,-0.579,-4.118,-9.165,-0.907,-3.709,-0.35,5.25,1.4
,-9.076,-0.735,-3.999,-9.189,-0.818,-3.731,-0.91,5.39,1.12
,-9.213,-0.948,-3.893,-9.086,-0.754,-3.932,-0.56,5.67,0.91
,-9.146,-0.897,-3.845,-8.952,-0.67,-3.927,0.49,5.74,1.19
31951.0,-8.935,-0.761,-3.972,-9.0,-0.859,-3.762,2.94,5.74,1.82
,-8.904,-0.782,-4.044,-9.105,-0.849,-3.745,3.08,5.88,1.82
,-8.957,-0.802,-3.965,-9.196,-0.675,-3.788,3.57,5.95,2.03
,-8.988,-0.914,-3.967,-9.172,-0.617,-3.745,3.85,6.09,2.17
32027.0,-9.074,-0.57,-3.941,-8.923,-0.584,-4.281,2.45,5.95,1.47
,-9.067,-0.627,-4.032,-9.002,-0.677,-4.267,1.75,5.88,1.19
,-9.016,-0.567,-4.259,-9.024,-0.744,-4.118,1.47,5.81,0.91
,-8.981,-0.555,-4.326,-9.019,-0.804,-3.979,1.75,5.32,0.84
32103.0,-9.019,-0.842,-3.891,-9.086,-0.876,-3.972,3.01,4.76,1.82
,-9.093,-0.869,-3.855,-9.021,-0.735,-3.941,2.8,4.83,1.61
,-9.11,-0.878,-3.731,-9.014,-0.692,-4.082,2.59,4.83,1.68
,-9.148,-0.909,-3.714,-9.081,-0.663,-4.14,2.24,4.97,1.75
32179.0,-9.019,-0.534,-4.379,-9.026,-0.491,-4.3,1.05,4.97,0.98
,-8.923,-0.44,-4.475,-9.043,-0.486,-4.31,1.12,4.34,0.91
,-8.93,-0.419,-4.381,-9.0,-0.543,-4.24,0.7,3.64,0.91
,-8.918,-0.495,-4.432,-9.005,-0.632,-4.214,0.42,3.29,0.56
32254.0,-8.976,-0.675,-4.128,-9.009,-0.838,-3.841,1.47,2.03,0.35
,-9.024,-0.694,-4.068,-8.959,-0.991,-3.786,1.89,2.38,0.42
,-9.052,-0.725,-3.963,-9.007,-0.931,-3.652,2.38,2.38,0.42
,-9.019,-0.771,-3.924,-9.04,-0.931,-3.606,2.45,2.45,0.49
32330.0,-9.098,-0.952,-3.673,-9.11,-0.727,-3.819,3.71,4.83,1.4
,-9.033,-0.881,-3.644,-8.995,-0.677,-3.888,3.78,5.11,1.68
,-9.074,-0.78,-3.678,-9.026,-0.541,-4.087,3.57,5.32,1.68
,-9.117,-0.838,-3.754,-8.99,-0.574,-4.133,3.15,5.6,1.54
32406.0,-8.921,-0.61,-4.3,-8.926,-0.498,-4.561,0.98,6.09,0.77
,-8.926,-0.639,-4.367,-8.921,-0.464,-4.582,1.4,5.88,0.91
,-8.973,-0.596,-4.52,-8.902,-0.51,-4.566,1.96,5.53,0.98
,-8.892,-0.538,-4.592,-8.959,-0.519,-4.491,2.87,5.11,1.12
32482.0,-8.954,-0.574,-4.494,-9.131,-0.223,-4.336,2.59,2.87,0.63
,-8.892,-0.574,-4.389,-9.095,-0.026,-4.494,2.31,2.66,0.49
,-8.957,-0.531,-4.348,-9.043,0.057,-4.535,2.38,2.45,0.49
,-8.978,-0.459,-4.331,-8.99,-0.065,-4.642,2.73,2.52,0.42
32557.0,-8.918,-0.299,-4.575,-8.894,-1.436,-3.967,-2.87,-0.77,-2.73
,-8.811,-0.646,-4.499,-8.995,-1.374,-3.786,-4.27,-1.4,-2.94
,-8.823,-1.022,-4.381,-9.067,-1.189,-3.647,-4.9,-1.89,-2.8
,-8.804,-1.302,-4.173,-9.158,-1.017,-3.625,-4.34,-2.03,-2.03
32633.0,-9.031,-1.074,-3.601,-8.844,-1.041,-3.74,-0.49,-0.07,-0.07
,-8.966,-1.086,-3.527,-8.832,-1.0,-3.766,-0.35,0.77,0.35
,-8.959,-1.129,-3.685,-8.94,-1.117,-3.826,0.77,1.75,0.56
,-8.959,-1.115,-3.714,-8.914,-1.208,-3.927,2.1,2.17,1.33
32708.0,-8.942,-1.256,-3.989,-8.988,-0.562,-3.9,6.37,4.34,5.39
,-8.988,-1.132,-3.881,-8.866,-0.495,-3.678,7.35,4.41,6.23
,-9.021,-0.943,-3.924,-8.935,-0.392,-3.656,7.91,4.62,6.09
,-9.009,-0.694,-3.85,-8.959,-0.361,-3.69,7.56,5.11,5.6
32784.0,-9.038,-0.424,-3.994,-8.655,-0.792,-5.123,0.42,5.53,1.68
,-9.131,-0.782,-4.145,-8.662,-0.72,-4.74,-0.28,5.81,2.45
,-8.961,-1.177,-4.07,-8.67,-0.479,-4.721,-0.42,6.02,4.27
,-8.739,-1.18,-4.645,-8.691,-0.622,-4.465,2.03,6.3,4.97
32860.0,-8.856,-1.175,-3.788,-8.993,-1.464,-3.374,6.58,4.41,8.75
,-8.94,-1.352,-3.821,-9.074,-1.113,-3.451,5.95,4.83,9.38
,-8.973,-1.732,-3.482,-9.194,-0.503,-3.812,5.11,5.39,10.22
,-9.005,-1.682,-3.336,-9.04,-0.163,-4.006,5.46,6.09,10.92
32936.0,-8.765,-0.323,-3.831,-9.186,-0.491,-3.24,0.42,9.87,11.83
,-8.626,-0.646,-3.501,-9.249,-0.481,-3.352,-3.08,10.64,12.18
,-8.519,-0.778,-3.027,-8.964,-0.464,-3.326,-3.71,11.48,11.27
,-8.875,-0.715,-3.178,-8.782,-0.376,-2.845,-1.4,12.88,10.08
33012.0,-8.847,0.146,-3.051,-8.488,1.237,-4.247,10.71,22.19,11.27
,-9.057,0.713,-3.764,-8.713,0.78,-4.271,12.74,22.47,8.68
,-9.112,1.019,-3.975,-8.83,0.244,-4.604,10.5,21.7,6.51
,-8.782,1.515,-4.508,-8.928,-0.44,-4.774,5.32,20.72,4.76
33087.0,-9.122,-0.684,-5.049,-8.315,-0.395,-5.669,-7.42,20.51,1.68
,-8.844,-0.701,-5.37,-8.174,0.208,-6.092,-3.92,19.04,2.17
,-8.634,-0.608,-5.788,-8.279,0.615,-6.478,-0.98,18.76,2.52
,-8.502,-0.637,-5.851,-8.457,0.692,-6.413,0.91,19.04,2.87
33163.0,-8.394,0.534,-6.289,-8.428,-1.46,-5.676,-6.93,9.45,-2.87
,-8.545,-0.086,-5.992,-8.373,-1.455,-5.731,-10.22,8.54,-2.8
,-8.495,-1.039,-5.81,-8.191,-1.441,-5.331,-10.64,8.4,-1.89
,-8.425,-1.481,-5.686,-8.224,-1.371,-4.996,-7.35,7.49,0.0
33239.0,-8.241,-1.058,-4.704,-8.859,0.309,-4.468,6.51,8.96,7.49
,-8.354,-0.519,-4.606,-8.612,0.263,-4.489,7.42,8.05,7.91
,-8.519,-0.081,-4.594,-8.394,0.156,-4.549,7.35,7.28,8.12
,-8.643,0.313,-4.587,-8.603,0.074,-4.616,6.37,7.56,7.98
33315.0,-8.744,-0.089,-4.922,-8.339,1.007,-4.456,5.67,10.57,7.0
,-8.966,-0.313,-4.774,-8.55,0.89,-4.41,6.51,10.99,6.58
,-8.784,0.115,-4.391,-8.507,0.66,-4.52,7.07,11.83,5.95
,-8.512,0.701,-4.326,-8.612,0.201,-4.633,7.07,12.74,4.97
33390.0,-8.772,0.215,-4.855,-8.382,-0.014,-5.394,-4.76,14.21,-2.66
,-8.626,0.385,-5.085,-8.098,-0.4,-5.441,-1.82,14.77,-2.59
,-8.342,0.436,-5.291,-7.906,-0.926,-5.599,0.28,15.61,-2.31
,-8.473,0.498,-5.329,-8.167,-1.235,-5.614,0.49,16.24,-2.52
33466.0,-8.282,-1.45,-5.647,-8.409,0.208,-5.949,-0.63,14.91,2.1
,-8.26,-1.441,-5.724,-8.528,0.292,-5.805,1.82,14.84,3.57
,-8.272,-1.01,-5.724,-8.222,0.936,-5.769,4.48,14.56,4.62
,-8.256,-0.182,-5.877,-8.095,0.95,-5.698,7.91,13.86,4.55
33541.0,-8.15,0.814,-5.604,-8.485,-0.318,-5.413,-4.27,10.15,-2.03
,-8.296,0.457,-5.413,-8.442,-0.637,-5.745,-6.65,10.43,-2.1
,-8.248,0.153,-5.331,-8.681,-1.053,-5.743,-7.0,10.92,-1.75
,-8.363,-0.034,-5.212,-8.536,-1.29,-5.597,-6.16,11.55,-0.56
33617.0,-7.925,-1.17,-6.088,-8.179,-0.881,-6.011,0.07,5.67,2.66
,-7.318,-1.0,-6.052,-8.325,-0.83,-5.887,1.47,5.18,2.52
,-7.229,-0.715,-6.104,-8.512,-0.507,-6.238,0.91,6.02,2.59
,-7.641,-0.818,-6.1,-8.208,-0.352,-6.102,-1.33,6.16,2.45
33693.0,-7.992,0.184,-5.949,-8.701,1.106,-5.422,-2.17,5.25,8.33
,-7.741,0.637,-5.645,-8.689,1.046,-5.26,-0.98,5.25,8.75
,-8.023,1.039,-5.896,-8.6,1.048,-5.047,-0.49,5.11,7.42
,-8.531,1.077,-5.566,-8.409,1.067,-5.276,-2.31,5.32,5.95
33769.0,-8.078,1.161,-5.231,-7.995,1.297,-5.901,-3.64,5.53,-0.14
,-8.045,1.271,-5.3,-8.071,0.278,-5.745,-3.78,6.58,-2.24
,-8.339,1.653,-5.535,-7.923,-0.897,-5.59,-3.43,6.37,-4.97
,-8.366,1.926,-5.827,-8.002,-1.687,-5.779,-3.78,6.44,-7.77
33844.0,-7.971,-2.19,-5.987,-7.566,-0.89,-5.915,-6.65,6.72,-1.05
,-7.755,-2.455,-5.97,-7.782,0.079,-5.903,-1.54,7.07,1.54
,-8.181,-2.422,-5.958,-7.612,1.053,-6.102,2.94,6.86,3.15
,-7.909,-1.977,-5.652,-7.612,1.598,-6.492,6.37,5.32,4.27
33920.0,-7.832,1.156,-6.346,-8.464,-1.003,-5.913,0.07,2.87,3.36
,-7.851,0.462,-6.114,-8.612,-0.897,-6.025,-4.27,3.78,5.32
,-7.88,-0.392,-5.968,-8.734,-0.792,-6.066,-3.29,4.83,7.91
,-8.492,-0.864,-5.934,-8.114,-0.347,-6.111,0.91,4.62,8.82
33996.0,-7.916,0.127,-6.054,-8.131,0.304,-5.968,12.53,0.35,9.73
,-7.858,0.622,-6.114,-8.275,-0.251,-5.702,9.52,-0.77,8.75
,-7.657,0.986,-6.186,-8.457,-0.548,-5.473,6.72,-0.35,7.63
,-7.813,0.883,-6.222,-8.344,-0.184,-5.623,3.22,-0.07,6.44
34072.0,-8.145,0.127,-5.41,-8.313,1.577,-5.726,6.58,1.96,8.68
,-8.215,0.986,-5.547,-8.38,1.153,-5.7,8.68,1.61,7.7
,-8.246,1.625,-5.686,-8.485,0.672,-5.638,9.03,1.54,6.09
,-8.251,1.924,-5.748,-8.181,0.431,-5.578,6.16,1.47,4.13
34148.0,-7.83,0.242,-5.693,-7.916,0.141,-6.535,3.36,3.85,-1.05
,-7.865,0.256,-5.891,-7.954,-0.208,-6.473,4.83,4.27,-1.4
,-8.363,0.361,-6.274,-7.985,-0.005,-6.466,5.95,3.71,-2.31
,-8.179,0.352,-6.391,-7.865,0.227,-6.492,5.88,3.08,-3.01
34223.0,-7.966,0.045,-6.513,-7.971,-0.242,-6.231,6.16,1.82,-3.64
,-8.035,-0.378,-6.391,-7.901,0.263,-6.126,4.34,1.54,-3.5
,-8.031,-0.68,-6.363,-7.937,0.696,-6.049,4.83,1.4,-3.08
,-8.122,-0.572,-6.339,-8.093,0.78,-5.963,7.14,0.84,-2.52
34299.0,-8.279,0.634,-5.853,-8.148,0.196,-6.047,5.25,-1.89,-2.66
,-8.39,0.254,-5.781,-8.15,0.464,-6.195,4.34,-1.4,-3.01
,-8.339,0.057,-5.736,-8.342,0.29,-6.272,4.97,-0.63,-3.22
,-8.256,0.165,-5.889,-8.416,-0.22,-5.822,8.19,0.07,-3.15
34374.0,-7.889,-0.031,-5.994,-8.6,-0.096,-5.441,10.5,-1.68,-3.85
,-7.54,-0.062,-5.729,-8.514,0.366,-5.528,11.13,-1.26,-3.5
,-7.736,-0.187,-5.604,-8.059,0.431,-5.437,10.92,-0.91,-3.64
,-8.277,-0.278,-5.461,-7.894,0.383,-5.475,9.87,-1.12,-4.34
34450.0,-8.086,0.364,-5.587,-8.148,-0.706,-5.611,3.92,-0.77,-7.49
,-8.167,0.256,-5.815,-8.284,-0.424,-5.939,3.5,-1.75,-8.61
,-8.141,0.022,-5.944,-8.263,-0.148,-6.119,3.01,-1.33,-8.68
,-8.04,-0.184,-6.03,-8.09,0.129,-6.241,1.47,-0.42,-7.56
34526.0,-7.944,0.089,-6.222,-8.023,-0.407,-6.19,10.01,-1.89,-5.04
,-7.877,0.024,-6.305,-8.181,-0.213,-6.155,7.28,-1.89,-4.97
,-7.877,-0.385,-6.21,-7.858,-0.187,-6.193,6.16,-2.03,-4.69
,-8.076,-0.526,-6.102,-7.741,-0.562,-5.973,6.58,-2.59,-4.27
34602.0,-7.837,-1.043,-5.753,-8.131,-0.548,-6.205,9.1,-4.62,-1.54
,-8.124,-1.309,-5.791,-7.832,-0.565,-6.181,10.92,-4.83,-0.14
,-8.38,-1.115,-5.994,-7.765,-0.775,-6.08,13.58,-6.58,0.84
,-8.437,-0.928,-5.985,-7.956,-0.857,-6.083,15.89,-8.05,1.05
34677.0,-8.083,-0.694,-6.128,-8.279,-0.084,-5.413,11.2,-11.69,3.29
,-8.071,-0.302,-6.011,-8.248,-0.483,-5.085,12.53,-12.11,3.99
,-8.055,0.002,-5.915,-8.296,-0.61,-4.85,12.88,-12.95,3.99
,-8.114,0.112,-5.793,-8.459,-0.323,-4.882,12.53,-13.44,3.71
34753.0,-8.54,-0.031,-4.848,-8.337,0.182,-5.123,12.6,-12.74,4.13
,-8.61,0.225,-5.035,-8.289,0.01,-5.384,12.18,-12.95,3.5
,-8.564,0.364,-5.171,-8.215,-0.017,-5.224,10.43,-13.44,2.59
,-8.516,0.534,-5.245,-8.126,-0.244,-5.284,8.54,-13.58,1.54
34828.0,-8.174,-0.718,-5.365,-8.471,-1.094,-5.487,5.39,-13.79,-0.98
,-8.212,-1.139,-5.312,-8.354,-0.785,-5.477,3.99,-13.93,0.77
,-8.308,-1.491,-5.284,-8.217,-0.452,-5.2,4.13,-14.42,2.31
,-8.452,-1.402,-5.336,-8.614,0.431,-6.028,6.16,-14.91,3.08
34904.0,-8.485,0.151,-4.855,-8.593,0.089,-4.886,8.4,-16.24,1.33
,-8.569,0.237,-4.939,-8.734,0.089,-4.925,4.27,-16.45,1.05
,-8.545,0.105,-5.013,-8.76,0.29,-4.652,2.52,-16.31,-0.84
,-8.339,-0.012,-4.714,-8.849,0.474,-4.346,2.38,-16.45,-1.12
34980.0,-8.885,0.397,-4.259,-8.77,-0.11,-4.484,-0.07,-16.45,-6.65
,-8.928,0.132,-3.982,-8.861,-0.278,-4.365,-3.64,-15.82,-7.35
,-8.792,0.055,-4.348,-8.82,-0.359,-4.776,-6.23,-16.03,-8.47
,-8.631,0.144,-4.621,-8.763,-0.476,-4.733,-8.4,-16.73,-9.73
35056.0,-8.497,-0.852,-4.666,-8.825,-1.144,-4.542,-15.05,-17.36,-11.55
,-8.512,-1.122,-4.355,-8.763,-1.149,-4.365,-16.1,-17.43,-11.27
,-8.772,-1.311,-4.197,-8.557,-1.125,-4.472,-15.26,-17.29,-10.78
,-8.827,-1.211,-4.326,-8.583,-1.086,-4.288,-13.3,-16.94,-10.36
35132.0,-8.737,-0.967,-4.25,-8.794,-0.637,-4.161,-8.82,-17.71,-7.56
,-8.78,-0.562,-4.745,-8.918,-1.041,-3.556,-5.11,-17.64,-8.47
,-8.89,-0.263,-4.702,-8.918,-0.83,-4.413,-2.66,-18.06,-8.47
,-8.827,-0.34,-4.453,-8.906,-0.632,-4.614,-2.73,-18.41,-7.56
35207.0,-9.031,-0.249,-4.475,-8.961,-0.852,-3.9,5.6,-17.85,-7.28
,-8.971,-0.062,-5.027,-9.201,-0.778,-3.496,5.04,-18.27,-7.35
,-8.952,-0.369,-4.413,-9.174,-0.438,-4.238,3.29,-18.76,-7.0
,-8.918,-0.613,-4.31,-9.141,-0.514,-3.922,2.8,-18.06,-6.37
35283.0,-8.949,-0.543,-3.632,-9.141,-1.283,-2.005,3.15,-18.34,-6.3
,-8.813,-0.684,-3.676,-9.304,-1.531,-1.414,4.27,-17.99,-5.95
,-8.954,-0.933,-3.266,-9.45,-1.582,-1.357,5.95,-17.43,-5.95
,-8.961,-1.043,-2.529,-9.536,-1.385,-1.225,6.86,-16.1,-4.97
35359.0,-9.548,-1.249,-1.429,-9.172,-1.565,-2.187,7.98,-3.85,-2.38
,-9.459,-1.108,-1.809,-9.234,-1.572,-2.273,6.51,-1.68,-2.45
,-9.313,-1.208,-1.776,-9.373,-1.393,-2.644,3.85,0.35,-1.82
,-9.17,-1.342,-2.024,-9.32,-1.053,-3.285,2.94,2.94,-1.19
35435.0,-9.167,-0.933,-3.491,-8.847,-1.175,-4.451,4.9,10.99,1.05
,-9.067,-0.979,-3.92,-9.009,-1.074,-4.695,3.36,11.55,1.19
,-9.014,-1.019,-4.319,-9.06,-0.644,-5.202,3.01,11.55,0.98
,-8.906,-1.151,-4.451,-8.734,-0.16,-5.41,2.94,11.34,1.12
35510.0,-8.6,-0.105,-5.205,-9.356,-0.787,-4.257,5.81,5.11,0.35
,-8.758,-0.325,-4.834,-9.215,-0.668,-4.319,4.41,4.2,0.07
,-8.985,-0.66,-4.515,-8.983,-0.67,-4.233,4.55,3.57,0.07
,-9.203,-0.854,-4.257,-8.873,-0.9,-4.078,5.6,3.08,0.21
35586.0,-8.839,-1.177,-3.865,-9.344,-1.378,-2.953,3.57,0.42,-0.77
,-8.909,-1.402,-3.719,-9.316,-1.278,-3.008,3.78,0.7,-0.42
,-9.016,-1.491,-3.364,-9.208,-1.0,-3.295,4.34,1.12,0.21
,-9.196,-1.565,-2.929,-9.064,-0.948,-3.671,4.62,2.1,0.77
35661.0,-8.973,-0.799,-3.886,-9.076,-0.754,-3.946,1.82,3.99,0.63
,-8.935,-0.89,-3.991,-9.203,-0.646,-3.862,1.19,3.99,0.77
,-8.918,-0.986,-3.917,-9.203,-0.639,-3.821,1.47,4.27,1.33
,-9.0,-0.909,-4.025,-9.155,-0.692,-3.85,2.59,4.34,1.61
35737.0,-9.048,-0.723,-4.106,-8.978,-0.955,-4.18,1.12,3.5,0.98
,-8.966,-0.847,-4.202,-9.074,-0.885,-4.109,0.7,3.15,0.56
,-8.935,-0.95,-4.293,-9.069,-0.739,-4.066,0.77,2.87,0.56
,-8.892,-1.003,-4.274,-9.079,-0.708,-3.893,1.33,2.73,0.56
35813.0,-9.098,-0.821,-3.8,-9.182,-0.94,-3.826,0.07,1.68,0.07
,-9.055,-0.931,-3.812,-9.146,-0.948,-3.874,-0.42,1.75,0.07
,-8.921,-0.976,-3.795,-9.105,-0.914,-3.831,-0.21,1.96,0.21
,-9.043,-1.031,-3.654,-9.052,-0.933,-3.896,0.14,2.38,0.35
35889.0,-9.024,-0.864,-3.917,-9.086,-1.029,-4.034,0.49,2.87,0.7
,-8.959,-0.802,-3.9,-9.048,-0.976,-4.008,0.42,2.8,0.56
,-8.995,-0.857,-3.917,-9.052,-0.979,-3.97,0.14,2.87,0.63
,-9.024,-0.96,-3.898,-9.098,-1.017,-4.022,0.14,3.08,0.91
35964.0,-9.052,-0.842,-4.121,-9.069,-0.838,-4.032,2.94,3.15,1.75
,-8.964,-0.708,-4.147,-9.091,-0.9,-3.989,2.73,3.08,1.54
,-8.973,-0.665,-4.214,-9.067,-0.924,-4.027,1.75,2.8,1.12
,-8.988,-0.763,-3.996,-9.079,-0.878,-4.113,0.91,2.59,1.19
36040.0,-9.028,-0.878,-3.994,-9.136,-0.79,-3.754,2.24,1.89,1.61
,-9.019,-0.876,-3.953,-9.182,-0.821,-3.819,2.66,2.1,1.75
,-8.993,-0.816,-3.915,-9.088,-0.916,-3.625,2.8,2.1,1.82
,-9.05,-0.761,-3.848,-9.064,-0.888,-3.766,2.73,2.38,1.96
36116.0,-9.093,-0.742,-3.788,-9.002,-0.529,-4.14,3.43,3.5,2.24
,-9.062,-0.715,-3.869,-8.954,-0.562,-4.192,3.29,3.64,2.1
,-9.091,-0.627,-3.927,-8.952,-0.677,-4.164,2.87,3.5,1.89
,-9.069,-0.57,-4.082,-8.973,-0.732,-4.183,2.66,3.64,1.54
36192.0,-9.012,-0.694,-4.164,-9.033,-0.804,-4.051,2.52,3.22,0.7
,-9.072,-0.732,-4.015,-9.007,-0.804,-4.082,2.31,3.22,0.56
,-9.067,-0.749,-4.14,-8.966,-0.912,-4.018,1.96,3.08,0.35
,-9.088,-0.782,-4.185,-8.947,-0.924,-3.91,1.96,2.94,0.14
36268.0,-8.945,-0.955,-3.932,-9.043,-0.814,-4.011,2.17,2.87,0.14
,-9.007,-0.972,-3.869,-8.99,-0.694,-4.173,2.66,2.94,0.21
,-9.021,-0.983,-3.824,-8.906,-0.869,-4.346,2.94,3.08,0.35
,-9.091,-0.921,-3.896,-8.763,-0.828,-4.305,3.29,3.08,0.42
36343.0,-8.842,-0.849,-4.319,-8.988,-0.809,-4.154,2.8,2.52,0.21
,-8.981,-0.72,-4.374,-8.983,-0.924,-4.121,3.64,2.73,0.14
,-9.057,-0.634,-4.436,-9.007,-0.938,-4.054,3.71,2.1,0.0
,-8.949,-0.687,-4.295,-9.005,-0.876,-3.977,3.22,1.54,0.21
36419.0,-8.981,-0.876,-3.783,-8.938,-1.017,-3.821,3.15,1.4,0.42
,-9.134,-0.924,-3.747,-8.976,-1.022,-3.958,2.52,1.54,0.14
,-9.184,-0.96,-3.843,-9.0,-1.007,-3.953,2.45,1.82,0.07
,-9.04,-1.019,-3.91,-8.971,-0.969,-3.867,2.03,2.03,0.21
36494.0,-8.947,-1.005,-3.664,-9.11,-1.45,-3.228,2.52,3.36,1.82
,-9.055,-1.12,-3.477,-9.043,-1.481,-3.376,1.82,3.71,2.1
,-8.993,-1.173,-3.331,-8.921,-1.503,-3.34,1.33,4.48,2.24
,-9.064,-1.304,-3.283,-8.921,-1.206,-3.453,1.05,5.46,2.52
36570.0,-8.978,-0.866,-3.829,-8.732,-0.464,-4.925,2.66,10.5,3.29
,-9.081,-0.447,-4.226,-8.734,-0.546,-5.097,1.82,10.01,2.73
,-8.973,-0.261,-4.611,-8.72,-0.68,-5.047,-0.21,9.17,2.38
,-8.78,-0.273,-4.74,-8.708,-0.66,-4.889,-2.66,8.19,2.31
36646.0,-8.904,-0.84,-4.484,-8.985,-1.098,-3.819,-1.12,5.18,2.73
,-8.983,-0.878,-4.35,-9.002,-1.302,-3.537,-0.28,4.9,3.08
,-9.038,-0.945,-4.228,-8.909,-1.522,-3.613,0.42,4.69,3.36
,-9.019,-1.036,-4.058,-8.856,-1.737,-3.424,0.56,4.76,4.06
36722.0,-8.82,-1.625,-3.41,-8.839,-1.309,-3.281,6.02,8.75,9.03
,-8.911,-1.488,-3.139,-8.921,-1.472,-2.771,7.98,9.73,10.15
,-9.021,-1.17,-3.451,-9.007,-1.429,-2.682,9.87,11.2,10.85
,-8.892,-1.113,-3.489,-8.961,-1.11,-2.697,10.64,12.32,11.69
36797.0,-8.892,-0.708,-2.848,-8.593,-0.462,-4.975,10.71,20.65,14.7
,-8.866,-0.246,-3.467,-8.433,-0.634,-4.817,8.47,21.0,13.37
,-8.863,-0.239,-3.944,-8.303,-0.213,-4.841,5.32,21.35,12.74
,-8.746,-0.244,-4.525,-8.203,0.115,-4.977,3.64,21.35,12.46
36873.0,-8.473,0.132,-4.716,-8.964,0.026,-4.508,5.04,19.53,6.86
,-8.758,0.187,-4.623,-8.89,0.235,-4.702,2.73,18.83,5.88
,-8.839,0.242,-4.46,-8.748,0.543,-5.497,0.77,18.48,5.18
,-8.88,0.038,-4.659,-8.581,0.459,-5.738,-0.63,19.04,4.34
36949.0,-8.402,0.505,-5.767,-8.634,-0.747,-5.023,-0.77,16.03,1.89
,-8.315,0.16,-5.963,-8.6,-0.479,-4.838,-1.19,15.05,1.19
,-8.378,-0.328,-5.776,-8.722,-0.651,-5.027,-2.17,14.63,1.75
,-8.416,-0.632,-5.614,-8.758,-0.859,-4.941,-2.8,13.58,1.33
37025.0,-8.598,-0.751,-5.221,-8.086,-1.094,-5.461,-5.6,8.33,-1.12
,-8.459,-0.644,-5.709,-8.251,-0.838,-5.408,-5.39,8.19,-0.63
,-8.267,-0.957,-5.575,-8.351,-0.684,-5.647,-5.25,9.24,1.05
,-8.114,-1.163,-5.599,-8.356,-0.385,-5.552,-3.64,10.43,2.59
37100.0,-8.344,-0.189,-5.319,-8.859,0.012,-5.181,9.52,10.36,8.05
,-8.497,-0.108,-5.025,-8.777,0.086,-5.276,9.17,11.34,7.84
,-8.631,-0.177,-4.695,-8.533,-0.041,-5.406,8.26,11.62,7.49
,-8.792,-0.062,-4.716,-8.404,-0.108,-5.257,7.84,10.99,6.93
37176.0,-8.428,-0.127,-4.977,-8.588,0.536,-5.047,-0.14,10.08,4.27
,-8.287,0.024,-5.142,-8.581,0.524,-5.051,0.42,9.31,3.01
,-8.411,0.05,-5.095,-8.552,0.347,-4.956,0.98,8.96,1.82
,-8.574,0.23,-4.941,-8.521,0.0,-4.819,1.26,9.1,1.19
37251.0,-8.232,-0.172,-4.905,-8.074,-1.117,-5.08,-4.06,11.83,-2.38
,-8.327,-0.613,-4.889,-8.169,-1.007,-4.994,-4.27,12.67,-1.47
,-8.48,-1.029,-4.934,-8.253,-0.706,-5.229,-4.06,13.02,-0.07
,-8.282,-1.177,-5.056,-8.351,-0.672,-5.15,-2.24,12.95,1.89
37327.0,-8.399,-0.737,-5.02,-8.141,0.11,-5.664,3.57,13.51,4.69
,-8.282,-0.455,-5.195,-8.361,0.055,-5.666,4.06,12.74,3.78
,-7.916,-0.062,-5.293,-8.471,0.031,-5.583,4.9,12.88,3.5
,-7.889,0.124,-5.53,-8.394,0.191,-5.631,5.04,13.86,3.08
37403.0,-8.404,0.227,-5.714,-8.076,-1.115,-6.059,2.38,14.77,1.4
,-8.26,-0.196,-5.793,-7.995,-0.512,-6.016,1.19,14.49,1.47
,-8.294,-0.871,-5.942,-7.751,0.799,-6.37,-0.91,13.86,2.17
,-8.21,-1.196,-6.035,-7.681,1.35,-6.377,-1.05,12.53,3.29
37479.0,-7.765,1.366,-6.53,-8.358,-0.44,-5.827,2.17,7.21,-3.64
,-7.973,1.005,-6.219,-8.349,-0.967,-5.707,-4.76,6.65,-5.11
,-8.492,0.625,-6.152,-8.04,-1.05,-5.812,-9.45,6.23,-5.67
,-8.693,0.115,-5.803,-7.755,-1.127,-5.891,-11.97,6.51,-4.9
37555.0,-7.483,-1.259,-6.128,-8.122,-0.419,-5.824,-1.96,4.9,-0.07
,-7.715,-1.658,-6.028,-7.921,-0.101,-5.654,-1.19,4.9,1.19
,-7.851,-1.567,-5.982,-7.909,-0.036,-5.267,-0.28,5.18,2.73
,-7.909,-1.031,-5.69,-8.275,0.476,-5.456,2.38,5.11,3.5
37630.0,-8.299,0.648,-5.676,-8.43,-0.005,-5.53,-0.84,4.34,3.64
,-8.095,0.565,-5.542,-8.172,-0.05,-5.815,-1.68,4.76,2.94
,-8.674,0.479,-5.657,-8.004,-0.294,-5.915,-3.08,5.39,1.89
,-8.471,0.213,-5.422,-7.995,-0.672,-6.159,-3.64,6.09,1.89
37706.0,-7.578,-0.988,-6.217,-8.196,-0.979,-6.25,-6.02,5.81,5.04
,-7.401,-1.077,-6.293,-8.177,-0.416,-6.26,-5.11,5.67,6.02
,-7.619,-1.321,-6.253,-8.205,-0.072,-6.037,-4.06,5.53,6.79
,-8.062,-1.381,-6.25,-7.818,0.613,-6.052,-1.82,4.9,7.35
37782.0,-7.655,0.998,-6.123,-8.361,0.244,-5.913,0.07,1.61,6.86
,-7.952,1.041,-6.15,-8.452,-0.086,-5.867,-1.12,1.19,5.53
,-8.107,0.845,-6.095,-8.411,-0.215,-5.824,-3.36,1.05,5.39
,-7.997,0.459,-5.755,-8.27,-0.613,-5.564,-3.99,1.75,6.3
37858.0,-7.961,-0.531,-5.597,-7.81,0.529,-5.997,1.26,1.82,6.09
,-7.885,-0.531,-5.671,-7.691,0.529,-5.918,2.73,2.59,6.79
,-8.007,-0.352,-5.678,-7.593,0.242,-5.791,3.92,2.73,6.93
,-7.949,0.136,-5.714,-8.038,-0.002,-5.688,4.62,2.24,6.93
37933.0,-8.466,0.321,-6.234,-7.885,0.352,-5.832,1.47,2.24,6.44
,-8.624,-0.024,-5.743,-7.854,0.55,-5.934,1.61,2.31,6.58
,-8.406,-0.124,-5.681,-7.731,0.665,-6.078,2.1,2.38,6.3
,-8.138,0.029,-5.642,-7.681,0.62,-6.21,3.36,2.45,5.67
38009.0,-7.98,0.414,-6.224,-8.181,-0.223,-6.104,-0.14,3.5,3.43
,-8.078,0.019,-6.181,-7.952,0.072,-6.128,-1.54,3.15,3.64
,-8.263,-0.388,-6.171,-7.827,0.28,-6.21,-0.91,2.87,4.55
,-8.497,-0.538,-6.14,-7.794,0.514,-6.178,1.4,2.52,5.18
38084.0,-8.028,0.842,-6.131,-8.09,0.426,-6.018,4.13,1.61,3.36
,-8.059,1.364,-6.167,-8.177,-0.041,-5.966,3.29,1.33,1.89
,-8.09,1.51,-6.2,-8.083,-0.036,-5.922,1.26,0.84,0.28
,-8.066,1.077,-6.186,-8.081,0.278,-5.889,-2.03,0.42,-1.12
38160.0,-7.997,0.431,-5.973,-8.136,0.311,-6.111,4.83,0.84,-2.87
,-7.944,0.526,-6.114,-8.071,-0.069,-6.035,2.31,0.91,-3.22
,-7.995,0.5,-6.193,-8.069,-0.361,-5.966,2.03,1.05,-3.85
,-8.196,0.376,-6.262,-8.031,-0.376,-5.915,1.47,1.05,-4.55
38236.0,-7.954,-0.103,-5.93,-8.021,0.316,-6.157,3.43,0.49,-3.43
,-7.863,0.069,-5.994,-8.165,0.402,-6.088,4.06,0.42,-3.29
,-7.909,0.22,-6.198,-8.184,0.27,-5.954,4.13,0.14,-3.01
,-7.964,0.144,-6.047,-8.076,-0.01,-5.863,3.85,0.14,-2.66
38312.0,-8.066,-0.242,-5.812,-8.028,0.541,-5.98,5.25,2.87,-3.36
,-8.078,-0.187,-5.76,-8.32,0.428,-5.92,7.84,2.59,-2.66
,-7.954,0.012,-5.796,-8.165,0.321,-6.116,9.45,2.45,-2.31
,-8.011,0.256,-5.86,-7.755,0.17,-6.155,10.5,2.52,-2.73
38387.0,-7.662,-0.115,-6.205,-8.236,0.062,-5.987,5.6,0.21,-3.29
,-7.892,-0.337,-6.088,-8.086,0.364,-6.119,7.42,0.07,-2.94
,-8.011,-0.223,-6.133,-8.076,0.237,-6.219,9.73,-0.14,-2.87
,-8.1,-0.144,-6.052,-8.157,-0.172,-6.133,11.76,-0.35,-2.94
38463.0,-8.251,-0.577,-6.174,-7.626,0.177,-6.552,8.82,-0.07,-3.22
,-8.155,-0.761,-6.248,-7.964,-0.062,-6.102,10.01,-1.19,-2.73
,-7.712,-0.565,-6.195,-8.22,0.019,-6.255,12.11,-2.24,-1.75
,-7.619,0.237,-6.485,-8.277,-0.105,-6.286,15.12,-2.52,-1.61
38539.0,-8.16,-0.246,-6.138,-8.124,-0.464,-6.04,11.83,-3.78,-1.4
,-8.066,-0.261,-5.992,-8.287,-0.639,-6.102,12.25,-3.43,-0.56
,-7.904,-0.469,-5.664,-8.093,-0.873,-6.466,10.22,-3.78,-0.42
,-7.94,-0.232,-6.126,-7.755,-1.173,-5.961,12.67,-4.48,-0.63
38615.0,-7.638,-0.713,-6.238,-8.291,0.179,-5.999,14.0,-9.94,1.96
,-7.703,-0.359,-6.356,-8.22,0.043,-5.731,15.47,-10.78,2.87
,-7.909,0.055,-6.279,-8.256,-0.144,-5.769,15.19,-12.11,2.59
,-8.122,0.28,-6.147,-8.074,-0.151,-5.784,15.33,-13.37,0.98
38691.0,-8.382,0.103,-5.901,-7.99,-1.079,-5.843,10.08,-13.23,0.35
,-8.521,0.146,-6.104,-7.755,-0.95,-5.719,12.18,-13.44,0.49
,-8.392,-0.189,-6.21,-7.81,-0.625,-5.607,11.9,-14.07,0.42
,-8.275,-0.727,-5.946,-8.177,-0.297,-5.683,9.52,-14.56,1.05
38766.0,-8.344,-0.266,-5.607,-8.445,-0.68,-5.384,9.52,-19.39,0.7
,-8.37,-0.34,-5.451,-8.315,-0.385,-5.408,6.02,-19.46,1.61
,-8.105,-0.615,-5.214,-8.375,-0.251,-5.394,2.45,-19.67,2.17
,-8.507,-0.852,-5.408,-8.559,0.029,-5.415,2.94,-18.83,1.68
38842.0,-8.301,0.218,-5.071,-8.488,0.857,-6.353,7.0,-23.1,0.28
,-8.363,0.558,-5.114,-8.804,0.883,-4.338,6.16,-22.4,-0.21
,-8.294,0.524,-4.886,-8.777,0.943,-4.846,3.99,-22.47,-1.54
,-8.634,0.603,-4.855,-8.758,0.653,-4.929,2.59,-22.12,-2.94
38917.0,-8.607,0.572,-4.848,-8.447,-0.129,-5.296,-5.25,-21.28,-7.77
,-8.679,0.151,-4.786,-8.552,-0.596,-4.767,-7.21,-21.21,-8.61
,-8.555,-0.129,-4.91,-8.531,-0.558,-4.537,-8.19,-21.63,-9.17
,-8.512,-0.349,-4.905,-8.595,-0.61,-4.439,-9.03,-23.1,-10.71
38993.0,-8.586,-0.727,-4.046,-8.811,-1.005,-3.989,-9.38,-23.17,-14.21
,-8.567,-0.574,-4.066,-8.832,-0.943,-4.267,-9.24,-22.68,-14.42
,-8.595,-0.677,-4.147,-8.997,-1.062,-3.939,-9.38,-22.26,-13.93
,-8.691,-0.873,-3.958,-9.04,-1.134,-4.123,-9.87,-21.77,-11.9
39069.0,-8.801,-0.811,-3.556,-9.103,-1.046,-3.422,-4.06,-22.05,-10.85
,-8.619,-0.519,-3.463,-8.82,-1.06,-3.678,-5.74,-21.63,-11.06
,-8.741,-0.775,-3.647,-8.703,-1.117,-3.793,-6.79,-20.65,-11.69
,-9.158,-1.031,-3.613,-8.775,-0.974,-4.054,-7.35,-19.6,-11.55
39145.0,-8.868,-0.699,-4.058,-9.11,-0.78,-3.991,2.87,-16.45,-8.12
,-8.871,-0.648,-3.912,-9.177,-1.024,-3.898,4.55,-16.1,-7.49
,-9.0,-0.9,-3.503,-9.146,-1.115,-3.62,5.04,-15.47,-6.51
,-9.129,-0.986,-3.417,-9.239,-0.847,-4.288,7.63,-14.7,-6.16
39220.0,-8.969,-0.617,-4.377,-9.172,-0.541,-3.068,11.2,-14.84,-3.22
,-8.93,-0.428,-4.075,-9.249,-0.682,-2.804,10.22,-15.54,-5.32
,-8.844,-0.275,-3.805,-9.342,-0.948,-2.481,7.35,-15.82,-7.49
,-8.93,-0.306,-3.465,-9.349,-1.132,-2.534,4.48,-15.47,-8.47
39296.0,-9.407,-1.414,-2.539,-9.04,-1.498,-3.379,-3.57,-10.85,-8.12
,-9.179,-1.378,-2.752,-8.933,-1.658,-2.905,-4.06,-10.43,-7.28
,-9.179,-1.46,-2.905,-9.277,-1.637,-2.793,-3.64,-9.87,-6.09
,-9.076,-1.24,-3.482,-9.452,-1.421,-2.472,-2.45,-8.75,-5.04
39371.0,-9.44,-1.263,-2.012,-9.397,-1.682,-1.709,0.42,-3.64,-2.59
,-9.418,-1.357,-2.02,-9.284,-1.472,-1.857,-0.7,-1.89,-2.1
,-9.399,-1.821,-1.658,-9.263,-1.457,-1.955,-0.91,0.35,-0.77
,-9.457,-1.876,-1.747,-9.287,-1.285,-2.072,1.26,2.8,0.35
39447.0,-9.383,-1.082,-2.491,-9.134,-1.187,-3.061,3.15,12.18,4.2
,-9.38,-0.983,-2.869,-9.167,-1.156,-3.295,2.1,13.16,4.2
,-9.203,-1.213,-2.718,-9.33,-1.022,-3.8,-0.56,13.65,4.27
,-9.112,-1.067,-3.001,-9.332,-0.766,-4.247,-0.84,14.7,4.27
39523.0,-9.048,-0.452,-4.578,-8.911,-0.79,-4.547,4.13,14.7,4.55
,-8.813,-0.419,-4.846,-9.06,-0.933,-4.302,3.92,13.79,4.48
,-8.746,-0.672,-4.831,-9.167,-1.055,-4.152,4.27,13.23,4.41
,-8.686,-0.639,-4.678,-9.179,-0.993,-4.018,5.11,12.46,4.62
39599.0,-9.091,-0.914,-4.039,-8.988,-0.682,-4.331,5.32,10.08,3.5
,-8.976,-0.916,-4.094,-9.098,-0.498,-4.338,4.69,9.87,3.5
,-8.868,-0.931,-4.219,-9.05,-0.462,-4.35,4.41,9.8,3.5
,-8.88,-0.902,-4.228,-9.038,-0.61,-4.293,4.41,9.45,3.5
39675.0,-9.057,-0.73,-4.262,-8.933,-0.873,-4.154,2.17,6.3,2.94
,-9.055,-0.785,-4.338,-8.995,-0.933,-3.963,2.52,5.88,2.73
,-9.05,-0.818,-4.322,-9.083,-0.926,-4.018,3.01,5.25,2.66
,-8.957,-0.845,-4.3,-9.206,-0.84,-4.171,3.36,4.97,2.87
39750.0,-9.093,-0.751,-4.085,-8.88,-0.704,-4.2,5.53,3.99,2.73
,-9.021,-0.689,-4.212,-8.918,-0.617,-4.212,4.69,3.36,2.17
,-8.949,-0.644,-4.178,-9.076,-0.519,-4.145,3.92,3.01,1.61
,-8.861,-0.682,-4.161,-9.076,-0.476,-4.176,3.43,3.08,1.47
39826.0,-9.038,-0.555,-4.137,-9.064,-0.876,-4.066,2.59,1.75,0.56
,-8.952,-0.694,-4.008,-9.019,-0.828,-4.063,2.03,1.47,0.56
,-8.973,-0.809,-3.97,-9.005,-0.871,-3.977,1.96,1.54,0.63
,-9.045,-0.914,-4.006,-9.026,-0.916,-4.042,2.38,1.61,0.56
39902.0,-9.06,-0.926,-4.07,-8.99,-0.634,-4.125,2.73,1.68,0.98
,-9.052,-0.938,-4.14,-8.959,-0.629,-4.19,3.08,1.4,1.05
,-8.988,-0.787,-4.212,-8.971,-0.72,-4.094,3.29,1.19,0.98
,-8.933,-0.694,-4.235,-9.024,-0.747,-3.955,3.57,0.98,0.98
39978.0,-9.052,-0.857,-3.874,-9.115,-0.818,-3.69,1.68,0.56,0.49
,-9.028,-0.912,-3.781,-9.026,-1.0,-3.85,1.82,0.91,0.56
,-9.031,-0.811,-3.738,-9.016,-1.074,-3.991,1.96,1.19,0.42
,-9.119,-0.794,-3.632,-8.971,-1.048,-4.063,1.4,1.26,0.35
40053.0,-8.973,-0.981,-4.13,-9.052,-0.572,-4.192,2.73,2.24,1.47
,-8.978,-0.845,-4.13,-9.028,-0.577,-4.25,3.64,2.17,1.89
,-9.009,-0.763,-4.111,-8.995,-0.641,-4.19,4.06,2.24,1.96
,-9.062,-0.632,-4.19,-8.926,-0.684,-4.085,3.92,1.96,1.82
40129.0,-8.99,-0.821,-3.991,-9.057,-0.39,-3.707,1.61,0.7,1.12
,-9.062,-0.895,-4.03,-9.014,-0.799,-3.654,1.82,0.84,0.91
,-9.146,-0.787,-3.996,-9.052,-1.127,-3.762,2.17,0.84,-0.42
,-9.127,-0.57,-3.795,-9.057,-1.12,-3.807,1.26,0.63,-0.84
40204.0,-8.985,-0.979,-3.948,-8.961,-0.854,-3.927,0.21,2.03,0.21
,-9.019,-0.936,-4.003,-8.981,-0.895,-3.922,1.33,2.31,0.77
,-8.969,-0.706,-3.996,-9.057,-0.818,-3.989,1.75,2.38,1.05
,-8.985,-0.773,-3.924,-9.1,-0.744,-4.106,1.47,2.45,1.19
40280.0,-9.076,-0.713,-4.18,-9.06,-0.646,-3.955,4.41,2.59,2.03
,-9.012,-0.637,-4.125,-9.119,-0.828,-3.929,4.2,2.45,1.54
,-8.976,-0.598,-4.025,-9.095,-0.859,-3.932,3.43,2.38,1.05
,-9.045,-0.558,-3.994,-9.062,-0.847,-3.97,2.38,2.31,0.7
40356.0,-9.055,-0.794,-4.125,-9.007,-0.823,-4.322,0.84,2.66,-0.63
,-8.964,-0.759,-4.302,-9.057,-0.737,-4.233,0.91,2.59,-0.49
,-8.832,-0.79,-4.302,-9.016,-0.577,-4.18,0.98,2.17,-0.14
,-8.959,-0.852,-4.245,-8.983,-0.727,-4.056,1.68,2.17,0.21
40432.0,-9.016,-0.802,-3.946,-9.052,-0.778,-4.171,2.52,1.4,1.12
,-9.072,-0.845,-4.001,-8.923,-0.761,-4.14,3.22,1.47,0.98
,-9.048,-0.794,-4.027,-8.897,-0.823,-4.006,3.57,1.54,1.05
,-9.062,-0.773,-4.085,-8.918,-0.83,-3.963,3.5,1.47,0.98
40507.0,-9.024,-0.919,-3.948,-9.127,-0.799,-3.52,2.31,1.12,0.77
,-9.067,-0.854,-3.886,-9.158,-0.656,-3.46,2.73,1.47,0.77
,-9.021,-0.864,-3.743,-9.1,-0.613,-3.419,2.8,1.89,0.91
,-9.031,-0.826,-3.544,-9.086,-0.893,-3.53,2.66,2.17,0.98
40583.0,-9.012,-1.096,-3.625,-9.098,-1.29,-3.788,-1.4,4.9,0.84
,-8.954,-1.357,-3.388,-9.06,-1.113,-3.879,-0.84,5.6,1.75
,-8.83,-1.366,-3.424,-8.894,-0.983,-3.738,0.42,6.16,2.59
,-8.952,-1.395,-3.393,-8.842,-1.108,-3.589,2.73,7.28,3.64
40659.0,-8.921,-1.345,-3.41,-8.959,-0.641,-4.427,5.18,9.52,5.32
,-9.057,-1.524,-3.192,-8.746,-0.684,-4.429,5.39,10.15,5.6
,-9.067,-1.137,-3.759,-8.746,-0.632,-4.475,7.7,10.71,5.32
,-9.083,-0.993,-3.97,-8.713,-0.682,-4.362,8.82,10.71,5.53
40735.0,-8.847,-0.704,-4.156,-8.93,-0.694,-3.697,8.47,10.99,7.7
,-8.952,-0.629,-4.128,-8.985,-1.043,-3.575,8.54,10.99,6.79
,-8.947,-0.483,-4.116,-9.052,-1.23,-3.29,7.49,10.15,5.46
,-8.875,-0.45,-3.953,-9.079,-1.003,-3.539,4.83,10.08,5.04
40811.0,-9.05,-0.644,-4.078,-8.701,-0.857,-4.408,2.87,14.07,6.72
,-8.859,-0.493,-4.348,-8.765,-0.373,-4.52,2.17,14.28,6.79
,-8.662,-0.771,-4.343,-8.763,0.101,-4.678,-0.56,15.05,8.47
,-8.528,-1.031,-4.18,-8.737,-0.057,-4.484,-1.4,15.82,9.94
40886.0,-8.641,-0.215,-4.006,-8.72,-0.888,-4.92,0.7,15.33,7.42
,-8.76,-0.342,-3.975,-8.394,-1.46,-5.049,-0.14,16.66,6.79
,-8.969,-0.584,-4.106,-8.313,-2.175,-4.771,1.05,17.22,5.74
,-8.949,-0.62,-4.518,-8.26,-2.292,-4.594,2.24,16.73,4.97
40962.0,-8.449,-2.07,-4.905,-8.387,-0.849,-5.224,14.56,17.78,15.89
,-8.708,-1.651,-5.245,-8.244,-1.074,-5.023,21.63,17.01,16.45
,-8.65,-1.134,-5.547,-8.406,-1.182,-4.688,24.92,16.17,17.5
,-8.557,-0.845,-5.408,-8.583,-0.735,-4.903,25.13,16.03,18.9
41037.0,-8.897,0.007,-5.099,-8.722,1.278,-4.59,21.77,13.23,17.01
,-8.768,0.766,-5.37,-8.902,1.199,-4.834,19.32,11.97,15.61
,-8.569,1.228,-5.164,-8.813,1.153,-5.056,14.63,12.32,14.84
,-8.622,1.335,-4.805,-8.76,1.359,-4.85,8.54,13.65,13.65
41113.0,-8.686,1.634,-4.582,-9.241,1.649,-4.441,-3.01,12.11,2.45
,-8.787,1.84,-4.58,-9.079,1.11,-4.642,-3.36,13.37,-0.21
,-8.928,1.931,-4.582,-8.483,0.33,-4.609,-5.46,13.86,-2.94
,-9.067,1.876,-4.458,-8.088,-0.438,-4.767,-9.52,14.0,-5.74
41189.0,-8.181,-1.304,-4.558,-8.323,0.342,-5.552,-23.24,16.52,-12.18
,-8.445,-1.232,-4.448,-8.098,0.565,-5.788,-17.5,17.71,-11.06
,-8.729,-0.859,-5.059,-7.842,-0.093,-5.76,-10.71,17.5,-11.34
,-8.569,-0.383,-5.355,-7.868,-0.778,-5.824,-6.37,16.45,-12.18
41265.0,-8.083,-1.436,-5.891,-7.705,-1.283,-5.607,-16.59,14.21,-10.78
,-8.43,-1.543,-6.061,-7.887,-1.285,-5.238,-13.58,13.93,-9.52
,-8.413,-1.45,-6.073,-8.217,-1.165,-5.353,-9.52,14.0,-8.26
,-8.098,-1.354,-5.875,-8.502,-1.048,-5.499,-7.0,13.65,-6.65
41340.0,-8.337,-0.883,-5.64,-8.394,-0.909,-5.513,0.0,12.11,0.35
,-8.136,-0.792,-5.609,-8.232,-0.526,-5.54,-0.49,12.32,1.61
,-8.011,-0.804,-5.559,-8.014,-0.256,-5.556,-0.35,12.81,2.73
,-8.122,-0.895,-5.573,-7.961,-0.06,-5.53,1.05,13.09,3.43
41416.0,-8.043,0.005,-5.609,-8.253,-0.505,-5.676,2.94,10.85,4.76
,-8.177,-0.151,-5.544,-8.047,-0.55,-5.784,1.4,11.48,4.9
,-8.325,-0.309,-5.554,-7.865,-0.364,-5.846,0.21,12.32,4.62
,-8.435,-0.495,-5.516,-7.638,-0.309,-5.889,-0.35,12.32,4.27
41491.0,-7.717,-0.165,-5.949,-8.483,-0.404,-5.64,1.61,10.36,3.85
,-8.105,-0.148,-5.798,-8.045,-0.218,-5.765,1.33,10.64,3.85
,-8.21,-0.28,-5.676,-7.739,-0.108,-5.776,-0.77,9.8,3.71
,-8.258,-0.328,-5.8,-7.779,0.048,-5.523,-2.73,9.17,4.2
41567.0,-7.937,0.304,-5.587,-8.579,0.12,-5.784,-0.7,9.8,3.29
,-8.133,0.436,-5.786,-8.193,0.036,-6.03,-0.42,9.8,2.73
,-8.256,0.684,-5.872,-8.019,-0.254,-5.966,-0.35,9.24,1.33
,-7.947,0.565,-5.915,-7.952,-0.608,-5.997,-2.8,8.61,0.21
41643.0,-7.741,-0.601,-6.059,-8.203,-0.395,-6.336,-6.23,8.05,0.56
,-7.597,-0.55,-6.03,-8.667,-0.529,-6.346,-5.39,8.61,1.05
,-7.727,-0.704,-6.016,-8.356,-0.447,-6.205,-4.55,9.73,2.45
,-7.897,-0.505,-6.119,-7.724,-0.514,-6.245,-3.08,9.52,3.15
41719.0,-7.432,-0.591,-6.296,-8.189,-0.967,-6.308,-4.27,4.62,4.9
,-7.487,-0.787,-6.312,-7.921,-0.517,-6.178,-4.34,4.83,5.95
,-7.593,-1.019,-6.322,-7.911,0.067,-6.126,-3.92,4.97,6.51
,-7.827,-1.046,-6.324,-7.609,0.407,-6.009,-2.73,4.97,7.77
41794.0,-7.779,0.818,-5.87,-7.904,0.459,-6.15,0.91,3.5,8.82
,-7.921,1.029,-6.138,-7.942,0.014,-6.009,0.35,3.22,7.7
,-8.318,0.857,-6.085,-7.964,-0.452,-5.944,-2.24,2.87,6.44
,-7.999,0.826,-6.08,-8.167,-0.993,-5.927,-3.15,2.8,5.46
41870.0,-7.947,-0.955,-5.872,-7.942,0.158,-6.121,-3.36,4.2,9.31
,-7.755,-0.639,-5.698,-8.069,-0.101,-5.887,0.7,3.71,9.52
,-7.399,-0.144,-5.686,-8.145,-0.148,-5.779,2.8,3.29,8.96
,-7.471,0.139,-6.083,-8.098,-0.043,-5.92,2.17,3.29,8.82
41946.0,-7.928,0.345,-5.834,-7.916,0.586,-6.013,1.47,4.48,10.78
,-7.791,0.581,-5.784,-7.99,0.991,-6.083,2.31,4.62,10.64
,-7.863,0.775,-6.001,-8.21,1.196,-6.212,1.96,4.83,10.22
,-8.043,0.687,-6.133,-8.787,1.091,-6.214,1.05,4.97,10.22
42022.0,-8.387,1.039,-6.248,-8.198,0.682,-6.351,1.61,4.2,5.11
,-7.557,1.07,-6.167,-8.074,0.739,-6.423,0.98,4.76,4.34
,-7.569,0.823,-6.224,-7.815,0.756,-6.356,0.7,5.74,3.85
,-7.861,0.699,-6.346,-7.743,0.739,-6.255,1.26,5.74,2.8
42098.0,-7.66,0.79,-6.396,-8.035,0.773,-6.595,-0.35,5.11,-1.33
,-7.794,0.763,-6.545,-7.921,0.44,-6.537,-0.21,4.9,-2.1
,-7.923,0.73,-6.47,-7.976,0.191,-6.442,0.28,4.83,-2.45
,-7.964,0.924,-6.602,-7.772,-0.057,-6.396,1.33,4.69,-2.87
42173.0,-7.688,-0.031,-6.473,-8.059,1.039,-6.614,2.31,2.59,-4.06
,-7.676,0.246,-6.502,-7.952,0.845,-6.506,4.06,2.17,-3.92
,-7.834,0.622,-6.578,-7.916,0.469,-6.363,4.41,1.96,-4.13
,-7.961,0.78,-6.336,-7.731,0.062,-6.315,4.13,1.75,-4.9
42249.0,-7.612,-0.168,-6.32,-7.753,0.395,-6.183,0.14,0.77,-6.44
,-7.81,-0.249,-6.308,-7.743,0.316,-6.207,2.66,0.56,-5.81
,-7.923,-0.124,-6.336,-7.854,0.093,-6.2,4.83,0.63,-5.53
,-7.968,0.249,-6.222,-8.047,0.002,-6.205,5.67,0.7,-5.46
42324.0,-7.978,-0.081,-6.186,-7.923,0.057,-5.97,6.37,0.77,-2.73
,-7.787,-0.347,-6.143,-7.995,0.495,-6.178,7.07,0.14,-2.24
,-7.669,-0.512,-6.071,-7.837,0.651,-6.32,8.05,0.63,-1.47
,-7.827,-0.459,-5.726,-7.784,0.675,-6.181,10.08,0.91,-1.12
42400.0,-7.72,0.706,-6.035,-7.81,-0.548,-6.028,4.2,-1.05,-5.04
,-7.753,0.436,-6.279,-7.796,-0.591,-6.135,3.08,-1.19,-5.46
,-7.779,0.077,-6.205,-7.932,-0.541,-6.303,2.66,-0.77,-4.9
,-7.734,-0.22,-6.224,-8.064,-0.526,-6.131,4.55,-0.35,-3.92
42476.0,-8.019,-0.318,-6.245,-7.473,0.342,-6.305,14.49,0.14,0.98
,-7.803,-0.306,-6.298,-7.645,0.335,-6.176,13.23,0.0,1.26
,-7.727,-0.428,-6.21,-8.026,0.481,-6.585,12.04,-0.84,0.7
,-7.566,0.043,-6.415,-8.045,0.182,-6.502,10.78,-3.5,0.14
42552.0,-7.961,-0.239,-6.224,-7.842,0.151,-6.167,5.88,-5.18,-1.26
,-7.81,-0.227,-6.193,-7.887,0.701,-6.229,7.63,-5.04,-0.42
,-7.751,-0.196,-6.116,-8.083,0.723,-6.358,10.01,-5.04,0.35
,-7.633,0.014,-6.363,-8.107,0.361,-6.379,11.55,-4.97,1.05
42627.0,-8.062,-0.122,-6.126,-7.767,-0.493,-6.425,7.56,-5.81,-1.47
,-8.023,-0.364,-6.104,-7.863,-0.392,-6.322,6.09,-6.58,-1.05
,-7.813,-0.503,-6.245,-7.892,-0.211,-6.265,6.86,-7.42,-0.21
,-7.767,-0.498,-6.358,-7.971,0.168,-6.128,8.89,-7.91,0.84
42703.0,-7.983,0.775,-6.198,-7.935,0.117,-5.973,13.23,-10.29,0.77
,-7.985,1.213,-6.334,-8.055,-0.395,-5.654,11.9,-10.99,-0.56
,-8.066,1.117,-6.279,-8.133,-0.44,-5.678,8.47,-11.62,-2.31
,-8.179,0.763,-6.195,-8.16,-0.302,-6.021,3.92,-11.97,-3.71
42779.0,-8.229,-0.68,-5.879,-7.956,-0.816,-5.659,2.38,-14.56,-5.32
,-8.064,-0.658,-5.793,-7.911,-0.725,-5.463,2.31,-15.26,-4.55
,-8.007,-0.586,-5.851,-7.985,-0.316,-5.592,1.96,-15.12,-3.92
,-7.935,-0.759,-5.922,-8.222,-0.141,-5.489,1.82,-14.56,-3.64
42855.0,-8.275,0.103,-5.564,-8.181,-0.392,-5.812,4.69,-16.38,-2.8
,-8.349,0.127,-5.465,-8.22,-0.203,-5.233,3.5,-15.96,-3.29
,-8.38,-0.129,-5.413,-8.447,-0.141,-5.511,2.17,-15.75,-3.36
,-8.346,-0.376,-5.2,-8.248,-0.132,-5.48,0.98,-14.91,-2.94
42930.0,-8.39,0.048,-5.664,-8.145,-0.816,-5.121,4.83,-15.33,-2.73
,-8.177,-0.062,-5.815,-8.301,-0.919,-5.027,4.2,-15.89,-3.36
,-8.32,-0.488,-5.719,-8.447,-0.931,-4.937,2.1,-16.38,-3.5
,-8.236,-0.656,-5.403,-8.473,-0.771,-4.836,1.26,-17.01,-3.5
43006.0,-8.488,-0.591,-4.645,-8.459,0.345,-4.834,6.93,-14.91,0.07
,-8.512,-0.29,-4.891,-8.586,0.27,-4.8,8.68,-14.14,0.14
,-8.547,0.055,-4.896,-8.552,0.191,-4.389,9.87,-14.07,-0.07
,-8.471,0.251,-4.786,-8.708,0.067,-4.149,9.52,-14.84,-0.63
43082.0,-8.878,0.108,-4.346,-8.55,-0.23,-4.58,2.31,-13.58,-6.16
,-8.842,0.067,-4.279,-8.569,-0.213,-5.032,0.77,-13.09,-7.07
,-8.756,-0.081,-4.142,-8.485,-0.258,-5.102,-2.38,-13.23,-7.14
,-8.65,-0.201,-4.247,-8.406,-0.543,-5.205,-4.48,-13.3,-7.35
43157.0,-8.39,-0.993,-5.078,-8.938,-0.9,-4.302,-4.34,-15.05,-7.42
,-8.466,-1.196,-5.056,-9.026,-0.536,-4.8,-2.1,-15.19,-6.37
,-8.504,-1.235,-4.776,-8.799,0.01,-4.953,0.21,-15.47,-5.18
,-8.76,-1.125,-4.401,-8.569,0.208,-5.508,2.87,-15.26,-4.06
43233.0,-8.48,-0.208,-5.178,-9.174,-0.249,-3.623,3.15,-18.76,-5.46
,-8.533,-0.605,-4.573,-9.165,0.309,-3.75,2.52,-19.18,-4.48
,-8.827,-1.017,-3.654,-8.935,0.282,-3.853,4.41,-18.13,-3.22
,-9.115,-0.72,-3.491,-8.748,-0.22,-3.609,8.47,-17.08,-3.85
43309.0,-8.648,-0.988,-3.273,-9.107,-0.699,-4.3,-3.01,-13.65,-7.35
,-8.825,-1.472,-2.982,-8.76,-0.763,-4.302,-2.17,-11.83,-6.51
,-9.122,-1.424,-2.982,-8.574,-1.067,-4.116,-0.28,-10.08,-6.09
,-9.251,-0.988,-3.599,-8.636,-1.297,-3.905,1.33,-9.1,-6.86
43385.0,-9.002,-1.314,-3.494,-9.32,-0.83,-3.178,-0.07,-4.76,-3.85
,-9.16,-1.139,-3.23,-9.103,-0.354,-4.001,0.7,-3.78,-3.08
,-9.239,-1.072,-2.967,-8.847,-0.249,-4.606,0.77,-2.87,-2.17
,-9.344,-1.082,-2.73,-8.437,-0.352,-4.606,1.05,-1.54,-1.26
43460.0,-8.483,-0.782,-4.334,-9.371,-1.247,-2.714,0.35,0.21,-1.61
,-8.844,-1.134,-4.02,-9.316,-1.266,-2.592,1.89,0.98,-0.77
,-9.186,-1.323,-3.544,-9.143,-1.383,-2.517,3.22,1.26,0.0
,-9.38,-1.228,-3.053,-9.021,-1.28,-2.606,3.92,1.61,0.77
43536.0,-9.062,-1.065,-2.905,-8.892,-1.053,-3.915,4.62,10.71,2.87
,-9.043,-1.01,-3.209,-8.851,-0.905,-4.192,4.06,11.9,3.22
,-8.914,-1.084,-3.396,-8.933,-0.593,-4.554,2.8,12.53,3.64
,-8.808,-0.962,-3.766,-8.873,-0.309,-4.8,2.1,13.44,4.13
43612.0,-8.65,-0.237,-4.848,-8.696,-0.641,-5.035,-0.28,13.58,2.66
,-8.555,-0.34,-5.104,-8.782,-0.51,-4.815,-1.96,13.3,2.1
,-8.564,-0.567,-4.996,-8.926,-0.452,-4.882,-2.52,12.95,1.89
,-8.626,-0.589,-5.051,-9.038,-0.321,-5.102,-1.33,12.46,1.89
43688.0,-8.784,-0.342,-5.157,-8.792,-0.589,-4.771,-0.91,7.7,1.19
,-8.603,-0.44,-5.078,-8.954,-0.579,-4.709,-1.89,7.42,0.98
,-8.545,-0.596,-5.116,-8.93,-0.541,-4.637,-1.75,7.28,0.98
,-8.67,-0.617,-4.908,-8.727,-0.512,-4.676,-0.63,6.93,1.4
43763.0,-8.574,-0.424,-4.834,-8.701,-0.751,-4.556,0.77,4.69,0.98
,-8.569,-0.56,-4.86,-8.787,-0.818,-4.465,0.77,4.76,0.98
,-8.629,-0.699,-4.812,-8.808,-0.768,-4.537,0.91,4.48,1.05
,-8.646,-0.751,-4.673,-8.835,-0.711,-4.695,1.89,4.48,1.33
43839.0,-8.741,-0.629,-4.779,-8.76,-0.459,-4.826,3.22,3.85,1.96
,-8.641,-0.531,-4.886,-8.784,-0.476,-4.779,3.08,3.71,1.89
,-8.636,-0.491,-4.965,-8.667,-0.431,-4.74,3.01,3.5,1.68
,-8.693,-0.45,-4.965,-8.662,-0.464,-4.695,2.94,3.15,1.61
43914.0,-8.674,-0.483,-4.652,-8.787,-0.617,-4.501,1.33,1.82,0.77
,-8.772,-0.546,-4.714,-8.799,-0.675,-4.482,1.05,1.75,0.56
,-8.787,-0.565,-4.58,-8.849,-0.706,-4.551,0.7,1.47,0.35
,-8.813,-0.591,-4.573,-8.796,-0.658,-4.53,0.7,1.47,0.14
43990.0,-8.756,-0.531,-4.57,-8.679,-0.567,-4.74,2.31,1.89,1.12
,-8.784,-0.546,-4.628,-8.622,-0.579,-4.683,1.82,1.82,0.98
,-8.801,-0.541,-4.702,-8.705,-0.55,-4.697,1.47,1.82,0.91
,-8.787,-0.56,-4.728,-8.746,-0.459,-4.659,1.61,1.33,0.7
44066.0,-8.772,-0.486,-4.566,-8.775,-0.625,-4.578,2.87,1.05,1.05
,-8.799,-0.479,-4.633,-8.748,-0.601,-4.731,2.87,1.12,0.98
,-8.787,-0.596,-4.578,-8.744,-0.498,-4.733,2.94,0.91,1.05
,-8.717,-0.577,-4.637,-8.748,-0.579,-4.776,3.22,0.77,1.05
44142.0,-8.751,-0.62,-4.736,-8.756,-0.503,-4.791,2.38,0.35,0.42
,-8.758,-0.663,-4.704,-8.641,-0.431,-4.791,2.59,0.14,0.63
,-8.794,-0.608,-4.69,-8.713,-0.39,-4.8,2.94,-0.07,0.7
,-8.772,-0.536,-4.724,-8.708,-0.424,-4.815,3.43,-0.07,0.91
44218.0,-8.703,-0.565,-4.726,-8.78,-0.637,-4.417,3.5,-0.77,0.28
,-8.751,-0.73,-4.515,-8.763,-0.577,-4.231,3.64,-1.12,0.42
,-8.799,-0.696,-4.46,-8.748,-0.567,-4.348,4.41,-0.91,0.49
,-8.796,-0.581,-4.436,-8.851,-0.615,-4.312,5.04,-0.91,0.28
44293.0,-8.885,-0.704,-4.123,-8.782,-0.491,-4.815,1.61,0.07,-0.7
,-8.914,-0.821,-4.049,-8.729,-0.402,-4.98,1.4,0.63,-0.35
,-8.844,-0.787,-4.075,-8.66,-0.464,-5.133,1.82,1.12,-0.14
,-8.842,-0.687,-4.41,-8.583,-0.493,-5.221,2.66,1.68,-0.14
44369.0,-8.631,-0.483,-5.195,-8.784,-0.268,-4.566,7.21,-0.14,0.84
,-8.751,-0.407,-5.047,-8.856,-0.462,-4.422,7.98,-0.91,1.05
,-8.808,-0.373,-4.841,-8.933,-0.598,-4.381,8.05,-1.82,0.84
,-8.813,-0.292,-4.74,-8.856,-0.818,-4.331,7.63,-2.1,0.28
44445.0,-8.839,-0.921,-4.329,-8.777,-0.627,-4.35,3.29,-2.8,-1.05
,-8.751,-0.916,-4.3,-8.729,-0.603,-4.384,4.06,-2.52,-0.56
,-8.748,-0.866,-4.29,-8.77,-0.646,-4.31,4.9,-2.1,-0.21
,-8.813,-0.771,-4.365,-8.885,-0.72,-4.293,5.39,-1.96,-0.21
44521.0,-8.871,-0.806,-4.25,-8.811,-1.117,-3.991,0.84,-1.68,-0.42
,-8.89,-0.897,-4.207,-8.926,-0.96,-4.161,0.42,-1.47,-0.35
,-8.823,-0.952,-4.192,-8.966,-0.895,-4.369,0.35,-1.33,0.07
,-8.794,-1.053,-4.044,-8.904,-0.692,-4.647,0.14,-0.84,0.84
44596.0,-8.748,-0.67,-4.769,-8.681,-1.055,-5.109,-1.61,-1.61,2.17
,-8.614,-0.675,-4.865,-8.71,-1.156,-5.02,-2.87,-2.31,2.03
,-8.545,-0.838,-4.874,-8.71,-1.251,-4.688,-3.78,-2.8,1.96
,-8.612,-0.938,-4.98,-8.758,-1.476,-4.322,-3.85,-3.43,2.1
44672.0,-8.835,-1.527,-3.97,-8.794,-0.596,-4.128,2.1,-4.06,7.84
,-8.938,-1.474,-3.917,-8.705,-0.187,-4.011,4.97,-3.22,8.89
,-8.928,-1.216,-3.989,-8.882,0.05,-3.778,7.7,-2.87,9.45
,-8.914,-0.928,-4.056,-9.074,0.385,-3.951,9.59,-2.87,10.01
44747.0,-9.072,0.51,-3.754,-9.184,-1.012,-2.807,7.7,-0.28,6.16
,-8.918,0.304,-3.496,-9.275,-0.804,-2.984,3.01,-0.14,5.39
,-8.88,-0.211,-3.034,-9.27,-0.531,-3.678,-0.84,1.19,5.11
,-9.06,-0.84,-2.85,-9.043,-0.029,-3.982,-2.03,2.87,4.83
44823.0,-8.842,0.213,-4.314,-8.942,-0.201,-4.13,3.43,6.93,2.59
,-8.567,0.012,-4.142,-8.921,-0.369,-4.118,0.35,7.49,3.01
,-8.715,-0.235,-3.869,-8.775,-0.407,-4.798,-1.75,8.4,2.66
,-8.873,-0.258,-3.91,-8.696,-0.869,-4.779,-1.26,8.96,1.19
44899.0,-8.607,-1.23,-4.714,-8.949,-1.024,-4.271,-0.84,8.96,4.34
,-8.622,-1.479,-4.424,-8.83,-0.531,-4.448,2.24,10.43,6.3
,-8.727,-1.625,-4.111,-8.72,-0.225,-4.709,5.95,11.06,7.42
,-8.945,-1.381,-4.113,-8.744,-0.302,-4.692,9.38,10.99,7.84
44975.0,-8.538,-0.629,-4.413,-9.103,0.297,-4.831,5.81,11.2,9.17
,-8.533,-0.603,-4.336,-8.99,0.579,-4.771,5.95,11.97,9.1
,-8.641,-0.486,-4.642,-8.777,0.658,-4.609,8.12,12.25,8.12
,-8.835,-0.108,-4.831,-8.763,0.443,-4.558,10.5,12.25,7.35
45050.0,-8.882,0.17,-4.793,-8.449,-1.108,-4.64,5.18,10.22,3.92
,-8.842,-0.045,-4.982,-8.567,-1.062,-4.57,4.41,8.89,3.01
,-8.782,-0.416,-4.841,-8.713,-0.835,-4.513,2.8,9.17,3.36
,-8.571,-0.857,-4.815,-8.794,-0.251,-4.41,1.82,10.01,3.08
45126.0,-8.703,0.665,-4.525,-9.167,0.579,-4.317,6.79,12.81,3.85
,-8.708,1.292,-4.436,-8.966,0.034,-4.721,3.99,12.39,2.03
,-8.894,1.448,-4.429,-8.756,-0.45,-4.731,-1.82,11.69,-0.35
,-8.99,1.132,-4.305,-8.593,-0.625,-4.7,-8.68,10.99,-2.24
45201.0,-8.449,-0.639,-4.48,-8.531,-0.534,-5.434,-7.91,12.18,-1.89
,-8.404,-0.725,-4.812,-8.447,-0.45,-5.386,-7.07,12.46,-2.31
,-8.402,-0.859,-4.953,-8.354,-0.311,-5.408,-8.05,12.25,-2.31
,-8.526,-0.756,-5.188,-8.404,-0.361,-5.312,-9.52,11.34,-2.17
45277.0,-8.504,-0.486,-5.432,-8.21,-0.909,-5.353,-11.48,9.03,0.0
,-8.492,-0.665,-5.518,-8.15,-1.175,-5.391,-10.15,7.56,0.63
,-8.256,-0.625,-5.43,-8.246,-1.302,-5.336,-7.84,7.14,1.82
,-8.141,-0.694,-5.382,-8.442,-1.218,-5.252,-5.11,7.91,3.22
45353.0,-8.705,-0.828,-5.092,-8.557,1.101,-5.25,4.55,9.87,6.37
,-8.378,-0.232,-5.123,-8.569,1.438,-5.307,4.9,9.24,6.16
,-8.232,0.196,-5.24,-8.552,1.51,-5.169,4.69,8.82,6.51
,-8.478,0.562,-5.224,-8.722,1.122,-4.941,4.34,8.68,5.67
45429.0,-8.787,0.787,-4.779,-7.968,-1.211,-4.738,-4.2,9.59,-0.98
,-8.825,-0.103,-4.618,-8.11,-1.206,-4.762,-6.86,9.94,-1.05
,-8.689,-0.706,-4.602,-8.301,-0.869,-4.903,-8.05,9.17,-1.26
,-8.126,-1.019,-4.585,-8.421,-0.354,-5.185,-6.79,9.59,-0.98
45505.0,-8.748,0.093,-5.312,-8.418,-0.498,-5.367,6.44,12.32,1.47
,-8.327,0.416,-5.52,-8.402,-0.409,-5.47,4.27,11.76,1.54
,-8.035,-0.01,-5.37,-8.299,-0.304,-5.714,1.19,12.81,2.1
,-8.382,-0.457,-5.173,-8.031,-0.275,-5.877,-0.98,13.65,3.43
45580.0,-8.301,-0.715,-5.765,-7.808,-0.419,-5.623,-0.7,10.22,7.0
,-8.461,-0.9,-5.855,-7.808,-0.029,-5.721,-1.26,8.82,6.93
,-7.968,-0.838,-5.93,-8.358,0.282,-5.709,-0.49,7.84,8.33
,-7.624,-0.718,-5.712,-8.459,0.548,-5.571,-0.14,8.4,10.08
45656.0,-8.832,0.967,-5.453,-8.05,0.864,-5.355,0.98,8.54,9.1
,-8.552,1.213,-5.547,-8.136,0.72,-5.458,0.49,7.91,7.56
,-8.495,1.213,-5.616,-8.488,0.62,-5.346,0.14,7.21,6.02
,-8.153,1.005,-5.36,-8.416,0.816,-5.286,-2.59,5.81,4.48
45732.0,-8.495,1.335,-5.365,-8.023,0.12,-5.829,1.05,9.17,-2.38
,-8.354,1.687,-5.772,-8.114,-0.637,-5.741,0.35,9.1,-4.06
,-8.375,1.266,-5.875,-8.019,-0.883,-5.733,-2.59,9.03,-5.11
,-8.385,0.823,-5.903,-7.928,-0.768,-5.91,-6.23,8.82,-5.6
45808.0,-8.294,-0.986,-5.82,-8.15,0.428,-6.088,-2.17,7.84,-1.96
,-8.27,-0.732,-6.035,-8.002,0.749,-6.31,-1.61,7.21,-1.33
,-7.93,-0.5,-5.913,-7.612,0.404,-6.315,0.0,7.56,-0.42
,-8.153,-0.093,-5.954,-7.55,-0.299,-6.059,0.35,7.77,-0.14
45883.0,-7.94,-0.995,-5.934,-8.014,-0.086,-6.193,-4.2,6.72,2.87
,-8.411,-1.211,-5.776,-8.533,-0.249,-6.269,0.91,6.86,4.13
,-8.287,-0.969,-5.762,-8.416,-0.05,-6.222,5.67,6.23,5.39
,-8.086,-0.483,-5.858,-7.6,0.412,-6.205,9.38,5.6,6.16
45959.0,-7.631,0.632,-6.375,-8.16,-0.062,-6.1,9.17,3.57,6.86
,-8.011,0.464,-6.291,-8.083,-0.227,-6.085,7.21,3.5,6.44
,-8.325,0.318,-6.19,-8.105,-0.45,-6.064,5.81,2.94,5.67
,-8.253,0.175,-6.056,-8.002,-0.39,-6.035,5.32,2.94,6.02
46034.0,-7.772,-0.175,-5.966,-8.279,0.826,-5.736,8.68,-0.28,8.61
,-7.822,0.101,-5.937,-8.291,0.895,-5.633,9.31,-0.28,8.68
,-7.952,0.447,-5.93,-8.098,0.838,-5.843,8.61,-0.77,8.05
,-8.208,0.622,-5.82,-8.287,0.704,-5.712,7.21,-0.77,7.35
46110.0,-8.203,0.577,-5.571,-8.203,0.318,-6.052,5.6,0.07,2.52
,-8.145,0.833,-5.776,-8.174,-0.072,-6.128,7.42,0.21,1.54
,-8.303,0.838,-5.903,-8.244,-0.385,-6.143,8.12,0.14,0.63
,-8.296,0.608,-5.951,-7.999,-0.517,-6.202,6.93,0.21,-0.07
46186.0,-7.645,-0.385,-6.315,-8.088,-0.61,-6.21,6.93,-2.31,-0.98
,-7.691,-0.491,-6.47,-8.035,-0.718,-6.009,7.56,-2.31,-0.21
,-8.047,-0.589,-6.403,-8.009,-0.505,-5.82,8.12,-2.66,0.28
,-8.234,-0.581,-6.219,-7.99,-0.196,-5.628,9.1,-3.01,0.91
46262.0,-7.995,0.443,-5.463,-8.387,1.914,-5.609,14.21,-3.22,4.62
,-8.088,1.07,-5.468,-8.392,1.706,-5.566,14.0,-3.22,4.27
,-8.373,1.541,-5.559,-8.375,1.23,-5.451,12.81,-3.29,3.22
,-8.437,1.821,-5.595,-8.471,0.761,-5.413,11.34,-3.43,1.47
46337.0,-8.49,0.55,-5.611,-7.949,-0.665,-5.944,6.51,-0.7,-6.79
,-8.325,0.254,-5.76,-8.2,-0.522,-6.025,6.86,-1.19,-7.28
,-8.043,-0.153,-5.875,-8.313,-0.459,-5.875,6.44,-1.89,-7.35
,-7.856,-0.45,-5.987,-8.227,-0.514,-5.729,6.02,-2.52,-6.86
46413.0,-8.287,-0.235,-5.714,-7.842,0.282,-5.683,5.53,-2.73,-4.27
,-8.399,-0.144,-5.671,-8.066,0.014,-5.305,5.6,-3.29,-3.71
,-8.308,0.223,-5.741,-8.27,-0.069,-5.272,5.88,-4.62,-3.5
,-8.009,0.306,-5.683,-8.385,-0.168,-5.331,5.88,-4.55,-3.5
46489.0,-8.488,-0.459,-5.389,-7.717,-0.416,-5.724,7.98,-0.98,-2.8
,-8.567,-0.773,-5.552,-7.827,-0.29,-5.518,8.4,-1.05,-2.17
,-8.411,-0.814,-5.571,-8.275,-0.299,-5.681,8.54,-2.1,-1.47
,-7.952,-0.608,-5.65,-8.404,-0.428,-5.633,10.5,-1.89,-0.77
46565.0,-8.466,-0.359,-5.602,-8.035,0.146,-5.652,10.99,-0.98,-0.42
,-8.473,-0.244,-5.721,-8.282,-0.249,-5.566,11.27,-0.91,0.56
,-8.181,0.17,-5.721,-8.516,-0.584,-5.54,11.9,-1.33,0.7
,-7.942,0.246,-5.542,-8.39,-0.455,-5.709,11.06,-0.98,-0.07
46641.0,-8.16,-0.23,-5.741,-8.157,-0.388,-5.506,12.53,-3.29,0.42
,-7.916,-0.101,-6.021,-8.114,-0.462,-5.499,12.46,-2.52,0.98
,-7.954,0.029,-6.028,-8.21,-0.412,-5.418,11.34,-2.31,-0.07
,-8.253,-0.469,-5.784,-8.354,-0.292,-5.506,11.97,-2.59,-0.42
46716.0,-8.528,-0.323,-5.437,-8.179,-0.101,-5.765,11.76,-3.01,-0.14
,-8.583,-0.29,-5.343,-7.949,-0.232,-5.638,11.97,-3.64,-1.4
,-8.43,0.034,-5.391,-7.863,-0.392,-5.602,12.53,-3.78,-1.82
,-8.294,0.01,-5.518,-8.078,-0.548,-5.736,12.95,-3.57,-2.24
46792.0,-8.425,-0.797,-5.743,-8.153,-0.505,-5.413,4.69,-7.98,-2.66
,-8.478,-0.72,-5.791,-7.753,-0.605,-5.36,4.13,-8.89,-2.52
,-8.378,-0.677,-5.642,-8.27,-0.797,-5.628,3.57,-8.75,-2.17
,-8.287,-0.694,-5.604,-8.174,-0.617,-5.781,0.84,-9.8,-2.52
46867.0,-8.244,-0.538,-5.408,-8.782,0.17,-5.02,0.7,-11.62,-3.22
,-8.378,-0.361,-5.147,-8.626,0.33,-5.018,1.61,-10.36,-2.87
,-8.483,-0.302,-5.047,-8.557,0.258,-4.996,2.03,-9.94,-2.87
,-8.847,-0.208,-4.822,-8.715,0.132,-5.157,0.91,-10.85,-3.36
46943.0,-7.98,-0.105,-4.678,-8.478,-0.132,-4.893,-5.04,-11.76,-3.85
,-8.579,0.11,-4.659,-8.545,-0.424,-4.989,-5.04,-10.85,-5.67
,-8.559,0.007,-5.004,-8.48,-0.67,-4.874,-5.39,-10.43,-7.84
,-8.5,-0.237,-4.707,-8.318,-0.694,-4.764,-6.58,-10.22,-8.61
47019.0,-8.361,-0.713,-4.915,-8.631,-0.704,-4.764,-7.42,-8.68,-7.77
,-8.71,-0.749,-4.812,-8.588,-0.574,-4.781,-5.88,-8.26,-7.49
,-8.916,-0.83,-4.544,-8.581,-0.495,-5.157,-5.95,-8.96,-7.63
,-8.737,-0.718,-4.661,-8.485,-0.668,-5.226,-7.42,-9.38,-7.7
47095.0,-8.263,-0.639,-5.245,-8.54,-1.254,-4.125,-7.42,-11.62,-7.63
,-8.327,-0.933,-5.023,-8.746,-1.01,-4.518,-7.21,-11.69,-7.35
,-8.5,-1.287,-4.75,-8.677,-0.893,-4.678,-7.0,-11.76,-7.21
,-8.488,-1.177,-4.616,-8.65,-0.797,-4.657,-5.11,-11.97,-6.58
47170.0,-8.665,-0.766,-4.355,-8.603,-0.531,-4.901,3.01,-10.29,-0.56
,-8.842,-0.766,-4.271,-8.363,-0.507,-4.927,3.22,-10.01,0.56
,-9.076,-0.665,-4.393,-8.49,-0.457,-4.882,4.97,-9.87,0.35
,-8.988,-0.479,-4.85,-8.497,-0.316,-4.884,5.81,-10.71,0.28
47246.0,-8.729,-0.28,-4.623,-9.057,-0.141,-4.267,11.06,-12.6,-1.4
,-8.969,-0.459,-4.154,-8.902,-0.093,-4.42,9.1,-12.25,-1.26
,-8.985,-0.311,-3.788,-8.713,-0.194,-4.585,7.98,-11.76,-1.96
,-9.005,-0.189,-4.025,-8.696,-0.555,-4.219,7.98,-10.85,-3.15
47322.0,-8.789,-0.792,-4.386,-8.94,-1.132,-4.015,2.24,-10.71,-6.86
,-8.854,-0.847,-4.334,-8.842,-1.199,-3.96,2.8,-10.99,-7.14
,-8.77,-0.723,-3.908,-8.782,-1.307,-3.843,2.1,-11.69,-7.0
,-8.849,-0.902,-3.994,-8.863,-1.338,-3.853,1.26,-10.99,-7.28
47398.0,-8.847,-1.062,-4.317,-8.696,-0.421,-4.556,4.69,-8.33,-4.76
,-8.928,-0.629,-4.683,-8.667,-0.778,-3.666,6.79,-8.82,-4.62
,-8.973,-0.266,-5.267,-8.93,-1.072,-3.575,7.35,-9.45,-5.32
,-8.796,-0.285,-5.284,-9.134,-1.194,-4.042,5.74,-10.85,-6.58
47473.0,-9.198,-1.161,-4.204,-9.019,-1.802,-2.721,2.45,-11.13,-6.23
,-9.009,-0.952,-4.078,-9.179,-1.855,-2.247,2.45,-11.62,-5.39
,-8.921,-1.122,-3.542,-9.351,-1.665,-2.115,1.75,-10.43,-4.62
,-8.856,-1.374,-3.317,-9.454,-1.268,-2.233,1.75,-8.33,-3.43
47549.0,-9.366,-1.027,-2.295,-9.337,-1.161,-2.728,8.96,0.35,0.98
,-9.263,-1.024,-2.29,-9.45,-0.725,-3.549,7.14,2.1,1.4
,-9.17,-1.359,-2.089,-9.208,-0.412,-4.35,5.53,4.41,2.1
,-9.162,-1.376,-2.027,-8.918,-0.378,-4.917,5.39,6.44,2.59
47625.0,-8.614,-0.593,-4.968,-9.131,-1.208,-4.259,2.59,6.72,1.12
,-8.349,-0.972,-4.661,-9.313,-1.05,-4.477,2.1,6.72,1.05
,-8.512,-1.17,-4.307,-9.15,-0.634,-4.324,3.5,7.35,0.98
,-8.859,-1.247,-4.027,-8.732,-0.763,-3.905,4.9,7.91,1.19
47700.0,-8.823,-1.043,-3.795,-8.859,-1.019,-4.034,-0.7,6.44,-2.17
,-8.868,-0.866,-4.08,-8.926,-1.005,-4.07,-0.49,7.56,-1.68
,-8.875,-1.022,-4.001,-9.024,-0.919,-4.223,0.91,8.26,-1.47
,-8.813,-0.986,-4.073,-9.002,-0.828,-4.31,1.12,8.47,-1.26
47776.0,-8.892,-0.83,-4.666,-8.78,-1.177,-4.417,1.26,7.7,0.49
,-8.763,-0.979,-4.678,-8.832,-1.251,-4.338,1.96,7.14,1.12
,-8.751,-1.058,-4.695,-8.981,-1.165,-4.324,2.73,6.79,1.68
,-8.737,-1.137,-4.59,-8.983,-1.077,-4.283,3.57,6.72,2.31
47852.0,-8.935,-1.086,-4.159,-9.04,-0.747,-4.31,8.12,6.09,4.13
,-8.892,-1.096,-4.142,-8.904,-0.665,-4.307,8.47,6.37,4.27
,-8.921,-0.998,-4.08,-8.902,-0.589,-4.207,8.96,6.65,4.55
,-8.988,-0.912,-4.106,-8.859,-0.66,-4.252,9.59,6.65,4.48
47928.0,-8.856,-0.804,-4.283,-8.808,-1.007,-4.566,3.36,6.09,2.24
,-8.878,-0.943,-4.441,-8.737,-0.979,-4.456,2.8,6.16,2.03
,-8.964,-0.988,-4.465,-8.811,-0.893,-4.46,2.59,6.37,1.89
,-8.866,-1.022,-4.566,-8.842,-0.89,-4.422,2.8,6.09,1.82
48003.0,-8.83,-0.828,-4.417,-8.882,-0.852,-4.446,4.48,5.39,2.03
,-8.899,-0.735,-4.597,-8.902,-0.782,-4.585,4.34,5.39,1.96
,-8.871,-0.778,-4.47,-8.839,-0.754,-4.618,3.92,5.18,1.96
,-8.892,-0.835,-4.434,-8.808,-0.773,-4.547,3.5,4.97,1.75
48079.0,-8.792,-0.9,-4.434,-8.825,-0.993,-4.568,0.7,4.2,0.49
,-8.772,-1.012,-4.422,-8.744,-0.852,-4.659,0.28,3.85,0.35
,-8.844,-1.091,-4.544,-8.677,-0.909,-4.633,0.35,3.85,0.28
,-8.83,-1.053,-4.513,-8.674,-0.926,-4.413,0.98,3.64,0.49
48155.0,-8.765,-0.964,-4.491,-8.806,-0.888,-4.515,2.38,2.94,1.4
,-8.815,-0.969,-4.628,-8.801,-0.9,-4.568,2.8,2.73,1.33
,-8.808,-0.871,-4.48,-8.83,-0.955,-4.594,2.94,2.73,1.47
,-8.794,-0.897,-4.558,-8.799,-0.979,-4.602,2.8,2.45,1.47
48231.0,-8.787,-1.019,-4.594,-8.715,-1.326,-4.59,1.82,1.47,1.4
,-8.775,-1.084,-4.647,-8.696,-1.201,-4.702,1.96,1.61,1.47
,-8.801,-1.247,-4.681,-8.787,-0.967,-4.81,2.73,1.47,1.61
,-8.734,-1.345,-4.669,-8.796,-0.792,-4.826,4.13,1.61,2.52
48306.0,-8.732,-0.696,-4.829,-8.899,-0.529,-4.527,9.31,-0.77,4.2
,-8.734,-0.787,-4.812,-8.916,-0.196,-4.496,8.82,-1.12,4.41
,-8.756,-0.876,-4.707,-8.873,-0.153,-4.444,8.82,-1.33,4.55
,-8.868,-0.785,-4.709,-8.854,-0.323,-4.346,9.52,-1.82,4.06
48382.0,-8.885,-0.586,-4.36,-8.93,-0.677,-4.779,-1.05,-3.92,0.21
,-8.885,-0.754,-4.389,-8.82,-0.771,-4.925,-2.52,-4.06,-0.21
,-8.914,-0.785,-4.463,-8.691,-0.974,-5.111,-3.29,-4.06,-0.63
,-8.911,-0.711,-4.58,-8.677,-1.201,-5.097,-4.27,-4.48,-1.12
48457.0,-8.72,-1.316,-4.992,-8.799,-1.079,-4.214,-2.87,-7.07,-0.49
,-8.763,-1.228,-4.865,-8.83,-1.474,-4.08,-0.56,-7.49,-0.84
,-8.885,-0.938,-4.633,-8.818,-1.869,-3.917,-0.21,-8.33,-0.98
,-8.885,-0.771,-4.446,-8.775,-1.984,-3.683,-2.03,-9.24,-0.77
48533.0,-8.899,-1.826,-3.575,-9.203,-0.481,-2.661,1.89,-6.86,3.85
,-9.031,-1.287,-3.223,-9.083,-1.129,-2.436,4.55,-5.74,4.62
,-9.194,-0.706,-2.982,-9.091,-1.567,-2.307,4.34,-4.9,4.48
,-9.189,-0.251,-2.749,-9.194,-2.024,-2.34,1.61,-3.78,3.92
48609.0,-9.215,-2.139,-2.355,-8.995,-0.885,-4.073,-5.74,5.25,6.93
,-9.06,-2.01,-2.702,-8.904,-0.373,-4.472,-1.75,7.28,8.47
,-8.792,-1.74,-2.986,-8.727,0.072,-4.683,1.96,9.03,10.36
,-8.854,-1.378,-3.283,-8.677,0.203,-4.712,5.11,10.29,12.53
48685.0,-8.909,-0.026,-4.35,-8.866,-0.672,-4.08,3.08,10.01,11.41
,-9.04,-0.256,-4.133,-8.748,-0.637,-4.164,-0.77,10.08,10.92
,-9.16,-0.251,-4.039,-8.906,-0.486,-4.58,-2.45,9.52,9.45
,-8.981,-0.553,-4.106,-8.916,-0.156,-4.724,-4.41,9.03,8.82
48761.0,-8.849,0.397,-4.57,-8.624,-0.433,-4.075,1.12,8.75,9.59
,-8.837,0.751,-4.24,-8.478,-0.983,-3.826,-1.12,9.1,7.49
,-8.88,0.792,-3.869,-8.696,-1.295,-3.652,-5.32,9.87,4.55
,-8.851,0.364,-4.003,-9.177,-1.563,-3.417,-10.57,10.29,1.75
48836.0,-9.11,-1.271,-3.881,-8.591,-0.134,-4.465,-2.38,14.84,6.23
,-8.713,-1.017,-4.006,-8.631,-0.156,-4.3,2.1,15.26,7.07
,-8.813,-0.696,-4.066,-8.65,-0.077,-4.688,5.04,15.54,7.14
,-8.77,-0.275,-4.458,-8.744,-0.132,-4.625,6.16,14.7,6.3
48912.0,-8.636,-0.117,-4.606,-8.497,-0.208,-4.484,4.97,16.87,6.65
,-8.464,-0.337,-4.834,-8.576,-0.165,-4.896,4.76,17.57,7.42
,-8.598,-0.708,-4.41,-8.78,-0.112,-5.221,3.43,18.34,9.17
,-8.756,-0.45,-4.422,-8.806,-0.22,-5.504,4.41,18.2,9.73
48988.0,-8.567,-0.634,-5.365,-8.435,-1.455,-5.097,3.78,16.66,6.44
,-8.284,-1.192,-5.066,-8.356,-1.012,-5.011,1.26,17.43,7.91
,-8.289,-1.481,-4.803,-8.32,-0.38,-5.15,1.96,17.15,8.75
,-8.354,-1.522,-4.92,-8.409,0.124,-5.403,4.55,16.24,9.45
49064.0,-8.392,0.524,-5.578,-8.88,1.11,-5.296,16.52,14.77,11.62
,-8.512,0.775,-5.532,-8.835,1.285,-5.226,15.47,14.42,10.78
,-8.674,0.823,-5.485,-8.674,1.412,-5.315,12.6,14.07,9.73
,-8.856,0.842,-5.36,-8.488,1.18,-5.243,9.52,13.51,8.61
49139.0,-8.54,0.672,-5.061,-8.61,1.302,-5.456,-3.08,12.11,0.35
,-8.581,0.493,-5.193,-8.485,1.247,-5.492,-3.5,11.69,-1.12
,-8.648,0.526,-5.367,-8.411,0.893,-5.43,-2.38,10.71,-2.87
,-8.744,0.895,-5.415,-8.327,0.29,-5.348,-1.12,10.08,-4.62
49215.0,-8.55,-0.653,-5.298,-8.002,-1.199,-5.406,-15.33,9.52,-11.55
,-8.385,-1.381,-5.264,-7.923,-1.07,-5.65,-15.96,9.31,-10.15
,-8.057,-1.716,-5.169,-8.098,-0.955,-5.595,-13.23,9.66,-7.91
,-8.052,-1.656,-5.104,-8.117,-1.098,-5.47,-7.77,9.94,-6.02
49290.0,-8.224,-1.484,-5.377,-8.165,-0.869,-5.709,-1.12,9.45,0.14
,-8.191,-1.369,-5.475,-7.966,-0.914,-5.712,0.07,8.96,1.89
,-8.088,-1.043,-5.465,-7.968,-1.117,-5.516,3.08,8.4,3.5
,-8.275,-1.003,-5.327,-8.05,-1.184,-5.248,4.2,7.63,3.99
49366.0,-8.258,-0.89,-5.071,-8.425,1.271,-5.071,5.88,9.52,11.13
,-8.368,-0.129,-4.87,-8.464,0.814,-4.606,10.36,9.94,11.27
,-8.469,0.835,-5.262,-8.512,0.572,-4.585,11.9,9.38,10.36
,-8.619,1.115,-5.157,-8.574,0.395,-4.681,9.59,8.47,8.75
49442.0,-8.411,0.034,-4.843,-7.755,-0.749,-5.882,-0.7,12.53,5.53
,-8.368,-0.153,-5.209,-7.487,-0.622,-5.76,-0.14,11.27,3.43
,-8.27,-0.318,-5.489,-7.954,0.129,-5.683,-0.14,10.99,2.38
,-8.167,-0.672,-5.446,-8.181,1.041,-5.855,-1.61,11.83,3.08
49518.0,-8.236,1.156,-5.492,-8.684,0.27,-5.743,-2.73,7.84,-2.73
,-7.968,1.127,-5.513,-8.294,-0.036,-6.03,-7.84,9.73,-4.97
,-8.397,0.756,-5.221,-7.932,-0.333,-6.047,-11.76,11.27,-5.53
,-8.732,0.337,-5.444,-7.593,-0.352,-6.159,-13.86,12.04,-4.69
49593.0,-7.428,-0.706,-6.291,-8.086,-0.653,-6.569,-0.98,12.11,1.05
,-7.72,-1.108,-6.334,-8.402,-0.637,-6.123,0.63,11.62,2.73
,-8.102,-1.0,-6.375,-7.865,-0.275,-6.308,2.17,10.5,3.29
,-8.256,-1.07,-6.324,-8.069,-0.041,-6.245,4.06,10.29,4.48
49669.0,-7.865,0.349,-6.25,-7.995,-0.804,-6.423,5.11,7.0,5.81
,-7.552,0.438,-6.714,-8.232,-0.735,-6.499,4.76,6.02,5.74
,-7.583,0.067,-6.554,-8.272,-0.5,-6.561,2.73,6.02,6.51
,-7.76,-0.373,-6.391,-8.323,-0.337,-6.588,1.26,5.53,7.63
49744.0,-8.181,-0.261,-6.269,-7.801,0.538,-6.186,8.68,3.01,10.36
,-7.904,0.177,-6.212,-8.296,0.567,-6.274,5.6,3.01,10.64
,-7.65,0.383,-6.21,-8.399,0.445,-5.994,3.29,2.59,9.87
,-7.631,0.51,-6.248,-8.512,0.699,-5.913,2.1,2.24,8.68
49820.0,-8.184,0.546,-5.968,-7.619,0.428,-5.851,4.97,1.47,5.88
,-8.332,0.244,-5.836,-7.885,0.151,-5.925,5.18,1.54,6.09
,-8.256,0.313,-5.8,-8.224,0.101,-6.066,5.74,0.91,5.53
,-7.834,0.5,-5.8,-8.169,0.12,-6.116,5.95,1.12,4.97
49896.0,-7.93,0.268,-6.104,-8.011,-0.156,-6.123,4.41,0.49,2.66
,-7.772,0.148,-6.104,-8.045,0.103,-6.001,3.36,0.42,2.73
,-7.782,-0.175,-6.066,-7.952,0.311,-5.906,2.1,-0.14,2.87
,-7.918,-0.273,-6.083,-7.997,0.479,-5.939,2.45,-0.42,3.15
49972.0,-8.196,0.572,-5.927,-8.291,0.476,-5.788,3.22,-0.56,1.4
,-8.196,0.644,-5.848,-8.153,0.555,-5.779,3.36,-0.28,0.77
,-8.153,0.634,-5.843,-7.985,0.751,-5.865,3.92,0.0,0.0
,-8.346,0.503,-5.796,-7.825,0.792,-5.872,4.34,0.14,-0.28
50048.0,-7.947,0.608,-5.846,-8.38,0.83,-5.7,0.7,0.77,-3.71
,-8.119,0.622,-5.631,-8.54,1.019,-5.7,-0.91,1.12,-4.69
,-8.031,0.531,-5.575,-8.586,1.065,-5.841,-2.1,1.89,-5.6
,-8.124,0.637,-5.705,-8.265,0.474,-5.81,-2.31,2.66,-6.37
50123.0,-8.002,-0.065,-5.621,-7.942,-0.105,-6.219,-6.72,3.85,-9.45
,-7.885,-0.433,-5.609,-8.014,-0.268,-6.167,-4.69,4.55,-9.03
,-7.38,-0.715,-5.851,-7.99,-0.242,-6.303,-0.91,4.83,-8.61
,-7.868,-0.292,-5.982,-8.016,-0.407,-6.387,2.73,4.97,-8.47
50199.0,-8.038,-0.608,-6.356,-7.368,-1.022,-6.657,1.4,3.92,-7.21
,-7.916,-0.665,-6.569,-7.229,-0.972,-6.604,1.54,3.22,-6.72
,-8.035,-0.914,-6.636,-7.449,-0.895,-6.643,1.75,2.59,-5.53
,-7.806,-1.098,-6.545,-7.789,-1.029,-6.547,2.31,1.54,-4.06
50275.0,-8.021,-1.072,-6.549,-7.708,0.069,-5.985,9.03,-1.68,3.57
,-8.112,-1.223,-6.315,-7.822,0.431,-5.903,9.03,-1.82,5.67
,-8.04,-1.0,-6.169,-8.098,0.672,-5.788,10.01,-2.45,8.05
,-7.693,-0.581,-6.097,-8.299,0.833,-5.585,12.67,-3.92,9.59
50351.0,-8.382,1.0,-5.678,-8.198,0.928,-5.714,11.2,-3.78,6.86
,-8.378,1.041,-5.714,-8.014,1.134,-5.879,10.5,-3.64,6.3
,-8.524,0.713,-5.762,-7.904,0.565,-5.48,10.78,-3.64,5.04
,-8.416,0.672,-5.719,-8.167,0.416,-5.805,11.34,-3.99,3.92
50426.0,-8.311,0.223,-5.786,-7.767,1.153,-5.693,7.14,-4.55,-2.8
,-8.361,0.455,-5.913,-8.169,0.742,-5.832,6.44,-6.3,-3.99
,-8.035,0.871,-5.899,-8.105,0.27,-5.602,5.04,-6.79,-5.04
,-7.791,1.098,-5.829,-8.107,-0.335,-5.26,4.06,-6.79,-7.35
50502.0,-8.186,-0.751,-5.339,-8.04,-0.134,-6.19,-1.19,-4.06,-8.61
,-8.291,-0.708,-5.69,-7.418,0.112,-6.198,2.73,-4.13,-6.37
,-8.528,-0.663,-6.097,-7.535,0.242,-6.293,6.3,-4.9,-5.88
,-8.638,-0.579,-6.188,-7.846,0.036,-6.047,7.35,-6.93,-7.14
50577.0,-8.133,-0.043,-6.071,-8.002,-1.235,-5.279,-2.45,-10.43,-12.32
,-8.148,-0.101,-6.222,-8.126,-1.079,-5.583,-3.08,-11.27,-12.39
,-8.136,-0.302,-6.025,-8.193,-0.976,-5.796,-3.29,-11.06,-11.27
,-8.126,-0.617,-5.774,-8.303,-0.596,-6.25,-2.45,-11.06,-10.71
50653.0,-8.114,-1.12,-5.884,-8.559,-0.94,-5.721,3.64,-12.32,-6.86
,-8.033,-1.055,-5.808,-8.107,-0.491,-5.611,4.62,-11.41,-5.18
,-7.968,-0.976,-5.808,-7.739,-0.093,-5.59,5.81,-10.43,-3.43
,-8.212,-0.95,-5.803,-7.921,0.084,-5.386,7.14,-10.22,-2.31
50729.0,-8.229,0.065,-5.264,-8.38,0.148,-5.518,4.2,-15.12,-4.27
,-8.837,0.184,-5.422,-8.344,-0.579,-5.24,3.99,-15.4,-5.53
,-9.002,0.22,-5.43,-8.457,-0.567,-5.162,3.29,-15.47,-5.74
,-8.433,-0.005,-4.8,-8.368,-0.218,-5.384,-0.49,-16.17,-4.83
50805.0,-8.658,-0.359,-5.757,-8.402,-0.543,-5.042,1.61,-16.38,-7.28
,-8.141,-0.057,-5.678,-8.502,-0.467,-4.745,0.07,-18.83,-8.96
,-8.114,-0.101,-5.516,-8.519,-0.558,-4.774,-1.12,-18.41,-9.1
,-8.267,-0.524,-5.365,-8.61,-0.756,-4.7,-2.38,-18.2,-10.78
50880.0,-8.672,-0.771,-4.752,-8.674,-0.689,-4.214,-3.43,-18.27,-11.76
,-8.418,-0.651,-4.637,-8.732,-0.766,-4.542,-2.03,-18.62,-11.06
,-8.624,-0.644,-4.604,-8.804,-0.768,-4.556,-0.21,-18.06,-10.29
,-8.598,-0.747,-4.48,-8.342,-0.531,-4.293,0.7,-17.99,-9.8
50956.0,-8.378,-0.534,-3.86,-8.727,-0.538,-4.262,0.77,-18.41,-10.15
,-8.559,-0.536,-4.252,-8.818,-0.656,-4.223,1.4,-16.73,-11.41
,-8.851,-0.747,-3.81,-8.758,-0.577,-3.888,0.84,-16.03,-10.99
,-8.765,-0.601,-4.3,-8.796,-0.605,-3.898,1.19,-15.26,-10.99
51032.0,-8.99,-1.003,-3.443,-8.77,-0.962,-4.231,1.19,-10.92,-7.21
,-9.232,-1.132,-3.417,-8.629,-1.173,-4.147,0.14,-10.71,-8.4
,-8.938,-0.885,-3.496,-8.646,-1.412,-4.247,-0.77,-10.64,-9.1
,-8.818,-0.854,-3.857,-8.703,-1.603,-4.312,-1.4,-9.8,-9.59
51108.0,-8.72,-1.788,-4.212,-9.136,-0.821,-4.98,3.71,-5.74,-4.48
,-8.71,-1.89,-3.965,-9.11,-0.718,-5.025,6.58,-4.41,-2.31
,-8.882,-1.768,-3.754,-8.622,-0.577,-5.343,9.73,-3.36,0.0
,-9.143,-1.414,-4.073,-8.497,-0.897,-4.929,13.3,-2.59,1.82
51184.0,-8.574,-1.378,-4.396,-9.265,-0.196,-4.264,14.21,-6.23,6.09
,-8.813,-1.61,-3.805,-8.961,0.043,-4.223,15.54,-5.6,6.23
,-9.136,-1.433,-3.659,-8.665,-0.514,-3.743,18.06,-5.53,4.97
,-9.311,-0.89,-3.857,-8.435,-0.943,-3.214,19.25,-6.51,3.08
51259.0,-8.703,-1.426,-3.104,-9.17,-1.486,-2.51,3.5,-4.62,-0.91
,-9.122,-1.807,-2.998,-9.007,-1.563,-2.467,4.06,-3.08,-0.49
,-9.337,-1.74,-3.015,-8.94,-1.481,-2.335,5.11,-3.08,0.28
,-9.27,-1.486,-2.907,-9.016,-1.397,-2.434,5.81,-2.73,1.26
51335.0,-9.124,-1.697,-2.546,-9.052,-1.441,-3.02,-0.35,7.28,1.96
,-9.256,-1.874,-2.548,-9.04,-0.998,-3.618,0.07,9.31,2.94
,-9.21,-1.823,-2.69,-8.945,-0.598,-4.24,2.1,11.13,4.2
,-9.155,-1.735,-2.804,-8.717,-0.488,-4.587,4.06,12.88,5.18
51410.0,-8.622,-0.395,-4.905,-8.77,-0.857,-4.733,1.82,14.42,4.41
,-8.65,-0.617,-5.128,-8.904,-0.749,-4.664,0.7,14.07,4.13
,-8.677,-0.895,-5.032,-8.949,-0.572,-4.774,0.77,13.51,4.06
,-8.614,-0.866,-4.858,-8.899,-0.522,-4.793,1.75,13.3,3.99
51486.0,-8.756,-0.692,-4.774,-8.811,-0.926,-4.508,1.47,10.15,2.66
,-8.665,-1.062,-4.401,-8.789,-0.861,-4.551,-1.68,10.08,2.38
,-8.689,-1.005,-4.47,-8.808,-0.773,-4.64,-1.05,10.15,2.1
,-8.792,-1.031,-4.487,-8.804,-0.79,-4.829,-0.42,10.08,1.89
51562.0,-8.777,-0.895,-5.068,-8.507,-0.842,-5.252,-1.96,7.98,1.19
,-8.835,-0.931,-5.154,-8.66,-0.991,-4.759,-1.54,7.21,1.47
,-8.658,-0.998,-5.2,-8.772,-0.909,-4.719,-0.84,6.44,1.68
,-8.591,-1.053,-5.085,-8.76,-0.857,-4.688,0.28,5.95,2.03
51638.0,-8.811,-0.816,-4.606,-8.679,-0.816,-4.678,5.53,4.48,3.43
,-8.777,-0.739,-4.63,-8.686,-0.873,-4.561,5.46,4.41,3.36
,-8.772,-0.723,-4.592,-8.708,-0.993,-4.501,4.9,4.2,3.01
,-8.705,-0.692,-4.616,-8.753,-1.067,-4.453,4.06,4.27,2.87
51713.0,-8.806,-1.012,-4.468,-8.705,-0.503,-4.676,3.85,4.27,3.15
,-8.875,-0.742,-4.561,-8.725,-0.507,-4.805,4.48,4.27,3.08
,-8.885,-0.589,-4.575,-8.698,-0.579,-4.893,4.13,4.13,2.8
,-8.827,-0.469,-4.64,-8.66,-0.644,-4.807,3.08,3.99,2.38
51789.0,-8.701,-0.742,-4.712,-8.681,-0.826,-4.664,2.1,2.94,1.4
,-8.751,-0.79,-4.676,-8.708,-0.876,-4.716,2.66,2.94,1.26
,-8.768,-0.768,-4.712,-8.689,-0.921,-4.803,3.15,2.52,1.05
,-8.729,-0.732,-4.645,-8.662,-1.034,-4.721,2.73,2.52,0.77
51865.0,-8.646,-1.05,-4.487,-8.739,-0.524,-4.712,2.45,2.38,0.91
,-8.758,-0.938,-4.475,-8.677,-0.682,-4.719,3.43,2.59,1.26
,-8.854,-0.782,-4.532,-8.629,-0.778,-4.714,3.85,2.45,1.19
,-8.847,-0.589,-4.585,-8.67,-0.816,-4.862,3.36,2.38,0.84
51941.0,-8.763,-0.84,-4.829,-8.763,-0.909,-4.647,1.75,1.75,0.35
,-8.763,-0.878,-4.757,-8.753,-0.852,-4.566,2.03,1.19,0.49
,-8.684,-0.931,-4.661,-8.748,-0.845,-4.561,1.96,1.12,0.56
,-8.713,-0.981,-4.539,-8.782,-0.842,-4.587,2.38,1.19,0.91
52016.0,-8.775,-0.811,-4.606,-8.804,-0.732,-4.666,3.57,1.4,0.98
,-8.748,-0.802,-4.429,-8.689,-0.672,-4.671,3.64,1.4,1.33
,-8.71,-0.835,-4.408,-8.667,-0.79,-4.704,3.78,1.68,1.61
,-8.796,-0.806,-4.396,-8.667,-0.881,-4.733,4.06,1.61,1.61
52092.0,-8.655,-1.024,-4.728,-8.729,-0.672,-4.712,2.24,1.47,0.77
,-8.744,-0.926,-4.671,-8.696,-0.763,-4.748,2.73,1.26,1.12
,-8.775,-0.838,-4.719,-8.65,-0.792,-4.736,3.36,1.12,1.12
,-8.799,-0.782,-4.678,-8.684,-0.878,-4.714,3.64,1.12,1.4
52168.0,-8.722,-0.897,-4.75,-8.784,-0.806,-4.331,2.73,-0.28,0.91
,-8.703,-0.983,-4.685,-8.804,-0.644,-4.231,2.87,-0.35,1.05
,-8.622,-1.019,-4.547,-8.825,-0.524,-4.18,3.01,-0.42,1.26
,-8.653,-1.039,-4.353,-8.868,-0.732,-4.097,3.22,-0.28,1.4
52243.0,-8.796,-0.936,-3.967,-8.789,-0.708,-4.96,-6.3,0.84,-1.82
,-8.847,-1.146,-3.896,-8.725,-0.577,-5.274,-6.86,1.54,-1.4
,-8.964,-1.23,-4.176,-8.562,-0.68,-5.341,-5.95,2.31,-0.7
,-8.949,-0.957,-4.513,-8.536,-0.885,-5.516,-4.13,2.45,0.07
52319.0,-8.485,-0.969,-5.65,-8.363,-0.294,-5.796,2.1,0.35,3.64
,-8.629,-0.857,-5.774,-8.447,-0.373,-5.523,4.97,-1.05,4.06
,-8.495,-0.543,-5.82,-8.605,-0.605,-5.465,7.42,-2.66,4.41
,-8.435,-0.304,-5.939,-8.693,-0.84,-5.173,8.82,-4.27,3.92
52395.0,-8.741,-0.964,-4.85,-8.952,-1.137,-3.403,6.3,-9.8,2.38
,-8.732,-0.993,-4.58,-9.062,-0.972,-3.254,7.42,-10.22,2.52
,-8.746,-1.101,-4.276,-9.052,-0.792,-3.25,7.98,-10.01,3.01
,-8.842,-1.153,-3.819,-9.136,-0.677,-3.443,8.19,-9.73,3.43
52471.0,-8.93,-0.873,-3.4,-8.923,-1.261,-3.668,3.29,-5.39,2.1
,-8.804,-1.007,-3.623,-9.033,-1.311,-3.642,2.38,-4.48,2.45
,-8.725,-1.287,-3.611,-9.124,-1.177,-3.735,3.22,-3.43,3.08
,-8.772,-1.323,-3.575,-8.978,-1.094,-3.489,4.97,-2.24,3.99
52546.0,-8.83,-0.754,-3.74,-8.715,-1.007,-4.458,0.56,0.21,3.71
,-8.768,-0.799,-3.929,-8.643,-0.974,-4.618,-0.7,0.98,3.78
,-8.804,-0.857,-4.027,-8.583,-0.967,-4.499,-1.68,1.96,4.76
,-8.851,-1.012,-4.353,-8.667,-0.919,-4.523,-0.98,2.73,5.32
52622.0,-8.763,-0.95,-4.42,-8.914,-0.995,-4.042,4.27,3.99,10.08
,-8.983,-1.055,-4.281,-8.634,-0.881,-3.984,4.55,4.48,10.5
,-8.997,-1.18,-4.056,-8.591,-0.802,-3.9,4.34,4.97,11.06
,-9.033,-1.046,-4.183,-8.677,-0.797,-3.944,4.62,5.25,11.06
52698.0,-8.801,-0.613,-3.673,-9.024,0.668,-4.233,4.2,7.0,11.62
,-8.89,-0.357,-3.955,-8.758,0.718,-3.977,4.9,7.84,11.34
,-8.949,-0.304,-3.984,-8.677,0.601,-4.192,5.46,8.47,10.85
,-9.203,0.235,-4.192,-8.83,0.086,-4.073,5.88,8.33,9.66
52774.0,-8.949,-0.263,-3.97,-8.851,-1.237,-3.963,-6.37,10.57,4.55
,-8.871,-0.617,-3.929,-8.82,-1.096,-4.135,-6.79,11.27,4.41
,-8.78,-0.921,-3.845,-8.622,-0.995,-4.439,-6.44,12.67,5.04
,-8.835,-1.06,-3.922,-8.574,-0.799,-4.415,-5.6,13.51,6.02
52849.0,-8.674,-0.428,-4.044,-8.885,1.33,-5.075,6.65,16.17,9.73
,-8.727,0.012,-4.2,-8.813,1.275,-5.047,6.79,16.17,8.54
,-8.737,0.359,-4.326,-8.674,1.01,-5.24,6.44,15.54,7.0
,-8.952,0.938,-4.793,-8.536,0.531,-5.027,5.95,15.05,5.25
52925.0,-8.751,0.213,-4.877,-8.342,-0.672,-5.099,-6.86,15.33,-2.94
,-8.638,0.065,-4.975,-8.571,-0.835,-5.226,-6.02,14.98,-3.78
,-8.509,-0.151,-4.927,-8.658,-0.675,-5.236,-4.9,15.26,-3.5
,-8.224,-0.28,-5.018,-8.748,-0.285,-5.154,-3.22,15.54,-2.17
53000.0,-8.665,0.364,-5.116,-8.473,-1.323,-5.126,10.29,16.45,-0.56
,-8.428,0.732,-5.238,-8.492,-1.795,-5.078,8.12,15.4,-1.68
,-8.181,0.318,-5.513,-8.425,-1.84,-5.106,2.8,14.91,-2.38
,-8.332,-0.495,-5.104,-8.279,-1.709,-5.217,-3.92,14.77,-1.89
53076.0,-8.272,-1.596,-5.248,-8.205,-0.395,-5.334,2.94,15.05,5.25
,-8.382,-1.388,-5.465,-8.062,0.026,-5.497,4.34,14.35,6.16
,-8.339,-1.285,-5.497,-8.277,-0.072,-5.41,5.88,14.0,7.63
,-8.44,-1.295,-5.008,-8.279,-0.146,-5.367,5.53,13.58,8.75
53152.0,-8.437,-0.316,-5.193,-8.33,-0.5,-5.073,1.33,11.27,7.98
,-8.5,-0.397,-5.104,-8.26,-0.179,-5.051,0.98,11.97,8.33
,-8.349,-0.347,-5.133,-8.093,-0.026,-5.219,1.47,12.53,8.61
,-8.332,-0.596,-4.984,-8.325,0.227,-5.389,1.47,13.23,9.17
53228.0,-8.399,0.759,-5.58,-8.284,0.428,-5.257,3.71,11.13,7.91
,-8.394,0.895,-5.7,-8.334,0.395,-5.183,2.24,11.48,6.72
,-8.157,0.907,-5.688,-8.55,0.249,-5.078,-1.68,10.71,4.55
,-8.136,0.663,-5.446,-8.39,0.163,-5.056,-6.02,11.69,3.43
53304.0,-8.291,0.151,-4.934,-8.6,0.634,-6.298,-9.73,11.83,0.07
,-8.203,-0.017,-5.152,-8.409,0.428,-6.494,-8.96,12.32,0.28
,-8.153,0.311,-5.635,-8.44,-0.026,-6.37,-6.09,12.18,-0.21
,-8.488,0.404,-6.042,-7.775,-0.304,-6.545,-3.57,11.62,-0.49
53379.0,-7.59,-1.007,-6.236,-8.308,-0.869,-5.652,-11.2,7.7,0.91
,-7.655,-1.476,-6.104,-8.267,0.036,-5.607,-12.6,6.72,2.45
,-7.813,-1.598,-6.234,-8.193,0.785,-5.597,-10.08,6.37,3.22
,-7.815,-1.436,-5.918,-8.461,1.18,-5.76,-7.91,6.79,4.27
53455.0,-7.937,1.668,-5.975,-8.457,-0.019,-5.621,-4.48,5.39,-0.7
,-7.796,1.371,-5.817,-8.397,-0.416,-5.552,-8.26,6.37,-0.21
,-7.921,0.871,-5.776,-8.248,-0.55,-5.642,-9.87,6.93,0.14
,-8.634,0.249,-5.753,-8.284,-0.481,-5.786,-9.03,7.14,0.77
53531.0,-7.966,-0.235,-6.044,-7.748,-0.199,-6.604,5.88,5.81,1.4
,-7.87,0.215,-6.26,-7.87,-0.828,-6.42,7.35,5.46,0.98
,-7.858,0.577,-6.528,-8.227,-1.364,-6.095,6.86,5.11,1.05
,-7.846,0.175,-6.53,-7.885,-1.189,-5.851,4.27,4.76,1.26
53607.0,-7.772,-0.797,-5.829,-8.478,1.421,-6.052,7.07,4.48,8.75
,-7.782,-0.034,-5.966,-8.622,1.271,-6.19,10.36,4.13,8.82
,-8.165,0.361,-5.887,-8.33,0.706,-5.961,10.64,3.43,8.19
,-8.629,0.981,-5.946,-7.729,0.199,-5.669,10.08,2.87,7.14
53682.0,-7.734,-0.144,-5.58,-8.198,0.476,-5.784,1.19,3.92,4.13
,-7.985,-0.151,-5.585,-7.904,0.28,-5.803,2.38,4.2,4.34
,-8.114,-0.024,-5.631,-7.868,0.347,-5.894,4.27,4.48,4.48
,-8.186,0.148,-5.554,-7.94,0.246,-5.954,5.11,4.41,3.92
53758.0,-8.083,0.431,-6.14,-7.932,0.038,-6.296,6.72,4.2,2.8
,-8.291,0.436,-6.368,-8.028,0.081,-6.384,7.35,3.85,2.24
,-8.102,0.213,-6.322,-8.081,0.239,-6.502,6.58,3.85,2.31
,-7.923,0.019,-6.224,-8.102,0.335,-6.669,6.23,4.06,2.8
53833.0,-8.09,0.292,-6.765,-7.863,-0.467,-6.32,5.6,2.1,-0.28
,-8.126,0.129,-6.837,-7.487,-0.345,-6.36,5.39,1.61,0.14
,-8.251,-0.074,-6.832,-7.595,-0.218,-6.284,6.09,1.19,0.91
,-8.358,-0.464,-6.468,-7.894,0.304,-6.217,6.02,0.0,1.47
53909.0,-8.299,0.715,-6.265,-7.93,0.797,-5.906,7.98,-2.03,0.35
,-8.464,0.849,-6.176,-7.667,1.106,-5.913,6.02,-2.24,-0.49
,-8.299,0.794,-6.15,-8.021,1.062,-5.788,3.29,-2.38,-0.7
,-8.313,0.605,-5.968,-8.334,0.723,-5.786,0.98,-3.43,-1.12
53985.0,-8.55,0.359,-5.798,-7.901,0.127,-5.927,-0.56,-3.99,-5.6
,-8.236,0.101,-5.968,-7.801,0.203,-6.049,-1.05,-3.29,-5.53
,-8.105,-0.285,-5.755,-7.851,0.12,-5.999,-0.91,-2.52,-5.39
,-8.009,-0.282,-5.92,-7.842,-0.359,-6.073,1.26,-3.36,-5.74
54061.0,-8.059,-1.031,-5.961,-8.33,-0.586,-5.753,-2.59,-4.27,-4.69
,-7.985,-1.347,-5.942,-8.26,0.05,-5.595,-2.59,-4.62,-2.87
,-7.82,-1.62,-5.829,-8.114,0.354,-5.523,-0.49,-4.2,-0.56
,-8.107,-1.22,-5.839,-8.21,0.328,-5.09,4.41,-4.2,1.47
54136.0,-8.126,0.134,-5.152,-8.459,0.45,-5.059,3.36,-4.97,0.21
,-8.098,0.065,-5.063,-8.469,0.833,-5.19,3.64,-4.13,1.12
,-8.028,0.029,-5.061,-8.313,0.787,-5.252,4.48,-3.22,1.68
,-8.263,0.438,-5.341,-8.174,0.311,-5.307,7.63,-3.5,1.12
54212.0,-8.05,0.108,-5.363,-8.378,0.818,-5.568,5.11,-2.94,-3.15
,-8.157,0.163,-5.705,-8.157,0.883,-5.406,5.39,-3.15,-2.52
,-8.354,0.213,-5.714,-8.162,0.574,-5.408,7.07,-2.73,-2.45
,-8.296,0.656,-5.367,-8.059,0.112,-5.602,8.47,-2.45,-3.85
54287.0,-8.16,-0.414,-5.599,-7.885,-0.385,-5.901,-2.38,-3.22,-7.7
,-8.15,-0.553,-5.93,-7.978,-0.27,-5.891,-1.05,-2.87,-6.79
,-8.157,-0.761,-6.059,-7.827,-0.141,-6.013,0.91,-2.31,-6.58
,-8.119,-0.622,-5.925,-7.923,-0.168,-5.915,3.78,-2.03,-6.16
54363.0,-8.435,-0.378,-5.736,-8.32,-0.337,-5.31,2.03,-4.27,-5.25
,-8.452,-0.385,-5.592,-8.27,-0.412,-5.516,1.89,-5.39,-5.67
,-8.143,-0.215,-5.482,-8.258,-0.514,-5.64,2.52,-6.02,-6.02
,-8.028,-0.096,-5.473,-8.296,-0.495,-5.791,1.89,-5.88,-6.09
54439.0,-8.133,-0.67,-5.473,-8.169,-0.512,-5.367,3.64,-5.6,-2.8
,-8.177,-0.323,-5.882,-8.284,-0.409,-5.437,7.07,-5.46,-3.01
,-8.215,-0.316,-5.528,-8.459,-0.294,-5.367,7.42,-5.67,-2.73
,-8.224,-0.491,-5.37,-8.471,-0.045,-5.406,5.6,-6.16,-2.31
54515.0,-8.469,0.043,-5.441,-8.559,0.328,-5.645,4.62,-6.72,-2.66
,-8.387,0.213,-5.434,-8.215,-0.311,-5.544,4.9,-6.3,-3.01
,-8.402,0.536,-6.805,-8.069,-0.45,-5.355,9.1,-7.49,-4.97
,-8.672,0.443,-5.274,-7.966,-0.366,-5.274,6.93,-7.0,-4.69
54591.0,-8.263,-0.287,-5.463,-8.2,-0.254,-5.518,3.36,-8.61,-6.51
,-8.507,-0.12,-5.36,-8.301,-0.428,-5.415,4.69,-9.31,-7.07
,-8.715,0.007,-5.59,-8.598,-0.763,-5.221,6.09,-8.4,-7.42
,-8.54,-0.065,-5.54,-8.72,-0.902,-5.257,5.81,-7.49,-7.21
54666.0,-8.373,-1.106,-5.351,-8.473,-0.694,-5.351,3.29,-10.43,-6.23
,-8.074,-1.086,-5.415,-8.631,-0.584,-5.152,3.5,-11.55,-6.16
,-7.942,-0.962,-5.58,-8.614,-0.383,-4.932,5.74,-11.9,-5.46
,-8.086,-0.869,-5.602,-8.488,-0.438,-4.75,8.61,-12.32,-4.62
54742.0,-8.425,-0.519,-4.762,-8.827,-0.38,-5.027,8.61,-13.58,-4.69
,-8.356,-0.68,-4.513,-8.617,-0.433,-4.755,8.61,-13.51,-3.92
,-8.677,-0.555,-4.841,-8.445,-0.603,-4.594,10.57,-13.51,-3.85
,-8.794,-0.357,-4.862,-8.098,-0.68,-4.702,12.04,-14.21,-3.57
54818.0,-8.155,-0.955,-4.183,-9.05,-0.503,-3.977,9.38,-13.79,-4.69
,-8.552,-0.957,-3.953,-8.813,-0.625,-3.905,10.08,-12.81,-4.34
,-8.945,-0.804,-4.08,-8.93,-0.692,-4.03,12.25,-12.25,-4.55
,-9.086,-0.663,-3.862,-8.899,-0.79,-4.123,13.23,-11.55,-4.2
54894.0,-8.99,-1.01,-3.807,-8.622,-0.711,-3.946,13.3,-6.37,-0.7
,-8.804,-1.017,-3.85,-8.61,-0.773,-4.271,12.32,-6.3,-0.63
,-8.856,-0.744,-3.984,-8.646,-0.802,-4.463,11.34,-6.16,-1.26
,-8.715,-0.715,-3.934,-8.672,-1.029,-4.527,8.96,-6.16,-1.33
54969.0,-8.643,-1.115,-4.726,-8.885,-1.168,-4.637,-3.85,-5.32,-5.6
,-8.646,-1.295,-4.609,-8.796,-1.424,-4.207,-2.59,-5.39,-4.55
,-8.689,-1.371,-4.618,-8.734,-1.448,-4.099,0.35,-5.11,-3.29
,-8.739,-1.345,-4.446,-8.717,-1.383,-3.893,3.5,-4.83,-2.59
55045.0,-8.854,-1.031,-4.089,-8.6,-0.919,-4.145,6.86,-3.85,-0.98
,-9.007,-0.45,-4.436,-8.76,-1.156,-3.778,6.37,-3.43,-1.82
,-8.842,-0.318,-4.616,-8.952,-1.424,-3.477,3.22,-3.29,-2.52
,-8.681,-0.51,-4.396,-9.196,-1.433,-3.187,-0.49,-3.71,-2.52
55120.0,-9.22,-1.323,-2.958,-8.851,-1.249,-3.814,-1.54,0.21,-0.77
,-9.155,-1.194,-3.226,-8.789,-1.409,-3.841,-1.4,1.68,-1.19
,-9.007,-1.098,-3.309,-8.796,-1.455,-3.79,-1.82,3.29,-1.4
,-8.916,-1.019,-3.656,-8.71,-1.378,-3.881,-2.31,4.9,-1.82
55196.0,-8.701,-1.184,-3.955,-8.643,-0.498,-5.19,1.68,9.66,1.68
,-8.835,-0.957,-4.176,-8.576,-0.522,-5.427,1.82,9.8,2.1
,-8.918,-0.761,-4.645,-8.531,-0.699,-5.499,1.61,9.59,1.61
,-8.854,-0.51,-4.996,-8.531,-0.902,-5.363,0.35,8.89,1.12
55272.0,-8.571,-0.936,-5.159,-8.626,-0.514,-4.836,3.08,5.46,1.54
,-8.842,-0.919,-5.173,-8.665,-0.89,-4.733,6.16,5.11,1.89
,-8.921,-0.696,-5.092,-8.71,-1.132,-4.539,8.05,3.99,1.82
,-8.658,-0.419,-4.97,-8.717,-1.146,-4.396,7.0,3.43,1.4
55348.0,-8.839,-1.029,-4.439,-8.681,-0.983,-4.702,2.31,2.59,0.14
,-8.815,-0.945,-4.537,-8.703,-0.96,-4.824,2.31,2.73,0.35
,-8.839,-1.096,-4.472,-8.638,-0.907,-4.87,2.03,2.24,0.98
,-8.753,-1.096,-4.58,-8.653,-0.902,-4.836,2.59,2.1,1.26
55423.0,-8.693,-0.888,-4.776,-8.765,-0.672,-4.716,5.11,1.75,1.96
,-8.638,-0.785,-4.558,-8.71,-0.811,-4.726,5.18,1.47,1.82
,-8.737,-0.775,-4.568,-8.758,-0.986,-4.783,4.97,1.33,1.68
,-8.823,-0.759,-4.695,-8.717,-0.94,-4.783,4.83,0.84,1.61
55499.0,-8.643,-0.806,-4.786,-8.792,-0.871,-4.635,4.9,-0.49,1.19
,-8.708,-0.838,-4.659,-8.626,-0.735,-4.618,3.71,-0.63,1.26
,-8.686,-0.861,-4.625,-8.78,-0.732,-4.599,3.08,-0.84,1.05
,-8.856,-0.9,-4.599,-8.653,-0.759,-4.535,2.73,-0.77,0.7
55575.0,-8.82,-0.694,-4.597,-8.691,-1.058,-4.472,2.31,-0.91,0.35
,-8.796,-0.806,-4.494,-8.67,-0.957,-4.369,1.26,-1.19,0.63
,-8.792,-0.828,-4.451,-8.77,-0.792,-4.633,0.28,-1.26,0.42
,-8.784,-1.019,-4.391,-8.863,-0.864,-4.803,0.07,-0.77,0.42
55651.0,-8.835,-0.883,-4.599,-8.708,-0.684,-4.597,-1.12,-1.19,1.19
,-8.837,-0.89,-4.755,-8.868,-0.682,-4.678,-1.54,-1.54,1.75
,-8.739,-0.759,-4.762,-8.887,-0.617,-4.748,-0.7,-1.89,2.03
,-8.748,-0.61,-4.637,-8.646,-0.699,-4.573,-1.96,-2.03,2.45
55727.0,-8.67,-0.893,-4.384,-9.016,-0.687,-4.413,-4.2,-3.01,1.89
,-8.82,-0.993,-4.381,-8.957,-0.57,-4.537,-4.34,-2.8,2.1
,-8.93,-0.771,-4.319,-8.839,-0.704,-4.515,-5.04,-2.8,2.52
,-8.947,-0.838,-4.334,-8.844,-0.751,-4.625,-5.95,-2.94,2.17
55802.0,-8.71,-0.771,-4.568,-8.947,-0.476,-4.515,-15.47,-3.99,4.27
,-8.839,-0.613,-4.594,-8.868,-0.699,-4.432,-15.96,-4.27,4.83
,-8.751,-0.718,-4.47,-8.959,-0.637,-4.334,-13.86,-4.41,4.62
,-8.899,-0.737,-4.429,-8.662,-0.675,-4.111,-12.25,-4.48,4.69
55878.0,-8.727,-0.885,-3.884,-9.095,-0.414,-4.185,-19.53,-4.13,4.97
,-9.15,-0.644,-3.891,-8.966,-0.785,-3.723,-20.3,-3.57,6.16
,-9.206,-0.378,-3.927,-8.691,-0.407,-3.924,-24.36,-3.36,8.26
,-9.081,-0.352,-4.089,-8.952,-0.689,-3.676,-28.56,-3.22,8.75
55953.0,-8.89,-1.065,-3.783,-8.823,-1.618,-2.568,-31.85,0.7,9.94
,-8.949,-1.46,-3.348,-8.923,-0.163,-3.116,-27.86,2.38,9.31
,-8.923,-2.168,-2.946,-8.902,0.56,-4.03,-21.49,3.99,8.82
,-8.435,-2.316,-2.359,-8.55,0.215,-4.322,-9.87,7.14,7.77
56029.0,-8.516,-0.366,-4.74,-8.646,-1.189,-3.384,-4.13,11.55,3.78
,-8.337,-0.845,-4.537,-9.189,-1.041,-3.34,-4.13,11.97,3.5
,-8.272,-1.058,-4.281,-9.052,-0.553,-2.546,-0.14,12.46,3.99
,-8.557,-1.263,-3.917,-8.851,0.124,-3.295,3.64,13.58,4.34
56105.0,-8.93,-0.117,-3.625,-8.875,-0.081,-4.556,-2.59,18.48,1.82
,-8.449,-0.373,-3.733,-8.868,0.172,-5.102,-6.86,18.83,3.78
,-8.775,-0.249,-4.463,-8.686,0.445,-4.984,-5.74,21.56,4.41
,-8.787,-0.402,-4.195,-8.789,0.459,-4.726,-7.28,20.86,8.05
56181.0,-8.227,0.323,-4.42,-8.531,-0.969,-5.358,-17.08,20.44,15.89
,-8.311,0.134,-4.767,-8.794,-0.548,-5.681,-19.32,20.65,16.94
,-7.806,-0.424,-4.75,-8.471,0.129,-5.298,-20.16,20.02,16.52
,-7.942,-0.692,-5.274,-8.459,0.873,-5.473,-17.99,19.25,15.75
56256.0,-8.289,1.448,-5.695,-8.547,0.421,-5.832,0.63,19.46,15.82
,-8.191,1.601,-5.812,-8.595,0.141,-5.614,-4.13,18.34,14.56
,-8.052,1.28,-6.133,-8.433,0.23,-5.372,-9.31,16.8,13.23
,-8.212,0.574,-5.674,-8.392,0.129,-5.583,-13.09,16.24,13.09
56332.0,-8.49,0.223,-5.413,-8.5,1.577,-5.76,-10.22,12.46,9.59
,-8.363,0.723,-5.461,-8.344,1.053,-5.681,-9.03,12.18,9.52
,-8.342,1.216,-5.449,-8.131,0.775,-5.597,-8.96,12.53,10.29
,-8.289,1.493,-5.506,-8.107,0.395,-5.102,-10.29,13.09,10.57
56407.0,-8.251,0.464,-5.511,-8.153,0.278,-5.808,-7.28,12.88,8.19
,-8.272,0.11,-5.453,-8.021,0.629,-5.631,-5.81,11.97,8.89
,-8.404,0.01,-5.597,-8.332,1.342,-5.853,-3.43,10.92,10.08
,-8.33,-0.117,-5.724,-8.299,1.675,-6.028,-2.38,10.22,11.41
56483.0,-8.342,1.776,-5.829,-8.253,0.615,-5.142,-2.1,8.26,7.98
,-8.26,1.699,-5.863,-8.074,0.658,-5.03,-3.85,7.84,6.3
,-8.253,1.469,-5.678,-8.227,0.792,-4.963,-3.99,8.47,4.97
,-8.516,0.773,-5.095,-8.382,0.629,-4.817,-4.27,8.61,4.83
56559.0,-8.306,0.723,-4.946,-8.179,2.278,-5.54,-0.14,10.36,7.14
,-8.256,0.706,-4.972,-8.021,2.438,-5.413,1.4,10.71,8.4
,-8.224,0.96,-5.008,-8.107,2.548,-5.296,1.61,10.64,7.21
,-8.244,1.618,-5.322,-8.028,2.283,-5.374,1.68,10.15,5.11
56635.0,-8.263,1.859,-5.123,-8.256,0.237,-5.552,-5.18,13.09,-4.06
,-8.416,1.773,-5.209,-8.086,-0.026,-5.688,-5.39,13.65,-5.53
,-8.141,1.364,-5.482,-7.999,-0.23,-5.81,-8.4,12.88,-6.02
,-8.33,0.548,-5.181,-7.554,-0.11,-5.934,-10.85,13.3,-4.76
56711.0,-7.607,-0.337,-5.927,-7.777,1.192,-6.205,-4.9,10.99,-1.33
,-7.751,-0.445,-6.272,-7.875,1.441,-5.975,-3.36,12.04,1.12
,-7.681,-0.134,-6.25,-8.11,1.079,-5.843,0.42,11.27,3.43
,-7.502,0.641,-6.368,-7.798,1.457,-5.772,3.99,9.38,3.64
56786.0,-7.966,1.479,-5.681,-8.373,0.689,-5.942,7.07,8.47,1.75
,-8.143,1.189,-5.757,-7.944,0.603,-5.882,7.56,8.61,1.47
,-8.227,1.077,-5.714,-7.796,0.881,-6.253,8.05,8.61,1.12
,-8.272,0.976,-5.793,-8.028,0.979,-6.497,8.82,9.1,1.54
56862.0,-8.014,1.575,-6.657,-7.614,1.826,-6.492,14.49,6.65,2.17
,-7.741,2.032,-6.875,-8.143,1.677,-6.198,14.14,6.37,0.91
,-7.777,1.838,-6.779,-8.019,1.594,-6.169,13.02,5.67,-0.49
,-7.655,1.886,-6.559,-8.078,1.05,-5.829,11.06,5.53,-2.17
56938.0,-8.332,0.675,-5.896,-7.176,0.704,-6.542,1.4,4.62,-4.34
,-8.196,0.328,-5.973,-7.358,1.034,-6.662,3.57,3.57,-3.92
,-7.937,0.122,-6.236,-8.062,1.225,-6.877,6.72,2.38,-2.94
,-7.837,0.153,-6.104,-8.251,1.235,-6.77,9.38,1.68,-1.89
57014.0,-8.066,1.271,-6.645,-7.571,0.158,-6.413,11.69,-1.05,-5.32
,-7.944,0.797,-6.291,-7.909,0.151,-6.327,7.21,-0.7,-4.48
,-7.655,0.56,-6.217,-8.055,0.361,-6.25,4.97,-0.56,-3.64
,-7.763,0.443,-6.351,-8.038,0.572,-6.272,5.04,-0.84,-2.31
57089.0,-7.918,0.273,-6.104,-8.004,-0.306,-5.65,7.84,-2.73,0.28
,-7.791,0.007,-5.781,-7.897,-0.263,-5.506,6.44,-2.8,1.05
,-7.509,-0.117,-5.741,-7.693,-0.103,-5.642,6.02,-2.66,1.61
,-7.988,-0.278,-5.441,-7.87,-0.029,-5.561,5.18,-2.31,2.1
57165.0,-7.899,0.062,-5.707,-7.995,1.149,-5.307,12.18,-1.4,6.51
,-8.028,0.27,-5.556,-8.399,1.242,-5.339,12.46,-1.47,6.86
,-7.605,0.148,-5.319,-8.547,1.079,-5.209,12.18,-0.77,7.77
,-7.483,0.792,-5.229,-8.177,0.773,-5.403,12.25,0.07,8.47
57241.0,-8.406,0.505,-5.382,-7.681,0.95,-6.092,8.68,1.89,7.91
,-8.122,0.656,-5.482,-8.131,1.342,-6.033,10.43,2.17,7.77
,-7.664,0.62,-5.702,-8.215,1.548,-6.138,11.55,2.38,7.28
,-7.459,0.869,-5.985,-8.062,1.448,-5.985,12.46,3.15,6.44
57317.0,-7.899,1.467,-5.989,-8.1,0.972,-6.205,6.58,4.76,1.19
,-8.09,1.455,-6.092,-8.114,0.852,-6.147,5.11,5.04,0.42
,-8.076,1.476,-6.255,-7.971,1.067,-6.248,4.2,5.18,-0.63
,-8.023,1.261,-6.296,-8.026,1.156,-6.293,2.87,5.11,-1.05
57392.0,-8.1,1.11,-6.248,-7.988,1.323,-6.253,2.31,4.06,-2.31
,-7.942,1.122,-6.26,-8.078,1.129,-6.308,1.19,3.85,-3.01
,-7.715,1.189,-6.167,-7.763,0.919,-6.217,0.35,3.99,-3.64
,-7.722,1.249,-6.219,-7.624,0.864,-6.344,-0.63,4.2,-4.27
57468.0,-7.767,0.818,-6.461,-7.827,0.615,-6.121,-6.23,2.17,-5.88
,-7.932,0.919,-6.351,-7.997,0.385,-6.016,-5.74,1.82,-5.95
,-7.98,1.01,-6.363,-8.035,0.371,-5.848,-6.09,1.4,-6.3
,-7.935,0.902,-6.346,-7.942,0.546,-5.863,-7.35,1.54,-6.09
57543.0,-7.94,0.682,-5.946,-7.638,0.223,-6.468,-8.47,1.89,-5.32
,-7.916,0.663,-5.999,-7.428,0.304,-6.784,-8.96,1.89,-5.39
,-7.93,0.452,-6.159,-7.674,-0.012,-6.43,-9.03,1.4,-5.25
,-7.964,0.268,-6.356,-7.736,-0.112,-6.238,-8.19,0.56,-4.69
57619.0,-7.731,-0.211,-6.32,-7.961,0.117,-6.32,-3.57,-2.45,-0.91
,-7.873,-0.447,-6.078,-7.952,0.38,-6.379,-2.1,-2.24,1.82
,-8.047,-0.323,-6.281,-7.775,0.591,-6.423,-0.42,-3.57,3.78
,-8.062,0.012,-6.449,-7.624,0.596,-6.301,1.4,-4.97,5.11
57695.0,-7.722,0.426,-6.138,-8.016,0.943,-6.207,2.31,-7.42,3.5
,-8.011,0.309,-5.958,-8.131,0.785,-5.635,2.87,-7.42,4.69
,-8.043,0.278,-5.939,-8.449,0.864,-5.662,4.48,-7.63,6.3
,-8.102,0.601,-6.078,-8.236,0.972,-5.382,7.77,-7.49,7.28
57771.0,-7.818,1.364,-5.556,-8.2,0.921,-5.587,17.29,-6.86,5.74
,-7.559,1.508,-5.109,-8.102,0.9,-5.619,17.01,-6.65,4.06
,-8.229,1.125,-5.403,-7.983,0.919,-5.597,15.12,-6.37,2.94
,-8.277,1.213,-5.686,-7.576,0.945,-5.841,14.07,-7.42,0.7
57847.0,-7.715,0.598,-5.604,-8.148,0.333,-5.348,15.05,-6.79,-1.68
,-7.952,0.383,-5.547,-8.052,0.859,-5.776,13.65,-6.58,-1.89
,-8.311,0.658,-5.836,-8.141,0.754,-5.537,15.12,-6.79,-2.59
,-8.428,1.314,-6.396,-8.325,0.467,-5.508,14.42,-6.44,-2.17
57922.0,-8.33,0.522,-5.714,-7.976,0.246,-5.731,14.42,-6.09,-2.24
,-8.062,0.483,-5.528,-8.239,0.605,-5.942,13.44,-7.28,-2.59
,-7.696,0.641,-5.781,-8.251,0.007,-5.628,12.53,-7.56,-2.87
,-7.968,0.196,-5.549,-8.217,0.359,-5.843,12.67,-7.56,-3.64
57998.0,-8.296,0.711,-6.049,-8.464,0.598,-5.702,12.32,-9.1,-4.27
,-8.035,0.72,-5.872,-8.832,0.371,-5.523,11.76,-9.45,-3.92
,-8.227,0.861,-5.657,-8.265,0.988,-5.686,10.15,-9.45,-3.57
,-8.179,0.653,-5.664,-7.861,1.204,-5.635,10.36,-9.03,-3.01
58074.0,-8.356,1.187,-5.767,-8.361,0.873,-5.674,4.69,-13.02,-7.14
,-8.354,0.972,-5.568,-8.454,0.634,-5.669,2.38,-13.58,-8.26
,-8.607,1.388,-6.353,-8.22,0.546,-5.303,2.45,-14.42,-10.85
,-8.112,0.658,-5.212,-8.442,0.646,-5.288,-0.42,-14.0,-9.73
58150.0,-8.43,-0.034,-5.145,-8.16,0.057,-5.437,-6.65,-12.25,-8.19
,-8.428,-0.191,-5.516,-8.44,0.038,-5.363,-5.74,-12.25,-7.35
,-8.361,-0.364,-5.3,-8.643,0.237,-5.173,-4.76,-13.02,-6.79
,-8.399,0.045,-5.528,-8.739,0.787,-5.501,-2.59,-13.51,-6.65
58225.0,-8.524,0.603,-5.477,-8.358,-0.625,-5.114,-5.04,-15.19,-4.76
,-8.311,0.086,-5.427,-8.547,-0.67,-4.826,-9.52,-16.31,-3.29
,-8.308,-0.34,-5.501,-8.782,-0.077,-5.138,-11.62,-16.38,-1.19
,-8.299,-0.833,-4.841,-8.717,0.158,-5.123,-11.83,-16.38,1.47
58301.0,-8.631,0.313,-4.951,-8.308,0.081,-4.231,-0.63,-19.25,2.94
,-8.552,0.361,-4.898,-8.76,0.493,-4.415,1.82,-18.9,2.31
,-8.634,0.543,-4.587,-9.009,0.45,-4.154,0.98,-18.55,2.24
,-8.198,1.082,-5.451,-8.959,0.397,-3.817,-0.42,-19.39,0.91
58376.0,-9.052,0.266,-3.329,-8.703,0.577,-4.068,-0.63,-17.36,1.19
,-9.012,-0.108,-3.175,-8.689,0.924,-4.434,-2.38,-15.61,0.14
,-8.801,0.062,-3.324,-8.691,1.098,-4.879,-1.75,-14.0,-1.54
,-8.624,0.139,-3.654,-8.811,0.524,-4.233,-2.24,-13.09,-2.24
58452.0,-8.926,-0.101,-3.865,-8.894,0.34,-4.468,-13.72,-12.46,-7.28
,-8.978,-0.653,-3.305,-8.588,0.445,-4.759,-15.05,-10.85,-6.16
,-9.016,-0.546,-3.848,-8.504,0.112,-4.458,-12.32,-9.87,-6.51
,-8.928,-0.05,-4.08,-8.626,-0.349,-4.403,-8.26,-9.66,-6.65
58528.0,-8.842,-0.763,-3.716,-9.069,-0.543,-3.269,0.0,-9.45,-3.57
,-8.935,-0.699,-3.453,-8.928,-0.486,-3.101,3.92,-8.61,-1.82
,-9.194,-0.593,-3.142,-8.942,-0.608,-3.142,5.74,-7.7,-1.33
,-9.198,-0.584,-3.168,-9.081,-0.749,-3.118,5.25,-6.72,-1.68
58604.0,-9.196,-0.849,-2.977,-9.021,0.163,-3.932,0.56,0.49,1.68
,-9.249,-0.921,-2.85,-8.739,0.412,-4.212,1.26,2.45,2.87
,-9.328,-0.608,-3.013,-8.684,0.598,-4.652,2.31,4.13,3.29
,-9.263,-0.194,-3.386,-8.655,0.763,-5.2,3.01,5.32,3.08
58679.0,-8.6,0.677,-5.166,-9.107,0.491,-4.582,1.54,4.83,2.31
,-8.681,0.385,-4.671,-9.062,0.749,-4.829,0.63,4.34,2.66
,-8.902,0.211,-4.436,-8.921,0.689,-4.917,0.63,4.27,2.59
,-9.107,0.151,-4.176,-8.758,0.644,-5.023,1.12,4.13,2.38
58755.0,-8.863,0.275,-4.819,-9.196,0.218,-3.824,-2.17,0.49,0.35
,-8.923,0.246,-4.704,-9.155,0.479,-4.166,-0.49,0.07,1.19
,-9.057,0.251,-4.288,-8.93,0.625,-4.635,0.07,-0.49,1.96
,-9.079,0.215,-3.979,-8.705,0.646,-4.86,-0.14,-0.56,2.17
58830.0,-8.536,0.5,-4.867,-9.213,-0.481,-3.094,-2.52,-1.61,-0.21
,-8.662,0.007,-4.362,-9.277,-0.428,-2.881,-2.03,-0.84,0.77
,-8.868,-0.115,-3.69,-9.244,-0.345,-3.302,-1.33,-0.77,1.82
,-9.036,-0.323,-3.448,-9.17,-0.103,-3.877,-0.98,0.07,1.96
58906.0,-9.007,-0.079,-4.075,-8.906,0.45,-3.812,1.61,4.06,1.75
,-8.854,-0.024,-4.216,-9.122,0.507,-3.728,2.8,4.69,2.66
,-8.839,0.101,-4.209,-9.091,0.421,-3.872,4.2,5.11,3.71
,-8.851,0.218,-3.965,-8.94,0.292,-4.111,4.62,5.53,4.55
58982.0,-8.899,0.213,-4.346,-8.842,0.572,-4.664,1.26,6.58,1.96
,-8.804,0.347,-4.563,-8.839,0.572,-4.518,2.45,6.51,1.96
,-8.832,0.457,-4.731,-8.921,0.596,-4.489,3.22,6.3,2.03
,-8.815,0.531,-4.731,-8.942,0.596,-4.511,3.15,5.74,2.03
59058.0,-8.957,0.531,-4.503,-8.794,0.352,-4.475,-0.42,4.06,0.07
,-8.926,0.407,-4.532,-8.882,0.38,-4.362,-0.7,3.64,0.0
,-8.911,0.414,-4.657,-8.902,0.357,-4.312,-0.49,3.43,0.07
,-8.775,0.416,-4.585,-8.885,0.369,-4.295,-0.14,3.15,0.14
59134.0,-8.861,0.199,-4.247,-8.952,0.208,-4.396,1.05,2.87,0.07
,-8.859,0.23,-4.305,-8.911,0.273,-4.3,1.68,3.01,0.21
,-8.832,0.203,-4.279,-8.93,0.321,-4.348,2.45,2.94,0.28
,-8.83,0.251,-4.338,-8.911,0.419,-4.451,3.01,3.36,0.35
59209.0,-8.871,0.414,-4.417,-8.78,0.366,-4.53,3.64,3.15,0.49
,-8.811,0.407,-4.391,-8.83,0.426,-4.556,3.29,3.29,0.42
,-8.871,0.407,-4.458,-8.794,0.383,-4.535,2.94,3.15,0.07
,-8.815,0.388,-4.551,-8.827,0.316,-4.494,2.66,2.87,-0.21
59285.0,-8.892,0.309,-4.434,-8.818,0.17,-4.391,1.4,2.45,-0.56
,-8.909,0.268,-4.436,-8.849,0.153,-4.355,1.05,2.45,-0.84
,-8.839,0.261,-4.417,-8.842,0.211,-4.3,0.84,2.31,-0.91
,-8.887,0.151,-4.343,-8.868,0.261,-4.298,0.77,2.17,-0.84
59361.0,-8.923,0.237,-4.255,-8.906,0.275,-4.398,2.73,2.38,0.07
,-8.885,0.196,-4.247,-8.89,0.215,-4.441,2.73,2.66,0.07
,-8.887,0.218,-4.276,-8.909,0.239,-4.506,2.87,2.59,-0.07
,-8.916,0.144,-4.298,-8.882,0.297,-4.503,2.87,2.59,-0.14
59437.0,-8.842,0.244,-4.496,-8.813,0.347,-4.558,3.78,2.17,-0.35
,-8.799,0.127,-4.491,-8.765,0.335,-4.573,4.06,2.31,-0.28
,-8.777,0.139,-4.487,-8.806,0.397,-4.48,4.9,2.1,-0.14
,-8.818,0.179,-4.539,-8.763,0.244,-4.458,5.88,1.96,-0.07
59512.0,-8.815,0.208,-4.391,-8.928,0.215,-4.305,5.46,1.19,-0.56
,-8.861,0.141,-4.422,-8.945,0.239,-4.398,5.53,1.26,-0.63
,-8.871,0.122,-4.281,-8.861,0.182,-4.391,5.46,1.26,-0.56
,-8.882,0.225,-4.231,-8.801,0.105,-4.482,5.39,1.33,-0.63
59588.0,-8.789,0.225,-4.58,-8.918,0.364,-4.48,4.62,1.68,-1.05
,-8.77,0.254,-4.594,-8.94,0.364,-4.408,5.04,1.54,-1.12
,-8.775,0.359,-4.549,-8.832,0.254,-4.176,4.9,1.33,-1.61
,-8.866,0.404,-4.506,-8.78,0.132,-4.003,4.83,1.33,-2.31
59663.0,-8.835,-0.373,-3.953,-8.794,-0.345,-4.173,0.63,1.82,-5.53
,-8.878,-0.672,-4.097,-8.772,-0.151,-4.188,1.89,2.45,-4.83
,-8.849,-0.538,-4.434,-8.914,0.124,-4.267,5.32,2.8,-3.5
,-8.789,-0.517,-4.281,-9.038,0.316,-4.293,8.33,2.87,-1.82
59739.0,-8.971,0.514,-4.178,-8.882,-0.108,-3.955,9.52,2.94,-1.75
,-8.882,0.553,-4.027,-8.849,-0.235,-3.967,6.44,2.8,-2.59
,-8.959,0.282,-4.137,-8.842,-0.505,-3.656,3.92,3.64,-3.01
,-8.904,0.05,-3.982,-8.861,-0.648,-3.518,1.96,4.27,-2.73
59815.0,-8.938,-0.742,-3.441,-8.366,-0.074,-4.664,2.1,9.45,2.52
,-9.095,-0.464,-3.678,-8.368,-0.407,-4.377,3.29,10.64,3.22
,-8.971,-0.148,-4.58,-8.746,-0.589,-4.03,4.9,10.57,1.89
,-8.579,-0.017,-4.654,-9.019,-0.507,-3.948,4.83,9.8,2.24
59891.0,-8.966,-0.132,-4.271,-8.77,0.431,-4.628,6.23,12.32,8.68
,-8.768,-0.199,-4.257,-8.72,0.893,-5.556,3.85,12.6,9.03
,-8.545,-0.366,-3.951,-8.406,1.046,-5.714,1.47,13.02,10.64
,-8.725,0.036,-4.441,-8.404,0.94,-5.573,2.66,13.79,11.62
59966.0,-8.368,0.826,-5.351,-8.904,0.802,-4.48,2.73,10.71,7.42
,-8.526,0.524,-4.812,-9.016,0.519,-4.307,2.38,11.27,7.28
,-8.949,0.548,-4.666,-8.818,0.246,-4.511,2.03,11.41,6.23
,-8.885,0.799,-4.614,-8.576,0.103,-4.484,0.98,10.64,4.97
60042.0,-8.509,-0.053,-4.621,-8.43,-0.232,-4.975,-8.12,11.97,7.21
,-8.531,-0.38,-4.563,-8.33,-0.072,-4.927,-7.63,12.6,8.05
,-8.502,-0.407,-5.106,-8.349,0.187,-4.901,-5.04,12.81,8.68
,-8.445,-0.517,-5.047,-8.361,0.44,-5.066,-3.5,12.67,9.73
60118.0,-8.646,0.39,-5.104,-8.579,0.751,-4.654,0.07,11.48,10.78
,-8.856,0.524,-4.891,-8.39,0.739,-4.822,-1.33,11.55,10.57
,-8.77,0.558,-4.812,-8.39,0.416,-4.685,-3.29,12.11,10.92
,-8.612,0.469,-4.635,-8.502,0.694,-4.709,-5.18,12.6,11.06
60194.0,-8.337,1.11,-4.939,-8.564,0.852,-5.537,-8.12,12.46,12.53
,-8.351,1.149,-5.358,-8.413,0.474,-5.461,-6.93,11.2,11.41
,-8.282,1.12,-5.631,-8.514,0.354,-5.257,-5.32,10.43,9.38
,-8.411,1.192,-5.87,-8.48,0.553,-5.236,-4.9,10.43,8.26
60270.0,-8.361,0.747,-5.264,-8.358,1.661,-5.504,-7.14,13.93,11.2
,-8.378,0.68,-5.243,-8.366,1.761,-5.48,-8.96,13.86,11.69
,-8.452,0.747,-5.047,-8.339,1.637,-5.43,-9.59,13.65,12.32
,-8.258,1.237,-5.372,-8.418,1.302,-5.284,-9.1,12.74,11.76
60345.0,-8.454,1.199,-5.183,-8.275,1.005,-5.36,-5.32,10.99,4.83
,-8.167,1.275,-5.257,-8.416,1.342,-5.779,-4.34,10.99,3.57
,-7.978,1.326,-5.312,-8.406,1.429,-5.65,-4.48,11.34,3.22
,-8.15,1.141,-5.281,-8.191,1.565,-5.468,-4.62,12.11,3.43
60421.0,-7.803,1.716,-5.683,-8.344,0.706,-5.59,-4.27,10.15,-0.07
,-7.851,1.297,-5.719,-8.373,0.596,-5.453,-6.72,10.29,-0.28
,-8.038,0.881,-5.662,-8.325,0.577,-5.267,-7.77,10.22,-0.14
,-8.38,0.744,-5.65,-8.291,0.905,-5.698,-7.21,10.64,0.98
60496.0,-8.1,1.098,-5.566,-7.684,0.881,-5.867,-0.35,9.66,2.24
,-7.985,1.283,-5.719,-8.023,0.62,-5.841,-0.14,9.31,1.12
,-7.947,1.448,-5.81,-8.327,0.675,-6.088,-2.03,8.33,-0.7
,-7.877,1.295,-5.815,-8.263,0.687,-5.987,-3.99,7.91,-1.05
60572.0,-7.983,0.637,-5.889,-7.961,0.632,-5.382,-4.2,7.0,1.19
,-7.863,0.584,-5.793,-8.179,0.873,-5.111,-4.48,6.51,2.1
,-7.803,0.244,-5.748,-8.086,1.019,-5.348,-6.79,6.23,2.66
,-8.107,0.251,-5.372,-8.119,0.696,-5.221,-6.65,6.37,4.27
60648.0,-8.358,0.725,-5.336,-7.923,0.419,-5.219,-2.24,6.72,5.6
,-8.382,0.543,-5.255,-7.72,0.833,-5.013,-1.82,6.93,6.93
,-8.011,0.562,-5.394,-7.815,0.861,-5.336,-0.21,6.3,7.07
,-7.971,0.378,-5.197,-7.928,0.849,-5.276,2.31,7.42,8.26
60724.0,-8.224,0.995,-5.286,-8.014,2.338,-5.212,7.49,9.38,9.73
,-8.37,1.335,-5.197,-7.676,2.345,-5.224,9.94,9.87,9.03
,-8.093,1.886,-5.324,-7.861,2.307,-5.257,11.41,10.36,7.84
,-7.923,2.355,-5.458,-8.263,1.883,-5.329,10.85,9.8,6.72
60799.0,-8.038,1.699,-5.178,-7.964,1.414,-5.944,5.81,13.72,0.0
,-7.983,1.603,-5.523,-7.545,2.0,-6.066,6.86,13.51,-0.77
,-8.114,1.644,-5.92,-7.55,2.082,-6.403,7.07,14.07,-1.05
,-8.055,1.342,-5.887,-7.782,1.754,-6.37,6.65,14.0,-1.19
60875.0,-7.966,1.397,-6.547,-7.442,0.22,-6.43,5.11,12.74,-6.23
,-8.32,1.173,-6.698,-7.231,0.134,-6.628,5.11,12.04,-5.53
,-7.913,0.782,-6.798,-7.755,0.17,-6.564,5.04,11.2,-3.99
,-7.956,0.534,-6.736,-7.832,0.615,-6.813,5.46,10.01,-2.87
60950.0,-7.775,1.053,-7.064,-7.535,1.582,-6.973,13.3,3.08,-0.7
,-7.82,0.952,-6.865,-7.688,1.919,-6.832,12.6,1.89,-0.56
,-7.485,1.338,-6.844,-7.487,1.594,-6.389,10.78,0.91,-0.21
,-7.578,1.711,-7.038,-7.48,1.103,-6.279,9.87,-0.14,-0.21
61026.0,-7.698,0.885,-6.128,-8.521,0.357,-5.669,-1.47,-0.7,-2.8
,-8.284,0.61,-6.083,-8.411,0.529,-5.877,-0.28,0.0,-1.61
,-8.351,0.323,-5.717,-7.827,0.79,-6.033,1.68,0.28,-1.05
,-8.251,0.254,-5.547,-7.251,0.995,-6.131,3.99,-0.42,-0.84
61102.0,-7.222,0.876,-6.171,-8.083,0.66,-5.76,14.21,-1.33,3.92
,-7.289,1.117,-6.006,-7.942,0.572,-5.628,13.23,-0.49,4.41
,-7.988,1.393,-6.071,-7.751,0.065,-5.666,12.18,0.14,4.97
,-8.301,1.268,-5.805,-7.947,-0.022,-5.609,10.22,0.56,4.83
61178.0,-7.921,0.421,-5.621,-8.052,1.737,-5.832,10.5,-0.35,6.09
,-7.741,0.763,-5.745,-8.078,1.914,-5.865,13.23,-0.07,6.51
,-7.763,1.067,-5.757,-8.057,1.823,-5.863,14.28,0.35,6.09
,-7.928,1.539,-5.793,-8.074,1.594,-5.654,14.84,1.05,5.6
61254.0,-8.133,1.28,-5.841,-7.289,0.897,-6.183,6.37,4.13,3.22
,-7.961,0.969,-5.994,-7.571,0.689,-6.291,7.14,3.85,3.5
,-7.992,1.019,-6.037,-7.877,0.641,-6.616,8.82,3.57,3.36
,-7.509,0.998,-6.138,-8.026,0.459,-6.655,9.38,3.64,3.57
61329.0,-8.124,0.684,-6.659,-7.624,0.823,-6.286,8.75,1.4,3.08
,-7.873,0.84,-6.712,-8.007,0.598,-6.181,8.75,0.21,3.08
,-7.499,1.165,-6.513,-8.143,0.644,-6.066,7.42,-0.49,2.73
,-7.32,0.988,-6.241,-7.916,0.993,-6.025,5.53,0.07,2.73
61405.0,-7.676,1.278,-6.028,-7.99,1.773,-5.982,7.84,-1.54,1.68
,-7.696,1.508,-6.1,-8.093,1.747,-6.018,7.63,-0.98,1.4
,-7.832,1.462,-6.066,-7.813,1.572,-5.86,6.72,-0.49,0.98
,-7.882,1.519,-5.932,-7.664,1.359,-5.937,6.37,0.14,0.56
61481.0,-7.863,1.139,-6.04,-7.717,0.546,-6.217,2.17,0.49,-2.66
,-8.145,0.83,-6.085,-7.53,0.574,-6.212,2.87,1.05,-3.01
,-8.074,0.704,-6.121,-7.444,0.579,-6.159,3.57,0.84,-3.43
,-7.827,0.555,-6.14,-7.717,0.617,-6.269,3.71,0.7,-3.36
61557.0,-7.995,0.402,-6.198,-7.693,0.842,-5.767,2.38,1.47,-2.45
,-8.105,0.309,-6.021,-7.566,1.307,-5.662,2.1,1.54,-1.89
,-8.04,0.452,-5.999,-7.7,1.634,-5.351,1.96,1.33,-1.19
,-7.846,0.416,-5.829,-8.143,1.878,-5.269,1.61,1.26,-0.7
61632.0,-8.38,2.032,-5.319,-7.715,1.496,-5.731,-1.61,5.11,-5.81
,-8.37,2.048,-5.331,-7.607,1.285,-5.769,-3.29,5.04,-6.72
,-8.112,2.101,-5.559,-7.755,0.926,-6.061,-4.9,5.18,-7.35
,-7.932,1.732,-5.554,-7.909,0.464,-6.336,-6.44,5.39,-7.7
61708.0,-7.944,0.153,-6.59,-7.602,0.179,-6.889,-9.03,4.9,-5.88
,-7.868,0.072,-6.59,-7.877,0.055,-6.894,-9.24,4.27,-4.55
,-7.743,0.069,-6.88,-7.842,-0.199,-6.717,-9.66,3.71,-3.71
,-7.516,0.141,-7.023,-7.696,0.101,-6.64,-9.66,3.15,-3.22
61783.0,-7.485,0.251,-6.564,-7.66,-0.127,-6.243,-10.08,-2.52,2.73
,-7.664,0.215,-6.516,-7.763,0.06,-6.219,-8.47,-2.73,3.22
,-7.593,0.242,-6.569,-7.995,0.306,-6.176,-7.07,-3.71,3.5
,-7.667,-0.05,-6.217,-7.932,0.517,-6.25,-5.04,-3.99,5.04
61859.0,-7.887,0.802,-6.174,-8.2,1.144,-5.901,9.38,-4.48,11.55
,-8.038,1.122,-5.997,-7.976,1.271,-5.642,8.54,-5.04,11.83
,-7.822,1.213,-5.841,-7.662,1.589,-5.776,9.38,-5.6,11.62
,-8.045,1.17,-6.011,-7.363,1.584,-5.59,8.47,-4.97,11.48
61935.0,-7.648,1.476,-5.575,-8.131,1.366,-5.963,8.89,-4.13,7.35
,-7.834,1.424,-5.492,-8.296,1.053,-5.389,9.52,-4.13,5.39
,-8.236,1.326,-5.439,-7.7,0.888,-5.717,10.43,-3.71,3.78
,-8.425,1.352,-5.585,-7.341,0.995,-5.848,10.78,-2.87,3.36
62011.0,-7.645,0.718,-5.54,-7.944,1.182,-5.523,11.27,-2.73,3.36
,-7.904,1.106,-6.107,-8.122,1.462,-5.578,13.58,-3.01,1.96
,-8.165,0.979,-5.693,-8.186,1.295,-5.884,13.93,-3.22,0.56
,-7.889,1.285,-5.762,-8.241,1.141,-5.968,14.84,-3.78,-0.49
62086.0,-8.222,1.228,-5.997,-7.483,1.651,-6.236,9.73,-2.45,-1.19
,-7.918,1.598,-6.439,-7.877,1.397,-6.346,13.37,-2.73,-1.82
,-7.877,1.18,-6.021,-8.081,1.039,-6.004,12.32,-2.94,-3.01
,-7.688,1.378,-6.011,-8.16,0.687,-5.822,9.45,-5.04,-5.32
62162.0,-7.93,1.182,-6.54,-8.189,0.553,-6.004,1.19,-6.58,-5.74
,-7.633,0.409,-6.071,-8.143,0.73,-6.157,1.12,-6.09,-4.41
,-7.944,0.285,-5.992,-7.956,0.704,-6.071,4.27,-5.46,-4.27
,-8.155,0.275,-5.968,-7.873,1.177,-6.511,7.84,-5.81,-3.85
62238.0,-7.973,0.943,-6.145,-8.177,1.268,-6.107,4.27,-10.85,-2.31
,-7.88,0.998,-6.176,-8.205,1.299,-6.875,2.8,-11.76,-2.45
,-8.035,1.055,-6.126,-8.031,0.849,-5.865,1.82,-12.74,-2.66
,-8.093,1.153,-6.131,-8.112,0.665,-5.879,0.91,-13.37,-3.08
62314.0,-8.177,0.675,-5.875,-8.433,1.433,-5.702,-0.84,-15.33,-5.81
,-8.217,1.024,-5.894,-8.2,1.137,-5.64,-0.28,-16.24,-5.53
,-8.09,1.328,-6.033,-8.27,0.718,-5.564,-1.12,-17.5,-7.0
,-8.215,1.295,-5.875,-8.397,0.651,-5.489,-3.57,-18.06,-7.14
62390.0,-8.181,0.459,-5.226,-8.5,0.105,-4.822,-15.33,-20.44,-7.35
,-8.236,0.172,-4.889,-8.746,0.512,-5.106,-15.68,-19.74,-6.51
,-8.251,0.079,-4.901,-8.48,0.83,-5.583,-15.12,-19.39,-5.11
,-8.449,0.091,-4.731,-8.174,0.916,-5.037,-15.19,-19.6,-4.97
62465.0,-8.035,0.704,-4.719,-8.641,0.555,-4.446,-12.18,-21.98,-2.87
,-7.959,0.548,-4.678,-8.643,0.761,-4.597,-10.5,-20.86,-3.85
,-8.22,0.227,-4.599,-8.787,1.041,-4.288,-7.84,-19.53,-3.64
,-8.418,0.292,-4.592,-8.603,1.218,-4.403,-3.92,-19.04,-3.78
62541.0,-8.693,1.062,-4.707,-8.543,0.562,-4.915,0.98,-16.87,-3.57
,-8.679,0.811,-4.19,-8.55,0.718,-4.587,-2.52,-17.08,-2.87
,-8.528,0.335,-3.9,-8.476,0.766,-4.252,-3.15,-16.87,-3.08
,-8.782,0.335,-4.506,-8.536,0.933,-4.346,-0.56,-15.26,-3.5
62616.0,-8.746,1.065,-3.814,-8.629,0.943,-4.937,0.7,-14.7,-5.25
,-8.818,1.515,-4.365,-9.117,0.206,-3.812,-0.91,-13.79,-7.77
,-8.835,1.548,-4.621,-9.16,0.519,-4.886,-3.64,-14.07,-10.01
,-8.624,1.244,-4.47,-8.983,0.964,-5.071,-7.56,-14.7,-9.73
62692.0,-8.5,0.778,-4.405,-9.531,-0.778,-3.135,-7.0,-15.4,-9.66
,-8.256,0.146,-3.798,-9.39,-0.201,-3.518,-9.59,-14.77,-8.75
,-8.741,-0.641,-3.125,-8.971,0.108,-3.623,-10.29,-12.32,-6.86
,-9.155,-1.12,-2.675,-8.758,-0.127,-3.589,-9.03,-9.94,-5.04
62768.0,-8.71,-0.467,-3.508,-9.519,0.246,-3.168,-4.83,-6.72,-3.22
,-8.827,-0.61,-3.223,-9.299,0.617,-3.338,-2.45,-5.04,-1.47
,-9.045,-0.548,-3.037,-8.966,0.713,-3.63,0.14,-3.29,0.28
,-9.316,-0.098,-2.974,-8.703,0.503,-3.747,2.03,-1.89,1.68
62844.0,-8.732,0.112,-3.597,-9.373,1.261,-4.614,-0.77,2.8,2.45
,-8.904,-0.081,-3.273,-8.882,1.484,-5.109,0.14,4.34,3.71
,-9.227,-0.136,-3.144,-8.442,1.508,-5.815,1.47,5.74,4.62
,-9.469,0.431,-3.573,-8.423,0.948,-5.386,3.22,6.16,4.34
62919.0,-8.543,0.763,-5.152,-9.107,0.488,-3.247,2.59,2.17,1.96
,-8.871,0.744,-4.666,-9.16,0.486,-3.374,5.11,1.4,2.94
,-8.976,0.687,-4.032,-9.124,0.491,-3.611,6.51,0.91,3.22
,-9.079,0.615,-3.491,-8.909,0.459,-3.702,6.44,0.98,3.22
62995.0,-8.947,0.491,-3.917,-8.942,0.605,-3.704,2.87,5.11,1.82
,-8.89,0.45,-3.96,-9.083,0.792,-3.819,3.29,5.81,2.03
,-8.868,0.447,-3.896,-9.067,0.895,-3.987,3.43,6.37,2.66
,-8.906,0.526,-3.719,-8.993,0.771,-4.137,3.71,7.0,3.15
63071.0,-8.88,0.814,-4.587,-8.851,0.713,-4.673,-0.91,8.26,1.33
,-8.804,0.742,-4.903,-8.914,0.787,-4.499,-0.35,7.77,1.4
,-8.638,0.598,-4.862,-8.966,0.766,-4.396,0.98,7.07,1.96
,-8.667,0.593,-4.812,-8.916,0.653,-4.415,3.08,6.51,2.59
63147.0,-8.777,0.553,-4.458,-8.782,0.61,-4.58,5.74,4.97,2.45
,-8.763,0.505,-4.53,-8.77,0.66,-4.597,6.65,4.97,2.59
,-8.801,0.615,-4.573,-8.856,0.787,-4.58,7.63,4.76,2.8
,-8.751,0.634,-4.561,-8.82,0.792,-4.578,8.05,4.48,2.94
63222.0,-8.768,0.814,-4.666,-8.88,0.828,-4.446,3.57,3.71,0.98
,-8.792,0.756,-4.489,-8.837,0.869,-4.484,2.87,3.71,0.84
,-8.796,0.775,-4.544,-8.825,0.771,-4.501,2.73,3.57,0.84
,-8.854,0.775,-4.547,-8.748,0.706,-4.396,2.94,3.15,0.77
63298.0,-8.839,0.658,-4.41,-8.758,0.601,-4.568,2.52,2.87,0.56
,-8.871,0.711,-4.52,-8.811,0.577,-4.508,2.94,2.73,0.35
,-8.806,0.62,-4.508,-8.815,0.601,-4.47,2.94,2.31,0.21
,-8.708,0.598,-4.494,-8.792,0.584,-4.451,2.94,2.17,0.28
63373.0,-8.83,0.615,-4.374,-8.815,0.66,-4.491,3.36,2.1,0.35
,-8.825,0.622,-4.393,-8.842,0.653,-4.544,3.15,2.1,0.14
,-8.811,0.62,-4.46,-8.837,0.682,-4.587,2.8,2.1,0.0
,-8.78,0.613,-4.456,-8.88,0.656,-4.791,2.66,1.96,-0.07
63449.0,-8.78,0.715,-4.721,-8.806,0.881,-4.606,3.22,0.7,-0.14
,-8.643,0.672,-4.647,-8.818,0.804,-4.46,3.64,0.35,-0.07
,-8.782,0.742,-4.774,-8.851,0.799,-4.501,4.27,0.28,0.0
,-8.782,0.943,-4.673,-8.873,0.761,-4.582,4.41,0.0,-0.07
63525.0,-8.818,0.706,-4.52,-8.854,0.471,-4.317,2.66,-0.84,-0.98
,-8.758,0.651,-4.592,-8.847,0.534,-4.197,2.38,-1.05,-1.19
,-8.746,0.517,-4.501,-8.859,0.613,-4.19,2.45,-1.19,-0.98
,-8.792,0.51,-4.465,-8.964,0.589,-4.173,3.15,-1.26,-0.7
63601.0,-8.923,0.567,-4.128,-8.849,0.625,-4.274,1.61,-0.28,-1.19
,-8.964,0.529,-4.152,-8.856,0.653,-4.393,1.4,-0.14,-1.26
,-8.923,0.61,-4.324,-8.875,0.646,-4.566,1.68,-0.14,-1.26
,-8.88,0.601,-4.288,-8.83,0.617,-4.537,1.82,0.0,-1.33
63677.0,-8.789,0.692,-4.657,-8.849,0.567,-4.484,3.01,-0.35,-1.26
,-8.796,0.646,-4.599,-8.904,0.577,-4.24,3.36,-0.49,-1.33
,-8.784,0.694,-4.525,-8.921,0.505,-4.202,3.22,-0.84,-1.47
,-8.799,0.737,-4.503,-8.873,0.438,-4.209,3.15,-1.12,-1.82
63752.0,-8.832,0.479,-4.195,-8.952,0.479,-4.137,3.15,-1.19,-1.4
,-8.873,0.392,-4.192,-8.93,0.603,-4.116,3.15,-0.98,-1.19
,-8.875,0.364,-4.073,-8.916,0.646,-4.281,3.22,-0.7,-0.91
,-8.933,0.309,-4.085,-8.878,0.706,-4.439,3.36,-0.35,-0.84
63828.0,-8.796,0.692,-4.554,-8.976,0.835,-4.429,3.01,-0.21,-2.03
,-8.782,0.718,-4.614,-8.906,0.72,-4.362,3.29,-0.49,-2.03
,-8.825,0.761,-4.527,-8.751,0.546,-4.396,3.78,-0.7,-1.96
,-8.887,0.804,-4.324,-8.648,0.194,-4.341,3.99,-0.77,-2.03
63904.0,-8.737,-0.096,-4.245,-9.083,-0.103,-3.838,0.84,-0.63,-2.87
,-8.758,-0.263,-4.113,-9.081,-0.232,-3.848,2.59,-0.28,-1.82
,-8.909,-0.122,-3.929,-9.117,-0.22,-3.917,4.55,-0.07,-0.98
,-9.067,-0.029,-3.939,-9.067,0.031,-4.338,6.16,0.21,-0.42
63980.0,-8.899,0.089,-4.36,-9.024,-0.244,-3.302,9.66,1.82,3.92
,-8.753,0.043,-4.348,-9.04,0.144,-3.348,10.01,1.61,4.41
,-8.739,-0.22,-4.02,-9.095,0.211,-3.228,9.94,1.75,4.69
,-8.875,-0.275,-3.8,-9.241,0.416,-3.496,9.94,2.38,4.76
64055.0,-9.105,0.44,-3.656,-8.77,1.618,-4.915,5.95,6.86,5.25
,-8.909,0.369,-3.838,-8.681,1.893,-4.858,4.83,7.98,6.37
,-8.691,0.565,-3.888,-8.392,1.646,-4.745,5.04,8.33,7.0
,-8.634,1.153,-4.468,-8.406,0.833,-4.094,6.93,8.61,6.23
64131.0,-8.681,0.072,-3.896,-9.225,0.127,-3.721,-2.8,7.56,1.19
,-8.961,-0.672,-3.518,-8.94,0.811,-4.453,-2.59,8.96,2.87
,-9.179,-0.897,-3.393,-8.67,1.089,-4.898,0.35,10.71,4.97
,-9.174,-0.57,-3.582,-8.392,1.259,-5.367,5.81,11.76,6.65
64206.0,-8.318,1.132,-5.154,-8.976,0.522,-4.3,10.57,9.17,4.48
,-8.409,1.031,-4.977,-9.208,0.519,-3.924,9.24,8.89,3.85
,-8.643,0.756,-4.858,-9.246,0.601,-4.147,7.49,8.96,2.94
,-8.899,0.622,-4.494,-9.155,0.165,-4.348,6.72,9.59,2.38
64282.0,-8.952,-0.601,-3.996,-8.289,-0.493,-4.714,-7.49,10.36,4.34
,-8.825,-0.909,-4.08,-8.27,-0.232,-4.642,-6.44,11.27,7.77
,-8.634,-0.995,-4.439,-8.437,0.124,-4.74,-2.59,12.18,10.71
,-8.435,-0.873,-4.666,-8.581,0.744,-4.788,2.24,12.6,13.44
64358.0,-8.437,1.488,-4.965,-8.744,1.843,-4.527,14.56,11.9,17.64
,-8.655,1.778,-5.004,-8.744,1.974,-4.602,13.09,12.04,15.33
,-8.76,1.756,-4.968,-8.684,2.005,-4.946,9.1,12.39,13.09
,-8.734,1.85,-4.738,-8.681,1.723,-5.032,4.48,12.67,11.76
64434.0,-8.638,1.601,-4.922,-8.65,2.075,-5.183,-9.94,11.41,6.09
,-8.595,1.799,-5.037,-8.44,1.644,-5.162,-9.31,12.53,5.6
,-8.725,1.797,-4.86,-8.277,1.376,-5.035,-8.89,13.65,4.41
,-8.875,2.024,-5.025,-8.358,1.381,-5.152,-9.94,13.23,2.59
64509.0,-8.334,1.29,-5.219,-8.689,-0.419,-5.068,-17.01,11.62,-1.96
,-8.402,0.955,-5.162,-8.665,-0.318,-4.982,-16.66,11.83,-1.89
,-8.469,0.373,-4.903,-8.504,0.129,-5.15,-16.03,12.25,-1.61
,-8.653,-0.115,-4.929,-8.277,0.5,-5.212,-14.28,12.25,-0.42
64585.0,-8.267,0.68,-5.3,-8.241,1.417,-4.858,2.52,11.13,6.79
,-8.423,0.936,-5.142,-8.368,1.381,-4.922,2.1,10.71,6.02
,-8.277,1.381,-5.011,-8.459,1.34,-5.09,2.38,9.8,5.32
,-8.272,1.536,-4.937,-8.423,1.254,-5.13,-0.07,9.52,5.18
64661.0,-8.406,0.771,-5.037,-8.15,0.404,-5.286,0.14,10.85,6.93
,-8.33,0.364,-5.425,-8.208,0.871,-5.365,0.07,10.22,7.77
,-8.258,0.218,-5.597,-8.241,1.11,-4.982,3.92,10.43,10.57
,-8.136,-0.014,-5.525,-8.181,1.412,-4.903,6.93,10.43,13.23
64737.0,-8.504,1.639,-5.078,-8.153,1.831,-4.748,8.26,13.3,12.88
,-8.337,2.058,-5.142,-8.203,1.448,-4.511,4.48,12.46,11.55
,-8.26,1.668,-4.712,-8.591,0.912,-4.544,1.26,12.6,10.78
,-8.102,1.776,-4.7,-8.22,0.574,-4.494,-0.84,13.3,8.96
64813.0,-8.339,0.579,-4.647,-8.055,0.699,-5.559,-4.69,17.78,7.14
,-7.966,0.428,-4.989,-7.865,1.129,-5.616,-2.38,18.41,7.7
,-8.059,0.433,-5.233,-7.633,1.804,-5.69,-0.56,19.46,7.7
,-8.102,0.431,-5.303,-7.552,2.065,-5.386,1.89,20.16,8.47
64888.0,-7.373,2.13,-5.473,-8.624,0.991,-5.36,2.03,20.3,6.37
,-7.794,1.943,-5.217,-7.66,1.05,-5.767,-0.21,20.51,4.69
,-8.224,1.555,-5.415,-7.377,0.933,-5.671,-1.19,20.86,3.43
,-8.416,1.35,-5.449,-7.547,0.864,-5.946,0.77,20.79,2.45
64964.0,-7.834,0.838,-5.822,-7.674,2.726,-6.492,7.98,21.49,5.32
,-8.026,1.409,-6.207,-7.31,2.836,-6.913,9.73,20.86,4.9
,-8.026,1.953,-6.293,-7.674,2.936,-6.652,11.83,19.25,3.71
,-7.705,2.469,-6.399,-7.995,2.312,-6.513,10.85,17.71,1.61
65039.0,-8.102,1.67,-6.387,-7.102,0.443,-6.655,2.03,15.82,-3.15
,-8.334,0.775,-6.312,-7.327,0.708,-6.808,1.33,14.56,-3.01
,-8.215,0.416,-6.238,-7.466,0.964,-7.14,3.15,13.79,-1.89
,-7.571,0.397,-6.301,-7.612,0.976,-7.301,8.68,12.95,-0.98
65115.0,-7.621,0.806,-6.908,-7.808,1.309,-7.033,17.99,8.89,2.1
,-7.42,0.919,-6.779,-7.712,1.682,-7.107,16.66,8.05,2.38
,-7.413,1.106,-6.829,-7.736,1.828,-7.002,15.96,8.05,2.73
,-7.444,1.216,-6.992,-7.54,2.029,-6.856,15.47,7.63,3.5
65191.0,-7.131,2.295,-6.93,-7.966,0.416,-6.231,8.68,3.71,2.8
,-7.574,1.965,-6.837,-8.133,0.421,-6.312,6.09,3.92,2.1
,-7.444,1.586,-6.686,-7.736,0.476,-6.088,2.87,3.78,1.96
,-7.803,0.873,-6.516,-8.143,0.799,-5.702,0.21,3.01,2.52
65267.0,-7.105,1.173,-5.776,-8.15,1.546,-6.025,9.45,2.66,5.67
,-7.085,1.297,-6.126,-7.667,1.563,-6.145,9.03,2.94,5.6
,-7.693,1.357,-6.097,-7.753,1.563,-6.073,8.54,2.73,4.55
,-7.935,1.496,-6.09,-7.641,1.476,-5.961,9.1,2.87,3.92
65342.0,-7.375,1.558,-6.097,-7.373,1.68,-6.712,10.36,2.73,1.96
,-7.767,1.594,-6.305,-7.37,1.515,-6.542,10.78,2.59,1.47
,-7.806,1.816,-6.619,-7.385,1.259,-6.659,11.06,2.17,0.84
,-7.557,1.84,-6.782,-7.664,1.127,-6.76,9.87,2.17,0.49
65418.0,-7.655,0.873,-6.712,-7.751,1.244,-6.444,3.57,0.84,-1.26
,-7.413,1.019,-6.513,-7.717,1.019,-6.312,3.92,0.28,-1.26
,-7.346,1.414,-6.695,-7.43,0.897,-6.114,5.39,0.21,-1.4
,-7.597,1.448,-6.659,-7.265,1.055,-6.274,5.04,0.49,-1.82
65493.0,-7.454,0.983,-6.518,-7.712,0.924,-6.559,1.54,0.84,-3.01
,-7.638,0.816,-6.487,-7.318,1.048,-6.454,1.54,0.77,-2.59
,-7.911,0.713,-6.597,-7.2,0.873,-6.284,2.66,0.63,-2.38
,-7.968,0.895,-6.576,-7.452,0.735,-6.293,4.83,0.07,-1.89
65569.0,-7.676,0.68,-6.341,-7.612,1.201,-6.301,3.85,-0.14,-0.42
,-7.806,0.775,-6.382,-7.746,1.309,-6.217,4.13,-0.28,-0.14
,-7.676,0.89,-6.425,-7.657,1.381,-5.956,4.27,-0.35,0.21
,-7.602,1.019,-6.329,-7.356,1.603,-5.875,4.2,0.14,0.84
65645.0,-7.385,1.721,-5.932,-7.784,0.948,-5.98,1.12,1.19,-0.91
,-7.645,1.515,-5.906,-7.607,0.885,-5.994,-0.84,1.89,-1.54
,-7.882,1.393,-5.97,-7.538,0.89,-6.131,-2.24,2.24,-2.03
,-7.999,1.103,-6.076,-7.633,0.873,-6.195,-2.87,2.52,-2.1
65721.0,-7.696,0.974,-6.435,-7.686,0.983,-6.758,-3.43,3.36,0.28
,-7.521,0.768,-6.571,-7.669,1.015,-6.509,-5.25,2.73,1.05
,-7.588,0.723,-6.64,-7.588,1.17,-6.595,-5.39,2.03,1.68
,-7.497,0.833,-6.808,-7.478,1.048,-6.552,-3.92,1.26,2.03
65797.0,-7.487,0.926,-6.513,-7.648,1.182,-6.782,-3.15,-0.35,3.64
,-7.583,0.96,-6.722,-7.815,1.18,-6.564,-2.59,-0.77,4.2
,-7.631,1.072,-6.777,-7.519,1.218,-6.65,-1.33,-1.47,4.55
,-7.55,1.117,-6.628,-7.291,1.218,-6.442,-1.19,-2.38,4.55
65872.0,-7.483,1.134,-6.382,-7.664,1.539,-6.446,0.77,-4.55,4.34
,-7.636,1.184,-6.528,-7.526,1.646,-6.612,1.33,-4.9,3.92
,-7.696,1.271,-6.569,-7.468,1.335,-6.415,1.26,-5.18,3.01
,-7.94,1.385,-6.487,-7.722,0.991,-6.174,2.52,-5.46,3.15
65948.0,-8.138,1.077,-6.133,-7.514,2.127,-6.049,6.72,-5.6,3.92
,-8.078,1.326,-6.006,-7.789,1.799,-5.748,8.26,-6.37,3.43
,-7.672,1.677,-5.908,-7.988,1.673,-5.961,9.59,-7.35,2.38
,-7.298,1.91,-5.772,-7.693,1.5,-6.006,8.89,-7.14,1.61
66024.0,-7.966,1.699,-6.078,-7.31,1.768,-5.927,11.27,-3.43,-2.59
,-7.887,1.354,-5.841,-7.686,1.508,-5.774,13.23,-3.5,-2.66
,-7.837,1.462,-5.91,-7.825,1.519,-6.15,13.79,-4.27,-4.34
,-7.593,1.776,-6.023,-7.863,1.196,-6.217,14.0,-5.11,-6.3
66100.0,-7.863,1.06,-6.181,-7.937,0.883,-6.396,7.28,-5.32,-9.59
,-7.801,0.995,-6.164,-7.712,0.694,-6.255,8.75,-5.46,-9.1
,-7.693,1.077,-6.224,-7.557,1.082,-6.849,7.42,-5.6,-9.31
,-7.775,1.307,-6.741,-7.899,0.321,-6.372,10.01,-4.9,-9.17
66175.0,-7.566,0.481,-6.162,-7.794,0.278,-6.449,8.33,-9.66,-8.4
,-7.844,0.388,-5.985,-7.856,0.089,-6.346,2.73,-10.57,-7.91
,-7.66,0.735,-6.396,-8.002,0.057,-6.159,4.97,-11.34,-7.63
,-7.899,0.665,-6.621,-7.959,-0.077,-5.985,5.39,-11.97,-7.91
66251.0,-8.131,0.268,-6.286,-7.87,1.134,-6.193,6.65,-14.42,-1.96
,-8.1,0.357,-6.229,-7.956,1.476,-5.887,9.24,-14.91,-0.42
,-7.815,0.72,-6.42,-8.071,1.701,-5.721,8.89,-15.96,-0.35
,-7.798,0.792,-6.147,-8.6,1.936,-6.561,8.68,-15.75,-0.07
66326.0,-8.153,1.797,-5.82,-8.296,1.283,-5.623,-0.35,-17.99,-4.62
,-8.291,1.63,-5.549,-8.279,1.199,-5.805,-4.55,-18.2,-5.25
,-8.21,0.847,-5.274,-8.263,1.199,-5.623,-7.98,-17.29,-6.51
,-8.263,1.153,-5.441,-8.186,1.385,-5.571,-6.09,-17.22,-7.0
66402.0,-8.186,1.302,-5.544,-8.277,1.304,-5.219,-10.29,-17.78,-8.82
,-8.11,1.113,-5.3,-7.664,0.687,-5.403,-13.44,-18.62,-9.31
,-8.189,1.034,-5.02,-8.665,0.622,-4.64,-15.12,-18.41,-10.64
,-8.323,1.256,-4.989,-8.708,0.235,-4.762,-16.8,-17.99,-11.69
66478.0,-8.667,0.34,-4.807,-8.313,1.443,-4.922,-20.65,-18.2,-12.81
,-8.495,0.637,-4.803,-8.22,1.833,-5.384,-19.6,-19.11,-13.16
,-8.459,0.814,-4.731,-8.332,1.335,-5.276,-18.2,-18.41,-11.9
,-8.1,1.149,-4.822,-8.409,0.201,-5.391,-16.45,-18.69,-12.53
66554.0,-8.351,-0.79,-4.903,-8.26,-0.89,-4.853,-25.41,-17.36,-15.68
,-8.406,-1.271,-5.006,-8.777,-0.804,-4.745,-19.18,-16.59,-12.74
,-8.538,-1.299,-5.255,-8.717,-0.881,-4.42,-10.85,-17.29,-11.48
,-8.545,-0.986,-5.341,-8.691,-0.483,-4.616,-4.69,-18.27,-9.31
66629.0,-8.662,0.005,-4.52,-8.741,1.314,-4.293,6.65,-18.27,-0.14
,-8.533,0.495,-4.259,-8.777,1.115,-3.81,6.86,-18.97,0.14
,-8.662,0.926,-4.618,-8.78,0.909,-3.41,7.63,-18.55,0.14
,-8.792,1.151,-4.456,-8.928,0.572,-3.154,8.89,-18.34,1.05
66705.0,-9.107,0.388,-2.974,-8.43,-0.335,-4.422,1.89,-13.02,-0.98
,-9.153,0.503,-3.946,-8.727,-0.641,-3.991,1.75,-11.34,-3.29
,-8.787,0.452,-4.219,-9.028,-0.397,-3.695,1.05,-11.97,-4.69
,-8.576,0.048,-4.07,-9.294,0.225,-3.762,0.42,-11.83,-4.2
66781.0,-9.249,0.972,-3.719,-8.811,1.184,-4.221,13.58,-8.47,2.03
,-9.048,1.204,-3.802,-8.777,0.869,-4.171,11.2,-8.26,1.61
,-8.892,1.287,-3.695,-8.756,0.239,-3.601,8.33,-8.05,1.12
,-8.796,1.357,-4.269,-9.067,-0.335,-3.281,7.49,-7.42,-0.21
66857.0,-9.246,-0.474,-3.163,-9.007,0.067,-3.18,6.72,-3.78,1.68
,-9.162,-0.476,-3.061,-8.957,0.254,-3.269,7.14,-3.15,2.1
,-9.237,-0.388,-2.977,-9.036,0.328,-3.312,7.63,-1.12,2.31
,-9.105,-0.067,-3.195,-9.127,0.421,-3.242,7.35,0.21,1.96
66933.0,-9.263,0.653,-3.331,-8.72,1.254,-4.688,2.38,6.37,3.15
,-9.301,1.003,-3.857,-8.835,1.072,-4.858,1.75,6.86,2.03
,-9.095,1.24,-4.214,-8.82,1.046,-4.882,0.42,6.79,0.98
,-8.832,1.304,-4.537,-8.871,1.0,-4.855,-1.61,6.58,0.0
67008.0,-8.88,0.792,-4.688,-8.808,0.601,-4.75,-3.43,4.76,-1.33
,-8.825,0.732,-4.8,-8.756,0.412,-4.659,-3.5,4.06,-1.47
,-8.856,0.593,-4.707,-8.756,0.182,-4.487,-3.5,3.57,-1.96
,-8.894,0.68,-4.724,-8.842,0.017,-4.293,-2.66,3.01,-2.17
67084.0,-8.961,0.024,-4.073,-8.906,-0.275,-3.604,4.34,1.96,1.05
,-9.052,0.124,-3.915,-8.928,-0.424,-3.484,6.23,2.1,1.61
,-8.911,0.196,-3.75,-9.139,-0.194,-3.513,6.58,2.38,1.82
,-8.904,0.031,-3.709,-9.162,0.12,-3.704,5.67,3.01,1.89
67159.0,-9.002,0.34,-3.824,-8.942,0.761,-4.235,5.39,6.72,3.43
,-8.909,0.445,-3.881,-8.887,0.699,-4.319,4.76,7.42,3.43
,-8.887,0.522,-3.953,-8.813,0.735,-4.468,4.48,8.12,3.5
,-8.964,0.656,-4.133,-8.765,0.72,-4.625,4.27,8.19,3.43
67235.0,-8.674,0.687,-4.7,-8.89,0.814,-4.695,3.64,7.7,2.66
,-8.722,0.615,-4.692,-8.825,0.751,-4.843,3.78,7.7,2.87
,-8.775,0.639,-4.712,-8.76,0.763,-4.882,3.78,7.35,3.08
,-8.827,0.67,-4.743,-8.658,0.742,-4.884,3.71,7.14,3.08
67311.0,-8.691,0.687,-4.798,-8.83,0.651,-4.544,1.12,5.04,2.03
,-8.686,0.701,-4.731,-8.813,0.658,-4.704,1.47,4.76,2.03
,-8.76,0.672,-4.659,-8.813,0.641,-4.683,1.75,4.55,1.96
,-8.811,0.653,-4.561,-8.756,0.598,-4.757,1.89,4.06,1.82
67387.0,-8.77,0.61,-4.733,-8.751,0.663,-4.592,3.22,2.66,0.91
,-8.78,0.677,-4.649,-8.729,0.648,-4.487,3.57,2.45,0.98
,-8.748,0.72,-4.633,-8.777,0.603,-4.506,3.71,2.45,1.19
,-8.787,0.701,-4.637,-8.748,0.694,-4.578,3.71,2.24,1.05
67462.0,-8.775,0.577,-4.511,-8.789,0.627,-4.417,5.39,1.26,0.91
,-8.756,0.512,-4.472,-8.739,0.644,-4.499,5.39,1.54,1.05
,-8.775,0.558,-4.446,-8.751,0.531,-4.427,5.32,1.61,1.05
,-8.842,0.629,-4.439,-8.72,0.481,-4.343,4.69,1.47,0.77
67538.0,-8.799,0.469,-4.381,-8.839,0.407,-4.29,1.47,2.59,0.28
,-8.837,0.526,-4.255,-8.861,0.392,-4.456,1.54,2.52,0.14
,-8.89,0.486,-4.235,-8.873,0.469,-4.566,1.33,2.52,0.07
,-8.866,0.433,-4.19,-8.784,0.572,-4.652,1.19,2.73,0.07
67614.0,-8.799,0.567,-4.681,-8.698,0.89,-4.815,4.48,3.01,1.19
,-8.756,0.689,-4.709,-8.744,0.849,-4.846,5.04,2.8,1.26
,-8.758,0.804,-4.783,-8.626,0.852,-4.8,5.53,2.38,1.26
,-8.77,0.823,-4.779,-8.605,0.761,-4.752,5.81,2.31,1.33
67690.0,-8.643,0.761,-4.834,-8.815,0.744,-4.587,6.44,1.33,0.7
,-8.703,0.725,-4.819,-8.727,0.759,-4.58,6.51,0.91,0.49
,-8.753,0.699,-4.752,-8.679,0.68,-4.547,6.37,0.63,0.21
,-8.813,0.677,-4.645,-8.756,0.586,-4.58,6.09,0.42,0.07
67765.0,-8.768,0.471,-4.599,-8.782,0.529,-4.623,3.36,-0.42,-1.26
,-8.734,0.498,-4.683,-8.77,0.412,-4.604,3.57,-0.14,-1.12
,-8.784,0.514,-4.661,-8.789,0.445,-4.46,3.78,-0.49,-1.12
,-8.746,0.543,-4.654,-8.777,0.452,-4.472,3.85,-0.63,-1.19
67841.0,-8.827,0.581,-4.396,-8.768,0.285,-4.441,4.06,-0.98,-0.77
,-8.854,0.622,-4.365,-8.777,0.232,-4.52,3.29,-0.7,-0.98
,-8.849,0.586,-4.408,-8.703,0.127,-4.544,2.17,-0.56,-1.4
,-8.837,0.426,-4.377,-8.65,0.168,-4.558,1.19,-0.14,-1.47
67916.0,-8.713,0.302,-4.501,-8.918,0.469,-4.29,4.48,-0.28,-0.42
,-8.725,0.457,-4.482,-8.914,0.419,-4.276,4.83,-0.35,-0.49
,-8.799,0.625,-4.427,-8.938,0.426,-4.415,4.48,-0.14,-0.63
,-8.842,0.634,-4.314,-8.916,0.531,-4.506,3.29,-0.07,-0.98
67992.0,-8.861,0.617,-4.669,-8.713,0.79,-4.98,3.29,-0.49,-1.19
,-8.854,0.701,-4.829,-8.753,0.718,-4.949,3.36,-0.77,-1.47
,-8.832,0.78,-4.982,-8.727,0.687,-4.87,3.22,-1.26,-1.75
,-8.748,0.756,-4.987,-8.782,0.601,-4.846,2.94,-1.82,-1.96
68068.0,-8.727,0.565,-4.664,-8.952,0.426,-4.346,2.24,-4.48,-2.45
,-8.713,0.488,-4.532,-8.952,0.383,-4.207,1.96,-4.9,-2.52
,-8.818,0.519,-4.463,-8.964,0.433,-4.279,1.89,-5.11,-2.87
,-8.892,0.507,-4.353,-8.894,0.366,-4.176,1.54,-5.32,-3.01
68144.0,-8.787,0.225,-4.037,-9.007,-0.627,-3.451,-2.45,-5.18,-4.41
,-8.801,-0.093,-3.862,-8.976,-0.445,-3.305,-2.94,-4.34,-3.78
,-8.933,-0.447,-3.539,-9.05,-0.261,-3.501,-2.87,-3.36,-2.8
,-8.988,-0.548,-3.527,-9.076,-0.014,-3.762,-2.17,-2.31,-1.47
68220.0,-8.947,0.101,-3.829,-8.811,-0.603,-3.348,1.47,2.66,1.61
,-8.863,0.06,-3.896,-9.033,-0.723,-2.974,1.12,3.29,1.89
,-8.82,0.01,-3.821,-9.069,-0.479,-3.281,0.98,4.06,2.38
,-8.758,-0.203,-3.702,-8.966,-0.105,-3.743,1.4,4.62,3.22
68295.0,-8.837,0.151,-3.891,-8.832,-0.005,-3.841,5.67,10.01,5.95
,-8.696,0.091,-3.975,-8.794,0.507,-4.19,5.25,10.22,6.86
,-8.835,0.072,-4.156,-8.638,0.873,-4.161,5.25,10.71,8.26
,-8.835,-0.129,-4.061,-8.469,0.828,-4.489,6.44,11.27,9.94
68371.0,-8.423,0.438,-4.408,-9.115,0.117,-4.149,5.18,12.11,6.02
,-8.559,0.043,-4.209,-9.064,0.67,-4.051,2.59,13.09,7.28
,-8.734,-0.232,-4.109,-8.938,1.144,-4.104,2.03,13.72,8.75
,-8.988,-0.199,-4.298,-9.139,1.106,-4.039,3.99,14.14,9.66
68447.0,-9.155,1.07,-3.793,-8.32,1.39,-4.436,1.33,15.82,13.02
,-8.978,1.151,-3.64,-8.174,1.4,-4.441,-0.84,16.31,13.16
,-8.804,1.223,-3.585,-8.246,1.682,-4.788,-2.38,17.22,12.25
,-8.569,1.304,-3.877,-8.222,1.725,-4.882,-4.69,17.15,9.87
68523.0,-8.397,1.579,-5.03,-8.851,-0.062,-5.252,-9.24,18.62,4.27
,-8.679,1.165,-4.972,-8.399,-0.189,-5.384,-11.69,18.62,3.43
,-9.062,0.787,-5.02,-8.059,-0.115,-5.226,-13.37,18.62,3.64
,-9.072,0.223,-5.102,-8.019,-0.067,-5.329,-13.79,18.69,4.83
68598.0,-8.155,0.553,-5.664,-8.189,1.565,-5.705,-0.21,18.27,15.26
,-8.138,0.974,-5.791,-8.21,1.811,-5.475,1.82,15.54,15.4
,-7.988,1.594,-6.243,-8.425,2.118,-5.422,2.17,13.51,15.05
,-7.966,1.713,-6.068,-8.49,1.967,-5.635,1.19,13.37,13.93
68674.0,-8.49,1.082,-5.188,-8.387,1.522,-5.489,-12.81,12.46,7.07
,-8.373,0.67,-4.977,-8.181,1.68,-5.53,-15.19,12.11,8.75
,-8.485,0.658,-5.13,-8.349,1.795,-5.43,-11.83,11.55,9.73
,-8.32,1.254,-5.769,-8.363,1.95,-5.492,-2.59,10.29,9.17
68749.0,-8.251,1.91,-5.506,-8.337,0.22,-5.284,-5.67,11.62,6.37
,-8.32,1.768,-5.374,-8.16,-0.203,-5.322,-7.56,11.97,6.02
,-8.346,1.441,-5.209,-8.076,-0.079,-5.441,-10.29,11.83,6.16
,-8.49,0.902,-5.298,-8.083,-0.014,-5.128,-11.69,11.48,6.02
68825.0,-8.33,0.555,-5.494,-7.964,1.328,-5.054,3.78,11.9,11.55
,-8.464,1.228,-5.406,-8.1,1.24,-5.353,3.71,12.39,12.11
,-8.308,1.764,-5.609,-8.311,1.108,-4.977,3.64,12.6,12.04
,-8.038,1.62,-5.269,-8.107,1.141,-5.032,0.77,12.53,11.62
