Timestamp,AccX,AccY,AccZ,GyroX,GyroY,GyroZ,MagnX,MagnY,MagnZ
0.0,-9.093,-0.668,-3.929,-9.038,-0.648,-4.147,2.45,1.33,0.7
,-9.031,-0.634,-3.994,-9.0,-0.62,-4.149,2.66,1.54,0.77
,-9.062,-0.613,-4.058,-8.966,-0.699,-4.116,2.73,1.54,0.7
,-9.045,-0.596,-4.073,-8.997,-0.66,-4.085,2.73,1.47,0.91
76.0,-9.091,-0.593,-4.078,-9.036,-0.613,-4.056,3.15,1.47,0.91
,-9.048,-0.625,-4.08,-9.088,-0.584,-3.979,2.66,1.47,0.7
,-9.021,-0.653,-4.082,-9.088,-0.56,-3.999,2.31,1.33,0.7
,-9.009,-0.613,-4.068,-9.083,-0.567,-4.03,2.59,1.4,0.77
152.0,-9.072,-0.663,-4.116,-9.067,-0.62,-4.073,2.17,1.54,0.63
,-8.966,-0.646,-4.056,-9.007,-0.637,-4.054,2.1,1.68,0.7
,-9.04,-0.663,-4.111,-9.067,-0.61,-4.018,2.17,1.68,0.7
,-8.997,-0.682,-4.089,-9.1,-0.593,-4.051,2.17,1.54,0.56
227.0,-8.997,-0.641,-4.097,-9.069,-0.593,-4.073,2.17,1.4,0.77
,-9.016,-0.725,-4.133,-9.024,-0.61,-4.011,2.1,1.47,0.84
,-8.99,-0.711,-4.099,-9.048,-0.613,-4.039,2.59,1.54,0.98
,-8.988,-0.651,-4.082,-9.062,-0.632,-4.001,2.8,1.4,0.98
302.0,-8.993,-0.632,-4.042,-8.971,-0.732,-4.078,2.24,1.75,0.98
,-9.043,-0.61,-4.116,-9.009,-0.632,-4.027,2.24,1.75,0.91
,-9.024,-0.656,-4.039,-9.064,-0.586,-4.03,2.17,1.68,1.05
,-9.019,-0.677,-4.025,-9.019,-0.55,-4.054,2.03,1.61,0.91
378.0,-9.05,-0.622,-4.054,-9.124,-0.553,-4.171,2.03,1.68,0.98
,-9.005,-0.653,-4.025,-9.139,-0.579,-4.302,2.1,1.89,1.12
,-9.009,-0.646,-4.082,-8.964,-0.67,-4.314,2.17,2.03,1.19
,-9.086,-0.608,-4.128,-8.952,-0.648,-4.393,2.31,2.1,1.19
454.0,-8.949,-0.651,-4.381,-9.122,-0.644,-3.833,1.54,0.63,1.12
,-8.899,-0.622,-4.29,-9.184,-0.622,-3.867,1.61,0.21,1.19
,-8.969,-0.637,-4.147,-9.11,-0.694,-3.86,1.75,0.14,1.33
,-8.938,-0.646,-4.046,-8.997,-0.715,-3.893,1.82,0.07,1.4
530.0,-8.949,-0.804,-4.018,-9.038,-0.66,-4.037,1.12,0.77,1.96
,-8.957,-0.797,-4.118,-9.028,-0.591,-4.037,1.54,1.05,2.03
,-8.995,-0.756,-4.149,-8.99,-0.656,-4.156,2.1,1.12,2.38
,-8.983,-0.708,-4.075,-8.981,-0.522,-4.207,2.31,1.12,2.59
605.0,-9.014,-0.622,-4.221,-9.012,-0.536,-4.03,2.03,0.49,3.29
,-8.995,-0.653,-4.161,-8.997,-0.579,-3.944,2.1,0.49,3.43
,-9.038,-0.536,-4.145,-9.055,-0.61,-3.967,2.38,0.07,3.29
,-9.024,-0.57,-4.078,-9.028,-0.629,-3.958,2.03,0.0,3.36
681.0,-9.036,-0.617,-3.903,-8.99,-0.536,-3.884,-0.28,0.21,3.5
,-9.127,-0.55,-3.917,-9.019,-0.601,-3.908,-0.28,0.56,3.57
,-9.067,-0.471,-3.924,-9.028,-0.601,-3.826,-0.98,0.42,3.57
,-9.088,-0.455,-4.02,-9.036,-0.574,-3.845,-2.1,0.42,3.57
757.0,-9.093,-0.51,-3.848,-9.05,-0.605,-3.881,-4.34,1.4,3.85
,-9.05,-0.548,-3.807,-9.074,-0.469,-3.853,-5.18,1.82,3.99
,-9.012,-0.632,-3.826,-9.131,-0.433,-3.881,-5.6,2.1,3.92
,-9.062,-0.634,-3.929,-9.119,-0.412,-4.116,-5.53,2.31,3.99
833.0,-8.981,-0.467,-4.147,-8.985,-0.581,-4.087,-7.42,2.73,4.69
,-8.921,-0.467,-4.226,-9.048,-0.531,-4.042,-8.05,2.73,4.83
,-8.923,-0.507,-4.212,-9.016,-0.572,-3.824,-8.54,2.45,4.9
,-9.005,-0.625,-4.178,-8.988,-0.713,-3.771,-8.47,2.31,5.18
909.0,-8.978,-0.639,-3.898,-9.158,-0.337,-3.74,-8.4,3.22,6.44
,-8.945,-0.675,-3.783,-8.976,-0.426,-3.987,-8.61,3.71,6.93
,-9.016,-0.603,-3.812,-8.976,-0.22,-4.451,-8.96,4.13,7.14
,-9.158,-0.443,-3.92,-8.894,-0.22,-4.214,-9.66,4.34,7.21
984.0,-8.789,-0.543,-4.336,-9.038,-0.452,-4.247,-19.74,2.59,5.81
,-8.763,-0.591,-4.46,-9.064,-0.199,-4.264,-21.7,1.89,5.6
,-8.756,-0.969,-4.262,-8.964,-0.278,-4.269,-23.38,1.68,5.53
,-8.815,-0.799,-4.233,-8.72,-0.452,-4.171,-23.73,1.54,5.39
1060.0,-8.658,-0.682,-4.147,-8.949,-0.177,-3.714,-27.93,0.63,6.09
,-8.83,-0.431,-4.106,-9.273,0.802,-3.929,-25.69,0.98,7.0
,-9.012,-0.349,-4.044,-9.385,1.496,-4.07,-23.94,1.47,7.63
,-8.839,-0.579,-3.865,-9.229,1.795,-4.147,-22.75,2.17,8.4
1135.0,-9.167,1.747,-4.209,-9.301,1.29,-4.092,-14.63,2.45,8.33
,-9.103,1.409,-4.176,-9.34,1.323,-4.044,-14.14,2.38,7.98
,-9.129,1.156,-4.154,-9.072,1.019,-4.063,-11.97,2.52,7.84
,-9.215,1.187,-4.14,-8.988,0.359,-3.898,-9.73,2.52,7.28
1211.0,-9.002,-0.026,-3.898,-9.15,1.07,-3.599,-1.54,4.48,6.58
,-9.067,0.263,-3.798,-9.0,0.491,-3.544,7.63,6.16,8.4
,-9.232,0.771,-3.764,-9.052,0.089,-3.611,14.63,7.7,9.17
,-9.208,1.249,-3.64,-9.115,0.148,-3.903,17.36,8.54,9.1
1287.0,-8.88,-0.022,-3.96,-8.861,0.424,-3.991,22.89,12.11,8.75
,-8.837,0.182,-4.061,-8.993,0.704,-3.948,23.73,12.88,8.68
,-8.961,0.436,-4.209,-8.938,0.897,-3.831,23.73,13.09,8.26
,-8.906,0.44,-4.168,-8.88,0.859,-3.637,22.05,13.44,8.12
1363.0,-8.973,0.625,-3.467,-9.081,1.122,-3.195,13.16,16.31,6.02
,-9.074,0.546,-3.24,-8.988,0.62,-3.357,11.06,17.36,5.46
,-9.112,0.715,-3.07,-8.811,0.019,-3.484,8.05,18.34,4.48
,-9.067,0.969,-3.022,-8.758,-0.005,-3.719,3.99,19.46,3.57
1438.0,-8.837,0.273,-3.881,-8.71,-0.165,-4.738,-2.45,26.95,2.31
,-8.835,0.646,-4.111,-8.844,-0.105,-4.937,-1.26,28.42,2.31
,-8.76,0.648,-4.269,-8.885,0.239,-5.08,-1.61,29.4,2.1
,-8.763,0.165,-4.547,-8.703,0.692,-5.111,-0.84,30.45,2.24
1514.0,-8.672,0.778,-5.185,-8.748,-0.043,-4.977,13.86,33.04,3.29
,-8.373,0.998,-5.114,-8.894,0.005,-4.458,12.95,32.48,3.29
,-8.71,1.18,-5.296,-9.086,0.503,-4.231,10.99,32.13,2.52
,-8.66,0.581,-5.08,-9.225,0.369,-3.632,8.89,31.92,1.89
1589.0,-9.22,0.409,-3.687,-8.871,-3.709,-4.022,16.59,41.44,1.75
,-9.38,0.105,-3.769,-10.584,-0.407,-3.759,18.9,44.38,1.54
,-9.301,0.014,-3.867,-9.966,0.249,-3.936,23.52,48.09,1.61
,-11.029,0.304,-4.408,-10.56,-0.677,-4.068,30.38,55.16,0.56
1665.0,-9.823,-0.218,-3.838,-11.031,0.235,-3.999,35.21,67.9,1.82
,-10.002,-0.211,-3.69,-9.83,-3.477,-3.183,36.68,71.68,1.33
,-10.435,1.431,-3.877,-10.376,-1.744,-2.704,35.98,74.9,-0.63
,-11.314,2.881,-4.042,-10.818,-0.093,-3.022,31.43,77.56,-5.6
1741.0,-10.524,-0.737,-3.23,-12.359,-1.998,-1.682,24.22,99.19,-6.09
,-10.474,-1.575,-2.814,-12.864,-2.223,-0.457,20.37,103.95,-6.51
,-11.156,-1.192,-2.592,-13.321,-0.952,0.648,23.03,108.78,-5.39
,-11.962,-1.156,-2.57,-13.975,-0.165,1.871,26.53,114.1,-3.64
1817.0,-14.166,-0.677,1.498,-10.806,2.754,-4.011,57.26,144.9,25.13
,-13.506,-1.443,0.713,-12.771,4.147,-8.619,56.14,148.68,32.97
,-12.379,-1.699,-0.345,-12.132,5.126,-10.893,64.05,153.02,40.46
,-10.488,-0.651,-0.165,-11.462,3.637,-11.854,81.76,159.11,44.94
1893.0,-10.861,2.601,-12.254,-6.75,-3.752,-12.637,15.33,129.71,7.63
,-10.146,1.627,-12.089,-5.958,-3.68,-12.295,-10.99,110.11,8.4
,-8.593,0.589,-12.307,-6.329,-2.91,-11.493,-31.5,88.62,12.74
,-7.1,-1.933,-12.283,-6.205,-2.237,-10.565,-41.51,71.54,18.97
1968.0,-5.98,-1.835,-9.361,-4.099,-0.727,-9.77,31.92,-28.28,50.4
,-5.607,-1.139,-8.868,-3.704,-0.964,-9.488,24.71,-53.34,52.85
,-5.544,-1.046,-9.342,-3.396,-0.916,-9.356,11.9,-79.45,52.92
,-4.721,-0.876,-9.526,-3.297,-0.928,-9.016,-0.49,-103.32,53.48
2044.0,-3.429,-1.031,-9.055,-3.312,-0.988,-9.115,-27.86,-189.56,50.05
,-3.565,-1.0,-8.851,-3.195,-0.821,-9.581,-29.12,-205.87,46.55
,-3.503,-0.933,-9.107,-3.017,-0.845,-9.596,-27.93,-222.74,43.68
,-3.216,-1.129,-9.019,-3.068,-0.603,-9.586,-25.76,-237.51,39.62
2120.0,-3.166,-0.787,-9.33,-4.843,-0.337,-8.392,-39.27,-293.93,18.76
,-3.295,-1.113,-9.428,-5.19,0.469,-8.141,-38.78,-303.8,10.71
,-3.113,-1.476,-8.835,-5.525,1.218,-7.514,-29.75,-310.1,2.31
,-3.886,-1.137,-8.593,-5.65,1.347,-6.6,-15.05,-313.32,-5.6
2196.0,-6.748,1.467,-6.356,-8.16,-2.553,-1.589,-28.91,-318.29,-53.76
,-8.713,0.936,-5.664,-7.813,-4.094,-0.129,-46.06,-311.22,-56.49
,-8.942,-0.189,-3.163,-7.088,-4.011,0.206,-63.84,-301.7,-61.11
,-8.686,-1.9,-2.529,-6.681,-2.764,0.416,-73.36,-286.23,-65.38
2271.0,-6.107,-2.13,2.402,-5.963,1.84,-0.153,-52.08,-113.47,-28.56
,-5.937,-1.366,4.558,-5.353,1.484,-3.252,-44.8,-65.45,-15.26
,-6.554,0.409,4.283,-6.466,-0.572,-6.037,-38.36,-15.05,-5.88
,-6.789,1.756,2.489,-21.857,-14.92,-0.945,-42.49,34.65,-0.63
2347.0,-26.145,-10.467,10.156,-8.77,-1.931,-8.09,29.12,126.07,51.59
,-15.027,1.835,-3.697,-4.865,-0.366,-8.05,53.83,149.94,36.33
,-5.004,4.702,-10.139,-7.42,2.632,-10.251,-1.96,155.33,17.15
,-7.014,-1.768,-6.502,-5.135,2.79,-12.316,-41.58,153.58,28.21
2422.0,-4.707,2.79,-11.919,-8.559,-2.285,-6.363,-29.89,122.29,10.36
,-6.198,2.489,-12.115,-9.904,-1.783,-5.652,-37.73,113.19,-2.45
,-7.791,0.273,-10.0,-9.849,-0.022,-5.59,-46.76,103.95,-7.0
,-8.138,-1.831,-7.519,-8.44,1.304,-5.913,-52.71,93.66,-6.02
2498.0,-7.344,1.311,-6.305,-9.215,3.527,-5.81,-13.93,71.68,14.77
,-8.299,0.821,-5.989,-9.349,3.362,-5.925,-6.65,67.41,19.46
,-9.368,1.117,-5.497,-9.232,1.905,-5.889,5.11,64.05,23.8
,-9.21,2.532,-5.434,-8.806,0.419,-5.784,15.61,60.41,25.83
2574.0,-8.918,-0.737,-6.164,-8.928,0.689,-6.011,-19.32,42.56,10.71
,-8.61,-1.184,-6.47,-9.04,1.347,-5.37,-9.24,41.37,11.41
,-8.6,-1.486,-6.43,-9.256,1.321,-4.544,4.2,40.6,14.0
,-8.904,-0.687,-6.348,-9.49,0.945,-4.075,17.78,38.43,15.54
2650.0,-9.517,0.811,-4.037,-8.906,0.869,-4.58,7.28,28.91,8.19
,-9.387,0.672,-4.247,-8.818,1.57,-4.669,6.93,28.42,8.4
,-9.239,0.412,-4.602,-8.658,1.766,-4.329,7.98,28.28,8.26
,-8.906,0.211,-4.427,-8.705,1.287,-4.044,11.06,28.77,9.38
2726.0,-8.818,0.926,-3.771,-9.45,0.711,-2.812,1.61,30.8,8.68
,-8.969,0.849,-3.74,-9.643,1.082,-2.551,1.68,32.2,8.33
,-9.301,0.392,-3.467,-9.684,0.215,-2.127,0.0,33.53,8.19
,-9.383,0.026,-2.96,-9.907,-0.986,-1.737,-0.91,35.56,8.89
2801.0,-10.517,-2.187,-0.883,-10.287,-1.797,0.297,-8.54,53.55,13.23
,-10.345,0.309,-0.495,-10.622,-2.393,-0.091,2.31,59.08,18.13
,-10.725,-0.297,0.005,-10.536,-2.206,-0.711,6.93,65.94,18.55
,-10.699,-1.902,0.304,-10.957,-2.422,-1.534,13.3,74.2,17.15
2877.0,-11.139,-2.221,-2.252,-11.929,-2.213,-1.989,17.43,114.59,3.22
,-11.333,-1.871,-2.625,-13.092,0.357,-1.299,16.59,121.24,0.7
,-11.665,-1.357,-2.611,-15.721,2.56,-2.95,15.96,127.54,-0.84
,-11.744,-1.685,-2.446,-14.422,-2.678,0.038,15.82,133.77,-0.77
2953.0,-14.441,-5.394,4.116,-18.392,-1.974,4.503,37.8,170.17,10.78
,-17.758,-3.144,7.617,-16.712,-1.639,2.816,70.0,181.86,26.81
,-19.517,-2.168,9.103,-14.066,1.929,0.708,84.7,191.24,35.7
,-19.538,-2.027,7.775,-16.856,4.018,-5.781,75.46,197.19,35.42
3029.0,-17.724,6.633,-12.125,-8.538,2.103,-15.106,124.32,206.85,19.88
,-14.891,6.925,-14.604,-5.434,-2.503,-16.899,76.58,185.78,5.04
,-13.099,5.547,-15.317,-5.915,-4.748,-15.449,22.75,155.33,-6.58
,-13.07,4.312,-14.853,-8.382,-4.527,-13.118,-36.75,114.38,-17.71
3104.0,-8.076,-3.479,-12.692,-1.802,-1.007,-10.56,26.74,-13.58,26.04
,-5.827,-2.127,-11.878,-1.278,-1.046,-10.072,42.14,-52.36,33.04
,-4.066,-1.232,-11.584,-1.491,-1.216,-9.258,48.16,-86.38,40.67
,-2.589,-1.089,-11.168,-1.24,-0.574,-9.11,47.67,-116.48,46.83
3180.0,-0.57,0.134,-9.251,-1.151,-0.256,-8.83,17.57,-219.31,56.56
,-0.541,0.385,-9.277,-1.419,-0.541,-9.521,2.59,-236.95,54.04
,-0.12,0.526,-9.493,-1.4,0.383,-10.366,-8.47,-252.0,50.33
,-0.29,0.759,-9.201,-1.524,0.421,-10.517,-12.18,-264.39,45.85
3255.0,-1.61,-0.715,-10.591,-3.319,-0.357,-10.287,-17.71,-343.91,18.2
,-1.622,-1.182,-10.278,-3.939,0.572,-9.854,-20.02,-353.92,8.68
,-2.237,-1.347,-10.124,-4.972,1.077,-7.71,-17.08,-362.11,0.21
,-2.86,-1.024,-10.45,-6.528,2.838,-7.059,-13.58,-369.95,-6.16
3331.0,-8.713,2.9,-5.193,-7.148,-3.333,-0.952,-19.74,-351.19,-36.96
,-9.39,3.57,-4.664,-5.64,-4.922,-0.139,-31.08,-335.16,-50.47
,-9.73,2.97,-3.362,-3.853,-2.666,0.926,-58.73,-312.69,-61.81
,-8.502,0.089,-1.756,-3.982,-0.065,3.585,-103.04,-281.19,-66.15
3407.0,-5.24,1.039,3.046,-29.217,-16.08,1.752,-73.71,-8.47,-9.8
,-5.633,2.864,0.029,-33.46,-11.189,7.597,-69.44,51.52,-3.08
,-5.351,3.826,-3.687,-9.722,3.355,-0.589,-79.59,104.23,3.15
,-5.776,2.163,-7.219,-8.418,-0.388,-8.174,-95.62,145.25,11.06
3483.0,-11.163,-8.71,-6.336,-3.082,7.94,-14.96,-102.41,180.46,22.82
,-9.811,-2.259,-11.582,-2.257,6.064,-14.628,-45.57,192.5,31.5
,-4.317,3.049,-12.649,-6.025,3.082,-13.419,2.31,185.92,26.18
,-3.697,7.327,-14.472,-9.009,-1.443,-11.132,-3.99,167.79,16.73
3558.0,-8.038,-3.939,-9.239,-8.15,1.606,-5.525,-101.85,98.35,-11.97
,-7.973,-4.934,-6.561,-7.306,-0.105,-5.43,-70.28,94.08,8.19
,-9.703,-3.671,-5.365,-8.751,0.134,-5.537,-25.55,93.17,24.22
,-10.577,-0.089,-5.322,-8.942,2.132,-6.133,8.05,94.08,31.22
3634.0,-9.072,3.944,-6.683,-8.894,-0.39,-5.303,14.49,72.45,27.51
,-9.234,4.403,-6.827,-8.882,-0.658,-4.963,4.34,66.36,20.86
,-9.189,4.027,-6.753,-9.201,0.378,-5.284,-14.07,59.99,14.07
,-8.926,1.752,-6.162,-9.148,0.94,-5.351,-31.5,55.44,10.78
3710.0,-8.875,0.538,-4.963,-9.131,-0.263,-5.224,-22.68,42.56,4.9
,-8.837,-0.172,-4.762,-8.995,-0.881,-5.396,-27.09,40.53,2.24
,-8.947,-0.33,-4.621,-8.756,-0.938,-5.329,-28.21,38.78,0.28
,-9.177,-0.077,-4.965,-8.648,-0.34,-5.556,-30.59,37.52,-0.42
3786.0,-8.521,0.483,-5.477,-8.492,-0.964,-5.078,-13.51,36.96,9.03
,-9.062,1.077,-6.04,-9.057,0.098,-4.781,-14.0,36.12,9.52
,-8.961,0.134,-5.839,-9.287,0.524,-3.877,-18.06,35.91,10.64
,-8.469,-1.134,-5.281,-9.509,0.806,-3.111,-15.12,37.1,14.14
3862.0,-9.854,0.696,-2.381,-9.646,-1.082,-0.414,0.77,43.61,21.98
,-9.789,1.072,-1.558,-10.021,-1.374,-0.445,-2.87,46.55,22.75
,-9.643,0.943,-1.177,-10.615,-1.508,-0.553,-5.88,51.1,23.59
,-9.49,-0.043,-0.835,-11.05,-1.778,-0.864,-4.76,56.91,24.29
3937.0,-11.275,-2.146,-1.003,-11.199,-2.127,-0.9,45.92,94.57,31.99
,-11.278,-2.06,-0.967,-11.62,-2.702,-0.821,48.86,102.41,29.61
,-11.038,-2.364,-0.842,-12.046,-3.58,-0.641,45.92,110.6,25.06
,-10.938,-2.333,-0.991,-13.319,-0.821,0.622,42.63,118.65,19.95
4013.0,-16.762,2.757,-1.498,-19.45,-2.962,6.624,44.52,160.51,9.8
,-16.04,-1.924,-0.11,-18.366,-2.082,5.106,26.46,169.61,10.99
,-16.061,-6.097,4.417,-17.631,-1.929,4.058,33.6,183.33,26.11
,-18.531,-4.427,7.227,-15.855,-1.883,1.204,67.69,196.14,42.91
4088.0,-12.84,0.68,-3.185,-12.34,4.865,-15.377,140.14,217.91,62.23
,-14.168,5.721,-9.763,-11.551,4.752,-16.028,168.77,214.76,45.36
,-15.389,5.621,-13.577,-8.1,1.364,-15.451,149.66,202.16,25.62
,-14.31,5.798,-16.166,-3.467,-2.221,-17.49,98.98,178.43,7.0
4164.0,-2.642,-3.068,-17.674,-4.422,-1.189,-11.065,-5.39,45.22,33.74
,-4.614,-3.206,-13.908,-3.094,-0.826,-10.658,24.22,34.44,38.99
,-5.669,-3.278,-11.919,-1.823,-1.409,-10.488,38.78,2.66,45.29
,-5.245,-2.515,-11.919,-1.756,-1.438,-10.098,49.28,-34.65,54.04
4240.0,-0.704,-0.826,-9.648,-0.175,-0.136,-10.077,21.91,-168.84,67.55
,-0.5,0.002,-9.404,-0.084,-0.079,-9.773,12.53,-185.15,65.52
,-0.445,0.002,-9.579,-0.646,-0.239,-9.572,-6.16,-202.79,62.16
,-0.378,-0.29,-9.536,-0.998,-1.146,-9.124,-23.59,-220.22,58.87
4316.0,-0.991,-1.534,-9.392,-2.185,-0.325,-10.05,-34.44,-301.21,35.35
,-0.438,-1.23,-9.675,-2.242,-1.06,-10.158,-30.73,-315.14,26.39
,-0.656,-0.436,-9.763,-2.704,-1.517,-10.804,-29.26,-325.71,17.57
,-1.551,-0.002,-9.634,-3.525,-0.725,-10.998,-31.64,-336.0,10.92
4391.0,-5.051,0.215,-9.407,-9.801,2.132,-3.482,1.47,-371.14,-10.85
,-5.75,0.115,-8.019,-11.053,3.465,-2.091,1.96,-371.35,-18.2
,-6.08,0.069,-5.82,-9.768,2.659,-0.885,8.26,-363.51,-23.94
,-8.275,0.526,-4.803,-8.2,-1.407,0.692,13.51,-352.94,-25.34
4467.0,-7.1,-4.939,0.546,-5.899,-0.239,4.274,-111.09,-217.77,-44.17
,-5.2,-4.271,0.952,-5.698,1.831,0.445,-101.78,-169.26,-34.58
,-4.561,-1.979,3.951,-5.841,2.596,-3.422,-79.17,-116.34,-21.07
,-5.272,-1.378,6.097,-5.872,1.709,-6.659,-59.99,-58.66,-10.29
4543.0,-9.77,-2.06,-11.699,-8.985,-8.959,-2.941,-68.32,162.12,18.13
,-37.188,-20.084,17.703,-12.044,-9.323,-4.635,-4.48,99.82,57.19
,-22.309,1.95,-1.761,-6.628,0.048,-6.033,34.79,84.77,9.87
,-3.08,2.752,0.306,-8.564,8.442,-10.392,-69.3,114.45,-1.96
4619.0,-6.916,9.725,-13.556,-8.392,-0.656,-10.1,-20.23,158.69,4.48
,-2.958,6.896,-13.118,-8.722,-2.022,-8.339,-86.94,140.14,-10.64
,-2.407,3.644,-11.967,-8.851,-2.943,-5.688,-114.24,128.17,-18.13
,-5.659,1.445,-12.443,-9.847,-1.297,-5.276,-104.16,119.91,-17.71
4695.0,-9.725,3.025,-5.765,-7.995,-1.723,-5.987,13.37,85.82,25.06
,-8.562,3.778,-6.131,-8.842,-1.12,-6.549,-0.28,81.62,18.2
,-9.009,1.299,-6.344,-8.918,0.469,-7.262,-22.12,77.28,10.29
,-8.155,-0.481,-6.128,-8.916,1.735,-7.557,-31.57,72.73,13.58
4770.0,-9.098,1.433,-6.834,-9.239,-0.309,-5.099,-3.29,51.38,18.13
,-9.134,0.491,-6.085,-9.064,-0.402,-5.095,-6.93,46.55,17.78
,-9.275,-0.156,-5.501,-9.005,-0.215,-4.891,-4.27,42.63,16.66
,-9.392,-0.316,-5.298,-9.074,0.586,-4.669,-1.33,39.69,15.4
4846.0,-9.098,1.137,-4.633,-9.476,-0.072,-3.877,3.92,29.89,10.29
,-9.028,1.211,-4.625,-9.337,0.421,-3.776,-3.08,27.86,8.61
,-8.904,0.854,-4.252,-9.186,1.22,-3.403,-9.1,26.67,8.54
,-9.074,0.043,-3.802,-9.167,1.613,-3.25,-10.08,26.32,9.73
4922.0,-9.091,1.323,-3.364,-9.112,0.419,-3.149,-21.7,26.25,9.52
,-8.911,0.782,-3.089,-8.914,0.294,-2.917,-28.98,27.93,9.52
,-9.148,0.318,-2.977,-8.897,0.263,-3.092,-31.57,29.61,8.75
,-9.244,0.333,-3.044,-8.871,0.053,-3.319,-30.66,31.36,8.05
4998.0,-8.897,-0.938,-2.953,-9.198,-0.443,-1.33,-26.04,40.95,12.6
,-8.885,-1.802,-2.292,-9.493,0.194,-1.761,-17.64,44.38,16.24
,-9.124,-1.814,-1.802,-9.552,-0.136,-2.012,-2.45,48.72,20.09
,-9.256,-1.266,-1.469,-9.663,-0.522,-2.295,12.74,53.62,22.82
5073.0,-9.849,-0.034,-2.307,-9.746,-0.61,-3.855,38.36,78.61,27.09
,-9.887,1.498,-2.697,-9.966,-1.338,-4.13,42.14,83.51,29.19
,-10.11,0.136,-3.039,-10.062,-1.773,-4.173,40.81,88.34,28.14
,-9.981,-0.462,-3.463,-10.026,-1.962,-4.164,41.23,92.4,26.46
5149.0,-10.256,-2.24,-4.252,-12.359,-4.64,-2.544,55.44,113.89,27.44
,-10.519,-2.472,-4.556,-14.276,-2.649,-1.527,65.31,119.77,29.96
,-12.907,1.692,-5.264,-14.099,-0.093,-1.565,91.63,125.79,31.5
,-13.599,-1.582,-5.449,-13.809,-1.216,-0.974,91.84,130.97,29.12
5224.0,-13.185,-3.326,-0.634,-11.531,1.027,-5.004,113.75,155.82,53.06
,-12.524,-3.319,-0.541,-10.732,2.74,-7.928,121.73,160.79,57.82
,-11.965,-2.309,-1.474,-9.239,3.357,-9.818,131.6,162.75,59.36
,-11.45,-0.761,-2.615,-9.076,2.46,-11.275,137.2,162.47,57.54
5300.0,-8.729,1.046,-14.216,-1.907,-0.603,-11.038,80.5,123.06,26.18
,-7.253,0.878,-13.558,-3.096,-0.816,-10.603,66.01,99.26,21.56
,-4.537,1.357,-13.35,-3.836,-0.943,-10.431,47.53,74.62,20.79
,-2.23,0.605,-12.527,-3.786,-0.299,-9.663,30.73,55.3,22.82
5376.0,-3.278,-0.134,-9.923,-1.996,-0.206,-10.359,36.96,-55.02,62.86
,-2.644,-0.225,-9.811,-1.809,-0.512,-10.182,27.09,-79.38,62.65
,-2.175,0.235,-10.033,-2.261,-1.106,-10.301,17.01,-101.85,60.9
,-1.661,-0.029,-9.933,-2.84,-2.592,-10.067,8.12,-119.35,59.15
5452.0,-2.953,-4.465,-9.093,-3.204,-0.603,-11.153,-10.5,-168.07,53.27
,-3.697,-5.2,-9.072,-3.585,1.029,-10.553,11.48,-177.52,58.66
,-3.489,-4.795,-9.526,-3.678,0.914,-10.096,37.1,-188.23,60.69
,-3.221,-2.938,-10.763,-4.343,-0.043,-9.648,58.38,-196.7,63.49
5527.0,-5.016,0.069,-9.672,-4.295,-1.362,-8.681,6.51,-209.58,35.84
,-4.618,0.586,-9.794,-5.171,-2.778,-7.798,4.27,-208.67,27.51
,-4.037,0.794,-9.66,-5.98,-3.594,-7.428,-4.48,-206.36,17.36
,-4.039,0.01,-9.399,-6.48,-3.601,-7.633,-18.97,-202.09,8.47
5603.0,-6.777,-3.544,-7.262,-7.085,-3.027,-4.566,15.12,-160.51,1.26
,-6.765,-3.465,-6.655,-7.37,-1.632,-4.379,30.8,-149.38,8.12
,-7.15,-3.759,-6.19,-7.167,-0.168,-4.515,45.78,-136.64,17.43
,-6.913,-3.745,-4.951,-7.033,0.203,-4.783,62.58,-122.36,28.98
5679.0,-7.346,-0.725,-4.793,-7.265,-0.359,-3.738,102.41,-48.16,41.65
,-7.303,-1.637,-4.369,-7.588,0.768,-3.671,102.97,-33.39,44.73
,-7.294,-1.488,-4.267,-8.177,1.019,-3.702,107.52,-20.65,46.69
,-7.167,-1.062,-3.853,-8.32,0.921,-4.044,110.81,-10.29,46.13
5755.0,-7.971,0.407,-3.276,-14.939,-0.531,0.218,57.75,17.29,26.81
,-8.588,0.062,-2.503,-14.752,-0.29,-0.818,42.77,19.18,18.69
,-10.904,0.146,-2.735,-12.321,-1.34,-2.096,26.04,15.47,7.42
,-13.271,-1.158,-1.419,-9.296,-2.974,-2.099,16.31,6.23,-0.63
5831.0,-8.648,-3.697,-2.534,-8.492,-0.924,-4.597,-46.27,31.71,-17.85
,-9.155,-2.084,-2.659,-8.607,-0.462,-3.965,-30.8,31.43,-18.06
,-8.665,-0.424,-3.659,-8.911,-0.108,-3.137,-27.02,29.54,-16.59
,-8.241,-0.514,-4.917,-9.28,-0.311,-2.711,-30.03,27.3,-12.67
5906.0,-9.605,-0.342,-2.429,-9.541,-0.282,-3.57,-8.82,23.38,0.63
,-9.742,0.108,-2.907,-9.493,-1.642,-3.534,-6.51,22.26,1.12
,-9.442,0.605,-3.01,-9.232,-2.072,-4.118,-8.82,20.86,0.91
,-9.328,0.663,-3.393,-9.249,-1.103,-4.566,-12.81,20.23,0.49
5982.0,-9.306,0.388,-5.102,-8.605,1.433,-5.662,19.46,19.18,10.15
,-9.385,1.137,-5.437,-8.811,0.725,-5.269,20.23,16.73,8.12
,-9.6,1.156,-5.81,-9.201,0.151,-4.671,16.66,13.93,5.25
,-9.361,1.115,-5.683,-9.024,-0.732,-3.79,10.78,10.15,2.73
6057.0,-9.04,-1.318,-2.895,-9.445,0.928,-2.548,10.15,-0.42,6.58
,-9.507,-0.713,-2.546,-9.371,0.809,-2.874,17.22,0.14,7.77
,-9.837,0.189,-2.429,-9.203,0.115,-3.089,19.6,1.26,7.14
,-9.574,0.615,-2.381,-9.344,-0.409,-3.4,17.85,2.45,7.28
6133.0,-9.093,-0.311,-3.843,-9.217,1.096,-5.085,26.39,4.55,10.78
,-9.112,0.024,-4.025,-9.275,1.103,-5.188,32.9,4.34,11.9
,-9.407,0.593,-4.63,-9.229,1.129,-5.118,36.61,3.36,11.55
,-9.311,1.077,-4.987,-9.301,1.007,-4.934,38.78,2.38,11.27
6209.0,-9.363,0.916,-4.731,-9.127,0.184,-3.989,57.47,-6.23,12.53
,-9.433,0.883,-4.448,-9.038,-1.067,-3.896,61.67,-7.84,12.32
,-9.464,1.034,-4.357,-9.194,-1.496,-3.484,64.33,-9.31,11.55
,-9.296,0.89,-4.233,-9.667,-0.558,-3.388,64.82,-10.78,10.15
6285.0,-9.519,0.493,-3.398,-9.33,0.29,-2.685,94.85,-10.57,11.13
,-9.241,0.72,-2.982,-9.284,0.242,-2.472,94.15,-9.73,11.27
,-9.495,0.495,-2.936,-9.799,-0.184,-2.608,92.05,-8.75,10.78
,-9.416,0.397,-2.96,-9.67,0.163,-2.649,92.19,-7.77,10.22
6360.0,-9.383,0.292,-2.551,-9.548,-0.45,-2.194,90.37,-4.97,5.67
,-9.414,-0.16,-2.721,-9.67,-0.313,-2.357,87.99,-3.71,6.09
,-9.366,-0.17,-2.532,-9.581,-0.151,-2.424,88.41,-2.87,5.74
,-9.363,0.065,-2.324,-9.646,0.227,-3.051,87.85,-1.82,5.95
6436.0,-9.485,0.768,-3.202,-9.61,0.361,-3.23,95.27,0.77,8.54
,-9.32,0.787,-2.965,-9.572,-0.436,-2.965,94.85,0.91,9.17
,-9.588,0.457,-2.871,-10.189,0.321,-3.599,94.71,1.26,9.45
,-9.459,0.364,-3.039,-9.837,1.871,-3.932,97.09,1.75,10.01
6511.0,-9.426,2.134,-4.011,-9.296,-0.572,-3.877,92.26,-4.9,4.41
,-9.354,0.488,-3.869,-9.335,-0.979,-4.006,82.95,-6.3,2.45
,-9.284,-0.38,-3.908,-9.189,-1.12,-3.814,83.09,-7.35,1.75
,-9.148,-0.237,-3.979,-9.112,-1.409,-3.489,86.73,-8.26,2.03
6587.0,-9.069,-1.333,-3.453,-9.373,-0.273,-2.532,102.48,-12.81,8.4
,-9.213,-1.302,-3.321,-9.407,-1.369,-2.438,105.91,-14.14,9.03
,-9.488,-1.074,-3.032,-9.301,-1.876,-2.213,106.82,-16.24,7.84
,-9.428,-0.467,-2.814,-9.603,-2.357,-2.134,104.65,-17.71,5.39
6663.0,-9.564,-2.441,-2.127,-9.469,-1.189,-2.563,112.28,-12.25,8.68
,-9.335,-1.563,-2.051,-9.318,-1.17,-2.34,119.56,-11.76,11.48
,-9.493,-1.122,-2.297,-9.273,-1.261,-2.4,123.27,-11.48,13.79
,-9.596,-1.228,-2.611,-9.117,-1.175,-2.058,125.02,-11.55,15.47
6739.0,-9.39,-1.134,-2.355,-9.842,-0.452,-2.139,136.78,-10.78,22.4
,-9.813,-0.692,-2.312,-9.715,-0.799,-2.149,136.57,-11.69,21.21
,-9.852,0.043,-2.448,-9.452,-1.843,-1.814,133.35,-13.09,19.74
,-9.959,0.014,-2.601,-9.49,-2.111,-2.233,127.68,-13.79,18.76
6815.0,-9.426,-1.326,-2.29,-9.194,-1.036,-1.974,133.49,-10.15,21.63
,-9.627,-0.828,-2.379,-9.418,-1.359,-1.814,135.66,-10.36,23.03
,-9.579,-1.067,-2.199,-9.557,-1.761,-1.874,136.43,-9.45,25.27
,-9.261,-1.017,-2.096,-9.237,-2.091,-1.874,140.14,-8.4,27.79
6890.0,-8.969,-2.312,-1.668,-9.646,-1.218,-1.462,172.2,-1.68,42.28
,-9.239,-1.945,-1.855,-9.684,-0.928,-1.519,183.61,-0.35,46.48
,-9.45,-1.819,-1.649,-9.493,-0.916,-1.299,193.55,1.12,50.26
,-9.536,-1.606,-1.452,-9.385,-0.883,-1.287,202.79,2.94,53.9
6966.0,-9.636,-0.656,-1.448,-9.923,-0.156,-1.539,226.73,12.11,64.19
,-9.811,-0.739,-1.412,-10.067,0.359,-1.57,229.6,14.28,65.45
,-9.928,-0.835,-1.613,-10.057,0.84,-1.637,232.19,16.94,66.99
,-9.864,-0.541,-1.627,-10.1,0.969,-1.603,235.62,19.39,68.25
7042.0,-9.378,0.967,-1.586,-9.868,2.113,-2.048,204.12,27.44,54.39
,-9.21,0.821,-1.682,-9.768,2.261,-1.919,190.33,30.94,51.38
,-9.543,1.067,-1.74,-9.629,2.328,-1.756,180.04,33.04,48.51
,-9.734,1.589,-1.986,-9.763,2.316,-1.706,169.4,33.53,44.24
7118.0,-9.835,2.194,-1.56,-9.67,1.223,-1.232,87.92,28.56,13.79
,-9.742,2.048,-1.441,-9.543,0.871,-1.223,75.04,28.07,8.96
,-9.663,1.922,-1.577,-9.533,0.479,-1.335,64.19,27.51,4.62
,-9.758,1.579,-1.417,-9.478,0.541,-1.429,54.81,26.74,0.28
7193.0,-9.495,0.821,-1.618,-9.71,1.452,-2.18,40.95,29.47,-3.08
,-9.634,0.826,-1.929,-9.677,1.503,-2.06,40.18,28.91,-2.73
,-9.67,0.94,-2.13,-9.653,1.383,-2.194,39.62,27.65,-2.59
,-9.617,1.218,-2.166,-9.555,1.24,-2.187,40.11,26.32,-2.03
7269.0,-9.488,1.175,-2.127,-9.596,1.127,-1.931,38.85,19.81,0.56
,-9.44,1.163,-2.173,-9.404,0.79,-1.747,38.92,18.34,1.61
,-9.462,1.194,-2.175,-9.514,1.275,-1.577,39.06,17.01,3.01
,-9.44,1.22,-2.075,-9.758,1.95,-1.563,38.92,15.47,4.55
7344.0,-10.519,2.369,-1.874,-9.409,1.821,-2.34,28.56,8.4,9.94
,-10.397,2.28,-1.656,-9.136,0.445,-2.051,17.71,5.04,10.22
,-10.22,2.752,-1.498,-9.038,-0.302,-1.761,7.49,3.01,11.69
,-9.842,2.742,-2.17,-9.404,-0.299,-1.677,-6.58,1.75,11.2
7420.0,-9.428,-0.414,-1.989,-9.591,0.177,-2.546,-2.24,13.44,11.69
,-9.363,-0.725,-1.984,-9.761,0.354,-2.235,3.71,17.36,11.83
,-9.356,-0.57,-2.302,-9.981,0.598,-1.929,10.08,20.16,12.11
,-9.428,-0.201,-2.654,-10.167,0.622,-1.697,13.37,21.28,11.41
7496.0,-10.105,0.517,-1.338,-9.555,0.199,-1.575,-5.74,27.23,4.27
,-10.005,0.246,-1.132,-9.423,0.395,-1.922,-9.73,29.4,3.36
,-9.871,0.194,-1.086,-9.323,0.469,-2.357,-11.55,31.64,2.94
,-9.708,0.165,-1.383,-9.16,0.646,-2.685,-12.67,33.88,2.59
7572.0,-9.062,0.754,-3.077,-8.949,0.036,-4.427,-8.12,38.64,6.02
,-8.873,0.849,-3.625,-8.866,-0.201,-4.293,-9.03,38.29,6.02
,-8.789,0.665,-3.903,-8.825,0.053,-4.616,-10.64,37.31,5.88
,-8.933,0.586,-3.979,-8.899,0.897,-4.52,-10.5,36.05,6.16
7647.0,-9.328,1.278,-4.836,-8.368,-2.266,-4.47,-10.92,29.96,0.21
,-9.289,0.972,-4.975,-8.904,-2.139,-4.606,-19.46,27.86,-1.33
,-8.83,-0.007,-4.987,-9.153,-1.237,-5.027,-26.46,25.9,-0.07
,-8.387,-1.455,-4.874,-8.938,0.067,-5.087,-27.93,25.06,3.64
7723.0,-8.744,1.345,-5.202,-9.445,1.742,-5.037,29.12,23.59,20.72
,-8.83,1.732,-5.037,-9.328,2.379,-5.583,24.64,22.33,20.79
,-9.031,1.527,-4.86,-9.375,2.754,-6.121,18.27,21.35,19.67
,-9.127,1.376,-4.58,-8.949,2.864,-6.186,15.26,20.3,17.99
7799.0,-8.662,2.417,-5.717,-9.363,1.91,-4.736,-1.75,8.96,3.08
,-8.782,1.716,-5.257,-9.045,1.977,-4.944,-1.89,7.49,2.24
,-8.811,1.529,-4.805,-8.727,1.328,-4.891,0.28,6.37,2.03
,-9.134,1.603,-4.568,-8.557,0.268,-4.716,2.73,5.74,2.24
7875.0,-8.906,-0.258,-4.671,-8.775,0.488,-4.578,7.14,3.85,4.34
,-9.146,0.005,-4.922,-8.722,0.455,-4.101,15.96,3.99,5.25
,-9.038,0.194,-4.843,-8.916,0.335,-3.963,21.42,4.06,6.23
,-8.961,0.378,-5.008,-8.966,0.419,-3.85,24.08,3.85,6.37
7951.0,-8.923,0.498,-3.496,-8.748,0.335,-2.759,25.34,4.9,8.47
,-8.966,0.529,-3.3,-9.043,0.639,-2.67,24.57,5.39,9.24
,-9.074,0.467,-3.235,-9.368,1.153,-2.714,23.8,6.65,9.38
,-8.811,0.352,-3.001,-9.268,1.505,-2.635,22.82,8.33,10.15
8026.0,-8.966,1.407,-2.395,-9.117,0.526,-1.563,11.48,18.69,8.89
,-8.997,1.017,-2.273,-9.038,0.285,-1.505,8.61,21.21,8.61
,-9.057,0.859,-2.139,-9.005,0.462,-1.785,8.12,24.08,8.4
,-9.072,0.751,-1.823,-9.074,0.79,-2.288,8.47,27.37,8.89
8102.0,-8.93,0.909,-3.096,-8.361,0.172,-5.226,7.35,44.17,8.96
,-8.67,0.558,-3.747,-8.638,0.285,-5.406,5.53,46.41,9.24
,-8.557,0.471,-4.429,-8.715,0.809,-5.307,6.02,47.53,9.52
,-8.373,0.491,-5.013,-8.971,1.046,-5.331,7.07,48.3,9.94
8177.0,-9.131,0.68,-5.3,-8.918,0.689,-5.846,3.57,49.84,8.96
,-8.842,0.849,-5.343,-9.485,2.319,-6.432,3.92,50.61,8.82
,-8.787,1.254,-6.037,-9.107,0.924,-5.487,5.39,51.31,8.82
,-8.686,0.864,-5.875,-9.418,1.0,-4.874,5.53,52.22,8.89
8253.0,-9.914,0.474,-4.527,-12.395,3.963,-3.242,14.42,57.05,10.01
,-10.124,0.739,-4.302,-13.618,2.895,-3.891,22.47,60.13,11.55
,-10.479,1.175,-4.006,-11.716,-4.106,-2.479,27.72,63.77,12.11
,-11.139,1.141,-3.63,-11.819,-5.195,-1.122,30.31,67.69,11.06
8329.0,-12.132,-1.764,-0.933,-12.422,-3.489,-0.177,37.59,97.02,9.31
,-12.118,-1.89,-1.067,-13.664,-4.111,1.484,34.79,105.21,8.26
,-11.302,-3.374,-0.689,-14.523,-3.338,3.185,29.05,113.12,7.7
,-11.493,-3.539,-0.581,-15.568,-2.0,4.101,33.04,121.73,10.71
8405.0,-15.403,-1.304,3.161,-11.172,1.371,-4.958,87.22,165.97,47.6
,-14.7,-0.83,1.905,-12.596,2.678,-9.17,85.26,169.61,52.22
,-14.188,-0.665,0.428,-13.183,3.025,-11.816,90.72,170.24,55.51
,-12.862,-0.383,-1.56,-11.938,3.336,-12.886,101.15,169.96,55.51
8480.0,-11.182,2.704,-12.972,-5.791,-1.962,-14.281,33.04,119.35,9.59
,-10.019,0.988,-12.993,-6.356,-1.472,-12.503,4.9,95.34,11.83
,-7.856,-1.34,-12.864,-6.916,-0.986,-11.572,-4.97,75.81,19.6
,-6.894,-2.391,-13.843,-6.927,-0.723,-10.897,7.0,62.02,29.19
8556.0,-6.068,-0.579,-10.335,-3.817,-0.091,-10.239,48.3,-54.11,57.82
,-4.771,-0.672,-10.036,-3.632,0.227,-10.01,38.29,-82.18,59.5
,-4.384,-0.751,-9.969,-3.601,0.421,-9.773,29.33,-104.09,59.78
,-4.099,-0.366,-9.988,-3.336,0.065,-9.696,23.24,-124.25,61.32
8631.0,-3.029,-0.175,-9.541,-1.759,-0.845,-9.301,-24.36,-211.05,36.89
,-3.101,-0.153,-9.462,-1.902,-0.376,-9.34,-27.02,-226.66,31.99
,-2.771,-0.493,-9.261,-2.039,0.007,-9.438,-24.5,-243.74,27.93
,-1.945,-0.893,-9.299,-2.314,0.469,-9.622,-18.06,-258.93,22.05
8707.0,-2.376,0.543,-9.677,-3.941,-2.089,-8.591,-34.93,-320.04,-14.14
,-2.505,0.103,-9.715,-5.288,-1.555,-7.978,-40.32,-331.87,-23.03
,-2.326,-0.938,-9.586,-6.159,-1.519,-6.645,-37.31,-340.13,-30.24
,-2.931,-1.833,-9.134,-6.959,-1.713,-4.539,-26.74,-344.4,-35.28
8783.0,-6.782,-0.826,-3.032,-8.2,1.173,0.443,10.08,-323.54,-38.08
,-8.157,0.983,-1.283,-6.698,0.519,0.227,7.84,-300.72,-37.59
,-9.323,1.747,-0.648,-5.439,-0.505,1.024,-4.62,-270.55,-38.57
,-9.366,1.732,0.34,-5.288,-2.058,2.379,-26.32,-235.55,-40.11
8859.0,-5.97,-2.003,2.223,-10.17,-0.895,-6.638,-64.19,-2.66,-11.13
,-6.248,0.172,0.747,-25.434,-15.257,12.24,-49.07,48.02,2.1
,-6.279,1.766,-1.51,-23.683,-5.705,0.421,-47.67,93.03,12.18
,-6.64,2.084,-4.068,-17.31,0.33,-9.715,-54.46,129.78,20.02
8935.0,-0.66,3.637,-9.777,-7.538,0.692,-9.871,-11.06,173.46,15.82
,-1.314,3.8,-10.069,-8.014,-1.486,-10.804,-34.09,155.4,17.5
,-5.458,3.216,-10.613,-6.707,2.233,-11.235,-56.14,128.94,-3.43
,-5.934,3.317,-8.282,-7.136,4.893,-10.531,-73.92,110.39,-13.65
9010.0,-8.593,1.445,-8.313,-9.21,-3.448,-6.396,-92.96,95.76,-24.29
,-8.662,-3.386,-7.004,-8.196,-0.72,-7.061,-93.73,89.46,-16.03
,-8.447,-5.114,-6.033,-7.55,0.907,-7.26,-74.06,84.56,-0.98
,-9.052,-5.334,-5.982,-8.234,1.187,-7.301,-43.33,81.41,12.67
9086.0,-8.483,1.519,-7.205,-9.117,0.67,-5.918,-3.29,60.97,19.81
,-8.323,1.366,-6.719,-9.256,1.058,-5.901,-10.43,57.96,20.02
,-8.887,0.567,-6.092,-9.268,1.256,-5.762,-12.04,55.51,19.25
,-9.189,0.156,-5.839,-8.976,1.17,-5.659,-8.96,52.57,18.13
9162.0,-8.763,0.809,-5.296,-9.529,2.084,-4.334,7.28,40.25,19.53
,-8.641,0.45,-4.848,-9.296,2.386,-4.006,8.19,38.29,18.27
,-8.885,0.55,-4.448,-9.294,1.85,-4.039,8.4,36.54,16.52
,-9.483,1.062,-4.398,-8.949,0.421,-3.996,6.44,33.25,12.32
9238.0,-8.71,-0.622,-4.051,-8.985,1.117,-5.24,-17.71,28.35,7.91
,-8.813,-0.323,-4.214,-8.811,0.191,-5.116,-7.63,29.68,10.92
,-9.148,0.744,-4.786,-8.878,-0.993,-4.757,0.56,30.45,12.39
,-9.186,1.419,-5.236,-9.153,-1.175,-4.487,1.26,31.01,12.32
9313.0,-9.801,-0.835,-4.302,-10.352,0.491,-1.962,2.52,37.1,15.4
,-10.254,-1.024,-3.924,-10.294,3.704,-1.074,4.41,39.97,17.29
,-10.234,-1.78,-3.171,-10.514,0.936,-0.081,4.13,43.54,20.02
,-9.562,-1.821,-2.953,-10.467,-2.553,0.605,8.96,48.86,23.45
9389.0,-10.196,-2.489,0.861,-10.931,-2.206,0.0,25.2,79.52,29.05
,-10.936,-2.254,1.151,-11.101,-1.429,-0.503,29.4,88.41,27.3
,-11.036,-2.565,0.656,-11.177,-1.062,-1.108,30.66,97.51,22.89
,-10.988,-2.654,0.101,-11.464,-1.132,-1.799,31.15,106.61,17.36
9464.0,-11.847,-1.259,-2.027,-14.185,-4.606,0.402,9.45,144.9,4.69
,-12.568,-1.941,-2.276,-15.824,-5.291,3.908,14.28,151.9,8.19
,-14.994,3.786,-1.773,-16.975,-4.18,6.135,36.54,158.55,9.8
,-16.841,2.125,-1.979,-17.942,-3.587,7.985,23.59,163.38,3.43
9540.0,-17.839,-1.656,6.104,-16.492,4.716,-9.301,102.2,200.76,59.99
,-17.375,-0.127,3.783,-16.011,4.824,-14.424,107.87,200.27,61.88
,-14.546,0.256,-0.239,-13.991,3.944,-14.836,112.63,200.9,59.5
,-12.288,5.147,-4.86,-12.328,3.972,-14.788,130.2,210.14,50.05
9616.0,-12.12,2.749,-14.92,-7.416,-4.2,-13.36,-24.85,87.57,-11.62
,-6.664,-0.22,-15.614,-6.554,-3.805,-12.374,-57.33,57.89,-2.24
,-4.757,-2.367,-17.612,-5.552,-2.197,-11.737,-44.59,52.64,10.71
,-4.666,-3.965,-15.992,-4.692,-0.768,-11.062,-9.38,52.71,20.44
9692.0,-3.144,-0.775,-10.768,-1.17,-0.474,-9.074,44.03,-106.75,57.68
,-1.63,-1.144,-10.529,-1.24,-0.069,-9.189,35.77,-131.04,61.81
,-1.22,-0.732,-10.395,-0.797,-0.022,-9.277,32.76,-149.73,66.92
,-1.165,-0.699,-10.005,-0.603,0.201,-9.229,29.54,-166.11,70.14
9768.0,-0.397,0.311,-9.543,-1.07,-0.129,-9.191,-19.95,-250.32,53.2
,-0.955,-0.732,-8.801,-1.24,-0.101,-9.418,-16.24,-265.79,52.22
,-1.62,-1.716,-8.722,-1.498,-0.543,-9.572,-3.85,-283.29,49.0
,-1.007,-1.108,-8.894,-2.13,-0.859,-10.021,5.88,-299.53,42.28
9843.0,-2.525,-0.526,-10.383,-5.272,0.948,-7.734,-4.27,-358.4,13.16
,-2.843,0.246,-10.593,-5.989,0.625,-6.011,-6.65,-368.27,5.18
,-3.611,0.704,-10.83,-8.325,0.936,-3.893,-12.95,-375.27,-1.89
,-4.551,0.931,-9.818,-8.959,0.842,-3.266,-19.32,-379.89,-10.64
9919.0,-10.409,2.304,-2.455,-4.176,-2.962,0.928,-26.46,-313.6,-45.29
,-10.304,2.625,-2.07,-3.388,-1.151,3.343,-56.77,-283.78,-50.61
,-8.351,-0.005,-0.739,-4.391,0.17,2.862,-101.5,-243.74,-50.4
,-6.071,-2.422,-0.045,-5.02,1.855,0.127,-126.42,-194.74,-43.4
9995.0,-4.968,2.206,-3.577,-15.032,8.672,-4.231,-63.91,106.26,6.51
,-5.623,0.771,-7.169,-1.441,4.207,-7.308,-74.2,151.2,14.84
,-30.321,-16.456,2.977,-9.95,-6.272,-7.212,-103.95,135.73,28.42
,-35.437,-8.681,5.415,-8.21,-2.924,-8.777,-32.13,104.93,38.64
10071.0,-6.707,2.809,-10.486,-5.406,0.51,-12.065,-55.58,180.67,-3.08
,-5.638,7.77,-16.463,-8.5,-3.671,-10.055,-44.94,172.41,-0.21
,-3.032,9.1,-14.972,-8.279,-4.724,-9.17,-85.05,153.3,-14.28
,-2.067,6.475,-13.331,-8.356,-6.528,-6.968,-136.15,135.1,-37.8
10146.0,-10.165,-5.159,-5.987,-8.894,3.85,-6.956,6.16,99.61,40.53
,-9.294,-0.412,-6.535,-8.811,4.044,-6.997,49.0,97.86,45.64
,-7.267,2.422,-6.956,-8.94,3.793,-6.999,61.32,91.28,39.83
,-7.559,3.479,-6.978,-8.765,2.706,-6.896,50.12,82.39,29.12
10222.0,-8.885,1.89,-6.899,-9.134,-1.07,-4.681,-30.03,54.39,7.21
,-8.904,0.474,-6.444,-8.988,-1.34,-3.841,-32.97,49.91,4.34
,-8.983,-0.424,-6.119,-8.899,-0.948,-3.903,-28.35,47.11,5.39
,-9.253,-0.694,-5.518,-8.818,0.098,-4.042,-22.33,44.59,7.28
10297.0,-9.22,0.792,-4.424,-8.976,-0.804,-5.341,-11.76,37.59,6.79
,-9.177,0.637,-4.57,-8.753,-0.555,-5.092,-23.03,35.14,4.76
,-8.961,-0.069,-4.491,-8.748,0.112,-5.652,-30.8,33.6,4.41
,-9.119,-0.524,-4.874,-8.868,0.644,-5.475,-30.8,32.83,4.97
10373.0,-8.713,0.302,-4.812,-9.938,1.029,-2.938,-11.41,34.72,14.28
,-8.973,-0.558,-3.783,-10.005,1.323,-3.087,-12.46,36.26,16.8
,-9.344,-0.395,-3.278,-9.904,1.39,-3.446,-6.02,37.66,18.55
,-9.701,0.507,-3.063,-9.818,0.531,-3.348,-0.14,39.9,18.9
10449.0,-10.136,-0.775,-2.728,-10.62,-1.871,1.151,-14.07,52.64,19.32
,-10.218,-0.62,-1.735,-10.435,-2.556,2.07,-3.43,57.54,26.46
,-10.866,0.189,-0.457,-10.574,-2.687,1.912,11.55,63.63,31.99
,-11.034,-0.955,0.467,-10.593,-2.68,1.756,24.85,71.61,32.76
10525.0,-10.627,-2.015,0.916,-13.214,2.991,-0.268,38.99,120.26,21.63
,-10.768,-1.582,0.081,-16.403,3.905,-3.482,29.26,129.71,16.66
,-11.096,-1.732,-0.773,-14.142,-3.972,-1.496,19.11,138.18,12.67
,-11.531,-2.261,-1.304,-14.386,-6.671,-0.538,13.58,146.3,11.27
10600.0,-14.934,-6.643,2.355,-16.647,-1.4,3.185,46.62,188.51,39.9
,-18.167,-7.301,5.966,-13.955,-1.503,1.474,95.55,203.28,63.07
,-20.1,-4.185,6.442,-12.438,3.381,-3.276,138.88,213.71,71.89
,-18.753,-2.412,4.695,-14.862,3.783,-9.234,149.73,215.32,71.19
10676.0,-14.671,4.96,-14.377,-6.75,1.139,-15.173,156.52,190.26,30.1
,-11.957,6.138,-14.826,-3.13,-2.814,-16.827,103.6,162.05,15.33
,-11.388,4.566,-15.037,-4.202,-3.716,-16.837,46.2,132.37,10.85
,-11.464,3.343,-15.41,-5.693,-2.438,-13.881,-6.86,94.5,10.78
10752.0,-6.056,-1.35,-12.553,-2.154,-0.818,-10.555,50.61,9.73,53.48
,-5.69,0.242,-12.654,-1.697,-0.711,-10.335,48.23,-27.65,59.64
,-5.018,0.747,-11.553,-0.818,-0.182,-10.639,33.67,-61.53,60.41
,-3.716,0.16,-11.005,-0.627,-0.134,-10.043,14.56,-94.5,59.01
10828.0,-1.204,-0.553,-9.521,-0.572,-1.237,-9.753,-26.6,-190.47,50.26
,-1.204,-1.079,-9.402,-0.074,-1.838,-9.744,-36.54,-210.35,43.26
,-0.625,-1.321,-9.564,0.127,-1.838,-9.82,-45.08,-226.87,37.1
,-0.763,-1.165,-9.56,0.426,-1.397,-9.981,-50.82,-244.3,34.23
10904.0,-0.33,-0.826,-10.297,-1.515,-0.634,-11.094,-26.74,-320.81,7.35
,-0.823,-0.421,-10.041,-1.922,-0.383,-11.893,-31.29,-333.76,-2.03
,-1.704,-0.416,-9.797,-3.144,-0.39,-11.113,-33.32,-347.06,-11.13
,-1.893,-0.732,-10.292,-4.956,-0.983,-8.866,-37.17,-361.27,-22.26
10979.0,-6.016,-1.615,-6.391,-10.787,2.173,-0.9,-27.79,-369.88,-53.41
,-8.727,-2.919,-3.393,-9.265,0.634,0.33,-19.04,-356.23,-50.54
,-9.411,-2.0,-2.771,-7.7,-1.058,1.113,4.34,-338.1,-52.57
,-10.732,1.005,-2.24,-6.363,-1.168,-0.086,13.02,-315.14,-53.97
11055.0,-4.424,0.199,3.786,-6.123,2.314,-2.144,-82.67,-106.96,-24.57
,-4.968,-0.5,6.205,-6.657,1.51,-5.7,-70.56,-52.92,-14.0
,-6.054,-0.168,4.704,-9.411,-0.988,-8.969,-57.96,3.15,-8.54
,-6.123,1.601,1.737,-31.101,-19.983,16.155,-54.6,56.21,-3.71
11130.0,-23.427,-4.738,2.915,-6.777,0.507,-7.574,-0.91,92.96,27.65
,-8.385,1.917,-1.783,-8.701,4.905,-9.143,-20.09,118.65,9.03
,-8.198,-3.096,-4.427,-8.189,5.482,-11.859,-84.14,130.62,7.42
,-8.576,-6.044,-6.435,-5.425,6.439,-11.866,-85.19,147.56,14.84
11206.0,-3.355,6.169,-11.661,-8.476,-4.616,-6.334,-88.62,119.77,-12.95
,-4.996,4.145,-12.039,-9.244,-6.176,-4.714,-108.5,109.2,-21.63
,-7.99,-0.012,-10.132,-10.038,-1.996,-4.86,-111.16,98.49,-19.53
,-8.681,-2.266,-8.904,-9.34,1.122,-4.561,-103.18,87.64,-9.17
11282.0,-10.105,4.389,-5.221,-9.588,0.117,-6.092,30.73,75.32,15.89
,-8.617,4.654,-5.698,-9.316,-1.108,-6.202,-1.54,71.4,14.42
,-7.834,3.214,-6.466,-8.945,-1.773,-6.049,-24.64,67.62,16.8
,-9.019,2.036,-6.183,-8.739,-1.917,-6.42,-31.85,63.21,15.82
11358.0,-8.914,-1.304,-6.801,-9.067,-0.01,-4.544,15.82,44.73,22.89
,-8.873,-0.471,-6.626,-9.261,1.323,-4.058,21.98,41.37,24.22
,-8.758,-0.529,-6.013,-9.347,1.802,-3.632,20.23,37.66,24.78
,-8.832,-0.912,-5.296,-9.342,1.862,-3.527,20.23,34.86,24.92
11433.0,-9.263,1.749,-3.398,-9.055,2.101,-3.855,7.14,26.6,19.25
,-9.009,1.575,-2.965,-9.019,1.778,-3.884,4.48,26.39,18.27
,-8.961,1.732,-3.08,-9.27,1.338,-4.171,1.47,26.32,15.4
,-9.0,2.06,-3.35,-9.172,0.794,-4.346,-4.76,26.25,11.83
11509.0,-8.873,0.079,-4.331,-9.217,-0.244,-4.891,-34.3,28.77,3.78
,-8.794,-0.139,-4.489,-8.765,-0.268,-4.654,-30.73,29.19,4.97
,-8.801,0.201,-4.831,-8.892,-0.622,-3.987,-26.53,29.4,6.3
,-8.83,0.041,-4.941,-8.973,-0.613,-3.317,-24.85,29.47,7.28
11585.0,-9.048,-0.321,-2.783,-8.966,-0.589,-0.208,1.96,34.93,13.58
,-9.275,-0.278,-1.919,-8.894,0.584,-0.148,7.63,38.29,14.14
,-9.495,-0.424,-1.194,-9.282,0.928,-0.486,10.85,41.79,13.3
,-8.882,-0.256,-0.617,-9.117,0.273,-1.043,13.44,45.92,13.16
11661.0,-9.351,0.117,-2.223,-10.163,-1.342,-5.176,18.76,73.08,22.4
,-9.392,0.151,-3.475,-10.56,-1.424,-5.372,22.68,77.63,22.96
,-9.567,-0.273,-4.429,-11.764,2.431,-4.635,23.73,81.13,22.82
,-9.811,-0.96,-4.987,-12.881,0.759,-5.458,25.41,84.0,21.77
11737.0,-11.677,-4.168,-3.941,-13.331,-1.476,-0.56,33.53,103.6,10.57
,-12.103,-3.714,-2.675,-13.343,-2.611,0.596,55.3,110.81,17.01
,-12.924,-1.309,-1.773,-14.511,-3.68,1.378,74.13,117.11,20.37
,-13.261,-0.369,-1.618,-15.015,-4.384,1.675,76.58,122.57,20.09
11812.0,-14.336,-4.908,1.036,-10.818,0.742,-3.422,101.64,165.34,47.67
,-13.257,-4.563,0.55,-9.15,2.273,-5.93,114.94,172.9,56.98
,-12.718,-3.525,-0.261,-8.909,3.685,-9.172,132.72,178.36,65.45
,-12.022,-1.433,-1.357,-9.935,3.965,-12.058,156.17,181.72,71.33
11888.0,-9.17,3.652,-13.36,-3.587,-0.756,-12.551,97.58,133.84,29.61
,-8.349,3.218,-14.063,-3.726,-1.905,-12.828,67.41,114.38,24.92
,-6.839,2.295,-13.484,-4.52,-1.79,-12.288,36.96,94.5,20.44
,-5.523,1.115,-12.977,-3.917,-1.407,-11.646,9.8,73.01,17.08
11963.0,-3.955,-0.62,-10.792,-1.876,1.96,-10.708,42.0,-17.29,42.14
,-3.802,0.225,-10.129,-1.146,1.965,-10.816,38.22,-41.37,41.58
,-3.549,0.995,-9.636,-1.742,1.302,-10.476,29.61,-65.31,40.67
,-3.106,1.591,-10.12,-2.364,0.534,-10.17,13.86,-91.0,40.32
12039.0,-2.603,-0.428,-9.828,-2.862,-1.661,-9.567,-64.19,-177.66,13.86
,-2.462,-1.591,-9.861,-2.749,-1.486,-9.974,-64.05,-196.21,8.96
,-1.969,-2.103,-9.591,-3.999,-1.347,-10.048,-54.04,-210.42,4.97
,-1.455,-2.125,-8.593,-4.233,-1.371,-9.789,-42.98,-218.68,1.4
12115.0,-4.396,-1.216,-9.753,-4.64,1.005,-8.777,-39.27,-262.57,-10.57
,-4.362,-0.51,-10.1,-4.582,1.268,-7.787,-42.07,-268.31,-19.46
,-3.838,-0.041,-9.95,-5.298,1.182,-7.466,-44.52,-268.73,-26.39
,-4.257,0.333,-9.313,-6.145,0.943,-7.763,-45.78,-266.7,-33.67
12191.0,-7.676,1.266,-6.997,-6.726,-5.475,-3.702,-89.67,-244.86,-81.48
,-7.133,0.019,-5.461,-6.291,-4.841,-2.316,-114.73,-231.14,-83.37
,-7.554,-2.977,-3.829,-6.001,-2.745,-1.424,-129.99,-214.06,-88.9
,-7.1,-4.329,-4.13,-5.822,0.062,-1.816,-125.16,-193.9,-88.55
12266.0,-7.693,0.816,-3.173,-7.753,1.165,-4.63,-60.55,-55.16,-32.83
,-8.452,0.735,-4.798,-8.557,1.603,-5.032,-68.18,-39.97,-35.07
,-7.705,1.194,-5.018,-9.306,1.517,-5.169,-74.55,-29.61,-37.38
,-7.224,1.022,-4.934,-9.588,0.749,-4.755,-83.3,-22.12,-39.48
12342.0,-9.703,-0.144,-3.482,-10.747,-2.84,-1.228,-119.56,-22.68,-33.11
,-9.983,-1.122,-2.352,-15.322,-2.465,-3.778,-121.03,-21.49,-28.56
,-10.644,-1.984,-2.022,-16.006,-12.283,-0.871,-118.44,-16.8,-22.75
,-10.739,-2.211,-1.505,-11.079,-15.056,-0.22,-113.26,-9.24,-13.23
12418.0,-6.93,-8.875,0.263,-9.045,2.41,-2.211,-23.24,63.84,29.82
,-7.351,-1.759,-0.043,-9.5,0.761,-1.742,4.2,70.0,32.2
,-9.368,3.369,-1.015,-10.495,1.945,-1.275,2.1,68.53,26.04
,-10.036,5.025,-1.788,-9.363,0.294,-1.835,-24.29,62.16,16.17
12494.0,-7.064,-2.417,-3.843,-8.861,-0.086,-5.774,-96.6,41.58,20.79
,-9.251,-2.891,-5.334,-9.349,-1.615,-5.803,-39.76,43.19,29.54
,-9.16,1.57,-5.896,-9.442,-2.154,-5.733,-8.89,41.23,29.82
,-8.442,2.266,-5.568,-9.246,-1.175,-4.637,-8.82,38.15,31.85
12569.0,-9.624,-0.258,-4.197,-9.555,-0.17,-2.431,-40.53,26.18,3.99
,-9.375,-0.299,-3.52,-9.493,0.211,-2.252,-49.56,24.78,0.42
,-9.387,0.431,-2.886,-9.6,1.079,-2.486,-52.57,24.01,0.56
,-9.564,0.402,-2.773,-9.725,0.821,-2.441,-51.59,23.66,2.31
12645.0,-9.825,0.794,-2.333,-8.921,0.218,-4.044,-27.44,25.9,4.62
,-9.864,0.943,-2.714,-8.815,-0.809,-3.812,-32.13,25.27,1.26
,-9.526,0.869,-3.288,-9.179,-1.101,-3.204,-35.98,24.57,-0.77
,-9.194,0.732,-3.879,-9.469,-0.333,-2.493,-37.73,23.45,-2.31
12721.0,-9.629,0.653,-2.601,-9.229,0.44,-3.391,-20.02,26.04,1.82
,-9.713,0.969,-2.812,-9.366,0.112,-3.479,-25.62,26.04,0.0
,-9.608,0.928,-3.108,-9.208,0.134,-3.285,-33.53,24.92,-2.8
,-9.15,0.816,-3.257,-9.196,-0.086,-3.147,-40.39,24.5,-4.41
12797.0,-9.414,-0.428,-3.017,-9.04,-0.699,-3.436,-35.0,28.49,-5.46
,-9.402,-0.493,-2.888,-9.11,-0.369,-3.539,-31.64,30.87,-6.02
,-9.155,-0.414,-3.34,-9.139,-0.11,-3.57,-28.84,33.04,-6.09
,-9.148,-0.531,-3.424,-9.136,-0.139,-3.81,-27.3,33.46,-6.09
12873.0,-9.227,0.239,-4.305,-9.127,0.61,-4.104,-20.58,33.88,-7.14
,-9.284,0.715,-4.247,-8.981,0.479,-3.831,-20.93,32.9,-8.54
,-9.076,0.823,-4.377,-9.194,0.852,-4.257,-24.22,31.36,-10.22
,-9.184,0.866,-4.279,-9.009,0.555,-4.367,-29.19,29.61,-11.34
12948.0,-8.727,0.084,-4.25,-8.579,-2.139,-4.448,-78.26,28.98,-32.97
,-8.543,-0.4,-4.204,-8.839,-1.342,-5.556,-88.34,30.52,-37.52
,-8.677,-0.83,-4.161,-8.26,-0.921,-6.372,-95.2,31.71,-43.68
,-8.279,-1.414,-4.159,-7.798,-1.917,-7.026,-102.41,33.39,-51.45
13024.0,-7.609,-2.558,-7.365,-8.404,1.07,-6.834,-160.93,29.05,-95.62
,-7.655,-1.962,-7.588,-8.478,0.974,-6.688,-159.95,26.95,-99.4
,-7.923,-0.536,-7.385,-8.37,0.711,-6.296,-160.65,23.94,-102.69
,-8.21,0.395,-7.148,-8.748,0.742,-6.411,-167.23,20.51,-105.98
13099.0,-8.799,0.486,-6.265,-8.05,0.73,-6.181,-201.6,2.87,-116.06
,-8.543,0.366,-6.152,-7.743,0.062,-6.162,-202.51,0.14,-114.73
,-8.485,0.498,-5.927,-7.547,-0.194,-6.176,-202.86,-2.66,-114.17
,-8.318,0.864,-5.552,-7.784,-0.148,-6.279,-204.4,-6.16,-114.45
13175.0,-7.782,-0.285,-5.848,-8.423,-1.448,-5.549,-212.8,-18.06,-113.54
,-8.193,-0.306,-5.755,-8.483,-2.331,-4.664,-213.22,-19.67,-113.4
,-8.282,-0.299,-5.779,-9.024,-1.814,-4.262,-213.08,-21.0,-112.07
,-8.361,-0.663,-5.664,-9.761,-0.759,-3.723,-211.4,-22.12,-109.13
13251.0,-9.866,0.318,-3.453,-8.849,-0.933,-3.513,-150.99,-16.66,-71.4
,-9.567,0.505,-3.355,-8.887,-1.364,-3.329,-143.36,-15.75,-65.87
,-9.34,0.33,-3.396,-8.961,-0.972,-3.573,-137.69,-14.77,-61.6
,-8.823,0.065,-3.57,-8.813,-0.95,-3.199,-134.54,-13.37,-58.52
13327.0,-8.978,-0.857,-3.601,-8.868,-0.153,-5.121,-111.02,-1.96,-47.11
,-8.784,-1.235,-3.845,-8.921,-0.191,-5.446,-107.59,0.7,-45.5
,-8.701,-1.531,-4.324,-8.708,0.227,-5.542,-101.22,3.01,-43.33
,-8.861,-1.022,-4.755,-8.732,0.244,-5.341,-94.01,4.48,-41.86
13402.0,-8.744,-0.074,-5.351,-8.284,0.603,-4.704,-109.48,1.4,-51.03
,-8.796,-0.134,-5.279,-8.203,0.706,-4.255,-115.29,0.49,-54.32
,-8.751,-0.251,-4.949,-8.404,0.488,-3.941,-120.89,0.0,-57.05
,-8.512,-0.038,-4.855,-8.559,0.452,-3.668,-124.67,-0.77,-59.43
13478.0,-8.89,0.512,-3.455,-8.698,1.371,-4.111,-132.79,1.82,-58.66
,-9.026,0.696,-3.355,-8.521,0.957,-4.432,-126.98,3.43,-55.37
,-9.153,0.933,-3.364,-8.574,0.282,-4.752,-120.12,5.04,-51.03
,-9.007,0.983,-3.644,-8.878,0.019,-5.099,-112.77,5.81,-46.62
13553.0,-8.734,0.34,-5.36,-8.169,1.144,-5.686,-83.93,7.42,-31.5
,-8.703,0.749,-5.284,-8.205,0.835,-5.705,-76.65,6.93,-28.63
,-8.734,0.838,-5.695,-8.169,0.675,-5.508,-71.4,6.16,-26.53
,-8.413,1.06,-5.611,-8.571,0.526,-5.453,-67.2,5.11,-24.85
13629.0,-8.667,0.44,-5.659,-7.911,-0.345,-5.688,-53.55,0.49,-17.85
,-8.43,0.17,-5.666,-7.937,0.51,-5.903,-47.11,0.14,-14.84
,-8.447,0.117,-5.877,-8.071,1.302,-5.748,-37.8,0.07,-11.27
,-8.212,-0.285,-6.078,-8.586,1.046,-5.75,-27.93,-0.21,-6.93
13705.0,-8.954,0.019,-5.757,-8.626,0.261,-4.542,2.66,-5.46,1.75
,-8.291,0.002,-5.099,-9.66,0.943,-4.85,4.34,-6.65,1.82
,-7.968,-0.007,-4.575,-9.658,1.759,-5.245,10.43,-6.44,4.55
,-8.437,0.096,-4.298,-9.045,1.519,-5.75,17.36,-5.18,7.42
13781.0,-8.607,1.015,-6.157,-9.239,1.082,-4.74,18.34,-6.09,10.85
,-7.999,-0.467,-6.042,-8.603,1.804,-4.001,12.67,-7.42,11.41
,-8.236,-1.134,-5.307,-8.653,1.529,-3.463,15.61,-7.84,13.37
,-9.265,-0.457,-5.128,-8.851,0.22,-3.161,22.4,-8.82,12.74
13857.0,-8.689,-1.015,-2.685,-9.428,2.218,-2.793,-5.11,-8.33,8.47
,-9.198,-0.816,-2.331,-9.445,2.096,-3.716,3.92,-4.48,11.34
,-9.739,-0.053,-2.151,-8.701,1.297,-4.202,13.37,-0.7,12.67
,-9.667,1.261,-2.257,-8.442,0.378,-4.417,17.43,1.54,12.04
13932.0,-8.748,1.177,-4.913,-8.811,1.187,-5.09,4.13,3.71,5.81
,-8.727,1.694,-4.913,-8.26,0.292,-5.171,1.75,2.87,4.76
,-9.304,1.275,-4.695,-8.514,0.273,-5.188,-3.64,1.54,2.66
,-9.014,1.84,-4.994,-8.543,0.318,-4.716,-7.0,-0.07,1.4
14008.0,-8.579,0.091,-3.965,-9.131,0.256,-4.575,-5.46,0.35,2.94
,-9.11,-0.256,-3.51,-8.921,0.371,-5.147,-5.74,2.31,2.38
,-9.452,-0.555,-3.446,-8.641,0.51,-5.602,-3.92,4.13,2.45
,-9.229,-0.333,-3.735,-8.306,0.024,-5.855,0.56,6.16,3.78
14084.0,-8.303,-0.244,-5.989,-7.791,-0.601,-6.36,18.55,8.26,7.49
,-8.394,0.613,-6.202,-7.94,0.395,-5.989,27.3,7.77,8.61
,-8.035,1.189,-6.545,-8.157,1.283,-5.245,30.73,6.65,9.73
,-7.842,-0.215,-6.516,-8.169,0.744,-4.396,33.32,6.23,11.76
14160.0,-8.306,0.292,-3.556,-9.332,4.436,-3.238,38.92,6.44,8.89
,-9.028,0.613,-3.02,-8.454,3.829,-3.994,41.51,8.33,8.96
,-9.895,3.35,-3.051,-8.325,1.747,-4.556,39.76,7.49,4.41
,-9.572,4.846,-3.376,-8.043,0.469,-4.901,20.02,4.55,-1.47
14235.0,-8.765,0.323,-5.497,-8.811,0.108,-5.183,-26.39,-1.47,-11.9
,-8.502,0.354,-5.887,-8.574,0.345,-5.044,-22.68,-1.19,-11.62
,-8.686,-0.577,-5.939,-8.442,-0.074,-4.568,-20.86,-1.12,-11.48
,-8.686,-0.342,-5.573,-8.844,-0.304,-4.551,-14.07,-1.05,-10.57
14311.0,-8.957,-0.191,-4.594,-8.655,1.931,-4.673,0.0,2.24,-3.71
,-8.6,-1.12,-4.578,-8.818,1.833,-4.982,4.13,4.55,-0.63
,-8.727,-1.883,-4.269,-8.837,1.168,-5.315,14.49,7.21,3.15
,-9.112,0.242,-4.575,-8.344,0.598,-5.508,25.97,7.77,4.76
14386.0,-8.397,0.072,-5.377,-8.737,0.613,-4.676,25.55,3.22,8.05
,-8.514,0.759,-5.305,-8.583,0.893,-4.484,33.11,3.01,9.73
,-8.65,0.849,-5.238,-8.78,0.773,-4.403,33.88,2.1,9.87
,-8.507,0.481,-4.716,-8.804,0.287,-4.212,32.27,1.89,10.15
14462.0,-8.827,-0.036,-4.063,-9.055,1.098,-3.747,25.9,3.36,8.19
,-8.887,0.237,-4.07,-8.949,1.589,-3.762,28.84,4.62,8.89
,-8.839,0.677,-4.056,-8.997,1.618,-4.006,27.93,5.53,8.19
,-8.732,0.972,-3.903,-8.677,1.113,-4.113,24.01,6.58,7.35
14538.0,-8.737,0.567,-4.381,-8.756,0.66,-4.63,5.11,9.87,-2.66
,-8.705,0.682,-4.444,-8.607,0.313,-4.647,6.16,10.43,-3.43
,-8.603,0.462,-4.374,-8.591,0.452,-4.712,6.93,11.41,-2.94
,-8.792,0.407,-4.508,-8.641,0.718,-4.764,9.03,12.39,-2.59
14614.0,-8.698,0.816,-5.152,-8.447,1.132,-5.264,12.74,16.38,-3.22
,-8.598,0.833,-5.365,-8.71,0.704,-4.968,12.46,16.45,-4.06
,-8.315,0.835,-5.463,-8.878,0.572,-4.618,11.41,16.17,-5.18
,-8.39,1.12,-5.52,-8.76,0.838,-4.362,9.66,15.47,-6.93
14690.0,-8.76,1.254,-4.48,-8.897,0.23,-4.731,4.13,16.52,-11.2
,-8.435,1.05,-4.487,-8.911,0.268,-4.752,0.35,17.01,-12.39
,-8.354,0.541,-4.513,-8.624,0.701,-5.023,-2.38,17.78,-13.3
,-8.648,0.357,-4.542,-8.495,0.292,-5.317,-2.17,18.97,-13.86
14765.0,-8.342,-0.031,-5.65,-9.325,-0.311,-5.657,-4.06,22.4,-17.43
,-8.737,-0.275,-5.899,-9.497,0.378,-5.59,-1.61,22.61,-17.85
,-8.978,-0.421,-5.891,-9.797,0.39,-5.573,1.54,23.03,-17.99
,-9.014,-0.61,-5.791,-9.708,-0.06,-5.26,5.88,23.94,-17.22
14841.0,-9.555,-0.526,-4.87,-9.402,0.242,-3.408,4.06,28.7,-22.19
,-9.55,-0.325,-4.432,-9.292,0.304,-3.652,4.34,30.87,-23.38
,-9.428,-0.146,-3.929,-9.139,-0.309,-3.96,3.92,33.53,-24.64
,-9.258,-0.108,-3.518,-9.155,-0.333,-4.245,3.22,36.54,-26.32
14917.0,-9.591,0.94,-4.602,-9.45,-0.156,-4.893,5.32,50.89,-35.7
,-9.787,1.378,-5.245,-9.457,0.665,-5.006,2.59,52.08,-39.13
,-9.517,-0.414,-5.212,-9.21,0.847,-5.063,-3.64,52.99,-41.02
,-9.548,-1.146,-5.087,-9.127,0.912,-5.016,-0.21,55.02,-40.18
14993.0,-9.17,1.199,-4.547,-10.45,1.192,-1.855,-1.26,62.16,-46.83
,-9.363,1.531,-3.824,-10.751,1.18,-1.558,-2.87,64.68,-49.07
,-9.682,1.441,-3.092,-11.161,1.06,-1.122,-5.04,67.97,-51.03
,-9.964,1.34,-2.56,-11.656,0.761,-0.443,-7.21,71.75,-51.52
15068.0,-11.823,0.089,0.158,-12.168,2.594,-1.251,-18.62,98.63,-35.07
,-11.61,-0.481,0.565,-12.091,2.752,-2.788,-19.11,104.37,-31.29
,-10.641,-0.361,1.438,-11.637,2.773,-4.549,-16.52,110.6,-27.51
,-10.548,1.421,0.761,-11.256,3.556,-6.102,2.59,117.67,-27.16
15144.0,-11.376,3.343,-7.42,-9.665,1.376,-10.208,-30.8,117.88,-51.38
,-11.414,2.852,-8.435,-9.557,1.45,-10.847,-51.38,115.5,-53.83
,-10.998,2.414,-8.988,-9.765,1.639,-10.809,-66.5,111.37,-54.6
,-10.27,1.838,-9.469,-10.256,1.919,-10.684,-72.94,105.42,-54.25
15219.0,-10.151,1.807,-10.785,-6.777,-0.704,-10.849,-74.83,43.4,-64.26
,-9.407,1.366,-10.708,-5.575,-0.814,-11.328,-81.9,23.17,-64.89
,-8.413,0.727,-10.806,-4.858,-1.256,-10.605,-83.72,3.08,-64.68
,-7.653,-0.263,-10.735,-4.503,-1.455,-10.4,-84.28,-15.82,-62.51
15295.0,-3.934,-1.216,-10.048,-2.929,0.038,-10.426,-33.95,-104.23,-43.19
,-3.817,-0.548,-9.954,-2.328,-0.177,-10.225,-24.01,-122.64,-40.6
,-3.611,-0.034,-10.294,-2.35,-0.22,-9.907,-18.76,-140.77,-38.92
,-3.084,0.227,-10.29,-2.584,-0.27,-9.914,-20.86,-157.99,-38.71
15371.0,-2.383,0.141,-9.806,-2.615,0.246,-9.758,-29.68,-229.32,-30.87
,-2.601,0.45,-9.622,-2.596,-0.036,-10.077,-31.29,-240.87,-28.35
,-2.625,0.498,-9.457,-2.62,-0.017,-10.136,-35.21,-252.7,-26.32
,-2.807,0.558,-9.622,-3.116,0.366,-10.108,-42.63,-264.39,-26.04
15447.0,-3.79,1.01,-10.144,-4.769,-0.931,-6.047,-46.06,-310.94,-38.78
,-4.389,1.78,-10.029,-6.336,-1.84,-3.683,-40.88,-314.79,-42.42
,-5.451,1.929,-9.332,-8.928,-0.871,-3.264,-43.82,-317.31,-46.83
,-5.698,0.488,-7.763,-9.569,0.213,-2.498,-53.9,-319.48,-52.01
15522.0,-9.397,-0.041,-2.249,-7.758,-3.113,0.431,-48.86,-271.53,-48.09
,-9.799,-1.498,-0.424,-6.896,-2.864,0.55,-63.07,-247.45,-46.48
,-9.16,-2.268,0.029,-6.229,-2.13,1.082,-64.89,-218.33,-39.55
,-8.54,-2.508,-0.16,-6.578,-1.843,2.101,-57.54,-185.99,-31.71
15598.0,-6.978,-0.869,2.448,-6.602,2.056,-3.798,14.84,-8.19,17.78
,-6.911,1.161,1.493,-6.37,1.385,-6.114,18.41,29.75,24.64
,-6.963,2.489,-0.129,-6.714,0.756,-7.787,10.99,64.47,28.07
,-7.112,2.51,-1.945,-15.099,-7.416,-4.168,-5.11,94.15,28.07
15674.0,-32.646,-14.805,11.579,-6.547,-2.383,-6.344,10.29,120.61,72.03
,-22.524,-1.575,-8.973,-7.071,-3.51,-4.769,38.57,108.57,4.69
,-4.104,8.418,-7.578,-10.103,-2.115,-8.83,17.43,106.89,-10.57
,-3.798,6.882,-6.267,-8.65,2.91,-11.182,-64.68,96.32,-10.71
15750.0,-5.769,5.877,-10.177,-8.002,-3.077,-6.391,-53.76,109.27,9.24
,-6.174,4.07,-9.296,-8.567,-2.934,-5.559,-86.03,100.17,-12.32
,-7.763,-1.149,-8.452,-9.682,-3.084,-4.941,-94.01,94.08,-15.33
,-8.562,-3.795,-7.167,-9.715,-0.648,-4.965,-72.59,87.08,-7.35
15826.0,-8.622,1.637,-5.09,-8.495,0.627,-6.26,24.78,74.34,31.78
,-8.078,2.577,-5.712,-8.825,-0.421,-5.855,16.66,67.9,24.43
,-8.617,2.589,-6.104,-9.438,0.447,-5.977,1.05,61.74,19.25
,-8.693,2.17,-6.494,-9.323,1.881,-6.092,-14.77,57.47,18.9
15901.0,-9.064,1.728,-5.901,-8.997,-0.318,-4.963,-9.17,42.49,12.67
,-9.124,0.416,-5.659,-9.026,1.015,-5.097,-15.05,40.25,12.88
,-9.016,-0.775,-5.437,-9.115,1.792,-5.307,-12.04,39.2,14.77
,-8.928,-1.05,-5.104,-9.086,1.539,-5.229,-0.77,38.5,16.31
15977.0,-9.081,0.601,-4.984,-9.112,0.325,-4.216,-9.94,26.74,7.98
,-9.007,-0.211,-4.724,-9.234,0.878,-3.936,-9.94,25.83,7.63
,-8.995,-0.294,-4.669,-9.048,1.407,-3.74,-4.62,25.41,7.28
,-8.897,-0.017,-4.417,-9.093,1.814,-3.697,0.98,25.48,7.98
16052.0,-9.136,1.565,-3.384,-9.119,-0.617,-2.3,-11.62,26.53,8.33
,-9.122,1.01,-3.104,-9.112,-0.675,-2.283,-18.76,27.65,7.84
,-9.244,0.455,-2.905,-9.021,-0.68,-2.235,-21.77,29.26,8.19
,-9.349,-0.151,-2.635,-8.935,-0.371,-2.314,-21.35,32.06,9.38
16128.0,-9.392,0.017,-2.759,-8.744,-0.512,-3.539,-4.48,49.84,12.11
,-9.576,-0.062,-2.972,-8.82,-0.407,-3.927,-8.82,52.22,9.1
,-9.359,-0.124,-3.192,-9.074,-0.452,-3.896,-13.02,54.11,8.05
,-8.722,-0.254,-3.403,-9.323,0.639,-4.106,-12.74,56.84,10.22
16204.0,-9.792,0.388,-4.044,-10.77,-0.701,-3.613,16.94,72.17,17.78
,-10.285,-0.51,-3.699,-10.77,-0.869,-3.556,20.09,76.02,17.01
,-10.337,-0.115,-3.589,-11.031,-0.529,-3.649,25.27,80.29,16.24
,-10.759,-0.316,-3.486,-11.237,-0.61,-3.47,26.88,84.77,14.91
16280.0,-11.366,-0.876,-3.056,-13.766,-1.773,-0.787,31.85,108.92,7.21
,-11.536,-1.263,-2.675,-12.591,-5.504,1.558,34.09,114.8,7.21
,-12.364,0.029,-2.254,-14.951,-3.017,3.508,40.95,120.33,6.93
,-14.685,3.85,-3.798,-15.997,-2.795,5.219,44.38,123.97,1.61
16355.0,-16.772,-3.683,6.097,-12.278,-0.101,2.079,72.66,172.27,36.54
,-16.911,-3.094,5.403,-13.735,5.044,-7.667,74.48,179.48,39.9
,-16.77,-2.496,3.587,-14.881,5.178,-9.655,76.65,183.33,44.24
,-15.939,-2.087,1.819,-13.628,5.724,-13.771,84.84,185.64,50.96
16431.0,-11.426,4.013,-14.542,-3.711,-3.79,-15.973,54.25,157.99,2.45
,-11.646,2.57,-14.46,-3.963,-4.482,-15.908,14.84,132.79,-3.85
,-11.373,1.479,-14.025,-4.659,-3.934,-13.072,-19.95,99.26,-2.03
,-7.425,-0.861,-13.774,-5.796,-2.556,-10.306,-42.14,69.02,9.1
16506.0,-5.946,-0.928,-10.936,-3.269,0.426,-10.34,85.26,-2.59,67.69
,-4.946,0.062,-10.809,-2.453,0.861,-10.787,74.34,-33.81,72.8
,-3.865,0.306,-10.026,-2.156,0.845,-10.493,53.9,-60.34,74.76
,-3.64,0.215,-10.203,-2.264,0.158,-10.294,34.09,-87.5,73.99
16582.0,-2.015,-0.873,-10.146,-1.417,-1.917,-8.485,-45.08,-182.63,56.7
,-2.206,-1.565,-9.749,-1.888,-1.24,-8.476,-50.89,-199.22,50.47
,-1.704,-1.869,-9.304,-1.79,-0.129,-8.866,-45.29,-216.23,45.43
,-1.531,-2.056,-8.973,-1.299,0.799,-9.036,-30.94,-232.89,41.51
16658.0,-1.455,0.723,-9.423,-2.57,-1.347,-10.115,-41.44,-297.15,23.1
,-1.443,-0.436,-9.361,-3.556,-0.378,-9.852,-56.28,-306.95,15.54
,-1.663,-1.883,-9.332,-4.451,0.232,-9.753,-56.56,-316.68,7.14
,-2.142,-2.111,-9.696,-4.939,0.818,-9.124,-44.45,-326.27,-0.42
16734.0,-5.583,1.225,-7.763,-10.187,0.67,-1.086,-11.97,-352.17,-37.87
,-5.853,0.919,-6.162,-9.78,0.522,-0.833,-19.88,-346.5,-39.13
,-7.868,0.96,-5.918,-8.866,-1.184,-0.428,-29.54,-337.89,-38.99
,-8.868,0.378,-2.589,-7.566,-3.582,-0.206,-43.26,-325.36,-44.87
16810.0,-6.167,-4.463,-0.203,-6.317,1.347,2.453,-101.08,-173.67,-40.95
,-5.035,-3.12,2.417,-6.487,2.285,0.019,-74.69,-129.01,-27.3
,-5.257,-2.187,4.068,-6.274,2.022,-2.967,-50.12,-80.29,-12.74
,-5.832,-0.79,4.109,-5.832,1.122,-6.619,-32.9,-28.91,-0.98
16885.0,-5.53,0.275,-9.217,-7.248,7.897,-6.15,-63.91,163.45,20.44
,-23.106,-10.687,-7.294,-5.676,-2.292,-5.607,-66.01,146.58,29.47
,-35.437,-10.014,6.99,-9.466,-3.616,-8.011,20.79,88.83,52.92
,-17.889,2.18,-3.632,-7.641,-3.029,-7.224,18.55,97.37,3.43
16961.0,-8.44,1.61,-9.703,-7.995,1.603,-9.99,-0.21,160.16,31.57
,-4.757,6.638,-10.567,-9.722,2.005,-9.682,-9.73,143.71,14.7
,-2.761,6.169,-11.299,-9.368,-2.539,-7.844,-52.78,128.1,-12.53
,-5.324,3.484,-11.96,-8.703,-6.595,-5.729,-74.62,118.02,-21.42
17037.0,-8.026,-4.915,-4.896,-8.787,3.525,-6.683,-7.28,87.78,30.59
,-8.047,-0.526,-5.238,-9.002,4.133,-6.746,21.21,84.7,22.75
,-8.583,2.067,-5.884,-8.949,3.57,-6.549,24.08,80.22,17.99
,-8.624,2.745,-6.296,-9.079,1.249,-6.396,15.05,75.6,18.55
17113.0,-9.296,-1.039,-6.21,-8.82,-0.038,-5.93,-35.56,49.49,9.1
,-9.407,-1.094,-6.193,-8.787,-0.491,-5.518,-16.73,46.41,8.33
,-9.079,0.124,-6.162,-9.079,-0.27,-5.205,-0.56,43.82,11.48
,-8.904,0.38,-6.281,-9.249,0.704,-5.121,7.42,41.23,14.98
17188.0,-9.186,1.476,-5.09,-9.237,-0.325,-3.702,10.64,31.71,10.78
,-9.222,1.263,-4.755,-9.411,0.242,-3.666,5.11,29.82,9.59
,-9.246,0.416,-4.341,-9.402,0.692,-3.699,1.68,28.28,8.26
,-8.985,-0.069,-3.697,-9.103,0.912,-3.824,4.83,27.58,9.38
17264.0,-9.115,0.938,-4.106,-9.007,0.201,-3.786,17.71,29.05,12.32
,-8.99,0.696,-4.247,-9.1,0.751,-3.664,11.34,28.77,11.34
,-8.789,-0.05,-4.068,-9.325,1.316,-3.924,5.46,29.12,11.13
,-8.792,-0.29,-3.843,-9.086,1.57,-3.965,5.46,30.03,12.04
17339.0,-8.801,1.163,-3.979,-9.517,1.194,-2.898,1.54,35.42,13.79
,-8.586,0.751,-3.948,-9.61,0.385,-2.003,0.91,36.54,14.28
,-8.593,1.079,-3.917,-9.452,-0.23,-1.082,2.31,37.17,14.14
,-9.083,1.472,-3.491,-9.698,-0.459,-0.574,1.4,37.38,13.58
17415.0,-10.043,-0.122,-0.309,-9.871,-1.199,-0.687,6.02,56.0,16.31
,-10.146,-0.507,0.045,-10.146,-1.24,-1.536,6.51,62.86,15.89
,-9.756,-1.05,0.261,-10.558,-1.292,-2.283,9.1,70.84,15.89
,-9.749,-1.261,-0.318,-10.991,-1.529,-2.642,12.95,79.45,15.68
17491.0,-11.534,-1.517,-2.723,-15.181,4.984,-4.46,24.22,115.08,7.07
,-11.62,-0.739,-2.733,-15.274,-1.383,-2.089,28.98,121.38,7.14
,-11.74,-0.67,-2.204,-12.46,-7.559,0.637,31.01,127.68,8.26
,-12.417,-0.05,-2.027,-14.989,-5.095,3.769,36.12,134.75,8.82
17567.0,-16.272,-3.891,5.173,-15.946,-4.305,1.711,76.44,178.43,33.6
,-17.873,-4.202,5.707,-13.305,-2.218,1.606,78.4,188.3,37.31
,-17.533,-3.345,4.791,-14.013,3.656,-6.755,69.51,194.11,33.32
,-16.935,-3.609,3.443,-14.542,5.142,-9.993,58.03,198.31,32.97
17643.0,-14.381,6.454,-13.374,-7.021,0.737,-15.293,115.29,187.53,9.73
,-12.656,5.439,-14.898,-3.63,-2.548,-16.351,65.66,164.92,-0.91
,-11.852,4.647,-14.984,-5.056,-3.635,-15.159,25.2,137.34,-9.73
,-11.33,3.877,-15.374,-6.466,-2.331,-13.127,-15.05,100.45,-15.54
17718.0,-6.748,-1.062,-12.252,-2.544,-0.175,-10.541,60.69,3.78,33.46
,-5.386,-0.285,-11.869,-2.204,-0.452,-10.134,63.7,-33.25,38.08
,-3.659,0.165,-11.213,-1.326,-0.218,-10.072,59.5,-63.7,43.47
,-2.883,0.112,-10.976,-0.646,0.347,-10.062,50.4,-89.39,47.11
17794.0,-0.991,0.392,-9.828,-1.749,-0.842,-8.593,-6.86,-192.85,46.13
,-1.184,0.208,-9.517,-1.687,-1.204,-8.839,-24.22,-211.12,41.79
,-0.969,0.053,-9.261,-1.407,-0.955,-9.347,-35.84,-227.29,39.83
,-1.472,-0.105,-8.768,-0.694,-0.852,-9.627,-39.13,-243.25,38.29
17870.0,-0.632,-0.962,-9.428,-3.168,-1.003,-9.593,-38.78,-315.0,18.06
,-1.127,-1.369,-8.727,-3.58,-0.912,-9.292,-40.46,-323.68,13.51
,-2.032,-1.78,-8.782,-3.845,-0.672,-8.629,-37.31,-334.39,7.56
,-2.735,-1.352,-9.15,-4.511,-0.364,-8.074,-31.08,-345.03,0.21
17946.0,-4.86,-0.313,-6.403,-10.627,1.788,-1.06,-18.69,-362.95,-36.82
,-6.537,-0.201,-5.138,-9.251,0.692,-0.175,-11.27,-352.45,-33.18
,-8.789,0.172,-3.104,-7.894,-3.759,0.833,-7.84,-339.15,-35.07
,-10.653,1.335,-2.603,-5.748,-6.018,2.891,-6.51,-323.12,-41.72
18021.0,-4.891,-4.054,4.056,-7.016,2.343,0.263,-42.0,-137.48,-17.92
,-4.776,-1.505,6.085,-7.124,2.804,-3.85,-14.21,-80.15,-4.34
,-5.611,-0.354,6.411,-7.088,2.324,-7.069,-0.14,-20.72,4.9
,-6.528,0.974,4.027,-17.7,-6.815,-14.551,-0.14,37.66,10.43
18097.0,-31.9,-9.962,6.454,-7.444,-5.98,-9.033,-3.85,108.85,47.46
,-16.693,3.467,-3.084,-5.681,1.237,-7.954,15.96,110.95,9.66
,-10.749,3.147,-4.178,-8.756,5.097,-10.194,-55.23,140.28,-0.42
,-5.992,-5.944,-5.456,-8.126,7.102,-13.273,-104.23,153.44,9.8
18172.0,-3.238,6.607,-11.33,-8.772,-3.556,-7.224,-67.48,131.88,-2.52
,-3.735,3.565,-11.665,-8.626,-7.449,-5.116,-95.27,122.22,-21.49
,-7.404,0.16,-9.978,-8.952,-4.092,-5.008,-95.55,112.49,-24.43
,-9.469,-1.735,-8.681,-8.356,1.082,-5.829,-84.98,102.2,-15.05
18248.0,-8.409,3.386,-6.49,-9.306,3.309,-6.143,29.54,83.79,21.07
,-8.552,3.276,-6.569,-9.416,2.18,-6.301,16.03,79.52,24.5
,-8.552,3.264,-6.348,-9.172,0.775,-6.248,6.16,73.78,24.01
,-8.844,3.704,-6.198,-9.208,0.275,-6.277,-0.56,67.76,19.67
18324.0,-9.072,0.266,-6.15,-9.05,-0.06,-5.363,-2.66,47.6,11.2
,-9.028,0.39,-6.085,-8.983,-0.053,-5.37,2.52,44.66,11.41
,-9.062,0.292,-5.899,-8.859,-0.038,-5.051,3.85,41.51,10.71
,-9.081,0.05,-5.642,-8.902,-0.132,-4.628,2.8,38.71,9.52
18400.0,-8.959,-0.069,-3.989,-9.361,1.354,-3.975,-10.08,26.32,1.4
,-9.229,0.503,-3.386,-8.775,1.273,-3.967,-11.27,24.57,-0.49
,-9.318,0.981,-3.271,-8.914,0.622,-3.654,-14.63,23.59,-0.91
,-9.497,0.878,-3.326,-8.782,0.153,-3.307,-20.23,22.96,-1.19
18475.0,-8.882,-0.191,-3.096,-9.009,-0.723,-2.592,-29.12,29.33,3.5
,-9.273,-0.172,-2.611,-9.153,-0.627,-2.967,-27.37,31.36,3.85
,-9.122,0.397,-2.69,-9.16,-0.203,-3.343,-28.0,33.18,4.34
,-9.217,-0.017,-2.74,-9.148,-0.266,-3.623,-31.01,35.84,5.32
18551.0,-9.088,-0.859,-3.448,-9.854,-0.22,-1.639,-15.54,50.96,11.69
,-9.316,-1.362,-3.005,-10.292,-0.672,-1.481,-10.08,54.18,14.14
,-9.751,-1.285,-2.534,-10.431,-1.534,-1.503,0.49,58.38,17.08
,-10.464,-1.077,-2.218,-10.021,-1.165,-1.883,9.8,62.93,20.09
18627.0,-10.306,-1.369,-1.752,-10.438,-0.577,-2.182,39.76,92.26,20.79
,-10.347,-1.086,-1.613,-10.636,-0.34,-2.821,33.6,97.93,16.31
,-10.268,-0.847,-1.594,-10.849,-0.112,-3.245,24.71,103.6,12.32
,-10.412,-0.625,-1.902,-10.998,-0.668,-3.537,15.61,108.85,9.03
18703.0,-11.426,-0.802,-4.475,-14.003,-5.889,0.34,10.01,133.91,11.06
,-13.771,3.896,-5.016,-14.762,-4.929,1.84,29.12,136.36,10.15
,-14.513,0.919,-5.106,-15.209,-4.188,2.843,18.13,139.16,6.58
,-13.005,-5.09,-3.046,-15.087,-2.623,3.9,14.91,147.42,16.8
18779.0,-15.556,-0.68,2.367,-12.446,4.841,-10.426,161.91,184.45,80.36
,-14.697,0.861,-0.201,-12.675,3.656,-11.809,164.85,182.35,78.61
,-12.426,1.797,-2.666,-11.711,3.496,-13.664,161.84,181.79,73.5
,-10.845,3.503,-5.339,-10.412,3.515,-13.683,160.51,185.78,62.51
18854.0,-9.526,3.62,-14.003,-4.319,-2.91,-12.941,17.5,94.92,-2.73
,-6.817,1.441,-13.597,-5.748,-2.235,-11.797,-24.29,63.84,5.39
,-4.238,-2.132,-13.836,-5.154,-1.182,-11.452,-39.9,46.97,18.13
,-3.589,-3.479,-14.204,-4.011,-0.924,-11.306,-19.04,42.0,31.15
18930.0,-3.357,-1.077,-10.833,-0.871,-0.928,-9.878,11.27,-90.51,59.01
,-2.704,-1.192,-10.589,-0.675,-0.826,-10.031,3.85,-113.75,61.18
,-1.914,-1.117,-10.493,-0.756,-0.931,-9.974,-2.73,-135.31,63.7
,-1.431,-1.125,-10.244,-1.015,-1.089,-10.223,-8.61,-153.86,63.42
19005.0,-0.893,-1.22,-10.057,-0.333,-0.558,-10.823,-48.09,-241.5,56.77
,-0.388,-1.438,-10.014,-0.581,-1.237,-11.156,-39.34,-263.13,55.93
,0.555,-0.842,-10.971,-0.826,-1.725,-11.261,-32.06,-280.91,49.77
,0.445,-0.553,-10.888,-0.792,-1.443,-11.907,-32.34,-292.95,41.65
19081.0,-0.534,-0.4,-12.046,-5.683,-1.144,-7.284,-12.6,-357.14,-0.7
,-1.534,0.751,-11.984,-9.502,-1.668,-5.578,1.96,-362.88,-6.72
,-2.979,1.326,-12.297,-10.39,-1.622,-4.846,7.98,-367.29,-13.72
,-4.025,0.704,-10.689,-10.194,-0.237,-2.852,10.5,-365.05,-19.32
19157.0,-9.797,-0.833,-1.29,-3.556,-1.323,1.266,63.7,-279.72,0.49
,-8.77,-2.718,0.615,-3.898,0.519,2.804,43.82,-241.5,6.58
,-6.423,-3.463,1.28,-5.324,1.862,2.388,33.53,-194.53,12.81
,-4.532,-3.19,1.072,-5.786,1.993,0.976,38.64,-142.17,17.5
19233.0,-6.159,1.742,-1.266,-29.045,-0.062,0.022,3.36,91.91,3.15
,-5.918,0.986,-2.845,-13.053,7.662,-3.644,-26.74,122.85,-0.56
,-8.591,-2.436,-3.343,-4.956,-0.524,0.127,-56.84,156.73,16.03
,-33.503,-14.884,6.86,-6.033,-8.837,-1.575,-60.9,102.97,16.73
19308.0,-8.811,-5.195,-1.565,-5.477,0.512,-8.696,-106.26,80.64,-31.01
,-10.388,4.913,-4.269,-4.145,-0.718,-9.476,-47.6,105.98,-17.64
,-11.574,7.306,-7.423,-7.928,-0.577,-8.15,-40.46,113.61,-7.0
,-10.1,4.216,-10.132,-10.718,0.964,-6.801,-83.79,105.56,-20.02
19384.0,-10.321,-2.422,-4.819,-9.938,-1.809,-3.046,-21.35,55.58,14.63
,-8.985,0.799,-4.424,-8.784,-1.196,-3.228,2.73,53.76,17.36
,-7.267,1.536,-4.032,-9.294,-0.373,-3.022,0.63,48.23,9.03
,-10.51,-0.223,-3.546,-9.828,-0.543,-2.986,-18.9,45.08,-0.7
19460.0,-9.82,-1.445,-3.092,-8.949,1.505,-5.824,-14.21,47.53,7.07
,-9.481,-0.974,-3.644,-9.072,1.216,-6.102,9.45,48.02,12.95
,-9.273,0.773,-4.252,-9.196,0.847,-5.989,29.96,46.97,16.03
,-8.976,1.512,-5.049,-9.282,-0.639,-5.652,37.87,44.1,17.64
19536.0,-8.995,-1.933,-4.786,-9.82,-0.012,-2.673,17.29,24.01,11.2
,-8.966,-2.187,-4.209,-9.993,0.79,-2.328,29.82,22.75,14.49
,-9.107,-1.852,-3.656,-10.057,1.539,-2.86,43.82,22.47,18.41
,-9.256,-0.993,-3.029,-9.567,1.692,-3.24,55.93,22.89,22.61
19612.0,-9.311,1.493,-3.544,-9.095,0.524,-3.778,54.95,22.75,20.44
,-9.052,1.309,-4.037,-9.407,0.773,-3.484,52.08,21.42,18.41
,-8.88,1.397,-4.3,-9.655,1.177,-3.635,50.05,19.81,17.29
,-8.957,0.797,-4.013,-9.258,1.247,-3.565,48.37,18.13,17.15
19687.0,-9.098,0.663,-3.235,-9.284,0.409,-4.07,37.1,14.21,11.83
,-9.512,0.256,-3.482,-8.993,0.648,-4.223,36.47,14.21,10.43
,-9.325,0.151,-3.434,-8.799,0.5,-4.305,37.1,14.77,9.45
,-9.306,0.024,-3.75,-8.894,0.345,-4.116,39.13,15.05,8.82
19763.0,-9.093,0.134,-3.977,-9.423,2.111,-5.391,62.86,15.4,11.13
,-9.208,0.043,-4.267,-8.837,1.589,-5.446,71.61,15.61,12.18
,-9.548,0.794,-4.446,-8.696,-0.067,-5.363,79.94,14.77,12.88
,-10.311,1.307,-5.169,-8.966,0.124,-5.083,79.17,12.18,9.38
19838.0,-8.957,0.665,-4.625,-8.705,-0.031,-3.439,78.75,4.83,7.7
,-9.287,0.565,-4.379,-8.837,-0.263,-3.252,79.73,3.71,6.72
,-9.069,0.704,-4.101,-9.076,-0.536,-3.07,81.9,3.29,6.51
,-8.964,0.244,-3.874,-9.268,-0.797,-2.795,83.65,3.57,6.37
19914.0,-9.483,-0.646,-2.735,-9.325,2.491,-3.094,113.75,9.45,11.69
,-9.433,-0.232,-2.632,-9.299,2.197,-3.257,116.83,10.01,11.83
,-9.868,0.392,-3.039,-9.423,1.721,-3.013,117.04,9.52,10.5
,-9.718,1.452,-3.111,-9.536,0.924,-2.883,112.91,7.84,8.33
19990.0,-9.411,-0.069,-2.553,-10.01,0.593,-4.891,79.38,11.69,7.14
,-9.301,-0.194,-2.565,-9.569,1.043,-3.996,82.67,14.0,7.63
,-9.574,-0.335,-2.962,-9.698,1.505,-3.855,85.4,15.19,7.7
,-9.49,-1.543,-3.281,-10.337,1.991,-4.855,94.5,16.1,9.38
20066.0,-9.966,1.685,-5.796,-8.457,0.129,-6.947,86.59,12.46,7.07
,-9.462,1.194,-6.336,-8.186,-0.352,-6.301,84.56,8.33,6.65
,-9.296,0.029,-6.82,-8.49,-1.295,-5.913,88.27,4.69,7.56
,-9.112,-0.266,-7.174,-8.502,-1.826,-5.497,97.23,1.26,9.73
20141.0,-8.311,-1.986,-4.996,-8.512,-0.938,-4.192,130.62,-8.33,30.73
,-8.09,-1.78,-4.714,-8.502,-0.852,-4.298,141.96,-8.4,36.68
,-8.157,-1.307,-4.549,-8.284,-0.251,-4.46,151.06,-7.7,42.98
,-8.358,-1.029,-4.279,-8.105,0.677,-4.606,158.83,-5.95,50.82
20217.0,-8.05,1.132,-4.8,-8.124,1.05,-4.247,198.73,8.33,83.23
,-8.102,0.907,-4.862,-8.205,1.015,-3.829,196.42,9.94,84.0
,-7.961,0.723,-4.879,-8.887,1.362,-4.326,196.07,11.27,84.56
,-8.04,0.876,-4.307,-9.33,1.316,-4.48,198.66,12.67,85.89
20293.0,-9.481,0.818,-4.322,-9.579,-0.208,-3.061,178.99,5.46,84.7
,-9.663,-0.268,-3.989,-9.902,1.713,-3.104,173.04,2.38,83.44
,-9.519,-1.675,-3.783,-10.218,2.599,-3.025,172.83,0.77,83.02
,-9.351,-1.986,-3.125,-10.029,2.103,-2.706,179.76,-0.14,83.93
20369.0,-9.579,1.445,-1.486,-9.564,-1.713,-2.596,123.76,-4.13,48.02
,-9.849,0.747,-1.713,-9.27,-2.431,-2.623,107.59,-2.8,42.42
,-9.775,-0.11,-2.374,-9.131,-2.819,-2.812,92.26,-1.61,37.38
,-9.643,-1.027,-2.469,-9.038,-2.941,-3.037,82.11,0.21,35.28
20444.0,-8.892,-2.659,-2.912,-9.608,-0.56,-2.814,125.79,13.72,47.6
,-8.83,-1.917,-2.749,-9.574,-0.246,-2.96,142.17,16.1,50.96
,-8.926,-1.409,-2.187,-9.225,-0.191,-2.819,153.65,19.11,54.39
,-9.33,-0.89,-2.548,-9.229,-0.395,-2.446,160.79,21.0,56.0
20520.0,-9.572,-0.548,-2.307,-9.887,-0.072,-2.178,160.3,13.58,57.96
,-9.758,-0.625,-2.12,-9.895,0.014,-2.314,166.04,12.95,60.2
,-9.818,-0.354,-1.85,-9.765,0.077,-2.749,171.78,12.95,62.16
,-9.859,-0.065,-2.084,-9.545,0.251,-2.541,175.91,12.81,63.14
20596.0,-9.469,0.608,-2.737,-9.603,1.826,-2.785,186.2,9.52,70.35
,-9.328,1.012,-2.871,-9.646,1.859,-2.699,186.76,7.42,70.63
,-9.335,1.414,-3.092,-9.505,1.89,-2.295,185.22,4.48,69.93
,-9.552,1.668,-2.996,-9.411,1.888,-2.034,181.09,1.47,68.18
20672.0,-9.572,1.783,-2.115,-9.11,-0.136,-1.977,139.51,-6.23,53.97
,-9.586,1.543,-1.984,-8.887,0.055,-1.732,131.18,-6.44,51.73
,-9.524,0.754,-1.883,-8.985,0.677,-1.979,125.51,-5.74,51.59
,-9.502,0.077,-2.041,-9.265,1.263,-2.146,124.04,-4.34,53.13
20748.0,-9.665,1.905,-2.216,-9.45,2.809,-1.941,134.68,3.71,53.55
,-9.777,2.56,-2.367,-9.33,2.986,-2.106,127.68,5.32,51.87
,-9.665,2.668,-2.046,-9.421,2.577,-2.764,116.69,6.3,50.05
,-9.524,2.74,-1.823,-9.44,1.491,-3.171,104.23,7.63,47.6
20823.0,-9.093,0.517,-2.958,-8.89,-0.287,-3.518,32.9,12.67,25.62
,-8.923,0.024,-2.316,-9.32,-0.215,-3.958,25.55,12.6,20.09
,-9.002,-0.158,-2.639,-9.916,-0.474,-3.175,18.06,13.51,13.16
,-8.801,-0.39,-3.159,-10.481,-0.44,-2.651,9.24,15.61,6.72
20899.0,-10.646,-0.531,-2.816,-8.873,0.823,-3.81,-25.27,20.93,-4.34
,-10.335,-0.079,-2.929,-8.923,0.821,-3.965,-21.21,21.84,-1.96
,-9.878,0.211,-3.269,-9.014,0.974,-4.089,-14.49,22.33,0.49
,-9.258,0.632,-3.429,-8.799,1.065,-4.082,-6.3,22.75,3.15
20974.0,-8.794,1.271,-3.924,-9.273,1.405,-4.494,15.54,19.67,12.46
,-9.153,1.586,-4.027,-9.098,0.828,-4.657,15.96,18.83,12.67
,-9.167,1.744,-4.113,-8.976,0.486,-4.704,12.95,18.06,12.11
,-9.134,1.737,-4.008,-9.076,0.579,-4.877,9.03,17.22,11.41
21050.0,-9.079,1.208,-5.118,-8.346,-1.228,-4.767,-4.27,12.95,2.8
,-9.11,1.292,-5.197,-8.612,-1.34,-4.422,-10.78,11.48,-0.21
,-8.878,0.842,-5.355,-8.806,-0.426,-4.52,-18.48,9.8,-2.38
,-8.507,-0.299,-5.118,-8.866,0.402,-4.398,-23.66,8.47,-2.17
21126.0,-9.031,0.749,-4.307,-9.115,0.321,-4.164,2.8,7.42,4.83
,-9.296,0.842,-4.334,-9.139,0.842,-3.893,-0.49,6.65,4.55
,-9.201,0.842,-4.683,-9.287,1.464,-3.939,-3.99,5.46,3.85
,-8.897,0.471,-4.427,-9.395,1.685,-3.958,-7.0,4.34,3.78
21202.0,-8.985,1.189,-3.575,-9.378,0.168,-2.539,-7.84,3.78,3.22
,-8.708,-0.048,-3.197,-9.617,1.022,-3.25,-9.31,5.46,4.69
,-8.945,-0.696,-2.938,-9.289,1.603,-4.039,-3.08,7.56,6.16
,-9.244,-0.507,-2.757,-8.815,1.307,-4.542,6.02,10.5,7.98
21277.0,-8.703,0.814,-4.932,-8.689,0.773,-4.683,10.64,15.19,9.45
,-8.737,0.847,-5.118,-8.691,0.433,-4.338,15.75,15.05,10.15
,-8.894,1.134,-5.178,-8.935,0.507,-4.032,20.09,14.56,10.64
,-8.916,1.211,-5.049,-9.048,0.931,-3.86,20.51,13.65,10.43
21353.0,-9.057,1.067,-3.577,-9.265,1.213,-4.066,20.93,14.0,10.29
,-9.155,0.701,-3.405,-8.949,1.496,-4.647,18.62,15.19,10.29
,-9.143,0.345,-3.144,-8.605,0.912,-5.027,19.25,16.38,10.71
,-9.244,0.653,-3.431,-8.648,0.179,-5.339,23.45,18.06,10.85
21428.0,-8.713,0.115,-5.176,-8.624,1.117,-4.42,25.69,19.04,9.31
,-8.892,0.646,-5.224,-8.952,1.206,-4.202,30.8,18.97,9.38
,-8.684,1.259,-5.008,-9.15,1.424,-4.044,31.5,18.55,9.66
,-8.607,1.309,-4.676,-9.129,1.259,-4.078,26.39,17.99,9.31
21504.0,-8.99,1.086,-4.109,-8.588,1.364,-4.697,15.61,20.58,8.4
,-8.794,0.96,-4.046,-8.478,0.586,-4.618,16.38,21.7,9.17
,-8.784,1.108,-4.135,-8.402,0.541,-4.609,18.27,22.96,9.59
,-8.792,1.395,-4.432,-8.227,1.225,-4.503,18.48,23.45,8.68
21580.0,-8.327,1.546,-4.477,-9.119,1.216,-3.585,9.31,23.8,4.55
,-8.325,1.63,-4.247,-9.294,1.28,-3.611,4.13,23.94,3.57
,-8.591,1.548,-3.91,-8.997,1.4,-3.671,-0.28,24.64,2.73
,-8.801,1.385,-3.659,-8.789,0.988,-4.046,-2.45,25.76,2.03
21656.0,-9.191,0.17,-4.441,-9.715,-1.015,-5.398,-5.88,35.42,1.82
,-9.026,-0.232,-4.824,-9.916,-1.17,-5.221,-0.98,37.73,3.01
,-9.407,-0.369,-5.262,-9.971,-0.763,-4.908,4.83,39.83,4.55
,-9.641,-0.503,-5.465,-9.902,-0.567,-4.448,8.89,41.72,5.6
21732.0,-9.809,-0.443,-4.022,-9.541,1.019,-3.903,25.27,54.04,8.26
,-9.672,-0.148,-3.924,-10.203,2.297,-3.979,25.97,57.12,7.91
,-9.457,0.246,-3.805,-11.309,3.276,-4.377,25.55,60.41,7.49
,-9.387,0.572,-3.81,-10.754,0.294,-4.051,24.99,63.63,6.93
21807.0,-9.713,-2.752,-3.185,-9.885,-2.151,-2.828,7.21,79.17,-0.28
,-10.014,-1.575,-2.625,-9.988,-2.615,-2.62,20.93,84.42,4.41
,-10.278,-0.041,-2.898,-10.249,-2.438,-1.788,27.23,88.9,6.37
,-10.239,-0.871,-3.001,-10.971,-1.656,-0.974,23.38,93.17,6.02
21883.0,-11.792,-1.06,-0.34,-12.749,-1.338,-1.019,61.25,122.08,25.69
,-12.326,-0.909,-0.072,-11.95,-0.816,-2.103,67.55,127.75,30.1
,-12.692,-1.292,0.129,-10.809,0.194,-4.042,71.96,133.35,35.63
,-12.943,-1.658,-0.144,-10.156,0.905,-6.186,80.15,138.04,42.42
21959.0,-10.261,1.685,-8.399,-9.765,2.027,-11.969,104.23,151.69,36.4
,-10.756,1.735,-9.454,-7.954,2.211,-11.95,93.1,152.25,32.9
,-11.807,1.395,-10.531,-6.152,0.78,-11.811,80.85,144.83,23.8
,-10.553,1.512,-11.429,-5.642,-1.546,-12.06,69.44,130.9,17.64
22035.0,-6.446,-2.647,-11.993,-5.583,0.416,-10.256,14.98,45.64,17.64
,-7.121,-1.878,-11.249,-5.547,-0.488,-9.478,34.79,29.54,22.96
,-7.054,-0.268,-10.735,-4.759,-0.823,-9.646,40.11,5.18,27.44
,-5.987,0.802,-10.885,-4.422,-0.589,-9.622,31.64,-20.3,29.19
22110.0,-4.137,-0.199,-9.308,-3.242,-1.417,-9.43,-6.93,-114.94,36.75
,-4.015,-0.325,-9.002,-3.769,-2.113,-9.055,-14.7,-131.46,37.38
,-3.865,-0.44,-9.287,-3.738,-2.223,-8.6,-25.06,-149.94,34.51
,-3.62,-0.787,-9.399,-3.592,-1.852,-8.514,-32.48,-166.67,31.36
22186.0,-3.9,-1.723,-8.423,-4.398,-0.684,-8.485,3.29,-231.91,27.02
,-4.154,-1.438,-8.337,-4.353,-0.928,-8.076,10.71,-243.81,28.14
,-4.393,-0.95,-8.71,-4.322,-1.031,-7.858,11.62,-255.29,29.89
,-4.439,-0.577,-8.653,-4.563,-0.907,-7.849,9.66,-264.39,31.15
22261.0,-5.176,-0.5,-7.875,-5.415,1.225,-6.449,18.34,-293.72,27.79
,-5.54,0.101,-7.94,-5.875,1.881,-5.085,18.34,-298.13,24.29
,-6.028,0.299,-7.722,-6.111,2.369,-4.786,14.14,-301.14,18.2
,-5.729,0.761,-7.258,-8.969,2.127,-2.879,7.63,-303.38,8.89
22337.0,-9.481,1.213,-1.792,-7.755,-2.472,-0.397,-53.41,-266.35,-38.29
,-9.744,-0.194,-1.792,-7.26,-3.08,0.68,-60.9,-248.22,-45.5
,-9.239,-1.0,-1.122,-6.98,-2.927,1.529,-67.27,-226.8,-48.02
,-8.581,-1.661,-0.668,-6.746,-1.969,1.508,-72.45,-201.32,-45.85
22413.0,-6.887,-0.613,1.103,-5.798,0.316,-5.092,-41.02,-21.07,-7.77
,-6.832,0.737,0.029,-6.822,-0.132,-6.456,-39.76,20.72,-2.87
,-6.576,1.46,-1.838,-20.218,-9.172,2.706,-42.35,60.76,0.77
,-6.152,0.957,-3.807,-28.342,-8.244,6.308,-47.18,96.95,5.04
22489.0,-16.454,-0.859,-4.24,-6.92,-1.426,-4.774,23.66,128.17,24.01
,-4.384,3.467,-8.914,-8.93,3.204,-6.439,-19.6,131.95,1.19
,-4.401,-1.467,-6.1,-7.887,3.719,-10.747,-56.49,125.93,6.72
,-9.519,-4.025,-5.968,-6.076,3.252,-10.969,-44.94,115.71,6.3
22564.0,-5.494,3.879,-10.431,-8.909,-2.508,-5.14,-42.42,110.81,-5.88
,-8.093,0.833,-8.725,-9.158,-1.9,-4.599,-49.84,101.85,-11.55
,-9.079,-2.804,-6.803,-8.311,-0.05,-5.035,-49.14,91.35,-8.47
,-9.249,-2.745,-5.664,-8.428,1.85,-5.492,-37.45,83.86,2.45
22640.0,-8.966,3.089,-5.623,-9.225,2.264,-5.396,20.65,69.23,18.9
,-9.028,3.62,-5.528,-9.38,2.027,-5.425,5.81,64.05,18.83
,-8.923,3.479,-5.367,-9.22,0.498,-5.413,-7.91,59.5,17.85
,-9.107,2.216,-5.279,-9.122,-0.794,-5.497,-13.51,55.16,14.28
22716.0,-8.93,-0.873,-5.58,-8.983,1.314,-5.968,-1.54,44.17,11.83
,-8.863,-0.347,-5.705,-8.823,0.919,-5.937,8.61,42.63,13.58
,-8.985,0.237,-5.666,-8.6,0.426,-5.592,14.98,40.6,13.93
,-9.1,1.062,-5.843,-8.82,0.098,-5.013,16.59,38.22,12.32
22792.0,-9.031,0.325,-4.594,-9.196,1.129,-4.104,8.26,27.37,6.65
,-9.237,1.077,-4.822,-9.275,1.388,-3.905,11.2,25.76,5.81
,-9.134,1.079,-4.702,-9.196,2.166,-3.558,7.77,24.29,5.25
,-8.892,1.122,-4.451,-9.184,2.647,-3.197,4.97,23.31,5.81
22868.0,-9.074,2.393,-2.505,-9.208,-0.579,-1.747,-19.25,20.51,3.29
,-9.1,1.519,-2.149,-9.057,-0.737,-2.096,-26.18,22.4,3.71
,-9.301,0.371,-1.778,-9.134,-1.479,-2.307,-27.65,25.76,5.46
,-9.179,-0.426,-1.627,-9.246,-2.199,-2.62,-24.15,29.54,7.91
22943.0,-9.5,-2.261,-3.345,-9.402,-1.307,-3.431,-12.46,51.31,8.47
,-9.517,-1.419,-3.745,-9.428,-1.271,-2.979,-9.38,54.6,7.77
,-9.347,-0.584,-3.862,-9.866,0.098,-2.443,-9.24,57.47,7.98
,-9.507,-0.816,-3.821,-10.045,1.51,-1.732,-9.94,60.83,9.31
23019.0,-9.962,1.06,-1.29,-10.72,0.541,-2.352,14.14,80.22,13.79
,-9.842,0.385,-1.304,-10.782,0.57,-2.742,11.9,85.4,10.92
,-9.974,-0.098,-1.505,-10.964,-0.605,-2.886,11.69,91.56,9.66
,-10.342,-0.007,-2.036,-11.302,-1.874,-2.915,14.91,97.65,9.24
23094.0,-12.096,-1.311,-2.726,-14.769,-5.135,2.388,31.36,126.07,12.18
,-14.709,2.821,-4.094,-16.145,-4.434,4.515,42.56,130.83,8.61
,-14.613,-1.89,-2.235,-17.363,-3.85,6.77,25.9,136.57,3.85
,-12.862,-6.71,0.048,-17.571,-2.596,5.446,28.56,146.79,10.15
23170.0,-16.884,-2.359,3.824,-15.015,5.468,-8.346,83.44,191.52,40.74
,-15.997,-1.462,1.902,-14.996,6.975,-12.055,80.43,194.53,44.45
,-14.338,-0.512,0.799,-13.573,5.224,-13.795,91.07,196.91,49.35
,-12.237,3.786,-2.503,-12.266,4.544,-13.85,129.57,203.42,48.72
23246.0,-12.082,4.508,-14.661,-8.928,-2.809,-11.759,-31.22,100.03,-28.84
,-7.406,1.534,-15.406,-8.89,-1.201,-12.024,-64.12,72.03,-25.06
,-4.776,-2.9,-15.882,-7.03,-0.273,-11.816,-54.04,70.0,-9.94
,-7.306,-4.08,-13.972,-5.248,-0.153,-11.694,-10.85,67.06,0.56
23322.0,-3.676,-0.495,-11.397,-0.931,-0.184,-10.275,36.12,-96.04,32.9
,-2.919,-0.864,-10.636,-0.581,0.002,-10.108,30.03,-119.21,38.64
,-2.647,-0.962,-10.462,-0.905,-0.098,-9.474,23.73,-142.87,43.33
,-1.948,-0.66,-10.182,-0.924,0.101,-8.983,18.83,-165.13,44.52
23397.0,-0.919,-0.268,-8.567,-0.215,-0.029,-9.758,-23.38,-252.91,38.15
,-1.019,-1.153,-8.502,-0.613,-0.601,-9.727,-16.59,-271.88,37.24
,-0.57,-1.067,-9.177,-1.158,-1.397,-9.873,-7.84,-290.57,35.07
,0.05,-0.34,-9.462,-1.828,-1.232,-9.682,-4.55,-302.75,30.73
23473.0,-2.412,-0.656,-9.935,-5.599,0.141,-6.741,-22.19,-358.96,-6.3
,-2.929,-0.146,-9.943,-6.937,0.488,-5.181,-22.33,-365.05,-12.74
,-3.888,-0.345,-9.191,-8.567,-0.215,-2.682,-20.65,-366.87,-19.53
,-4.769,0.036,-8.114,-10.129,1.749,-2.056,-13.86,-364.56,-25.34
23548.0,-10.282,2.785,-1.385,-5.324,-2.74,-0.139,-29.89,-272.37,-47.67
,-9.143,0.952,-0.873,-5.401,-2.029,1.426,-61.46,-239.26,-53.97
,-7.588,-1.756,0.005,-6.449,-0.775,1.158,-91.91,-200.41,-51.31
,-6.329,-2.946,-0.562,-6.506,1.043,-0.816,-103.67,-157.36,-43.82
23624.0,-6.301,1.053,-3.632,-5.121,-3.537,-2.759,-60.34,81.76,-1.47
,-12.438,-5.698,-7.724,-13.206,-5.171,-3.838,-68.81,109.62,5.88
,-25.535,-11.91,6.71,-13.707,-1.318,-7.918,-27.51,111.93,35.42
,-15.633,-1.761,-0.885,-8.875,5.642,-10.304,6.93,132.09,24.5
23700.0,-2.024,8.174,-12.185,-7.574,4.003,-12.12,22.82,164.43,8.96
,-0.701,6.013,-12.005,-9.256,-0.225,-9.598,-35.07,147.49,1.19
,-3.896,2.283,-12.637,-9.048,-4.171,-6.939,-68.88,132.79,2.03
,-5.841,2.934,-12.704,-8.244,-6.525,-5.305,-70.07,120.61,-7.77
23776.0,-8.105,-4.209,-4.96,-8.059,1.397,-5.549,-32.06,88.62,17.85
,-9.048,-1.165,-5.513,-8.758,1.931,-5.568,-2.52,86.17,16.52
,-9.04,1.242,-6.413,-8.957,3.216,-5.733,6.3,84.21,19.6
,-8.038,1.74,-6.126,-9.409,3.9,-6.109,1.12,81.13,22.68
23852.0,-9.359,2.9,-6.111,-8.729,-0.488,-6.595,-21.84,58.24,8.82
,-8.933,0.979,-6.088,-8.777,0.134,-6.372,-28.21,54.53,8.96
,-8.827,-0.378,-6.236,-8.851,0.936,-6.023,-22.75,51.52,10.01
,-8.82,-0.677,-6.47,-8.904,1.273,-5.568,-11.62,48.72,10.43
23927.0,-9.196,1.113,-5.02,-8.861,0.797,-4.709,-5.04,34.58,5.74
,-9.368,0.55,-4.755,-8.804,1.206,-4.776,-9.03,32.9,4.27
,-9.203,0.084,-4.369,-9.04,1.321,-5.193,-6.86,32.27,4.9
,-9.139,0.385,-4.57,-9.076,1.012,-5.796,-0.98,31.22,5.67
24003.0,-8.753,0.826,-5.968,-8.878,-0.278,-4.621,-15.47,24.99,0.63
,-8.55,0.711,-6.009,-9.122,-0.625,-4.085,-17.92,24.15,0.35
,-8.581,0.369,-5.662,-9.265,-0.663,-3.632,-18.83,24.22,0.98
,-8.634,0.163,-5.154,-9.629,-0.55,-2.871,-18.13,24.57,2.03
24079.0,-9.73,0.101,-2.682,-8.849,-1.201,-1.496,0.14,34.44,16.73
,-9.658,-0.158,-2.58,-8.854,-1.029,-1.4,0.91,38.5,18.62
,-9.34,-0.926,-2.175,-9.146,-0.89,-1.558,1.75,43.26,19.95
,-8.957,-1.115,-1.682,-9.514,-1.163,-1.922,6.65,48.79,21.28
24155.0,-9.88,-1.79,-2.077,-10.943,0.136,-1.39,23.17,74.97,18.2
,-10.232,-2.132,-2.044,-10.641,1.003,-1.22,27.44,80.78,18.06
,-10.457,-1.716,-1.582,-10.538,0.479,-1.223,33.32,87.36,17.64
,-10.754,-0.761,-1.414,-10.67,0.089,-1.555,36.05,93.94,15.82
24230.0,-11.584,0.345,-1.991,-13.733,-4.724,0.689,11.34,124.81,3.85
,-14.343,5.327,-3.051,-15.02,-4.716,1.61,20.51,130.13,-0.14
,-14.85,0.857,-2.02,-16.427,-5.171,3.891,-1.96,135.31,-6.16
,-12.331,-5.396,0.098,-18.303,-4.642,3.687,-8.54,144.97,-0.21
24306.0,-17.483,-3.12,3.135,-12.075,6.037,-6.49,111.51,195.58,54.18
,-16.724,-1.802,1.835,-14.173,6.446,-11.998,122.15,197.26,63.14
,-15.499,-0.861,0.601,-13.568,6.016,-14.214,139.3,197.12,70.28
,-13.044,1.776,-0.136,-12.111,5.542,-13.824,159.32,198.59,66.71
24381.0,-11.027,5.001,-14.178,-7.495,-1.656,-12.534,6.23,119.56,-20.93
,-8.579,3.429,-14.247,-6.913,-0.419,-12.888,-33.18,87.64,-20.02
,-5.532,0.069,-14.506,-6.571,-0.148,-12.635,-41.86,74.27,-8.89
,-6.245,-2.158,-14.307,-5.066,-0.333,-12.249,-21.56,70.77,0.91
24457.0,-3.364,-0.541,-11.998,-2.008,-0.785,-10.127,6.16,-70.07,20.37
,-2.706,-0.495,-11.787,-1.486,-0.67,-10.038,3.08,-92.05,23.17
,-2.62,-0.428,-11.043,-0.701,-0.761,-10.086,-0.21,-113.61,25.62
,-2.245,-0.756,-10.66,-0.555,-0.914,-9.734,-7.42,-133.63,27.44
24533.0,-0.938,-1.053,-9.191,-0.273,-1.388,-9.969,-43.96,-222.39,22.12
,-1.515,-1.479,-8.619,-0.62,-0.677,-10.684,-50.19,-242.27,19.39
,-1.737,-2.089,-9.057,-1.079,-0.613,-10.065,-49.77,-263.62,16.24
,-0.924,-2.01,-9.591,-1.795,-1.098,-9.899,-43.05,-280.77,14.7
24609.0,-2.084,-1.407,-10.091,-4.082,0.385,-10.065,-37.94,-331.24,-6.72
,-2.123,-1.271,-10.421,-4.044,0.586,-8.782,-31.01,-341.81,-13.79
,-2.362,-0.646,-10.562,-5.621,0.105,-6.65,-23.73,-350.0,-19.11
,-3.398,-0.002,-10.689,-7.557,0.445,-4.903,-18.06,-355.95,-22.75
24685.0,-9.514,0.909,-3.845,-8.107,-2.84,0.268,8.75,-329.35,-32.97
,-10.251,1.749,-3.721,-6.87,-3.324,0.048,3.57,-312.34,-41.44
,-10.005,1.517,-2.094,-5.614,-1.61,0.136,-19.39,-288.47,-45.71
,-9.062,-0.622,-0.505,-5.111,-0.347,2.711,-47.04,-257.6,-45.29
24760.0,-5.779,-0.718,3.759,-7.038,1.345,-5.324,-30.59,-32.55,-3.01
,-6.298,0.459,2.379,-16.03,-6.193,-10.543,-22.96,17.78,2.52
,-6.446,2.103,-0.041,-29.165,-10.203,9.505,-26.81,64.54,6.23
,-6.396,2.477,-2.685,-16.939,0.921,-3.484,-43.12,104.02,8.75
24836.0,-11.29,3.443,-4.793,-7.662,4.369,-6.372,-32.69,123.62,-2.59
,-7.085,-2.663,-5.348,-8.722,6.387,-10.467,-85.05,131.88,4.55
,-8.263,-5.461,-7.638,-6.693,5.987,-10.912,-69.09,139.72,7.35
,-5.774,-0.256,-7.516,-4.75,4.917,-9.861,-28.14,144.41,5.39
24912.0,-6.171,2.35,-9.172,-9.342,-4.14,-4.853,-99.47,109.62,-20.16
,-8.698,-0.881,-7.653,-9.239,0.01,-5.331,-92.12,100.87,-16.38
,-9.024,-2.398,-6.454,-8.576,2.749,-5.975,-78.4,92.47,-4.48
,-8.65,-4.815,-5.31,-8.758,3.13,-6.356,-54.53,89.11,13.86
24988.0,-8.603,1.831,-6.188,-8.988,2.079,-6.198,-5.67,70.7,18.83
,-8.181,0.943,-5.987,-9.184,1.024,-5.985,-11.13,66.29,17.92
,-8.571,1.015,-6.147,-9.184,-0.103,-5.827,-9.17,62.16,16.17
,-8.938,1.965,-6.2,-9.241,-0.383,-5.963,-9.66,57.68,13.02
25063.0,-9.275,-0.115,-6.068,-9.062,0.225,-5.544,-8.89,41.02,10.43
,-9.014,-0.483,-5.949,-9.287,0.529,-5.212,-2.94,38.64,12.18
,-8.904,-0.663,-5.688,-9.11,0.718,-5.054,4.27,36.54,13.09
,-8.904,-0.29,-5.757,-8.973,0.62,-4.649,11.27,34.09,12.46
25139.0,-9.11,0.498,-4.417,-8.689,0.931,-4.432,0.0,22.54,7.35
,-9.261,0.792,-4.908,-8.741,0.014,-3.955,3.43,21.07,6.65
,-8.959,1.251,-4.941,-9.079,-0.452,-3.475,4.76,19.81,6.23
,-8.681,1.354,-4.685,-9.538,-0.213,-3.154,2.24,19.39,5.95
25214.0,-9.749,0.352,-3.173,-8.49,0.01,-3.601,0.49,24.71,8.4
,-9.672,0.632,-3.259,-8.265,-0.541,-3.518,-1.68,26.32,8.47
,-9.497,0.78,-3.652,-8.674,-0.802,-3.077,-6.79,26.74,7.07
,-8.923,0.704,-3.812,-9.05,-0.919,-2.402,-12.81,27.3,6.23
25290.0,-9.268,-0.244,-1.993,-9.304,-0.419,-1.271,-6.16,38.01,10.22
,-9.509,-0.349,-1.498,-9.617,-0.5,-1.613,-2.52,42.0,11.83
,-9.323,-0.802,-1.106,-9.902,-0.28,-1.771,2.66,46.48,14.07
,-9.301,-0.663,-1.187,-9.794,0.94,-1.778,12.25,51.87,16.52
25366.0,-10.01,0.526,-1.965,-10.617,-0.761,-3.357,28.63,76.23,17.92
,-10.225,0.318,-1.991,-10.849,-1.027,-3.496,26.6,80.99,15.4
,-10.237,0.261,-2.458,-10.967,-1.17,-3.271,23.1,85.47,12.39
,-10.502,-0.067,-3.254,-11.359,-0.572,-3.396,18.06,89.74,9.31
25442.0,-13.154,3.324,-4.092,-12.819,-3.24,-1.653,31.29,113.05,5.32
,-13.345,0.168,-4.283,-13.953,-2.046,-0.22,16.24,116.62,-0.49
,-11.074,-6.308,-3.367,-14.13,-1.584,0.866,12.04,123.55,4.06
,-11.96,-6.085,-2.41,-13.821,-2.486,1.637,42.35,131.39,14.98
25517.0,-13.709,-3.439,1.24,-11.347,2.0,-3.563,90.58,166.6,49.42
,-12.891,-3.197,0.926,-10.321,3.68,-6.332,104.37,172.9,58.94
,-12.517,-1.859,0.017,-9.531,5.044,-8.337,127.19,177.66,66.43
,-12.448,-0.089,-1.479,-11.144,4.886,-12.788,149.59,178.92,69.02
25593.0,-10.526,3.589,-13.951,-3.659,-0.603,-13.451,83.23,142.87,14.84
,-9.765,2.716,-13.592,-3.805,-1.689,-13.872,55.65,122.99,5.81
,-8.485,2.185,-12.946,-4.221,-2.23,-12.565,28.0,98.49,2.03
,-6.291,1.041,-13.51,-4.587,-1.577,-11.646,1.61,72.73,4.48
25669.0,-3.941,-0.682,-11.256,-1.998,0.045,-9.457,32.48,-12.25,35.28
,-3.764,0.077,-10.644,-1.919,-0.392,-9.318,24.36,-36.82,39.97
,-2.994,-0.072,-9.682,-1.984,-1.261,-9.294,14.28,-57.61,44.94
,-2.778,0.201,-9.387,-2.123,-2.386,-7.992,3.01,-79.59,47.25
25745.0,-2.58,-2.534,-8.26,-2.307,-2.276,-9.258,-56.35,-168.63,29.4
,-1.852,-2.163,-8.701,-2.484,-1.524,-9.141,-49.21,-184.73,26.81
,-2.022,-2.192,-8.921,-3.032,-0.617,-9.153,-41.72,-198.94,24.15
,-2.079,-2.414,-9.038,-3.386,-0.242,-9.799,-30.52,-211.61,22.05
25821.0,-3.329,-0.246,-10.089,-4.736,-1.17,-9.665,-28.84,-254.94,13.65
,-3.568,-0.675,-9.787,-4.867,-0.737,-9.275,-35.84,-260.75,9.59
,-3.786,-0.962,-9.763,-4.664,-0.196,-8.22,-39.83,-267.12,3.08
,-4.092,-1.055,-9.773,-5.485,1.117,-7.76,-40.95,-272.58,-3.22
25896.0,-6.753,2.422,-7.2,-9.866,1.149,-5.793,-8.96,-266.77,-31.64
,-8.071,2.84,-7.052,-9.476,-0.438,-4.695,-17.78,-261.52,-41.44
,-8.863,2.606,-6.339,-9.069,-2.644,-3.434,-37.24,-254.31,-48.44
,-9.378,1.871,-5.384,-8.758,-4.281,-2.651,-58.17,-247.8,-59.29
25972.0,-8.851,-4.908,-2.522,-7.423,0.093,1.524,-115.85,-184.03,-64.54
,-8.689,-4.011,-1.586,-7.533,-1.077,1.625,-106.05,-164.43,-59.08
,-7.992,-1.551,-0.481,-7.143,-2.039,1.089,-101.71,-142.03,-57.47
,-7.442,-0.002,0.732,-6.748,-1.974,0.33,-107.8,-115.85,-57.26
26047.0,-6.624,-1.173,-0.708,-7.157,1.137,-4.673,-126.35,32.9,-31.01
,-6.712,-0.555,-1.773,-9.435,-0.019,-6.451,-124.53,53.83,-25.62
,-6.963,0.017,-2.548,-11.96,-4.099,-4.477,-123.55,71.26,-20.51
,-6.932,0.976,-3.448,-20.105,-10.27,4.269,-123.06,84.7,-16.66
26123.0,-17.497,-1.35,1.287,-8.725,-2.027,-3.08,-54.32,37.73,5.88
,-9.646,3.022,-0.333,-9.308,-2.871,-3.874,-56.14,35.77,-3.08
,-10.232,-2.893,-0.648,-8.906,-4.319,-5.013,-85.82,41.16,1.89
,-9.974,-5.001,-1.481,-6.947,-1.381,-5.791,-77.98,54.95,12.67
26199.0,-6.825,2.087,-6.286,-8.629,1.634,-4.463,-9.1,80.08,30.17
,-8.531,3.271,-6.274,-8.248,0.256,-4.929,-23.24,73.36,23.87
,-10.163,3.446,-5.422,-9.466,-0.457,-4.915,-42.49,66.29,20.65
,-10.189,2.577,-4.494,-9.667,-0.538,-4.893,-60.83,59.99,17.92
26275.0,-9.378,0.101,-3.982,-9.596,1.615,-2.8,-25.97,46.06,24.36
,-9.744,1.658,-3.396,-8.978,0.108,-2.749,-24.57,44.52,21.14
,-10.019,2.668,-3.206,-9.117,-1.352,-2.67,-39.62,42.21,11.55
,-9.837,2.857,-2.955,-9.335,-1.397,-2.898,-66.29,40.18,0.49
26350.0,-9.639,-0.359,-3.089,-9.028,-1.627,-4.511,-57.82,42.42,3.01
,-9.555,0.983,-3.118,-9.153,-0.177,-3.563,-48.93,41.37,5.32
,-9.208,1.421,-3.582,-9.698,3.013,-3.187,-53.2,40.39,4.76
,-9.421,-0.491,-4.006,-9.931,3.144,-2.821,-60.55,39.76,3.71
26426.0,-9.978,1.965,-3.139,-8.88,-0.763,-4.192,-103.32,35.42,-27.65
,-9.045,-0.572,-3.293,-9.284,0.007,-4.508,-123.41,35.28,-33.25
,-8.856,-3.034,-3.309,-8.997,-0.45,-5.418,-123.06,37.38,-36.05
,-8.82,-2.398,-3.68,-8.926,-1.577,-5.934,-111.86,38.92,-39.55
26502.0,-8.698,-1.711,-6.293,-7.944,0.584,-5.705,-150.01,29.89,-69.02
,-8.507,-0.61,-6.439,-8.059,-0.211,-4.932,-149.87,27.72,-73.15
,-8.361,0.689,-6.573,-8.476,-0.208,-4.573,-157.01,24.85,-77.98
,-8.267,0.871,-6.31,-8.681,0.579,-4.475,-169.96,21.77,-84.07
26578.0,-8.827,0.916,-4.891,-8.181,-0.041,-6.382,-194.67,14.14,-91.28
,-8.55,1.302,-4.858,-8.179,-1.18,-6.616,-195.65,13.23,-91.35
,-8.684,1.508,-5.75,-7.691,-1.728,-6.066,-198.8,11.41,-93.1
,-8.421,1.137,-6.253,-8.153,-1.106,-5.779,-204.19,8.89,-95.69
26654.0,-8.665,-0.036,-5.597,-9.036,0.342,-4.302,-179.97,2.66,-81.97
,-8.871,0.282,-5.386,-8.983,1.211,-3.96,-174.16,2.31,-78.26
,-8.806,-0.072,-5.035,-9.081,1.579,-4.377,-169.89,1.82,-74.48
,-8.871,-0.093,-4.733,-8.504,1.106,-4.549,-162.89,1.61,-70.14
26729.0,-7.806,-0.629,-4.681,-8.892,0.986,-5.334,-152.95,-2.52,-61.95
,-8.346,-0.536,-4.75,-8.789,1.125,-5.152,-142.1,-2.24,-57.61
,-8.804,0.524,-4.831,-9.019,0.943,-5.207,-129.99,-1.82,-52.71
,-9.002,0.689,-5.245,-9.083,0.699,-5.245,-121.24,-1.75,-48.09
26805.0,-8.892,0.474,-5.097,-8.787,0.05,-5.437,-91.56,-3.64,-34.44
,-9.332,0.433,-5.415,-8.873,0.641,-5.702,-88.27,-4.55,-34.23
,-8.839,-0.512,-5.465,-8.579,0.512,-5.604,-88.55,-5.6,-34.44
,-8.39,-0.797,-5.243,-8.569,0.318,-5.48,-84.91,-5.88,-33.81
26880.0,-8.78,0.608,-5.111,-7.779,0.426,-4.547,-71.96,-11.34,-31.92
,-8.648,0.878,-5.011,-7.712,0.668,-4.582,-66.85,-12.18,-29.19
,-8.39,0.538,-5.025,-8.461,-0.294,-4.915,-62.16,-13.58,-26.11
,-7.827,-0.235,-4.683,-8.942,-1.24,-5.217,-53.27,-13.79,-20.09
26956.0,-8.971,-0.596,-5.257,-9.083,-0.29,-5.559,29.54,-14.21,19.53
,-9.775,0.294,-6.176,-8.734,0.558,-4.815,29.82,-15.89,19.04
,-9.531,0.081,-6.207,-8.916,0.909,-4.324,21.07,-17.43,16.38
,-9.383,-0.651,-5.98,-8.947,0.972,-3.843,14.77,-18.13,13.51
27032.0,-8.823,0.589,-3.568,-7.684,-1.692,-4.085,2.66,-20.16,6.72
,-9.055,0.414,-3.582,-8.981,5.499,-3.204,1.96,-19.04,7.14
,-9.529,-0.156,-3.601,-9.756,4.022,-2.324,0.42,-17.29,4.41
,-8.76,-3.003,-4.621,-9.452,-0.613,-2.034,-7.42,-11.9,-4.97
27108.0,-9.682,-0.646,-3.015,-8.947,-2.907,-3.869,13.58,-11.13,12.04
,-8.938,1.23,-3.798,-9.083,-2.178,-3.745,28.14,-9.8,13.3
,-9.229,0.101,-3.951,-9.16,0.522,-3.944,21.14,-8.82,10.85
,-9.21,-1.651,-3.934,-9.012,1.871,-3.874,14.21,-6.65,7.77
27183.0,-9.239,1.031,-3.733,-9.512,0.579,-1.972,16.73,-0.42,3.36
,-9.06,0.093,-3.446,-9.792,2.094,-2.462,14.07,0.28,2.52
,-8.945,-0.433,-3.051,-9.459,2.446,-2.757,16.73,1.89,3.15
,-9.246,-0.316,-2.546,-9.06,1.354,-2.694,21.98,4.2,4.27
27259.0,-9.081,0.553,-2.962,-9.6,2.032,-3.719,2.52,6.37,-2.66
,-9.153,0.653,-3.223,-9.256,1.874,-3.991,10.29,7.63,-1.12
,-8.997,0.861,-3.032,-9.091,1.431,-4.357,16.59,8.89,0.98
,-9.294,1.469,-3.154,-9.05,1.34,-4.81,21.14,9.31,2.31
27335.0,-9.028,1.22,-4.853,-9.38,0.096,-3.405,8.68,4.2,-1.26
,-8.842,1.479,-4.503,-9.05,-0.306,-3.506,5.25,2.52,-2.52
,-9.134,1.302,-3.915,-9.007,-0.488,-3.664,-1.61,1.26,-4.27
,-9.32,0.675,-3.422,-8.945,-0.771,-3.996,-7.21,0.98,-5.53
27411.0,-8.909,-0.672,-3.97,-8.935,0.706,-4.547,-2.45,6.16,-5.04
,-9.184,0.079,-4.142,-9.076,0.885,-4.568,0.7,6.44,-4.34
,-9.026,0.402,-4.274,-8.775,0.464,-4.417,0.35,6.23,-4.27
,-8.818,0.627,-4.396,-8.978,0.218,-4.257,-1.54,5.74,-4.2
27486.0,-9.189,0.16,-4.121,-9.134,1.491,-3.183,-14.49,1.75,-7.0
,-8.949,0.098,-3.747,-9.064,1.187,-2.927,-15.33,1.89,-7.14
,-9.225,0.57,-3.367,-9.107,0.888,-2.879,-14.98,2.24,-6.93
,-9.316,1.223,-3.19,-9.234,0.787,-3.424,-16.52,2.31,-7.49
27562.0,-9.11,0.258,-3.805,-9.038,0.364,-4.448,-24.43,6.09,-5.32
,-8.952,-0.625,-3.869,-9.021,0.488,-4.69,-22.47,7.98,-4.34
,-9.06,-0.641,-4.049,-8.698,0.067,-4.745,-16.31,9.1,-5.18
,-8.995,0.079,-4.288,-8.586,-0.866,-4.499,-13.51,9.87,-6.09
27638.0,-8.813,-0.476,-4.355,-9.115,0.436,-3.276,-20.23,10.36,-11.62
,-9.083,0.06,-4.262,-9.155,0.644,-2.962,-16.24,11.34,-11.48
,-9.287,0.804,-3.888,-9.062,0.797,-2.807,-15.33,11.62,-11.62
,-9.167,0.94,-3.649,-9.196,0.57,-2.754,-17.85,12.67,-11.62
27713.0,-9.182,0.979,-3.171,-8.545,-0.51,-5.135,-19.11,18.2,-13.37
,-8.935,0.749,-3.568,-8.715,0.081,-5.65,-23.38,18.83,-14.28
,-8.796,-0.034,-4.171,-8.619,0.026,-5.75,-25.62,19.53,-14.91
,-8.562,-0.713,-4.695,-8.454,-0.258,-5.489,-23.52,20.37,-14.35
27789.0,-8.679,-0.177,-5.011,-9.016,0.68,-3.678,-6.58,20.02,-12.95
,-8.77,0.672,-4.59,-8.744,0.474,-3.922,-2.17,20.09,-12.88
,-8.856,1.213,-4.183,-8.775,0.246,-4.468,-2.59,19.95,-12.95
,-9.002,0.907,-3.62,-8.622,0.034,-5.068,-6.09,20.16,-13.23
27865.0,-8.457,-0.024,-5.343,-8.418,0.211,-5.185,-10.64,22.19,-16.87
,-8.461,0.098,-5.48,-8.507,0.275,-4.994,-9.24,22.05,-17.36
,-8.598,0.457,-5.566,-8.552,0.51,-4.695,-8.19,21.63,-18.34
,-8.423,0.412,-5.403,-8.672,0.677,-4.726,-9.17,20.86,-18.48
27941.0,-8.574,0.672,-4.786,-8.406,0.194,-5.142,-9.8,20.65,-20.37
,-8.681,0.139,-4.908,-8.382,0.187,-5.185,-11.34,20.86,-21.0
,-8.507,-0.258,-5.02,-8.186,0.553,-4.838,-9.94,21.35,-20.93
,-8.363,-0.325,-4.956,-7.121,-1.208,-5.877,-5.39,22.05,-20.44
28016.0,-8.368,-0.835,-6.724,-8.279,0.29,-6.076,-2.66,23.17,-31.43
,-8.567,0.648,-6.466,-8.402,0.239,-5.867,-6.51,21.63,-32.34
,-8.327,-0.306,-6.143,-8.366,-0.412,-5.511,-12.74,21.0,-34.23
,-8.27,-0.273,-6.03,-8.457,-0.869,-5.154,-10.92,20.93,-36.47
28092.0,-8.772,-0.424,-4.834,-9.282,-1.278,-4.824,-6.44,21.84,-39.55
,-9.253,0.538,-4.838,-9.174,-1.005,-4.585,-1.4,23.45,-39.27
,-9.864,1.165,-5.061,-9.074,-0.242,-4.719,-1.12,24.5,-40.25
,-9.701,-0.034,-5.274,-8.933,-0.72,-4.669,-5.18,25.13,-40.74
28168.0,-8.83,-0.608,-4.707,-9.73,-0.287,-5.595,12.32,33.67,-37.31
,-9.284,0.153,-4.867,-9.675,-0.706,-5.377,13.23,35.49,-39.83
,-9.586,0.744,-4.884,-9.775,-0.184,-5.114,9.87,36.89,-43.96
,-9.835,0.503,-5.465,-9.727,0.486,-4.807,2.73,37.8,-48.79
28244.0,-9.404,0.194,-4.164,-9.462,-0.622,-2.453,-10.78,43.96,-59.29
,-9.263,-0.146,-3.575,-9.686,-0.771,-2.228,-16.38,45.92,-60.62
,-9.229,-0.057,-3.171,-10.225,-0.632,-2.06,-20.37,48.37,-61.88
,-9.308,-0.27,-2.764,-11.062,-0.57,-2.134,-24.5,51.8,-62.93
28319.0,-11.29,-0.596,-0.61,-12.477,1.007,-2.242,-31.01,75.39,-68.53
,-11.318,0.759,0.038,-11.517,-1.464,-3.896,-20.44,83.09,-72.52
,-12.261,4.374,-0.943,-10.112,-2.498,-4.879,-7.63,87.99,-82.67
,-12.247,4.161,-0.967,-9.737,-0.912,-6.521,-18.34,90.3,-90.79
28395.0,-10.043,1.232,-6.93,-9.359,6.825,-8.363,-50.82,84.98,-57.05
,-10.636,3.783,-7.782,-8.957,5.365,-8.093,-50.54,82.53,-55.51
,-10.866,6.59,-7.653,-8.48,3.661,-8.1,-59.43,77.35,-59.64
,-10.297,7.731,-8.062,-8.181,2.73,-8.27,-81.62,69.09,-62.51
28470.0,-8.004,2.149,-8.643,-7.394,2.18,-9.785,-115.71,20.65,-54.74
,-7.825,1.711,-8.698,-6.983,2.075,-9.6,-102.97,9.59,-56.77
,-7.937,1.318,-8.88,-7.085,1.783,-9.682,-89.67,-2.66,-60.83
,-7.99,1.709,-9.744,-6.975,1.926,-9.95,-78.54,-16.45,-65.87
28546.0,-6.961,2.249,-10.117,-5.841,1.491,-10.194,-73.71,-82.11,-76.23
,-6.784,2.07,-9.763,-5.453,0.849,-10.096,-83.79,-94.85,-78.05
,-6.513,2.237,-9.966,-4.996,0.538,-10.258,-92.26,-107.87,-79.8
,-6.133,2.039,-10.141,-4.669,-0.103,-9.945,-102.41,-120.61,-80.5
28622.0,-4.436,-0.613,-10.033,-4.343,-1.441,-9.493,-135.38,-178.29,-74.97
,-4.221,-1.216,-9.847,-4.389,-1.261,-9.447,-131.04,-188.3,-71.96
,-4.446,-1.548,-9.751,-4.434,-1.261,-9.095,-122.15,-198.59,-68.81
,-4.379,-1.608,-9.617,-4.879,-1.374,-8.658,-109.62,-207.62,-64.82
28698.0,-5.142,-1.517,-8.117,-6.234,-0.725,-6.59,-42.35,-234.71,-37.24
,-5.097,-1.677,-7.71,-6.659,-0.352,-6.614,-31.71,-240.1,-30.8
,-5.298,-1.756,-7.337,-6.652,-0.397,-6.324,-20.44,-245.0,-23.94
,-5.702,-1.311,-7.035,-6.456,-0.311,-6.023,-10.01,-248.57,-16.45
28774.0,-6.547,0.325,-4.659,-9.543,0.663,-0.785,-15.47,-248.15,1.19
,-6.851,0.079,-3.197,-8.744,0.421,0.316,-17.5,-238.0,3.15
,-8.514,0.323,-2.273,-8.466,1.031,-0.349,-10.57,-224.63,-0.84
,-9.268,0.931,-1.646,-8.153,0.476,-0.577,-6.72,-209.72,-6.58
28849.0,-7.889,-1.07,-0.397,-7.016,-1.237,-1.347,-88.41,-97.37,-19.81
,-7.368,-2.154,-0.134,-7.279,-0.756,-2.402,-91.28,-67.9,-14.84
,-7.169,-2.06,-0.313,-7.401,-0.57,-3.096,-81.62,-37.45,-9.8
,-7.344,-1.969,-0.589,-7.684,-0.117,-3.903,-69.37,-6.86,-5.81
28925.0,-8.26,-0.29,-4.585,-8.425,1.606,-8.957,-39.2,117.04,19.81
,-13.415,-4.982,-1.503,-1.993,4.441,-7.956,-40.11,126.91,23.8
,-18.421,-7.44,9.091,-3.848,4.728,-9.478,-19.46,133.42,31.85
,-24.357,-5.197,-3.805,-5.999,2.288,-6.406,-12.74,159.53,36.33
29001.0,-8.854,2.962,-6.145,-9.146,-1.663,-9.675,-79.03,87.99,-19.88
,-9.653,3.257,-10.677,-8.588,-5.719,-8.538,-97.09,87.64,-16.59
,-6.308,3.623,-12.154,-7.997,-5.829,-6.549,-108.99,93.24,-11.34
,-5.863,2.357,-10.136,-8.614,-3.778,-5.963,-108.99,95.55,-10.71
29077.0,-9.373,-1.247,-6.473,-8.33,0.613,-6.683,20.58,75.88,24.71
,-8.504,0.57,-6.872,-8.547,0.084,-6.329,20.16,72.38,26.81
,-8.038,1.077,-6.547,-8.942,-0.086,-6.123,8.82,67.48,23.94
,-8.38,0.916,-6.714,-8.887,0.244,-5.645,-7.56,61.88,19.25
29152.0,-9.112,0.376,-5.173,-9.227,2.187,-5.477,10.22,46.41,22.61
,-9.342,0.555,-4.822,-8.94,2.484,-5.855,15.4,44.31,24.5
,-9.268,1.041,-4.774,-8.741,2.125,-5.956,18.48,42.63,24.36
,-9.249,1.589,-5.075,-8.792,1.855,-5.736,19.53,40.95,22.75
29228.0,-8.892,1.656,-5.47,-9.306,0.357,-3.69,-3.08,25.48,7.84
,-8.892,1.426,-4.836,-9.328,0.912,-3.683,-4.48,23.38,6.23
,-9.028,0.696,-4.135,-9.249,1.196,-3.829,-6.16,22.4,5.46
,-9.189,0.302,-3.719,-9.155,1.244,-4.424,-4.48,22.54,5.46
29303.0,-8.78,0.818,-4.525,-9.179,0.491,-3.795,-14.56,22.89,3.29
,-8.586,-0.196,-4.195,-8.93,0.644,-3.838,-16.73,24.57,4.34
,-8.751,-0.794,-3.888,-8.83,-0.079,-3.754,-13.09,27.02,5.74
,-9.299,-0.491,-3.738,-8.746,-0.821,-3.805,-7.07,29.19,6.3
29379.0,-8.909,-1.299,-3.817,-9.653,-0.163,-3.599,-10.71,38.78,9.94
,-9.442,-1.07,-3.79,-9.866,0.163,-3.142,-7.98,40.95,9.94
,-9.385,-0.392,-3.941,-10.01,-0.158,-2.201,-8.89,42.77,10.43
,-9.591,-0.546,-3.573,-10.16,-0.211,-1.579,-13.09,44.87,11.69
29455.0,-9.883,0.211,-1.539,-10.371,-0.57,-1.601,17.5,67.06,21.07
,-9.978,0.01,-1.402,-10.464,-0.218,-2.12,15.12,72.24,19.53
,-10.112,-0.782,-1.354,-10.754,0.464,-2.685,14.35,77.84,18.48
,-10.251,-0.708,-1.388,-11.254,0.512,-2.783,17.22,84.21,17.64
29531.0,-11.646,-0.299,-2.836,-14.843,-0.503,-1.764,14.91,113.61,8.26
,-11.921,-1.259,-2.644,-12.781,-6.523,0.182,18.2,120.05,9.73
,-12.74,-1.079,-2.51,-13.927,-5.147,0.962,28.14,127.05,12.32
,-14.594,3.19,-2.702,-14.585,-5.47,3.424,40.39,132.37,10.99
29607.0,-16.516,-5.307,5.918,-14.336,0.593,-0.68,87.08,181.65,54.46
,-16.971,-3.017,6.844,-11.766,1.606,-3.795,113.12,192.71,62.3
,-17.956,-0.555,4.738,-13.113,4.389,-7.861,125.23,197.12,64.33
,-16.102,0.84,2.852,-15.432,2.694,-10.357,129.5,198.1,68.81
29682.0,-14.393,2.41,-12.51,-5.867,-2.991,-15.951,77.49,174.51,21.63
,-12.682,2.838,-13.154,-7.913,-2.029,-14.161,41.86,142.24,2.52
,-9.273,2.429,-13.668,-8.94,-0.656,-12.838,0.84,106.68,-2.17
,-6.506,-1.12,-15.08,-8.021,0.555,-13.089,-21.14,84.35,9.59
29758.0,-6.832,0.675,-12.601,-2.101,-0.526,-11.144,33.39,-42.35,44.94
,-5.027,-0.148,-12.508,-1.888,-0.577,-10.713,22.05,-74.41,44.73
,-2.785,-0.725,-12.761,-1.809,-0.826,-10.392,16.17,-97.3,45.5
,-2.067,-0.639,-12.091,-1.51,-1.4,-10.191,13.16,-114.24,49.98
29834.0,-1.318,-1.759,-10.105,-2.149,-1.206,-8.392,-24.57,-211.26,45.78
,-0.854,-1.397,-9.332,-1.656,-0.727,-9.375,-24.99,-225.4,44.1
,-1.338,-1.225,-7.808,-1.237,-0.263,-9.191,-24.57,-239.33,43.47
,-2.127,-1.412,-8.047,-1.996,-0.347,-9.024,-23.24,-256.83,39.2
29910.0,-2.204,-0.871,-9.177,-3.027,0.012,-9.82,-30.66,-316.68,14.0
,-2.034,-1.113,-9.768,-3.51,0.048,-9.517,-31.92,-326.2,7.35
,-1.936,-0.727,-10.455,-3.238,-0.73,-8.363,-29.75,-335.02,-1.26
,-2.156,-0.323,-10.261,-3.972,-1.141,-7.485,-27.16,-341.32,-10.5
29985.0,-4.941,-0.936,-6.121,-10.311,2.278,-1.936,-5.46,-342.65,-34.16
,-7.162,0.404,-4.889,-9.519,-0.455,-0.208,3.08,-334.11,-31.85
,-9.411,1.677,-3.625,-8.55,-3.218,1.022,3.85,-321.58,-34.37
,-10.33,3.154,-3.589,-6.714,-3.331,-0.086,-7.63,-305.62,-42.07
30061.0,-5.056,-1.986,1.857,-6.741,2.723,0.227,-62.51,-134.05,-17.08
,-5.465,-1.529,4.59,-6.793,3.008,-2.936,-50.96,-81.76,-3.92
,-6.58,-1.299,4.587,-6.829,1.618,-6.588,-38.36,-25.9,4.2
,-6.892,0.725,2.785,-13.628,-5.456,-13.252,-30.94,28.56,8.05
30136.0,-32.137,-14.704,15.013,-8.37,-7.868,-10.256,-9.66,113.05,54.67
,-19.469,1.692,-3.585,-3.324,-5.03,-8.004,25.69,116.62,15.4
,-9.847,6.231,-4.054,-6.782,0.854,-7.602,-32.13,149.38,-1.26
,-5.535,-2.754,-6.078,-7.772,4.468,-10.976,-99.68,165.41,9.31
30212.0,-3.314,7.193,-12.867,-8.421,-1.019,-7.566,-34.93,139.09,1.82
,-4.621,5.894,-11.943,-8.282,-4.422,-5.791,-59.15,133.77,-14.49
,-7.904,3.558,-10.306,-8.679,-3.293,-5.293,-72.87,124.39,-15.47
,-9.698,1.548,-8.6,-8.399,-0.22,-6.566,-74.83,111.23,-9.52
30288.0,-7.755,1.586,-7.184,-9.217,3.398,-7.743,35.42,86.66,31.71
,-8.189,2.797,-7.138,-8.997,0.871,-7.909,35.77,79.38,30.31
,-8.935,4.233,-7.315,-8.634,-0.237,-7.755,23.45,71.61,27.79
,-9.375,5.073,-7.617,-8.449,-1.01,-6.272,2.17,65.24,22.96
30364.0,-8.942,-1.977,-6.277,-9.177,0.433,-4.889,-4.2,45.78,11.69
,-8.926,-2.046,-5.602,-9.179,1.259,-4.81,6.93,43.47,15.33
,-8.82,-1.498,-5.231,-9.11,1.5,-4.618,17.29,41.72,18.9
,-8.949,-0.543,-5.078,-9.258,1.496,-4.044,25.27,40.18,20.16
30439.0,-9.45,1.84,-4.037,-8.945,2.249,-4.233,19.81,31.99,13.58
,-9.139,2.01,-3.922,-8.839,1.553,-4.484,21.28,30.66,13.02
,-9.246,2.333,-3.944,-8.878,1.019,-4.539,20.65,29.26,11.97
,-9.098,2.419,-4.049,-9.062,0.514,-4.391,14.91,27.86,9.66
30515.0,-9.229,-0.409,-3.853,-9.201,0.55,-2.627,-26.74,26.46,0.63
,-9.246,-1.479,-3.128,-9.691,0.56,-2.328,-24.22,29.54,3.01
,-9.021,-1.503,-2.754,-9.521,0.053,-2.015,-16.03,32.62,5.74
,-9.263,-0.591,-2.398,-9.732,-0.651,-1.835,-10.29,34.72,6.58
30591.0,-9.344,-0.615,-2.003,-10.246,-0.548,-1.677,-23.24,52.78,10.85
,-9.555,0.493,-1.792,-10.208,-1.067,-1.962,-13.72,57.47,16.1
,-9.945,1.429,-1.965,-10.447,-1.735,-1.742,-7.0,62.72,21.14
,-10.297,0.376,-1.945,-10.78,-2.144,-1.405,-0.14,68.67,23.66
30667.0,-10.84,-2.398,-1.371,-11.515,-0.366,-1.73,26.11,99.89,17.78
,-10.878,-2.103,-1.347,-11.854,-0.407,-1.548,27.79,107.31,14.63
,-10.995,-1.027,-1.546,-12.247,-0.359,-1.402,25.97,114.38,10.78
,-11.342,-0.447,-1.601,-13.69,2.608,-1.043,18.34,120.82,7.28
30743.0,-15.666,1.62,-2.041,-18.454,-5.3,7.164,21.07,152.6,7.49
,-13.824,-4.786,-0.359,-18.705,-3.731,6.916,9.73,161.56,11.83
,-14.207,-6.779,1.831,-17.834,-1.426,3.91,30.8,173.81,25.55
,-15.951,-6.162,5.267,-15.178,-0.225,0.572,70.21,188.16,46.83
30818.0,-11.574,1.187,-2.515,-13.053,3.74,-14.034,146.79,218.05,71.05
,-13.403,5.602,-7.842,-11.065,4.188,-14.551,159.39,217.14,57.05
,-16.03,4.341,-10.651,-7.653,1.244,-14.941,139.86,204.61,42.98
,-15.485,4.448,-14.53,-5.08,-1.95,-16.683,105.14,182.07,26.46
30894.0,-5.788,-2.761,-15.626,-5.556,1.034,-11.596,13.72,64.61,15.61
,-7.552,-1.749,-13.384,-3.484,0.208,-11.18,41.44,43.54,21.0
,-7.667,-0.191,-12.656,-2.402,-0.426,-10.785,50.12,7.35,28.14
,-6.693,0.591,-12.446,-2.032,-0.242,-10.617,44.31,-27.79,34.58
30969.0,-1.63,-0.361,-10.304,-1.115,-0.285,-9.586,-1.19,-149.59,46.06
,-1.35,0.053,-9.337,-0.768,-0.019,-9.782,-3.57,-164.29,45.92
,-1.761,0.345,-9.373,-0.584,-0.196,-10.017,-12.95,-183.4,42.49
,-1.486,-0.012,-9.567,-0.83,-0.96,-9.665,-26.46,-204.89,39.34
31045.0,-1.074,-1.366,-9.701,-1.685,-0.292,-10.569,-37.52,-287.21,25.69
,-1.015,-1.043,-9.624,-1.417,-0.311,-11.194,-29.54,-301.91,20.72
,-0.854,-0.318,-10.06,-1.699,-0.364,-10.522,-26.88,-314.51,14.56
,-1.328,-0.081,-10.292,-2.991,-0.5,-9.935,-28.35,-325.36,10.29
31121.0,-3.252,-0.66,-9.768,-8.832,-0.103,-3.644,-32.06,-371.14,-18.13
,-3.699,-0.548,-8.698,-10.038,0.313,-2.486,-24.22,-370.72,-24.71
,-5.334,-0.605,-6.382,-10.079,1.015,-1.292,-10.85,-362.6,-27.23
,-6.348,0.251,-5.815,-9.854,0.634,-0.885,-0.14,-348.18,-22.96
31197.0,-8.052,-0.849,-0.644,-5.607,-0.266,0.893,-71.12,-207.97,-28.14
,-6.655,-1.941,-0.402,-6.222,1.173,-0.378,-79.1,-163.17,-23.1
,-5.413,-1.158,-0.62,-6.549,2.331,-2.584,-74.62,-115.71,-16.73
,-4.896,-0.72,0.61,-6.829,1.962,-5.14,-69.65,-67.06,-9.73
31272.0,-8.55,-0.581,-7.662,-3.106,3.123,-9.277,-99.05,139.3,6.3
,-24.341,-15.595,8.966,-6.492,-2.467,-8.586,-111.37,125.23,24.78
,-27.37,-9.141,5.059,-5.693,-3.324,-8.619,-42.84,123.55,42.49
,-15.264,3.235,-10.074,-7.083,1.213,-6.305,-7.28,136.29,-0.49
31348.0,-8.658,5.006,-11.536,-9.277,-2.618,-8.251,-24.01,136.57,4.69
,-5.927,6.255,-13.206,-8.954,-2.371,-6.772,-42.56,132.23,8.61
,-3.553,5.461,-11.409,-8.471,-4.07,-6.001,-72.45,123.97,-4.62
,-6.628,1.29,-9.957,-8.464,-2.611,-6.15,-90.93,113.61,-14.91
31423.0,-8.698,0.706,-6.463,-8.665,2.86,-5.925,24.29,85.82,31.29
,-9.06,1.833,-6.391,-8.861,2.407,-6.234,25.2,81.97,27.65
,-8.94,2.137,-6.37,-8.94,2.161,-6.377,17.85,77.77,23.94
,-8.638,3.032,-5.906,-9.361,0.847,-6.088,9.87,72.94,20.65
31499.0,-9.39,-0.232,-5.53,-9.11,1.996,-5.961,-16.94,52.92,12.39
,-9.107,-0.294,-5.43,-9.21,1.211,-5.865,-4.83,50.75,13.23
,-8.885,0.684,-5.657,-9.005,0.048,-5.76,7.63,48.3,13.51
,-8.815,1.857,-5.834,-8.832,-1.029,-5.645,11.06,45.15,12.6
31575.0,-8.835,-1.24,-5.556,-9.174,1.218,-4.64,0.07,32.2,5.39
,-8.954,-0.498,-5.303,-9.088,1.141,-4.8,10.71,31.22,6.72
,-9.072,0.352,-4.819,-8.741,0.873,-5.042,15.33,30.03,8.05
,-9.232,0.938,-4.683,-8.567,0.536,-5.209,13.37,28.14,8.05
31651.0,-8.772,0.861,-4.984,-9.048,-0.153,-3.944,-9.66,22.19,1.47
,-8.851,1.335,-4.817,-8.619,-0.625,-3.85,-12.88,21.56,0.21
,-9.016,1.579,-4.515,-8.315,-0.816,-3.455,-17.78,21.42,0.28
,-9.206,0.986,-4.156,-8.581,-0.641,-2.737,-21.56,22.12,1.47
31727.0,-9.335,0.144,-2.17,-9.366,-0.565,-0.23,4.41,31.92,16.17
,-9.634,0.928,-1.649,-9.629,-0.682,-0.189,5.04,35.42,17.99
,-9.366,0.637,-0.895,-9.954,-0.775,-0.5,3.36,40.25,19.74
,-9.275,-0.392,-0.364,-10.39,-0.51,-0.849,7.14,46.41,20.86
31802.0,-10.421,-1.091,-0.172,-10.806,-0.637,-3.154,32.55,80.99,20.58
,-10.321,-0.931,-0.503,-10.869,-0.39,-4.097,33.32,88.34,18.69
,-10.416,-0.419,-1.39,-10.926,-0.787,-4.525,30.87,94.92,15.26
,-10.553,-0.622,-2.333,-11.589,0.062,-5.126,23.87,100.66,11.69
31878.0,-13.405,4.87,-6.205,-12.728,-4.353,-1.732,21.49,119.77,-0.07
,-12.922,0.668,-5.087,-12.792,-6.274,0.146,3.5,121.52,-5.53
,-11.295,-5.207,-3.082,-13.747,-6.674,2.594,1.96,126.91,-0.84
,-12.06,-4.226,-1.883,-15.769,-4.082,3.266,29.96,134.47,9.52
31954.0,-16.21,-2.142,2.785,-10.871,4.137,-4.975,165.55,183.05,65.59
,-14.819,-1.194,3.247,-12.029,5.628,-9.392,163.45,187.39,68.32
,-13.592,0.409,0.562,-12.429,3.745,-9.363,162.96,188.44,67.55
,-11.759,1.85,-1.57,-11.455,2.699,-11.352,158.76,187.95,62.44
32030.0,-10.538,2.556,-12.254,-6.918,-1.024,-13.814,39.13,132.3,4.76
,-8.772,2.434,-13.116,-6.691,-0.488,-12.986,10.85,107.1,-2.59
,-6.784,1.01,-13.719,-5.829,-0.194,-12.369,-5.81,87.36,0.14
,-6.102,-0.558,-14.374,-5.293,-0.196,-11.512,-0.91,75.04,9.8
32105.0,-5.13,-0.268,-10.715,-1.187,-0.995,-10.854,17.22,-42.63,35.7
,-4.436,-0.404,-10.51,-1.273,-0.979,-10.663,6.16,-70.91,37.24
,-3.317,-0.756,-10.804,-0.782,-1.402,-10.778,-5.25,-98.28,37.17
,-1.847,-0.979,-11.204,-1.496,-1.878,-10.701,-10.64,-119.98,38.22
32181.0,-1.943,-1.677,-10.301,-0.938,-0.007,-11.012,-38.71,-207.97,36.47
,-0.692,-1.022,-10.658,-1.273,-0.053,-11.105,-32.34,-231.91,36.61
,-0.191,-0.663,-10.804,-1.098,-0.565,-11.129,-29.05,-250.39,33.88
,-0.34,-0.287,-11.206,-1.4,-1.242,-10.857,-30.66,-263.97,31.01
32256.0,-1.441,-1.381,-11.323,-2.656,-1.077,-10.505,-51.73,-330.47,-4.13
,-1.017,-1.503,-11.866,-4.183,-0.476,-8.978,-44.59,-338.24,-9.52
,-1.871,-1.929,-11.991,-5.8,0.443,-7.672,-32.83,-342.58,-12.46
,-2.706,-2.094,-11.67,-7.511,-0.833,-7.164,-14.77,-343.91,-14.56
32332.0,-8.107,-1.651,-5.425,-6.528,0.112,-2.3,46.62,-277.55,-2.52
,-7.729,-1.984,-3.874,-6.312,0.309,-2.149,54.11,-247.24,4.69
,-6.81,-1.381,-3.465,-6.413,-0.235,-1.074,63.84,-214.9,9.94
,-6.542,-0.756,-2.656,-6.741,0.139,-0.426,68.95,-181.93,16.87
32408.0,-7.009,0.811,-0.227,-8.437,0.735,-2.379,44.1,-21.56,24.71
,-7.387,0.771,-0.323,-13.451,-2.209,-4.769,29.47,7.98,20.23
,-7.564,0.407,-0.715,-23.721,-9.32,5.631,10.57,36.12,17.5
,-7.485,0.608,-1.019,-22.036,-2.355,2.106,-7.98,62.44,16.87
32484.0,-10.373,-2.639,1.385,-9.012,-0.57,-5.422,-78.61,49.7,-30.31
,-8.758,-6.48,2.536,-8.72,-0.005,-6.399,-106.96,60.2,-19.18
,-9.878,-6.037,-1.041,-7.942,2.448,-6.633,-86.66,80.29,-12.67
,-8.938,-1.85,-3.795,-6.485,4.676,-7.444,-51.94,103.67,-13.02
32560.0,-6.872,5.43,-9.371,-9.395,0.127,-5.305,-38.71,78.26,-17.43
,-7.619,4.798,-9.354,-8.536,-1.259,-4.661,-46.76,65.66,-17.85
,-8.622,2.816,-8.174,-9.923,-3.25,-3.743,-47.67,53.76,-8.61
,-9.564,-0.357,-6.224,-9.569,-2.467,-3.015,-36.4,45.78,3.92
32635.0,-9.213,0.4,-2.938,-9.749,-0.701,-2.575,-6.93,37.24,2.8
,-9.557,1.716,-2.797,-9.545,0.785,-3.068,-25.83,36.12,-0.56
,-9.588,-0.275,-2.383,-9.165,1.254,-3.623,-42.91,36.12,-1.4
,-9.418,-1.608,-2.266,-8.861,1.776,-4.135,-37.87,37.66,1.47
32711.0,-9.438,1.589,-4.472,-9.177,0.526,-5.307,11.83,35.35,9.31
,-9.591,0.321,-4.501,-9.115,0.842,-5.264,5.18,32.76,7.63
,-9.318,-0.428,-4.635,-8.983,0.672,-5.128,6.51,30.31,7.56
,-9.115,-0.108,-5.051,-8.854,-0.151,-4.489,13.79,28.35,7.77
32787.0,-9.206,-0.794,-3.905,-9.332,0.325,-3.039,19.18,15.05,7.56
,-9.287,-0.694,-3.439,-9.325,0.656,-3.116,24.78,14.91,8.54
,-9.517,-0.084,-3.391,-9.464,1.115,-3.211,30.45,15.26,9.66
,-9.555,0.122,-3.142,-9.313,1.242,-3.424,33.6,16.1,10.78
32863.0,-9.074,0.924,-3.872,-9.131,0.129,-3.798,36.19,14.84,9.52
,-9.019,0.342,-3.781,-9.483,0.407,-4.118,32.83,14.35,9.31
,-9.32,0.165,-3.881,-9.014,0.103,-4.192,34.16,13.93,8.89
,-9.392,-0.026,-3.936,-8.935,-0.022,-4.403,34.02,13.37,8.33
32938.0,-9.277,0.517,-4.484,-9.462,0.895,-3.235,41.3,10.08,9.17
,-9.067,0.658,-4.219,-9.627,1.034,-3.139,44.87,9.73,9.45
,-9.258,0.617,-3.987,-9.505,0.948,-3.369,48.02,9.73,9.66
,-9.229,0.684,-3.513,-9.368,0.979,-3.47,50.89,9.8,10.08
33014.0,-9.155,0.955,-3.587,-9.263,-1.694,-3.982,56.91,11.97,7.7
,-9.136,0.39,-3.491,-9.351,-1.292,-4.075,57.89,13.02,7.63
,-9.076,-0.84,-3.575,-8.985,-1.027,-4.018,58.59,14.14,8.26
,-8.952,-1.902,-3.467,-8.93,-0.141,-3.908,64.12,15.89,10.43
33089.0,-9.196,0.663,-3.924,-9.189,0.11,-3.549,93.52,19.81,13.3
,-9.174,0.866,-4.044,-9.155,0.184,-3.556,89.67,19.46,12.11
,-9.222,0.943,-3.989,-9.569,0.639,-3.85,86.52,19.18,11.13
,-9.21,0.541,-3.661,-9.524,1.201,-4.109,83.37,19.95,10.36
33165.0,-9.782,1.608,-4.231,-9.502,1.369,-4.209,73.5,19.39,0.63
,-9.541,1.335,-4.073,-9.899,1.651,-4.64,64.12,18.69,-0.07
,-9.146,0.962,-4.046,-9.837,1.445,-5.169,60.48,18.13,-0.98
,-9.227,0.991,-4.099,-9.591,0.916,-5.53,61.39,17.15,-1.26
33241.0,-9.172,0.124,-5.851,-8.531,-1.656,-5.135,54.67,8.82,-3.01
,-8.859,-0.672,-5.851,-8.787,-1.122,-4.896,58.52,6.72,-2.73
,-8.557,-1.137,-5.635,-9.024,-0.866,-4.614,63.21,4.76,-2.59
,-8.545,-1.28,-5.485,-8.849,-1.517,-4.401,67.48,3.08,-2.87
33317.0,-8.871,-1.443,-4.173,-9.179,0.034,-4.609,89.46,-0.42,9.73
,-8.863,-0.751,-4.209,-8.981,-0.663,-4.669,96.46,-0.42,14.35
,-9.349,-0.517,-4.238,-8.765,-1.326,-4.798,99.54,-0.28,18.34
,-9.359,-0.081,-4.405,-8.428,-1.414,-4.972,101.71,-0.42,21.35
33392.0,-7.717,-0.857,-4.886,-6.846,-0.567,-5.547,134.47,3.99,59.64
,-7.475,-0.601,-4.848,-7.1,-0.069,-5.657,145.11,6.23,69.51
,-7.284,-0.531,-5.279,-7.554,-0.117,-5.324,155.26,8.05,78.61
,-7.145,-0.591,-5.597,-8.186,-0.242,-4.771,164.15,9.24,86.59
33468.0,-8.545,-0.175,-4.953,-8.404,-3.07,-4.513,202.02,11.69,103.6
,-8.48,-0.23,-4.511,-8.378,-3.202,-4.515,200.97,11.2,103.39
,-8.789,-0.538,-4.238,-8.435,-2.333,-4.42,197.54,10.22,102.48
,-8.524,-2.079,-4.212,-8.729,-0.948,-4.384,191.73,9.94,100.94
33544.0,-9.239,0.51,-4.288,-10.182,1.931,-2.111,218.4,6.65,103.11
,-9.737,1.807,-4.003,-10.249,1.249,-2.106,210.7,2.52,98.98
,-10.05,2.453,-3.309,-10.273,0.325,-2.161,196.35,-1.33,93.17
,-10.316,2.359,-2.592,-10.11,-0.668,-2.28,178.71,-4.62,85.05
33620.0,-9.952,-1.273,-2.137,-9.208,-1.275,-2.539,138.67,-8.26,67.41
,-9.758,-1.35,-2.242,-9.284,-1.072,-2.895,145.46,-7.21,68.95
,-9.507,-1.381,-2.295,-9.457,-0.952,-3.005,152.67,-6.23,70.56
,-9.313,-1.34,-2.3,-9.378,-0.835,-3.07,158.9,-5.6,72.45
33696.0,-9.172,-0.385,-2.929,-9.277,0.593,-3.309,177.59,-6.51,75.39
,-9.115,0.227,-3.065,-9.081,0.706,-3.022,176.33,-6.93,73.64
,-9.069,0.617,-3.266,-9.072,0.739,-3.087,172.2,-7.42,71.26
,-9.16,0.629,-3.381,-9.136,0.591,-3.037,166.74,-7.98,69.16
33771.0,-9.143,0.802,-2.845,-9.55,0.187,-2.453,131.25,-5.39,54.53
,-9.177,0.718,-2.8,-9.593,0.306,-2.465,121.59,-4.97,50.61
,-9.261,0.567,-2.522,-9.797,0.536,-2.86,112.14,-3.64,46.69
,-9.294,0.421,-2.481,-10.014,0.433,-3.063,103.88,-1.4,42.77
33847.0,-9.964,0.483,-2.931,-9.545,1.376,-2.709,75.25,5.04,29.68
,-9.761,0.68,-2.539,-9.541,1.594,-2.67,73.85,5.46,28.84
,-9.777,1.046,-2.568,-9.541,1.778,-2.381,71.89,5.81,28.0
,-9.675,1.084,-2.599,-9.612,2.017,-2.34,69.02,6.02,27.51
33922.0,-9.476,2.182,-2.199,-9.368,0.785,-1.615,44.38,4.34,21.42
,-9.347,2.247,-2.115,-9.581,0.622,-1.677,35.77,5.74,19.88
,-9.335,1.823,-2.094,-9.634,0.646,-1.941,26.81,7.35,17.99
,-9.354,1.182,-1.881,-9.77,0.658,-2.142,19.6,8.75,15.89
33998.0,-9.641,1.228,-2.283,-8.983,-0.479,-4.118,3.22,11.83,7.35
,-9.576,1.024,-3.558,-8.969,-0.354,-4.228,-3.36,10.64,4.2
,-8.997,0.275,-3.62,-8.983,-0.972,-4.164,-9.87,10.71,3.92
,-8.823,-0.883,-3.082,-9.0,-1.397,-4.259,-11.06,12.18,4.83
34074.0,-9.127,-0.993,-4.233,-9.407,3.022,-3.699,5.04,17.15,9.87
,-9.225,-0.06,-4.29,-9.196,2.481,-3.479,12.11,16.73,11.55
,-9.605,0.905,-4.082,-9.351,1.462,-3.855,15.4,15.26,11.27
,-9.552,2.142,-3.833,-9.263,0.833,-4.247,15.61,13.16,10.85
34150.0,-9.045,0.311,-4.671,-8.964,-0.426,-4.582,14.56,8.75,18.13
,-8.756,-0.806,-4.769,-9.06,0.656,-4.176,17.57,8.68,19.67
,-8.701,-1.493,-4.764,-9.198,1.484,-3.857,24.22,8.82,21.49
,-8.789,-1.232,-4.788,-9.442,1.797,-3.714,33.67,8.96,22.54
34225.0,-9.392,1.907,-3.503,-9.292,2.422,-2.95,21.07,7.84,16.94
,-9.474,1.709,-3.247,-9.493,2.606,-3.297,17.01,7.42,15.68
,-9.574,1.871,-3.063,-9.308,2.065,-3.63,15.47,7.0,13.65
,-9.311,2.362,-3.013,-9.177,1.065,-3.843,15.61,7.0,13.09
34301.0,-8.859,0.749,-3.929,-8.847,-0.273,-3.979,-2.94,6.44,6.44
,-8.988,0.407,-3.881,-8.94,-0.065,-3.979,0.21,7.14,6.93
,-9.184,0.299,-3.951,-9.036,0.491,-3.877,3.71,8.05,7.7
,-8.988,0.034,-4.142,-9.134,1.022,-3.867,7.63,8.96,9.24
34377.0,-9.095,1.072,-3.891,-8.926,0.665,-3.266,22.75,11.83,13.3
,-8.892,0.799,-3.714,-8.93,0.481,-3.128,21.0,12.46,13.3
,-8.911,0.701,-3.568,-9.165,0.988,-3.24,21.98,13.16,13.79
,-9.04,0.871,-3.515,-9.148,1.378,-3.309,23.94,13.86,14.14
34453.0,-8.961,1.345,-3.305,-8.978,1.046,-3.699,24.43,19.74,15.26
,-8.897,1.192,-3.302,-9.05,1.158,-4.07,21.49,20.93,14.84
,-8.892,1.072,-3.321,-8.878,1.022,-4.338,19.18,21.63,14.21
,-8.885,0.988,-3.422,-8.638,0.68,-4.415,17.36,22.61,13.65
34529.0,-8.691,0.687,-4.35,-8.954,1.082,-3.563,11.55,25.2,12.46
,-8.882,0.859,-4.097,-8.99,0.409,-3.319,11.2,25.06,12.39
,-9.052,0.799,-3.752,-8.959,1.189,-3.159,9.73,25.69,12.46
,-9.328,0.902,-3.666,-8.751,1.307,-3.175,8.19,26.11,11.34
34604.0,-8.909,1.251,-3.235,-8.076,0.986,-5.767,5.04,31.78,15.4
,-8.725,1.11,-3.984,-8.105,0.864,-5.994,5.67,33.53,16.17
,-8.583,1.029,-4.666,-8.303,0.797,-6.128,6.86,35.07,17.29
,-8.124,0.964,-5.231,-8.495,0.842,-6.1,9.59,35.91,18.83
34680.0,-8.631,0.452,-5.887,-9.038,0.553,-5.633,14.42,34.79,20.65
,-8.629,0.12,-5.729,-8.904,0.517,-5.568,13.51,34.58,20.65
,-9.012,0.467,-5.559,-9.143,0.828,-5.446,14.42,34.65,20.65
,-9.16,0.833,-5.626,-9.316,0.957,-5.324,14.35,34.72,20.44
34755.0,-9.416,1.058,-5.03,-9.005,0.964,-4.683,25.06,39.06,25.06
,-9.217,1.094,-4.87,-9.11,1.01,-4.602,25.97,40.11,25.55
,-9.038,1.362,-4.783,-9.313,1.129,-4.542,26.25,41.44,25.97
,-9.043,1.108,-4.86,-9.265,1.017,-4.511,26.81,43.47,26.32
34831.0,-9.567,1.146,-4.513,-9.947,-3.771,-3.503,36.4,54.74,28.14
,-10.407,3.029,-4.216,-10.976,-1.74,-2.73,39.48,57.12,26.74
,-12.242,4.276,-4.886,-11.771,-0.144,-2.541,33.25,58.38,21.49
,-11.132,-0.263,-4.582,-11.548,-1.34,-2.046,13.51,60.13,18.41
34907.0,-11.381,-2.79,-1.163,-13.034,-4.283,1.522,40.95,88.41,36.47
,-11.828,-2.95,-0.436,-13.716,-4.372,2.072,47.6,95.69,41.23
,-12.501,-2.996,0.163,-14.099,-3.269,1.732,56.91,103.25,45.99
,-12.766,-3.486,0.474,-13.661,-2.307,-0.132,66.78,111.3,51.24
34983.0,-12.553,-2.12,-2.927,-12.036,-1.134,-10.687,127.75,142.94,71.68
,-11.278,-1.984,-4.807,-10.555,-2.089,-11.46,123.69,144.69,73.01
,-10.962,-0.735,-7.267,-8.894,-2.292,-11.151,124.95,148.05,73.29
,-11.663,-0.055,-8.289,-8.622,-1.819,-11.72,118.79,149.66,67.06
35058.0,-8.019,-1.785,-11.888,-8.485,0.629,-10.287,114.94,84.0,72.87
,-7.117,-1.177,-11.452,-7.82,0.936,-9.861,121.94,76.86,77.0
,-6.839,-0.526,-10.735,-6.987,0.754,-9.672,127.68,70.0,80.71
,-7.772,-0.06,-10.141,-5.877,0.29,-9.847,120.61,54.95,83.23
35134.0,-4.683,-0.577,-9.835,-4.085,-1.39,-9.227,7.49,-75.81,81.2
,-3.912,-1.012,-10.081,-3.338,-1.086,-9.459,2.87,-90.44,80.43
,-3.848,-1.407,-9.686,-2.702,-0.974,-9.593,5.25,-103.6,77.21
,-4.061,-1.484,-9.292,-2.675,-1.108,-9.026,7.42,-119.49,71.82
35210.0,-2.903,-0.981,-8.294,-2.685,-0.522,-8.909,16.94,-198.59,49.28
,-2.936,-0.948,-8.425,-2.501,-0.22,-9.002,20.09,-213.71,45.15
,-3.003,-0.928,-8.299,-2.895,-0.17,-8.892,19.74,-228.9,41.09
,-3.061,-0.725,-8.521,-3.084,-0.641,-8.835,16.17,-244.02,37.45
35286.0,-3.254,-0.938,-8.947,-5.992,0.318,-7.928,11.13,-291.62,17.29
,-3.699,-0.979,-9.028,-6.226,0.704,-7.255,18.69,-298.41,12.11
,-4.391,-0.814,-8.519,-6.77,1.273,-6.466,28.28,-302.75,7.91
,-5.465,-0.345,-8.143,-7.37,1.797,-4.891,34.02,-306.53,5.04
35361.0,-7.964,0.986,-2.534,-9.11,0.775,-0.823,-14.49,-294.0,-17.29
,-9.428,-0.151,-1.608,-8.078,0.369,0.053,-16.73,-279.44,-22.96
,-9.45,-0.347,-1.187,-7.349,-0.756,0.785,-12.11,-260.12,-26.67
,-10.141,-0.069,-0.962,-7.042,-1.663,1.316,-7.42,-237.3,-30.52
35437.0,-6.81,-1.328,1.443,-7.514,1.208,-3.118,-54.39,-69.51,-18.34
,-7.332,-1.053,1.35,-7.753,0.809,-4.513,-49.21,-27.86,-10.99
,-7.662,0.084,0.282,-14.98,-5.15,-1.764,-43.75,12.88,-4.62
,-7.559,1.132,-1.359,-23.19,-6.762,6.468,-44.59,51.66,0.42
35512.0,-17.181,0.053,-2.245,-5.432,2.034,-8.71,-15.26,138.39,10.43
,-7.229,-1.823,-5.358,-5.867,4.838,-5.86,-58.59,167.72,21.91
,-6.892,-3.384,-10.05,-8.208,4.429,-7.777,-68.25,168.56,12.81
,-4.013,-2.67,-7.717,-8.016,2.053,-10.916,-32.83,155.47,13.58
35588.0,-5.891,3.082,-11.036,-8.086,-4.724,-5.19,-72.24,105.42,-7.49
,-6.834,3.793,-8.981,-8.48,-2.682,-5.24,-70.07,102.62,-8.61
,-9.371,-0.634,-7.231,-9.684,-0.335,-5.642,-73.5,95.69,-7.14
,-9.115,-4.544,-6.025,-9.232,1.981,-5.872,-57.68,89.39,0.91
35664.0,-8.387,2.714,-5.791,-8.806,0.692,-5.298,21.63,73.85,25.06
,-8.37,2.501,-5.654,-9.098,0.431,-5.248,7.21,68.39,19.04
,-8.428,2.814,-6.083,-9.318,1.228,-5.315,-6.58,63.21,14.14
,-8.533,2.316,-5.963,-9.416,1.902,-5.403,-17.71,60.48,12.39
35740.0,-9.421,1.658,-5.575,-8.6,0.637,-6.028,-12.04,48.23,6.65
,-8.981,1.208,-5.683,-8.679,0.325,-5.647,-14.35,45.71,6.23
,-8.753,0.809,-5.769,-8.871,-0.311,-5.444,-12.88,43.19,5.53
,-8.677,0.725,-5.927,-9.143,-0.134,-4.975,-10.36,40.18,3.64
35816.0,-9.072,0.383,-4.886,-9.072,-0.316,-4.542,-20.51,28.35,-2.52
,-8.76,0.29,-4.819,-9.16,-0.12,-4.353,-24.78,26.67,-2.94
,-8.686,-0.206,-4.568,-9.033,0.452,-4.329,-27.58,26.32,-1.61
,-8.839,-0.421,-4.439,-8.957,0.842,-4.159,-25.55,26.74,-0.14
35891.0,-8.959,0.644,-4.049,-9.119,0.005,-3.716,-17.5,30.52,5.53
,-9.038,-0.373,-3.843,-9.366,0.771,-3.872,-19.04,32.06,6.72
,-9.103,-1.048,-3.709,-9.73,0.304,-3.522,-15.26,34.09,7.98
,-9.287,-1.139,-3.508,-9.828,-0.675,-3.245,-9.66,36.33,8.33
35967.0,-9.708,-0.457,-3.556,-10.234,-0.936,-1.23,-8.47,49.35,12.32
,-9.852,-0.194,-3.352,-10.402,-0.759,-1.007,-3.15,53.2,15.05
,-10.026,-0.067,-3.029,-10.572,-0.416,-0.514,0.63,56.0,18.34
,-10.057,-0.476,-2.209,-10.914,-0.761,-0.273,6.58,60.13,21.84
36043.0,-11.278,-0.869,-0.069,-11.541,-1.278,-1.469,25.55,94.5,15.26
,-11.551,-0.763,-0.034,-12.034,-1.835,-1.792,23.31,103.04,12.67
,-11.46,-0.483,-0.436,-13.137,-0.294,-1.644,19.95,111.09,10.22
,-11.381,-0.567,-0.943,-15.475,2.335,-3.053,16.03,119.07,8.68
36119.0,-14.925,-3.108,-1.642,-18.524,-2.654,8.392,15.47,151.9,6.3
,-14.197,-7.186,0.263,-19.691,-1.182,7.126,24.15,161.63,16.8
,-15.652,-5.913,4.075,-18.667,0.766,5.609,59.08,174.3,36.47
,-18.002,-3.948,6.844,-16.451,1.931,1.084,95.13,186.2,51.73
36194.0,-13.281,4.757,-3.36,-12.946,4.03,-14.503,149.59,213.71,59.01
,-15.781,8.562,-10.414,-11.362,1.778,-14.642,151.27,211.05,38.99
,-17.425,7.128,-12.34,-6.277,-2.903,-15.614,106.4,198.66,17.43
,-15.322,4.879,-13.264,-5.104,-4.374,-16.93,44.24,173.18,-2.17
36270.0,-5.738,-3.924,-14.927,-4.614,0.278,-11.807,7.84,59.78,23.59
,-7.619,-2.742,-12.807,-2.316,-0.134,-11.584,33.18,28.42,31.08
,-6.59,-2.12,-12.479,-1.718,-0.263,-11.017,41.44,-11.06,39.83
,-5.64,-0.663,-11.821,-0.914,-0.309,-11.129,41.86,-47.11,45.99
36345.0,-0.62,-0.093,-10.189,-0.024,-0.031,-9.351,-0.91,-165.34,51.59
,-0.704,-0.074,-9.517,0.675,0.096,-9.574,-9.24,-181.44,48.65
,-0.811,-0.431,-8.978,0.742,-0.127,-9.194,-20.23,-201.11,43.68
,-0.668,-0.27,-8.823,0.342,-0.742,-9.005,-28.49,-221.13,37.45
36421.0,0.534,-0.538,-9.22,-0.203,-1.687,-11.029,-23.38,-300.16,16.73
,0.227,0.048,-9.72,-0.773,-1.718,-10.708,-23.87,-316.33,9.87
,0.148,0.299,-10.636,-2.044,-0.976,-10.835,-30.52,-331.17,2.52
,-0.175,-0.634,-11.022,-3.329,0.436,-10.983,-36.33,-344.54,-5.67
36497.0,-3.836,1.206,-10.651,-11.409,-0.062,-0.613,-4.9,-389.34,-40.25
,-4.932,0.962,-7.755,-11.347,1.618,-0.416,-11.13,-383.6,-46.9
,-8.05,-0.302,-4.719,-10.931,1.259,-1.117,-22.33,-367.78,-41.86
,-10.546,-1.196,-2.032,-9.466,-1.225,-0.809,-23.8,-349.72,-46.13
36573.0,-7.195,-2.297,-0.388,-6.468,1.795,0.237,-88.69,-151.06,-33.32
,-5.039,-1.292,0.313,-5.954,2.508,-3.106,-77.7,-98.21,-22.12
,-4.697,-1.534,3.297,-7.559,0.56,-7.026,-67.55,-42.91,-8.96
,-6.566,-0.677,2.833,-22.326,-12.63,2.843,-55.09,14.63,0.84
36649.0,-29.852,-9.301,3.051,-4.015,-3.69,-8.21,-25.97,140.49,49.14
,-14.666,4.745,-12.23,-6.334,2.146,-5.877,0.49,144.62,5.6
,-1.981,4.413,-10.589,-8.222,4.417,-11.395,-47.25,152.18,0.07
,-5.915,-2.556,-9.897,-7.583,4.216,-13.271,-81.83,147.98,-1.89
36724.0,-4.75,3.618,-10.991,-8.267,-1.259,-6.846,-74.76,123.34,-3.22
,-6.403,-0.005,-9.249,-8.579,-0.443,-6.454,-83.79,115.15,-6.79
,-8.887,-3.79,-7.782,-8.354,1.464,-6.626,-66.43,106.75,-2.03
,-9.043,-2.716,-7.169,-8.595,1.68,-6.25,-34.58,98.91,10.99
36800.0,-8.971,1.759,-6.095,-8.909,1.78,-6.588,5.95,76.51,22.05
,-8.612,1.811,-5.855,-8.842,0.646,-6.435,-1.82,72.87,21.07
,-8.5,2.355,-5.913,-9.048,-0.223,-6.174,-4.97,69.23,20.16
,-8.871,2.28,-6.401,-9.378,0.313,-5.987,-6.79,64.96,18.97
36876.0,-9.282,1.639,-5.798,-9.134,0.799,-4.537,20.09,46.9,19.11
,-9.244,2.113,-5.769,-9.191,0.799,-3.776,17.64,43.47,17.71
,-9.115,1.584,-5.552,-9.296,0.924,-3.195,10.36,40.67,15.89
,-8.916,0.936,-5.071,-9.45,1.397,-3.218,5.53,37.94,13.58
36952.0,-9.234,1.479,-3.647,-8.665,-0.524,-4.348,-23.59,30.59,-1.4
,-8.983,1.316,-3.903,-8.792,-0.981,-4.02,-31.99,30.03,-3.15
,-8.653,0.979,-4.558,-8.93,-0.861,-3.965,-37.31,29.75,-3.36
,-8.624,0.318,-4.59,-9.093,-0.775,-3.786,-38.15,30.73,-2.38
37027.0,-9.162,-0.436,-3.965,-9.301,-0.598,-4.398,-15.61,41.16,6.93
,-9.579,-0.16,-4.003,-9.521,-0.957,-4.274,-17.85,42.49,5.6
,-9.174,0.117,-4.305,-9.725,-0.888,-4.056,-22.75,42.98,5.32
,-9.308,-0.148,-4.353,-9.954,-0.771,-3.484,-26.74,43.96,5.88
37103.0,-10.206,-0.299,-2.608,-10.526,-0.378,-0.029,3.99,58.52,22.61
,-10.313,-0.227,-1.56,-10.677,-0.299,0.447,14.0,63.7,25.9
,-10.294,-0.847,-1.067,-10.89,-0.141,0.852,25.62,69.72,26.88
,-10.34,-0.699,-0.715,-11.249,-0.014,0.447,35.42,76.58,26.88
37178.0,-11.402,-0.383,-0.211,-15.401,3.259,-1.977,20.79,116.55,13.65
,-11.579,-1.163,-0.553,-14.781,-2.168,-0.632,16.24,124.81,12.88
,-11.754,-1.29,-0.773,-14.197,-5.918,0.433,17.5,133.21,13.51
,-12.848,0.735,-0.436,-15.042,-5.762,1.402,24.78,140.98,13.93
37254.0,-16.212,-7.492,4.092,-14.848,2.127,-0.06,73.29,192.57,53.9
,-17.942,-6.944,6.796,-11.936,3.932,-3.195,114.94,207.2,72.52
,-18.782,-3.941,5.796,-12.563,6.743,-8.744,152.32,215.6,81.13
,-17.76,-0.45,3.312,-14.826,5.142,-11.955,175.49,218.05,83.37
37330.0,-14.173,3.881,-14.247,-4.482,-2.137,-16.425,80.22,180.04,21.28
,-11.981,3.357,-13.802,-5.444,-3.132,-15.377,41.37,148.61,7.28
,-10.632,3.063,-14.786,-6.573,-2.546,-12.883,1.75,111.09,0.84
,-7.267,0.627,-14.872,-6.796,-1.563,-12.484,-27.09,78.96,5.88
37406.0,-5.803,0.041,-12.517,-2.503,-1.137,-10.443,39.34,-22.19,36.33
,-5.229,0.617,-11.986,-1.785,-1.007,-10.079,24.64,-53.97,35.84
,-3.563,-0.163,-11.804,-1.11,-1.307,-9.643,8.19,-82.46,32.69
,-2.836,-0.943,-11.05,-0.787,-1.718,-9.074,-1.96,-106.89,30.03
37481.0,-0.957,-1.878,-8.868,-0.55,-1.101,-8.866,-35.49,-197.4,24.01
,-0.751,-1.543,-8.938,-0.591,-1.17,-9.146,-36.89,-213.64,20.23
,-0.694,-1.017,-8.844,-0.053,-0.933,-9.938,-36.4,-230.16,18.06
,-0.73,-0.658,-8.971,0.057,-0.723,-10.0,-35.98,-248.08,17.85
37557.0,-0.512,-0.933,-10.077,-2.278,-0.538,-11.991,-39.69,-322.91,-5.53
,-0.849,-1.524,-10.057,-3.142,-0.014,-11.345,-38.71,-336.28,-11.97
,-1.072,-1.584,-10.77,-4.298,-0.146,-9.411,-29.61,-349.09,-18.55
,-1.295,-1.285,-11.223,-5.511,-0.385,-7.133,-17.36,-360.01,-24.5
37633.0,-7.329,-0.491,-4.774,-11.366,3.144,-0.885,11.27,-364.42,-30.31
,-9.275,0.378,-2.953,-9.634,-0.364,0.079,22.12,-350.35,-31.36
,-11.132,2.192,-2.498,-7.368,-3.386,0.146,22.54,-330.61,-37.03
,-12.39,4.401,-1.85,-5.221,-3.532,-0.383,6.44,-308.07,-44.87
37709.0,-4.393,-1.876,3.987,-6.238,2.682,-1.077,-68.74,-102.97,-18.69
,-6.145,-1.546,5.492,-6.439,2.735,-4.391,-46.41,-49.84,-7.35
,-7.229,-0.254,3.955,-9.72,-0.524,-8.672,-32.41,4.9,-2.52
,-6.533,1.95,1.752,-27.566,-16.042,12.493,-37.31,55.51,0.98
37785.0,-22.122,-4.673,0.637,-5.896,-0.601,-7.746,-26.95,110.95,25.48
,-11.311,3.788,-5.19,-7.667,5.544,-8.624,-34.37,131.18,3.5
,-6.107,-2.376,-6.128,-8.095,6.765,-10.653,-89.04,142.45,6.3
,-8.172,-6.877,-7.236,-6.37,5.647,-11.373,-79.31,153.65,16.59
37860.0,-4.793,4.247,-10.333,-8.334,-3.817,-6.674,-87.01,120.61,-3.29
,-6.214,2.027,-10.22,-8.38,-3.486,-6.131,-94.85,114.94,-8.75
,-8.368,-1.998,-8.358,-8.703,0.036,-6.023,-85.47,108.64,-6.16
,-9.383,-2.97,-7.511,-8.457,2.252,-6.42,-63.28,100.94,3.78
37936.0,-8.978,2.565,-6.59,-8.799,2.565,-6.186,14.7,80.57,22.12
,-8.571,2.338,-6.47,-9.028,2.455,-6.396,-0.42,76.16,18.2
,-8.488,2.446,-6.167,-9.392,1.433,-6.09,-13.16,70.63,15.82
,-8.787,2.493,-6.009,-9.447,0.349,-5.91,-23.38,64.68,11.41
38011.0,-9.258,-0.148,-5.717,-8.964,0.163,-5.992,-26.04,44.38,7.21
,-8.971,0.395,-5.867,-9.165,-0.505,-5.666,-17.5,41.02,6.65
,-8.902,0.644,-6.016,-9.067,-1.366,-5.3,-13.86,37.73,6.86
,-8.892,0.596,-5.992,-9.098,-1.479,-4.958,-14.7,34.44,6.79
38087.0,-9.024,-0.727,-5.035,-8.753,-0.11,-4.965,-1.12,26.67,7.84
,-8.849,0.23,-4.98,-8.744,0.122,-4.893,3.29,25.62,9.24
,-8.873,0.67,-5.09,-8.547,0.524,-4.389,0.7,24.36,10.01
,-8.844,0.098,-5.051,-8.748,0.864,-3.963,-3.71,23.73,10.78
38163.0,-9.112,0.711,-3.652,-9.574,0.469,-2.218,-3.71,25.69,12.11
,-9.368,-0.27,-3.001,-9.261,0.261,-2.465,-7.49,27.44,13.3
,-9.612,-0.024,-2.458,-8.957,0.084,-3.068,-6.79,29.12,13.72
,-9.555,0.682,-2.314,-8.684,-0.608,-3.63,-6.58,31.5,13.93
38239.0,-8.571,-1.232,-4.111,-9.361,-0.818,-3.467,-7.98,44.66,15.4
,-8.725,-1.661,-4.212,-9.569,-0.84,-2.481,4.97,47.32,19.04
,-8.993,-1.362,-4.08,-10.227,0.156,-2.278,21.35,50.19,21.77
,-9.194,-0.924,-3.838,-10.0,1.759,-1.886,37.03,53.48,25.27
38314.0,-9.643,0.622,-1.484,-9.6,0.919,-3.324,44.87,71.4,19.81
,-9.873,0.462,-1.823,-9.785,0.28,-3.991,37.45,75.53,16.59
,-9.5,0.648,-2.307,-10.041,-0.723,-4.3,32.48,79.59,14.35
,-9.519,0.584,-2.809,-10.206,-1.206,-4.343,26.95,83.65,12.6
38390.0,-10.89,-0.036,-4.312,-11.933,-7.385,-2.161,30.59,102.06,13.72
,-13.233,3.419,-5.535,-12.977,-5.659,0.345,38.22,105.14,9.52
,-12.754,-1.814,-4.893,-15.008,-2.761,1.393,24.15,108.92,5.18
,-11.122,-7.868,-3.355,-15.351,-0.124,1.622,34.02,117.39,13.51
38465.0,-15.042,0.768,1.175,-11.586,2.764,-3.199,136.29,160.09,48.02
,-14.19,-1.11,1.041,-11.043,4.496,-5.82,116.55,165.48,49.98
,-13.407,-1.713,0.981,-11.5,4.219,-7.842,114.66,170.94,54.88
,-12.467,0.199,-1.046,-12.503,2.989,-9.957,126.98,174.93,54.53
38541.0,-10.883,3.144,-11.373,-4.927,-0.486,-12.986,53.76,149.38,4.34
,-9.82,3.305,-11.878,-5.714,-2.637,-11.639,28.98,124.95,-4.9
,-7.38,3.357,-12.924,-5.032,-2.228,-11.113,-1.05,100.17,-10.29
,-5.492,2.12,-13.037,-4.441,-1.445,-11.103,-22.82,82.18,-8.4
38617.0,-4.003,-0.857,-10.96,-1.036,-1.125,-10.517,29.47,-12.88,24.71
,-3.161,-0.275,-10.187,-0.878,-1.259,-10.498,24.92,-36.47,25.27
,-3.254,-0.608,-9.775,-0.744,-0.907,-10.699,12.11,-61.88,28.14
,-1.919,-0.981,-10.292,-1.194,-0.493,-10.021,-1.61,-84.98,29.75
38693.0,-0.859,-0.553,-9.926,-0.641,-3.721,-9.947,-32.34,-165.83,24.5
,-1.0,-0.873,-9.868,-1.412,-3.431,-9.988,-46.62,-181.93,20.23
,-0.754,-1.823,-9.82,-2.297,-2.761,-10.227,-58.38,-195.16,15.75
,-0.325,-2.848,-9.804,-2.611,-1.342,-10.565,-59.5,-202.51,13.23
38769.0,-3.075,-0.263,-10.555,-4.202,-1.28,-9.289,4.27,-232.12,17.01
,-3.178,0.144,-10.531,-5.437,-1.328,-8.04,-4.97,-237.02,13.3
,-3.058,-0.266,-10.17,-6.028,-0.67,-7.657,-12.39,-240.31,8.54
,-3.893,-0.794,-10.51,-6.047,0.098,-7.303,-12.74,-243.04,4.9
38844.0,-6.461,0.493,-7.03,-8.222,-1.048,-5.319,5.18,-227.29,-14.0
,-6.86,0.244,-6.442,-8.358,-1.103,-4.757,-8.33,-220.85,-20.02
,-7.346,0.139,-6.202,-8.555,-1.347,-4.36,-21.56,-214.13,-27.09
,-8.172,-0.459,-5.915,-8.624,-1.591,-3.565,-30.87,-205.45,-31.64
38920.0,-8.713,-1.309,-3.061,-9.095,-0.735,-0.756,-32.48,-160.3,-42.42
,-8.94,-0.797,-2.642,-8.658,-1.101,-0.392,-31.01,-149.66,-42.35
,-9.462,-0.318,-2.623,-7.885,-1.766,-0.438,-34.51,-139.37,-42.28
,-9.296,-0.476,-1.302,-8.815,-2.974,-1.177,-42.56,-128.31,-40.6
38996.0,-9.725,-1.857,-1.527,-9.517,2.103,-0.512,-56.77,-56.21,-28.42
,-8.827,-0.972,-0.797,-9.588,0.34,-0.117,-46.13,-48.44,-25.55
,-9.292,1.548,-1.299,-9.847,-0.646,0.39,-43.12,-41.44,-29.19
,-9.45,2.529,-0.412,-9.658,0.196,-0.579,-57.75,-37.38,-34.65
39072.0,-9.474,0.78,-0.668,-8.679,-1.187,-0.261,-127.54,-8.89,-37.03
,-9.679,0.756,-0.749,-8.545,-1.216,-0.522,-138.32,-4.27,-37.31
,-9.383,-0.354,-0.601,-8.251,-1.196,-0.838,-149.73,0.84,-35.63
,-9.179,-0.72,-0.739,-8.404,-0.964,-0.955,-154.14,6.37,-32.27
39147.0,-8.813,-0.577,-1.476,-10.749,-1.134,-1.926,-171.01,52.43,-19.67
,-10.677,-1.955,-1.644,-9.033,-2.522,-3.056,-174.58,59.29,-15.05
,-14.286,-3.979,-0.091,-8.552,-4.575,-3.144,-168.07,58.31,-8.4
,-13.876,-3.008,-1.041,-7.861,-4.121,-2.9,-149.17,55.44,-7.14
39223.0,-8.437,-2.666,-2.711,-7.765,1.883,-4.413,-63.07,63.49,18.27
,-9.658,-3.099,-2.675,-9.34,2.235,-4.53,-53.06,66.85,22.4
,-9.591,-2.608,-3.908,-10.014,0.526,-4.24,-40.25,68.88,25.69
,-8.239,-0.357,-4.736,-9.311,-1.11,-3.731,-30.45,69.16,27.86
39298.0,-8.662,-1.369,-3.855,-9.514,1.922,-3.439,-62.58,57.26,17.22
,-8.691,-0.991,-3.963,-9.742,3.81,-3.388,-49.28,57.33,19.67
,-9.239,-0.404,-4.286,-10.129,3.283,-3.771,-35.91,56.7,23.94
,-9.418,0.275,-3.912,-9.593,1.685,-3.209,-25.97,55.37,27.37
39374.0,-9.074,0.05,-3.482,-8.99,-1.278,-4.709,-77.63,44.52,-0.84
,-9.012,-1.926,-3.697,-8.926,-1.338,-5.068,-81.34,44.03,-3.22
,-9.107,-2.682,-3.707,-8.832,-1.725,-5.463,-75.32,43.89,-3.57
,-8.921,-1.943,-4.085,-8.614,-1.814,-5.327,-69.23,44.03,-3.99
39450.0,-8.574,-0.424,-5.078,-9.399,-0.256,-4.97,-69.58,39.83,-16.1
,-8.751,0.775,-5.037,-9.055,-0.608,-4.972,-75.25,37.8,-23.73
,-8.906,0.519,-4.781,-9.093,-0.909,-5.164,-90.51,35.56,-33.39
,-9.325,-0.139,-4.898,-8.892,-0.627,-5.205,-106.47,33.04,-43.26
39526.0,-8.777,-0.246,-5.097,-8.363,0.579,-5.3,-155.26,22.47,-77.63
,-8.744,0.244,-5.291,-8.212,0.148,-5.355,-163.59,19.67,-82.74
,-8.772,0.579,-5.154,-8.078,0.325,-5.123,-173.04,16.73,-88.2
,-8.576,0.668,-5.209,-8.208,1.07,-5.499,-184.1,13.65,-93.45
39602.0,-8.133,1.441,-5.899,-8.095,-1.132,-5.465,-227.92,1.12,-112.49
,-7.777,0.452,-6.387,-8.77,0.591,-5.291,-242.13,-2.31,-116.48
,-7.664,-1.713,-6.557,-9.249,0.196,-5.336,-250.39,-4.97,-117.25
,-7.681,-2.314,-6.016,-8.918,-1.103,-4.91,-246.33,-6.16,-113.96
39677.0,-9.39,-0.916,-4.503,-8.442,1.005,-4.817,-224.63,-8.19,-98.91
,-9.531,0.969,-4.209,-8.081,0.5,-5.162,-213.99,-8.47,-94.92
,-9.165,1.584,-4.24,-7.727,0.562,-5.312,-210.14,-9.03,-92.05
,-8.839,1.45,-4.614,-7.777,0.651,-5.554,-208.81,-9.94,-89.67
39753.0,-8.184,0.129,-5.949,-8.059,-0.682,-4.951,-165.55,-10.64,-66.5
,-8.445,-1.364,-5.528,-8.526,0.409,-5.032,-153.37,-10.5,-58.59
,-9.665,-1.218,-5.355,-9.155,0.888,-4.85,-132.72,-9.73,-48.51
,-9.249,-0.72,-5.138,-9.39,0.115,-4.223,-112.21,-9.1,-37.87
39829.0,-9.562,0.06,-3.97,-8.241,0.366,-5.288,-56.14,-4.97,-12.6
,-9.182,0.407,-4.274,-7.928,-0.57,-5.293,-49.84,-4.27,-11.06
,-8.928,0.591,-4.527,-8.167,-0.818,-5.499,-45.08,-3.43,-9.66
,-8.732,0.818,-4.963,-8.382,-0.498,-5.791,-41.02,-3.15,-8.61
39905.0,-8.875,0.648,-6.281,-8.593,-1.95,-6.935,-3.15,-4.55,8.61
,-8.677,1.065,-6.647,-8.772,-1.792,-6.554,0.35,-6.23,10.15
,-7.99,-0.163,-6.746,-9.1,-0.512,-5.87,0.7,-7.7,10.78
,-8.234,-0.972,-6.959,-9.069,0.148,-5.042,6.44,-8.75,10.36
39980.0,-9.141,0.172,-4.475,-8.777,0.936,-3.247,18.13,-9.8,4.06
,-8.997,0.797,-3.972,-9.107,1.474,-3.405,13.3,-9.45,2.52
,-8.775,1.019,-3.726,-9.045,1.295,-3.714,8.82,-8.75,1.61
,-8.715,0.625,-3.355,-8.813,0.711,-3.817,7.21,-7.28,1.75
40056.0,-8.684,0.505,-3.879,-9.153,1.314,-3.678,8.96,-2.73,1.33
,-9.076,0.333,-3.668,-8.935,0.766,-3.977,8.68,-1.96,0.98
,-9.273,0.639,-3.391,-8.782,-0.4,-4.2,7.63,-1.54,0.56
,-9.356,0.895,-3.386,-8.811,-1.438,-4.46,4.76,-1.54,-0.56
40131.0,-8.684,1.153,-4.566,-8.89,1.053,-4.657,-6.93,-0.14,-7.07
,-9.081,4.156,-4.13,-8.622,0.66,-5.458,-15.19,-2.38,-5.32
,-9.177,1.845,-3.697,-8.397,-1.682,-5.556,-28.14,-3.29,-4.34
,-9.131,-0.438,-3.74,-8.729,-2.235,-5.511,-20.65,-2.1,-3.15
40207.0,-8.823,-1.187,-4.984,-9.134,0.991,-3.293,-0.42,-1.19,-7.28
,-8.938,-0.165,-4.276,-9.045,0.866,-3.36,-1.12,-0.7,-8.05
,-8.988,0.05,-3.51,-8.861,0.579,-3.719,-4.83,0.14,-7.84
,-9.05,0.297,-2.869,-8.837,0.172,-3.836,-5.11,1.47,-7.07
40283.0,-8.976,0.273,-3.946,-8.65,0.077,-4.898,-9.8,6.02,-8.89
,-9.093,0.727,-4.078,-8.586,-0.292,-5.118,-8.19,6.79,-9.73
,-9.232,1.175,-4.511,-8.571,-0.179,-5.264,-10.5,6.3,-11.83
,-8.737,0.562,-4.633,-8.708,-0.117,-5.255,-14.84,5.67,-12.18
40359.0,-8.775,-0.041,-5.02,-8.591,0.024,-4.623,-2.03,4.55,-10.08
,-8.952,0.471,-4.788,-8.708,-0.28,-4.451,-0.84,4.34,-10.5
,-8.995,0.526,-4.826,-8.729,-0.565,-4.214,-2.45,3.57,-10.78
,-8.61,0.151,-4.635,-8.923,-0.22,-4.066,-3.43,3.15,-10.22
40434.0,-9.124,0.199,-3.908,-8.804,-0.263,-4.231,4.83,7.07,-9.8
,-9.062,0.16,-4.073,-9.048,0.096,-4.267,3.5,8.05,-10.29
,-8.748,-0.436,-4.092,-9.024,-0.038,-3.908,2.73,9.03,-9.94
,-8.646,-0.775,-4.274,-9.007,-0.256,-3.568,4.69,9.94,-9.87
40510.0,-9.067,0.407,-3.489,-8.71,0.089,-4.92,7.28,15.19,-12.74
,-8.964,1.043,-3.676,-8.674,-0.254,-5.164,8.12,16.03,-14.14
,-8.945,0.847,-3.877,-8.552,-0.677,-5.027,4.34,16.45,-16.24
,-8.71,0.481,-4.48,-8.607,-0.768,-4.944,1.54,16.66,-17.57
40586.0,-8.423,-0.476,-4.578,-8.636,-0.675,-5.078,10.5,18.2,-17.85
,-8.636,-0.199,-4.616,-8.449,-0.639,-4.982,10.29,18.97,-19.25
,-8.727,0.067,-4.783,-8.492,-0.409,-4.889,7.07,19.04,-21.56
,-8.677,-0.333,-4.946,-8.569,0.067,-4.85,3.57,19.25,-23.31
40662.0,-8.815,0.151,-4.8,-9.062,-0.412,-5.913,8.26,21.42,-27.16
,-9.079,0.873,-5.286,-9.261,-1.335,-5.877,7.35,21.91,-30.66
,-8.327,-0.979,-5.341,-9.182,-0.964,-5.714,0.84,22.75,-36.12
,-8.995,-0.821,-5.834,-9.284,-0.455,-5.463,-1.82,22.47,-39.55
40738.0,-9.215,-0.254,-5.257,-10.316,0.581,-5.415,-7.42,21.91,-45.22
,-9.05,-0.366,-5.111,-9.751,-1.285,-4.726,-8.33,22.19,-46.27
,-9.093,-0.22,-4.994,-9.514,-1.541,-3.81,-6.93,22.82,-47.74
,-9.742,0.488,-5.157,-9.428,-0.294,-3.419,-4.06,23.38,-49.63
40813.0,-9.416,-0.388,-3.434,-9.706,-0.079,-3.814,8.12,32.27,-50.4
,-9.426,-0.852,-3.405,-9.801,-0.462,-3.817,8.54,34.93,-51.8
,-9.541,-0.608,-3.486,-9.789,-0.546,-3.69,9.17,37.59,-52.99
,-9.672,-0.134,-3.642,-9.919,-0.287,-3.506,6.93,39.55,-55.09
40889.0,-10.23,0.345,-3.398,-10.498,0.526,-0.543,-18.2,48.44,-69.16
,-10.225,0.395,-2.903,-10.806,1.041,0.785,-26.88,50.75,-71.61
,-10.246,0.665,-2.137,-11.665,2.879,-0.565,-35.63,53.27,-73.71
,-10.297,0.826,-1.788,-11.72,5.829,-1.534,-43.4,55.86,-73.78
40964.0,-11.828,6.301,-1.462,-9.899,1.326,-4.625,-60.9,78.26,-97.86
,-11.656,4.262,-1.108,-11.031,2.977,-5.951,-90.65,79.66,-101.01
,-10.78,1.653,-2.393,-12.012,4.738,-6.999,-117.39,84.07,-99.33
,-9.557,0.84,-4.209,-11.711,5.824,-7.406,-133.21,91.77,-91.28
41040.0,-11.309,5.482,-7.921,-9.617,1.106,-8.327,-152.6,99.89,-81.2
,-10.586,5.296,-7.909,-9.811,0.584,-8.433,-164.57,90.79,-78.89
,-9.952,4.18,-8.459,-9.605,0.67,-9.119,-172.13,81.62,-74.97
,-9.61,2.381,-8.413,-9.253,0.689,-9.727,-173.04,73.64,-71.54
41116.0,-8.66,0.945,-10.457,-7.179,0.218,-10.761,-109.55,14.98,-76.86
,-8.346,1.007,-10.677,-6.375,0.278,-10.692,-98.84,0.14,-76.37
,-7.98,0.895,-10.732,-5.511,0.766,-10.51,-91.7,-15.47,-75.95
,-7.586,0.383,-10.546,-4.537,0.797,-10.419,-86.1,-32.06,-75.18
41192.0,-4.011,0.866,-10.321,-3.372,1.342,-10.029,-50.75,-117.81,-69.16
,-3.939,1.228,-10.002,-3.171,1.074,-9.899,-49.84,-134.26,-68.74
,-3.936,1.563,-10.12,-3.226,0.598,-9.725,-51.73,-151.34,-69.3
,-3.857,1.546,-10.282,-3.087,0.211,-9.627,-58.73,-168.42,-70.42
41267.0,-3.108,-0.486,-9.337,-3.563,-1.287,-9.399,-77.49,-227.5,-64.96
,-3.319,-1.048,-9.16,-3.733,-1.531,-9.407,-75.11,-237.09,-62.3
,-3.259,-1.309,-9.162,-4.058,-1.919,-9.519,-69.02,-245.07,-58.73
,-3.41,-1.29,-9.366,-4.31,-1.926,-9.505,-61.95,-252.21,-54.25
41343.0,-4.733,-1.699,-9.165,-6.782,0.816,-4.956,-17.85,-284.06,-24.92
,-5.128,-1.295,-8.22,-8.514,2.254,-3.546,-3.22,-285.6,-17.92
,-5.379,-0.838,-7.406,-9.529,2.848,-2.745,6.58,-285.46,-11.41
,-6.068,-0.471,-6.377,-10.115,2.151,-1.831,14.0,-283.43,-4.83
41419.0,-10.402,1.493,-1.481,-8.373,-2.07,-0.584,-28.56,-231.84,-15.19
,-9.993,0.596,-0.993,-8.289,-2.34,0.17,-41.65,-213.01,-17.78
,-9.332,-0.443,-0.883,-7.863,-2.178,0.943,-51.38,-191.52,-20.3
,-8.545,-1.656,-0.488,-7.779,-1.474,1.491,-59.92,-167.79,-20.58
41495.0,-8.165,-0.572,1.558,-6.746,0.347,-3.056,-29.05,-9.45,2.38
,-8.088,0.974,0.555,-8.988,-2.383,-4.104,-25.83,25.69,4.83
,-7.624,2.041,-0.404,-21.003,-12.036,8.342,-31.85,58.8,5.74
,-7.093,1.639,-1.799,-18.911,-5.973,3.362,-43.4,89.04,6.58
41571.0,-14.558,0.459,-4.647,-5.351,2.347,-5.138,19.11,161.49,27.93
,-4.582,2.481,-7.045,-8.5,5.43,-7.684,-3.78,166.95,17.64
,-6.724,-0.481,-8.72,-7.901,4.776,-12.759,-42.28,151.69,15.54
,-6.176,-1.304,-7.669,-5.932,4.379,-13.008,-38.99,131.95,6.58
41646.0,-7.387,2.149,-10.218,-9.189,-4.362,-6.49,-103.6,107.45,-12.74
,-8.471,-2.828,-9.529,-9.361,-0.73,-6.492,-99.68,100.38,-9.94
,-7.404,-6.734,-8.105,-8.303,2.063,-6.518,-71.05,93.87,1.19
,-7.617,-6.985,-7.157,-7.913,2.998,-5.977,-27.51,89.25,16.66
41722.0,-8.88,3.769,-5.829,-9.222,0.826,-5.808,25.69,68.6,25.62
,-9.16,4.209,-5.824,-9.119,0.029,-6.042,4.83,62.79,20.93
,-9.131,3.642,-5.729,-9.009,-0.273,-5.865,-13.51,58.52,17.36
,-9.11,2.257,-5.731,-8.851,-0.763,-5.549,-24.08,54.39,14.77
41797.0,-8.916,-0.802,-5.413,-9.139,0.854,-4.858,9.52,40.88,19.04
,-8.976,-0.077,-5.327,-8.966,0.077,-4.259,15.75,39.41,19.04
,-8.93,0.938,-5.171,-9.117,-0.275,-3.826,15.4,37.52,17.92
,-9.067,1.285,-5.042,-9.299,0.017,-3.489,8.96,35.49,15.26
41873.0,-9.337,0.672,-3.326,-8.928,0.641,-4.113,12.39,34.09,13.51
,-9.385,1.646,-3.57,-8.959,0.51,-4.42,13.23,34.02,12.81
,-9.146,2.079,-3.819,-9.122,0.747,-4.192,6.93,33.53,11.69
,-8.882,1.534,-3.934,-9.158,1.543,-4.353,-3.43,33.25,10.29
41949.0,-8.942,1.744,-4.123,-9.019,-0.771,-3.484,-25.69,32.55,4.76
,-9.299,0.948,-3.778,-9.201,-1.12,-3.556,-34.44,33.32,5.11
,-8.945,0.266,-3.312,-9.349,-0.723,-3.532,-36.96,34.93,6.51
,-9.1,-0.687,-3.472,-9.435,0.371,-3.776,-32.41,37.87,8.26
42025.0,-9.816,0.062,-3.118,-10.694,-0.785,-1.445,-17.64,52.78,16.17
,-10.397,-0.297,-2.379,-10.636,-0.847,-1.33,-12.67,56.91,20.23
,-10.665,-0.371,-1.883,-10.782,-1.01,-1.436,-1.05,62.37,24.08
,-10.574,-0.864,-1.354,-11.07,-1.206,-1.613,11.62,69.09,26.32
42100.0,-11.196,-0.629,-2.075,-12.055,-0.964,-0.498,30.17,101.92,16.24
,-11.268,-0.526,-1.895,-12.34,-0.897,0.005,25.83,108.43,12.53
,-11.507,-0.79,-1.91,-13.46,1.094,0.826,24.22,115.22,10.22
,-11.85,-1.194,-1.321,-16.073,1.914,-1.108,27.37,122.92,10.29
42176.0,-14.549,-4.633,0.976,-18.198,-1.754,6.889,24.08,161.28,14.14
,-14.429,-7.004,3.477,-16.829,0.402,4.025,40.88,173.46,27.51
,-16.76,-5.827,7.152,-14.982,1.486,0.146,75.04,186.13,47.11
,-18.454,-4.575,8.614,-12.175,2.809,-3.944,104.79,197.89,60.13
42252.0,-14.592,5.92,-8.964,-9.899,3.707,-15.075,124.25,217.35,38.78
,-17.547,3.699,-11.419,-6.49,-0.433,-15.841,96.74,205.45,24.99
,-15.779,3.908,-13.64,-6.363,-3.455,-16.411,63.35,181.93,10.36
,-13.549,4.073,-13.924,-8.241,-3.269,-13.943,24.5,146.58,-7.21
42328.0,-8.875,-1.795,-12.979,-3.336,-1.208,-11.905,41.86,33.04,23.38
,-7.748,-0.503,-13.204,-2.816,-1.469,-11.232,45.71,-5.74,29.75
,-6.755,0.103,-12.501,-2.563,-1.086,-10.912,37.03,-40.74,35.42
,-4.563,-0.596,-12.529,-2.156,-0.625,-10.275,26.39,-73.36,39.06
42403.0,-1.519,-0.519,-9.859,-0.66,0.156,-8.787,9.17,-182.7,48.44
,-1.357,-0.656,-9.873,-1.024,0.163,-8.421,-1.82,-201.18,46.69
,-1.077,-0.715,-9.698,-1.567,-0.16,-8.334,-8.12,-218.54,42.77
,-0.536,-0.318,-9.555,-1.936,-0.397,-8.847,-11.48,-232.89,39.41
42479.0,-0.751,0.024,-9.538,-1.488,-1.146,-10.66,-31.15,-312.2,30.45
,-0.689,0.158,-9.775,-1.689,-0.771,-11.125,-40.95,-324.24,23.73
,-1.089,-0.093,-9.77,-1.938,-0.191,-10.737,-49.35,-335.44,15.26
,-1.476,-0.838,-10.151,-3.396,-0.11,-9.799,-51.59,-347.97,5.6
42555.0,-4.913,-0.22,-7.82,-10.383,2.9,-3.19,11.27,-365.96,-28.28
,-6.064,-0.677,-5.915,-10.962,2.118,-0.739,23.31,-358.26,-28.77
,-6.621,0.455,-5.346,-9.825,0.364,-0.859,32.83,-343.7,-22.19
,-9.476,1.697,-3.482,-8.287,-1.536,-1.601,38.43,-325.99,-24.22
42630.0,-6.7,-2.613,-1.663,-6.078,1.855,-1.376,-70.49,-155.47,-20.23
,-5.604,-2.996,-0.708,-5.927,3.068,-3.417,-63.14,-108.01,-12.32
,-5.389,-2.532,0.369,-5.587,3.049,-5.587,-45.85,-57.75,-3.78
,-5.882,-0.847,0.402,-6.339,1.304,-7.729,-27.02,-5.53,2.45
42706.0,-30.27,-17.868,18.626,-8.031,-8.098,-6.671,-108.43,135.17,29.19
,-31.117,-6.485,0.024,-6.583,-2.41,-4.85,-45.92,122.57,23.1
,-10.692,5.384,-9.749,-9.864,6.205,-8.717,-45.71,127.33,-20.79
,-1.565,0.287,-7.447,-7.406,8.488,-14.357,-104.79,136.01,-21.14
42782.0,-4.078,7.152,-12.206,-8.902,-4.197,-7.373,-75.18,139.93,-5.18
,-2.788,4.937,-11.383,-8.397,-4.178,-6.473,-102.76,126.56,-18.13
,-6.509,-2.379,-9.823,-8.48,-1.931,-6.518,-100.66,117.88,-14.14
,-9.356,-4.903,-8.174,-8.016,0.881,-6.671,-67.27,108.08,-0.21
42858.0,-8.815,2.714,-6.64,-9.105,2.422,-6.676,35.21,88.83,23.31
,-8.811,3.061,-6.358,-8.856,2.891,-6.813,12.39,82.74,20.65
,-8.39,2.876,-6.152,-8.971,2.273,-6.255,-3.57,77.14,19.81
,-8.878,2.67,-6.43,-9.06,2.091,-5.683,-8.61,71.75,17.08
42933.0,-9.045,2.113,-5.53,-8.808,-1.194,-5.207,-16.1,45.43,7.77
,-9.344,1.689,-5.355,-8.847,-0.962,-5.123,-19.04,42.49,5.88
,-9.155,0.66,-5.257,-8.94,-0.806,-5.008,-23.52,40.39,4.97
,-8.842,-0.725,-5.133,-8.954,-0.663,-4.63,-23.03,39.27,3.99
43009.0,-8.878,-0.105,-4.329,-8.681,0.775,-5.092,-9.66,34.58,3.01
,-8.906,0.419,-4.556,-8.976,0.62,-4.865,-10.85,34.09,3.01
,-9.038,0.644,-4.853,-9.122,0.342,-4.798,-15.26,33.32,1.96
,-8.681,0.84,-5.102,-9.296,-0.206,-4.633,-20.72,32.48,2.03
43085.0,-9.064,-0.464,-4.525,-9.842,0.23,-3.544,-12.88,37.31,8.4
,-8.954,-0.873,-4.343,-9.871,0.677,-3.171,-7.91,38.36,11.2
,-9.215,-0.457,-4.135,-9.624,0.916,-2.881,-2.87,39.76,13.86
,-9.435,0.034,-3.786,-10.01,0.026,-2.108,-0.84,41.44,15.82
43161.0,-10.038,-0.086,-1.345,-10.732,-1.862,-0.263,13.44,58.73,19.95
,-10.005,-0.16,-0.84,-10.871,-2.082,-0.275,21.0,64.61,18.97
,-10.301,-0.991,-0.38,-10.799,-1.694,-0.471,26.04,70.7,18.9
,-10.524,-1.687,-0.175,-10.962,-0.555,-1.024,31.29,77.49,20.3
43236.0,-11.048,0.16,-1.778,-12.926,0.821,-1.565,35.42,116.41,11.62
,-11.297,-0.086,-2.34,-15.384,3.855,-2.182,22.05,121.94,6.23
,-11.541,-0.486,-2.486,-14.948,-0.857,-0.268,13.79,127.47,3.08
,-11.878,-0.782,-2.314,-14.101,-5.195,1.177,11.83,133.35,2.31
43312.0,-14.963,-6.059,2.685,-16.545,0.665,3.278,31.08,173.67,26.32
,-16.463,-8.423,6.834,-13.039,2.321,1.565,69.79,186.9,49.63
,-18.059,-7.574,8.447,-12.611,7.272,-5.834,115.99,197.68,69.58
,-17.882,-2.962,6.231,-16.348,6.044,-10.177,149.17,204.61,76.44
43387.0,-15.47,6.765,-13.991,-6.64,-1.601,-15.123,114.24,191.03,19.39
,-12.857,5.599,-13.36,-7.073,-3.372,-15.597,61.81,164.64,6.16
,-12.089,4.558,-13.707,-8.215,-2.556,-13.58,5.67,133.42,-5.88
,-9.521,2.111,-13.79,-7.363,-1.165,-12.35,-47.81,98.77,-11.9
43463.0,-7.069,-0.246,-11.768,-2.68,-0.718,-11.522,39.97,-3.64,22.54
,-6.435,0.407,-11.933,-1.895,-0.476,-11.402,30.1,-35.77,26.6
,-4.755,-0.201,-11.732,-1.553,-0.486,-10.546,15.47,-67.13,27.51
,-3.597,-0.663,-11.57,-1.534,-0.522,-9.493,7.42,-95.06,28.21
43539.0,-1.845,-0.682,-9.639,-0.847,-1.046,-9.32,-23.87,-190.33,39.06
,-1.244,-0.897,-9.567,-1.039,-1.321,-9.6,-35.98,-211.26,35.42
,-0.699,-0.893,-9.586,-0.72,-1.127,-10.165,-43.12,-227.99,34.16
,-0.864,-0.696,-9.081,-0.246,-0.696,-10.323,-46.97,-244.23,33.95
43615.0,-0.84,-0.562,-10.275,-2.051,-0.249,-10.675,-37.73,-319.62,21.0
,-1.333,-0.687,-10.455,-3.056,-0.345,-9.959,-40.67,-332.78,16.38
,-1.57,-0.826,-11.005,-3.553,-0.517,-9.251,-37.87,-346.5,9.38
,-1.266,-0.522,-11.306,-4.886,-0.553,-7.605,-27.02,-357.35,0.84
43691.0,-6.379,0.668,-6.356,-10.29,0.354,-0.589,22.05,-362.39,-31.43
,-8.844,1.582,-4.408,-9.368,-2.783,0.737,25.27,-349.79,-33.74
,-10.333,2.02,-3.549,-7.901,-4.044,0.682,16.31,-331.24,-35.07
,-10.737,2.364,-2.123,-6.365,-2.589,-0.747,-8.12,-307.23,-38.36
43766.0,-5.087,-1.431,-0.184,-5.851,3.637,-4.092,-52.64,-95.76,-11.2
,-5.09,-1.12,2.106,-5.901,2.359,-7.224,-39.48,-44.66,-0.98
,-6.506,0.397,1.34,-10.998,-3.747,-10.591,-27.86,7.42,4.48
,-6.528,2.778,-1.168,-28.71,-12.91,13.228,-32.41,56.35,4.48
43842.0,-22.029,-1.567,-5.791,-8.547,-0.258,-4.783,-14.28,126.42,23.38
,-7.42,3.372,-8.89,-10.091,5.832,-8.528,-50.82,130.27,-15.19
,-2.58,-1.977,-6.217,-8.069,5.949,-12.879,-102.76,130.48,-9.03
,-7.832,-6.248,-5.044,-4.661,5.095,-11.773,-89.53,130.97,-7.56
43918.0,-4.3,5.035,-10.837,-8.531,-2.553,-6.32,-78.96,121.87,-6.09
,-6.932,-0.476,-9.706,-8.629,-0.141,-6.329,-80.85,111.44,-7.56
,-8.507,-2.582,-8.631,-8.983,1.529,-6.394,-55.37,101.01,0.98
,-8.746,-1.948,-7.334,-9.648,1.46,-6.525,-28.84,93.31,15.82
43994.0,-8.452,1.874,-6.315,-9.294,3.975,-6.245,-4.41,74.06,18.06
,-8.059,1.558,-5.822,-9.268,2.953,-5.76,-12.67,69.79,17.92
,-8.926,1.232,-5.664,-9.397,0.603,-4.968,-11.69,65.31,17.15
,-9.34,2.352,-6.052,-9.131,-0.144,-4.831,-7.28,60.06,14.07
44069.0,-9.165,0.022,-5.248,-8.938,-0.428,-5.389,-12.46,42.0,9.31
,-9.27,0.304,-5.573,-9.06,-0.445,-5.078,-6.79,39.97,9.52
,-9.244,0.287,-5.681,-8.856,-0.103,-5.018,-7.14,37.31,8.4
,-9.117,-0.072,-5.568,-8.947,0.464,-5.087,-9.52,34.51,7.35
44145.0,-8.988,0.787,-5.374,-9.253,0.816,-3.905,2.03,26.25,8.96
,-8.65,0.56,-5.303,-9.344,1.22,-3.417,-0.91,24.71,9.31
,-8.351,-0.041,-4.86,-9.328,1.417,-3.137,-1.54,24.22,10.08
,-8.882,0.529,-4.491,-9.332,1.003,-3.199,0.42,24.85,10.78
44220.0,-9.335,-0.189,-3.171,-9.505,0.993,-3.403,-13.02,30.8,11.69
,-9.177,-1.122,-3.116,-9.256,0.747,-3.087,-10.22,32.69,13.86
,-9.502,-0.811,-3.187,-9.091,-0.098,-2.623,-2.38,35.07,16.52
,-9.49,0.213,-3.324,-9.05,-0.424,-1.692,2.38,37.03,18.13
44296.0,-9.067,0.33,-0.921,-9.849,-0.574,-0.778,12.53,53.06,21.35
,-9.347,0.589,-0.562,-10.041,-0.048,-1.335,19.25,58.45,20.72
,-9.591,0.117,-0.67,-10.112,0.373,-1.933,22.61,63.7,20.65
,-9.854,-0.471,-0.773,-10.258,0.273,-2.651,24.71,69.51,21.28
44372.0,-10.304,-0.127,-3.297,-10.285,-1.572,-3.886,16.1,95.48,13.65
,-10.098,-0.27,-3.836,-10.352,-2.302,-3.92,12.67,99.54,11.76
,-10.122,-0.361,-4.197,-12.0,-0.637,-4.451,12.46,103.6,11.27
,-10.278,-0.682,-4.216,-12.34,-4.697,-3.951,15.26,108.01,12.25
44448.0,-11.287,-7.952,-2.213,-14.142,1.23,1.235,105.84,146.37,40.25
,-13.9,-4.886,2.412,-13.575,-2.18,0.337,148.82,156.52,54.6
,-15.762,0.579,3.001,-13.527,-3.472,-0.847,168.07,161.98,56.35
,-15.891,3.001,2.386,-12.661,-2.079,-2.493,144.13,165.83,49.56
44524.0,-11.586,0.771,-4.92,-11.239,2.637,-11.543,127.89,186.62,57.96
,-11.172,3.003,-7.327,-10.156,2.084,-12.57,128.94,186.83,50.89
,-11.546,3.417,-9.572,-6.561,1.859,-13.747,116.13,183.68,42.0
,-11.91,3.228,-11.283,-4.176,0.397,-13.541,101.85,172.62,30.31
44599.0,-4.159,-0.983,-13.223,-4.604,0.83,-11.024,26.04,61.81,13.09
,-5.707,-1.278,-12.034,-4.164,0.747,-10.617,38.5,43.47,17.36
,-5.709,-0.261,-11.886,-3.676,0.613,-10.115,50.05,17.43,22.4
,-4.346,0.579,-11.498,-3.084,0.409,-10.079,53.62,-8.05,26.6
44675.0,-2.426,0.5,-10.081,-2.618,-1.548,-9.225,-19.53,-124.46,26.32
,-1.809,-0.002,-10.268,-3.101,-1.697,-9.67,-36.68,-142.52,23.31
,-2.273,-1.318,-9.916,-2.603,-1.618,-9.964,-49.07,-158.76,21.0
,-2.548,-1.788,-9.385,-2.74,-1.472,-10.167,-46.48,-176.82,18.62
44751.0,-2.441,-1.575,-10.474,-3.764,-1.701,-10.596,-19.6,-251.3,10.15
,-2.424,-2.036,-10.12,-3.733,-0.96,-11.201,-20.44,-258.09,12.18
,-2.812,-2.362,-10.053,-3.451,-1.077,-11.373,-17.92,-264.39,14.91
,-3.522,-2.417,-10.127,-3.733,-1.639,-10.285,-13.44,-271.95,16.94
44827.0,-4.759,-1.67,-8.993,-7.842,0.404,-6.324,32.83,-289.94,19.88
,-5.425,-1.086,-8.37,-6.437,0.153,-5.564,52.01,-288.12,21.84
,-5.604,-0.196,-7.808,-7.428,-1.05,-3.989,64.33,-283.43,25.06
,-6.511,0.38,-7.267,-7.545,-1.761,-3.766,66.64,-275.24,28.0
44902.0,-7.088,-1.464,-4.006,-6.339,-0.208,-2.529,73.5,-191.66,24.08
,-6.602,-0.522,-3.546,-6.475,-0.694,-1.998,78.33,-167.02,28.14
,-6.43,0.144,-3.355,-6.456,-0.651,-1.747,75.39,-141.82,28.77
,-6.382,0.165,-2.804,-6.32,-0.28,-1.974,68.25,-116.9,26.88
44978.0,-6.48,-0.06,-2.568,-9.636,-0.101,-5.463,27.72,19.32,20.79
,-6.87,0.067,-2.912,-18.909,-7.81,1.474,16.1,42.28,19.95
,-6.961,0.378,-3.331,-25.006,-1.797,6.736,5.95,60.69,17.08
,-7.921,0.945,-4.295,-18.308,2.453,-3.013,-5.39,72.52,11.62
45053.0,-6.868,-2.012,-1.175,-11.35,3.348,-5.341,-72.17,31.5,-28.84
,-7.327,-5.626,-0.268,-9.057,4.855,-6.916,-91.98,37.66,-18.76
,-8.978,-5.269,-1.204,-7.696,2.862,-8.181,-65.52,52.92,-16.94
,-12.398,-1.395,-1.948,-6.624,0.313,-7.849,-31.85,71.12,-12.46
45129.0,-7.65,-0.024,-8.624,-9.72,-0.282,-3.642,-53.06,58.73,-19.32
,-8.27,0.266,-8.191,-8.114,0.414,-3.731,-38.57,50.89,-17.57
,-9.758,0.223,-6.202,-9.61,0.428,-3.747,-28.42,42.21,-9.45
,-10.328,-2.335,-4.003,-9.177,-0.531,-3.348,-23.73,36.47,-0.7
45205.0,-8.763,-0.639,-3.041,-9.691,1.091,-1.845,-18.76,28.0,4.83
,-9.818,-0.378,-2.781,-9.485,1.955,-2.106,-17.43,27.23,3.15
,-10.134,0.067,-2.453,-9.813,2.0,-2.3,-17.5,27.09,3.15
,-9.823,-0.112,-1.991,-9.718,1.797,-2.814,-12.46,27.65,4.55
45281.0,-9.584,1.0,-3.317,-9.318,0.651,-4.748,5.04,26.46,6.72
,-9.392,0.397,-3.515,-9.229,0.057,-4.807,5.25,25.55,6.37
,-9.466,0.383,-3.958,-9.009,-0.323,-4.508,8.82,24.36,5.74
,-9.409,0.775,-4.453,-9.134,-0.433,-4.212,11.06,22.33,5.11
45356.0,-9.308,-0.488,-3.948,-9.478,0.519,-3.07,29.54,13.37,9.24
,-9.287,-0.471,-3.664,-9.418,0.354,-2.8,33.95,12.67,9.94
,-9.363,-0.373,-2.989,-9.531,0.313,-2.793,37.59,12.53,10.36
,-9.55,0.471,-3.171,-9.509,0.146,-2.845,41.58,12.32,10.22
45432.0,-9.344,-0.29,-3.185,-9.485,0.431,-3.728,46.2,12.46,13.58
,-8.978,-0.821,-3.116,-9.337,0.715,-3.731,49.28,13.02,15.4
,-9.229,-0.38,-3.23,-9.555,0.833,-3.683,55.02,13.16,16.1
,-9.55,0.182,-3.582,-9.753,0.816,-3.831,57.54,12.81,15.4
45508.0,-9.373,0.613,-3.494,-9.45,0.309,-2.603,53.83,9.94,11.62
,-9.5,0.438,-3.302,-9.569,0.196,-2.546,56.35,9.73,11.83
,-9.462,0.701,-3.151,-9.725,0.354,-2.752,59.22,9.59,11.2
,-9.469,0.471,-2.819,-9.6,0.591,-2.991,58.66,9.87,11.2
45584.0,-9.402,0.962,-3.101,-9.203,0.438,-4.176,67.55,14.0,8.61
,-9.514,1.314,-3.527,-9.466,-0.012,-4.448,64.82,12.6,6.65
,-9.368,1.141,-3.872,-9.277,-0.263,-4.386,58.45,11.2,4.34
,-9.34,0.895,-4.08,-9.105,-0.144,-4.089,52.29,10.08,3.29
45660.0,-9.074,-0.036,-3.709,-9.435,-0.194,-2.639,52.01,6.65,-0.35
,-9.217,-0.067,-3.415,-9.868,0.744,-3.044,53.27,7.28,0.07
,-9.442,-0.218,-2.931,-9.806,2.228,-3.163,54.46,8.68,1.33
,-9.33,-0.373,-2.694,-9.421,2.592,-3.427,57.89,10.64,2.59
45735.0,-9.294,1.603,-3.683,-9.734,1.407,-4.044,53.48,6.09,0.63
,-9.311,1.22,-3.783,-9.72,1.328,-3.874,53.48,5.18,-1.19
,-9.337,1.718,-3.879,-9.634,1.12,-3.735,55.3,3.99,-2.73
,-9.689,1.993,-4.104,-9.33,0.201,-3.731,52.08,2.17,-4.76
45811.0,-9.095,-0.627,-3.676,-9.383,-0.457,-3.384,34.44,-3.22,-13.58
,-9.229,-1.254,-3.644,-9.359,-0.45,-3.278,41.72,-2.38,-11.55
,-9.268,-1.07,-3.616,-9.462,-0.325,-3.35,49.77,-1.54,-9.52
,-9.213,-0.644,-3.637,-9.509,0.01,-3.326,56.07,-0.35,-7.28
45886.0,-9.49,0.045,-3.305,-9.404,-0.519,-3.405,68.67,0.56,-6.65
,-9.323,0.06,-3.25,-9.344,-0.325,-3.656,69.79,0.21,-7.14
,-9.273,0.077,-3.252,-9.239,-0.369,-3.939,69.51,0.21,-7.56
,-9.416,-0.249,-3.247,-9.263,-0.976,-4.185,67.97,0.21,-7.42
45962.0,-8.909,-1.07,-4.178,-8.497,-2.685,-4.161,62.65,-3.15,-9.59
,-8.928,-1.297,-4.295,-8.768,-3.64,-3.953,64.33,-3.29,-8.33
,-8.928,-1.886,-4.161,-9.019,-3.475,-3.723,66.92,-3.01,-6.3
,-8.703,-2.142,-4.183,-9.311,-2.931,-3.671,72.24,-2.03,-3.78
46038.0,-9.318,-3.139,-3.376,-9.691,-1.232,-2.587,118.93,5.88,16.38
,-9.471,-3.35,-3.08,-9.715,-0.763,-2.558,128.66,6.86,21.14
,-9.622,-2.946,-2.881,-9.732,-0.175,-2.355,140.63,7.42,26.18
,-9.586,-2.048,-2.742,-9.756,0.06,-2.694,149.87,8.4,30.73
46114.0,-9.483,-0.208,-3.068,-8.507,-1.637,-5.006,157.78,20.23,56.49
,-9.22,-0.249,-3.553,-8.222,-1.725,-4.75,158.62,22.54,63.0
,-8.983,-0.481,-4.209,-8.229,-1.376,-5.073,162.12,24.01,69.23
,-8.871,-1.043,-4.85,-8.342,-1.268,-4.872,167.37,24.71,74.69
46189.0,-8.442,-1.139,-4.453,-8.473,-0.991,-3.848,216.09,22.89,96.74
,-8.564,-1.122,-4.494,-8.44,-0.526,-3.592,219.45,22.26,98.0
,-8.624,-1.192,-4.42,-8.402,-0.065,-3.527,221.41,22.68,98.77
,-8.543,-1.242,-4.279,-8.533,0.457,-3.195,223.44,24.22,99.82
46265.0,-8.978,0.66,-3.68,-8.617,-0.799,-3.668,197.54,29.05,88.34
,-8.801,0.546,-3.881,-8.847,-0.651,-3.582,181.72,27.02,83.65
,-8.579,0.22,-3.946,-9.239,-0.455,-3.448,167.23,23.87,79.45
,-8.528,-0.428,-3.793,-9.552,-0.22,-3.223,156.59,20.51,76.72
46340.0,-9.55,-0.096,-2.941,-9.88,0.771,-3.082,148.12,8.96,68.04
,-9.471,0.213,-2.967,-9.739,0.584,-3.041,146.72,8.12,66.36
,-9.706,0.345,-3.037,-9.598,0.412,-2.991,145.39,7.14,64.47
,-9.868,0.648,-3.013,-9.423,0.397,-2.812,145.32,6.51,63.35
46416.0,-9.287,0.275,-2.659,-9.141,0.924,-2.278,142.17,2.1,54.81
,-9.313,0.108,-2.57,-9.179,1.039,-2.359,142.1,1.89,53.62
,-9.375,0.321,-2.316,-9.354,0.979,-2.57,142.24,1.96,52.99
,-9.347,0.622,-2.386,-9.485,0.952,-2.539,140.14,1.54,51.17
46492.0,-9.407,1.338,-2.627,-9.45,1.515,-2.347,118.51,-1.82,40.11
,-9.268,1.486,-2.795,-9.426,1.35,-2.254,112.42,-2.94,38.01
,-9.308,1.498,-2.67,-9.536,1.031,-2.345,107.03,-4.13,35.98
,-9.43,1.625,-2.52,-9.742,0.921,-2.276,102.27,-4.76,33.25
46568.0,-9.739,1.091,-2.273,-9.373,1.05,-1.91,87.01,-0.14,25.48
,-9.574,1.165,-2.091,-9.323,1.125,-1.9,83.37,1.68,24.43
,-9.495,1.235,-1.965,-9.356,1.374,-1.823,78.89,3.78,24.01
,-9.495,1.108,-1.989,-9.603,1.771,-1.864,73.85,5.81,23.59
46644.0,-9.978,2.166,-1.826,-10.28,1.73,-2.034,49.84,12.04,16.73
,-10.129,2.398,-1.835,-9.746,1.541,-1.933,39.69,12.04,15.05
,-10.502,2.326,-2.245,-9.301,0.931,-1.35,25.9,10.43,13.02
,-10.622,1.943,-2.28,-9.28,0.201,-1.266,11.9,6.86,11.69
46719.0,-9.497,-0.682,-1.527,-9.665,0.292,-2.891,-6.37,6.72,11.41
,-9.311,-1.144,-1.268,-9.543,0.067,-2.804,1.54,12.04,12.46
,-9.383,-0.916,-1.493,-9.409,-0.359,-1.761,9.38,17.36,13.37
,-9.459,-0.156,-2.032,-9.878,-0.223,-2.142,13.79,21.14,13.44
46795.0,-10.05,0.404,-2.979,-8.504,-0.629,-5.03,2.59,26.81,10.08
,-9.959,0.603,-3.649,-8.519,-1.168,-5.453,-7.35,26.39,3.99
,-9.524,0.376,-4.25,-8.402,-1.445,-5.245,-17.99,24.57,-0.63
,-8.897,-0.019,-4.841,-8.634,-2.06,-4.716,-26.39,22.82,-2.94
46871.0,-9.028,-1.953,-4.549,-9.387,2.242,-4.597,0.84,20.37,9.8
,-9.107,-0.986,-4.326,-9.292,2.74,-5.08,17.15,22.26,15.4
,-9.081,0.11,-4.288,-9.115,2.663,-5.473,31.36,23.8,21.0
,-9.304,1.173,-4.24,-8.909,2.52,-5.619,41.58,24.15,24.92
46947.0,-9.158,2.498,-5.985,-9.052,2.12,-4.673,41.58,13.23,23.24
,-9.048,2.632,-5.949,-9.048,1.876,-4.061,37.8,10.08,19.81
,-9.009,2.599,-5.654,-9.139,1.608,-3.551,31.15,7.14,16.1
,-9.038,2.374,-5.219,-9.471,1.732,-3.254,22.89,4.97,12.46
47022.0,-9.531,2.032,-2.984,-8.957,-1.464,-3.623,8.75,0.84,9.45
,-9.335,1.955,-2.91,-8.811,-2.149,-3.867,6.51,1.05,10.15
,-9.232,1.421,-3.104,-8.878,-1.486,-4.008,3.36,0.91,10.01
,-9.153,0.002,-3.278,-8.983,-0.208,-3.821,-0.07,1.75,8.75
47098.0,-8.993,0.869,-3.819,-8.914,1.17,-3.845,39.48,10.71,16.17
,-9.15,1.323,-3.92,-9.012,1.146,-3.721,35.84,10.36,15.68
,-9.136,1.457,-4.025,-9.105,1.316,-3.699,30.52,9.73,14.56
,-9.028,1.354,-3.941,-9.062,1.307,-3.611,25.13,9.03,13.23
47173.0,-9.067,1.086,-3.527,-9.129,1.474,-2.771,11.69,9.45,9.87
,-9.112,0.995,-3.412,-9.131,1.34,-2.51,9.87,10.08,9.94
,-9.124,1.17,-3.216,-9.1,0.881,-2.264,8.89,10.99,9.8
,-9.091,1.369,-3.072,-9.172,0.359,-2.278,7.56,11.76,9.52
47249.0,-9.189,0.268,-2.436,-8.971,0.699,-2.661,-0.98,21.91,8.47
,-9.033,0.481,-2.596,-9.194,1.149,-2.982,0.49,24.78,8.89
,-8.947,0.426,-2.577,-9.045,1.283,-3.302,-0.07,27.16,9.24
,-8.918,0.462,-2.596,-8.66,0.72,-3.817,-0.56,29.33,9.03
47325.0,-8.662,0.613,-4.374,-8.55,0.168,-5.018,-6.79,36.26,7.98
,-8.423,0.924,-4.669,-8.595,0.424,-5.049,-3.85,36.68,9.03
,-8.512,0.711,-4.829,-8.471,0.684,-5.025,-2.24,37.38,10.57
,-8.646,0.385,-4.96,-8.591,0.536,-5.212,0.14,38.08,12.11
47401.0,-8.536,0.103,-5.525,-9.225,1.015,-5.784,10.92,42.07,14.77
,-8.557,-0.809,-5.753,-8.82,2.01,-5.415,15.96,43.26,16.59
,-8.722,-0.596,-5.824,-9.359,1.697,-5.202,27.23,44.66,18.62
,-9.0,0.479,-5.796,-9.237,1.304,-4.98,35.63,45.85,20.16
47477.0,-9.428,0.936,-4.999,-9.246,1.802,-4.867,34.44,48.51,19.53
,-9.55,0.986,-4.874,-9.268,1.158,-4.862,37.52,50.19,20.02
,-9.658,1.419,-4.846,-9.5,0.768,-4.872,38.43,51.17,19.46
,-9.304,1.759,-4.838,-9.605,0.768,-4.822,35.91,52.15,18.76
47552.0,-9.971,0.955,-4.709,-10.754,-2.548,-2.654,29.4,60.83,15.19
,-10.751,2.034,-4.413,-11.57,-2.07,-1.764,30.24,63.35,13.51
,-11.862,2.73,-4.384,-11.988,-1.096,-1.268,26.39,65.31,9.8
,-11.4,0.132,-3.75,-12.101,-1.9,-0.749,14.84,68.39,7.28
47628.0,-12.175,-2.824,-0.366,-14.451,-2.771,3.405,36.54,103.6,23.52
,-12.481,-3.443,0.108,-14.731,-2.146,3.374,43.33,112.28,28.77
,-13.087,-3.632,1.196,-14.496,-1.371,1.905,55.93,122.29,36.05
,-13.829,-3.338,2.158,-13.711,-1.017,-0.282,71.89,132.37,43.47
47704.0,-12.541,-1.228,-3.065,-11.718,1.718,-12.015,104.65,155.75,56.63
,-11.05,-1.084,-4.594,-10.646,0.455,-12.503,108.08,158.41,56.28
,-12.402,1.326,-8.949,-8.614,-0.507,-12.321,121.66,158.13,47.88
,-13.388,1.704,-10.268,-7.26,-1.67,-12.606,105.28,152.53,34.02
47780.0,-6.664,-2.297,-12.953,-7.787,0.838,-10.261,52.43,75.04,39.97
,-6.803,-1.62,-12.883,-6.825,0.732,-9.928,71.82,65.45,48.44
,-7.033,-0.723,-11.232,-5.946,0.081,-9.88,82.53,49.49,53.9
,-7.624,0.146,-9.77,-5.322,-0.479,-9.519,79.1,25.48,58.1
47855.0,-4.678,-0.672,-9.775,-3.252,-0.986,-9.048,-1.61,-100.1,58.8
,-4.592,-1.029,-9.34,-2.752,-0.861,-9.234,-7.28,-117.32,58.1
,-4.415,-0.955,-9.16,-2.563,-0.806,-9.083,-9.38,-135.45,55.23
,-3.908,-0.907,-9.287,-2.548,-0.574,-9.091,-11.2,-153.65,51.73
47931.0,-2.197,-0.648,-9.062,-2.314,-0.012,-8.665,-5.53,-229.32,30.03
,-1.883,-0.706,-8.715,-2.276,-0.151,-9.146,1.4,-242.9,25.83
,-1.933,-0.459,-8.614,-2.108,-0.584,-9.284,3.71,-255.64,22.96
,-2.084,-0.223,-8.54,-2.216,-1.017,-9.658,-0.21,-267.96,19.6
48006.0,-2.479,-1.23,-9.739,-6.545,0.275,-6.786,3.85,-320.25,-2.31
,-3.867,-1.077,-9.206,-7.243,1.12,-5.075,19.04,-325.78,-6.23
,-5.078,-0.608,-9.079,-9.251,2.608,-4.647,28.63,-332.78,-11.97
,-5.573,-0.115,-8.145,-9.153,2.381,-2.711,30.38,-336.77,-16.24
48082.0,-10.361,0.522,-1.73,-7.717,-1.211,-0.447,-32.62,-282.45,-39.69
,-10.301,-0.802,-1.053,-7.152,-1.718,0.933,-46.76,-254.38,-41.3
,-9.399,-1.295,-0.696,-7.133,-2.012,1.577,-52.01,-222.11,-39.62
,-8.394,-1.189,-0.756,-7.401,-0.701,0.976,-55.93,-186.13,-37.87
48158.0,-7.461,0.842,-0.761,-21.627,-11.519,7.487,-19.25,40.11,4.62
,-6.925,1.464,-2.414,-21.653,-3.348,-0.225,-23.45,83.93,10.5
,-6.705,1.058,-4.362,-13.273,1.807,-6.638,-30.24,121.38,15.54
,-8.863,-1.548,-6.255,-3.994,-0.766,-8.162,-32.27,149.24,20.86
48234.0,-5.762,-3.872,-6.997,-9.019,5.552,-11.641,-29.75,130.69,12.67
,-7.519,-2.462,-7.583,-7.121,5.068,-12.077,-8.4,114.87,-1.12
,-5.556,2.424,-4.357,-6.681,2.905,-9.215,2.38,101.57,-7.21
,-8.648,6.705,-6.078,-8.093,-1.484,-7.143,-20.58,98.77,-4.55
48309.0,-8.851,-4.353,-6.253,-8.799,0.95,-5.765,-46.13,88.83,3.5
,-8.882,-3.707,-5.827,-8.208,2.187,-5.798,-16.31,83.44,12.11
,-8.988,-2.099,-5.432,-8.392,3.281,-5.657,8.4,81.27,22.54
,-9.359,-0.55,-5.415,-8.921,4.451,-5.556,28.56,81.34,33.11
48385.0,-9.43,4.099,-5.434,-9.261,0.72,-4.803,-8.75,57.68,12.67
,-9.359,3.458,-5.365,-9.287,-0.261,-4.434,-22.19,53.41,9.73
,-8.988,2.486,-5.317,-9.241,-0.581,-4.221,-26.32,49.28,7.35
,-9.091,1.598,-5.176,-9.129,-0.479,-4.207,-24.85,45.85,6.51
48461.0,-9.103,-0.06,-4.451,-8.897,0.05,-4.915,7.49,41.51,12.67
,-9.081,0.055,-4.755,-9.009,0.227,-4.8,6.3,40.81,9.66
,-8.945,-0.079,-4.891,-9.134,0.168,-4.728,0.56,39.34,6.3
,-8.808,-0.079,-4.86,-9.174,0.34,-4.685,-5.53,37.45,3.64
48537.0,-9.139,0.744,-4.649,-9.411,0.177,-2.529,-3.43,33.6,4.13
,-8.947,0.507,-4.185,-9.351,0.38,-2.46,-1.54,34.23,6.37
,-8.966,0.17,-3.52,-9.217,0.321,-2.446,0.0,35.49,8.26
,-9.21,-0.067,-2.9,-9.395,-0.053,-2.491,1.68,37.45,9.38
48613.0,-9.385,-0.01,-2.661,-9.263,0.108,-3.685,-21.63,48.93,4.69
,-9.667,0.182,-2.816,-9.227,-0.572,-4.142,-25.48,51.66,3.43
,-9.447,0.83,-2.972,-9.366,-1.551,-4.037,-28.77,53.9,2.38
,-9.196,0.713,-3.283,-9.512,-1.366,-4.025,-32.97,56.42,3.29
48688.0,-10.084,-1.149,-3.644,-11.503,0.692,-0.452,5.11,71.82,16.66
,-10.498,-1.117,-3.226,-11.393,0.426,0.038,17.43,76.23,17.5
,-10.878,-0.56,-2.3,-11.472,0.249,-0.053,26.88,81.69,17.22
,-11.335,0.359,-0.909,-11.74,-0.093,-0.402,29.19,87.15,15.05
48764.0,-12.166,-0.713,-0.412,-17.059,-0.634,-0.955,21.63,127.26,6.93
,-12.4,-1.618,-0.153,-15.059,-7.437,1.335,27.58,136.57,8.05
,-12.922,-2.603,-0.218,-16.037,-8.509,5.145,36.54,146.02,10.5
,-14.613,0.888,-0.153,-18.057,-6.478,9.174,54.74,154.42,12.32
48839.0,-19.868,-4.106,10.201,-15.02,7.255,-8.064,138.53,214.2,64.96
,-18.574,-0.426,7.746,-17.739,6.42,-10.802,144.13,221.97,61.46
,-17.035,1.699,4.149,-17.296,5.966,-14.243,138.04,224.91,57.12
,-13.192,3.001,0.804,-14.544,5.307,-14.432,130.62,230.09,53.62
48915.0,-13.293,5.535,-15.178,-7.588,-4.434,-12.831,-25.34,126.49,-30.87
,-8.287,2.824,-15.793,-7.471,-3.19,-12.405,-71.89,88.41,-31.78
,-5.305,-1.35,-17.088,-6.714,-1.388,-11.826,-79.24,77.0,-22.4
,-5.927,-4.35,-15.915,-5.432,-0.158,-11.773,-49.84,75.39,-11.62
48991.0,-4.176,-0.244,-11.11,-1.062,-0.522,-10.074,29.26,-86.03,23.45
,-2.489,-0.529,-11.237,-0.38,-0.677,-9.954,20.44,-112.84,26.53
,-1.496,-0.562,-10.914,0.232,-1.094,-9.619,14.56,-133.77,29.96
,-1.24,-0.579,-10.646,0.246,-1.12,-9.115,8.26,-154.35,31.85
49067.0,0.388,-0.751,-9.237,-0.182,0.158,-10.29,-24.99,-246.26,17.15
,0.081,-0.108,-9.162,-0.129,0.352,-10.431,-21.77,-259.07,15.12
,-1.01,-0.141,-9.083,-0.182,-0.881,-10.345,-14.77,-275.87,15.61
,-1.041,-0.304,-9.94,-0.431,-2.467,-10.278,-8.54,-295.89,17.64
49142.0,-1.589,-2.41,-10.376,-5.008,0.926,-10.124,-9.73,-365.54,-8.54
,-2.647,-1.345,-10.66,-5.461,0.213,-6.961,1.54,-378.0,-13.65
,-3.369,0.254,-11.653,-6.628,-0.44,-4.362,-0.56,-388.57,-19.81
,-3.714,0.701,-11.373,-8.191,-0.715,-3.228,-10.01,-393.68,-25.55
49218.0,-10.696,0.534,-3.345,-5.695,-0.79,-0.749,-0.98,-318.15,-35.14
,-10.981,2.324,-3.257,-3.944,-0.273,-0.115,-7.21,-288.54,-39.13
,-9.935,1.876,-2.099,-3.805,-0.517,4.482,-32.13,-252.42,-39.62
,-7.973,0.211,-1.01,-5.894,0.086,3.472,-57.75,-208.46,-34.3
49294.0,-5.879,2.548,0.754,-31.448,-21.352,18.272,-34.16,74.69,13.23
,-6.006,3.264,-2.479,-31.826,-9.988,0.507,-50.54,125.09,16.45
,-6.281,1.541,-5.738,-10.179,7.731,-9.203,-70.91,164.01,19.39
,-8.05,-2.17,-9.335,-1.644,7.303,-5.946,-87.71,193.97,33.67
49370.0,-7.093,-2.496,-8.708,-5.427,6.609,-12.625,-141.12,132.65,-23.24
,-4.989,-1.307,-5.516,-3.829,3.264,-10.543,-124.6,143.29,-25.06
,-8.638,3.905,-10.112,-6.506,-3.443,-9.237,-80.36,153.79,-8.4
,-7.174,7.368,-14.535,-8.918,-5.315,-8.679,-76.02,153.23,8.47
49445.0,-8.492,-4.551,-8.181,-8.162,3.36,-7.411,-39.13,100.17,21.63
,-9.062,-4.355,-6.813,-8.978,3.647,-7.554,0.91,99.61,42.7
,-9.179,-1.847,-7.406,-8.083,2.575,-7.815,36.68,98.0,50.12
,-7.648,1.543,-7.566,-8.832,1.821,-7.966,50.4,91.49,43.75
49521.0,-8.969,1.05,-8.11,-9.476,-1.388,-5.513,-20.09,61.18,17.29
,-8.49,0.603,-7.894,-9.258,-0.139,-5.087,-18.48,55.79,15.68
,-8.638,-0.668,-7.212,-9.33,1.474,-5.257,-13.23,51.94,16.31
,-9.27,-1.783,-6.296,-9.277,2.556,-5.269,-2.17,49.0,18.41
49597.0,-9.239,2.261,-4.929,-9.136,1.225,-3.125,11.69,36.68,16.59
,-9.375,1.175,-4.056,-8.957,2.304,-3.829,1.4,34.09,14.14
,-9.241,0.469,-3.439,-8.796,2.156,-4.563,-0.56,32.41,13.23
,-9.215,0.359,-3.072,-8.38,0.84,-5.008,3.78,31.85,13.3
49672.0,-8.26,-0.67,-4.86,-8.947,0.471,-4.803,-30.73,30.66,4.83
,-8.524,-0.732,-4.731,-9.363,-0.986,-4.432,-26.04,32.13,4.55
,-9.04,0.5,-5.011,-9.541,-2.115,-3.53,-20.65,32.55,3.71
,-9.095,1.199,-5.09,-9.694,-1.831,-2.862,-22.4,32.55,3.15
49748.0,-9.744,0.689,-2.785,-9.998,-1.945,-1.512,-1.4,41.58,20.09
,-9.84,1.828,-2.651,-10.421,-1.24,-0.979,-4.55,44.87,21.28
,-10.062,0.263,-2.362,-10.703,-0.268,-0.629,-11.13,48.44,21.0
,-9.866,-1.634,-2.111,-10.945,-0.053,-0.421,-5.32,53.9,22.19
49824.0,-11.125,-0.826,-0.227,-11.074,-0.897,-1.725,26.6,87.29,23.73
,-11.251,-1.46,-0.514,-11.031,-0.627,-2.218,26.88,95.2,22.47
,-11.101,-1.419,-0.931,-10.971,-1.082,-2.611,28.07,103.11,21.14
,-10.993,-1.421,-1.177,-10.948,-1.649,-2.721,28.07,110.95,19.32
49900.0,-11.783,-0.407,-2.493,-14.293,-4.989,4.458,33.6,141.89,15.4
,-14.262,3.955,-3.017,-16.791,-4.934,6.899,46.2,146.02,13.37
,-13.934,-0.146,-1.019,-18.318,-3.8,6.621,28.77,151.27,11.41
,-12.434,-5.267,1.074,-17.863,-1.546,4.338,27.72,161.14,21.63
49975.0,-16.08,-0.055,1.498,-15.977,3.597,-11.797,138.67,201.95,69.65
,-13.999,1.077,-2.029,-14.018,3.439,-13.374,140.42,207.2,67.06
,-12.924,4.451,-6.042,-10.943,3.24,-14.056,147.0,215.04,58.24
,-15.81,4.932,-10.342,-8.212,1.699,-13.905,141.54,211.68,48.3
50051.0,-6.679,-1.689,-15.116,-7.873,0.132,-12.285,-15.05,87.36,17.29
,-6.667,-2.996,-14.556,-6.492,0.364,-11.78,8.12,78.75,30.66
,-7.648,-2.187,-13.525,-4.846,0.239,-11.407,43.61,63.07,39.69
,-7.942,-0.876,-12.527,-3.338,0.041,-11.11,61.04,32.13,42.98
50127.0,-2.503,-0.12,-11.249,-1.527,-1.22,-10.153,10.64,-112.7,38.92
,-1.807,-0.045,-11.218,-1.082,-0.986,-10.292,-1.33,-132.65,36.68
,-1.163,-0.258,-10.318,-0.498,-0.498,-10.124,-13.93,-150.64,32.9
,-1.575,-0.625,-10.144,-0.818,-0.323,-10.01,-27.16,-169.54,28.21
50203.0,-1.17,-0.488,-10.357,0.261,-1.22,-10.211,-51.03,-264.04,7.56
,-0.419,-0.708,-11.139,-0.498,-2.07,-9.71,-52.43,-283.36,5.18
,0.168,-0.689,-11.074,-0.66,-2.077,-10.17,-51.66,-298.2,1.89
,0.474,-0.804,-10.768,-0.605,-1.433,-10.919,-51.94,-310.73,-3.78
50278.0,-0.869,-0.83,-11.735,-5.047,1.488,-7.887,-21.07,-363.72,-25.48
,-1.247,-0.311,-11.469,-7.243,1.68,-6.351,-10.99,-365.82,-26.67
,-2.802,0.069,-10.407,-8.988,1.472,-4.35,1.47,-366.17,-28.56
,-4.178,1.206,-9.634,-11.433,2.111,-3.051,9.87,-365.75,-29.61
50354.0,-11.931,2.852,-1.888,-4.628,-2.754,2.039,-6.02,-295.47,-29.47
,-11.314,2.391,-0.596,-4.393,-2.194,4.726,-30.73,-265.02,-35.49
,-9.261,0.096,0.586,-6.111,-1.938,4.891,-60.69,-227.22,-35.63
,-6.87,-2.814,1.153,-6.492,0.024,3.209,-80.64,-183.26,-29.89
50429.0,-6.214,2.156,0.89,-27.693,-16.451,10.29,-36.68,70.42,13.16
,-6.518,2.467,-1.986,-26.997,-9.0,3.735,-53.76,108.85,11.97
,-6.779,1.85,-5.236,-9.974,1.455,-3.271,-71.89,137.97,9.03
,-8.346,-0.151,-8.26,-4.685,0.146,-6.152,-82.88,155.4,10.22
50505.0,-7.471,-5.836,-7.602,-6.344,5.135,-10.981,-105.77,132.44,-0.63
,-8.356,-2.52,-7.227,-4.606,3.656,-9.414,-62.23,142.73,4.76
,-8.301,4.755,-8.074,-5.822,1.555,-9.686,-21.63,148.05,10.64
,-8.129,7.729,-10.227,-8.631,-0.634,-9.275,-28.07,145.88,15.96
50581.0,-8.746,-1.371,-8.689,-8.031,1.043,-5.642,-60.97,94.29,0.28
,-8.418,-3.75,-6.77,-9.38,1.575,-5.843,-47.11,88.06,19.95
,-9.225,-5.226,-5.513,-8.634,1.809,-5.721,-19.95,86.87,34.86
,-8.497,-1.194,-5.504,-7.959,2.443,-5.891,9.52,85.47,33.32
50657.0,-8.478,0.991,-5.98,-9.411,1.18,-5.755,-24.57,63.84,15.82
,-9.086,0.196,-6.066,-9.024,1.235,-5.465,-20.58,59.99,14.21
,-9.155,0.5,-5.922,-8.885,0.998,-5.518,-12.67,56.84,15.05
,-9.385,0.732,-5.767,-9.036,0.909,-5.779,-4.97,53.48,16.94
50733.0,-8.971,0.622,-5.733,-9.349,-0.038,-4.716,-3.92,36.96,13.79
,-9.107,0.139,-5.461,-9.435,0.053,-4.81,-4.9,34.72,12.39
,-9.165,-0.352,-5.006,-9.308,0.297,-5.03,-2.73,33.32,11.83
,-9.249,-0.376,-4.673,-9.22,0.574,-5.274,2.87,32.13,12.11
50808.0,-8.77,0.622,-5.398,-9.282,1.211,-3.979,17.29,27.65,12.46
,-8.624,0.127,-5.142,-9.27,1.409,-3.8,14.63,26.81,13.16
,-8.772,-0.364,-4.664,-9.217,0.785,-3.374,14.84,26.32,13.86
,-9.079,0.213,-4.269,-9.404,0.861,-3.128,18.34,26.67,13.86
50884.0,-9.067,2.0,-3.501,-8.622,-0.108,-3.711,3.22,29.82,11.62
,-8.808,2.314,-3.829,-8.885,-0.031,-3.46,-2.03,30.24,11.13
,-8.469,1.668,-4.082,-9.074,-0.038,-3.022,-8.75,30.59,10.71
,-8.536,0.519,-4.07,-9.012,0.134,-2.639,-11.13,31.5,10.92
50960.0,-8.947,-0.024,-2.197,-9.95,-0.199,-1.323,7.49,43.61,17.43
,-9.095,-0.404,-1.807,-9.995,-0.529,-1.292,12.81,47.95,17.71
,-9.28,-0.306,-1.426,-10.151,-0.826,-1.5,19.74,52.71,17.78
,-9.478,0.014,-1.302,-10.124,-0.459,-2.271,24.85,57.68,17.99
51036.0,-9.978,-0.364,-2.996,-9.67,-0.318,-3.987,26.53,84.14,12.6
,-9.852,-0.878,-3.676,-10.069,0.273,-3.982,21.84,87.85,10.78
,-9.787,-1.084,-3.989,-11.838,3.91,-3.678,20.58,91.63,9.8
,-9.651,-0.816,-4.032,-13.034,1.998,-4.441,21.42,95.06,9.31
51111.0,-11.055,-5.02,-3.094,-14.434,-0.89,-1.292,10.22,115.78,5.18
,-10.83,-7.215,-2.536,-14.434,0.005,-1.452,40.39,125.93,19.11
,-11.232,-5.298,-2.335,-13.817,-1.192,-0.694,86.87,136.64,34.58
,-12.848,-3.077,-1.134,-13.312,-1.993,-0.349,126.49,145.95,45.15
51187.0,-12.453,-1.115,-1.642,-12.216,2.209,-8.61,114.03,161.98,42.56
,-11.39,0.629,-3.094,-11.711,2.053,-9.591,111.23,162.96,38.64
,-10.727,2.18,-4.391,-10.617,3.233,-11.223,103.04,166.53,33.46
,-10.995,2.659,-6.116,-9.091,4.013,-10.931,94.36,170.73,26.46
51262.0,-7.557,4.135,-11.981,-6.303,-1.828,-10.373,6.44,81.13,-12.04
,-4.58,2.886,-11.919,-5.042,-0.905,-10.943,-17.71,66.15,-11.83
,-4.2,0.656,-12.436,-4.324,-0.249,-10.806,-27.93,59.57,-5.74
,-5.307,-2.324,-11.393,-3.695,0.282,-10.598,-22.96,49.0,-0.91
51338.0,-3.723,0.44,-9.622,-2.517,-0.325,-10.648,15.26,-59.36,14.63
,-3.731,0.378,-9.545,-2.615,-0.562,-10.093,4.9,-83.44,15.75
,-3.02,0.28,-10.27,-2.615,-0.531,-9.021,-5.74,-107.38,15.26
,-2.702,-0.172,-10.419,-2.465,-0.708,-9.155,-14.0,-126.7,13.93
51414.0,-2.639,-0.96,-9.136,-3.496,0.17,-10.419,-24.01,-204.19,3.43
,-3.443,-0.964,-9.426,-3.544,0.144,-10.574,-22.68,-218.26,1.12
,-3.137,-0.589,-10.232,-3.24,-0.215,-10.644,-22.61,-230.93,0.63
,-2.943,-0.141,-10.68,-3.41,-0.309,-11.096,-24.92,-239.68,-1.61
51490.0,-3.778,-0.156,-11.05,-4.293,1.737,-8.945,-62.09,-279.65,-34.72
,-3.924,-0.005,-10.737,-5.176,1.493,-8.327,-65.87,-283.92,-42.14
,-3.85,0.531,-10.29,-6.432,1.395,-7.688,-67.76,-287.42,-51.59
,-3.743,1.153,-9.816,-7.655,0.266,-6.437,-70.91,-288.33,-60.83
51566.0,-8.167,-1.113,-5.422,-5.274,-3.319,-3.211,-129.29,-233.8,-90.58
,-7.964,-1.788,-5.324,-5.348,-1.531,-3.654,-133.0,-212.24,-92.61
,-6.736,-3.075,-4.573,-6.217,-0.431,-3.582,-133.7,-187.32,-89.18
,-5.882,-4.19,-3.233,-6.54,-0.014,-3.149,-130.13,-159.6,-80.71
51641.0,-6.65,0.158,-2.761,-12.974,-1.673,-1.974,-93.38,-16.94,-35.35
,-7.023,-0.325,-2.946,-13.132,-2.108,-2.434,-93.38,7.35,-30.03
,-8.399,-2.063,-2.778,-12.264,-0.972,-1.452,-93.45,31.5,-20.93
,-11.498,-2.702,-1.4,-12.034,1.689,-2.465,-87.64,55.09,-5.11
51717.0,-10.931,-0.916,-3.647,-7.913,-0.225,-4.984,-73.64,55.93,1.19
,-8.634,-5.607,-4.511,-8.244,1.072,-5.382,-79.1,63.42,4.97
,-7.167,-7.492,-4.346,-8.167,0.828,-5.458,-50.47,71.47,14.7
,-7.332,-3.654,-4.86,-8.516,0.27,-4.587,-14.14,76.23,19.88
51793.0,-9.794,0.23,-3.967,-8.978,0.093,-3.518,-11.97,59.36,22.89
,-10.756,0.885,-3.781,-9.617,-0.177,-4.03,-12.18,56.56,21.28
,-10.029,1.204,-3.62,-9.445,0.098,-3.62,-16.52,54.39,19.53
,-8.799,0.692,-2.955,-9.586,0.809,-3.264,-18.55,52.71,17.78
51869.0,-9.655,1.546,-3.611,-9.024,-0.629,-3.867,-22.26,47.6,3.08
,-9.332,2.216,-3.228,-9.442,-1.527,-3.805,-38.08,45.85,-5.32
,-9.201,2.094,-3.719,-9.423,-1.223,-4.214,-59.5,44.1,-13.51
,-8.949,0.914,-3.955,-8.983,0.471,-4.937,-79.8,42.98,-19.18
51944.0,-8.591,1.486,-5.575,-8.789,-1.297,-5.336,-82.46,40.95,-32.27
,-8.258,0.804,-5.784,-8.835,-0.826,-5.324,-94.57,38.01,-37.45
,-8.169,-0.543,-5.623,-8.739,-0.347,-5.394,-102.97,35.49,-41.86
,-8.547,-1.297,-5.48,-8.746,-0.524,-5.303,-104.23,33.81,-44.94
52020.0,-8.851,-0.981,-5.078,-8.631,0.325,-5.592,-119.91,26.88,-61.39
,-8.911,-1.414,-4.908,-8.485,-0.067,-5.568,-125.02,25.69,-64.96
,-9.105,-1.275,-4.841,-8.394,-0.625,-5.7,-127.05,24.85,-68.67
,-8.873,-0.112,-5.128,-8.356,-0.67,-5.64,-129.92,22.82,-72.59
52095.0,-8.236,-0.144,-5.597,-8.028,-0.438,-6.021,-157.43,11.69,-83.58
,-8.222,0.306,-5.753,-8.22,-0.751,-6.068,-160.58,10.15,-84.84
,-8.227,0.17,-5.91,-8.524,-0.73,-5.755,-165.13,8.4,-86.1
,-8.196,-0.067,-6.068,-8.78,-0.61,-5.497,-168.84,6.58,-87.08
52171.0,-8.854,-0.364,-5.36,-8.512,-1.058,-4.59,-157.64,0.28,-77.35
,-8.868,-0.304,-5.03,-8.39,-1.311,-4.74,-155.89,0.35,-75.11
,-8.835,-0.452,-4.812,-8.397,-0.955,-4.707,-155.61,0.28,-73.71
,-8.698,-0.529,-4.841,-8.631,-0.196,-4.977,-156.24,0.0,-72.8
52247.0,-8.701,0.038,-5.389,-8.397,1.598,-4.822,-141.54,1.4,-61.18
,-8.318,0.084,-5.118,-8.291,0.457,-5.109,-141.4,0.77,-58.73
,-8.457,0.577,-4.925,-7.916,-0.617,-5.463,-139.58,0.0,-56.28
,-8.631,1.278,-4.781,-8.09,-0.814,-5.659,-138.25,-0.56,-54.88
52323.0,-8.227,0.23,-6.04,-7.921,-0.981,-5.499,-127.96,-1.89,-50.26
,-8.346,0.29,-6.157,-8.418,0.869,-5.43,-128.03,-2.73,-49.56
,-8.265,-0.467,-6.183,-8.382,2.357,-5.09,-129.08,-3.43,-49.35
,-7.959,-1.328,-6.152,-8.368,2.247,-5.169,-127.12,-3.57,-48.23
52398.0,-8.081,0.948,-5.367,-8.172,0.995,-6.107,-144.41,-8.54,-55.37
,-7.583,-0.967,-5.133,-8.083,0.325,-6.188,-147.07,-8.4,-55.93
,-7.999,-0.749,-5.552,-8.059,0.558,-6.155,-136.85,-7.35,-54.46
,-8.423,0.567,-5.942,-7.999,0.613,-6.147,-127.68,-7.56,-53.69
52474.0,-8.229,0.302,-6.164,-8.899,-0.325,-5.394,-139.79,-11.48,-63.7
,-8.516,-0.101,-6.399,-9.069,1.864,-5.047,-146.02,-12.18,-67.62
,-8.425,-1.508,-6.329,-8.854,1.218,-4.688,-152.11,-12.74,-69.65
,-8.177,-2.426,-5.614,-9.016,0.644,-4.137,-146.79,-11.9,-67.27
52550.0,-9.38,0.637,-3.762,-8.624,0.4,-3.967,-122.71,-8.61,-55.23
,-9.809,0.991,-3.374,-8.186,-0.945,-3.929,-113.47,-7.14,-51.31
,-9.464,1.744,-3.319,-8.619,0.007,-4.391,-105.49,-6.51,-47.74
,-9.162,1.744,-3.51,-8.437,0.148,-4.838,-99.96,-6.09,-44.17
52626.0,-8.081,-0.431,-4.85,-8.61,0.455,-7.112,-19.67,0.0,-6.79
,-8.471,0.507,-5.403,-8.835,0.78,-7.396,0.14,0.35,-0.91
,-7.87,0.469,-5.913,-8.77,0.785,-7.274,12.18,-0.42,3.71
,-7.897,-0.105,-6.573,-8.457,0.792,-6.743,22.33,-1.47,7.63
52702.0,-8.995,0.907,-6.454,-8.772,0.108,-3.687,30.52,-14.07,8.54
,-8.806,1.17,-5.975,-9.325,0.924,-3.195,24.01,-16.8,6.3
,-8.882,0.684,-5.365,-9.208,1.632,-2.804,17.29,-18.62,4.55
,-8.851,-0.034,-4.669,-9.124,1.57,-2.62,12.67,-19.39,3.5
52777.0,-9.206,1.321,-2.931,-8.796,-0.007,-3.766,-6.09,-15.05,-0.14
,-9.04,0.924,-3.185,-8.418,-1.613,-3.704,-8.12,-13.51,-0.07
,-8.825,0.541,-3.317,-8.892,-1.912,-3.692,-7.0,-12.04,0.77
,-8.909,0.409,-3.573,-9.612,-0.907,-4.322,-4.2,-10.71,1.47
52853.0,-9.323,0.024,-4.429,-9.014,1.271,-3.946,12.67,-2.17,1.54
,-8.835,0.352,-4.422,-8.985,1.443,-3.826,11.9,-1.26,2.1
,-9.007,0.388,-4.267,-9.081,1.496,-4.068,13.93,-0.7,3.15
,-9.069,0.883,-3.996,-8.861,1.125,-3.953,18.34,-0.28,4.83
52928.0,-8.923,0.715,-3.963,-9.014,1.455,-4.125,15.82,0.42,4.69
,-9.036,0.663,-3.886,-8.464,0.907,-4.082,15.26,0.56,3.43
,-9.277,1.036,-3.898,-8.464,0.333,-3.91,14.35,0.84,1.96
,-9.129,1.56,-3.766,-9.105,0.593,-3.97,11.41,0.77,0.28
53004.0,-9.313,1.012,-3.774,-9.069,0.225,-3.417,-8.68,0.07,-7.07
,-9.072,1.003,-3.575,-9.06,0.072,-3.326,-13.93,0.7,-8.12
,-9.057,0.67,-3.429,-9.091,0.663,-3.537,-16.45,1.54,-8.19
,-9.069,0.538,-3.388,-9.237,1.027,-4.178,-14.91,2.73,-7.63
53080.0,-8.961,0.785,-4.424,-8.792,-0.062,-4.85,-6.09,7.07,-6.86
,-8.689,0.124,-4.721,-8.945,0.534,-4.805,-9.03,6.65,-7.7
,-8.674,-0.065,-4.92,-8.849,0.684,-4.776,-7.7,6.58,-7.56
,-8.827,-0.34,-5.018,-8.751,0.244,-4.602,-4.34,6.37,-6.72
53156.0,-8.873,-0.081,-4.384,-8.878,1.113,-4.087,4.83,5.95,-3.08
,-8.938,0.002,-4.173,-8.871,1.06,-4.233,8.19,6.44,-2.17
,-9.055,0.469,-4.104,-8.854,0.476,-4.381,11.41,7.07,-1.33
,-9.217,0.723,-4.07,-8.849,-0.026,-4.523,11.62,7.14,-1.47
53231.0,-8.849,0.139,-4.762,-8.701,0.024,-4.688,7.49,6.79,-2.8
,-8.758,0.397,-5.049,-8.959,0.237,-4.508,7.63,6.3,-3.43
,-8.588,0.242,-5.006,-9.177,0.514,-4.243,4.97,5.46,-3.78
,-8.61,0.065,-4.838,-9.002,0.775,-3.967,3.36,4.97,-4.06
53307.0,-9.019,0.739,-3.812,-9.227,0.869,-3.97,1.47,5.18,-4.69
,-8.902,0.625,-3.68,-8.952,0.735,-4.317,2.8,5.95,-4.2
,-8.878,0.603,-3.611,-8.598,-0.089,-4.542,4.41,7.07,-3.92
,-9.024,0.519,-3.549,-8.397,-0.89,-4.709,5.74,7.91,-3.92
53382.0,-8.507,-0.56,-4.692,-8.94,0.656,-4.228,8.75,10.15,-4.97
,-8.765,0.153,-4.585,-8.921,0.94,-4.513,11.2,10.85,-4.83
,-8.861,0.462,-4.439,-8.799,1.0,-4.714,9.31,11.13,-5.46
,-8.854,0.409,-4.235,-8.665,0.881,-5.083,7.07,11.34,-6.02
53458.0,-8.629,0.498,-5.207,-8.504,-0.101,-5.087,0.35,10.01,-10.08
,-8.629,0.376,-5.331,-8.614,0.038,-4.791,0.0,9.66,-10.92
,-8.646,0.172,-5.358,-8.705,0.483,-4.736,-0.21,9.17,-11.48
,-8.593,-0.246,-5.195,-8.78,0.584,-4.623,0.14,8.82,-11.55
53534.0,-8.808,0.302,-4.563,-8.871,0.206,-4.195,-3.43,8.96,-15.05
,-8.763,0.124,-4.558,-8.737,0.144,-4.197,-2.66,9.73,-15.12
,-8.681,-0.117,-4.319,-8.753,-0.045,-4.281,0.49,10.78,-14.42
,-8.827,-0.036,-4.154,-8.76,-0.239,-4.367,5.11,11.83,-14.0
53610.0,-8.739,-0.397,-4.233,-8.734,0.431,-4.685,10.36,16.38,-16.17
,-8.815,-0.239,-4.195,-8.538,0.215,-4.623,13.09,17.36,-16.66
,-8.866,0.603,-4.434,-8.567,-0.244,-4.568,13.09,17.78,-17.92
,-8.804,0.596,-4.465,-8.631,-0.483,-4.515,9.24,17.78,-19.25
53686.0,-8.871,-0.503,-4.3,-8.964,0.06,-5.008,11.76,21.63,-21.7
,-8.942,-0.261,-4.195,-8.861,-0.694,-5.372,13.65,22.82,-22.68
,-9.043,0.031,-4.343,-8.866,-0.885,-5.487,14.35,24.01,-23.59
,-9.17,0.383,-4.602,-9.404,0.089,-5.501,13.37,25.06,-25.41
53761.0,-8.579,-1.409,-5.494,-9.715,-0.725,-3.817,14.35,29.4,-34.44
,-9.39,-1.596,-5.41,-9.627,-0.347,-3.436,13.09,29.47,-36.68
,-9.782,-0.349,-4.98,-9.768,0.196,-3.096,9.59,29.4,-37.66
,-9.708,-0.849,-4.343,-9.804,0.091,-2.508,3.99,30.8,-39.55
53837.0,-9.945,-0.215,-1.857,-11.306,0.282,-0.115,5.74,48.58,-47.25
,-10.17,0.034,-1.23,-12.122,0.141,-0.122,8.33,54.6,-47.88
,-10.479,0.483,-0.648,-13.015,0.438,0.014,8.05,61.11,-49.0
,-10.816,0.615,-0.261,-13.836,0.759,0.285,3.5,67.62,-50.89
53913.0,-14.59,1.055,0.416,-13.044,7.717,-2.058,-19.04,108.99,-56.28
,-14.484,2.446,0.366,-13.34,8.579,-4.123,-25.41,117.04,-56.91
,-13.8,3.769,0.914,-12.278,7.272,-6.152,-34.65,122.01,-55.16
,-13.192,5.666,0.05,-9.981,6.004,-8.741,-36.75,125.44,-56.0
53989.0,-7.918,4.413,-10.402,-10.342,4.673,-9.466,-115.92,90.93,-86.94
,-8.423,2.596,-10.366,-9.17,4.602,-9.548,-122.36,85.96,-81.62
,-9.931,2.225,-10.132,-8.411,3.498,-9.775,-115.57,77.91,-80.57
,-10.756,3.513,-9.139,-7.605,2.072,-9.691,-108.08,66.15,-82.46
54064.0,-7.842,1.723,-9.835,-6.432,0.359,-9.976,-146.65,-12.04,-79.87
,-7.77,1.646,-10.093,-5.855,0.065,-9.964,-137.27,-28.28,-77.91
,-7.588,1.338,-10.053,-5.922,0.534,-9.801,-130.62,-44.66,-77.7
,-6.963,0.653,-9.598,-5.753,1.149,-9.5,-127.61,-60.83,-77.0
54140.0,-5.449,0.897,-9.313,-4.405,0.524,-8.385,-80.71,-137.55,-71.82
,-4.836,0.177,-8.902,-4.649,0.979,-8.394,-78.96,-151.83,-70.84
,-4.204,-0.385,-8.768,-4.647,0.754,-8.579,-73.15,-164.15,-68.18
,-4.116,-0.177,-8.638,-4.262,-0.06,-8.6,-62.02,-174.51,-62.93
54215.0,-3.944,-0.873,-8.263,-5.178,-1.601,-8.703,-67.27,-228.13,-34.02
,-3.888,-1.452,-8.189,-5.59,-1.321,-8.404,-64.26,-235.9,-25.76
,-4.188,-1.706,-8.291,-5.851,-0.967,-7.777,-56.84,-243.6,-17.5
,-4.819,-1.675,-8.665,-6.021,-0.115,-7.207,-48.02,-251.79,-9.73
54291.0,-6.497,0.653,-5.954,-9.744,3.419,-3.649,-7.77,-277.76,11.41
,-6.956,2.115,-5.243,-9.751,3.175,-3.36,-6.44,-276.5,7.56
,-7.322,2.036,-2.501,-9.055,1.622,-2.838,-19.46,-270.83,8.4
,-8.344,2.213,-3.132,-7.961,-0.397,-1.601,-22.68,-263.27,-0.14
54367.0,-7.143,-2.723,-0.715,-7.09,-2.759,1.78,-110.6,-192.92,-32.48
,-6.662,-4.343,0.038,-7.428,-1.412,1.723,-112.21,-166.81,-26.46
,-6.504,-4.968,1.204,-7.83,-0.053,1.11,-99.75,-135.8,-18.83
,-6.518,-3.599,1.89,-7.253,0.845,-0.215,-77.0,-99.54,-10.36
54443.0,-6.791,0.794,-2.864,-18.87,2.302,-6.224,-36.96,107.73,14.63
,-7.574,-0.491,-4.81,-4.949,0.96,-8.789,-38.36,138.11,17.78
,-20.342,-11.163,0.524,-5.872,-4.645,-7.452,-40.6,142.24,28.07
,-23.659,-6.604,7.011,-4.748,-2.56,-8.069,31.15,139.93,40.25
54519.0,-4.188,3.032,-6.614,-6.056,0.278,-10.481,11.27,131.11,-4.06
,-7.306,4.848,-8.248,-9.182,-2.836,-8.418,-21.21,116.83,-3.99
,-7.758,3.288,-12.711,-8.715,-3.613,-7.205,-51.87,119.0,-3.57
,-4.994,3.221,-14.625,-7.763,-4.793,-5.745,-67.83,125.37,-8.75
54594.0,-7.909,-3.486,-5.504,-8.624,6.647,-7.117,18.34,96.39,34.44
,-8.526,-0.024,-6.805,-8.973,4.374,-6.628,47.74,92.4,36.89
,-8.842,3.934,-7.944,-9.045,2.01,-6.219,54.39,85.89,30.24
,-8.579,6.475,-7.772,-9.174,0.371,-5.832,33.04,77.28,23.1
54670.0,-9.009,-1.256,-5.207,-8.705,1.907,-5.93,-28.28,52.29,12.04
,-9.028,-1.316,-4.905,-8.935,1.196,-6.025,-10.01,51.17,15.61
,-9.139,0.223,-5.221,-8.945,0.586,-5.81,5.67,49.63,16.03
,-8.94,1.646,-5.824,-8.902,0.548,-5.386,8.33,47.04,14.63
54746.0,-8.842,1.046,-5.367,-8.768,-0.179,-4.748,-8.19,33.53,7.21
,-8.792,1.84,-5.492,-8.82,-0.847,-4.209,-6.23,31.43,6.09
,-8.648,1.747,-5.41,-9.139,-0.402,-4.156,-9.87,29.33,4.97
,-8.703,0.792,-5.166,-9.454,0.349,-4.535,-14.77,28.07,4.2
54822.0,-9.292,0.586,-5.262,-9.189,-0.447,-3.604,-11.62,26.6,3.08
,-8.815,0.06,-5.145,-9.462,0.617,-3.171,-14.7,27.23,2.24
,-8.799,-0.12,-4.831,-9.375,1.156,-3.087,-13.86,28.84,2.31
,-9.131,-0.27,-4.527,-9.529,0.782,-2.843,-12.74,30.8,3.08
54897.0,-9.222,1.015,-2.977,-9.737,-1.309,-2.149,-19.18,40.32,7.77
,-9.435,0.845,-3.367,-10.187,-0.644,-1.67,-21.84,43.19,7.98
,-9.454,-0.043,-3.355,-10.337,-0.462,-1.661,-24.36,46.13,9.03
,-9.596,-1.275,-2.735,-10.543,-0.763,-1.491,-20.58,49.98,12.25
54973.0,-10.553,-1.347,-1.347,-10.938,-0.318,-1.924,23.73,79.17,19.25
,-10.68,-1.701,-1.278,-10.9,-0.617,-2.268,31.22,86.52,19.67
,-10.73,-1.318,-1.283,-10.907,-1.005,-2.587,38.01,94.01,19.25
,-11.065,-0.56,-1.661,-10.749,-1.01,-2.644,40.39,100.87,17.5
55048.0,-10.988,-0.567,-2.391,-12.529,-5.772,1.981,32.55,130.34,8.68
,-11.945,0.584,-2.008,-14.252,-4.788,5.331,34.3,135.31,7.98
,-14.357,3.568,-2.783,-16.389,-4.269,6.815,34.02,138.67,3.43
,-13.675,-1.721,-0.354,-17.406,-3.419,6.406,12.46,144.34,2.52
55124.0,-16.86,-2.036,4.317,-17.495,3.604,-9.045,90.65,193.13,46.27
,-16.351,-1.393,2.285,-16.923,2.848,-11.713,91.07,196.7,50.82
,-14.623,-0.684,-0.086,-14.807,2.587,-12.852,98.98,202.16,53.55
,-13.738,3.544,-4.815,-13.137,3.604,-13.171,118.79,215.39,47.6
55200.0,-10.756,4.142,-13.714,-9.835,-2.041,-13.082,-3.08,101.43,-10.78
,-7.81,0.316,-13.69,-8.354,-0.715,-13.343,-35.91,78.19,-4.13
,-7.227,-2.85,-16.035,-6.607,-0.479,-12.615,-27.44,71.33,8.47
,-8.617,-3.841,-14.159,-5.157,-0.687,-11.828,11.41,64.26,18.13
55276.0,-4.659,-0.732,-11.507,-1.512,-0.364,-10.187,38.01,-86.87,42.28
,-3.819,-0.756,-11.507,-1.058,-0.397,-9.976,31.92,-112.84,44.38
,-3.096,-0.577,-11.373,-0.522,-0.543,-9.531,28.91,-134.82,47.46
,-2.355,-0.345,-10.845,-0.787,-0.421,-9.048,23.24,-154.21,49.21
55351.0,-0.83,-0.242,-9.124,-0.34,-0.182,-9.524,-22.4,-238.7,41.44
,-1.189,-0.737,-8.897,-0.491,-0.354,-9.655,-21.42,-257.81,39.2
,-1.268,-0.955,-9.122,-0.727,-0.718,-9.835,-15.47,-276.57,38.64
,-0.493,-0.553,-9.758,-1.096,-0.73,-10.536,-11.83,-293.93,37.38
55427.0,-1.263,-0.534,-10.847,-3.908,0.089,-8.746,-24.29,-353.64,12.04
,-1.555,-0.629,-10.983,-4.882,1.247,-6.734,-23.66,-365.26,2.17
,-1.895,-0.488,-11.11,-5.463,1.919,-3.764,-18.55,-373.52,-5.88
,-2.28,-0.337,-10.141,-9.062,3.427,-2.694,-6.09,-375.83,-12.25
55503.0,-11.898,3.838,-2.393,-5.899,-5.75,-0.833,-29.96,-319.83,-45.57
,-12.015,3.743,-1.835,-4.963,-5.037,0.0,-65.8,-292.53,-56.35
,-10.117,0.967,-0.893,-5.027,-3.625,2.589,-112.0,-256.9,-62.3
,-7.842,-3.479,-0.373,-6.516,-2.532,2.139,-138.6,-213.64,-58.52
55579.0,-6.81,0.637,-0.361,-29.739,-7.227,1.833,-22.19,64.12,10.92
,-6.066,3.242,-4.018,-13.202,3.783,-7.26,-26.88,112.84,15.19
,-7.112,2.977,-7.449,-3.252,2.18,-8.861,-47.39,148.26,17.64
,-24.843,-12.144,3.324,-6.834,-5.793,-6.805,-85.4,137.34,30.03
55655.0,-9.356,-0.57,-7.877,-5.93,5.468,-12.178,-62.58,155.96,-3.64
,-6.21,7.861,-10.041,-6.528,2.19,-9.82,-43.4,153.86,-6.23
,-4.422,7.229,-12.419,-8.899,-4.329,-7.483,-77.98,145.32,-5.46
,-5.635,4.798,-12.769,-10.452,-5.597,-6.504,-109.41,129.57,-15.26
55730.0,-9.328,-4.417,-4.925,-7.937,0.747,-7.014,-12.53,98.56,41.37
,-7.368,-1.086,-4.829,-7.657,0.684,-7.097,23.38,95.9,40.39
,-7.583,2.623,-6.296,-8.691,0.603,-7.267,28.84,90.79,28.77
,-8.763,2.682,-6.832,-9.15,-0.179,-7.526,3.29,86.94,24.01
55806.0,-8.66,-0.689,-7.71,-8.854,0.735,-6.478,-27.37,64.68,15.82
,-8.555,-0.955,-7.53,-9.229,1.555,-6.47,-12.46,61.04,19.46
,-8.524,-0.397,-7.286,-9.627,1.651,-6.109,3.43,57.12,22.33
,-8.567,0.014,-6.765,-9.474,1.797,-5.425,13.86,53.48,23.66
55881.0,-9.141,1.603,-4.724,-9.134,1.426,-3.886,-2.94,33.46,12.74
,-9.165,1.541,-3.963,-8.894,0.739,-3.989,-0.77,31.64,12.25
,-9.184,1.941,-3.685,-8.775,0.445,-4.219,0.7,30.24,11.55
,-9.222,1.981,-3.8,-8.555,0.23,-4.389,-2.1,29.68,10.29
55957.0,-8.61,0.117,-4.295,-9.395,-0.479,-3.944,-13.16,32.69,11.69
,-8.851,-0.232,-3.939,-9.308,-0.823,-4.226,-12.11,34.58,13.37
,-9.136,-0.285,-3.826,-8.923,-1.137,-4.401,-8.54,36.33,14.63
,-9.392,-0.249,-3.841,-9.304,-1.184,-4.338,-4.69,38.5,15.89
56033.0,-9.696,-0.112,-4.037,-10.323,-0.601,-1.283,8.89,46.27,23.94
,-10.95,0.223,-3.482,-10.218,-0.531,-0.699,8.82,48.09,24.78
,-10.9,-0.414,-2.673,-10.337,-0.39,-0.187,10.22,51.52,25.69
,-10.672,-0.591,-2.058,-10.644,-0.711,0.294,14.7,56.49,26.18
56109.0,-10.845,-0.948,-0.024,-11.661,-0.885,-2.008,27.37,89.46,23.52
,-10.804,-0.962,-0.57,-11.756,-0.945,-2.132,28.42,97.58,21.98
,-11.254,-0.708,-1.079,-11.833,-0.737,-1.749,31.01,105.63,19.6
,-11.673,-0.232,-1.95,-11.986,-1.173,-1.749,29.33,112.63,15.96
56184.0,-13.089,2.02,-0.706,-14.642,-7.514,7.676,42.56,144.34,14.63
,-14.733,1.247,-1.184,-18.952,-6.923,9.962,33.88,149.31,10.01
,-12.864,-5.578,1.192,-18.543,-2.726,7.006,22.4,157.71,14.56
,-13.307,-7.456,2.886,-16.93,1.046,3.336,46.9,170.38,28.49
56260.0,-14.288,2.0,-1.101,-15.473,2.362,-12.532,140.77,219.73,59.15
,-13.513,4.633,-4.585,-12.855,2.749,-12.845,132.16,229.67,50.89
,-17.961,4.441,-10.069,-11.115,3.623,-14.111,122.64,226.17,41.93
,-17.949,3.049,-10.687,-7.645,0.66,-15.035,105.49,214.34,32.27
56336.0,-6.949,-2.742,-15.645,-5.855,0.778,-13.099,-27.37,68.25,7.0
,-6.633,-4.149,-14.865,-5.188,1.402,-12.022,5.74,63.07,18.55
,-7.509,-3.101,-13.429,-3.754,0.775,-11.452,37.52,40.74,23.03
,-6.537,-0.773,-13.123,-2.781,0.213,-10.601,56.0,9.31,30.24
56412.0,-2.259,0.148,-10.091,-0.014,0.203,-10.055,5.95,-127.4,40.18
,-1.898,0.055,-9.545,-0.158,0.122,-9.576,-3.29,-148.4,41.93
,-1.45,0.361,-9.753,-0.524,-0.168,-9.531,-11.48,-169.33,41.58
,-0.67,-0.002,-9.964,-1.065,-0.091,-9.481,-19.74,-188.02,38.92
56488.0,-1.328,-0.651,-9.409,-0.45,-0.397,-10.311,-30.03,-269.71,21.42
,-0.921,-0.914,-9.746,-1.01,-0.747,-10.519,-19.25,-287.42,19.46
,-0.349,-0.514,-9.574,-1.259,-0.651,-10.754,-12.53,-300.23,17.36
,-0.392,-0.163,-10.16,-1.91,-0.048,-10.988,-12.04,-313.32,15.4
56563.0,-2.79,0.634,-11.838,-6.126,0.325,-4.91,0.21,-372.05,-5.11
,-3.092,1.318,-11.996,-8.114,0.041,-2.776,-6.23,-382.69,-12.25
,-4.247,1.637,-10.727,-11.022,0.184,-2.204,-13.44,-387.03,-19.25
,-4.75,1.345,-8.191,-11.718,0.304,-1.168,-22.4,-381.64,-18.13
56639.0,-10.373,0.574,-1.041,-3.238,0.232,1.692,-56.28,-259.28,-28.91
,-7.959,-0.428,-0.27,-4.836,0.715,1.287,-75.53,-214.55,-28.14
,-5.812,-1.402,0.292,-5.803,1.922,-0.756,-84.63,-165.13,-21.84
,-4.068,-0.433,-0.053,-5.812,3.061,-3.403,-83.93,-113.26,-15.26
56714.0,-6.384,1.062,-5.717,-1.802,0.804,-7.454,-120.89,139.09,4.2
,-23.527,-12.962,-0.345,-4.302,-6.044,-7.521,-142.31,140.91,14.98
,-34.128,-13.113,6.236,-6.6,-3.065,-7.736,-79.31,117.25,32.48
,-17.801,1.718,-7.648,-5.992,5.963,-9.139,-52.08,137.76,-3.78
56790.0,-4.98,8.196,-13.403,-10.127,-3.025,-9.416,-43.82,155.26,8.47
,-5.152,6.906,-14.133,-9.919,-5.559,-8.43,-83.51,141.05,0.35
,-4.477,5.683,-12.649,-7.621,-4.456,-7.447,-101.08,128.59,-11.06
,-5.877,2.204,-11.062,-7.832,-0.316,-7.31,-97.93,115.29,0.42
56866.0,-9.653,4.245,-8.016,-8.531,-0.438,-7.078,37.94,89.53,19.32
,-8.765,4.448,-8.004,-9.143,0.313,-7.052,-2.17,83.3,14.28
,-7.849,2.534,-7.648,-9.397,0.976,-6.808,-39.06,77.42,12.53
,-7.858,0.507,-6.992,-9.256,1.141,-6.236,-53.69,71.68,10.29
56942.0,-9.313,1.653,-6.009,-8.961,-0.443,-6.097,-13.3,49.84,10.99
,-9.167,1.661,-5.879,-9.048,-1.101,-5.781,-13.3,45.71,9.66
,-8.713,0.948,-5.946,-8.99,-1.713,-5.317,-12.74,42.28,9.87
,-8.672,0.026,-6.183,-9.186,-1.12,-5.042,-10.57,39.41,10.43
57017.0,-9.323,0.625,-5.157,-9.215,1.51,-3.91,21.98,31.57,14.56
,-9.095,1.414,-4.879,-8.856,1.895,-4.099,20.93,30.24,14.49
,-8.938,1.223,-4.243,-8.648,1.594,-4.295,14.49,28.77,14.07
,-9.031,1.05,-3.96,-8.562,1.077,-4.759,11.13,27.93,13.09
57093.0,-8.2,0.565,-4.848,-9.38,-0.349,-4.759,-15.12,24.78,7.0
,-8.586,-0.026,-5.042,-9.385,-0.266,-4.223,-16.38,25.48,7.49
,-9.028,0.168,-5.209,-9.208,-0.199,-3.372,-14.91,25.55,7.84
,-9.296,0.098,-5.284,-9.079,-0.627,-2.316,-14.84,25.48,8.61
57169.0,-9.083,-0.44,-1.579,-9.727,-0.235,-0.605,6.58,37.1,23.73
,-9.074,0.146,-1.027,-10.191,-0.914,-1.273,14.63,42.49,24.29
,-8.988,0.294,-0.694,-10.615,-1.637,-1.615,17.92,48.23,24.22
,-9.21,0.005,-0.347,-10.948,-1.582,-1.926,19.32,54.32,24.08
57245.0,-11.019,-1.536,-1.912,-10.189,0.201,-1.977,40.46,86.38,25.97
,-10.883,-0.821,-1.788,-10.443,-0.223,-1.984,40.46,92.54,22.68
,-10.45,-0.144,-1.706,-10.785,-0.345,-2.714,34.58,98.0,17.92
,-9.971,0.258,-1.675,-12.228,3.132,-2.771,23.38,103.32,13.09
57320.0,-14.537,2.484,-3.922,-16.121,-8.667,4.391,23.94,131.39,6.02
,-13.216,-4.044,-2.807,-17.722,-6.449,5.805,18.48,138.39,10.08
,-13.391,-7.222,-1.862,-16.58,-2.714,2.895,44.1,148.33,23.45
,-13.625,-8.411,1.292,-14.743,-1.003,0.833,86.17,160.93,45.22
57396.0,-13.51,-0.232,-1.168,-13.448,5.26,-12.268,169.82,193.76,77.28
,-11.831,1.11,-2.522,-11.804,5.386,-13.367,168.63,197.68,74.13
,-12.548,4.937,-6.569,-10.859,5.903,-13.869,171.99,199.85,60.41
,-14.441,4.836,-9.787,-7.684,5.298,-14.695,149.1,191.24,38.78
57472.0,-4.331,2.003,-14.487,-5.343,0.742,-11.424,-43.54,60.9,-30.59
,-4.281,-1.242,-14.783,-4.585,1.129,-10.797,-38.08,59.85,-20.65
,-5.767,-2.24,-12.568,-3.857,1.304,-10.285,-9.45,51.73,-14.42
,-6.207,-0.617,-11.639,-3.077,0.847,-10.45,18.34,27.23,-8.89
57547.0,-2.206,0.96,-10.546,-1.709,1.271,-9.615,-1.05,-98.07,-1.05
,-1.594,1.165,-10.172,-0.993,2.225,-10.22,-12.46,-117.39,-4.9
,-0.998,1.101,-8.813,-1.23,2.745,-10.036,-23.38,-134.33,-12.32
,-1.718,1.244,-8.406,-2.091,2.187,-9.564,-31.08,-153.72,-18.27
57623.0,-2.283,1.933,-10.148,-2.173,-1.242,-10.495,-70.56,-242.62,-34.65
,-1.015,1.431,-11.103,-1.907,-2.278,-10.682,-84.0,-256.83,-36.68
,-0.507,0.287,-10.83,-2.474,-2.929,-10.323,-93.38,-262.5,-37.38
,-1.283,-0.531,-10.057,-3.374,-2.087,-10.17,-93.8,-268.24,-38.57
57699.0,-3.774,-0.273,-10.313,-5.499,1.969,-7.999,-32.83,-294.84,-37.59
,-3.888,0.878,-10.105,-5.128,0.981,-7.045,-26.6,-296.87,-32.27
,-4.386,0.979,-9.505,-6.808,0.211,-6.439,-25.62,-299.32,-30.38
,-4.85,1.625,-8.595,-8.308,-1.352,-5.351,-26.32,-301.07,-31.36
57775.0,-9.012,-1.926,-5.748,-7.595,-2.106,-1.709,-10.99,-252.91,-13.37
,-9.718,-0.735,-5.834,-6.793,-1.948,-1.144,7.07,-239.61,-10.29
,-8.801,-1.204,-4.092,-6.171,-1.969,-0.775,15.68,-222.32,-5.53
,-8.394,-1.68,-2.994,-6.083,-1.675,-0.503,26.6,-200.06,0.28
57850.0,-5.927,-1.101,-0.553,-5.966,0.493,-3.762,43.89,-41.86,27.58
,-5.946,-0.66,-1.062,-8.296,-0.838,-5.252,41.37,-5.25,26.18
,-5.891,0.01,-1.771,-24.927,-12.096,0.488,33.53,28.42,23.87
,-5.973,0.4,-2.812,-26.88,-6.305,7.152,21.84,58.38,20.58
57926.0,-14.178,4.74,-2.647,-10.909,0.775,-2.783,19.88,49.14,-7.98
,-6.671,1.249,-2.376,-11.189,6.315,-5.011,-53.2,52.22,-15.4
,-8.693,-5.164,-1.845,-9.758,7.667,-7.679,-84.07,58.45,-12.32
,-9.694,-5.681,-1.634,-7.145,4.752,-8.282,-58.94,72.03,-16.03
58002.0,-6.111,1.184,-8.552,-10.995,-2.233,-4.506,-83.58,83.44,-10.92
,-7.389,-2.639,-7.569,-9.234,-0.28,-4.618,-64.75,72.38,-4.55
,-8.107,-1.146,-6.26,-8.279,0.019,-4.625,-30.31,62.51,0.63
,-10.057,-0.964,-5.071,-9.428,-1.378,-3.92,-11.55,55.72,9.87
58078.0,-8.88,-0.369,-3.551,-10.067,1.613,-3.484,-24.57,41.79,0.91
,-8.837,0.543,-3.391,-9.809,2.467,-3.431,-34.79,40.04,-0.07
,-9.641,-0.124,-3.175,-9.452,2.484,-3.3,-40.25,38.22,-2.73
,-9.95,0.467,-3.34,-9.734,2.57,-3.209,-36.68,36.61,-3.92
58153.0,-9.464,2.285,-3.209,-9.457,-3.061,-2.639,-21.91,23.59,1.4
,-9.672,1.058,-3.094,-9.299,-2.998,-2.314,-27.09,22.47,-0.42
,-9.658,-0.043,-2.977,-9.485,-1.479,-2.501,-31.01,22.19,-2.31
,-9.598,-1.089,-3.015,-9.756,0.443,-3.254,-31.01,22.68,-3.22
58229.0,-9.237,0.885,-3.917,-9.459,0.359,-3.838,5.81,26.74,5.39
,-9.019,0.337,-4.307,-9.45,0.428,-3.417,1.54,25.13,4.76
,-8.734,-0.213,-4.152,-9.428,0.486,-3.491,2.45,23.17,5.11
,-8.82,0.017,-3.97,-9.416,0.012,-3.008,8.05,21.7,6.16
58304.0,-9.261,-0.495,-2.84,-9.313,-0.711,-2.661,12.6,18.2,6.3
,-9.407,-0.263,-2.706,-9.418,-0.218,-2.852,16.24,18.83,7.14
,-9.588,-0.057,-2.642,-9.519,-0.378,-2.982,17.29,19.46,7.07
,-9.418,-0.605,-2.702,-8.914,-0.771,-3.005,17.08,20.51,7.42
58380.0,-9.16,-0.369,-3.135,-9.311,0.065,-2.95,23.87,22.61,9.94
,-9.287,-0.215,-3.312,-9.433,-0.175,-3.321,26.39,22.61,10.5
,-9.165,-0.278,-3.19,-9.141,-0.258,-3.508,28.63,23.03,10.78
,-9.179,0.031,-3.041,-9.237,-0.045,-4.259,31.57,23.66,10.85
58456.0,-9.136,-0.237,-4.982,-9.562,-2.029,-5.008,49.21,24.99,12.67
,-8.382,-1.242,-5.152,-9.672,-0.546,-4.654,54.18,25.97,15.54
,-8.354,-2.584,-5.147,-9.261,2.467,-4.75,66.71,28.21,19.53
,-8.873,-3.273,-4.889,-8.856,3.434,-3.948,85.47,30.66,24.08
58532.0,-10.069,4.542,-3.542,-9.909,1.211,-3.436,74.41,19.53,15.61
,-9.131,4.862,-2.948,-9.433,0.725,-4.298,58.73,16.45,13.3
,-10.206,4.113,-2.453,-9.316,-0.134,-5.013,44.94,16.24,13.72
,-10.11,1.847,-2.405,-9.301,-0.742,-5.561,40.74,18.69,13.72
58608.0,-8.871,-0.842,-6.03,-7.619,-0.718,-4.941,38.71,15.96,-3.01
,-8.574,-1.019,-6.238,-7.475,-1.498,-4.683,39.76,14.63,-3.64
,-8.509,-0.979,-6.049,-8.014,-2.4,-4.647,43.61,13.44,-3.43
,-8.224,-0.538,-5.418,-8.447,-2.644,-4.46,49.21,12.6,-1.82
58683.0,-9.045,-2.077,-4.391,-9.639,1.783,-4.614,90.58,19.74,10.22
,-9.538,-1.46,-4.3,-9.555,2.036,-4.769,92.05,19.67,8.96
,-9.653,-0.553,-4.326,-9.21,1.553,-4.774,92.89,19.53,8.26
,-9.579,0.653,-4.458,-9.04,1.18,-4.594,93.52,18.41,7.14
58759.0,-9.194,0.648,-4.53,-9.562,-0.632,-4.781,80.15,11.48,4.2
,-9.251,0.093,-4.719,-10.414,-0.672,-4.633,82.39,10.08,4.83
,-9.124,-0.325,-4.719,-10.677,-1.053,-4.243,85.33,8.47,6.02
,-9.347,-0.625,-4.764,-10.756,-0.689,-3.649,87.22,7.07,7.21
58835.0,-9.61,0.957,-2.716,-7.339,-2.132,-5.083,85.82,5.74,17.92
,-8.413,1.397,-2.759,-7.006,-2.304,-5.899,78.4,10.08,26.81
,-7.664,-0.168,-2.773,-7.09,-2.075,-7.128,78.75,18.27,39.06
,-7.413,-1.893,-3.676,-7.313,-1.299,-7.758,91.21,27.93,53.62
58911.0,-7.404,-0.371,-8.404,-6.291,-2.608,-8.287,185.64,64.47,130.13
,-6.784,0.634,-8.933,-6.183,-2.994,-8.086,196.49,64.54,140.91
,-6.035,0.189,-8.832,-6.004,-2.558,-8.184,199.64,64.26,149.66
,-6.238,-1.333,-8.775,-6.162,-1.984,-8.107,206.78,62.79,157.99
58986.0,-6.14,-1.445,-7.688,-6.681,0.464,-5.937,303.87,37.03,192.29
,-5.961,-1.228,-6.846,-7.351,1.024,-6.159,308.84,30.17,192.15
,-5.757,-0.605,-6.463,-8.074,1.685,-6.076,309.75,24.85,189.91
,-6.174,-0.239,-5.894,-8.658,1.831,-5.86,306.67,20.37,186.76
59062.0,-9.04,1.651,-5.657,-9.189,1.991,-4.724,249.34,3.78,154.98
,-9.162,1.768,-5.398,-8.715,1.649,-4.453,235.55,1.75,148.12
,-9.196,2.02,-5.078,-8.5,1.524,-4.357,223.23,-0.07,141.47
,-9.351,2.225,-4.874,-8.696,1.199,-4.468,211.19,-2.03,133.7
59137.0,-8.981,1.07,-4.697,-8.591,1.677,-5.035,173.74,-11.13,104.44
,-9.258,1.149,-5.037,-8.524,1.567,-4.877,172.83,-13.79,99.26
,-9.208,1.218,-5.188,-8.648,1.314,-4.592,171.57,-17.64,93.66
,-8.801,1.498,-5.087,-8.547,1.419,-4.274,169.89,-22.05,89.11
59213.0,-8.289,1.78,-3.953,-8.512,3.18,-3.405,152.67,-34.65,74.62
,-8.378,2.369,-3.831,-9.019,3.393,-3.092,147.77,-33.81,71.19
,-8.588,2.663,-3.745,-10.007,4.2,-3.23,139.44,-32.97,66.15
,-8.555,2.723,-3.637,-9.986,3.446,-2.594,128.59,-31.99,60.13
59289.0,-10.5,2.536,-2.278,-10.926,-2.632,-0.139,34.86,-23.8,25.97
,-10.814,1.295,-2.247,-11.161,-1.567,-1.311,14.91,-21.21,24.71
,-11.362,-0.821,-1.536,-10.321,-0.431,-1.323,0.42,-17.99,26.32
,-11.268,-2.446,-0.29,-9.73,1.007,-1.321,-0.35,-12.74,27.02
59365.0,-9.414,2.74,-2.225,-8.988,2.869,-4.03,32.06,4.34,13.65
,-9.215,3.948,-3.046,-8.643,2.094,-3.771,16.45,2.66,8.82
,-9.165,4.331,-3.448,-8.839,1.225,-4.003,-2.1,0.56,4.41
,-9.158,3.769,-3.699,-8.89,0.29,-3.865,-20.93,-0.77,0.21
59441.0,-8.815,-0.251,-3.592,-9.174,-0.651,-4.535,-38.29,0.91,-4.83
,-8.825,-0.579,-3.393,-8.734,-0.558,-4.826,-28.98,3.29,-1.33
,-9.052,-0.658,-3.489,-8.461,-0.742,-4.858,-19.32,5.6,2.17
,-9.127,-0.706,-3.754,-8.571,-1.22,-5.087,-11.13,6.72,5.18
59516.0,-8.636,-1.106,-5.116,-8.89,-0.194,-4.692,-3.99,4.34,7.77
,-8.863,-0.304,-5.243,-8.698,-0.577,-4.279,-3.43,3.29,5.04
,-8.942,-0.12,-4.846,-8.811,-1.086,-4.463,-10.43,1.75,1.19
,-8.969,-0.005,-4.788,-8.54,-0.498,-3.654,-20.3,0.14,-2.31
59592.0,-8.83,0.373,-3.178,-9.373,0.916,-2.915,-20.02,-0.42,7.21
,-9.316,0.715,-2.982,-9.395,0.948,-3.271,-15.19,1.26,9.87
,-9.414,1.058,-3.128,-9.313,1.321,-3.709,-10.99,2.73,13.37
,-9.354,1.019,-3.077,-9.445,2.058,-4.13,-6.65,4.41,16.8
59668.0,-9.275,2.692,-4.487,-9.117,1.663,-5.171,13.44,9.1,18.2
,-9.107,2.551,-4.652,-8.947,1.369,-5.135,5.53,8.12,15.54
,-9.067,2.029,-4.865,-8.885,0.94,-5.099,-1.26,6.79,12.39
,-9.081,1.799,-5.042,-8.894,0.605,-5.035,-3.78,5.46,10.08
59744.0,-8.646,-0.091,-4.683,-8.933,0.237,-3.649,3.22,1.26,10.78
,-8.605,-0.584,-4.24,-8.949,0.45,-3.336,8.68,1.54,12.81
,-8.844,-0.55,-4.118,-8.928,0.536,-3.216,16.31,2.59,14.35
,-8.949,-0.215,-3.862,-9.033,0.723,-3.379,22.82,3.92,16.1
59819.0,-9.067,0.828,-3.872,-8.794,1.019,-4.367,36.96,9.94,20.79
,-8.871,0.861,-4.2,-9.012,1.429,-4.307,36.82,11.06,20.79
,-8.763,0.708,-4.413,-9.002,1.381,-4.259,37.1,11.55,21.14
,-8.71,0.62,-4.451,-8.792,1.151,-3.817,38.64,11.62,21.42
59895.0,-8.732,1.129,-3.484,-9.277,1.51,-2.467,34.79,14.0,21.98
,-8.973,1.268,-3.314,-9.241,1.866,-2.508,35.98,15.26,22.12
,-8.993,1.161,-2.778,-9.165,1.661,-2.747,35.21,16.38,22.19
,-9.074,1.22,-2.51,-8.906,0.979,-3.151,34.86,17.85,21.98
59970.0,-8.531,0.514,-3.391,-8.741,1.151,-4.451,22.61,25.69,21.0
,-8.777,0.45,-3.774,-8.78,1.575,-5.059,26.74,27.16,22.12
,-8.978,0.675,-4.104,-8.54,1.479,-5.587,28.35,28.56,22.33
,-8.837,0.775,-4.235,-8.15,0.878,-5.87,27.65,29.61,22.61
60046.0,-8.055,0.548,-5.944,-8.619,1.003,-4.982,21.49,29.89,23.52
,-7.983,0.232,-5.511,-9.012,0.632,-4.922,25.48,29.82,24.43
,-8.27,0.809,-5.473,-9.067,0.613,-4.972,29.89,29.54,24.85
,-8.583,1.603,-5.123,-9.016,0.139,-4.393,30.03,29.47,24.5
60122.0,-8.911,1.661,-4.233,-9.134,1.615,-5.788,33.88,34.37,29.19
,-8.856,3.168,-4.439,-9.167,1.084,-6.293,32.62,34.65,29.12
,-9.0,3.061,-4.618,-8.93,1.213,-6.265,24.22,34.58,27.02
,-9.134,2.127,-5.377,-8.866,1.632,-5.961,16.24,34.44,24.78
60198.0,-8.818,1.407,-5.81,-9.899,1.567,-4.049,17.15,34.16,26.95
,-8.988,1.175,-5.434,-11.019,1.496,-3.745,17.71,34.79,26.95
,-8.894,0.995,-4.972,-11.828,0.505,-3.336,18.34,36.19,27.16
,-9.407,0.883,-4.422,-12.046,-1.299,-2.63,20.3,38.36,27.51
60273.0,-12.247,-2.613,-2.072,-11.306,-4.791,-1.326,30.1,61.67,39.41
,-12.379,-3.305,-1.771,-11.192,-4.374,-1.486,42.77,69.93,48.16
,-12.35,-3.865,-1.598,-11.201,-3.853,-1.701,56.84,78.26,57.82
,-11.905,-4.458,-1.383,-11.079,-3.977,-1.407,70.14,86.94,68.11
60349.0,-11.003,-3.924,-0.416,-10.093,-2.503,-6.714,132.72,123.48,97.09
,-11.665,-3.58,-2.127,-10.01,-1.098,-7.583,144.06,128.52,97.51
,-11.048,-3.24,-3.747,-10.177,-0.512,-8.399,150.64,131.74,98.07
,-10.378,-3.159,-5.379,-9.39,-0.371,-6.98,154.56,134.26,98.7
60424.0,-8.732,0.067,-7.741,-6.286,-0.294,-11.369,136.57,128.03,78.19
,-8.294,0.56,-9.947,-6.415,-1.115,-11.429,123.2,113.75,71.89
,-7.432,0.672,-9.964,-6.899,-0.605,-10.833,106.12,95.62,67.13
,-6.829,0.529,-10.735,-6.798,0.727,-10.558,89.81,80.01,68.11
60500.0,-6.289,1.213,-10.089,-5.867,-0.024,-8.033,66.71,9.24,58.24
,-5.836,1.342,-9.842,-5.573,-0.11,-8.598,52.92,-6.51,58.52
,-5.485,0.773,-8.825,-4.537,-0.479,-8.698,42.28,-21.14,61.11
,-5.729,0.287,-8.248,-4.07,-0.641,-8.579,33.04,-39.06,61.95
60576.0,-3.786,-0.876,-8.897,-4.951,-1.062,-8.476,2.8,-126.56,53.27
,-3.941,-1.144,-8.851,-4.623,-0.596,-8.792,4.9,-137.13,49.0
,-4.348,-1.352,-8.603,-4.319,-0.426,-8.89,10.85,-148.75,45.57
,-4.7,-1.34,-8.536,-4.355,-0.553,-8.832,19.53,-162.54,43.47
60652.0,-4.109,-0.05,-9.026,-5.197,1.443,-8.624,40.39,-222.18,33.6
,-4.173,0.543,-9.043,-5.298,1.436,-8.385,41.72,-229.74,32.2
,-4.53,1.055,-8.981,-5.147,0.921,-8.047,40.25,-237.65,30.31
,-4.779,1.309,-8.806,-5.219,-0.127,-7.435,36.26,-244.72,27.02
60728.0,-5.939,-1.031,-6.93,-7.997,0.433,-4.561,27.23,-273.42,6.37
,-6.365,-0.909,-6.698,-9.947,0.577,-3.637,35.98,-276.85,2.38
,-6.798,-0.443,-6.296,-9.421,-0.065,-1.811,44.03,-276.92,0.21
,-7.827,0.244,-5.642,-9.139,-0.194,-1.323,45.15,-273.98,0.7
60803.0,-9.383,-0.062,-1.024,-7.98,1.065,0.232,26.88,-225.61,6.3
,-9.287,0.299,-0.967,-7.621,-0.122,1.211,24.29,-209.16,6.51
,-8.837,0.529,-0.567,-7.526,-0.61,1.759,18.76,-191.17,5.32
,-8.315,1.287,-0.428,-7.186,-0.806,2.029,12.32,-171.15,3.36
60879.0,-7.253,-0.713,2.099,-7.327,0.615,-2.558,-27.58,-33.25,3.5
,-7.298,-0.048,1.443,-7.258,-0.017,-4.429,-27.51,-0.28,5.25
,-7.291,0.826,0.476,-7.999,-0.785,-4.915,-30.73,30.66,7.14
,-7.375,0.967,-0.601,-15.477,-7.169,-1.35,-38.78,58.24,9.03
60955.0,-19.78,-5.133,6.549,-7.502,-0.761,-4.702,-0.98,118.93,39.34
,-18.839,-3.453,-3.757,-10.995,0.22,-5.016,-2.1,137.69,21.84
,-10.962,-1.457,-9.234,-10.821,4.513,-9.636,-18.9,133.21,-6.65
,-2.233,-1.701,-6.765,-4.666,7.191,-12.412,-29.89,115.08,-0.56
61031.0,-5.365,6.674,-11.065,-9.019,-3.223,-5.709,-40.88,105.42,2.45
,-7.662,3.754,-10.639,-8.459,-4.068,-4.334,-66.99,93.24,-14.91
,-9.043,-1.431,-8.641,-8.279,-3.068,-3.666,-68.39,83.37,-18.41
,-9.677,-2.661,-7.131,-8.775,-0.584,-4.238,-47.53,75.39,-10.36
61106.0,-8.442,0.151,-4.604,-9.182,2.142,-6.071,18.83,66.78,14.35
,-8.289,-0.467,-4.664,-9.378,2.737,-5.724,12.88,65.1,17.85
,-8.208,0.093,-5.106,-9.627,3.475,-5.444,18.2,62.23,18.97
,-8.634,1.486,-5.702,-9.407,3.556,-5.176,24.71,58.38,18.69
61182.0,-9.052,1.945,-4.496,-9.521,0.864,-3.908,8.54,38.85,13.16
,-9.014,0.175,-4.042,-9.294,1.618,-4.195,9.38,38.78,15.75
,-9.083,-0.388,-3.788,-8.914,1.534,-4.336,17.08,39.34,17.43
,-9.38,-0.041,-3.711,-9.134,1.218,-4.439,25.69,39.9,17.36
61257.0,-9.586,1.421,-4.788,-9.122,1.17,-4.355,14.28,33.25,8.82
,-9.351,2.161,-5.114,-8.94,0.687,-4.331,13.02,29.19,7.07
,-9.083,2.596,-5.142,-9.019,0.503,-3.929,7.98,26.25,6.65
,-9.416,1.984,-4.815,-9.028,0.519,-3.668,1.68,24.15,6.02
61333.0,-9.232,0.84,-3.424,-9.261,0.328,-2.123,1.12,22.89,6.37
,-9.036,1.082,-3.154,-9.407,0.153,-2.139,-2.66,23.73,5.46
,-8.892,1.007,-2.627,-9.363,-0.026,-2.144,-9.1,24.92,4.55
,-9.012,0.933,-2.371,-9.033,-0.641,-2.319,-15.19,26.39,3.92
61409.0,-9.007,-1.254,-2.735,-9.033,0.227,-3.278,-17.99,42.21,12.04
,-9.296,-1.474,-3.259,-8.772,0.782,-2.814,-11.83,45.99,12.95
,-9.531,-1.266,-3.561,-9.036,0.203,-2.46,-6.16,49.21,12.88
,-9.55,-0.761,-3.29,-9.241,0.12,-2.651,-3.85,51.52,12.32
61485.0,-9.631,0.206,-2.757,-10.311,0.517,-3.032,6.02,66.43,19.74
,-10.0,0.684,-2.812,-10.27,0.256,-3.403,14.63,70.49,21.84
,-10.203,0.546,-2.69,-10.474,0.002,-3.565,18.62,74.55,22.68
,-10.285,0.66,-2.704,-10.806,-0.376,-4.022,21.91,78.82,22.33
61561.0,-11.141,-0.507,-3.506,-14.288,5.245,-2.094,23.38,100.45,14.91
,-11.603,-0.493,-2.836,-15.913,0.459,-1.318,25.83,105.63,15.12
,-11.68,-0.316,-2.041,-12.79,-7.7,0.89,28.77,111.72,15.75
,-12.264,-0.476,-1.902,-14.042,-5.887,1.689,32.41,118.51,16.03
61636.0,-14.288,-3.759,3.537,-16.181,-0.617,2.998,68.39,162.54,34.44
,-15.422,-4.733,6.466,-14.733,-0.397,0.053,81.34,175.63,46.27
,-16.805,-4.408,7.14,-12.541,1.476,-3.264,96.6,187.53,53.13
,-16.513,-1.788,5.243,-12.496,4.121,-7.385,108.01,195.58,55.37
61712.0,-14.324,4.283,-10.1,-7.743,1.196,-13.726,110.04,196.14,29.96
,-14.972,2.635,-12.924,-6.097,-1.491,-14.8,82.25,182.77,18.34
,-12.912,2.146,-12.838,-6.248,-3.032,-14.958,51.59,158.06,1.75
,-10.773,2.749,-13.642,-7.909,-2.233,-12.891,18.34,123.13,-10.57
61788.0,-7.892,-0.531,-12.766,-3.999,-0.134,-11.323,59.08,20.93,19.39
,-6.963,0.464,-12.529,-3.367,0.136,-11.393,55.23,-11.34,24.15
,-5.997,0.938,-11.881,-2.79,0.211,-11.038,42.28,-41.44,26.32
,-4.793,0.158,-11.39,-2.151,0.036,-10.598,29.75,-69.93,26.95
61864.0,-1.759,-0.412,-9.746,-1.055,-0.541,-9.016,-0.56,-168.7,30.59
,-1.728,-0.823,-9.608,-1.5,-1.117,-8.684,-9.8,-186.83,27.3
,-1.735,-0.995,-9.306,-1.122,-1.043,-9.234,-17.92,-205.59,23.66
,-1.11,-0.598,-9.387,-0.603,-0.189,-9.806,-20.93,-223.09,20.58
61939.0,-0.708,0.519,-9.749,-1.345,-1.309,-10.814,-8.61,-300.44,9.8
,-0.823,0.428,-9.923,-1.756,-1.177,-9.986,-18.62,-311.15,7.35
,-0.979,-0.172,-9.696,-3.025,-1.161,-9.014,-25.55,-320.74,3.99
,-1.531,-1.012,-10.227,-4.001,-0.814,-7.923,-27.79,-332.57,-2.87
62015.0,-5.64,0.156,-7.31,-10.223,1.23,-1.912,17.57,-347.62,-22.89
,-6.231,1.63,-6.415,-10.189,-0.675,-1.905,11.06,-340.9,-22.19
,-7.944,2.441,-5.224,-9.143,-1.457,-1.771,0.07,-329.98,-26.11
,-9.476,2.953,-3.171,-7.595,-1.692,-1.938,-18.06,-316.4,-37.38
62090.0,-6.932,-2.125,-1.632,-7.023,0.967,0.397,-56.56,-168.49,-39.27
,-6.461,-1.323,-0.828,-6.655,2.424,-1.496,-52.99,-127.12,-31.08
,-6.19,-0.211,0.447,-6.296,2.647,-4.003,-48.58,-82.32,-21.63
,-6.714,0.017,1.062,-9.318,-1.701,-7.382,-45.71,-34.58,-11.62
62166.0,-25.25,-14.994,9.548,-8.339,-5.939,-9.34,-46.48,114.94,30.31
,-19.062,-3.678,2.73,-5.48,0.024,-9.15,18.41,129.36,24.57
,-12.292,1.35,-5.195,-4.7,5.805,-8.086,8.05,165.06,23.03
,-9.947,-4.743,-5.501,-7.009,6.695,-10.072,-16.24,178.5,31.43
62242.0,-5.8,4.87,-13.8,-9.012,-3.556,-8.019,-45.43,126.56,9.52
,-5.166,4.353,-13.046,-7.664,-5.138,-5.559,-64.19,124.25,0.56
,-6.312,3.362,-12.343,-8.215,-3.743,-4.19,-73.01,115.78,-12.32
,-8.722,-0.005,-10.103,-9.765,-0.201,-4.724,-77.7,105.35,-18.55
62318.0,-9.696,1.864,-5.482,-8.569,2.51,-6.717,28.91,87.15,21.98
,-9.038,2.587,-5.894,-8.703,2.302,-7.009,22.4,83.51,19.88
,-8.406,3.061,-5.951,-8.921,1.852,-6.851,8.33,77.21,21.14
,-8.607,3.075,-6.181,-9.0,0.261,-6.257,-2.17,70.49,20.93
62393.0,-8.976,-1.381,-5.599,-9.194,1.998,-4.831,-12.11,49.35,11.55
,-9.067,-1.189,-5.327,-9.294,2.321,-4.795,1.89,47.46,12.25
,-9.17,0.39,-5.284,-9.294,2.194,-4.472,12.81,45.71,11.97
,-9.196,1.426,-5.085,-9.134,2.134,-3.984,13.3,43.33,11.13
62469.0,-8.777,1.728,-3.661,-8.571,-1.345,-4.896,-29.33,28.21,-3.5
,-8.875,0.806,-3.929,-8.631,-1.682,-5.26,-33.32,27.3,-3.99
,-8.897,-0.01,-4.355,-8.667,-1.778,-5.324,-34.79,27.23,-4.9
,-8.512,-0.605,-4.625,-8.804,-1.187,-5.286,-33.11,27.86,-4.41
62545.0,-8.799,-0.644,-4.893,-9.483,1.378,-3.764,-16.52,33.04,0.35
,-8.878,-0.323,-4.295,-9.074,0.972,-3.872,-17.5,34.23,1.12
,-8.875,-0.158,-3.719,-8.949,-0.433,-3.908,-17.99,35.98,2.59
,-9.435,0.627,-3.632,-8.811,-1.17,-3.924,-17.57,37.38,2.73
62621.0,-9.215,-1.122,-4.015,-10.278,-0.23,-2.199,-12.74,47.32,9.03
,-9.892,-1.003,-4.042,-9.931,-0.11,-1.685,-4.06,50.19,10.92
,-10.715,-0.596,-3.628,-9.849,-0.369,-1.115,1.19,52.85,11.41
,-10.51,0.194,-3.044,-10.024,-0.227,-0.928,1.54,56.0,11.76
62697.0,-10.089,-0.031,-1.0,-11.172,-0.876,-2.288,10.5,83.65,10.5
,-10.06,-0.306,-0.919,-11.251,-0.658,-2.747,9.59,90.3,8.61
,-10.385,-0.388,-1.424,-11.653,0.129,-2.972,8.82,97.02,6.72
,-10.988,-0.699,-1.89,-13.527,3.53,-3.331,7.56,103.81,4.97
62772.0,-13.872,0.447,-2.635,-14.92,-7.31,3.525,3.36,131.88,-5.74
,-12.355,-4.769,-0.933,-17.162,-5.41,6.779,-0.49,140.07,-2.52
,-13.07,-4.558,-0.01,-17.688,-1.017,5.949,22.61,150.36,7.14
,-13.599,-5.568,0.821,-17.09,1.766,3.556,48.79,162.96,20.93
62848.0,-15.676,2.056,1.57,-15.008,4.475,-11.589,136.57,201.67,61.53
,-13.386,2.297,0.919,-12.915,3.084,-11.761,126.77,206.01,58.52
,-13.553,6.257,-5.609,-11.529,3.958,-13.912,131.88,212.31,42.07
,-15.875,5.587,-9.567,-8.775,2.453,-14.118,103.95,204.05,22.89
62923.0,-7.184,-1.263,-14.118,-7.114,-0.074,-13.101,-47.53,87.43,-4.2
,-8.172,-3.077,-13.941,-5.954,-0.093,-12.769,-26.04,77.56,6.44
,-8.741,-2.178,-13.214,-4.757,-0.596,-11.917,3.71,55.3,13.58
,-8.081,-0.818,-13.386,-3.491,-0.608,-11.692,19.81,22.75,19.11
62999.0,-2.927,-0.462,-11.572,-1.929,-0.684,-9.586,-0.14,-109.76,29.26
,-2.312,-0.526,-10.998,-0.964,-0.579,-9.957,-4.41,-127.4,31.15
,-1.977,-0.459,-10.089,-0.153,-0.352,-10.232,-10.99,-145.88,31.36
,-1.723,-0.55,-9.457,0.23,-0.098,-10.105,-16.94,-165.06,30.52
63075.0,-0.196,-0.445,-9.579,0.148,-0.787,-10.091,-42.91,-253.75,17.43
,-0.591,-0.902,-9.49,-0.11,-0.9,-10.074,-40.67,-271.39,17.08
,-0.44,-1.146,-9.536,-0.505,-1.242,-9.911,-37.03,-289.45,15.26
,0.005,-0.926,-9.581,-1.18,-1.527,-10.4,-33.88,-304.29,10.92
63151.0,-1.606,-1.486,-10.816,-4.97,-0.483,-5.891,-9.73,-362.25,-9.8
,-2.778,-1.024,-10.861,-7.148,0.211,-4.582,-0.42,-369.53,-13.72
,-2.979,-0.452,-10.043,-9.794,1.474,-2.151,3.99,-373.03,-16.52
,-3.355,-0.72,-7.997,-11.28,3.147,-1.433,4.13,-369.53,-18.2
63226.0,-11.768,4.882,-1.572,-5.65,-4.436,0.512,-14.77,-292.04,-38.08
,-11.058,3.534,-1.029,-5.111,-3.247,2.137,-57.61,-261.87,-46.9
,-8.844,-0.589,0.103,-5.97,-3.104,2.316,-102.83,-223.02,-49.14
,-7.002,-4.118,0.412,-6.506,-1.144,0.191,-128.24,-176.89,-42.07
63302.0,-6.408,0.751,-2.927,-11.11,2.589,-4.061,-45.85,89.95,2.94
,-8.619,-1.84,-7.717,-10.534,-8.246,-8.894,-51.52,125.44,7.56
,-26.406,-16.896,10.079,-7.198,-10.069,-6.037,-33.11,115.78,32.97
,-21.34,-2.833,2.675,-6.021,-0.931,-7.301,36.12,126.42,35.91
63378.0,-7.504,5.91,-7.169,-6.98,1.701,-11.359,92.47,158.2,28.0
,-6.856,10.129,-10.991,-10.505,-4.159,-8.995,57.68,147.35,24.36
,-3.597,10.814,-13.754,-8.734,-6.789,-7.899,3.36,137.2,11.83
,-3.857,8.567,-14.211,-6.738,-7.404,-5.808,-57.82,127.33,-6.93
63454.0,-9.064,-3.044,-5.092,-8.528,3.314,-7.356,25.2,91.63,17.85
,-10.699,1.871,-6.009,-9.253,1.067,-7.121,39.97,88.97,18.2
,-8.437,2.905,-6.035,-9.433,-1.139,-6.176,28.0,85.61,23.24
,-7.231,3.269,-6.849,-9.639,-0.567,-5.707,12.32,78.75,19.25
63530.0,-9.304,2.072,-6.066,-8.892,-0.895,-5.384,29.4,54.6,19.74
,-8.717,3.881,-6.494,-8.751,-0.931,-5.731,31.64,50.75,19.81
,-9.227,3.242,-6.444,-8.54,-0.203,-5.884,19.74,46.13,16.52
,-9.328,1.012,-6.011,-8.516,0.251,-5.676,7.98,41.65,13.58
63605.0,-8.758,0.763,-5.162,-9.129,0.94,-4.247,31.85,31.92,10.57
,-9.34,1.18,-4.862,-8.997,1.115,-4.063,27.58,29.96,8.47
,-9.648,0.794,-4.338,-8.959,1.323,-3.91,22.89,27.93,8.26
,-9.615,0.476,-4.257,-8.945,1.22,-3.618,23.17,26.53,8.19
63681.0,-8.902,1.0,-3.515,-8.356,2.326,-5.202,18.48,26.39,5.95
,-8.832,0.682,-3.463,-7.784,2.271,-5.243,13.86,26.67,4.97
,-8.804,1.017,-3.805,-8.143,1.771,-4.587,12.6,26.88,4.2
,-8.703,1.747,-4.525,-8.976,1.524,-4.252,8.89,26.6,2.03
63756.0,-9.359,0.83,-3.386,-8.457,-1.615,-2.407,-30.73,23.52,-4.97
,-9.548,0.634,-3.245,-8.459,-1.295,-1.986,-28.91,24.92,-3.08
,-9.519,-0.141,-3.216,-8.799,-1.125,-1.519,-26.25,27.37,-1.47
,-8.878,-1.318,-2.91,-9.131,-1.048,-0.962,-21.42,30.73,0.7
63832.0,-9.768,-0.122,-0.893,-9.584,-0.397,-2.467,29.26,55.37,8.61
,-10.239,0.986,-1.211,-9.907,-0.084,-3.171,26.53,59.36,6.58
,-10.072,0.5,-1.476,-9.99,-0.12,-3.324,16.03,63.28,3.99
,-9.974,-0.751,-1.572,-10.139,-0.156,-3.4,9.17,67.62,1.54
63908.0,-10.471,-0.505,-3.573,-13.151,2.335,-3.391,-3.5,87.99,-6.65
,-10.634,-0.692,-3.305,-14.202,0.759,-3.491,-1.05,92.4,-7.07
,-10.948,-0.553,-3.36,-12.587,-4.14,-1.563,2.03,97.09,-7.84
,-11.534,-0.823,-3.393,-12.728,-4.578,-0.328,5.53,102.48,-8.26
63984.0,-12.965,-3.446,0.486,-16.305,-2.101,3.865,45.64,140.84,1.75
,-13.807,-4.044,1.153,-15.011,-0.136,1.974,66.36,152.67,10.43
,-14.731,-4.748,2.123,-13.728,1.941,0.328,88.13,164.5,20.65
,-15.674,-3.728,3.668,-12.412,3.374,-0.297,111.65,175.0,28.91
64059.0,-12.783,6.348,-4.614,-10.041,5.051,-12.95,114.8,187.25,9.73
,-13.47,6.703,-8.638,-9.318,4.491,-12.864,96.25,180.74,-13.86
,-12.374,6.475,-11.129,-7.55,3.85,-12.785,55.79,168.91,-33.11
,-10.447,5.989,-11.472,-5.281,2.795,-13.127,16.24,151.76,-42.49
64135.0,-4.769,0.708,-12.785,-5.042,0.086,-10.167,-69.23,60.13,-49.14
,-4.769,-0.491,-12.369,-4.293,0.615,-10.191,-54.67,47.53,-46.62
,-4.312,-0.168,-11.646,-3.544,0.737,-10.79,-33.53,31.92,-43.54
,-4.795,-0.091,-10.742,-2.824,0.225,-11.043,-21.0,9.38,-41.51
64211.0,-2.199,0.165,-11.67,-2.18,-0.486,-9.849,-20.58,-112.35,-26.46
,-1.17,0.208,-11.187,-2.103,0.101,-9.763,-17.92,-129.01,-22.19
,-1.024,0.189,-10.371,-1.543,0.424,-9.677,-19.32,-144.27,-18.76
,-1.62,-0.275,-9.974,-1.67,0.333,-10.043,-25.41,-161.21,-18.06
64287.0,-1.639,0.512,-10.491,-2.254,-0.936,-11.287,-49.42,-243.81,-24.57
,-2.252,0.538,-10.546,-1.543,-1.828,-11.362,-58.24,-252.07,-24.43
,-2.548,0.433,-10.878,-1.759,-1.536,-11.237,-67.76,-262.01,-22.61
,-3.058,-0.069,-11.07,-2.733,-0.613,-10.897,-75.88,-272.16,-20.58
64362.0,-3.293,0.227,-10.692,-6.585,0.914,-6.904,-26.53,-299.32,-32.9
,-2.742,0.94,-10.318,-7.76,1.213,-6.482,-22.68,-302.47,-32.97
,-2.876,1.24,-9.39,-8.038,1.053,-5.64,-23.1,-300.72,-30.59
,-3.728,0.615,-8.413,-8.935,0.854,-4.901,-23.59,-294.35,-28.0
64438.0,-9.057,0.775,-4.879,-7.332,-1.754,-1.426,-8.47,-228.62,-22.19
,-8.899,1.443,-4.145,-6.719,-1.852,-1.089,-11.83,-211.47,-20.16
,-8.531,-0.036,-2.733,-6.552,-1.699,-0.266,-25.06,-191.66,-17.71
,-7.856,-1.809,-1.615,-6.695,-1.295,0.038,-33.11,-168.49,-13.93
64514.0,-6.98,-1.096,-0.034,-8.88,0.309,-3.482,-38.71,-24.85,-0.07
,-7.351,-0.596,-0.938,-15.645,-5.461,-2.048,-40.39,4.13,2.73
,-7.743,0.194,-1.948,-19.753,-7.976,1.795,-45.08,27.93,3.64
,-8.33,0.864,-2.716,-13.082,-4.439,-2.13,-54.04,46.97,2.31
64589.0,-7.715,-4.783,-2.017,-11.933,2.603,-3.099,-42.63,56.84,-2.03
,-8.842,-5.475,-1.67,-10.254,0.311,-4.429,-33.04,58.24,5.18
,-10.818,-4.917,-1.706,-8.655,1.634,-5.324,-10.64,62.93,10.64
,-12.213,0.964,-2.072,-7.332,6.171,-6.444,7.7,71.68,13.23
64665.0,-6.975,5.138,-6.762,-9.052,-2.118,-4.238,-43.75,74.2,6.09
,-8.851,1.113,-5.47,-9.5,-2.386,-4.164,-50.75,62.23,8.54
,-10.696,1.503,-4.544,-9.284,-0.519,-4.046,-39.55,55.65,10.78
,-8.571,2.134,-4.264,-9.39,0.581,-3.821,-37.17,51.66,13.51
64741.0,-9.361,0.364,-3.747,-9.77,-0.084,-3.733,-23.24,42.07,8.12
,-9.045,-1.484,-3.561,-9.651,1.263,-4.408,-36.26,41.09,6.79
,-9.098,-2.864,-3.08,-9.555,2.608,-4.958,-33.32,40.74,9.38
,-9.536,-1.955,-3.192,-9.294,2.68,-5.485,-15.89,40.81,11.97
64817.0,-9.198,1.12,-5.542,-9.409,0.029,-4.188,-4.55,26.39,9.94
,-9.215,0.129,-5.185,-9.325,-0.498,-3.953,-3.85,22.68,9.1
,-9.296,0.038,-4.803,-9.517,-1.031,-3.774,0.91,19.95,8.96
,-9.418,-0.005,-4.36,-9.562,-0.335,-3.644,5.67,17.71,9.52
64892.0,-9.529,0.335,-3.754,-9.497,-0.404,-2.503,20.23,11.48,10.92
,-9.447,0.773,-3.321,-9.706,0.112,-2.376,20.23,10.01,10.43
,-9.301,0.727,-3.479,-9.916,-0.108,-2.034,17.29,8.05,9.24
,-9.253,0.127,-3.214,-9.885,0.493,-2.166,14.77,6.3,8.54
64968.0,-9.378,0.981,-2.558,-9.624,0.014,-2.099,10.85,7.49,5.32
,-9.529,0.981,-2.469,-9.596,-0.567,-2.084,9.38,7.49,4.9
,-9.407,1.079,-2.556,-9.753,-0.215,-2.316,8.19,7.56,4.2
,-9.299,0.505,-2.3,-9.921,0.488,-2.615,7.77,8.19,4.62
65044.0,-9.541,1.414,-2.862,-9.531,0.725,-2.96,10.43,9.31,5.81
,-9.351,1.342,-2.9,-9.505,0.627,-3.096,2.38,8.12,4.27
,-9.71,0.653,-2.831,-9.292,-0.172,-3.159,-3.29,7.63,2.94
,-9.684,0.34,-2.974,-8.902,-1.586,-3.046,-2.87,7.7,1.33
65120.0,-8.971,-2.347,-2.778,-9.433,0.682,-3.302,8.19,9.52,6.09
,-9.71,-1.359,-2.989,-9.368,0.684,-3.477,20.93,11.48,7.14
,-10.079,0.122,-3.022,-9.359,0.479,-3.771,25.41,12.67,7.21
,-9.643,0.235,-2.984,-9.323,1.017,-3.996,22.61,13.02,6.58
65195.0,-9.256,1.161,-4.109,-9.414,1.094,-3.611,31.5,10.43,6.93
,-9.208,1.07,-3.896,-9.313,0.617,-3.513,30.45,8.75,6.44
,-9.541,0.885,-3.733,-9.129,-0.361,-3.527,29.89,7.56,5.32
,-9.569,1.022,-3.798,-9.038,-0.854,-3.24,29.33,6.37,2.87
65271.0,-9.083,-0.663,-3.082,-9.433,0.12,-2.355,31.78,5.95,2.03
,-9.299,-0.608,-2.821,-9.512,0.187,-2.716,36.68,7.07,3.15
,-9.543,-0.553,-2.58,-9.663,0.849,-3.154,39.34,8.61,2.73
,-9.476,-0.146,-2.345,-9.636,1.285,-3.348,40.32,10.36,1.33
65346.0,-9.328,1.213,-3.513,-9.1,0.407,-3.991,35.42,8.61,0.49
,-9.383,0.964,-3.635,-8.71,-1.902,-3.664,35.35,7.98,0.0
,-9.469,1.307,-3.874,-8.981,-3.139,-3.259,35.84,6.58,-1.12
,-9.337,1.429,-3.965,-9.383,-2.362,-3.089,32.83,5.04,-2.66
65422.0,-9.512,-0.991,-3.096,-10.177,1.773,-3.262,55.93,8.75,3.92
,-9.615,0.086,-2.931,-9.801,2.321,-3.348,58.03,9.8,4.27
,-9.423,0.835,-2.781,-9.763,2.223,-3.759,56.35,10.15,4.13
,-9.665,1.263,-2.733,-9.411,1.479,-3.936,53.76,10.01,3.01
65498.0,-9.091,0.833,-3.92,-9.402,-0.057,-4.326,31.15,2.59,-8.05
,-9.395,0.199,-4.465,-9.294,-0.17,-4.362,30.59,1.12,-10.01
,-9.256,-0.239,-4.413,-9.273,-0.254,-4.441,30.38,-0.28,-11.62
,-9.268,-0.175,-4.324,-9.282,-0.354,-4.597,30.59,-1.4,-12.95
65574.0,-9.265,-0.38,-4.582,-9.488,0.416,-3.955,42.28,-6.79,-12.18
,-9.411,0.01,-4.539,-9.447,-0.376,-3.659,48.51,-7.91,-11.06
,-9.509,0.246,-4.475,-9.517,-1.007,-3.431,52.57,-9.45,-10.5
,-9.624,0.275,-4.195,-9.794,-1.007,-3.345,55.16,-10.78,-10.85
65650.0,-10.239,-0.869,-3.549,-9.277,-1.283,-2.965,81.76,-11.97,-0.7
,-10.266,-0.859,-3.565,-8.717,-2.359,-3.142,85.96,-11.76,2.24
,-9.758,-0.897,-3.087,-8.344,-2.778,-3.81,88.48,-10.78,6.16
,-9.43,-0.771,-2.967,-7.892,-3.195,-3.798,91.21,-8.12,11.34
65725.0,-7.921,-3.094,-3.953,-7.822,1.393,-5.298,156.45,20.23,60.13
,-7.992,-2.209,-4.484,-7.777,1.163,-5.205,183.89,28.63,73.36
,-8.019,-0.926,-4.807,-7.856,0.589,-5.365,205.59,35.84,83.65
,-7.842,0.584,-5.128,-8.002,-0.05,-5.185,217.14,41.93,90.3
65801.0,-7.913,-0.601,-4.812,-8.315,-0.541,-4.752,209.02,49.77,99.26
,-7.99,-0.804,-4.822,-8.418,-0.215,-4.786,215.39,50.61,100.24
,-7.997,-0.952,-4.755,-8.512,-0.38,-4.503,221.27,51.24,101.43
,-8.102,-0.888,-4.719,-8.737,-0.495,-4.53,225.47,51.66,102.2
65877.0,-8.835,-0.38,-4.606,-8.691,0.397,-4.357,216.86,50.68,93.94
,-8.856,-0.117,-4.535,-9.086,-0.074,-4.41,209.16,49.42,90.51
,-8.737,0.069,-4.365,-9.383,0.196,-4.606,198.59,47.25,86.52
,-8.54,0.546,-4.288,-9.189,0.526,-4.429,187.81,45.43,82.53
65953.0,-9.229,0.589,-4.271,-9.495,0.546,-4.539,145.53,34.3,70.28
,-9.251,0.553,-4.551,-9.541,0.644,-4.267,138.32,30.8,67.13
,-9.371,0.62,-4.762,-9.407,0.603,-3.829,133.49,26.81,64.33
,-9.452,0.663,-4.831,-9.354,0.371,-3.336,129.71,22.19,61.95
66028.0,-9.49,0.28,-3.259,-9.753,-0.392,-3.221,122.57,3.36,48.09
,-9.44,-0.218,-3.235,-9.818,-0.337,-3.106,121.73,0.63,46.83
,-9.505,-0.57,-3.336,-9.792,-0.112,-3.173,124.46,-1.47,46.69
,-9.677,-0.505,-3.329,-9.926,-0.062,-3.329,129.71,-3.43,47.74
66104.0,-9.943,-0.115,-3.357,-9.416,0.388,-3.314,157.15,-6.44,57.89
,-9.679,0.172,-3.412,-9.105,0.51,-3.396,161.42,-6.09,60.06
,-9.581,0.268,-3.484,-8.985,0.562,-3.503,165.69,-5.53,62.51
,-9.483,0.27,-3.23,-9.091,0.203,-3.537,169.47,-4.97,65.17
66179.0,-8.997,-0.101,-3.589,-8.918,0.849,-3.848,172.13,-3.78,73.22
,-8.916,0.151,-3.565,-8.851,0.907,-4.221,176.4,-3.5,75.46
,-8.947,0.491,-3.738,-8.93,0.948,-4.255,180.81,-2.94,77.28
,-9.117,0.617,-3.625,-8.847,0.936,-4.061,183.26,-2.38,78.47
66255.0,-8.715,0.952,-3.771,-8.784,2.51,-3.458,178.78,-1.12,79.45
,-8.641,1.182,-3.649,-8.909,2.584,-3.329,176.54,0.07,78.61
,-8.681,1.596,-3.52,-9.088,2.335,-3.396,172.41,1.4,77.63
,-8.792,1.984,-3.422,-9.024,2.249,-3.47,166.18,3.5,76.02
66331.0,-8.973,2.242,-3.405,-9.883,2.079,-3.704,103.95,6.86,56.56
,-9.172,2.3,-3.544,-9.476,1.354,-3.568,91.56,6.37,52.99
,-9.639,2.615,-3.781,-9.069,0.203,-3.075,77.49,4.41,48.86
,-10.069,2.536,-3.824,-8.796,-0.725,-2.639,60.34,-0.84,43.19
66407.0,-8.701,-0.838,-2.639,-8.995,0.663,-4.166,27.93,-10.43,24.36
,-8.622,-0.285,-2.898,-9.105,0.567,-4.355,31.85,-5.6,21.42
,-8.674,0.311,-3.056,-9.495,0.436,-4.336,31.64,-0.07,18.76
,-8.823,0.601,-3.642,-9.883,0.28,-3.932,27.72,4.97,16.24
66483.0,-10.357,0.146,-3.288,-9.512,-0.373,-2.513,-3.22,1.54,4.41
,-10.751,0.057,-3.149,-9.182,-1.029,-2.838,-5.18,2.17,3.99
,-10.476,-0.062,-3.001,-8.662,-1.634,-2.292,-5.53,3.71,4.13
,-9.897,0.062,-2.331,-8.547,-1.096,-2.192,-3.08,5.46,5.74
66558.0,-9.421,-0.689,-2.388,-8.708,-0.392,-3.735,18.41,13.65,14.49
,-9.794,-0.28,-2.73,-8.49,-1.527,-3.936,21.56,15.75,13.44
,-9.751,0.412,-2.91,-8.847,-1.211,-4.075,20.44,17.08,11.62
,-9.375,0.648,-3.63,-9.229,0.053,-4.458,14.56,17.36,10.5
66634.0,-9.483,1.275,-4.958,-8.741,1.464,-4.465,45.99,18.9,20.09
,-9.002,1.986,-5.355,-9.067,1.347,-4.405,39.97,17.01,17.43
,-8.655,1.888,-5.631,-9.107,1.488,-3.999,29.68,14.7,14.49
,-8.466,1.632,-5.303,-9.196,1.51,-3.68,20.3,12.88,12.32
66710.0,-9.22,1.419,-3.915,-8.837,1.031,-4.743,-2.66,8.68,8.12
,-9.057,1.098,-3.79,-8.696,1.043,-5.106,-3.92,8.68,8.12
,-9.399,0.933,-4.085,-8.753,0.902,-5.217,-3.15,8.47,7.14
,-9.27,1.007,-4.573,-8.674,0.531,-5.039,-4.34,7.49,4.83
66786.0,-8.579,0.349,-4.645,-9.177,1.697,-3.793,-17.43,2.31,1.47
,-9.162,0.156,-4.025,-9.021,1.412,-3.845,-15.96,1.89,0.77
,-8.995,1.362,-3.709,-9.062,0.718,-4.013,-15.12,1.47,-0.63
,-8.921,2.01,-3.824,-9.1,0.402,-4.238,-18.83,0.49,-0.49
66861.0,-8.916,0.005,-4.683,-9.34,-0.093,-4.377,-27.86,-2.24,2.1
,-8.588,-0.503,-4.566,-9.095,0.407,-4.475,-27.09,-2.59,2.52
,-8.423,-0.909,-4.369,-8.916,0.534,-4.527,-22.68,-1.96,4.97
,-9.005,-0.816,-4.223,-8.808,0.629,-4.439,-14.28,-1.19,6.79
66937.0,-9.098,0.723,-4.41,-8.945,1.163,-4.142,4.69,0.84,10.43
,-8.882,0.644,-4.264,-8.818,1.012,-4.054,7.0,1.26,11.27
,-8.911,0.481,-4.235,-8.878,0.491,-3.874,10.92,1.54,12.46
,-8.971,0.759,-4.13,-8.918,0.249,-3.838,16.31,1.89,13.58
67012.0,-9.203,0.639,-3.989,-9.129,1.543,-4.549,30.59,5.67,16.66
,-9.162,1.067,-4.087,-9.014,1.395,-4.496,32.06,5.53,16.1
,-8.938,1.33,-4.159,-8.942,1.567,-4.458,30.73,5.32,15.68
,-9.024,1.553,-4.18,-9.045,1.397,-4.362,29.4,5.53,15.47
67088.0,-8.952,1.125,-4.161,-9.177,1.125,-3.439,21.98,3.15,10.85
,-8.772,0.778,-3.893,-8.995,1.101,-3.352,21.0,3.43,10.92
,-8.914,0.708,-3.69,-8.921,0.782,-3.08,22.12,4.27,11.41
,-9.1,0.893,-3.496,-8.842,0.172,-2.986,24.08,5.32,11.69
67164.0,-8.954,0.053,-2.505,-9.005,0.761,-2.541,21.21,12.6,13.09
,-9.103,0.735,-2.254,-8.973,0.357,-2.68,21.56,14.84,13.09
,-9.296,0.993,-2.209,-9.002,0.593,-2.601,19.18,17.01,12.95
,-9.184,0.957,-2.201,-9.055,1.031,-2.685,15.05,19.11,12.95
67240.0,-9.124,0.912,-2.857,-8.605,0.538,-4.685,10.43,29.89,14.56
,-8.952,1.091,-3.089,-8.667,-0.419,-4.728,8.61,31.64,14.28
,-8.655,0.931,-3.561,-8.945,-1.012,-4.046,5.46,33.11,13.65
,-8.619,0.526,-4.061,-9.289,-0.725,-3.896,4.9,34.58,13.93
67315.0,-9.342,0.412,-4.307,-8.392,1.558,-4.97,21.28,42.84,20.93
,-8.976,0.967,-4.25,-8.823,1.85,-4.42,21.28,44.45,21.21
,-9.033,1.479,-4.927,-8.801,1.622,-4.561,19.25,45.29,20.86
,-8.653,1.01,-5.121,-8.964,1.74,-5.016,17.36,46.41,21.35
67391.0,-9.179,1.907,-5.623,-9.162,0.5,-6.722,13.86,48.58,22.4
,-9.215,1.204,-6.171,-9.16,0.553,-6.284,8.61,48.86,20.23
,-9.069,0.201,-6.626,-9.201,0.704,-5.851,7.07,48.93,18.62
,-9.028,0.483,-6.939,-9.397,0.715,-5.58,9.31,48.65,18.13
67467.0,-9.44,0.376,-5.14,-10.546,-1.072,-3.58,19.25,52.78,23.24
,-9.715,0.424,-4.695,-10.636,-2.06,-3.07,25.9,55.86,25.9
,-10.605,1.651,-4.319,-11.108,-1.941,-3.039,34.79,58.87,27.79
,-11.187,1.225,-4.133,-11.338,-2.285,-2.651,35.21,61.95,28.42
67543.0,-11.388,-2.331,-2.446,-12.127,-2.321,-0.534,76.93,90.65,54.04
,-11.412,-2.127,-2.06,-12.012,-2.312,-0.735,87.29,97.16,60.76
,-11.661,-2.048,-1.381,-11.761,-2.168,-1.642,97.51,103.95,67.62
,-12.07,-2.13,-0.912,-11.512,-2.613,-2.079,108.92,110.46,74.13
67619.0,-11.101,-2.168,-4.145,-9.751,-0.629,-9.586,151.41,133.28,95.27
,-10.005,-1.476,-5.683,-9.476,-0.474,-9.844,151.83,134.05,93.38
,-9.45,-0.766,-7.26,-8.588,-0.237,-10.225,150.43,135.73,90.58
,-9.756,-0.373,-8.543,-7.607,-0.804,-9.816,140.42,135.66,85.26
67694.0,-7.705,-1.106,-10.033,-6.937,-0.172,-10.806,81.69,82.67,65.73
,-7.181,-1.467,-10.438,-7.243,-0.493,-10.141,78.47,66.71,70.14
,-6.92,-1.034,-11.103,-7.32,-0.436,-9.237,78.61,53.83,76.16
,-6.767,-0.261,-11.507,-7.877,0.079,-9.122,74.69,40.25,77.21
67770.0,-7.731,-0.074,-8.851,-4.506,-1.493,-8.942,24.22,-60.48,65.31
,-6.827,-0.333,-9.095,-4.087,-1.419,-8.705,12.39,-80.92,62.51
,-5.918,-0.799,-9.141,-4.049,-1.433,-8.184,4.2,-98.0,60.55
,-5.437,-1.278,-8.933,-3.975,-1.378,-8.258,0.77,-113.26,59.64
67845.0,-3.405,-1.366,-8.253,-3.774,-0.747,-8.459,8.4,-180.53,51.94
,-3.278,-1.402,-8.117,-3.458,-0.342,-8.504,14.28,-192.57,50.05
,-3.501,-1.378,-7.956,-3.379,-0.33,-8.461,20.51,-205.1,47.25
,-3.936,-1.194,-8.169,-3.549,-0.412,-8.442,26.88,-218.47,45.15
67921.0,-4.097,-0.488,-8.011,-5.449,0.175,-6.841,34.44,-266.21,32.2
,-4.523,-0.447,-7.636,-6.198,0.546,-6.621,39.97,-272.72,28.91
,-5.027,-0.297,-7.258,-7.344,1.156,-6.054,43.26,-279.23,24.5
,-5.166,0.084,-7.002,-7.775,1.575,-5.552,45.08,-285.53,18.48
67997.0,-8.2,1.943,-4.87,-9.258,-0.189,-0.794,8.4,-289.31,-9.52
,-8.026,0.634,-3.008,-8.775,-0.505,0.376,-4.41,-281.96,-16.03
,-8.811,0.766,-2.651,-8.038,-1.015,1.35,-7.63,-270.69,-23.66
,-9.521,0.273,-1.271,-7.691,-1.091,2.292,-13.37,-256.76,-28.7
68073.0,-7.715,-1.182,2.965,-7.72,-0.203,0.579,-40.04,-123.34,-27.16
,-7.748,-1.06,3.206,-7.49,-0.129,-1.828,-43.82,-85.4,-21.7
,-8.174,-1.065,3.096,-7.6,-0.342,-3.599,-45.78,-46.13,-16.24
,-8.145,-0.33,2.211,-8.516,-1.055,-4.535,-45.71,-6.37,-11.27
68148.0,-17.09,-6.973,5.346,-7.351,-4.329,-12.876,-22.61,132.86,27.23
,-22.812,-3.503,0.419,-3.659,-2.139,-8.246,6.65,139.93,26.95
,-11.443,1.318,-4.855,-5.571,2.015,-6.954,-6.93,162.47,16.38
,-8.722,-0.268,-9.373,-7.143,1.967,-6.348,-31.57,177.24,18.69
68224.0,-7.318,-1.847,-9.361,-8.607,0.715,-6.849,-34.37,109.69,7.14
,-6.502,-2.694,-10.541,-8.777,-1.28,-5.43,-20.51,120.61,15.96
,-6.351,1.484,-10.802,-8.002,-0.749,-5.078,8.19,124.6,15.4
,-7.27,3.204,-8.772,-8.514,0.584,-5.142,14.49,117.04,11.13
68299.0,-9.356,2.407,-5.966,-8.906,4.74,-6.176,35.63,89.53,27.3
,-9.201,4.788,-6.585,-8.748,2.663,-5.977,32.55,83.44,18.62
,-8.911,6.724,-6.683,-8.806,1.634,-5.571,11.69,74.97,11.34
,-8.547,7.131,-6.317,-8.882,1.017,-5.583,-16.31,67.48,7.84
68375.0,-8.961,-0.098,-5.908,-8.368,-0.849,-7.15,-32.27,51.87,1.89
,-8.806,-1.785,-6.494,-8.634,0.225,-7.057,-29.05,51.52,2.38
,-8.289,-3.142,-6.81,-9.019,0.577,-6.528,-18.76,50.96,3.43
,-8.385,-2.541,-7.222,-8.981,0.653,-6.001,-4.76,49.14,3.78
68451.0,-8.902,0.737,-5.688,-9.251,1.802,-4.269,0.63,35.98,6.02
,-8.823,0.656,-5.47,-9.086,2.347,-4.556,3.36,33.74,6.79
,-8.612,1.027,-4.932,-8.782,2.228,-5.236,5.88,32.06,7.7
,-8.715,1.266,-4.491,-8.406,1.627,-5.307,6.72,30.94,7.42
68527.0,-8.552,1.314,-6.368,-9.768,-0.744,-4.745,-39.97,21.91,-10.08
,-8.483,0.656,-7.088,-10.017,0.711,-4.29,-43.05,20.86,-10.71
,-8.564,-0.613,-6.315,-9.995,1.383,-4.003,-40.74,21.42,-8.05
,-9.189,-1.22,-5.449,-9.71,0.967,-3.788,-30.31,23.73,-3.57
68603.0,-9.378,-0.187,-3.439,-10.079,-2.113,-2.091,-13.37,34.23,13.23
,-9.148,-1.307,-3.18,-10.258,-2.651,-1.139,-10.57,38.01,14.91
,-9.301,-1.251,-2.831,-10.567,-1.919,-0.412,-1.68,42.0,14.98
,-9.517,-1.007,-2.632,-10.89,-1.158,-0.043,5.88,46.2,14.77
68678.0,-11.117,-1.091,-0.249,-10.778,0.847,-1.077,37.73,79.66,16.94
,-10.998,-1.082,-0.311,-10.926,1.175,-1.084,40.32,87.78,16.66
,-10.778,-0.871,-0.495,-11.072,0.9,-0.68,44.87,96.25,15.61
,-10.924,-0.445,-0.909,-11.529,0.081,-0.203,49.91,104.51,13.02
68754.0,-12.029,-0.972,0.055,-15.202,-6.774,5.973,37.8,139.79,8.05
,-13.479,2.127,0.572,-17.432,-4.992,8.157,50.96,147.49,10.71
,-16.238,1.474,-0.517,-17.528,-3.987,7.452,40.95,152.67,6.51
,-14.403,-5.444,2.489,-16.394,-1.601,4.066,27.3,162.75,11.41
68830.0,-14.736,0.103,1.065,-16.547,3.362,-13.546,94.43,212.03,44.45
,-12.809,2.711,-1.089,-14.286,4.575,-13.984,97.51,227.99,39.62
,-17.351,4.362,-8.287,-10.943,5.671,-15.09,104.72,230.51,29.89
,-18.583,2.788,-10.608,-7.897,3.053,-15.75,93.38,224.14,22.75
