Timestamp,AccX,AccY,AccZ,GyroX,GyroY,GyroZ,MagnX,MagnY,MagnZ
0.0,-9.483,-0.275,-2.974,-9.445,-0.376,-2.919,2.8,1.12,0.98
,-9.474,-0.311,-2.915,-9.464,-0.359,-2.919,2.73,1.26,1.05
,-9.474,-0.292,-2.886,-9.454,-0.333,-2.879,2.8,1.12,0.98
,-9.481,-0.309,-2.898,-9.495,-0.361,-2.962,2.52,1.19,0.91
75.0,-9.466,-0.282,-2.974,-9.464,-0.299,-2.96,2.8,1.33,1.12
,-9.452,-0.311,-2.958,-9.483,-0.299,-2.898,2.66,1.12,0.98
,-9.505,-0.318,-2.948,-9.5,-0.321,-2.979,2.73,1.12,0.91
,-9.471,-0.261,-2.936,-9.469,-0.342,-2.917,2.94,1.26,1.12
150.0,-9.454,-0.333,-2.886,-9.471,-0.28,-2.84,2.52,0.91,0.91
,-9.488,-0.335,-2.886,-9.433,-0.352,-2.84,2.38,0.98,0.91
,-9.447,-0.34,-2.855,-9.519,-0.299,-2.898,2.24,1.19,0.98
,-9.476,-0.27,-2.869,-9.476,-0.29,-2.855,2.03,1.19,0.91
226.0,-9.459,-0.342,-2.831,-9.495,-0.51,-2.967,1.75,1.75,0.98
,-9.476,-0.237,-2.769,-9.5,-0.45,-3.068,1.54,1.61,1.05
,-9.485,-0.158,-2.9,-9.418,-0.294,-3.123,0.7,1.47,0.98
,-9.514,-0.287,-2.886,-9.512,-0.179,-3.151,0.07,1.61,0.84
302.0,-9.469,-0.177,-3.049,-9.442,-0.33,-2.972,2.52,1.19,1.05
,-9.478,-0.256,-3.01,-9.433,-0.311,-2.955,2.03,0.91,0.98
,-9.402,-0.337,-3.013,-9.49,-0.304,-2.852,2.38,0.77,0.98
,-9.442,-0.328,-2.996,-9.493,-0.321,-2.85,2.94,0.7,1.12
378.0,-9.495,-0.309,-2.814,-9.495,-0.325,-2.788,2.45,0.77,1.19
,-9.502,-0.302,-2.776,-9.505,-0.249,-2.781,2.45,0.91,1.26
,-9.526,-0.261,-2.749,-9.466,-0.215,-2.898,2.17,0.91,1.19
,-9.454,-0.349,-2.764,-9.529,-0.366,-2.869,1.96,1.12,1.33
453.0,-9.497,-0.407,-2.927,-9.505,-0.275,-2.855,1.33,1.96,1.4
,-9.454,-0.244,-2.895,-9.452,-0.345,-2.855,1.61,1.75,1.47
,-9.483,-0.218,-2.915,-9.493,-0.378,-3.02,1.4,1.61,1.47
,-9.447,-0.235,-2.871,-9.505,-0.256,-2.962,0.35,1.47,1.4
529.0,-9.483,-0.246,-2.955,-9.452,-0.311,-2.927,0.98,1.19,1.68
,-9.471,-0.249,-2.996,-9.454,-0.23,-2.893,0.49,1.05,1.75
,-9.483,-0.27,-2.962,-9.471,-0.246,-2.891,0.07,1.05,1.75
,-9.507,-0.337,-2.974,-9.457,-0.213,-2.85,-0.07,1.12,1.82
604.0,-9.474,-0.28,-2.917,-9.481,-0.254,-2.934,-0.7,0.84,2.03
,-9.502,-0.361,-2.895,-9.488,-0.249,-2.871,-0.63,0.77,2.17
,-9.478,-0.373,-2.869,-9.481,-0.27,-2.845,0.0,0.91,2.24
,-9.519,-0.304,-2.905,-9.462,-0.242,-2.888,0.28,0.91,2.31
680.0,-9.483,-0.254,-2.874,-9.457,-0.23,-2.883,-0.35,1.19,2.66
,-9.493,-0.232,-2.871,-9.454,-0.211,-2.924,-0.42,1.12,2.73
,-9.5,-0.17,-2.898,-9.481,-0.163,-2.891,-0.49,1.05,2.8
,-9.507,-0.22,-2.917,-9.502,-0.11,-2.958,-0.77,1.05,2.8
756.0,-9.481,-0.211,-2.893,-9.488,-0.227,-2.864,-2.73,0.77,3.01
,-9.514,-0.306,-2.953,-9.5,-0.244,-2.814,-2.94,0.98,3.08
,-9.469,-0.263,-2.881,-9.469,-0.208,-2.742,-2.66,0.91,3.15
,-9.471,-0.323,-2.867,-9.488,-0.208,-2.843,-2.45,0.91,3.22
832.0,-9.478,-0.187,-2.845,-9.445,-0.079,-2.639,-1.96,1.12,3.78
,-9.488,-0.103,-2.843,-9.538,-0.093,-2.869,-1.82,1.05,3.85
,-9.438,-0.101,-2.802,-9.502,-0.089,-2.893,-1.82,1.12,3.99
,-9.497,-0.105,-2.848,-9.541,-0.136,-2.864,-2.59,1.05,3.99
908.0,-9.5,-0.29,-2.91,-9.509,-0.029,-2.941,-5.25,1.12,4.41
,-9.519,-0.246,-2.769,-9.478,-0.079,-2.781,-4.55,1.12,4.55
,-9.512,-0.146,-3.044,-9.521,-0.211,-2.886,-3.71,1.26,4.83
,-9.514,0.0,-2.745,-9.502,-0.223,-2.941,-4.41,1.33,4.9
983.0,-9.497,-0.203,-2.682,-9.457,-0.005,-2.986,-6.23,1.82,5.39
,-9.438,-0.098,-2.874,-9.416,0.026,-2.946,-5.67,1.96,5.53
,-9.466,-0.101,-3.01,-9.495,-0.156,-3.013,-5.25,1.75,5.6
,-9.485,-0.041,-2.962,-9.471,-0.261,-2.917,-5.6,1.47,5.6
1059.0,-9.462,-0.065,-2.893,-9.457,0.081,-2.685,-7.7,1.4,6.16
,-9.562,0.122,-2.934,-9.512,0.055,-2.694,-7.91,1.26,6.16
,-9.445,0.258,-2.814,-9.471,-0.017,-2.656,-8.12,1.05,6.16
,-9.545,0.117,-2.769,-9.452,0.041,-2.766,-8.33,1.12,6.09
1135.0,-9.514,0.144,-2.807,-9.452,0.072,-2.929,-6.09,2.03,7.35
,-9.49,0.153,-2.831,-9.435,0.093,-2.998,-5.95,2.1,7.56
,-9.445,0.191,-2.881,-9.409,0.022,-3.065,-5.95,2.1,7.7
,-9.43,0.215,-2.955,-9.433,0.05,-3.029,-6.44,2.03,7.84
1211.0,-9.464,0.201,-3.029,-9.416,0.294,-2.836,-3.36,1.89,8.96
,-9.454,0.364,-3.037,-9.416,0.201,-2.828,-3.36,1.54,8.89
,-9.457,0.424,-2.91,-9.416,0.225,-2.826,-4.97,1.47,8.4
,-9.447,0.304,-2.838,-9.452,0.33,-2.907,-6.79,1.33,8.05
1286.0,-9.481,0.44,-2.931,-9.404,0.251,-3.039,-4.34,1.68,9.66
,-9.407,0.177,-2.8,-9.442,0.225,-3.108,-4.48,1.89,9.8
,-9.418,0.141,-2.816,-9.466,0.211,-3.032,-3.57,1.82,10.08
,-9.442,0.175,-2.922,-9.584,0.443,-3.044,-3.71,1.96,10.29
1362.0,-9.529,0.902,-3.027,-9.497,1.314,-2.67,-6.86,1.4,9.24
,-9.421,1.146,-2.891,-9.495,1.285,-2.666,-7.35,1.33,8.89
,-9.407,1.117,-2.843,-9.49,1.091,-2.723,-8.54,1.26,8.47
,-9.411,1.053,-2.702,-9.464,1.113,-2.754,-8.33,1.12,8.33
1437.0,-9.459,1.117,-2.824,-9.564,1.474,-2.644,-7.14,1.26,7.35
,-9.49,0.976,-2.862,-9.514,1.393,-2.529,-6.79,1.47,7.07
,-9.493,1.113,-2.797,-9.636,1.405,-2.333,-6.16,1.47,6.79
,-9.507,1.393,-2.812,-9.478,1.642,-2.096,-6.16,1.26,6.37
1513.0,-9.538,1.555,-1.998,-9.445,0.302,-2.252,-7.49,2.73,4.13
,-9.586,1.357,-1.881,-9.45,0.364,-2.548,-8.05,3.64,3.85
,-9.543,0.931,-1.914,-9.521,0.555,-2.824,-7.98,4.76,3.64
,-9.536,0.534,-2.027,-9.483,0.818,-3.046,-6.86,5.88,3.78
1589.0,-9.485,0.94,-3.271,-9.251,1.153,-3.331,0.98,9.1,4.9
,-9.385,0.905,-3.338,-9.227,1.031,-3.214,0.84,8.89,4.55
,-9.43,0.854,-3.4,-9.246,0.962,-3.168,1.19,8.05,4.2
,-9.316,1.173,-3.329,-9.399,0.986,-3.151,0.7,7.21,3.85
1665.0,-9.304,1.003,-3.13,-9.509,0.706,-3.479,-5.53,4.9,3.43
,-9.258,0.854,-3.309,-9.289,0.701,-3.345,-6.79,4.62,3.5
,-9.277,0.723,-3.36,-9.351,0.584,-3.374,-8.05,4.41,3.71
,-9.34,0.593,-3.381,-9.383,0.742,-3.305,-7.21,4.2,3.92
1740.0,-9.414,1.156,-3.309,-9.471,1.213,-2.359,-1.12,3.5,3.99
,-9.387,1.187,-3.013,-9.545,1.311,-2.249,-0.28,3.85,3.92
,-9.44,1.187,-2.888,-9.526,1.45,-2.201,1.75,4.2,3.71
,-9.445,1.223,-2.663,-9.5,1.519,-2.201,5.04,4.83,4.06
1816.0,-9.361,1.34,-2.273,-9.399,1.421,-2.85,15.26,9.66,3.71
,-9.428,0.893,-2.402,-9.481,1.235,-3.082,15.4,10.57,3.78
,-9.387,0.914,-2.481,-9.277,1.165,-3.24,17.01,11.55,4.2
,-9.409,1.242,-2.704,-9.098,0.902,-3.326,17.22,12.04,4.06
1892.0,-9.213,1.0,-3.534,-9.213,1.022,-3.477,13.72,12.95,3.15
,-9.325,1.235,-3.544,-9.103,0.809,-3.446,15.05,12.74,3.29
,-9.225,1.484,-3.573,-9.203,0.998,-3.472,14.98,12.46,3.01
,-9.337,1.328,-3.542,-9.299,0.995,-3.477,13.79,12.32,2.73
1968.0,-9.256,0.84,-3.372,-9.189,0.936,-3.393,14.98,11.83,3.15
,-9.115,0.854,-3.314,-9.359,0.952,-3.345,14.28,11.76,3.36
,-9.191,0.921,-3.439,-9.263,1.077,-3.108,13.93,11.55,3.64
,-9.189,0.967,-3.496,-9.292,1.201,-3.015,12.88,11.27,3.57
2044.0,-9.194,1.173,-2.871,-9.359,1.077,-2.804,10.5,13.65,3.36
,-9.074,0.888,-2.781,-9.356,0.735,-2.888,9.1,14.49,3.29
,-9.213,0.964,-2.692,-9.256,0.768,-2.979,8.82,15.33,3.22
,-9.414,1.156,-2.833,-9.191,0.919,-3.156,7.63,16.38,2.94
2119.0,-9.179,1.247,-3.331,-9.182,1.058,-3.408,13.44,21.56,3.64
,-9.112,1.366,-3.513,-9.201,1.153,-3.551,12.67,22.26,3.5
,-9.136,1.256,-3.501,-9.179,0.974,-3.63,11.97,22.75,2.8
,-9.119,0.986,-3.408,-9.21,0.945,-3.783,12.25,23.31,2.38
2195.0,-9.263,1.108,-3.955,-9.356,0.955,-3.845,14.35,26.25,0.98
,-9.246,1.237,-4.092,-9.213,1.709,-3.79,13.65,26.6,0.21
,-9.198,0.747,-4.022,-9.273,1.467,-3.819,12.04,27.23,-0.42
,-9.191,0.302,-3.953,-9.397,1.005,-3.821,15.12,27.79,-0.35
2270.0,-9.325,1.173,-3.912,-9.344,0.809,-3.869,18.41,30.1,-1.26
,-9.354,1.194,-4.034,-9.474,0.893,-4.771,19.32,30.66,-0.98
,-9.313,0.948,-4.008,-9.536,0.287,-4.645,19.67,31.71,-0.98
,-9.38,0.694,-3.893,-10.153,-0.644,-3.448,20.79,32.48,-1.33
2346.0,-9.313,1.816,-4.068,-9.993,-0.584,-3.865,21.98,38.71,-4.48
,-10.94,2.379,-4.331,-9.84,1.204,-3.984,19.95,39.97,-6.58
,-10.11,2.144,-4.326,-9.596,1.34,-4.101,11.62,41.3,-10.08
,-9.859,-1.318,-4.123,-9.277,0.182,-3.987,7.42,43.61,-10.92
2422.0,-9.191,-0.026,-3.97,-9.009,0.689,-4.413,19.25,50.68,-9.52
,-9.074,0.431,-4.073,-9.028,0.675,-4.348,21.91,52.15,-9.45
,-9.069,0.586,-4.283,-8.887,0.474,-4.305,22.89,53.55,-9.87
,-8.966,0.55,-4.367,-8.851,0.376,-4.233,22.75,54.67,-10.43
2498.0,-8.827,0.467,-4.116,-8.684,0.208,-3.975,26.32,60.48,-9.52
,-8.808,0.562,-4.121,-8.641,-0.129,-3.9,25.83,61.88,-8.96
,-8.796,0.56,-4.006,-8.569,-0.397,-3.867,23.59,63.42,-8.82
,-8.794,0.397,-3.999,-8.514,-0.5,-3.68,20.16,64.89,-9.1
2573.0,-8.495,-0.682,-3.23,-8.949,-0.818,-2.486,17.5,76.3,-4.62
,-8.722,-0.938,-2.804,-9.093,-1.318,-2.649,21.7,79.59,-0.84
,-8.875,-0.897,-2.386,-9.32,-1.704,-3.065,24.92,82.88,3.22
,-8.983,-0.778,-2.362,-9.356,-2.022,-3.238,29.4,86.52,6.44
2649.0,-9.495,-1.823,-3.8,-9.002,1.005,-7.27,45.99,101.01,27.3
,-9.402,-1.228,-4.506,-9.038,1.878,-7.88,53.69,101.64,29.33
,-9.378,-0.735,-5.36,-9.11,1.833,-8.591,59.57,101.57,29.19
,-8.911,0.227,-6.095,-9.148,2.051,-9.093,65.24,101.5,27.23
2725.0,-8.66,1.744,-9.318,-6.619,0.292,-9.215,34.58,99.05,17.78
,-8.217,1.07,-9.15,-6.257,0.036,-9.229,30.31,96.39,18.41
,-7.791,0.747,-9.045,-5.824,-0.156,-9.33,30.66,90.79,18.69
,-7.229,0.651,-9.459,-5.501,-0.503,-9.225,29.19,83.51,17.99
2801.0,-5.327,-0.771,-9.086,-5.583,-0.168,-8.284,22.89,35.0,18.69
,-5.568,-0.871,-8.784,-5.662,0.036,-8.277,27.09,24.29,21.42
,-5.808,-0.668,-8.528,-5.602,-0.055,-8.406,29.54,11.13,22.54
,-5.796,-0.39,-8.469,-5.489,-0.337,-8.301,29.47,-3.08,21.28
2876.0,-5.446,-0.512,-8.351,-5.374,-2.166,-7.753,4.48,-66.43,16.45
,-5.176,-0.639,-8.804,-5.652,-2.06,-7.65,-0.42,-77.77,15.68
,-5.078,-1.098,-8.696,-5.98,-1.632,-7.877,-6.44,-87.01,14.77
,-5.14,-1.62,-8.48,-6.123,-1.175,-8.234,-9.24,-95.41,14.28
2952.0,-5.901,-0.912,-8.521,-6.356,-0.912,-8.37,-19.88,-136.57,15.47
,-5.791,-1.039,-8.528,-6.54,-1.072,-8.107,-25.2,-141.54,16.45
,-5.987,-1.024,-8.346,-6.717,-1.072,-7.865,-26.25,-147.07,16.24
,-6.193,-0.919,-8.339,-6.729,-1.048,-7.696,-25.27,-153.3,15.61
3028.0,-6.717,-1.055,-7.624,-6.636,-0.51,-7.504,-22.75,-179.2,16.31
,-6.746,-0.933,-7.684,-6.865,-0.208,-7.327,-23.24,-183.19,15.19
,-6.758,-0.713,-7.775,-6.856,0.206,-7.418,-24.22,-187.04,13.86
,-6.669,-0.519,-8.035,-6.853,0.412,-7.612,-24.92,-190.89,12.53
3103.0,-6.796,0.412,-7.42,-7.619,-0.282,-5.75,-34.93,-206.64,-0.91
,-7.05,0.306,-7.09,-7.892,-0.208,-5.547,-37.52,-209.16,-4.48
,-7.169,0.168,-6.516,-8.133,-0.191,-5.317,-37.59,-210.07,-8.4
,-7.456,-0.189,-6.09,-8.538,-0.179,-4.838,-38.57,-211.33,-12.53
3179.0,-8.739,-0.33,-4.207,-8.806,-0.459,-0.455,-35.21,-203.07,-17.5
,-8.842,-0.412,-3.704,-9.33,-0.136,-0.483,-35.63,-197.75,-17.22
,-8.859,-0.392,-2.749,-9.136,0.263,-0.156,-35.98,-191.31,-16.87
,-8.703,-0.479,-1.608,-8.672,0.101,0.842,-36.33,-181.86,-16.31
3255.0,-8.452,-0.67,0.988,-7.937,-0.79,2.295,-37.87,-112.28,-19.95
,-7.976,-1.268,0.823,-8.126,-0.041,1.843,-41.79,-93.03,-16.8
,-7.463,-1.57,1.424,-8.021,0.364,1.539,-39.06,-72.59,-11.41
,-7.588,-1.433,1.993,-8.019,0.244,1.216,-30.24,-52.01,-5.53
3331.0,-8.16,0.134,0.579,-10.878,-1.625,-1.907,-33.04,46.48,7.42
,-8.181,-0.029,-0.163,-18.799,-7.471,3.946,-38.5,62.93,9.31
,-8.117,-0.141,-0.742,-20.337,-7.76,4.228,-43.33,77.14,12.04
,-8.567,-0.318,-1.24,-12.491,-1.094,1.263,-46.34,88.34,15.12
3406.0,-8.882,2.589,1.132,-8.588,-1.677,0.086,-15.4,44.24,-8.82
,-9.048,-2.412,0.802,-9.832,-0.457,-3.178,-46.27,58.8,7.07
,-10.955,-6.604,1.685,-9.485,1.24,-4.204,-38.08,76.44,27.79
,-10.189,-5.475,0.735,-8.071,2.668,-3.967,-1.54,96.6,49.07
3482.0,-7.396,3.116,-3.707,-10.151,1.95,-3.589,37.03,81.76,23.31
,-7.715,3.568,-4.432,-10.51,0.715,-3.666,17.43,74.97,19.88
,-7.918,4.685,-5.044,-9.756,0.45,-3.903,3.92,73.57,21.7
,-8.799,4.156,-4.513,-9.014,0.246,-3.434,-7.07,73.36,24.08
3558.0,-9.232,0.39,-3.336,-9.679,2.383,-4.192,3.22,56.56,17.01
,-9.643,0.943,-3.656,-9.088,1.247,-4.372,7.21,54.46,15.12
,-9.897,1.764,-3.735,-9.009,0.163,-4.458,5.32,52.15,12.04
,-9.883,2.702,-3.963,-9.196,-0.117,-4.302,-6.79,49.84,9.45
3634.0,-9.28,0.187,-3.869,-9.557,1.275,-3.101,-29.89,36.96,2.8
,-9.392,0.826,-3.333,-9.471,0.888,-3.216,-22.89,34.65,3.99
,-9.672,1.357,-3.118,-9.464,0.639,-3.441,-19.74,32.55,5.04
,-9.708,1.531,-3.056,-9.387,0.436,-3.561,-20.44,31.08,6.37
3709.0,-9.399,0.395,-3.709,-9.619,1.254,-3.3,-5.81,25.2,12.11
,-9.464,0.447,-3.774,-9.624,1.606,-3.039,0.56,24.29,13.3
,-9.517,0.689,-3.606,-9.696,1.984,-2.848,6.02,23.31,14.21
,-9.572,0.895,-3.539,-9.785,2.024,-2.742,9.24,22.26,14.14
3785.0,-9.701,1.941,-2.91,-9.481,1.804,-3.022,0.84,18.69,8.12
,-9.435,1.632,-3.025,-9.593,1.768,-3.305,1.54,18.06,7.77
,-9.237,1.493,-3.111,-9.239,1.381,-3.264,4.83,17.64,7.77
,-9.261,1.519,-2.994,-9.177,1.079,-3.34,8.19,17.5,7.84
3860.0,-9.404,1.074,-3.498,-9.402,0.538,-3.606,2.45,15.4,4.06
,-9.44,1.031,-3.654,-9.304,1.168,-3.422,1.68,14.56,3.57
,-9.378,0.658,-3.723,-9.256,1.318,-3.147,1.33,14.35,3.99
,-9.385,0.256,-3.597,-9.505,1.168,-2.816,4.55,13.93,5.11
3936.0,-9.517,1.168,-2.431,-9.438,1.175,-2.213,13.23,12.67,5.32
,-9.421,1.383,-2.099,-9.395,0.897,-2.335,12.53,13.37,4.62
,-9.526,1.357,-2.046,-9.392,0.653,-2.534,11.06,14.42,3.99
,-9.586,1.357,-2.079,-9.34,0.529,-2.615,8.82,15.75,3.5
4012.0,-9.232,0.838,-2.685,-9.153,1.237,-3.458,11.62,22.61,4.41
,-9.179,1.067,-2.828,-9.119,1.299,-3.676,12.67,23.66,4.62
,-9.105,1.077,-2.974,-9.167,1.354,-3.853,12.46,24.64,4.97
,-9.234,1.149,-3.171,-9.239,1.218,-3.903,12.46,24.99,5.18
4088.0,-9.258,1.005,-3.869,-8.935,0.95,-3.51,11.2,24.92,4.97
,-9.162,1.007,-3.865,-9.064,0.584,-3.458,12.74,24.85,5.39
,-8.995,1.163,-3.726,-9.287,0.541,-3.25,13.58,24.85,5.95
,-8.976,1.199,-3.676,-9.349,1.098,-3.159,13.16,24.99,5.88
4164.0,-9.215,1.168,-3.099,-9.533,1.39,-2.862,18.97,28.77,6.51
,-9.194,0.627,-2.879,-9.713,1.548,-3.051,16.87,30.59,6.02
,-9.141,0.514,-2.814,-9.576,1.527,-3.233,17.71,32.2,5.81
,-9.335,1.094,-2.828,-9.507,1.216,-3.266,19.53,33.95,5.74
4239.0,-9.562,1.235,-3.513,-9.141,0.297,-4.31,6.44,40.81,2.73
,-9.572,1.149,-3.898,-9.261,0.627,-4.463,6.79,42.28,2.31
,-9.462,1.328,-4.039,-8.99,0.883,-4.393,9.03,43.12,3.29
,-9.648,1.517,-3.975,-9.153,1.177,-4.573,9.8,44.45,2.8
4315.0,-9.225,1.397,-4.939,-9.947,1.929,-4.554,22.96,49.14,-0.56
,-9.447,0.768,-5.068,-10.749,5.741,-4.937,23.17,49.91,-1.75
,-9.567,0.488,-5.035,-10.335,3.312,-4.544,26.25,50.75,-1.75
,-9.569,0.646,-4.798,-8.691,-2.264,-3.558,31.08,51.45,-1.12
4391.0,-9.067,-2.359,-2.761,-9.543,0.761,-2.879,20.09,58.03,-7.91
,-9.543,1.866,-2.881,-9.849,1.201,-3.015,38.36,59.01,-4.62
,-9.627,2.737,-2.67,-9.787,0.452,-2.912,28.84,62.16,-7.35
,-9.308,0.998,-2.69,-9.548,-0.732,-2.663,12.04,66.01,-12.6
4467.0,-9.462,-0.998,-2.601,-9.78,-0.744,-1.783,4.76,83.02,-14.84
,-9.569,-0.471,-2.599,-9.887,-0.888,-1.443,11.76,86.31,-12.46
,-9.72,-0.069,-2.63,-9.974,-1.103,-0.95,15.4,89.74,-10.85
,-9.753,-0.395,-2.343,-10.057,-1.419,-0.778,17.01,93.31,-9.17
4542.0,-10.079,-2.029,-0.474,-9.634,-0.847,-3.747,36.26,114.73,11.27
,-10.292,-1.85,-1.228,-9.11,-0.541,-4.795,46.2,119.07,15.89
,-10.175,-1.57,-1.754,-9.227,0.053,-6.049,55.79,122.78,19.39
,-9.88,-1.383,-2.642,-9.988,1.235,-8.112,62.86,126.7,22.54
4618.0,-10.184,1.254,-8.576,-8.569,1.737,-10.854,69.09,137.34,24.78
,-9.636,1.307,-8.095,-8.325,2.139,-11.496,65.17,135.03,23.31
,-10.077,1.359,-10.658,-5.875,1.814,-11.498,60.27,126.0,21.07
,-9.067,1.653,-11.01,-6.58,0.677,-11.168,55.72,112.98,17.22
4693.0,-5.977,0.553,-12.065,-6.152,0.828,-9.275,26.67,37.03,8.89
,-3.963,0.096,-12.446,-5.776,1.417,-9.246,25.48,26.6,10.57
,-4.434,-0.048,-11.359,-5.48,1.137,-8.703,31.71,19.46,14.07
,-5.229,-0.048,-9.698,-5.245,0.706,-8.538,36.12,7.42,16.66
4769.0,-4.709,0.522,-8.741,-4.506,-1.357,-8.375,-17.22,-92.4,15.4
,-4.676,0.462,-8.624,-4.628,-1.414,-8.191,-25.34,-104.44,16.45
,-4.465,0.151,-8.835,-4.681,-1.199,-8.37,-33.53,-115.29,17.36
,-4.47,-0.663,-8.722,-4.391,-1.01,-8.638,-38.43,-125.02,18.06
4845.0,-4.18,-0.754,-8.696,-5.049,0.227,-8.509,-18.34,-170.66,6.72
,-4.422,-0.376,-8.495,-5.061,-0.223,-8.263,-16.87,-175.7,5.95
,-4.829,0.352,-8.545,-5.083,-0.459,-8.148,-20.37,-182.42,6.09
,-4.848,0.682,-8.756,-5.214,-0.481,-8.15,-28.49,-189.49,8.47
4921.0,-5.434,-0.459,-8.193,-6.193,-0.349,-7.617,-38.5,-212.73,12.04
,-5.686,-0.369,-8.299,-6.468,0.196,-7.435,-36.4,-216.44,11.55
,-5.896,-0.215,-8.818,-6.616,0.653,-7.442,-34.3,-220.71,10.64
,-5.712,-0.206,-8.538,-6.944,0.9,-7.272,-27.93,-222.11,10.08
4996.0,-7.289,1.168,-6.942,-8.861,0.928,-5.401,-20.58,-230.09,1.61
,-7.602,1.254,-6.705,-9.064,0.309,-4.752,-23.8,-229.74,-0.56
,-8.236,1.218,-6.344,-8.823,0.172,-4.118,-28.56,-228.97,-3.57
,-8.547,1.187,-6.018,-8.746,-0.407,-3.128,-35.28,-227.99,-7.28
5072.0,-8.746,-1.089,-1.713,-9.325,0.045,-0.005,-57.33,-199.71,-26.18
,-9.832,-1.388,-1.441,-8.878,-0.5,-0.144,-48.58,-188.3,-27.86
,-9.947,-0.883,-0.653,-7.849,-0.838,1.412,-40.67,-175.98,-28.84
,-9.864,-0.263,-0.215,-7.416,-0.962,2.699,-39.97,-161.98,-28.42
5148.0,-7.301,-1.208,3.345,-7.473,0.407,0.696,-45.64,-49.91,-11.48
,-7.035,-0.878,3.494,-7.533,0.452,-0.189,-44.8,-20.72,-8.33
,-6.904,-0.476,3.13,-7.633,0.313,-1.041,-45.43,9.73,-3.08
,-7.148,-0.002,1.981,-8.234,0.246,-1.816,-47.95,38.85,1.54
5224.0,-11.395,-1.448,-2.69,-7.526,2.931,-0.055,-66.78,121.24,17.71
,-20.948,-9.371,8.744,-9.452,-3.553,1.022,-54.32,83.23,23.8
,-20.117,-7.339,2.467,-11.072,-4.396,0.268,-17.22,50.05,21.84
,-10.919,1.515,0.536,-8.983,-0.584,-0.302,-10.71,49.91,-1.96
5300.0,-8.366,2.623,-1.256,-7.119,2.761,-6.7,-7.42,102.9,40.04
,-9.519,2.359,-3.273,-7.566,3.29,-6.604,0.21,108.29,38.43
,-9.847,1.424,-5.183,-8.964,3.271,-6.339,-6.02,105.07,28.14
,-7.842,1.579,-6.044,-9.72,2.328,-6.162,-5.53,97.3,24.78
5375.0,-10.603,0.964,-5.217,-8.832,0.617,-3.664,-15.05,64.47,10.78
,-10.17,0.01,-4.07,-9.325,0.876,-3.747,-14.98,60.62,14.07
,-9.493,-0.266,-3.783,-9.371,0.766,-3.8,-10.5,57.47,15.82
,-9.203,0.287,-3.685,-9.203,0.357,-3.553,-11.13,54.88,14.14
5451.0,-9.49,-0.318,-3.235,-9.414,2.027,-2.814,-37.24,44.8,7.91
,-9.88,-0.45,-3.008,-9.557,2.316,-2.891,-24.64,42.91,9.66
,-9.806,0.251,-2.958,-9.679,2.663,-3.003,-7.77,41.72,12.18
,-9.497,1.314,-2.888,-9.524,2.711,-3.113,4.27,40.04,13.58
5526.0,-9.524,2.101,-2.922,-9.411,0.132,-3.451,-15.75,30.8,8.47
,-9.497,1.943,-3.123,-9.55,-0.412,-3.616,-18.83,29.26,7.84
,-9.524,1.596,-3.218,-9.615,-0.134,-3.563,-18.34,28.0,7.35
,-9.474,1.079,-3.589,-9.651,0.538,-3.601,-15.75,26.74,7.14
5602.0,-9.34,1.117,-3.575,-9.261,0.074,-3.68,7.0,23.87,5.88
,-9.442,0.859,-3.659,-9.22,0.517,-3.771,3.71,23.17,5.81
,-9.622,0.562,-3.869,-9.148,0.905,-3.467,3.99,22.61,5.95
,-9.416,0.156,-3.884,-9.342,1.333,-3.364,8.54,22.05,6.72
5678.0,-9.356,1.441,-3.209,-9.435,1.33,-2.477,20.79,18.62,7.98
,-9.277,1.385,-3.099,-9.407,1.596,-2.584,15.12,18.41,6.93
,-9.177,1.134,-2.797,-9.471,1.613,-2.68,11.2,18.48,6.65
,-9.282,1.232,-2.618,-9.493,1.362,-2.86,9.52,18.55,6.23
5754.0,-9.548,0.883,-3.096,-9.354,1.385,-3.302,1.54,20.44,5.74
,-9.361,0.625,-3.204,-9.359,1.515,-3.238,3.15,20.93,6.02
,-9.229,0.689,-3.307,-9.239,1.558,-3.137,5.74,21.28,6.44
,-9.28,1.115,-3.369,-9.215,1.491,-3.092,6.44,21.28,6.02
5829.0,-9.249,1.244,-2.934,-9.328,0.574,-2.505,-1.33,22.33,4.13
,-9.318,1.199,-2.824,-9.363,0.715,-2.615,-0.42,23.1,4.13
,-9.328,0.96,-2.613,-9.373,0.617,-2.848,0.56,24.15,3.92
,-9.308,0.605,-2.465,-9.292,0.553,-3.061,2.52,25.83,3.57
5905.0,-9.426,0.672,-3.309,-9.361,0.426,-3.611,8.68,32.62,3.22
,-9.392,0.905,-3.537,-9.505,0.66,-3.57,8.89,33.53,2.94
,-9.289,0.948,-3.687,-9.536,1.122,-3.556,8.33,34.44,2.8
,-9.275,0.699,-3.709,-9.529,1.019,-3.345,8.19,35.28,2.8
5980.0,-9.555,0.627,-3.175,-9.77,1.091,-3.154,16.73,39.97,3.5
,-9.533,0.682,-3.096,-9.902,1.735,-3.369,19.32,41.79,4.13
,-9.639,0.838,-3.037,-9.792,0.957,-3.597,20.86,43.47,4.06
,-9.722,0.818,-3.168,-9.777,0.945,-3.714,20.23,45.57,3.36
6056.0,-9.634,0.744,-3.642,-9.959,1.804,-3.838,15.68,53.9,-0.35
,-9.543,0.771,-3.687,-11.163,5.599,-4.487,19.25,55.93,0.0
,-9.426,1.041,-3.678,-11.0,3.005,-4.379,22.26,57.89,0.14
,-9.533,1.053,-3.786,-9.383,-2.257,-3.69,23.87,59.64,-0.42
6132.0,-9.596,-1.907,-2.869,-9.488,-1.146,-2.637,20.37,69.72,-7.42
,-9.986,1.653,-2.972,-9.581,-0.926,-2.723,35.77,71.19,-4.2
,-10.177,1.96,-2.833,-9.646,-0.421,-2.883,27.93,74.27,-6.58
,-9.61,-0.146,-2.682,-9.876,-0.101,-3.075,14.77,78.26,-10.08
6208.0,-9.852,-0.175,-3.175,-9.931,-1.685,-1.522,14.21,92.75,-5.95
,-9.77,-0.376,-3.027,-9.988,-2.032,-1.314,12.67,95.76,-3.99
,-9.756,-0.543,-2.821,-10.031,-2.101,-1.462,14.07,98.63,-1.26
,-9.785,-0.981,-2.235,-9.842,-2.063,-1.474,18.27,101.57,2.8
6284.0,-9.71,-1.275,-2.462,-8.727,-0.117,-6.722,78.89,116.34,31.43
,-9.483,-0.737,-3.807,-8.966,0.627,-8.059,83.02,116.34,33.67
,-9.215,-0.598,-5.102,-9.206,0.675,-9.244,81.27,115.92,35.21
,-8.909,-0.385,-6.09,-9.043,0.514,-8.792,78.47,116.06,35.98
6359.0,-9.055,1.522,-9.852,-6.578,1.551,-10.098,64.96,105.63,30.03
,-8.107,2.309,-9.753,-5.915,1.163,-10.057,62.51,96.32,28.98
,-7.65,2.01,-9.653,-5.272,1.247,-10.383,56.14,86.8,28.84
,-7.298,1.795,-9.787,-4.487,0.555,-10.541,49.7,74.06,27.79
6435.0,-3.869,-0.096,-10.412,-5.784,-0.239,-8.224,21.21,19.95,22.47
,-4.219,-0.378,-10.002,-5.427,0.412,-7.999,19.18,10.71,22.54
,-4.886,-0.467,-9.095,-5.384,0.313,-7.887,18.9,-0.35,23.66
,-5.441,-0.589,-8.416,-4.941,0.67,-8.394,19.11,-15.19,24.43
6511.0,-4.774,0.567,-8.469,-4.128,-0.4,-8.885,-6.72,-99.47,17.36
,-4.436,0.464,-8.526,-4.322,-0.251,-8.813,-12.53,-110.11,18.48
,-4.015,0.098,-8.839,-4.712,-0.093,-8.631,-18.69,-120.05,19.11
,-3.975,-0.471,-8.679,-5.437,0.029,-8.236,-22.54,-129.64,17.43
6587.0,-6.023,0.309,-8.241,-5.899,-0.785,-8.236,-21.77,-168.14,1.75
,-6.047,0.692,-8.32,-6.528,-1.352,-7.887,-31.78,-176.4,3.64
,-5.882,0.56,-8.246,-6.817,-1.311,-7.839,-44.03,-183.75,5.88
,-5.492,-0.072,-8.32,-6.645,-0.739,-7.944,-50.61,-188.51,8.19
6662.0,-6.389,-0.373,-8.071,-7.239,-0.151,-7.148,-23.24,-211.05,14.0
,-6.372,-0.347,-8.023,-7.437,-0.086,-6.877,-23.17,-213.43,13.86
,-6.54,-0.27,-7.873,-7.715,0.086,-6.542,-20.79,-215.88,13.93
,-6.966,-0.215,-7.452,-7.83,0.244,-6.289,-16.59,-218.61,13.86
6738.0,-8.351,0.232,-5.76,-9.174,-0.361,-2.656,-14.0,-231.7,6.72
,-8.449,0.459,-5.293,-9.775,-0.615,-2.087,-15.82,-232.12,2.8
,-8.672,0.278,-4.578,-10.048,-0.526,-1.424,-19.25,-230.02,-2.1
,-9.021,0.01,-3.491,-9.971,-0.321,-1.536,-21.63,-225.26,-6.79
6813.0,-9.746,-0.586,-1.776,-8.437,-2.29,1.833,-27.58,-180.81,-26.6
,-9.153,-1.062,-1.295,-8.191,-1.536,2.242,-31.78,-167.93,-27.79
,-8.39,-1.814,0.84,-7.48,-0.596,2.96,-26.39,-151.27,-24.99
,-8.6,-2.527,1.163,-7.272,-0.603,3.324,-17.57,-134.33,-22.96
6889.0,-7.734,-1.065,3.075,-8.2,0.287,0.38,-7.42,-27.16,-11.97
,-8.193,-1.027,2.596,-8.334,0.249,-0.251,-9.31,-4.34,-7.28
,-8.241,-0.407,1.888,-8.397,0.378,-0.914,-13.23,16.45,-3.64
,-8.263,0.086,1.153,-8.402,0.876,-1.649,-21.63,35.28,-0.7
6965.0,-8.768,1.469,-2.271,-12.213,1.287,1.438,-58.17,101.5,9.31
,-11.204,0.191,-2.845,-9.153,3.984,1.06,-67.13,101.78,10.08
,-17.691,-5.099,3.092,-8.842,0.536,0.349,-63.7,77.42,16.87
,-18.519,-4.326,3.484,-10.754,-2.86,1.608,-28.98,51.31,24.57
7041.0,-9.66,-3.013,2.123,-9.005,1.249,-4.877,-54.18,84.56,16.66
,-9.351,-2.898,3.065,-6.956,2.79,-5.2,-29.12,99.75,39.76
,-11.352,-1.917,1.275,-5.733,3.013,-4.078,-5.32,112.42,54.81
,-11.4,0.005,-2.115,-7.428,2.936,-5.2,9.73,114.8,42.21
7116.0,-8.78,1.859,-6.071,-9.686,-0.29,-4.721,-28.0,73.71,10.78
,-9.064,0.481,-5.336,-9.529,-0.646,-4.547,-29.19,73.43,16.52
,-9.342,0.055,-5.03,-9.433,-0.565,-4.422,-15.19,72.1,21.7
,-9.629,-0.014,-4.745,-9.505,0.112,-4.147,-4.55,68.67,21.56
7192.0,-9.622,1.539,-3.994,-9.076,2.118,-3.656,-3.71,52.64,8.82
,-9.572,2.828,-3.982,-8.792,0.531,-2.807,-13.93,49.49,5.11
,-9.572,3.534,-4.03,-9.296,-0.256,-2.096,-29.54,46.48,2.17
,-9.433,3.453,-4.18,-10.033,0.462,-1.914,-47.32,43.4,0.98
7268.0,-9.983,1.742,-1.998,-9.6,-0.347,-3.163,-29.75,34.09,2.17
,-9.677,1.957,-2.261,-9.574,0.361,-3.941,-27.51,34.65,5.18
,-9.481,1.182,-2.465,-9.311,1.046,-4.547,-28.21,35.49,7.98
,-9.474,0.048,-2.828,-9.21,1.512,-4.855,-24.78,36.12,9.38
7344.0,-9.227,1.601,-5.037,-9.366,1.304,-4.109,0.98,29.82,8.96
,-9.359,1.441,-5.135,-9.485,1.687,-3.838,1.89,27.37,8.33
,-9.33,1.256,-4.903,-9.584,1.871,-3.939,3.99,24.78,8.33
,-9.318,1.144,-4.42,-9.275,1.601,-3.814,8.19,22.96,8.54
7420.0,-9.332,0.878,-3.496,-9.378,1.204,-3.058,1.89,15.19,3.57
,-9.407,0.924,-3.439,-9.332,1.055,-2.95,1.4,14.0,2.94
,-9.39,1.158,-3.333,-9.38,0.907,-2.84,2.73,13.44,2.87
,-9.483,1.45,-3.171,-9.404,1.015,-2.898,2.38,13.09,2.66
7495.0,-9.435,1.295,-2.931,-9.316,1.036,-2.958,8.61,14.28,1.54
,-9.328,1.541,-2.91,-9.39,0.938,-3.142,7.28,14.56,1.54
,-9.203,1.354,-2.965,-9.387,0.979,-3.211,4.55,15.19,1.82
,-9.246,1.211,-2.953,-9.153,1.153,-3.35,2.52,15.47,1.82
7571.0,-9.203,1.213,-3.384,-9.378,0.95,-2.979,-2.73,15.68,0.49
,-9.265,0.94,-3.369,-9.191,1.462,-3.175,-4.69,15.75,0.42
,-9.275,0.522,-3.056,-9.232,1.251,-3.082,-4.06,16.66,0.91
,-9.387,0.567,-3.041,-9.009,1.012,-3.178,-0.7,17.22,1.54
7646.0,-9.083,0.66,-3.128,-9.064,0.038,-3.278,-2.24,20.23,1.05
,-9.127,0.797,-3.218,-9.203,0.424,-3.187,-0.91,20.51,1.33
,-9.179,0.809,-3.338,-9.28,0.785,-2.934,-0.14,20.93,1.26
,-9.043,0.373,-3.352,-9.227,1.22,-2.809,-0.49,21.84,1.54
7722.0,-9.287,1.18,-2.814,-9.079,0.948,-2.967,3.99,26.39,3.29
,-9.134,0.905,-2.864,-9.361,1.376,-2.721,2.1,27.93,3.29
,-9.057,0.766,-3.001,-9.284,1.799,-2.68,2.52,29.33,3.43
,-8.978,0.876,-3.08,-9.203,1.601,-2.814,4.2,30.73,3.36
7798.0,-9.0,1.285,-3.005,-9.5,0.818,-4.073,1.33,38.01,-1.47
,-9.174,1.254,-3.355,-9.552,1.019,-4.35,3.29,39.27,-1.19
,-9.273,1.359,-3.685,-9.801,1.161,-4.654,5.32,40.25,-0.7
,-9.378,1.228,-3.915,-9.94,0.972,-4.893,6.02,41.51,-0.7
7874.0,-9.923,0.646,-4.987,-10.823,2.213,-4.614,16.45,45.5,0.7
,-10.033,0.67,-5.099,-10.414,-2.003,-3.697,19.95,46.55,0.21
,-10.514,1.907,-4.855,-9.871,-0.57,-2.919,23.52,47.32,-0.14
,-11.79,4.609,-4.357,-10.505,1.314,-2.728,24.57,46.48,-2.38
7949.0,-10.053,0.761,-2.63,-9.694,-0.196,-2.802,20.86,59.15,-7.0
,-9.895,-0.57,-2.335,-9.392,-0.938,-3.094,17.43,62.86,-9.17
,-9.847,0.385,-2.429,-9.313,-0.421,-3.264,16.73,65.73,-9.45
,-9.801,0.933,-2.637,-9.318,0.438,-3.405,10.71,68.95,-9.73
8025.0,-9.313,0.57,-3.405,-9.174,-0.517,-3.147,10.29,84.21,-3.99
,-9.304,0.179,-3.709,-9.244,-0.986,-3.001,8.12,87.08,-2.73
,-9.368,0.299,-3.544,-9.378,-1.455,-2.584,8.4,89.18,-0.21
,-9.56,-0.012,-3.23,-9.347,-2.096,-2.065,9.8,91.07,1.47
8101.0,-9.459,-2.182,-1.876,-9.131,-0.503,-3.441,53.55,105.91,24.5
,-9.478,-1.924,-1.342,-8.969,-0.266,-4.518,66.57,109.06,30.87
,-9.392,-1.115,-2.0,-8.614,0.302,-5.633,78.33,111.37,36.68
,-9.342,-0.689,-2.73,-8.495,0.972,-6.741,84.77,112.98,41.79
8177.0,-8.641,1.417,-8.179,-8.863,2.084,-9.983,77.42,102.48,38.92
,-8.72,1.613,-8.725,-7.875,1.811,-10.419,65.24,97.93,35.49
,-8.882,1.831,-9.359,-7.066,0.847,-10.357,58.03,94.64,33.18
,-8.933,1.91,-9.933,-6.31,-0.089,-10.342,56.98,93.31,32.76
8252.0,-5.891,-0.404,-10.392,-4.87,-0.292,-9.507,43.4,64.47,32.83
,-5.446,-0.268,-10.747,-4.965,-0.354,-8.868,39.06,50.82,30.94
,-4.704,0.074,-10.38,-5.408,-0.407,-8.674,39.41,41.02,32.62
,-4.769,0.005,-10.141,-5.334,0.038,-8.366,38.01,33.04,34.79
8328.0,-5.422,0.459,-8.184,-4.377,-0.304,-8.796,21.91,-33.04,25.34
,-5.152,0.928,-8.643,-4.137,-0.948,-8.65,13.58,-46.48,21.77
,-4.676,0.833,-8.775,-4.214,-1.385,-8.538,3.01,-57.54,20.86
,-4.592,0.349,-8.921,-4.491,-1.57,-8.244,-6.02,-67.69,20.58
8404.0,-4.47,-1.228,-8.373,-5.341,-1.436,-8.167,-19.11,-120.05,11.41
,-4.501,-0.964,-8.595,-5.449,-1.553,-7.995,-21.63,-129.64,10.36
,-4.728,-1.067,-8.536,-5.619,-1.486,-7.854,-23.94,-137.2,10.64
,-5.104,-1.266,-8.332,-5.719,-1.452,-7.87,-24.85,-145.04,10.78
8479.0,-5.628,-1.326,-7.942,-6.083,-0.821,-7.971,-26.6,-183.82,9.31
,-5.501,-1.208,-8.265,-6.456,-0.577,-7.681,-25.48,-190.96,9.45
,-5.489,-1.139,-8.229,-6.731,-0.282,-7.511,-22.19,-196.49,9.31
,-5.812,-1.201,-7.961,-6.75,-0.012,-7.485,-19.11,-201.67,8.68
8555.0,-6.949,-0.007,-7.282,-8.059,-0.414,-5.867,-16.73,-222.81,0.84
,-7.186,0.031,-7.009,-8.39,-0.27,-5.53,-19.53,-225.82,-0.7
,-7.411,-0.06,-6.746,-8.636,-0.112,-5.286,-20.51,-227.99,-2.45
,-7.858,-0.304,-6.226,-8.99,-0.069,-4.755,-20.65,-229.74,-4.62
8631.0,-9.296,-0.084,-4.068,-9.945,-0.524,-1.321,-20.51,-223.51,-18.2
,-9.306,-0.122,-3.403,-9.966,-0.546,-1.338,-20.93,-217.7,-20.37
,-9.485,-0.27,-2.589,-9.641,-0.651,-1.46,-20.65,-210.21,-22.96
,-9.713,-0.483,-1.756,-9.055,-1.065,-1.462,-19.39,-201.74,-25.97
8707.0,-8.332,-1.713,1.156,-7.83,-0.38,2.201,3.36,-138.53,-24.78
,-8.88,-2.417,1.12,-7.633,-0.045,2.431,20.44,-121.8,-21.91
,-8.478,-1.85,1.809,-7.748,0.165,2.343,38.29,-104.09,-19.53
,-8.038,-1.048,2.082,-7.791,0.285,2.07,51.59,-85.33,-14.42
8782.0,-7.911,0.144,1.699,-8.375,0.486,-0.584,42.21,12.39,6.51
,-7.944,0.017,1.196,-8.454,0.893,-1.11,38.43,29.4,8.75
,-8.004,0.038,0.699,-8.39,1.271,-1.603,35.56,44.52,10.99
,-8.208,0.199,-0.043,-8.617,1.443,-2.113,32.76,57.68,12.67
8858.0,-10.373,0.682,-3.336,-10.067,4.987,0.897,-13.3,94.43,13.23
,-17.53,-4.736,-1.321,-8.074,4.542,1.598,-26.46,67.69,14.42
,-18.947,-3.573,8.435,-9.629,-0.804,1.242,31.5,33.95,33.32
,-15.657,-1.106,0.273,-9.916,-2.603,2.115,53.76,14.42,15.26
8934.0,-8.545,-3.587,1.515,-9.806,2.927,-3.575,-40.67,69.79,21.91
,-9.969,-4.35,2.699,-7.743,2.18,-3.575,-2.45,84.0,41.16
,-12.62,-0.775,0.644,-7.851,1.78,-3.458,29.05,89.95,41.23
,-12.079,2.228,-1.34,-8.78,1.328,-3.652,35.35,88.62,25.97
9010.0,-9.49,-0.136,-3.34,-8.787,-0.498,-3.68,-19.88,69.16,10.99
,-9.938,-1.519,-3.175,-8.806,-0.634,-3.671,-13.79,67.41,13.02
,-9.916,-1.455,-3.857,-9.153,0.084,-3.601,-2.94,64.82,14.84
,-9.313,-0.593,-3.963,-9.203,1.024,-3.604,10.99,61.88,17.01
9085.0,-9.627,2.453,-3.551,-9.474,0.802,-2.479,29.75,46.69,11.41
,-9.921,3.424,-3.113,-9.818,0.05,-2.864,16.87,44.45,9.73
,-9.89,3.307,-2.917,-9.622,0.395,-2.924,-1.61,42.49,8.68
,-9.407,2.23,-2.68,-9.512,0.948,-3.104,-17.85,40.32,7.28
9161.0,-9.495,1.811,-2.991,-9.552,1.713,-2.833,3.99,29.82,7.35
,-9.579,2.441,-2.991,-9.631,0.579,-2.833,0.14,27.3,5.46
,-9.675,2.714,-2.979,-9.562,-0.254,-2.694,-8.96,25.2,3.85
,-9.584,2.594,-2.917,-9.708,-0.165,-2.525,-20.02,23.59,3.22
9236.0,-9.72,0.907,-2.438,-9.502,1.266,-2.058,-2.66,18.13,5.46
,-9.612,1.799,-2.398,-9.591,0.933,-2.156,2.8,17.43,6.65
,-9.569,2.273,-2.302,-9.653,0.663,-2.395,1.47,16.73,6.51
,-9.445,2.082,-2.201,-9.648,0.407,-2.582,-3.78,16.66,5.81
9312.0,-9.643,0.378,-2.962,-9.198,1.144,-3.771,7.98,16.59,6.3
,-9.691,0.826,-3.254,-9.282,0.313,-3.455,11.97,15.68,5.81
,-9.524,1.374,-3.463,-9.509,0.196,-3.302,12.11,14.21,5.11
,-9.414,1.457,-3.668,-9.538,0.304,-2.974,8.12,12.32,4.2
9388.0,-9.567,0.873,-2.706,-9.459,1.436,-2.063,18.2,7.56,5.81
,-9.591,1.347,-2.412,-9.507,1.208,-1.998,19.32,7.07,5.25
,-9.856,1.591,-2.369,-9.478,0.938,-1.895,16.31,6.51,3.64
,-9.636,1.725,-2.321,-9.538,0.924,-2.182,12.39,6.37,3.08
9464.0,-9.464,1.074,-2.304,-9.404,0.51,-2.414,19.88,9.52,3.5
,-9.495,1.165,-2.395,-9.402,0.424,-2.338,19.74,9.8,3.22
,-9.404,1.199,-2.541,-9.49,0.806,-2.257,17.57,9.73,2.66
,-9.397,0.725,-2.503,-9.512,1.189,-2.453,14.77,10.01,2.59
9540.0,-9.493,1.297,-2.568,-9.514,1.053,-2.771,18.34,12.88,3.5
,-9.557,1.199,-2.728,-9.622,1.089,-2.888,18.69,13.58,3.78
,-9.605,0.979,-2.73,-9.56,1.151,-3.111,19.46,13.79,3.57
,-9.375,1.0,-2.754,-9.55,1.232,-3.348,21.63,13.86,3.78
9615.0,-9.256,1.287,-3.379,-9.447,0.227,-3.12,31.78,13.02,3.71
,-9.194,0.727,-3.424,-9.409,0.412,-3.132,32.34,13.09,3.78
,-9.165,-0.017,-3.223,-9.351,0.268,-3.206,34.51,13.3,4.69
,-9.284,-0.182,-3.101,-9.368,-0.048,-3.374,41.51,13.93,6.16
9691.0,-9.206,0.325,-3.436,-9.04,1.709,-3.53,68.32,18.27,11.55
,-9.213,0.641,-3.443,-9.052,1.448,-3.463,71.96,18.34,11.97
,-9.792,0.83,-3.374,-9.239,1.024,-3.496,72.45,17.29,10.64
,-9.474,1.876,-3.599,-9.141,0.541,-3.477,69.51,15.26,9.03
9767.0,-9.206,0.462,-3.266,-9.43,1.072,-3.087,68.67,15.19,9.59
,-9.323,0.66,-3.142,-9.32,1.015,-3.041,72.38,15.89,9.52
,-9.581,1.034,-3.168,-9.672,0.962,-2.943,74.27,16.52,8.61
,-9.464,1.18,-3.08,-9.421,1.852,-2.948,74.34,17.85,8.33
9843.0,-9.306,1.735,-2.685,-9.375,1.407,-2.931,68.88,20.72,4.41
,-9.428,1.558,-2.343,-9.284,1.249,-3.108,65.87,21.84,3.57
,-9.39,1.582,-2.369,-9.428,1.192,-3.242,65.38,22.82,2.73
,-9.457,1.436,-2.632,-9.576,1.036,-3.384,65.73,23.73,1.96
9918.0,-9.694,0.687,-3.927,-8.21,-2.046,-3.551,60.13,25.55,0.49
,-9.744,0.416,-4.293,-9.036,0.318,-4.212,60.27,24.71,0.28
,-9.564,0.249,-4.625,-9.552,3.178,-4.779,60.34,23.59,0.21
,-9.387,-0.464,-4.898,-7.971,0.436,-5.846,60.69,22.96,1.05
9994.0,-8.995,-0.467,-5.698,-8.44,-0.112,-6.155,116.76,16.59,32.34
,-8.478,1.036,-6.033,-8.411,-0.912,-6.013,126.28,13.72,34.3
,-8.155,0.658,-6.066,-8.533,-1.321,-5.843,127.26,11.9,39.55
,-8.466,0.464,-6.102,-8.509,-0.986,-5.741,122.08,9.38,41.72
10069.0,-8.466,-0.622,-5.501,-9.241,0.12,-4.614,133.84,-2.52,45.08
,-8.607,-0.34,-5.102,-9.34,0.244,-4.468,136.08,-3.36,47.46
,-8.959,0.069,-5.018,-9.28,0.294,-4.405,136.08,-4.76,49.35
,-9.105,0.168,-4.846,-9.21,0.412,-4.424,133.98,-6.09,50.68
10145.0,-9.407,0.402,-4.57,-8.124,-0.814,-4.264,133.28,-13.79,58.66
,-9.136,0.402,-4.759,-8.301,-1.127,-4.357,134.75,-15.68,59.92
,-8.995,0.124,-4.616,-8.452,-1.082,-3.845,137.27,-17.01,63.07
,-8.559,-0.23,-4.499,-8.99,-0.672,-3.881,141.4,-18.34,66.29
10221.0,-9.069,0.11,-3.972,-8.701,0.34,-3.857,182.84,-19.67,78.26
,-8.918,0.605,-4.022,-8.904,-0.069,-3.972,180.18,-19.81,77.56
,-8.801,0.732,-3.872,-9.064,-0.306,-3.604,174.09,-19.88,76.65
,-8.804,0.66,-3.877,-9.32,-0.251,-3.731,166.81,-20.3,75.11
10297.0,-9.325,-0.309,-3.62,-9.296,-0.823,-2.989,154.98,-26.04,68.04
,-9.244,-0.534,-3.352,-9.273,-0.936,-3.056,154.07,-26.53,66.5
,-9.088,-0.704,-2.948,-9.112,-1.015,-3.07,154.91,-25.83,65.8
,-9.201,-0.871,-2.891,-9.038,-0.945,-3.211,157.15,-24.71,65.73
10372.0,-9.256,-0.773,-3.513,-9.213,-0.354,-3.202,174.23,-18.62,67.48
,-9.359,-0.648,-3.453,-9.186,-0.235,-3.197,177.73,-18.06,66.99
,-9.318,-0.512,-3.369,-9.16,-0.148,-3.163,181.09,-16.8,66.99
,-9.186,-0.395,-3.266,-9.043,-0.158,-3.051,185.36,-15.33,67.2
10448.0,-9.055,-0.208,-2.96,-9.256,0.457,-3.199,190.33,-12.11,64.96
,-8.933,-0.091,-2.955,-9.363,0.665,-3.36,188.23,-11.9,64.61
,-8.835,0.081,-2.903,-9.27,0.845,-3.398,186.48,-11.41,64.54
,-9.095,0.273,-3.072,-9.115,0.785,-3.348,184.94,-11.27,64.26
10524.0,-9.103,0.861,-3.29,-9.251,2.431,-3.037,174.65,-9.38,62.51
,-9.0,1.144,-3.218,-9.325,2.848,-2.927,173.6,-9.03,61.95
,-9.031,1.598,-3.223,-9.359,3.195,-2.754,171.01,-9.24,60.69
,-9.1,1.965,-3.156,-9.418,3.494,-2.68,166.25,-9.1,58.73
10600.0,-9.359,3.618,-2.532,-9.43,2.682,-1.984,108.08,-6.86,41.09
,-9.462,3.798,-2.398,-9.548,1.9,-2.438,90.44,-6.09,35.84
,-9.44,3.85,-2.343,-9.617,1.464,-2.402,69.65,-5.11,29.68
,-9.371,3.506,-2.13,-9.574,1.524,-2.309,47.53,-3.22,23.45
10676.0,-9.617,1.89,-2.166,-9.99,0.995,-2.139,-14.14,0.91,-3.57
,-9.643,2.259,-2.242,-9.89,0.464,-2.187,-23.52,1.89,-6.02
,-9.73,2.003,-2.139,-9.78,0.081,-2.041,-34.37,3.15,-7.21
,-9.911,1.488,-2.089,-9.643,-0.062,-1.823,-42.91,4.62,-7.42
10751.0,-9.507,-0.048,-1.984,-9.296,-0.029,-2.446,-21.0,8.19,2.17
,-9.342,0.019,-1.981,-9.354,-0.213,-2.637,-12.95,9.66,4.27
,-9.225,0.165,-2.24,-9.43,-0.316,-2.742,-7.77,10.57,5.74
,-9.282,0.096,-2.414,-9.414,-0.203,-2.864,-5.25,11.97,6.93
10827.0,-9.342,-0.048,-3.092,-9.342,1.955,-3.171,-2.17,15.89,6.65
,-9.304,0.261,-3.077,-9.275,2.027,-3.386,-1.89,16.45,6.44
,-9.351,0.622,-2.984,-9.241,1.639,-3.343,-3.15,16.38,6.09
,-9.39,1.196,-3.068,-9.263,1.23,-3.326,-4.9,15.82,5.39
10902.0,-9.414,0.916,-3.357,-9.194,0.136,-3.874,-17.29,14.42,6.65
,-9.411,0.995,-3.403,-9.301,-0.031,-4.14,-13.3,13.65,7.07
,-9.335,0.861,-3.661,-9.265,0.024,-4.262,-12.25,12.88,7.49
,-9.201,0.459,-3.857,-9.014,-0.007,-4.302,-12.95,12.32,8.26
10978.0,-9.177,0.17,-4.405,-9.107,2.048,-4.908,3.08,10.64,13.58
,-9.375,0.474,-4.535,-8.906,1.926,-4.7,9.38,9.52,14.21
,-9.385,1.048,-4.611,-8.837,1.74,-4.444,15.4,8.19,14.42
,-9.304,1.756,-4.848,-9.086,1.462,-4.178,18.13,6.51,14.21
11054.0,-9.215,1.35,-3.757,-9.421,2.283,-2.907,8.47,-0.56,10.36
,-9.244,1.374,-3.472,-9.349,2.515,-2.891,9.73,-0.56,10.71
,-9.141,1.498,-3.132,-9.208,2.309,-2.864,11.76,-0.21,11.13
,-9.27,1.866,-2.927,-9.194,2.012,-2.814,14.49,0.28,11.41
11130.0,-9.198,2.065,-2.678,-9.172,1.73,-2.958,11.62,3.5,9.31
,-9.234,2.268,-2.69,-9.165,1.311,-3.001,12.32,4.27,8.61
,-9.354,2.465,-2.781,-9.261,1.28,-3.171,11.06,4.97,7.91
,-9.287,2.297,-2.919,-9.308,1.67,-3.422,8.47,5.74,7.49
11205.0,-9.206,1.713,-3.707,-9.158,1.263,-3.664,13.72,7.21,6.37
,-8.997,1.28,-3.814,-9.117,1.551,-3.513,10.99,7.0,5.95
,-8.988,0.94,-3.771,-9.002,1.606,-3.46,11.34,7.07,6.37
,-9.083,0.955,-3.747,-9.155,1.67,-3.475,14.35,6.93,6.86
11281.0,-9.119,1.517,-3.556,-9.131,1.094,-3.508,10.5,6.86,6.86
,-9.06,1.031,-3.546,-9.294,1.637,-3.52,9.8,7.07,7.07
,-9.093,0.711,-3.63,-9.241,2.034,-3.637,11.9,7.63,7.91
,-9.098,0.586,-3.632,-9.115,1.881,-3.733,15.75,8.19,8.68
11356.0,-9.009,1.474,-3.716,-9.105,1.534,-3.235,14.63,9.31,8.33
,-8.997,1.201,-3.632,-9.048,1.56,-3.209,16.94,9.73,8.54
,-8.99,1.297,-3.458,-9.055,1.433,-3.125,20.16,10.01,8.89
,-9.06,1.405,-3.283,-9.16,1.472,-3.204,21.84,10.15,8.96
11432.0,-9.091,1.362,-3.206,-8.854,1.732,-3.001,18.83,14.14,9.38
,-9.316,1.328,-3.099,-8.954,1.857,-2.936,17.92,14.56,8.75
,-9.057,1.809,-3.049,-9.05,2.283,-3.063,16.1,14.42,8.4
,-8.811,1.711,-3.077,-8.973,2.41,-3.34,14.42,15.4,9.03
11508.0,-8.88,1.845,-3.632,-9.105,0.266,-4.329,-0.49,19.32,8.4
,-8.866,1.455,-3.987,-9.081,0.416,-4.302,-1.4,19.6,8.19
,-8.938,0.964,-4.171,-9.115,0.852,-4.324,1.05,20.3,8.61
,-9.055,0.505,-4.305,-8.964,1.156,-4.477,5.32,21.21,9.17
11584.0,-9.0,0.854,-4.279,-9.165,1.907,-3.967,15.68,24.01,11.41
,-9.167,0.816,-4.008,-9.079,1.747,-4.164,18.2,24.92,12.11
,-9.275,0.811,-3.831,-9.062,1.295,-4.257,23.1,26.11,13.37
,-9.294,1.409,-3.783,-8.806,0.962,-4.616,27.37,27.16,14.49
11660.0,-8.947,2.68,-4.439,-9.253,1.646,-4.908,35.84,31.5,21.91
,-9.765,2.285,-4.408,-9.337,1.041,-4.898,40.32,31.43,21.7
,-8.725,0.115,-4.432,-9.378,1.163,-4.968,45.78,34.16,19.81
,-9.179,1.625,-4.85,-9.555,2.402,-4.752,48.44,34.51,20.58
11735.0,-10.237,4.539,-4.575,-8.966,0.799,-4.125,48.23,35.7,16.94
,-10.285,3.659,-4.558,-9.158,1.972,-4.463,33.46,36.4,12.6
,-9.196,0.481,-4.389,-9.086,1.589,-4.561,21.42,38.57,11.2
,-8.842,-0.584,-4.113,-9.062,0.83,-4.489,27.09,40.11,13.3
11811.0,-9.148,0.897,-4.415,-8.866,0.991,-3.853,28.77,47.11,8.61
,-9.201,1.108,-4.386,-8.794,0.833,-3.711,31.64,48.65,8.75
,-9.031,1.247,-4.197,-8.813,0.651,-3.575,33.39,50.4,9.1
,-8.923,1.173,-4.089,-8.904,0.378,-3.398,34.51,52.5,10.15
11887.0,-9.026,0.17,-3.266,-9.495,-1.692,-2.52,46.2,65.17,17.43
,-9.105,-0.177,-3.068,-9.55,-1.965,-2.391,47.88,68.39,19.53
,-9.201,-0.627,-2.828,-9.708,-2.233,-2.194,50.19,72.17,22.54
,-9.342,-1.194,-2.721,-9.914,-2.106,-2.257,54.04,76.3,26.32
11963.0,-10.103,-1.852,-2.529,-9.548,-1.043,-5.518,96.81,98.07,51.24
,-10.136,-1.45,-3.084,-9.397,-0.436,-6.521,103.67,101.36,55.58
,-9.981,-1.228,-3.702,-9.127,0.857,-7.44,107.45,104.02,59.22
,-9.773,-1.204,-4.377,-8.842,1.852,-8.911,111.3,105.7,62.02
12038.0,-8.777,2.491,-9.316,-7.236,1.838,-9.986,110.25,103.39,59.85
,-8.715,2.201,-8.672,-6.602,1.307,-10.242,98.42,105.63,57.96
,-8.985,2.192,-9.576,-6.341,0.256,-10.526,85.33,103.32,54.46
,-7.999,1.977,-9.899,-5.86,-1.098,-10.11,71.89,96.95,49.7
12114.0,-5.956,-1.744,-9.734,-5.671,-0.136,-8.485,35.0,43.96,45.85
,-5.303,-1.723,-9.55,-5.528,0.227,-8.179,42.42,30.03,48.58
,-5.327,-1.335,-9.509,-5.406,0.546,-8.086,49.91,17.22,51.38
,-5.269,-0.826,-9.076,-5.181,0.644,-8.394,53.62,5.04,52.36
12189.0,-5.236,0.514,-8.495,-4.57,-1.718,-8.332,16.31,-68.6,42.91
,-5.054,0.144,-8.425,-5.037,-2.175,-7.911,7.21,-81.9,44.73
,-4.456,-0.258,-8.71,-5.327,-1.948,-8.007,1.68,-92.75,46.62
,-4.226,-1.0,-8.569,-5.408,-1.697,-7.863,0.84,-101.43,46.34
12265.0,-5.561,-1.168,-8.086,-6.131,-0.794,-7.645,25.97,-151.2,41.44
,-5.382,-0.816,-8.406,-6.595,-0.591,-7.547,26.46,-159.04,41.16
,-5.403,-0.756,-8.308,-6.475,-0.385,-7.667,26.18,-164.43,40.39
,-5.705,-0.794,-8.052,-6.595,-0.261,-7.504,26.39,-169.61,39.83
12341.0,-6.502,-0.141,-7.562,-6.77,0.67,-7.401,15.12,-201.53,33.04
,-6.368,0.019,-7.614,-6.887,0.945,-7.44,9.66,-205.66,28.84
,-6.47,0.151,-7.559,-7.131,1.027,-7.332,4.97,-209.51,23.66
,-6.616,0.337,-7.504,-7.057,0.988,-7.174,0.14,-213.57,18.13
12417.0,-7.423,0.577,-6.356,-8.727,-0.342,-4.025,-16.31,-229.81,-8.19
,-7.696,0.079,-5.7,-9.007,-0.235,-3.644,-15.68,-230.44,-13.79
,-7.877,-0.124,-5.281,-9.225,0.05,-3.065,-13.44,-230.65,-18.13
,-8.289,-0.428,-4.755,-9.38,0.002,-2.501,-10.78,-229.53,-20.93
12492.0,-9.77,0.124,-1.9,-9.239,-0.433,0.512,-2.17,-200.97,-27.65
,-9.77,0.12,-1.065,-9.165,-0.589,0.208,-4.2,-191.1,-27.37
,-9.596,0.069,-0.438,-8.83,-0.445,0.67,-6.86,-179.34,-26.6
,-9.564,-0.175,-0.175,-8.516,-0.601,1.541,-10.15,-166.18,-25.55
12568.0,-8.459,-0.558,2.027,-8.05,0.189,2.462,-3.92,-85.54,-13.23
,-8.275,-0.337,2.393,-8.019,0.416,1.933,-2.94,-66.29,-10.01
,-8.078,-0.151,2.654,-8.136,0.61,1.431,-4.2,-46.48,-6.09
,-8.021,0.077,2.625,-8.33,0.517,0.802,-7.0,-26.46,-2.24
12644.0,-8.306,0.373,0.069,-8.368,0.536,-1.953,-48.3,60.48,12.46
,-8.244,0.244,-0.438,-10.732,-0.859,-2.015,-53.69,72.8,14.07
,-8.021,0.416,-1.022,-17.873,-6.612,5.626,-57.89,83.44,15.47
,-7.956,0.694,-1.539,-19.447,-6.415,3.632,-62.16,92.61,16.66
12720.0,-12.685,-1.015,0.134,-9.88,-4.415,1.036,-7.77,36.61,5.32
,-8.789,2.321,0.213,-10.639,-2.761,0.421,-30.52,40.88,-12.74
,-7.669,-0.565,-0.239,-11.426,-0.424,-2.374,-64.61,49.77,-1.82
,-10.529,-5.106,0.268,-10.493,2.395,-3.594,-71.96,63.49,17.01
12796.0,-7.837,4.798,-4.094,-9.112,1.476,-4.865,31.64,96.95,31.15
,-6.652,5.176,-4.336,-9.088,1.692,-4.621,7.28,91.14,23.45
,-7.145,3.597,-4.499,-9.696,1.357,-4.288,-17.5,84.56,18.13
,-8.66,1.874,-4.965,-10.122,-0.12,-3.987,-31.01,77.77,14.91
12871.0,-9.978,-1.326,-3.628,-9.505,2.01,-4.137,-11.34,56.28,22.26
,-9.842,-1.792,-3.599,-9.651,3.257,-4.176,0.84,55.44,24.15
,-9.34,-1.29,-3.786,-9.399,3.51,-4.034,15.54,54.11,23.45
,-9.311,0.354,-4.006,-9.342,2.206,-3.75,27.16,51.45,20.37
12947.0,-9.335,0.349,-3.419,-9.775,0.622,-2.309,-40.11,37.8,6.51
,-9.215,-0.665,-3.017,-9.799,1.596,-2.197,-36.96,36.19,7.07
,-9.404,-1.039,-2.699,-9.73,2.367,-2.245,-24.22,34.93,9.1
,-9.785,-0.436,-2.436,-9.493,2.627,-2.541,-8.75,32.76,10.78
13022.0,-9.284,1.996,-2.848,-9.684,1.283,-3.778,-6.09,30.8,12.6
,-9.366,1.05,-3.099,-9.61,1.96,-3.917,-5.6,30.73,13.02
,-9.423,0.414,-3.379,-9.189,2.448,-4.106,1.33,30.24,13.58
,-9.5,0.567,-3.486,-9.182,2.326,-3.711,12.46,28.98,14.56
13098.0,-9.411,2.046,-3.836,-9.407,1.067,-2.946,13.93,21.35,9.59
,-9.426,1.711,-3.611,-9.631,1.247,-2.864,9.45,20.23,8.19
,-9.533,1.424,-3.415,-9.541,1.491,-2.895,6.93,19.25,7.42
,-9.308,1.345,-3.204,-9.378,1.278,-3.015,7.0,18.83,7.21
13174.0,-9.328,1.003,-2.998,-9.306,0.804,-3.384,5.95,17.43,5.46
,-9.351,1.0,-3.18,-9.229,1.213,-3.405,7.42,17.22,5.81
,-9.215,0.804,-3.259,-9.296,1.189,-3.302,8.33,16.87,6.09
,-9.196,0.62,-3.317,-9.371,1.0,-3.439,10.43,16.94,6.58
13250.0,-9.22,0.869,-3.381,-9.347,1.694,-3.278,9.73,15.89,5.46
,-9.191,1.089,-3.333,-9.323,1.709,-3.331,11.13,15.75,5.6
,-9.234,1.292,-3.285,-9.239,1.479,-3.393,11.76,16.1,5.6
,-9.332,1.508,-3.223,-9.213,1.472,-3.494,11.2,16.1,5.32
13325.0,-9.225,1.51,-3.51,-9.33,1.424,-3.345,7.35,15.68,4.06
,-9.11,1.536,-3.475,-9.366,1.058,-3.259,6.79,15.96,3.92
,-9.191,1.596,-3.424,-9.423,0.799,-3.08,5.95,16.1,3.64
,-9.189,1.596,-3.417,-9.299,0.897,-2.986,4.97,16.1,3.36
13401.0,-9.342,1.228,-2.852,-9.189,1.079,-2.434,9.31,17.78,4.27
,-9.347,1.553,-2.761,-9.117,1.268,-2.304,7.0,18.41,3.92
,-9.229,1.46,-2.63,-9.115,1.206,-2.383,2.17,19.46,3.36
,-9.22,1.096,-2.563,-9.186,0.481,-2.314,-1.4,20.72,3.22
13477.0,-9.359,-0.254,-2.405,-9.373,0.979,-3.173,-1.89,29.61,3.22
,-9.493,-0.278,-2.589,-9.304,0.644,-3.367,7.21,31.78,4.41
,-9.481,0.651,-2.804,-9.328,0.632,-3.508,13.65,33.6,5.32
,-9.426,1.077,-2.938,-9.38,1.079,-3.664,13.37,35.49,5.25
13553.0,-9.481,1.45,-3.838,-9.277,1.589,-3.932,10.15,41.16,4.69
,-9.423,1.388,-3.987,-9.282,1.316,-3.903,8.05,41.72,3.78
,-9.426,1.299,-4.027,-9.194,0.778,-4.099,7.63,42.35,3.57
,-9.418,1.354,-4.051,-9.239,1.381,-4.257,7.14,43.19,3.71
13629.0,-9.44,1.086,-4.192,-10.074,2.201,-4.355,20.37,49.21,3.01
,-9.639,0.902,-4.276,-11.053,5.65,-4.592,24.43,50.89,3.08
,-9.478,1.022,-4.365,-11.323,3.515,-4.398,29.68,52.57,3.29
,-9.572,1.417,-4.381,-9.524,-1.586,-3.549,34.09,53.9,3.22
13704.0,-9.452,-2.395,-2.558,-9.782,-0.062,-2.467,26.46,62.79,-3.29
,-10.055,1.615,-2.704,-9.966,0.199,-2.493,47.32,63.7,-0.42
,-10.108,2.67,-2.733,-9.868,-0.084,-2.448,40.46,66.71,-3.99
,-9.737,0.878,-2.565,-9.519,-0.768,-2.491,22.47,70.91,-8.82
13780.0,-9.483,-0.823,-2.582,-9.722,-0.928,-1.929,8.82,89.6,-13.09
,-9.651,-0.036,-2.86,-9.651,-1.503,-1.314,9.38,91.84,-12.25
,-9.753,0.201,-2.929,-9.619,-2.125,-0.96,7.28,94.71,-10.78
,-9.727,-0.251,-2.615,-9.665,-2.321,-1.017,5.53,97.58,-8.47
13855.0,-9.847,-2.381,-1.039,-8.93,-0.653,-5.19,45.99,116.06,21.49
,-9.959,-2.005,-1.859,-8.753,0.101,-6.092,57.4,118.86,27.09
,-9.677,-1.634,-2.594,-9.081,0.794,-7.145,65.66,121.52,31.5
,-9.361,-1.129,-3.927,-9.675,1.228,-8.483,71.12,123.9,34.51
13931.0,-9.976,1.855,-9.251,-7.638,3.79,-10.407,70.63,128.66,33.39
,-9.701,2.563,-9.615,-6.994,3.116,-10.814,65.17,121.45,29.75
,-9.445,3.276,-10.562,-6.04,1.534,-11.304,59.5,112.49,27.65
,-8.674,3.707,-10.617,-5.583,0.459,-11.283,49.42,99.61,24.71
14007.0,-5.803,-0.086,-10.672,-5.896,0.893,-8.938,22.12,43.26,10.29
,-5.631,0.304,-10.232,-5.379,0.44,-8.78,30.45,28.0,10.64
,-5.633,0.732,-9.945,-5.288,-0.325,-8.827,34.79,11.83,11.97
,-5.86,1.094,-9.186,-4.884,-0.931,-8.679,31.22,-4.97,12.88
14083.0,-5.171,-0.972,-8.227,-4.314,-1.266,-8.433,-4.06,-83.79,15.12
,-5.011,-0.842,-8.54,-4.578,-1.256,-8.361,-4.55,-96.81,16.59
,-4.274,-0.835,-8.722,-4.563,-1.108,-8.48,-7.35,-108.36,17.29
,-3.972,-1.041,-8.885,-4.281,-0.562,-8.641,-8.33,-117.39,17.29
14158.0,-4.523,-0.091,-8.689,-4.96,-0.225,-8.311,-6.16,-163.45,9.52
,-4.731,0.062,-8.636,-4.903,-0.656,-8.277,-13.58,-171.01,9.38
,-4.81,0.304,-8.471,-4.884,-1.082,-8.402,-21.63,-177.8,9.38
,-5.047,0.163,-8.241,-4.903,-1.271,-8.521,-31.36,-185.29,9.59
14234.0,-5.073,-1.189,-8.346,-6.726,0.656,-7.727,-17.64,-219.38,7.63
,-5.312,-0.778,-8.626,-6.849,1.12,-7.368,-6.3,-225.33,5.53
,-5.597,-0.316,-8.567,-7.217,1.309,-6.904,3.78,-230.23,3.64
,-6.245,0.079,-8.205,-7.686,1.247,-6.585,10.01,-234.15,1.54
14310.0,-8.239,1.278,-6.214,-9.134,0.567,-4.654,-11.97,-241.22,-7.07
,-8.567,1.132,-5.87,-8.512,-0.177,-3.398,-20.23,-238.98,-8.4
,-8.863,1.175,-5.614,-8.409,-1.182,-1.91,-29.12,-235.41,-10.57
,-9.179,1.034,-5.307,-9.203,-1.402,-1.752,-39.06,-230.72,-12.95
14386.0,-9.837,-0.517,-1.689,-8.186,-0.845,0.306,-46.48,-179.97,-31.99
,-9.409,0.175,-1.33,-7.894,-1.192,0.23,-49.56,-164.43,-31.99
,-8.945,0.191,-0.794,-7.583,-1.127,0.845,-58.73,-146.44,-32.48
,-8.471,-0.254,-0.031,-7.681,-0.957,1.077,-68.81,-126.77,-32.27
14461.0,-7.956,-0.457,0.888,-9.775,0.347,-1.417,-48.09,-7.35,-9.66
,-7.997,0.553,0.44,-14.221,-2.556,0.857,-42.91,15.54,-5.88
,-7.842,1.228,-0.213,-16.193,-4.511,3.345,-43.19,37.52,-2.24
,-8.224,1.29,-0.763,-12.761,-3.424,1.206,-47.81,58.03,1.82
14537.0,-9.509,-2.012,0.041,-11.414,0.457,-2.898,-14.98,77.35,9.45
,-8.227,-2.326,-0.048,-8.579,1.132,-4.465,-23.31,78.82,16.66
,-11.038,-3.029,1.35,-6.935,0.431,-4.59,-16.24,84.49,35.49
,-13.214,-1.426,-1.364,-7.296,-0.043,-4.92,0.14,89.81,38.08
14612.0,-8.184,0.708,-5.623,-9.194,2.01,-5.042,4.34,86.24,24.5
,-8.586,1.575,-6.628,-10.026,2.034,-4.448,0.14,79.87,22.96
,-8.189,1.917,-6.317,-10.282,1.833,-3.877,-1.54,76.16,22.68
,-8.658,1.843,-5.817,-10.373,1.065,-3.08,-1.05,71.61,18.48
14688.0,-9.938,0.553,-2.663,-9.184,0.864,-3.601,-35.7,52.43,10.5
,-9.6,0.672,-2.654,-9.318,0.354,-3.317,-33.32,50.33,9.31
,-9.509,0.675,-3.106,-9.593,0.325,-3.297,-27.72,48.02,8.26
,-9.076,1.01,-3.58,-9.675,0.826,-3.372,-21.84,45.71,8.4
14764.0,-9.56,0.988,-3.331,-9.593,0.905,-2.675,-14.0,34.72,9.31
,-9.418,0.945,-3.163,-9.66,1.292,-2.85,-17.22,33.46,9.94
,-9.418,0.792,-2.883,-9.579,1.433,-3.001,-18.69,32.2,10.71
,-9.524,0.617,-2.694,-9.507,1.33,-3.051,-17.22,31.5,10.99
14840.0,-9.612,1.467,-3.288,-9.33,1.536,-3.783,0.35,27.93,12.25
,-9.56,1.582,-3.475,-9.505,1.474,-3.743,2.31,26.39,11.34
,-9.5,1.709,-3.676,-9.548,1.381,-3.683,2.38,24.71,10.15
,-9.442,1.687,-3.838,-9.562,1.275,-3.647,0.98,22.82,8.89
14916.0,-9.392,1.065,-3.467,-9.6,0.993,-2.637,-8.89,15.47,3.78
,-9.457,0.945,-3.259,-9.402,0.955,-2.525,-7.28,14.77,3.78
,-9.481,1.012,-3.087,-9.378,0.89,-2.62,-5.32,14.21,3.36
,-9.454,1.05,-2.917,-9.493,0.68,-2.728,-4.69,14.42,3.01
14991.0,-9.392,0.553,-2.955,-9.454,0.72,-3.123,-1.61,16.24,3.01
,-9.328,0.443,-3.087,-9.387,0.84,-3.104,0.84,16.45,3.57
,-9.342,0.56,-3.128,-9.328,0.864,-3.139,2.66,16.73,4.41
,-9.378,0.495,-2.998,-9.318,0.763,-3.116,4.27,17.01,4.76
15067.0,-9.373,0.493,-3.003,-9.435,1.189,-2.599,5.39,19.39,5.04
,-9.347,0.522,-2.91,-9.43,1.079,-2.544,7.77,19.88,6.02
,-9.399,0.617,-2.759,-9.33,1.029,-2.553,10.22,20.3,6.58
,-9.418,1.266,-2.709,-9.325,0.955,-2.503,10.64,20.65,6.86
15143.0,-9.186,1.065,-2.446,-9.268,0.804,-2.541,0.14,25.55,5.46
,-9.289,0.881,-2.371,-9.32,0.998,-2.824,-1.26,26.81,4.97
,-9.304,0.847,-2.374,-9.237,1.163,-2.984,-0.98,28.28,4.9
,-9.323,0.761,-2.424,-9.263,1.115,-3.204,-0.21,29.82,4.9
15219.0,-9.196,0.89,-3.489,-9.435,1.407,-3.934,-0.14,35.7,3.43
,-9.167,0.548,-3.637,-9.371,1.039,-3.841,2.66,36.47,3.85
,-9.328,0.474,-3.759,-9.397,0.849,-3.707,7.7,36.96,4.48
,-9.509,1.046,-3.948,-9.505,0.787,-3.709,11.97,37.1,4.48
15294.0,-9.517,0.916,-3.752,-9.529,1.295,-4.101,14.21,39.55,3.5
,-9.545,1.012,-3.838,-9.706,0.895,-3.695,15.75,40.39,3.57
,-9.679,1.039,-3.912,-9.538,0.771,-3.915,16.52,41.37,3.29
,-9.722,1.127,-3.944,-9.653,0.883,-3.857,16.73,43.12,2.59
15370.0,-9.435,1.194,-3.642,-10.117,3.522,-3.424,22.89,48.44,0.91
,-9.509,1.165,-3.573,-10.754,4.606,-4.133,22.05,49.84,-0.07
,-9.387,1.433,-3.486,-9.811,1.062,-4.022,20.09,51.24,-0.56
,-9.517,1.548,-3.515,-9.641,-1.594,-3.618,19.32,52.85,-1.19
15445.0,-9.959,0.06,-3.518,-9.423,-0.68,-3.23,22.47,61.81,-3.64
,-10.249,1.445,-3.542,-9.514,-0.479,-3.29,29.26,63.98,-2.03
,-9.995,0.452,-3.422,-9.426,-0.337,-3.403,24.64,66.92,-3.43
,-9.514,-0.715,-3.247,-9.545,0.074,-3.522,22.61,69.86,-4.06
15521.0,-9.545,0.443,-3.575,-9.234,-0.402,-3.053,21.77,82.25,-4.06
,-9.423,0.526,-3.489,-9.16,-0.555,-2.522,16.73,84.77,-4.13
,-9.349,0.282,-3.396,-9.373,-0.806,-2.022,12.04,86.73,-3.92
,-9.256,-0.151,-3.228,-9.529,-1.048,-1.704,10.29,89.18,-2.8
15597.0,-9.562,-1.206,-1.658,-8.837,-0.66,-3.915,42.07,103.95,16.31
,-9.483,-1.163,-1.723,-8.806,-0.194,-5.08,50.26,106.47,21.56
,-9.361,-0.907,-2.285,-8.849,0.177,-5.951,57.82,108.22,25.69
,-9.177,-0.773,-2.879,-8.631,0.936,-6.616,63.14,109.76,28.42
15673.0,-8.799,1.307,-7.849,-8.447,1.62,-9.304,52.08,117.25,26.11
,-9.026,1.371,-8.674,-7.932,1.886,-9.78,46.34,116.41,21.98
,-9.069,1.385,-9.093,-7.31,1.814,-10.103,40.25,113.19,18.9
,-8.583,1.517,-9.208,-6.521,1.443,-10.38,38.92,108.57,19.39
15748.0,-6.013,0.838,-10.524,-5.176,-0.309,-9.529,32.83,59.22,12.81
,-5.159,0.163,-10.407,-5.465,0.122,-9.428,23.94,47.53,8.05
,-4.702,-0.27,-10.412,-5.504,0.562,-8.983,23.24,38.85,6.72
,-4.944,-0.462,-10.213,-5.741,0.816,-8.538,25.62,30.24,7.42
15824.0,-5.621,0.9,-8.442,-4.788,0.72,-8.928,9.52,-43.89,4.62
,-5.288,0.995,-8.469,-4.326,0.304,-8.961,1.47,-59.78,1.05
,-5.25,1.139,-8.583,-4.063,-0.364,-8.622,-6.37,-72.59,-0.42
,-5.03,0.766,-8.715,-4.573,-0.823,-8.437,-15.89,-84.21,-0.77
15900.0,-4.913,-1.015,-8.461,-5.042,-0.713,-8.638,-32.13,-130.9,-7.35
,-5.061,-0.869,-8.418,-4.922,-0.864,-8.576,-29.12,-140.0,-8.89
,-5.377,-0.567,-8.545,-5.157,-1.175,-8.301,-30.38,-148.54,-9.17
,-5.398,-0.553,-8.567,-5.628,-1.33,-8.062,-33.04,-157.29,-7.84
15976.0,-5.836,-1.058,-8.035,-5.595,-0.053,-8.189,-17.22,-187.67,0.35
,-6.088,-0.598,-8.066,-5.872,0.098,-7.937,-13.72,-194.25,2.1
,-5.901,-0.242,-8.37,-6.298,0.342,-8.009,-15.26,-201.04,3.85
,-5.698,-0.115,-8.248,-6.368,0.464,-7.952,-16.87,-204.89,5.46
16052.0,-6.607,0.311,-7.463,-7.777,-0.029,-6.174,-19.95,-223.02,4.48
,-6.892,0.184,-7.26,-8.246,-0.129,-5.609,-19.39,-226.24,3.15
,-6.892,0.206,-7.164,-8.844,-0.048,-5.092,-17.01,-229.25,1.26
,-7.351,0.06,-6.82,-9.105,0.194,-4.384,-12.25,-230.58,-0.49
16127.0,-9.162,0.397,-3.924,-9.366,-0.507,-0.28,-6.44,-221.48,-10.01
,-9.579,0.68,-3.489,-9.672,-0.266,-0.601,-9.8,-214.62,-10.85
,-9.722,0.656,-2.84,-9.519,0.045,0.019,-16.31,-206.5,-11.55
,-9.289,-0.05,-1.18,-9.399,-0.132,0.077,-24.92,-195.16,-11.97
16203.0,-8.894,-0.278,0.11,-8.088,-1.376,2.218,-39.9,-123.9,-22.4
,-8.275,-0.773,0.96,-8.007,-0.811,2.19,-45.64,-104.58,-21.14
,-8.107,-1.452,1.551,-7.995,0.036,1.764,-43.54,-83.65,-17.99
,-8.143,-1.783,2.051,-7.875,0.653,1.086,-37.45,-62.51,-14.84
16278.0,-8.078,0.632,0.357,-9.11,0.048,-2.19,-43.68,44.87,2.8
,-8.37,0.426,-0.352,-11.697,-1.496,-2.242,-49.56,62.16,6.09
,-8.559,0.134,-1.058,-17.662,-6.181,3.898,-52.78,76.65,8.75
,-8.552,0.084,-1.761,-17.219,-4.826,1.811,-53.41,88.62,11.34
16354.0,-10.988,-0.433,-0.395,-10.124,-2.776,1.393,19.81,43.82,11.55
,-8.256,2.034,0.756,-10.45,-1.543,1.323,-0.7,45.99,-3.01
,-8.552,-0.072,0.67,-10.893,0.383,-0.771,-30.45,51.17,3.57
,-10.656,-2.749,0.998,-10.543,0.744,-3.343,-39.97,58.59,12.88
16430.0,-8.775,1.586,-3.982,-9.603,1.101,-3.826,18.55,92.82,31.5
,-7.327,1.945,-3.738,-9.902,0.672,-3.951,17.15,86.24,27.65
,-7.346,2.144,-3.606,-9.524,0.586,-3.678,11.48,79.59,23.59
,-8.617,1.883,-3.709,-9.552,0.433,-3.644,3.71,75.6,20.16
16506.0,-9.478,0.177,-3.527,-9.32,2.594,-4.075,12.04,62.93,19.18
,-9.469,0.227,-3.326,-9.359,2.534,-4.317,12.95,60.2,19.39
,-9.442,0.677,-3.455,-9.284,1.857,-4.295,12.67,58.03,17.85
,-9.488,1.39,-3.733,-9.313,0.948,-4.295,10.08,55.72,13.65
16581.0,-9.639,0.203,-4.216,-9.586,1.709,-3.001,-26.95,39.48,5.53
,-9.653,0.146,-4.058,-9.756,2.333,-2.95,-17.78,36.26,6.02
,-9.373,0.699,-3.754,-9.588,2.345,-2.948,-9.24,33.39,7.49
,-9.313,1.184,-3.317,-9.538,1.804,-3.039,-4.06,31.29,8.89
16657.0,-9.598,0.981,-3.013,-9.533,1.723,-3.259,-14.21,25.34,7.77
,-9.612,0.469,-3.149,-9.474,2.017,-3.202,-7.42,24.78,7.84
,-9.538,0.555,-3.214,-9.502,2.075,-3.216,2.17,24.22,8.05
,-9.497,1.213,-3.106,-9.507,2.094,-3.108,10.57,23.24,8.05
16732.0,-9.562,1.747,-3.185,-9.474,2.19,-2.807,-8.89,17.71,0.91
,-9.497,1.201,-3.061,-9.407,2.819,-2.635,-11.55,16.59,0.42
,-9.416,0.928,-2.972,-9.392,2.304,-2.663,-8.96,15.96,1.47
,-9.469,1.311,-2.804,-9.43,1.017,-2.639,-4.06,14.77,2.45
16808.0,-9.521,-0.316,-2.737,-9.45,0.706,-3.101,-22.75,12.81,0.63
,-9.359,-0.95,-2.86,-9.44,0.735,-3.123,-13.09,13.65,1.4
,-9.433,-0.531,-3.068,-9.474,0.316,-3.061,-1.89,14.28,2.38
,-9.502,0.239,-3.168,-9.392,0.529,-2.986,3.99,14.84,3.01
16884.0,-9.366,0.663,-2.986,-9.418,1.07,-3.264,-2.59,16.66,2.52
,-9.507,0.988,-3.12,-9.332,1.017,-3.19,-1.26,16.52,3.22
,-9.366,1.127,-3.104,-9.335,0.902,-3.113,-0.35,16.73,4.13
,-9.426,1.17,-3.173,-9.306,1.072,-2.958,0.77,16.73,4.69
16960.0,-9.263,1.247,-2.826,-9.497,0.725,-2.254,1.47,16.8,6.02
,-9.311,0.919,-2.647,-9.464,1.098,-2.137,0.21,17.36,6.37
,-9.351,0.589,-2.515,-9.416,1.359,-2.264,0.28,18.27,6.79
,-9.435,0.474,-2.391,-9.34,1.263,-2.111,3.78,19.39,6.86
17036.0,-9.289,1.285,-2.257,-9.371,0.689,-2.458,4.34,25.83,4.97
,-9.361,1.173,-2.412,-9.284,1.027,-2.675,4.41,27.51,4.13
,-9.32,0.871,-2.412,-9.354,0.962,-2.876,5.18,29.12,3.71
,-9.373,0.663,-2.41,-9.21,0.641,-3.027,8.4,31.01,3.99
17111.0,-9.189,0.51,-3.094,-9.16,1.194,-3.817,8.89,36.68,3.08
,-9.249,0.613,-3.197,-9.206,1.086,-4.422,9.8,37.45,3.64
,-9.296,0.948,-3.352,-9.438,0.833,-4.771,10.15,38.22,3.92
,-9.141,1.247,-3.577,-9.454,0.524,-5.013,8.89,38.92,4.27
17187.0,-9.541,0.706,-5.073,-9.548,1.665,-3.534,16.66,39.13,4.06
,-9.725,1.113,-4.7,-9.557,1.378,-3.288,20.72,38.85,4.13
,-9.689,1.857,-4.346,-9.514,1.438,-3.094,20.44,38.22,3.57
,-9.509,2.051,-3.905,-9.545,1.991,-3.216,16.66,38.71,3.08
17263.0,-9.45,1.709,-3.223,-11.156,4.13,-3.884,13.93,45.99,1.12
,-9.399,1.07,-3.202,-9.804,-0.684,-3.491,11.27,48.44,0.56
,-9.835,0.852,-3.247,-9.746,-2.706,-2.606,15.82,50.61,0.21
,-10.603,4.288,-3.209,-10.124,0.227,-2.443,24.15,52.08,-1.12
17339.0,-10.249,1.634,-2.764,-9.526,-0.897,-3.46,28.21,66.71,-2.52
,-9.876,0.258,-2.879,-9.375,-0.581,-3.647,17.36,70.77,-5.53
,-9.708,-1.005,-3.082,-9.268,-0.022,-3.776,12.6,73.92,-6.3
,-9.636,-1.082,-3.36,-9.158,0.345,-3.855,14.63,76.93,-5.25
17414.0,-9.093,0.416,-3.881,-9.002,-0.254,-2.491,14.98,88.2,-3.64
,-9.048,0.294,-3.728,-9.222,-0.644,-2.046,12.88,90.02,-3.22
,-8.995,0.232,-3.46,-9.306,-1.019,-1.721,12.25,91.77,-2.17
,-8.928,-0.031,-3.077,-9.452,-1.177,-1.835,14.14,94.29,0.21
17490.0,-9.397,-1.022,-2.166,-8.6,-0.096,-5.508,52.64,109.62,22.05
,-9.177,-1.022,-2.288,-8.342,0.184,-6.291,59.57,111.58,26.18
,-8.93,-0.895,-2.934,-8.564,0.761,-7.473,65.8,113.26,29.61
,-8.701,-0.534,-4.219,-9.208,1.125,-8.586,69.93,114.59,31.01
17565.0,-8.995,1.127,-9.387,-7.502,2.355,-10.352,44.45,113.19,24.43
,-9.05,1.491,-9.95,-6.887,2.319,-10.708,38.43,108.85,21.7
,-8.648,1.613,-9.624,-6.31,1.945,-10.517,36.47,101.57,20.16
,-7.837,2.118,-10.055,-5.765,1.701,-10.823,38.78,93.24,19.81
17641.0,-4.922,1.115,-11.352,-4.585,-0.11,-9.428,24.64,42.14,9.73
,-3.96,0.436,-10.883,-4.628,0.311,-9.107,21.49,33.53,7.7
,-3.733,0.158,-10.591,-4.726,0.668,-9.131,23.52,26.46,7.63
,-4.156,-0.242,-9.897,-4.566,0.782,-8.818,27.23,18.13,9.1
17717.0,-4.826,0.73,-8.409,-4.824,-0.103,-8.251,7.63,-48.23,10.85
,-4.7,0.323,-8.074,-4.228,-0.177,-8.555,2.73,-61.39,9.38
,-4.858,0.237,-8.131,-3.747,-0.876,-8.528,1.05,-72.66,7.56
,-5.121,0.093,-8.069,-4.063,-1.584,-8.385,-2.17,-83.58,6.79
17793.0,-4.599,-2.036,-8.224,-5.508,-0.653,-8.454,-13.65,-121.38,6.02
,-5.013,-1.768,-8.126,-5.638,-0.79,-8.344,-7.14,-127.89,4.27
,-5.564,-1.23,-8.167,-5.709,-1.11,-8.239,-6.72,-134.75,3.08
,-5.707,-0.739,-8.433,-5.738,-1.419,-8.138,-10.01,-141.61,3.92
17868.0,-5.894,-1.618,-8.045,-6.229,-0.414,-7.858,-17.92,-167.3,12.11
,-6.052,-1.426,-7.964,-6.454,-0.129,-7.789,-11.06,-171.57,13.37
,-6.123,-1.017,-7.978,-6.782,0.112,-7.385,-6.58,-176.47,13.93
,-6.083,-0.663,-7.928,-7.057,0.452,-7.303,-4.62,-180.11,14.21
17944.0,-7.258,0.689,-7.061,-8.028,0.474,-6.267,-10.15,-193.76,7.14
,-7.416,0.701,-6.939,-8.035,0.369,-6.011,-13.72,-195.79,4.13
,-7.609,0.692,-6.782,-8.325,0.127,-5.841,-18.34,-198.17,0.49
,-7.798,0.682,-6.58,-8.483,-0.242,-5.363,-22.33,-200.2,-3.99
18020.0,-8.665,-0.278,-5.106,-9.734,-0.39,-2.893,-37.24,-203.0,-24.64
,-8.782,-0.395,-4.822,-9.529,-0.431,-2.178,-35.42,-200.34,-25.76
,-9.323,-0.534,-4.343,-9.301,-0.656,-1.318,-32.9,-197.19,-25.9
,-9.734,-0.574,-3.539,-9.325,-0.512,-0.811,-30.73,-193.69,-25.55
18096.0,-9.541,-0.268,-0.924,-8.521,-1.28,0.835,-13.09,-151.55,-26.04
,-9.476,-0.117,-1.055,-8.157,-1.165,1.211,-8.61,-140.77,-25.9
,-8.952,-0.148,-1.003,-7.736,-0.696,1.517,-6.58,-128.59,-25.06
,-8.459,-0.519,0.203,-7.906,-0.392,1.603,-2.8,-114.73,-22.68
18172.0,-8.157,-0.074,1.589,-8.098,-0.235,0.584,18.34,-32.62,-4.41
,-8.21,0.055,1.517,-8.296,-0.069,0.007,17.08,-15.26,-1.33
,-8.124,0.089,1.304,-8.332,0.242,-0.352,13.3,1.61,0.91
,-8.033,-0.144,1.065,-8.402,0.632,-0.96,9.45,17.43,3.22
18247.0,-8.476,1.158,-1.321,-19.031,-5.657,7.124,-10.85,76.3,10.08
,-8.715,1.467,-1.948,-16.083,-2.86,0.562,-20.65,83.16,9.66
,-9.718,1.029,-2.565,-10.103,2.639,0.84,-31.99,85.89,8.54
,-14.925,-2.781,-1.232,-9.16,2.371,0.711,-39.83,69.58,9.38
18323.0,-9.323,-2.032,1.34,-10.993,-0.4,2.843,-55.93,23.66,-3.71
,-9.854,-4.013,2.242,-12.319,2.819,0.943,-50.47,36.96,4.34
,-8.564,-3.02,2.907,-11.225,5.257,-0.873,-28.91,50.54,10.99
,-8.722,-2.022,3.295,-9.531,4.262,-2.07,-7.42,62.09,19.81
18398.0,-8.533,2.316,-2.522,-9.557,0.175,-3.149,-49.07,76.37,9.8
,-8.748,1.663,-2.539,-9.495,-1.694,-2.962,-55.93,71.89,10.78
,-9.184,2.347,-2.453,-9.361,-2.151,-2.699,-53.06,65.94,10.99
,-9.39,2.084,-2.888,-9.514,-1.247,-2.769,-54.6,61.53,10.08
18474.0,-9.768,-0.555,-2.912,-9.641,0.692,-2.828,4.55,51.52,17.57
,-9.629,-0.464,-2.95,-9.713,1.84,-2.737,8.4,51.03,17.29
,-9.474,-0.39,-2.936,-9.524,2.316,-2.903,9.45,51.1,16.87
,-9.43,-0.148,-2.883,-9.366,1.778,-2.994,8.26,50.33,15.19
18550.0,-9.277,0.725,-3.015,-9.698,0.321,-2.848,-64.47,40.53,1.96
,-9.354,-0.378,-2.96,-9.701,1.012,-2.821,-66.85,38.57,2.24
,-9.407,-0.823,-3.034,-9.598,1.115,-2.551,-56.28,36.54,3.22
,-9.55,-0.529,-2.888,-9.512,0.723,-2.391,-39.48,34.72,5.11
18626.0,-9.598,0.38,-2.345,-9.634,1.072,-2.785,-18.83,29.12,11.13
,-9.639,0.318,-2.498,-9.596,0.943,-2.819,-18.2,28.63,10.29
,-9.497,0.613,-2.527,-9.533,0.579,-2.816,-15.89,28.35,10.08
,-9.545,0.931,-2.611,-9.493,0.56,-2.883,-12.32,28.07,10.43
18701.0,-9.445,0.503,-3.051,-9.641,1.445,-3.355,15.61,25.48,13.65
,-9.445,0.747,-3.075,-9.596,1.46,-3.64,20.23,24.99,13.86
,-9.557,1.106,-3.209,-9.548,1.108,-3.754,22.19,24.15,13.51
,-9.524,1.216,-3.264,-9.497,1.027,-3.716,21.28,23.17,12.6
18777.0,-9.529,0.864,-3.707,-9.201,1.261,-3.063,14.07,14.42,7.49
,-9.694,1.065,-3.573,-9.311,0.739,-2.754,13.79,12.32,6.23
,-9.734,1.778,-3.494,-9.572,0.464,-2.51,10.92,9.38,4.2
,-9.375,2.039,-3.455,-9.643,0.845,-2.355,5.11,7.7,3.29
18852.0,-9.737,1.376,-2.383,-9.411,0.639,-2.752,6.16,7.84,2.38
,-9.502,1.517,-2.467,-9.517,0.83,-2.888,4.62,8.26,2.31
,-9.497,1.17,-2.596,-9.485,0.828,-3.039,3.78,8.75,2.45
,-9.304,0.916,-2.611,-9.368,0.778,-3.132,4.97,9.1,2.52
18928.0,-9.459,0.792,-3.087,-9.342,-0.254,-2.682,14.49,9.31,2.17
,-9.351,1.036,-3.113,-9.328,-0.376,-2.402,15.68,8.82,2.03
,-9.21,0.665,-3.075,-9.33,-0.33,-2.075,15.61,9.1,2.31
,-9.215,0.261,-2.895,-9.497,0.342,-1.905,16.94,9.73,3.01
19004.0,-9.663,1.266,-1.948,-9.505,0.943,-2.974,38.22,15.47,7.07
,-9.605,1.661,-2.103,-9.368,0.926,-3.463,34.79,16.24,6.65
,-9.481,1.529,-2.362,-9.22,0.861,-3.711,30.1,17.08,6.09
,-9.428,1.146,-2.702,-9.17,0.665,-4.006,26.88,17.64,5.39
19080.0,-9.043,0.23,-4.097,-9.282,0.546,-3.4,32.48,17.71,3.78
,-9.139,0.079,-4.094,-9.268,0.715,-3.204,37.31,17.71,4.48
,-9.232,0.065,-3.896,-9.34,0.692,-2.965,43.89,18.2,5.04
,-9.349,0.024,-3.613,-9.505,0.593,-2.845,49.91,19.18,5.67
19156.0,-9.588,0.912,-2.867,-9.162,1.567,-3.36,67.9,24.08,6.86
,-9.395,1.35,-3.171,-9.225,1.06,-3.386,70.0,24.85,6.44
,-9.466,1.091,-3.159,-9.294,0.66,-3.498,69.37,25.62,5.88
,-9.308,1.563,-3.238,-9.371,0.675,-3.671,68.74,25.34,4.76
19231.0,-9.361,0.981,-3.752,-9.679,1.517,-4.212,70.91,26.6,2.73
,-9.45,1.419,-3.857,-9.569,0.811,-4.396,72.8,26.6,2.24
,-9.67,1.747,-3.879,-9.564,-0.091,-4.472,73.64,26.74,1.61
,-9.782,1.864,-4.039,-9.598,-0.507,-4.525,73.08,26.53,0.98
19307.0,-9.426,-0.651,-4.604,-9.935,-2.252,-7.128,80.43,21.28,2.38
,-9.481,-0.912,-4.618,-8.098,-1.429,-5.14,82.88,20.58,3.71
,-9.428,-1.151,-4.681,-9.593,2.615,-4.049,83.16,19.53,3.92
,-9.198,-1.35,-4.621,-9.342,3.434,-3.735,83.02,19.04,4.48
19383.0,-8.763,-0.713,-4.039,-8.497,-0.067,-5.453,114.59,19.11,37.17
,-9.261,-0.196,-4.544,-8.586,-0.328,-5.542,125.44,18.48,31.5
,-8.918,0.373,-4.779,-8.483,-1.376,-5.688,129.5,17.29,35.7
,-8.55,0.05,-5.121,-8.509,-1.957,-5.695,125.58,15.96,39.41
19459.0,-8.461,-1.515,-5.702,-8.796,-0.416,-5.264,112.07,7.84,34.02
,-8.507,-1.034,-5.726,-8.612,-0.634,-4.649,114.73,5.81,33.88
,-8.703,-0.718,-5.674,-8.583,-0.708,-4.697,114.8,3.43,33.95
,-8.916,-0.433,-5.523,-8.512,-0.538,-4.642,112.91,1.54,34.23
19534.0,-8.48,-0.278,-4.563,-8.452,-0.299,-4.712,116.83,-2.8,41.79
,-8.581,-0.148,-4.669,-8.595,-0.452,-4.882,117.95,-3.71,43.19
,-8.48,-0.132,-4.599,-8.619,-0.615,-4.838,118.37,-4.76,44.24
,-8.49,-0.211,-4.635,-8.658,-0.883,-4.757,118.65,-5.67,45.5
19610.0,-8.653,-1.103,-4.669,-8.547,-1.039,-4.451,123.13,-11.2,51.1
,-8.516,-1.342,-4.57,-8.751,-0.883,-4.353,125.58,-12.04,52.36
,-8.378,-1.342,-4.499,-8.93,-0.696,-4.137,129.15,-12.95,53.41
,-8.457,-1.228,-4.458,-9.112,-0.39,-4.145,132.37,-13.72,53.9
19686.0,-9.246,-0.378,-4.073,-9.206,-0.986,-3.656,130.2,-18.76,50.96
,-9.287,-0.558,-3.917,-9.088,-1.096,-3.594,125.72,-19.6,49.84
,-9.349,-0.735,-3.833,-9.024,-1.254,-3.379,121.59,-20.58,48.58
,-9.332,-0.883,-3.728,-9.072,-1.314,-3.223,119.21,-21.07,47.74
19762.0,-9.287,-1.106,-3.321,-9.354,-0.768,-2.938,133.63,-21.0,51.59
,-9.502,-0.768,-3.343,-9.392,-1.086,-2.601,137.06,-21.63,51.66
,-9.457,-0.572,-3.312,-9.495,-1.146,-2.223,137.34,-22.4,51.73
,-9.387,-0.529,-3.173,-9.529,-0.809,-2.352,136.22,-22.19,52.57
19837.0,-9.421,-0.383,-2.335,-9.402,-0.397,-2.819,152.25,-17.22,58.87
,-9.306,0.012,-2.395,-9.234,-0.993,-2.874,150.36,-16.38,58.24
,-9.347,0.246,-2.599,-9.083,-1.452,-2.9,145.88,-16.24,57.05
,-9.385,0.079,-2.694,-9.031,-1.622,-3.01,141.96,-14.7,56.7
19913.0,-9.129,-1.606,-3.089,-8.983,-0.591,-2.709,171.64,-5.53,63.84
,-9.1,-1.223,-3.068,-9.005,-0.211,-2.723,181.16,-5.18,64.75
,-8.947,-0.995,-3.017,-9.17,0.201,-2.848,188.09,-4.27,65.52
,-8.981,-0.818,-2.891,-9.27,0.608,-2.886,193.69,-2.17,66.08
19988.0,-9.359,0.826,-3.053,-9.052,0.637,-2.824,184.8,3.36,66.78
,-9.359,0.687,-3.142,-9.098,0.821,-2.862,177.59,4.13,67.13
,-9.354,0.586,-3.037,-9.22,0.936,-2.821,171.43,4.41,67.06
,-9.308,0.476,-2.86,-9.282,1.204,-2.776,166.18,4.34,66.78
20064.0,-9.366,1.393,-2.797,-9.481,1.833,-2.41,144.2,4.13,58.87
,-9.505,1.555,-2.649,-9.579,1.955,-2.364,140.42,4.34,58.24
,-9.672,1.546,-2.486,-9.66,1.907,-2.252,137.06,4.41,57.89
,-9.586,1.656,-2.381,-9.631,2.091,-2.13,132.93,4.34,57.26
20140.0,-9.574,2.273,-2.015,-9.732,1.744,-1.855,105.21,0.07,49.28
,-9.634,2.417,-1.996,-9.665,1.589,-1.728,97.58,-1.47,46.97
,-9.689,2.335,-1.922,-9.478,1.529,-1.783,87.85,-3.15,44.17
,-9.694,2.113,-1.864,-9.299,1.335,-1.642,79.03,-4.62,41.65
20216.0,-9.246,0.766,-1.579,-8.949,0.833,-2.134,52.36,-6.02,29.82
,-9.256,0.505,-1.876,-8.928,0.972,-2.477,49.63,-4.06,27.16
,-9.04,0.706,-1.955,-9.064,0.967,-2.434,48.86,-1.4,24.78
,-8.99,0.751,-2.008,-9.32,0.816,-2.529,47.53,1.54,22.19
20292.0,-9.746,0.737,-2.541,-10.859,1.869,-1.601,14.49,12.04,3.5
,-10.129,0.885,-2.28,-10.632,1.601,-1.22,8.75,12.04,0.56
,-10.433,1.249,-1.792,-10.208,0.943,-1.295,2.17,12.04,-2.38
,-10.656,1.675,-1.661,-9.801,0.541,-1.613,-7.42,12.95,-4.9
20367.0,-9.43,0.61,-1.802,-8.861,1.18,-3.826,-20.44,21.56,-2.66
,-9.282,0.924,-2.245,-8.871,0.471,-4.128,-16.03,22.12,-1.75
,-9.217,1.28,-2.881,-9.052,0.007,-4.322,-15.68,21.7,-1.96
,-9.045,1.407,-3.453,-9.354,-0.184,-4.372,-18.41,21.21,-2.31
20443.0,-9.608,-0.117,-4.429,-8.942,0.723,-3.546,-13.86,14.49,2.17
,-9.562,0.39,-4.317,-9.304,0.809,-3.252,-7.21,12.67,3.99
,-9.155,0.754,-4.156,-9.66,1.07,-3.159,-2.38,11.48,6.51
,-8.839,0.739,-3.924,-9.861,1.211,-3.022,0.21,10.57,9.17
20519.0,-9.541,1.675,-3.326,-9.088,0.845,-4.652,2.59,7.42,11.83
,-9.282,1.828,-3.798,-8.973,0.61,-4.75,0.98,7.14,11.41
,-9.344,1.601,-4.075,-8.756,0.213,-4.453,-0.35,6.51,10.5
,-9.186,1.192,-4.453,-8.839,0.495,-4.24,-0.07,5.95,9.73
20595.0,-9.119,1.048,-3.934,-9.206,0.397,-3.635,10.78,0.56,10.71
,-9.43,1.522,-3.721,-9.107,0.108,-3.676,8.96,-0.21,10.15
,-9.464,1.39,-3.542,-9.232,0.692,-3.819,5.32,-0.21,10.01
,-9.387,0.818,-3.486,-9.536,1.122,-3.575,4.69,0.14,10.57
20670.0,-9.572,1.665,-3.582,-9.332,1.933,-2.912,33.6,0.91,13.02
,-9.387,2.058,-3.441,-9.294,2.381,-2.869,31.43,1.12,12.11
,-9.215,1.931,-3.163,-9.246,2.826,-2.745,28.49,1.68,11.9
,-9.34,1.845,-3.02,-9.016,3.072,-2.802,27.51,2.24,11.55
20746.0,-9.115,2.886,-2.606,-9.483,1.555,-1.89,10.22,0.42,5.95
,-9.0,2.563,-2.333,-9.433,1.271,-1.845,4.48,0.91,5.18
,-9.32,2.034,-2.072,-9.442,1.4,-2.029,0.77,1.47,4.06
,-9.299,2.0,-1.974,-9.478,1.596,-2.285,-0.98,2.45,3.64
20821.0,-9.442,1.536,-2.855,-9.036,1.189,-4.283,-7.56,10.43,2.38
,-9.318,1.029,-3.321,-9.081,1.369,-4.384,-7.7,11.76,2.73
,-9.124,0.847,-3.719,-9.081,1.687,-4.496,-3.15,12.6,3.43
,-9.1,0.816,-4.104,-9.095,1.701,-4.41,3.64,12.6,4.13
20897.0,-9.002,1.893,-4.331,-9.162,1.61,-3.623,9.1,6.44,3.71
,-8.894,1.859,-4.13,-8.995,1.218,-3.46,8.96,5.53,3.92
,-9.093,1.986,-3.922,-9.174,1.031,-3.4,8.47,4.2,3.5
,-9.083,1.962,-3.752,-9.21,1.354,-3.374,7.63,3.64,3.22
20973.0,-9.191,1.376,-3.364,-9.292,1.338,-3.254,7.77,5.18,4.34
,-9.244,1.266,-3.331,-9.225,1.565,-3.276,7.07,5.88,4.55
,-9.263,1.175,-3.297,-9.1,1.505,-3.424,7.07,6.23,4.41
,-9.146,1.189,-3.281,-9.251,1.431,-3.384,8.19,7.14,4.41
21049.0,-9.028,1.701,-3.527,-9.165,1.295,-3.259,5.95,8.05,3.64
,-8.873,1.182,-3.501,-9.129,1.347,-3.195,4.83,8.47,3.85
,-8.82,1.039,-3.522,-9.124,1.362,-3.195,5.81,8.75,4.48
,-9.064,0.888,-3.379,-9.127,1.189,-3.216,9.03,9.38,5.11
21125.0,-9.129,1.187,-3.446,-8.971,1.804,-3.795,12.04,13.16,6.44
,-9.124,1.22,-3.573,-8.897,1.577,-3.719,13.09,13.58,6.72
,-9.086,1.531,-3.766,-8.976,1.089,-3.711,13.3,13.44,6.65
,-9.016,1.663,-3.841,-8.923,0.835,-3.649,11.9,13.72,6.23
21200.0,-9.04,0.952,-3.597,-9.024,1.144,-3.757,11.83,15.19,7.0
,-9.127,1.402,-3.743,-8.983,1.192,-3.52,13.79,15.61,7.07
,-9.115,1.519,-3.774,-9.021,1.594,-3.484,12.6,16.45,7.35
,-9.11,1.29,-3.678,-9.088,1.481,-3.364,11.34,17.15,7.63
21276.0,-9.095,1.627,-3.419,-8.942,1.496,-4.212,13.65,20.09,8.12
,-8.993,1.515,-3.695,-8.969,1.503,-4.137,12.88,20.72,8.26
,-8.868,1.754,-4.025,-9.177,1.56,-4.161,11.83,20.58,8.12
,-8.686,1.4,-4.214,-9.244,1.551,-4.274,11.34,21.0,8.12
21352.0,-9.191,1.491,-4.484,-9.842,2.082,-4.439,14.77,22.82,8.68
,-9.277,1.299,-4.484,-10.184,1.524,-4.771,15.68,23.17,8.89
,-9.363,1.402,-4.499,-9.933,0.629,-4.329,17.43,23.66,9.45
,-9.653,1.783,-4.456,-9.952,0.409,-4.31,19.25,24.5,9.8
21428.0,-9.988,0.467,-4.25,-9.457,1.347,-3.963,34.37,29.47,13.16
,-9.567,1.402,-4.307,-9.311,1.374,-3.951,35.14,30.45,13.58
,-9.622,1.117,-4.061,-9.177,1.462,-3.924,32.76,31.78,12.46
,-9.469,1.242,-3.975,-9.083,1.472,-3.967,31.36,33.39,11.55
21503.0,-8.916,1.402,-3.9,-8.423,0.981,-4.089,32.76,40.6,12.6
,-8.763,1.68,-3.994,-8.478,1.034,-4.075,34.23,42.0,13.16
,-8.839,1.692,-4.07,-8.557,1.022,-3.955,34.16,43.4,13.16
,-8.689,1.251,-4.159,-8.607,0.62,-3.886,33.67,44.8,13.3
21579.0,-8.71,0.316,-3.771,-8.969,-0.488,-3.412,34.16,53.76,16.1
,-8.739,0.05,-3.659,-9.179,-0.732,-3.386,35.7,55.65,17.43
,-8.823,0.019,-3.51,-9.407,-1.034,-3.376,37.24,58.45,19.18
,-8.89,-0.191,-3.489,-9.615,-1.397,-3.419,38.85,61.18,21.28
21654.0,-9.873,-1.766,-3.271,-9.665,-1.517,-4.233,60.06,79.24,40.67
,-9.933,-2.099,-3.235,-9.371,-1.103,-5.099,71.12,83.3,46.34
,-10.043,-2.036,-3.384,-9.148,-0.732,-5.808,85.19,86.8,51.31
,-9.962,-1.919,-3.668,-8.856,-0.402,-6.53,99.47,90.02,56.35
21730.0,-8.607,0.019,-6.789,-8.461,2.812,-8.437,141.89,93.1,71.89
,-8.638,0.778,-7.038,-8.605,2.024,-8.507,148.05,92.75,71.82
,-8.521,1.673,-7.645,-8.753,1.5,-8.509,146.09,93.17,68.88
,-8.471,2.627,-8.15,-8.224,1.216,-8.815,131.46,94.57,64.4
21806.0,-7.358,0.699,-9.313,-6.564,-1.125,-8.904,37.17,75.46,43.89
,-7.052,0.06,-9.646,-6.542,-0.421,-8.653,29.33,66.36,43.75
,-6.435,-0.56,-9.952,-6.351,0.483,-8.155,30.87,58.24,46.34
,-6.396,-1.28,-9.526,-6.255,1.192,-8.069,39.34,50.26,49.21
21882.0,-5.946,1.376,-7.999,-6.097,-1.184,-7.717,47.74,-27.23,44.73
,-6.059,1.017,-7.822,-5.932,-1.522,-7.655,35.49,-39.48,41.72
,-6.195,0.246,-7.626,-5.939,-1.646,-7.669,25.2,-51.45,40.39
,-6.183,-0.629,-7.669,-5.925,-1.742,-7.722,18.55,-64.61,40.11
21957.0,-5.556,-1.539,-7.854,-5.932,-1.347,-7.648,38.99,-128.8,43.61
,-5.224,-1.304,-7.916,-6.511,-1.165,-7.215,39.97,-139.86,44.03
,-5.351,-1.254,-7.887,-6.6,-0.778,-7.181,38.15,-150.15,44.03
,-5.523,-1.381,-7.94,-6.2,-0.622,-7.571,37.52,-159.11,44.17
22033.0,-6.257,-0.519,-7.334,-7.274,0.354,-7.217,36.89,-199.08,35.7
,-6.619,-0.467,-7.174,-7.097,0.522,-7.231,34.65,-204.61,31.22
,-6.923,-0.237,-7.167,-7.138,0.543,-6.935,31.99,-210.21,26.18
,-7.126,0.072,-7.16,-7.222,0.517,-6.712,27.86,-215.46,20.93
22108.0,-7.219,0.304,-6.569,-8.471,-0.132,-5.154,-10.22,-230.79,-4.13
,-7.396,0.127,-6.339,-8.557,-0.067,-4.616,-15.05,-232.68,-8.54
,-7.619,-0.156,-5.946,-8.811,-0.208,-3.592,-16.24,-233.1,-12.46
,-8.019,-0.302,-5.497,-8.856,-0.447,-2.276,-16.17,-232.19,-16.1
22184.0,-9.155,-0.481,-1.263,-9.184,0.34,0.079,-19.74,-204.75,-31.5
,-9.469,-0.34,-0.682,-8.961,-0.254,0.4,-14.63,-193.34,-34.72
,-9.658,0.306,-0.376,-8.679,-0.553,0.794,-12.18,-181.37,-36.61
,-9.277,0.555,-0.29,-8.394,-0.565,0.708,-14.91,-168.07,-36.26
22260.0,-8.11,-0.912,1.338,-8.191,-0.055,1.783,-23.17,-88.13,-25.69
,-8.217,-0.902,1.89,-8.26,0.031,1.558,-17.71,-70.42,-21.63
,-8.052,-0.455,1.953,-8.313,0.297,1.053,-15.54,-52.43,-18.34
,-8.028,-0.189,1.965,-8.392,0.524,0.529,-15.47,-33.6,-14.49
22336.0,-8.497,0.555,0.16,-8.66,0.627,-1.895,-35.84,46.69,3.64
,-8.495,0.33,-0.51,-9.713,0.196,-2.158,-42.0,58.87,7.07
,-8.418,0.335,-0.861,-14.484,-3.606,-0.459,-45.92,69.37,10.08
,-8.552,0.503,-1.508,-18.727,-8.007,7.253,-47.95,77.84,12.95
22412.0,-16.102,-5.389,1.522,-10.849,-3.965,-0.05,4.13,37.94,21.56
,-9.981,0.555,-0.012,-10.931,-1.857,0.558,12.18,38.64,1.12
,-8.492,1.668,-0.318,-11.299,-1.977,-2.572,-12.95,44.87,-0.42
,-9.191,-2.28,-0.498,-10.258,0.139,-3.589,-40.11,56.77,18.48
22487.0,-8.143,1.907,-4.164,-9.028,0.615,-4.523,37.03,89.04,36.19
,-6.837,3.338,-3.867,-9.174,0.246,-3.922,20.58,81.13,27.79
,-7.121,3.23,-4.501,-9.505,0.225,-3.972,-3.08,74.62,22.47
,-8.509,1.788,-4.922,-9.926,0.567,-3.843,-22.4,71.19,20.58
22563.0,-10.002,-0.263,-3.307,-9.43,1.39,-3.381,-6.93,54.6,22.96
,-9.899,-1.249,-2.848,-9.45,2.929,-4.123,-5.18,54.18,25.48
,-9.883,-1.464,-2.599,-9.6,3.764,-4.377,1.96,53.48,26.46
,-9.576,-0.302,-2.809,-9.335,3.302,-4.448,14.21,51.38,25.83
22639.0,-9.093,1.273,-3.843,-9.591,1.247,-2.223,-29.26,37.03,11.62
,-9.402,-0.526,-3.214,-9.753,1.718,-2.173,-28.49,35.42,11.34
,-9.514,-0.517,-2.967,-9.72,1.778,-2.247,-17.36,33.32,9.87
,-9.567,0.357,-2.525,-9.56,1.685,-2.474,-9.1,32.13,8.75
22715.0,-9.493,1.366,-2.718,-9.249,1.407,-3.659,-7.28,30.52,12.74
,-9.502,1.125,-3.245,-9.454,1.661,-3.498,-1.89,29.61,13.23
,-9.646,1.115,-3.463,-9.55,2.041,-3.513,4.2,28.14,13.16
,-9.464,1.242,-3.848,-9.483,2.024,-3.355,8.68,26.25,12.67
22790.0,-9.471,1.309,-3.285,-9.576,1.046,-3.142,-7.42,20.72,7.7
,-9.552,0.639,-3.297,-9.402,1.505,-3.209,-6.93,20.44,7.7
,-9.519,0.189,-3.173,-9.318,1.563,-3.151,-1.26,20.09,7.77
,-9.474,0.531,-3.132,-9.33,1.565,-3.269,5.53,19.53,7.91
22866.0,-9.39,1.512,-3.187,-9.229,1.764,-3.041,-0.49,17.29,4.76
,-9.483,1.421,-3.436,-9.189,2.328,-2.994,-3.22,16.1,3.78
,-9.234,1.316,-3.419,-9.22,2.647,-2.931,-5.6,15.12,3.5
,-9.091,1.393,-3.197,-9.318,2.003,-2.682,-6.93,14.7,3.78
22941.0,-9.493,0.579,-2.666,-9.387,0.318,-3.01,-30.45,12.95,2.45
,-9.653,-0.778,-2.721,-9.282,1.242,-2.941,-23.17,14.35,2.73
,-9.73,-1.074,-2.879,-9.328,1.208,-2.895,-8.82,15.54,3.43
,-9.521,-0.644,-3.044,-9.452,0.773,-2.778,3.85,16.59,4.55
23017.0,-9.495,0.586,-2.635,-9.079,1.441,-2.826,-8.12,19.39,3.15
,-9.521,0.933,-2.57,-9.194,0.993,-2.766,-3.36,19.53,3.5
,-9.316,1.381,-2.654,-9.332,0.203,-2.692,0.98,19.95,4.27
,-9.067,1.577,-2.749,-9.469,-0.132,-2.678,2.73,20.65,4.97
23093.0,-9.466,0.567,-2.747,-9.27,0.842,-3.556,13.65,25.48,5.46
,-9.28,1.187,-2.86,-9.139,0.646,-3.831,14.14,26.74,5.74
,-9.28,1.175,-2.996,-9.067,0.522,-3.905,10.15,27.58,5.11
,-9.282,1.098,-3.276,-9.055,0.701,-3.831,6.37,28.35,4.69
23169.0,-9.21,0.967,-3.9,-8.885,1.395,-3.592,12.6,30.24,5.81
,-9.117,1.261,-3.903,-8.928,1.536,-3.482,11.2,30.17,5.32
,-9.021,1.402,-3.817,-9.009,1.534,-3.427,8.75,30.31,5.18
,-8.902,1.362,-3.735,-9.11,1.314,-3.374,6.09,30.73,4.97
23244.0,-9.062,1.125,-3.486,-9.371,0.833,-4.384,3.01,33.46,3.92
,-9.098,1.017,-3.656,-9.538,0.797,-4.518,5.67,34.58,4.2
,-9.208,0.945,-3.848,-9.545,0.555,-4.429,8.26,35.7,4.13
,-9.261,0.897,-4.099,-9.653,0.61,-4.281,11.06,36.75,3.92
23320.0,-9.624,0.931,-4.197,-9.387,0.785,-4.204,28.77,41.02,4.62
,-9.684,1.223,-4.238,-9.268,0.677,-4.123,28.98,42.07,3.85
,-9.677,1.424,-4.223,-9.203,0.596,-4.14,27.65,42.56,3.08
,-9.423,1.175,-4.171,-9.27,0.945,-4.042,26.67,43.96,2.17
23396.0,-9.679,2.24,-3.91,-9.481,-1.33,-3.463,40.04,51.1,0.49
,-10.493,4.606,-4.429,-9.588,1.467,-3.723,37.8,51.38,-3.22
,-10.079,2.233,-4.463,-9.469,2.132,-3.9,20.58,53.55,-8.33
,-9.069,-1.608,-3.896,-9.44,1.433,-4.056,13.93,57.26,-7.42
23472.0,-9.596,0.869,-4.092,-9.282,0.029,-3.338,20.23,66.22,-11.06
,-9.66,0.11,-3.927,-9.268,0.129,-3.417,17.15,68.18,-12.18
,-9.49,-0.579,-3.64,-9.189,-0.077,-3.403,17.57,70.77,-12.18
,-9.33,-0.455,-3.439,-9.131,-0.388,-3.379,21.42,73.43,-11.06
23548.0,-9.134,-0.615,-3.218,-9.765,-0.897,-2.611,23.03,86.1,-4.27
,-9.203,-0.833,-2.977,-9.665,-1.043,-2.599,27.79,88.83,-1.54
,-9.313,-0.909,-2.776,-9.639,-1.072,-2.881,31.29,91.56,1.33
,-9.517,-0.821,-2.682,-9.679,-0.804,-3.276,33.04,94.71,4.76
23623.0,-9.545,-0.232,-3.97,-9.402,1.139,-7.444,47.53,108.43,22.96
,-9.222,0.304,-5.03,-9.588,1.326,-7.868,48.79,110.95,24.99
,-9.253,1.0,-5.958,-9.174,2.008,-8.229,47.39,113.33,26.53
,-9.39,1.218,-6.868,-8.528,2.838,-8.39,44.59,115.15,28.07
23699.0,-7.775,3.577,-9.095,-5.899,-0.447,-9.507,25.62,92.05,21.84
,-6.726,3.264,-9.765,-5.915,-0.847,-9.11,14.98,84.56,19.25
,-6.303,2.029,-10.062,-5.774,-0.507,-9.306,4.69,78.26,16.03
,-5.769,0.73,-9.849,-5.451,-0.124,-9.21,0.91,69.93,14.0
23774.0,-5.281,-0.019,-8.904,-5.487,0.455,-8.641,31.29,-0.77,14.7
,-5.547,0.022,-8.325,-4.927,-0.019,-8.823,31.36,-15.19,12.32
,-5.875,0.273,-8.354,-4.831,-0.577,-8.61,27.58,-33.18,9.03
,-5.43,0.467,-8.538,-5.001,-1.015,-8.571,23.8,-49.63,7.28
23850.0,-5.461,-1.043,-8.313,-5.468,0.06,-9.014,6.37,-108.43,5.04
,-5.8,-0.754,-8.241,-5.683,-0.182,-8.818,5.81,-120.26,3.71
,-5.832,-0.287,-8.402,-6.049,-0.464,-8.677,2.38,-131.46,2.8
,-5.621,0.124,-8.722,-6.155,-0.737,-8.626,-5.11,-140.91,3.01
23926.0,-6.178,-1.153,-8.433,-6.664,-1.141,-7.676,-28.42,-173.81,4.62
,-6.234,-1.541,-8.105,-6.949,-0.541,-7.55,-25.41,-177.38,5.04
,-6.42,-1.622,-8.069,-7.085,0.146,-7.485,-19.88,-181.23,5.25
,-6.435,-1.462,-7.909,-7.097,0.491,-7.463,-13.16,-184.1,5.53
24002.0,-7.107,0.558,-7.404,-7.059,-0.16,-6.609,-15.33,-191.38,7.42
,-7.16,0.388,-7.265,-7.109,-0.203,-6.214,-21.07,-192.85,6.3
,-7.05,0.165,-7.061,-7.167,-0.093,-6.193,-24.57,-194.32,4.13
,-6.997,0.014,-6.791,-7.475,-0.026,-5.915,-25.48,-196.0,1.61
24077.0,-7.942,0.218,-5.602,-8.911,0.201,-3.709,-18.2,-198.94,-12.32
,-8.378,0.44,-5.346,-9.232,0.227,-3.288,-17.15,-198.24,-13.37
,-8.495,0.323,-4.736,-9.512,0.215,-3.001,-16.45,-195.65,-13.65
,-8.753,0.282,-4.116,-9.734,-0.275,-2.264,-15.89,-192.36,-14.91
24153.0,-9.469,-0.531,-1.029,-9.012,-0.077,-0.503,-20.58,-162.68,-19.74
,-9.04,-0.103,-0.909,-8.885,-0.098,0.361,-24.43,-153.09,-23.1
,-8.847,0.129,-0.768,-8.804,-0.383,0.4,-29.54,-140.84,-25.06
,-8.89,0.043,-0.761,-8.564,-0.704,0.672,-34.3,-127.12,-23.52
24228.0,-8.413,-1.098,1.034,-8.224,-0.479,0.593,-43.26,-54.74,-13.58
,-8.337,-1.28,1.103,-8.026,-0.024,0.304,-38.78,-38.5,-9.24
,-8.181,-1.216,1.017,-8.016,0.299,0.034,-33.67,-22.33,-5.18
,-8.282,-0.964,0.95,-7.906,0.44,-0.558,-29.96,-7.42,-1.96
24304.0,-7.882,0.436,-1.113,-17.99,-6.595,5.41,-46.2,61.39,11.9
,-7.889,0.471,-1.539,-18.246,-6.638,3.75,-46.41,72.03,14.07
,-8.5,0.486,-2.024,-11.479,-1.869,0.72,-46.69,80.01,15.05
,-11.481,-1.134,-2.158,-8.059,1.551,-0.089,-50.19,79.66,15.47
24380.0,-8.325,-1.771,-0.747,-11.869,0.464,-1.414,-24.22,48.86,7.56
,-11.024,-5.379,0.359,-10.742,3.195,-5.097,-19.95,59.92,20.23
,-10.569,-6.061,3.422,-7.289,3.75,-3.955,13.58,75.18,35.14
,-12.252,-4.286,1.445,-5.942,2.649,-3.008,55.58,91.77,56.7
24456.0,-6.698,2.405,-2.702,-9.206,1.742,-3.999,17.78,84.56,24.64
,-8.847,2.264,-3.503,-9.596,0.773,-3.542,1.96,76.58,16.03
,-9.43,2.156,-4.384,-9.943,0.112,-3.065,-11.34,72.45,13.3
,-9.074,2.23,-4.515,-9.789,-0.11,-2.874,-18.62,69.72,14.0
24532.0,-9.488,-0.378,-2.994,-9.737,3.206,-3.798,-10.01,56.14,15.19
,-9.292,0.05,-2.883,-9.524,3.599,-4.238,-0.07,55.58,13.93
,-9.552,0.928,-3.185,-9.134,2.728,-4.343,7.56,54.11,13.37
,-9.835,1.993,-3.446,-8.964,1.438,-4.46,7.28,50.26,11.48
24607.0,-9.15,0.608,-4.594,-9.892,0.349,-3.281,-40.74,36.19,1.82
,-9.301,-0.117,-4.365,-9.799,1.168,-3.352,-34.72,33.53,1.54
,-9.292,-0.424,-3.594,-9.328,1.417,-3.13,-26.88,30.94,2.94
,-9.452,-0.22,-3.35,-9.227,0.919,-2.692,-17.99,29.19,5.39
24683.0,-9.737,0.704,-2.469,-9.328,0.876,-3.486,-9.94,25.55,9.87
,-9.852,1.031,-2.67,-9.347,0.522,-3.276,-6.72,24.36,9.45
,-9.521,1.318,-3.039,-9.672,0.639,-3.173,-3.08,24.15,9.66
,-9.402,1.275,-3.429,-9.612,1.553,-3.137,0.42,24.08,9.94
24759.0,-9.531,1.981,-3.063,-9.124,0.799,-2.97,14.49,23.1,10.57
,-9.603,2.048,-3.075,-9.423,1.101,-2.96,10.71,22.82,9.87
,-9.447,1.752,-3.202,-9.462,1.577,-3.297,6.16,22.12,8.54
,-9.117,1.106,-3.02,-9.387,1.316,-3.565,3.36,21.98,8.12
24835.0,-9.349,0.699,-3.711,-9.139,1.074,-4.051,-3.78,19.25,4.41
,-9.225,0.727,-3.929,-9.22,1.043,-3.941,-1.82,18.69,3.36
,-9.17,0.919,-4.061,-9.301,0.895,-3.628,0.56,17.85,2.8
,-9.11,0.998,-4.113,-9.531,1.05,-3.534,0.77,16.52,2.94
24910.0,-9.445,1.196,-3.455,-9.284,1.45,-3.252,3.5,12.95,3.43
,-9.189,1.055,-3.431,-9.284,1.433,-3.245,3.08,13.09,3.85
,-9.05,1.012,-3.281,-9.299,1.352,-3.324,3.08,13.3,4.27
,-9.263,1.247,-3.338,-9.182,1.33,-3.355,2.66,13.09,3.85
24986.0,-9.112,1.144,-3.453,-9.335,1.314,-3.446,-4.97,14.63,2.24
,-9.165,1.017,-3.431,-9.32,1.211,-3.525,-3.01,15.26,2.52
,-9.313,0.976,-3.441,-9.304,1.182,-3.587,0.35,15.12,2.45
,-9.368,1.173,-3.573,-9.174,1.113,-3.575,3.29,15.05,2.38
25061.0,-9.189,1.139,-3.498,-9.17,1.003,-3.125,5.39,15.47,1.89
,-9.22,1.271,-3.539,-9.062,0.79,-3.029,5.32,15.4,1.75
,-9.206,1.242,-3.381,-9.105,0.73,-3.072,3.92,15.26,1.82
,-9.158,1.082,-3.233,-9.177,0.682,-3.037,3.64,15.54,1.96
25137.0,-9.265,0.715,-3.001,-9.007,1.457,-2.733,5.67,19.25,2.31
,-9.215,0.785,-2.95,-8.806,1.412,-2.833,5.95,20.51,2.66
,-9.143,1.101,-2.793,-8.839,1.082,-2.8,5.39,21.56,2.38
,-9.119,1.412,-2.795,-8.971,0.945,-2.793,2.87,22.4,1.61
25213.0,-9.107,0.902,-2.704,-9.349,0.388,-3.242,-6.02,28.28,0.07
,-9.196,0.864,-2.742,-9.416,0.139,-3.515,-3.92,29.82,0.35
,-8.978,0.653,-2.747,-9.514,0.115,-3.79,-2.8,31.71,0.28
,-9.229,0.596,-2.807,-9.524,0.854,-3.996,-1.75,33.67,-0.14
25289.0,-9.318,1.426,-4.173,-9.093,1.326,-4.566,8.12,41.72,-1.33
,-9.246,1.802,-4.346,-9.098,1.194,-4.714,4.27,41.51,-2.31
,-9.009,1.661,-4.468,-9.423,1.295,-4.977,0.07,41.79,-2.59
,-9.007,1.385,-4.515,-9.502,0.517,-4.886,-0.42,42.49,-2.66
25364.0,-10.048,1.809,-4.98,-9.777,-1.905,-3.575,17.92,45.29,-1.61
,-10.983,4.058,-5.257,-10.021,1.05,-3.544,21.77,45.43,-2.87
,-10.672,2.261,-5.207,-9.909,2.096,-3.467,12.11,46.9,-6.58
,-9.658,-1.649,-4.475,-9.691,0.919,-3.422,9.1,50.05,-6.02
25440.0,-9.773,-0.084,-3.364,-9.38,-0.404,-3.065,15.96,60.69,-8.61
,-9.837,-0.151,-3.388,-9.277,0.043,-2.996,15.26,63.21,-9.38
,-9.828,-0.249,-3.34,-9.354,0.316,-3.008,16.45,66.36,-9.73
,-9.591,-0.459,-3.238,-9.387,0.211,-3.08,17.85,69.86,-9.31
25516.0,-9.392,-0.11,-3.025,-10.306,-1.259,-1.685,21.7,86.73,-5.81
,-9.481,-0.352,-2.716,-10.553,-1.632,-1.359,24.29,90.3,-3.36
,-9.789,-0.735,-2.343,-10.727,-1.938,-1.443,29.05,94.08,0.14
,-10.06,-0.969,-1.984,-10.826,-2.091,-1.9,35.21,98.0,4.83
25592.0,-10.622,-1.993,-2.271,-8.875,1.249,-6.37,66.43,119.21,37.31
,-10.242,-1.658,-2.883,-8.832,1.823,-7.368,77.07,122.08,42.0
,-9.634,-0.723,-4.044,-8.897,2.395,-8.416,87.5,122.99,44.17
,-9.182,0.302,-5.19,-9.06,2.807,-9.028,92.4,122.5,44.17
25668.0,-8.894,3.175,-9.45,-6.375,0.723,-10.318,46.13,106.96,30.24
,-8.571,3.417,-9.746,-5.796,0.148,-10.191,38.29,101.85,27.79
,-7.609,3.008,-10.189,-5.626,0.213,-10.349,33.81,97.09,25.9
,-6.985,2.044,-10.412,-5.315,0.244,-10.153,26.6,90.02,23.38
25743.0,-5.236,0.507,-9.988,-5.669,1.022,-9.194,14.35,23.66,13.23
,-5.427,0.766,-9.505,-5.164,0.534,-9.476,17.01,12.04,12.67
,-5.896,1.12,-9.184,-4.527,0.139,-9.277,15.19,-2.87,8.61
,-5.901,1.213,-9.229,-4.424,-0.323,-9.15,8.54,-19.32,5.11
25819.0,-3.881,-0.936,-9.062,-4.214,-1.271,-8.698,-15.05,-86.73,7.14
,-3.759,-1.345,-8.842,-3.915,-0.775,-8.818,-14.7,-97.86,7.84
,-4.209,-1.79,-8.478,-4.346,-0.68,-8.648,-10.57,-110.74,7.77
,-4.444,-1.792,-8.617,-4.896,-0.766,-8.557,-3.85,-125.16,7.0
25894.0,-5.374,-0.62,-8.457,-5.487,-0.969,-7.875,-13.65,-167.72,6.65
,-5.506,-0.397,-8.346,-5.595,-1.223,-8.043,-15.05,-174.09,8.33
,-5.671,-0.538,-7.959,-5.645,-1.263,-7.88,-18.06,-179.9,10.29
,-5.532,-0.773,-7.856,-5.863,-1.192,-7.602,-21.63,-185.57,11.55
25970.0,-6.021,-0.625,-7.533,-6.853,0.797,-7.023,-9.66,-207.13,9.94
,-6.078,0.081,-7.71,-7.27,0.821,-6.714,-7.98,-211.54,7.56
,-6.2,0.608,-7.861,-7.447,0.749,-6.552,-9.52,-215.39,5.18
,-6.31,0.852,-7.588,-7.614,0.591,-6.298,-9.94,-217.49,2.8
26046.0,-7.899,0.215,-5.906,-9.555,-0.723,-3.912,-27.51,-226.45,-14.91
,-8.291,-0.127,-5.492,-9.385,-0.543,-3.173,-29.33,-225.61,-17.36
,-8.708,-0.244,-5.061,-9.296,-0.577,-2.276,-28.91,-224.0,-19.81
,-9.174,-0.57,-4.506,-9.311,-0.766,-0.708,-29.05,-221.06,-21.7
26122.0,-9.751,-0.644,-0.359,-8.536,-0.311,0.648,-24.92,-178.5,-30.59
,-10.017,0.091,-0.395,-8.045,-1.235,1.213,-25.48,-166.11,-32.2
,-9.474,0.548,0.163,-7.897,-1.665,1.919,-31.64,-151.55,-32.62
,-8.983,0.361,0.392,-7.923,-1.591,2.23,-40.95,-135.03,-32.34
26197.0,-7.803,-1.29,2.441,-7.88,0.378,0.409,-28.28,-36.19,-13.86
,-7.65,-0.56,1.955,-7.858,0.598,-0.23,-25.13,-15.4,-9.17
,-7.483,-0.005,1.639,-7.921,0.866,-0.964,-27.86,5.6,-4.97
,-7.662,0.335,1.096,-7.846,1.117,-1.644,-32.83,25.41,-1.12
26273.0,-8.124,1.366,-2.101,-17.172,-6.329,1.721,-54.67,97.02,14.0
,-9.16,1.003,-2.618,-10.043,-0.345,-0.153,-59.22,102.27,15.4
,-13.745,-2.194,-1.168,-7.554,1.967,-0.447,-64.26,92.33,16.8
,-19.71,-7.483,8.995,-7.995,-2.103,-0.246,-39.9,60.69,25.62
26349.0,-11.194,-3.676,0.706,-9.105,0.651,-4.336,-42.42,64.61,27.16
,-11.51,-1.661,0.254,-7.16,1.804,-3.908,-18.76,75.81,36.89
,-11.297,0.203,-1.421,-6.793,2.589,-4.121,3.92,87.99,45.29
,-10.677,0.864,-3.575,-7.918,2.374,-4.245,14.84,97.3,45.43
26425.0,-9.112,1.656,-4.24,-10.385,0.256,-3.096,-12.39,74.48,16.17
,-9.153,1.082,-3.75,-9.82,0.72,-3.266,-17.64,71.96,16.66
,-9.282,0.656,-3.333,-9.019,0.701,-3.128,-18.27,68.81,16.17
,-10.213,0.103,-2.919,-8.674,0.608,-3.183,-17.71,64.96,14.77
26501.0,-9.32,0.799,-3.544,-9.536,1.084,-4.326,-20.3,54.81,12.04
,-9.344,1.512,-3.91,-9.438,0.057,-4.537,-20.16,52.36,9.17
,-9.378,2.158,-4.027,-9.287,-0.373,-4.494,-28.21,49.42,7.98
,-9.603,1.938,-4.166,-9.033,0.074,-4.152,-39.76,46.06,6.51
26576.0,-9.265,0.433,-3.924,-9.457,0.598,-3.242,-22.82,34.23,6.72
,-9.586,1.187,-3.824,-9.474,0.462,-3.209,-19.53,31.57,5.81
,-9.445,1.73,-3.757,-9.574,0.727,-3.139,-21.49,29.82,5.74
,-9.318,1.287,-3.479,-9.452,1.448,-3.137,-25.34,28.91,7.49
26652.0,-9.426,1.902,-3.254,-9.469,0.916,-4.247,-5.46,25.13,8.89
,-9.404,2.044,-3.319,-9.385,0.802,-4.429,-6.02,24.5,8.33
,-9.402,1.766,-3.611,-9.335,0.689,-4.369,-8.47,23.66,7.42
,-9.361,1.228,-3.881,-9.45,0.969,-4.255,-10.01,22.75,6.86
26727.0,-9.423,1.335,-4.054,-9.452,1.189,-3.285,2.45,15.89,4.97
,-9.378,1.555,-3.841,-9.409,1.242,-3.436,0.91,14.77,4.06
,-9.395,1.412,-3.561,-9.208,1.029,-3.518,-3.36,13.79,2.66
,-9.44,1.347,-3.345,-9.234,0.861,-3.489,-6.65,12.88,1.61
26803.0,-9.337,0.794,-3.403,-9.265,0.988,-3.345,-4.2,10.92,0.98
,-9.385,1.094,-3.391,-9.356,0.641,-3.206,-3.01,10.43,0.56
,-9.284,1.232,-3.441,-9.282,0.201,-2.941,-4.48,10.29,0.35
,-9.253,1.106,-3.297,-9.361,0.601,-2.967,-6.37,10.43,0.56
26879.0,-9.328,0.921,-2.989,-9.383,0.675,-3.008,3.08,13.02,2.1
,-9.335,0.969,-3.032,-9.323,0.754,-3.037,2.31,13.72,2.31
,-9.186,0.715,-3.111,-9.201,0.943,-3.022,0.91,14.49,2.38
,-9.301,0.577,-3.015,-9.229,1.012,-3.08,1.26,15.12,2.73
26955.0,-9.184,0.845,-2.986,-9.095,0.558,-2.876,-1.05,17.64,2.66
,-9.098,0.462,-2.876,-9.141,0.9,-2.821,-2.52,18.9,3.29
,-9.088,0.172,-2.812,-9.165,1.055,-2.962,-1.26,20.37,3.99
,-9.16,0.235,-2.85,-9.062,0.723,-2.891,1.26,21.28,4.76
27030.0,-9.055,0.503,-2.8,-9.368,1.268,-2.814,3.5,28.14,7.14
,-9.194,0.38,-2.675,-9.186,1.668,-3.113,8.12,29.75,7.98
,-9.179,0.775,-2.599,-9.117,1.687,-3.269,11.97,31.5,8.33
,-9.206,1.048,-2.699,-9.17,1.517,-3.544,12.67,33.11,8.19
27106.0,-9.119,1.426,-4.092,-9.634,1.369,-4.637,-0.77,38.01,4.06
,-9.1,1.098,-4.482,-9.507,1.397,-4.537,0.7,38.29,3.85
,-9.21,1.125,-4.738,-9.44,1.445,-4.336,4.55,38.43,3.85
,-9.474,1.232,-4.736,-9.524,1.419,-4.2,9.24,38.78,3.57
27182.0,-9.548,1.127,-4.128,-10.756,3.833,-3.427,15.82,43.19,1.12
,-9.519,0.751,-4.152,-10.794,3.778,-3.745,19.11,43.61,3.22
,-9.785,0.727,-3.671,-10.024,-0.371,-3.714,25.27,44.59,3.36
,-9.914,1.737,-3.704,-9.727,-1.809,-3.381,28.14,46.41,2.38
27258.0,-10.038,0.177,-3.264,-9.423,-0.967,-3.826,23.38,56.21,-2.1
,-10.122,1.517,-3.728,-9.598,-0.335,-3.862,26.39,58.24,-2.03
,-9.866,0.254,-3.944,-9.605,0.156,-3.896,18.97,61.18,-4.48
,-9.564,-1.015,-3.886,-9.545,0.524,-3.915,16.24,64.26,-5.04
27333.0,-9.488,0.579,-3.869,-9.521,0.038,-3.424,21.56,75.32,-4.2
,-9.512,0.11,-3.75,-9.495,0.017,-3.254,19.04,77.7,-3.15
,-9.627,-0.129,-3.644,-9.541,-0.534,-2.726,21.07,79.8,-1.75
,-9.593,0.0,-3.527,-9.6,-1.101,-2.192,24.36,82.04,0.0
27409.0,-9.708,-1.529,-1.886,-9.485,-1.409,-2.446,50.54,98.7,22.89
,-9.761,-1.723,-1.721,-9.131,-1.082,-3.116,60.9,102.83,29.82
,-9.801,-1.67,-1.735,-8.928,-0.522,-4.264,70.07,106.89,36.75
,-9.715,-1.536,-2.065,-8.619,0.397,-5.336,78.68,110.39,43.33
27484.0,-8.569,1.278,-6.48,-8.801,2.489,-9.268,105.14,107.87,50.12
,-8.744,2.075,-7.693,-8.514,2.3,-9.938,93.38,103.18,45.08
,-8.906,2.699,-8.327,-7.861,1.91,-10.345,74.9,97.58,39.76
,-8.77,2.577,-9.103,-6.822,0.962,-10.598,56.35,93.59,36.19
27560.0,-5.879,0.146,-10.486,-4.018,-1.048,-9.914,35.77,70.56,34.23
,-5.542,-0.62,-10.412,-4.527,-0.823,-9.6,33.67,60.62,32.83
,-4.989,-1.029,-10.29,-4.453,-0.452,-8.976,29.89,48.02,30.66
,-4.31,-1.024,-10.297,-4.965,0.321,-8.521,28.14,35.84,29.33
27636.0,-4.829,0.883,-8.483,-4.901,-0.043,-8.026,36.75,-26.25,25.55
,-4.518,1.034,-8.373,-5.004,-0.546,-8.002,26.25,-39.2,21.28
,-4.611,0.83,-8.418,-4.688,-0.902,-8.275,15.47,-51.66,17.43
,-4.561,0.483,-8.222,-4.637,-1.156,-8.48,5.74,-63.42,14.98
27712.0,-5.169,-1.357,-8.16,-6.111,-0.811,-8.179,-21.7,-113.61,7.49
,-5.719,-1.18,-8.308,-6.114,-1.027,-8.076,-22.33,-121.66,5.67
,-6.281,-1.086,-7.997,-6.329,-1.421,-8.107,-23.17,-129.43,5.04
,-6.379,-0.828,-8.177,-6.535,-1.718,-7.899,-26.53,-136.71,4.69
27788.0,-6.588,-1.747,-7.676,-6.748,-0.084,-7.545,-20.58,-162.05,9.73
,-6.662,-1.433,-7.538,-6.815,0.184,-7.521,-13.72,-165.9,10.92
,-6.614,-1.024,-7.499,-6.71,0.357,-7.65,-8.61,-168.84,11.48
,-6.688,-0.512,-7.533,-6.674,0.196,-7.329,-7.0,-171.22,11.9
27863.0,-6.868,0.079,-7.253,-7.413,-0.005,-6.935,-22.19,-183.82,10.22
,-7.066,-0.038,-7.081,-7.377,0.01,-6.6,-22.54,-186.97,8.75
,-7.193,0.007,-7.152,-7.693,-0.019,-6.078,-22.47,-190.89,6.51
,-7.231,0.038,-7.045,-7.827,0.141,-5.762,-22.12,-194.11,4.06
27939.0,-8.21,0.325,-5.439,-9.337,0.806,-3.252,-13.3,-201.46,-10.57
,-8.674,0.493,-5.004,-9.43,0.258,-2.63,-11.9,-199.99,-11.34
,-8.77,0.73,-4.614,-9.253,-0.335,-1.991,-11.97,-198.24,-13.09
,-9.083,0.952,-3.963,-9.469,-0.902,-1.33,-12.18,-195.23,-15.05
28015.0,-9.466,-1.029,-1.098,-8.411,-0.29,0.23,-13.37,-156.24,-16.45
,-9.282,-0.948,-0.818,-8.031,-0.294,0.967,-6.93,-144.83,-15.12
,-9.172,-0.866,-0.361,-8.071,-0.33,1.266,-1.82,-133.14,-14.49
,-9.11,-0.581,-0.323,-8.193,-0.225,1.558,-0.28,-120.82,-14.98
28091.0,-8.334,0.239,1.577,-8.251,-0.369,0.778,-0.56,-39.34,-3.71
,-8.282,0.629,1.462,-8.313,-0.349,0.39,-5.67,-23.03,-2.45
,-8.107,0.531,1.311,-8.437,0.091,-0.034,-12.95,-6.79,-1.19
,-8.16,0.091,1.141,-8.502,0.531,-0.617,-18.27,9.52,0.98
28166.0,-8.734,0.756,-0.936,-16.403,-4.336,1.519,-31.85,72.1,9.8
,-9.502,0.426,-1.536,-9.837,1.776,0.95,-39.27,77.77,10.57
,-13.769,-2.3,-1.419,-8.447,2.931,1.168,-45.43,69.09,11.13
,-18.265,-5.276,6.257,-9.497,-0.763,1.57,-22.4,41.65,20.3
28242.0,-10.644,-3.819,2.206,-10.837,0.603,0.5,-69.93,43.4,2.1
,-10.055,-3.654,2.393,-10.711,3.819,-0.876,-46.55,60.41,11.41
,-9.631,-2.97,2.477,-9.457,4.685,-2.345,-15.75,75.53,21.0
,-10.426,-1.426,1.984,-8.71,4.247,-3.467,10.43,84.14,27.86
28317.0,-8.05,3.819,-3.384,-9.856,-0.976,-3.099,-45.78,74.62,10.64
,-7.98,3.355,-3.34,-9.696,-1.591,-3.065,-54.88,67.06,8.61
,-8.72,2.163,-3.295,-9.519,-1.548,-2.941,-61.39,61.39,7.07
,-9.409,0.581,-3.154,-9.701,-1.522,-3.116,-61.74,58.31,8.89
28393.0,-9.825,-1.393,-2.946,-9.366,1.594,-2.735,0.07,53.13,17.29
,-9.718,-1.165,-2.948,-9.316,2.434,-2.838,6.58,52.71,17.36
,-9.505,-0.565,-2.828,-9.612,2.893,-3.029,11.69,52.22,17.22
,-9.514,0.304,-2.718,-9.407,2.553,-3.209,11.41,51.1,15.96
28469.0,-9.11,1.29,-3.285,-9.581,0.273,-3.273,-68.6,40.88,4.55
,-9.119,0.208,-3.369,-9.555,1.077,-3.046,-64.82,38.85,4.83
,-9.435,-0.385,-3.501,-9.787,1.771,-2.845,-47.74,37.1,6.23
,-9.775,-0.416,-3.494,-9.734,2.35,-2.685,-25.9,34.79,9.17
28545.0,-9.529,2.659,-2.716,-9.495,-0.225,-3.027,-17.71,25.83,7.91
,-9.435,2.324,-2.759,-9.686,0.081,-3.111,-31.29,25.55,6.93
,-9.354,1.208,-2.958,-9.608,0.785,-3.154,-38.36,25.34,6.72
,-9.32,0.199,-2.977,-9.581,1.369,-3.429,-34.51,25.13,7.42
28621.0,-9.548,1.594,-3.635,-9.536,0.957,-3.75,11.13,20.58,12.11
,-9.375,1.539,-3.757,-9.574,0.756,-3.668,7.77,19.18,11.34
,-9.306,1.407,-3.776,-9.404,0.555,-3.372,4.9,17.57,10.92
,-9.411,1.249,-3.819,-9.512,0.711,-3.096,3.29,15.89,10.08
28696.0,-9.567,1.156,-2.977,-9.421,1.17,-3.123,13.23,9.59,9.31
,-9.658,1.51,-2.943,-9.409,1.146,-3.168,12.11,8.47,8.47
,-9.411,1.697,-3.008,-9.418,1.027,-2.905,8.96,7.91,8.05
,-9.351,1.405,-3.092,-9.368,1.165,-2.766,6.16,7.7,8.12
28772.0,-9.447,1.452,-2.596,-9.395,0.995,-2.532,7.28,6.44,6.79
,-9.572,1.579,-2.587,-9.495,1.158,-2.441,6.16,6.44,6.16
,-9.438,1.555,-2.632,-9.545,1.299,-2.424,4.2,6.65,5.88
,-9.332,1.247,-2.623,-9.5,1.385,-2.493,2.45,6.79,5.74
28848.0,-9.43,1.196,-2.608,-9.227,0.66,-2.651,6.02,9.03,5.95
,-9.375,1.012,-2.651,-9.325,0.503,-2.611,6.72,9.52,6.02
,-9.438,1.015,-2.694,-9.43,0.613,-2.548,8.61,9.59,6.09
,-9.387,1.027,-2.764,-9.519,1.034,-2.625,10.08,10.01,6.23
28924.0,-9.418,1.374,-2.862,-9.32,0.735,-2.814,23.8,13.16,9.1
,-9.225,1.374,-2.814,-9.273,0.897,-2.694,23.66,13.86,9.38
,-9.122,1.156,-2.929,-9.246,1.132,-2.467,24.01,14.28,9.59
,-9.265,0.842,-2.86,-9.34,1.555,-2.587,25.83,14.7,10.15
28999.0,-9.328,1.563,-2.943,-9.088,0.385,-3.831,32.69,17.5,11.48
,-9.282,1.266,-3.283,-9.17,0.696,-3.726,30.24,17.71,11.48
,-9.129,0.814,-3.558,-9.328,1.177,-3.501,29.26,18.2,11.48
,-9.055,0.335,-3.743,-9.404,1.582,-3.352,31.64,18.62,12.04
29075.0,-9.131,1.409,-3.123,-9.921,1.127,-1.857,44.87,21.07,14.63
,-9.026,0.878,-2.783,-9.761,2.441,-2.082,46.41,22.68,15.54
,-9.1,0.706,-2.56,-9.593,2.534,-2.68,51.94,24.57,16.66
,-9.292,0.424,-2.13,-9.318,1.711,-3.293,58.73,26.74,17.57
29150.0,-8.918,0.842,-3.972,-9.136,1.263,-5.181,47.11,30.38,15.12
,-8.737,0.675,-4.422,-9.134,0.742,-5.128,55.02,30.66,15.89
,-8.894,1.062,-4.769,-9.198,0.282,-4.855,63.07,29.96,16.94
,-9.083,1.421,-5.039,-9.354,0.785,-4.57,67.69,29.19,17.22
29226.0,-9.292,1.732,-4.496,-9.395,2.582,-3.632,80.78,27.09,17.78
,-9.057,1.816,-4.355,-10.388,4.18,-3.556,78.05,27.51,17.29
,-9.067,1.637,-4.185,-9.304,2.123,-4.319,75.46,28.35,17.36
,-8.89,0.909,-5.453,-10.419,3.637,-4.563,71.61,28.84,18.06
29302.0,-10.167,2.687,-5.08,-8.538,-0.366,-6.076,94.92,29.12,25.97
,-9.081,0.909,-5.403,-8.39,0.524,-6.088,83.3,30.1,25.83
,-8.947,-0.646,-5.736,-8.342,1.161,-6.018,82.32,29.75,24.5
,-8.658,-0.964,-5.961,-8.069,1.247,-6.078,90.3,28.07,23.52
29378.0,-8.083,0.878,-6.023,-7.7,1.125,-5.76,84.49,21.7,19.39
,-7.832,0.572,-5.992,-7.688,1.488,-5.846,85.75,20.51,21.0
,-7.681,0.488,-5.879,-7.664,1.524,-5.918,91.21,19.39,23.24
,-7.581,0.711,-5.872,-7.724,1.326,-5.961,98.07,17.99,25.97
29453.0,-7.767,1.024,-5.925,-7.767,0.27,-5.891,106.54,13.44,35.21
,-7.722,0.744,-5.872,-7.691,0.196,-5.906,107.8,12.6,36.61
,-7.743,0.553,-5.865,-7.71,-0.086,-5.757,110.11,11.9,38.22
,-7.787,0.404,-5.954,-7.813,-0.141,-5.741,112.84,10.92,39.69
29529.0,-7.949,-0.22,-5.652,-8.205,-1.005,-5.59,121.17,6.93,44.52
,-8.145,-0.345,-5.669,-8.133,-1.06,-5.554,122.57,6.16,45.01
,-8.222,-0.55,-5.635,-8.145,-1.158,-5.544,123.06,5.53,45.57
,-8.244,-0.773,-5.602,-8.21,-1.184,-5.47,124.25,5.11,46.55
29604.0,-8.406,-1.031,-5.64,-8.454,-0.491,-5.542,138.11,2.73,51.73
,-8.533,-0.823,-5.642,-8.402,-0.395,-5.41,140.35,1.89,52.5
,-8.552,-0.644,-5.64,-8.418,-0.237,-5.434,141.47,1.05,52.92
,-8.48,-0.531,-5.516,-8.378,-0.249,-5.441,141.26,0.63,53.41
29680.0,-8.332,-0.361,-5.367,-8.256,-0.749,-5.197,134.61,-1.89,55.58
,-8.234,-0.486,-5.339,-8.327,-0.828,-5.138,133.28,-1.96,56.28
,-8.189,-0.634,-5.202,-8.311,-0.962,-5.068,133.84,-1.89,57.05
,-8.258,-0.706,-5.229,-8.409,-1.0,-5.075,134.82,-2.45,57.75
29756.0,-8.591,-1.007,-5.068,-8.753,-0.952,-4.886,139.86,-3.22,63.63
,-8.82,-0.926,-4.977,-8.622,-1.141,-4.695,141.96,-3.57,64.96
,-9.052,-0.83,-5.087,-8.531,-1.29,-4.688,142.94,-4.06,65.94
,-8.99,-0.821,-5.068,-8.641,-1.196,-4.767,141.75,-4.41,66.99
29832.0,-8.763,-1.132,-4.905,-8.244,-1.594,-4.501,144.9,-5.39,74.69
,-8.636,-1.177,-4.795,-8.236,-1.445,-4.532,145.25,-5.74,76.3
,-8.588,-1.362,-4.719,-8.356,-1.153,-4.666,145.81,-5.67,77.98
,-8.406,-1.503,-4.659,-8.524,-0.859,-4.618,147.0,-5.81,79.38
29908.0,-8.562,-0.55,-4.558,-8.492,-0.268,-4.104,156.73,-7.14,82.04
,-8.533,-0.507,-4.429,-8.634,-0.208,-4.087,154.77,-7.35,81.34
,-8.363,-0.534,-4.183,-8.701,-0.105,-4.056,151.83,-7.35,80.5
,-8.392,-0.328,-3.953,-8.76,-0.017,-4.075,149.73,-7.56,79.31
29983.0,-8.703,-0.036,-3.915,-9.028,-0.208,-3.829,118.23,-10.85,69.51
,-8.598,-0.026,-3.711,-9.191,-0.297,-3.948,111.23,-11.13,67.41
,-8.662,-0.079,-3.613,-9.208,-0.507,-3.733,104.86,-10.92,65.45
,-8.784,-0.165,-3.788,-9.184,-0.727,-3.585,99.61,-10.92,63.63
30059.0,-9.119,-0.945,-3.472,-9.318,-0.615,-3.477,91.35,-9.94,59.08
,-9.021,-1.007,-3.448,-9.356,-0.565,-3.501,93.66,-9.8,59.57
,-9.143,-0.847,-3.412,-9.342,-0.392,-3.573,96.39,-10.01,60.06
,-9.21,-0.742,-3.41,-9.33,-0.282,-3.551,98.98,-10.01,60.9
30135.0,-9.296,-0.273,-3.685,-8.88,-0.414,-3.496,113.47,-10.43,68.88
,-9.148,-0.122,-3.611,-8.856,-0.024,-3.601,117.53,-10.5,69.93
,-9.095,-0.45,-3.601,-8.904,0.29,-3.549,121.38,-10.22,71.12
,-8.993,-0.591,-3.518,-9.196,0.357,-3.424,126.49,-9.87,72.59
30211.0,-9.435,0.373,-3.257,-9.229,1.027,-2.644,138.67,-10.99,70.98
,-9.397,0.644,-3.139,-9.383,0.806,-2.74,135.73,-11.34,69.44
,-9.277,0.972,-2.941,-9.469,0.761,-2.74,130.41,-11.9,67.55
,-9.158,1.041,-2.706,-9.574,0.713,-2.637,123.48,-11.62,65.45
30286.0,-9.653,0.725,-2.623,-9.246,0.316,-2.711,88.55,-9.73,46.48
,-9.579,0.73,-2.644,-9.294,0.278,-2.802,80.08,-8.89,42.49
,-9.428,0.689,-2.673,-9.306,0.266,-2.974,70.14,-8.12,38.36
,-9.351,0.514,-2.69,-9.306,0.333,-3.008,60.41,-7.28,34.16
30362.0,-9.359,0.208,-3.226,-10.51,-0.057,-3.135,12.04,-0.84,8.26
,-9.459,0.062,-3.135,-10.5,0.141,-2.919,-0.07,0.7,2.66
,-9.77,-0.139,-3.269,-10.239,0.232,-2.809,-11.62,1.75,-1.82
,-10.258,-0.184,-3.376,-9.847,0.27,-2.405,-20.72,2.24,-4.62
30437.0,-9.584,0.199,-2.654,-8.906,0.503,-3.008,-26.25,5.46,-2.87
,-9.39,0.246,-2.74,-8.875,0.419,-2.984,-20.37,6.16,-0.77
,-9.186,0.44,-2.797,-8.983,0.297,-3.005,-12.67,6.86,1.96
,-9.024,0.562,-2.96,-9.182,0.098,-2.927,-6.58,6.93,4.48
30513.0,-9.416,-0.01,-3.154,-9.524,0.749,-3.25,5.81,8.54,8.68
,-9.495,-0.172,-3.051,-9.249,1.22,-3.467,5.81,8.89,8.68
,-9.564,-0.06,-2.852,-9.165,1.206,-3.384,5.46,9.31,8.82
,-9.617,0.122,-3.135,-9.292,0.955,-3.391,3.29,9.24,8.12
30589.0,-9.304,0.562,-3.403,-9.421,0.043,-3.005,-18.97,10.36,5.81
,-9.241,0.191,-3.185,-9.426,0.165,-3.106,-15.54,10.71,7.91
,-9.203,-0.179,-2.994,-9.229,0.433,-3.288,-8.61,11.27,10.22
,-9.201,-0.187,-2.84,-9.261,0.529,-3.439,0.14,11.97,12.18
30665.0,-9.239,0.792,-3.659,-9.091,1.113,-4.145,9.17,12.67,13.09
,-9.265,1.235,-3.838,-9.186,1.402,-4.262,7.07,12.25,12.25
,-9.253,1.345,-4.066,-9.107,1.709,-4.458,2.73,11.55,11.41
,-9.119,1.223,-4.154,-8.839,1.835,-4.463,-0.7,10.78,11.34
30740.0,-8.784,1.089,-4.48,-9.282,1.625,-3.836,-7.28,5.11,9.24
,-8.708,0.022,-4.123,-9.093,2.015,-3.893,-9.24,4.97,10.01
,-9.22,-0.433,-3.714,-9.031,1.972,-3.96,-4.2,4.48,10.71
,-9.713,0.4,-3.764,-8.985,1.381,-3.826,1.96,2.8,9.73
30816.0,-9.287,1.11,-3.941,-9.186,0.706,-3.707,-6.65,1.54,8.61
,-9.012,1.084,-4.058,-9.249,1.213,-3.558,-7.98,0.7,8.4
,-8.789,0.404,-3.948,-9.112,1.51,-3.429,-7.7,0.98,9.66
,-9.014,0.318,-3.853,-9.05,1.362,-3.25,-4.13,0.84,10.5
30892.0,-9.165,1.082,-2.998,-9.306,2.139,-2.972,-3.5,3.15,10.71
,-9.239,1.316,-2.864,-9.34,1.902,-3.084,0.7,3.99,11.06
,-9.32,1.563,-2.718,-9.241,1.433,-3.235,3.57,4.97,10.92
,-9.273,2.163,-2.8,-9.174,1.333,-3.362,3.01,5.53,10.29
30968.0,-9.143,1.376,-3.446,-9.014,1.259,-3.91,6.93,10.22,9.38
,-9.117,1.407,-3.587,-8.959,1.278,-4.066,9.45,10.57,9.03
,-9.112,1.383,-3.704,-9.007,1.144,-4.178,10.92,10.78,8.82
,-9.105,1.393,-3.786,-8.916,1.089,-4.188,11.41,11.06,8.47
31044.0,-9.052,1.048,-4.025,-8.978,1.61,-4.53,15.4,11.34,8.75
,-9.232,1.287,-4.073,-8.976,1.321,-4.575,18.83,11.2,9.17
,-9.076,1.627,-4.152,-9.028,1.261,-4.621,20.16,10.99,9.24
,-9.076,1.833,-4.286,-9.052,1.283,-4.681,19.04,10.78,9.03
31119.0,-8.959,1.041,-4.597,-9.024,2.194,-3.888,20.65,9.45,8.4
,-9.014,0.881,-4.389,-9.194,2.139,-3.678,23.66,9.59,8.96
,-9.131,1.027,-4.2,-9.076,1.515,-3.384,27.86,9.8,9.52
,-9.06,1.577,-3.994,-9.34,1.321,-2.991,30.17,9.66,9.45
31195.0,-8.923,2.218,-3.02,-8.952,1.019,-3.18,20.16,10.36,6.23
,-8.923,1.871,-3.013,-9.012,0.869,-3.281,17.01,11.55,6.09
,-8.746,1.438,-2.996,-9.072,0.637,-3.221,14.49,13.02,6.3
,-8.88,1.072,-3.111,-9.04,0.424,-3.285,15.19,14.21,6.65
31270.0,-9.131,0.548,-3.34,-9.237,0.749,-3.872,17.15,21.63,7.77
,-9.177,0.835,-3.525,-9.134,1.57,-4.128,17.08,23.03,7.91
,-9.083,0.981,-3.716,-9.165,1.981,-4.228,15.75,24.57,7.98
,-9.153,0.766,-3.848,-8.964,1.984,-4.381,15.82,26.39,8.4
31346.0,-9.146,1.651,-4.314,-9.091,1.168,-4.87,14.56,29.61,7.98
,-9.301,1.508,-4.453,-8.978,1.266,-4.91,14.35,30.1,7.42
,-9.373,1.091,-4.666,-9.021,1.05,-4.86,14.84,30.45,7.21
,-9.074,1.424,-4.865,-8.949,1.015,-4.843,16.24,30.52,7.21
31422.0,-9.005,1.005,-4.759,-10.086,2.546,-4.671,25.83,33.67,7.77
,-9.122,1.247,-4.795,-9.806,1.187,-4.575,29.19,34.51,8.12
,-9.387,1.838,-4.774,-9.457,0.227,-4.288,31.22,35.07,7.7
,-9.753,2.618,-4.666,-9.301,0.866,-4.149,30.66,35.77,6.09
31498.0,-9.349,1.426,-4.279,-8.904,0.675,-4.501,31.5,41.72,4.06
,-9.251,1.208,-4.329,-8.923,1.048,-4.398,29.26,43.47,2.8
,-9.026,0.715,-4.472,-8.952,1.194,-4.276,27.23,45.22,2.1
,-8.942,0.517,-4.475,-8.952,1.084,-4.13,27.79,46.48,2.03
31573.0,-8.76,0.809,-3.881,-9.007,-0.022,-3.192,26.46,54.39,1.05
,-8.701,0.591,-3.699,-8.966,-0.419,-3.044,26.53,56.7,1.96
,-8.849,0.498,-3.575,-9.016,-0.763,-2.907,27.72,59.08,3.15
,-8.995,0.278,-3.422,-8.954,-1.029,-2.874,28.98,61.6,4.69
31649.0,-8.928,-1.175,-2.716,-8.997,-0.603,-4.14,46.41,78.47,22.26
,-8.971,-1.184,-2.704,-9.107,-1.074,-4.429,54.88,82.32,27.09
,-9.253,-0.83,-3.278,-9.028,-1.184,-4.92,62.58,84.98,30.66
,-9.146,-0.677,-3.872,-9.045,-1.163,-5.52,65.66,88.13,33.81
31725.0,-8.928,-1.082,-6.044,-8.172,2.388,-8.074,88.55,92.75,49.49
,-8.667,-0.775,-6.365,-8.368,2.24,-8.646,96.53,92.82,50.61
,-8.636,0.266,-6.875,-8.413,1.869,-8.65,103.25,93.17,50.12
,-8.646,1.553,-7.755,-7.99,1.649,-8.861,102.13,93.66,49.07
31801.0,-7.356,1.479,-9.072,-6.248,-0.498,-9.363,66.64,92.89,44.24
,-7.073,1.034,-9.043,-5.922,-1.307,-9.172,57.19,86.52,41.09
,-6.755,0.548,-9.045,-5.652,-1.881,-8.938,44.59,77.91,39.06
,-6.444,0.175,-8.957,-5.494,-1.843,-8.813,33.39,67.55,38.78
31877.0,-5.97,-1.496,-8.583,-6.109,0.981,-8.215,50.33,24.08,46.9
,-6.243,-0.797,-8.11,-5.666,0.811,-8.622,57.47,10.99,44.66
,-6.329,0.098,-7.894,-5.439,0.196,-8.425,58.87,-3.01,41.72
,-6.219,0.68,-7.966,-5.016,-0.567,-8.476,50.33,-18.41,36.68
31952.0,-4.824,-1.129,-8.433,-5.829,-1.357,-8.162,-3.43,-79.31,29.61
,-5.116,-1.543,-8.15,-5.468,-1.194,-8.224,-2.31,-88.76,29.26
,-5.547,-1.78,-7.932,-5.607,-1.134,-8.088,1.61,-98.77,28.98
,-6.174,-1.747,-7.65,-5.65,-1.06,-8.074,5.46,-110.74,28.21
32028.0,-5.86,-0.888,-7.964,-6.296,-0.469,-7.674,8.68,-150.36,32.69
,-5.992,-0.727,-7.789,-6.176,-0.182,-7.602,10.43,-157.36,33.67
,-6.32,-0.625,-7.724,-6.116,0.124,-7.629,11.55,-164.92,34.23
,-6.281,-0.591,-7.827,-6.238,0.275,-7.514,13.86,-171.71,34.51
32103.0,-6.461,0.498,-7.605,-7.251,0.436,-6.81,4.13,-194.88,23.03
,-6.487,0.742,-7.846,-7.437,0.242,-6.734,-2.1,-199.15,20.02
,-6.691,0.749,-7.801,-7.55,0.127,-6.451,-5.25,-201.53,17.64
,-6.951,0.644,-7.248,-7.746,-0.06,-6.21,-6.02,-202.51,15.05
32179.0,-7.947,-0.163,-5.989,-9.019,0.201,-4.212,-14.77,-212.17,-2.24
,-8.002,-0.012,-5.575,-9.409,0.225,-3.74,-15.26,-212.66,-5.95
,-8.112,0.17,-5.051,-9.359,0.165,-3.216,-14.77,-210.49,-9.24
,-8.514,0.148,-4.628,-9.201,0.175,-2.611,-16.1,-207.27,-12.18
32255.0,-9.375,0.055,-2.156,-9.086,-0.402,-0.318,-29.82,-177.24,-21.49
,-9.49,-0.261,-1.63,-8.921,-0.567,0.177,-31.78,-167.93,-22.26
,-9.677,-0.436,-0.969,-8.629,-0.342,0.199,-32.34,-157.99,-22.82
,-9.493,-0.369,-0.68,-8.346,-0.189,0.407,-33.88,-147.28,-24.22
32331.0,-8.337,-0.285,0.955,-8.282,-0.06,1.388,-39.06,-74.69,-21.21
,-8.323,-0.409,1.275,-8.244,-0.067,1.086,-39.2,-57.89,-17.71
,-8.284,-0.455,1.452,-8.337,-0.081,0.72,-38.78,-40.95,-14.42
,-8.294,-0.22,1.529,-8.452,0.144,0.215,-38.85,-24.08,-11.06
32406.0,-8.469,0.328,-0.376,-9.911,-0.404,-1.823,-49.49,51.8,6.79
,-8.497,0.323,-0.823,-15.554,-4.424,0.503,-52.92,63.07,9.59
,-8.212,0.483,-1.251,-18.576,-6.188,4.779,-55.51,73.01,11.83
,-8.366,0.558,-1.665,-14.195,-3.151,1.302,-57.61,80.92,13.51
32482.0,-9.22,1.113,0.5,-9.713,-3.063,2.175,-5.32,37.24,-7.35
,-8.184,0.79,1.132,-10.491,-1.68,1.634,-37.17,44.17,-6.09
,-9.517,-3.142,1.158,-11.73,-0.328,-0.361,-52.71,54.39,9.38
,-10.103,-4.168,1.548,-10.749,1.041,-4.168,-40.95,66.22,19.11
32558.0,-7.971,2.623,-4.867,-9.686,0.972,-3.865,15.61,100.1,35.35
,-6.351,2.647,-4.032,-9.505,1.031,-4.214,6.16,93.45,31.08
,-6.865,2.173,-3.845,-8.978,1.101,-3.989,-2.03,84.77,24.36
,-8.756,1.196,-3.63,-9.351,0.61,-3.977,-11.27,78.54,16.38
32634.0,-9.746,0.134,-3.932,-9.423,2.453,-3.819,-4.48,63.14,19.88
,-9.797,0.168,-3.565,-9.663,3.726,-4.389,-4.55,60.97,19.39
,-9.445,0.309,-3.374,-9.363,3.991,-4.645,-3.99,59.15,18.34
,-9.239,0.967,-3.355,-9.16,3.144,-4.733,-1.82,57.19,14.98
32709.0,-9.222,1.263,-4.74,-9.414,0.163,-3.252,-62.44,41.58,2.59
,-9.397,-0.44,-4.592,-9.574,0.828,-3.065,-60.48,38.36,1.61
,-9.244,-1.089,-4.214,-9.615,1.218,-3.037,-47.95,35.35,1.75
,-9.217,-0.579,-3.716,-9.56,1.173,-3.309,-32.41,33.39,3.08
32785.0,-9.351,0.706,-3.312,-9.521,1.833,-4.185,-22.19,30.66,9.94
,-9.354,0.285,-3.384,-9.296,2.163,-4.46,-17.85,30.24,10.71
,-9.488,0.51,-3.62,-9.261,2.075,-4.24,-9.52,29.19,10.85
,-9.569,1.151,-3.838,-9.237,1.766,-4.324,-0.63,28.14,10.71
32860.0,-9.217,1.354,-4.19,-9.373,1.137,-3.738,-1.54,18.27,6.65
,-9.38,0.912,-4.166,-9.361,1.165,-3.503,-1.89,16.87,6.44
,-9.464,0.826,-4.147,-9.344,0.943,-3.283,-0.91,15.61,6.02
,-9.402,1.017,-3.955,-9.438,0.826,-3.022,-0.42,14.35,5.67
32936.0,-9.598,0.699,-3.168,-9.117,1.005,-3.738,-1.05,13.16,3.78
,-9.402,0.823,-3.178,-9.249,0.945,-3.743,3.36,13.58,4.13
,-9.294,0.926,-3.441,-9.407,0.998,-3.733,7.14,13.72,4.48
,-9.146,1.091,-3.558,-9.191,1.187,-3.544,9.38,13.44,4.76
33012.0,-9.16,1.015,-3.36,-9.225,1.445,-3.094,10.15,12.04,5.88
,-9.28,1.297,-3.285,-9.273,1.156,-2.871,9.24,11.48,5.18
,-9.273,1.527,-3.24,-9.323,0.969,-2.642,7.21,11.34,4.9
,-9.328,1.441,-3.233,-9.282,0.797,-2.412,4.13,11.55,4.41
33088.0,-9.366,0.701,-2.321,-9.33,0.591,-2.484,1.89,16.59,5.11
,-9.306,0.727,-2.28,-9.177,0.586,-2.596,3.36,18.13,5.46
,-9.282,0.572,-2.237,-9.136,0.672,-2.625,4.27,20.09,5.53
,-9.287,0.603,-2.304,-9.186,0.66,-2.742,6.02,21.98,6.09
33164.0,-9.153,0.675,-2.771,-9.107,1.328,-3.312,4.97,29.19,6.09
,-9.15,0.692,-2.714,-9.11,1.127,-3.419,4.48,30.66,6.23
,-9.198,1.031,-2.816,-9.239,0.967,-3.503,5.39,31.92,6.58
,-9.107,1.299,-3.061,-9.191,0.931,-3.546,4.97,32.83,6.44
33239.0,-9.232,1.094,-3.685,-9.287,1.053,-4.202,1.75,37.8,4.55
,-9.186,1.082,-3.927,-9.421,1.455,-4.24,2.59,38.57,4.69
,-9.105,0.792,-4.075,-9.526,1.543,-4.252,3.92,39.41,4.97
,-9.251,0.625,-4.147,-9.689,1.438,-4.283,7.0,40.18,5.53
33315.0,-9.655,1.206,-4.408,-9.677,1.034,-4.532,11.62,43.61,4.83
,-9.78,1.192,-4.573,-9.462,0.873,-4.503,14.63,44.8,4.97
,-9.775,1.034,-4.578,-9.557,0.998,-4.346,17.92,45.08,6.65
,-9.591,1.192,-4.537,-9.978,1.445,-4.319,22.05,46.27,7.07
33391.0,-10.625,4.111,-3.989,-9.763,-0.206,-2.852,38.78,52.5,1.89
,-11.28,3.805,-4.322,-9.909,1.395,-3.022,26.11,53.76,-3.57
,-9.998,-0.414,-4.011,-9.584,0.421,-3.147,13.02,57.12,-6.44
,-9.648,-2.352,-3.288,-9.325,-0.833,-3.092,22.54,60.13,-3.22
33467.0,-9.438,-0.443,-2.917,-9.392,-0.179,-2.938,25.62,73.71,-3.22
,-9.572,0.438,-2.91,-9.617,0.223,-2.998,26.04,76.79,-3.64
,-9.497,0.481,-2.91,-9.801,0.311,-3.161,22.47,80.01,-4.76
,-9.32,0.007,-2.948,-9.734,-0.05,-3.068,18.41,83.72,-4.41
33542.0,-9.588,-0.639,-2.603,-9.84,-1.096,-2.307,22.05,98.98,7.42
,-9.629,-1.153,-2.056,-9.708,-0.828,-2.864,30.38,102.9,13.02
,-9.746,-1.33,-1.9,-9.411,-0.438,-3.704,41.72,106.54,19.11
,-9.804,-1.321,-1.912,-9.103,-0.244,-4.606,53.55,109.2,24.71
33618.0,-8.559,-0.098,-5.614,-8.93,1.027,-8.591,71.61,118.58,40.18
,-8.569,0.371,-6.571,-8.801,1.591,-8.878,72.17,120.19,39.62
,-8.72,0.316,-7.318,-8.069,2.163,-9.124,72.24,121.1,40.53
,-8.964,0.668,-8.196,-7.863,2.759,-9.799,74.13,119.14,41.02
33693.0,-7.447,2.529,-9.385,-5.205,0.751,-10.756,74.41,84.63,33.67
,-7.416,2.278,-10.01,-4.731,0.005,-10.84,67.69,74.27,30.87
,-6.707,1.534,-10.156,-5.444,-0.57,-9.962,50.19,63.0,25.76
,-6.016,1.05,-10.194,-5.994,-0.72,-9.062,32.83,51.8,19.95
33769.0,-6.255,-0.261,-8.916,-5.128,0.826,-8.78,29.33,6.79,23.94
,-5.961,0.589,-8.923,-4.977,0.364,-8.715,25.27,-10.36,20.51
,-5.81,1.232,-8.918,-5.138,-0.16,-8.5,12.32,-26.32,18.13
,-5.446,1.206,-8.636,-5.006,-0.66,-8.612,-3.08,-41.23,16.45
33845.0,-4.496,-1.132,-8.536,-4.956,-1.697,-8.425,-30.94,-101.15,9.94
,-3.91,-1.383,-8.562,-5.363,-1.106,-8.334,-30.1,-108.57,8.26
,-4.142,-1.701,-8.313,-5.434,-0.629,-8.232,-27.44,-114.73,6.51
,-4.826,-1.89,-8.402,-5.233,-0.56,-8.497,-22.4,-124.32,4.2
33921.0,-5.004,-0.72,-8.387,-5.389,-0.826,-8.586,-23.03,-166.18,9.8
,-4.891,-0.957,-8.167,-5.444,-0.873,-8.516,-25.13,-172.83,11.34
,-4.953,-1.108,-7.961,-5.607,-0.849,-8.119,-23.59,-179.34,11.69
,-5.209,-0.993,-7.956,-5.726,-0.462,-7.93,-21.07,-186.55,10.71
33997.0,-5.824,0.079,-7.944,-6.545,0.311,-7.767,-9.66,-211.82,7.49
,-6.114,0.462,-8.043,-6.691,0.27,-7.629,-15.26,-216.65,6.16
,-6.262,0.593,-8.098,-6.932,0.244,-7.43,-22.82,-220.57,5.18
,-6.497,0.426,-7.911,-7.284,0.17,-7.243,-29.4,-224.42,3.71
34072.0,-7.696,0.342,-7.124,-8.906,0.29,-4.075,-36.33,-242.27,-17.85
,-8.009,0.754,-7.021,-8.851,-0.156,-2.333,-33.11,-242.83,-21.91
,-8.586,0.916,-6.2,-9.557,-0.459,-1.843,-32.13,-240.52,-25.55
,-9.368,0.842,-4.905,-10.258,0.0,-1.29,-37.31,-236.6,-30.1
34148.0,-10.134,0.534,-0.596,-8.095,-2.123,1.405,-57.61,-186.41,-46.62
,-9.452,0.249,0.196,-7.478,-1.907,2.245,-67.62,-167.09,-45.71
,-9.06,-0.972,0.601,-7.389,-1.651,2.67,-75.18,-145.32,-42.63
,-8.78,-1.91,0.885,-7.497,-1.196,2.618,-74.13,-122.5,-37.24
34224.0,-7.442,-0.593,2.245,-7.894,0.639,-1.12,-16.17,7.77,-1.26
,-7.502,0.086,1.575,-10.077,-0.639,-1.85,-16.45,32.55,4.34
,-7.468,0.663,0.907,-17.928,-6.152,2.491,-22.4,55.02,8.47
,-7.519,0.926,-0.06,-18.839,-5.855,2.967,-30.03,75.46,12.6
34300.0,-11.192,-0.704,1.285,-9.698,-4.369,0.436,24.64,55.16,17.5
,-8.449,1.792,0.72,-9.837,-1.101,-0.225,5.88,59.64,-0.63
,-8.808,-1.764,0.859,-10.156,0.57,-2.608,-23.17,68.25,7.0
,-10.909,-5.602,1.218,-9.885,2.252,-3.008,-22.89,79.87,23.03
34375.0,-8.002,3.266,-4.042,-8.696,3.168,-5.659,49.35,104.3,35.98
,-6.762,3.575,-4.453,-8.875,3.795,-4.901,26.18,98.28,26.53
,-7.212,2.819,-5.25,-9.631,3.36,-4.791,7.07,92.4,21.91
,-8.315,2.429,-5.762,-10.1,2.675,-4.329,-1.19,87.22,20.23
34451.0,-10.156,1.677,-4.259,-9.194,0.4,-4.197,-26.25,61.46,11.55
,-9.871,0.584,-4.247,-9.488,1.441,-4.355,-28.7,59.78,10.43
,-9.371,0.144,-4.063,-9.557,2.496,-4.286,-26.6,57.54,9.24
,-8.942,0.196,-4.128,-9.466,2.704,-4.176,-20.44,54.53,9.03
34526.0,-9.38,2.101,-4.204,-9.509,0.318,-2.934,-42.14,37.73,0.63
,-9.261,1.225,-3.888,-9.517,0.993,-3.037,-50.26,35.84,-0.21
,-9.383,0.309,-3.668,-9.828,1.414,-3.061,-50.54,33.95,0.49
,-9.529,-0.139,-3.403,-9.667,1.747,-3.214,-44.45,31.57,1.12
34602.0,-9.332,1.467,-3.202,-9.356,0.584,-3.654,-24.29,25.97,5.04
,-9.351,0.749,-3.252,-9.5,0.562,-3.721,-25.2,25.69,5.53
,-9.526,0.601,-3.441,-9.653,0.715,-3.721,-22.54,25.06,5.32
,-9.45,0.603,-3.668,-9.462,1.125,-3.764,-18.83,23.94,4.9
34678.0,-9.426,1.055,-3.819,-9.474,0.787,-3.716,-5.11,19.6,5.11
,-9.28,0.883,-3.857,-9.485,1.139,-3.671,-5.18,18.62,4.69
,-9.296,0.481,-3.79,-9.356,1.381,-3.47,-4.34,17.71,4.9
,-9.354,0.464,-3.699,-9.399,1.603,-3.273,-1.89,16.66,4.76
34754.0,-9.464,1.371,-3.111,-9.351,0.835,-3.008,-10.22,12.88,0.49
,-9.351,0.948,-2.967,-9.232,0.428,-2.871,-10.08,13.02,0.77
,-9.227,0.873,-2.886,-9.258,0.239,-2.788,-6.86,13.3,1.61
,-9.399,0.921,-2.972,-9.423,0.129,-2.625,-3.22,13.44,2.31
34829.0,-9.363,0.392,-2.635,-9.366,0.625,-2.675,7.98,17.71,6.02
,-9.435,0.584,-2.62,-9.395,0.634,-2.534,8.12,18.41,6.51
,-9.344,0.83,-2.773,-9.356,0.826,-2.424,6.58,19.11,7.07
,-9.287,0.732,-2.816,-9.284,0.931,-2.297,5.18,20.02,7.63
34905.0,-9.174,1.027,-2.28,-9.062,0.443,-2.228,8.47,26.04,8.47
,-9.143,1.122,-2.283,-9.234,0.677,-2.367,6.86,27.37,8.05
,-9.083,1.053,-2.24,-9.275,0.852,-2.745,4.83,28.98,7.84
,-9.119,0.565,-2.268,-9.232,0.804,-2.982,3.85,30.52,7.56
34980.0,-9.265,0.522,-3.206,-9.395,0.993,-3.494,6.72,38.43,8.47
,-9.225,0.852,-3.34,-9.469,1.247,-3.805,8.54,39.27,8.47
,-9.337,1.208,-3.309,-9.588,1.242,-4.075,8.12,40.25,7.63
,-9.363,1.106,-3.417,-9.61,0.737,-4.329,6.3,41.58,7.0
35056.0,-9.643,0.562,-4.369,-9.852,0.747,-4.264,9.24,45.15,7.7
,-9.876,0.876,-4.36,-9.849,1.034,-3.984,11.97,45.71,8.12
,-9.84,1.005,-4.389,-9.823,1.536,-4.018,11.9,46.48,7.84
,-10.029,0.9,-4.147,-9.83,1.003,-4.054,12.53,48.23,7.28
35132.0,-9.517,1.462,-4.204,-9.21,1.17,-4.185,20.3,54.46,6.09
,-9.519,1.139,-4.202,-9.493,1.74,-4.326,21.84,55.93,5.95
,-9.371,1.11,-4.238,-10.407,4.949,-4.295,24.36,57.4,5.95
,-9.244,0.96,-4.14,-10.689,3.893,-4.568,27.86,59.01,6.02
35208.0,-9.359,-0.771,-4.348,-9.246,0.34,-3.408,10.71,66.85,-6.09
,-9.139,-2.264,-3.735,-9.083,-0.254,-3.223,22.89,68.95,-1.89
,-9.433,-0.273,-3.537,-9.232,0.373,-3.111,41.72,69.72,2.94
,-9.557,1.091,-3.594,-9.588,0.998,-3.137,45.85,72.1,3.22
35284.0,-9.588,0.739,-3.144,-9.995,-0.818,-2.053,19.88,85.05,-2.52
,-9.631,-0.218,-3.166,-10.29,-0.907,-1.529,15.12,88.27,-2.52
,-9.6,-0.713,-3.008,-10.371,-1.108,-1.316,17.01,91.07,-0.42
,-9.806,-0.785,-2.704,-10.388,-1.354,-1.369,23.66,94.15,3.78
35359.0,-10.194,-1.56,-1.594,-8.815,0.311,-5.59,72.59,111.44,33.39
,-10.132,-1.462,-2.216,-8.737,1.563,-6.174,80.29,113.33,38.15
,-9.698,-1.194,-3.025,-9.1,2.41,-7.784,85.61,115.36,41.23
,-9.241,-0.495,-4.499,-9.519,2.752,-8.454,90.65,116.34,42.0
35435.0,-9.426,2.95,-8.454,-7.676,2.828,-10.392,57.75,117.32,25.34
,-9.421,3.242,-8.902,-6.844,1.651,-10.806,48.79,113.19,23.38
,-9.016,3.52,-9.368,-5.836,0.27,-11.137,38.5,105.0,20.86
,-8.212,3.47,-9.502,-5.039,-0.909,-11.467,30.24,95.97,18.83
35511.0,-5.087,-1.395,-10.562,-5.772,-0.225,-8.44,-1.4,40.39,8.82
,-6.016,-1.22,-9.947,-5.154,0.101,-8.634,10.29,25.76,11.41
,-6.207,-0.902,-9.282,-4.896,0.304,-8.981,18.13,6.02,13.02
,-5.724,-0.378,-8.775,-4.566,0.019,-8.99,23.87,-11.48,13.86
35587.0,-4.274,-0.11,-9.064,-3.738,-1.01,-8.681,2.17,-91.28,11.06
,-4.037,-0.354,-8.741,-3.934,-0.601,-8.648,-2.73,-104.37,10.85
,-4.192,-0.826,-8.504,-4.819,-0.179,-8.681,-6.72,-119.77,8.12
,-3.8,-1.0,-8.715,-5.537,-0.146,-8.653,-8.47,-133.35,4.48
35662.0,-5.832,-0.06,-8.607,-5.24,-2.094,-8.914,-28.98,-178.64,-5.81
,-5.566,-0.153,-8.538,-5.262,-2.716,-8.641,-39.55,-186.55,-3.43
,-5.377,-0.694,-8.521,-5.81,-2.831,-7.959,-49.35,-194.25,-1.75
,-5.169,-1.381,-8.638,-6.131,-2.137,-7.861,-53.97,-201.6,-1.33
35738.0,-6.214,-1.189,-7.944,-6.693,0.823,-7.779,4.83,-223.02,0.14
,-6.303,-0.352,-8.052,-6.822,0.818,-7.643,6.3,-226.31,0.07
,-6.363,0.33,-8.177,-7.203,0.503,-6.755,2.66,-229.95,-0.14
,-6.437,0.756,-7.99,-7.758,0.211,-6.262,-2.73,-232.26,-0.91
35813.0,-8.119,0.048,-5.968,-8.935,0.438,-3.994,-17.57,-234.01,-15.33
,-8.547,0.055,-5.465,-8.727,0.117,-2.711,-19.18,-231.35,-18.69
,-8.787,0.034,-4.817,-9.105,-0.251,-2.216,-23.94,-227.99,-22.47
,-8.837,0.371,-4.472,-9.481,-0.141,-1.582,-28.63,-222.81,-25.97
35889.0,-9.505,0.249,-1.273,-8.2,-0.699,0.404,-35.98,-168.84,-38.29
,-9.155,0.483,-1.022,-8.126,-0.916,1.101,-41.72,-155.05,-39.55
,-8.753,0.177,-0.622,-8.074,-0.806,1.385,-49.7,-139.65,-39.2
,-8.502,-0.404,-0.565,-8.193,-0.452,1.45,-54.81,-122.5,-36.82
35965.0,-8.165,-0.546,1.376,-7.827,0.622,-0.395,-33.6,-21.98,-13.44
,-7.909,-0.577,1.184,-7.782,1.007,-0.926,-33.25,-0.77,-7.7
,-7.794,-0.392,0.768,-7.882,1.244,-1.393,-32.27,19.46,-1.54
,-7.798,0.091,0.261,-8.94,0.979,-2.029,-31.5,38.15,4.62
36041.0,-14.427,-1.96,-1.039,-7.576,1.122,0.761,-53.2,85.54,24.99
,-20.17,-7.073,6.822,-9.438,-2.405,0.663,-42.0,57.33,28.0
,-15.24,-5.58,2.024,-11.137,-3.123,1.57,-15.61,47.46,18.83
,-8.985,-0.388,1.517,-10.787,-1.63,-0.225,-13.79,50.4,-3.92
36117.0,-12.278,0.596,-1.804,-5.463,4.511,-4.494,6.58,117.39,58.24
,-11.019,-0.019,-5.427,-8.038,3.561,-5.106,18.06,117.95,47.67
,-8.148,1.845,-5.475,-9.574,1.883,-5.121,17.22,108.85,36.05
,-5.353,3.704,-3.85,-9.464,0.871,-4.432,11.55,94.92,29.68
36192.0,-9.399,0.079,-4.803,-9.349,-3.439,-3.886,-43.68,67.27,16.59
,-9.629,-0.62,-4.384,-9.117,-3.128,-3.788,-39.9,62.86,13.58
,-9.935,-1.529,-4.36,-9.15,-1.091,-4.192,-35.7,60.27,14.63
,-9.648,-2.572,-4.034,-9.359,1.522,-4.274,-31.36,59.78,17.71
36268.0,-9.667,2.86,-4.391,-9.502,0.311,-3.317,6.93,49.63,19.18
,-9.564,3.735,-4.513,-9.569,0.522,-3.02,-8.82,45.08,13.79
,-9.337,3.285,-4.396,-9.619,1.405,-2.824,-24.15,41.58,11.48
,-9.313,1.51,-3.812,-9.481,2.364,-2.781,-31.15,39.27,12.11
36344.0,-9.435,2.594,-2.699,-9.237,1.366,-4.226,0.63,32.06,12.32
,-9.584,2.326,-2.783,-9.347,1.182,-4.312,-7.28,31.71,11.83
,-9.667,2.027,-3.431,-9.371,1.271,-4.563,-13.93,30.8,10.01
,-9.495,1.828,-3.91,-9.134,1.204,-4.381,-17.85,29.82,8.61
36420.0,-9.158,0.919,-4.171,-9.316,1.4,-3.405,-10.43,20.16,6.72
,-9.404,0.706,-3.874,-9.344,1.194,-3.245,-10.15,18.55,6.37
,-9.452,0.864,-3.592,-9.497,0.713,-3.317,-8.89,17.36,6.58
,-9.404,1.304,-3.415,-9.579,0.349,-3.441,-8.47,16.1,6.79
36495.0,-9.454,0.347,-3.484,-9.167,0.756,-3.666,-4.41,13.79,6.23
,-9.306,0.725,-3.723,-9.263,0.773,-3.549,0.7,13.37,6.65
,-9.32,1.022,-3.819,-9.368,1.003,-3.309,2.87,12.67,6.86
,-9.229,0.981,-3.762,-9.383,1.462,-3.199,3.08,12.32,7.21
36571.0,-9.306,1.625,-3.025,-9.533,0.263,-2.182,6.65,10.99,6.79
,-9.222,1.563,-2.773,-9.387,0.105,-2.123,2.24,11.27,6.44
,-9.349,1.113,-2.486,-9.318,0.292,-2.101,-1.47,12.25,6.23
,-9.509,0.622,-2.278,-9.237,0.639,-2.168,-1.82,13.51,6.79
36646.0,-9.354,0.668,-2.158,-9.172,1.295,-2.876,9.73,21.91,9.66
,-9.411,0.634,-2.209,-8.945,1.39,-3.269,9.38,23.87,9.59
,-9.428,0.507,-2.312,-8.952,1.28,-3.494,10.64,25.83,9.87
,-9.445,0.713,-2.458,-8.964,1.117,-3.46,12.74,27.16,9.59
36722.0,-9.136,1.201,-3.439,-9.186,0.826,-3.312,5.11,29.4,8.26
,-9.27,1.134,-3.259,-9.162,0.598,-3.513,5.11,30.03,8.19
,-9.155,1.079,-3.125,-9.196,0.536,-3.666,5.67,31.01,8.61
,-9.182,1.003,-3.128,-9.402,0.613,-3.829,7.28,32.2,9.31
36798.0,-9.464,0.668,-3.723,-9.277,1.366,-4.118,14.42,37.03,8.54
,-9.323,1.072,-3.862,-9.469,1.412,-4.238,13.09,37.24,8.05
,-9.146,1.311,-3.972,-9.557,1.216,-4.508,11.41,37.8,8.05
,-9.105,1.452,-4.037,-9.586,1.718,-4.53,9.8,38.5,8.05
36874.0,-9.715,1.366,-4.523,-9.548,1.182,-4.235,28.14,42.14,13.23
,-9.715,1.079,-4.568,-9.569,1.242,-4.207,35.91,43.47,11.97
,-9.476,1.948,-4.628,-9.576,1.429,-4.202,37.94,44.17,10.99
,-9.562,1.536,-4.326,-9.887,1.929,-4.166,35.0,44.87,9.73
36949.0,-10.648,4.19,-3.967,-9.698,0.586,-3.008,41.23,50.05,3.57
,-10.541,2.802,-4.101,-9.952,2.391,-3.106,28.21,52.01,-1.4
,-9.308,-1.311,-3.728,-9.787,2.029,-3.128,18.55,55.51,-2.73
,-9.411,-2.19,-3.027,-9.648,0.799,-3.092,31.78,57.96,1.19
37025.0,-9.514,-0.306,-2.958,-9.488,-0.763,-3.032,10.99,71.26,-8.96
,-9.512,-0.802,-2.886,-9.383,-0.785,-2.982,10.08,74.34,-7.84
,-9.512,-0.883,-2.974,-9.246,-1.024,-2.955,12.32,77.42,-6.09
,-9.543,-0.897,-3.005,-9.182,-1.321,-2.759,15.05,80.64,-4.27
37101.0,-9.213,-1.747,-2.424,-9.177,-1.551,-2.802,35.98,98.42,15.61
,-9.375,-2.123,-2.34,-9.22,-0.797,-3.431,46.27,102.55,21.49
,-9.316,-2.142,-2.496,-9.342,-0.184,-4.252,56.98,105.84,26.95
,-9.277,-2.003,-2.45,-8.988,0.273,-5.224,68.88,108.64,32.34
37177.0,-8.765,0.581,-6.128,-9.466,2.785,-9.095,79.59,112.28,39.55
,-8.813,1.048,-6.703,-9.158,3.032,-9.32,76.23,112.35,37.03
,-9.095,1.709,-7.633,-8.603,3.113,-9.694,71.26,112.0,33.39
,-9.356,2.472,-8.547,-7.901,3.12,-9.847,62.51,111.16,31.36
37253.0,-6.865,3.092,-10.251,-4.068,-0.567,-10.558,24.15,87.92,14.91
,-6.174,2.544,-10.534,-4.027,-1.206,-10.27,12.25,76.93,11.2
,-5.626,1.505,-10.703,-4.276,-1.115,-9.732,1.54,64.75,7.28
,-5.08,0.498,-10.586,-5.264,-0.481,-8.945,-8.54,52.36,5.04
37328.0,-5.674,0.287,-8.454,-5.008,0.66,-8.77,30.45,-1.96,7.21
,-5.803,0.641,-8.138,-4.535,0.254,-8.672,27.79,-18.34,5.39
,-5.461,0.756,-8.239,-4.188,-0.34,-8.703,21.49,-36.33,2.31
,-5.145,0.962,-8.488,-4.087,-1.273,-8.483,14.0,-51.31,0.14
37404.0,-4.436,-1.809,-8.346,-5.336,-0.244,-8.473,-11.55,-108.08,-0.63
,-4.547,-1.79,-8.428,-5.676,0.01,-8.413,-5.39,-119.77,-3.43
,-4.714,-1.508,-8.502,-5.609,0.103,-8.5,-0.56,-130.34,-6.51
,-4.666,-0.756,-8.686,-5.69,-0.005,-8.284,1.26,-138.18,-8.33
37479.0,-5.726,-0.321,-8.251,-5.2,-1.606,-8.588,-39.97,-172.06,-3.57
,-5.609,-0.835,-8.205,-5.717,-1.709,-7.858,-44.59,-178.64,-2.52
,-5.633,-1.271,-8.107,-6.248,-1.204,-7.605,-43.89,-184.8,-1.89
,-5.568,-1.522,-8.607,-6.377,-0.457,-7.7,-39.48,-191.03,-1.82
37555.0,-6.523,0.203,-7.664,-6.786,0.445,-7.124,5.25,-204.68,1.47
,-6.569,0.634,-7.734,-6.774,0.261,-6.927,1.12,-207.76,2.59
,-6.446,0.775,-7.595,-7.37,0.05,-6.272,-4.13,-210.0,3.29
,-6.6,0.601,-7.207,-7.968,0.172,-6.021,-8.4,-211.89,2.8
37631.0,-8.394,0.421,-5.676,-9.344,0.861,-3.149,-0.14,-214.62,-3.01
,-8.789,0.419,-5.269,-9.572,0.802,-2.458,1.26,-212.03,-3.43
,-8.744,0.553,-4.669,-9.753,0.749,-1.85,1.61,-208.67,-5.39
,-8.827,0.79,-3.979,-9.902,0.438,-1.409,2.31,-204.33,-8.61
37707.0,-9.696,0.282,-1.115,-8.686,-1.194,0.692,-4.41,-162.33,-15.82
,-9.308,-0.065,-0.687,-8.406,-1.132,1.062,-5.53,-149.38,-15.33
,-9.11,-0.541,-0.436,-8.181,-0.957,1.531,-4.97,-135.87,-13.58
,-8.99,-1.067,-0.168,-8.071,-0.419,1.84,-2.8,-121.87,-10.85
37782.0,-8.009,0.122,1.792,-8.198,0.751,0.763,21.42,-36.4,5.18
,-8.196,0.723,1.697,-8.272,0.615,0.256,17.08,-18.55,7.84
,-8.27,1.027,1.512,-8.435,0.637,-0.266,8.26,-1.33,8.89
,-8.222,0.991,1.144,-8.598,0.787,-0.912,-2.87,15.19,9.24
37858.0,-9.007,0.794,-1.438,-13.714,-2.075,0.646,-39.13,76.58,10.08
,-10.806,-0.278,-2.328,-8.892,1.728,0.658,-45.92,79.8,9.17
,-16.595,-4.262,-0.132,-8.564,0.715,1.381,-45.99,62.23,10.01
,-18.236,-4.848,4.487,-9.646,-2.501,1.742,-13.23,38.43,18.06
37934.0,-9.931,-3.24,2.347,-10.895,3.302,-0.366,-46.2,57.75,8.4
,-9.701,-1.974,2.929,-10.096,3.082,-2.242,-24.22,71.47,17.01
,-10.156,-0.402,2.235,-8.88,2.702,-2.883,-8.19,82.39,30.45
,-10.971,1.498,1.572,-8.119,2.228,-3.262,0.63,92.82,39.13
38010.0,-8.031,2.137,-4.31,-9.356,-0.263,-3.817,-45.78,77.77,7.7
,-8.385,1.5,-4.513,-9.22,0.067,-4.3,-48.16,72.8,6.65
,-9.091,0.108,-4.575,-9.696,0.711,-4.393,-42.7,67.83,9.24
,-9.538,-0.385,-4.264,-9.727,1.149,-4.207,-28.84,61.53,12.46
38085.0,-9.809,2.0,-3.936,-9.407,-1.278,-3.558,-12.11,45.36,0.91
,-9.667,2.611,-3.573,-9.366,-1.919,-3.62,-35.84,42.35,-1.54
,-9.493,2.072,-3.331,-9.414,-2.024,-3.47,-58.52,39.69,0.0
,-9.385,0.199,-3.226,-9.402,-1.139,-3.264,-69.79,37.94,2.17
38161.0,-9.363,0.215,-3.183,-9.543,1.022,-2.603,0.7,29.68,14.0
,-9.474,0.608,-2.922,-9.466,0.759,-2.551,3.01,28.56,14.28
,-9.596,1.108,-2.742,-9.471,0.512,-2.304,0.07,27.44,13.09
,-9.572,1.218,-2.642,-9.742,0.785,-2.163,-4.13,26.95,12.95
38237.0,-9.921,1.579,-2.355,-9.598,2.132,-3.209,19.88,24.43,16.38
,-9.639,2.168,-2.489,-9.495,2.044,-3.376,20.37,23.52,15.96
,-9.552,2.273,-2.627,-9.411,1.292,-3.379,16.31,22.26,14.28
,-9.531,2.257,-2.886,-9.363,0.818,-3.18,11.69,20.86,12.46
38312.0,-9.55,1.082,-2.953,-9.414,1.424,-3.017,7.84,14.98,9.31
,-9.567,1.694,-2.953,-9.483,1.307,-3.259,8.96,14.07,8.82
,-9.588,1.902,-3.087,-9.519,1.261,-3.331,5.6,13.23,7.91
,-9.464,1.701,-3.072,-9.421,0.995,-3.491,1.19,12.32,6.79
38388.0,-9.258,0.57,-3.36,-9.476,0.974,-2.668,3.29,8.12,4.55
,-9.409,0.61,-3.324,-9.445,0.993,-2.551,6.23,7.28,4.55
,-9.564,0.605,-3.07,-9.459,0.811,-2.374,7.42,6.51,3.92
,-9.471,0.945,-2.876,-9.495,0.84,-2.41,7.49,5.81,3.36
38464.0,-9.612,0.84,-2.469,-9.392,0.101,-2.063,8.47,7.21,4.13
,-9.562,0.79,-2.606,-9.641,0.536,-1.816,9.66,7.91,4.48
,-9.361,0.61,-2.577,-9.789,0.993,-2.082,11.06,8.54,4.76
,-9.282,0.177,-2.307,-9.608,1.29,-2.393,12.18,9.66,5.25
38540.0,-9.414,1.125,-2.63,-9.584,0.976,-3.094,21.7,14.7,7.7
,-9.146,0.639,-2.752,-9.418,0.89,-3.254,24.99,16.17,8.33
,-9.296,0.648,-2.776,-9.631,0.701,-3.123,29.82,16.59,8.75
,-9.464,0.876,-2.84,-9.548,1.977,-3.582,33.6,16.52,8.68
38615.0,-9.11,2.283,-3.74,-9.249,0.002,-3.204,37.52,14.14,7.21
,-9.083,1.893,-3.778,-9.316,0.335,-3.242,33.88,13.51,7.28
,-8.952,0.627,-3.695,-9.177,0.211,-3.005,32.9,13.58,7.42
,-9.17,-0.194,-3.412,-9.203,-0.263,-2.788,38.43,13.72,8.47
38691.0,-9.55,-0.605,-2.778,-9.083,3.833,-3.666,73.5,23.59,16.8
,-9.653,-0.211,-2.867,-9.318,3.106,-3.441,82.88,24.78,18.13
,-9.744,0.455,-3.01,-9.277,2.381,-3.556,88.41,24.78,18.27
,-10.287,2.288,-3.235,-9.442,1.601,-3.549,84.42,21.49,15.12
38767.0,-9.299,1.345,-3.587,-9.619,0.491,-3.903,63.63,19.81,11.55
,-9.124,1.141,-3.582,-9.773,0.098,-3.963,69.16,20.16,12.32
,-9.239,1.036,-3.685,-9.83,-0.392,-3.979,73.57,20.58,12.95
,-9.45,0.806,-3.762,-10.309,0.39,-4.212,77.56,21.42,13.58
38843.0,-8.603,0.541,-3.994,-9.241,1.012,-4.645,77.07,20.37,14.42
,-9.488,2.137,-3.692,-8.516,1.426,-5.054,87.22,18.62,27.23
,-9.799,3.467,-3.805,-8.114,1.445,-5.341,91.63,15.89,36.12
,-8.758,0.369,-4.343,-8.311,1.431,-5.554,104.44,17.85,37.94
38918.0,-8.267,0.479,-5.427,-8.483,-0.014,-4.975,116.48,10.36,42.7
,-8.354,-0.029,-5.504,-8.603,0.28,-4.7,119.0,7.7,42.63
,-8.303,-0.062,-5.506,-8.689,0.759,-4.733,123.69,4.69,42.91
,-8.346,-0.182,-5.231,-8.782,0.744,-4.542,128.24,3.08,43.47
38994.0,-8.765,0.464,-4.515,-8.691,0.888,-4.829,133.84,0.28,50.54
,-8.744,0.208,-4.614,-8.655,0.708,-4.616,135.38,-0.49,51.24
,-8.76,0.383,-4.63,-8.727,0.675,-4.673,138.11,-1.68,51.59
,-8.763,0.78,-4.736,-8.679,0.471,-4.798,139.3,-3.22,51.59
39069.0,-8.536,0.395,-4.726,-8.859,0.371,-4.807,135.94,-8.19,51.45
,-8.495,0.402,-4.697,-8.914,0.392,-4.815,136.5,-9.17,51.45
,-8.538,0.486,-4.805,-8.835,0.404,-4.597,136.57,-10.15,51.31
,-8.646,0.392,-4.812,-8.725,0.443,-4.384,136.36,-11.55,50.75
39145.0,-8.748,0.57,-4.276,-9.119,0.34,-4.027,131.6,-16.45,47.81
,-8.911,0.663,-4.274,-9.186,0.235,-4.133,128.59,-17.43,46.27
,-9.024,0.558,-3.975,-9.237,0.144,-4.195,124.81,-18.13,44.45
,-9.103,0.471,-3.975,-9.179,0.065,-4.168,121.94,-18.9,42.84
39221.0,-9.184,0.158,-4.18,-8.875,0.096,-3.953,111.09,-22.4,38.08
,-9.22,0.148,-4.166,-8.818,0.177,-3.888,110.25,-23.24,37.31
,-9.227,0.187,-4.058,-8.983,0.38,-4.011,109.41,-23.94,36.82
,-9.002,0.129,-3.994,-9.105,0.438,-4.068,109.41,-24.43,36.82
39297.0,-9.143,0.191,-4.097,-9.146,-0.072,-3.613,115.5,-29.05,37.38
,-9.079,-0.132,-4.116,-9.332,-0.017,-3.443,118.09,-29.47,37.94
,-9.057,-0.237,-3.92,-9.816,-0.053,-3.262,122.15,-29.75,38.78
,-9.117,-0.256,-3.843,-10.129,-0.026,-3.025,126.91,-29.68,39.41
39373.0,-10.254,0.005,-2.879,-9.799,-0.677,-3.568,111.86,-30.59,26.46
,-10.275,-0.266,-3.013,-8.746,-0.924,-3.587,99.12,-29.96,19.11
,-10.325,-0.476,-2.984,-8.478,-1.522,-3.448,82.46,-29.68,10.78
,-10.412,-0.79,-3.19,-8.399,-2.343,-3.312,63.07,-29.89,4.2
39448.0,-8.538,-3.113,-2.97,-9.44,-2.888,-3.381,61.67,-25.27,2.8
,-8.866,-3.123,-2.95,-9.469,-2.891,-3.037,87.01,-21.91,6.3
,-9.016,-2.587,-3.285,-9.363,-2.266,-2.915,111.02,-19.04,10.01
,-9.04,-2.613,-3.345,-9.478,-1.481,-2.938,131.6,-16.24,14.63
39524.0,-9.447,-0.735,-2.876,-9.206,0.589,-2.577,221.83,-8.33,37.24
,-9.411,-0.172,-2.869,-9.366,1.161,-2.649,227.78,-7.77,39.41
,-9.191,0.139,-2.63,-9.521,1.531,-2.769,231.14,-6.37,41.16
,-9.189,0.254,-2.623,-9.605,1.768,-2.726,233.31,-5.11,42.07
39600.0,-9.574,2.024,-2.635,-9.6,0.995,-2.041,206.71,-1.19,39.76
,-9.416,2.127,-2.582,-9.675,1.618,-2.216,192.78,-1.47,37.87
,-9.328,1.546,-2.254,-9.89,1.866,-2.295,178.43,-1.05,36.4
,-9.485,0.871,-2.228,-9.962,1.84,-2.412,167.16,-1.12,35.07
39676.0,-10.026,1.622,-2.618,-9.505,0.184,-2.874,117.18,-3.71,28.56
,-9.852,1.213,-2.694,-9.56,-0.115,-2.938,109.34,-4.97,26.95
,-9.665,0.861,-2.773,-9.459,-0.098,-2.943,103.88,-6.3,25.55
,-9.598,0.445,-2.819,-9.409,-0.134,-2.795,100.52,-7.56,24.22
39751.0,-9.375,-0.256,-2.668,-9.493,-0.565,-1.5,107.94,-7.14,24.99
,-9.368,-0.419,-2.333,-9.445,-0.567,-1.24,110.04,-6.37,25.83
,-9.397,-0.558,-2.079,-9.696,-0.57,-1.173,112.63,-5.81,26.6
,-9.564,-0.675,-1.795,-9.677,-0.419,-1.036,114.31,-5.53,26.81
39827.0,-9.643,-0.242,-0.878,-9.804,0.61,-0.766,118.44,0.14,28.91
,-9.761,0.019,-0.866,-9.746,0.866,-0.775,115.71,0.91,28.42
,-9.943,0.191,-0.859,-9.753,1.108,-0.725,111.44,2.03,27.72
,-9.844,0.424,-0.821,-9.792,1.323,-0.926,105.84,3.43,27.16
39902.0,-9.806,1.307,-1.206,-9.785,1.151,-1.086,62.93,7.98,20.79
,-9.878,0.969,-1.12,-9.718,0.974,-1.156,51.8,7.84,18.97
,-9.861,0.957,-1.117,-9.665,0.854,-1.11,42.98,7.49,17.29
,-9.84,1.079,-1.015,-9.744,0.641,-1.268,35.35,8.19,16.1
39978.0,-9.679,0.055,-1.012,-9.574,-0.921,-0.864,4.48,11.55,11.48
,-9.641,-0.517,-0.641,-9.545,-0.948,-1.034,3.78,13.02,11.55
,-9.77,-0.902,-0.804,-9.634,-0.775,-1.345,4.9,14.49,11.83
,-9.684,-0.806,-0.881,-9.765,-0.526,-1.302,7.49,16.1,13.23
40054.0,-9.787,-0.146,-1.677,-9.844,0.416,-2.388,12.18,20.58,16.94
,-9.61,-0.172,-1.823,-9.691,1.113,-2.694,6.93,22.05,16.52
,-9.464,-0.294,-1.991,-9.56,1.383,-2.934,5.25,23.87,17.36
,-9.629,-0.232,-2.233,-9.483,1.149,-3.003,6.72,25.34,17.85
40130.0,-9.433,1.065,-3.058,-9.426,0.22,-2.489,2.17,23.45,14.91
,-9.478,1.11,-3.173,-9.773,0.668,-2.333,4.97,23.1,14.84
,-9.459,0.792,-2.943,-10.093,1.63,-2.345,5.67,22.33,14.91
,-9.426,0.16,-2.824,-9.555,2.35,-2.479,5.88,21.42,14.63
40205.0,-9.368,1.957,-2.436,-9.299,0.838,-2.312,-3.36,19.25,11.55
,-9.548,1.541,-2.446,-9.411,0.995,-2.302,-7.49,18.69,10.43
,-9.378,1.259,-2.534,-9.804,1.163,-2.371,-8.68,18.62,9.94
,-9.273,0.845,-2.402,-9.576,1.515,-2.625,-9.45,19.04,10.01
40281.0,-9.416,1.302,-2.907,-9.495,0.778,-3.664,-26.6,20.86,7.14
,-9.273,0.565,-3.13,-9.292,1.383,-3.568,-27.3,21.35,7.42
,-9.383,-0.014,-3.295,-9.397,1.534,-3.589,-20.58,22.19,8.47
,-9.648,0.05,-3.491,-9.545,1.522,-3.453,-9.45,22.61,8.89
40356.0,-9.521,1.625,-3.429,-9.342,1.007,-3.228,1.33,21.63,7.56
,-9.39,1.519,-3.348,-9.119,0.835,-3.111,1.47,21.21,7.14
,-9.294,1.29,-3.209,-9.316,0.852,-3.123,2.8,20.72,6.58
,-9.399,1.292,-3.228,-9.21,0.893,-3.206,5.18,20.44,5.88
40432.0,-9.251,0.682,-3.046,-9.174,0.95,-3.326,4.2,21.07,5.32
,-9.313,0.663,-2.974,-9.213,1.053,-3.496,6.72,21.84,5.74
,-9.263,0.687,-3.029,-9.139,1.074,-3.58,8.4,22.33,6.09
,-9.124,0.737,-3.173,-9.081,1.29,-3.676,8.33,22.75,6.3
40508.0,-9.119,1.256,-3.812,-9.17,1.115,-4.075,2.94,23.17,5.32
,-9.103,1.031,-3.869,-9.127,1.027,-4.03,2.03,23.24,5.25
,-9.184,0.912,-3.924,-9.143,1.091,-3.999,3.08,23.24,5.39
,-9.217,1.031,-4.03,-9.203,0.993,-3.893,4.34,22.75,5.18
40584.0,-9.086,0.491,-3.819,-9.119,1.022,-3.556,3.22,22.26,4.41
,-9.002,0.318,-3.62,-9.062,1.05,-3.654,4.69,22.61,5.04
,-9.005,0.55,-3.597,-9.306,0.885,-3.74,7.0,23.03,5.74
,-9.002,0.943,-3.575,-9.335,0.854,-3.963,7.42,23.59,6.02
40660.0,-9.253,0.706,-4.046,-9.531,1.058,-3.948,4.62,26.74,6.86
,-9.201,0.56,-4.125,-9.349,0.952,-3.807,6.72,27.65,7.63
,-9.347,0.754,-4.066,-9.256,1.067,-3.795,9.38,28.21,8.19
,-9.466,0.967,-3.991,-9.351,1.039,-3.845,10.99,29.12,8.26
40735.0,-9.418,1.156,-3.979,-9.196,0.814,-4.386,13.37,34.02,8.89
,-9.418,1.065,-4.109,-9.249,0.948,-4.468,14.56,35.28,9.38
,-9.44,0.948,-4.19,-9.239,1.141,-4.561,16.24,36.61,9.52
,-9.366,0.732,-4.274,-9.155,1.074,-4.575,18.48,37.73,9.45
40811.0,-9.165,1.268,-4.566,-9.71,0.962,-4.503,22.47,42.28,6.51
,-9.593,2.103,-4.52,-9.371,0.263,-4.317,24.01,42.7,5.11
,-10.105,2.836,-4.537,-9.399,0.574,-4.223,22.05,43.4,2.66
,-10.165,2.316,-4.654,-9.404,0.847,-4.29,16.03,44.45,0.28
40887.0,-9.375,0.627,-4.255,-9.007,0.093,-3.704,24.15,51.8,1.68
,-9.158,0.187,-4.226,-9.062,0.268,-3.439,24.22,53.62,2.1
,-8.985,-0.031,-4.054,-9.1,0.586,-3.242,25.9,55.65,3.29
,-8.894,-0.029,-3.917,-9.16,0.933,-3.118,29.68,57.75,4.69
40963.0,-9.119,0.933,-3.171,-9.34,-0.704,-3.419,31.08,70.21,9.38
,-9.162,0.388,-3.293,-9.404,-0.749,-3.139,27.37,72.8,10.71
,-9.143,-0.096,-3.369,-9.706,-0.699,-3.034,27.72,75.88,13.02
,-9.16,-0.581,-3.429,-10.129,-0.531,-2.955,32.41,78.82,16.1
41038.0,-10.215,-0.629,-2.929,-8.897,-0.931,-5.834,64.4,93.94,40.6
,-9.885,-0.62,-3.364,-8.497,-0.589,-6.277,71.61,96.39,44.03
,-9.619,-0.976,-3.912,-8.296,-0.098,-6.573,79.52,98.14,46.69
,-9.203,-0.969,-4.834,-8.095,1.156,-7.514,89.46,98.63,49.42
41114.0,-8.04,2.065,-8.337,-7.588,1.704,-9.294,113.68,95.41,44.94
,-8.066,2.462,-8.794,-7.542,1.144,-9.227,98.91,96.11,41.51
,-8.047,2.103,-8.99,-7.112,0.668,-9.222,83.3,95.83,39.27
,-8.023,1.821,-9.131,-6.683,0.206,-9.45,69.23,92.33,36.47
41189.0,-6.121,-0.239,-9.471,-5.207,-0.759,-8.672,14.77,53.13,30.1
,-5.882,-0.89,-9.325,-5.336,-0.306,-8.229,9.24,42.98,32.48
,-5.619,-1.103,-9.148,-5.418,-0.141,-8.028,10.92,31.78,34.65
,-5.544,-1.005,-9.06,-5.542,-0.091,-7.882,18.13,19.32,36.75
41265.0,-5.351,-0.031,-8.083,-5.008,-1.278,-7.88,9.59,-55.51,26.18
,-5.197,-0.304,-8.088,-5.269,-1.364,-7.648,2.87,-69.72,25.55
,-4.972,-0.713,-8.267,-5.841,-1.144,-7.452,-0.49,-81.06,26.6
,-4.843,-1.098,-8.052,-6.04,-1.055,-7.583,0.14,-90.44,26.74
41341.0,-5.719,-0.857,-7.868,-5.963,-0.9,-7.653,-0.07,-142.17,21.35
,-5.559,-0.785,-8.102,-6.217,-0.84,-7.679,-5.6,-149.17,22.68
,-5.652,-0.964,-7.99,-6.413,-1.01,-7.432,-12.46,-155.68,23.24
,-5.824,-1.048,-7.743,-6.832,-1.149,-7.131,-16.66,-162.75,22.75
41417.0,-6.904,-1.11,-7.148,-7.088,-0.737,-6.992,-14.28,-195.93,19.6
,-6.722,-1.158,-7.203,-7.686,-0.354,-6.604,-13.09,-201.11,17.64
,-6.683,-1.254,-7.155,-7.81,0.077,-6.506,-9.94,-204.82,15.68
,-6.99,-1.122,-7.289,-7.775,0.385,-6.442,-5.32,-209.16,13.3
41493.0,-7.971,0.385,-6.198,-8.72,-0.16,-4.544,-0.84,-218.82,-0.84
,-8.177,0.34,-6.047,-8.952,-0.235,-4.283,-6.65,-219.8,-4.13
,-8.354,0.067,-5.571,-9.447,-0.402,-3.96,-10.71,-219.31,-7.28
,-8.679,-0.089,-5.016,-9.847,-0.282,-3.386,-13.16,-218.61,-11.06
41568.0,-9.904,-0.139,-2.663,-9.21,-0.869,0.28,-23.94,-197.96,-26.95
,-9.804,-0.029,-1.993,-9.062,-0.936,0.488,-28.91,-189.63,-30.31
,-9.514,-0.495,-1.134,-8.734,-1.218,0.608,-35.63,-179.48,-33.6
,-9.457,-0.792,-0.124,-8.373,-1.333,1.28,-39.2,-167.51,-36.26
41644.0,-8.169,-1.364,1.797,-8.105,-0.687,1.764,-39.83,-88.62,-29.26
,-8.203,-1.218,2.161,-8.04,-0.526,1.345,-33.39,-68.81,-26.11
,-8.131,-1.084,2.175,-7.846,-0.567,0.967,-28.0,-48.86,-22.82
,-7.944,-0.952,2.137,-8.064,-0.45,0.452,-23.31,-28.77,-18.9
41720.0,-8.48,-0.225,-0.218,-8.483,1.012,-2.359,-17.99,57.89,-0.35
,-8.629,0.139,-0.916,-8.952,0.986,-2.647,-18.83,70.07,3.22
,-8.636,0.574,-1.479,-11.074,-0.383,-2.546,-22.75,80.08,6.02
,-8.502,0.754,-1.938,-16.016,-5.492,2.673,-28.77,87.92,8.68
41796.0,-17.794,-5.853,4.702,-10.237,-2.278,-0.313,0.98,48.72,38.71
,-13.391,-0.909,0.349,-9.876,-1.627,-0.687,33.25,41.02,25.76
,-9.474,1.582,-0.433,-9.892,-1.254,-0.998,26.74,43.12,8.4
,-9.098,-0.376,0.211,-10.053,-0.957,-3.056,1.33,48.09,15.4
41871.0,-9.603,0.383,-3.422,-9.282,3.058,-4.652,49.14,83.65,46.27
,-8.442,2.455,-3.774,-9.598,2.099,-4.549,52.64,79.38,41.51
,-7.734,3.508,-4.228,-9.555,1.508,-4.408,36.68,74.48,32.9
,-8.179,3.9,-4.391,-9.454,0.723,-4.58,12.88,70.42,25.13
41947.0,-9.514,0.101,-4.25,-9.581,-0.323,-2.718,-33.95,55.37,10.64
,-9.701,-0.584,-3.692,-9.237,0.56,-3.096,-27.93,51.87,13.44
,-9.856,-0.948,-3.123,-9.421,1.201,-3.312,-20.51,49.56,16.45
,-9.871,-0.771,-2.936,-9.727,2.18,-3.431,-13.44,47.53,17.85
42022.0,-9.579,3.101,-3.448,-9.335,0.395,-2.529,-3.36,36.82,10.22
,-9.426,2.692,-3.082,-9.675,0.615,-2.678,-17.01,34.93,9.59
,-9.395,1.79,-2.97,-9.765,1.029,-2.867,-26.95,33.39,8.96
,-9.222,0.706,-2.735,-9.407,0.871,-2.721,-32.2,32.76,8.68
42098.0,-9.533,0.543,-2.608,-9.481,1.577,-3.475,-4.83,30.73,13.37
,-9.842,0.675,-2.785,-9.567,1.718,-3.757,2.03,30.03,13.51
,-9.722,1.17,-2.986,-9.447,1.718,-3.85,6.86,29.47,13.16
,-9.485,1.515,-3.288,-9.287,1.529,-3.996,7.28,28.84,12.67
42174.0,-9.325,1.182,-3.912,-9.524,1.438,-3.786,-1.75,22.19,7.14
,-9.414,0.852,-3.853,-9.337,1.63,-3.616,-0.84,20.86,6.86
,-9.38,0.83,-3.733,-9.258,1.431,-3.381,2.45,19.67,7.07
,-9.505,1.115,-3.676,-9.28,1.357,-3.285,6.37,18.48,6.93
42250.0,-9.43,1.285,-2.984,-9.232,1.259,-2.718,0.21,13.51,4.76
,-9.557,1.18,-2.862,-9.222,1.448,-2.611,0.21,13.72,4.76
,-9.581,0.842,-2.718,-9.239,1.594,-2.737,1.54,14.07,4.76
,-9.44,0.79,-2.639,-9.318,1.156,-2.615,4.62,14.42,4.76
42325.0,-9.399,0.687,-2.522,-9.186,1.436,-2.553,-8.75,16.31,2.66
,-9.395,0.462,-2.402,-9.179,1.108,-2.625,-7.91,17.22,2.31
,-9.289,0.902,-2.436,-9.409,1.039,-2.678,-6.79,17.99,2.17
,-9.256,1.318,-2.467,-9.462,1.146,-2.867,-8.75,18.62,1.96
42401.0,-9.407,1.07,-2.922,-9.287,0.646,-2.948,-12.46,22.54,2.8
,-9.268,0.816,-2.912,-9.347,0.644,-3.041,-11.55,23.45,3.15
,-9.174,0.682,-2.929,-9.263,0.577,-3.214,-9.03,24.08,3.64
,-9.191,0.672,-2.907,-9.155,0.402,-3.3,-5.46,24.78,4.2
42477.0,-9.086,0.433,-3.338,-9.093,1.053,-3.668,8.05,29.89,5.53
,-9.249,0.761,-3.515,-9.005,0.995,-3.649,8.61,30.1,5.46
,-9.079,1.196,-3.625,-9.158,1.125,-3.587,7.0,30.31,5.39
,-9.064,1.218,-3.695,-9.16,1.232,-3.695,4.62,30.94,5.6
42553.0,-9.131,1.23,-3.826,-9.435,0.838,-4.262,0.91,32.9,5.53
,-9.103,1.077,-3.941,-9.581,0.95,-4.31,-0.35,33.25,5.32
,-9.222,0.823,-4.123,-9.466,1.151,-4.386,0.56,34.16,5.25
,-9.371,0.744,-4.195,-9.495,1.237,-4.336,3.71,34.86,5.46
42629.0,-9.505,1.271,-4.216,-9.519,1.299,-4.056,10.36,36.82,6.37
,-9.574,1.508,-4.374,-9.304,1.773,-4.066,10.57,36.89,5.67
,-9.639,1.316,-4.372,-9.17,1.598,-4.011,9.31,37.45,4.83
,-9.756,1.323,-4.305,-9.206,1.519,-3.879,9.45,37.94,4.9
42704.0,-9.318,1.534,-3.833,-9.842,2.412,-3.491,15.47,43.89,3.22
,-9.485,1.687,-3.671,-10.823,4.972,-3.843,16.52,45.57,2.59
,-9.555,1.51,-3.611,-10.617,2.517,-3.821,17.57,47.74,2.31
,-9.579,1.438,-3.558,-9.265,-1.895,-3.41,19.88,49.77,2.17
42780.0,-9.45,-2.154,-2.867,-9.44,-0.883,-2.584,19.88,62.16,-0.63
,-10.12,0.292,-2.919,-9.335,-0.742,-2.613,35.84,63.91,2.87
,-10.005,0.878,-2.91,-9.457,-0.526,-2.771,35.35,67.41,2.52
,-9.679,-0.177,-2.682,-9.538,-0.05,-3.005,27.72,71.75,1.47
42855.0,-9.782,0.433,-3.3,-10.077,-1.082,-2.539,27.37,88.48,7.28
,-9.828,0.27,-3.216,-10.407,-1.534,-1.811,24.57,91.49,7.7
,-9.866,-0.199,-3.405,-10.567,-1.493,-1.429,23.24,94.43,9.1
,-9.921,-0.51,-3.266,-10.459,-1.254,-1.316,25.69,96.95,11.83
42931.0,-10.479,-0.907,-1.912,-8.665,-0.158,-5.499,77.49,112.84,36.26
,-10.151,-0.9,-2.513,-8.648,1.027,-6.777,78.54,114.45,38.99
,-9.684,-0.907,-3.491,-8.947,1.936,-8.284,80.15,115.29,40.88
,-9.103,-0.699,-4.592,-9.155,2.096,-9.184,85.26,115.22,41.51
43007.0,-9.026,2.101,-9.222,-7.327,1.634,-10.151,62.65,114.45,29.96
,-8.981,2.168,-9.572,-6.588,1.122,-10.627,59.64,111.23,29.19
,-8.579,2.18,-9.734,-5.915,0.694,-10.687,55.51,105.07,26.95
,-7.997,2.079,-9.744,-5.207,0.4,-10.921,52.5,96.88,24.85
43083.0,-4.444,-0.268,-10.821,-5.2,-0.01,-9.127,21.42,37.87,22.19
,-4.362,-0.924,-10.471,-5.398,0.677,-8.727,21.21,30.59,24.36
,-4.338,-1.036,-10.048,-5.449,1.271,-8.557,27.44,21.84,26.39
,-4.783,-0.505,-9.545,-5.341,1.553,-8.476,36.26,11.48,27.72
43158.0,-4.946,1.33,-8.478,-3.738,0.115,-8.622,4.83,-64.68,15.61
,-4.499,1.086,-8.732,-3.831,-0.51,-8.354,-1.19,-77.63,13.51
,-4.238,0.799,-8.634,-3.924,-0.491,-8.543,-5.88,-88.2,13.23
,-4.011,0.359,-8.536,-3.836,-0.778,-8.768,-11.13,-99.82,12.74
43234.0,-4.109,-1.192,-8.356,-5.298,-0.61,-8.055,-20.02,-149.73,2.24
,-4.575,-1.096,-8.191,-5.2,-0.503,-8.15,-17.5,-157.71,1.89
,-4.838,-0.708,-8.318,-5.272,-0.737,-7.959,-17.92,-165.48,2.38
,-5.111,-0.584,-8.064,-5.248,-0.912,-8.119,-20.23,-172.2,3.78
43310.0,-5.298,-1.06,-7.916,-6.109,0.672,-7.918,-18.06,-202.93,8.82
,-5.652,-0.799,-7.605,-6.298,1.062,-7.983,-11.97,-206.85,8.75
,-5.786,-0.136,-7.839,-6.403,1.357,-7.978,-9.24,-211.47,8.12
,-5.887,0.306,-7.997,-6.664,1.271,-7.755,-9.66,-215.32,7.14
43386.0,-6.999,1.067,-7.322,-8.703,0.292,-5.733,-32.34,-233.38,-3.99
,-7.423,0.692,-7.064,-9.552,0.4,-5.291,-35.35,-237.09,-7.98
,-7.595,0.51,-6.755,-10.074,0.591,-4.637,-35.0,-238.91,-11.34
,-8.112,0.302,-6.047,-9.832,0.467,-3.439,-32.13,-238.84,-14.21
43461.0,-8.851,-0.316,-1.29,-9.354,-0.132,0.526,-53.41,-216.3,-26.74
,-9.579,-0.751,-0.782,-8.851,-0.419,0.794,-50.82,-203.49,-28.7
,-10.036,-0.66,-0.048,-8.662,-0.785,0.529,-43.54,-190.05,-30.94
,-9.897,-0.168,-0.043,-7.932,-0.864,1.67,-40.67,-174.44,-30.1
43537.0,-7.662,-0.981,2.343,-7.533,-0.081,1.68,-43.47,-73.5,-13.44
,-7.798,-0.957,2.654,-7.629,0.249,1.062,-37.8,-50.12,-9.66
,-7.827,-0.804,2.702,-7.686,0.455,0.364,-33.6,-26.46,-5.39
,-7.645,-0.462,2.245,-7.861,0.644,-0.538,-32.69,-2.8,-0.77
43613.0,-8.33,0.768,-1.218,-10.751,-0.519,1.206,-58.94,91.0,17.71
,-11.364,-0.512,-1.622,-8.11,-1.156,0.251,-67.06,94.92,18.48
,-20.12,-6.382,5.181,-8.844,-6.301,0.596,-70.56,70.14,20.93
,-18.753,-5.765,3.171,-11.362,-7.04,0.902,-49.91,52.99,19.81
43688.0,-9.38,-3.132,-2.173,-7.559,6.016,-4.98,12.67,117.25,43.54
,-8.533,-1.127,-3.118,-7.327,6.102,-6.767,38.43,119.28,44.73
,-9.148,0.806,-2.991,-7.435,4.173,-7.16,55.37,111.23,40.39
,-8.708,3.793,-3.85,-8.007,2.201,-6.109,52.36,96.46,27.93
43764.0,-9.019,1.196,-5.19,-10.268,-0.526,-3.197,-31.57,74.13,15.47
,-10.0,0.763,-4.731,-10.041,0.062,-3.259,-25.55,66.15,13.44
,-10.316,0.28,-4.226,-9.495,0.668,-3.455,-18.62,60.55,15.26
,-10.144,-0.498,-3.314,-9.158,1.357,-3.817,-11.62,58.8,17.43
43840.0,-9.251,2.357,-4.233,-9.476,-0.038,-3.553,10.15,49.28,13.37
,-9.206,2.663,-4.355,-9.557,0.261,-3.195,-4.76,45.36,11.27
,-8.923,1.907,-4.312,-9.608,0.967,-2.883,-20.44,42.14,10.85
,-9.244,0.684,-3.951,-9.689,1.405,-2.84,-26.6,39.69,10.15
43916.0,-9.639,1.622,-2.86,-9.49,1.876,-2.996,-1.47,31.5,12.6
,-9.622,1.732,-2.898,-9.603,2.309,-3.099,-1.12,30.94,12.46
,-9.545,1.675,-3.061,-9.488,2.615,-3.151,-2.45,30.03,11.62
,-9.454,1.658,-3.125,-9.529,2.436,-3.19,-2.8,29.26,11.55
43991.0,-9.514,2.067,-3.419,-9.56,-0.976,-3.987,-8.75,22.75,7.14
,-9.488,1.316,-3.628,-9.586,-0.55,-4.106,-11.06,21.7,5.81
,-9.435,0.436,-3.891,-9.49,0.208,-4.135,-10.29,21.07,5.67
,-9.5,-0.471,-3.965,-9.373,1.079,-4.133,-6.23,20.51,6.02
44067.0,-9.179,1.309,-3.967,-9.373,1.366,-2.857,12.81,16.45,4.83
,-9.22,1.232,-3.539,-9.225,1.33,-2.673,8.54,15.68,4.48
,-9.411,1.089,-3.269,-9.179,1.383,-2.527,7.42,15.05,3.85
,-9.536,1.261,-3.08,-9.328,1.443,-2.316,10.08,14.35,3.57
44143.0,-9.545,1.737,-2.12,-9.215,0.457,-2.008,2.52,15.26,1.82
,-9.471,1.673,-1.914,-9.251,0.744,-2.304,-3.43,16.59,1.05
,-9.488,1.376,-1.888,-9.43,1.048,-2.639,-8.12,17.99,0.56
,-9.33,0.866,-1.945,-9.454,0.924,-2.771,-10.43,19.88,0.84
44219.0,-9.462,0.304,-2.917,-9.311,0.974,-3.096,-4.76,25.06,2.66
,-9.447,-0.11,-2.934,-9.208,1.149,-3.039,-0.07,26.53,3.43
,-9.351,0.16,-3.013,-9.129,1.113,-3.113,6.16,27.37,4.13
,-9.34,0.637,-3.013,-9.005,1.003,-3.063,10.22,28.07,4.55
44294.0,-9.1,0.881,-3.07,-9.167,1.835,-3.431,10.22,32.34,4.48
,-9.452,0.876,-3.053,-8.947,1.031,-3.668,11.83,33.04,4.48
,-9.509,1.524,-3.104,-9.028,0.737,-3.896,11.55,33.32,3.99
,-9.167,1.989,-3.273,-9.225,0.78,-4.113,8.12,34.16,4.06
44370.0,-9.45,0.51,-4.104,-9.816,0.893,-3.348,-0.49,37.24,3.15
,-9.701,0.199,-3.917,-9.749,0.646,-3.216,2.52,38.29,3.85
,-9.782,0.433,-3.68,-9.576,0.749,-3.333,6.58,39.34,4.62
,-9.753,0.761,-3.453,-9.43,0.514,-3.415,9.24,40.95,5.25
44445.0,-9.524,0.67,-3.532,-9.445,0.991,-3.989,15.33,50.05,4.06
,-9.404,1.07,-3.625,-9.509,0.993,-4.063,16.17,51.66,3.85
,-9.421,1.359,-3.781,-9.737,1.445,-4.171,15.33,53.2,3.15
,-9.428,1.139,-3.896,-10.438,4.41,-4.087,14.35,54.81,2.17
44521.0,-10.866,4.116,-4.503,-9.899,1.342,-3.702,14.77,61.11,-4.97
,-9.574,0.333,-4.25,-9.488,0.397,-3.704,0.35,64.47,-7.0
,-9.663,-1.505,-3.599,-9.21,-0.797,-3.544,8.12,66.5,-3.36
,-9.954,0.225,-3.475,-9.091,-1.144,-3.36,24.36,67.27,0.42
44597.0,-9.201,-0.818,-3.264,-9.244,0.254,-3.252,23.24,80.78,1.05
,-9.332,0.005,-3.264,-9.337,-0.093,-3.125,28.0,83.3,1.26
,-9.335,0.55,-3.4,-9.49,-0.268,-2.728,28.35,85.47,0.77
,-9.265,0.651,-3.374,-9.686,-0.309,-2.513,24.43,88.06,0.98
44673.0,-9.675,-0.488,-2.407,-9.469,-0.802,-3.922,40.53,102.13,16.52
,-9.701,-0.735,-2.364,-9.28,-0.488,-5.047,46.2,105.0,21.7
,-9.67,-0.84,-2.649,-8.777,-0.158,-5.497,52.85,107.1,26.6
,-9.71,-0.859,-3.209,-8.579,0.835,-6.272,58.17,109.06,30.52
44749.0,-8.849,1.663,-7.262,-8.6,2.761,-8.947,76.23,116.13,31.5
,-9.27,2.146,-8.04,-7.686,2.781,-9.61,68.67,115.64,30.38
,-9.22,2.371,-8.387,-6.98,2.309,-9.988,64.4,115.01,30.1
,-8.978,2.508,-8.449,-6.602,1.393,-10.376,60.55,113.47,28.0
44824.0,-6.042,0.416,-10.553,-5.626,-0.849,-9.349,-4.06,66.92,12.11
,-5.401,-0.61,-10.359,-5.76,0.005,-9.33,-6.72,56.98,12.39
,-5.422,-1.165,-10.01,-5.377,0.634,-9.129,-0.42,48.37,13.02
,-5.37,-1.33,-9.722,-5.19,0.785,-8.801,11.55,38.64,13.51
44900.0,-4.992,0.763,-8.583,-4.7,0.548,-8.737,13.65,-21.7,8.61
,-4.877,0.668,-8.466,-4.252,0.127,-8.772,7.77,-34.72,6.02
,-4.929,0.629,-8.6,-4.243,-0.172,-8.72,3.5,-47.81,3.85
,-4.831,0.601,-8.71,-4.477,-0.512,-8.698,-0.56,-61.32,2.24
44976.0,-5.13,-0.759,-8.136,-5.427,-0.584,-8.545,-11.55,-111.93,-6.44
,-5.446,-0.682,-8.083,-5.068,-0.902,-8.655,-9.52,-122.43,-8.26
,-5.645,-0.608,-8.191,-5.059,-1.165,-8.421,-11.55,-132.58,-8.82
,-5.607,-0.507,-8.452,-5.279,-1.223,-8.272,-15.82,-142.38,-7.77
45052.0,-5.437,-1.084,-8.248,-5.7,-0.019,-8.155,-12.53,-176.96,0.14
,-5.599,-0.89,-8.16,-5.796,0.211,-8.088,-8.33,-183.82,1.05
,-5.829,-0.572,-8.232,-5.865,0.263,-7.956,-7.21,-191.1,1.19
,-5.702,-0.199,-8.323,-6.107,0.486,-7.815,-6.58,-196.98,1.61
45127.0,-6.253,0.562,-7.932,-7.279,-0.361,-6.573,-20.51,-219.24,-4.83
,-6.241,0.555,-7.82,-7.519,-0.395,-6.633,-22.33,-222.46,-6.02
,-6.482,0.333,-7.894,-7.605,-0.254,-5.899,-22.33,-226.24,-7.63
,-6.748,-0.019,-7.172,-7.916,-0.22,-5.193,-17.78,-227.43,-9.31
45203.0,-8.354,-0.062,-4.704,-9.576,1.007,-2.613,-1.89,-225.61,-18.27
,-9.148,0.182,-4.061,-8.957,0.246,-1.56,-1.05,-220.36,-17.78
,-9.785,0.512,-3.685,-8.792,-0.433,-0.084,-3.57,-214.55,-17.15
,-9.971,0.907,-3.302,-9.541,-0.512,-0.199,-10.15,-207.55,-16.8
45278.0,-9.653,0.347,0.029,-8.203,-1.07,0.928,-13.51,-145.11,-21.42
,-9.229,0.656,0.122,-8.035,-1.189,1.342,-15.75,-129.99,-20.93
,-8.938,0.278,0.428,-7.837,-0.737,1.838,-24.64,-113.4,-20.37
,-8.459,-0.514,0.768,-7.968,-0.163,1.594,-32.06,-95.69,-18.41
45354.0,-7.942,0.297,1.199,-7.839,0.84,-0.782,-26.74,-0.07,3.22
,-7.851,0.732,0.816,-7.997,0.95,-1.534,-31.99,18.27,5.67
,-7.87,0.864,0.38,-8.658,0.919,-1.914,-38.85,36.05,7.98
,-7.892,0.847,-0.139,-11.299,-0.893,-2.003,-45.36,53.41,10.29
45430.0,-19.21,-7.605,6.607,-8.356,-2.053,0.596,-65.38,67.62,21.07
,-19.844,-8.122,3.549,-10.79,-4.853,1.012,-33.88,42.42,22.19
,-11.335,-1.661,0.627,-9.911,-2.496,0.153,-9.52,41.58,2.03
,-8.363,0.316,0.457,-9.409,-0.148,-1.039,-23.17,48.58,-10.15
45506.0,-9.701,1.531,-1.845,-7.739,3.166,-4.8,11.06,94.64,35.77
,-9.732,2.008,-3.144,-8.593,3.104,-4.759,13.86,94.29,30.94
,-8.605,2.742,-4.233,-9.313,2.869,-4.36,4.41,88.9,22.05
,-7.691,3.175,-4.716,-9.828,1.905,-4.178,-8.89,83.65,18.62
45581.0,-10.502,0.692,-3.783,-9.105,-0.991,-3.183,-23.59,59.85,16.94
,-10.129,0.045,-3.372,-9.244,0.057,-3.522,-19.18,57.26,18.13
,-9.701,-0.522,-3.135,-9.342,1.601,-3.709,-13.72,56.0,19.25
,-9.337,-0.938,-3.156,-9.363,2.417,-3.702,-7.77,55.23,19.81
45657.0,-9.411,2.032,-3.585,-9.457,0.668,-2.721,-30.1,44.38,10.78
,-9.509,1.275,-3.393,-9.533,0.79,-2.455,-40.88,41.79,8.54
,-9.509,0.773,-3.276,-9.608,0.828,-2.431,-41.86,39.76,7.42
,-9.445,0.51,-2.977,-9.634,0.974,-2.525,-36.54,38.15,7.84
45733.0,-9.622,0.95,-2.699,-9.354,1.082,-4.214,-1.61,34.16,14.49
,-9.529,1.18,-2.994,-9.261,0.428,-4.355,-0.28,33.53,14.35
,-9.56,1.536,-3.391,-9.397,0.172,-4.161,-1.54,32.41,13.58
,-9.569,1.519,-3.9,-9.588,0.419,-4.063,-4.41,30.87,12.39
45809.0,-9.497,1.005,-3.879,-9.66,1.797,-3.345,17.78,23.45,11.34
,-9.392,1.216,-3.668,-9.495,1.977,-3.343,17.57,22.4,11.69
,-9.414,1.182,-3.405,-9.203,1.682,-3.195,16.24,21.14,11.55
,-9.493,1.244,-3.149,-9.198,1.266,-3.049,15.4,20.23,10.57
45885.0,-9.39,1.307,-3.125,-9.296,0.912,-3.388,3.99,16.03,5.88
,-9.483,1.24,-3.08,-9.21,1.06,-3.482,3.92,15.75,5.53
,-9.481,1.187,-3.257,-9.308,0.964,-3.441,4.06,15.68,5.18
,-9.43,0.969,-3.396,-9.337,0.96,-3.439,3.85,15.61,4.62
45960.0,-9.359,1.027,-3.522,-9.162,1.388,-3.419,3.57,14.07,3.64
,-9.306,1.05,-3.508,-9.165,1.292,-3.266,4.55,13.79,3.78
,-9.447,1.177,-3.534,-9.323,1.527,-2.958,5.32,13.37,3.64
,-9.385,1.603,-3.635,-9.426,1.68,-2.704,4.2,12.46,3.08
46036.0,-9.416,1.522,-2.455,-9.325,0.972,-1.819,-3.99,12.81,0.84
,-9.337,1.077,-2.146,-9.428,1.027,-1.857,-6.3,14.14,0.91
,-9.289,0.931,-2.027,-9.234,1.036,-1.809,-5.95,15.47,1.12
,-9.301,0.897,-1.91,-9.244,0.775,-1.845,-4.69,17.22,1.4
46111.0,-9.351,0.488,-1.919,-9.206,0.498,-2.661,-5.74,27.02,2.31
,-9.261,0.196,-1.893,-9.076,0.342,-2.848,-4.41,29.05,3.01
,-9.335,0.376,-2.024,-9.17,0.23,-3.032,-2.17,30.8,3.22
,-9.337,0.596,-2.324,-9.371,0.182,-3.226,-1.19,32.97,3.71
46187.0,-9.509,0.278,-3.518,-8.854,1.448,-4.925,3.29,40.95,5.11
,-9.143,0.974,-3.764,-8.942,1.015,-4.968,5.88,41.16,5.46
,-8.964,1.598,-4.255,-8.959,0.964,-5.011,5.46,41.16,5.39
,-8.882,1.742,-4.692,-9.091,0.955,-5.006,2.45,40.81,4.97
46263.0,-9.148,1.374,-5.004,-9.526,0.778,-4.649,13.51,38.01,5.11
,-9.275,1.826,-5.023,-9.579,0.895,-4.343,13.02,37.45,4.69
,-9.328,1.644,-4.941,-9.765,1.256,-4.192,9.87,37.17,3.78
,-9.464,1.012,-4.788,-9.66,1.481,-3.903,8.89,37.52,3.22
46339.0,-9.517,1.855,-3.762,-9.579,1.508,-3.699,17.78,40.95,2.94
,-9.509,1.488,-3.582,-10.062,2.929,-3.594,16.87,42.84,2.66
,-9.414,1.28,-3.506,-11.151,5.688,-4.173,19.11,44.87,2.1
,-9.438,1.307,-3.573,-10.507,2.367,-4.389,22.26,46.9,1.96
46414.0,-9.497,-2.434,-4.058,-9.325,-0.694,-3.891,1.82,57.89,-8.61
,-9.847,-2.01,-3.632,-9.284,-1.039,-3.707,21.77,59.5,-2.73
,-10.069,0.347,-3.795,-9.16,-0.701,-3.532,38.15,60.69,-0.14
,-9.782,0.639,-4.025,-9.1,-0.438,-3.355,36.19,63.28,-2.31
46490.0,-9.045,0.086,-3.319,-9.081,-0.244,-3.745,24.43,76.44,-3.64
,-9.124,0.957,-3.582,-9.122,-0.704,-3.463,22.61,78.33,-3.99
,-9.088,0.995,-3.723,-9.308,-0.94,-3.116,16.8,80.36,-4.55
,-9.103,0.488,-3.786,-9.536,-1.015,-2.759,12.04,82.67,-4.13
46565.0,-9.605,-0.967,-2.544,-9.555,-1.474,-3.467,42.91,96.67,15.61
,-9.78,-0.928,-2.458,-9.091,-1.278,-4.274,48.65,99.54,21.49
,-9.809,-1.098,-2.67,-8.806,-0.627,-5.319,53.27,102.13,27.37
,-9.6,-1.206,-2.91,-8.416,0.359,-6.135,61.04,104.72,32.27
46641.0,-8.457,1.4,-6.755,-8.801,3.039,-9.21,95.76,104.23,37.73
,-8.77,2.398,-8.145,-8.019,3.096,-9.933,86.45,101.85,34.3
,-8.871,2.709,-8.88,-7.047,2.302,-10.287,68.67,98.91,30.8
,-9.026,2.754,-9.222,-6.322,1.125,-10.311,51.8,95.83,28.49
46717.0,-5.681,0.034,-10.258,-4.271,-1.771,-9.462,21.77,66.15,23.17
,-5.169,-0.677,-10.266,-5.152,-1.354,-9.186,21.42,54.74,21.49
,-4.58,-1.196,-10.215,-5.549,-0.459,-8.725,21.21,43.47,21.91
,-3.97,-1.859,-9.993,-5.482,0.452,-8.626,23.31,34.51,23.66
46793.0,-5.173,0.761,-8.1,-4.133,-0.905,-8.629,47.32,-32.2,21.98
,-4.877,0.9,-8.303,-3.963,-1.462,-8.509,34.09,-46.97,18.76
,-4.549,0.409,-8.392,-4.183,-1.73,-8.248,19.39,-58.87,18.55
,-4.355,-0.263,-8.564,-4.659,-1.536,-8.229,8.54,-69.58,20.09
46869.0,-5.044,-0.933,-8.222,-5.721,-0.206,-8.402,10.92,-117.6,14.07
,-5.001,-0.299,-8.559,-5.846,-0.373,-8.143,5.88,-125.86,13.16
,-5.281,-0.244,-8.514,-6.083,-0.883,-8.026,-2.52,-132.44,12.88
,-5.532,-0.203,-8.471,-6.092,-1.402,-7.856,-10.36,-138.74,12.25
46944.0,-6.279,-1.73,-7.772,-6.997,-0.057,-7.418,-22.12,-165.13,15.54
,-6.344,-1.675,-8.035,-7.229,0.579,-7.332,-16.73,-170.31,15.54
,-6.413,-1.493,-7.777,-7.43,0.972,-7.236,-7.77,-172.97,15.19
,-6.786,-0.943,-7.416,-7.452,1.098,-7.234,0.91,-174.79,13.79
47020.0,-7.382,0.988,-7.251,-7.559,-0.407,-6.619,-25.83,-183.12,4.48
,-7.212,0.648,-7.229,-7.705,-0.479,-6.454,-31.99,-184.24,2.94
,-7.277,0.165,-6.923,-7.868,-0.596,-6.188,-35.14,-185.29,0.91
,-7.504,-0.23,-6.801,-8.093,-0.555,-5.887,-36.33,-187.39,-1.82
47096.0,-7.956,-0.376,-5.525,-9.435,0.754,-3.419,-28.14,-198.38,-14.63
,-8.234,-0.4,-5.087,-9.619,0.845,-2.63,-24.92,-196.49,-15.12
,-8.559,-0.089,-4.468,-9.325,0.378,-1.771,-21.21,-194.18,-16.52
,-9.024,0.347,-3.872,-9.351,-0.096,-1.146,-18.34,-191.17,-17.22
47172.0,-9.521,-0.653,-0.955,-8.22,-1.374,0.577,-25.34,-155.12,-16.8
,-9.452,-1.091,-0.948,-8.002,-1.345,0.773,-17.78,-144.34,-15.75
,-9.289,-1.376,-0.974,-7.772,-0.95,1.074,-8.82,-133.07,-13.72
,-8.727,-1.302,-0.428,-7.921,-0.617,1.295,0.14,-120.89,-11.69
47247.0,-8.133,-0.12,1.196,-8.186,-0.074,0.61,30.59,-42.35,7.7
,-8.155,0.424,1.139,-8.16,-0.256,0.23,28.84,-26.67,10.01
,-8.177,0.725,1.06,-8.26,-0.081,-0.249,22.12,-11.62,10.57
,-8.241,0.433,0.816,-8.356,0.191,-0.689,12.95,3.5,11.13
47323.0,-8.361,0.349,-1.113,-16.882,-3.848,0.328,-10.71,63.35,15.47
,-8.267,0.608,-1.56,-19.966,-4.664,7.526,-17.78,71.4,14.7
,-8.524,0.637,-1.811,-15.671,-2.838,-0.543,-24.22,77.91,13.86
,-10.323,0.012,-2.134,-9.076,2.869,0.584,-30.17,78.82,12.6
47398.0,-8.356,1.773,1.766,-10.869,0.275,2.51,-60.48,10.01,-21.91
,-9.624,-3.369,2.024,-11.22,2.704,0.864,-80.71,23.52,-1.33
,-10.658,-5.109,2.522,-11.263,3.142,0.057,-59.36,40.18,7.63
,-9.653,-2.773,3.362,-9.868,2.888,-1.649,-25.13,56.35,15.05
47474.0,-9.021,1.333,-3.116,-8.93,0.558,-3.202,-45.85,86.03,9.87
,-8.65,-0.101,-3.585,-9.234,0.905,-2.867,-48.09,83.09,10.78
,-8.413,-0.555,-3.312,-9.643,0.95,-2.785,-36.26,77.0,12.6
,-8.536,0.115,-2.79,-9.557,0.66,-2.465,-20.86,69.72,13.44
47550.0,-9.452,0.426,-2.893,-9.907,1.709,-2.955,7.14,48.16,21.42
,-9.438,0.797,-3.008,-9.854,1.082,-2.527,7.98,46.62,19.04
,-9.208,1.149,-3.104,-9.694,0.237,-2.522,6.72,45.57,15.4
,-9.478,1.632,-3.125,-9.706,-0.235,-2.338,0.28,43.89,10.78
47626.0,-9.639,-0.593,-2.558,-9.399,1.409,-3.393,-37.94,38.99,8.33
,-9.55,-0.562,-2.833,-9.517,2.012,-3.446,-30.59,38.01,8.96
,-9.493,0.024,-3.192,-9.61,2.127,-3.307,-20.79,36.47,10.36
,-9.497,0.715,-3.436,-9.49,1.735,-2.929,-11.55,34.58,11.41
47701.0,-9.507,1.029,-2.682,-9.679,1.508,-2.285,-23.73,23.87,8.19
,-9.584,0.517,-2.491,-9.636,1.594,-2.398,-22.61,22.89,8.19
,-9.679,0.584,-2.369,-9.538,1.543,-2.436,-17.36,22.4,8.47
,-9.823,1.091,-2.347,-9.56,1.443,-2.493,-12.32,21.7,8.82
47777.0,-9.6,1.46,-2.776,-9.545,1.129,-3.321,-5.39,19.67,9.1
,-9.631,1.354,-2.998,-9.593,0.794,-3.467,-4.9,18.69,8.33
,-9.629,1.314,-3.223,-9.718,1.0,-3.518,-5.11,17.5,7.56
,-9.581,1.35,-3.247,-9.392,1.015,-3.654,-6.86,16.59,6.86
47852.0,-9.143,0.007,-3.427,-9.651,1.658,-2.505,-6.3,9.24,7.28
,-9.263,-0.718,-3.063,-9.581,2.146,-2.352,-0.49,8.54,8.96
,-9.495,-0.694,-2.74,-9.517,2.132,-2.455,10.08,8.33,10.64
,-9.82,0.318,-2.611,-9.371,1.661,-2.613,18.9,7.77,10.92
47928.0,-9.351,0.919,-2.649,-9.371,1.125,-2.23,8.96,7.77,10.08
,-9.263,0.641,-2.57,-9.55,1.273,-2.221,15.12,7.98,11.06
,-9.497,0.565,-2.484,-9.531,1.381,-2.355,21.42,8.12,11.55
,-9.43,0.804,-2.283,-9.497,1.165,-2.501,23.94,8.26,11.55
48004.0,-9.521,0.986,-2.79,-9.387,0.675,-2.551,19.32,11.62,11.27
,-9.548,0.907,-3.056,-9.574,1.117,-2.501,23.8,11.69,11.83
,-9.531,0.95,-3.046,-9.648,1.474,-2.467,27.86,11.41,12.04
,-9.292,0.905,-2.965,-9.316,1.56,-2.477,31.5,11.27,12.04
48080.0,-9.265,1.302,-2.295,-9.196,1.752,-2.915,30.24,13.3,11.34
,-9.349,1.287,-2.309,-9.024,1.053,-2.895,31.5,14.07,11.83
,-9.641,1.479,-2.225,-9.253,1.137,-2.984,33.04,14.49,11.34
,-9.718,2.032,-2.503,-9.414,1.347,-3.027,30.59,14.14,10.29
48156.0,-9.526,1.503,-3.118,-9.241,0.263,-3.379,28.0,14.77,10.22
,-9.6,1.455,-3.185,-9.182,0.208,-3.288,26.04,14.98,10.01
,-9.454,1.019,-3.221,-9.402,0.249,-3.355,25.2,15.26,9.8
,-9.201,0.613,-3.309,-9.414,0.184,-3.266,27.3,15.82,10.22
48231.0,-9.244,0.907,-3.185,-9.244,2.218,-4.058,52.71,19.95,16.17
,-9.485,1.163,-3.084,-9.052,1.914,-4.257,55.65,20.51,17.08
,-9.619,1.35,-3.434,-9.048,1.919,-4.281,58.31,20.93,17.43
,-9.84,1.232,-3.486,-8.873,1.67,-4.207,59.36,20.3,16.94
48307.0,-9.028,1.618,-4.087,-9.057,0.617,-3.948,56.77,14.49,16.66
,-9.153,1.381,-4.025,-9.241,0.924,-3.91,57.96,13.79,16.94
,-9.143,1.074,-3.944,-9.273,0.969,-4.633,59.15,13.93,17.71
,-9.119,0.821,-3.953,-9.172,1.807,-3.644,61.46,13.86,18.76
48383.0,-9.624,2.704,-3.489,-9.179,1.409,-4.46,76.79,13.79,30.17
,-8.751,0.39,-3.829,-9.043,0.955,-4.453,85.05,15.12,30.45
,-8.94,1.565,-3.932,-8.923,1.015,-4.3,92.12,14.14,30.24
,-8.887,1.864,-4.362,-8.916,1.431,-4.101,92.05,14.28,31.57
48459.0,-8.844,1.955,-3.984,-8.361,2.9,-3.86,105.14,14.35,37.94
,-8.574,2.053,-3.807,-8.447,2.651,-3.989,107.17,14.7,39.97
,-8.284,2.213,-3.692,-8.5,2.113,-4.068,109.83,15.12,41.44
,-8.279,2.606,-3.774,-8.703,1.981,-4.247,112.98,15.54,42.14
48534.0,-8.847,2.079,-4.549,-8.442,1.29,-5.559,110.88,16.1,44.52
,-8.801,1.929,-5.008,-8.368,1.546,-5.422,111.93,15.47,44.94
,-8.595,1.472,-5.293,-8.416,1.845,-5.298,113.47,15.26,45.5
,-8.437,1.22,-5.573,-8.66,1.922,-5.243,117.32,14.84,46.41
48610.0,-8.701,1.651,-5.087,-8.976,1.074,-5.374,119.35,11.27,41.93
,-8.777,1.524,-5.181,-8.935,1.019,-5.537,115.99,10.43,40.25
,-8.784,1.235,-5.073,-8.772,0.711,-5.568,113.61,9.38,39.34
,-8.945,1.156,-5.291,-8.763,0.462,-5.604,112.14,8.05,38.22
48686.0,-8.617,0.469,-5.439,-8.215,1.161,-5.042,108.5,1.82,36.75
,-8.361,0.512,-5.298,-8.208,1.132,-5.037,110.67,0.91,37.03
,-8.153,0.663,-5.164,-8.129,0.857,-4.891,112.49,0.14,37.03
,-8.129,0.943,-4.963,-8.294,0.498,-4.903,113.05,-0.56,36.75
48762.0,-8.308,0.538,-4.853,-8.77,0.857,-4.882,95.69,-4.69,27.44
,-8.224,0.665,-4.822,-8.918,0.414,-4.982,92.96,-5.32,26.18
,-8.294,0.907,-4.949,-8.969,0.055,-4.915,89.25,-5.6,25.2
,-8.504,0.995,-4.793,-9.079,-0.144,-4.905,84.35,-6.23,24.15
48837.0,-9.074,-0.268,-4.953,-8.823,-0.091,-4.831,72.52,-7.98,21.35
,-9.026,-0.309,-5.032,-8.698,-0.179,-4.934,74.06,-8.26,21.7
,-8.985,-0.34,-4.96,-8.655,-0.44,-4.882,75.6,-8.75,22.26
,-8.885,-0.213,-4.81,-8.61,-0.718,-4.716,77.0,-9.24,23.03
48913.0,-8.571,-0.782,-4.594,-8.399,-0.213,-4.501,88.55,-9.52,31.71
,-8.483,-0.615,-4.456,-8.358,-0.287,-4.642,94.36,-9.38,34.02
,-8.526,-0.395,-4.429,-8.485,-0.316,-4.769,99.26,-9.03,36.4
,-8.49,-0.239,-4.482,-8.696,-0.206,-4.941,102.34,-8.89,38.36
48989.0,-9.012,-0.026,-5.114,-8.772,-0.522,-5.049,115.57,-11.34,45.78
,-9.055,-0.091,-5.159,-8.789,-0.761,-4.941,116.83,-12.25,46.83
,-9.064,-0.144,-5.13,-8.914,-0.828,-4.829,118.02,-12.88,47.88
,-8.954,-0.218,-5.109,-8.949,-0.773,-4.736,118.79,-13.51,49.28
49064.0,-8.911,-0.407,-4.669,-8.703,-0.034,-4.104,137.97,-16.03,55.58
,-8.844,-0.034,-4.556,-8.799,-0.144,-4.03,139.93,-16.52,56.84
,-8.725,0.151,-4.403,-8.89,-0.105,-3.881,139.23,-16.94,57.68
,-8.717,0.108,-4.262,-9.024,-0.01,-3.886,136.99,-17.15,58.1
49140.0,-9.124,0.086,-3.975,-8.909,0.129,-3.819,132.44,-17.71,57.89
,-9.067,0.127,-3.898,-9.031,0.29,-3.841,129.78,-17.57,58.03
,-9.014,0.072,-3.845,-9.222,0.361,-3.862,126.84,-17.5,58.03
,-8.88,0.141,-3.745,-9.232,0.369,-3.838,124.46,-17.57,57.75
49216.0,-9.179,0.242,-3.711,-9.256,0.017,-3.527,111.09,-18.48,53.06
,-9.012,0.096,-3.628,-9.308,-0.024,-3.484,108.15,-18.34,52.5
,-8.902,0.072,-3.53,-9.237,0.034,-3.422,106.47,-17.92,51.94
,-9.016,0.041,-3.522,-9.11,0.065,-3.352,105.7,-17.64,51.24
49292.0,-9.112,0.115,-3.398,-9.232,0.136,-3.029,99.05,-17.15,48.58
,-9.158,0.096,-3.388,-9.217,0.017,-2.941,97.93,-17.22,48.09
,-9.237,0.129,-3.307,-9.493,0.139,-3.017,97.02,-17.22,47.74
,-9.308,0.153,-3.226,-9.667,0.069,-2.953,96.25,-17.08,47.46
49367.0,-9.911,-0.022,-2.938,-9.289,0.493,-2.747,96.46,-14.98,49.84
,-9.89,-0.101,-2.891,-9.189,0.668,-2.869,98.56,-14.42,51.45
,-9.665,-0.022,-2.883,-9.136,0.739,-2.809,101.78,-14.14,53.2
,-9.43,0.256,-2.783,-9.05,0.842,-2.893,104.79,-13.93,54.39
49443.0,-9.093,0.924,-2.905,-9.227,0.191,-2.709,100.59,-13.37,49.63
,-9.06,0.914,-2.838,-9.198,-0.014,-2.888,95.97,-13.09,47.67
,-9.112,0.948,-2.795,-9.107,0.0,-2.769,90.37,-12.6,45.64
,-9.179,0.713,-2.711,-9.005,0.153,-2.642,84.07,-11.9,43.68
49519.0,-9.162,0.354,-2.761,-9.263,0.998,-2.46,72.94,-8.19,35.91
,-9.208,0.608,-2.654,-9.273,1.153,-2.34,70.56,-7.42,32.69
,-9.349,0.72,-2.584,-9.402,1.129,-2.446,67.06,-5.6,29.96
,-9.342,0.859,-2.443,-9.586,0.864,-2.527,60.9,-3.85,27.02
49595.0,-9.646,0.608,-2.328,-9.892,0.708,-2.84,5.46,2.73,6.44
,-9.799,0.62,-2.481,-9.868,0.79,-2.893,-4.13,3.78,2.59
,-9.856,0.646,-2.656,-9.859,0.766,-3.175,-12.81,4.83,-0.42
,-9.954,0.708,-2.9,-9.651,0.641,-3.29,-19.95,5.53,-2.38
49670.0,-9.383,0.596,-3.271,-9.203,1.261,-3.309,-23.87,6.86,-2.31
,-9.268,0.787,-3.199,-9.081,1.278,-3.156,-18.34,6.93,-1.26
,-9.268,1.043,-3.372,-9.17,1.163,-3.08,-14.0,6.79,-0.35
,-9.251,1.17,-3.4,-9.263,1.082,-2.915,-11.34,6.37,0.7
49746.0,-9.404,0.639,-2.733,-9.56,0.457,-2.922,-14.49,5.95,1.26
,-9.509,0.512,-2.721,-9.261,0.328,-2.958,-16.31,6.37,0.84
,-9.658,0.785,-2.632,-9.215,0.079,-3.173,-18.55,6.3,-0.07
,-9.737,0.785,-2.9,-9.28,-0.12,-3.367,-22.82,6.23,-1.33
49821.0,-9.232,-0.244,-3.422,-9.421,0.782,-3.362,-27.72,7.42,1.12
,-9.127,-0.179,-3.384,-9.344,1.161,-3.345,-22.68,7.28,3.29
,-9.392,0.179,-3.403,-9.524,1.23,-3.238,-17.22,7.07,5.25
,-9.471,0.436,-3.408,-9.258,1.417,-3.032,-12.11,6.65,6.65
49897.0,-9.083,1.366,-2.852,-9.361,1.694,-3.075,1.68,6.65,11.97
,-9.342,1.347,-2.778,-9.239,1.5,-3.29,4.06,7.14,12.32
,-9.43,1.622,-2.895,-9.244,1.086,-3.532,5.6,7.49,12.32
,-9.457,1.644,-2.917,-9.234,0.821,-3.869,5.46,7.91,11.83
49973.0,-9.256,0.766,-4.106,-9.229,1.766,-3.91,1.05,7.28,9.1
,-9.167,0.876,-4.216,-9.273,1.759,-3.661,4.27,6.86,9.38
,-9.215,1.223,-4.228,-9.344,1.759,-3.475,7.28,6.16,9.24
,-9.27,1.606,-4.066,-9.301,1.941,-3.281,8.61,5.39,9.1
50049.0,-9.411,1.938,-3.02,-9.232,2.249,-2.685,11.41,4.27,7.42
,-9.538,2.228,-2.903,-9.445,1.91,-2.702,10.92,3.85,5.81
,-9.249,2.469,-2.864,-9.459,1.883,-2.682,9.94,3.92,5.18
,-9.385,2.163,-2.754,-9.122,2.015,-2.656,6.93,3.92,3.92
50125.0,-8.859,1.677,-2.637,-9.409,0.878,-2.663,-8.05,4.97,1.12
,-8.928,1.074,-2.592,-9.268,1.364,-3.005,-10.57,6.02,2.1
,-9.052,0.433,-2.479,-9.172,1.34,-3.218,-8.96,7.56,3.01
,-9.404,0.218,-2.51,-9.026,1.082,-3.482,-4.06,8.96,3.71
50200.0,-9.261,0.806,-3.68,-8.945,1.22,-4.389,-9.73,11.48,4.13
,-9.213,0.814,-3.982,-9.072,1.242,-4.3,-7.63,11.55,4.48
,-9.119,0.972,-4.255,-9.076,1.376,-4.037,-5.6,11.27,4.76
,-8.923,1.103,-4.374,-9.162,1.405,-3.824,-3.99,11.13,5.18
50276.0,-9.057,1.342,-3.625,-9.069,0.818,-3.302,-1.19,9.87,6.16
,-9.064,1.11,-3.491,-9.213,0.972,-3.096,-0.14,10.22,6.51
,-9.134,1.204,-3.422,-9.229,1.546,-3.049,1.89,10.71,7.0
,-9.107,0.821,-3.41,-9.21,1.776,-2.982,3.15,11.41,7.42
50352.0,-9.253,1.857,-2.915,-9.203,0.773,-3.163,12.04,15.82,9.52
,-9.124,1.433,-2.936,-9.263,1.405,-3.331,11.06,17.22,9.66
,-9.107,0.694,-3.082,-9.143,1.512,-3.553,11.55,18.41,10.08
,-9.095,0.38,-3.034,-9.079,1.484,-3.891,15.61,19.53,10.5
50428.0,-9.182,1.268,-3.984,-9.177,1.747,-3.953,20.23,23.73,12.39
,-9.074,1.34,-4.066,-9.031,1.783,-3.896,21.49,24.29,12.04
,-9.239,1.4,-3.946,-9.045,1.586,-3.891,23.03,24.5,11.76
,-9.124,1.893,-4.037,-9.043,1.498,-3.905,23.1,24.57,11.34
50503.0,-9.115,1.328,-3.853,-9.072,1.498,-4.551,18.69,26.67,11.13
,-9.16,1.508,-3.92,-9.062,1.249,-4.669,20.44,26.95,11.62
,-9.036,1.515,-3.912,-9.062,1.027,-4.994,20.93,27.93,11.97
,-9.031,1.625,-3.982,-9.21,0.742,-5.121,21.14,29.26,12.18
50579.0,-9.208,1.503,-5.138,-9.282,-0.869,-4.53,39.48,30.8,17.08
,-9.6,2.623,-4.774,-9.201,-0.897,-4.274,44.1,31.43,16.87
,-10.419,3.465,-4.75,-9.323,0.979,-4.36,41.51,32.2,14.91
,-10.122,1.438,-4.819,-9.189,1.888,-4.477,32.27,33.39,12.88
50654.0,-9.043,1.95,-4.319,-8.629,1.249,-4.123,42.7,37.66,14.14
,-9.155,1.572,-4.195,-8.638,1.622,-4.142,36.33,38.78,13.02
,-8.88,1.132,-4.097,-8.808,1.795,-4.178,34.51,39.97,12.39
,-8.758,1.043,-4.058,-8.782,1.855,-4.334,36.26,41.44,12.46
50730.0,-8.906,1.419,-4.365,-9.139,0.376,-3.64,34.79,47.53,13.86
,-9.024,0.89,-4.25,-9.021,0.172,-3.429,36.54,49.49,15.61
,-9.196,0.55,-4.128,-9.016,-0.313,-3.221,41.37,51.45,17.71
,-9.217,0.39,-3.874,-9.057,-0.876,-3.084,47.46,54.04,20.16
50806.0,-9.196,-1.385,-2.941,-9.718,-2.266,-2.371,66.43,70.84,34.44
,-9.268,-1.811,-2.879,-9.962,-1.697,-2.651,73.08,74.69,38.36
,-9.239,-2.173,-2.623,-10.139,-1.189,-3.113,80.64,79.03,42.84
,-9.43,-2.496,-2.199,-10.17,-1.005,-3.831,88.83,83.86,47.74
50882.0,-10.053,-1.314,-4.214,-9.574,1.608,-7.454,104.58,102.13,64.75
,-9.856,-1.29,-4.819,-9.66,1.677,-7.839,111.02,104.44,67.06
,-9.83,-0.455,-5.695,-9.82,1.254,-8.203,119.63,105.98,67.97
,-9.873,0.845,-6.892,-9.174,0.905,-8.562,119.49,106.82,66.57
50957.0,-8.323,0.512,-8.792,-6.523,0.641,-9.734,72.1,100.87,59.01
,-7.641,0.33,-8.43,-6.178,0.28,-9.538,71.96,92.82,57.26
,-7.66,0.443,-9.304,-6.226,0.0,-9.112,68.11,79.59,54.18
,-6.961,0.687,-9.426,-6.583,0.05,-8.976,61.95,65.8,52.57
51033.0,-6.083,0.34,-8.894,-4.999,0.711,-8.425,56.63,0.63,51.52
,-5.731,0.503,-8.72,-4.855,-0.096,-8.313,62.3,-11.13,50.82
,-5.748,0.689,-7.918,-4.858,-1.053,-8.153,59.01,-24.64,48.02
,-5.8,0.995,-8.26,-4.901,-1.479,-8.131,49.0,-41.93,45.5
51109.0,-5.205,-1.57,-7.83,-5.824,-1.28,-7.798,21.07,-110.53,46.83
,-5.099,-1.326,-8.107,-6.092,-1.141,-7.928,26.39,-123.13,44.87
,-4.941,-1.122,-8.007,-6.088,-0.998,-8.114,29.4,-132.37,43.33
,-5.542,-1.22,-7.827,-5.803,-1.07,-8.179,30.38,-141.96,41.86
51185.0,-5.791,-1.156,-7.976,-6.435,-0.536,-7.784,24.92,-189.0,37.66
,-5.961,-1.151,-7.985,-6.626,-0.184,-7.547,26.88,-196.28,37.03
,-6.178,-0.967,-7.988,-6.86,0.388,-7.526,28.14,-203.91,35.35
,-6.379,-0.718,-7.995,-7.078,1.007,-7.708,28.28,-210.0,33.46
51261.0,-7.31,1.385,-7.629,-8.351,0.304,-6.073,1.68,-230.86,13.72
,-7.286,1.555,-7.705,-8.591,-0.05,-5.465,-7.84,-232.82,8.89
,-7.727,1.161,-6.877,-8.916,-0.199,-5.142,-13.51,-232.54,3.29
,-8.363,0.584,-6.509,-9.136,-0.376,-4.434,-18.48,-233.03,-2.8
51336.0,-9.643,-0.507,-3.994,-9.5,-0.165,-1.218,-22.4,-217.98,-19.39
,-9.086,-0.16,-3.13,-9.529,0.067,-0.828,-24.71,-210.98,-22.54
,-8.698,-0.05,-2.285,-9.165,0.495,-0.479,-24.78,-199.85,-24.29
,-9.203,-0.134,-1.835,-8.945,0.782,-0.002,-23.31,-186.97,-24.5
51412.0,-8.753,0.708,0.431,-7.65,-0.603,1.388,-32.83,-111.44,-23.17
,-8.346,0.335,0.735,-7.66,-0.345,1.462,-40.25,-92.68,-20.93
,-8.114,-0.546,0.869,-7.746,-0.053,1.158,-45.64,-73.22,-17.64
,-8.021,-0.964,1.326,-7.775,0.189,0.529,-46.9,-55.23,-15.68
51487.0,-7.904,0.323,0.053,-7.758,0.309,-1.627,-47.32,36.61,-0.14
,-8.059,0.572,-0.455,-8.332,-0.014,-1.886,-47.74,49.98,2.87
,-7.944,0.778,-0.957,-10.263,-1.302,-1.589,-50.19,60.97,4.9
,-7.815,0.617,-1.34,-15.764,-6.037,4.152,-53.13,70.7,6.72
51563.0,-18.418,-7.038,5.669,-10.574,-3.924,-0.493,-14.14,43.96,26.67
,-13.47,-3.087,1.015,-10.869,-3.001,-2.556,4.97,38.5,10.57
,-8.952,-0.586,0.378,-9.282,-0.462,-2.536,-6.93,44.31,-1.19
,-9.387,-1.74,1.223,-8.437,0.067,-2.467,-28.77,54.46,10.5
51639.0,-9.361,1.792,-3.295,-8.311,3.92,-5.585,44.8,92.54,38.43
,-9.076,3.642,-4.48,-8.866,3.032,-5.128,36.82,87.36,29.54
,-8.239,4.606,-5.073,-9.524,1.718,-4.468,18.34,81.41,23.1
,-7.999,4.862,-5.671,-10.254,0.995,-3.62,0.42,76.93,19.32
51715.0,-10.517,0.108,-2.733,-8.882,-0.864,-3.642,-33.6,53.62,9.73
,-10.239,-0.354,-2.723,-9.203,-0.859,-3.903,-27.23,52.99,11.83
,-9.677,-0.321,-2.919,-9.485,-0.014,-4.147,-21.14,52.78,13.51
,-9.074,-0.51,-3.173,-9.677,0.684,-4.066,-15.96,51.31,14.21
51790.0,-9.593,1.213,-3.81,-9.545,1.019,-3.022,0.84,40.53,13.44
,-9.387,1.749,-3.788,-9.438,0.96,-2.879,-3.85,38.22,11.48
,-9.304,1.929,-3.52,-9.402,0.656,-2.733,-10.71,36.4,9.8
,-9.44,1.484,-3.293,-9.526,0.493,-2.582,-15.54,34.93,9.03
51866.0,-9.73,1.182,-2.615,-9.524,1.977,-3.23,9.73,30.38,12.67
,-9.663,2.223,-2.749,-9.526,1.208,-3.348,12.95,29.89,12.18
,-9.368,2.917,-2.922,-9.505,0.897,-3.314,9.38,29.54,10.78
,-9.373,2.864,-3.037,-9.426,1.163,-3.518,1.47,29.47,9.17
51941.0,-9.299,1.543,-3.611,-9.337,1.56,-3.458,6.44,25.2,5.88
,-9.215,1.706,-3.587,-9.162,1.362,-3.352,2.87,24.01,5.67
,-9.301,1.697,-3.565,-9.215,1.048,-3.324,-2.94,22.68,4.97
,-9.409,1.742,-3.46,-9.306,0.653,-3.403,-9.31,20.86,4.13
52017.0,-9.225,-0.361,-3.314,-9.332,1.531,-3.597,-21.21,17.57,1.68
,-9.464,-1.089,-3.4,-9.318,1.531,-3.611,-12.81,18.62,2.03
,-9.519,-0.763,-3.448,-9.239,1.065,-3.534,-3.01,19.53,2.24
,-9.397,0.436,-3.463,-9.39,0.737,-3.632,3.08,19.67,2.38
52093.0,-9.306,1.005,-3.711,-9.28,1.933,-3.412,-7.63,17.78,1.33
,-8.981,1.041,-3.723,-9.383,1.807,-3.321,-6.51,17.01,1.96
,-8.868,1.096,-3.601,-9.294,1.326,-3.209,-6.3,16.59,2.52
,-9.038,1.5,-3.434,-9.289,0.833,-3.101,-8.33,15.75,1.89
52169.0,-9.196,0.835,-3.154,-9.273,0.543,-2.857,-20.09,16.94,0.91
,-9.103,0.876,-3.008,-9.119,0.179,-2.852,-14.77,17.85,2.24
,-9.265,0.883,-2.838,-9.158,0.103,-2.871,-10.92,18.76,2.87
,-9.316,0.871,-2.781,-9.313,0.28,-2.833,-7.98,19.67,2.87
52245.0,-9.356,0.615,-2.486,-9.158,0.744,-2.895,7.84,27.37,4.83
,-9.538,0.751,-2.273,-9.026,0.732,-3.262,8.68,29.26,4.62
,-9.452,0.637,-2.213,-8.945,0.778,-3.721,9.66,31.43,4.83
,-9.33,0.651,-2.467,-9.045,0.828,-4.03,10.01,33.46,4.97
52320.0,-9.258,0.78,-4.247,-9.411,1.582,-4.764,7.49,38.71,5.81
,-9.5,0.72,-4.434,-9.299,1.431,-4.898,8.75,39.27,6.09
,-9.416,1.012,-4.506,-9.311,1.194,-4.759,10.71,39.48,5.95
,-9.541,1.376,-4.621,-9.495,1.067,-4.707,10.64,39.62,5.32
52396.0,-9.28,0.754,-4.597,-9.313,1.479,-4.233,9.1,40.46,3.71
,-9.311,1.378,-4.539,-9.294,1.359,-4.137,11.41,40.95,4.2
,-9.244,1.5,-4.482,-9.335,1.039,-4.097,11.97,41.3,4.27
,-9.227,1.204,-4.338,-9.277,0.96,-4.078,13.37,42.28,3.36
52472.0,-9.239,1.041,-4.087,-10.983,4.185,-3.97,27.58,48.65,3.36
,-9.284,1.11,-4.008,-9.864,0.347,-3.692,31.64,50.61,3.71
,-9.524,1.335,-3.881,-9.517,-2.34,-3.02,35.35,52.57,3.43
,-10.165,3.702,-3.537,-9.78,-0.696,-2.651,41.3,54.11,1.75
52548.0,-9.837,0.972,-2.826,-9.782,-0.601,-3.027,40.53,67.48,1.4
,-9.474,0.385,-2.831,-9.993,-0.347,-3.171,31.64,71.54,-0.49
,-9.428,-0.713,-2.924,-9.969,-0.196,-3.233,24.36,75.39,-1.05
,-9.55,-0.871,-2.958,-9.928,-0.328,-3.209,23.31,78.82,0.14
52623.0,-9.964,-0.593,-2.9,-10.498,-1.768,-2.041,28.21,95.97,9.31
,-10.053,-0.885,-2.441,-10.39,-1.575,-2.245,34.3,100.1,14.35
,-10.237,-1.316,-2.096,-9.988,-1.129,-2.788,43.54,103.95,19.88
,-10.383,-1.673,-2.024,-9.596,-0.79,-3.699,55.16,107.59,25.55
52699.0,-9.112,0.194,-5.049,-8.911,3.503,-8.547,100.38,115.57,43.47
,-8.61,1.055,-5.944,-8.83,3.396,-9.019,99.33,113.96,41.23
,-8.37,2.072,-6.423,-8.902,3.266,-9.172,92.89,112.98,37.31
,-8.614,2.943,-7.727,-8.124,3.393,-9.519,81.55,111.58,32.69
52774.0,-7.32,3.092,-10.282,-4.922,-0.306,-10.385,22.89,91.28,15.82
,-6.894,2.218,-10.301,-4.369,-0.809,-10.455,14.91,83.02,12.95
,-6.047,1.017,-10.493,-4.353,-1.067,-10.0,3.85,71.68,9.8
,-5.346,0.203,-10.318,-5.233,-0.849,-9.134,-4.13,59.15,6.23
52850.0,-5.977,-0.079,-8.665,-4.886,1.146,-8.567,22.61,7.21,1.96
,-6.078,0.962,-8.538,-5.181,0.572,-8.368,23.17,-9.38,-0.56
,-6.09,1.677,-8.296,-5.15,-0.057,-8.346,15.61,-25.62,-2.73
,-5.451,1.56,-8.536,-4.86,-0.285,-8.804,1.47,-42.28,-5.25
52926.0,-4.427,-1.046,-8.961,-4.951,-1.256,-8.567,-28.42,-101.85,-8.26
,-4.369,-1.57,-8.569,-5.418,-1.187,-8.332,-24.71,-111.16,-8.75
,-4.3,-1.843,-8.619,-5.542,-1.235,-8.299,-18.27,-119.63,-9.73
,-4.532,-1.785,-8.229,-5.523,-1.213,-8.239,-11.34,-127.33,-10.36
53002.0,-5.422,-1.24,-8.198,-5.628,-1.194,-8.394,-18.83,-167.65,2.66
,-5.322,-1.452,-8.062,-5.544,-1.01,-8.174,-18.9,-174.93,6.23
,-5.401,-1.721,-7.736,-6.159,-0.766,-7.645,-16.94,-181.37,8.61
,-5.585,-1.634,-7.729,-6.296,-0.117,-7.818,-15.05,-188.93,9.38
53077.0,-6.291,0.424,-7.779,-6.951,0.507,-7.069,-4.2,-213.29,2.59
,-6.49,0.775,-7.949,-7.078,0.242,-6.813,-11.55,-217.56,-0.42
,-6.439,0.912,-7.791,-7.428,-0.06,-6.492,-18.41,-220.71,-2.73
,-6.741,0.773,-7.408,-7.815,-0.469,-5.918,-24.01,-224.14,-5.74
53153.0,-8.035,-0.491,-5.379,-9.794,0.074,-3.475,-29.4,-233.66,-26.18
,-8.399,-0.28,-5.073,-9.416,-0.22,-2.154,-27.58,-232.12,-29.05
,-8.997,-0.148,-4.807,-9.629,-0.495,-1.563,-27.09,-228.34,-31.57
,-9.811,0.115,-4.355,-9.849,-0.581,-1.05,-29.89,-223.37,-33.6
53229.0,-9.373,-0.644,-0.67,-8.267,-0.909,1.575,-36.4,-171.5,-42.14
,-9.258,-1.041,-0.12,-8.253,-0.471,2.087,-33.81,-155.19,-39.76
,-9.074,-1.12,-0.79,-8.007,-0.254,2.517,-30.45,-138.74,-37.59
,-8.361,-0.861,0.773,-7.832,-0.244,2.429,-24.36,-120.54,-34.16
53305.0,-7.739,-0.373,2.268,-7.952,0.44,-0.208,-5.74,-10.29,-11.83
,-7.626,-0.359,1.89,-8.215,0.438,-0.809,-7.98,12.04,-5.04
,-7.626,0.036,1.311,-9.189,0.168,-1.551,-10.01,32.27,1.68
,-7.822,0.349,0.491,-14.051,-2.769,-0.543,-14.07,50.33,7.98
53381.0,-18.82,-6.143,4.791,-10.093,-1.821,1.419,-26.04,65.94,31.78
,-14.685,-3.707,2.749,-9.895,-3.197,0.995,0.77,60.06,27.58
,-9.854,1.656,1.63,-9.976,-2.563,0.806,3.99,62.79,7.28
,-8.701,1.957,1.072,-10.366,-1.91,-2.379,-25.41,68.18,3.5
53456.0,-9.691,-0.972,-4.204,-8.078,3.271,-5.908,4.62,112.14,45.36
,-8.378,0.981,-4.501,-9.141,2.17,-6.255,21.77,105.28,40.39
,-6.7,2.888,-4.692,-9.064,1.845,-5.434,21.14,94.22,30.45
,-6.667,3.987,-5.173,-9.234,1.972,-4.826,3.01,85.89,21.7
53532.0,-9.919,1.785,-4.537,-9.201,0.447,-3.594,-11.13,65.31,16.73
,-10.242,1.479,-4.176,-8.842,0.141,-3.599,-16.45,60.34,14.28
,-10.335,0.323,-3.75,-9.541,0.61,-3.35,-24.5,57.89,12.18
,-10.033,0.158,-3.609,-9.653,2.221,-3.285,-29.68,55.44,9.17
53607.0,-8.806,3.142,-3.094,-9.514,1.596,-2.919,-40.81,41.72,5.67
,-9.11,2.149,-2.821,-9.469,0.529,-2.996,-48.09,41.09,6.02
,-9.895,1.977,-2.675,-9.414,-0.129,-2.95,-49.91,38.92,5.18
,-9.605,2.374,-2.888,-9.385,0.101,-3.171,-49.14,37.31,5.81
53683.0,-9.464,0.302,-3.515,-9.562,0.864,-4.243,-23.17,32.55,8.75
,-9.428,0.371,-3.774,-9.392,1.555,-4.642,-21.77,32.55,8.96
,-9.246,0.194,-3.855,-9.34,1.603,-5.037,-21.7,32.48,9.31
,-9.471,0.313,-3.941,-9.225,1.381,-5.092,-20.09,31.64,9.17
53759.0,-9.119,0.72,-4.925,-9.296,1.22,-3.807,-8.96,21.21,8.19
,-9.167,0.306,-4.338,-9.153,0.847,-3.628,-3.43,19.67,8.05
,-9.5,0.713,-3.987,-9.476,0.33,-3.601,1.54,17.5,7.0
,-9.667,1.314,-3.972,-9.409,0.522,-3.355,0.56,15.54,5.53
53835.0,-9.277,0.744,-3.305,-9.45,1.333,-2.946,-1.68,13.93,4.55
,-9.287,0.96,-3.199,-9.407,1.292,-2.979,-0.28,14.49,4.83
,-9.325,0.919,-2.96,-9.359,1.165,-3.123,-0.35,14.91,4.97
,-9.452,0.991,-2.862,-9.179,0.653,-3.144,-0.35,15.12,4.55
53910.0,-9.153,0.51,-3.025,-9.38,0.986,-2.807,1.26,16.8,5.6
,-9.371,0.672,-2.934,-9.34,0.962,-2.893,4.97,17.43,6.58
,-9.33,0.885,-2.843,-9.234,0.596,-2.855,6.79,17.78,7.07
,-9.311,0.931,-2.759,-9.191,0.455,-2.673,6.23,18.55,7.21
53986.0,-9.239,0.424,-2.34,-9.194,0.718,-2.194,3.71,24.08,6.72
,-9.383,0.833,-2.056,-9.127,0.538,-2.474,6.72,25.62,6.02
,-9.38,0.897,-1.888,-9.196,0.488,-2.816,6.79,27.72,5.74
,-9.232,0.878,-1.929,-9.177,0.873,-3.166,4.83,29.47,5.81
54061.0,-9.237,1.153,-3.68,-9.488,0.735,-3.994,2.24,36.33,7.56
,-9.213,0.972,-4.128,-9.33,0.897,-4.07,0.49,36.89,7.28
,-9.115,0.603,-4.133,-9.342,0.617,-4.197,0.63,37.45,7.49
,-9.337,0.55,-4.051,-9.591,0.275,-4.089,3.5,38.01,7.56
54137.0,-9.727,0.452,-4.192,-9.954,0.701,-3.867,13.51,41.37,8.4
,-9.672,0.668,-4.235,-9.813,1.424,-3.786,14.42,42.42,8.19
,-9.641,0.452,-4.075,-9.897,1.63,-3.711,14.28,43.61,8.54
,-9.83,0.55,-3.927,-9.749,1.524,-3.573,16.17,45.01,8.89
54213.0,-9.622,1.307,-3.381,-9.481,1.168,-3.805,14.14,52.78,5.32
,-9.572,1.653,-3.484,-9.792,2.29,-3.695,16.66,54.6,5.32
,-9.509,1.687,-3.618,-10.553,4.022,-3.941,17.64,56.56,5.11
,-9.414,1.364,-3.769,-10.206,2.233,-4.063,18.13,58.94,4.69
54289.0,-9.655,-0.735,-3.661,-9.385,-0.912,-3.57,8.47,69.58,-1.61
,-9.701,-0.737,-3.369,-9.464,-1.125,-3.252,20.37,71.61,2.24
,-9.787,0.278,-3.479,-9.612,-0.364,-3.029,31.5,73.57,4.34
,-9.617,0.165,-3.594,-9.751,0.663,-3.046,32.34,76.51,4.55
54365.0,-9.667,0.945,-3.223,-9.902,-1.541,-2.398,37.52,91.14,10.85
,-9.629,0.165,-3.271,-10.053,-1.637,-2.302,31.15,94.64,12.46
,-9.646,-0.79,-2.977,-10.163,-1.716,-2.209,32.13,98.49,15.96
,-9.73,-1.405,-2.644,-10.215,-1.658,-2.599,42.07,101.78,21.21
54440.0,-9.887,-1.747,-3.029,-8.703,1.804,-7.011,100.31,115.22,49.49
,-9.385,-1.438,-3.912,-9.062,2.654,-7.966,110.39,116.76,50.96
,-9.261,-0.804,-5.274,-9.033,3.077,-8.524,118.93,116.27,49.77
,-8.598,0.491,-6.159,-9.222,2.862,-8.756,123.34,116.41,46.27
54516.0,-8.995,2.893,-8.878,-6.198,1.137,-10.328,58.52,108.08,27.58
,-8.287,3.118,-9.399,-5.741,0.211,-10.273,50.47,101.78,24.5
,-7.705,2.809,-9.722,-5.408,-0.486,-10.426,40.53,93.1,21.77
,-7.102,1.989,-10.036,-4.759,-0.838,-10.569,25.48,81.41,18.97
54592.0,-4.415,-1.115,-10.275,-5.731,0.648,-8.208,3.43,22.19,16.38
,-4.482,-1.397,-9.643,-5.836,1.058,-8.066,15.26,15.47,19.67
,-4.874,-1.084,-8.801,-5.19,1.139,-8.502,26.46,4.13,18.62
,-5.482,-0.273,-8.406,-4.764,1.031,-8.873,31.5,-11.2,14.63
54668.0,-4.563,0.404,-8.658,-5.248,-1.685,-7.992,-14.07,-85.54,3.5
,-4.499,-0.165,-8.569,-4.817,-1.455,-8.624,-19.25,-95.69,2.1
,-4.525,-0.873,-8.315,-4.247,-1.153,-9.186,-23.8,-105.98,1.05
,-4.843,-1.338,-8.172,-4.535,-1.271,-8.966,-23.59,-116.9,0.42
54743.0,-4.889,-1.309,-8.588,-5.827,-0.605,-7.913,-20.86,-161.7,2.8
,-5.305,-1.027,-8.342,-5.894,-0.589,-7.935,-17.22,-167.93,3.64
,-5.633,-0.584,-8.208,-5.681,-0.586,-7.978,-16.31,-174.79,5.39
,-5.774,-0.404,-8.062,-5.863,-0.524,-7.973,-18.27,-181.58,7.77
54819.0,-5.86,-0.562,-8.394,-6.767,0.371,-7.282,-22.4,-208.46,11.13
,-5.887,-0.613,-8.093,-6.784,0.529,-7.193,-15.47,-210.0,11.06
,-6.547,-0.61,-7.322,-6.894,0.452,-6.999,-7.63,-210.84,9.94
,-6.772,-0.12,-7.258,-6.961,0.467,-6.985,-4.2,-213.99,7.7
54894.0,-7.102,0.311,-6.164,-8.993,0.232,-4.621,-22.19,-223.86,-3.71
,-7.966,-0.055,-5.619,-9.155,0.357,-3.955,-22.05,-222.74,-7.63
,-8.232,-0.06,-5.461,-9.208,0.316,-3.123,-24.22,-221.9,-11.06
,-8.488,0.115,-5.197,-9.088,0.045,-2.008,-25.48,-219.8,-13.37
54970.0,-9.421,0.01,-1.493,-9.031,-0.182,0.201,-27.93,-183.89,-25.34
,-10.014,0.067,-1.354,-9.1,-0.735,0.136,-28.42,-174.16,-27.79
,-9.696,0.507,-0.768,-8.729,-0.718,0.751,-32.27,-163.03,-29.96
,-9.198,0.395,-0.567,-8.447,-0.38,1.268,-38.92,-148.96,-30.45
55046.0,-8.179,-0.124,1.476,-8.39,0.268,0.89,-35.28,-62.3,-18.13
,-8.105,-0.223,1.651,-8.299,1.0,0.421,-33.95,-41.86,-14.07
,-8.086,-0.445,1.62,-8.129,1.467,-0.036,-33.39,-21.0,-8.61
,-8.26,-0.369,1.407,-8.078,1.438,-0.541,-32.9,-0.42,-2.87
55122.0,-8.413,1.031,-1.043,-11.206,-2.352,0.723,-62.51,83.86,13.51
,-10.615,-0.139,-1.366,-7.803,0.727,0.424,-68.74,89.95,15.96
,-17.712,-5.114,3.228,-7.76,-1.18,0.163,-71.05,72.31,21.0
,-18.643,-6.152,3.946,-10.261,-4.58,0.488,-45.43,50.68,25.97
55197.0,-10.021,-4.491,2.328,-8.22,1.986,-5.348,-36.4,76.51,32.9
,-10.816,-1.725,1.184,-6.312,3.448,-4.228,-7.98,91.63,48.93
,-11.718,0.024,-1.529,-6.927,3.281,-4.25,10.36,101.85,49.7
,-11.055,0.605,-3.759,-9.031,1.701,-4.889,21.56,103.18,43.4
55273.0,-9.911,0.912,-4.673,-9.933,0.51,-3.881,-18.55,76.51,20.02
,-9.526,0.854,-4.207,-9.832,-0.488,-3.728,-12.32,73.08,21.0
,-9.246,1.067,-4.156,-9.32,-1.168,-3.29,-7.07,67.83,19.11
,-9.66,1.156,-3.896,-9.079,-0.572,-3.285,-7.98,62.93,16.8
55349.0,-9.208,1.115,-3.525,-9.593,1.637,-2.735,-5.04,52.22,14.35
,-9.385,1.778,-3.575,-9.471,1.488,-2.623,-11.06,49.28,12.95
,-9.543,1.962,-3.381,-9.466,1.283,-2.582,-19.95,46.27,10.71
,-9.6,1.986,-3.118,-9.474,1.149,-2.548,-26.46,43.33,9.52
55425.0,-9.605,1.455,-2.716,-9.502,0.907,-3.257,-9.8,35.7,11.97
,-9.615,1.682,-2.881,-9.61,0.744,-3.496,-5.74,34.65,12.6
,-9.502,1.694,-3.156,-9.517,0.718,-3.678,-6.37,34.09,11.97
,-9.356,1.261,-3.106,-9.514,0.646,-3.539,-9.24,33.67,11.55
55501.0,-9.631,1.005,-3.745,-9.296,1.034,-3.812,6.23,28.42,10.99
,-9.574,1.354,-3.903,-9.402,0.909,-3.81,8.96,26.74,10.85
,-9.442,1.553,-3.927,-9.344,0.895,-3.678,9.38,25.41,10.85
,-9.27,1.402,-4.015,-9.21,0.838,-3.582,8.75,24.15,10.36
55576.0,-9.215,1.106,-3.678,-9.509,1.508,-3.087,17.36,18.83,10.29
,-9.246,1.412,-3.618,-9.562,1.536,-3.025,17.57,18.2,9.73
,-9.208,1.479,-3.355,-9.526,1.517,-2.953,16.1,17.92,9.52
,-9.402,1.601,-3.281,-9.447,1.452,-3.015,14.42,17.43,8.75
55652.0,-9.328,1.57,-3.252,-9.282,0.924,-3.53,5.95,15.26,5.25
,-9.124,1.517,-3.465,-9.273,1.05,-3.467,3.29,14.98,5.11
,-9.189,1.378,-3.632,-9.208,1.199,-3.503,0.91,14.56,4.9
,-9.28,1.132,-3.577,-9.134,1.376,-3.412,-0.21,14.14,4.41
55727.0,-9.086,1.613,-3.324,-9.481,-0.062,-2.556,-0.7,13.51,3.99
,-9.012,1.677,-3.329,-9.368,0.56,-2.326,-4.27,13.72,3.64
,-9.05,1.106,-3.118,-9.497,0.976,-2.324,-5.67,14.77,3.71
,-9.356,0.146,-2.876,-9.457,1.11,-2.283,-2.31,15.89,4.62
55803.0,-9.301,1.189,-2.252,-9.129,1.163,-2.855,9.24,22.12,7.0
,-9.356,0.914,-2.398,-8.938,1.409,-2.998,6.58,23.66,6.37
,-9.289,0.881,-2.572,-8.952,1.632,-3.027,6.16,25.34,6.16
,-9.237,0.995,-2.721,-8.966,1.859,-3.151,6.51,26.67,6.44
55879.0,-8.976,1.778,-3.185,-9.576,-0.29,-3.417,-1.68,30.1,5.88
,-8.949,1.084,-3.135,-9.521,0.562,-3.731,-4.13,31.01,5.95
,-9.062,0.304,-3.266,-9.289,1.003,-3.936,-3.57,31.92,6.44
,-9.284,-0.469,-3.144,-9.5,0.651,-3.946,3.57,33.39,7.56
55955.0,-9.39,0.526,-3.881,-9.074,2.462,-4.125,13.44,39.27,7.35
,-9.445,0.945,-3.853,-9.284,2.795,-4.104,17.01,40.32,7.84
,-9.562,1.45,-3.915,-8.861,2.194,-4.219,18.62,40.95,7.63
,-9.715,2.039,-4.159,-9.028,2.02,-4.271,16.45,40.39,5.95
56030.0,-8.957,2.056,-4.279,-9.294,1.385,-4.283,7.49,41.65,3.5
,-9.052,1.433,-4.173,-9.524,1.534,-4.812,6.23,42.63,3.08
,-9.162,1.254,-4.135,-10.333,3.53,-4.889,7.63,43.4,2.38
,-9.112,1.074,-4.121,-11.06,2.955,-5.657,11.34,44.94,3.01
56106.0,-9.861,-1.091,-5.434,-9.249,1.627,-3.92,5.81,50.05,-4.83
,-9.548,-3.017,-4.511,-9.107,0.536,-3.783,19.11,52.36,0.07
,-9.596,-0.773,-3.912,-9.296,0.479,-3.714,41.58,53.34,4.76
,-9.627,1.646,-4.013,-9.385,0.562,-3.762,46.34,54.46,3.01
56182.0,-9.282,0.426,-3.599,-9.217,0.124,-3.063,10.57,65.66,-9.73
,-9.196,0.536,-3.46,-9.356,-0.479,-3.082,10.01,67.97,-9.94
,-9.06,0.871,-3.326,-9.366,-0.811,-3.049,8.33,70.14,-9.24
,-9.074,0.708,-3.13,-9.526,-0.876,-2.828,5.81,72.8,-7.98
56258.0,-9.83,-1.034,-2.513,-10.151,-1.62,-1.91,36.75,89.18,11.83
,-10.127,-1.385,-2.034,-10.234,-1.333,-2.29,46.55,93.17,17.29
,-10.124,-1.778,-1.754,-9.787,-1.024,-2.824,56.49,97.37,23.24
,-10.167,-1.821,-1.646,-9.299,-0.648,-3.659,66.64,101.36,28.91
56333.0,-8.985,-0.524,-4.69,-9.83,2.099,-8.593,82.74,114.8,43.82
,-8.921,0.242,-5.851,-9.718,2.649,-8.617,83.58,114.8,42.98
,-8.949,0.926,-6.717,-9.383,3.139,-8.997,82.53,115.5,41.51
,-9.344,1.632,-7.897,-8.65,3.673,-9.457,77.35,116.27,39.34
56409.0,-7.798,3.743,-10.041,-5.207,-0.096,-10.835,25.27,94.22,19.67
,-7.1,3.235,-10.524,-4.963,-0.814,-10.44,11.83,84.56,15.61
,-6.267,2.407,-10.505,-5.03,-0.945,-9.785,-1.4,74.2,10.64
,-6.018,1.139,-10.641,-5.401,-0.651,-9.292,-10.15,61.95,6.58
56485.0,-5.48,0.237,-8.863,-3.865,1.225,-8.784,23.31,-3.01,8.82
,-5.047,0.771,-8.775,-4.078,0.95,-8.768,27.16,-18.2,7.56
,-4.793,0.998,-8.466,-3.546,0.467,-8.792,24.29,-34.37,4.13
,-4.257,1.242,-8.672,-3.716,-0.062,-8.256,15.68,-51.1,0.07
56561.0,-4.29,-0.244,-8.334,-5.039,-0.165,-8.531,-6.3,-115.36,-5.18
,-4.439,-0.34,-8.344,-5.595,0.0,-8.583,-7.35,-128.94,-9.03
,-4.238,-0.45,-8.684,-5.741,-0.074,-8.629,-5.04,-138.67,-10.01
,-4.506,-0.436,-8.555,-5.82,-0.203,-8.636,-4.62,-146.09,-10.29
56637.0,-5.726,-0.55,-8.533,-6.181,-0.931,-8.344,-23.17,-180.11,-3.22
,-5.896,-0.964,-8.339,-6.205,-0.73,-8.339,-21.21,-184.94,-1.12
,-5.93,-1.106,-8.346,-6.384,-0.304,-8.337,-17.22,-189.84,0.28
,-6.109,-1.089,-8.368,-6.114,0.127,-8.409,-11.9,-193.76,1.61
56712.0,-6.384,0.285,-7.897,-7.401,0.634,-7.105,4.9,-204.47,8.75
,-6.825,0.457,-7.571,-7.291,0.44,-6.782,4.55,-205.38,9.59
,-7.143,0.658,-7.382,-7.485,0.077,-5.999,1.82,-207.13,10.22
,-7.385,0.742,-7.212,-7.822,-0.026,-5.642,-1.96,-208.88,10.43
56788.0,-8.21,0.067,-5.322,-9.067,0.94,-3.908,2.59,-202.44,1.89
,-8.78,0.177,-4.989,-9.328,0.849,-3.271,6.65,-198.66,1.47
,-8.82,0.586,-4.659,-9.32,0.672,-2.85,8.47,-195.23,-0.42
,-8.765,0.948,-4.317,-9.402,0.481,-2.324,7.14,-191.17,-2.87
56863.0,-9.445,0.11,-1.558,-8.753,-0.914,-0.577,-19.18,-157.08,-12.39
,-9.215,0.146,-1.041,-8.777,-1.117,-0.392,-21.98,-147.21,-15.12
,-8.923,0.084,-0.983,-8.536,-0.976,0.06,-24.01,-135.03,-17.08
,-8.849,-0.335,-0.859,-8.445,-0.818,0.402,-25.48,-121.73,-16.66
56939.0,-8.447,-0.727,0.677,-8.011,0.893,0.814,1.89,-48.65,-2.66
,-8.349,-0.428,0.909,-7.968,0.926,0.464,5.32,-33.46,0.21
,-8.064,0.144,0.869,-7.88,0.993,0.153,5.25,-18.27,2.17
,-7.899,0.687,0.905,-7.894,1.048,-0.263,1.33,-2.38,3.71
57015.0,-7.882,0.962,-0.519,-20.895,-6.351,9.591,-37.73,66.5,5.95
,-8.007,0.804,-0.881,-16.98,-5.13,1.046,-45.36,77.07,6.16
,-8.942,0.424,-1.357,-9.531,2.221,1.45,-52.78,84.21,6.3
,-14.774,-3.061,-2.28,-8.346,3.479,2.398,-61.53,73.43,7.28
57091.0,-8.708,-2.034,3.766,-11.589,3.673,2.221,-95.83,20.23,-12.18
,-11.132,-5.106,4.846,-10.73,3.061,0.639,-88.48,37.52,1.54
,-9.84,-2.618,4.695,-9.859,2.18,-1.036,-57.61,55.09,11.34
,-10.806,1.11,4.14,-9.277,0.682,-2.962,-29.05,69.72,24.22
57166.0,-9.127,0.505,-3.709,-9.294,-0.794,-4.403,-48.65,93.52,13.72
,-8.437,1.28,-3.881,-9.524,-1.397,-3.996,-36.82,83.44,14.84
,-7.882,2.151,-4.125,-9.56,-0.574,-3.771,-31.71,73.78,13.09
,-8.289,1.295,-4.322,-9.6,0.266,-3.805,-33.95,66.85,12.67
57242.0,-9.44,0.914,-4.092,-10.129,1.472,-2.522,20.44,48.44,19.81
,-9.179,0.086,-3.893,-9.823,2.144,-2.273,12.67,47.6,16.45
,-9.378,-0.098,-3.51,-9.624,2.115,-2.376,4.27,46.55,12.67
,-9.785,0.641,-3.015,-9.629,1.728,-2.553,-6.37,44.1,9.03
57317.0,-9.354,1.235,-2.766,-9.782,1.668,-2.477,-48.51,35.07,1.89
,-9.359,0.613,-2.773,-9.672,1.048,-2.359,-36.05,33.18,6.79
,-9.44,0.452,-2.513,-9.519,0.17,-2.151,-20.44,30.45,10.5
,-9.608,1.194,-2.493,-9.615,-0.306,-2.19,-6.93,27.58,11.13
57393.0,-9.658,0.586,-2.276,-9.727,1.077,-2.668,-10.5,27.09,10.15
,-9.6,1.28,-2.314,-9.665,1.18,-3.037,-7.21,26.95,10.08
,-9.701,1.311,-2.273,-9.505,1.354,-3.436,-4.83,26.74,10.85
,-9.686,1.249,-2.328,-9.404,1.448,-3.862,-1.47,26.46,11.62
57469.0,-9.371,1.153,-3.972,-9.545,0.68,-3.096,7.07,19.11,9.45
,-9.404,0.893,-3.888,-9.564,0.818,-2.883,4.41,17.43,8.75
,-9.351,0.704,-3.776,-9.529,0.936,-2.632,3.43,15.68,8.19
,-9.433,0.522,-3.484,-9.564,1.206,-2.613,4.27,14.07,8.05
57545.0,-9.639,1.362,-2.639,-9.564,0.883,-2.998,4.2,9.66,6.51
,-9.545,1.29,-2.91,-9.629,1.196,-2.989,2.66,9.45,6.37
,-9.423,0.893,-2.967,-9.428,1.208,-2.845,1.82,9.1,6.37
,-9.383,0.718,-3.029,-9.572,1.158,-2.886,3.57,8.68,6.51
57621.0,-9.521,0.916,-2.812,-9.363,0.524,-2.123,0.14,5.81,5.32
,-9.509,0.838,-2.659,-9.6,0.603,-1.941,2.59,6.02,5.74
,-9.502,1.06,-2.718,-9.493,0.581,-1.788,5.25,5.95,6.09
,-9.347,0.735,-2.46,-9.495,0.699,-1.613,6.16,6.16,6.51
57696.0,-9.667,0.888,-1.531,-9.421,1.725,-2.96,18.06,12.39,8.96
,-9.706,1.333,-1.56,-9.342,1.548,-3.357,19.67,13.37,8.47
,-9.825,1.697,-1.96,-9.261,1.302,-3.525,18.83,14.0,7.77
,-9.667,1.89,-2.493,-9.284,1.098,-3.46,16.24,14.14,7.07
57772.0,-9.258,1.039,-3.305,-9.28,0.895,-3.044,18.69,11.69,5.32
,-9.39,1.144,-3.096,-9.265,0.328,-2.855,18.55,11.27,5.11
,-9.481,1.287,-3.154,-9.194,-0.06,-2.69,16.52,10.64,4.69
,-9.354,1.139,-3.099,-9.368,0.175,-2.455,14.21,10.57,4.9
57848.0,-9.541,0.895,-2.386,-9.407,1.452,-2.984,28.84,13.44,9.45
,-9.608,1.311,-2.273,-9.284,1.218,-3.226,28.84,14.63,9.52
,-9.61,1.551,-2.4,-9.17,0.936,-3.324,26.67,15.12,9.45
,-9.533,1.673,-2.67,-9.069,0.759,-3.415,24.64,15.4,9.03
57924.0,-9.198,0.747,-3.343,-9.292,0.988,-2.601,29.19,15.47,9.45
,-9.232,0.782,-3.214,-9.407,0.847,-2.568,31.99,15.54,10.01
,-9.328,1.022,-3.039,-9.433,0.919,-2.747,34.58,15.75,10.43
,-9.39,1.098,-2.831,-9.371,0.895,-2.86,34.93,16.24,10.71
57999.0,-9.206,0.692,-3.07,-9.208,0.428,-3.661,44.45,20.37,14.77
,-9.119,0.591,-3.199,-9.265,0.297,-3.888,46.83,21.0,15.54
,-9.17,0.622,-3.326,-9.179,0.337,-4.042,49.21,21.63,16.24
,-9.203,0.627,-3.565,-9.686,0.419,-4.046,51.59,22.54,17.01
58075.0,-9.519,2.235,-4.36,-9.1,2.249,-4.106,66.36,21.98,17.22
,-8.871,2.666,-4.247,-8.985,2.163,-4.137,59.99,21.49,16.87
,-9.16,2.668,-4.185,-9.296,2.149,-4.089,53.41,21.07,15.96
,-9.093,2.316,-4.089,-9.593,2.134,-4.226,50.61,20.02,14.77
58150.0,-9.629,1.752,-4.317,-9.775,0.763,-4.271,45.08,17.57,9.8
,-8.282,-0.11,-2.876,-9.282,1.811,-4.925,42.28,20.51,12.74
,-9.804,3.587,-3.709,-8.614,1.362,-5.001,60.34,17.5,24.01
,-9.002,2.503,-4.946,-8.679,1.139,-5.185,70.35,16.03,29.89
58226.0,-8.677,0.421,-5.274,-8.612,0.845,-4.525,79.8,12.67,25.27
,-8.533,0.23,-5.37,-8.794,1.474,-4.307,79.59,11.34,23.1
,-8.363,0.005,-5.178,-9.115,1.517,-4.106,80.08,10.08,20.93
,-8.382,0.213,-4.913,-9.117,1.328,-4.07,79.8,9.66,19.88
58302.0,-9.005,0.775,-3.991,-8.469,1.058,-4.972,69.37,10.29,23.45
,-8.847,0.742,-4.109,-8.368,0.857,-5.013,73.64,10.36,25.2
,-8.732,1.161,-4.57,-8.358,1.122,-5.185,77.91,10.15,26.25
,-8.555,1.419,-4.853,-8.428,1.216,-5.257,78.54,10.01,27.23
58378.0,-8.33,1.024,-5.24,-8.643,0.972,-4.513,77.98,6.44,29.05
,-8.263,0.732,-5.109,-8.722,0.998,-4.319,79.17,5.95,30.03
,-8.323,0.641,-4.855,-8.576,0.778,-4.212,82.32,5.88,31.43
,-8.538,0.665,-4.587,-8.557,0.596,-4.257,86.31,5.88,32.62
58453.0,-8.483,0.565,-4.542,-8.32,0.95,-5.142,92.26,7.77,40.39
,-8.418,0.605,-4.745,-8.244,0.73,-5.147,95.06,7.77,41.58
,-8.315,0.809,-4.858,-8.275,0.577,-5.236,97.02,7.56,42.42
,-8.315,1.019,-5.013,-8.256,0.603,-5.367,97.09,7.28,43.4
58529.0,-8.248,0.55,-5.329,-8.354,0.651,-5.193,100.03,3.29,46.34
,-8.282,0.349,-5.307,-8.306,0.546,-5.209,100.66,2.31,46.69
,-8.296,0.414,-5.195,-8.363,0.361,-5.15,101.36,1.54,47.04
,-8.37,0.548,-5.135,-8.526,0.268,-5.09,101.29,0.91,47.67
58605.0,-8.648,0.098,-5.051,-8.894,0.029,-4.903,98.07,-3.15,47.18
,-8.832,0.05,-4.932,-8.837,-0.168,-4.901,99.05,-3.64,46.97
,-8.928,0.201,-4.898,-8.859,-0.373,-4.771,99.33,-4.41,46.76
,-8.837,0.218,-4.934,-8.938,-0.34,-4.795,98.98,-4.83,46.97
58681.0,-8.969,-0.208,-4.716,-8.698,-0.275,-4.884,103.25,-5.88,49.21
,-8.964,0.132,-4.697,-8.528,-0.692,-4.972,104.3,-5.95,49.28
,-8.825,0.273,-4.779,-8.464,-0.79,-5.109,103.04,-6.16,49.42
,-8.684,0.134,-4.75,-8.449,-0.613,-5.109,101.64,-5.88,50.12
58757.0,-8.583,-0.323,-5.145,-9.05,0.806,-4.934,121.45,-6.86,59.36
,-8.67,0.043,-5.164,-8.921,1.067,-4.891,126.21,-7.07,60.69
,-8.832,0.388,-5.006,-8.873,0.969,-4.819,128.87,-7.35,61.53
,-8.861,0.663,-5.008,-8.856,0.687,-4.654,129.92,-8.05,62.02
58832.0,-8.603,0.179,-4.628,-8.205,0.711,-4.803,119.42,-8.89,62.3
,-8.466,-0.067,-4.494,-8.11,0.677,-4.929,121.59,-8.75,63.84
,-8.507,-0.144,-4.484,-8.064,0.534,-4.996,126.7,-8.96,64.82
,-8.363,0.239,-4.544,-8.172,0.495,-5.016,131.53,-9.17,65.1
58908.0,-8.461,0.431,-4.913,-8.801,0.067,-4.728,126.63,-11.76,62.79
,-8.581,0.447,-4.815,-8.871,0.244,-4.645,125.93,-11.97,61.39
,-8.693,0.292,-4.874,-8.952,0.325,-4.377,124.53,-12.39,60.48
,-8.787,0.062,-4.831,-8.964,0.337,-4.171,123.41,-12.88,60.13
58983.0,-9.005,0.369,-4.02,-8.969,0.091,-4.037,117.88,-13.09,54.67
,-8.966,0.402,-3.829,-8.911,-0.146,-4.02,114.66,-12.81,53.34
,-9.064,0.44,-3.941,-8.952,-0.476,-4.02,111.02,-12.88,52.01
,-9.009,0.337,-3.939,-9.007,-0.251,-4.121,107.17,-12.53,50.75
59059.0,-9.103,0.158,-4.185,-8.552,0.464,-4.185,112.7,-10.57,50.61
,-9.067,0.424,-4.164,-8.583,0.593,-4.274,113.61,-10.08,51.73
,-8.844,0.476,-4.116,-8.528,0.883,-4.305,113.54,-9.87,52.57
,-8.701,0.476,-4.202,-8.65,0.715,-4.357,112.84,-9.87,53.13
59135.0,-8.638,0.476,-4.262,-9.43,0.459,-4.692,106.47,-10.22,51.31
,-8.89,0.23,-4.343,-9.445,0.407,-4.673,105.84,-10.08,50.26
,-9.15,0.546,-4.47,-9.383,0.201,-4.685,105.07,-11.06,49.28
,-9.265,0.538,-4.614,-9.325,0.151,-4.724,102.97,-11.48,49.21
59211.0,-9.112,0.359,-4.597,-8.885,0.232,-4.561,109.69,-13.51,52.71
,-9.234,0.727,-4.716,-8.959,0.467,-4.384,111.3,-14.35,52.92
,-9.074,0.782,-4.905,-9.05,0.909,-4.233,109.55,-15.4,52.99
,-8.981,0.378,-4.774,-9.038,1.24,-4.082,108.22,-16.1,53.69
59286.0,-8.985,1.333,-3.776,-8.906,0.034,-3.575,106.47,-18.13,51.94
,-8.801,1.431,-3.446,-8.89,-0.067,-3.661,99.82,-18.13,50.47
,-8.765,0.969,-3.51,-8.76,0.285,-3.838,92.19,-18.06,49.07
,-8.844,0.258,-3.415,-8.674,0.608,-3.85,87.78,-17.36,48.58
59362.0,-8.734,1.0,-3.838,-8.94,0.409,-3.721,96.11,-16.38,46.62
,-8.653,1.206,-3.922,-9.045,0.273,-3.448,91.07,-16.24,44.87
,-8.658,1.022,-3.857,-9.165,0.278,-3.412,84.91,-16.17,42.98
,-8.823,0.629,-3.824,-9.33,0.498,-3.23,80.22,-16.1,40.67
59437.0,-9.399,0.66,-3.013,-9.538,-0.479,-2.79,62.02,-12.18,29.61
,-9.409,0.66,-3.001,-9.682,-0.002,-2.833,53.48,-10.92,26.53
,-9.418,0.297,-2.998,-9.653,0.615,-2.781,44.24,-9.73,23.1
,-9.378,-0.175,-2.788,-9.631,1.029,-2.769,37.52,-8.05,20.23
59513.0,-9.509,1.302,-2.886,-9.239,1.218,-3.357,11.48,-0.42,10.64
,-9.629,1.17,-2.996,-8.949,1.524,-3.623,6.09,0.42,9.52
,-9.643,1.091,-3.266,-8.744,1.472,-3.738,2.66,0.63,8.75
,-9.337,1.108,-3.312,-8.763,1.35,-3.912,2.31,1.4,9.17
59589.0,-8.799,1.204,-4.161,-9.325,-0.433,-3.738,-6.02,-0.77,6.58
,-8.99,0.708,-4.312,-9.509,0.44,-3.764,-8.4,-1.05,5.67
,-8.988,-0.141,-4.233,-9.471,0.995,-3.527,-10.01,-1.26,6.16
,-9.028,-0.66,-3.958,-9.744,1.058,-3.204,-6.02,-1.26,8.19
59665.0,-9.691,0.759,-3.068,-9.052,0.995,-2.35,-4.06,-0.49,7.63
,-9.275,0.605,-2.706,-9.342,1.079,-2.321,-5.88,0.21,7.7
,-8.916,0.747,-2.558,-9.474,1.168,-2.407,-5.67,1.05,7.63
,-9.165,0.648,-2.453,-9.337,0.945,-2.63,-5.88,1.75,7.0
59741.0,-9.541,1.208,-2.915,-9.282,2.19,-3.314,-0.21,8.12,9.87
,-9.488,1.625,-3.075,-9.143,2.099,-3.305,2.17,8.89,9.87
,-9.359,2.079,-3.125,-9.323,2.125,-3.482,2.52,9.59,8.82
,-9.485,2.328,-3.216,-9.112,2.149,-3.575,0.42,10.01,7.35
59816.0,-8.959,1.665,-3.587,-9.208,1.675,-3.448,-0.98,10.85,5.53
,-8.961,1.307,-3.467,-9.261,1.618,-3.565,2.03,11.13,6.23
,-9.265,1.371,-3.434,-9.179,1.79,-3.812,5.88,11.27,6.44
,-9.306,1.56,-3.434,-9.177,1.919,-4.094,7.56,10.99,6.09
59892.0,-8.906,2.0,-4.283,-9.012,1.321,-3.917,1.82,10.36,3.92
,-8.804,2.0,-4.164,-9.103,0.936,-3.955,-0.14,9.59,3.43
,-8.997,2.225,-4.228,-9.215,0.919,-3.999,-3.29,8.33,2.1
,-8.918,1.84,-4.104,-9.045,1.464,-4.061,-8.33,7.42,0.91
59968.0,-8.892,1.637,-4.168,-9.198,0.692,-4.123,-9.59,6.16,-0.84
,-8.997,1.211,-4.003,-9.095,1.062,-4.178,-12.04,6.09,-1.05
,-9.158,0.519,-3.932,-9.028,0.933,-4.274,-11.27,6.44,-0.91
,-9.313,0.479,-4.011,-8.942,0.404,-4.19,-6.65,6.58,-0.63
60044.0,-9.098,-0.089,-4.142,-9.088,1.235,-3.556,3.29,7.91,2.45
,-9.232,-0.093,-3.927,-8.902,0.699,-3.51,13.44,8.4,3.57
,-9.347,0.912,-3.798,-8.868,0.495,-3.384,20.72,8.68,4.62
,-9.217,1.242,-3.656,-8.976,0.919,-3.415,21.49,9.38,5.32
60119.0,-9.048,1.424,-3.333,-8.835,1.51,-3.305,28.77,14.42,9.1
,-9.196,1.345,-3.309,-8.964,1.397,-3.245,24.43,14.49,8.05
,-8.835,1.972,-3.431,-9.136,1.529,-3.314,18.06,13.72,6.93
,-8.55,1.56,-3.415,-9.088,1.594,-3.551,12.46,14.28,6.93
60195.0,-9.038,1.204,-3.877,-9.191,1.287,-4.393,6.02,18.76,7.14
,-8.847,0.553,-4.015,-9.296,0.78,-4.42,6.79,19.81,7.56
,-8.966,0.503,-4.123,-9.217,0.663,-4.475,10.99,20.37,8.12
,-9.064,1.106,-4.293,-9.153,1.077,-4.511,14.91,20.79,8.33
60270.0,-9.17,1.28,-4.558,-9.323,1.345,-4.152,19.18,22.89,8.75
,-9.115,1.141,-4.499,-9.507,1.144,-4.142,20.09,23.38,8.96
,-9.275,1.113,-4.341,-9.273,1.196,-4.202,22.12,23.94,9.24
,-9.289,1.218,-4.348,-9.651,1.653,-4.164,24.22,24.78,9.45
60346.0,-9.237,2.096,-4.31,-9.469,2.213,-4.168,24.64,28.07,7.98
,-9.215,1.718,-4.101,-9.368,1.33,-4.19,21.84,29.26,7.56
,-9.241,2.07,-4.089,-9.237,0.792,-4.13,21.56,30.03,6.93
,-9.478,2.405,-4.164,-9.246,0.861,-4.145,21.21,30.87,5.88
60422.0,-9.239,0.835,-4.159,-9.155,1.048,-3.836,18.41,37.1,3.29
,-9.052,0.524,-4.185,-9.186,1.488,-3.75,17.99,38.92,2.73
,-8.985,0.294,-4.097,-9.167,1.309,-3.704,18.2,40.81,2.52
,-9.088,0.471,-3.963,-9.086,0.799,-3.632,19.53,42.7,2.31
60498.0,-9.076,0.376,-3.57,-9.342,-0.048,-3.659,11.13,53.06,3.01
,-9.189,0.378,-3.522,-9.457,-0.632,-3.671,15.26,55.72,4.69
,-9.22,0.536,-3.549,-9.519,-1.005,-3.606,18.27,57.96,6.23
,-9.265,0.404,-3.623,-9.526,-1.299,-3.482,19.11,60.55,8.05
60573.0,-9.464,-1.543,-3.099,-9.631,-1.409,-3.171,42.28,77.91,26.6
,-9.454,-1.732,-2.929,-9.605,-1.086,-3.673,52.78,81.9,31.15
,-9.478,-1.627,-2.883,-9.569,-0.849,-4.233,63.14,85.89,35.77
,-9.588,-1.462,-2.934,-9.45,-0.593,-5.071,73.64,89.67,40.95
60649.0,-9.505,-0.433,-6.009,-8.622,1.548,-8.598,100.8,99.61,59.78
,-9.191,-0.01,-6.817,-8.354,2.079,-8.631,106.54,98.14,60.9
,-8.906,0.246,-7.511,-8.196,2.087,-8.801,113.4,97.3,61.32
,-8.76,0.605,-7.753,-7.657,1.843,-9.086,119.7,96.88,60.62
60725.0,-7.064,1.388,-8.993,-5.721,-1.036,-9.079,66.08,88.69,46.06
,-6.588,0.646,-9.033,-5.626,-0.907,-9.086,51.38,80.64,42.7
,-6.243,-0.208,-9.072,-5.346,-0.555,-9.062,39.55,71.68,40.11
,-5.875,-0.849,-8.981,-5.279,-0.043,-8.851,34.72,62.3,39.13
60801.0,-5.343,0.316,-8.629,-5.619,1.204,-8.244,54.32,15.82,39.62
,-5.444,0.749,-8.327,-5.097,0.883,-8.488,52.08,5.67,37.94
,-5.511,0.972,-8.038,-4.92,0.299,-8.375,45.71,-4.9,35.21
,-5.815,1.153,-7.834,-5.109,-0.158,-8.248,34.93,-17.43,31.36
60877.0,-5.173,-0.541,-8.062,-5.597,-1.543,-7.803,-7.28,-72.73,29.4
,-4.941,-1.072,-8.038,-6.147,-1.345,-7.483,-7.63,-80.92,29.75
,-4.96,-1.371,-8.107,-6.482,-0.787,-7.655,-3.85,-87.08,31.15
,-5.178,-1.584,-8.071,-6.466,-0.213,-7.734,3.08,-92.19,31.36
60952.0,-6.305,0.156,-7.877,-6.406,0.077,-7.519,25.9,-127.19,30.1
,-6.243,0.263,-7.88,-6.542,0.409,-7.564,20.23,-133.07,29.47
,-6.329,0.002,-7.624,-6.662,0.737,-7.779,15.54,-138.81,28.7
,-6.353,-0.067,-7.578,-6.636,0.718,-7.607,13.51,-144.62,27.37
61028.0,-6.731,0.83,-7.435,-7.463,0.474,-6.667,-4.69,-170.24,14.42
,-6.475,0.96,-7.569,-7.542,0.447,-6.494,-11.2,-173.32,11.27
,-6.576,0.924,-7.389,-7.588,0.357,-6.217,-16.73,-175.77,8.82
,-6.99,0.629,-6.999,-7.722,0.141,-5.966,-19.74,-177.73,6.79
61103.0,-8.011,-0.017,-5.681,-8.71,0.443,-4.63,-15.89,-189.07,-1.82
,-8.387,-0.057,-5.382,-8.693,0.677,-4.42,-11.34,-189.84,-3.36
,-8.619,0.026,-5.102,-8.775,0.524,-3.965,-6.72,-190.47,-5.04
,-8.619,0.23,-4.946,-9.05,0.44,-3.604,-3.64,-190.75,-6.93
61179.0,-9.258,0.27,-3.29,-9.44,0.318,-1.067,-4.62,-179.69,-15.4
,-9.538,0.292,-2.828,-9.349,0.244,-0.883,-3.85,-175.0,-16.73
,-9.454,0.39,-2.178,-9.375,0.002,-0.692,-4.34,-168.98,-17.78
,-9.392,0.409,-1.598,-9.495,-0.459,-0.335,-5.67,-161.42,-18.06
61255.0,-9.265,-0.316,0.715,-8.27,0.311,1.144,-12.39,-114.31,-14.63
,-9.122,0.115,0.567,-8.545,-0.156,1.366,-15.89,-103.6,-15.54
,-8.564,0.704,0.493,-8.538,-0.086,1.486,-23.87,-91.07,-16.38
,-8.222,0.763,0.704,-8.39,0.101,1.268,-32.55,-76.44,-14.7
61331.0,-8.232,-0.031,1.137,-8.248,0.103,-0.235,-52.64,-3.85,-5.95
,-8.167,-0.266,0.976,-8.282,0.163,-0.455,-55.65,9.94,-3.57
,-8.081,-0.349,0.66,-8.287,0.419,-0.771,-55.93,23.38,-1.05
,-8.145,-0.175,0.249,-8.112,0.498,-1.34,-54.88,35.49,1.05
61406.0,-7.894,0.447,-1.637,-18.478,-8.569,8.82,-64.05,78.19,8.89
,-7.854,0.409,-1.936,-21.065,-8.174,6.753,-64.75,84.21,10.99
,-8.413,-0.057,-2.07,-14.338,-2.816,0.404,-64.82,88.69,13.79
,-11.065,-1.78,-1.809,-8.859,1.697,1.218,-62.72,84.98,16.38
61482.0,-8.122,0.981,1.929,-11.847,-0.165,-2.379,-27.09,36.89,-3.5
,-9.411,-3.003,1.292,-10.301,2.989,-3.623,-47.67,53.48,18.41
,-9.935,-3.453,1.534,-7.452,3.774,-4.054,-42.63,71.05,32.06
,-10.596,-1.826,1.163,-5.994,3.64,-4.087,-11.27,87.64,42.63
61558.0,-7.145,2.213,-4.762,-9.892,1.189,-3.589,-26.95,78.68,11.83
,-8.777,0.696,-4.984,-10.565,1.278,-3.427,-36.89,73.71,11.2
,-9.167,0.431,-4.197,-10.311,1.091,-3.053,-30.8,70.63,14.77
,-9.1,0.749,-3.905,-9.811,0.613,-2.948,-17.29,66.64,17.57
61634.0,-9.117,0.182,-3.13,-9.485,3.912,-4.274,-8.61,53.83,19.32
,-8.945,0.175,-3.549,-9.44,2.86,-3.929,1.12,52.36,16.59
,-9.359,1.261,-3.989,-9.44,1.187,-3.522,9.73,49.49,12.95
,-9.474,3.149,-4.252,-9.428,0.187,-3.384,4.55,45.85,10.22
61709.0,-9.452,-0.117,-3.163,-9.655,2.249,-2.453,-39.34,33.88,4.76
,-9.229,-0.014,-2.977,-9.763,2.309,-2.4,-27.23,32.27,7.28
,-9.323,0.443,-2.666,-9.619,2.376,-2.615,-15.12,31.08,10.22
,-9.624,1.412,-2.498,-9.275,2.02,-2.97,-7.21,30.03,11.48
61785.0,-9.421,0.964,-3.192,-9.497,0.129,-4.18,-30.31,26.74,8.47
,-9.366,0.285,-3.625,-9.485,0.668,-4.374,-24.64,26.25,7.84
,-9.383,-0.275,-3.802,-9.548,0.888,-4.501,-15.19,25.97,8.12
,-9.488,-0.577,-3.996,-9.354,1.134,-4.549,-4.13,25.69,9.17
61861.0,-9.289,1.141,-4.221,-9.275,1.28,-3.35,10.22,20.79,8.61
,-9.323,1.151,-3.987,-9.342,1.419,-3.376,11.55,19.11,8.05
,-9.261,1.108,-3.838,-9.222,1.287,-3.226,12.11,17.78,7.7
,-9.055,0.976,-3.441,-9.244,1.251,-3.235,13.02,16.66,8.33
61936.0,-9.366,1.225,-3.197,-9.342,1.278,-3.35,10.64,14.77,8.68
,-9.509,1.208,-3.216,-9.229,1.601,-3.46,11.41,14.77,8.4
,-9.509,0.893,-3.185,-9.222,1.407,-3.484,12.95,14.84,8.19
,-9.478,0.818,-3.266,-9.296,1.151,-3.494,15.68,14.98,8.4
62012.0,-9.086,0.806,-3.228,-9.229,1.194,-3.118,10.85,14.91,6.72
,-9.095,1.077,-3.364,-9.265,1.211,-3.037,13.86,14.56,6.65
,-9.055,1.34,-3.355,-9.325,1.24,-2.927,14.63,14.49,6.58
,-9.064,1.412,-3.221,-9.43,1.5,-3.178,13.16,14.77,6.79
62088.0,-9.301,1.429,-3.295,-9.225,0.957,-3.63,11.97,17.5,6.79
,-9.148,1.39,-3.498,-9.335,0.651,-3.446,11.83,17.92,6.79
,-9.182,1.29,-3.745,-9.174,0.601,-3.228,11.97,17.85,6.58
,-9.086,1.271,-3.738,-9.064,0.852,-3.094,12.32,17.99,6.51
62164.0,-9.105,1.192,-2.907,-9.287,1.184,-2.752,16.94,21.35,7.56
,-9.225,1.125,-2.915,-9.273,1.804,-3.089,13.79,22.54,7.28
,-9.277,0.625,-2.682,-8.995,1.898,-3.362,11.76,24.01,7.42
,-9.287,0.591,-2.632,-8.916,1.268,-3.546,14.35,25.83,8.12
62239.0,-8.871,0.983,-3.62,-8.93,2.199,-3.676,4.69,30.24,6.72
,-8.99,1.031,-3.553,-9.067,2.089,-3.92,6.86,30.87,6.51
,-8.993,1.405,-3.496,-9.129,1.235,-4.156,8.26,31.22,6.16
,-8.99,1.945,-3.467,-9.316,0.78,-4.549,7.0,31.36,5.67
62315.0,-9.395,0.873,-4.716,-9.349,0.78,-4.724,5.67,34.58,5.11
,-9.447,1.022,-4.886,-9.27,1.311,-4.865,9.31,34.93,5.74
,-9.416,1.429,-4.867,-9.34,0.983,-4.764,12.53,34.93,7.77
,-9.509,1.247,-4.671,-9.545,0.83,-4.692,15.05,35.56,7.84
62391.0,-9.77,1.196,-4.463,-9.806,1.833,-3.355,24.22,39.06,2.24
,-9.943,1.572,-4.161,-10.28,3.664,-3.369,25.06,39.97,1.4
,-9.928,1.938,-3.855,-10.483,2.948,-3.656,22.82,40.88,0.35
,-9.765,1.716,-3.563,-9.765,-0.306,-3.477,20.51,42.63,0.0
62467.0,-9.608,-1.572,-3.063,-9.174,-0.507,-2.938,14.28,55.3,-4.27
,-9.698,-0.067,-2.804,-9.21,-0.857,-2.771,27.16,57.4,-1.33
,-9.658,1.201,-3.051,-9.442,-0.562,-2.675,28.49,60.2,-1.75
,-9.366,0.574,-3.001,-9.514,0.074,-2.709,19.95,63.56,-3.99
62542.0,-9.619,0.392,-2.833,-9.923,-0.488,-2.505,18.06,81.55,-3.85
,-9.608,0.337,-2.785,-9.964,-0.976,-1.972,14.98,85.26,-3.5
,-9.749,0.086,-2.749,-10.321,-1.634,-1.438,13.09,88.97,-2.31
,-9.856,-0.203,-2.62,-10.548,-1.917,-1.086,13.23,92.33,-0.21
62618.0,-10.658,-1.591,-1.024,-9.61,-0.136,-4.585,58.24,112.07,28.14
,-10.816,-1.177,-1.661,-9.182,0.663,-5.482,67.06,114.87,33.53
,-10.424,-0.828,-2.331,-9.074,1.479,-6.573,72.8,117.46,37.38
,-10.038,-0.328,-3.393,-9.485,2.154,-7.693,76.3,119.63,39.76
62693.0,-9.964,2.699,-8.571,-7.794,2.965,-10.404,66.99,123.41,34.16
,-9.964,3.185,-9.198,-7.069,2.17,-10.68,54.95,121.17,32.13
,-9.785,3.192,-9.478,-5.949,1.591,-10.89,42.0,115.92,28.14
,-8.653,3.441,-10.041,-5.042,0.117,-11.799,32.55,107.94,24.5
62769.0,-4.405,-1.488,-11.132,-5.731,0.574,-9.189,2.73,57.54,16.31
,-4.836,-1.979,-10.342,-5.25,1.247,-9.028,13.72,49.14,18.55
,-5.245,-1.668,-9.885,-4.917,1.462,-8.835,29.05,35.63,20.65
,-5.396,-0.531,-9.507,-4.424,1.385,-8.868,41.51,20.51,21.7
62845.0,-4.156,0.751,-8.842,-3.594,-1.625,-8.43,9.24,-55.72,14.7
,-3.929,-0.01,-8.808,-3.582,-1.613,-8.449,-0.21,-68.04,16.31
,-3.577,-0.847,-8.717,-3.898,-1.247,-8.339,-4.34,-79.45,17.64
,-3.577,-1.366,-8.483,-4.118,-0.658,-8.287,-2.24,-91.56,16.59
62921.0,-4.702,-0.048,-8.275,-5.169,-0.084,-8.143,11.13,-146.79,4.83
,-5.027,0.124,-8.361,-5.26,-0.412,-8.198,2.1,-156.03,4.34
,-5.042,0.11,-8.409,-5.233,-0.715,-8.423,-6.09,-163.66,4.55
,-5.044,0.079,-8.277,-5.202,-0.962,-8.349,-13.51,-169.96,5.04
62997.0,-5.391,-0.955,-8.043,-5.958,0.84,-8.464,-18.2,-199.92,2.24
,-5.611,-0.519,-7.947,-6.485,0.718,-7.952,-14.28,-204.54,-0.14
,-5.65,0.144,-8.047,-6.604,0.651,-7.954,-12.74,-208.39,-2.17
,-6.006,0.641,-8.402,-6.571,0.421,-7.597,-15.61,-212.59,-3.92
63072.0,-6.992,0.203,-7.188,-8.014,0.0,-5.891,-24.36,-223.86,-12.32
,-7.279,0.117,-7.028,-8.77,0.215,-5.681,-23.66,-225.61,-14.7
,-7.514,0.026,-6.71,-8.89,0.28,-5.207,-23.03,-226.17,-16.52
,-7.875,-0.029,-6.293,-9.091,0.057,-4.745,-21.98,-225.82,-18.27
63148.0,-9.213,-0.273,-3.896,-10.019,0.479,-0.814,-28.42,-210.7,-22.75
,-9.371,-0.462,-3.072,-10.017,1.225,-0.763,-28.07,-203.98,-24.15
,-9.555,-0.11,-2.319,-9.488,1.106,-0.12,-26.88,-195.51,-24.36
,-9.306,-0.179,-0.962,-9.206,0.337,0.23,-25.55,-183.96,-24.15
63224.0,-8.619,-0.467,0.804,-7.54,-1.591,2.35,-44.17,-110.39,-27.09
,-7.954,-0.909,1.527,-7.387,-0.814,2.163,-42.35,-90.65,-23.31
,-7.748,-1.333,1.919,-7.337,0.208,1.596,-38.92,-69.16,-18.27
,-7.432,-1.572,2.278,-7.478,0.663,1.058,-31.57,-46.13,-12.11
63300.0,-7.621,0.981,0.433,-14.386,-3.041,-1.101,-26.6,59.22,11.2
,-7.562,1.039,-0.302,-21.708,-8.89,8.244,-33.95,75.25,13.93
,-7.516,0.861,-0.861,-16.346,-6.14,2.532,-41.09,88.9,16.24
,-8.404,0.347,-1.476,-8.894,0.905,2.185,-47.11,97.37,18.2
63375.0,-7.798,1.472,2.118,-12.658,2.312,-0.766,-40.39,43.33,-11.55
,-9.033,-3.86,2.103,-11.814,2.613,-5.095,-64.82,58.73,8.89
,-10.653,-5.377,3.455,-8.679,3.343,-5.791,-54.39,78.89,23.1
,-10.73,-2.544,2.893,-5.748,3.833,-5.456,-22.05,101.22,48.02
63451.0,-4.568,3.412,-5.951,-9.703,1.898,-5.485,-28.49,91.63,15.89
,-7.26,2.4,-6.724,-10.029,1.034,-4.657,-39.97,81.55,13.37
,-9.21,1.452,-6.54,-10.091,-0.11,-4.19,-39.97,75.6,15.26
,-9.261,1.838,-5.757,-9.651,-0.902,-3.594,-28.91,71.47,17.92
63526.0,-9.27,-1.117,-3.118,-9.478,1.5,-3.52,-18.13,53.34,17.78
,-9.354,-0.644,-3.072,-9.536,0.806,-3.252,-11.27,51.38,16.38
,-9.485,0.361,-3.218,-9.665,0.778,-2.974,-6.86,49.91,15.68
,-9.335,1.328,-3.439,-9.507,1.682,-2.938,-9.8,48.51,15.4
63602.0,-9.323,2.197,-2.984,-9.481,-0.201,-2.448,-17.22,37.31,10.92
,-9.543,2.254,-2.881,-9.739,-0.67,-2.544,-15.82,35.42,10.57
,-9.421,2.044,-2.876,-9.765,-0.041,-2.759,-16.87,33.39,11.41
,-9.323,1.029,-2.687,-9.667,0.881,-3.082,-17.43,32.9,13.44
63678.0,-9.591,1.936,-3.743,-9.404,0.967,-4.209,5.46,33.04,14.07
,-9.282,2.245,-3.898,-9.641,1.208,-4.13,1.19,31.92,13.58
,-9.284,1.625,-3.994,-9.294,1.907,-4.051,-1.05,30.52,13.37
,-9.385,1.11,-4.133,-9.04,1.764,-3.821,2.17,28.42,12.04
63754.0,-9.27,1.802,-3.68,-9.665,-0.048,-2.917,1.33,16.73,7.91
,-9.256,1.699,-3.398,-9.603,-0.127,-2.991,-3.29,15.75,6.72
,-9.483,1.402,-3.175,-9.531,0.416,-3.099,-7.42,15.47,6.09
,-9.6,0.646,-3.003,-9.536,0.991,-3.254,-10.29,15.89,5.67
63829.0,-9.507,0.83,-3.508,-9.251,1.199,-3.769,12.25,18.97,6.44
,-9.371,0.61,-3.719,-9.32,1.352,-3.781,12.6,19.18,6.72
,-9.17,0.648,-3.668,-9.253,1.125,-3.678,14.7,19.25,7.7
,-9.217,0.852,-3.793,-9.06,1.096,-3.661,18.48,19.04,8.54
63905.0,-8.997,0.964,-3.424,-9.287,1.924,-2.721,20.58,16.94,8.75
,-9.15,0.974,-3.132,-9.375,1.728,-2.553,20.09,16.87,8.61
,-9.375,1.333,-2.977,-9.308,1.381,-2.412,18.69,16.73,7.77
,-9.256,1.9,-2.809,-9.167,1.409,-2.417,15.26,16.66,6.79
63981.0,-9.273,1.579,-2.465,-9.249,1.06,-2.85,7.49,22.05,5.11
,-9.268,1.429,-2.458,-9.162,0.897,-3.065,7.14,23.45,4.97
,-9.249,1.194,-2.556,-9.206,0.9,-3.276,7.14,24.92,4.83
,-9.237,1.158,-2.711,-9.198,0.881,-3.503,7.56,26.18,4.83
64057.0,-9.301,0.718,-3.731,-9.069,0.897,-3.984,8.4,31.08,3.71
,-9.536,0.591,-3.814,-9.074,0.945,-4.078,8.12,31.29,2.8
,-9.241,1.079,-3.965,-9.261,0.928,-4.135,7.28,31.29,2.8
,-9.174,0.998,-3.979,-9.356,0.644,-4.056,5.81,31.92,3.57
64133.0,-9.39,0.447,-3.884,-9.474,1.455,-3.491,7.0,34.09,3.71
,-9.397,0.668,-3.75,-9.485,1.055,-3.707,10.57,35.0,3.92
,-9.316,1.187,-3.747,-9.529,1.393,-3.68,11.06,35.77,3.71
,-9.232,1.275,-3.527,-9.471,1.144,-3.812,11.2,36.75,4.48
64208.0,-9.73,0.895,-3.652,-9.562,1.161,-3.96,11.06,44.24,1.19
,-9.541,1.534,-3.879,-9.593,1.474,-3.979,12.81,45.5,0.42
,-9.627,1.479,-3.982,-9.892,2.836,-3.793,12.39,46.97,-0.49
,-9.624,1.184,-4.034,-10.744,4.614,-4.14,12.46,48.58,-0.91
64284.0,-10.22,2.704,-4.176,-9.794,1.139,-3.259,5.46,56.14,-10.08
,-9.392,-1.012,-3.819,-9.371,0.347,-3.195,0.91,59.64,-10.99
,-9.313,-1.414,-3.429,-9.296,-0.598,-3.094,14.0,61.32,-7.35
,-9.66,0.505,-3.422,-9.373,-0.928,-3.044,26.74,62.79,-3.85
64359.0,-9.481,-0.902,-3.003,-9.828,0.019,-3.343,17.57,78.47,-4.2
,-9.663,-0.223,-3.02,-9.861,-0.603,-3.116,20.86,81.55,-2.66
,-9.761,0.481,-3.216,-10.036,-1.223,-2.568,21.0,84.21,-2.1
,-9.775,0.56,-3.412,-10.306,-1.74,-1.764,17.15,86.94,-1.89
64435.0,-10.601,-1.922,-1.304,-10.189,-0.976,-2.656,42.63,105.49,19.74
,-10.548,-1.694,-1.012,-9.576,-0.665,-3.623,56.35,109.06,25.55
,-10.864,-1.28,-1.424,-9.076,-0.101,-4.396,67.76,112.21,31.29
,-10.658,-1.278,-1.902,-8.815,1.151,-5.307,75.53,115.08,36.68
64511.0,-9.182,2.678,-6.918,-8.516,3.199,-9.921,92.89,118.65,37.94
,-9.418,3.266,-8.449,-7.437,2.429,-10.153,71.54,117.53,33.88
,-9.306,3.448,-8.971,-6.633,1.232,-10.359,48.65,115.85,31.43
,-8.923,3.159,-8.971,-5.712,0.268,-10.62,30.38,112.91,29.33
64587.0,-5.456,-0.522,-10.543,-3.879,-0.632,-10.041,7.07,67.76,21.49
,-4.905,-0.761,-10.708,-4.403,-0.084,-9.746,14.42,56.77,20.02
,-4.434,-0.629,-11.024,-4.223,0.723,-9.428,19.53,45.71,19.04
,-3.74,-0.873,-10.493,-4.24,1.29,-8.99,25.27,37.24,18.76
64662.0,-4.439,1.764,-8.734,-4.075,0.424,-8.933,28.14,-28.14,7.7
,-4.317,1.759,-8.813,-4.295,0.218,-8.856,12.67,-45.08,4.06
,-4.011,1.29,-8.957,-4.233,0.053,-8.732,-2.66,-61.67,0.77
,-3.845,0.766,-8.801,-4.453,-0.287,-8.39,-10.43,-74.62,-0.7
64738.0,-4.989,-0.246,-8.246,-5.542,-0.794,-8.478,-23.73,-128.8,-7.56
,-5.095,-0.249,-8.504,-5.75,-0.907,-8.318,-25.76,-137.27,-10.01
,-5.152,-0.512,-8.598,-5.82,-0.778,-8.205,-28.07,-143.5,-10.08
,-5.37,-0.615,-8.643,-5.879,-0.718,-8.122,-30.1,-149.31,-8.75
64813.0,-6.021,-0.945,-8.224,-6.643,-0.311,-7.53,-30.8,-177.24,-0.21
,-5.729,-1.096,-8.289,-6.786,0.189,-7.411,-26.46,-181.16,2.52
,-6.035,-1.146,-7.906,-6.822,0.625,-7.167,-17.78,-182.42,4.9
,-6.394,-0.811,-7.614,-6.999,1.017,-7.083,-9.87,-184.66,5.81
64889.0,-6.949,1.307,-7.239,-7.475,0.036,-6.334,-21.35,-198.45,0.63
,-6.923,1.18,-7.095,-7.526,-0.112,-6.025,-29.19,-200.41,-2.17
,-7.016,0.809,-6.932,-7.712,-0.168,-5.915,-35.07,-202.58,-5.39
,-7.272,0.38,-6.533,-7.949,-0.201,-5.712,-37.59,-204.19,-8.82
64965.0,-8.071,-0.041,-5.647,-9.277,-0.036,-3.69,-36.26,-210.77,-24.64
,-8.626,-0.139,-4.815,-9.232,-0.105,-3.072,-30.66,-207.48,-25.48
,-9.287,-0.366,-4.226,-8.65,-0.701,-1.359,-27.44,-204.26,-26.67
,-9.411,-0.244,-4.003,-8.947,-0.948,-1.07,-30.17,-201.39,-27.51
65041.0,-9.44,-0.261,-0.957,-8.421,0.014,0.517,-28.35,-159.39,-30.8
,-9.344,0.828,-0.62,-8.052,-0.857,1.316,-27.58,-147.07,-31.5
,-9.036,1.297,-0.438,-7.87,-1.235,1.792,-34.02,-132.23,-31.08
,-8.882,0.871,-0.534,-7.59,-1.158,2.125,-45.29,-115.92,-30.66
65117.0,-7.578,-0.699,1.924,-8.222,0.098,-0.861,-40.53,-7.14,-8.05
,-7.765,-0.275,1.5,-8.117,0.0,-1.378,-37.59,15.19,-2.1
,-7.985,0.244,0.84,-8.789,-0.273,-2.032,-38.01,36.12,2.52
,-8.191,0.297,-0.096,-13.845,-3.58,-1.943,-41.16,55.37,6.65
65192.0,-19.842,-8.488,6.856,-9.337,-3.312,1.23,-9.38,56.63,33.11
,-16.016,-5.75,2.726,-10.215,-3.802,0.811,31.92,38.92,27.79
,-10.086,0.139,0.632,-8.629,-2.67,-0.053,39.34,38.08,5.95
,-8.868,0.715,0.553,-9.155,-1.967,0.988,8.89,44.31,0.49
65268.0,-11.326,0.883,-0.342,-7.942,2.895,-5.391,51.52,88.62,38.5
,-10.639,5.142,-2.144,-8.569,0.826,-4.671,49.77,84.0,29.61
,-8.921,7.373,-3.8,-9.036,0.641,-4.381,22.89,83.16,20.23
,-7.717,6.028,-5.25,-9.414,1.165,-4.2,-19.11,84.98,15.61
65344.0,-9.835,0.756,-3.845,-9.584,-0.086,-3.13,-16.31,60.83,18.41
,-9.943,-0.124,-3.632,-9.296,1.196,-3.197,-9.94,57.54,19.81
,-9.811,-0.723,-3.257,-9.433,2.601,-3.496,-0.63,55.51,21.91
,-9.648,-0.842,-2.903,-9.574,3.381,-3.587,11.76,53.69,22.96
65420.0,-9.507,2.831,-3.24,-9.799,-0.203,-2.706,-36.61,43.05,7.21
,-9.33,1.201,-2.857,-9.844,1.043,-2.831,-57.33,41.09,5.6
,-9.208,-0.17,-2.589,-9.596,1.821,-2.754,-62.23,39.83,5.04
,-9.469,-0.677,-2.73,-9.462,2.087,-2.661,-52.36,38.43,5.18
65495.0,-9.533,1.85,-2.737,-9.517,0.218,-3.697,-7.14,31.08,13.23
,-9.641,1.498,-2.989,-9.485,-0.101,-3.735,-9.73,30.31,11.69
,-9.579,1.213,-3.147,-9.56,0.12,-3.79,-13.23,29.4,10.57
,-9.514,0.548,-3.376,-9.562,0.486,-3.721,-15.33,28.77,10.08
65571.0,-9.471,0.581,-3.565,-9.172,1.254,-3.47,17.36,26.11,12.25
,-9.505,1.089,-3.609,-9.349,0.964,-3.695,23.8,24.64,11.2
,-9.643,1.429,-3.697,-9.368,0.735,-3.513,25.62,22.82,10.71
,-9.447,1.582,-3.558,-9.261,0.605,-3.455,23.45,21.21,10.01
65646.0,-9.33,0.828,-3.297,-9.387,1.687,-2.749,3.92,15.4,6.44
,-9.414,1.175,-3.058,-9.371,1.39,-2.649,5.39,14.84,6.16
,-9.438,1.663,-2.905,-9.459,1.22,-2.575,6.02,14.21,5.95
,-9.435,1.89,-2.771,-9.478,1.414,-2.819,4.97,14.28,5.95
65722.0,-9.33,1.462,-2.764,-9.325,1.003,-2.733,3.57,14.84,5.88
,-9.258,1.467,-2.821,-9.495,0.73,-2.685,1.05,14.98,5.74
,-9.208,1.326,-2.898,-9.548,0.62,-2.802,-1.47,15.12,5.53
,-9.244,1.156,-2.802,-9.459,0.577,-2.785,-2.87,15.26,5.53
65798.0,-9.44,0.747,-2.845,-9.323,0.754,-3.209,5.25,19.25,5.74
,-9.488,0.955,-3.077,-9.186,0.775,-3.07,5.74,19.81,5.53
,-9.383,1.039,-3.151,-9.225,0.794,-2.891,5.46,20.51,5.32
,-9.301,0.897,-3.18,-9.215,1.015,-2.726,5.25,20.86,5.39
65874.0,-9.277,1.225,-2.728,-9.024,0.924,-2.934,14.84,24.43,6.79
,-9.206,1.173,-2.726,-8.969,0.766,-2.958,12.39,25.34,6.23
,-9.103,1.07,-2.809,-9.033,0.919,-3.137,10.36,26.53,6.02
,-9.131,0.979,-2.924,-9.174,1.015,-3.223,8.75,27.37,5.95
65949.0,-9.189,1.151,-3.214,-9.337,0.615,-3.604,7.77,31.5,6.58
,-9.337,1.175,-3.283,-9.349,0.725,-3.652,6.72,32.48,5.88
,-9.45,1.165,-3.451,-9.289,1.151,-3.687,5.46,33.46,4.97
,-9.347,0.885,-3.539,-9.184,1.402,-3.74,3.85,34.44,4.34
66025.0,-9.261,1.328,-3.644,-9.234,1.661,-4.032,7.0,38.36,3.85
,-9.385,1.292,-3.671,-9.457,1.634,-4.264,6.44,38.78,3.15
,-9.311,1.335,-3.685,-9.485,1.481,-4.427,6.65,39.34,2.73
,-9.177,1.725,-3.888,-9.526,1.115,-4.396,5.6,39.2,2.38
66101.0,-9.5,1.177,-4.539,-9.497,1.036,-4.63,8.82,42.42,2.73
,-9.373,1.352,-4.759,-9.718,1.486,-4.448,12.53,43.12,3.15
,-9.363,1.24,-4.783,-10.246,3.695,-3.9,14.91,43.96,3.57
,-9.426,0.905,-4.745,-11.385,4.831,-4.197,18.41,44.8,3.85
66177.0,-10.505,1.716,-3.833,-10.11,0.727,-2.694,8.68,51.8,-8.33
,-9.615,-1.972,-3.118,-9.61,-0.562,-2.503,8.82,55.72,-7.7
,-9.718,-0.936,-2.656,-9.368,-0.916,-2.45,25.34,57.61,-2.87
,-10.328,1.077,-2.728,-9.316,-0.732,-2.529,32.83,59.43,-0.63
66253.0,-9.273,-0.979,-2.694,-9.261,0.156,-3.388,16.31,78.33,-0.98
,-9.136,-1.043,-2.977,-9.32,-0.012,-3.415,17.78,81.97,0.28
,-9.258,-0.436,-3.293,-9.289,-0.452,-3.163,20.93,84.7,1.68
,-9.32,-0.115,-3.352,-9.457,-1.074,-2.745,21.49,87.15,2.73
66328.0,-9.619,-0.981,-2.589,-8.787,-0.306,-3.544,39.97,101.01,16.24
,-9.445,-0.56,-2.587,-8.667,-0.802,-4.03,50.26,103.04,19.46
,-9.261,-0.105,-2.876,-8.672,-1.029,-4.786,57.4,105.0,22.26
,-9.064,-0.031,-3.24,-8.571,-0.632,-5.664,59.57,106.4,24.99
66404.0,-8.418,0.457,-6.267,-8.983,2.359,-8.839,77.0,102.76,27.79
,-8.308,1.28,-7.035,-8.99,2.474,-9.383,74.34,101.92,22.75
,-8.22,2.182,-8.303,-8.595,2.864,-9.763,62.3,102.76,17.43
,-8.485,2.582,-8.83,-7.655,3.147,-10.175,46.48,104.23,15.68
66479.0,-6.647,2.793,-10.94,-4.707,-1.108,-10.455,17.43,86.45,8.68
,-5.817,1.766,-10.955,-4.176,-1.472,-10.065,5.11,77.21,6.79
,-5.664,0.443,-10.421,-4.554,-1.395,-9.349,-2.31,66.22,6.16
,-5.642,-0.596,-10.627,-5.231,-0.531,-8.753,-6.16,50.54,6.16
66555.0,-5.408,0.175,-8.366,-4.152,0.83,-8.758,40.39,-12.04,11.13
,-5.485,0.51,-8.208,-4.02,0.254,-8.394,36.05,-28.7,8.89
,-5.164,0.692,-8.452,-4.137,-0.01,-8.253,28.14,-46.55,6.09
,-4.652,0.924,-8.689,-4.216,-0.019,-8.131,20.65,-59.85,5.32
66631.0,-4.547,-0.132,-8.184,-5.549,-0.66,-8.406,-4.2,-116.2,7.42
,-4.721,-0.282,-8.464,-5.564,-0.802,-8.552,-8.82,-127.54,6.86
,-4.803,-0.402,-8.49,-5.779,-0.914,-8.358,-16.52,-136.43,5.74
,-5.221,-0.555,-8.311,-5.934,-0.991,-8.196,-21.7,-144.06,4.97
66707.0,-6.052,-0.96,-8.234,-5.989,-0.261,-8.593,-9.8,-173.32,5.88
,-5.937,-0.828,-8.375,-6.222,-0.251,-8.244,-3.92,-178.78,6.58
,-6.025,-0.646,-8.382,-6.413,0.0,-8.062,1.47,-184.17,7.49
,-6.128,-0.428,-8.619,-6.667,0.268,-7.806,4.34,-189.7,8.47
66782.0,-6.997,0.514,-7.636,-7.219,0.388,-7.289,4.97,-200.83,8.96
,-7.05,0.62,-7.621,-7.418,0.005,-6.999,-0.35,-202.86,8.89
,-7.114,0.692,-7.511,-7.588,-0.184,-6.59,-6.51,-204.33,8.68
,-7.155,0.567,-7.459,-7.684,-0.273,-6.332,-13.16,-206.01,7.63
66858.0,-8.019,-0.153,-5.949,-9.119,0.897,-3.92,-18.48,-210.7,-4.97
,-8.423,-0.091,-5.564,-9.194,0.881,-3.13,-15.47,-209.44,-6.86
,-8.892,0.246,-5.315,-9.093,0.498,-2.115,-12.88,-208.11,-9.59
,-9.036,0.835,-4.848,-9.564,0.148,-1.551,-14.35,-206.15,-12.81
66934.0,-9.746,-0.06,-1.414,-8.366,-2.051,0.991,-32.76,-166.74,-24.22
,-9.464,-0.292,-1.127,-8.447,-1.917,1.23,-31.22,-154.84,-24.36
,-9.21,-0.735,-0.972,-8.002,-1.07,1.491,-28.84,-141.89,-23.52
,-8.66,-1.333,-0.452,-7.937,-0.29,1.644,-23.1,-127.19,-20.58
67010.0,-8.055,0.156,1.651,-8.181,0.462,0.558,15.68,-38.08,0.0
,-8.15,0.725,1.467,-8.22,0.546,0.098,12.18,-19.18,1.75
,-8.062,0.761,1.333,-8.299,0.632,-0.385,4.41,-0.63,3.01
,-8.076,0.629,0.986,-8.373,0.775,-0.838,-4.34,17.22,5.04
67085.0,-8.406,0.828,-1.283,-19.241,-8.107,8.631,-36.05,80.57,12.53
,-8.576,0.625,-1.689,-17.188,-5.463,1.146,-42.91,88.55,13.09
,-9.354,-0.065,-2.12,-10.435,2.199,0.692,-47.88,92.47,13.79
,-14.322,-3.575,-2.513,-9.313,3.089,1.455,-49.84,79.52,15.68
67161.0,-9.05,-1.156,1.412,-10.636,-1.893,1.531,-52.99,21.28,-1.68
,-9.579,-4.654,2.548,-12.527,0.928,-0.897,-51.52,38.85,7.91
,-7.789,-3.652,2.702,-11.601,4.106,-2.618,-26.53,56.98,15.05
,-7.894,-3.168,2.513,-9.383,5.736,-3.276,-2.38,73.99,32.13
67237.0,-7.466,6.205,-3.625,-10.227,-2.893,-3.238,-17.43,60.83,10.5
,-8.002,5.516,-3.91,-9.344,-2.462,-3.398,-41.23,62.37,10.99
,-9.921,2.302,-3.683,-9.182,-1.015,-3.501,-54.53,63.07,11.13
,-10.888,-1.232,-3.352,-9.344,0.048,-3.226,-50.82,60.34,12.95
67312.0,-9.514,0.079,-2.924,-9.691,2.895,-1.936,38.99,42.63,22.47
,-9.61,0.086,-2.357,-9.675,2.58,-1.57,39.2,40.32,21.07
,-9.543,0.988,-2.127,-9.765,1.711,-1.455,37.38,38.78,18.62
,-9.596,2.268,-2.075,-9.713,0.682,-1.536,28.7,37.87,15.61
67388.0,-9.706,0.045,-1.725,-9.624,0.538,-2.108,-44.52,34.93,3.29
,-9.811,0.007,-2.015,-9.765,1.091,-2.295,-36.82,34.23,4.62
,-9.66,0.187,-2.053,-9.677,1.582,-2.29,-28.42,32.97,6.23
,-9.435,0.325,-1.979,-9.636,1.603,-2.393,-20.65,32.41,8.12
67464.0,-9.663,1.352,-2.462,-9.517,1.007,-2.816,-18.06,28.42,6.51
,-9.526,0.988,-2.498,-9.509,0.771,-2.819,-18.97,27.79,6.02
,-9.557,0.833,-2.553,-9.643,0.771,-2.927,-15.4,26.81,6.65
,-9.648,1.034,-2.747,-9.73,1.089,-3.199,-9.59,25.83,7.49
67540.0,-9.569,1.474,-3.419,-9.442,1.012,-3.135,16.31,20.65,10.08
,-9.433,1.776,-3.508,-9.378,0.902,-2.833,15.82,18.9,9.52
,-9.383,1.67,-3.479,-9.608,1.007,-2.577,13.3,17.22,8.96
,-9.505,1.385,-3.338,-9.911,1.335,-2.405,10.85,15.47,8.19
67615.0,-9.935,2.123,-2.321,-9.39,0.179,-2.199,-2.24,7.84,2.73
,-9.395,2.886,-2.268,-9.485,-0.218,-2.194,-11.48,6.86,1.96
,-9.43,2.168,-2.247,-9.605,0.12,-2.132,-18.83,7.49,2.24
,-9.67,1.199,-2.285,-9.567,0.694,-1.957,-22.75,7.21,1.12
67691.0,-9.605,0.993,-1.972,-9.761,0.689,-1.929,-1.4,11.2,3.57
,-9.552,0.641,-1.826,-9.555,1.082,-2.075,-4.62,12.53,3.15
,-9.399,0.328,-1.673,-9.354,1.175,-2.146,-5.39,14.07,3.71
,-9.545,0.345,-1.847,-9.538,1.156,-2.381,-1.61,15.4,4.62
67767.0,-9.636,1.077,-2.58,-9.426,0.873,-3.039,8.19,17.57,5.67
,-9.545,1.137,-2.819,-9.38,0.919,-3.075,7.49,17.15,5.32
,-9.337,1.161,-2.917,-9.407,1.153,-3.094,6.72,16.94,5.11
,-9.363,0.871,-2.962,-9.421,1.228,-3.156,5.46,16.66,4.34
67843.0,-9.447,0.907,-3.159,-9.43,1.213,-3.142,10.29,16.38,5.53
,-9.435,0.625,-3.147,-9.385,1.182,-3.171,13.23,16.45,5.67
,-9.304,0.897,-3.18,-9.371,0.9,-3.051,16.45,16.38,6.23
,-9.466,1.027,-3.137,-9.351,1.151,-3.051,18.62,15.96,6.44
67918.0,-9.469,1.374,-3.07,-9.057,0.893,-3.676,21.42,15.47,5.67
,-9.538,1.682,-3.329,-9.153,0.639,-3.561,20.09,14.91,4.9
,-9.229,1.589,-3.52,-9.323,0.67,-3.446,17.43,14.77,4.76
,-9.148,1.18,-3.68,-9.375,0.488,-3.266,15.82,14.21,4.48
67994.0,-9.359,0.304,-3.214,-9.622,0.648,-2.879,24.5,13.58,5.88
,-9.344,0.464,-3.108,-9.579,1.63,-2.737,28.49,14.35,6.58
,-9.347,0.567,-3.156,-9.452,2.163,-2.582,31.78,15.05,7.07
,-9.371,0.488,-3.111,-9.445,1.697,-2.675,34.51,15.96,7.7
68069.0,-9.225,1.07,-2.759,-9.028,0.596,-4.104,25.9,17.57,5.25
,-9.328,0.708,-3.247,-9.076,0.141,-4.288,29.54,18.06,5.6
,-9.239,0.797,-3.587,-9.189,0.153,-4.348,34.37,18.34,5.88
,-9.119,0.749,-3.924,-9.194,0.481,-4.386,36.96,18.27,6.09
68145.0,-9.179,0.907,-4.458,-8.916,1.342,-4.07,58.66,18.13,9.87
,-9.131,1.443,-4.551,-8.844,1.711,-3.994,59.22,16.8,9.73
,-8.777,1.816,-4.48,-8.894,1.754,-3.824,58.59,15.54,10.08
,-8.796,1.596,-4.415,-8.622,1.129,-3.654,58.31,14.49,10.71
68221.0,-8.603,0.727,-3.405,-9.763,0.775,-3.458,64.47,13.37,12.11
,-8.947,0.945,-3.209,-9.739,0.96,-4.116,68.11,13.72,12.67
,-9.292,0.94,-3.056,-9.251,0.622,-4.439,69.44,14.49,12.53
,-9.596,0.885,-3.19,-9.194,0.761,-4.525,69.09,15.96,12.46
68297.0,-8.918,1.144,-4.511,-8.945,2.424,-3.302,73.01,17.92,12.88
,-9.007,2.056,-4.288,-9.143,2.685,-3.226,75.04,17.64,13.16
,-9.1,2.154,-3.872,-9.866,2.915,-3.489,74.2,17.64,12.74
,-9.117,2.285,-3.549,-10.096,2.233,-3.776,73.08,18.06,11.9
68373.0,-10.287,1.201,-4.125,-9.007,-0.392,-5.791,61.25,19.18,13.09
,-10.01,0.184,-4.594,-8.658,-0.672,-5.963,62.37,19.39,16.31
,-9.67,-0.514,-5.056,-8.445,-0.821,-5.977,69.37,19.74,19.81
,-9.356,-0.546,-5.48,-8.248,-0.653,-5.808,78.47,19.11,22.33
68448.0,-8.212,-0.311,-5.59,-8.112,-0.105,-4.539,90.3,11.97,23.59
,-8.143,0.057,-5.351,-8.248,-0.158,-4.307,90.58,11.34,24.71
,-8.198,0.091,-5.176,-8.457,0.17,-4.441,90.58,10.85,26.18
,-8.09,-0.014,-4.87,-8.313,0.407,-4.527,91.21,11.13,28.14
68524.0,-8.208,0.713,-4.848,-7.93,0.656,-5.408,113.05,12.74,44.1
,-7.983,0.811,-5.123,-8.002,0.713,-5.336,114.17,12.18,45.99
,-7.925,0.653,-5.286,-8.078,0.572,-5.384,114.17,11.13,47.18
,-7.93,0.653,-5.303,-8.066,0.287,-5.499,114.38,9.94,47.95
68600.0,-8.04,-0.158,-5.427,-8.579,-0.012,-5.197,113.96,2.45,50.19
,-8.102,-0.29,-5.406,-8.619,-0.101,-5.068,117.88,0.7,50.61
,-8.311,-0.189,-5.317,-8.725,-0.182,-5.027,121.94,-0.84,51.31
,-8.555,-0.081,-5.248,-8.856,-0.235,-4.91,124.46,-2.03,52.57
68676.0,-8.945,-0.11,-4.824,-8.741,-0.297,-4.633,131.6,-8.12,59.01
,-8.873,-0.136,-4.743,-8.815,-0.4,-4.669,133.07,-8.89,60.13
,-8.804,-0.124,-4.664,-8.839,-0.479,-4.647,134.47,-9.52,61.6
,-8.739,-0.089,-4.716,-9.04,-0.486,-4.645,135.03,-10.36,62.86
68751.0,-8.966,-0.285,-4.587,-9.299,-0.323,-4.46,152.11,-13.16,67.48
,-8.801,-0.266,-4.542,-9.194,-0.366,-4.417,151.41,-13.86,68.18
,-8.988,-0.321,-4.575,-8.969,-0.383,-4.19,149.94,-14.77,68.67
,-9.184,-0.347,-4.614,-8.923,-0.258,-4.015,148.68,-16.31,68.53
68827.0,-9.119,-0.206,-4.216,-9.237,-0.57,-4.19,139.93,-20.93,63.21
,-9.16,-0.22,-4.262,-9.225,-0.474,-4.068,136.43,-21.84,61.39
,-9.184,-0.467,-4.214,-9.167,-0.373,-3.958,133.28,-22.33,60.2
,-9.165,-0.536,-4.238,-9.167,-0.428,-3.922,130.97,-22.89,59.15
