Timestamp,AccX,AccY,AccZ,GyroX,GyroY,GyroZ,MagnX,MagnY,MagnZ,AccX_butter,AccX_kalman,AccY_butter,AccY_kalman,AccZ_butter,AccZ_kalman,GyroX_butter,GyroX_kalman,GyroY_butter,GyroY_kalman,GyroZ_butter,GyroZ_kalman,MagnX_butter,MagnX_kalman,MagnY_butter,MagnY_kalman,MagnZ_butter,MagnZ_kalman
9464.0,-0.017,-0.053,-9.926,-0.062,-0.055,-9.935,2.73,1.47,0.77,-0.016914888042060955,-0.017,-0.0531267571134942,-0.053,-9.925306271193637,-9.926,-0.06233968477622271,-0.062,-0.05380828365060232,-0.055,-9.934309451313393,-9.935,2.729398855982109,2.73,1.4688428932862312,1.47,0.7685517074590962,0.77
,-0.077,-0.062,-9.885,-0.05,-0.045,-9.921,2.73,1.61,0.84,-0.02354033942510122,-0.046299812961086304,-0.05353980547538134,-0.057394971944162945,-9.922382806281515,-9.905978461143258,-0.06093950617522128,-0.05614003740778274,-0.055762979221433015,-0.05011669783981895,-9.930460025105939,-9.928163376975746,2.7351992747331226,2.73,1.4591252062187363,1.5383662302425347,0.7740680512742201,0.8041831151212674
,-0.053,-0.036,-9.876,-0.067,-0.045,-9.933,2.8,1.33,0.7,-0.02995979553090073,-0.048504226535233654,-0.054102758721953095,-0.050355860006198135,-9.919593709010707,-9.896115314593402,-0.05954830010416988,-0.05971304944669704,-0.05757900442653869,-0.048433264510659824,-9.926818922916437,-9.929754663515327,2.740288589530435,2.7530305436690217,1.4499599553792066,1.469812122174676,0.7793188722359068,0.7699060610873381
,-0.007,-0.084,-9.904,-0.06,-0.05,-9.914,2.8,1.33,0.7,-0.035946148133354935,-0.03818255773828163,-0.054890059799633295,-0.05872280715746024,-9.917038254059154,-9.898076153720616,-0.058179024033928904,-0.05978441106018912,-0.05916704790506317,-0.048822895306445686,-9.923509490305017,-9.925836642812675,2.7442573008979934,2.7647113581858203,1.4416565852609915,1.4350423037885671,0.784259640035263,0.7525211518942836
9540.0,-0.079,-0.045,-9.923,-0.084,-0.062,-9.911,2.73,1.26,0.63,-0.041309543261922016,-0.04636405035198684,-0.055948104024406656,-0.05597219273438651,-9.914793867727274,-9.903071916633255,-0.05684602218903054,-0.06463821009975794,-0.060457910598778475,-0.05146412853289519,-9.920637198950855,-9.922862769956904,2.7468202327375884,2.7577537757192845,1.4344020899254701,1.3999566336392828,0.788849596422202,0.727962878673282
,-0.062,-0.036,-9.892,-0.045,-0.069,-9.928,2.73,1.33,0.84,-0.045911599730827465,-0.04899649423210767,-0.05728857827090973,-0.05260970579117035,-9.912909383574597,-9.901207866170154,-0.05556625142545791,-0.06133195194739788,-0.061403757449122,-0.05441644026101791,-9.918283685061068,-9.923727665923709,2.7478433117767773,2.753081193708779,1.4282315654990263,1.388178844874084,0.7930425896227713,0.7468252721333652
,-0.048,-0.06,-9.911,-0.062,-0.079,-9.935,2.8,1.47,0.91,-0.049672994963396506,-0.04885144363428721,-0.05888469944349164,-0.053685443671551765,-9.911403457154535,-9.902633217988752,-0.0543593095804745,-0.061429193623546645,-0.06197882669003478,-0.057994845355397825,-9.916502084267368,-9.925368477023177,2.7473550392587645,2.7599107374053538,1.4230263011309652,1.4000888058984164,0.796788542202263,0.7705771324689588
,-0.065,-0.045,-9.947,-0.007,-0.069,-9.899,2.8,1.54,0.84,-0.05257406675169924,-0.05092793083317397,-0.06067120448265363,-0.052568612408608516,-9.910267336789845,-9.90833818955499,-0.0532463444480177,-0.05443033123328401,-0.0621791332950824,-0.05940996025630661,-9.915313767531575,-9.92197784545508,2.7455417434940412,2.7650656774944466,1.4185392250085116,1.4180795040731307,0.8000432655062273,0.7795039797036933
9615.0,-0.06,-0.053,-9.916,-0.081,-0.043,-9.919,2.8,1.47,0.84,-0.054648957451617894,-0.05197578536308761,-0.06254869328220616,-0.052618439127681715,-9.90947045128442,-9.909223154454894,-0.05224832591555022,-0.05749921742270102,-0.06202073048742187,-0.05751455460252789,-9.914706532710836,-9.921633894280093,2.742727009822372,2.7691007093503286,1.4144406784286763,1.424076496143173,0.8027810592554288,0.7864914737079317
,-0.022,-0.055,-9.914,-0.055,-0.086,-9.911,2.66,1.47,0.77,-0.05597466988142949,-0.04882388819722228,-0.06439238269779064,-0.05286885575139558,-9.908967076198323,-9.909725430733998,-0.05138423498541167,-0.0572364294351278,-0.06153645785332721,-0.06050974533828968,-9.91463445729492,-9.920515760398443,2.7393370360070866,2.7576289760018957,1.4103734480143388,1.4289052657617058,0.8050043002057174,0.7847574264223857
,-0.06,-0.072,-9.895,-0.055,-0.026,-9.899,2.66,1.47,0.84,-0.056657039855463234,-0.049905495294189285,-0.06606463308648934,-0.054720338785705154,-9.908702671154145,-9.90830032595079,-0.05066942800380574,-0.057019991196893736,-0.06077156077829093,-0.057169944687481856,-9.915019808072348,-9.9184334978411,2.7358555795176804,2.7481805922368885,1.4060062133760607,1.432882351619872,0.8067466382243109,0.7901037186473273
,-0.06,-0.074,-9.923,-0.055,-0.072,-9.914,2.8,1.26,0.77,-0.05681588291650447,-0.050812975588448606,-0.06742990841153676,-0.056453550383684506,-9.90861917944585,-9.909621803816268,-0.050114107558241354,-0.05683839712574499,-0.05977885394128151,-0.05850314362602305,-9.915757428853256,-9.918034933271297,2.732774071408366,2.7528390765088453,1.4010780302348862,1.4173404967302572,0.8080694206270974,0.7882964255660451
9691.0,-0.036,-0.091,-9.89,-0.034,-0.06,-9.931,2.66,1.33,0.77,-0.05657139602699838,-0.04956625758729839,-0.06837026071106596,-0.0593611147926933,-9.908659254432704,-9.907970356010477,-0.049721810339965415,-0.05491622823779467,-0.058614126055317926,-0.05862912491691431,-9.916721831928202,-9.91912612403039,2.7305431261155717,2.745025376472507,1.3954307826929586,1.40998957868865,0.8090529397703782,0.7867565267811121
,-0.029,-0.089,-9.916,-0.053,-0.055,-9.866,2.73,1.47,0.84,-0.05603342189433985,-0.04793476419647944,-0.06879916319294421,-0.0617123274584739,-9.908769727183504,-9.908607336805058,-0.04948807445022304,-0.05476421644410823,-0.05733230620273041,-0.05834123134700888,-9.917776874335905,-9.914911700484078,2.729530712691574,2.7438334336844035,1.3890294619364996,1.414750124224664,0.8097847378826979,0.7909802594797879
,-0.06,-0.067,-9.892,-0.043,-0.077,-9.935,2.73,1.47,0.91,-0.05529459907751384,-0.04884221199946724,-0.06867170605762685,-0.06211002269699768,-9.908904665175903,-9.907358269522607,-0.04939967994429874,-0.05387940884151136,-0.05598468193184575,-0.05974459046044401,-9.918787493100984,-9.916422577151417,2.729990563663163,2.74279299657989,1.3819705306714505,1.4189055654612992,0.8103469032651414,0.7999319454481408
,-0.067,-0.081,-9.897,-0.062,-0.007,-9.928,2.66,1.33,0.7,-0.054427745970385584,-0.05014371563830732,-0.06798982263396584,-0.06346400778575094,-9.909028221988908,-9.906615815349479,-0.049434870460992875,-0.05446147197287931,-0.05461733856687264,-0.055963993594163625,-9.919632508353056,-9.917252417105788,2.732042883270413,2.736858607087291,1.3744772524998363,1.412533042720224,0.8108036874973931,0.7927690800906806
9767.0,-0.05,-0.062,-9.926,-0.019,-0.038,-9.954,2.73,1.4,0.77,-0.05348704377439838,-0.050133853645281064,-0.06680213967788133,-0.06336354527002534,-9.90911719419858,-9.90794598857276,-0.04956480239849538,-0.052028050019524735,-0.053271002452233936,-0.05473127611375585,-9.92021695128682,-9.919774094012372,2.7356681413477095,2.73638795868701,1.3668798636267196,1.4116730056264157,0.8111905940373644,0.7912066300211311
,-0.065,-0.055,-9.935,-0.057,-0.067,-9.926,2.8,1.54,0.84,-0.05251190344995864,-0.05111447149668314,-0.06519894551961469,-0.06281185947351138,-9.909162809189123,-9.909730556403895,-0.0497562655964015,-0.05235601550505116,-0.05198239578137307,-0.055540559795599534,-9.92048191677354,-9.920184774386891,2.740713378989092,2.740584009350526,1.3595792574375898,1.4201378584871953,0.8115064543088747,0.7944251944351802
,-0.057,-0.06,-9.94,-0.05,-0.101,-9.95,2.8,1.4,0.84,-0.05153210800003539,-0.0514890153749208,-0.06330340762553886,-0.06263291806635063,-9.90917093278878,-9.911656846420193,-0.04997550577092396,-0.052206083144014655,-0.05078678411320106,-0.058433512404201075,-9.92040996730171,-9.9220821588317,2.7469089688273627,2.744365130375536,1.352995077071627,1.4188563233433344,0.8117100652074509,0.7973254886766498
,-0.045,-0.043,-9.878,-0.06,-0.038,-9.902,2.73,1.26,0.77,-0.050572941727327674,-0.05108932370867971,-0.06126045074224974,-0.06142362616585019,-9.90915993264627,-9.909583749001115,-0.05019269099107968,-0.05268615037066248,-0.04972075188759376,-0.057174907801173326,-9.920024812062591,-9.92084519589335,2.7538926835990556,2.7434803084782478,1.3475021669521232,1.4090715493982109,0.811722096962124,0.7956423719834402
9843.0,-0.057,-0.074,-9.933,-0.069,-0.05,-9.95,2.73,1.26,0.84,-0.04965935497492293,-0.05144273841374608,-0.05922463046752004,-0.06217560025990223,-9.909156054778547,-9.91098386753792,-0.0503862479868226,-0.05366159786111564,-0.04882395045903298,-0.05674590140673523,-9.91938511110628,-9.922588437442501,2.7612379515783716,2.742674285781312,1.3433632242039812,1.400158173827006,0.8114318249619846,0.7982946299062665
,-0.036,-0.065,-9.866,-0.05,-0.024,-9.902,2.73,1.12,0.77,-0.04881856917258219,-0.05054402527310322,-0.05734799673893634,-0.06233997040545845,-9.90918711815532,-9.908365964430963,-0.050546157010292574,-0.05344850572516356,-0.048138994335143,-0.05484020494876553,-9.918573397782284,-9.921390262690126,2.7684842806413332,2.741936686861046,1.3406693254351079,1.3838539520283177,0.8107076681392406,0.7966479818167183
,-0.096,-0.06,-9.892,-0.036,-0.062,-9.897,2.8,1.33,0.84,-0.04808079434931254,-0.053124952551922566,-0.05576854503523416,-0.06220711012719223,-9.90927605898224,-9.907436727640908,-0.050675494648909365,-0.05245780373997297,-0.047709477701695605,-0.05524672819393868,-9.917682006330233,-9.920005417360272,2.77516892840788,2.745233441351062,1.33930145671914,1.380796199231305,0.8094104601341133,0.7991094493574176
,-0.024,-0.067,-9.919,-0.043,-0.045,-9.904,2.8,1.33,0.84,-0.04747792200332565,-0.05150806650714385,-0.05459965550256411,-0.06247318976236721,-9.909435968365244,-9.908078668384881,-0.050789963309004364,-0.05193274912042789,-0.04757658540081825,-0.05467787604587479,-9.91679843867461,-9.91911686875493,2.7808589633237397,2.748273833751433,1.3389235399645265,1.3779762232839288,0.8074083099347256,0.8013795083585247
9918.0,-0.055,-0.024,-9.904,-0.081,-0.067,-9.899,2.87,1.26,0.84,-0.047040313988168644,-0.05169798360196452,-0.05392104951044551,-0.060380733980176265,-9.90966774291695,-9.90785684031972,-0.05091555103358293,-0.05351364058149538,-0.04777476785487886,-0.05534804401676405,-9.91599272353137,-9.918022765078947,2.7851820578847892,2.7548942003491588,1.3390114859257212,1.3715598062388057,0.8045917691161332,0.8034799755031883
,-0.036,-0.036,-9.911,-0.043,-0.06,-9.904,2.73,1.33,0.77,-0.04679223790406436,-0.05086006362815253,-0.0537721219825941,-0.05907935002563895,-9.909960594982927,-9.908024614496568,-0.051084603176063205,-0.05295244815932895,-0.04832676466985056,-0.05559635405036351,-9.91530892593651,-9.917274264172992,2.7878537560628986,2.7535654088155743,1.3389160611553381,1.369341445420102,0.8008882286090877,0.8016928962891836
,-0.041,-0.069,-9.933,-0.05,-0.043,-9.887,2.66,1.19,0.63,-0.046746965591731464,-0.05034268839333243,-0.05414871466395495,-0.059599904334781344,-9.910294871455626,-9.909335117798257,-0.05133055345506539,-0.052797527905532056,-0.049238295940273,-0.054935400746160046,-9.914762117710406,-9.915685719197402,2.7886993674374114,2.7486558638894363,1.3379519069400898,1.3599310779076375,0.7962752623371185,0.7926838618767756
,-0.031,-0.026,-9.897,-0.062,-0.012,-9.923,2.8,1.54,0.77,-0.046902786239862826,-0.04934348580001718,-0.05500420425462964,-0.057864203957266554,-9.910646207518097,-9.908697911560829,-0.05168162938191006,-0.05327290825570475,-0.05049310211129386,-0.052717448262089565,-9.91434103311745,-9.916063559557417,2.7876696458216164,2.751308193953901,1.3355010946881531,1.36923305963176,0.7907934436311902,0.7915120612897646
9994.0,-0.031,-0.036,-9.928,-0.057,-0.05,-9.952,2.8,1.4,0.84,-0.047241064753896965,-0.048409337378398885,-0.056255192794394254,-0.056750761733727895,-9.910990023018106,-9.90968087715668,-0.052154097648505406,-0.053462711704630295,-0.05204946777642729,-0.052579061260156816,-9.914015513830682,-9.917893635339304,2.784849593200131,2.7537878411845087,1.3311164131503213,1.3707998768166916,0.7845586901116365,0.7939813265050841
,-0.065,-0.084,-9.899,-0.055,-0.045,-9.916,3.08,1.54,0.98,-0.047727050988338605,-0.04924326792707568,-0.05779132553409508,-0.05812044616024563,-9.911305615314149,-9.909144002292138,-0.052745913958391934,-0.05353998358344982,-0.053839497052665705,-0.0521980993384245,-9.913746900180357,-9.917798451657163,2.7804582772940867,2.7701849128862652,1.324607456202202,1.3793047301055965,0.7777718000371844,0.8033315651296565
,-0.031,-0.077,-9.895,-0.026,-0.057,-9.907,2.8,1.4,0.84,-0.0483135269839029,-0.04833714130465141,-0.059487997364324835,-0.05905817652862465,-9.911579432138922,-9.908441482487255,-0.0534319076975609,-0.05217209750043863,-0.055771966673163295,-0.05243660540241935,-9.913499060544483,-9.917262102327282,2.7748357776467216,2.7716658013044833,1.316093166895976,1.3803326454486444,0.7707199608107682,0.8051528531341667
,-0.045,-0.067,-9.94,-0.002,-0.048,-9.94,2.66,1.4,0.77,-0.04894672714739995,-0.048173185670255234,-0.06122008187142473,-0.05944836279484504,-9.911807342134301,-9.909991970251196,-0.05416183831748608,-0.04970711405391642,-0.057738739950449904,-0.052218632476818246,-9.913247966968658,-9.918379228063783,2.768413968854238,2.7661795975085233,1.3060090403228688,1.3812989136698515,0.7637644378589046,0.8034257736339926
10070.0,-0.084,-0.079,-9.921,-0.048,-0.089,-9.892,2.73,1.4,0.7,-0.049573453443483656,-0.04991592371369227,-0.06287459310596695,-0.06039942089494002,-9.911995762777668,-9.910527438240338,-0.05486259672474661,-0.04962407422294333,-0.05962389838184668,-0.05400780323261916,-9.912988414998804,-9.917096052733704,2.761671980866616,2.7644196988919725,1.2950650330366171,1.3822085980839103,0.7573118496765069,0.7983947924051028
,-0.077,-0.065,-9.89,-0.093,-0.06,-9.926,2.73,1.19,0.7,-0.0501480254484453,-0.05122143774153452,-0.06436055331272432,-0.06062117926300702,-9.912161448578116,-9.909537969066823,-0.05544515854500098,-0.051714892420838446,-0.06131422373550818,-0.05429664073457825,-9.912737212492916,-9.91752524322691,2.7550826952716077,2.7627605911837176,1.2841593086229741,1.3729437068460542,0.7517718651708756,0.7936519398007321
,-0.026,-0.048,-9.926,-0.057,-0.067,-9.916,2.66,1.12,0.7,-0.050637734115409505,-0.05001579048146063,-0.065615109127807,-0.06001785560028469,-9.912329802140642,-9.910324894962692,-0.05581563258937393,-0.05196753366743632,-0.06270951671477953,-0.054903892805179606,-9.912532679353186,-9.917452332818854,2.749059999891102,2.7578483801323945,1.274261196515899,1.3608523704901703,0.7475086729380728,0.7891751448702268
,-0.048,-0.093,-9.938,-0.069,-0.055,-9.926,2.66,1.19,0.77,-0.051025920575314486,-0.04992016166932734,-0.06660572602223531,-0.06158252381335611,-9.912531812959575,-9.911637797987446,-0.055888485231968495,-0.05277555143419504,-0.06373144516582706,-0.05490845211675621,-9.912430623046253,-9.917857832927403,2.743916255855356,2.7532064669736185,1.2662824976570466,1.3527471584701727,0.7447951231672468,0.7882654787400966
10146.0,-0.043,-0.045,-9.873,-0.067,-0.089,-9.919,2.73,1.12,0.7,-0.05131255197141515,-0.04959414793837792,-0.06732882732065673,-0.060801309339579904,-9.912800007812852,-9.909817543883644,-0.05559947607140781,-0.05344567530835114,-0.06433003915018536,-0.05651452914939546,-9.912497201752236,-9.917911641229361,2.7398366237542287,2.7521131938332295,1.2609581151927611,1.341782274537322,0.7437772563614055,0.784107229350398
,-0.045,-0.074,-9.907,-0.057,-0.055,-9.909,2.73,1.19,0.7,-0.051512753175909,-0.04937908782524646,-0.0678054905971516,-0.061419163171169695,-9.913164012981552,-9.909685649718611,-0.05491615508681619,-0.05361205947371649,-0.0644873719959878,-0.05644363138672461,-9.912799396396766,-9.917494471691793,2.7368730125279392,2.751078036491485,1.258754349049595,1.3346770803704853,0.7444545572906781,0.780170022603491
,-0.093,-0.081,-9.919,-0.053,-0.045,-9.897,2.8,1.19,0.63,-0.05165383418724999,-0.05140920727774484,-0.06807488143839156,-0.0623304563046822,-9.913646456584198,-9.910119140050448,-0.05384452535161251,-0.053583574194942404,-0.06421827717103078,-0.055911044204862405,-9.913394244809885,-9.916540657945681,2.7349562883299368,2.753354867140399,1.2598171080992084,1.3279438017537033,0.7466789701941848,0.7731811021781654
,-0.05,-0.081,-9.899,-0.038,-0.093,-9.887,2.8,1.26,0.7,-0.05177109761280638,-0.051343970864216756,-0.06818611984872337,-0.06319472523951017,-9.914259839752697,-9.909604401849855,-0.05243122513600511,-0.052862164004630514,-0.06356818376549861,-0.05762800273593695,-9.914318415496515,-9.915173132665284,2.7339219019568803,2.755514209647607,1.2639647899776028,1.3247984802542516,0.7501735583080653,0.7697933304007051
10221.0,-0.041,-0.057,-9.954,-0.074,-0.072,-9.943,2.73,1.33,0.84,-0.051902588557870076,-0.05086744259202434,-0.06818934459003458,-0.0629093453062292,-9.915004595490384,-9.911649627803905,-0.05076111869659223,-0.0538359463747651,-0.06260831240490106,-0.05829009499374579,-9.915579852346053,-9.91645506676831,2.733542322096688,2.7543388155557897,1.2707234142956148,1.325038104983454,0.7545689478741989,0.7730276263398274
,-0.041,-0.06,-9.919,-0.077,-0.079,-9.907,2.73,1.19,0.84,-0.052083234593003756,-0.050414885836816074,-0.06812696154953302,-0.06277591216392425,-9.915868072568871,-9.911986742568914,-0.04895046174340498,-0.054898334004421,-0.06142857317475208,-0.05923992645442003,-9.917152946759707,-9.9160214230661,2.7335600478901307,2.753222549077336,1.2793958925107,1.318844767038911,0.759452108204656,0.7760992226353802
,-0.029,-0.034,-9.914,-0.074,-0.012,-9.883,2.8,1.4,0.84,-0.05233932197305128,-0.04943671064069017,-0.06802638618712417,-0.061461504805456944,-9.91682400681004,-9.912078702829524,-0.04713597360254957,-0.05577084745249339,-0.06012872370773109,-0.057082131886816774,-9.918978133540529,-9.914513092028047,2.7337169238250025,2.755359218989061,1.289153685659638,1.3225517228696948,0.7644187296556257,0.7790180406906124
,-0.041,-0.05,-9.887,-0.01,-0.067,-9.89,2.66,1.4,0.84,-0.052684490437635394,-0.049052775652280445,-0.0678957334124404,-0.06093991850221008,-9.917832325428881,-9.91093742966155,-0.045460542929443556,-0.05368792313108527,-0.058808791288755324,-0.05753347089099206,-9.920966248723106,-9.913397558486066,2.733777803771143,2.751019643745038,1.2991375141102137,1.326076212999647,0.7691193382645982,0.7817931871710109
10297.0,-0.077,-0.081,-9.919,-0.026,-0.057,-9.966,2.73,1.33,0.84,-0.05311810967905451,-0.05032026740898638,-0.06772355863963957,-0.061849704304941244,-9.918839644239059,-9.911303091786515,-0.04405711270165381,-0.05243219147443431,-0.05756017097845868,-0.05750927636103223,-9.923007447968523,-9.91578323944572,2.7335484166090973,2.750066338871386,1.3085538431829091,1.3262541686927112,0.7732912334263086,0.7844330434417782
,-0.055,-0.062,-9.935,-0.005,-0.036,-9.926,2.73,1.4,0.7,-0.05362616540694377,-0.050531848016253704,-0.06748288056215122,-0.061856499491164334,-9.919781107566772,-9.912374479121722,-0.043033207235059545,-0.05028768178696794,-0.056458790449475486,-0.05653679648833887,-9.924983732157825,-9.916245160797066,2.732888302475439,2.7491590972541635,1.3167554836068807,1.3295883736858325,0.7767725712158975,0.7806156469864456
,-0.067,-0.081,-9.907,-0.041,-0.031,-9.928,2.66,1.33,0.7,-0.05418406479892169,-0.051274291950434925,-0.06713865229975098,-0.06271955782617412,-9.920584030382697,-9.912132178138148,-0.042458906155912135,-0.04986895945478728,-0.055561256889561206,-0.05538550521595443,-9.926783241447946,-9.91677511152087,2.7317198640403983,2.745139482242184,1.3232978797653356,1.3296069312908634,0.7794997582473294,0.7769812016543735
,-0.038,-0.062,-9.916,-0.012,-0.081,-9.921,2.8,1.33,0.77,-0.05476046519029029,-0.05067739431244897,-0.06665705114798764,-0.06268720187314542,-9.921173338415418,-9.912306100313591,-0.04236045438470168,-0.04816612720309737,-0.05490423917545635,-0.05653729783072357,-9.928313950399415,-9.916965089710544,2.7300339156465303,2.7476063643621944,1.3279669261733995,1.329624606190958,0.7814930699122987,0.7766672818767041
10373.0,-0.053,-0.096,-9.921,-0.062,-0.057,-10.002,2.8,1.33,0.77,-0.05532139215155271,-0.05078158534863645,-0.06601466120554562,-0.06418159886603367,-9.921478427623965,-9.912696104704647,-0.042720360065216054,-0.04878670845325133,-0.054506647458187875,-0.056558054439872295,-9.92951448866571,-9.920779717162228,2.7278909344120432,2.749956719059073,1.3307783164045712,1.3296414461867232,0.7828368046320189,0.7763681906400766
,-0.062,-0.077,-9.919,-0.05,-0.086,-9.931,2.73,1.33,0.77,-0.05583424263737756,-0.05128374422671736,-0.06520576013459774,-0.06475537636778088,-9.921440857029925,-9.912978279779061,-0.04348333683684648,-0.04884101783125478,-0.05437354041047168,-0.05787593533574344,-9.930360317749441,-9.921237197646144,2.725416233974968,2.7490634160421745,1.3319516168841152,1.329657495778952,0.7836591748106432,0.7760831375762876
,-0.074,-0.057,-9.926,-0.074,-0.026,-9.919,2.73,1.33,0.77,-0.05627143858276968,-0.05229854791865281,-0.06424635999527332,-0.0644089203035016,-9.921022098525146,-9.91355999931451,-0.04456627414472845,-0.04996494548222837,-0.05450037150702133,-0.056451941118322566,-9.930864264608786,-9.921137255276523,2.722787332112946,2.74821179572351,1.3318641937625078,1.3296727964760162,0.7841146936617274,0.7758113854648225
,-0.053,-0.067,-9.95,-0.062,-0.062,-9.909,2.8,1.4,0.84,-0.05661347995639502,-0.052329826918615416,-0.06317432588873288,-0.06452446117063285,-9.92021035082692,-9.915184923967795,-0.04586986130217644,-0.05050161003825669,-0.05487638333592076,-0.05669933896368818,-9.931071523561142,-9.920596033406298,2.7202132236507452,2.750521124161907,1.3309910069100208,1.3328088119714325,0.7843695252790455,0.7786736703236677
10448.0,-0.034,-0.086,-9.902,-0.031,-0.081,-9.928,2.59,1.26,0.77,-0.05685117005020705,-0.051513826491115834,-0.06204567575420649,-0.06548050123273241,-9.919025321781348,-9.914597962419165,-0.04728966032293503,-0.0496334446050094,-0.055486488552924755,-0.05778114676701308,-9.931050468332803,-9.920925640441459,2.7179075445267395,2.743375104370209,1.3298366464493463,1.3295675363195556,0.7845888127350693,0.7782875390893943
,-0.055,-0.036,-9.931,-0.057,-0.057,-9.928,2.73,1.4,0.91,-0.056986970920470906,-0.05166878663719318,-0.06092784061980921,-0.06417009520566125,-9.917520042771626,-9.915327031736288,-0.04872517510848417,-0.04996088742940858,-0.0563114584655224,-0.057746424852909914,-9.93088136473271,-9.921240095183256,2.71605973476821,2.7427805820029985,1.3288663770375173,1.3326982539481231,0.7849244421812378,0.7841421479121913
,-0.072,-0.053,-9.921,-0.055,-0.038,-9.945,2.59,1.19,0.7,-0.057035607229964654,-0.052571250563872345,-0.05989113909962295,-0.0636742759055145,-9.915779195869897,-9.915578844017427,-0.050086397129388914,-0.05018456406081679,-0.05732656544188597,-0.056869918576937614,-9.930645030524897,-9.922294752208186,2.7148095006397557,2.7359989422899953,1.3284435600293567,1.3263641496184786,0.7855020861750089,0.7804072378579312
,-0.05,-0.036,-9.921,-0.041,-0.057,-9.887,2.66,1.19,0.7,-0.05702393728509775,-0.0524572628114747,-0.05900000576408417,-0.062447429889795555,-9.91391394096421,-9.91581917274872,-0.05129800799667357,-0.049777397280280244,-0.058499149564302085,-0.056875685299656864,-9.930412971127586,-9.920730077986168,2.7142295707494783,2.7326297845976435,1.3287812560793701,1.320318903332089,0.7864076713154959,0.7768426531967907
10524.0,-0.053,-0.06,-9.895,-0.034,-0.067,-9.914,2.8,1.26,0.84,-0.056989818992345675,-0.05248129525269959,-0.058305524891256316,-0.06233905752058614,-9.912053672467886,-9.914897298301911,-0.052301752962327634,-0.04907877300901869,-0.05978590672156171,-0.05732399067309069,-9.930239993731828,-9.92043206965532,2.7143196573370245,2.735612942516791,1.329915187202008,1.3176479780118306,0.78767501258327,0.779639264995389
,-0.103,-0.057,-9.919,-0.062,-0.057,-9.969,2.8,1.4,0.84,-0.056979492172756926,-0.05471588740999328,-0.05784042962306129,-0.0621028951699772,-9.910335487813837,-9.915078772967268,-0.05305755984669415,-0.04965031720519488,-0.06113081319196916,-0.05730965960461326,-9.930159845360619,-9.922580373274485,2.715011186170613,2.7384609730512808,1.3317026041484887,1.3212906522132486,0.789277114318099,0.7823091993439532
,-0.057,-0.05,-9.919,-0.069,-0.079,-9.911,2.73,1.4,0.77,-0.05704304136733298,-0.054816822195537844,-0.057617024299027826,-0.06156806902620713,-9.908892404924904,-9.915252051732663,-0.05354383611458323,-0.05050537841881185,-0.062464466479860016,-0.058268154324083485,-9.930183837472065,-9.922068637339006,2.716179238714213,2.7380870832070734,1.3338469323218611,1.324768813129644,0.7911230770557459,0.7817652566322659
,-0.057,-0.072,-9.904,-0.031,-0.005,-9.981,2.73,1.26,0.63,-0.05722783978554466,-0.054913210849531956,-0.057627775563070395,-0.06202864524820253,-9.907841487934226,-9.914755266670555,-0.05375708839348124,-0.04964420386509826,-0.0637054509175053,-0.055916332275712105,-9.93030176130213,-9.924670493547566,2.717656987696646,2.7377300334681673,1.3359430267146397,1.3219092298627186,0.7930615771157212,0.7750647264326842
10600.0,-0.06,-0.06,-9.868,-0.081,-0.067,-9.921,2.66,1.4,0.84,-0.05757053268199119,-0.05513761302395135,-0.05784783386057665,-0.06193915217283487,-9.907273080241412,-9.912692672134773,-0.053710752046032754,-0.051027455386871236,-0.06476424302425769,-0.05640528494591339,-9.930484064720808,-9.924508570827967,2.7192492418301013,2.7343009964052993,1.3375347249511096,1.3253541807153166,0.7948914267710028,0.7779293265082905
,-0.002,-0.069,-9.909,-0.057,-0.067,-9.907,2.73,1.47,0.84,-0.05808894578398836,-0.05279520730669138,-0.05823854997128193,-0.06225040759771817,-9.907242358732008,-9.912529892216213,-0.05343306386187133,-0.051290736363419374,-0.06554994719224533,-0.05687231987095315,-9.93068453530975,-9.923736760163646,2.720744277569232,2.734111400411118,1.3381758557479835,1.3317304399183312,0.7963791925962046,0.7806655182976285
,-0.036,-0.072,-9.928,-0.034,-0.086,-9.919,2.66,1.26,0.84,-0.05877588163998493,-0.05205534679188491,-0.05875112053550176,-0.06267989550591634,-9.907764278077389,-9.913211379601275,-0.05296395260239401,-0.05052904686035943,-0.06597954868461042,-0.058155449041190244,-9.930843430167501,-9.923528096956982,2.7219250393277754,2.7308466536378315,1.3374869318077476,1.328570578939174,0.7972822872527439,0.7832793139701953
,-0.06,-0.041,-9.887,-0.055,-0.072,-9.916,2.8,1.26,0.84,-0.05959665592243906,-0.052405105966726435,-0.05932980057035391,-0.0617254495201489,-9.908812513488881,-9.912057437413914,-0.052351165481707596,-0.05072587821849581,-0.0659885328724371,-0.058764948108368985,-9.930891593195769,-9.923196676451791,2.722581127024824,2.733891093304053,1.3352015114806983,1.325551795301938,0.7973740172619691,0.7857764123107454
10676.0,-0.091,-0.069,-9.876,-0.05,-0.038,-9.935,2.73,1.54,0.77,-0.06049129730324236,-0.05410325904408307,-0.05991457392280201,-0.06204552554557069,-9.910322384745838,-9.910470930964298,-0.05164608191925382,-0.0506939399955417,-0.06554113474791706,-0.0578513023680548,-9.930756146602466,-9.923716015880192,2.722522157083221,2.7337198874429136,1.3311983061081183,1.33498739262286,0.796466449226082,0.7850822592683236
,-0.048,-0.055,-9.952,-0.031,-0.117,-9.957,2.73,1.33,0.84,-0.061380957069114825,-0.053834858900013265,-0.060443607465491475,-0.06173568779203278,-9.912197224177335,-9.912297235243988,-0.05089973856591382,-0.04982786888600392,-0.06463843455719379,-0.06045245674333014,-9.930367795261805,-9.925179729949749,2.7215921154190434,2.7335562997075105,1.325516960298928,1.3347680644100413,0.7944281993106244,0.7874973508477414
,-0.098,-0.022,-9.943,-0.084,-0.067,-9.911,2.59,1.26,0.7,-0.06217696230482336,-0.0557761642779894,-0.06085605760588802,-0.05998908170209374,-9.914317236469785,-9.913646793761297,-0.050159430293695205,-0.0513299254911967,-0.06332282639080596,-0.06074025795080117,-9.929669046898566,-9.924556451379273,2.7196840674782505,2.7272461960890566,1.3183568081232244,1.3314815891056495,0.7911963495931555,0.783651352091056
,-0.048,-0.072,-9.916,-0.045,-0.069,-9.928,2.66,1.33,0.77,-0.06279060303157738,-0.055434507029596645,-0.061095753969066836,-0.06051679911515666,-9.916549540835703,-9.913750185348675,-0.049465974225014114,-0.051051810877289314,-0.06167781909063676,-0.06110316190191123,-9.928622201754253,-9.9247077487676,2.7167549672423434,2.724291635267123,1.3100596019639985,1.331416493302759,0.7867833770518524,0.7830515597994409
10751.0,-0.069,-0.065,-9.897,-0.048,-0.072,-9.943,2.8,1.12,0.77,-0.0631420936209466,-0.056030289799635764,-0.06111593013275966,-0.06071369677657164,-9.91875806397879,-9.913014534101244,-0.04885153803722274,-0.050917778421404825,-0.059822730310477155,-0.06158174004137962,-9.927215940068654,-9.925511125993424,2.712840195591981,2.7276166702919538,1.3010794989908783,1.3221312941370018,0.7812805503198499,0.7824783484559529
,-0.079,-0.074,-9.907,-0.05,-0.036,-9.959,2.8,1.33,0.77,-0.0631677820482633,-0.057038729205878144,-0.06088456807375389,-0.06129700547384801,-9.920812476283945,-9.91275047795317,-0.04833799301066439,-0.050877485186606904,-0.05790268084322618,-0.060458624664087364,-9.925469526716467,-9.926981388348688,2.7080659113912,2.7307945163072453,1.2919451140474372,1.3224767540056357,0.7748585626024604,0.7819305114045474
,-0.05,-0.089,-9.931,-0.01,-0.05,-9.902,2.8,1.4,0.84,-0.06282526861660749,-0.05672981064364632,-0.06038933253254059,-0.06251284557626138,-9.922596048697665,-9.91355142027489,-0.04793601486430179,-0.049083437769503045,-0.05607517626591736,-0.059999612362342046,-9.92343389024906,-9.925884995186584,2.7026550687445603,2.7338318342513808,1.283217814657285,1.325879125228004,0.7677646111654551,0.7844790883424787
,-0.043,-0.048,-9.926,-0.065,-0.053,-9.916,2.73,1.47,0.91,-0.06209652482275128,-0.05612741459304245,-0.05964086745567308,-0.06187609383327872,-9.92401255244883,-9.91409760226215,-0.04764536486373637,-0.04978177764291413,-0.0544951355551887,-0.05969250405966606,-9.921189214159568,-9.925451290584592,2.696922206599794,2.7336637123537444,1.2754481025144104,1.3322024349972033,0.7603136323322354,0.7899863239055329
10827.0,-0.065,-0.048,-9.926,-0.041,-0.048,-9.94,2.59,1.12,0.7,-0.06098935841667702,-0.0565165913413116,-0.05867356981878319,-0.06126744902130785,-9.924992039335157,-9.914619675168272,-0.047456680107032814,-0.04939658398060099,-0.05330032503407807,-0.05917963768528363,-9.918839260285505,-9.92608943822275,2.6912542484890083,2.7273622146669187,1.2691301580787187,1.322894634639232,0.7528710986918352,0.7860392686426116
,-0.05,-0.065,-9.952,-0.041,-0.05,-9.902,2.66,1.19,0.7,-0.059537589418643545,-0.056230827909987485,-0.057543624924561484,-0.06143112762556548,-9.925494945691684,-9.916258864942257,-0.04735466943803293,-0.049028379727176885,-0.05259887054017032,-0.05877709521701051,-9.916503191312483,-9.925033076059671,2.6860786498684726,2.7244082688697073,1.2646555861955018,1.3170669826030637,0.7458264095555217,0.7822663027854367
,-0.093,-0.06,-9.928,-0.074,-0.026,-9.907,2.73,1.26,0.7,-0.05780003472160597,-0.057842842397255755,-0.0563246650780987,-0.06136838488934358,-9.925513843354928,-9.916773613540995,-0.04732208708019564,-0.050123172222145435,-0.052460080787176386,-0.05734009924084208,-9.914305939826606,-9.924242479529866,2.6818238800331926,2.7246534185719873,1.2622706990771662,1.314565082302572,0.7395589975285312,0.7786596272916433
,-0.053,-0.067,-9.947,-0.057,-0.05,-9.902,2.59,1.19,0.7,-0.055858012156821034,-0.0576305702582241,-0.0551016579484061,-0.06161523062324965,-9.925072416824033,-9.918098500700752,-0.04734351325505174,-0.05042459829022988,-0.05290937221055181,-0.0570183669937962,-9.912368232128037,-9.923267544084961,2.6788786298613663,2.718751271270147,1.2620443399967758,1.309105128354039,0.7344020625556037,0.7752118076082913
10903.0,-0.062,-0.043,-9.864,-0.053,-0.065,-9.921,2.66,1.33,0.77,-0.05381090836499983,-0.05782205443815464,-0.05396366419475307,-0.060799444037638574,-9.924221808392412,-9.915727709166307,-0.04740795495303427,-0.050537461687407796,-0.05392760002519654,-0.057368150956698026,-9.91079731313145,-9.923168172119917,2.677555409040968,2.7161765785381684,1.2638529903585372,1.3100208170361631,0.7306096348595889,0.7749834073902291
,-0.034,-0.043,-9.931,-0.048,-0.067,-9.904,2.66,1.19,0.77,-0.05176960656450947,-0.056778271819849624,-0.05299618499680416,-0.060019546974175254,-9.923035135284763,-9.916396876964377,-0.04750962184995382,-0.0504262807474596,-0.05545450880040118,-0.05779017822725258,-9.909679206502144,-9.922328303126443,2.678062570293935,2.713715156229433,1.2673873548187327,1.3047620076844195,0.7283314514486843,0.7747650553573531
,-0.055,-0.041,-9.916,-0.038,-0.06,-9.89,2.66,1.05,0.63,-0.049848091085544464,-0.056700368078517895,-0.05227398698027547,-0.05918632572465439,-9.921601360192724,-9.916379490308396,-0.04764684368368407,-0.04988190178904625,-0.05739546246474208,-0.05788698760242893,-9.909073012076703,-9.92091204283578,2.6804870145332296,2.7113619661322943,1.2721817787024354,1.293601220381679,0.7275983648677782,0.768423089353873
,-0.086,-0.038,-9.935,-0.029,-0.045,-9.94,2.8,1.26,0.63,-0.04815399386194182,-0.05798375527159513,-0.051855335949062116,-0.05825831887541309,-9.920019479840347,-9.9171951088708,-0.047819725514383175,-0.048967229366028216,-0.059630368197081764,-0.0573225096973609,-9.909007429903086,-9.921748136607615,2.684787939812131,2.715244503557686,1.277665399896153,1.2921294143185456,0.7283199415268571,0.7623598589153808
10979.0,-0.01,-0.065,-9.919,-0.072,-0.072,-9.902,2.73,1.4,0.77,-0.046779061596588824,-0.05588224911315926,-0.05177830528547009,-0.058553578892503025,-9.91839333538276,-9.917274156244268,-0.048027497941640816,-0.04997597720285677,-0.06202384039992725,-0.05796532800298939,-9.90947947639158,-9.920883243260613,2.6908003295709126,2.7158907382358346,1.2832308298687458,1.2968537360987096,0.7302953764708578,0.7626944680648684
,-0.031,-0.067,-9.916,-0.007,-0.048,-9.899,2.66,1.47,0.7,-0.04579065070205902,-0.05479263675400608,-0.05205929447803015,-0.05892345401060373,-9.916826759753635,-9.917218359986263,-0.04826649294193333,-0.04809402691395973,-0.06443591930277252,-0.05752893881221764,-9.910455225330265,-9.919924959618058,2.698246293323969,2.7134432408706646,1.2883116544680557,1.3044359409158885,0.7332376603909146,0.759949030265281
,0.002,-0.041,-9.928,-0.06,-0.079,-9.914,2.52,1.4,0.77,-0.04522551004840028,-0.05230592758139955,-0.05269335918322059,-0.05813866182555317,-9.91541860649067,-9.917690442366133,-0.04852936255989462,-0.048615339080008695,-0.06673278253447736,-0.05846906569930901,-9.91187240044989,-9.919665530715445,2.70675336815375,2.704973180156009,1.2924557922817579,1.3086202865613512,0.7368085343351484,0.7603891196864004
,-0.072,-0.048,-9.919,-0.05,-0.077,-9.899,2.66,1.33,0.84,-0.04508701889444426,-0.05316815791919706,-0.053655695867933874,-0.05769477893404897,-9.914257381443711,-9.917747776385072,-0.04880572308348974,-0.04867596121175487,-0.06879681184406987,-0.059280372441874736,-9.913644725802492,-9.918760768757085,2.7158805468272034,2.7030041998713057,1.29538092287556,1.3095563163041286,0.7406591065066446,0.7638745804263701
11054.0,-0.081,-0.074,-9.919,-0.069,-0.077,-9.928,2.8,1.26,0.77,-0.04534637237757697,-0.05438655371597596,-0.05490368918446814,-0.05840857332662381,-9.91341550900244,-9.917802595034324,-0.04908394763035271,-0.04956568756767758,-0.07053524775058062,-0.06005608537077925,-9.915667927550013,-9.91916523499684,2.7251530048021264,2.707250389355958,1.2970021807929486,1.3073868872266892,0.744469508905477,0.7641427331932746
,-0.029,-0.069,-9.892,-0.055,-0.067,-9.931,2.8,1.4,0.77,-0.04594716050076962,-0.05327530212386732,-0.05637911746506985,-0.05887219433974637,-9.91294361566827,-9.916673131967647,-0.049353453183774314,-0.04980356500507996,-0.0718866632806941,-0.060360042980524914,-9.917827082026536,-9.919683280951368,2.734103965881301,2.71131033989705,1.2974291363856567,1.3114408628143528,0.74798133758181,0.7643991247120763
,-0.045,-0.062,-9.916,-0.034,-0.062,-9.89,2.8,1.26,0.77,-0.046812070265028934,-0.0529130942002041,-0.05801028134959442,-0.05900909761854692,-9.912865565954242,-9.916643669148199,-0.049606729405057406,-0.049111846880317195,-0.07282468766353374,-0.060431823492949684,-9.920004753724768,-9.91838405109849,2.742318212163993,2.7151922643459034,1.2969355034232177,1.3091893089940163,0.7510186824757089,0.7646442736357494
,-0.048,-0.038,-9.899,-0.06,-0.086,-9.931,2.8,1.12,0.7,-0.047850462617792175,-0.052698064932252896,-0.0597140775212891,-0.05808960153376927,-9.913175207411328,-9.915871466315053,-0.04984061628825129,-0.049588383966573085,-0.07335870377040692,-0.06155085481071471,-9.922089243844725,-9.918936207875108,2.749469307263222,2.71890400781574,1.2959092681433786,1.3009091423700003,0.753496502674044,0.7618150156832854
11130.0,-0.069,-0.043,-9.921,-0.045,-0.103,-9.931,2.87,1.33,0.7,-0.048966021256299445,-0.05341149719494459,-0.06139845748909752,-0.05742922541764474,-9.913835727296545,-9.916095909694072,-0.05005674985122975,-0.049387579513496406,-0.07353144109207314,-0.06336482090223315,-9.92398226412489,-9.919464163512064,2.7553433037582673,2.725516520694713,1.2947930268431775,1.302182264627963,0.7554177903962689,0.7591097646610002
,-0.029,-0.048,-9.899,-0.057,-0.067,-9.964,2.73,1.26,0.84,-0.05006401961171772,-0.052343225859336935,-0.06296604796686744,-0.05701659315874589,-9.914782206541522,-9.915347775725209,-0.050261374692162665,-0.049720706586177894,-0.07341347485401516,-0.0635238999459695,-9.925605313819645,-9.92141309590025,2.759844941841621,2.725712722197119,1.2940244264995764,1.3003363268793189,0.7568624611759419,0.7626496016096781
,-0.048,-0.072,-9.895,-0.036,-0.077,-9.907,2.66,1.26,0.7,-0.05105789291061795,-0.0521531725625609,-0.0643196001717607,-0.057672245422602984,-9.915927528578175,-9.914457386419222,-0.050464799742498116,-0.049120308263536236,-0.07309484719281993,-0.06411359463970648,-9.926903994607402,-9.920782399620272,2.7629866325431203,2.722837228290478,1.2939846841801077,1.2985712674162542,0.7579709549611051,0.759908145440175
,-0.053,-0.069,-9.921,-0.048,-0.055,-9.921,2.73,1.33,0.77,-0.05187487573786466,-0.052190226623834476,-0.06536930762417387,-0.05816790639631001,-9.91717135200832,-9.91474366718174,-0.0506807571110256,-0.049071287684836165,-0.07267451173842003,-0.06371481718012931,-9.92784969926071,-9.920791921014416,2.764864515555684,2.723150644897072,1.2949599970751775,1.299946473428037,0.7589246720320302,0.7603497279641832
11205.0,-0.06,-0.074,-9.935,-0.041,-0.06,-9.943,2.8,1.26,0.77,-0.05246046881444109,-0.052531937748788136,-0.0660412091483634,-0.058860628483765096,-9.918411341017036,-9.91562996873511,-0.050925861734058914,-0.04871813418578238,-0.07224888784218335,-0.06355227797489536,-9.92843863401141,-9.92176361984455,2.7656282636364034,2.726513134219019,1.2971177036992407,1.2981986436619795,0.7599245008310433,0.7607719688096771
,-0.062,-0.067,-9.921,-0.05,-0.074,-9.911,2.73,1.33,0.84,-0.052781369134028144,-0.05294618850696984,-0.06628530493077188,-0.05921674578974197,-9.919555263865044,-9.915864920667609,-0.05121919336596423,-0.04877421893378442,-0.07190112499350602,-0.06400939123158285,-9.928688680314703,-9.92129268528972,2.765451239310183,2.726665693080075,1.300497122656997,1.2995900303707588,0.7611682961533578,0.7642383879268132
,-0.062,-0.098,-9.943,-0.12,-0.072,-9.926,2.73,1.26,0.7,-0.05282636048161689,-0.0533422993737946,-0.06608186333479771,-0.06091354149344497,-9.920532124838008,-9.917052100211162,-0.05158171136696078,-0.0518903988874016,-0.07169253804102722,-0.06435898620251326,-9.928634853517632,-9.92149863374709,2.764505733542328,2.7268115714436045,1.3050139506233964,1.2978579376206665,0.762828197012786,0.7614279115274863
,-0.06,-0.069,-9.928,-0.022,-0.05,-9.947,2.73,1.26,0.77,-0.05260473024378363,-0.0536335682759841,-0.06544463251541156,-0.061267317372542686,-9.921300452754586,-9.917531061782402,-0.0520349501820743,-0.050582718629795624,-0.07165721431026063,-0.06373079241871678,-9.928324076710606,-9.922614297452903,2.762945870427738,2.7269510625588516,1.310476536777981,1.2962016841257995,0.7650291438721099,0.7618029333163954
11281.0,-0.069,-0.06,-9.959,-0.034,-0.062,-9.899,2.8,1.33,0.7,-0.052142125579549135,-0.05430581509586313,-0.06442018770376906,-0.061211875088428166,-9.921852292732654,-9.919345234541648,-0.05259855495909952,-0.04985726199392574,-0.07180027069560319,-0.06365507414395721,-9.92780982935486,-9.921581225061635,2.7608991122280995,2.730146789242334,1.3166118260170487,1.2976802844132163,0.7678308011813346,0.7590991940145632
,-0.022,-0.069,-9.885,-0.057,-0.077,-9.962,2.73,1.33,0.77,-0.05147430319363258,-0.05289255040993102,-0.06308336519836771,-0.06155257789609582,-9.922212213705807,-9.917842752497355,-0.05328679836678948,-0.05016973141637788,-0.07209975749161834,-0.06423886725961653,-9.927147070302254,-9.923349402929908,2.758465871878189,2.7301403677342604,1.3230978539712164,1.2990941571962626,0.7712156925687806,0.7595760655654497
,-0.057,-0.036,-9.921,-0.048,-0.091,-9.902,2.73,1.47,0.77,-0.05063981203133999,-0.053072231854294494,-0.061529491585723864,-0.060434773769008916,-9.92243157816147,-9.917980867105715,-0.0541048611487302,-0.050074815954550135,-0.07251169586629005,-0.06540953993085771,-9.926387734523422,-9.922415467778514,2.755725351283968,2.730134227311431,1.3295983674587097,1.3065704774801143,0.7750859799190898,0.7600320632725618
,-0.041,-0.069,-9.94,-0.057,-0.077,-9.904,2.87,1.33,0.77,-0.049673083509223274,-0.05254414208949066,-0.05986464837518639,-0.06080945248297071,-9.922579169455814,-9.918944075802473,-0.0550458398461353,-0.05037775238402932,-0.07297721322166076,-0.06591655498869925,-9.92557707982001,-9.921609898421888,2.7527446622192153,2.7362525394756343,1.3357941566125031,1.3075953825006879,0.779269948865992,0.7604681023932071
11357.0,-0.014,-0.062,-9.907,-0.065,-0.089,-9.938,2.8,1.4,0.77,-0.048599506355384466,-0.050858098938766735,-0.058195353441163826,-0.060861530811294584,-9.922729742050075,-9.918421604005028,-0.05608914964990749,-0.0510173759196591,-0.07343043958351332,-0.06692629816228068,-9.924751141940572,-9.92232685350267,2.7495878117957693,2.739041055793979,1.3414060819463929,1.3116374538501616,0.7835375684780097,0.7608850578578279
,-0.031,-0.055,-9.938,-0.022,-0.041,-9.95,2.73,1.33,0.84,-0.047433772521874445,-0.049989460715068414,-0.056618861357244886,-0.06060513417797254,-9.922952100612628,-9.919278007388472,-0.05720060814010221,-0.049748090176196864,-0.07380595256440796,-0.06579222316083166,-9.923935404705038,-9.923537339606687,2.74632147783065,2.738645579536687,1.3462069797403982,1.3124406732076317,0.7876231200181905,0.7643457246126003
,-0.041,-0.043,-9.902,-0.069,-0.11,-9.909,2.73,1.33,0.77,-0.04618213107630854,-0.04959624882440881,-0.05521501804845738,-0.05983506038657893,-9.923298189072536,-9.918522242591518,-0.058334248427940195,-0.05059019629363466,-0.07404500641975759,-0.06772593465518742,-9.923144487062478,-9.922901455544997,2.7430160069592002,2.7382674095014403,1.3500228845440867,1.313208743318352,0.7912520700351834,0.7645930507187885
,-0.072,-0.057,-9.904,-0.077,-0.057,-9.921,2.66,1.26,0.77,-0.04484822364296748,-0.05057620394912906,-0.054040437238113685,-0.05971105294099784,-9.923794599172279,-9.917887029946169,-0.05943571914438891,-0.05174537884686285,-0.07410023502244971,-0.06725677506890274,-9.922382431687408,-9.922818284602277,2.7397424960629815,2.7348439404386755,1.3527269676753846,1.3108813571460063,0.7941690776793966,0.7648295543121242
11433.0,-0.045,-0.014,-9.904,-0.06,-0.065,-9.938,2.66,1.33,0.84,-0.04344108231692214,-0.050332300923263795,-0.05312566766269202,-0.057711652590955384,-9.924437804820405,-9.917279611592203,-0.060446852569058955,-0.05210643577644952,-0.0739387736923924,-0.06715806378197274,-9.921643281964506,-9.923482332466579,2.736568888575774,2.7315702682941114,1.3542311863715029,1.3117176061220241,0.7961641706158125,0.7681175077883914
,-0.081,-0.053,-9.928,-0.055,-0.11,-9.909,2.8,1.33,0.84,-0.041983068334729395,-0.05167368582435289,-0.05247580224209252,-0.05750556801875221,-9.925194055405424,-9.917748514300165,-0.06131072991459868,-0.05223299836434013,-0.07354384286218611,-0.06903194177433498,-9.920911948086639,-9.922848884810312,2.7335583689576652,2.7345633395599465,1.35448040178508,1.3125172659544204,0.7970944502651557,0.7712616005181407
,-0.048,-0.072,-9.916,-0.057,-0.043,-9.914,2.73,1.33,0.77,-0.04051540567341152,-0.05151300337057995,-0.0520744917301041,-0.058139536465741576,-9.926004107201308,-9.917672036457029,-0.0619765583939347,-0.05244150109336497,-0.07291489994879179,-0.0678933369831887,-9.920165628608435,-9.922461845582557,2.730771732098233,2.7343637447570837,1.3534518051151245,1.3132819390210397,0.7968990261001748,0.7712064196788887
,-0.045,-0.055,-9.945,-0.05,-0.081,-9.897,2.73,1.47,0.84,-0.039099571338797406,-0.05122813616043301,-0.051890606615692794,-0.05800221871181713,-9.926791995074405,-9.918867313089105,-0.062403864850781525,-0.05233471416796903,-0.07206655686374225,-0.06846659916585554,-9.919376179354586,-9.921348189638655,2.728272905583595,2.7341728823048457,1.3511596943743283,1.320136508913077,0.7956054408335365,0.7742153288083722
11509.0,-0.06,-0.079,-9.94,-0.117,-0.055,-9.892,2.73,1.33,0.77,-0.0378138930754579,-0.05161179765106275,-0.05188613318513442,-0.058920614188113,-9.927476184235045,-9.919791609032309,-0.06256563762229951,-0.05516302755815275,-0.0710265860943178,-0.0678776005671335,-9.91851377783282,-9.920064566181885,2.7261349160432258,2.73399036986797,1.3476631639428018,1.320567915711271,0.7933268579766536,0.7740309598574066
,0.026,-0.017,-9.938,-0.055,-0.086,-9.978,2.8,1.33,0.77,-0.03674592018288738,-0.04821726763897215,-0.052023663349105645,-0.0570871199605138,-9.92798098173408,-9.920587994781414,-0.062450012941895526,-0.05515589717391097,-0.06983342185132779,-0.06867022527919771,-9.917551895275686,-9.922598505284073,2.7244430499392878,2.73687745246819,1.343073122185994,1.3209804495548834,0.7902504906355943,0.7738546565810024
,-0.048,-0.105,-9.959,-0.053,-0.057,-9.907,2.8,1.33,0.84,-0.035982119562964196,-0.04820776502876753,-0.05227213897206612,-0.05918268018729079,-9.928246140999377,-9.92226801631843,-0.06206015913648597,-0.05506160494253299,-0.06853349532141739,-0.06815980595327825,-9.9164729587179,-9.921916275218932,2.7232924652823924,2.739638236205496,1.3375555117735685,1.3213749366147431,0.7866186880966056,0.7767476480008695
,-0.034,-0.031,-9.904,-0.055,-0.079,-9.94,2.73,1.4,0.84,-0.035596893753231995,-0.04758636689927064,-0.05261008035990156,-0.057950067970159364,-9.928233114760172,-9.921469036947157,-0.0614124296732409,-0.05505891055703462,-0.06717855793636689,-0.06863391826372096,-9.915273521518225,-9.922707194320601,2.722778719588307,2.7392166933423066,1.3313289566259818,1.3248137228855075,0.7827045977636737,0.7795140854482059
11584.0,-0.053,-0.06,-9.957,-0.041,-0.05,-9.876,2.59,1.4,0.7,-0.035642697170590154,-0.0478231385032087,-0.05302608831994104,-0.058039724155873905,-9.927927239612172,-9.923023025360289,-0.06053348484230177,-0.054444027586527756,-0.06582299819687236,-0.06781894195615452,-9.913967737439705,-9.920664400302432,2.7229817248073402,2.732690525949797,1.3246562752425415,1.328102083048691,0.7787846733743367,0.7760364435029653
,-0.024,-0.069,-9.926,-0.053,-0.074,-9.95,2.73,1.19,0.7,-0.03614241334988338,-0.046781212963516255,-0.05351690805486877,-0.05851908128686364,-9.927336030926394,-9.92315322591752,-0.05945745146351894,-0.054380871792751,-0.06452111424796791,-0.06808927586859585,-9.912588496074978,-9.921947418093852,2.723946246697066,2.732572853473439,1.3178302173751064,1.3220620691607736,0.7751109439396819,0.7727109239698252
,-0.034,-0.034,-9.897,-0.053,-0.079,-9.878,2.73,1.26,0.77,-0.03708466644191264,-0.04622221921095192,-0.05408381028245866,-0.057446725063937255,-9.926484520251337,-9.922009399432582,-0.05822401888021056,-0.054320478565015616,-0.0633243047647249,-0.06856646270859433,-9.9111862632337,-9.920025352306675,2.7256639247420504,2.732460328236435,1.3111549479385853,1.3193477486161496,0.7718867287469389,0.7725923601396837
,-0.012,-0.024,-9.921,-0.069,-0.072,-9.926,2.66,1.26,0.77,-0.03842261604454536,-0.044725499533326,-0.054728422730859295,-0.05598392187029404,-9.925409078454814,-9.921965253026295,-0.056877780408447216,-0.054962492119263476,-0.06227814918818514,-0.06871662955768823,-9.909826052953493,-9.920286655430075,2.728061684648284,2.7292912526586597,1.3049260058462782,1.3167521558923392,0.7692494150700543,0.7724789824417431
11660.0,-0.002,-0.069,-9.911,-0.057,-0.022,-9.897,2.73,1.54,0.84,-0.04007677479598908,-0.042856896341560154,-0.05544931034446022,-0.05655318110431355,-9.924151364496945,-9.921485686794718,-0.055468439965993835,-0.05505160269189055,-0.06141944994017831,-0.06667347397019302,-9.908583016070258,-9.919268211663766,2.730999620832901,2.7293222497811898,1.2994114873927851,1.3265159184840214,0.7672624246377409,0.7754320196279373
,-0.062,-0.029,-9.914,-0.086,-0.072,-9.923,2.73,1.26,0.7,-0.0419420753743228,-0.04369411737022699,-0.05624041601382729,-0.055348146485121756,-9.922753816172055,-9.921158301303295,-0.05405101004541454,-0.05640512662887565,-0.06077356210205018,-0.06690642885992583,-9.907537040127284,-9.919431420917887,2.7342791786382055,2.72935189109461,1.2948357319282224,1.3236068538574315,0.7659164141145195,0.7721330105333761
,-0.079,-0.036,-9.931,-0.045,-0.06,-9.897,2.73,1.19,0.7,-0.04389861866100396,-0.04523820831031159,-0.05709188513535014,-0.05450196178529747,-9.921257476342815,-9.921588724696246,-0.05268502212075583,-0.05590632723946983,-0.060352565864253804,-0.06660437850920163,-9.906766638109353,-9.91845039024445,2.7376605002184955,2.7293802359203005,1.2913655647278321,1.317763602897307,0.7651384459364553,0.7689782975011721
,-0.043,-0.11,-9.895,-0.045,-0.055,-9.923,2.87,1.19,0.84,-0.0458245220408615,-0.04514032142739843,-0.057992954140540766,-0.05692913978459471,-9.919702165894435,-9.920425880572596,-0.05143209445857843,-0.05542934465809699,-0.06015478174393366,-0.06609686701655954,-9.906342335855902,-9.91864936507418,2.740886209778529,2.7355301685777436,1.2890999207350695,1.3121759278003313,0.764807593057896,0.7720843949295335
11736.0,-0.067,-0.079,-9.943,-0.069,-0.065,-9.919,2.59,1.26,0.7,-0.04760865101974804,-0.04609633952828757,-0.05893575290472493,-0.057894393770285414,-9.918128333776634,-9.921413144255936,-0.05035180971532453,-0.056022847993688035,-0.06016580219371525,-0.06604889628731865,-9.906319815638787,-9.918664699852995,2.7437079293432207,2.7291655061274844,1.2880654969828869,1.3098940492611693,0.7647752749651898,0.7689318331882712
,-0.036,-0.069,-9.933,-0.005,-0.041,-9.895,2.87,1.33,0.84,-0.04916116810760179,-0.04565478455584495,-0.05991837893162273,-0.058380088178539125,-9.916579442160883,-9.921919885709553,-0.04949646149702265,-0.053791406373021974,-0.06036087945134157,-0.06495340373985864,-9.906733265638135,-9.91762974397991,2.745911775964673,2.7353247850311524,1.2882212558096648,1.310773366215551,0.76488787505188,0.7720399400769291
,-0.074,-0.048,-9.964,-0.089,-0.074,-9.871,2.66,1.26,0.77,-0.050420582281033424,-0.04689443492429755,-0.06094578705869568,-0.05792612513985812,-9.915103529418197,-9.923760218491198,-0.048905583732124155,-0.05533121989634381,-0.06070830759920278,-0.06534904780928619,-9.907589705076722,-9.915590437578468,2.7473398075586006,2.732030528979317,1.2894720814628067,1.3085528425345547,0.7650082660476434,0.7719507252860601
,-0.048,-0.06,-9.885,-0.036,-0.072,-9.911,2.8,1.33,0.84,-0.05135681762551021,-0.046942785594626266,-0.062027915562891556,-0.05801682377159812,-9.91375278845305,-9.922065083046597,-0.0486012184233459,-0.05448579029585987,-0.06117328533416816,-0.06563991987445246,-9.908865361842308,-9.915389679849321,2.7479051427110406,2.735003098896697,1.2916883489950541,1.3094908103330047,0.7650325659704219,0.774926785330026
11812.0,-0.055,-0.06,-9.89,-0.01,-0.057,-9.897,2.8,1.47,0.77,-0.05197045425411631,-0.047295158050956715,-0.06317552001728362,-0.058103555567946004,-9.912580741696592,-9.920662755702791,-0.04858472721954256,-0.052540258452013384,-0.06172159050571216,-0.06526206350431187,-9.910505173984227,-9.914585429604308,2.747598823464901,2.737845659184079,1.2947257475583955,1.3165104842030269,0.7648991233445195,0.7747113183756656
,-0.05,-0.067,-9.902,-0.067,-0.079,-9.931,2.87,1.4,0.77,-0.052288765277366575,-0.047413450730727384,-0.0643948239615411,-0.058492629780829586,-9.91163764855888,-9.919846564803072,-0.04883575700572481,-0.05317263609504263,-0.0623223416012393,-0.06586287395949171,-9.912425972205407,-9.915303299097598,2.746486702716998,2.743625254226211,1.298439313923346,1.32016178758505,0.7645883351220661,0.7745052751071828
,-0.031,-0.06,-9.907,-0.045,-0.067,-9.89,2.73,1.19,0.7,-0.05235955541399359,-0.046695631800959626,-0.0656822024963,-0.05855855247406697,-9.910965508784294,-9.91928473855767,-0.049313720028345644,-0.05281521747592542,-0.06294928015001162,-0.06591260455001773,-9.914523072926498,-9.914196695289794,2.744695476974351,2.7430293731060904,1.3026874601204324,1.3144693468793278,0.7641140884338617,0.7712468928378549
,-0.043,-0.05,-9.928,-0.057,-0.069,-9.933,2.66,1.26,0.77,-0.05224403563652018,-0.04653400892758934,-0.06701995153145095,-0.058184257112069634,-9.910593970699562,-9.919665887349634,-0.04996174036974599,-0.052998232617151086,-0.06358036329811309,-0.06604762712551535,-9.916679284211478,-9.915019029412834,2.7423890933994066,2.739398208915963,1.3073256911320095,1.3120872122870901,0.7635096666637962,0.7711923618634253
11887.0,-0.062,-0.069,-9.895,-0.053,-0.072,-9.962,2.66,1.19,0.77,-0.05200991302802736,-0.047210389422854625,-0.0683739782322623,-0.058657266406912066,-9.91053782210499,-9.918587164038364,-0.05071253885294418,-0.05299830991082603,-0.06419591543137416,-0.06630794467606854,-9.918774922555398,-9.91707366736038,2.7397398537284894,2.735925854663441,1.3121942940545404,1.306747922439729,0.7628120538428853,0.7711402158157558
,-0.048,-0.067,-9.921,-0.041,-0.002,-9.907,2.66,1.33,0.7,-0.05172550424485882,-0.04724492172553413,-0.0696939778097496,-0.05902212195716636,-9.910796112354083,-9.918692685398076,-0.05149543982584448,-0.05247358382245341,-0.06477606893067729,-0.0634955438869616,-9.920697356481853,-9.91663311230647,2.7369010193442964,2.7326053639426644,1.3171069297830988,1.3077648133014768,0.7620484174421098,0.7680290170345587
,-0.045,-0.065,-9.897,-0.062,-0.084,-9.926,2.73,1.26,0.7,-0.051455158142220375,-0.047146743967786696,-0.07091627801923275,-0.059283554084468414,-9.911352659428712,-9.91774399342914,-0.05224367122032684,-0.0528902051099764,-0.06529857645886386,-0.0643922707091539,-9.922348864742537,-9.917042756892455,2.733987784838567,2.7324914228697543,1.321846181186349,1.305675902041977,0.7612275620414733,0.7650538859739755
,-0.055,-0.077,-9.935,-0.038,-0.048,-9.907,2.73,1.47,0.84,-0.051255847249339855,-0.047490192010101295,-0.07196908740658832,-0.06005835101474842,-9.912177649951168,-9.91849865387197,-0.052901225962424955,-0.052239008743309244,-0.0657380361272631,-0.06367538420232711,-9.923652239797564,-9.91660355496398,2.731070806363287,2.732382464966983,1.326168607354187,1.312862321218596,0.7603378180170536,0.7683315196122704
11963.0,-0.079,-0.062,-9.89,-0.072,-0.098,-9.909,2.8,1.4,0.77,-0.05117456802023836,-0.04886821505557065,-0.07277949818375014,-0.060143265434053884,-9.913230041590486,-9.917252318070336,-0.05342858879944207,-0.05310321906670341,-0.06606699222804137,-0.06517650764970699,-9.924554308492366,-9.916271027581674,2.728182462986595,2.7353395925249546,1.3298180645827575,1.3166731260806241,0.759351268546835,0.7684044875093119
,-0.034,-0.101,-9.933,-0.062,-0.067,-9.926,2.66,1.26,0.77,-0.05124613662862631,-0.048217982003277614,-0.07328132919406265,-0.06193005686290048,-9.914460465267863,-9.917941012930438,-0.053806592310699744,-0.05349230282694082,-0.0662585249934551,-0.06525625461276426,-9.925027932220386,-9.916696505650668,2.7253326050268663,2.7320447590144816,1.3325440357736613,1.314194634908909,0.7582326727812561,0.7684742642076522
,-0.062,-0.062,-9.899,-0.074,-0.084,-9.95,2.73,1.19,0.7,-0.05149107799069855,-0.04882071164163686,-0.0734227507380149,-0.06193311568939017,-9.915814332071072,-9.917112664725085,-0.05403766076692144,-0.05438916690763194,-0.06628936242056177,-0.06607597570741332,-9.925072896134301,-9.9181529689284,2.722528799656552,2.7319553354727604,1.3341222210249268,1.308763225125334,0.7569506440413872,0.7654796760049225
,-0.048,-0.089,-9.938,-0.06,-0.057,-9.921,2.87,1.33,0.84,-0.051913600072235076,-0.04878481945667742,-0.07317264176080049,-0.06311683183116999,-9.917234871986281,-9.918026130628288,-0.05414389331611195,-0.05463454548996345,-0.06614256369471201,-0.06567905603154743,-9.9247156274715,-9.918277478147743,2.7197958625608765,2.737992443246684,1.334376566146234,1.3096919730717178,0.7554889381554293,0.7687386735826031
12038.0,-0.043,-0.084,-9.914,-0.048,-0.043,-9.921,2.73,1.33,0.7,-0.05250000385257963,-0.048531832158149144,-0.0725248346307072,-0.06403011466381668,-9.918665844521788,-9.917850056004214,-0.05416193187805154,-0.05434439715378135,-0.06580931684096109,-0.06468723370043392,-9.924007318629698,-9.918396542096712,2.7171900188511158,2.7376429100173825,1.3332027927156325,1.310580103273447,0.7538564813741425,0.765732527675317
,-0.057,-0.048,-9.933,-0.038,-0.057,-9.931,2.66,1.4,0.7,-0.05321811170711721,-0.0489021699258833,-0.07149977681305048,-0.06332907082623694,-9.92005370354398,-9.918512607402047,-0.05413527322427221,-0.053629608822948156,-0.06528996195450033,-0.06435104846865333,-9.923020036978103,-9.918947728203648,2.714804182734968,2.7342473582860958,1.3305918372222916,1.314490697107106,0.7520952834786074,0.7628578518279049
,-0.012,-0.084,-9.89,-0.065,-0.098,-9.94,2.73,1.47,0.84,-0.054018318714432474,-0.04728833124221878,-0.07014357597640766,-0.0642330703795128,-9.921349137826375,-9.917265668566472,-0.054105348048717056,-0.05412686893439361,-0.06459460144651819,-0.06582261449729358,-9.921840698196974,-9.919868404973393,2.7127629217252123,2.7340616090166288,1.3266485166472424,1.3212915689577942,0.7502855095967059,0.7662315012125116
,-0.06,-0.057,-9.921,-0.043,-0.053,-9.921,2.73,1.4,0.77,-0.05483667012168552,-0.04784424891729145,-0.06852475411798549,-0.0639167474996742,-9.922508115229038,-9.917428981573446,-0.054103026715862965,-0.053640259093725766,-0.06374347372158216,-0.06526184484733515,-9.920563131961956,-9.919917892864268,2.711208267049265,2.7338839832237762,1.3215988048599916,1.3247337140315334,0.7485468360912888,0.7663963084557126
12114.0,-0.108,-0.062,-9.943,-0.043,-0.062,-9.916,2.73,1.26,0.7,-0.05559991587665541,-0.05047503049735008,-0.06672919631169803,-0.06383292269614323,-9.923492657806198,-9.918547274721634,-0.0541421656474227,-0.05317493039070054,-0.06276692395573542,-0.06511919512246378,-9.919278822095134,-9.919746552299245,2.7102794465491646,2.7337141256234894,1.315780099578813,1.3219027251498752,0.7470349832809194,0.7634926096052234
,-0.038,-0.11,-9.935,-0.01,-0.062,-9.911,2.66,1.47,0.84,-0.05623188348799654,-0.04992946235516492,-0.06485373295708492,-0.0658519387298222,-9.924271425258208,-9.919266798635096,-0.05421652707686325,-0.05128676935035425,-0.06170468842591685,-0.06498278395389492,-9.918067330097582,-9.919364040986792,2.710090388051707,2.730490399751416,1.309612679664382,1.328379435176342,0.7459324911686696,0.7668384927956476
,-0.057,-0.045,-9.935,-0.06,-0.065,-9.89,2.66,1.19,0.77,-0.05666010583152143,-0.05023867667226628,-0.06299869531815547,-0.0649400253339164,-9.924819927035191,-9.919954855379892,-0.05430096484660607,-0.051667823210812085,-0.06060437113465597,-0.06498353685957296,-9.916987836551256,-9.918079869635594,2.710709088335812,2.7274076581105087,1.303555634323773,1.3223277168066392,0.745433707042952,0.7669767543169507
,-0.057,-0.036,-9.909,-0.065,-0.043,-9.885,2.66,1.19,0.63,-0.05682177330220265,-0.05053436804171327,-0.06125985579370933,-0.06367439798435366,-9.925120166973713,-9.919475769255422,-0.05435705832970859,-0.05225087617565613,-0.059519186931706415,-0.0640221359911021,-9.91607341185234,-9.916633195444826,2.7121430127480894,2.7244597347866595,1.2980550889453533,1.3165406597614817,0.7457253361922795,0.7609863820032576
12190.0,-0.06,-0.069,-9.907,-0.048,-0.086,-9.938,2.66,1.12,0.7,-0.05666859641491473,-0.050948326123035216,-0.059720471401403366,-0.06390730118637931,-9.925159881615189,-9.918930169603254,-0.05434237761382312,-0.05206497368616928,-0.05850511036096317,-0.0649832883427645,-9.915329336056985,-9.917567624488404,2.7143340552190875,2.721640733556483,1.2934953783766086,1.3079453969438326,0.7469653272780021,0.758319280029286
,-0.045,-0.05,-9.928,-0.062,-0.048,-9.904,2.8,1.12,0.77,-0.056170599665035965,-0.050688189591354585,-0.05844443993216667,-0.06329909695869708,-9.924931976688347,-9.919326818034012,-0.05422158857684751,-0.0524994594951143,-0.05761754925551858,-0.064240562803741,-9.91473600347871,-9.91697427524955,2.7171647330783557,2.725067598085433,1.2901639831676297,1.2997260319165902,0.749263726910525,0.7588301097850633
,-0.048,-0.034,-9.919,-0.093,-0.055,-9.911,2.73,1.33,0.77,-0.05531900446786343,-0.05057062776936846,-0.057471524038971204,-0.062017767980975316,-9.924434888339796,-9.91931252539496,-0.053977045801996734,-0.05427065798070106,-0.056907666753304546,-0.06383644792922517,-9.914255925734231,-9.916713003988907,2.7204745835509216,2.725283305399273,1.288237593154703,1.3010499946527312,0.7526686541036548,0.7593185993801708
,-0.053,-0.086,-9.904,-0.077,-0.055,-9.933,2.73,1.47,0.77,-0.05412828974898486,-0.05067687077005939,-0.056815184870191215,-0.06306657567740025,-9.923674279695183,-9.918642867355073,-0.053616499410054086,-0.05526467341786322,-0.056418571838909436,-0.06345000622563905,-9.913843498159627,-9.917425278257396,2.7240833228027563,2.725489579177085,1.2877898209204401,1.308438634116259,0.7571587188095358,0.7597857258415355
12266.0,-0.05,-0.072,-9.938,-0.055,-0.048,-9.923,2.66,1.47,0.77,-0.052637322143110774,-0.05064726939468104,-0.056463050471163546,-0.06345725829878775,-9.922665934589594,-9.91948940671682,-0.05317602092559503,-0.055253098538962556,-0.05618174613129881,-0.06277433598825698,-9.913455763167446,-9.917669075800784,2.7278162806355444,2.722625544117008,1.2888133518812934,1.3155041462490171,0.7626413032958705,0.7602324234638239
,-0.072,-0.036,-9.945,-0.072,-0.065,-9.923,2.8,1.33,0.77,-0.05090914621292105,-0.051581081345580954,-0.056379678278111696,-0.062256479044261535,-9.921439171806643,-9.920605053109908,-0.05271722141039843,-0.055985485277404545,-0.056214142638405726,-0.06287167022111316,-9.913062365349436,-9.917902211357008,2.7315279305604205,2.7260093357703306,1.2912445753383532,1.316138088657666,0.7689553367764519,0.7606595856787839
,-0.096,-0.019,-9.916,-0.034,-0.038,-9.895,2.8,1.33,0.77,-0.04902874750740202,-0.05352363881367413,-0.05651121134229702,-0.06036475815243639,-9.920039722019084,-9.920403661887866,-0.05231915283524319,-0.055024001524332004,-0.05651630963371607,-0.061783965923134544,-9.912653161437575,-9.916900636733962,2.7351200148694317,2.7292451443339463,1.2949796564830696,1.3167443069136662,0.7758775063148872,0.7610680668427655
,-0.031,-0.074,-9.921,-0.01,-0.077,-9.933,2.8,1.26,0.77,-0.047098109263958424,-0.0525386204091431,-0.056791688465572844,-0.06096106340671563,-9.918530932324579,-9.920429741333582,-0.052066565792679,-0.05305498264092781,-0.057071716507678755,-0.06244940341010865,-9.912242437843496,-9.91760470454687,2.7385511904724127,2.7323394416460967,1.2998768552275466,1.3142627280211656,0.7831315206677079,0.7614586839460098
12341.0,-0.024,-0.045,-9.935,-0.057,-0.06,-9.926,2.73,1.26,0.77,-0.04522840395403943,-0.05129055119333018,-0.057150751268431645,-0.06026304396485158,-9.916992471299013,-9.921066937212265,-0.05203700884471747,-0.053227508665350774,-0.057847279975000505,-0.06234228453227094,-9.911869215047457,-9.917971852981605,2.741835866972389,2.732237131686511,1.3057471839519585,1.3118896756648033,0.7904005063724958,0.7618322182471318
,-0.031,-0.084,-9.916,-0.026,-0.05,-9.911,2.73,1.19,0.77,-0.04353008927124106,-0.05040319199661164,-0.057522023340367295,-0.061301123514253694,-9.915516255703041,-9.920845346714714,-0.052289322836493346,-0.05203677806430752,-0.05879498011451043,-0.061802523951896574,-9.91159353119752,-9.91766695550482,2.745031798327152,2.732139296031019,1.3123408172070083,1.3065591194046187,0.797342649010462,0.7621894168360779
,-0.041,-0.098,-9.899,-0.057,-0.038,-9.928,2.73,1.26,0.84,-0.04210247902030754,-0.049991965741578846,-0.05785078981223228,-0.06290606166148952,-9.914199876877415,-9.9198899923922,-0.05285540741978055,-0.05225383278043444,-0.05985446653409275,-0.060761577134199565,-9.911488973825296,-9.918118846649058,2.748218726092883,2.732045739003197,1.3193385787815386,1.3045229669664589,0.8036097561768153,0.7655922777718056
,-0.026,-0.045,-9.911,-0.055,-0.065,-9.911,2.66,1.19,0.84,-0.04102450572686063,-0.04894273431185224,-0.058099333858957186,-0.06212298273914436,-9.913138267686202,-9.919501209766866,-0.053736038261258584,-0.052373929857476346,-0.06095662425215964,-0.060946934454694686,-9.911632230804543,-9.917807520860748,2.7514726738897375,2.728894990350325,1.3263564749711607,1.2995145780057116,0.8088676317960176,0.7688463221305339
12417.0,-0.062,-0.086,-9.911,-0.089,-0.086,-9.88,2.8,1.4,0.84,-0.040347891606566544,-0.04951376261404105,-0.05824870272525766,-0.06316718701233881,-9.912414659641096,-9.91912942967939,-0.05490045474159168,-0.05397568348253415,-0.06202800042202093,-0.06204257038833019,-9.91209104729983,-9.916154099312722,2.7548413192246994,2.732004597974701,1.3329673561306898,1.3039090677317045,0.8128164177511321,0.7719580581431642
,-0.043,-0.057,-9.919,-0.069,-0.055,-9.897,2.8,1.47,0.84,-0.04009324604381986,-0.04922889881651121,-0.058296665310418806,-0.0628974798681723,-9.912091933732563,-9.919123769382544,-0.05628877159923565,-0.05463273595927469,-0.06299570416637797,-0.06173458045009289,-9.91291250346825,-9.91531644068256,2.75832512442285,2.7349782139295935,1.338738492024665,1.3111726566133792,0.8152089671692007,0.7749337094060551
,-0.012,0.007,-9.902,-0.029,-0.072,-9.911,2.59,1.33,0.7,-0.04024911967567645,-0.047600782353729935,-0.05825278102354952,-0.05984068148578709,-9.912205286745362,-9.91837490246134,-0.05781618173708602,-0.0535117498240922,-0.063792109853112,-0.06218351391570343,-9.91411370106537,-9.915127671517762,2.7618672994395763,2.7286379399932956,1.3432788680065961,1.3119960252515244,0.8158661546832506,0.7716566636222792
,-0.036,-0.06,-9.923,-0.041,-0.074,-9.895,2.8,1.4,0.77,-0.04077387615136062,-0.04709345006252425,-0.05813236058003149,-0.059847648897499724,-9.912756905087855,-9.918577169968804,-0.059378377685958335,-0.052964578563422175,-0.06435870679232075,-0.06270027949033029,-9.915676575507302,-9.914247436254625,2.765354079506832,2.7317587879072054,1.3462873249856047,1.315844667246777,0.8146893303349761,0.7715842134266269
12493.0,-0.05,-0.06,-9.883,-0.06,-0.067,-9.916,2.73,1.33,0.84,-0.041600203467353096,-0.047220561013972984,-0.057951286601137526,-0.05985431160552458,-9.913713202803821,-9.917021288245845,-0.060858231177712184,-0.05327225575180134,-0.06464875096785505,-0.06288831739668134,-9.917547699077932,-9.914324080403166,2.7686254060776063,2.7316818715599585,1.3475931732348558,1.316463716584666,0.8116707689572028,0.7745762128460509
,-0.06,-0.067,-9.921,-0.055,-0.05,-9.921,2.87,1.4,0.91,-0.04264189759154867,-0.047779438902030666,-0.05772304805971084,-0.06016681102298643,-9.915005093762758,-9.917195287591573,-0.0621339716200227,-0.05334781447214836,-0.06462879075885547,-0.062324677974391354,-9.919642915581605,-9.914616035617255,2.7714943315285003,2.7377308807212515,1.3471835587075094,1.3201169741104772,0.806902098275942,0.7804986449841226
,-0.036,-0.055,-9.916,-0.093,-0.045,-9.957,2.8,1.33,0.84,-0.04380219673887122,-0.04726429364736993,-0.0574582790235109,-0.059940853046349586,-9.916531584234875,-9.917143014581299,-0.06308869640296115,-0.05508190684967905,-0.06427950653538587,-0.06156702510813348,-9.92185573943519,-9.916469595732222,2.77377130602494,2.740454069964401,1.3452147598913693,1.3205491843312713,0.8005788115472009,0.7831007927551025
,-0.031,-0.043,-9.921,-0.057,-0.072,-9.919,2.8,1.33,0.77,-0.04498271533486435,-0.04655301418138847,-0.05716622549743818,-0.05919998589470256,-9.918166618503173,-9.917311690491141,-0.06362038799457201,-0.05516579000508946,-0.06359650056786097,-0.06202328598060517,-9.924067848386096,-9.916580256830413,2.7752880847090844,2.743058166904322,1.3420067385540246,1.3209624928503922,0.7929978452681695,0.7825278613338668
12569.0,-0.065,-0.06,-9.933,-0.072,-0.036,-9.935,2.8,1.33,0.7,-0.04609209442484161,-0.04735974833973571,-0.056857212569484034,-0.05923497257015454,-9.91976869227253,-9.91799778063573,-0.06365121923303045,-0.05590199332660896,-0.06259155159549902,-0.06088522072054453,-9.926159859560528,-9.917385799597616,2.7759163605008044,2.745548379790529,1.3380216926826949,1.3213577262937084,0.7845460865089464,0.7789187055938432
,-0.048,-0.105,-9.895,-0.065,-0.072,-9.919,2.8,1.4,0.84,-0.04705367313783334,-0.04738774819045625,-0.05654513580292197,-0.06123639484796329,-9.921192472532235,-9.916992028578113,-0.06313500839538701,-0.05629987254273509,-0.06129438454992053,-0.061371298586376244,-9.928020946042594,-9.917456392730138,2.775578170324028,2.7479296890974463,1.3338282393954233,1.3247969550544598,0.7756798629274119,0.7815899475934089
,-0.069,-0.036,-9.907,-0.034,-0.084,-9.943,2.73,1.33,0.77,-0.04781159228357917,-0.048332907452578566,-0.05624900558541725,-0.060132742505610175,-9.922301609144066,-9.916555051513381,-0.06206207265654475,-0.05532464186045117,-0.05975437780690184,-0.062360909799467984,-9.929556492998596,-9.918573480260482,2.774247594389042,2.74714557775788,1.3300532727318128,1.3250244975689953,0.7668971140086165,0.781083089427404
,-0.019,-0.084,-9.935,-0.115,-0.091,-9.921,2.73,1.4,0.84,-0.04833484430394488,-0.04705010416894755,-0.055992730763767457,-0.06117651889683793,-9.922981922890214,-9.91736169642314,-0.06046111331331001,-0.05793439834289425,-0.058041102026161945,-0.06361337067498266,-9.930693556252791,-9.918679598192865,2.7719453753617653,2.746395757663056,1.3273238795732125,1.3283033686071244,0.7587041836031206,0.7836596770522791
12645.0,-0.057,-0.041,-9.935,-0.036,-0.05,-9.933,2.8,1.47,0.77,-0.04861903983550283,-0.047485238613123426,-0.0558028432118351,-0.060294148017317785,-9.923153953176907,-9.918133064641806,-0.0583979751331549,-0.05697515089012389,-0.05624243795082218,-0.06301802308716856,-9.931384209734622,-9.91930586606406,2.7687293446949184,2.748740008556815,1.3262026108660014,1.3345001254365083,0.7515789171390953,0.7830623043679124
,-0.048,-0.053,-9.928,-0.069,-0.057,-9.945,2.73,1.19,0.7,-0.04868598361027863,-0.047507750446726386,-0.05570463942957741,-0.05997515624631963,-9.922783436351159,-9.918564570991384,-0.05597124723272403,-0.05750102833385521,-0.054459469646808076,-0.06275483952715225,-9.931607015605822,-9.920429536336314,2.764683722367108,2.7479204599948903,1.3271213696946595,1.3281807649281927,0.7459323497150809,0.7794297770993951
,-0.043,-0.01,-9.95,-0.034,-0.048,-9.897,2.8,1.05,0.63,-0.04858130408767024,-0.04731061498521576,-0.05571789324340109,-0.05778961478675662,-9.921887977315707,-9.919939322739209,-0.053304921288742944,-0.05647326823015792,-0.05279829587981014,-0.062109572639804295,-9.93136692376763,-9.919404902760604,2.7599096243608923,2.7501980315409424,1.3303220812755827,1.3160152082662604,0.7420729688140564,0.7728948305844847
,-0.057,-0.048,-9.954,-0.077,-0.036,-9.933,2.73,1.12,0.63,-0.04837029800372591,-0.047734356568362266,-0.05585355739901819,-0.05736148989938707,-9.920538300199201,-9.92142888325141,-0.05053870901902242,-0.05737095469877331,-0.051359889309360106,-0.06096773426422234,-9.930693930542304,-9.919999451126518,2.7545181227777147,2.749314719973847,1.3358147905096223,1.3074429619838799,0.7401791778295521,0.7666456742507306
12720.0,-0.057,-0.072,-9.907,-0.038,-0.045,-9.945,2.73,1.47,0.77,-0.04813199177752566,-0.048139566833812875,-0.05611254866601291,-0.05800166935453607,-9.9188531008597,-9.920797871314075,-0.047816941829665574,-0.05652381334766973,-0.05022971661523924,-0.06026942443959027,-9.929640741360886,-9.921092789017209,2.748626566060045,2.748470037910971,1.3433631209784245,1.314551996667911,0.7402855281387991,0.7667923674876652
,-0.065,-0.06,-9.928,-0.034,-0.045,-9.94,2.66,1.54,0.77,-0.047951360523695294,-0.04887691663819756,-0.0564868481829908,-0.05808906145745569,-9.916987573085864,-9.921112838795953,-0.04527712875234569,-0.05553878946351426,-0.04946889333137474,-0.05960165351030135,-9.928279431728116,-9.921919649643042,2.7423586210470803,2.7446010171981237,1.3525012753107248,1.3244114136542555,0.7422857210676552,0.7669326454498145
,-0.077,-0.105,-9.876,-0.038,-0.019,-9.952,2.73,1.4,0.77,-0.04790978624069362,-0.050106810863387155,-0.05696214651033665,-0.06014059654944574,-9.915116907841401,-9.919139939195889,-0.043039326839538886,-0.05477177342901747,-0.049108315225473306,-0.057826039558479383,-9.92669681390043,-9.923235140150245,2.7358481532535457,2.743962477444042,1.3625782071220658,1.3277170954900939,0.7459512524004868,0.7670667886943283
,-0.017,-0.034,-9.921,-0.002,-0.06,-9.919,2.8,1.4,0.84,-0.048074264474513094,-0.04865896555283375,-0.05752070798765008,-0.058997401565025205,-9.913417075070225,-9.919221284400768,-0.041197497289568556,-0.052463929130632136,-0.04914665016961887,-0.05792111239541232,-9.924988216668439,-9.923049926665582,2.7292460370131058,2.746413141284255,1.3728186197146603,1.330878211332985,0.7509610237308292,0.7702563441126454
12796.0,-0.045,-0.069,-9.907,-0.079,-0.055,-9.897,2.8,1.26,0.7,-0.04848657925905897,-0.04849894965748306,-0.058143336363937384,-0.05943484070493903,-9.912045618470321,-9.918686816465094,-0.03981381584969962,-0.05362441918661606,-0.04955239857748221,-0.0577933647004361,-9.923249858224171,-9.921910696935479,2.722727278950847,2.7487566312823475,1.3823903371927413,1.3277785263855495,0.7569358928295935,0.7671838550047486
,-0.007,-0.041,-9.895,-0.029,-0.038,-9.904,2.8,1.33,0.77,-0.04915440756442639,-0.04668409479335719,-0.05881008600637497,-0.05862863812393681,-9.911124974667922,-9.917650931594943,-0.03891638326214345,-0.05254753055916989,-0.050269533035785324,-0.05692775040174923,-9.92157071339585,-9.921127416497745,2.716494440929762,2.7509976344339697,1.3904715124103701,1.3278756770900368,0.7634729895273252,0.7673070122047476
,-0.019,-0.055,-9.897,-0.036,-0.062,-9.94,2.66,1.54,0.77,-0.050046630242682695,-0.04547339877715489,-0.059500150575218735,-0.05846994853145845,-9.910730247532976,-9.91674781372891,-0.038500134750537325,-0.05182386487764723,-0.051225663743095395,-0.05714957280293749,-9.920025251807944,-9.921952762669696,2.710773649214069,2.747018075979363,1.3963147101373103,1.3371524143141966,0.7701765001693522,0.7674247834239163
,-0.043,-0.053,-9.88,-0.024,-0.065,-9.902,2.66,1.4,0.77,-0.051094659690118546,-0.04536523074745631,-0.06019174321616656,-0.05823073374706324,-9.910882709777542,-9.915140738216662,-0.03853031233589844,-0.050607056383112255,-0.05234137455938414,-0.05749289198383203,-9.918668317665354,-9.921080177526953,2.7058018832554924,2.7432125538315453,1.3993056664033316,1.3399008993452943,0.7766831983411582,0.7675374042053507
12871.0,-0.065,-0.036,-9.938,-0.06,-0.065,-9.892,2.66,1.33,0.84,-0.052200354614223315,-0.04622390921269496,-0.06086267467094568,-0.057258527143077595,-9.911549596982667,-9.916140431952408,-0.03894774467120768,-0.05101783372942496,-0.05353932622313253,-0.05782119693647968,-9.91753286367543,-9.91980842730231,2.701807512890291,2.7395734569267827,1.3990134316788558,1.339467907801317,0.7826816588376921,0.7707063780671697
,-0.069,-0.091,-9.916,-0.043,-0.045,-9.954,2.73,1.54,0.84,-0.05324947612892818,-0.04721996565277884,-0.06149189455520661,-0.058734127659904906,-9.912649918635157,-9.916134290505578,-0.03967517218677263,-0.05066719344631866,-0.054751880057003974,-0.057260493350538476,-9.916630627297362,-9.921303711831168,2.698988239510676,2.7391547852805007,1.395227977786787,1.3482376867657266,0.7879241768652722,0.7737367645820235
,-0.067,-0.084,-9.914,-0.057,-0.055,-9.911,2.66,1.26,0.77,-0.054128255407556614,-0.04808499690365662,-0.06206168828731561,-0.059839068570077855,-9.91406516259896,-9.916040952549062,-0.040623817048918244,-0.050944143196684874,-0.05592634880399766,-0.05716163622237116,-9.915955348735311,-9.92085310428532,2.6974906892108494,2.735693145036495,1.387982107425703,1.344378828119799,0.7922307370203514,0.7735733463551447
,-0.077,-0.06,-9.907,-0.045,-0.069,-9.902,2.73,1.4,0.77,-0.05473999201971577,-0.049349523573256775,-0.06255976612975989,-0.059846106511053876,-9.915653237071332,-9.915645568686271,-0.04169946821245629,-0.05068419068777157,-0.057027434305189174,-0.0576793579971661,-9.915487786677538,-9.920028610056697,2.6973945347250305,2.7354441693158784,1.3775558402958703,1.3468112835133736,0.795485471565842,0.7734170748254221
12947.0,-0.06,-0.043,-9.94,-0.029,-0.079,-9.928,2.66,1.54,0.77,-0.05501879156378905,-0.04981529600542053,-0.06298043056928287,-0.059109383411752814,-9.917263920051257,-9.916710649932634,-0.042807699390035765,-0.04973588585787822,-0.05803677587700037,-0.05861176391808969,-9.915201652634822,-9.920377219220537,2.6987025089495167,2.732144803838988,1.3644624585889458,1.355259917615659,0.797627685904464,0.7732676374492381
,-0.091,-0.081,-9.88,-0.019,-0.072,-9.88,2.73,1.4,0.77,-0.05493833493437629,-0.051616407876937435,-0.06332442077087781,-0.0600667157606051,-9.918754265495364,-9.915105199826364,-0.04385837012004728,-0.0483917273832295,-0.05894977844121365,-0.059197265539006366,-9.915069663528774,-9.918611420712272,2.7013367391511602,2.732051006111148,1.3494160550812206,1.3572165152283475,0.7986408146406218,0.7731247353513522
,-0.031,-0.041,-9.952,-0.055,-0.048,-9.971,2.73,1.26,0.77,-0.05451463585857028,-0.05071479992573737,-0.06359756430556841,-0.05923287978706174,-9.92000256990123,-9.916718703274348,-0.04476996687692691,-0.04868072395191123,-0.05977022690558899,-0.05870758063841997,-9.915068997381228,-9.92090250652702,2.7051414051235945,2.7319613103974807,1.3332815408887249,1.352964989761785,0.7985428020258433,0.7729880827271418
,-0.038,-0.091,-9.95,-0.034,-0.026,-9.914,2.66,1.19,0.77,-0.05380286591331905,-0.050158749392081835,-0.06380862314223076,-0.0606221367356786,-9.920919542877959,-9.918174179012318,-0.04547434006984792,-0.04803869856137514,-0.06050377722080707,-0.05727719496386756,-9.915185374994106,-9.92060064236397,2.7098915676944135,2.728814259300902,1.3170104997365473,1.345838116350212,0.7973803284908442,0.7728574062709853
13023.0,-0.065,-0.062,-9.933,-0.029,-0.005,-9.926,2.66,1.33,0.84,-0.052889288190486085,-0.05080779501585412,-0.06396667948186552,-0.060682394199519776,-9.921455362187581,-9.918822549859566,-0.04592196383069108,-0.04720608786635814,-0.06115202330929251,-0.05499098031048208,-9.915414955531137,-9.920836770001555,2.715308048541296,2.7258048367776713,1.3015693974737204,1.3451454752529437,0.7952275524683515,0.7757937226084567
,-0.057,-0.072,-9.938,-0.074,-0.086,-9.902,2.73,1.19,0.77,-0.051879884338918304,-0.0510785958816775,-0.0640783321022193,-0.06117734187287114,-9.921601591962778,-9.919661228507255,-0.04608722866973058,-0.04837785375963251,-0.061708941372857234,-0.05634708357285072,-9.915763536723269,-9.92001299016242,2.721078255145081,2.725988301930357,1.2878682649253919,1.3383605692082237,0.7921881882202545,0.7755403483899469
,-0.036,-0.031,-9.907,-0.074,-0.089,-9.916,2.66,1.26,0.84,-0.05088731270728085,-0.05041917055565164,-0.06414507404072896,-0.059857610005310945,-9.921387721728136,-9.919107520801193,-0.0459727344144111,-0.04949837534338072,-0.06216073729565427,-0.05777507860830573,-9.916243217333253,-9.91983749190204,2.7268823111759217,2.7231024657519898,1.276696691975114,1.3349336623328631,0.7883982987865029,0.7783593328041472
,-0.077,-0.053,-9.899,-0.043,-0.06,-9.899,2.8,1.54,0.91,-0.05001765630849041,-0.05158161778505255,-0.06416145443882885,-0.05955770929048654,-9.920873202167865,-9.918228167811309,-0.04561126927768598,-0.04921418487335284,-0.0624887462419306,-0.05787238007562167,-9.916867354278263,-9.918926215420623,2.7324224448274457,2.7264653903673226,1.2686707571868894,1.3439017344753688,0.7840265674262441,0.7841163137583604
13099.0,-0.007,-0.074,-9.904,-0.065,-0.091,-9.923,2.87,1.26,0.77,-0.049358316035686245,-0.049631950342580014,-0.06411471658952365,-0.06018930736588215,-9.920136823714898,-9.917605933874409,-0.045064331801548986,-0.04990453868585252,-0.06267389722211698,-0.05932113508322527,-9.917644951337886,-9.919104372373122,2.7374517223268016,2.732742523615786,1.2641915300006457,1.3402324984045224,0.7792693135072255,0.7834989714834547
,-0.024,-0.067,-9.914,-0.041,-0.055,-9.943,2.8,1.19,0.7,-0.04896840457507245,-0.04851100002100844,-0.06398630367955054,-0.0604871562613545,-9.919265650641888,-9.917448237223079,-0.04441674180059345,-0.04951512058188672,-0.06270101380729975,-0.05913216086564304,-9.918575490231396,-9.920149388890183,2.741796953731,2.7356838639653627,1.263414977725877,1.3336624494950058,0.7743393035137568,0.7798473492820888
,-0.065,-0.067,-9.931,-0.038,-0.062,-9.885,2.66,0.98,0.7,-0.04887287413908646,-0.04923210588645747,-0.06375503132575504,-0.06077197946631987,-9.91834537578972,-9.91804089024255,-0.04376785049257038,-0.04901153510044267,-0.06256178951798126,-0.059257578757788344,-9.919644888120855,-9.918612216804068,2.7453711079772494,2.732374016291471,1.2662352000048573,1.3181958919690886,0.7694501448190305,0.7763554218164309
,-0.06,-0.062,-9.895,-0.022,-0.031,-9.919,2.8,1.26,0.7,-0.049061135604727135,-0.04970301325364929,-0.06340122457257659,-0.06082568392424591,-9.917453175495423,-9.91703325357307,-0.043220716474123455,-0.04783025204325125,-0.06225609985788014,-0.05802180304568228,-9.920823017583535,-9.918629175548453,2.7481732124611913,2.735331472373983,1.2722860302037444,1.315650837757042,0.7648004096698915,0.7730162052268867
13174.0,-0.024,-0.072,-9.923,-0.029,-0.084,-9.938,2.66,1.4,0.84,-0.04949014857266689,-0.04857895518610897,-0.06291096090769419,-0.06131436515435085,-9.916653358745911,-9.917294194552712,-0.04287110477609988,-0.047006757283545246,-0.06179190556576755,-0.05915789559555117,-9.922063129228661,-9.919476310912886,2.75027728230103,2.732037035709066,1.2809664963361849,1.3193396409091784,0.7605619740310713,0.7759455767432203
,-0.048,-0.062,-9.914,-0.007,-0.093,-9.895,2.73,1.19,0.7,-0.050091249310552526,-0.04855363600509546,-0.06227967880627783,-0.06134434970787533,-9.915995570612042,-9.91715013105665,-0.04279816401426401,-0.04525716015801778,-0.061184151186318356,-0.06063789679055373,-9.923303402441514,-9.918405899659277,2.7518143549498353,2.731947950962809,1.291491738616077,1.3136832898495907,0.7568750607516284,0.7726242837470215
,-0.077,-0.06,-9.933,-0.081,-0.048,-9.94,2.73,1.33,0.77,-0.050779596005430104,-0.04979766776072192,-0.061514619338760616,-0.06128555788029541,-9.915514985139824,-9.917843286086642,-0.04305810259789616,-0.04682028533660515,-0.060452902706983884,-0.06008520946170584,-9.924470585621485,-9.919350264519505,2.7529521795855767,2.731862762119111,1.302965150284457,1.3143968610314154,0.7538495778401435,0.7725095171526809
,-0.043,-0.072,-9.916,-0.053,-0.043,-9.926,2.8,1.33,0.84,-0.05146493027091852,-0.04950038848339224,-0.06063578037487012,-0.06175412764899475,-9.91523371521148,-9.917762674504106,-0.04368125976098981,-0.04709053995538083,-0.059620912544587984,-0.059338029855319385,-9.925485360751146,-9.91964107434247,2.753875901760314,2.7348425766010003,1.314463290191618,1.3150792259306618,0.7515702175136205,0.7754610473941871
13250.0,-0.086,-0.057,-9.923,-0.038,-0.045,-9.923,2.73,1.4,0.77,-0.052062244737596436,-0.05109660919969901,-0.05967526813309772,-0.061546217571983676,-9.915162630828767,-9.917991716050226,-0.04467204510371036,-0.0466929875542384,-0.058711100033057996,-0.05871099139285049,-9.926268806538701,-9.919787968692747,2.754771146351447,2.734630798426668,1.3251234776617964,1.318793027069411,0.7501020267319807,0.7752222219212265
,-0.043,-0.05,-9.916,-0.048,-0.043,-9.931,2.8,1.4,0.77,-0.0525010415147213,-0.05074252391593077,-0.05867512730747078,-0.06104127215290903,-9.915302992343058,-9.917904613248863,-0.04601076195114924,-0.04675014652799291,-0.05774480875407456,-0.058023909837052474,-9.926749181671326,-9.920278299297712,2.7558092020577516,2.7374895596337243,1.3342238269768922,1.3223444142421001,0.7494936157085209,0.7749938408934072
,-0.036,-0.067,-9.904,-0.053,-0.057,-9.943,2.8,1.4,0.7,-0.05273229578710021,-0.050097795904177664,-0.05768391130481991,-0.06130186245476918,-9.915647702245098,-9.917296529198584,-0.0476564575525252,-0.04702346849278899,-0.05674165852605277,-0.057979131659501484,-9.92686821704034,-9.92127197697468,2.757133221519973,2.74022329994583,1.341246258722871,1.32574049022561,0.7497766695685796,0.7717141697727324
,-0.045,-0.048,-9.89,-0.034,-0.069,-9.926,2.8,1.4,0.63,-0.0527328483561187,-0.04987485634315682,-0.05675238288228253,-0.06072013822881582,-9.916182366158898,-9.916102782655702,-0.04955033233258777,-0.0464539191417897,-0.055721237245671795,-0.05846110222012864,-9.92658619311769,-9.921478745428649,2.7588446092318346,2.7428374868453935,1.345915115069495,1.3289880471741256,0.7509625133569193,0.7655166492376958
13325.0,-0.05,-0.06,-9.931,-0.074,-0.057,-9.926,2.73,1.4,0.84,-0.0525073910370411,-0.049880329193068354,-0.05592877079108591,-0.06068864475530476,-9.916886523273817,-9.916754275801113,-0.05161952138119515,-0.047658579209993654,-0.05470610835805205,-0.05839720450962626,-9.925885282933065,-9.921676471372617,2.7609898964868327,2.742276070945312,1.348207457645275,1.3320935802034826,0.7530380051951151,0.7687739953143022
,-0.084,-0.074,-9.935,-0.036,-0.069,-9.902,2.66,1.26,0.77,-0.052088227371615704,-0.051372469040288804,-0.055253972527199165,-0.0612707841227538,-9.917735231348829,-9.91755220765317,-0.053781153314893644,-0.04714871993556967,-0.05372505889133508,-0.05886089168095447,-9.92477095490879,-9.920815969313441,2.7635501282207198,2.7386779294326073,1.3483352949478942,1.3289407448681385,0.7559629268388568,0.7688276116125005
,-0.065,-0.048,-9.928,-0.06,-0.053,-9.95,2.66,1.33,0.77,-0.0515326948446785,-0.0519684355736107,-0.054757078284503546,-0.06069041903450098,-9.91870077198072,-9.918009116142626,-0.05594659992421575,-0.04771073904610337,-0.052815395889939096,-0.058604580005156406,-9.9232715494841,-9.922092261082511,2.766436407517545,2.7352371437912817,1.3467039592593057,1.3289870687848264,0.7596695231459257,0.7688788831337372
,-0.053,-0.038,-9.933,-0.062,-0.06,-9.907,2.73,1.33,0.77,-0.05091795676169293,-0.05201354850536146,-0.05445168865197013,-0.05969810939381037,-9.919753942217502,-9.91866470555909,-0.05802583410641116,-0.048335644711412405,-0.05202337847394837,-0.058665605264830556,-9.9214362943133,-9.921432238182572,2.769495485645812,2.735008110194949,1.3438536779693315,1.3290313668389366,0.7640633789370886,0.7689279124210784
13401.0,-0.036,-0.022,-9.876,-0.038,-0.055,-9.94,2.8,1.33,0.77,-0.050333173480150664,-0.051313235368072446,-0.05433369444819046,-0.058049475348045644,-9.920864541780022,-9.916798869651977,-0.05993180848392378,-0.04788364072420555,-0.05140236441896792,-0.05850529903899828,-9.919331975614572,-9.922244253553584,2.7725271540858527,2.7378503705616923,1.3403923529387198,1.3290737276265958,0.769024599305818,0.7689747975331191
,-0.045,-0.067,-9.945,-0.084,-0.053,-9.911,2.94,1.33,0.77,-0.049869761285146696,-0.05103714155540466,-0.05438126652126979,-0.05844090451747475,-9.922001162954999,-9.918032176687971,-0.06158471044355195,-0.04946310081887616,-0.051008774513404055,-0.058264538333443056,-9.917038420261067,-9.921752513795248,2.775311127935229,2.746690887137909,1.3369267996434433,1.3291142358693957,0.7744090759207592,0.7690196322401014
,-0.038,-0.055,-9.926,-0.065,-0.036,-9.923,2.87,1.33,0.7,-0.04961109374390743,-0.05046699425309556,-0.054557488033493744,-0.05829042502626081,-9.923130811799112,-9.91838062983219,-0.06291582998102073,-0.05014256886919382,-0.05089643500214454,-0.057290853541111596,-9.91464304132328,-9.921807069534424,2.777637143401448,2.752083507732667,1.3339981717481137,1.3291529725838358,0.7800505348514282,0.7660012284772193
,-0.031,-0.062,-9.892,-0.079,-0.048,-9.89,2.73,1.4,0.77,-0.0496232062646303,-0.049615653167477056,-0.05481536272558889,-0.05845265415851754,-9.924218929718121,-9.917226937908895,-0.06387066216357731,-0.05140457760190586,-0.051110193253694695,-0.05688454092617081,-9.912234953692462,-9.920416065625155,2.779330554869895,2.751117739869228,1.3320259579633196,1.3322512929741923,0.785764417543876,0.7661761049088391
13477.0,-0.077,-0.072,-9.947,-0.05,-0.06,-9.911,2.73,1.26,0.91,-0.049947783412197376,-0.05081324018243009,-0.05510423407601151,-0.05904511398843646,-9.925230138658394,-9.918528989506976,-0.06441089515659239,-0.05134315185719762,-0.05167984747915907,-0.05702078786151872,-9.909899432365936,-9.920004277168282,2.7802678002108694,2.750194207487491,1.3312641741668,1.3290915604887457,0.7913541840342105,0.7724658890053719
,-0.026,-0.062,-9.902,-0.065,-0.038,-9.883,2.87,1.26,0.84,-0.05059815418268164,-0.049728094190249816,-0.05537634635720197,-0.059174338655961674,-9.926129736207614,-9.91780613482994,-0.06451519167303896,-0.051940400500221286,-0.05261534830191602,-0.05618896051594483,-9.907713587048827,-9.918385986176558,2.7803802731403917,2.755433618972211,1.3317731897294356,1.3260700111301524,0.7966194980850926,0.7754193271433371
,-0.038,-0.05,-9.954,-0.057,-0.022,-9.914,2.73,1.26,0.7,-0.051558458307342035,-0.0492151948549722,-0.05559245615177048,-0.0587731215339022,-9.926885675311611,-9.919388984446059,-0.06417903543059109,-0.052161669632111864,-0.05390398337119888,-0.05469379047058154,-9.90574393468759,-9.918194175865521,2.779648749543342,2.754321342241402,1.3334106492311444,1.3231806017989576,0.8013648670716871,0.7721210484860032
,-0.062,-0.057,-9.962,-0.045,-0.089,-9.892,2.73,1.4,0.84,-0.05278572174521767,-0.049774306842740576,-0.05572589062703802,-0.05869557842752482,-9.927470474994857,-9.921252472339456,-0.06341413376909294,-0.05184847163665334,-0.055509932476344746,-0.05619408811182102,-9.904046067010265,-9.917048638051687,2.7780921729675434,2.7532577081968053,1.3358442942557387,1.3265401091156614,0.8054077086103307,0.775089567370578
13553.0,-0.091,-0.034,-9.907,-0.062,-0.069,-9.919,2.73,1.26,0.7,-0.05421424143912809,-0.05157721106931591,-0.0557649869123499,-0.057615578085144475,-9.927862394000954,-9.920629175539522,-0.06224779065303055,-0.05229242374493352,-0.057376171340386306,-0.056754123150656595,-9.902665978309406,-9.917133976063853,2.7757548486242736,2.752240589570115,1.3385874746452409,1.3236301412103606,0.8085862283791247,0.7718057099502137
,-0.045,-0.048,-9.933,-0.084,-0.045,-9.931,2.8,1.26,0.84,-0.05576137886174252,-0.051289572931055585,-0.055714183145407145,-0.057195064443487015,-9.928045486353076,-9.921170183100182,-0.060722316868229126,-0.05367907655364494,-0.05942826126879688,-0.056240085503953985,-9.901642058722754,-9.917740372493592,2.7726956677091876,2.7543292298396285,1.3410552091473678,1.3208474335912643,0.8107683709145336,0.7747880193855023
,-0.06,-0.081,-9.885,-0.086,-0.057,-9.909,2.73,1.33,0.84,-0.05733378496456385,-0.05167050202055431,-0.05559401334985642,-0.058236114710637374,-9.928008804920053,-9.919588369165423,-0.05889408916308884,-0.05509255259135547,-0.061579337938706555,-0.056273318494114453,-9.901006493646825,-9.917358133814648,2.7689818433591444,2.7532652508524147,1.3426358101542764,1.3212476985565824,0.811862416616101,0.7776399048560158
,-0.067,-0.06,-9.931,-0.048,-0.072,-9.892,2.8,1.4,0.84,-0.058833419723837745,-0.052340899884905964,-0.055439934926822976,-0.05831325389239894,-9.927745603927539,-9.920087428753057,-0.05683160184557914,-0.054782377260341894,-0.06373573655118527,-0.05696108620242564,-9.900785013064864,-9.916249158245058,2.764687865128355,2.755309080080323,1.342770540344402,1.3246917366308386,0.8118280373511613,0.7803670701331402
13629.0,-0.029,-0.074,-9.94,-0.05,-0.057,-9.909,2.73,1.47,0.84,-0.060163319060450596,-0.05132014307681636,-0.05529957080176712,-0.05899927512401657,-9.92725344122135,-9.920958256046225,-0.05461206370473109,-0.054573231761607124,-0.06580292328642023,-0.05696278800158499,-9.900994599335743,-9.915932134151383,2.7598986717678855,2.7542022497556196,1.341031202214055,1.331046435885672,0.8106850807638998,0.7829749695478192
,-0.041,-0.06,-9.923,-0.041,-0.074,-9.878,2.8,1.54,0.84,-0.061233505309669894,-0.05086881702026842,-0.05522793200688407,-0.05904303936338857,-9.926535539593127,-9.921047546692709,-0.05231674536644673,-0.05397963987824081,-0.06769146624701038,-0.05770786853473084,-9.901639601490947,-9.914273265626445,2.754714978772095,2.7562051016407834,1.33718360138739,1.340184505715848,0.8085170070264859,0.7854688188992226
,-0.069,-0.057,-9.933,-0.036,-0.053,-9.914,2.8,1.4,0.84,-0.06196746738055439,-0.051661739681367516,-0.05528063575281606,-0.05895369206539046,-9.925603047947707,-9.921570257819372,-0.050025947625063086,-0.05319334458169038,-0.06932268792585676,-0.05750198149190321,-9.90270731652325,-9.914261315026865,2.7492583050626846,2.7581203637275635,1.331225205515339,1.3428003891337015,0.8054668882589702,0.7878536058863509
,-0.067,-0.019,-9.921,-0.062,-0.091,-9.878,2.73,1.33,0.77,-0.06230919694192838,-0.052332520743886016,-0.05550585703402839,-0.057206415682122695,-9.924477410130546,-9.921545318997234,-0.04781470829708418,-0.053578481980326914,-0.07063353125581762,-0.058966934881684314,-9.904164277777713,-9.912675515665219,2.7436734231728366,2.756890588833427,1.3233893289093477,1.342240595620918,0.8017256946144418,0.7870728223765232
13704.0,-0.084,-0.055,-9.926,-0.017,-0.079,-9.895,2.73,1.19,0.77,-0.062230025429550605,-0.05371742000456145,-0.0559363894351656,-0.057109923523015194,-9.923192012711233,-9.921740133506383,-0.045750130726931425,-0.05197881210317987,-0.0715800795031263,-0.059843031676349835,-9.905954293494888,-9.911902520493141,2.7381267648681646,2.7557145951178126,1.3141151876461616,1.3355827278880612,0.7975146039183487,0.7863261845119914
,-0.093,-0.06,-9.933,-0.041,-0.091,-9.952,2.73,1.33,0.77,-0.06173387567067442,-0.055435346952135776,-0.05658341379898988,-0.05723631390422079,-9.921792446798298,-9.92223255605291,-0.04389073374522338,-0.0514986807786437,-0.07213913093286667,-0.06120560499750475,-9.90799884583442,-9.913656085065087,2.7328006358336525,2.7545900305931816,1.3039906293576802,1.3353385810249736,0.7930647102184941,0.7856121990169583
,-0.055,-0.048,-9.943,-0.041,-0.086,-9.895,2.66,1.19,0.7,-0.06085944724104221,-0.05541630812473473,-0.057433262603437514,-0.056832386449620034,-9.920334907810972,-9.92314076909754,-0.04228769794366044,-0.05103954681594398,-0.07230738424258855,-0.06228992683472024,-9.910199940580101,-9.912840207104322,2.7278843629254195,2.7504533684264,1.2936793018941655,1.328982555916096,0.7885982075231855,0.7818681602163833
,-0.029,-0.048,-9.923,-0.05,-0.036,-9.887,2.8,1.26,0.84,-0.059678410767878026,-0.05426105590955572,-0.05844783045838345,-0.05644612376813327,-9.918882497116046,-9.923134612907546,-0.040987351273778484,-0.050994084794671705,-0.07209826382855175,-0.06114020159418723,-9.912445113597133,-9.911710149249265,2.723564058429326,2.752620168405026,1.2838451785536567,1.3259657736256076,0.7843145542395645,0.7844104131445876
13780.0,-0.089,-0.036,-9.89,-0.081,-0.069,-9.911,2.66,1.19,0.7,-0.058289596925133275,-0.05578027812312999,-0.0595686521088891,-0.05555196287109607,-9.917499610096321,-9.921685552169365,-0.04003372137008542,-0.05230631963980334,-0.07153710286220505,-0.06148393053140645,-9.914614223636827,-9.911679092619805,2.720012372651729,2.74856965331454,1.2750855256090727,1.3200196451814028,0.7803834361579446,0.7807189314929759
,-0.055,-0.067,-9.919,-0.074,-0.069,-9.94,2.8,1.26,0.84,-0.05680992360178409,-0.055746154579994205,-0.060724145342646085,-0.05605261459668998,-9.916245190420957,-9.921568106155465,-0.0394696951868686,-0.0532550393534557,-0.07065595374176137,-0.06181262732953567,-9.916587727757951,-9.912917637794896,2.717378845637263,2.7508188329359933,1.267880128973347,1.317394833731959,0.7769441236871035,0.7833114431095008
,-0.069,-0.096,-9.911,-0.01,-0.062,-9.904,2.73,1.26,0.91,-0.05536313176353517,-0.0563257788862589,-0.06183895587926019,-0.057799615170314594,-9.915166134369741,-9.921105936045224,-0.039335597489072574,-0.05136338667582186,-0.06948936912477502,-0.06182082161207702,-9.91825600384264,-9.91252764685592,2.7157809161172253,2.7499083725212707,1.2625608719153978,1.3148848119510463,0.77410881083308,0.7888518553123239
,-0.017,-0.084,-9.902,-0.005,-0.041,-9.911,2.59,1.26,0.7,-0.054067492605934735,-0.054605962743946905,-0.06284374891434871,-0.058945424510676414,-9.914292238987512,-9.920270384960029,-0.03966493648265848,-0.049335798079345454,-0.06807208570358095,-0.060910274227670085,-9.919528943931155,-9.912460838980858,2.7152957416777252,2.7429151734508,1.259302088233702,1.3124845597949688,0.7719664633612092,0.7849661381220181
13856.0,-0.062,-0.067,-9.885,-0.048,-0.101,-9.938,2.73,1.26,0.77,-0.05302380190334829,-0.054929322763450555,-0.06368350635935963,-0.05929767154394489,-9.91363378362553,-9.918727921489312,-0.04047825304199703,-0.04927738023831599,-0.06643892622978269,-0.06266349970635214,-9.920344782659676,-9.913577731325226,2.715953613172707,2.7423503601296977,1.2581290588895466,1.3101892767592973,0.7705841522937416,0.784311630909322
,-0.038,-0.084,-9.921,-0.043,-0.048,-9.928,2.73,1.33,0.77,-0.05230512191950631,-0.05418896050281393,-0.06432276496358202,-0.06037796707580147,-9.913182305234253,-9.918827285250403,-0.04177670050426864,-0.04900285446495493,-0.06462664280700388,-0.06202222763994216,-9.920677055359416,-9.914208453746244,2.7177341580413024,2.7418102475290307,1.2589400550367487,1.3110556499774273,0.7700046713370171,0.783685746958648
,-0.05,-0.019,-9.907,-0.043,-0.06,-9.943,2.8,1.26,0.77,-0.05194959333548908,-0.05400576662610221,-0.06474720336408957,-0.05856840353516316,-9.912914469836947,-9.918310048042141,-0.043536802546934185,-0.04874033440060182,-0.06267695024710905,-0.06193379049170318,-9.92053860656872,-9.915467581152962,2.7205659627962007,2.74435503312271,1.2615365706042219,1.3088228567961313,0.7702412818138108,0.7830872345020693
,-0.041,-0.065,-9.959,-0.06,-0.077,-9.916,2.73,1.26,0.77,-0.0519571815427264,-0.05343699143570982,-0.06496206329608821,-0.058849673575521476,-9.912798188808882,-9.920089522934873,-0.04570717439607726,-0.04923274816052576,-0.06063972408353696,-0.0625926740798782,-9.91998173533343,-9.915490865180717,2.7243290088119982,2.743727251083236,1.2656566918412109,1.306687709329008,0.771271498078774,0.7825148965146503
13932.0,-0.057,-0.081,-9.916,-0.045,-0.096,-9.911,2.66,1.26,0.77,-0.052290649286172206,-0.05359281084509519,-0.06498853435254953,-0.0598183635797351,-9.912799503872373,-9.91991067771548,-0.04820748753885046,-0.04904763933843076,-0.058575291773483,-0.06405366124847206,-9.919094007571818,-9.915294468246087,2.7288586974983344,2.7400656458477037,1.2710076540053103,1.3046459372810502,0.773031866063676,0.7819675883203967
,-0.045,-0.065,-9.904,-0.031,-0.026,-9.954,2.73,1.33,0.77,-0.05288052495189073,-0.05321702541361552,-0.0648592324077306,-0.06004496969420246,-9.912888634625455,-9.919214863389035,-0.05092986040440776,-0.048258370255444605,-0.05655489792018267,-0.06238947804120398,-9.917989924933538,-9.916987159405359,2.733950927767712,2.739625449602704,1.2772950145530009,1.3057547348061396,0.7754154063998396,0.7814442153029029
,-0.05,-0.031,-9.909,-0.029,-0.053,-9.902,2.73,1.26,0.7,-0.05363339888000701,-0.0530763367257333,-0.06461350273633949,-0.05877475943768363,-9.913044077994876,-9.918768141482202,-0.05374299028644355,-0.047416152836048026,-0.05465881104552964,-0.06197885233090495,-9.916799278136555,-9.916331732879073,2.739368840620514,2.739204504256998,1.2842469373389207,1.3037537641028836,0.7782731773346948,0.7778824530183815
,-0.053,-0.096,-9.914,-0.05,-0.062,-9.907,2.73,1.26,0.77,-0.054442526123781185,-0.053072998326933525,-0.06429290539923573,-0.060402713705054754,-9.913254449154087,-9.918559618551091,-0.056499367145018485,-0.04752915103171445,-0.05297211963060489,-0.06197977717215858,-9.915653515119567,-9.915923632511339,2.744852167918716,2.738801967919882,1.2916327033559332,1.3018403009281971,0.781421084931189,0.7775377333380038
14007.0,-0.084,-0.065,-9.914,-0.065,-0.072,-9.887,2.8,1.33,0.84,-0.0551994348668367,-0.05442551461926475,-0.06393704588819914,-0.0606037647050888,-9.91351835088071,-9.918360214857117,-0.059045542334860604,-0.04829319560739806,-0.05157875390020911,-0.062417986953071394,-9.914671863431106,-9.914658728638065,2.750129339675279,2.741478313215878,1.2992749926010092,1.3030717960528904,0.7846522556365123,0.7802693668215646
,-0.048,-0.067,-9.921,-0.079,-0.041,-9.892,2.73,1.26,0.77,-0.05580505375735584,-0.05414451055361436,-0.06357979270485722,-0.06088348831155882,-9.91384273584999,-9.918475659362585,-0.06123465378056641,-0.04963608211357488,-0.050554468682246806,-0.0614813240134501,-9.91394918483243,-9.913667804914901,2.7549313834739864,2.740976337440926,1.3070557489744916,1.3011881570725294,0.7877538857905961,0.7798202613413805
,-0.093,-0.062,-9.914,-0.069,-0.043,-9.916,2.8,1.4,0.84,-0.05617888484103774,-0.05584375974274181,-0.06324589167484788,-0.06093231620198735,-9.91424016437998,-9.918279927417085,-0.062939581919158,-0.05048291539854072,-0.04995962138685214,-0.06067308879903619,-9.913547342022285,-9.913769797726308,2.75900599489982,2.743557592037686,1.3149153527968866,1.3055094498000956,0.7905260258049666,0.7824520740807017
,-0.053,-0.06,-9.914,-0.098,-0.022,-9.926,2.73,1.47,0.84,-0.05626509058155747,-0.055719394910244,-0.06294816287912436,-0.06089154364776891,-9.914725323687339,-9.918092755326445,-0.06406467982796316,-0.052560958131344704,-0.04983280712529936,-0.05898181645335335,-9.913491101049576,-9.914304655518379,2.7621302069104225,2.7429646841216275,1.322844549359272,1.3127030391232786,0.792799090358596,0.7849687909678499
14083.0,-0.041,-0.045,-9.911,-0.048,-0.007,-9.938,2.87,1.26,0.77,-0.05603503368950488,-0.055075678405343165,-0.06268576589398497,-0.060196566103053295,-9.915311254835045,-9.91778257113092,-0.06455419855943884,-0.05236149585417834,-0.050186610441274926,-0.056708519662976346,-9.913768558758232,-9.915340913083662,2.7641206322240626,2.7485202609666572,1.3308688596565514,1.3103982014347078,0.7944473871964799,0.7843141677402531
,-0.05,-0.057,-9.895,-0.091,-0.081,-9.892,2.66,1.19,0.77,-0.055486624392043125,-0.05485370610397901,-0.062444197166449354,-0.06005677215282776,-9.916005854002677,-9.916786231461408,-0.06439620842907423,-0.054051255724994376,-0.05100650256345454,-0.057770847762462524,-9.914335292391183,-9.914320155703198,2.764841027562323,2.744649045244353,1.3390268027615178,1.3051328824530257,0.7953973323088719,0.7836881728482064
,-0.024,-0.062,-9.916,-0.067,-0.089,-9.892,2.73,1.33,0.77,-0.054641478511488796,-0.05350439521344438,-0.06219758260559058,-0.06014175443949839,-9.916809234636762,-9.91675184756374,-0.06362172740858447,-0.054617537182726925,-0.052253086495813075,-0.059136577865493443,-9.915121215678296,-9.913344038634238,2.7642078021008607,2.744008405308991,1.3473458362486745,1.3062203846289153,0.7956306254982072,0.783089554301917
,-0.06,-0.038,-9.938,-0.031,-0.05,-9.94,2.73,1.33,0.84,-0.05354106522567667,-0.053788464499940535,-0.06191345174326903,-0.05917343931071782,-9.917712342700794,-9.917681083208498,-0.06229965079541254,-0.053584682328290646,-0.053866820759565545,-0.05873701212210968,-9.91603933847672,-9.914509771491279,2.7621947893401697,2.7433957821843036,1.3558215495504642,1.307260327573966,0.7951837453070588,0.7855783925602255
14158.0,-0.084,-0.057,-9.921,-0.043,-0.048,-9.897,2.73,1.4,0.7,-0.05224264342252493,-0.0551096916396935,-0.06155962823367458,-0.05907838929235908,-9.91869683554429,-9.917826227864898,-0.06052876034982375,-0.053121787300734906,-0.05577372993014451,-0.058267455325979274,-9.91699578124339,-9.913744024735205,2.7588384562733483,2.7428099506240344,1.3644045840077363,1.311316068869897,0.7941452244872973,0.7818358322118188
,-0.05,-0.096,-9.911,-0.069,-0.053,-9.933,2.87,1.4,0.77,-0.050815119770640266,-0.05488623185328616,-0.061112254525702986,-0.060693065054483845,-9.91973589100824,-9.917527699591918,-0.05842841780936676,-0.05381618184907619,-0.0578908171241192,-0.05803709613308595,-9.91790021500207,-9.914586137415021,2.7542433019543533,2.7483722943564635,1.3729965779945947,1.3151944423032664,0.7926514752109217,0.7813182212238171
,-0.05,-0.093,-9.928,-0.043,-0.079,-9.938,2.8,1.4,0.91,-0.04933449597029167,-0.054672544530600574,-0.060563394447477784,-0.06210592933108215,-9.920795549521344,-9.917985679872787,-0.056129365782951086,-0.05334316275984588,-0.060130572652927136,-0.058953857133696996,-9.918675561703635,-9.915610085062154,2.748585139033611,2.750630104981628,1.3814534134820127,1.3189032046209788,0.7908808788215512,0.7869458020694965
,-0.036,-0.065,-9.926,-0.072,-0.057,-9.959,2.8,1.33,0.84,-0.04787863255285161,-0.05385594675788864,-0.05992637074549916,-0.062232494388053165,-9.921836392789116,-9.91833616643636,-0.05376544641915103,-0.05415907361287352,-0.06240449904512674,-0.05886841000136002,-9.919265634635728,-9.917507636187997,2.742108744206621,2.7527891758166154,1.389592735260363,1.3193884956521984,0.7890446859777721,0.789265996823461
14234.0,-0.034,-0.053,-9.899,-0.074,-0.067,-9.907,2.66,1.47,0.77,-0.04652149803510333,-0.05298759580172698,-0.0592373318160632,-0.06182873397172157,-9.922815600006553,-9.917490546793124,-0.051466387169750404,-0.055026767690092446,-0.0646257680039968,-0.05922402507409023,-9.919639638121806,-9.9170481105838,2.73511716901139,2.748731269612279,1.397202980199338,1.3259751190655291,0.7873725335148848,0.7884234458755233
,-0.093,-0.05,-9.916,-0.017,-0.062,-9.859,2.73,1.47,0.84,-0.04532744759529627,-0.054737439808998575,-0.058552523707583834,-0.06131143340783993,-9.923689531888378,-9.9174253613981,-0.04935147443229889,-0.053363760607871444,-0.06671122783935779,-0.059345425504426,-9.919793146412145,-9.914509519352562,2.7279526250649466,2.7479121036427157,1.4040519863004273,1.3322736927166487,0.7860910117099604,0.7906790195147181
,0.0,-0.057,-9.928,-0.053,-0.05,-9.919,2.66,1.4,0.84,-0.0443461423486025,-0.05234363261495283,-0.057941879331266044,-0.06112288348032505,-9.92441692068263,-9.917887817187921,-0.04752403197897104,-0.053347852433081544,-0.06858313615304454,-0.05893672632371942,-9.919746100413185,-9.914705899470377,2.7209717588484517,2.7440674841852117,1.4098940580203982,1.3352355360576371,0.785395909386511,0.7928359511928352
,-0.043,-0.069,-9.954,-0.026,-0.077,-9.969,2.66,1.33,0.63,-0.04360864017724139,-0.05193501184186304,-0.05748025753539655,-0.061467369781813073,-9.924962455772368,-9.919467094613172,-0.046066922066670166,-0.05215186142358189,-0.07017108888562111,-0.05972667913525465,-9.91953887447928,-9.917080318312266,2.714519633561726,2.7403909996962454,1.4144754128193873,1.3350065727754135,0.7854215607311293,0.7857147216876484
14310.0,-0.034,-0.036,-9.938,-0.069,-0.079,-9.935,2.8,1.47,0.77,-0.04312516492627109,-0.05115066824595549,-0.05723783625801408,-0.06035361705228604,-9.925300155695897,-9.920277585611554,-0.04503943193497857,-0.05288867329256161,-0.07141450830456499,-0.06056955038203293,-9.91922716848275,-9.917863991481617,2.7089062699981272,2.7429978525970933,1.4175394662009901,1.3409101780290256,0.7862130168199125,0.7850274770163956
,-0.055,-0.038,-9.933,-0.036,-0.041,-9.909,2.73,1.4,0.7,-0.042884987782716225,-0.05131900929509304,-0.05727103991577865,-0.059376036633906414,-9.925415749400548,-9.920833969088624,-0.04447571877455472,-0.052150088737560885,-0.07226575823832555,-0.059713724266499985,-9.918875840749006,-9.917476346632874,2.7043878416289093,2.7424294235079585,1.4188347602784939,1.343494325943399,0.7877078146884188,0.7813090096041183
,-0.038,-0.053,-9.878,-0.05,-0.086,-9.899,2.66,1.26,0.7,-0.042858544561884794,-0.05073653520830754,-0.05761516386545675,-0.05909719636633382,-9.925307631851021,-9.91896073088633,-0.04438464659835839,-0.05205605989906612,-0.07269361957957411,-0.0608632898320487,-9.918551693667185,-9.916668329092404,2.701152868365919,2.7388245755708267,1.4181286317144872,1.3398429071195102,0.7897332336369156,0.7777531602111728
,-0.053,-0.091,-9.914,-0.069,-0.103,-9.907,2.73,1.4,0.84,-0.04300147964978302,-0.050835522269453134,-0.05827949492585589,-0.06049238695449423,-9.92498664022104,-9.918743785531856,-0.044750666569725754,-0.052797061411868275,-0.07268657265701141,-0.06270603513172295,-9.91831582722192,-9.916245508518143,2.6993131210361625,2.738438654479931,1.4152288604111456,1.3424737294999414,0.7920219244646407,0.7804753725287277
14386.0,-0.017,-0.067,-9.94,-0.017,-0.072,-9.892,2.59,1.4,0.84,-0.0432600339680031,-0.04935580898916446,-0.059245185261874084,-0.06077698139254457,-9.924475345406133,-9.919673373749431,-0.04553548406582757,-0.051231565045516285,-0.07225510899891549,-0.06311248380813489,-9.91821679089542,-9.915185190883442,2.6988995175393304,2.731947055308121,1.4100137123353245,1.3449894993392992,0.7942445102953561,0.7830785355912644
,-0.06,-0.024,-9.923,-0.041,-0.062,-9.943,2.66,1.4,0.84,-0.043577144555618084,-0.049821306482332524,-0.060465691098865515,-0.05916863063793195,-9.923807335548911,-9.919818855560004,-0.04668053144135197,-0.050784112733262075,-0.07143225369045057,-0.06306383206716654,-9.91828573944512,-9.916401603093963,2.699864018751923,2.7288006279419963,1.4024678752716186,1.347395248177272,0.7960536750597488,0.7855678557249175
,-0.06,-0.06,-9.966,-0.024,-0.079,-9.935,2.8,1.54,0.84,-0.043898625016098834,-0.05026644658845444,-0.06186954460836385,-0.059204988530564745,-9.923026265950632,-9.921838474237113,-0.04811053139346246,-0.049612775492016814,-0.07027178260302565,-0.06376076114480161,-9.918534153534427,-9.91721495820266,2.702088260270661,2.7319143572215645,1.3927182317250633,1.3558183429012796,0.7971318161618121,0.7879483115699626
,-0.05,-0.041,-9.914,-0.057,-0.077,-9.907,2.73,1.54,0.84,-0.044178743487630956,-0.05025479420276729,-0.06336543169845911,-0.05840883816880252,-9.922183904757677,-9.921495677860776,-0.04973843684998844,-0.04993583757220298,-0.06884415392584403,-0.06433974666771618,-9.91895392489374,-9.91676823214981,2.7053981670925666,2.731830637520674,1.3810607051162351,1.3638730743109106,0.7972342719183801,0.790224664038097
14462.0,-0.024,-0.089,-9.914,-0.081,-0.069,-9.911,2.66,1.33,0.77,-0.044384534998957954,-0.04910660540455799,-0.064849497009028,-0.059746667331260266,-9.92133649176168,-9.921167872840167,-0.05147162109937587,-0.051294352251460736,-0.06723063204744822,-0.06454355137597712,-9.919519220280732,-9.916515972715258,2.709582040820698,2.7286893014000206,1.367969167706701,1.3623917187845893,0.7962220450488878,0.7893401881394574
,-0.053,-0.084,-9.938,-0.072,-0.043,-9.916,2.73,1.33,0.77,-0.04449842758932901,-0.04927687343358654,-0.06621428543023739,-0.06080732713587257,-9.92053938135038,-9.921903984489168,-0.053218566529810406,-0.052199862788725716,-0.0655163577082727,-0.06360139718606857,-9.920189623084536,-9.916493407918624,2.714408877010892,2.728746621577002,1.35408025659648,1.3609751466958635,0.7940806902952948,0.7884943926171124
,-0.062,-0.086,-9.895,-0.041,-0.062,-9.931,2.8,1.4,0.77,-0.04451911493237127,-0.049833288055947854,-0.0673581208297861,-0.061909066671732356,-9.919840721902567,-9.920727404951787,-0.05489494465446631,-0.05171006435816243,-0.06378330715379224,-0.06353136402198066,-9.920914270536539,-9.917127818015276,2.719644237764962,2.7318627126918904,1.3401529295029457,1.3626818025953062,0.7909244768923211,0.7876855858800155
,-0.019,-0.045,-9.904,-0.031,-0.041,-9.928,2.73,1.4,0.91,-0.04446083271981529,-0.04848487009907794,-0.06819354411814148,-0.06116959026257669,-9.91927543878985,-9.919995873070793,-0.05642822134118397,-0.050804360671361154,-0.0621041570432174,-0.06254601027751841,-9.92163671857641,-9.91760328613246,2.7250620285407416,2.731781251537385,1.3270064750448194,1.3643138220999143,0.7869863334395741,0.7930347057041529
14537.0,-0.065,-0.062,-9.914,-0.089,-0.079,-9.923,2.73,1.33,0.84,-0.044351264453251556,-0.04920711865323418,-0.068653843776181,-0.061205906188385895,-9.918860902063784,-9.919733658320908,-0.0577605589022334,-0.052474752938674936,-0.0605378668899463,-0.06326558501646737,-9.922300112726264,-9.917839298129422,2.730451502081976,2.7317033528859556,1.315443934850901,1.3628131915539896,0.7825944466667185,0.7950886172449155
,-0.022,-0.091,-9.909,-0.041,-0.053,-9.909,2.66,1.19,0.77,-0.044228351464712067,-0.0480172822893775,-0.06869736937024017,-0.06250887754294357,-9.91859538868552,-9.91926424819519,-0.058850280463627926,-0.05197293286405694,-0.05912729056583502,-0.06281664492455495,-9.922852181742632,-9.917452733183703,2.7356200521076213,2.7285675832456073,1.3061699705502219,1.3552556320018088,0.7781367178195185,0.7939914283254511
,-0.062,-0.06,-9.89,-0.057,-0.096,-9.914,2.73,1.05,0.7,-0.044136334976092095,-0.04862878202992681,-0.06830974506253222,-0.06239915795921669,-9.918459848657765,-9.917984448334458,-0.05967223261123137,-0.05219277927109824,-0.05789857042445537,-0.06426783727779649,-9.923249688729124,-9.917301736396833,2.740393814188321,2.72863022646646,1.2997140837267496,1.3419060283243693,0.7740157759477782,0.7898809445679761
,-0.043,-0.067,-9.954,-0.079,-0.034,-9.954,2.73,1.26,0.7,-0.04412134452862162,-0.04838262110312242,-0.0675041790438914,-0.06260036446087519,-9.918422686533528,-9.919559499834094,-0.06021722634609214,-0.05336512708357201,-0.05686176787542266,-0.06294414791888134,-9.92346209551153,-9.918906644622563,2.7446188598545582,2.728690130140245,1.2963710096523318,1.3383240697876917,0.770599816110584,0.7859502226996796
14613.0,-0.043,-0.072,-9.938,-0.069,-0.045,-9.923,2.73,1.4,0.77,-0.04422679007764237,-0.04814722541852661,-0.06632004803718003,-0.06301143438392807,-9.918446466822827,-9.920365949717464,-0.06049063211137109,-0.054048879765252696,-0.05601230286787662,-0.062159404779260526,-9.923474154277434,-9.91908565744418,2.7481651680129118,2.72874741407431,1.296168051970951,1.3410213147799108,0.7681765491303192,0.7852526789714636
,-0.048,-0.036,-9.947,-0.041,-0.041,-9.904,2.73,1.33,0.7,-0.044488814602951524,-0.0481407868772435,-0.06482000604673015,-0.06183015578993537,-9.918494885930416,-9.921530724346715,-0.06051023930526252,-0.05347821912860583,-0.05533316871102824,-0.06123405029522618,-9.923287036319534,-9.918425923349284,2.750933922538711,2.7288021928365236,1.2988636671127907,1.340539324707036,0.766917470075515,0.7815243629065661
,-0.026,-0.081,-9.899,-0.048,-0.074,-9.95,2.8,1.19,0.77,-0.044932153232630015,-0.047172514062834923,-0.06308593338417713,-0.06266850173978646,-9.918538334730878,-9.920545398576913,-0.060303661257711104,-0.05323864269968252,-0.05479817260240778,-0.06179233768210963,-9.922917673082969,-9.919806737871841,2.752866870319329,2.7319158536790273,1.3039752938287443,1.3339558578943427,0.7668574930704444,0.7810203732621296
,-0.034,-0.098,-9.909,-0.05,-0.029,-9.928,2.8,1.33,0.77,-0.045566832919103795,-0.046596446584514145,-0.061213966749663284,-0.06421363784751559,-9.918557038393217,-9.920040488989216,-0.05990577156175689,-0.0530970086331491,-0.05437633666989205,-0.06035824551210585,-9.922396243674024,-9.920165050023256,2.753955062785089,2.734893346228867,1.310830450251474,1.3337828581867,0.7678919836860006,0.780538424364221
14689.0,-0.06,-0.024,-9.897,-0.077,-0.057,-9.933,2.8,1.4,0.77,-0.04638608392480685,-0.0471826180002165,-0.059308694269321824,-0.062454993382355634,-9.918541748682683,-9.919032869917569,-0.05935664683278756,-0.05414234712322742,-0.054037168261567195,-0.06021138091097457,-9.921762043022776,-9.920726354967185,2.7542436057558883,2.7377406254711443,1.3186340014202635,1.3366787018900288,0.7697904711097147,0.780077552315044
,-0.077,-0.062,-9.945,-0.05,-0.079,-9.876,2.8,1.33,0.77,-0.04736555246699167,-0.04848660780631558,-0.05747659870906443,-0.0624350953667472,-9.91849263815427,-9.92016847843348,-0.058700134993273895,-0.05396119176820492,-0.053756062609731696,-0.061033054918536514,-9.92105828416097,-9.918770357926881,2.7538294138939077,2.7404633859643464,1.3265444053055975,1.3363866253025325,0.7722243286145309,0.7796368353705
,-0.055,-0.041,-9.933,-0.098,-0.079,-9.904,2.66,1.26,0.77,-0.048463564997263266,-0.04877145498115232,-0.05581908530028356,-0.06149768423349864,-9.918417080356598,-9.920729633444324,-0.05798269075154454,-0.05588712064443122,-0.05351880665292007,-0.06181879503593097,-9.920326759231749,-9.918124412680275,2.7528505861847394,2.7369445178403042,1.3337515834536144,1.3330460442710637,0.7748045552289734,0.7792153920966994
,-0.002,-0.077,-9.928,-0.055,-0.048,-9.943,2.8,1.33,0.77,-0.049622141130334384,-0.04672602052577447,-0.05442568097059805,-0.062175639854501384,-9.918326680360938,-9.921047585029585,-0.05725189551112357,-0.055848324606699924,-0.05332411190082952,-0.061214464050083135,-9.919603472731715,-9.919212285260292,2.75146840198929,2.739702094141103,1.3395492578728039,1.3329128330227253,0.777125301414757,0.7788123796070944
14765.0,-0.069,-0.069,-9.883,-0.019,-0.053,-9.921,2.73,1.47,0.84,-0.050768821275905866,-0.04770011819054059,-0.053367962903019046,-0.06247408644725978,-9.918233802547629,-9.919383667552683,-0.05655429946843217,-0.05423685383240631,-0.05318347351324571,-0.06085522468480715,-9.918916047485462,-9.919290466563963,2.749845030211967,2.7392777969356072,1.343395203100566,1.3389080028295615,0.7788086181094317,0.7814882695712696
,-0.036,-0.029,-9.907,-0.041,-0.031,-9.899,2.73,1.54,0.77,-0.05181981484223777,-0.047188442321392146,-0.05269459798223084,-0.061010179673164154,-9.918148144383428,-9.918842098334743,-0.05593275521112251,-0.05365797261264536,-0.053118405937699655,-0.059549579922041296,-9.918283003578953,-9.9184031129539,2.7481210293681713,2.7388720553239843,1.344953226557848,1.347702266336589,0.7795458752956748,0.7809858583800182
,-0.057,-0.024,-9.911,-0.086,-0.065,-9.935,2.73,1.4,0.77,-0.05268500602927526,-0.04761752664525401,-0.05242788142592154,-0.059391630565952556,-9.918074269113157,-9.918499143467448,-0.055423829582879926,-0.055072371570323825,-0.05315586210217862,-0.0597879406279069,-9.917714420847517,-9.919128936955518,2.7463966539811193,2.738484057823011,1.3441112589094313,1.349989378987152,0.7791315248102701,0.7805054189055288
,-0.043,-0.043,-9.921,-0.062,-0.038,-9.938,2.59,1.12,0.84,-0.05327494017047563,-0.047415590483495584,-0.052562337447583346,-0.058674782951255486,-9.918010928305806,-9.918608512272025,-0.0550557946024959,-0.055375334347293435,-0.05332299131338804,-0.05883509867570244,-9.917213292015955,-9.919954216446525,2.7447204063026587,2.731990473048592,1.3409724540834742,1.3399313596174958,0.7774855507924067,0.7831072679633986
14840.0,-0.043,-0.091,-9.94,-0.057,-0.062,-9.923,2.87,1.54,0.84,-0.05350939110282947,-0.04722248550270481,-0.05306588229410063,-0.06008844675014879,-9.917952399944879,-9.919544016332521,-0.05484723504605784,-0.05544638510048941,-0.05364227186711462,-0.05897350784469525,-9.916776938761721,-9.92008741629302,2.7430872817160035,2.738025979998457,1.3358211780980378,1.3486808691343555,0.7746619609986488,0.7855953315571867
,-0.089,-0.043,-9.89,-0.038,-0.036,-9.909,2.73,1.26,0.77,-0.0533266976467177,-0.04904952226361566,-0.05388352246984595,-0.05934112559485577,-9.917891347000054,-9.91825198150101,-0.05480602445789329,-0.05468341039251186,-0.05412771015971204,-0.057968818028549064,-9.916398104448577,-9.919602535433194,2.741447439075228,2.7376749835192276,1.3290710622249613,1.3448026296113105,0.7708419042380813,0.784913308119545
,-0.043,-0.062,-9.943,-0.074,-0.065,-9.871,2.73,1.12,0.77,-0.05269275733671842,-0.04878496129835587,-0.054942908351663544,-0.05945740492212766,-9.917822290485244,-9.91933427517265,-0.054928596506207635,-0.055528173891081084,-0.05478245528790155,-0.05827630946476911,-9.916065796027219,-9.917477023181489,2.739723829091378,2.7373393370070374,1.3212054107219267,1.3349714399584334,0.7663116704868695,0.7842611112981441
,-0.045,-0.038,-9.921,-0.031,-0.06,-9.943,2.73,1.19,0.77,-0.0516084226968356,-0.04861943533267998,-0.05616079873261459,-0.058519018135405027,-9.917744758507792,-9.919407121547781,-0.05519980018681135,-0.05445549458221976,-0.055597893427723526,-0.05835169082745158,-9.915766446042069,-9.918593207747668,2.7378356827907298,2.737018369168862,1.3127207986484506,1.3286314708800264,0.7614280624490275,0.7836374366993413
14916.0,-0.055,-0.077,-9.933,-0.045,-0.045,-9.883,2.66,1.26,0.7,-0.05011415469082843,-0.04889847362260204,-0.05744966814052213,-0.05932723838619094,-9.917665337686486,-9.920001572627926,-0.05559380799878778,-0.0540419818014304,-0.05655404906497623,-0.057767787494390474,-9.915486092573612,-9.917036626419746,2.7357243428465443,2.7336501603745,1.3040831527703969,1.3256300424379193,0.7565758936654703,0.779979759279413
,-0.086,-0.062,-9.902,-0.036,-0.069,-9.907,2.8,1.4,0.7,-0.04829107259605985,-0.05052101755305714,-0.05872394500792503,-0.059444125036349924,-9.917598114275826,-9.919214318160037,-0.056076446549402206,-0.05325296013780618,-0.057620963836310886,-0.05825900066015557,-9.915213843776696,-9.916597699268502,2.7333780706488184,2.736551807289938,1.2957016071906395,1.3288824294697388,0.7521238681674318,0.7764820413780512
,-0.038,-0.06,-9.926,-0.077,-0.06,-9.952,2.8,1.4,0.7,-0.046257829532906865,-0.04997344167094487,-0.05990548348846617,-0.05946843485959512,-9.917563375254618,-9.919511073252306,-0.05660895865182125,-0.05429147847267755,-0.05876067728022911,-0.05833513898080184,-9.91494613812933,-9.918145931747988,2.7308521800327656,2.7393265578199504,1.2879193483390088,1.3319925813604916,0.7483853736413059,0.7731372875594521
,-0.055,-0.057,-9.897,-0.096,-0.053,-9.947,2.8,1.47,0.77,-0.04416308069838929,-0.050193265826558066,-0.060927957076378415,-0.059360483937080176,-9.917584872976398,-9.918526606874778,-0.057152622733336926,-0.05611549799586128,-0.05992946226103118,-0.058101819809957905,-9.914690599113298,-9.919407793398502,2.7282801854700045,2.741979961465598,1.2810152391491916,1.3380279961084767,0.7455896772228394,0.7730000860104944
14991.0,-0.048,-0.05,-9.926,-0.055,-0.084,-9.916,2.8,1.05,0.7,-0.04217387231785075,-0.0500973487443726,-0.06174004728880956,-0.05895112621298814,-9.91768623509197,-9.9188534373273,-0.05767309675078144,-0.05606671443681835,-0.06108003306094482,-0.059234412972019146,-9.914467930011993,-9.919258761942526,2.725871749959497,2.7445173250341726,1.275208378463135,1.3254318006815835,0.7438668707974504,0.7698076069390437
,-0.034,-0.079,-9.928,-0.055,-0.041,-9.899,2.73,1.26,0.77,-0.04046101852344188,-0.04939337082077361,-0.0623074962452106,-0.05982791435762052,-9.917887102677259,-9.919253439731463,-0.05814325726372064,-0.05602006430664912,-0.0621635517989957,-0.05843697580482253,-9.914310575811347,-9.918372794856053,2.723895116290021,2.7438824455582997,1.2706604790818814,1.322570301939608,0.7432473507312592,0.7698160207759878
,0.007,-0.05,-9.931,-0.055,-0.077,-9.94,2.66,1.4,0.7,-0.03918318980459706,-0.046927145560604094,-0.0626141413525286,-0.05939811471466997,-9.918199398519622,-9.919767146630567,-0.05854385245065497,-0.05597545430509325,-0.0631314155056803,-0.05924878397498462,-9.914257786810126,-9.919318607437507,2.722645291692223,2.7402140532790344,1.2674754374032444,1.3259564991905355,0.7436744551379175,0.7667627889599737
,-0.062,-0.065,-9.897,-0.067,-0.053,-9.928,2.66,1.19,0.7,-0.038471777527305503,-0.04758631974757396,-0.06266195577896885,-0.05964309937854389,-9.918623998017203,-9.91877148151417,-0.0588621320585488,-0.05645758567406331,-0.06393698061801685,-0.05897550878926433,-9.914347798407787,-9.919698266771919,2.7224032586809206,2.7367060891063315,1.2656983537916773,1.3200107763563154,0.745027440446301,0.7638430827218834
15067.0,-0.022,-0.081,-9.931,-0.057,-0.048,-9.88,2.66,1.19,0.84,-0.03841848584109654,-0.04646736503432027,-0.06247001056464128,-0.06057709085706181,-9.919148167156822,-9.919306265669563,-0.059089243718342455,-0.05648130682945146,-0.06453750536063138,-0.058495521928658124,-9.914608645918344,-9.917962160792213,2.7233942556733326,2.733351537111845,1.26531660253382,1.3143250750748146,0.7471509643989485,0.767173618038253
,-0.026,-0.057,-9.887,-0.041,-0.072,-9.885,2.66,1.19,0.77,-0.039067048700242246,-0.04557227520510807,-0.062072247534973306,-0.06042065559346266,-9.919744368818224,-9.917893430662607,-0.059217431372921084,-0.055804269982611655,-0.06489658315037405,-0.05908610703573997,-9.915049629566397,-9.916520641826557,2.725753567748458,2.730143688191586,1.2662648470581752,1.3088880239434693,0.7498862973496516,0.7672972228961908
,-0.038,-0.069,-9.897,-0.022,-0.053,-9.876,2.66,1.33,0.77,-0.040409720545107164,-0.0452411203882218,-0.061514040978722574,-0.06079585210296546,-9.920371146470757,-9.916979707901906,-0.05923808494467878,-0.054325923444372475,-0.06498715086944329,-0.058819946125527524,-9.915655674692344,-9.91474857129812,2.729506197868414,2.727076126647713,1.2684350615476963,1.309811304249023,0.7530987972436832,0.7674154221999209
,-0.053,-0.043,-9.957,-0.057,-0.077,-9.921,2.8,1.33,0.84,-0.04238851067021229,-0.045580435889505576,-0.06084774616062939,-0.06001759431585878,-9.920976543317492,-9.918729896866582,-0.05914150999975391,-0.054442867600274385,-0.0647948057579145,-0.059615006031395676,-9.916386521536138,-9.91502196214446,2.7345630684018256,2.7302652727461423,1.2716910103810184,1.3106942071630738,0.7566964157472339,0.7705897300425529
15143.0,-0.055,-0.077,-9.931,-0.105,-0.084,-9.909,2.8,1.33,0.77,-0.04490059149559434,-0.045992377339553844,-0.060127719576990805,-0.06076027802614204,-9.921503903404124,-9.919266499624175,-0.05891875311426337,-0.05665385933903458,-0.06432077637748554,-0.0606814237187761,-9.917181578394038,-9.914758606453175,2.740732196775601,2.7333149493900617,1.275884293988331,1.3115384984914502,0.7606355002743037,0.7705639396507666
,-0.041,-0.043,-9.895,-0.053,-0.084,-9.943,2.8,1.26,0.77,-0.047806932330711996,-0.04577404800538094,-0.05940549794960198,-0.059983575983719964,-9.921899218173092,-9.918205263995274,-0.05856496124068484,-0.05649406679484277,-0.06358366363678788,-0.06170120425359332,-9.917969659477105,-9.915993674283554,2.7477398546617318,2.736231255932759,1.2808675916063441,1.3092845891223088,0.7649125702091039,0.7705392771382819
,-0.053,-0.038,-9.931,-0.081,-0.038,-9.964,2.8,1.33,0.77,-0.050943096933643836,-0.04609005722913305,-0.05872584767944198,-0.05902217840080162,-9.922118830375323,-9.918764810280106,-0.05808304079087843,-0.057565773462040316,-0.06261918165957044,-0.06066469042624635,-9.918681384100003,-9.918093112770848,2.7552552524233236,2.73902002498732,1.2865013400217136,1.3101905266259124,0.769543473172214,0.7705156931800736
,-0.055,-0.067,-9.933,-0.057,-0.074,-9.928,2.8,1.26,0.77,-0.05413129474014144,-0.04647971164432889,-0.05812425453983378,-0.059371068790977484,-9.9221363733909,-9.919387351262484,-0.05748634002488639,-0.05754103075233342,-0.06147762578308369,-0.06124787736549432,-9.919261326186065,-9.918526366097941,2.762913285238637,2.7416868340918534,1.2926522401200737,1.3079955674882693,0.7745338333139841,0.7704931406082256
15219.0,-0.038,-0.072,-9.931,-0.012,-0.053,-9.892,2.73,1.33,0.77,-0.05719299932322775,-0.04610887232843529,-0.057626122667073815,-0.059923364011199194,-9.921948001310078,-9.919895201870402,-0.056799710757026986,-0.05554940587195444,-0.06021946079631555,-0.06088717675112381,-9.91967729476332,-9.917366300771489,2.7703326738856013,2.7411757391700724,1.2991842606275987,1.3089578771801011,0.7798465171699689,0.770471574317594
,-0.06,-0.029,-9.928,-0.057,-0.036,-9.933,2.66,1.4,0.77,-0.05996154549332073,-0.04671636660404047,-0.05724752757599598,-0.058571006804252375,-9.92157505672319,-9.920249645266582,-0.056059090571100825,-0.055612844035496635,-0.058909904893765797,-0.05979879733587802,-9.919925176995253,-9.918050002124785,2.77713008421854,2.737625718032135,1.305944386425383,1.3129393803207892,0.7853727560954155,0.7704509511755977
,-0.079,-0.086,-9.938,-0.089,-0.072,-9.943,2.8,1.19,0.63,-0.0622940175000664,-0.04812821184421659,-0.056996985051938946,-0.05977054630500405,-9.921063489057012,-9.921025913338221,-0.055310117574523816,-0.057072949118879265,-0.057613496200487876,-0.06033238690104514,-9.920028979937001,-9.919141128867258,2.782933170142425,2.740353503719255,1.3127463905666263,1.3075629291386297,0.7909136935364552,0.764308674546961
,-0.086,-0.05,-9.923,-0.05,-0.053,-9.911,2.8,1.33,0.7,-0.06408149856402857,-0.04978444127753006,-0.05687751281407471,-0.059343255512624905,-9.920479751295819,-9.921112245159145,-0.05460607162243725,-0.05676363109928036,-0.056389428663872136,-0.06001172300865118,-9.920036507723283,-9.918785096635697,2.787395978797514,2.7429619964138126,1.3193569010037556,1.30854415920374,0.7961784469509051,0.761496292961916
15294.0,-0.048,-0.067,-9.907,-0.055,-0.053,-9.931,2.73,1.19,0.77,-0.06525656378615506,-0.04970640313067237,-0.05688826006930787,-0.059678104385648405,-9.919903515091034,-9.920495080854504,-0.05400498685726018,-0.05668650303434402,-0.0552880928680274,-0.05970508256227464,-9.920011492951641,-9.919319285367262,2.7902187007090347,2.7423951354067024,1.325488958248813,1.3033599221982684,0.8008027453075345,0.7618681816572903
,-0.103,-0.089,-9.902,-0.057,-0.057,-9.916,2.8,1.26,0.84,-0.0657970165998291,-0.05203706740717847,-0.05702510629072905,-0.060960425314284056,-9.91941817862639,-9.919686244019108,-0.053565633659932305,-0.05670021305246194,-0.05434892945512695,-0.059586782434993844,-9.920023321987333,-9.91917412459217,2.7911713944838112,2.7449143423648996,1.330808257864807,1.301463682731689,0.8043882700765562,0.765285084410473
,-0.043,-0.036,-9.921,-0.069,-0.055,-9.897,2.8,1.33,0.91,-0.06572534752682482,-0.051641853508932335,-0.05727992813766502,-0.05986884255343136,-9.919100584116467,-9.919743697903112,-0.053342352754892755,-0.057238113958597944,-0.05359952037649906,-0.059386190795597545,-9.920135904684793,-9.918204393834898,2.7901192852316217,2.7473233780078257,1.3349554149365577,1.3027116483250671,0.8065575599238806,0.7716138350269691
,-0.077,-0.038,-9.911,-0.026,-0.038,-9.88,2.87,1.33,0.84,-0.06510403420199064,-0.05275082962645795,-0.05763873651157014,-0.05891246255467136,-9.919011415055788,-9.919361313797994,-0.05337915072749307,-0.0558719919374624,-0.0530557925009693,-0.05845091838341561,-9.920397551243731,-9.916533618710922,2.787045885532529,2.75268833810126,1.337583874064837,1.303905037215095,0.8070146968942493,0.7746045356190243
15370.0,-0.074,-0.069,-9.938,-0.077,-0.05,-9.928,2.8,1.4,0.84,-0.06402738336544797,-0.05368010978775792,-0.05807945341726226,-0.05935361617429628,-9.919187399299894,-9.920176430859778,-0.05370379810022273,-0.0567959733633325,-0.0527231870482986,-0.05808133826991378,-9.92083365964805,-9.91703507267202,2.7820694517752695,2.7547573971764026,1.3384085841257631,1.3081075138740454,0.8055999789121654,0.7774644452823167
,-0.036,-0.05,-9.923,-0.022,-0.077,-9.914,2.73,1.4,0.91,-0.062611047061226,-0.052906913705908803,-0.05857043023930319,-0.05894455879490749,-9.919635956495718,-9.92029991270589,-0.05432287318944501,-0.055274257118827975,-0.05259856603164615,-0.05890869937225603,-9.921443412727854,-9.916902341239563,2.7754484591629884,2.7536746933514054,1.3372567945875447,1.312126205560743,0.8023278980432609,0.7832605615306654
,-0.05,-0.036,-9.911,-0.036,-0.045,-9.962,2.87,1.47,0.91,-0.06098061102053156,-0.052779786990370066,-0.059070714748512894,-0.05794113499421022,-9.920332620039312,-9.9198932039155,-0.05521873939455733,-0.054431344927459824,-0.05267246504947033,-0.058300436641574874,-9.922200627892263,-9.918874576337236,2.767573075463211,2.758761894302095,1.3341105434968321,1.319030427353053,0.7974009762313816,0.7888031989020741
,-0.048,-0.048,-9.883,-0.074,-0.067,-9.935,2.8,1.33,0.77,-0.059260710760417674,-0.05257075477182662,-0.059532664865627,-0.05750638392541442,-9.92122156142637,-9.918279770455145,-0.05634924873036882,-0.055287131888670786,-0.05293117522833832,-0.05868089063101721,-9.923057856328283,-9.91957978204828,2.758941551253448,2.7605653413468962,1.3291311067590696,1.3195101546110846,0.791196207085138,0.7879808872823025
15446.0,-0.086,-0.065,-9.911,-0.06,-0.048,-9.904,2.8,1.4,0.77,-0.057565885915477795,-0.05403270052555074,-0.0599069664173523,-0.057834098778846,-9.922219654052485,-9.917961407613497,-0.057650492168593824,-0.055493237574760663,-0.05335821866226663,-0.058213788170359576,-9.923952351545664,-9.918898438630144,2.750122427760091,2.762289919074391,1.322658686631791,1.3230301798728294,0.7842255752058437,0.7871945374370958
,-0.031,-0.091,-9.94,-0.05,-0.045,-9.897,2.66,1.47,0.7,-0.055993852546449514,-0.05302542206322557,-0.06014947301988895,-0.05928452783064619,-9.92322433980636,-9.918925211203366,-0.059042293110047085,-0.055253004351072735,-0.05393508698094721,-0.05763591567056455,-9.924812796556708,-9.917940764319821,2.7417056043188515,2.7578165212510517,1.3151852025773734,1.3294575431888105,0.7770769531535717,0.7833812989722723
,-0.05,-0.055,-9.928,-0.067,-0.05,-9.94,2.66,1.19,0.63,-0.054621312842728226,-0.05289311267638882,-0.060228644433194145,-0.059097154552369295,-9.924124894770483,-9.919322074753728,-0.060435645677691406,-0.055766730290463334,-0.054641456963554574,-0.057301977694574374,-9.925566290925579,-9.918905470693325,2.7342478319448014,2.7535387564702156,1.3073032357907521,1.3233587108132048,0.7703453901097802,0.776673545410903
,-0.06,-0.062,-9.923,-0.069,-0.062,-9.94,2.66,1.05,0.84,-0.053502077705032604,-0.05320391489983209,-0.060132025056734255,-0.05922410335264623,-9.924815800463874,-9.919482919761133,-0.061741112788050584,-0.056345454767420235,-0.05545527582753411,-0.05750743413588607,-9.926145417482104,-9.919827988008215,2.7282203320403524,2.7494480692023204,1.2996391855644338,1.3114040404702452,0.7645659990103567,0.7794429720238284
15522.0,-0.089,-0.072,-9.933,-0.05,-0.048,-9.928,2.73,1.26,0.7,-0.05266710744855937,-0.054769368569363874,-0.059870381404732435,-0.059782825744555644,-9.92521032240659,-9.92007405599299,-0.06287722836065554,-0.056067951922550215,-0.0563530524255911,-0.05709164990657143,-9.926495004963163,-9.92018537083721,2.7239665613858084,2.748597555767321,1.2927824920727378,1.309156011291699,0.7601579684354393,0.7759687291918203
,-0.022,-0.074,-9.931,-0.067,-0.057,-9.933,2.66,1.33,0.77,-0.052125959745214695,-0.053336280897022116,-0.059478635561999005,-0.06040457886493954,-9.925252293771369,-9.920551875259845,-0.06377802801087215,-0.056546038135901526,-0.057310485486717376,-0.05708764182350444,-9.92657785614112,-9.92074578710034,2.7216761049891303,2.7447229597493656,1.2872235183457088,1.3100675718302264,0.7573857726964217,0.7757077015126863
,-0.038,-0.057,-9.974,-0.079,-0.067,-9.923,2.73,1.26,0.7,-0.05186916221593748,-0.052665586402358,-0.059013292261658024,-0.06025568798867709,-9.92492433017635,-9.922889297432407,-0.06439889799045898,-0.05752800688743718,-0.05830334940748967,-0.05752113440901161,-9.926378680914837,-9.920844369552746,2.721377199989291,2.7440790873454,1.2833092834356068,1.3078779898179242,0.756340195408155,0.7723968115420877
,-0.067,-0.036,-9.919,-0.101,-0.053,-9.921,2.8,1.4,0.77,-0.05187125963760344,-0.053292466696787354,-0.0585465691792594,-0.05919492518004502,-9.92425110939387,-9.922719208582734,-0.06471998429982968,-0.0594291474995873,-0.05930841588205745,-0.05732341372443878,-9.925905785884243,-9.920851175667272,2.7229469320034534,2.7465246508106147,1.281220539619961,1.311906719174238,0.7569393848792356,0.7722919928890636
15598.0,-0.034,-0.098,-9.914,-0.067,-0.079,-9.928,2.66,1.12,0.7,-0.0520944682100962,-0.05244875815435075,-0.05815792241831918,-0.060891969608321245,-9.923297017628947,-9.922337895457764,-0.0647465480398132,-0.05976024009798424,-0.06030412325006608,-0.05827138586812534,-9.925190438003007,-9.92116381190258,2.726135628176641,2.742740708188471,1.2809691631339861,1.3035141511909407,0.7589486127654571,0.7691304805273278
,-0.081,-0.045,-9.933,-0.034,-0.055,-9.931,2.8,1.26,0.77,-0.052492747395980865,-0.05369737643738026,-0.057924033109393015,-0.060196973435700366,-9.92215843518223,-9.92280417635507,-0.06450610570734265,-0.0586336794063177,-0.06127073462227661,-0.05812831985972304,-9.92428402490546,-9.921593973377172,2.7306007088218403,2.745244802371684,1.2824131279345357,1.3016111668990054,0.7620160178453609,0.7691685068211366
,-0.06,-0.041,-9.914,-0.041,-0.057,-9.95,2.66,1.26,0.77,-0.05301580686865957,-0.053973006164937574,-0.057908538207861064,-0.05935744105598011,-9.92095193911913,-9.922419147373725,-0.06404298035611267,-0.05786251384291285,-0.06218987557491224,-0.05807897556802562,-9.92325318487656,-9.92283624102988,2.735945156203566,2.741516830770661,1.2852862373994864,1.299791404940868,0.7657200880645999,0.7692048701285876
,-0.065,-0.041,-9.895,-0.072,-0.065,-9.94,2.8,1.33,0.84,-0.05361244752916313,-0.054455244597288274,-0.0581529415586054,-0.05855462355837188,-9.919800364082619,-9.921220038455766,-0.06341159433751058,-0.05848078200046777,-0.0630435749127218,-0.0583816495354059,-9.92217315149349,-9.923586855779721,2.741756283002987,2.7440744482201587,1.2892391818747257,1.301112503487102,0.769623117759938,0.7723009208707853
15673.0,-0.012,-0.041,-9.907,-0.074,-0.045,-9.88,2.8,1.33,0.77,-0.05423287405929338,-0.052598568978720166,-0.05867021217498752,-0.05778691530788044,-9.918818859687052,-9.920598160076631,-0.0626699315474301,-0.059159476799008986,-0.06381313021662827,-0.05779643603200288,-9.921119876602088,-9.921680691931558,2.7476409775550388,2.7465202145660963,1.29388660119862,1.3023758270403103,0.7733237814424196,0.772200295760235
,-0.069,-0.057,-9.911,-0.05,-0.098,-9.871,2.8,1.47,0.84,-0.05483009181925554,-0.053315845192193706,-0.05944232407515754,-0.05775250150388806,-9.918102882611624,-9.92017840817162,-0.06187406605059767,-0.0587589096273233,-0.06447816244702595,-0.059554639940777185,-9.920162096539785,-9.919464296620824,2.753253937687134,2.748859021341166,1.2988527538668877,1.3097064576365776,0.7765018021263957,0.7751653489356944
,-0.048,-0.048,-9.943,-0.065,-0.06,-9.904,2.73,1.33,0.84,-0.055360859917849885,-0.05308336978770485,-0.06042228335015817,-0.05732599985646914,-9.9177195190797,-9.92117645431472,-0.06107400723061707,-0.05903184835228282,-0.06501611251456274,-0.05957411666671026,-9.919355002498293,-9.91878800367359,2.7583161008052914,2.748034268464429,1.303807842802984,1.3105939457591391,0.7789487175334944,0.7780007328090252
,-0.072,-0.077,-9.899,-0.072,-0.055,-9.962,2.8,1.33,0.84,-0.05578662790591191,-0.05391064204661625,-0.061540222178141694,-0.058186393825051516,-9.917702791013102,-9.92020662167277,-0.060310782254700955,-0.0595989785433958,-0.06540233154207521,-0.05937407893351325,-9.918736943430865,-9.92067777396628,2.7626220231103407,2.7503068618191095,1.3084889727105766,1.3114426217732191,0.7805807832181719,0.7807121181479737
15749.0,-0.06,-0.093,-9.885,-0.045,-0.045,-9.919,2.73,1.33,0.77,-0.056074540347782996,-0.05417694512770843,-0.06271225703369462,-0.05970888119716716,-9.918052964042385,-9.918666946735268,-0.05961465099979594,-0.058960528152292635,-0.06561098817173654,-0.058745463973256265,-9.918329463935562,-9.920604400651719,2.7660370848060314,2.7494187912029395,1.312703822217523,1.3122541830308454,0.7814328047675627,0.7802436500287291
,-0.05,-0.074,-9.938,-0.062,-0.041,-9.938,2.8,1.26,0.77,-0.05619833356111551,-0.05399427671412903,-0.06385029031114642,-0.06033386810031579,-9.91873951527306,-9.919512430231348,-0.05900442406376071,-0.05909345197186997,-0.06561717125536674,-0.057969409786975026,-9.918139641492216,-9.921365154369822,2.7684872698752554,2.751630835863664,1.316320028715304,1.3099689749600445,0.7816349304878221,0.7797956692095419
,-0.038,-0.053,-9.923,-0.055,-0.079,-9.923,2.73,1.12,0.7,-0.0561389902610416,-0.053294806392065505,-0.0648709714050317,-0.060013139431318356,-9.919707136594567,-9.919664950510501,-0.05848792319175505,-0.05891443492594216,-0.06540047033866962,-0.05888913088299031,-9.918163052681503,-9.921436650319272,2.769945359593745,2.7506848645016273,1.3192472479356745,1.3016611494501857,0.7813776423084873,0.776306002034285
,-0.057,-0.079,-9.94,-0.026,-0.086,-9.919,2.66,1.26,0.7,-0.055885218022750385,-0.0534568439141474,-0.06570262588342499,-0.06084348304199372,-9.920883723810196,-9.920554253845053,-0.058063626426288116,-0.05747500313357799,-0.06494975992447853,-0.060074758010220435,-9.918386018689846,-9.921330089415392,2.7704177391409717,2.746718985174105,1.3214205289671968,1.2998392016282054,0.7808724001150792,0.7729689468630968
15824.0,-0.072,-0.036,-9.94,-0.096,-0.074,-9.921,2.73,1.33,0.77,-0.05543388030931432,-0.054267783201448046,-0.0662898000487549,-0.05975701446356706,-9.922188904460215,-9.921404665687293,-0.057723399126439146,-0.059159799041969836,-0.06426812577563086,-0.06068374419155859,-9.918786603835096,-9.921315653767326,2.769935707746531,2.7459878215114197,1.3227923029061983,1.3011582099039705,0.7803157269233014,0.7728391072801236
,-0.072,-0.089,-9.928,-0.05,-0.084,-9.899,2.8,1.4,0.77,-0.05479032465682526,-0.05504325805515156,-0.06659570885745429,-0.061035884454180483,-9.923541667383379,-9.921693096398995,-0.057455907900154375,-0.05875921777778152,-0.06337637463797838,-0.06170342324620682,-9.91933463333482,-9.920339733579958,2.7685538693572465,2.748349911186246,1.323336041269191,1.305480812294032,0.7798627508116633,0.7727149459117107
,-0.048,-0.067,-9.904,-0.081,-0.079,-9.907,2.8,1.4,0.77,-0.05396834341831481,-0.054735238501140655,-0.06660309769324313,-0.061296710366862926,-9.924866187758214,-9.92091933237967,-0.05724998400750884,-0.05973186364242236,-0.06231372453490186,-0.06245984645488395,-9.91999149202262,-9.91975635316769,2.766355651202541,2.7506087006834448,1.323059179794935,1.3096143763086816,0.7796130416276937,0.7725962144351213
,-0.007,-0.053,-9.938,-0.06,-0.062,-9.921,2.73,1.33,0.84,-0.05298957506454272,-0.052647655345931514,-0.06631395045085582,-0.060933874161381345,-9.926095731941952,-9.921666313333857,-0.0570971067749467,-0.059743589926001414,-0.06113502921093144,-0.06243973620209501,-9.920710572100802,-9.919810741000655,2.763462987570997,2.7497074298875215,1.3220189587449787,1.3105058913814598,0.7796082849786304,0.7755439530818907
15900.0,-0.091,-0.062,-9.902,-0.041,-0.029,-9.94,2.94,1.47,0.84,-0.051882481198686575,-0.054324900734800674,-0.06574834940781762,-0.06098049855065679,-9.927175178821614,-9.920806255528975,-0.05699247991764745,-0.05892388515807127,-0.059904932941944926,-0.06097733165145132,-9.921438950882584,-9.920693668546983,2.7600451141665547,2.7580294070348392,1.320334172608505,1.3174809736259783,0.7798390580258575,0.7783627796348239
,-0.036,-0.065,-9.911,-0.041,-0.036,-9.919,2.8,1.19,0.77,-0.05068123269735088,-0.053523506308041195,-0.0649427287591215,-0.061156281552511634,-9.928062935287757,-9.920377403081584,-0.056934739778567625,-0.058140028160457276,-0.0586903166927224,-0.05988500953355942,-9.922120361882584,-9.920619600122059,2.7563211349734758,2.7598648876072494,1.318188125762311,1.311905907039794,0.7802572312507535,0.777997054052538
,-0.057,-0.062,-9.935,-0.065,-0.057,-9.897,2.66,1.19,0.63,-0.04942466869405559,-0.053675542202244395,-0.06394767063571812,-0.06119317950199341,-9.928732814842158,-9.921016886364182,-0.0569248101417373,-0.058440032142988874,-0.05755290864119814,-0.05975884074308124,-9.922699093296492,-9.919586655050539,2.7525526059835164,2.7554975425658967,1.3158217402993861,1.3065746522676895,0.7807912663774231,0.7715247671893801
,-0.05,-0.096,-9.957,-0.072,-0.048,-9.94,2.73,1.4,0.84,-0.0481551765661149,-0.05351480141140322,-0.0628251902699858,-0.06271537011923077,-9.929175913308518,-9.922590519266347,-0.05696451515047532,-0.05903304395925531,-0.05654372835770992,-0.059244596787654986,-9.923124305401963,-9.920479382444306,2.7490254127574922,2.7543824703041646,1.313518895285837,1.310660379883586,0.7813631730514755,0.7745193629440668
15976.0,-0.067,-0.05,-9.933,-0.045,-0.06,-9.959,2.73,1.33,0.77,-0.046917218650616085,-0.05410454337776065,-0.06164527113196612,-0.062159294706042666,-9.92940188790396,-9.92304575228322,-0.05705531100904009,-0.058419343324137514,-0.05570022111788021,-0.05927763248771637,-9.923354277873193,-9.922163986834322,2.7460235478443717,2.7533161629830407,1.31158714401654,1.3115061505647612,0.781906720495669,0.774321719730153
,-0.036,-0.045,-9.947,-0.067,-0.057,-9.907,2.8,1.47,0.84,-0.04575536714360691,-0.053312785737600094,-0.060481456370257036,-0.06140887518980319,-9.929438684033496,-9.924093332343558,-0.05719722057597332,-0.05879459722250725,-0.055045967282769906,-0.059178025837275106,-9.923360100018877,-9.921500827196388,2.7437993262263194,2.7553577656823713,1.3103358059930827,1.3184374889360428,0.7823857561469695,0.7771939976501879
,-0.029,-0.062,-9.923,-0.043,-0.077,-9.899,2.73,1.12,0.77,-0.04471199694827755,-0.0522495258994659,-0.05940560987782829,-0.06143472657831911,-9.92932994007121,-9.924045518144759,-0.05738800905747836,-0.05810385939149737,-0.05459214022859467,-0.05995742600836225,-9.923128410081812,-9.920516808904905,2.7425444891432846,2.754248806218578,1.3100519306758003,1.3097593138127541,0.7828098786575952,0.7768793858710348
,-0.022,-0.077,-9.931,-0.067,-0.074,-9.904,2.66,1.33,0.84,-0.04382510673592171,-0.0509266373436818,-0.05848228423582006,-0.062115435497382056,-9.929129955621306,-9.92434965529019,-0.057622761985677194,-0.05849291020309512,-0.0543395937066138,-0.060571543415988034,-9.922663115058162,-9.919794486923696,2.742365670078431,2.750127066672734,1.3109748097239924,1.3106444904005563,0.7832437957839302,0.7796398105581122
16052.0,-0.043,-0.041,-9.923,-0.029,-0.041,-9.95,2.73,1.26,0.77,-0.04312687723127913,-0.05057998537093163,-0.05776322545303094,-0.06119200390170283,-9.928896868563337,-9.924290631438259,-0.05789410525548407,-0.057203110372376735,-0.054280596406874396,-0.05971563014018694,-9.92198631075075,-9.921115450686997,2.7432670847782505,2.7492468589547236,1.3132712840152705,1.3084296782746712,0.783807133609272,0.7792182371718173
,-0.065,-0.077,-9.89,-0.065,-0.034,-9.947,2.73,1.4,0.91,-0.04264330789420953,-0.051210609215762544,-0.05728246579897384,-0.06188332769956394,-9.928685220243327,-9.922791015078946,-0.058193224435002106,-0.05754408814814004,-0.05439974683111685,-0.05859102035521738,-9.92113847521784,-9.922247447736193,2.745142926355541,2.748405144954623,1.3170149672437081,1.3124342808943124,0.7846628104266209,0.7849376556488429
,-0.038,-0.045,-9.952,-0.084,-0.072,-9.899,2.8,1.33,0.77,-0.04239466488143814,-0.0506328757397223,-0.05705244604908095,-0.061144976921058025,-9.928539238902045,-9.924068398136338,-0.05851158969253853,-0.05870107233156078,-0.05467426743053693,-0.05917742907368056,-9.92017755595625,-9.921230777833214,2.747780945418477,2.75066151893892,1.3221716340013105,1.3132024743812536,0.7859938428508777,0.7842843940481893
,-0.081,-0.048,-9.933,-0.06,-0.038,-9.923,2.73,1.4,0.77,-0.042395927315189784,-0.05196090717034725,-0.05706173972553189,-0.060570113711872306,-9.928487913333763,-9.924458999758642,-0.05884295333594632,-0.05875787773582002,-0.05507431408335526,-0.05825128634153957,-9.919176373549863,-9.921308150409725,2.7508770219160965,2.749757938266606,1.32859154260689,1.3169983505114458,0.7879705887207108,0.7836597012356321
16127.0,-0.031,-0.038,-9.907,-0.05,-0.055,-9.923,2.73,1.19,0.77,-0.042656331683131675,-0.0510442334906783,-0.05727508886245995,-0.05958306534518342,-9.928542400134193,-9.923695473379652,-0.05918497418661988,-0.05837487351062399,-0.05556394397448024,-0.05810909933645742,-9.918218062682856,-9.921382139287056,2.754059085549331,2.7488938734708253,1.3360090605399364,1.3114443902591957,0.7907129386691664,0.7830623278255462
,-0.038,-0.034,-9.933,-0.065,-0.048,-9.947,2.73,1.33,0.7,-0.043177559787100465,-0.05047377604743955,-0.05763642015836574,-0.058464252955214145,-9.928695804978684,-9.924102383948233,-0.05953994030247423,-0.058664607109839575,-0.05610310842085833,-0.057667002760599356,-9.917389742463806,-9.922502473366785,2.7569181562697858,2.7480675964219863,1.3440508970210407,1.3122558741764407,0.7942542386609277,0.7794298013766229
,-0.036,-0.069,-9.923,-0.057,-0.077,-9.89,2.73,1.26,0.7,-0.043950845954151614,-0.049840801079310305,-0.058075140863324055,-0.058925007918399504,-9.928925089714568,-9.924054173899783,-0.05991442586678673,-0.05859180961533331,-0.056650709495858424,-0.058512483806550546,-9.916774934750695,-9.921081057699165,2.7590441834589523,2.7472774545659915,1.3522552180072318,1.3099705921475504,0.7985147378158856,0.7759561345304529
,-0.026,-0.065,-9.935,-0.045,-0.029,-9.907,2.87,1.33,0.77,-0.044953906587289164,-0.04879818232841277,-0.058515288192970784,-0.05919068274345089,-9.929194676736403,-9.924532862661046,-0.06031802815031175,-0.05799740527814541,-0.05716846950372145,-0.057221827972465646,-9.916445503824368,-9.920465257301318,2.760063967064864,2.7526444230081055,1.3601033474711501,1.3108465289974436,0.803291400471773,0.7756956576478322
16203.0,-0.067,-0.06,-9.943,-0.084,-0.057,-9.899,2.73,1.4,0.77,-0.04614881342890039,-0.049594194020372406,-0.058886237167864265,-0.059226076241525726,-9.929461097932162,-9.925340477455572,-0.06076141277722349,-0.05913456475272877,-0.05762513290337074,-0.05721212687212104,-9.916454180465541,-9.919526527110133,2.7596775812950938,2.7516541249072586,1.367063176344993,1.31474543659982,0.8082679685280655,0.7754465720805072
,-0.019,-0.093,-9.962,-0.057,-0.105,-9.921,2.8,1.54,0.84,-0.04748170598886318,-0.04825623225272361,-0.05913303024797997,-0.060703095662342416,-9.929677845940226,-9.926943691436371,-0.06125380929683664,-0.05904121481751492,-0.058000357373595386,-0.059302011873169844,-9.916828849999872,-9.919590965820007,2.7576891004761,2.753768412750715,1.3726397747857417,1.3245963904643727,0.8130448438904501,0.7782696573518315
,-0.055,-0.055,-9.921,-0.077,-0.062,-9.907,2.73,1.33,0.98,-0.0488847872172571,-0.04855115433531714,-0.0592242418132737,-0.06045368481176153,-9.92979965358005,-9.926683758721841,-0.061799999262531054,-0.05982659808178992,-0.0582875414185467,-0.05942000174277927,-9.917569476496435,-9.919040330922623,2.7540278041198825,2.752728959725184,1.376425759568533,1.324832704026389,0.817183906511649,0.7870918373268363
,-0.048,-0.11,-9.876,-0.069,-0.038,-9.943,2.8,1.4,0.77,-0.050280598857001896,-0.04852705095713247,-0.05915565570507853,-0.06262047094790217,-9.92978587826174,-9.924467229292585,-0.06239688380234325,-0.06022777423428696,-0.05849489622393913,-0.05848325069204967,-9.918647898953525,-9.920088148072821,2.748757329151515,2.754796242313592,1.3781432248595904,1.3281199606909464,0.8202602723899375,0.7863443678930296
16279.0,-0.031,-0.057,-9.923,-0.048,-0.043,-9.916,2.8,1.47,0.84,-0.05158818708110152,-0.04776054852648632,-0.0589488176458904,-0.06237467348582599,-9.929603314984815,-9.92440306363107,-0.06302999030422561,-0.059693022626906074,-0.05864448392422,-0.05780612883516762,-9.920010121967357,-9.919909362979864,2.74207173173651,2.756773117386627,1.3776708059429197,1.334324734971374,0.8219123072426653,0.7886908648894974
,-0.084,-0.041,-9.931,-0.043,-0.055,-9.909,2.73,1.4,0.84,-0.05273040038564199,-0.049345391733005756,-0.058644627687439506,-0.061439904754838404,-9.929229075454066,-9.924691564404759,-0.06367069588420363,-0.058962994372315544,-0.05876955654930168,-0.057683409697868206,-9.921580409787058,-9.919432268843416,2.7342787648532325,2.755602260999947,1.375052537725583,1.337196881027256,0.8218828821731097,0.7909347436157441
,-0.065,-0.024,-9.974,-0.043,-0.077,-9.95,2.66,1.33,0.84,-0.05364122044488378,-0.05003000749163008,-0.05829337932626877,-0.05980256267898476,-9.928653732150545,-9.926847947462441,-0.06427526583412636,-0.05826489210646965,-0.058910838419243015,-0.058528173226803724,-9.923266515746596,-9.920769073322855,2.7257721456577286,2.7514213314407785,1.3704882446460618,1.3368821431507043,0.8200475429753507,0.7930804918292224
,-0.05,-0.05,-9.943,-0.074,-0.072,-9.902,2.66,1.33,0.91,-0.054271837302740523,-0.0500286951878473,-0.0579436310263343,-0.059373871729299046,-9.927884010369986,-9.927554317721777,-0.06478674290053053,-0.058953028318110105,-0.05911217365297109,-0.05911733040972939,-9.924965579031625,-9.91994825410129,2.7169962679704907,2.7474232445444917,1.3643078935306636,1.336581169560454,0.8164275069977998,0.7981936787208473
16355.0,-0.093,-0.048,-9.928,-0.05,-0.067,-9.931,2.73,1.33,0.77,-0.05459431522056284,-0.05190793942962591,-0.0576325386351402,-0.05887646344608655,-9.926943747614134,-9.927573808539165,-0.06514015830850035,-0.05856148966256221,-0.05941556964566767,-0.05946205956101106,-9.926570412980618,-9.920431575004217,2.7084079797989444,2.7466612818317824,1.3569345638530455,1.3362933583093244,0.811186975883193,0.7969606975809373
,-0.038,-0.045,-9.899,-0.067,-0.041,-9.919,2.73,1.33,0.77,-0.054602213631598874,-0.05129970993316579,-0.057379657362237706,-0.05826961047428815,-9.925872172057163,-9.926324203357343,-0.06527066042628396,-0.05893052714071517,-0.059855603613467166,-0.0586546668306048,-9.927976017596984,-9.92036896859524,2.7004398018114704,2.7459326416827365,1.3488418018727948,1.3360181337748136,0.8046158580382874,0.7957816378361893
,-0.045,-0.067,-9.935,-0.084,-0.084,-9.943,2.73,1.33,0.77,-0.05430829107562711,-0.05102420762602083,-0.057185115142096204,-0.05865141257027753,-9.92471950789483,-9.926703617967972,-0.06512332925654032,-0.060026878827525304,-0.06045352311530905,-0.059763082589045446,-9.929086154380778,-9.921358681047277,2.69346747996618,2.745235866817056,1.340510675955908,1.3357549455078523,0.7971008549211273,0.7946541413671135
,-0.045,-0.048,-9.931,-0.072,-0.031,-9.923,2.66,1.4,0.77,-0.05374018244645929,-0.05076075373412791,-0.05703197901800956,-0.058185599260046336,-9.923540760945148,-9.926891509660567,-0.06466290367916103,-0.0605504938100782,-0.061211866338931706,-0.05850519997255158,-9.929819715271021,-9.921430460091555,2.6877833326381224,2.741508285990521,1.3323903353352349,1.3385645448263952,0.789089234961418,0.793575953180772
16430.0,-0.012,-0.062,-9.926,-0.077,-0.024,-9.933,2.66,1.33,0.84,-0.05293542805470733,-0.04906564757944447,-0.056891856519809304,-0.05835241268723291,-9.922388838442211,-9.92685252168002,-0.06388146907125301,-0.06126987247271471,-0.062110726471287014,-0.05699619998655399,-9.930116474439606,-9.921936425440943,2.6835765457269285,2.7379437217359675,1.324864304938732,1.3381899955401024,0.7810497017287086,0.7956061945952804
,-0.091,-0.074,-9.895,-0.103,-0.081,-9.943,2.59,1.26,0.77,-0.05193721477838657,-0.05089954326084246,-0.056732323276820824,-0.05903672140170623,-9.921308085861414,-9.92545953004956,-0.06280236827955406,-0.06309483688110659,-0.06310672467999297,-0.05804594709461286,-9.929941754768913,-9.92285758902614,2.6809221854557994,2.7314737672303973,1.3182239429135072,1.3347705485504016,0.7734337507391548,0.7944863707044909
,-0.022,-0.072,-9.911,-0.069,-0.081,-9.911,2.66,1.33,0.77,-0.05079164810784169,-0.04963569287276649,-0.05652460028075075,-0.05960363848199758,-9.920329240028384,-9.92482717809508,-0.061479219078107473,-0.06335308465450921,-0.06413527454584064,-0.05904978609686096,-9.929289605152565,-9.922339026557625,2.679781082156127,2.728348037953776,1.3126506664057656,1.3345619203522898,0.7666398547574855,0.7934155195551105
,-0.065,-0.065,-9.916,-0.045,-0.072,-9.919,2.73,1.26,0.77,-0.049546594101501154,-0.05030761302562175,-0.0562500158825069,-0.059839635069804095,-9.919466727657658,-9.924441143189256,-0.05998990374424029,-0.06255045767339629,-0.06511593134068511,-0.05961613182486856,-9.928184209867613,-9.922193002450165,2.6800118947751326,2.728420282447551,1.3082091599775065,1.3313011383003943,0.7609825819158978,0.7923914994448402
16506.0,-0.081,-0.029,-9.916,-0.029,-0.043,-9.95,2.66,1.19,0.63,-0.04825150486159489,-0.05164986902041129,-0.05590420833322922,-0.058490939542013363,-9.918718944659265,-9.924071990569809,-0.05842659659269914,-0.06108321099174711,-0.0659599466394284,-0.058889466200237876,-9.9266793408495,-9.92340907304088,2.681394595141017,2.7254280898117327,1.3048538957390503,1.3251216808306114,0.7566692772238913,0.7852897069444831
,-0.022,-0.079,-9.909,-0.048,-0.086,-9.952,2.73,1.26,0.7,-0.046957400336044786,-0.05035320498217293,-0.05549866611737954,-0.05938785281794118,-9.918071568411538,-9.923412854162054,-0.056883950145280124,-0.06051104896344254,-0.06657898028052618,-0.06007507866319336,-9.924855640458615,-9.92465942685466,2.683662315287861,2.725628031050026,1.3024503333816173,1.322273744416978,0.7537874126438275,0.7815597715525032
,-0.041,-0.05,-9.931,-0.031,-0.05,-9.909,2.59,1.26,0.77,-0.04571633030412133,-0.049944165585260034,-0.05505979367697038,-0.058977298183216856,-9.917503297451349,-9.923744659309461,-0.055447981970804056,-0.05922045587868912,-0.06689414579940213,-0.05963446989773837,-9.922815474271573,-9.923974600366964,2.686537105438648,2.719696672961443,1.3008099606298236,1.3195503554921786,0.7523051521772678,0.7810542333981166
,-0.057,-0.06,-9.916,-0.062,-0.069,-9.921,2.8,1.4,0.84,-0.04458002526085793,-0.0502527351354007,-0.05462600991865624,-0.05902202352978587,-9.916992904970538,-9.923405965698098,-0.054187779646277905,-0.05934201239896648,-0.0668447719630588,-0.06004404830343998,-9.920675286491667,-9.923844513541916,2.68976488148456,2.7232085413022475,1.2997349455860594,1.32306862266734,0.7520856071125229,0.7836320814050146
16582.0,-0.043,-0.041,-9.938,-0.048,-0.062,-9.928,2.73,1.47,0.7,-0.04359778818090211,-0.0499355546169145,-0.05424349843497355,-0.058233874692053336,-9.91652621349457,-9.92404419986497,-0.053151139741473105,-0.0588459974051441,-0.06639625812418136,-0.06012958703629963,-9.91855592569675,-9.9240262435134,2.6931450732828743,2.7235055490311684,1.2990643544353153,1.3294943047823247,0.7529123479819816,0.779974638185746
,-0.053,-0.031,-9.95,-0.036,-0.077,-9.904,2.73,1.4,0.77,-0.042813799306953816,-0.050069570592589034,-0.053961304016521654,-0.05704286821877801,-9.91610158326957,-9.925179312893484,-0.05236416353244986,-0.05784688394421974,-0.06554625999135572,-0.060867373020622235,-9.916572017294687,-9.923150445048085,2.696550831975934,2.7237895678581516,1.298711388424024,1.3325776978123856,0.7545215695376573,0.7795384219373371
,-0.05,-0.069,-9.88,-0.079,-0.101,-9.892,2.73,1.33,0.77,-0.042264021091245114,-0.05006652809397068,-0.053826486055428405,-0.057565783944662476,-9.915732824931546,-9.923203506853296,-0.05183398118105602,-0.05877196340636949,-0.06432828692592979,-0.06262247467481065,-9.914821825688742,-9.921788157010955,2.699936553136934,2.724061165820851,1.2986817920645046,1.332464968543583,0.7566358254438693,0.779121282532803
,-0.007,-0.067,-9.909,-0.062,-0.069,-9.897,2.73,1.33,0.84,-0.04197302359607976,-0.04818311949635458,-0.053879836275534033,-0.05797836616145088,-9.915449099564809,-9.922582351443102,-0.051553246289240386,-0.058913133640956246,-0.06281177628959342,-0.0629013800465826,-9.9133790964829,-9.92070410798031,2.7033314171626857,2.7243208861151924,1.2990679801493172,1.3323571692118674,0.758994909488794,0.7817836633878228
16657.0,-0.026,-0.057,-9.916,-0.069,-0.045,-9.919,2.66,1.26,0.77,-0.04195129423078084,-0.047212995369092306,-0.054152276717677465,-0.05793557972563528,-9.915292116977875,-9.922294488505244,-0.051504823117334085,-0.05935425791227375,-0.06109804835668461,-0.06211850725462315,-9.912288100020577,-9.920629583012465,2.706820320330298,2.7215079704872758,1.3000199781000392,1.3291928065240872,0.7613803398126228,0.78126833387513
,-0.081,-0.053,-9.938,-0.077,-0.065,-9.899,2.66,1.19,0.77,-0.04219369065302735,-0.04869058684966618,-0.05466177255601018,-0.057719734295300196,-9.915311372946489,-9.922981330391236,-0.051665249817242465,-0.06012595100735732,-0.0593122950099742,-0.06224452224702675,-9.91156248690793,-9.919683666440791,2.710516095213344,2.7188180708003338,1.3017003994863101,1.323105551754867,0.7636309856543098,0.7807755410301873
,-0.019,-0.048,-9.902,-0.043,-0.019,-9.921,2.66,1.26,0.7,-0.04267942833920191,-0.047392142117392594,-0.0554106626094515,-0.05729466564109226,-9.915558117360163,-9.922063763552273,-0.0520061793425745,-0.05937698969570414,-0.05759261581832417,-0.06035332951326065,-9.911187740358884,-9.919741233048839,2.714528508027224,2.7162458072549924,1.3042344520380293,1.320345785783645,0.7656490473336103,0.7772430215728168
,-0.045,-0.065,-9.928,-0.01,-0.084,-9.928,2.73,1.19,0.77,-0.043373500120153584,-0.04728752767016374,-0.05638362334275094,-0.05763163947254224,-9.91607852808509,-9.922323370241225,-0.05249396002452895,-0.05721760859318359,-0.05607761934438728,-0.06138745844054594,-9.911126267048573,-9.920102409892433,2.71893564440415,2.7168473130186492,1.3076666494485194,1.3146454336895017,0.7673975162706242,0.7769262658530802
16733.0,-0.074,-0.045,-9.926,-0.043,-0.05,-9.933,2.73,1.26,0.77,-0.044229072387184334,-0.048455731894563224,-0.05754674639936502,-0.0570792258130835,-9.916906558430702,-9.922484158593674,-0.05308845373232262,-0.05659583647810819,-0.05489404710500423,-0.060889455975960856,-9.911323750802339,-9.920666454248275,2.723761884723206,2.7174225134083434,1.311933689922013,1.3122556501572258,0.7688914295203569,0.7766233626650498
,-0.043,-0.038,-9.914,-0.048,-0.055,-9.909,2.73,1.33,0.84,-0.04519036566816634,-0.04821713888947844,-0.05884827131458363,-0.0562448428358021,-9.918057167530408,-9.922113124801399,-0.053742611612185034,-0.05621991872845245,-0.054145462181530095,-0.060631895115791146,-9.911715403632542,-9.92015625058879,2.728964415733287,2.7179725588248544,1.3168586390975197,1.3130316556197528,0.7701851740692882,0.7793949838968378
,-0.043,-0.041,-9.883,-0.069,-0.057,-9.909,2.8,1.4,0.77,-0.04619572905681763,-0.047988980162172616,-0.060221380681002,-0.05557814715967037,-9.919520961727263,-9.920402608565452,-0.05440395180454509,-0.056778824124600114,-0.05390266703426988,-0.0604730631228384,-9.912231193265121,-9.919668359430482,2.7344282543839507,2.7215598270535035,1.3221663571137867,1.3168350020880075,0.7713573469838851,0.7789841174019312
,-0.012,-0.098,-9.885,-0.043,-0.048,-9.89,2.73,1.33,0.7,-0.047180979848091886,-0.04641509070191774,-0.061589112003593426,-0.05743336247194132,-9.921261498744439,-9.918854362623621,-0.055018150677922886,-0.05617624116818703,-0.05419639947516031,-0.059927584409697116,-9.912799847622994,-9.918370886759673,2.739968853301388,2.721928937241771,1.327515489866591,1.31741074086595,0.7724943227018332,0.7755299414473401
16809.0,-0.017,-0.081,-9.933,-0.091,-0.038,-9.904,2.66,1.33,0.77,-0.048083448787809784,-0.04512869411553015,-0.0628708617910526,-0.05846399135478042,-9.923216384530592,-9.919472987254688,-0.055534069071358556,-0.05769917254175945,-0.05501292423910122,-0.058968635480448325,-9.913352072703011,-9.917742411401282,2.7453415898132456,2.7192206276100337,1.3325396196684522,1.3179613011256242,0.7736741776241789,0.775288103070132
,-0.084,-0.062,-9.921,-0.026,-0.055,-9.943,2.66,1.4,0.7,-0.048847180332045756,-0.04682863499638386,-0.06398941169103187,-0.05861862998896797,-9.925302569079207,-9.919539767398351,-0.05590911216025539,-0.05631288725839053,-0.05629317418147294,-0.058795076976536166,-9.913823621015128,-9.918846989866907,2.7502582652191263,2.716630759233517,1.3368898026927178,1.321549061682038,0.7749532823290236,0.7719955632045757
,-0.065,-0.05,-9.971,-0.065,-0.065,-9.909,2.73,1.33,0.84,-0.049429142171525046,-0.04762331491586922,-0.06487732386019156,-0.058241715421221175,-9.927425039809032,-9.921790254001445,-0.05611386714939715,-0.0566927967507533,-0.057935947081123366,-0.05906643401150398,-9.914158578009825,-9.918416356003515,2.75441107565925,2.717215430069955,1.3402719606584588,1.3219186426673277,0.7763576132679232,0.7749695698544053
,-0.053,-0.072,-9.954,-0.072,-0.026,-9.904,2.87,1.4,0.84,-0.04980540812339031,-0.047858451003274044,-0.06548202604679616,-0.05884340013115601,-9.929487013620724,-9.923198867958167,-0.056135230090192986,-0.05736221960606642,-0.05980531455819718,-0.05762035491327989,-9.914312824790604,-9.917785892159667,2.757503270735809,2.72389708715551,1.342474312342287,1.3253333386324404,0.7778794200154991,0.7778135156439437
16885.0,-0.074,-0.031,-9.911,-0.053,-0.048,-9.902,2.8,1.47,0.77,-0.04997576915909104,-0.0490016873010319,-0.06576950568877822,-0.057625737563152854,-9.931399372636774,-9.92266538049562,-0.055977480748947,-0.05717144866923055,-0.06174193664770614,-0.057199632371721536,-9.914257454809558,-9.917095535023153,2.7592829869872166,2.7272252607208873,1.3433817658036344,1.3316599789693062,0.7794782363993134,0.7774718107702817
,-0.017,-0.103,-9.945,-0.101,-0.101,-9.909,2.8,1.26,0.77,-0.04996546568035642,-0.04760217227930849,-0.06572677110617704,-0.05961006924174969,-9.933087638660774,-9.923642130102815,-0.05566094592930966,-0.05908818247738227,-0.06357745313606586,-0.0591151336350192,-9.913981971473028,-9.916741496726134,2.7595742380351074,2.7304078848077067,1.3429761921129313,1.3285261061806457,0.7810845884449042,0.7771450495181603
,-0.093,-0.086,-9.926,-0.024,-0.074,-9.923,2.8,1.26,0.7,-0.04982346387660286,-0.04958753452758814,-0.06536304702574407,-0.0607641679044543,-9.934495830810171,-9.923745245738854,-0.05521817816865129,-0.057553687186551614,-0.0651505266801205,-0.05976608662628427,-9.913497057368108,-9.917015196961465,2.7582986510989427,2.7334513246641414,1.3413240531996273,1.3255292856043464,0.7826055050862503,0.7737713006705869
,-0.031,-0.041,-9.947,-0.041,-0.057,-9.926,2.8,1.26,0.77,-0.04961743176238397,-0.048774654458376185,-0.06470937997101973,-0.05989983067079676,-9.93558747561404,-9.924762235174716,-0.054688118493574946,-0.0568297524244698,-0.0663225917481652,-0.05964511863642618,-9.912836409799324,-9.917408125206197,2.7554835773900037,2.7363616671699043,1.3385555164060063,1.3226635235992559,0.7839321456267769,0.7736063721188429
16960.0,-0.038,-0.074,-9.923,-0.053,-0.084,-9.94,2.73,1.4,0.84,-0.04942607410983051,-0.04830345146752981,-0.06381632975196937,-0.060516466868739585,-9.936344513166073,-9.924685168157104,-0.05410936813995778,-0.0566622676291492,-0.0669912486272667,-0.06071021942314357,-9.912056781592462,-9.918396125240239,2.7512554933716538,2.736083455315519,1.3348405738651405,1.3260456440303405,0.7849501469562753,0.7765099340058249
,-0.062,-0.055,-9.923,-0.019,-0.091,-9.914,2.73,1.4,0.84,-0.04932980357217709,-0.04890243630344306,-0.06274979441733232,-0.06027521776905878,-9.936764971164116,-9.924611471475806,-0.05351407346548489,-0.05501520106033544,-0.0670996313404911,-0.06203486841815608,-9.911235305963874,-9.918203871523952,2.7458208834386086,2.7358174103717645,1.3303667379353759,1.3292798557494858,0.7855522414269995,0.7792865157608186
,-0.048,-0.072,-9.938,-0.098,-0.089,-9.907,2.66,1.33,0.77,-0.049400905971565406,-0.04886297047306554,-0.06158544830956558,-0.06078797225929183,-9.93686024911541,-9.925196985814852,-0.05292374906467081,-0.05689503543456486,-0.06664072170958495,-0.06321412207301952,-9.910463614264266,-9.917713897781264,2.7394393541649538,2.7325017225542654,1.3253204778765943,1.3293113494856417,0.7856512778339987,0.7788803928528457
,-0.034,-0.045,-9.911,-0.034,-0.036,-9.885,2.66,1.19,0.7,-0.04969437932457384,-0.048212975044736484,-0.06040247129705331,-0.060097524154740824,-9.936652673238484,-9.924576115586223,-0.05234775053482575,-0.055893777416131246,-0.06565630674989655,-0.062023979431916426,-9.909839060232683,-9.916283235987299,2.732395077787691,2.7293310381818747,1.319872893182553,1.3232189105317922,0.7851913379338545,0.7754307530360901
17036.0,-0.043,-0.074,-9.962,-0.026,-0.053,-9.94,2.73,1.33,0.84,-0.05024052954330883,-0.047984998412931114,-0.0592772402058368,-0.060705514714787315,-9.93617358633977,-9.926212757051895,-0.05178447443063131,-0.05458644664458838,-0.06423111669065437,-0.061629337904052894,-9.909454169625777,-9.917320430282407,2.7249723321872117,2.729360293580336,1.3141702212260054,1.323515464787983,0.78415540312384,0.7782545301143833
,-0.043,-0.034,-9.976,-0.045,-0.038,-9.866,2.73,1.33,0.84,-0.051040248654295635,-0.04776699177795161,-0.058277599276294036,-0.059537614764555775,-9.935461702976694,-9.928390079570567,-0.05122499794952941,-0.054167206997695796,-0.06248348132971779,-0.06059596697460712,-9.909385868682923,-9.915076057589621,2.7174388604356188,2.7293882695659577,1.3083304575026515,1.3237990499737498,0.7825689110659733,0.7809548162529052
,-0.062,-0.069,-9.914,-0.041,-0.089,-9.919,2.73,1.33,0.84,-0.05206362779846021,-0.048389437357889115,-0.0574582625991867,-0.0599514288910975,-9.934561059577232,-9.927760764861835,-0.05065865261745452,-0.053591371610827845,-0.06055417969788873,-0.06183814744223775,-9.909686026494695,-9.915247661552126,2.7100377681063113,2.7294150220907114,1.3024469962186216,1.324070233259464,0.7804987184421343,0.783537012023933
,-0.031,-0.053,-9.945,-0.081,-0.041,-9.921,2.73,1.19,0.7,-0.053252123779750346,-0.047628953119269006,-0.056857780272142756,-0.05964742525953838,-9.933517951293734,-9.9285146803761,-0.05007961925539335,-0.05479002050688916,-0.058594831989017625,-0.06092684235710374,-9.910374547587047,-9.91549922591472,2.7029860091305262,2.7294406046596467,1.2965988084987665,1.3182070016227205,0.7780470564111786,0.779883726430032
17112.0,-0.065,-0.026,-9.916,-0.103,-0.077,-9.89,2.73,1.33,0.77,-0.05452401580279722,-0.0483886330956389,-0.056497301393246095,-0.058175937939195704,-9.932376837482675,-9.92796738163483,-0.04949300800079499,-0.05689836529080343,-0.05675651828801052,-0.06162976234242078,-9.911435846537698,-9.914384080035871,2.6964761974618705,2.7294650684379014,1.2908654546998097,1.318722739378199,0.7753410566810749,0.7794514859834795
,-0.06,-0.093,-9.921,-0.062,-0.062,-9.899,2.73,1.26,0.7,-0.05578249032687774,-0.048896427645736616,-0.056381107977741894,-0.05969888257374165,-9.931175943361758,-9.927662680349291,-0.048918512504018234,-0.05712147272709901,-0.055178818808842546,-0.061645953775032306,-9.912819129600722,-9.913711295163528,2.690678673043933,2.7294884623530318,1.2853445708530749,1.3161546449179458,0.7725200737649565,0.7759768708144055
,-0.048,-0.05,-9.909,-0.01,-0.074,-9.914,2.59,1.33,0.77,-0.0569254004926814,-0.04885722458921353,-0.05649859569790661,-0.05927472581824941,-9.929943697685601,-9.92684651396254,-0.04839014420174076,-0.05506073110722891,-0.05397939747570922,-0.06218622757710618,-9.914442551108921,-9.913723920958903,2.685741975115126,2.723388277803892,1.2801687565294841,1.3167601374420166,0.7697239352166719,0.7757154870814487
,-0.079,-0.041,-9.94,-0.06,-0.029,-9.919,2.66,1.26,0.84,-0.057855560742313,-0.05017544467514226,-0.05682710342020792,-0.058475525667959466,-9.928697034020038,-9.927421749296986,-0.04795178833255274,-0.05527673787420777,-0.053244543434688145,-0.06073490960216321,-9.916200932961958,-9.913954657288658,2.6817914648496,2.7206161475048476,1.2755177980175045,1.3142778725464832,0.7670845560206097,0.778526812017143
17188.0,-0.06,-0.093,-9.923,-0.05,-0.005,-9.931,2.8,1.54,0.7,-0.05849039429432992,-0.05060509741906016,-0.05733486987745922,-0.05998536857062532,-9.927442065175306,-9.92722837497565,-0.047649730474571696,-0.05504597273200814,-0.05302158077478368,-0.058297480522600004,-9.91797624258702,-9.914700093394902,2.6789269886233766,2.72408780488979,1.2716215419246437,1.324149274173996,0.7647215976567763,0.7750926351878951
,-0.053,-0.072,-9.926,-0.029,-0.048,-9.909,2.59,1.26,0.77,-0.05876987459073578,-0.05070983258836736,-0.057983484422860866,-0.06051079890208593,-9.926176971275332,-9.927174655019744,-0.04752413217895764,-0.05390691622692604,-0.053314452427594715,-0.05784714555926767,-9.919649537625519,-9.914450813841098,2.6772206079726626,2.7182238048010468,1.2687493588056002,1.3213438635719035,0.7627412743962911,0.7748699213235112
,-0.062,-0.041,-9.919,-0.012,-0.067,-9.943,2.66,1.26,0.84,-0.058661966761592355,-0.051203580269285495,-0.05872946634245528,-0.05965754213807732,-9.924896388612696,-9.926817156604429,-0.04760153154751832,-0.05207422039992206,-0.05408364199847462,-0.058247423118414986,-9.921112840119964,-9.915699342223727,2.6767148839350203,2.7156775300163942,1.2671847010572026,1.3186611406969548,0.7612367332796036,0.7777182249962626
,-0.091,-0.05,-9.959,-0.019,-0.065,-9.935,2.66,0.98,0.7,-0.058165104074599044,-0.052943978727030216,-0.059525051738826495,-0.059235193304779075,-9.923596283681688,-9.92822459404203,-0.047890104301834054,-0.050627800783166754,-0.05525074347670643,-0.058542730446813754,-9.92227947273979,-9.916543408982863,2.677421828037795,2.713242610291774,1.2671877623939432,1.3038506293254468,0.7602884678733887,0.77431940973003
17263.0,-0.041,-0.041,-9.938,-0.077,-0.072,-9.885,2.73,1.4,0.77,-0.05730755126284932,-0.0524216382175945,-0.06031880933513624,-0.05843772201165618,-9.922278228189533,-9.928652097359368,-0.04837875460349567,-0.051781124000553805,-0.056706858308165776,-0.059131251005554976,-9.92309167869314,-9.915163935635329,2.6793224827855786,2.713975453482226,1.2689539366840878,1.3080554853795197,0.7599635467954792,0.7741305109777458
,-0.043,-0.057,-9.904,-0.06,-0.053,-9.969,2.73,1.19,0.84,-0.05614384296016898,-0.052009606061579346,-0.061057023741088526,-0.05837484677843964,-9.920952177278318,-9.927573998562673,-0.04904004410526348,-0.05214055631156623,-0.058323291128603696,-0.058863115834946196,-9.9235247406782,-9.917518323392452,2.682366624367896,2.7146762475796424,1.2725777540801133,1.3028926193208865,0.7603129382849961,0.7770111509419053
,-0.069,-0.06,-9.907,-0.06,-0.055,-9.945,2.73,1.19,0.7,-0.0547488897799264,-0.05275263911849729,-0.06168658344552926,-0.058445918854258046,-9.919637370562624,-9.926674245378582,-0.049835780305574236,-0.05248426973520179,-0.05996301966279214,-0.05869417197299269,-9.923587203864757,-9.918720166872536,2.6864714853521234,2.7153463941722182,1.2780300392247623,1.2979555385008952,0.7613668375193525,0.773643257818972
,-0.034,-0.079,-9.911,-0.057,-0.067,-9.904,2.66,1.33,0.77,-0.05321068159378629,-0.051932538606408084,-0.06215948035442412,-0.05934480099914608,-9.918361671222462,-9.925988770839218,-0.0507233636207897,-0.052681754082829685,-0.06149185240693197,-0.059057406916897454,-9.923317158302986,-9.918076416608164,2.691518636231882,2.7129259558586503,1.2851519330668149,1.2993569241468823,0.763128553519678,0.773483928906165
17339.0,-0.06,-0.036,-9.907,-0.086,-0.055,-9.94,2.66,1.33,0.77,-0.05162259349074461,-0.052285349172341636,-0.062438336576270716,-0.05832387359084674,-9.917160101755695,-9.925158343687563,-0.05166105761740947,-0.05413884555491125,-0.06278861577500472,-0.058879966212723726,-9.922774995502028,-9.919035190562745,2.697349639901574,2.7106113694567995,1.293665502502632,1.3006970236411632,0.7655681829441858,0.7733315678511704
,-0.034,-0.096,-9.923,-0.045,-0.079,-9.897,2.59,1.26,0.77,-0.05007613237066325,-0.05148568443580993,-0.06250192464989442,-0.05997154623929049,-9.916073234096672,-9.925063953839167,-0.05261100033096307,-0.053739180639902344,-0.06375390932367954,-0.05975986636480001,-9.922033728131627,-9.918071535743266,2.7037629950585225,2.705336728099374,1.303197789947245,1.2989172394882382,0.7686178399453901,0.7731858699318781
,-0.05,-0.081,-9.931,-0.034,-0.086,-9.88,2.73,1.4,0.7,-0.048654703710189984,-0.05142071168403288,-0.06234950613899479,-0.060891173902822476,-9.915145590311921,-9.92532355220639,-0.053539664947346445,-0.05287593616275365,-0.06431699865774423,-0.06090741401905472,-9.921168612959852,-9.916406570840898,2.710515827689262,2.706415315587124,1.3133133837610595,1.3033378452032662,0.772170352932646,0.7699852660579612
,-0.072,-0.06,-9.926,-0.06,-0.036,-9.928,2.8,1.4,0.77,-0.047428702222720845,-0.05232069620246308,-0.06200293193883473,-0.06085220060581361,-9.914423699595101,-9.925353134985562,-0.05441636334055121,-0.053187489558740406,-0.06444048081044813,-0.059818149576713046,-9.920248038906303,-9.916913580927861,2.7173329014920906,2.710508011400536,1.323550087720178,1.3075651266087007,0.7760830509248183,0.7699859104106486
17414.0,-0.01,-0.067,-9.926,-0.022,-0.048,-9.928,2.66,1.26,0.77,-0.04645196690467412,-0.05046990472675142,-0.06150584523047072,-0.0611210594794652,-9.913953267056076,-9.925381424034706,-0.05521101770187625,-0.05182358147112242,-0.06412259132325172,-0.059301311895437074,-9.919327229039482,-9.91739841817668,2.723923227282536,2.708299167847773,1.3334530182320277,1.305484982878376,0.780187577552937,0.7699865265841572
,-0.081,-0.034,-9.897,-0.053,-0.06,-9.919,2.73,1.33,0.77,-0.04575947216840142,-0.05180506329347426,-0.060919997024122687,-0.059934986701816954,-9.913775164111364,-9.924140232315631,-0.05589255556386884,-0.05187502923972007,-0.06339731758562096,-0.059331867299864255,-9.918445404105084,-9.917468459415417,2.730002349726748,2.7092482003251934,1.3426041493509633,1.3065570868082965,0.7843054668616275,0.7699871158108342
,-0.05,-0.077,-9.907,-0.065,-0.086,-9.909,2.73,1.33,0.84,-0.045366106878021534,-0.05172612329351065,-0.060319380159333705,-0.060681283052758016,-9.91392052211233,-9.923390646446114,-0.056428879323000634,-0.052449017528709445,-0.06233252474257914,-0.060498132439701105,-9.917626116086463,-9.917098112188059,2.7353174030661354,2.7101557292032643,1.350646352559281,1.3075823049118336,0.7882676184819434,0.7730489569636212
,-0.029,-0.045,-9.923,-0.077,-0.079,-9.919,2.73,1.33,0.77,-0.04526649653061315,-0.050732252231787574,-0.0597832676899781,-0.059995500738038506,-9.9144057756182,-9.923373562485372,-0.05678864519018771,-0.053522694314668516,-0.06102595580257704,-0.06130726607496853,-9.916879910120599,-9.917181286570004,2.7396719498055777,2.711023569539742,1.3573023237217305,1.3085626876251941,0.7919343801536737,0.7729156183358471
17490.0,-0.019,-0.055,-9.89,-0.031,-0.086,-9.928,2.87,1.47,0.91,-0.045436022033084736,-0.04934452028960117,-0.05938920503772675,-0.05977703480972198,-9.915228758264908,-9.921914051879343,-0.05694440358310101,-0.05253771971859318,-0.05959857679785368,-0.06238714201183472,-9.916208335967152,-9.917654416371523,2.7429475165754296,2.7179760124042756,1.3623887500986884,1.3156227511027818,0.7952122337666909,0.7789106663337213
,-0.043,-0.041,-9.883,-0.069,-0.067,-9.945,2.73,1.33,0.84,-0.04583338946278191,-0.04906705831181853,-0.059206722213863215,-0.05895586741212723,-9.916366832149972,-9.920212241607622,-0.05687630189563752,-0.05325765702467726,-0.05818482433054496,-0.06258887400136347,-9.91560835533205,-9.91885030816016,2.745118513825607,2.7185018519046413,1.3658251201029792,1.3162515046935983,0.7980633473757908,0.7815822579697747
,-0.05,-0.079,-9.962,-0.074,-0.034,-9.871,2.73,1.4,0.77,-0.046405049028532035,-0.049107858220108366,-0.05929216961103712,-0.05983244821207896,-9.91777762112203,-9.92203972636004,-0.056575565845616294,-0.05416477233727414,-0.05692006214311309,-0.061338609968636174,-9.915076286604926,-9.916757692716658,2.74625762829078,2.7190046951088163,1.3676359221915442,1.3199140389882904,0.8005056101902007,0.7810757364272792
,-0.069,-0.089,-9.907,-0.048,-0.031,-9.94,2.8,1.4,0.77,-0.04709128106020345,-0.049977792076199526,-0.0596846832286188,-0.06110801929338175,-9.919402298379234,-9.92138200094808,-0.0560471401718239,-0.05389517119373562,-0.05592666123040731,-0.06001182554036808,-9.914610691741863,-9.917774137814586,2.7465302775781377,2.722546825397697,1.3679453773574477,1.323416401360959,0.8026031281419721,0.7805913663576384
17566.0,-0.06,-0.057,-9.95,-0.05,-0.017,-9.911,2.73,1.19,0.7,-0.047833117104925126,-0.05041608867000887,-0.060402964306690794,-0.06092836518150522,-9.92117071619814,-9.922633538693201,-0.05531104118583775,-0.05372482546956996,-0.055301007129862266,-0.05813080922428306,-9.91421399219847,-9.917477887571854,2.7461788032567154,2.7228727716428853,1.36696506780623,1.3175817634528848,0.8044498235814662,0.7770669013262245
,-0.036,-0.05,-9.892,-0.065,-0.065,-9.923,2.66,1.47,0.84,-0.04857892954776737,-0.04978563651733368,-0.06144257507936388,-0.06045044003054287,-9.92300730539193,-9.921293856283134,-0.05440218844153252,-0.05421791747373379,-0.05510388393104123,-0.058431216374295734,-9.913892869919982,-9.91771938356618,2.7454988394072757,2.720123185736871,1.3649759689644976,1.3242473998496695,0.8061504312429734,0.7798191254864396
,-0.05,-0.048,-9.933,-0.036,-0.045,-9.904,2.73,1.4,0.84,-0.04928972324466103,-0.04979501117659081,-0.06277390597085315,-0.05990595068265622,-9.92483680316629,-9.921805795663833,-0.05336871614046977,-0.05342120169655708,-0.05535593495961382,-0.057843835187203194,-9.913657594069488,-9.917119400096276,2.7448112530737943,2.720555123896818,1.3623066082597755,1.3275602533516653,0.8078028532564365,0.7824509878976277
,-0.043,-0.038,-9.933,-0.086,-0.069,-9.923,2.73,1.33,0.77,-0.04994266813879076,-0.049497848088752294,-0.06434152825281805,-0.05894794785120799,-9.92658924195774,-9.92229534663586,-0.052268896951790114,-0.05484595524740798,-0.05603860737600591,-0.058331722594309625,-9.913520482016093,-9.917376573657926,2.7444330481572186,2.720968172304559,1.3593082649642545,1.327666949665876,0.8094839348546129,0.7819064745901226
17642.0,-0.05,-0.072,-9.94,-0.043,-0.053,-9.878,2.87,1.47,0.91,-0.0505328118850839,-0.04951980846654011,-0.06606580337190471,-0.05951874722421363,-9.9282038693133,-9.923069616070606,-0.05116684125688499,-0.05432790155356802,-0.057099762019057664,-0.058098552830721635,-9.913493844047169,-9.91565453613472,2.744649535976216,2.727485712445886,1.3563272474708816,1.333891535268395,0.8112387182547112,0.7875083296207744
,-0.053,-0.101,-9.935,-0.053,-0.065,-9.926,2.87,1.4,0.84,-0.05107299305327715,-0.04967200607673908,-0.0678471838216182,-0.061332827707955714,-9.929631713050972,-9.92359136204503,-0.05012721544002292,-0.054269829047762105,-0.05846239050832185,-0.05840037063470737,-9.913587847140217,-9.916106969531434,2.745688450365115,2.7337182240121045,1.3536745170461877,1.3367826262469626,0.8130723453775786,0.7898039236161796
,-0.084,-0.069,-9.911,-0.019,-0.093,-9.945,2.59,1.19,0.7,-0.05159183410372821,-0.05117325639236492,-0.06957290329404409,-0.06166813261534763,-9.930836592209923,-9.923040709819722,-0.04920946326308433,-0.05272738989130025,-0.060034660164666666,-0.05991350025775784,-9.913808609481595,-9.917370535098572,2.7476960149672043,2.727433061248394,1.3515945406103531,1.3303634493945593,0.8149442373062613,0.7858765700698404
,-0.062,-0.057,-9.935,-0.043,-0.06,-9.907,2.66,1.26,0.77,-0.05212958221988476,-0.051646737373936304,-0.07112525068175396,-0.06146398332605796,-9.931794636677546,-9.923563719937876,-0.04846230534786652,-0.05230198643844555,-0.06171964797804217,-0.05991728311106505,-9.914156543660527,-9.916917005273184,2.7507163633926934,2.7244840423016687,1.3502375284300323,1.3272862771354332,0.8167654558435389,0.7851822473581291
17718.0,-0.038,-0.029,-9.957,-0.065,-0.045,-9.902,2.73,1.33,0.84,-0.052731734481357165,-0.051049930906431,-0.07239065583390715,-0.06004425092562508,-9.932492663242778,-9.925025973342745,-0.047919349026485855,-0.052857302805306934,-0.06342354137074165,-0.05926491245320404,-9.914624777621448,-9.91626464676588,2.754678202433955,2.724725269134035,1.349640756518173,1.3274049551250664,0.818401219814158,0.7875795668356225
,-0.055,-0.108,-9.907,-0.065,-0.074,-9.928,2.73,1.47,0.84,-0.053440924752713184,-0.051222677455114295,-0.07326911607362682,-0.062141477567965966,-9.932925870756902,-9.924237651769666,-0.04759631526726942,-0.05338833377777893,-0.0650617104157986,-0.059909315236537454,-9.915197636951056,-9.916777863552916,2.7593936206607634,2.7249559465046693,1.349723977259591,1.3336409984139264,0.819680274739538,0.7898720454467871
,-0.017,-0.086,-9.94,-0.026,-0.074,-9.897,2.73,1.26,0.84,-0.05428824702572598,-0.049726032895985595,-0.07368350437921922,-0.0631848713186036,-9.933095307584171,-9.924926979270383,-0.04748991725237855,-0.052190572416591564,-0.06656266624851659,-0.06052553665034394,-9.915849540638172,-9.915912927373785,2.7645720046331212,2.725176535768313,1.3503009094990632,1.3304204906161492,0.820411119179324,0.7920642681488453
,-0.091,-0.069,-9.911,-0.062,-0.05,-9.897,2.8,1.26,0.77,-0.05528562314548949,-0.05153104825110793,-0.0735878870108477,-0.06343918165750272,-9.933005577289395,-9.924317917113354,-0.047578212438284403,-0.05261956358597423,-0.06787025123887092,-0.06006522821362656,-9.916544892761028,-9.915085817049402,2.769848235108411,2.7284487557979817,1.3511054209032851,1.3273408237996043,0.8204032711439727,0.7910993416927129
17793.0,-0.031,-0.098,-9.94,-0.002,-0.069,-9.904,2.87,1.4,0.77,-0.0564207501153525,-0.050633173393171076,-0.07297360548628953,-0.06495061397600485,-9.932663239039348,-9.92500373440684,-0.04782239421449076,-0.05040584157296744,-0.06894445001426218,-0.060455968464697536,-9.917239458182728,-9.914601006128565,2.774820771061438,2.734639151033735,1.3518290167043938,1.3305183940196352,0.8194909583097401,0.790176613919966
,-0.014,-0.057,-9.94,-0.06,-0.091,-9.964,2.87,1.33,0.91,-0.05765572644477424,-0.04903111172764483,-0.07187198748782457,-0.0646029134442587,-9.932076166627786,-9.925659559169139,-0.0481701702697935,-0.05082541847568261,-0.0697611395619614,-0.06179173649953709,-9.91788330384084,-9.916761349529548,2.7790931114027586,2.740558824571555,1.3521651841799098,1.330495723333217,0.8175565616566008,0.7954167947640355
,-0.074,-0.084,-9.952,-0.065,-0.057,-9.938,2.73,1.47,0.84,-0.05892991863453457,-0.050123064595135276,-0.07035307442785818,-0.0654511972787037,-9.931253779000892,-9.92681149351169,-0.048560733796540384,-0.05144530890781259,-0.07031100506511456,-0.061582181698624255,-9.918424794472394,-9.917690169628779,2.7823119480698213,2.740097060369542,1.351854751245023,1.336596599482442,0.8145509064944507,0.7973665315031448
,-0.057,-0.081,-9.909,-0.079,-0.065,-9.911,2.73,1.4,0.84,-0.060167000968688704,-0.050423810437440264,-0.0685203541214893,-0.06613118589222804,-9.930207795208048,-9.926032551686077,-0.04893085900135602,-0.05265034549665586,-0.07059777685468707,-0.06173165156905019,-9.918814707020456,-9.917397591527966,2.784197185824728,2.7396554902882677,1.3507249081827404,1.3393693911361435,0.8105070093537404,0.7992310013052605
17869.0,-0.074,-0.077,-9.923,-0.014,-0.077,-9.902,2.8,1.4,0.84,-0.06128527803319574,-0.05145485705499587,-0.06650198620663964,-0.06660650672356606,-9.928953207213137,-9.925899930502736,-0.04922121556176011,-0.05096006777446759,-0.07063595616272544,-0.06239937520452651,-9.919009698365096,-9.916724215763773,2.784561978500549,2.7422945088820585,1.348714310206461,1.3420209215721173,0.8055440635454455,0.8010139331099866
,-0.072,-0.036,-9.923,-0.045,-0.072,-9.885,2.87,1.47,0.84,-0.06220956172766504,-0.052353348309676084,-0.06443944973063084,-0.06526800649015094,-9.927509421540202,-9.9257731091804,-0.04938199313016428,-0.050699418881101646,-0.07044825730788903,-0.06281923489794843,-9.918975083340497,-9.915336835276733,2.783323233257965,2.747879394188102,1.3458785566218108,1.3476177715457236,0.7998598949550371,0.8027188927809327
,-0.098,-0.057,-9.935,-0.077,-0.079,-9.902,2.73,1.33,0.77,-0.062882425093016,-0.054349592261785595,-0.06247499106092524,-0.0649064255780626,-9.925901679351789,-9.926176624538336,-0.04937730539001701,-0.05184961005726399,-0.0700629967384131,-0.06352686083061507,-9.918687514693428,-9.914753581614622,2.7805037083320174,2.747097482893545,1.342374008734425,1.3468473016734448,0.7937124524561727,0.8012880125429523
,-0.06,-0.043,-9.926,-0.038,-0.053,-9.964,2.73,1.26,0.7,-0.06327279809365502,-0.05459669893569645,-0.060739580523924495,-0.06394840197823273,-9.924162735224108,-9.926168900298913,-0.04918816540280748,-0.05124393145232595,-0.06951162907587502,-0.063066494484133,-9.91813807703338,-9.916907252502288,2.7762266728185008,2.7463497665647747,1.338422488979052,1.3430492487100245,0.7873933180892372,0.7968584306355696
17945.0,-0.057,-0.045,-9.919,-0.057,-0.065,-9.933,2.8,1.33,0.77,-0.0633805208672645,-0.05470180139200063,-0.05934303427081911,-0.0631197402593447,-9.922334504494419,-9.92585538609064,-0.04881387414599232,-0.051495658941653664,-0.06882666786929854,-0.06315105158853149,-9.917335526076833,-9.917611029201684,2.770704241750924,2.7486960274636223,1.3342638666055404,1.3424785719385126,0.7811980474009151,0.7956838432839463
,-0.072,-0.057,-9.907,-0.057,-0.048,-9.931,2.8,1.26,0.77,-0.06323639651437493,-0.05545829552847916,-0.05836741701779083,-0.06285210848288765,-9.92046923123653,-9.925030792192636,-0.04827166816453424,-0.05173637774886469,-0.06804028937788258,-0.062488457641731304,-9.916308581862983,-9.918196562882498,2.76422085510767,2.7509396804173973,1.3301066648747326,1.3388715746163895,0.7753987236478539,0.7945606236188909
,-0.029,-0.069,-9.935,-0.034,-0.079,-9.892,2.73,1.12,0.77,-0.06289815685874368,-0.054301207100828974,-0.05786398816367603,-0.06312097138530864,-9.918629725144791,-9.925466770956813,-0.04759465015744182,-0.05096072092624158,-0.0671838175904247,-0.06321054930348798,-9.915106043933136,-9.917050920687863,2.7571132990594274,2.750023935037519,1.326087617896642,1.3292997650545226,0.7702231200713806,0.7934865252010733
,-0.084,-0.096,-9.938,-0.034,-0.084,-9.919,2.8,1.26,0.7,-0.062443258049346126,-0.055600010704478404,-0.05785310086894578,-0.06455885476980289,-9.916888224595503,-9.926014880878382,-0.0468283057449406,-0.05021898554547095,-0.06628793463245476,-0.06411972475631507,-9.913794155650118,-9.917136158873907,2.749748353344424,2.752209515222204,1.322249331653183,1.3262691104117414,0.7658428887552311,0.7893981221391695
18021.0,-0.093,-0.043,-9.94,-0.072,-0.077,-9.907,2.66,1.33,0.7,-0.06195947744051955,-0.057235607175971,-0.05832593316251706,-0.06361603132372416,-9.915323437355466,-9.926626485638693,-0.04602610576560031,-0.05117152459851348,-0.0653830111171471,-0.06468301188920596,-9.91245154329803,-9.916692878915786,2.7424992410000515,2.7481769590483567,1.3185411225661443,1.326432271684272,0.7623712126349874,0.7854885153215441
,-0.067,-0.065,-9.885,-0.05,-0.077,-9.909,2.73,1.4,0.91,-0.06153411456433328,-0.0576626288610056,-0.05924696094866133,-0.06367655578713208,-9.914015502270422,-9.924806053753183,-0.045244712106485736,-0.051120290853913855,-0.06449873699125067,-0.06522166504587526,-9.91116258198985,-9.916356449792481,2.735722562357235,2.7473820344870945,1.3148422267414641,1.3296495751946593,0.7598686854890508,0.7909337186180266
,-0.029,-0.053,-9.897,-0.029,-0.065,-9.928,2.73,1.47,0.77,-0.0612426093647475,-0.056409139341039985,-0.060556629671977266,-0.06320964290020196,-9.91303917585495,-9.923590024437093,-0.044539229026314506,-0.050152914382675565,-0.06366249054990136,-0.06521197107072403,-9.910010078898745,-9.916865651800123,2.7297376728220106,2.7466218739948065,1.3110004014001897,1.3357874555499243,0.7583545795827112,0.7900182339627686
,-0.048,-0.05,-9.923,-0.019,-0.045,-9.899,2.73,1.33,0.77,-0.061137800260664996,-0.05604138633111756,-0.062174358941470484,-0.06263195168359419,-9.912456251428807,-9.923564221170686,-0.043958964338220614,-0.04879051835527573,-0.06289654164949195,-0.06432805026786045,-9.909067997636267,-9.916084341495077,2.7248100080165245,2.745894957250508,1.3068750093040018,1.3355343554273125,0.757819470597007,0.7891427857754362
18096.0,-0.045,-0.043,-9.895,-0.043,-0.031,-9.904,2.73,1.33,0.77,-0.06124155608660686,-0.0555585184783793,-0.06400240082283179,-0.06177339660090477,-9.912308578322007,-9.922315035268825,-0.04354428808119527,-0.048537284288411,-0.06221491496605204,-0.06287053002663494,-9.908394859449075,-9.915555862565485,2.7211388040259825,2.7451998304207104,1.3023737961881094,1.3352923240155552,0.7582353993048424,0.7883056231596546
,-0.031,-0.081,-9.931,-0.053,-0.062,-9.899,2.8,1.33,0.7,-0.061540552849610006,-0.05448451212370014,-0.06593101011573622,-0.06261422477413939,-9.91261285760807,-9.92269485082324,-0.04332510849534643,-0.04873245017505,-0.06162114812644043,-0.06283245953873608,-9.90802851456911,-9.914831832668561,2.7188486578398856,2.7475963809462427,1.297476298458052,1.335060877251829,0.7595615325772749,0.784443794095704
,-0.074,-0.074,-9.897,-0.041,-0.067,-9.885,2.66,1.19,0.77,-0.061987285052597464,-0.05533797394845405,-0.06784496380069187,-0.06311215362747345,-9.913357920137887,-9.921571149770548,-0.043321039358275144,-0.048394290500126814,-0.061108008287381575,-0.06301471666237815,-9.907983040971196,-9.913527210898076,2.717984054304449,2.7437655688446907,1.2922419264828036,1.32871699685363,0.7617454434387358,0.7838121303144331
,-0.079,-0.074,-9.895,-0.055,-0.062,-9.914,2.73,1.33,0.84,-0.06250626283946764,-0.05637277441356832,-0.06963092000366126,-0.06358830678806246,-9.914504801423131,-9.920409125940413,-0.04354274082801743,-0.04868317494510155,-0.0606595379952105,-0.06297034052688152,-9.90824839152348,-9.913547887165675,2.718506539866866,2.7431635655753164,1.2868049779010458,1.328773105838115,0.7647213609994309,0.7862693684882794
18172.0,-0.074,-0.077,-9.911,-0.043,-0.062,-9.923,2.66,1.19,0.7,-0.06300421427294935,-0.057143657735046274,-0.07118473950035635,-0.06417483417770567,-9.915989678283468,-9.91999764097804,-0.043993559100739564,-0.0484346352780542,-0.06025498364129343,-0.06292790507243866,-9.908792984589763,-9.91396125205404,2.720295300905101,2.7395266117426047,1.281361019511295,1.3227042056452993,0.7684068562236935,0.7824965900101257
,-0.057,-0.072,-9.938,-0.074,-0.067,-9.885,2.66,1.26,0.77,-0.06338240622764274,-0.057137375217618594,-0.07241789169763327,-0.06451704854324083,-9.91772943674695,-9.920784929836929,-0.044670601868542485,-0.04955267357483636,-0.059873638471266505,-0.06310598812060413,-9.909568841442361,-9.91269470298379,2.723152724315215,2.736048711133378,1.276149239058228,1.3199619915582628,0.772699168637918,0.7819500824064806
,-0.057,-0.079,-9.923,-0.031,-0.077,-9.931,2.8,1.33,0.77,-0.063549114588005,-0.05713136745062615,-0.07326235251519855,-0.06515042477531131,-9.919629180573622,-9.9208818004781,-0.04556466949765382,-0.04874131806358251,-0.05949952161884729,-0.0637136085299377,-9.910518368219796,-9.913495240090171,2.726816316151429,2.738845463335395,1.2714340934035797,1.320400979148831,0.7774723652672162,0.7814274749676483
,-0.091,-0.069,-9.926,-0.057,-0.06,-9.926,2.8,1.26,0.77,-0.06343063182127738,-0.058612528727286416,-0.07367376073762948,-0.06531877647200551,-9.921590536336364,-9.921105632335705,-0.04665891473236045,-0.049102491189265775,-0.05912498879436011,-0.06355120300195541,-9.911581622046644,-9.914042104984269,2.7309770341811115,2.7415199064640823,1.2674876637006869,1.3177594910032084,0.7825765782583085,0.7809277224787514
18247.0,-0.055,-0.079,-9.931,-0.024,-0.043,-9.914,2.66,1.33,0.77,-0.06297961485025012,-0.05845454367566441,-0.07363289562251193,-0.06591709110657062,-9.923519467762032,-9.921538338150445,-0.047926644236826625,-0.0480046955270688,-0.058752719877714535,-0.0626524467256013,-9.91270287522502,-9.914040263626424,2.735302491451319,2.7379548340167212,1.264572455362787,1.3182947995340808,0.7878401975957467,0.780449825434812
,-0.108,-0.055,-9.938,-0.048,-0.041,-9.914,2.66,1.26,0.84,-0.06217988811511809,-0.06062129225150631,-0.07314573959068442,-0.06543965899952432,-9.92533256126327,-9.922258248410934,-0.04932913320861942,-0.04800449017975052,-0.05839597282765416,-0.06170553026571302,-9.913835465635584,-9.914038502795831,2.739462765578334,2.734545671237394,1.2629237379813165,1.3157454199695329,0.7930750972835581,0.7830541057362305
,-0.062,-0.081,-9.911,-0.031,-0.089,-9.919,2.73,1.26,0.84,-0.06104719789236396,-0.06068158664118748,-0.07224248607453768,-0.066120152211287,-9.926961205463922,-9.921765896628942,-0.05081448643131206,-0.04726084065841601,-0.058077335717829845,-0.0628991867140053,-9.914944303771634,-9.914255481663295,2.7431568478836295,2.7343468774950295,1.2627311730393964,1.313307531244924,0.7980841771190438,0.7855444942491214
,-0.029,-0.072,-9.926,-0.091,-0.069,-9.928,2.87,1.12,0.77,-0.059626076690572,-0.059296070433892255,-0.07097582291605473,-0.06637729288103805,-9.92835356232037,-9.921951064717598,-0.05231835918474553,-0.04917366512795973,-0.05782625058120188,-0.06316599076587177,-9.916005898986324,-9.914856564340518,2.7461378435032424,2.7402793328966317,1.2641209259572928,1.3048537021938285,0.8026701483861596,0.7848646940560223
18323.0,-0.01,-0.053,-9.959,-0.01,-0.069,-9.931,2.8,1.33,0.7,-0.05798385796853566,-0.0571402281361037,-0.06941867715256983,-0.06579226990519006,-9.929474600363665,-9.923571308705949,-0.05376688113866285,-0.04746050130985148,-0.05767543517834697,-0.06342112679926999,-9.917006205754523,-9.9155625577619,2.748233968941684,2.7428910692695387,1.2671406824993805,1.3059534136305855,0.8066448318446511,0.7811533455565469
,-0.067,-0.081,-9.909,-0.043,-0.007,-9.887,2.8,1.33,0.84,-0.056203542592289726,-0.057571420988670685,-0.06766141875407486,-0.06645734254694778,-9.930304671193026,-9.922934068387077,-0.055081660143167586,-0.0472654322646217,-0.057656373786354485,-0.06095368769971997,-9.917936956716929,-9.914313444605128,2.749361204986292,2.745388587780985,1.2717500111068325,1.3070050318946036,0.8098389505735281,0.7837268591371612
,-0.065,-0.072,-9.902,-0.065,-0.057,-9.892,2.8,1.4,0.91,-0.0543771210154515,-0.05789629160622963,-0.06580835562324203,-0.06669973702736519,-9.93083720703954,-9.922018568435531,-0.05618639435506966,-0.04804100993076035,-0.05779442543949363,-0.06078078290020389,-9.918791510445617,-9.91333762103003,2.749524035062699,2.747776883467993,1.2778172900322742,1.3110719379168994,0.812112537813959,0.7892491041305382
,-0.074,-0.069,-9.935,-0.096,-0.072,-9.916,2.66,1.12,0.84,-0.052600056265799465,-0.05860054765343525,-0.06397323726239595,-0.06680033336635925,-9.931076172060447,-9.922586279391114,-0.05701424688166647,-0.05013837831003392,-0.058104421930398525,-0.061271427743878566,-9.919561470939016,-9.913454053620816,2.748803522624268,2.7439381775329608,1.285123311468845,1.3027158770370757,0.813365187761524,0.791468569637688
18399.0,-0.05,-0.072,-9.952,-0.089,-0.067,-9.935,2.66,1.12,0.7,-0.05096659163256311,-0.058224423872123184,-0.06227347982605703,-0.0670277279875641,-9.931033798893345,-9.923872616059855,-0.057514684159375475,-0.05183789567647872,-0.058587452239464766,-0.061521952750577556,-9.920235125983695,-9.914396312550204,2.7473357043465807,2.740267347952994,1.2933721020354423,1.2947252479113263,0.8135444461458783,0.7874684168951365
,-0.05,-0.067,-9.957,-0.043,-0.091,-9.935,2.73,1.33,0.84,-0.04956510108052973,-0.05786474893855536,-0.06082301711544908,-0.06702651537228062,-9.930728759127751,-9.925321360653179,-0.05765832063781228,-0.05145139206361274,-0.05922897576265118,-0.06281110258660226,-9.920798037159436,-9.915297364104694,2.7452859687630995,2.739818330763422,1.302210764925897,1.2962679023648642,0.8126509118455113,0.7897657563753518
,-0.067,-0.069,-9.899,-0.043,-0.024,-9.899,2.8,1.33,0.84,-0.04847297506321057,-0.058264256657240374,-0.059724070786251825,-0.06711282086472709,-9.930184503499966,-9.924170260735233,-0.05743887019898229,-0.051081791234873976,-0.05999805457003999,-0.061113794548789936,-9.921235305045572,-9.914584639001657,2.7428254679345794,2.742450227929865,1.3112597341204963,1.297743092623132,0.8107397424736262,0.7919626273683179
,-0.019,-0.002,-9.931,-0.014,-0.045,-9.933,2.66,1.33,0.84,-0.04775112697749309,-0.056547131041590745,-0.05905861573269624,-0.06426527191989277,-9.929427495784674,-9.924468942570524,-0.056872389343520034,-0.04946011037231695,-0.060847687380535365,-0.06040909740842168,-9.921534620370855,-9.915389989485373,2.7401137742634987,2.7388444701631913,1.3201515208051444,1.299153769066646,0.8079188264288107,0.7940634236160207
18475.0,-0.062,-0.074,-9.94,-0.072,-0.065,-9.923,2.73,1.47,0.77,-0.04743872207419814,-0.056785598843209974,-0.05888071688890169,-0.06469099629037194,-9.9284854562374,-9.925148155137391,-0.05599484402987341,-0.05044583696308058,-0.06171668818576896,-0.06060986923272407,-9.92168924530104,-9.915722794563134,2.737289368955008,2.738457679031332,1.3285716755696138,1.3066253084372699,0.8043435937140407,0.7930110690164671
,-0.029,-0.069,-9.89,-0.089,-0.05,-9.931,2.8,1.47,0.84,-0.04754901904045284,-0.055570464072256846,-0.059210980842590195,-0.06487943996096839,-9.927386082664654,-9.923611037089898,-0.054859043655615176,-0.05213190838214611,-0.06253371980132348,-0.06014587271810156,-9.921700233632114,-9.916390905537963,2.7344675254794315,2.741149080952024,1.3362931675999667,1.3137700984247684,0.8002082699407259,0.7950660142494348
,-0.026,-0.045,-9.928,-0.026,-0.045,-9.943,2.73,1.33,0.77,-0.048067244181074976,-0.05427727261397017,-0.06003396411419163,-0.06401006158766222,-9.926156714637203,-9.923802977579307,-0.053531312998968676,-0.05098909369293646,-0.06322371581076004,-0.059483505256451796,-9.921577305630633,-9.91755458878578,2.7317439631651146,2.740661503340131,1.3431960680953159,1.31447987322014,0.7957339074008296,0.7939698138164131
,-0.065,-0.069,-9.954,-0.079,-0.084,-9.921,2.66,1.26,0.77,-0.04895118386963216,-0.05474620470212634,-0.06129874348962442,-0.06422828426135593,-9.92482509338211,-9.925123570024684,-0.05208761929830248,-0.05221408173122525,-0.06371621984914722,-0.060555673806529854,-9.921337958651698,-9.91770526536433,2.729201990157347,2.7371339710404308,1.349268004923593,1.3120973300674632,0.7911543137152176,0.7929215530110242
18550.0,-0.05,-0.072,-9.902,-0.072,-0.084,-9.919,2.73,1.33,0.7,-0.0501347208987429,-0.054538641122296415,-0.06292238734336615,-0.06456816111905044,-9.923420915575841,-9.924112317608492,-0.050608758541208006,-0.053079370163527664,-0.06395447073916521,-0.06158095370422097,-9.921004784929824,-9.917761887396622,2.7269207009735483,2.736821984377299,1.3545858664308357,1.3128802592694098,0.7867014502595068,0.788857857617169
,-0.038,-0.041,-9.962,-0.014,-0.096,-9.909,2.8,1.47,0.91,-0.05153398170553936,-0.0538153643627988,-0.06479590485753409,-0.06353746560570964,-9.921977486954885,-9.925769242137077,-0.04917458026730815,-0.05137033010358111,-0.06390358591854506,-0.0630861859712328,-9.920601556509148,-9.91737870781878,2.7249819212345616,2.739584919377411,1.3592833806319953,1.3197515043788717,0.7825917062331108,0.7941557110220131
,-0.069,-0.077,-9.892,-0.043,-0.055,-9.887,2.87,1.4,0.84,-0.053055305234114336,-0.054479427025300176,-0.06679224348949742,-0.06412621640931711,-9.920532685173399,-9.924292427455448,-0.04785777583805381,-0.051004274320129724,-0.06355616593918828,-0.06273255653198681,-9.920149191658261,-9.916050169809738,2.7234735108131214,2.7452883019107657,1.3635108820536357,1.3232609748026032,0.7790136536297613,0.7961605981544129
,-0.034,-0.05,-9.916,-0.041,-0.041,-9.911,2.66,1.33,0.7,-0.05460400709770773,-0.053583809694608,-0.06877588780099432,-0.06350844110644058,-9.919128695276338,-9.923929778552555,-0.046718201864554144,-0.05056676200833322,-0.06293421566180421,-0.061782136666907135,-9.919662932294603,-9.915829313064139,2.722486676185127,2.741558427964477,1.3673935425399155,1.3235556894814515,0.7761170458127514,0.7919552510941449
18626.0,-0.091,-0.081,-9.952,-0.05,-0.067,-9.921,2.66,1.19,0.77,-0.056092825240776835,-0.055220114677388375,-0.07061348395454532,-0.06427339137905032,-9.917810369795845,-9.925157360592504,-0.0457988185643876,-0.05054197606698759,-0.06208723336290764,-0.06201032707597121,-9.919151736885022,-9.916055440329595,2.7221062527882496,2.737991670874117,1.3709945908717283,1.3177149601502862,0.7740029776497136,0.7909950922305535
,-0.072,-0.084,-9.899,-0.031,-0.079,-9.931,2.73,1.26,0.7,-0.0574489071463951,-0.055953941658162414,-0.0721846517844875,-0.06513608604989624,-9.916622343805788,-9.924013432813524,-0.0451240033749513,-0.04968735584641483,-0.06108710865395567,-0.06275332860109951,-9.918620079975717,-9.916709003860637,2.7223956545378396,2.737642174819994,1.3742910065417424,1.3151909384339098,0.7727164161739816,0.787015645856935
,-0.067,-0.096,-9.916,-0.036,-0.067,-9.952,2.73,1.33,0.77,-0.058618316430081016,-0.05643701382978933,-0.07339186973538626,-0.06648584335475423,-9.915605185254481,-9.923662985054548,-0.04470046827664837,-0.049088773029998346,-0.06002074745764036,-0.06293904632151774,-9.918071397120055,-9.918252368707748,2.723380726407344,2.737307963115511,1.377168947089736,1.3158385762888893,0.7722434113209926,0.7862715084695185
,-0.041,-0.05,-9.911,-0.05,-0.038,-9.923,2.66,1.26,0.77,-0.05956746776288724,-0.05576191402826588,-0.07416824325728515,-0.06576487557565798,-9.91479102850401,-9.923109200573219,-0.0445205245905418,-0.04912862329853952,-0.05898130668247258,-0.061848398518290985,-9.9175118160106,-9.918459994675985,2.725037487489721,2.73392708964277,1.3794428307777056,1.3133966136019586,0.7725149102095523,0.7855599140990412
18702.0,-0.053,-0.089,-9.911,-0.048,-0.045,-9.887,2.59,1.47,0.77,-0.06028162501161431,-0.05564112851671124,-0.07448222521061067,-0.06678100654892796,-9.914199343012362,-9.922579634493035,-0.04456703322395483,-0.0490792657366924,-0.058058970311640264,-0.06111157528154964,-9.916952894800758,-9.917084169247838,2.72728783435657,2.727632792654827,1.380895815498168,1.3202452772256965,0.7734173534136729,0.784879439556762
,-0.084,-0.081,-9.923,-0.057,-0.053,-9.928,2.73,1.61,0.84,-0.06076129564907321,-0.056881333955463416,-0.07433883274756585,-0.06740283922735428,-9.913833576833136,-9.922598018143749,-0.04481900932126053,-0.04942565955275287,-0.05733236361166379,-0.060756835503312914,-9.916412743987534,-9.917561546236387,2.730005548028813,2.72773631664117,1.3813325554585263,1.3329169867928625,0.7748082196300055,0.7872900015880845
,-0.029,-0.093,-9.885,-0.079,-0.055,-9.911,2.87,1.68,0.77,-0.06101768279458557,-0.055662012445028566,-0.07377734294090375,-0.06852226804614758,-9.913679324580569,-9.920953761368029,-0.0452566203014534,-0.050719020534758026,-0.056861664183343416,-0.060505074473068195,-9.915915649306195,-9.917274593163032,2.733032485574362,2.733957868649772,1.3806301945936796,1.3480958080281025,0.7765333576860821,0.7865338659280949
,-0.055,-0.065,-9.909,-0.017,-0.065,-9.938,2.73,1.33,0.77,-0.06106830339611786,-0.05563306096029372,-0.07286577040435512,-0.06836823032323786,-9.913704490157695,-9.920430993038869,-0.045864403544129476,-0.049244402171285916,-0.056684060292463194,-0.06070164897669651,-9.915490677924627,-9.918180967815307,2.7362016337706754,2.7337847810066966,1.378772994454941,1.3473044324069572,0.7784426936100514,0.7858107979999616
18778.0,-0.062,-0.041,-9.916,-0.084,-0.057,-9.873,2.8,1.33,0.91,-0.06093364898393515,-0.05591150336692828,-0.07169278093595881,-0.06717134813715005,-9.91386166775528,-9.920237214465235,-0.046631998744666975,-0.05076435269116661,-0.0568116387405362,-0.0605397664703367,-9.915169724508468,-9.916205089401187,2.7393610470766725,2.736680540620123,1.375861143303168,1.346547665650626,0.7804016206157113,0.7912419070568047
,-0.05,-0.079,-9.94,-0.014,-0.06,-9.94,2.8,1.26,0.7,-0.06063542444102517,-0.05565297831838442,-0.0703581024823035,-0.06768864511005876,-9.914092575124428,-9.921101491244357,-0.04755239862447768,-0.04915655422194133,-0.057231377022872315,-0.06051616111239564,-9.914985342556811,-9.917245701244878,2.742392286282269,2.73944966131479,1.3720935293879186,1.3427627165311073,0.7822966936371001,0.7872516668442966
,-0.06,-0.062,-9.895,-0.031,-0.057,-9.895,2.8,1.26,0.77,-0.060196416792025725,-0.055843084611404234,-0.06896270105447339,-0.06743986621881186,-9.914333904008616,-9.919960006773797,-0.04861838942397514,-0.04836252201553567,-0.05790679727301524,-0.0603623904612013,-9.914968649938782,-9.91627284025889,2.745219017173692,2.7420976813320865,1.367732965880254,1.3391432928446512,0.7840358505005912,0.7864972076599653
,-0.105,-0.086,-9.943,-0.084,-0.053,-9.945,2.66,1.26,0.77,-0.059641516781046434,-0.05799284130581791,-0.06759978487745437,-0.06825154798382714,-9.914523667844694,-9.920967604164433,-0.049818223865183954,-0.04992103939327365,-0.05878092763202794,-0.0600404144369586,-9.915147482309845,-9.917529151878053,2.7478047198604307,2.7385073413230705,1.363066292038857,1.3356821557438843,0.7855450125407251,0.785775742890954
18854.0,-0.041,-0.062,-9.909,-0.036,-0.074,-9.902,2.73,1.4,0.77,-0.058999059215532494,-0.057249701219311055,-0.06634725348350054,-0.06797815192098552,-9.914607208899808,-9.920444230454647,-0.05113154944052923,-0.049312237002149054,-0.05978035391472696,-0.06065090254993631,-9.915544766759274,-9.916850022645788,2.7501418085010134,2.738135293691189,1.3583701290962553,1.3384949383435818,0.7867640090787539,0.7850858296077246
,-0.038,-0.067,-9.89,-0.05,-0.048,-9.907,2.66,1.4,0.77,-0.05830165011610823,-0.056407862919764754,-0.06526189711438816,-0.06793537485444932,-9.914542380133291,-9.919112826974409,-0.05252634561744536,-0.049342314623926416,-0.060820232620411904,-0.060097646467203954,-9.91617697061278,-9.916419256151277,2.752236967759667,2.7347182389522016,1.3538879743799392,1.3411847108199664,0.7876447414627451,0.7844260879837106
,-0.06,-0.048,-9.921,-0.048,-0.041,-9.928,2.73,1.4,0.7,-0.05758599882635553,-0.05656495619289716,-0.06437565170360751,-0.06706355030626092,-9.91430380258991,-9.919195357841392,-0.053957393578783604,-0.049283611797966254,-0.06181016874056913,-0.05926245790795717,-9.917052545796441,-9.916925711477417,2.7540982617260084,2.7345118983856067,1.3498187373946902,1.3437568527179908,0.7881534642678506,0.7807339208411758
,-0.079,-0.043,-9.902,-0.045,-0.062,-9.931,2.73,1.4,0.84,-0.0568916572455863,-0.05754609760977648,-0.0636943702344622,-0.06601119016622158,-9.913886297484202,-9.918443361192699,-0.05536673318714433,-0.049096278580123956,-0.06266083362702651,-0.05938217757287279,-9.918170416406255,-9.917541215841988,2.755728155744266,2.734314581615783,1.346313158132339,1.3462165083214512,0.7882775536364818,0.7833257769292998
18929.0,-0.086,-0.048,-9.926,-0.038,-0.103,-9.899,2.87,1.33,0.84,-0.056258662761821794,-0.05879045899132417,-0.06319957923128504,-0.06522351509897813,-9.913307477243423,-9.918773832190215,-0.056686481449241564,-0.04861101014999307,-0.06329102612885226,-0.06128969567113445,-9.919518613894192,-9.916730361406477,2.7571236536165533,2.7402484493981674,1.343473853043061,1.3455073192470663,0.7880354178329629,0.7858042845712825
,-0.034,-0.103,-9.916,-0.062,-0.067,-9.935,2.8,1.26,0.84,-0.05572402364808407,-0.057706309289234634,-0.06285333456481322,-0.06687557667903059,-9.912609129595772,-9.918652525467184,-0.057844095727898406,-0.049196544663986735,-0.06363455478312871,-0.06153942177500154,-9.921073199494078,-9.917529339079517,2.758281679986861,2.74286153638486,1.3413564107438005,1.3417678671166873,0.7874865283422523,0.7881744007824077
,-0.055,-0.048,-9.945,-0.067,-0.048,-9.89,2.73,1.33,0.77,-0.05531721241269998,-0.057587955514070054,-0.06260562616045096,-0.06605009979534315,-9.911856710901123,-9.919804767411376,-0.058769649991211044,-0.04997513495977182,-0.06364610650497636,-0.06094730849105752,-9.922797704075387,-9.916325411198542,2.759206098900593,2.742299068749834,1.339971348226244,1.3412532284150298,0.7867376827213635,0.7873795881006095
,-0.012,-0.062,-9.911,-0.065,-0.062,-9.957,2.73,1.4,0.77,-0.055055416280447696,-0.05559427849474794,-0.06240315422958866,-0.06587297865014408,-9.911136239042559,-9.91941971258164,-0.05940409482639316,-0.050632210448491075,-0.06330547706167322,-0.06099334536299327,-9.924643369322448,-9.918104214218976,2.7599131175704854,2.7417611992523074,1.339288188738535,1.3438223738646908,0.7859422641981884,0.7866195345950124
19005.0,-0.081,-0.067,-9.899,-0.074,-0.041,-9.926,2.73,1.26,0.84,-0.05493977286711549,-0.05670533518841094,-0.06219806039751037,-0.06592226615470874,-9.91054825440825,-9.918526706715154,-0.059707020362589965,-0.05165414320454152,-0.06262005394321975,-0.060118985617308524,-9.926550365189174,-9.918449516974576,2.7604336314316584,2.7412468521532856,1.3392427642202926,1.3401566086731045,0.7852910788552468,0.7889539978530937
,-0.034,-0.084,-9.885,-0.091,-0.069,-9.899,2.8,1.26,0.77,-0.05495374053704175,-0.05571237324329433,-0.061955335768603695,-0.06671285134595854,-9.910199202419312,-9.9170604987232,-0.059662345455059454,-0.05337483740137678,-0.06162578288189926,-0.060507374920653716,-9.928449956734845,-9.91759894022482,2.760812666920145,2.743816276453059,1.339747673142346,1.3366511566988644,0.7849951795362842,0.788125091412393
,-0.062,-0.069,-9.935,-0.053,-0.053,-9.95,2.8,1.47,0.77,-0.05506415730291281,-0.05598734712245963,-0.06165789108210484,-0.06681287416250992,-9.910191244365311,-9.917845038653327,-0.05928068894092831,-0.05335844481029257,-0.060386720328317864,-0.06017905835795717,-9.930267479382678,-9.919015920818643,2.761106380001074,2.746273333305738,1.340704535015437,1.342482840121487,0.7852622526796759,0.787332435154517
,-0.055,-0.06,-9.907,-0.086,-0.091,-9.943,2.8,1.4,0.84,-0.055224836192493396,-0.05594416792642102,-0.06130858484107715,-0.0665149298809521,-9.910611754843782,-9.917370757582965,-0.058597888221134285,-0.054785942879087716,-0.05899281709359286,-0.06152693637469876,-9.931925976011106,-9.920064805484653,2.7613765095486946,2.748622936825029,1.3420154681970329,1.3449982115298642,0.7862688525401851,0.7896357214614383
19080.0,-0.065,-0.029,-9.911,-0.014,-0.091,-9.931,2.73,1.4,0.84,-0.05538205233717,-0.05634020245116215,-0.06092896832733069,-0.0648743067658828,-9.911523593053095,-9.917092148181741,-0.0576700844016322,-0.05300227006216735,-0.05755515734865537,-0.06281586826418975,-9.933350330735067,-9.92054302929972,2.7616820073814212,2.747808508523481,1.3435902341422579,1.3474035793613013,0.7881313876787762,0.7918382792112826
,-0.038,-0.115,-9.911,-0.01,-0.084,-9.902,2.73,1.47,0.7,-0.055481047969625746,-0.05553813884150297,-0.060555052742895694,-0.0670664305747166,-9.912956986462074,-9.91682572307688,-0.0565667261460685,-0.051121671631400564,-0.05619785558461758,-0.06374230412076029,-9.934471713802637,-9.9197320955571,2.762068425672757,2.7470296972389807,1.345345767324592,1.3527650320459492,0.790879472888228,0.7878219581305728
,-0.077,-0.06,-9.878,-0.074,-0.012,-9.938,2.73,1.19,0.7,-0.05547263413295531,-0.056476720510741714,-0.0602307875311995,-0.06675739762760188,-9.914903797629554,-9.915127775647914,-0.05536334141318035,-0.05212219900742874,-0.05504643966473971,-0.061479481814098666,-9.935232221145814,-9.92053099739133,2.762557019552555,2.746284945348958,1.3471972596816697,1.3456469040167358,0.7944361577872511,0.7839812809661241
,-0.079,-0.041,-9.928,-0.062,-0.053,-9.945,2.73,1.26,0.63,-0.05531902445609229,-0.05746172069798732,-0.06000013770551642,-0.06563096124438125,-9.917314936225164,-9.915690710694879,-0.05413563010672588,-0.052554180319559496,-0.05421374718978299,-0.06110865254926553,-9.935589613511118,-9.92160108898979,2.763136311537074,2.7455727633496334,1.349043940400679,1.341901347490044,0.7986102182511099,0.7772472886691193
19156.0,-0.019,-0.031,-9.926,-0.069,-0.041,-9.954,2.8,1.19,0.84,-0.054998177591249295,-0.0557796920170675,-0.05989891864120018,-0.06411646139872249,-9.920101445406656,-9.916141562086247,-0.05295544020434835,-0.0532733977617782,-0.0537855984474564,-0.06022925012761864,-9.935521808126264,-9.923017975612666,2.7637583982989726,2.7479530045714964,1.3507560905727318,1.3352583159638443,0.8031048624041535,0.7799916240329177
,-0.077,-0.038,-9.931,-0.036,-0.002,-9.928,2.8,1.47,0.91,-0.054506197349740916,-0.05670770995275783,-0.05994791220022056,-0.06297432224531,-9.92313927158927,-9.916791359294251,-0.0518881590719281,-0.052517988229261695,-0.053809103706957274,-0.05768273720501208,-9.935030370809159,-9.923235852185957,2.7643408371200158,2.750229151802502,1.3521704076091776,1.3411509118475253,0.8075438339650769,0.7856772203392702
,-0.053,-0.045,-9.926,-0.079,-0.031,-9.947,2.73,1.33,0.91,-0.053857713764882534,-0.05654556238452912,-0.060148808703746365,-0.06218825950583696,-9.926277183800714,-9.91719407652838,-0.050990613347561074,-0.05367611382838938,-0.05428613586442901,-0.056515833373103556,-9.934142089102028,-9.92427511869498,2.764773450979998,2.749344479642625,1.3530978347113685,1.340663254165925,0.8115109080660776,0.7911141710863013
,-0.055,-0.103,-9.904,-0.065,-0.086,-9.935,2.8,1.4,0.91,-0.05308447332954613,-0.056477971018054844,-0.06048383209857381,-0.06397306051795162,-9.929347061675502,-9.916617066068728,-0.050308761007214424,-0.054171336116276184,-0.055173422771361016,-0.05780525082503919,-9.932907948761022,-9.924744144979481,2.764928679926505,2.751559774136521,1.3533431114409993,1.3432582006871445,0.8145949314240833,0.796313350175505
19232.0,-0.036,-0.067,-9.938,-0.024,-0.055,-9.947,2.73,1.4,0.7,-0.05223251450428847,-0.05558241736225557,-0.06091875495255331,-0.06410543626536534,-9.932175827936122,-9.917552196049964,-0.049874935805764194,-0.052851866998195246,-0.056389210555784386,-0.05768257008535151,-9.931399306513088,-9.925717450015854,2.7646743224753116,2.7506169104842018,1.3527314967293034,1.3457396636097385,0.8164322602267474,0.7921013228815947
,-0.053,-0.067,-9.95,-0.012,-0.055,-9.923,2.73,1.33,0.77,-0.05135837767958396,-0.05546948169555654,-0.06140807774436719,-0.0642320228853098,-9.934598364352365,-9.918971220885213,-0.04970493525504649,-0.051065311152198416,-0.05782496709584651,-0.05756525448583454,-9.929701539286954,-9.925598609028434,2.7638880948786357,2.749715280652851,1.3511369610095507,1.3450513281650636,0.8167415812839968,0.791134775927936
,-0.043,-0.038,-9.916,-0.084,-0.112,-9.945,2.73,1.4,0.77,-0.050524816339922125,-0.054924159607321714,-0.0619009514562588,-0.06308482993473687,-9.936470600722373,-9.91884128185348,-0.04979565572718052,-0.05250562869997967,-0.05935966640015666,-0.059945824089372574,-9.927905916319574,-9.92644708110591,2.7624737152029963,2.748853081382806,1.3485071315631418,1.3474543730712072,0.81535009954549,0.7902104985261332
,-0.072,-0.072,-9.943,-0.067,-0.043,-9.861,2.8,1.26,0.84,-0.04979634677064906,-0.05567092945458955,-0.06234687697949977,-0.06347471295278487,-9.937681703590862,-9.919897803924757,-0.050123999588385905,-0.053139504350785155,-0.06087406394983209,-0.05920474018509373,-9.926100896734932,-9.92358491411221,2.760377831097858,2.7510898659700147,1.3448820829143242,1.3436297713345164,0.8122120976607546,0.792387919815871
19308.0,-0.048,-0.057,-9.952,-0.053,-0.062,-9.928,2.8,1.33,0.91,-0.0492347285122791,-0.055335460236942,-0.06270075996382361,-0.06319155731934809,-9.9381641172291,-9.921301714450317,-0.05064739585359724,-0.053133403471394544,-0.06226286890614185,-0.05932698399254619,-9.924364376968494,-9.923777997025747,2.757606084327524,2.7532288302891637,1.3404056837023344,1.3430337068349831,0.8074200798471933,0.7975313946397288
,-0.053,-0.086,-9.981,-0.005,-0.079,-9.928,2.73,1.33,0.84,-0.04889431508950244,-0.05523332463223178,-0.06292709799524644,-0.064189028416838,-9.937900168097729,-9.923912472021067,-0.05130595675990948,-0.0510284075512976,-0.06344352820671298,-0.060187334922359476,-9.922758334016619,-9.923962635933334,2.7542354625329812,2.7522129745744026,1.3353290248616536,1.3424637097491199,0.8012066588235633,0.7993886545583777
,-0.048,-0.065,-9.935,-0.024,-0.079,-9.921,2.8,1.4,0.77,-0.048817319919289295,-0.05491699298432258,-0.06300299144072986,-0.06422449426281511,-9.936924064265876,-9.924397357765194,-0.05202638372895504,-0.04984638667766436,-0.06436115576015737,-0.061010060522017476,-9.921326672908982,-9.92383307234334,2.7504196181311378,2.754302822503279,1.3300051882347401,1.344979917777243,0.7939343439036761,0.7981034140916551
,-0.036,-0.062,-9.931,-0.074,-0.034,-9.919,2.87,1.47,0.84,-0.04902935241757563,-0.054089704860469746,-0.0629196482406795,-0.06412721148183978,-9.93531859351889,-9.924686108070881,-0.052727874659577435,-0.050902685502020956,-0.0649897573009138,-0.05982884201054846,-9.920096132708029,-9.923621709821047,2.7463844041893335,2.7593625537716497,1.3248736784592932,1.350447363335409,0.7860715266959742,0.799935658147604
19383.0,-0.055,-0.05,-9.923,-0.077,-0.069,-9.938,2.73,1.4,0.84,-0.04953588204233693,-0.05412951437769896,-0.062682297960236,-0.06350939266191585,-9.933206727099295,-9.924612370284768,-0.053329868730369,-0.05204398731285966,-0.06533032394018283,-0.06022992003034469,-9.919079340657504,-9.924250508949758,2.7424123105914626,2.7580784547585875,1.3204324782618422,1.3526144259257575,0.7781555439884686,0.8016877735198482
,-0.024,-0.069,-9.933,-0.077,-0.074,-9.907,2.66,1.12,0.63,-0.050320399776460474,-0.05281187423041018,-0.06230882537590016,-0.06374951085867686,-9.930739339178528,-9.924979182624151,-0.05376055439162805,-0.05313537709832409,-0.06540665019419015,-0.060832120582665065,-9.918278807222741,-9.923496100403094,2.7388166583631772,2.753789234960554,1.3171972652968562,1.3424416065900044,0.7707463899731852,0.7941794313556672
,-0.043,-0.045,-9.923,-0.048,-0.062,-9.928,2.66,1.26,0.7,-0.05134490625101001,-0.05238277606294333,-0.06182770901971918,-0.06292954715333067,-9.928080877999916,-9.924892627943857,-0.05396440808595127,-0.052910794021697155,-0.06525979877211022,-0.060883194914238485,-9.917690728822253,-9.923693067365583,2.735909131748629,2.7496875936324416,1.3156508998858627,1.338836225856408,0.7643766962705095,0.7900607257486858
,-0.062,-0.062,-9.902,-0.06,-0.053,-9.94,2.73,1.33,0.77,-0.05255297600734167,-0.05280336167896348,-0.061275850331308175,-0.06288889569666686,-9.925394922646118,-9.923891475211104,-0.053907202055452984,-0.053220822995025896,-0.06494198302168297,-0.06053844278920617,-9.91730771398813,-9.924406210924715,2.733966420503524,2.7488266051860824,1.3161898239332066,1.3384497952690124,0.7595045734102717,0.7891834192876901
19459.0,-0.055,-0.057,-9.914,-0.053,-0.065,-9.928,2.73,1.4,0.77,-0.05387508041153951,-0.05289942624889273,-0.060696649076867976,-0.06263135933893295,-9.922831310859547,-9.923458895890684,-0.053577748159023234,-0.05321116584489585,-0.06451045091554343,-0.06073355801166455,-9.91711987948427,-9.924563376443786,2.733201951083425,2.7480032699500954,1.3190749308011405,1.3411415419666433,0.7564751891005826,0.7883444796652698
,-0.079,-0.05,-9.919,-0.065,-0.081,-9.89,2.73,1.26,0.77,-0.055235254692718345,-0.05404087059514433,-0.06013833799347676,-0.062078957930428065,-9.920516086214562,-9.923263897054511,-0.05298654329095707,-0.053726721488367886,-0.06402183237705372,-0.061619860966029304,-9.917114198978625,-9.92305183225302,2.7337467362863306,2.7472159412540087,1.324392486094885,1.337593016359231,0.7554945919669317,0.78754222900218
,-0.069,-0.108,-9.943,-0.034,-0.045,-9.914,2.73,1.26,0.7,-0.0565578355409033,-0.05469507129765931,-0.05965222702265338,-0.06408720167036006,-9.918544909372807,-9.92412700693627,-0.05216208423206424,-0.05286402188154326,-0.06352729219582709,-0.06089303225658927,-9.917272552876215,-9.922655972650585,2.735640671239244,2.74646304444043,1.332028080188951,1.334199676784537,0.7566166340234379,0.7837137851026063
,-0.05,-0.067,-9.907,-0.024,-0.06,-9.919,2.73,1.4,0.77,-0.057773084336044854,-0.054489743911408504,-0.05929024749334245,-0.06421458573543248,-9.916979917061763,-9.923377999446165,-0.051145932261493644,-0.05160172493355482,-0.06306870756156013,-0.06085397768905276,-9.917569453518638,-9.922496087685914,2.73883357407373,2.745743073715732,1.3416552463031248,1.3370772919523888,0.7597422496209452,0.7831140464677261
19534.0,-0.055,-0.06,-9.909,-0.048,-0.081,-9.909,2.73,1.4,0.77,-0.05882102419531696,-0.05451205870544396,-0.05910124420342614,-0.06403027120252694,-9.915849566291845,-9.922749213031938,-0.049987690889152954,-0.05144421235925805,-0.0626760237305106,-0.06173501438524086,-9.917970604842623,-9.92190586951169,2.743194214085935,2.7450545891384652,1.3527398807605038,1.3398290617041453,0.7646297676981169,0.7825405359257813
,-0.057,-0.019,-9.926,-0.077,-0.036,-9.89,2.8,1.33,0.84,-0.059653493840805774,-0.054620862693875685,-0.059126000602699805,-0.06206098313382616,-9.915150929919347,-9.92289137819815,-0.0487408268360552,-0.05256183182596781,-0.062365901262091655,-0.06060955687802838,-9.918433217912511,-9.920510544845127,2.748525035811973,2.747457491433964,1.3645609433876595,1.3393992118848217,0.7709145424955924,0.7850533841501764
,-0.048,-0.053,-9.897,-0.024,-0.089,-9.923,2.8,1.33,0.77,-0.06023491786213502,-0.05433131556126095,-0.059391797510763504,-0.061664723340144494,-9.914854055261516,-9.92175908250447,-0.047459704350182756,-0.05131275041621693,-0.06214168935715803,-0.06185114302468453,-9.918908530011382,-9.920619415038514,2.7545799394100245,2.7497553087123308,1.3762473231118495,1.3389881604892677,0.7781357608592981,0.7843950614483836
,-0.067,-0.06,-9.904,-0.062,-0.026,-9.935,2.73,1.26,0.7,-0.06054242446704749,-0.05488534929112985,-0.05990782697270319,-0.06159192076259194,-9.914908084087916,-9.92098243274525,-0.04619760658088221,-0.05178013097002071,-0.06199466821570322,-0.060283281532350574,-9.919346404144258,-9.92124831452389,2.7610824679466237,2.748891358913634,1.386830779961521,1.3355338077202041,0.7857683293533583,0.7807042511749992
19610.0,-0.067,-0.062,-9.926,-0.065,-0.072,-9.938,2.73,1.26,0.7,-0.060565770156731064,-0.05541515371958101,-0.060662592733147815,-0.061609767103549956,-9.915248733432742,-9.921201863698357,-0.04500522975124584,-0.0523582694012426,-0.061906424462189545,-0.060795683373745066,-9.919701258263334,-9.921980908253792,2.767742402443875,2.7480651918327643,1.3953148010337395,1.332230522566581,0.7932584227805853,0.7771748494039649
,-0.062,-0.079,-9.928,-0.031,-0.084,-9.907,2.8,1.47,0.91,-0.060307258619864676,-0.05570312576300788,-0.06162371098112817,-0.062370286133090806,-9.915806472804208,-9.921499163455847,-0.04392920761877353,-0.051424218062515514,-0.06185209772038895,-0.061810467043799326,-9.919938082629834,-9.921325755106928,2.7742699071461496,2.7503364328300486,1.4007574995325214,1.3382555315415556,0.8000617053416711,0.7829836304152034
,-0.017,-0.065,-9.911,-0.014,-0.057,-9.919,2.8,1.61,0.91,-0.05978165422151003,-0.05401053982578971,-0.06273984111870816,-0.06248529019600017,-9.916514414598046,-9.921040008385873,-0.04301050059350951,-0.04978756200553773,-0.06180403859342072,-0.06160009310863856,-9.92003722759332,-9.92122404393219,2.780387243943378,2.7525083466929927,1.4023627749062997,1.3501396069685903,0.8056823847975835,0.7885383786872723
,-0.079,-0.043,-9.938,-0.053,-0.067,-9.962,2.8,1.33,0.77,-0.05901601551486313,-0.05510339235476991,-0.06394421674342285,-0.06163314899246236,-9.917314760529191,-9.921781711871974,-0.04228279394688351,-0.04992805007378593,-0.06173528642285749,-0.06183624474462197,-9.919996976481238,-9.923007280000501,2.7858382109516304,2.7545852772493227,1.3995693321726521,1.3492588508316088,0.8097095840476768,0.7877276483277391
19686.0,-0.079,-0.057,-9.938,-0.053,-0.043,-9.914,2.73,1.54,0.77,-0.058049236619502294,-0.056148451668459644,-0.06515937957122653,-0.06143052962580713,-9.91816277228483,-9.922490978781818,-0.04177116828306419,-0.0500623942421817,-0.061622384474191085,-0.06101248794627005,-9.919833382472005,-9.922613368781164,2.790395267561389,2.7535101006656633,1.3921246203321167,1.3576004454797554,0.811846857257124,0.7869523732648613
,-0.096,-0.077,-9.916,-0.06,-0.089,-9.909,2.8,1.47,0.84,-0.05693077611664834,-0.05789126103986203,-0.06630291713842347,-0.06211142208825732,-9.919027650415115,-9.922207111802386,-0.04149109859567379,-0.050496990968510666,-0.06144735342120939,-0.06223645289447442,-9.919577315431908,-9.922018021606927,2.793864380205234,2.7555432219778235,1.3801319780334271,1.3625159633243733,0.8119319729375155,0.7892722806430016
,-0.036,-0.067,-9.919,-0.053,-0.045,-9.909,2.94,1.33,0.84,-0.05571785682283021,-0.056933900623782736,-0.06729396107698622,-0.062325212009957116,-9.919890333534134,-9.922066856662038,-0.041447545210758295,-0.05060645390732783,-0.06119890402299356,-0.06148265905478938,-9.919269222803402,-9.921448710475904,2.7960878674557996,2.763609985122916,1.3640634470084763,1.3610939577066632,0.8099461053116495,0.7914907325824279
,-0.057,-0.079,-9.897,-0.002,-0.05,-9.904,2.73,1.4,0.77,-0.0544707711665596,-0.0569367913172975,-0.06805991743605644,-0.06305444281758911,-9.920738964336216,-9.920970619388175,-0.041633939996162536,-0.04848077029083245,-0.06087307139065394,-0.06098049322567737,-9.918952673496937,-9.920685634073369,2.796945624141881,2.762140135154789,1.344735915527645,1.3627954176988548,0.8060127140988229,0.7905508882925307
19762.0,-0.036,-0.06,-9.919,-0.038,-0.05,-9.928,2.73,1.33,0.84,-0.05324680400660836,-0.05602117228510037,-0.0685426498650554,-0.06292086427949517,-9.92156337754731,-9.920884439199927,-0.04203131151866978,-0.04802241960065558,-0.06047346358879662,-0.06050028838301671,-9.918667995416108,-9.921005509862805,2.7963554075853922,2.760734565456972,1.3232532106183252,1.3613611908319558,0.8003865998496001,0.792713423473707
,-0.036,-0.105,-9.919,-0.041,-0.093,-9.931,2.73,1.19,0.84,-0.05209413107270615,-0.05514559559747344,-0.06870333610127621,-0.06476109170213128,-9.922350168714493,-9.92080202789008,-0.04260821974993355,-0.04771531136515809,-0.06001124665714837,-0.061921583272307755,-9.918447081514064,-9.921442594287445,2.7942737949749303,2.759390464890069,1.3009207703825578,1.3538671309577441,0.7934337636339417,0.7947813855018306
,-0.031,-0.055,-9.899,-0.057,-0.055,-9.904,2.73,1.33,0.77,-0.0510473452393667,-0.054089647408578,-0.06852545860825858,-0.06433421438353715,-9.923079623898056,-9.919848569866158,-0.043322137737830065,-0.04812135436827395,-0.05950478146836419,-0.0616188848654212,-9.918309970144048,-9.920679785361356,2.7907001917610024,2.7581051452529457,1.2791420863724474,1.3528233607344244,0.7856032008176467,0.7936976326064696
,-0.038,-0.045,-9.935,-0.045,-0.067,-9.897,2.87,1.26,0.77,-0.05012590739633253,-0.05338600628394855,-0.06801578445542496,-0.06348868010878318,-9.923725204238641,-9.920511180367706,-0.04412243710593312,-0.04798484961821409,-0.05897861727966034,-0.06185421469017777,-9.918263464508636,-9.919644208236543,2.785685452962015,2.7629985912953052,1.2593070475171209,1.3487639595380854,0.7773926118869727,0.7926612749763216
19838.0,-0.057,-0.053,-9.914,-0.036,-0.045,-9.909,2.8,1.26,0.7,-0.049336002122171194,-0.05354405540324811,-0.06720363273931294,-0.0630299835021883,-9.924255611417772,-9.920226429921643,-0.04495463675699307,-0.04746072172095644,-0.05846159812404061,-0.0611171370974755,-9.918301929556069,-9.919178709990113,2.7793440940395304,2.764616756825767,1.2426819472564634,1.3448820862608224,0.7693111138952516,0.7886089622016378
,-0.069,-0.077,-9.938,-0.043,-0.043,-9.931,2.8,1.05,0.7,-0.04867526470020317,-0.05421998309526645,-0.0661389790204125,-0.06364092778642237,-9.924638839775756,-9.921003713259248,-0.045765395359497356,-0.04726564303658953,-0.057984173849428666,-0.06032482870198281,-9.91841024094736,-9.919695685010504,2.771866253087666,2.7661641558698804,1.2303099953263323,1.3319861440726162,0.7618429116404086,0.7847338673513573
,-0.067,-0.091,-9.964,-0.034,-0.084,-9.926,2.8,1.26,0.84,-0.04813896214475076,-0.05477888567648994,-0.06488976206818343,-0.06483740946512695,-9.9248471471026,-9.92288405002418,-0.04650778945654913,-0.046685502791861594,-0.057575328463941346,-0.06136020404209438,-9.918568425865551,-9.919971388708452,2.763524260009506,2.7676438832257335,1.2229303302708623,1.3288380072560202,0.7554157730247538,0.7871507956247562
,-0.038,-0.079,-9.909,-0.057,-0.053,-9.95,2.8,1.26,0.77,-0.04772580262170066,-0.0540451024127784,-0.06353827550742183,-0.0654567755008495,-9.924861703339971,-9.922276865272064,-0.04714643094866749,-0.04713658193804925,-0.057259587961292706,-0.06099459109701674,-9.918756972200223,-9.921284616107641,2.7546693555791273,2.769058898348038,1.2209224222623483,1.3258275464539362,0.7503767931908133,0.7864007477949163
19913.0,-0.081,-0.053,-9.907,-0.077,-0.036,-9.907,2.8,1.12,0.7,-0.047441769955255154,-0.05522390850907809,-0.062176260299218904,-0.0649120090867638,-9.924675938381306,-9.921608769173506,-0.04766180250691246,-0.04844258501796681,-0.05705442004052394,-0.059901514179757406,-9.918961499995543,-9.92065991358386,2.7457160901731417,2.7704120312670386,1.2242807241596292,1.3168261853557834,0.7469761253059757,0.782622223766178
,-0.036,-0.029,-9.914,-0.045,-0.072,-9.938,2.73,1.12,0.7,-0.047301064263105055,-0.05438319819022488,-0.06089861292787414,-0.06334148576702707,-9.924297208257304,-9.921276018382743,-0.048052971948444115,-0.04829203203615422,-0.0569682304328709,-0.06043061167659443,-9.919175741596188,-9.92141823958052,2.7371144298671317,2.768644710554085,1.2326218049349533,1.3082184766283422,0.7453583105677765,0.7790089441849719
,-0.038,-0.077,-9.938,-0.074,-0.053,-9.878,2.66,1.19,0.77,-0.04732405065882557,-0.0536667193447375,-0.05979626087797676,-0.06393880726647351,-9.923746922001582,-9.922007400552571,-0.04833787944794377,-0.049416306734701945,-0.05699915523642831,-0.06010565216542353,-9.91940244033521,-9.91951944974678,2.7293122616640155,2.7638934015677514,1.2452237095164287,1.3030484825486461,0.7455608075769877,0.7786149601866241
,-0.048,-0.053,-9.957,-0.019,-0.057,-9.935,2.73,1.26,0.77,-0.04753283266159799,-0.053418899322866496,-0.05894917059616888,-0.06346042545662833,-9.923059345015362,-9.923537715754865,-0.048550844718770816,-0.048086124429621124,-0.05713481183475381,-0.05996983411255424,-9.919652468983397,-9.920196453506616,2.7227134502474564,2.7624111570790415,1.2610945441439552,1.3011658631285357,0.7475193598504124,0.7782382061086496
19989.0,-0.031,-0.05,-9.911,-0.036,-0.045,-9.909,2.59,1.4,0.7,-0.04794552635657864,-0.052438463945265495,-0.05842035716039904,-0.06287176688221835,-9.922279050037467,-9.922989409618005,-0.04873766757576329,-0.04755756752777528,-0.05735305885869525,-0.05931516526599778,-9.91994282000461,-9.919706804172657,2.7176380948927825,2.754871179515513,1.2790634746035816,1.3054881308236588,0.7510792321473406,0.774816650748404
,-0.06,-0.062,-9.926,-0.06,-0.072,-9.928,2.73,1.47,0.84,-0.0485704132329474,-0.052769149111843036,-0.05825137307038664,-0.06283364230348508,-9.921456939211799,-9.923121070377771,-0.04894930597504341,-0.04810170668480954,-0.05762371146998415,-0.059869905289275945,-9.920294012000982,-9.920069486678404,2.714291476308172,2.7537834996999924,1.297883151080519,1.3126826524749176,0.7560104917572303,0.7776672840786318
,-0.069,-0.065,-9.885,-0.05,-0.041,-9.952,2.73,1.33,0.77,-0.04940093596001174,-0.05347896542307847,-0.05845940186894273,-0.06292838262483685,-9.920645170715831,-9.921453939200093,-0.04923528573379903,-0.04818472387028653,-0.057911074557987254,-0.05904467642985927,-9.920727089483911,-9.921465889081333,2.712746353785594,2.7527433868838718,1.3163302623011655,1.3134399840421496,0.762025109410118,0.7773319742825286
,-0.038,-0.069,-9.921,-0.036,-0.065,-9.916,2.73,1.33,0.84,-0.050412204334282486,-0.052802030971886675,-0.05903587834080491,-0.06319390986540906,-9.91989188194117,-9.921434087286553,-0.049637741675944584,-0.04765185496460642,-0.058177040444171,-0.05930511784712687,-9.921260124291209,-9.921226851876686,2.7129404965053108,2.7517487608415188,1.333292240269004,1.3141641955774659,0.7687939257654958,0.7800726061294788
20065.0,-0.036,-0.048,-9.935,-0.062,-0.069,-9.916,2.66,1.33,0.63,-0.051559562322675875,-0.05206723550565327,-0.05994648666732686,-0.0625294416173656,-9.919236800204882,-9.922027359086481,-0.05018662140802356,-0.04827933576966547,-0.058384357109557236,-0.059729099654059495,-9.921904222561926,-9.920998268375794,2.71468873434663,2.7477363546263605,1.3478326944419654,1.3148567355039371,0.7759624818977049,0.773509550105223
,-0.029,-0.065,-9.911,-0.065,-0.074,-9.895,2.66,1.47,0.77,-0.052779876548746635,-0.051058446740982345,-0.061132469561105574,-0.06263748540693259,-9.918708513471696,-9.921545104680758,-0.05089635393862969,-0.04901057286174192,-0.05849956881871609,-0.06035320235276368,-9.922659494077557,-9.919861298103307,2.717707242423799,2.743899421120455,1.3592335890325529,1.3216415442903928,0.7831661684161788,0.7733560685701544
,-0.014,-0.05,-9.904,-0.024,-0.034,-9.916,2.73,1.26,0.77,-0.053996255784805866,-0.04943778679240303,-0.06251336667946449,-0.062084816089923105,-9.918323642851448,-9.920777812714949,-0.05176421542053971,-0.047916797021341564,-0.05849514516902523,-0.059200709916465796,-9.923511932221043,-9.919692433735372,2.7216470461060585,2.7432915641512783,1.3670162115934112,1.3189458030819643,0.7900462450569821,0.773209299172226
,-0.062,-0.072,-9.919,-0.01,-0.077,-9.911,2.87,1.26,0.84,-0.05512649739178878,-0.04998716426505764,-0.06399142804392664,-0.06251843225193264,-9.918087785961513,-9.92070006445196,-0.052770640911710624,-0.04625859923608623,-0.05835051190871215,-0.05997911805518651,-9.924432253001736,-9.919312291542445,2.726132903734607,2.748832845699381,1.3709451278273996,1.3163679534796997,0.7962679190646683,0.7761302260671304
20141.0,-0.086,-0.036,-9.923,-0.069,-0.067,-9.952,2.73,1.33,0.84,-0.05609454100715202,-0.05156209699006693,-0.06545789845969517,-0.0613587138927092,-9.917997919449503,-9.920800646471845,-0.05388168661623357,-0.04725313842037178,-0.05805201202025141,-0.0602861590450907,-9.925377274718363,-9.920741808010803,2.7308025037114585,2.7480092375499057,1.371020102355815,1.3169641174788829,0.8015398580207626,0.778923413414169
,-0.086,-0.06,-9.911,-0.103,-0.038,-9.928,2.8,1.4,0.84,-0.05684291587218515,-0.05306815390905636,-0.06680114373339008,-0.061299293885095744,-9.918045761814437,-9.920372039322762,-0.05505347296904304,-0.04969109019024954,-0.05759209967870026,-0.059311528736797056,-9.926293631460275,-9.921059227171357,2.735340360891929,2.7502829255700187,1.367460259607781,1.320595487407512,0.8056326384910724,0.781594447588036
,-0.103,-0.101,-9.954,-0.067,-0.065,-9.919,2.66,1.47,0.77,-0.057343262548810614,-0.05525180029023963,-0.06791621369030433,-0.06303550654345277,-9.918221353176877,-9.921842675407511,-0.056237716635990614,-0.050448052754770954,-0.05696825236760267,-0.05956030002527964,-9.927122965240036,-9.92096917193982,2.739502077656146,2.7463346240522952,1.3606822276929462,1.3271293260054446,0.8083930884546702,0.7810873929625907
,-0.065,-0.065,-9.897,-0.048,-0.036,-9.947,2.73,1.54,0.77,-0.05760209683508357,-0.05567811380928115,-0.06871494853255458,-0.06312141882915986,-9.91851597064131,-9.920756242148991,-0.057386939214092256,-0.0503409931934408,-0.056182217743077564,-0.058529948297524774,-9.92780754144693,-9.922107566129958,2.7431274043033955,2.7456202694771648,1.3512708047702975,1.3364387009498764,0.8097524150663428,0.7806025131230706
20216.0,-0.048,-0.067,-9.94,-0.067,-0.022,-9.909,2.73,1.33,0.84,-0.05766016794349087,-0.055342330401565505,-0.06913532298948999,-0.06329103902951065,-9.918923616065971,-9.921597820529955,-0.05845820821888836,-0.051069533849858635,-0.05524022695730871,-0.05693240092746729,-9.928295427002432,-9.921534338989634,2.7461431221757,2.7449371554409883,1.339939296983135,1.336157120212743,0.8097274172997863,0.783200116004285
,-0.031,-0.081,-9.926,-0.022,-0.077,-9.954,2.8,1.12,0.91,-0.0575855550771508,-0.05427777850027726,-0.06914864950266404,-0.06406549684681813,-9.919440677686268,-9.92179033901308,-0.059415178057100816,-0.049798249341805136,-0.054154550768268056,-0.0578100079763627,-9.928544687313051,-9.92295414475946,2.748557815501145,2.7473451934101822,1.3274787638000587,1.3267040206325702,0.8084148578163252,0.7887453968119962
,-0.048,-0.084,-9.926,-0.067,-0.081,-9.921,2.8,1.26,0.77,-0.057462259618513596,-0.054003235310365306,-0.06876355073447808,-0.06493728327329731,-9.920063852631879,-9.921974438174232,-0.06022903727179251,-0.0505505255646063,-0.052946196124261526,-0.0588241651951816,-9.928526313788863,-9.922868685048547,2.7504501564579487,2.7496479217661967,1.3146999864473443,1.323786884482639,0.8059790804815374,0.7879256130243548
,-0.05,-0.041,-9.887,-0.041,-0.072,-9.928,2.73,1.33,0.84,-0.057376847277269605,-0.05382816366805946,-0.06802603827806736,-0.06389044511113741,-9.920786912226227,-9.920444917210517,-0.06087920768055445,-0.05013285683772673,-0.051647850416755604,-0.059400377897956644,-9.928225797443327,-9.92309309047718,2.7519516046482395,2.748788668271255,1.302375726229689,1.3240585997961616,0.8026331529080221,0.7902029581572505
20292.0,-0.065,-0.108,-9.909,-0.098,-0.019,-9.904,2.73,1.33,0.77,-0.05740554323910096,-0.054316736430480086,-0.06701543752892913,-0.06581946791821001,-9.921597315622613,-9.919944401928063,-0.06135427948424227,-0.05222620851860595,-0.050305839839669034,-0.05763356681641503,-9.927643473179959,-9.922258101162942,2.7532245645650884,2.7479669921128558,1.2911909151617658,1.3243184323092765,0.7986149889334323,0.7893194315119724
,-0.079,-0.096,-9.926,-0.045,-0.065,-9.947,2.73,1.19,0.7,-0.05760347663191546,-0.05539619820465933,-0.06583627826200603,-0.06713933919920677,-9.92247385160324,-9.920209228603841,-0.06165304153636834,-0.05191018807640981,-0.04898019182533354,-0.05795571963916999,-9.926793925984194,-9.923340127206217,2.754438112176967,2.7471812499386825,1.2817052659882187,1.3184443462980333,0.7941616704553146,0.7854132660352299
,-0.007,-0.036,-9.926,-0.074,-0.024,-9.935,2.73,1.33,0.77,-0.057997080488875946,-0.053279709603774206,-0.06460670825483057,-0.06577753684904053,-9.92338620698727,-9.920462473736826,-0.06178498958800829,-0.0528762316266545,-0.04774261893553833,-0.056470749823003,-9.925704750262472,-9.923850043041991,2.7557444416467485,2.7464298702643863,1.2743292902109242,1.3189497043683627,0.7894863914978143,0.7847392047850461
,-0.05,-0.062,-9.909,-0.089,-0.067,-9.911,2.73,1.33,0.77,-0.0585802927226907,-0.05313627957728231,-0.0634446154776634,-0.06561233557338231,-9.924296697040313,-9.919961190662908,-0.06176961176574258,-0.054456015717542855,-0.04667278142641438,-0.056931220661667684,-9.924414793200492,-9.923288078040024,2.7572592748233036,2.745711350330619,1.2693127785557232,1.3194329618474288,0.7847622280120907,0.7840946219444325
20367.0,-0.06,-0.026,-9.954,-0.05,-0.043,-9.933,2.8,1.19,0.84,-0.059315011749577304,-0.05343644749487187,-0.06245342602037117,-0.06387998758313401,-9.925163714678222,-9.921449794202488,-0.061634028783227164,-0.05426114283865138,-0.045853265002020464,-0.056321973017831144,-9.922971897975962,-9.923712805040976,2.7590485149000017,2.7480855307920016,1.266744192053235,1.3137725298612133,0.7801152233276982,0.7865395060421959
,-0.081,-0.034,-9.926,-0.041,-0.057,-9.919,2.8,1.26,0.7,-0.06013584134293424,-0.05464187161579767,-0.06171006944990329,-0.0625732598759935,-9.92594605167029,-9.921648786252677,-0.061409049954719803,-0.053681199399003,-0.045363541494587496,-0.056351624858927925,-9.92143024098006,-9.923506702113114,2.761121981343191,2.750355882314968,1.266559434546592,1.3114209206292085,0.7756268507098956,0.7827549137630672
,-0.057,-0.06,-9.928,-0.067,-0.057,-9.904,2.73,1.26,0.77,-0.060958432103704885,-0.054744998556130506,-0.061257404279522885,-0.06246072468941492,-9.926607163272847,-9.921926540952356,-0.061124235267873646,-0.05426366435896257,-0.045273097489092404,-0.056379979949742566,-9.919847531422437,-9.922653624512087,2.763433897373435,2.7494656679080762,1.268558823796656,1.3091721532384621,0.771343918806147,0.7821971090059529
,-0.053,-0.065,-9.931,-0.067,-0.055,-9.926,2.66,1.33,0.84,-0.06169008726740336,-0.05466868533960484,-0.061102422786015,-0.06257177364467863,-9.927118640949773,-9.922323346349419,-0.06080290715498871,-0.05482065664764006,-0.045634083183641656,-0.05631962992347131,-9.918282437383487,-9.922799970006922,2.765889446192291,2.745553107142512,1.2724312637028183,1.310083007848681,0.7672929335420094,0.7847249761613387
20443.0,-0.062,-0.043,-9.904,-0.041,0.002,-9.907,2.8,1.26,0.84,-0.062241100787443486,-0.05498930234019259,-0.061220193948108154,-0.061715850300392505,-9.927462532212214,-9.921522019899879,-0.060458057817278164,-0.05421624424880289,-0.0464742302558515,-0.05376916446296366,-9.916792550880746,-9.922108997210412,2.768356949975984,2.7479342079802094,1.2777842533998185,1.3078927507801088,0.7634954760391702,0.7871422932690474
,-0.089,-0.091,-9.94,-0.072,-0.026,-9.921,2.8,1.26,0.77,-0.0625354198848424,-0.056476676484763365,-0.06156226589705061,-0.0629965205043563,-9.927632499608118,-9.922330108875874,-0.060089845227184926,-0.05499397303173672,-0.047791236462319885,-0.05255474840917726,-9.915433022059728,-9.92206049794722,2.770685072014693,2.7502111772338673,1.2841778686780787,1.3057982792130969,0.7599811500438239,0.7863926172688058
,-0.067,-0.089,-9.928,-0.029,-0.062,-9.904,2.8,1.26,0.7,-0.06251937213661313,-0.056936888135464485,-0.062067463250763774,-0.06413371867234341,-9.927633939842522,-9.92257806760771,-0.059685094401153486,-0.05385719060554835,-0.04954996925916841,-0.052967813237946054,-9.914255742028901,-9.921270666525546,2.7727232785410405,2.752388568841993,1.291160830212911,1.3037954042045112,0.756795644797421,0.7826144488086135
,-0.057,-0.069,-9.957,-0.086,-0.055,-9.954,2.8,1.19,0.63,-0.06216734380718733,-0.05693964817750963,-0.062672772622922,-0.06434653350782141,-9.927483077895742,-9.924083426091048,-0.05921897600867372,-0.055262877254654404,-0.05168338406609825,-0.053056685923741916,-9.91330872861928,-9.922702003361557,2.7743423402882237,2.7544707375878024,1.2983069985470512,1.2988188423098461,0.7540035746589883,0.7759402315515501
20519.0,-0.108,-0.045,-9.921,-0.038,-0.065,-9.887,2.73,1.33,0.77,-0.06148363179658262,-0.059172646979036986,-0.06332232181390027,-0.0635004604864905,-9.927204928935566,-9.923948580040832,-0.05865873955534924,-0.054507927810620645,-0.054097107196150476,-0.05357899736631216,-9.912635259381304,-9.921140664125282,2.775451154650979,2.7534005701142994,1.3052502159768253,1.3001824734887775,0.7516877264270605,0.7756804501465665
,-0.055,-0.074,-9.899,-0.062,-0.062,-9.899,2.8,1.54,0.84,-0.06050028402229035,-0.058990166534409846,-0.06397322417096618,-0.06395963200242057,-9.92683014784495,-9.922857515303859,-0.05796903704568258,-0.05483557514603269,-0.05667677273476738,-0.053947269188136956,-9.912272375267873,-9.92017239667917,2.7760068997022804,2.755438481475513,1.311713831195391,1.3106703026981512,0.7499464947011628,0.7784933073363642
,-0.026,-0.086,-9.933,-0.072,-0.057,-9.952,2.94,1.4,0.84,-0.059271506365621285,-0.05754742280656351,-0.0645979223105892,-0.06492351324426776,-9.926391176841326,-9.923301071906245,-0.057118084565273564,-0.055586219016663704,-0.059296889370382494,-0.05408077285587458,-9.912248626066566,-9.921564298566528,2.7760167049999143,2.7635098251886547,1.3175292143441188,1.3145769171239448,0.7488894683147138,0.7811831511408347
,-0.007,-0.062,-9.938,-0.067,-0.041,-9.902,2.73,1.47,0.77,-0.05786600705616301,-0.05533685569296919,-0.06518325740719834,-0.06479566058877893,-9.92591844352173,-9.923943893344907,-0.05608374404150002,-0.056085372632864595,-0.06183020354033373,-0.05350871745344091,-9.912581176114857,-9.920708702126385,2.775530084908746,2.7620443554687086,1.3226371373827108,1.3213739630784744,0.7486292311706763,0.7806940835530986
20595.0,-0.074,-0.057,-9.902,-0.062,-0.081,-9.907,2.73,1.19,0.7,-0.05635913155667044,-0.05615304236977105,-0.06572682702413164,-0.0644547365620042,-9.925437362849307,-9.922984231184522,-0.05485860950464006,-0.05634403430186776,-0.06415685886015193,-0.05471098102562172,-9.913272535863495,-9.920109185782957,2.774622765415944,2.7606429744597,1.3270689806640903,1.315628646181208,0.7492676192640102,0.7771651264379803
,-0.065,-0.072,-9.911,0.0,-0.053,-9.926,2.73,1.19,0.7,-0.05482635349698466,-0.056539942284878235,-0.06623152360553747,-0.06478471008574384,-9.924966623975662,-9.92246013033294,-0.05345340797639269,-0.05387996665292788,-0.0661728140584532,-0.054636155482058454,-9.914307354589928,-9.920366806042457,2.7733747258365016,2.7593028793996104,1.3309109359135778,1.3101345865763037,0.7508771713575361,0.773790499575738
,-0.086,-0.043,-9.943,-0.093,-0.103,-9.887,2.8,1.26,0.7,-0.0533386473048487,-0.057828305392901666,-0.06669949814856761,-0.06383200941336695,-9.924517924356786,-9.923358390973789,-0.051898398624180685,-0.05559078501711403,-0.06779690002343582,-0.05675122917409381,-9.915649978338399,-9.918907590912827,2.771847483441879,2.7610826677928086,1.3342605846006992,1.3079420738390404,0.7534814593636283,0.7705634537126472
,-0.065,-0.053,-9.945,-0.079,-0.074,-9.919,2.66,1.26,0.77,-0.05195921334867104,-0.05814194180336441,-0.06712696208153027,-0.0633582981447437,-9.924096991635178,-9.924304833473572,-0.05024269355924083,-0.05661452941243675,-0.06897575660815496,-0.057505561708189344,-9.917243678141956,-9.918911632196789,2.770066435493651,2.7566620661326158,1.337187857224959,1.3058454452494552,0.7570392926502313,0.77053881245147
20670.0,-0.007,-0.053,-9.899,-0.048,-0.069,-9.88,2.66,1.4,0.77,-0.05074073910522992,-0.05590537486485786,-0.06750106876384208,-0.06290530347240993,-9.923705408436094,-9.923198188869637,-0.04855140248126318,-0.05623779417331095,-0.0696859731108673,-0.05800824267323781,-9.91901238944379,-9.91720992774393,2.7680130469134596,2.7524347886046883,1.339710159322753,1.3099630629393455,0.7614368701956399,0.7705152488151958
,-0.038,-0.081,-9.938,-0.031,-0.062,-9.938,2.8,1.26,0.7,-0.04972290865183924,-0.05512232736935442,-0.06779959251172188,-0.0636966304848163,-9.923342614284199,-9.923845509644657,-0.04690055332527956,-0.05513408136815604,-0.06993319496067367,-0.05818281235418391,-9.92086540790672,-9.918119130379134,2.765629423507796,2.7545149360429466,1.3417861396192183,1.307778051366138,0.7664897856736091,0.7674314379820637
,-0.065,-0.065,-9.916,-0.034,-0.06,-9.94,2.87,1.4,0.77,-0.048930545793811536,-0.05555430306789232,-0.06799335178449374,-0.06375363014230927,-9.92300761653345,-9.923502405592128,-0.04537021389385455,-0.05420983434121551,-0.06974859775995768,-0.05826228258285301,-9.92270479269421,-9.919076036352083,2.7628347260336987,2.7595653910477793,1.343327134915619,1.311811151284639,0.7719546950001457,0.7675437677193839
,-0.053,-0.089,-9.95,-0.031,-0.072,-9.931,2.8,1.26,0.84,-0.048372912166931535,-0.05544259691065372,-0.0680505535929654,-0.06485771798391142,-9.922700209918895,-9.924661212659533,-0.0440369033616311,-0.05319480936747935,-0.06918362861534587,-0.05886306783860009,-9.924434429413461,-9.919597501551301,2.7595494445873445,2.761333699140219,1.3442215831970075,1.3095453181167331,0.7775489528770175,0.7707124626866313
20746.0,-0.045,-0.091,-9.89,-0.026,-0.077,-9.916,2.73,1.4,0.77,-0.048044252503464266,-0.05498591563929491,-0.06794177948697644,-0.06600098633846677,-9.922421686899893,-9.923145389842697,-0.04296666241764812,-0.052005511320014686,-0.06830404266226675,-0.05965624192248782,-9.92596916909007,-9.919440173676232,2.7557212193852316,2.759963396936451,1.3443656646202684,1.3135011309740372,0.7829753962472422,0.7706813048847636
,-0.045,-0.057,-9.919,-0.072,-0.048,-9.947,2.8,1.54,0.84,-0.04792520958339439,-0.05454920619921469,-0.06764436957260589,-0.06560735035694759,-9.9221751565997,-9.922964101421833,-0.04220981365305661,-0.0528799210658538,-0.06718408957301186,-0.059146484873932516,-9.927242441914943,-9.920645434841788,2.7513460189452443,2.7617142992210444,1.343692339391516,1.3234065014822658,0.787948674315749,0.7737127873871538
,-0.069,-0.043,-9.926,-0.034,-0.053,-9.947,2.73,1.54,0.77,-0.0479846024437077,-0.05518117609535746,-0.06714544942836857,-0.06461867353724465,-9.92196571217587,-9.923096868973262,-0.04179775131606421,-0.0520542541911024,-0.06590146425048451,-0.058877683487588525,-9.928211127029918,-9.921797986877028,2.7464806365876426,2.7603273524095915,1.3421906616336803,1.332878684993459,0.7922195126541968,0.7735504177698299
,-0.055,-0.081,-9.919,-0.045,-0.065,-9.928,2.8,1.33,0.77,-0.04818119996465007,-0.05517325280479329,-0.06644352221384722,-0.06533507052733842,-9.921800651095127,-9.922917702493189,-0.04174148190272912,-0.051745753748152795,-0.06453342737978003,-0.05914542793013199,-9.928856961136537,-9.922069216654661,2.741244962288466,2.762062337997446,1.3399088542924456,1.3327527927911742,0.7955941653175868,0.7733951489880457
20822.0,-0.034,-0.055,-9.926,-0.053,-0.079,-9.962,2.73,1.19,0.84,-0.04846535894159041,-0.05424729271149221,-0.06554901705823254,-0.06488309165767693,-9.921689685799924,-9.923052499187552,-0.04203138458454429,-0.05180060512064102,-0.06315421744547796,-0.06001371876743338,-9.9291843187983,-9.923815491174354,2.7358143179297256,2.760660170566807,1.3369393738462072,1.326509850785495,0.7979475011038691,0.776307948198726
,-0.041,-0.06,-9.954,-0.038,-0.067,-9.887,2.66,1.12,0.84,-0.04878071689310538,-0.05366795497306294,-0.06448421031118028,-0.06466954166379424,-9.92164476539839,-9.924405911958084,-0.04263777591325675,-0.05119706962598017,-0.061833461102451595,-0.06031924658035736,-9.929214891907366,-9.922205456289444,2.7304034669288635,2.7562580457828134,1.3333911843960362,1.3174786507868987,0.7992290337346208,0.7790933633058036
,-0.036,-0.093,-9.902,-0.038,-0.065,-9.895,2.73,1.26,0.77,-0.04906646861505354,-0.05289529045211635,-0.06328265915597633,-0.0659085045234979,-9.921679017067907,-9.923426044550913,-0.04351214500714206,-0.05061992827057128,-0.06063494167628259,-0.06052394780945667,-9.928980576442065,-9.921015692625055,2.7252450178368983,2.7551097147848735,1.329360027367648,1.3149649634788527,0.7994616476024413,0.7786956874450045
,-0.036,-0.06,-9.931,-0.043,-0.072,-9.94,2.8,1.4,0.84,-0.04926087262070577,-0.05215641651207399,-0.061988026133719155,-0.0656501106219898,-9.92180451969667,-9.923757272849132,-0.044589188995520314,-0.050286689464166985,-0.059615063901404676,-0.06102582470362373,-9.92851641231333,-9.921845924578086,2.7205655770524975,2.7570728809109917,1.3249079215672028,1.318683761486741,0.7987332550783757,0.7813766806535838
20898.0,-0.055,-0.038,-9.926,-0.036,-0.05,-9.914,2.66,1.4,0.77,-0.04930635413152128,-0.052280773636416894,-0.06065213885919213,-0.0644409010948865,-9.922029065215945,-9.923855353000587,-0.04578992727146981,-0.04966189626724219,-0.05882067866386442,-0.06054363740035885,-9.927855331640625,-9.921502802379464,2.716562877619942,2.7528276374099554,1.3200582663750942,1.3222399270176028,0.7971825003235089,0.7808791495289819
,-0.06,-0.034,-9.904,-0.043,-0.065,-9.933,2.66,1.26,0.77,-0.049155982448537375,-0.05261835500049608,-0.05933233105856626,-0.0631096432160022,-9.922352531152876,-9.922987028011203,-0.047026147974635446,-0.049370554632300716,-0.058286411474996275,-0.06073852544928504,-9.92702570567413,-9.922005604016963,2.7133866195220464,2.748768049183739,1.3148063388550466,1.3195180170135232,0.7949806695799357,0.780403376703438
,-0.038,-0.081,-9.911,-0.065,-0.026,-9.933,2.66,1.26,0.77,-0.04878047086491927,-0.051979057227737074,-0.05808831279482083,-0.06389203393270634,-9.922763777058986,-9.92246280484729,-0.048206238964287634,-0.05005406995346302,-0.05803206958666327,-0.05921932154789489,-9.926051672318795,-9.922486416862496,2.7111254883653557,2.7448859970558903,1.3091407015821845,1.3169151430434707,0.7923126874052722,0.7799484106313009
,-0.055,-0.112,-9.923,-0.017,-0.043,-9.926,2.73,1.26,0.77,-0.04817443163088787,-0.052111170723809275,-0.05697869973493529,-0.06599591741054929,-9.923239004371483,-9.922486297754984,-0.04924216255808458,-0.048608531566883134,-0.058060934709436345,-0.05851000944397625,-9.92495548589072,-9.922640074772303,2.7098024786100567,2.7442349946166416,1.3030700930431525,1.3144260993595052,0.7893601565372168,0.7795133413804265
20974.0,-0.091,-0.048,-9.914,-0.067,-0.084,-9.921,2.73,1.4,0.77,-0.04736050822218365,-0.05381187794706594,-0.05605696961830671,-0.06520891025968117,-9.92374227058992,-9.922115170411754,-0.05005705951268411,-0.04941283716807151,-0.05835964456896614,-0.05962475143714587,-9.92376082888134,-9.922568350139192,2.709379442332275,2.743612462166626,1.2966507521029247,1.3181684632632353,0.786288753186349,0.7790972988123129
,-0.055,-0.036,-9.935,-0.055,-0.053,-9.952,2.66,1.4,0.77,-0.04639016247330702,-0.053863837540479895,-0.055366578280306104,-0.06393153046742013,-9.924228369992948,-9.922678656717693,-0.05059275303593184,-0.04965717798168375,-0.058899890503081274,-0.05933503423991639,-9.922496047257281,-9.923855470899634,2.709769799357277,2.7399558769464556,1.2900088267499354,1.321747164093492,0.7832410672525139,0.7786994508418239
,-0.043,-0.019,-9.916,-0.067,-0.084,-9.904,2.73,1.4,0.84,-0.04534034430267975,-0.053388734347062525,-0.054935609472518535,-0.061966560581718205,-9.924647747598678,-9.922386582105707,-0.05081624455273461,-0.05041562361317164,-0.059641536956396284,-0.06041369580444013,-9.921196469741238,-9.922987140754225,2.710856564599676,2.739520481174666,1.2833518664212253,1.3251693592519354,0.7803345351869011,0.7813802794675069
,-0.029,-0.067,-9.919,-0.026,-0.036,-9.919,2.8,1.26,0.77,-0.04430609542145805,-0.05232215308344162,-0.05477218876425416,-0.062186685664828836,-9.924952690565735,-9.92223847827341,-0.05072419730718788,-0.049347866413685576,-0.060536400994059644,-0.059346022912923624,-9.91990527761435,-9.922812772967715,2.712511893956833,2.7421654040597145,1.2769643175912753,1.322319337739906,0.7776628770515854,0.7808825909576366
21049.0,-0.029,-0.017,-9.945,-0.091,-0.084,-9.919,2.73,1.19,0.77,-0.04339014821725865,-0.0513022161259876,-0.054862151691703345,-0.060210557194634626,-9.925103801050959,-9.92323389739847,-0.05034450507846131,-0.05116941994905174,-0.06153200977079161,-0.06042420391488209,-9.918672753633905,-9.92264603072714,2.714614097758783,2.741633380058394,1.2711854826605973,1.3165326772088684,0.7752988120060333,0.7804066676296815
,-0.038,-0.093,-9.945,-0.079,-0.045,-9.95,2.8,1.26,0.84,-0.04269129581403208,-0.05072047644721976,-0.05516986801730424,-0.06164452276427412,-9.925075644396857,-9.924185784318327,-0.04973434656361501,-0.05238652186240373,-0.06257499674407963,-0.05974966432345541,-9.917554040442687,-9.923842289241293,2.7170585031387904,2.7441859005116784,1.2663733641222061,1.3140603597267366,0.7732959895232362,0.7830128353314741
,-0.045,-0.05,-9.945,-0.029,-0.062,-9.887,2.66,1.19,0.77,-0.04229339256286587,-0.050470305490795196,-0.05564213329475589,-0.0611352782242565,-9.924860499541062,-9.925096042806821,-0.04897458112732773,-0.05136376989484602,-0.0636141005758391,-0.05984807721505137,-9.916605704364224,-9.922231082408889,2.7197600365173917,2.7405042373770097,1.262861696379131,1.3086348852695702,0.7716888671866273,0.7824437510094414
,-0.031,-0.057,-9.897,-0.014,-0.074,-9.907,2.73,1.26,0.77,-0.04225640306396025,-0.04961881960645456,-0.056214228896698075,-0.060954432010136214,-9.92446946335245,-9.92386733153328,-0.04816100509891579,-0.04972975738968765,-0.06460285561385758,-0.060466976722989715,-9.915881532853048,-9.921564988511157,2.722647902493438,2.740044860411583,1.2609185903161624,1.306507958277431,0.7704903718943235,0.7818995541894276
21125.0,-0.05,-0.067,-9.916,-0.055,-0.057,-9.897,2.66,1.26,0.77,-0.042610316941390586,-0.049635489592687945,-0.05681691832158018,-0.06121882004496311,-9.923930835932554,-9.923523273154167,-0.047393788348315,-0.04996023847750895,-0.06550203303999391,-0.06031535702999831,-9.91542817309602,-9.920490699205521,2.7256553552324316,2.7365442954724917,1.260713837037143,1.3044740472018468,0.7696884575644856,0.7813791564777925
,-0.012,-0.057,-9.923,-0.05,-0.072,-9.933,2.66,1.12,0.63,-0.04335225462502064,-0.04798959409538448,-0.05738324850203421,-0.06103432033495303,-9.923286456360271,-9.92350038909081,-0.04676691641038375,-0.04996197734982182,-0.0662817882227888,-0.06082635612845725,-9.915281253757446,-9.921037762684032,2.728709137877207,2.733196819124345,1.262299418619395,1.2964065288316897,0.7692439326111388,0.7747589616901366
,-0.086,-0.067,-9.921,-0.019,-0.053,-9.945,2.73,1.33,0.7,-0.044446734209124796,-0.04965188563473085,-0.05785433016151728,-0.061295214650539755,-9.922587021732484,-9.92339104072865,-0.046359318281892825,-0.04860793148356094,-0.06692337767865189,-0.060484089707811994,-9.915462311485927,-9.922085692149823,2.731723059943502,2.7330570141089354,1.2656052128211395,1.297875656602661,0.7690925826912874,0.7714895625203492
,-0.043,-0.065,-9.921,-0.045,-0.084,-9.914,2.73,1.33,0.84,-0.04582877216216023,-0.04936098179016101,-0.058183601531413255,-0.06145723431844218,-9.921887264095245,-9.923286474447947,-0.0462287572754177,-0.04845014748107712,-0.06742025713799801,-0.06151250015985575,-9.915976362720059,-9.92173208430664,2.734598478848589,2.7329233231217436,1.2704494489926033,1.2992805356868375,0.7691538442084328,0.774485697864579
21200.0,-0.029,-0.036,-9.926,-0.045,-0.062,-9.916,2.73,1.19,0.84,-0.04740928265146713,-0.04847054437027383,-0.058339405199446276,-0.060343924838693476,-9.921241453026626,-9.923405143808603,-0.04640891125801112,-0.04829926377355546,-0.06777832182765259,-0.06153381976538004,-9.91680980191019,-9.921481405709057,2.737231826434528,2.7327954787807953,1.2765611549047313,1.294501420453411,0.7693458024544623,0.777350804604538
,-0.041,-0.06,-9.926,-0.055,-0.074,-9.883,2.87,1.33,0.84,-0.04908224409527222,-0.04814383850103948,-0.058306019985494235,-0.06032888413244672,-9.920699368418036,-9.923518623456877,-0.04690949149617056,-0.048592303978507806,-0.06801499280887345,-0.06207899747234737,-9.917928685186165,-9.919798516152634,2.7395267796256397,2.7387957807863854,1.2836101100742705,1.2960538634498682,0.7696031385524524,0.7800906129537061
,-0.053,-0.067,-9.928,-0.067,-0.093,-9.919,2.73,1.4,0.77,-0.05073325596119339,-0.04835621077071949,-0.05808348643622295,-0.06062062896391369,-9.92030276847367,-9.92371460542905,-0.04771871996899034,-0.04939731925332945,-0.06815685910822496,-0.0634312514056205,-9.919278043006543,-9.91976359501425,2.7414071670915012,2.7384111189645717,1.2912391963085559,1.3005996918677132,0.7698928867782977,0.7796493248342933
,-0.067,-0.077,-9.897,-0.048,-0.062,-9.94,2.66,1.26,0.7,-0.05224913031669227,-0.0491715510008386,-0.05768654952857697,-0.061336940438235385,-9.920082436529226,-9.922546307918807,-0.04880713956766141,-0.049336210935296644,-0.06823573476446365,-0.06336865914843148,-9.92078310982282,-9.920648584374243,2.742826765414068,2.7349820016861988,1.2990943431370099,1.298824164280317,0.7702237424180842,0.7761660576700607
21276.0,-0.036,-0.036,-9.916,-0.055,-0.055,-9.902,2.8,1.33,0.77,-0.05352792780327009,-0.048595525639686,-0.05714291521799414,-0.06022889171523326,-9.920056049329784,-9.922260021255763,-0.05013175789445139,-0.04958390280858326,-0.06828331783332049,-0.0630026764400905,-9.922353057239075,-9.919833034440263,2.743773564378676,2.7378254038001746,1.3068482138848871,1.30018756271597,0.7706473228124446,0.7758964003156567
,-0.062,-0.034,-9.921,-0.034,-0.072,-9.921,2.8,1.4,0.84,-0.054488569138521924,-0.049181737330622706,-0.056491011616986976,-0.05908183569867622,-9.920227210968493,-9.922204917327694,-0.051639904217116436,-0.04890237917914055,-0.0683250898177214,-0.06339615223900542,-9.923887260079223,-9.919884068806523,2.744267827021179,2.740544456721751,1.3142154212646149,1.304552613971543,0.771252167950445,0.7786998134563722
,-0.067,-0.057,-9.914,-0.06,-0.062,-9.892,2.73,1.19,0.7,-0.05507904292640452,-0.049960975188684115,-0.05577758034160278,-0.05899079173884841,-9.920585868167507,-9.921846095464831,-0.05327266363695728,-0.04938770630886607,-0.0683744777699496,-0.06333509495747146,-9.925283682968464,-9.918664627694108,2.7443543164762145,2.7400833208622823,1.3209591753119359,1.2995429373715943,0.7721521171362812,0.7752580708350238
,-0.06,-0.086,-9.947,-0.043,-0.062,-9.959,2.8,1.26,0.84,-0.05528226278279571,-0.05040000722767406,-0.05505541025365924,-0.0601719729787863,-9.921109968045945,-9.922946139563157,-0.054968057089400786,-0.04910835569683358,-0.0684284148214225,-0.06327670786585245,-9.926448655118508,-9.920428595916093,2.7440895811664348,2.742703629339027,1.3268911678034596,1.297813624340877,0.7734704320899564,0.7780893997443222
21352.0,-0.057,-0.031,-9.923,-0.069,-0.048,-9.943,2.66,1.47,0.84,-0.05511873433007036,-0.05068864166564128,-0.05438119223669379,-0.05889620854758381,-9.921767860605263,-9.922948495016785,-0.05666414037093413,-0.049978267797004705,-0.06846526620864431,-0.06260861865106747,-9.927306882354086,-9.921415700714027,2.743526081679353,2.7390867896854725,1.331867505339473,1.3053437716423064,0.7753207735575262,0.7807969074531093
,-0.067,-0.072,-9.923,-0.065,-0.067,-9.95,2.73,1.33,0.7,-0.05464542132469123,-0.05140197877186668,-0.053813076754034427,-0.05946927061167678,-9.922520837022882,-9.922950747460446,-0.058302000927306356,-0.050635206278799076,-0.0684457542862073,-0.06280066490494574,-9.92781007161616,-9.922665764682836,2.742696339245472,2.7386894013057774,1.335783219935851,1.3064220510980438,0.7777864675977318,0.7772634535878258
,-0.074,-0.086,-9.921,-0.069,-0.077,-9.945,2.66,1.26,0.7,-0.05395058032191985,-0.05239024760508465,-0.053407416265685084,-0.06062952675589077,-9.92332541871729,-9.922865436322041,-0.05982844980271531,-0.05143834532712181,-0.06831706305355514,-0.0634216378735608,-9.927942413298087,-9.923642497488549,2.741601329569746,2.735248114034206,1.3385667568008848,1.304391896961489,0.7809003766668798,0.773884526629718
,-0.048,-0.041,-9.902,-0.041,-0.05,-9.911,2.73,1.4,0.84,-0.053144819613402026,-0.05219825093270285,-0.05321443468005443,-0.059771077721445486,-9.924135429982146,-9.921952937824921,-0.06119821038615311,-0.05098184998830346,-0.06801974082498634,-0.06283467557862035,-9.92772168792132,-9.923089608980487,2.7402071561515955,2.735018600685191,1.3401751297905677,1.3085730820078336,0.784628645980248,0.7767759241138462
21428.0,-0.031,-0.031,-9.916,-0.055,-0.074,-9.94,2.73,1.26,0.77,-0.05234920332620209,-0.051271197607810716,-0.05327306710333216,-0.05851284545751619,-9.924904212192455,-9.921692600742348,-0.062375609528692325,-0.051157573888359384,-0.06749646388834182,-0.06332296355866171,-9.927195784370372,-9.923829143306675,2.738452395687467,2.7347991245375467,1.3405906769416267,1.3064488578292175,0.7888617640929556,0.7764795957517139
,-0.038,-0.036,-9.928,-0.062,-0.093,-9.897,2.73,1.33,0.77,-0.051681797210181214,-0.05069081444758304,-0.05360581915633645,-0.05752830157696538,-9.925587325122715,-9.921968439323173,-0.0633359920921946,-0.051631740705640854,-0.06670131673624607,-0.0646208156971815,-9.926435463280853,-9.922655836764289,2.736265920096359,2.7345892466389774,1.339820669949269,1.307478809060748,0.7934153335561824,0.776196226581085
,-0.06,-0.05,-9.964,-0.045,-0.079,-9.947,2.73,1.33,0.7,-0.051244401316454954,-0.05109792876308971,-0.05421491010129265,-0.05719906983846616,-9.926145697234263,-9.92380658616838,-0.06406705295871308,-0.05134171784995788,-0.06560804084222112,-0.065249653928198,-9.925524864614529,-9.923720468820067,2.733592353583599,2.734388547233686,1.3379005665649533,1.3084637179104002,0.7980413753370315,0.7728639721691299
,-0.062,-0.057,-9.914,-0.101,-0.089,-9.89,2.8,1.33,0.84,-0.05111110842060243,-0.05157470401310794,-0.055080834821904096,-0.057190364009092706,-9.926548676807897,-9.923377719261289,-0.06456993718443411,-0.05351340058556546,-0.06421577498430157,-0.06628831685199779,-9.924551429534208,-9.922245787119401,2.730420348136478,2.7372579026173502,1.3349004880028672,1.3094055541958731,0.8024496354643237,0.7758000010904897
21503.0,-0.041,-0.065,-9.938,-0.096,-0.041,-9.926,2.8,1.47,0.84,-0.051319876559250764,-0.05111224536280589,-0.056163820917980126,-0.05753189921567896,-9.926776200559662,-9.924017188716546,-0.06485949522552437,-0.055371447429880725,-0.06255129428083277,-0.06518239456185246,-9.923596707924068,-9.922409968378712,2.7268078661669413,2.740001773806249,1.3309330436166622,1.3164287569787143,0.8063369905677391,0.7786076300140305
,-0.022,-0.038,-9.921,-0.065,-0.045,-9.904,2.73,1.26,0.84,-0.05186788894013433,-0.049839092971868344,-0.057407887370175915,-0.056677719681393936,-9.926819551113937,-9.92388523939486,-0.06496285254763373,-0.05579252847578236,-0.060667625851741076,-0.06429976721480159,-9.92272911483829,-9.921604853727942,2.72289879618755,2.739564370848272,1.3261595618601763,1.313960984192048,0.8094213189547828,0.7812924741975994
,-0.057,-0.072,-9.916,-0.029,-0.036,-9.959,2.73,1.4,0.84,-0.05271127697850999,-0.050152257614118685,-0.05874670541615441,-0.05734780189522316,-9.92668072475228,-9.9235403978595,-0.06491577192072741,-0.05462082319289871,-0.058639809600015115,-0.0630621465557461,-9.921999156816236,-9.923240238401725,2.7189266702399673,2.7391460966319916,1.3207918469705646,1.3177236887627426,0.8114747580907864,0.7838599033295635
,-0.055,-0.077,-9.911,-0.086,-0.081,-9.935,2.66,1.19,0.84,-0.053769584947997204,-0.05036426169461188,-0.06011025765360933,-0.05820724240530629,-9.926370885862417,-9.922991974427395,-0.0647571056729947,-0.05599311425048419,-0.056558990930590934,-0.06384661442197317,-9.921437063186392,-9.923754522628487,2.7152037701558047,2.735684836914487,1.3150879623418488,1.3121380076274975,0.8123510920647155,0.7863150522681867
21579.0,-0.019,-0.057,-9.959,-0.036,-0.084,-9.871,2.8,1.26,0.77,-0.0549349007409212,-0.048992622912757466,-0.06143125102262006,-0.058154446630346225,-9.925908510738411,-9.924566696791794,-0.0645224429999938,-0.05511876461193614,-0.054525797548578836,-0.06472797313252225,-9.921052370999394,-9.921447433436974,2.7120965627246507,2.7384975022597877,1.309342425261168,1.3098578802019958,0.8120032213149374,0.7856015536168579
,-0.057,-0.065,-9.923,-0.069,-0.022,-9.947,2.73,1.47,0.91,-0.05608490947215917,-0.04934280583945078,-0.06265033164676886,-0.058453820056588376,-9.925317653217144,-9.924498181164042,-0.06423833748401098,-0.05572582627287074,-0.052643418540936494,-0.06285937040278959,-9.920835034119243,-9.922564912037778,2.7099902195943875,2.73812588491512,1.3038722488093315,1.316861301620363,0.8104885107568338,0.7910418134617395
,-0.091,-0.079,-9.887,-0.074,-0.05,-9.923,2.66,1.33,0.84,-0.05709841796603682,-0.051164580686574465,-0.06371942454179527,-0.05935235666184136,-9.92462653080042,-9.92285829051288,-0.06391823263680102,-0.056525002278814525,-0.05101054306439754,-0.06229699749165784,-9.920757892799628,-9.922583939538834,2.709245915140142,2.734709241645794,1.2989998809060157,1.3174358902529943,0.8079615555855533,0.7931828792390563
,-0.062,-0.065,-9.923,-0.038,-0.05,-9.919,2.73,1.19,0.77,-0.05787123797482125,-0.051638441078783286,-0.06460292252576971,-0.05959934244152037,-9.923866551187123,-9.92286448782848,-0.0635607292319892,-0.0557148569035791,-0.04971450064449867,-0.0617592185755094,-9.920780463168725,-9.922427204764997,2.7101553782261347,2.7345032945542482,1.29503321697794,1.311862795277155,0.8046554448199325,0.7921690330803629
21655.0,-0.079,-0.065,-9.94,-0.065,-0.043,-9.911,2.66,1.19,0.7,-0.05832987791729676,-0.0528350315075254,-0.06527685825410351,-0.05983552690608242,-9.923071884141507,-9.923613867274113,-0.06315042508414836,-0.05612091978145346,-0.048825205133439034,-0.06093883032706315,-9.920853904809343,-9.921927464092748,2.7128981381046264,2.731245076357322,1.2922430347163183,1.3065334258918702,0.8008542658205682,0.7881382472933419
,-0.096,-0.057,-9.926,-0.053,-0.057,-9.907,2.66,1.47,0.84,-0.05844058148915365,-0.0547227451536583,-0.06572657672304419,-0.05971152211651511,-9.922279446685405,-9.923718218915397,-0.06266124053782855,-0.055984434036978455,-0.048390477452144226,-0.060766575278168686,-9.920926929209138,-9.921274648194714,2.7175075353423415,2.728129348313111,1.2908393760985708,1.3136822341363221,0.7968612360124145,0.7904062933898842
,-0.079,-0.048,-9.923,-0.072,-0.036,-9.904,2.66,1.4,0.77,-0.05821198956241161,-0.055784451135722786,-0.06594375732587365,-0.05919934752474663,-9.921528733699352,-9.923686809379033,-0.062061814948507724,-0.05668483539193851,-0.04843306909085727,-0.059683470071484064,-9.920952372193554,-9.920519183977591,2.7238512261444305,2.7251498789655257,1.2909489683797981,1.3174571291545585,0.7929675524026738,0.789513874378718
,-0.029,-0.077,-9.957,-0.065,-0.053,-9.966,2.66,1.19,0.7,-0.057690932216733534,-0.054613099095424215,-0.06592378956020487,-0.05997781524431565,-9.920860671732285,-9.925143679770178,-0.06132216153808498,-0.05704847864823361,-0.048949473713432265,-0.059391184959318145,-9.92089395606542,-9.92250817551497,2.7316303781305526,2.722300709375872,1.2925953658167,1.311883105347639,0.7894262240808537,0.7855992054218209
21731.0,-0.05,-0.043,-9.931,-0.084,-0.05,-9.935,2.8,1.19,0.84,-0.05695231100655009,-0.05441135656166298,-0.06566436826319776,-0.05923533228562183,-9.920314860036754,-9.925399791520054,-0.06042041680946987,-0.0582271370931863,-0.04991047911158826,-0.05898048460159279,-9.920732350603823,-9.923054474710106,2.7403990941480725,2.7256986965939465,1.2956838591804034,1.3065528477514148,0.7864333567744083,0.7879782902647441
,-0.053,-0.06,-9.895,-0.057,-0.062,-9.911,2.8,1.19,0.84,-0.05608532038657907,-0.05434963435650315,-0.06516577928541865,-0.059268773145874996,-9.91992514893125,-9.924070331467233,-0.0593484178672721,-0.05817347127302272,-0.051263317994469995,-0.059112535674982904,-9.920469321303354,-9.922527301930838,2.7496021860501565,2.7289480812052087,1.2999950909646605,1.3014556958506933,0.7841174732093523,0.7902533316881967
,-0.012,-0.074,-9.89,-0.062,-0.031,-9.902,2.73,1.26,0.77,-0.0551789294729212,-0.052497577341856026,-0.06443283399794934,-0.05991300709131757,-9.919714321705866,-9.922580349384884,-0.058115089545960515,-0.05834081508786864,-0.05293520218729987,-0.05788310312644959,-9.920128919376129,-9.921629590908998,2.758626244868995,2.728994084284393,1.3051925708716148,1.2996427330361615,0.782535917163601,0.7893676020805374
,-0.057,-0.091,-9.883,-0.067,-0.069,-9.957,2.8,1.26,0.77,-0.0543094181933971,-0.052694479714063665,-0.06347789697815752,-0.06127252020531851,-9.919689359417127,-9.920849400231855,-0.056747149755741653,-0.05871950322535375,-0.05483800361025336,-0.0583692732468914,-9.919755290952018,-9.923176428686071,2.7668572118500268,2.7320993532266344,1.3108474458954245,1.2979090556877022,0.7816766039347659,0.7885206076770391
21806.0,-0.022,-0.055,-9.947,-0.036,-0.057,-9.916,2.73,1.47,0.77,-0.05353201852025387,-0.05135213219845528,-0.062324063320524314,-0.06099820697399324,-9.919838873144434,-9.921993032342822,-0.055287245878603154,-0.05772592167601617,-0.05687385937556377,-0.058309391451914716,-9.919407312105333,-9.922862585242317,2.7737376842132795,2.732007543180841,1.3164791469502273,1.305435029534083,0.7814636726024669,0.787710654488895
,-0.043,-0.055,-9.947,-0.05,-0.048,-9.926,2.87,1.4,0.77,-0.0528776146642451,-0.0509868722555903,-0.061007475462784025,-0.06073589015661596,-9.920133549466112,-9.923086650518476,-0.053790117418589294,-0.057388047508928286,-0.05894146031001906,-0.057858535593407645,-9.919150618173683,-9.922999792353975,2.7788181562270347,2.738042303610386,1.32160532659916,1.3095705957450439,0.7817664979239728,0.7869361226097287
,-0.089,-0.065,-9.928,-0.045,-0.053,-9.914,2.8,1.4,0.77,-0.05235419700011391,-0.05264928282790024,-0.059578088997506835,-0.06092237050447881,-9.920529315451383,-9.923301523763804,-0.05231762094517141,-0.056846286744394806,-0.06094272157579429,-0.05764605949855084,-9.919047879173363,-9.922606208588428,2.781797325939851,2.740751870952663,1.3257913810679618,1.3135253031474947,0.7824120759338807,0.7861954629757818
,-0.105,-0.065,-9.895,-0.057,-0.079,-9.899,2.87,1.47,0.84,-0.051951585070816854,-0.054938712581749025,-0.0580986631620955,-0.061100695593350615,-9.920972209273543,-9.922063826286402,-0.05093340244628871,-0.0568530090152624,-0.0627894539476042,-0.058579921523501076,-9.919148583804086,-9.921573849162668,2.782547424240099,2.7464042197313336,1.328690255435817,1.320368338850729,0.7832006160861125,0.7885484719622748
21882.0,-0.053,-0.043,-9.919,-0.074,-0.057,-9.914,2.73,1.26,0.77,-0.051647244460176156,-0.05485392775914142,-0.0566420653489102,-0.060309106226569945,-9.921404037408516,-9.921929837385397,-0.04969771237581538,-0.05760289045853625,-0.06440952787112383,-0.05851082754465914,-9.919479984262583,-9.921242625512624,2.781121881826527,2.7456868215604904,1.3300670244614468,1.3177282781481998,0.7839236336068753,0.7877373001982041
,-0.041,-0.065,-9.921,-0.045,-0.096,-9.878,2.8,1.05,0.77,-0.05141125481635025,-0.05424806033013982,-0.0552870966625534,-0.060514250919081594,-9.921768412684678,-9.921889173236147,-0.04866254809978349,-0.05705173406643915,-0.06575186494994972,-0.06015032422212143,-9.92004092441362,-9.919351515727868,2.7777448850202355,2.7480620747272564,1.3298083446321418,1.306019840918502,0.7843835284039874,0.7869616030345298
,-0.005,-0.072,-9.933,-0.026,-0.081,-9.931,2.73,1.26,0.7,-0.05120963408109392,-0.052094317636061656,-0.05411309388315652,-0.061016551882880236,-9.922017040337645,-9.922375077895284,-0.047867248103288296,-0.055693762911113824,-0.06678955773671401,-0.06106213347063761,-9.92079987273949,-9.91986093351468,2.772784960623876,2.7472721743489887,1.3279217894514168,1.3040072764541062,0.7844138201948861,0.7831585513824362
,-0.045,-0.043,-9.904,-0.036,-0.017,-9.938,2.73,1.33,0.7,-0.05100656216682449,-0.05178406511696322,-0.05319362893771886,-0.06022864233415663,-9.92211595994447,-9.921571489093923,-0.04733490324427984,-0.05483250466653763,-0.06752067607428604,-0.0591351845225629,-9.921697653053181,-9.920654200937971,2.766716675911878,2.746516818319419,1.324531555059913,1.3051440042371067,0.7838994704638682,0.7795218168331074
21958.0,-0.072,-0.053,-9.921,-0.053,-0.065,-9.938,2.8,1.54,0.91,-0.05076664536977068,-0.05266815926740134,-0.052589768510427674,-0.05991251545502824,-9.92205114796167,-9.921546496425124,-0.04707020492376834,-0.05475236458567024,-0.06796682609590576,-0.05939166779118245,-9.922654351143963,-9.921412776763137,2.760075204529211,2.7488557736209764,1.319873729610294,1.3154148531120466,0.7827961575370386,0.7852279590009098
,-0.055,-0.043,-9.95,-0.024,-0.098,-9.897,2.8,1.47,0.91,-0.05045794076244149,-0.052770136581998535,-0.05234360308392328,-0.059172888221883,-9.921832683639089,-9.922790840365465,-0.04705926209169434,-0.05340748561768618,-0.06816995097261601,-0.061080108165643125,-9.92357909138463,-9.92034514406363,2.753408026103284,2.751092440469776,1.3142883844872946,1.3221752539987222,0.7811455753465735,0.790684557086714
,-0.043,-0.022,-9.938,-0.084,-0.069,-9.921,2.73,1.4,0.84,-0.05005558706019153,-0.052342863707847444,-0.052472987932469316,-0.05754722345683504,-9.92149658206218,-9.923455975524623,-0.047271449546200384,-0.05474537393049889,-0.06818784237878815,-0.06142646514014708,-9.924381137397823,-9.920373782576075,2.7472271506997443,2.7501700145050267,1.308201895064857,1.3255787276989068,0.7790818953911958,0.7928412465922033
,-0.06,-0.081,-9.909,-0.048,-0.077,-9.938,2.66,1.12,0.7,-0.04954532254852969,-0.05267772971548778,-0.052968439577976055,-0.05857287290976946,-9.92110343548964,-9.922823779018543,-0.04766279158663925,-0.05445038160543576,-0.06808847110749862,-0.06210753535287285,-9.924980935662553,-9.921144621808047,2.7419648723271246,2.7462266508747994,1.3020945007833369,1.316588248076536,0.776824555697454,0.7887810632019004
22033.0,-0.045,-0.026,-9.933,-0.045,-0.074,-9.938,2.8,1.26,0.84,-0.04892614493914677,-0.05234196310516874,-0.053792798036151716,-0.05714837849142546,-9.920733339796925,-9.923268810994324,-0.0481800682808336,-0.054037092428105435,-0.06794306279286692,-0.06262762302082629,-9.925319854719726,-9.921881750283635,2.7379364013795344,2.7485782959352982,1.2964542472597125,1.314113500339295,0.7746554443158262,0.791020997326978
,-0.06,-0.081,-9.94,-0.057,-0.048,-9.962,2.66,1.19,0.77,-0.04821160892582285,-0.05267686849845039,-0.05488372347506545,-0.058191470447162275,-9.920477214980183,-9.924000508361544,-0.048764909623655525,-0.0541666678975436,-0.06781812539359362,-0.06198791993401145,-9.925367317388835,-9.923636223183616,2.7353131032368654,2.744704542198691,1.2917248462824382,1.3086857019082443,0.7728828302624493,0.7901016957522211
,-0.045,-0.067,-9.916,-0.024,-0.084,-9.919,2.66,1.33,0.7,-0.0474294956403587,-0.05234113955133859,-0.056158607275337245,-0.05857668980489575,-9.920425315814077,-9.923650625821661,-0.049357518161200396,-0.05284740293251807,-0.06776714775075621,-0.06295056407280147,-9.925124085664347,-9.923433469374778,2.734109683224562,2.741000197546481,1.288257665648974,1.3096178302699866,0.7717977687584496,0.7861613198744805
,-0.043,-0.026,-9.897,-0.072,-0.065,-9.923,2.73,1.33,0.7,-0.04661979403613739,-0.051932627806344084,-0.057521252123695334,-0.05715202846403872,-9.920654308495259,-9.922485126302062,-0.04990004719582622,-0.053684994621006704,-0.06782307478848722,-0.06304019110837598,-9.924620976779808,-9.92341451265866,2.7341874070965217,2.7405191309838526,1.286276335778945,1.3105091942922689,0.771630293390125,0.7823932666364888
22109.0,-0.069,-0.06,-9.899,-0.034,-0.034,-9.914,2.8,1.19,0.77,-0.04583115216728311,-0.05267902731777221,-0.05886973672747914,-0.05727657748886123,-9.921214757003764,-9.921458062112052,-0.05033982226743201,-0.052824119836015135,-0.06799280011978637,-0.061770189832893854,-9.923913204990887,-9.923002792121425,2.7352735527334584,2.74312038037768,1.2858587210352443,1.3052390213141591,0.7725128196247483,0.7818512776262584
,-0.029,-0.057,-9.921,-0.065,-0.067,-9.935,2.73,1.12,0.77,-0.045116180317953655,-0.05164348334412827,-0.060105034468586574,-0.057264482053183394,-9.922121089166623,-9.921438029893105,-0.05063252479927445,-0.053356601983968986,-0.06825485767372463,-0.06199890270733629,-9.923071444655722,-9.92352746047678,2.7369950029999495,2.7425465928377744,1.286937910777958,1.2971380486841895,0.7744569955544391,0.7813329911712805
,-0.019,-0.077,-9.923,-0.038,-0.045,-9.923,2.73,1.33,0.7,-0.04452620337730955,-0.05021590095224569,-0.061139924931641346,-0.05812756635146573,-9.923345850606882,-9.921506338810929,-0.05074531825536295,-0.05268501879658814,-0.06856124195246054,-0.06125549754035421,-9.922171230288441,-9.923504393291177,2.7389219240378746,2.7419978984835445,1.2893219588859488,1.298575185235053,0.7773479019678811,0.7777760930041568
,-0.053,-0.053,-9.904,-0.029,-0.065,-9.887,2.73,1.4,0.7,-0.044106224127172716,-0.05033765667101907,-0.061907458518243044,-0.05790332485862643,-9.924819314851247,-9.920740742175013,-0.050659809658924713,-0.051649212800366266,-0.06884373455469622,-0.06141925413830664,-9.921282434491783,-9.921907963506419,2.740616669822658,2.7414731999262814,1.292729931541205,1.3030107498508752,0.7809567299050236,0.7743747470230415
22185.0,-0.057,-0.069,-9.928,-0.069,-0.072,-9.89,2.73,1.33,0.77,-0.0438908327616692,-0.050629017857105246,-0.06236794765978966,-0.05838861063138743,-9.926434633247528,-9.921058207947272,-0.050374664337716694,-0.052408006769452724,-0.06902425280278952,-0.06188197701398452,-9.92046048868238,-9.92051254726415,2.741683325217519,2.740971447768871,1.296838580863915,1.3041910582719105,0.7849704055376814,0.7741834282304606
,-0.024,-0.086,-9.928,-0.067,-0.081,-9.933,2.73,1.26,0.91,-0.04390149993074249,-0.04946446330864686,-0.06251339811059259,-0.05959612677978693,-9.928057962504493,-9.921361790135427,-0.049907507716763104,-0.053046151675092704,-0.06902777132608628,-0.06271805669012458,-9.919740746126008,-9.921058655271597,2.741813716483873,2.7404916385069984,1.3013310564860103,1.3022584711150014,0.7890338588926854,0.7801230316833172
,-0.067,-0.079,-9.916,-0.077,-0.105,-9.931,2.8,1.47,0.91,-0.04414530386738101,-0.050231336841991436,-0.06236847174332742,-0.060444707412297176,-9.929542420703045,-9.921127305441939,-0.04929548291330412,-0.054093714269009774,-0.06879559653524674,-0.06456715340346944,-9.919136746083906,-9.921493415512602,2.740825640895526,2.743094090216628,1.3059384842769532,1.3095942339837872,0.7927976827543063,0.7858028811995404
,-0.026,-0.057,-9.95,-0.019,-0.089,-9.926,2.87,1.47,0.84,-0.04461493045083431,-0.049171638970819706,-0.06198745009215864,-0.06029406161279283,-9.93074422957734,-9.922389981668086,-0.048593768799639205,-0.05255897705888884,-0.0682964611999244,-0.0656356638077382,-9.918642178403987,-9.921690499892168,2.738688691276747,2.7486440078011793,1.3104671304741702,1.3166091853205406,0.7959620035294173,0.7881730587836745
22261.0,-0.045,-0.067,-9.954,-0.05,-0.072,-9.907,2.73,1.12,0.84,-0.04528977683462246,-0.048989202608950726,-0.061447281818775394,-0.06058732932144098,-9.93153902569182,-9.92377236801154,-0.04787174635858544,-0.05244706649615907,-0.0675332355848547,-0.06591399238524671,-9.918235535698928,-9.921048047040157,2.735533162663622,2.7478286580123563,1.3148071506651624,1.3080109665554935,0.7983081529458163,0.7904395824853758
,-0.069,-0.045,-9.952,-0.057,-0.055,-9.919,2.73,1.33,0.77,-0.046138032136742876,-0.04986432557612421,-0.060837577542687114,-0.05990565584189283,-9.931836172683084,-9.925006834014034,-0.047207161924774414,-0.05264617783587045,-0.06654401282689854,-0.06543669579314998,-9.917886170368876,-9.920958480744138,2.7316389930803013,2.747048965539558,1.3189230208309404,1.3089726028070225,0.799713426038713,0.7895457076575596
,-0.014,-0.041,-9.938,-0.045,-0.077,-9.95,2.73,1.4,0.77,-0.04711960789822127,-0.04829588757735199,-0.06024908917670362,-0.0590788635200577,-9.93158913725355,-9.925575058145657,-0.046679128510937945,-0.05231179106934129,-0.0653976038209029,-0.06594238843947874,-9.917560642271935,-9.922228540102882,2.7274046407963652,2.746303370997839,1.3228299632500893,1.3129534619586538,0.800149162818549,0.7886909242450585
,-0.043,-0.067,-9.897,-0.012,-0.06,-9.864,2.8,1.12,0.7,-0.04818975851249772,-0.048064284970022485,-0.05976250018755011,-0.05942527492607263,-9.930800688195957,-9.924325398315371,-0.04636093062449656,-0.050548854114692045,-0.06418458458446885,-0.06568251270831071,-9.917228496482636,-9.91968205823146,2.7232992013145103,2.7486516608926035,1.3265633811531587,1.3045151172562492,0.7996664200610947,0.7848122449865592
22336.0,-0.045,-0.043,-9.962,-0.038,-0.038,-9.959,2.66,1.4,0.84,-0.04930315645621757,-0.047930276009618404,-0.05943917619087336,-0.05870695595811514,-9.929522640277128,-9.92597300428374,-0.0463134946211085,-0.050000060869082125,-0.06300567375541803,-0.06447188615572014,-9.916866789172587,-9.921401531633306,2.719803673332378,2.744774698720177,1.3301485440376926,1.3086909135663103,0.7983753293567597,0.7872257456070096
,-0.084,-0.065,-9.933,-0.093,-0.043,-9.945,2.66,1.26,0.77,-0.050417964015898716,-0.04950769660244848,-0.059315012262549524,-0.058982166748913066,-9.927850664503234,-9.926280312644389,-0.046580138626144366,-0.05188055736230832,-0.061959401251562914,-0.06353286606790445,-9.916462810579798,-9.922433552559522,2.7173488580358014,2.7410672859451903,1.333576218698251,1.3065615363145273,0.796423769421686,0.7864724200241858
,-0.081,-0.055,-9.887,-0.053,-0.086,-9.907,2.66,1.4,0.77,-0.05149907317475815,-0.05088493497300537,-0.05939790412162319,-0.05880801648828191,-9.925915079614894,-9.924562484859663,-0.047182784651569755,-0.051929513430551535,-0.06113086539021427,-0.06451541086741025,-9.916014600139855,-9.921758604128133,2.7162582830826163,2.7375220077420943,1.3367876005748074,1.31064783752435,0.7939790261497112,0.7857520392814104
,-0.077,-0.038,-9.957,-0.038,-0.043,-9.899,2.66,1.4,0.84,-0.05251950135923848,-0.05202701305953752,-0.05966885394642049,-0.057898029106251594,-9.923868666689689,-9.925981059739145,-0.048119421952541416,-0.0513203404482655,-0.06058289789772939,-0.06357448733346518,-9.91552916817788,-9.92076331259706,2.7167045697011347,2.7341317735544823,1.339669363812498,1.3145554344092214,0.7912139052468744,0.788124440311686
22412.0,-0.01,-0.069,-9.926,-0.038,-0.067,-9.895,2.66,1.33,0.77,-0.05345936905967127,-0.050189065093178505,-0.0600863257743689,-0.05838354647570717,-9.921872609700268,-9.925981888044833,-0.04936266749377988,-0.05073780814687599,-0.06035030926556457,-0.06372429369801162,-9.915018933932695,-9.91963661753721,2.7186861826104076,2.7308898029139796,1.3420577761291612,1.315230864468423,0.788297182558189,0.7873318125280968
,-0.031,-0.077,-9.904,-0.034,-0.057,-9.933,2.66,1.26,0.77,-0.054302947398451894,-0.04934987856535234,-0.06059310407742668,-0.05919769124605568,-9.92008168491087,-9.92502056427977,-0.05085977402545448,-0.05000582130780948,-0.060437364858036476,-0.06343022326502717,-9.914497470685637,-9.920221032175156,2.7220284891142836,2.727789611879305,1.343750437336259,1.3128154785620731,0.7853874944244523,0.7865738483695637
,-0.043,-0.067,-9.923,-0.053,-0.053,-9.892,2.73,1.26,0.77,-0.05503533073982065,-0.04907218225656916,-0.06112455270904598,-0.059538906013969405,-9.918629838209274,-9.924932199874627,-0.052534861829880104,-0.05013676434271969,-0.06081838977155524,-0.06297408312460202,-9.913975761995658,-9.918986854799252,2.726409161431492,2.727886277762877,1.3445250558689599,1.3105057236128475,0.7826295584255374,0.7858490319077698
,-0.029,-0.065,-9.921,-0.024,-0.043,-9.933,2.73,1.33,0.84,-0.055640593822518895,-0.04819437477340146,-0.06161696433998575,-0.05977773351692569,-9.917617384290345,-9.924760234792249,-0.05429405845440076,-0.04899373729002734,-0.06144129159392703,-0.062100565765499174,-9.913459787753625,-9.919599685211148,2.731403890149859,2.727978716201975,1.344165352692403,1.3113582578053358,0.7801516347283362,0.7882171912042797
22488.0,-0.093,-0.067,-9.902,-0.055,-0.081,-9.897,2.87,1.33,0.77,-0.056102602191236695,-0.050153838503312724,-0.06201481480418152,-0.060093581563901204,-9.917101165850772,-9.923764871948094,-0.05603365186213719,-0.04925640640518843,-0.06223363483413878,-0.06292708600064954,-9.912949755579502,-9.91861134360773,2.736544740951911,2.734189667462453,1.3424932039623492,1.3121735085134347,0.7780630995157272,0.7874205071887098
,-0.036,-0.048,-9.89,-0.089,-0.069,-9.909,2.87,1.47,0.84,-0.05640841964587409,-0.04953485521614728,-0.06227615734517078,-0.05956469854264341,-9.91708898748018,-9.922288248385923,-0.057650554567171795,-0.05099449464191135,-0.06311061901018322,-0.06319266994588893,-9.912440962903217,-9.918191015153438,2.741381078259355,2.7401289980578563,1.339403394154795,1.3190756616275372,0.776451005868624,0.7897199418820057
,-0.067,-0.069,-9.876,-0.079,-0.067,-9.911,2.73,1.4,0.7,-0.05655317662301829,-0.05029865033268753,-0.06237585912918732,-0.05997732822681739,-9.917539424552537,-9.920263945781628,-0.05905358182532878,-0.0522192464829912,-0.06398398805277004,-0.06335917415403472,-9.911926106720282,-9.917876533806439,2.7455327768153763,2.7396860312603986,1.3348943480027857,1.3226146883704064,0.7753749874092647,0.7857962610700889
,-0.079,-0.081,-9.928,-0.067,-0.065,-9.907,2.73,1.54,0.84,-0.05654471246965899,-0.05155383321180543,-0.06230667778317072,-0.060896703029357284,-9.918367580704603,-9.920602263070514,-0.060173562882809443,-0.05286564635512475,-0.06477074057090049,-0.06343093163350319,-9.911398707501275,-9.917400875373081,2.7487279676521945,2.7392624365254616,1.3290869378099286,1.332121499878993,0.774860937844699,0.788166728169289
22564.0,-0.105,-0.065,-9.947,-0.065,-0.065,-9.923,2.73,1.19,0.7,-0.056406276339217354,-0.05389116975815688,-0.06207828557399686,-0.061076150622072854,-9.919456375559273,-9.921756703116902,-0.06097043979445404,-0.05339631244298317,-0.06540064205774448,-0.06349955097623868,-9.910857097451386,-9.917645739306353,2.7508220003919286,2.738857366663576,1.3222251829306015,1.325906165914896,0.7748951048835362,0.784310973335851
,-0.045,-0.048,-9.947,-0.041,-0.065,-9.921,2.8,1.26,0.77,-0.05617596399841237,-0.05350233633446324,-0.061714447309417865,-0.06050429736165684,-9.920671666580965,-9.922860656569524,-0.06143625548567699,-0.052854190231903,-0.06582184302922532,-0.06356516942092663,-9.91030818970147,-9.917792429641253,2.751798591240989,2.7415312892295054,1.3146571854377893,1.3230239219771172,0.7754209724706997,0.783685118143573
,-0.05,-0.05,-9.928,-0.096,-0.091,-9.904,2.73,1.33,0.7,-0.05590240828917199,-0.053349170275901976,-0.061248801156200364,-0.06004491777294952,-9.921878562090743,-9.923085413103925,-0.061593867572462484,-0.05474106601838458,-0.06600417515213618,-0.0647649642052664,-9.909770130905425,-9.917189251681059,2.751756595292329,2.741026996679406,1.3068001214060554,1.323329003577781,0.7763412920125556,0.7800253554930939
,-0.05,-0.05,-9.933,-0.045,-0.062,-9.933,2.66,1.19,0.77,-0.055637452926136574,-0.05320270255789252,-0.06071998003085796,-0.059605628019788096,-9.922956227995229,-9.923519003156997,-0.06149189996283838,-0.054315064473775744,-0.06593987940982275,-0.06464404530172867,-9.909273052798122,-9.917880695840514,2.7508865342956637,2.7374834804281765,1.2990968770775992,1.3174981877966236,0.7775268025203225,0.7795869212480893
22639.0,-0.002,-0.091,-9.895,-0.065,-0.065,-9.916,2.8,1.26,0.77,-0.05542767238560064,-0.05096347839734973,-0.0601668658332567,-0.06097858360086654,-9.92380928825336,-9.92227179475366,-0.06119677922115154,-0.05478234382796826,-0.06564173824855161,-0.06465961210427247,-9.908857474660484,-9.917798448237276,2.749440905895635,2.74021748652678,1.2919725222463572,1.314983646085548,0.7788315341440376,0.7791676608455808
,-0.029,-0.06,-9.95,-0.074,-0.062,-9.897,2.8,1.33,0.91,-0.055307086841216144,-0.050002959732904265,-0.05962450469063741,-0.060935787655873326,-9.92437498865569,-9.92348441955693,-0.06078290012121967,-0.05562278071625092,-0.06513893997634068,-0.06454330051554676,-9.908570392672539,-9.916888879299151,2.74770183439332,2.7428319275984374,1.2857969012851702,1.3156403493611315,0.7801123681365175,0.7848892911537401
,-0.086,-0.036,-9.919,-0.034,-0.072,-9.892,2.73,1.4,0.84,-0.05529299507566502,-0.051577201682007946,-0.05912090200698429,-0.0598452823623673,-9.924626060705839,-9.92328830450604,-0.0603221703066052,-0.054677161626258484,-0.06447141859911092,-0.06486940091277903,-9.908459644456041,-9.915800425427161,2.7459488043889704,2.742270754830803,1.2808567666005766,1.3193296110299257,0.7812485484402706,0.7872994223497186
,-0.06,-0.06,-9.933,-0.053,-0.031,-9.909,2.73,1.12,0.77,-0.05538566639101592,-0.0519455520336657,-0.05867486753062935,-0.059852048557410574,-9.924569533518834,-9.923713021603058,-0.059874358092997806,-0.05460381509087967,-0.06368370067754063,-0.06338820603363657,-9.90856761925016,-9.915503025560401,2.7444285672861826,2.7417341235728308,1.2773384401895667,1.3106124211428265,0.7821562966198874,0.7865428746959082
22715.0,-0.062,-0.053,-9.947,-0.031,-0.048,-9.899,2.66,1.26,0.77,-0.05557124143529798,-0.052385258566376165,-0.05829522897977858,-0.05955239108011984,-9.924241834658092,-9.92473142028218,-0.05947968652231897,-0.05357156033884344,-0.06281934436288843,-0.06271524072093711,-9.908925571165863,-9.914781306359835,2.743329451271455,2.7381596828675154,1.2753209150672975,1.3083990114869897,0.7827952691485206,0.7858194127914897
,-0.077,-0.043,-9.926,-0.062,-0.081,-9.895,2.73,1.26,0.7,-0.0558262912030816,-0.053461723693609735,-0.05798174257337124,-0.058828513000062435,-9.923700705760112,-9.92478689849352,-0.05915484030060761,-0.05394015740075828,-0.06191683700340591,-0.0635148796599383,-9.909549567058258,-9.913916219618018,2.7427628365658303,2.737802839222424,1.274779454932498,1.3062823998541266,0.7831666291204731,0.7820663120181658
,-0.038,-0.062,-9.914,-0.072,-0.077,-9.935,2.73,1.26,0.77,-0.0561224025634074,-0.05278554326701561,-0.05772773493079301,-0.058967210177366274,-9.923014873297431,-9.924315160039935,-0.05889290734975288,-0.054729960162401545,-0.06100731391959392,-0.0641046182042886,-9.910438593372383,-9.914838266855146,2.7427543340424925,2.737461601255777,1.2755996631495616,1.304258353020972,0.7833051776317083,0.7815386215633665
,-0.086,-0.067,-9.878,-0.065,-0.038,-9.909,2.8,1.33,0.84,-0.05642965110700645,-0.05423809577460464,-0.05752404211315022,-0.05931850446748829,-9.92225298909375,-9.922289680520693,-0.05866692010773236,-0.05517909507492078,-0.06011384109555219,-0.06296299698383258,-9.911574798175772,-9.914582944625172,2.743245709828444,2.74019656418613,1.2776006064105485,1.3053841005883475,0.7832688258388637,0.7840952860461823
22790.0,-0.065,-0.081,-9.928,-0.045,-0.098,-9.911,2.73,1.19,0.77,-0.056718463411406954,-0.05470874116539638,-0.05736337110387671,-0.060266691305442946,-9.92147381950979,-9.922539407287127,-0.058435958506814295,-0.05473393740773606,-0.059251629014277316,-0.06449525406690562,-9.912925451180339,-9.914426253361434,2.7441065110052776,2.7397506425503666,1.2805635165706657,1.3003380609679231,0.7831276838326028,0.7834788634066021
,-0.029,-0.057,-9.902,-0.084,-0.024,-9.914,2.73,1.4,0.84,-0.05695995876708945,-0.05358443265278208,-0.05724397889595313,-0.060123830602183924,-9.920719645419188,-9.921641166867326,-0.058152501359545604,-0.05601381661658172,-0.05842860240182897,-0.06272429380965341,-9.914446084225553,-9.914407612219897,2.7451528238389735,2.7393242221997043,1.284261063682511,1.3046965305528995,0.7829534637854562,0.7859506761883235
,-0.045,-0.038,-9.89,-0.05,-0.062,-9.902,2.73,1.47,0.77,-0.05712538347987848,-0.05320901362135638,-0.057171699856951363,-0.05915629932876816,-9.920014179113027,-9.920257418319347,-0.05776982100122054,-0.05575081714990908,-0.05764606583721142,-0.06269261860274272,-9.916084389239568,-9.913864995840887,2.7461701853375335,2.7389164502934413,1.2884816225755094,1.3119256708934701,0.7828091081186571,0.7852531126279332
,-0.043,-0.098,-9.923,-0.057,-0.069,-9.907,2.8,1.4,0.77,-0.05718561756620066,-0.05276254754018802,-0.05715982603286557,-0.06085503296357134,-9.919365226682096,-9.920377358378266,-0.05724848412996636,-0.05580544708698509,-0.05689948835698017,-0.06296845640248636,-9.917784584591535,-9.913564772146023,2.746937936571757,2.7415877889822537,1.2930434818765837,1.3157773848813392,0.7827389938879463,0.7845860552927988
22866.0,-0.074,-0.043,-9.95,-0.06,-0.053,-9.954,2.73,1.05,0.7,-0.057111705492735254,-0.053691315247373424,-0.05722690408687278,-0.0600741870472037,-9.918771155235572,-9.921672831693243,-0.056561311642898016,-0.05598888553371314,-0.05617953014085979,-0.06253251049915191,-9.919491906424321,-9.915333107304608,2.747252523320585,2.7410810255545424,1.2977963041535998,1.3041542651665297,0.7827611755129581,0.7808868923737616
,-0.067,-0.041,-9.962,-0.093,-0.05,-9.935,2.8,1.19,0.7,-0.056876867336836515,-0.05427333781560474,-0.057392953297675076,-0.05924002442794509,-9.918229205342488,-9.92343644113352,-0.055696428007105406,-0.057607475521767385,-0.05547338814645076,-0.061984432001337714,-9.921156642596376,-9.91619319044644,2.7469472838347633,2.743657701872428,1.3026115861512788,1.2991620093710297,0.7828639450619852,0.777349503239472
,-0.034,-0.053,-9.914,-0.019,-0.055,-9.914,2.8,1.33,0.84,-0.05645980551349113,-0.053386733289208496,-0.0576749369983105,-0.058967132319454656,-9.917743140554665,-9.923023761608414,-0.05465830026533992,-0.055919072612406105,-0.0547664931824795,-0.06167898505998964,-9.922736955113562,-9.91609727666082,2.7459065608483813,2.7461216935940587,1.3073682524907442,1.3005106329832483,0.7830086249049941,0.780089368500638
,-0.053,-0.055,-9.911,-0.055,-0.034,-9.931,2.73,1.33,0.84,-0.05584874436268044,-0.05336982046075178,-0.05808251582760698,-0.05879363955258851,-9.917328012502313,-9.922497931991048,-0.0534669902132375,-0.05587887923400648,-0.05404460969409412,-0.06046851278041505,-9.924199933531375,-9.916749010582896,2.7440729154032866,2.745416651008389,1.3119404922006446,1.3018002778614335,0.7831386355566079,0.7827094124988052
22942.0,-0.067,-0.057,-9.926,-0.014,-0.086,-9.907,2.66,1.47,0.84,-0.055045570811141684,-0.05396590281211423,-0.05861502504312028,-0.058715199141812925,-9.917010888381562,-9.922651086315053,-0.0521562081382677,-0.05404740953587457,-0.05329636438970205,-0.06158506952802117,-9.925520891360401,-9.916322661602313,2.741447794112972,2.741681164030248,1.3161918344189567,1.3091560786843182,0.7831923033163632,0.7852148753219701
,-0.043,-0.041,-9.943,-0.081,-0.022,-9.907,2.66,1.26,0.77,-0.054069409559249,-0.05348633604527635,-0.05926023419244955,-0.05794046851343792,-9.916827644945503,-9.923540995966064,-0.05077090955859812,-0.05522611473582465,-0.05251607464694186,-0.059853913951151166,-9.926681498990126,-9.915914957944937,2.7380877272962927,2.7381090393801673,1.319975355996657,1.3070063585811065,0.7831152565062738,0.7845494902012906
,-0.093,-0.065,-9.866,-0.045,-0.069,-9.952,2.73,1.19,0.77,-0.05295881326427252,-0.05521436887516352,-0.059994959443869574,-0.05824919974591435,-9.916816830952177,-9.92102458214507,-0.04936486960181658,-0.05477890077950953,-0.05170654274160272,-0.0602538955113399,-9.927667565054827,-9.91749304843562,2.734098994910093,2.7377544105033356,1.3231382098579403,1.3018893735005688,0.7828687122848473,0.7839132040610136
,-0.048,-0.091,-9.914,-0.067,-0.055,-9.935,2.8,1.33,0.84,-0.05177163972767049,-0.05489886621062996,-0.06078715520406513,-0.059681475378692554,-9.917012075975006,-9.920717379336017,-0.04799805813483747,-0.05531336047159262,-0.05088135606509447,-0.06002412932365366,-9.92846706297426,-9.918258671868799,2.7296327571012515,2.7404765681419985,1.3255296350396941,1.3031187225560088,0.782431955656106,0.7863660220233469
23018.0,-0.057,-0.072,-9.935,-0.081,-0.06,-9.931,2.8,1.4,0.77,-0.05058186768821093,-0.05499075412495188,-0.06159876838709306,-0.06022019573086703,-9.9174346926862,-9.92134199459398,-0.04673319976713953,-0.05643670242351655,-0.05006621752509501,-0.060023074087078174,-9.929068601599887,-9.918815882491744,2.7248802228009206,2.7430796789169456,1.3270128430651364,1.3073555867510491,0.7817994326834621,0.7856502943352387
,-0.045,-0.065,-9.885,-0.024,-0.014,-9.928,2.73,1.19,0.7,-0.049473129360507774,-0.05455383308561142,-0.06238855327718336,-0.06042922870505441,-9.918087932425355,-9.919752666916498,-0.04563099336055515,-0.05501816308620418,-0.04929890470525723,-0.0580103682280131,-9.92946033131704,-9.919217527264195,2.7200652463408526,2.7425076713552383,1.327480629703419,1.3022233290361267,0.7809743034023935,0.7819045895413126
,-0.074,-0.043,-9.926,-0.034,-0.091,-9.895,2.73,1.47,0.77,-0.04852943766217081,-0.05540426332873019,-0.06311440111454494,-0.05966700428981272,-9.918953827367478,-9.92002587865105,-0.04474408045045077,-0.05409898545999112,-0.04862760779687867,-0.059453088569341186,-9.929629421424591,-9.918158433320915,2.7154314942105557,2.7419606791362416,1.3268725840191973,1.3095606287572297,0.7799610781131326,0.7813839716209574
,-0.043,-0.017,-9.928,-0.024,-0.045,-9.933,2.73,1.47,0.84,-0.04782421781243626,-0.054861793405233034,-0.06373540527915143,-0.05780106788234071,-9.919992937459323,-9.920374607219888,-0.04411066837760693,-0.05278268041977113,-0.04810755399307847,-0.058821018317144216,-9.929562509818306,-9.918807492707,2.71122318518408,2.7414376082755174,1.3251900259409,1.316577049735847,0.7787601066213569,0.7839473993383325
23094.0,-0.022,-0.079,-9.909,-0.024,-0.067,-9.945,2.66,1.19,0.63,-0.047409237040885246,-0.05342466376019985,-0.06421435407691391,-0.05872815099718017,-9.921146817223018,-9.919877166771805,-0.04374924697425562,-0.0515239407403907,-0.04779594201467973,-0.059178705948420715,-9.929247525493713,-9.919952957540412,2.7076611262901684,2.737876134936856,1.322504412080737,1.311041514035983,0.7773659755499034,0.7772148887709193
,-0.005,-0.089,-9.938,-0.043,-0.036,-9.921,2.66,1.33,0.84,-0.04730539917105207,-0.051306930288311334,-0.0645211533369694,-0.06005201579894089,-9.92234265478165,-9.920669724273553,-0.0436557249948411,-0.05115116717385215,-0.04774542240957332,-0.05816504229832066,-9.928676892593836,-9.91999874736508,2.7049179773456746,2.7344704138680678,1.3189562406761044,1.3118706167531675,0.7757704894981656,0.7799606410645129
,-0.022,-0.072,-9.921,-0.081,-0.024,-9.911,2.66,1.4,0.84,-0.047497479230757395,-0.05002526383137517,-0.06463689682108034,-0.060574531477923764,-9.923499330548026,-9.920684168069473,-0.04380359169742679,-0.052456532404383534,-0.04799680939613407,-0.056670918270904966,-9.92785160077488,-9.91960520929955,2.703097699674857,2.731213633627016,1.3147440313707643,1.3157247383983466,0.7739694056386088,0.7825863146402355
,-0.065,-0.057,-9.923,-0.043,-0.05,-9.938,2.66,1.33,0.77,-0.04793435978605527,-0.050680147057287434,-0.06455754047210013,-0.06041820814247213,-9.92453411502845,-9.920785445278517,-0.0441468021180399,-0.05204297423700146,-0.048572230142097425,-0.05637918208084103,-9.926785288676225,-9.920409660191924,2.7022237893531975,2.7280992806532183,1.3101053974914203,1.3163490318258342,0.7719707949111283,0.7820358831507503
23169.0,-0.053,-0.093,-9.938,-0.031,-0.034,-9.954,2.66,1.12,0.77,-0.04853509066650957,-0.05078160011540199,-0.06429597274580136,-0.061843092609042284,-9.925369327533225,-9.921538281455508,-0.04462451847283146,-0.05112271155618111,-0.049470133453248036,-0.055400483639055725,-9.925507352614334,-9.921878651020563,2.7022392184146837,2.725121126240727,1.3052936087744842,1.3077621902335084,0.7698022135670259,0.7815095234275666
,-0.065,-0.05,-9.916,-0.036,-0.048,-9.947,2.73,1.26,0.77,-0.0491995912787094,-0.05140340683565963,-0.063881702567811,-0.06132516410564485,-9.925938442113695,-9.921296078348572,-0.04516687184589325,-0.05046135699093657,-0.050663303353513774,-0.0550768417034462,-9.92406403034833,-9.922977271381795,2.7030183967949197,2.725334491775205,1.3005536826650461,1.3056734284106262,0.7675142846178039,0.781006182751238
,-0.069,-0.074,-9.914,-0.053,-0.036,-9.935,2.8,1.47,0.77,-0.04982176319859145,-0.05217295052355935,-0.06335801591365905,-0.06187946685428326,-9.926191302352498,-9.920977002321347,-0.04570129143255595,-0.05057237829404963,-0.052100397440267655,-0.054242562989331285,-9.922516538232768,-9.923503055823877,2.7043886066294878,2.728599803987722,1.2961020288351581,1.3128598465280303,0.7651795821941223,0.7805248544404119
,-0.048,-0.053,-9.94,-0.034,-0.065,-9.887,2.8,1.19,0.84,-0.05030255549030952,-0.0519904568041597,-0.06277700892731856,-0.06149114522828376,-9.926098235414985,-9.921808926299576,-0.046159188389933874,-0.04984762612238969,-0.05371081570351766,-0.05471301301748304,-9.92093593303973,-9.921906684529958,2.706156131968494,2.7317223158082147,1.2921123293661565,1.3074868735605372,0.7628869892235481,0.7831258535329549
23245.0,-0.077,-0.055,-9.954,-0.072,-0.069,-9.931,2.59,1.26,0.7,-0.05056099168768929,-0.05308418761465638,-0.062193319514756165,-0.061207270969726196,-9.925652879671636,-9.9232167236693,-0.04648267131676054,-0.05081640566569674,-0.05541205894918636,-0.055337819225640524,-9.919395371383834,-9.922304358298778,2.7081316982418846,2.725524439176859,1.2887081026126772,1.3054101520346535,0.7607325479191832,0.7794905489435873
,-0.031,-0.065,-9.897,-0.031,-0.053,-9.907,2.73,1.4,0.7,-0.050541970376810776,-0.05211839002971863,-0.06165760261275417,-0.06137313663803499,-9.924873502708316,-9.92207019979228,-0.046630716141626796,-0.049949783942134895,-0.057118247260215575,-0.05523558045636625,-9.917961361959467,-9.921635059860371,2.7101512776557786,2.7257201668128332,1.2859609012009103,1.3095468062018156,0.75880857309129,0.7760142254521067
,-0.041,-0.038,-9.902,-0.072,-0.077,-9.88,2.66,1.33,0.77,-0.050220488881624524,-0.05163215460976722,-0.06121078649700041,-0.06035097004031722,-9.923802660352099,-9.921192479007308,-0.0465840917134693,-0.050914095864657616,-0.05874826049873458,-0.05618739377182927,-9.916685988445506,-9.919814253002382,2.712090819899826,2.722846057087945,1.2838929202411442,1.310441276286893,0.7571935735107406,0.7757512081060187
,-0.045,-0.072,-9.947,-0.019,-0.098,-9.907,2.8,1.12,0.7,-0.049602591101817466,-0.0513421136530061,-0.06087993477060276,-0.06086041169143155,-9.92250526865505,-9.922321107412522,-0.04634844547593645,-0.04951841143879707,-0.06023211288428862,-0.05801596518318244,-9.915601863784932,-9.9192538531897,2.713875168632574,2.7262201948662095,1.2824833055428593,1.3021127958410796,0.7559457384269491,0.7724384154816545
23321.0,-0.067,-0.053,-9.935,-0.06,-0.031,-9.902,2.73,1.19,0.77,-0.04872363380866534,-0.05202687277039018,-0.060676188330025284,-0.06051665593456763,-9.921065273945095,-9.922875587570648,-0.04595519956268124,-0.04997679791401442,-0.0615146481027277,-0.056834488445891736,-9.914720928998689,-9.918499298390934,2.71548147985664,2.7263854953397177,1.2816782915068665,1.2972098186814365,0.755101840797352,0.7723317773827418
,-0.038,-0.077,-9.931,-0.048,-0.062,-9.921,2.73,1.33,0.77,-0.04764438185085905,-0.05141344201702702,-0.06059485715062418,-0.061237514413397406,-9.919580963790455,-9.923230888749945,-0.045460142588707585,-0.04989034752314752,-0.0625563589249762,-0.05706038937876621,-9.914037249546338,-9.918608660420311,2.7169368298380276,2.7265435668039055,1.2814059358543402,1.2986438165481329,0.7546816720603969,0.7722298028385947
,-0.065,-0.057,-9.902,-0.06,-0.055,-9.954,2.66,1.26,0.77,-0.0464452114339641,-0.05200761668700055,-0.060617394549673805,-0.06105219715120017,-9.918158858857712,-9.922302408090454,-0.04493972489592366,-0.05033246828923919,-0.06333192691281872,-0.05697028332094939,-9.91353285159816,-9.920156413540788,2.7183097807086942,2.723633447707213,1.2815953166131335,1.2969538243534373,0.7546963804111759,0.7721322879001247
,-0.065,-0.041,-9.904,-0.045,-0.072,-9.921,2.73,1.47,0.77,-0.04521862726648391,-0.052575806590348086,-0.06071483851020404,-0.060175263667422305,-9.916906388158871,-9.92150199732413,-0.04448513463895686,-0.05009926591451899,-0.06382762125797467,-0.057627570984150195,-9.91318475082581,-9.920193305718087,2.719696690750475,2.7239118732004233,1.282197267292703,1.3045215728909134,0.7551579749571004,0.772039037537455
23397.0,-0.022,-0.057,-9.919,-0.041,-0.034,-9.919,2.8,1.33,0.77,-0.044060515057169486,-0.05123864895169064,-0.06085233656764275,-0.06003640132686232,-9.915924019145194,-9.921392578629844,-0.04419441307162119,-0.04970133191765707,-0.064038765346934,-0.05659427732659708,-9.91297107183169,-9.920141119429838,2.721204616287482,2.7272394001345224,1.283200940347687,1.3056358091851947,0.7560870152132696,0.7719498652498602
,-0.017,-0.072,-9.907,-0.024,-0.055,-9.919,2.73,1.33,0.84,-0.04306098748712561,-0.04974130591847313,-0.06099439180983,-0.06055959986634641,-9.91529774825238,-9.920763154630905,-0.04416321239781181,-0.04857734743025473,-0.06396818154183732,-0.05652455553204365,-9.91287466566419,-9.920091215380447,2.7229330559483755,2.727360128174402,1.2846401060709234,1.3067013170978465,0.757516038058082,0.7749258703872535
,-0.017,-0.069,-9.907,-0.038,-0.079,-9.935,2.59,1.12,0.7,-0.04229610809262703,-0.04830944549709256,-0.0611102948898697,-0.060928719990085124,-9.915092673692234,-9.920161256941228,-0.04447513581023972,-0.04811477317661056,-0.06362606740962502,-0.05750746377237887,-9.912883622840056,-9.920743214377701,2.724956902680027,2.7213530210816543,1.2865858039784852,1.298536394561229,0.7594873489056629,0.7716491718764446
,-0.06,-0.084,-9.933,-0.069,-0.074,-9.866,2.66,1.4,0.77,-0.04182181954139684,-0.04882070312189185,-0.06117892042736132,-0.06193768563119436,-9.915347951995576,-9.920722727766243,-0.04519267537430906,-0.049028137162593,-0.06303120506700458,-0.0582287242477954,-9.912989097592304,-9.918349154647714,2.7273133971203976,2.718669897725558,1.2891263026895579,1.302973655591687,0.7620452459332661,0.7715770494038768
23472.0,-0.06,-0.05,-9.959,-0.053,-0.062,-9.919,2.73,1.26,0.77,-0.04167083279228724,-0.04930960215293492,-0.061191967474689295,-0.06141562033481452,-9.916073047759708,-9.9223966900476,-0.0463495180998022,-0.04920183680701759,-0.06221285899498264,-0.058393651709795234,-9.913181615661742,-9.918377617767137,2.729996065227603,2.719165391859401,1.2923388412978143,1.301094308544352,0.7652242988535386,0.7715080810301169
,-0.045,-0.053,-9.895,-0.067,-0.067,-9.892,2.8,1.26,0.7,-0.0418523339746971,-0.04912113231089352,-0.06115500392705551,-0.061047583894582376,-9.917245034735199,-9.921198563245522,-0.0479446805765894,-0.049980195663953876,-0.061212436627573814,-0.05877002916767811,-9.913447401820184,-9.91722405758279,2.732957289190386,2.7227004944714515,1.296258895174083,1.2992971501141057,0.7690364458342814,0.768380851123929
,-0.036,-0.091,-9.885,-0.002,-0.053,-9.909,2.8,1.33,0.77,-0.042353755168978845,-0.04854731188703969,-0.061086201243593055,-0.062357479084861625,-9.91880696960892,-9.919615508185007,-0.049938924277127344,-0.04788189991019321,-0.060084111958129655,-0.05851769114499868,-9.913766124583427,-9.916864398667984,2.736118284428016,2.7260809980724447,1.3008523385635902,1.3006398636785759,0.7734599606592031,0.7684516606144771
,-0.038,-0.041,-9.914,-0.024,-0.062,-9.914,2.8,1.19,0.77,-0.04314386335189405,-0.04808605116394531,-0.0610131240990505,-0.06142346230867609,-9.920667954583728,-9.91936992775715,-0.05225425156653271,-0.04683748380309211,-0.05889397000948187,-0.05866998135104346,-9.914110840571805,-9.916739131242979,2.7393826695296193,2.7293136636695827,1.3059951725757808,1.2958013015814265,0.7784327547600851,0.7685193734262542
23548.0,-0.034,-0.05,-9.928,-0.043,-0.077,-9.935,2.59,1.26,0.77,-0.04417679870491145,-0.04747003238920807,-0.060968230222681635,-0.06092388530354212,-9.922705926102818,-9.919747342723706,-0.05477755307604994,-0.04666966089495831,-0.05771754611307481,-0.05947159959718068,-9.914450096219621,-9.917537725388806,2.742649373362692,2.723221123510595,1.311464766443414,1.2942356197819282,0.7838512533204746,0.7685841249848838
,-0.038,-0.072,-9.928,-0.06,-0.036,-9.914,2.8,1.33,0.84,-0.04539696373625416,-0.04705588383322001,-0.06098389506343563,-0.061408271915854414,-9.924773986431696,-9.920108252375709,-0.05736911250420616,-0.04725263046299016,-0.05663581769689826,-0.058445126964311964,-9.914751449385419,-9.917383011677064,2.7458223059671347,2.7265788586820934,1.3169452510354445,1.2957996869164823,0.7895745800295344,0.7717073224879716
,-0.06,-0.045,-9.897,-0.079,-0.067,-9.938,2.8,1.4,0.84,-0.04674459151755507,-0.04762196289173756,-0.06108782157251823,-0.060690696532695786,-9.926710373254739,-9.91909766983919,-0.05987558366224563,-0.048641023523309096,-0.05572984603534327,-0.05881925327864527,-9.91498534538113,-9.9182846449125,2.748816280623575,2.729789751570956,1.322047420615026,1.3003566311193575,0.7954325233184133,0.7746939346360352
,-0.062,-0.057,-9.931,-0.06,-0.057,-9.895,2.73,1.26,0.77,-0.04816149885952057,-0.048250750953023974,-0.06129956307979588,-0.06052929300451483,-9.92835145131728,-9.9196181889511,-0.06214576278252834,-0.04913778039931354,-0.0550744341657471,-0.05873969271460896,-9.915128402315792,-9.917266348282576,2.751559534472237,2.729798946268472,1.3263407321283467,1.2985917331954948,0.8012352647720844,0.7744886569588826
23623.0,-0.053,-0.065,-9.919,-0.089,-0.055,-9.902,2.8,1.4,0.77,-0.049596223976511374,-0.048458447669782224,-0.06162860165355788,-0.060724808370284426,-9.929546613491482,-9.919591153979,-0.06404664438813314,-0.05088105645240462,-0.0547313246831754,-0.05857614645901649,-9.915165610134059,-9.916598712118665,2.7539930150511074,2.7328690165530136,1.3293929325045168,1.3030265741269997,0.8067833395161991,0.7742923565956478
,-0.062,-0.045,-9.981,-0.098,-0.055,-9.94,2.73,1.26,0.84,-0.05100771611836223,-0.04905065412831425,-0.06207408353256843,-0.060037122582940784,-9.930173523668637,-9.922276718701406,-0.06547713733662427,-0.05294168746483473,-0.05474256443926163,-0.05841975249634205,-9.9150914315077,-9.917622109841714,2.7560666358416883,2.732743547176173,1.3308122636535682,1.301144912817782,0.8118773856113876,0.7771659186400925
,-0.026,-0.067,-9.947,-0.069,-0.041,-9.904,2.73,1.4,0.77,-0.052367065096802154,-0.04804259050936606,-0.06262596049132046,-0.06034162688760221,-9.93015168430896,-9.923357930552463,-0.06637731389782317,-0.05364395823590649,-0.0551247478927334,-0.05765794249976264,-9.914910032052969,-9.91702638039871,2.7577334916391,2.7326235648936845,1.330287659259441,1.3054680967231767,0.8163280699097851,0.7768525348273292
,-0.057,-0.089,-9.911,-0.06,-0.053,-9.892,2.73,1.33,0.84,-0.05365725041673874,-0.04843432076470999,-0.06326693194590838,-0.06159493029287802,-9.92945219530794,-9.922817486878888,-0.06673198436964206,-0.053921924077015855,-0.05586492337519871,-0.057454238850095034,-9.914634830877755,-9.91593191325459,2.7589439773170312,2.732508829740983,1.3276229493766902,1.3065409391275293,0.819966571769315,0.7796141337787088
23699.0,-0.072,-0.089,-9.931,-0.06,-0.057,-9.95,2.73,1.4,0.84,-0.05487124562857569,-0.0494649077389737,-0.06397430021029611,-0.06279342355873958,-9.92810208405803,-9.923175328948924,-0.06656854298426952,-0.05418773376627925,-0.05691891558116479,-0.05743437383209838,-9.914287434112572,-9.917421797169556,2.7596421075717767,2.732399112247764,1.3227615338797007,1.3106281411046252,0.8226553636198816,0.7822549609976459
,-0.065,-0.065,-9.971,-0.074,-0.057,-9.921,2.8,1.33,0.84,-0.056008873764792286,-0.05014429675926652,-0.06472082871058828,-0.06288992274789407,-9.926182537195604,-9.925266823216566,-0.06595009133935151,-0.05505417446197287,-0.05821261166229764,-0.05741537756176592,-9.913895920268676,-9.917578281062573,2.7597657741829833,2.735355470673529,1.3157986706968419,1.3114753216694421,0.8242983254900006,0.7847802981385783
,-0.053,-0.05,-9.919,-0.048,-0.036,-9.897,2.73,1.26,0.77,-0.05707273020326416,-0.050269183911165596,-0.06547413129865391,-0.06232621370515399,-9.92382126376708,-9.92499275912902,-0.06496547669539983,-0.054745677505780486,-0.059646432500524975,-0.0564788287382105,-9.913492416689683,-9.91667834059389,2.7592514127247028,2.7351212623461523,1.3069799070143513,1.3092241751831097,0.8248488778979661,0.7841339181812995
,-0.069,-0.06,-9.887,-0.069,-0.065,-9.921,2.8,1.26,0.91,-0.05806357440703399,-0.05108833004677005,-0.06619494713818888,-0.06222448247475112,-9.921179892587679,-9.923331239327966,-0.06371802956410248,-0.05536905521294616,-0.0611028667037424,-0.05685148118841952,-9.91311003631172,-9.91686733773022,2.758042200955318,2.737958574237956,1.2966861671974923,1.3070714770471434,0.8243149118705233,0.78963836144936
23775.0,-0.014,-0.055,-9.916,-0.031,-0.05,-9.904,2.73,1.4,0.84,-0.05897592920314714,-0.04946636322537008,-0.06683543386995763,-0.0619085375168343,-9.918437921610657,-9.923010625621856,-0.06231464350120494,-0.054303334567815505,-0.06245658233136786,-0.05655184852361502,-9.912779561605083,-9.916304616387634,2.756098078706445,2.7376105255837477,1.285407824074899,1.311135477254248,0.822759661431882,0.7918408037458308
,-0.048,-0.055,-9.931,-0.057,-0.091,-9.902,2.73,1.12,0.77,-0.059794968524061236,-0.04940223543917232,-0.06733890323881761,-0.06160640963395115,-9.915775237264116,-9.923360021244381,-0.06085655329565506,-0.05442126659263042,-0.06358618204236921,-0.05805835363405805,-9.91252655555194,-9.915679039200839,2.753405707100777,2.7372776979807067,1.2737109375725217,1.302776637637908,0.8202981545355688,0.790885649955305
,-0.072,-0.06,-9.911,-0.055,-0.098,-9.899,2.8,1.33,0.77,-0.06049576550931886,-0.05039049304767746,-0.06764215236903649,-0.06153615726279935,-9.913355296502006,-9.922819486139542,-0.05943271047838104,-0.05444657607364522,-0.06438619647055774,-0.05980510322121802,-9.912369622628967,-9.914949622476968,2.7499866570722684,2.7400207034681157,1.2621987728091406,1.3039671843803087,0.8170895898551339,0.7899722674646897
,-0.043,-0.05,-9.892,-0.091,-0.043,-9.928,2.87,1.26,0.84,-0.061045441582716985,-0.05006728802598995,-0.06768092385519721,-0.06103165182124625,-9.9113107328343,-9.921471671775619,-0.05811599910699364,-0.05604515009254415,-0.0647776888222333,-0.05907017339772248,-9.912320316187847,-9.915520348614338,2.7459022803472193,2.7457050280569493,1.2514712730696353,1.3020443877969816,0.813326773391832,0.7921601072034922
23851.0,-0.074,-0.057,-9.873,-0.057,-0.057,-9.897,2.66,1.33,0.84,-0.061407884464470174,-0.051113926273627805,-0.06739826827229205,-0.06085533745278447,-9.90973278401215,-9.919351882523886,-0.05696184656500588,-0.056086908102876705,-0.06471612266858648,-0.05897963945992003,-9.912384786776963,-9.914710406755663,2.741254003130664,2.7419569296184316,1.24208467052117,1.3032669576837368,0.8092239565353045,0.7942522671567016
,-0.11,-0.091,-9.911,-0.034,-0.074,-9.897,2.66,1.19,0.84,-0.06154990456015291,-0.05368916375954976,-0.06675477499846065,-0.06217364006797973,-9.908665655251745,-9.918986633499923,-0.05600839470722317,-0.05512099154408314,-0.06419582460007582,-0.059636517955413165,-9.912566810839314,-9.9139358857105,2.7361787703877263,2.738372745039151,1.2345131189851783,1.298313506096883,0.8050037871901597,0.7962529316442245
,-0.053,-0.089,-9.907,-0.081,-0.048,-9.95,2.73,1.19,0.77,-0.061447322025911084,-0.05365902487890748,-0.06573886380387155,-0.06334682488632556,-9.908106427708873,-9.91846242758899,-0.055277487215925104,-0.056252746277534176,-0.06325099945594612,-0.05912762348600718,-9.912871446319972,-9.91551306097687,2.730841047102914,2.7380065836444367,1.2291146794512624,1.2935766815222227,0.8008833960161305,0.7951048243005475
,-0.024,-0.093,-9.923,-0.038,-0.084,-9.907,2.73,1.12,0.77,-0.061089666546141855,-0.05236196043173501,-0.06437481121924891,-0.06464363350841482,-9.908010230388367,-9.918660867149118,-0.054776096211399596,-0.05545450734835461,-0.06195347816984877,-0.060215355649310055,-9.913308269515989,-9.915140763210008,2.7254239287788122,2.7376564354170116,1.2261052062625228,1.2859857326161188,0.7970597764687292,0.7940069266054716
23926.0,-0.077,-0.081,-9.923,-0.062,-0.081,-9.964,2.73,1.19,0.84,-0.0604828197003078,-0.05343944444553858,-0.06272624724711946,-0.06535893893560861,-9.908299424885469,-9.918850628443543,-0.054498104522663834,-0.05574075835769631,-0.060407294011129896,-0.06112432090843348,-9.913893003917634,-9.91727750166365,2.720121396827901,2.7373216000604206,1.225544529124929,1.2817880328697353,0.7936954434066363,0.7960183204580948
,-0.055,-0.067,-9.921,-0.036,-0.067,-9.907,2.73,1.19,0.77,-0.05964958840158953,-0.05350769150139405,-0.060893664911293714,-0.06543070670177596,-9.90887499080143,-9.918944625917872,-0.054426462318272646,-0.054877444882943466,-0.05874014758480871,-0.061381279270476104,-9.914646543565182,-9.916828040426536,2.715132068415791,2.73700140790395,1.2273384484872738,1.2777739091890914,0.7909060331744932,0.7948804732571461
,-0.089,-0.036,-9.892,-0.069,-0.055,-9.916,2.73,1.19,0.7,-0.0586284052549114,-0.055059860249003764,-0.0590058343599978,-0.06414362718807347,-9.909628356776278,-9.917766269027748,-0.05453572685210133,-0.05549506006821528,-0.05709210885888689,-0.0611022097291474,-9.915591063710274,-9.91679182811671,2.710653383582134,2.7366952185632876,1.231257208612894,1.2739353333268255,0.7887516091702866,0.7907311093082232
,-0.084,-0.055,-9.914,-0.055,-0.017,-9.88,2.73,1.4,0.84,-0.05747018879620951,-0.056325486024648035,-0.05720642180986078,-0.06374375316010823,-9.910452430171476,-9.917601560522519,-0.05479490862007618,-0.05547340983472586,-0.05560254057350257,-0.05917350814455477,-9.916743963231013,-9.915182828077379,2.706874815945897,2.736402419659752,1.236967267569974,1.2794484612146784,0.787233143114231,0.7928857629668935
24002.0,-0.014,-0.055,-9.895,-0.06,-0.053,-9.887,2.66,1.33,0.77,-0.056233397404547456,-0.054474485077853296,-0.055638091511361204,-0.06336136663846322,-9.911251159135224,-9.916613136906973,-0.05517040599374437,-0.05567136911336934,-0.054396922263257555,-0.05890352496198809,-9.918111336825804,-9.913950321463652,2.7039691968151423,2.733061147901047,1.2440698294221377,1.281659208330472,0.7862950439748752,0.7918849104570093
,-0.048,-0.022,-9.935,-0.053,-0.031,-9.904,2.73,1.33,0.84,-0.05497778303485549,-0.054191339409965726,-0.05442667841010158,-0.061552529079836354,-9.911947274708258,-9.917417241104948,-0.0556287228854675,-0.05555454336079073,-0.05357554338496831,-0.05768323298250621,-9.919682993166184,-9.913515168647228,2.7020821195634044,2.732927276132633,1.2521381894833077,1.2837732738629268,0.7858336250523705,0.7939891054625273
,-0.048,-0.045,-9.926,-0.045,-0.074,-9.962,2.73,1.19,0.7,-0.05375800288775494,-0.05392057642089809,-0.05366775602096655,-0.06082864496470104,-9.912487836734211,-9.917792586938699,-0.05613872063992157,-0.05509296638699218,-0.05320565779220896,-0.05839680662417501,-9.921430452579774,-9.915635533400675,2.701320201633061,2.732799258916484,1.2607474480678305,1.2796723305541309,0.7857103955306379,0.7898787232899939
,-0.036,-0.038,-9.911,-0.062,-0.041,-9.911,2.73,1.19,0.84,-0.0526185061418934,-0.053136864122759975,-0.05341731210631882,-0.0598302903700463,-9.912847084948389,-9.917495529868937,-0.0566732891441886,-0.05539502850034335,-0.05331784028827587,-0.05763600010883339,-9.923308137726371,-9.915432809757796,2.7017394937730326,2.7326768402181676,1.2694941825313646,1.2757507319064432,0.7857686177858619,0.792070653953017
24078.0,-0.06,-0.069,-9.923,-0.072,-0.055,-9.959,2.59,1.19,0.7,-0.05159073356663521,-0.05343700647669194,-0.05368740639583826,-0.06023130504940504,-9.913026195566967,-9.917736254320825,-0.05721038346076088,-0.056121206055622104,-0.053906419135568116,-0.0575207211326071,-9.925256806980167,-9.917338113582082,2.703335719652972,2.726437219811311,1.2780080755147303,1.2720006347225683,0.7858516263627691,0.7880441705349696
,-0.043,-0.074,-9.89,-0.05,-0.038,-9.916,2.66,1.33,0.84,-0.05069291911653526,-0.052980569689201555,-0.05444672863214635,-0.060833445031326046,-9.913049957064896,-9.916523277511097,-0.057733322030622085,-0.055853510176172926,-0.054933300876040043,-0.056667030444270294,-9.927207794459845,-9.917279594478346,2.7060385339176123,2.7235317515385655,1.2859596889199185,1.2745370941971153,0.7858213215375814,0.7903163308469686
,-0.067,-0.055,-9.923,-0.065,-0.077,-9.952,2.73,1.33,0.84,-0.04993207049976899,-0.053593674964914136,-0.05562518060757876,-0.060578333671948585,-9.912960895335296,-9.916806521026649,-0.05823020844069793,-0.05625350939446644,-0.05633423530530556,-0.05755624281803694,-9.929086904457685,-9.918798005949304,2.709712161034419,2.7238146244633854,1.2930675799645883,1.2769626278600563,0.7855746836912599,0.7924891238206616
,-0.065,-0.053,-9.931,-0.065,-0.062,-9.904,2.73,1.33,0.84,-0.04930724946361189,-0.054092502513571165,-0.057121293768224696,-0.06024691390292965,-9.912811711830592,-9.917427237892197,-0.05869245002356937,-0.05663601563154889,-0.05802638900416172,-0.057750579600049305,-9.93081750413799,-9.91815085158451,2.7141637925382325,2.724085126637132,1.2991051155043742,1.2792820867787176,0.7850554738545998,0.794566895041996
24154.0,-0.024,-0.041,-9.907,-0.043,-0.101,-9.928,2.73,1.4,0.84,-0.04881314199114315,-0.05277648098905504,-0.05881150484220498,-0.05940519749980428,-9.912656976420132,-9.916971228309704,-0.059112575824240864,-0.05603967805305525,-0.05991594906782633,-0.05964198654247668,-9.932323062945065,-9.91858157984671,2.719159035515581,2.724343799064153,1.3039050258251168,1.2845613875654245,0.7842583139156787,0.7965538000534143
,-0.05,-0.074,-9.887,-0.077,-0.055,-9.931,2.73,1.26,0.77,-0.04844308489143994,-0.05265505842732697,-0.060560718855496506,-0.0600434652619373,-9.912545023933815,-9.915660510413977,-0.059481783522272874,-0.056956326139419186,-0.0619045549978066,-0.05943898068732527,-9.933529837577714,-9.919124668884082,2.7244417332826147,2.724591159089302,1.307359478575687,1.2834872557382857,0.7832237480659552,0.7953925349704511
,-0.081,-0.036,-9.916,-0.029,-0.038,-9.911,2.73,1.26,0.63,-0.04819102908369224,-0.05389465467572695,-0.062233790357140606,-0.05899198349187197,-9.912511103904224,-9.915675357155365,-0.05978778822736865,-0.05573372503041284,-0.06389385853191787,-0.05850139963917278,-9.93437045803556,-9.918769356489369,2.7297546611035166,2.72482770143263,1.3094151444181032,1.2824600984226235,0.7820255265765504,0.7881594995684523
,-0.053,-0.055,-9.876,-0.057,-0.081,-9.923,2.8,1.26,0.77,-0.04805215337688888,-0.053855529155683056,-0.0637074072320112,-0.058817403920151494,-9.912572898432837,-9.913940253071356,-0.06001356525193164,-0.055789102449262634,-0.06578833839720312,-0.059485320545484305,-9.934788835707439,-9.918954373269546,2.734857860922744,2.7281151768733114,1.3100651128120122,1.2814778613038065,0.7807540313066839,0.787365338554567
24230.0,-0.036,-0.101,-9.938,-0.081,-0.043,-9.945,2.8,1.33,0.77,-0.0480220153032734,-0.0530746615395748,-0.06488147601361358,-0.060662155926935066,-9.912729272361235,-9.914992446880037,-0.060137430270036395,-0.056891638996835525,-0.06749722485535394,-0.05876437563016458,-9.93474621019748,-9.920093414643102,2.739542136811163,2.7312588826677393,1.3093410536536394,1.2835998576020855,0.7795008441656759,0.7866059082177909
,-0.041,-0.103,-9.897,-0.055,-0.055,-9.971,2.73,1.26,0.84,-0.04809445961372674,-0.05254660593900914,-0.06568866302816855,-0.06251369732255789,-9.912962492039659,-9.914205591504277,-0.060134583653518196,-0.056808912821592145,-0.06893663161591805,-0.05859974992801746,-9.934227426631587,-9.922319688846754,2.743636345185582,2.7312038285330145,1.307308795806927,1.2825677759210803,0.7783481339352983,0.7889409673919385
,-0.026,-0.067,-9.923,-0.034,-0.067,-9.938,2.66,1.26,0.77,-0.048258992501510146,-0.05138565547293115,-0.06610051739345932,-0.06270989472708899,-9.913243386722302,-9.914590193312337,-0.05997989461150284,-0.05581142116364545,-0.07003272061621772,-0.05896711418763866,-9.933245912036684,-9.92300542865784,2.747008819323816,2.7280899043608677,1.3040688282554331,1.2815808297919173,0.7773637412842276,0.7881126308063818
,-0.045,-0.053,-9.907,-0.081,-0.074,-9.971,2.66,1.4,0.77,-0.048498614932995746,-0.051106394549160127,-0.06612895098339652,-0.0622852563821766,-9.913538331419053,-9.914258254891138,-0.05965149084502945,-0.05691298165718248,-0.07072614100788563,-0.059624540445083966,-9.931845650909919,-9.9251043530965,2.749565297467825,2.7251121599974426,1.2997611514062415,1.2867596007113147,0.7766005365562101,0.7873205194824379
24305.0,-0.079,-0.067,-9.938,-0.065,-0.089,-9.909,2.73,1.26,0.77,-0.04878891369793881,-0.05232625272323889,-0.06582283125724755,-0.06249144408892623,-9.91381663052379,-9.915296541672994,-0.05913463745387494,-0.057266647498150844,-0.07097728600667089,-0.060909203860809794,-9.930098996516348,-9.924400068854808,2.7512468767444083,2.7253259176485005,1.294572138379054,1.285589335443158,0.7760979377840409,0.7865630491974588
,-0.031,-0.065,-9.931,-0.055,-0.072,-9.921,2.87,1.4,0.84,-0.04909866517832361,-0.05139360155511501,-0.06526056169376696,-0.06260114960686833,-9.91405683830085,-9.915983293768749,-0.05842529730705606,-0.0571675212491886,-0.07077131578487857,-0.06139423252988151,-9.928100252928337,-9.924251375212737,2.7520306025427264,2.731652882523832,1.288739964664145,1.2905928042348644,0.7758839575302446,0.7888999827053629
,-0.048,-0.043,-9.923,-0.089,-0.077,-9.911,2.8,1.26,0.7,-0.049391712831971475,-0.05124519074447709,-0.06454019883298734,-0.061743941577184984,-9.914250743145763,-9.916290152144098,-0.05753270374624892,-0.0585596363514762,-0.0701216417495664,-0.06207671235647644,-9.925956140820247,-9.923671858936165,2.751932637308107,2.7346418754697233,1.2825551378393856,1.2892549032460638,0.7759768178482087,0.7850121607897012
,-0.053,-0.055,-9.914,-0.034,-0.096,-9.916,2.73,1.19,0.77,-0.049629705495114425,-0.05132193300779157,-0.06376875104301137,-0.06144901189256829,-9.914404233591137,-9.916189997977302,-0.056480426620921884,-0.0574855811093688,-0.06907074431845246,-0.06356026383914543,-9.923775008342341,-9.92333634906993,2.7510115060043465,2.7344388744720654,1.2763538831835148,1.2849142343692672,0.7763856346484482,0.7843556408901071
24381.0,-0.048,-0.072,-9.902,-0.038,-0.065,-9.916,2.73,1.33,0.84,-0.04977534105090635,-0.05117665644465819,-0.06305202429895347,-0.06191043338611246,-9.914535034317952,-9.915569433344547,-0.05530580149049939,-0.05663342718345089,-0.06768768522082301,-0.06362322715621932,-9.921656725850687,-9.923015511901832,2.7493685633549227,2.7342447512233514,1.2705040323669796,1.2868859493501856,0.7771099479934177,0.7867891099667815
,-0.055,-0.062,-9.904,-0.055,-0.053,-9.911,2.66,1.26,0.84,-0.04979580297257459,-0.05134386096386296,-0.062485903457196935,-0.06191435036150196,-9.914668102831232,-9.915063472655469,-0.05405801467509561,-0.05656199326627562,-0.06606232412013803,-0.06315864646569337,-9.919684737833169,-9.922490043065077,2.7471444724610676,2.730997839782596,1.2653845159266097,1.2857101585353161,0.7781379024973399,0.7891161572633896
,-0.06,-0.057,-9.914,-0.074,-0.072,-9.928,2.8,1.33,0.7,-0.049666041466382274,-0.0517224158974589,-0.06214942685945842,-0.06169943334515101,-9.91482997728325,-9.915016964296628,-0.05279531108007463,-0.05732460156699401,-0.06429694438551906,-0.06354530129945991,-9.917921062882028,-9.922731007468826,2.7445122728565114,2.7340154794103824,1.2613599336923005,1.2876470657320056,0.779442841697751,0.7852188814855477
,-0.045,-0.079,-9.919,-0.06,-0.031,-9.909,2.8,1.26,0.77,-0.04937155497335541,-0.05142842758545941,-0.06209961827646767,-0.062456031042329545,-9.915043400374744,-9.915191152558844,-0.05158161788338525,-0.05744160353194873,-0.062496558856575554,-0.062122012657625084,-9.916404400040992,-9.922130515656152,2.7416679736744105,2.7369011499969895,1.2587514937811244,1.2864379893656708,0.7809785540549694,0.7845533211651653
24456.0,-0.026,-0.06,-9.892,-0.036,-0.074,-9.919,2.73,1.26,0.77,-0.0489104526887195,-0.050316377897269726,-0.06236789415003892,-0.062348622570231625,-9.915323225347676,-9.914176944586874,-0.05048261477089818,-0.05650390778014278,-0.060759392686888826,-0.06264146719629118,-9.915151042782606,-9.921993610259717,2.738818705688758,2.736599345189102,1.2578059520704579,1.2852817889780672,0.7826744342131753,0.7839168674871132
,-0.057,-0.057,-9.923,-0.062,-0.045,-9.914,2.8,1.26,0.84,-0.04829475487992549,-0.050608669658147976,-0.06295792423853096,-0.0621147137277961,-9.91567418165778,-9.914562799197352,-0.04956129160562891,-0.05674426584470706,-0.059168863756056,-0.06186996105306185,-9.9141580481016,-9.921644029391338,2.7361677356642393,2.7393720167660813,1.258665440910863,1.2841761521684198,0.7844324933102307,0.7863695252385237
,-0.074,-0.053,-9.911,-0.014,-0.045,-9.911,2.73,1.19,0.77,-0.047550945499434304,-0.051631631912718245,-0.0638449944408797,-0.06171610415884541,-9.916090680906725,-9.914406988944313,-0.048873332313020636,-0.054874950593311635,-0.0577879307291223,-0.06113219483193864,-9.913408014089587,-9.921178538966265,2.7338961842998852,2.7389621546821044,1.2613426669493037,1.280057589968621,0.7861278630256794,0.7856536443459229
,-0.026,-0.074,-9.923,-0.055,-0.081,-9.909,2.66,1.12,0.7,-0.046719664682182076,-0.05051069558346483,-0.06497708373392154,-0.0622533101065589,-9.916558468133125,-9.914782783131074,-0.048462924898536555,-0.05488041932130312,-0.05665614134166563,-0.062001064386216144,-9.912874801473917,-9.920645940542139,2.7321429487519,2.7355089392130036,1.2657069983953715,1.2730578652542712,0.787613758899368,0.7819077930475257
24532.0,-0.048,-0.06,-9.923,-0.06,-0.062,-9.921,2.73,1.19,0.77,-0.04585429775585942,-0.05040089649221753,-0.06627788735371608,-0.062154767135587846,-9.91705757605862,-9.915142142884097,-0.04835954731972123,-0.05510431158040067,-0.05578923008518021,-0.06200101783790497,-9.912529523966288,-9.920661424461008,2.7309861657877676,2.735268019316817,1.2714866718058881,1.269425533964918,0.7887315148840573,0.7813870350297117
,-0.062,-0.069,-9.919,-0.057,-0.026,-9.909,2.66,1.26,0.77,-0.045018282746606894,-0.050908154732852325,-0.06765186815571995,-0.062454126545322175,-9.917565822354213,-9.915310856768917,-0.04857593277082886,-0.05518721484718094,-0.055180798437146,-0.060426601939532774,-9.912346100647532,-9.920151440766887,2.730430601898825,2.731976357764776,1.2782900595419056,1.2690133314379832,0.7893259479342559,0.7808890510819573
,-0.045,-0.065,-9.933,-0.053,-0.074,-9.938,2.66,1.4,0.84,-0.04428116253179794,-0.050649776128577094,-0.06899121864212499,-0.06256546405417639,-9.91806208572972,-9.916084447906172,-0.04910704416679859,-0.055091562389684816,-0.05480554190162138,-0.06102020109268876,-9.912305634914365,-9.920932003570588,2.7304050329825467,2.7288286489282645,1.2856445477747518,1.274741710962901,0.789265138482413,0.783474122930855
,-0.026,-0.045,-9.911,-0.026,-0.06,-9.909,2.73,1.47,0.84,-0.04371360084721179,-0.0495717788451979,-0.07018446772577899,-0.06179728172128515,-9.918528790477353,-9.915862092092402,-0.04992978410562025,-0.05381931451766543,-0.054623590425288825,-0.060975585109132466,-9.9123989408542,-9.920410186765142,2.730771924459221,2.7288798750840977,1.2930463574270694,1.2832808516042327,0.7884617763925847,0.7859461430256145
24608.0,-0.053,-0.069,-9.926,-0.072,-0.055,-9.926,2.73,1.33,0.84,-0.043381758769297694,-0.04972170365881174,-0.07112631436519236,-0.06211227487566105,-9.91895335006926,-9.916305448540207,-0.05100336806328592,-0.054614402045345116,-0.054585611263478793,-0.06071425760333098,-9.912626776689557,-9.920654643487604,2.7313489474668065,2.728928860990099,1.3000111207458727,1.2853239985597962,0.7868916576191294,0.7883100554064252
,-0.036,-0.084,-9.899,-0.031,-0.048,-9.885,2.87,1.33,0.77,-0.04334159035797757,-0.049121618725367466,-0.07172797346417267,-0.06306948065717863,-9.91932867795945,-9.91554863734579,-0.05227053407862228,-0.0535816842989152,-0.05463834997592244,-0.060158230843287336,-9.912997786844779,-9.91909537541884,2.731938754571239,2.735098260007057,1.3061153514375292,1.2872777935124793,0.7846048494455733,0.7875093102035604
,-0.05,-0.122,-9.919,-0.067,-0.038,-9.931,2.73,1.26,0.77,-0.043633658481963794,-0.04916003256827159,-0.07192684727521391,-0.06564666186273278,-9.919653147600972,-9.915699574195918,-0.05365981361263241,-0.05416850130681996,-0.054730373964159806,-0.05918919516000336,-9.913524670289378,-9.919615994871576,2.732361002732971,2.7348753001550525,1.3110230781053687,1.2860848663576991,0.7817266176896123,0.7867435836211027
,-0.045,-0.077,-9.907,-0.043,-0.057,-9.911,2.73,1.26,0.84,-0.044278973080534655,-0.04897810378384881,-0.07169394415265629,-0.06614317215984135,-9.919930444408857,-9.915319119732525,-0.05508895966552366,-0.0536800743935138,-0.05481790212096466,-0.0590934560984005,-9.9142194592333,-9.919239195544202,2.7324799548407985,2.7346620909033583,1.3144974864692796,1.2849441089356344,0.7784475709985242,0.7890726219003756
24684.0,-0.036,-0.055,-9.935,-0.057,-0.06,-9.907,2.8,1.33,0.77,-0.04527623983433798,-0.048410538360559516,-0.07103759585096713,-0.06565585295443041,-9.920169539930145,-9.916179814586393,-0.05646945662031746,-0.05382526316789232,-0.054870553111348766,-0.05913310156447251,-9.915088888559577,-9.918703944453945,2.732222442131428,2.7375194835279593,1.316401581666309,1.286914517425929,0.7750045480381064,0.788238527728961
,-0.034,-0.055,-9.945,-0.067,-0.053,-9.887,2.73,1.26,0.7,-0.046600861542624425,-0.04778032893700596,-0.07000283461629081,-0.06518984545492834,-9.920384623002501,-9.91744019445436,-0.05771188613795817,-0.05440142785353353,-0.05487655597342073,-0.05886488546422464,-9.91613074733734,-9.917317450482743,2.731583639421987,2.737190637425128,1.3166932844540475,1.2857374772565875,0.7716551370353577,0.7843796329185159
,-0.057,-0.062,-9.907,-0.055,-0.055,-9.921,2.73,1.26,0.77,-0.04820599174008207,-0.04818352855665829,-0.06866684182223863,-0.06505034541578496,-9.920594489390606,-9.916983618248512,-0.05873179429358267,-0.054427604932969526,-0.05484661602624125,-0.058695864211890596,-9.917331928765933,-9.917478497721257,2.730620753089621,2.7368761725971464,1.3154194986115684,1.284611912041759,0.7686495941764008,0.7837507750683961
,-0.026,-0.098,-9.947,-0.065,-0.098,-9.931,2.73,1.26,0.7,-0.05002577732857747,-0.047213386540150545,-0.06713149495580693,-0.06649131745320998,-9.920820884218607,-9.91829631081887,-0.05945562302056603,-0.05488996260719836,-0.0548154326555662,-0.06041473384316601,-9.91866856263877,-9.91806982734014,2.7294368220591165,2.7365754601143593,1.3127116978360918,1.283535570651014,0.7662043239394557,0.7800881410739248
24759.0,-0.067,-0.065,-9.899,-0.048,-0.074,-9.921,2.66,1.4,0.84,-0.05198060557335815,-0.04807870537492339,-0.06551400872553274,-0.06642609835528265,-9.921085673086745,-9.917452434163218,-0.05982627833972825,-0.05458864705226586,-0.054839930028230684,-0.06100885201830319,-9.920108068287739,-9.918197971228778,2.7281584077404863,2.7332266208573124,1.308783172200898,1.2886288557905479,0.7644805879601908,0.7827082387505779
,-0.06,-0.062,-9.895,-0.045,-0.024,-9.916,2.73,1.47,0.7,-0.053983770092322206,-0.04860005385099725,-0.06393640638542356,-0.06623253383858782,-9.921407274748637,-9.91647053222192,-0.059807983767292794,-0.05416931117595983,-0.05499366962223648,-0.05939036097284247,-9.921612413688507,-9.91810184836741,2.7269118624620803,2.733085512536469,1.3039255404042056,1.296560676336151,0.7635706929298575,0.7790911975157557
,-0.089,-0.036,-9.931,-0.081,-0.06,-9.94,2.73,1.26,0.77,-0.05594863033639763,-0.05036684605106112,-0.06251455992178975,-0.06491038838876022,-9.921797186569032,-9.917105942730803,-0.05939008828017029,-0.055342685307742556,-0.05535770852025998,-0.059417022035064285,-9.923141601004268,-9.919059510126601,2.725802835840933,2.732950575240698,1.298500329396752,1.2949617851509616,0.7634922748551561,0.7786936163704533
,-0.026,-0.077,-9.933,-0.084,-0.05,-9.921,2.59,1.33,0.77,-0.057795231526456305,-0.04930122201818764,-0.06134781555521524,-0.06543909779391044,-9.92225742659817,-9.917801030202133,-0.05858936944844107,-0.056595942425618835,-0.056009105548541965,-0.05900519175642933,-9.924656459027613,-9.919144372674685,2.724902719318416,2.726698983706432,1.292921757199328,1.2964940952305624,0.7641901348607644,0.7783134224578918
24835.0,-0.062,-0.038,-9.921,-0.057,-0.038,-9.957,2.8,1.19,0.77,-0.059455597480350106,-0.049856571815087375,-0.06051040002650057,-0.06423911639343356,-9.922779317108727,-9.917940929271955,-0.057450208714271735,-0.05661361288904372,-0.05700887653953118,-0.058086581399394946,-9.92612004580212,-9.920799895353854,2.724244170116646,2.7299046232230437,1.287629694294488,1.2918368381116476,0.765544422888673,0.7779498553902461
,-0.062,-0.05,-9.921,-0.045,-0.057,-9.921,2.73,1.26,0.84,-0.060877377863261264,-0.050387634755617285,-0.06004562894100604,-0.06361640368765584,-9.923343563176388,-9.91807471020032,-0.056042114507069994,-0.05610572011633441,-0.05839121444288444,-0.05803906243652047,-9.927497277029119,-9.920808646437994,2.7238259782814835,2.7299087942916134,1.2830554744048788,1.2904445323634444,0.7673835337682106,0.7806634657278692
,-0.072,-0.055,-9.923,-0.067,-0.079,-9.943,2.66,1.33,0.7,-0.062025876106854665,-0.05133279835058533,-0.059963484223362666,-0.06323958648171688,-9.923921371129556,-9.918290105626072,-0.05445456625466224,-0.056582154630696956,-0.06015538992791698,-0.05895573744535821,-9.92875286090309,-9.921779130661848,2.723625558107214,2.726851505254278,1.2795854973008758,1.2921743933744565,0.7694999198758944,0.7771358476079713
,-0.065,-0.089,-9.945,-0.024,-0.06,-9.88,2.8,1.26,0.77,-0.06288452616864115,-0.05193049977280571,-0.06024156071886661,-0.0643661547574928,-9.924476416564811,-9.919458197109916,-0.052789792194439585,-0.05515725429913522,-0.062261233634500715,-0.05900140569772556,-9.929848242452833,-9.919952023221988,2.723615708825789,2.7300504746164274,1.2775275776637032,1.2907673254777292,0.7716673856986006,0.7768237788777776
24910.0,-0.06,-0.062,-9.899,-0.062,-0.036,-9.933,2.73,1.26,0.77,-0.06345381195799292,-0.05228339950210826,-0.06082882691676588,-0.06426267680348108,-9.924967610554619,-9.918563508217316,-0.05115449111739818,-0.05545650493889398,-0.06462870883586472,-0.057995495837663794,-9.93073884302117,-9.920522644368685,2.7237814268560503,2.7300482672333217,1.2770837120635632,1.2894217922319573,0.7736591464864512,0.7765253577053396
,-0.081,-0.067,-9.907,-0.06,-0.043,-9.907,2.8,1.26,0.77,-0.06374868332313255,-0.053539249338761516,-0.06165129998122555,-0.06438238689553978,-9.925352722448954,-9.918057806649092,-0.049651526878161996,-0.05565520351154515,-0.06714191479876354,-0.05733970473872619,-9.931373081230058,-9.919931264803308,2.724132446891807,2.733107434079171,1.2783317823376292,1.2881351025706493,0.7752663680983409,0.7762399872483122
,-0.067,-0.034,-9.923,-0.036,-0.05,-9.954,2.8,1.19,0.77,-0.06379474532365834,-0.05412792213519463,-0.06261879742032452,-0.06305368799113079,-9.925592952912462,-9.918273941310048,-0.048372403958734385,-0.054795631567394844,-0.06965772422909099,-0.05701872081871487,-9.931694254339401,-9.921421177076695,2.7247077856433117,2.736032815793178,1.2812181564481262,1.2838434054199943,0.7763166561008311,0.7759670967657815
,-0.019,-0.084,-9.94,-0.062,-0.084,-9.923,2.73,1.33,0.77,-0.06362378463474064,-0.05259168892824901,-0.06363230090769156,-0.06396972338733856,-9.925658361245082,-9.919224077008,-0.04739110568203112,-0.05511069688718927,-0.07201876169857004,-0.058198680649092435,-9.93164549054945,-9.921490223010961,2.7255701476081517,2.7357689854442837,1.285562586907612,1.285861950469156,0.7766912874427077,0.7757061404767823
24986.0,-0.079,-0.048,-9.921,0.007,-0.105,-9.919,2.66,1.26,0.77,-0.06326945088156363,-0.053746591408721296,-0.06459178307431035,-0.06327132684458416,-9.925533560181837,-9.919301742628608,-0.0467597919229454,-0.05239443844476246,-0.07406944855358572,-0.06024542114911468,-9.931177096883799,-9.921381319237279,2.7267907533599325,2.7324554153717897,1.29107556766423,1.2847309417247676,0.7763393326024421,0.7754565964687368
,-0.036,-0.053,-9.95,-0.072,-0.115,-9.95,2.66,1.33,0.91,-0.06276396351532833,-0.05297048791682535,-0.06540435326512095,-0.06282213564798238,-9.92522253597564,-9.92064425535076,-0.04650683202018239,-0.05325183942014769,-0.07567277867210921,-0.06263997787636205,-9.930255069213583,-9.922632886795345,2.728428327198626,2.729286756130039,1.2973864589818513,1.286710672558317,0.7752863667630528,0.7813405210426053
,-0.096,-0.079,-9.943,-0.031,-0.06,-9.947,2.66,1.26,0.77,-0.06213639293474546,-0.05485227771032446,-0.06599233177784648,-0.06352963472348651,-9.924751198085941,-9.921621928814165,-0.04663744719465373,-0.05227870999617292,-0.07672500173627107,-0.0625245249422642,-9.928869308219795,-9.923698522511524,2.730508284442348,2.7262566704005486,1.3040789207164252,1.2855425470424948,0.7736353532567982,0.7808445712695824
,-0.057,-0.067,-9.943,-0.072,-0.098,-9.935,2.66,1.4,0.7,-0.061412463223313556,-0.0549462030580293,-0.06630052792020294,-0.06368140260652533,-9.92416648227657,-9.9225568461352,-0.04713674172953723,-0.05314117207039079,-0.07716583720343857,-0.0640759575207731,-9.927040071754226,-9.924192764810813,2.733008297851825,2.7233590980118594,1.3107291131526433,1.2905480620097343,0.7715579492637983,0.7773090329446104
25062.0,-0.057,-0.124,-9.921,-0.055,-0.074,-9.911,2.8,1.33,0.84,-0.06061531628960274,-0.0550360208118502,-0.0663016962617763,-0.06631928798886054,-9.92353148938044,-9.922488761301665,-0.04797432572365165,-0.053222463334373714,-0.07698298274061809,-0.06450996109049897,-9.924821412445315,-9.9236158117159,2.7358541101806937,2.72671079920817,1.3169418121081478,1.2922733954065049,0.7692761822066133,0.7800506680745042
,-0.06,-0.055,-9.909,-0.05,-0.072,-9.935,2.8,1.4,0.77,-0.05976654619529303,-0.05525310822277288,-0.06599907286127597,-0.06582426679117785,-9.922917108816213,-9.92189886352882,-0.049109436249590584,-0.053081536832561935,-0.0762109067319222,-0.06483751950542048,-9.922300853968387,-9.924113671168243,2.738925674870962,2.7299159220028972,1.322379945512639,1.2969845532885766,0.7670365163037245,0.7796111268460587
,-0.081,-0.048,-9.892,-0.024,-0.091,-9.928,2.8,1.33,0.77,-0.05888699498774407,-0.05637908515848759,-0.06542530638343563,-0.0650447663576287,-9.922391581379872,-9.920591310328659,-0.05049560825213005,-0.051809727403605337,-0.07492478953565343,-0.06598167119071394,-9.91959518007203,-9.924283630193473,2.742070173469,2.7329808766416304,1.3267842459935988,1.2984284025827373,0.7650797837705123,0.7791908078713053
,-0.034,-0.045,-9.921,-0.067,-0.05,-9.923,2.8,1.26,0.7,-0.05799705364897086,-0.05540039095536284,-0.06463798629252207,-0.06416815784131671,-9.922010099750285,-9.920609183365443,-0.05208434510043838,-0.05247403658464162,-0.07323096841622274,-0.06528275214018853,-9.91684269249125,-9.924227493786628,2.74511682176545,2.7359117930336465,1.3299818300992963,1.296747830987575,0.7636111810298888,0.7757275928178062
25138.0,-0.067,-0.06,-9.902,-0.067,-0.048,-9.921,2.66,1.33,0.63,-0.05711641324342842,-0.05590767130440759,-0.06371285181584331,-0.06398587371807772,-9.921806523242644,-9.919795356537596,-0.053827537259062544,-0.05310929383884719,-0.07125548301785352,-0.06452693351695811,-9.914192620438099,-9.92408634729037,2.747889299888239,2.7325919776227536,1.331885043740275,1.2982020327488764,0.7627749837664101,0.7693545552554545
,-0.06,-0.067,-9.95,-0.077,-0.067,-9.878,2.73,1.33,0.77,-0.05626337939766042,-0.05608663922661233,-0.06273605940871686,-0.06411768911172372,-9.921788627401263,-9.921116282270473,-0.05567841005540512,-0.054154095065657354,-0.06913234376766479,-0.06463508699212273,-9.911792700161746,-9.922070874333507,2.750214304182698,2.7324786238615943,1.3324837984366489,1.2995926385756755,0.7626385510396252,0.7693827821925903
,-0.062,-0.084,-9.914,-0.065,-0.091,-9.914,2.8,1.26,0.77,-0.05545398637244178,-0.05634524550425567,-0.06179649808326706,-0.06498719303796889,-9.921937387105611,-9.920805069182155,-0.05759076921452013,-0.05462841402068655,-0.06699286077987662,-0.06578809156509614,-9.90977630686977,-9.921717914511047,2.751927343187042,2.7354315050426465,1.3318350675095147,1.2978611519851377,0.7631886628518847,0.7694097746941112
,-0.05,-0.069,-9.887,-0.031,-0.057,-9.914,2.73,1.33,0.84,-0.05470121536884489,-0.056067751810995235,-0.06097853763221406,-0.06516268327289965,-9.92221004857502,-9.919326687692898,-0.05951660988550355,-0.053595083495005656,-0.06495678787617416,-0.0654037660124483,-9.908250702454819,-9.92138039051761,2.752878083322495,2.735193971539296,1.3300523184405173,1.2992666653930585,0.7643401551917846,0.7724968644395086
25214.0,-0.017,-0.026,-9.935,-0.05,-0.065,-9.89,2.66,1.33,0.84,-0.05401470328753751,-0.054359219851098026,-0.060355310459901106,-0.06344999971919053,-9.922546365765575,-9.920012121426677,-0.06140278584926237,-0.053437861367675886,-0.06312545350434592,-0.06538610829976686,-9.907287789441373,-9.920008046381383,2.7529372718139404,2.7319055482845354,1.3272960813096752,1.3006107121317652,0.7659535511260215,0.775448947913785
,-0.053,-0.072,-9.935,-0.057,-0.053,-9.909,2.73,1.47,0.7,-0.05340140263891272,-0.05429977771663985,-0.05998279917118373,-0.06382391293558354,-9.92287716408325,-9.920667579403307,-0.06318799868026996,-0.0535936427325303,-0.06157680572561866,-0.06484443234177267,-9.906918338156693,-9.91952663656928,2.7520064036329392,2.7318222138208323,1.323765128096454,1.3080185356837122,0.7678567643074047,0.7721493738949124
,-0.055,-0.053,-9.938,-0.069,-0.055,-9.902,2.8,1.33,0.77,-0.05286750174417377,-0.05433040021460034,-0.0598953161855002,-0.0633505557464866,-9.923134083383133,-9.921425570154224,-0.06480142790175433,-0.05426740184476205,-0.06036237706665605,-0.06441391032544741,-9.907130222545524,-9.918760152260866,2.7500302223882276,2.7348038014792593,1.3196864351355928,1.30897984091805,0.7698666522926282,0.772055376318318
,-0.065,-0.06,-9.926,-0.043,-0.081,-9.883,2.73,1.26,0.7,-0.0524213796549523,-0.05479700889791693,-0.06010302851483415,-0.06320402743833146,-9.923259029701807,-9.921625621583535,-0.0661638437090633,-0.05377464975987339,-0.0595062792153502,-0.06513926213058299,-9.907870848125745,-9.917196270025613,2.7470105438758696,2.7345937190461562,1.3153021275549805,1.3068378281397355,0.7718081933596331,0.7689042117998719
25289.0,-0.069,-0.036,-9.933,-0.081,-0.012,-9.899,2.87,1.19,0.84,-0.05207665723015371,-0.05541814175300011,-0.06059193638323916,-0.062014326261228436,-9.92321186818417,-9.922123052025464,-0.06719135159287314,-0.054965283437226696,-0.059006283418512405,-0.06281534730398412,-9.909053590069142,-9.916400500946295,2.7430180101979773,2.7405153794401222,1.3108533515098078,1.3017282133232122,0.773530567077063,0.7720134110940021
,-0.077,-0.067,-9.914,-0.074,-0.086,-9.945,2.8,1.47,0.84,-0.05185396119362293,-0.05636197119953081,-0.06132635267140868,-0.06223236242992126,-9.922975322506952,-9.921767810340082,-0.06780131750731183,-0.055797719912005626,-0.05883687671316975,-0.06382927102045229,-9.910567572511956,-9.917651229639533,2.7381973397054113,2.7431167928984803,1.3065633333494657,1.3090871657112886,0.7749194680038716,0.7749866372103204
,-0.072,-0.072,-9.947,-0.089,-0.06,-9.909,2.73,1.19,0.84,-0.05178015013595027,-0.05704586189599713,-0.062253548838608536,-0.06265952601593737,-9.922556667630724,-9.922871278045639,-0.06791960980222356,-0.05724973990399892,-0.058953971933991885,-0.06366180727815142,-9.91228952178907,-9.917272889406313,2.732762393171643,2.742543162248147,1.3026229295604803,1.3038791816528343,0.7759042101233045,0.7778298366010592
,-0.029,-0.074,-9.899,-0.036,-0.055,-9.94,2.66,1.19,0.7,-0.051884465013536586,-0.05581934516106976,-0.06330981455396179,-0.06315547373097073,-9.921986349047236,-9.921827326459638,-0.06748812273304673,-0.05632043483568763,-0.059300691312604056,-0.0632830044579434,-9.91409593631746,-9.918266803645178,2.7269799612686403,2.7389333402278213,1.2991812863501637,1.2988989559576858,0.7764581018191372,0.7744261402760236
25365.0,-0.029,-0.081,-9.921,-0.086,-0.093,-9.919,2.73,1.4,0.77,-0.052192125216081756,-0.05464646711646454,-0.06442684263417149,-0.06393586016291487,-9.92131405380095,-9.921791145373396,-0.06647167047418862,-0.05761839756168222,-0.059813426265822145,-0.06458260410937348,-9.915873759904953,-9.918298868182989,2.721144611120719,2.73854266258244,1.296342826755336,1.3033203612579174,0.7765920071314482,0.7742325739260284
,-0.034,-0.077,-9.94,-0.06,-0.048,-9.919,2.66,1.33,0.77,-0.05271685981927676,-0.05374354469855569,-0.06553734027568853,-0.06450718816121409,-9.92060300897244,-9.922587464809261,-0.06486363889254891,-0.05772255108199024,-0.060427379032765925,-0.06385740473685127,-9.917528228803592,-9.918329530457164,2.7155496141055484,2.7351077925677347,1.2941703016415658,1.3044871295861766,0.7763431942391167,0.7740474727238852
,-0.084,-0.022,-9.897,-0.041,-0.05,-9.921,2.66,1.26,0.7,-0.05345425233920829,-0.05506673629467846,-0.06657917452786144,-0.06264824091873777,-9.919923385662607,-9.92146846001956,-0.06268999859770376,-0.056991231473101124,-0.0610810862507424,-0.06325138525078813,-9.91898735869076,-9.91844631686924,2.7104597657025105,2.7318231381381652,1.2926920560389894,1.3025415944791199,0.7757629613544623,0.7708091887727014
,-0.036,-0.103,-9.899,-0.122,-0.048,-9.897,2.73,1.26,0.77,-0.054377427672905675,-0.054232899515741465,-0.06749798876086917,-0.06441292577600682,-9.919345660983536,-9.920485857226883,-0.0600113067031965,-0.05983422994506611,-0.061719877050960346,-0.06258440345824119,-9.920203314264759,-9.917508414991229,2.7060908851865753,2.7317434076793603,1.2919105449222252,1.3006811425610214,0.7749063464517787,0.7707738008935514
25441.0,-0.034,-0.057,-9.914,-0.026,-0.069,-9.921,2.66,1.47,0.84,-0.055435895307934836,-0.05334806345885057,-0.06824872177522075,-0.06408873971416415,-9.918934672478345,-9.92020221422605,-0.05692227941691169,-0.05835457318162298,-0.06229855584077361,-0.06286497378095723,-9.921151421154576,-9.917661110867025,2.702598778574194,2.728605886341426,1.291809186968,1.3080858860115099,0.7738258421395204,0.7738012383106768
,-0.057,-0.034,-9.971,-0.038,-0.081,-9.935,2.73,1.33,0.84,-0.05655777617090887,-0.053507771914209246,-0.0687966012061771,-0.06277288274641793,-9.918744823733673,-9.922423730347752,-0.053548605224193045,-0.05746441602645538,-0.06278359152480409,-0.06365806451314747,-9.92182771991051,-9.918419384503453,2.700078232642809,2.7286668544706627,1.2923555825911557,1.3090442458450446,0.7725692636363646,0.7766962782044236
,-0.055,-0.091,-9.904,-0.062,-0.067,-9.909,2.59,1.12,0.7,-0.057655251626239495,-0.05357303083641096,-0.06911803815689943,-0.06400732623824788,-9.918816450539055,-9.92161801385114,-0.05004096163789645,-0.057662768627165246,-0.06315480503994106,-0.06380421583546633,-9.922245761253782,-9.918007450908078,2.6985706913397656,2.7226026009198643,1.2935005518359068,1.3007768610868047,0.7711806670289872,0.7733421552656026
,-0.069,-0.079,-9.923,-0.065,-0.036,-9.935,2.8,1.19,0.7,-0.05863263918623101,-0.05424769135918316,-0.06920157174788015,-0.06466299392064205,-9.919173035011669,-9.921678451613591,-0.046566503735881816,-0.05798364438060752,-0.06340632279575695,-0.06258826689618274,-9.92243300996241,-9.91875057821533,2.6980778211749703,2.7259873856543706,1.2951745201645553,1.2959323077452267,0.769703232750781,0.7701347166373127
25517.0,-0.084,-0.074,-9.88,-0.077,-0.06,-9.919,2.8,1.33,0.7,-0.05939598433031487,-0.05554883534206408,-0.06904866913699463,-0.06507132489841405,-9.919819107825358,-9.919855747124084,-0.043298186393801494,-0.05881527788472329,-0.06354662962114178,-0.06247507541451607,-9.922427001683618,-9.918761486063127,2.6985770381288345,2.7292241451601855,1.29728468114741,1.2974221744081158,0.7681839896776688,0.7670675474422975
,-0.06,-0.057,-9.943,-0.022,-0.072,-9.933,2.73,1.4,0.84,-0.0598627354286357,-0.055743496071804566,-0.06867393057925028,-0.06471834537160714,-9.920739147682816,-9.920867904053864,-0.04040233230509815,-0.057205252327510545,-0.06359772559909496,-0.06289162454559072,-9.9222713609418,-9.91938417242195,2.7000343587505737,2.7292580752618325,1.299716133488151,1.3019081631143092,0.7666806197628224,0.7702570687311435
,-0.053,-0.084,-9.883,-0.017,-0.091,-9.921,2.66,1.33,0.84,-0.059970179848884766,-0.05562351602423983,-0.06810428291119916,-0.0655615810748461,-9.921898018602448,-9.919211844482192,-0.03802525590954282,-0.05544697458248937,-0.0635933383831443,-0.06412087515711766,-9.922011879360502,-9.919454836663704,2.702410447291919,2.726229243819515,1.3023374606269194,1.303136690452243,0.76526925302404,0.7733071041574519
,-0.05,-0.055,-9.964,-0.017,-0.069,-9.902,2.8,1.33,0.84,-0.05968181330708164,-0.055377585393245506,-0.06737701768957077,-0.06509969632394672,-9.923243187461319,-9.921170544217391,-0.03628047998893599,-0.05376559078663318,-0.06357588582383686,-0.06433425167211965,-9.921693015219818,-9.918691492347424,2.70565799059729,2.729455426253813,1.3050084157064124,1.3043114911710814,0.7640499906171843,0.7762237537920751
25592.0,-0.069,-0.089,-9.947,-0.014,-0.055,-9.907,2.66,1.19,0.77,-0.05899137757969818,-0.05597332816439878,-0.06653679887932826,-0.0661449172744467,-9.924708368562447,-9.922300131886649,-0.03523859307748113,-0.05202654055687218,-0.06359181169777894,-0.06392604115156822,-9.921355347863619,-9.918180193708304,2.7097117454226365,2.7264179641516417,1.307586941218971,1.2993123594832852,0.7631459577700107,0.7759515732397941
,-0.041,-0.034,-9.904,-0.022,-0.079,-9.914,2.59,1.4,0.77,-0.05792460648616693,-0.055318506514085534,-0.0656319280549731,-0.06473913844239762,-9.92621780676018,-9.921499820664495,-0.03492159294622785,-0.05071340371616645,-0.06368529287211391,-0.0645852636371445,-9.921034545872429,-9.917997383226048,2.714475348597287,2.720452060283286,1.3099344671201412,1.3037156855979206,0.7626931952628278,0.7756912958339928
,-0.093,-0.072,-9.928,-0.069,-0.045,-9.921,2.66,1.33,0.7,-0.05653869934869865,-0.05696641387842034,-0.06471026677496763,-0.06505667434995556,-9.927690454936005,-9.921784090007495,-0.03530265644510756,-0.051513122992049486,-0.06389096146434009,-0.06372875034124359,-9.920762108640236,-9.918128695279693,2.7198104463558415,2.7178083382299847,1.311920244755633,1.3048651653892636,0.7628219341758858,0.7723811233253711
,-0.053,-0.081,-9.931,-0.019,-0.055,-9.914,2.73,1.19,0.7,-0.05491940275367073,-0.05679295253080438,-0.06381527165932563,-0.06575391645264762,-9.929043766280543,-9.922187125145987,-0.03631110904872153,-0.05009124158928212,-0.06422682718714308,-0.06334701993095207,-9.92056752050776,-9.917948136954449,2.72553347981449,2.718341510547632,1.3134261134458092,1.2998418201224085,0.7636329544955213,0.7692157130634002
25668.0,-0.036,-0.065,-9.923,-0.041,-0.057,-9.978,2.73,1.33,0.84,-0.05317558995134982,-0.0558836239338743,-0.06298254247132595,-0.06572094577236194,-9.930197301158318,-9.92222267422683,-0.037841450740268796,-0.04969365851653249,-0.06468880979576672,-0.06306944863750784,-9.920480755287668,-9.920574357366647,2.7314232599148616,2.718851365886374,1.3143529111941568,1.3011607138847747,0.7651743288648573,0.7723112896165326
,-0.067,-0.038,-9.94,-0.038,-0.05,-9.935,2.73,1.26,0.7,-0.05143149075237811,-0.05636977127808536,-0.062237195387107036,-0.06450863844431835,-9.931076512095755,-9.923000121810503,-0.039764893384358686,-0.04918226514533786,-0.06524816988997413,-0.06249788847188979,-9.920533625340752,-9.921205227338392,2.7372388928500024,2.7193389239568893,1.3146292711637637,1.2993606513804221,0.7674235431197727,0.7691489333599215
,-0.05,-0.053,-9.902,-0.065,-0.055,-9.916,2.8,1.47,0.77,-0.049817109613635925,-0.05609120501047686,-0.06159240274040368,-0.06400533647055374,-9.931616966379686,-9.922081733175075,-0.0419418627849631,-0.04987401484373654,-0.06585269465041874,-0.062169986775678976,-9.920758589115028,-9.920977589533452,2.742744269386455,2.7228664375698064,1.3142225348404337,1.3068231432622954,0.7702785105571901,0.7691861526645186
,-0.043,-0.074,-9.95,-0.055,-0.074,-9.928,2.8,1.26,0.7,-0.04845765004658026,-0.05551869338344048,-0.061049518650031664,-0.06444242847807674,-9.931769087068329,-9.923302669853644,-0.04423404731165419,-0.05009818718689579,-0.06643184008580415,-0.06268734328438062,-9.921184442088965,-9.921284697369492,2.747733432033499,2.7262396840578633,1.3131499346219409,1.3047754483472283,0.773559439194607,0.7661604665799564
25743.0,-0.043,-0.029,-9.907,-0.045,-0.067,-9.897,2.87,1.33,0.77,-0.04746288284304109,-0.054971219143170984,-0.06060008073065692,-0.06289244111038483,-9.931503277498564,-9.922589712716736,-0.046514777087766586,-0.049875230519501934,-0.06690529228685181,-0.0628759467102022,-9.921829554399451,-9.920222665906998,2.7520508933640273,2.732526687608524,1.3114871011972504,1.3058785820233438,0.7770222449551585,0.7663283791230424
,-0.034,-0.074,-9.962,-0.036,-0.062,-9.914,2.73,1.26,0.77,-0.046917441043088245,-0.05405409449475362,-0.06022956541214459,-0.06337820285708474,-9.930814990257064,-9.92431322462236,-0.048676918844262236,-0.049268431466712864,-0.06719375018673668,-0.06283763933698074,-9.922694401465304,-9.919950532930693,2.7556022811292253,2.7324161891454253,1.309371286501384,1.303872195169018,0.7803827790803626,0.7664889484243745
,-0.055,-0.079,-9.923,-0.043,-0.096,-9.895,2.73,1.33,0.84,-0.04687299549859763,-0.054095461343672255,-0.05992225966291103,-0.06406138370196228,-9.929728961435066,-9.924255793976013,-0.050638033052434,-0.048994297046306055,-0.06723029819437987,-0.0642879135511847,-9.923755601302373,-9.918859382788888,2.758353430988416,2.7323105230606175,1.3069979840013382,1.3050148303995184,0.7833492337515096,0.7697037733170436
,-0.041,-0.069,-9.938,-0.072,-0.057,-9.907,2.66,1.4,0.84,-0.04734308404079299,-0.053522763576380576,-0.05966619673969986,-0.06427736192931684,-9.928301620443253,-9.924856862995009,-0.0523429781972769,-0.05000039483627987,-0.06697059437984605,-0.06396919459127612,-9.924963438257038,-9.918340741874573,2.7603195649043153,2.7291482003274425,1.304610609518939,1.309168772985306,0.7856581626286471,0.7727780057563469
25819.0,-0.053,-0.055,-9.931,-0.062,-0.101,-9.921,2.8,1.26,0.77,-0.04830106570451671,-0.053499901798153934,-0.05945694704741202,-0.06387163934163237,-9.92662073764011,-9.925125517970546,-0.053764254513715505,-0.050525168030999344,-0.06640023418094419,-0.06558864571422846,-9.926244059012863,-9.918457037982906,2.76154899616939,2.732246729383899,1.302483153335295,1.3070184977280879,0.7871084990332529,0.7726565165126745
,-0.005,-0.081,-9.947,-0.034,-0.065,-9.945,2.8,1.4,0.77,-0.04968137793742206,-0.05137887797587448,-0.05929927967665112,-0.06462070603344111,-9.924801672944211,-9.926082144597906,-0.05490028725861177,-0.049802480483985494,-0.06553804108754582,-0.06556290274287241,-9.927506383852549,-9.919617829091028,2.7621065724768212,2.735209751899123,1.3008960029142886,1.3110848148553025,0.7875883259598652,0.7725403403020276
,-0.091,-0.062,-9.921,-0.065,-0.077,-9.933,2.66,1.26,0.84,-0.05138402585390983,-0.05311161021991812,-0.05920625464716466,-0.06450609590595563,-9.922980033938765,-9.925859889513653,-0.05577184833106913,-0.05046710659121301,-0.06443466745135057,-0.06606307603891438,-9.928652580266006,-9.92020306539542,2.7620609223790975,2.731920638529169,1.300106287009766,1.308850746223251,0.7870906132480894,0.7754905224664729
,-0.069,-0.043,-9.926,-0.05,-0.048,-9.954,2.73,1.19,0.91,-0.053281931141182313,-0.053806449837562415,-0.05919594838813825,-0.06356557973892094,-9.92130108549869,-9.92586601690089,-0.056416969187186916,-0.050446678834232594,-0.06316669008693448,-0.06527313187074617,-9.929590068545895,-9.92168109113895,2.7614778531477824,2.731836644130762,1.3003160043821929,1.3036531013891577,0.7857157647680559,0.7813729633703395
25895.0,-0.055,-0.057,-9.911,-0.062,-0.062,-9.94,2.73,1.33,0.77,-0.05523043024136749,-0.05385864681598417,-0.05928658649993932,-0.06327845027026174,-9.919906858317715,-9.925215888244539,-0.05688481380689222,-0.05095193489683293,-0.061827199609464915,-0.0651299895052171,-9.930242750843753,-9.92248222352586,2.7604208588905226,2.731756323020616,1.3016429877573064,1.3048053181468193,0.7836602058468887,0.7808755948119701
,-0.012,-0.034,-9.885,-0.067,-0.036,-9.945,2.8,1.33,0.77,-0.05707810249368529,-0.052028061932852226,-0.05949124835414123,-0.06199802931681121,-9.91892246903156,-9.923457145363868,-0.05722894090934482,-0.05165375752169038,-0.06051448751299095,-0.06385606111788854,-9.930559503125835,-9.923466983052284,2.758958242494347,2.7347407922509994,1.3041004105861453,1.3059071455407747,0.7811919966949861,0.7803999774432248
,-0.055,-0.079,-9.931,-0.074,-0.067,-9.938,2.8,1.05,0.63,-0.05867835921907535,-0.052158032328771656,-0.059813372584402176,-0.06274156865416536,-9.918443467772837,-9.923787013544587,-0.05750030812110146,-0.05263101543104004,-0.05932064640638944,-0.06399355354606914,-9.930518754831269,-9.924102548775366,2.7571743338807564,2.737594743065885,1.3075896530565776,1.2947156764478582,0.778617069011605,0.7738226046403892
,-0.06,-0.06,-9.919,-0.034,-0.067,-9.883,2.87,1.33,0.77,-0.05990145347530104,-0.05250098148181208,-0.060243980278138445,-0.06262167289746672,-9.918525895588623,-9.923577665290484,-0.05774043881102834,-0.05181623383154418,-0.05832169358522908,-0.06412503308134189,-9.930128944235468,-9.922305029978899,2.7551803443913343,2.7433851610613904,1.3119092803477352,1.296258749485791,0.7762422206539973,0.773655432435811
25971.0,-0.101,-0.045,-9.892,-0.029,-0.01,-9.971,2.73,1.4,0.7,-0.06064629219272427,-0.05462196667601642,-0.060761035272803215,-0.06185103240917266,-9.919180214397837,-9.922196693827658,-0.05797542808502501,-0.050818422007247954,-0.057570370042917964,-0.061758007988693985,-9.929425498101763,-9.924434584629747,2.753119816863788,2.7427997939900424,1.316779978388147,1.3007956177171833,0.7743416985635744,0.7704342934016162
,-0.069,-0.053,-9.933,-0.062,-0.069,-9.909,2.73,1.4,0.84,-0.060850762074184384,-0.05525075457180671,-0.06133096115117942,-0.06146395429363847,-9.920369631916268,-9.92266914983069,-0.05821171632694192,-0.051307420797225,-0.05709226991170398,-0.06207471868309218,-9.928465475219902,-9.923759591063307,2.751165046441232,2.7422400265066744,1.3218815253258227,1.30513407718401,0.773132274623879,0.7734765783432012
,-0.053,-0.062,-9.911,-0.084,-0.074,-9.909,2.8,1.4,0.84,-0.060498868982354875,-0.055152323360857576,-0.061912105132089,-0.061487396933125764,-9.922012803013331,-9.922158828286541,-0.0584344775887677,-0.05273715027563568,-0.05688547371332093,-0.06259624150732002,-9.92732105834523,-9.923114116678995,2.749503655464671,2.744766016770808,1.3268942296327841,1.309282804805205,0.7727582083205718,0.7763858164414725
,-0.074,-0.077,-9.931,-0.048,-0.06,-9.957,2.73,1.4,0.77,-0.05962327699756669,-0.05597658010497665,-0.06245971117029257,-0.06216580244386966,-9.92399044859049,-9.922545475168821,-0.058608965606235075,-0.05252998266886078,-0.056923325249464404,-0.062482701275664826,-9.926072875853517,-9.92459603237569,2.7483173296732053,2.744120261373995,1.3315358792046423,1.3132500980360102,0.7732843766175211,0.7761065484781385
26046.0,-0.074,-0.067,-9.943,-0.031,-0.038,-9.88,2.73,1.26,0.77,-0.05830262321248742,-0.05676479000930568,-0.06293163935626364,-0.062377214174574404,-9.926155049317481,-9.92344000346335,-0.05868458525049599,-0.05158842187304788,-0.057159510186455625,-0.06141201059972178,-9.924803905628282,-9.9226457346732,2.747756557745628,2.7435027464999298,1.3355871907041743,1.310921336073911,0.7746946360418142,0.7758394936117609
,-0.06,-0.06,-9.931,-0.057,-0.069,-9.899,2.66,1.4,0.84,-0.056653810638506386,-0.05690627395475565,-0.063293808636049,-0.06227325256417946,-9.928342529376087,-9.923770621302893,-0.058601178282019564,-0.05182508392179101,-0.05753440789996809,-0.06174385263825157,-9.923594476813527,-9.921611646671415,2.7479160532445164,2.739850959424376,1.3389027985855206,1.314816972172936,0.7768933001533231,0.778645395427095
,-0.045,-0.091,-9.921,-0.081,-0.091,-9.981,2.73,1.33,0.7,-0.05482014955131802,-0.05638558237072479,-0.06352435278123142,-0.06352954615218627,-9.930384864874574,-9.923649455000115,-0.05829691369837403,-0.05310097706220229,-0.05798179483154295,-0.06302329822889705,-9.922518528384614,-9.924208850119376,2.748815658493583,2.7394201519621597,1.3414088263786477,1.3154809645218186,0.7797094239708409,0.7752060326443068
,-0.031,-0.06,-9.914,-0.072,-0.038,-9.933,2.73,1.26,0.7,-0.052956796231434594,-0.05527540641253771,-0.06361577174645998,-0.06337519013922406,-9.932122820835403,-9.92322745983789,-0.05771692545544635,-0.05392747931030376,-0.05843515816337021,-0.06192896587588774,-9.921640753998792,-9.924593309419926,2.750390739868175,2.7390081848038674,1.34309069156284,1.3130546411052566,0.7829051964643798,0.7719170819268071
26122.0,-0.053,-0.055,-9.923,-0.048,-0.048,-9.935,2.8,1.33,0.84,-0.05121538087045823,-0.05517589711401489,-0.06357481154737782,-0.06300892181407684,-9.93341832809458,-9.923217512441774,-0.056821505391430535,-0.05366825559320128,-0.0588330946335452,-0.06131981683955711,-9.921013782805039,-9.925048420416301,2.752494180036018,2.7416755117096714,1.3439758667526145,1.3137957046653934,0.7861904687585476,0.7748945207621376
,-0.043,-0.053,-9.954,-0.072,-0.062,-9.914,2.73,1.4,0.77,-0.04972980475020636,-0.0546434142247932,-0.06342031110961488,-0.0625712062555724,-9.934166055682695,-9.924563708763815,-0.05559262059648422,-0.05446994931110976,-0.059123602618079384,-0.06134956297580326,-9.92067459412606,-9.924565244945162,2.754909611634683,2.741164911944406,1.3441162054831914,1.3175656373293494,0.7892449543965184,0.7746804709445042
,-0.05,-0.06,-9.943,-0.045,-0.05,-9.883,2.73,1.33,0.7,-0.04860484562040657,-0.05444034593346993,-0.0631796691400557,-0.062458760879027936,-9.934303408742506,-9.925369974579963,-0.05403791030961822,-0.054055804388337826,-0.05926737061282071,-0.060853217776088736,-9.920640120458799,-9.92274749127064,2.7573735583727683,2.74067664200303,1.3435734378973232,1.3181094235734756,0.7917480493678642,0.7714145043742715
,-0.01,-0.089,-9.954,-0.053,-0.077,-9.938,2.8,1.12,0.77,-0.04790864345464782,-0.05249685679430599,-0.06288471913274725,-0.06361947664052954,-9.93381774548553,-9.926622038268691,-0.05219186104515352,-0.05400963138228409,-0.059240167235660425,-0.061559357551229016,-9.920902962416934,-9.923414522195756,2.759603194038316,2.743271003040148,1.3424100511401291,1.309445595581284,0.7934142549583892,0.7713526445072756
26198.0,-0.06,-0.029,-9.935,-0.043,-0.06,-9.933,2.73,1.4,0.91,-0.04766957276690241,-0.05282498829336517,-0.06256764143828998,-0.0621054790457508,-9.932749476867096,-9.926988427802597,-0.05011427399890755,-0.05352815225406802,-0.05903418998822562,-0.061491162887096024,-9.921428637814921,-9.923833719472801,2.7613261610073443,2.7426906283888584,1.340686471329326,1.3134057695582082,0.7940303652513843,0.7774160453182708
,-0.05,-0.067,-9.94,-0.06,-0.079,-9.864,2.87,1.54,0.84,-0.047877448064435224,-0.05270144438408418,-0.06225730956740125,-0.06231952887178578,-9.931190088095649,-9.92755745688457,-0.0478863420950395,-0.05381118258473582,-0.0586580297741746,-0.06225686878009834,-9.922155638132047,-9.921217039032797,2.762308763898466,2.7482581903833228,1.3384638692338933,1.3233153104632254,0.7934888395701385,0.7801530005254143
,-0.06,-0.086,-9.928,-0.065,-0.034,-9.902,2.8,1.4,0.91,-0.0484883860226186,-0.05302062874849826,-0.06197633455986473,-0.06335513598692545,-9.9292748511707,-9.9275768104184,-0.045604693905608056,-0.05430049797303654,-0.05813497691400791,-0.061021124178489795,-9.922999084089826,-9.92037662913358,2.762378888963995,2.7505209910640653,1.335809606858657,1.3266689266001923,0.7918105392301171,0.7858315394280969
,-0.053,-0.057,-9.933,-0.045,-0.067,-9.966,2.73,1.33,0.77,-0.04943209345830814,-0.0530197266009605,-0.061738992502389185,-0.06307720975775095,-9.92717078132456,-9.92781398026553,-0.04337377639739244,-0.05389376358742954,-0.057499721959302856,-0.061282595595497,-9.923858172967046,-9.922371854956163,2.761440716025126,2.749623556032448,1.3328007633392283,1.3268146028958714,0.7891505131900908,0.7851391860206591
26274.0,-0.067,-0.012,-9.938,-0.012,-0.067,-9.923,2.73,1.12,0.84,-0.050620123700832007,-0.053631119445522325,-0.061550157671617985,-0.06084347371592091,-9.925061022699454,-9.928259440765654,-0.04129712747547105,-0.05206164295873862,-0.0567938974388449,-0.0615326322036952,-9.924626794033047,-9.92239932533347,2.7594800040348706,2.7487653681128954,1.3295225033445275,1.3177700753138772,0.7857833826005328,0.787538388679751
,-0.074,-0.096,-9.904,-0.036,-0.034,-9.947,2.73,1.33,0.77,-0.051953839653143985,-0.054521902298424026,-0.0614053633171475,-0.062380957854908665,-9.923127301598395,-9.927198513838558,-0.03946846648526887,-0.05135922653978974,-0.05606115947312825,-0.06032856030604202,-9.925205755896304,-9.92347517528527,2.756560929636528,2.7479447109295685,1.326061791941525,1.3183049209659758,0.7820691483285936,0.7867713904217141
,-0.038,-0.072,-9.907,-0.034,-0.045,-9.916,2.73,1.4,0.77,-0.053331336479840036,-0.05379935757018573,-0.06129206827204022,-0.06280162298578168,-9.921532419178318,-9.92631518155462,-0.03796383984656756,-0.050600063496935056,-0.055342577438549714,-0.05965820345242052,-9.9255145443392,-9.923148266894367,2.752816972892421,2.747159943168101,1.322499762028421,1.3218776541544948,0.7784043299873004,0.7860379349445206
,-0.017,-0.036,-9.89,-0.031,-0.062,-9.943,2.8,1.4,0.7,-0.05465326462201274,-0.05219002824874132,-0.06119196523991879,-0.06162951997688942,-9.920404946587757,-9.924727026479413,-0.03683597485084241,-0.04974290296559617,-0.05467303852036642,-0.059760616160079584,-9.925500735297351,-9.924016433576556,2.7484383977684947,2.7494707729874577,1.318905571678034,1.3252941426513225,0.7751662357414557,0.7822752776427278
26350.0,-0.034,-0.065,-9.907,-0.034,-0.055,-9.928,2.66,1.19,0.7,-0.055828121559534656,-0.05139453213817012,-0.06108387370301107,-0.061776919624238945,-9.919828151701429,-9.923951778611542,-0.036111510712583304,-0.04905442585566655,-0.05407916349960237,-0.059552422330609985,-9.925145850214832,-9.924190645048508,2.743657798721338,2.745557988963813,1.3153321586431048,1.319377386349988,0.7726595829633178,0.7786771708962203
,-0.074,-0.098,-9.931,-0.031,-0.05,-9.923,2.87,1.47,0.7,-0.05677774898666809,-0.052383126631582864,-0.06094666645334753,-0.06336104688109573,-9.919834550583166,-9.924260015224718,-0.03579117778295701,-0.04826485998197019,-0.05357887031752213,-0.05913467065333815,-9.924467122441296,-9.924138575118093,2.738733931227621,2.7510001540015607,1.311812843970234,1.3259644955993068,0.7710745226675348,0.7752364184915055
,-0.072,-0.057,-9.897,-0.045,-0.05,-9.921,2.73,1.19,0.7,-0.05744322292520332,-0.053241022301273394,-0.06076175853679186,-0.0630828621535144,-9.920406418259223,-9.923067865559592,-0.0358525136645473,-0.04812207936713544,-0.05318237143719809,-0.05873518831737299,-9.923515181916873,-9.92400131726093,2.733933314906591,2.750081763958335,1.3083583124378482,1.320018423061871,0.7704632020482588,0.7719461389237736
,-0.081,-0.034,-9.947,-0.055,-0.041,-9.945,2.8,1.26,0.77,-0.057790361860434555,-0.05445499286200068,-0.06051486126816208,-0.06181099476490823,-9.921481460218654,-9.92411447855022,-0.03625438226928836,-0.04842286829596185,-0.05289419557402173,-0.05795958351160837,-9.922368083652739,-9.924919642962111,2.729509198715141,2.752264815137514,1.30495489870324,1.317393665065047,0.7707384641926629,0.7718610293283775
26425.0,-0.053,-0.043,-9.969,-0.017,-0.079,-9.904,2.59,1.33,0.84,-0.05781340998733818,-0.05439136233065665,-0.06019702952725291,-0.06098834221226609,-9.922962003189191,-9.926077436344785,-0.03694241076581444,-0.04704866649865797,-0.052715726622490654,-0.058879734335589184,-9.921122421470486,-9.924004773871017,2.725678577380688,2.7451685628635034,1.3015659640712225,1.3179449720928416,0.7716938318727431,0.7748409194861265
,-0.093,-0.093,-9.911,-0.043,-0.06,-9.911,2.66,1.26,0.84,-0.057535536232049385,-0.05607981606368153,-0.059805367531081254,-0.06238829326868298,-9.92472572827199,-9.925418061779466,-0.03785452573360206,-0.04687160803516135,-0.052647639682062895,-0.05892872639688007,-9.919882510240566,-9.923436042097114,2.7225997746852237,2.7414439254097083,1.2981379333313023,1.3154108913703335,0.7730397242419956,0.7776904914828479
,-0.057,-0.055,-9.916,-0.048,-0.057,-9.926,2.8,1.26,0.77,-0.05700551073564916,-0.05612005804309693,-0.059343765576589665,-0.06206518444891502,-9.926636248073992,-9.925006186030169,-0.03892600127568833,-0.0469209554801985,-0.05269155186391494,-0.058844378295486645,-9.918748814579248,-9.923548170484796,2.7203545056120224,2.744004731195709,1.2946113315476027,1.312987632430566,0.7744482196555729,0.7773541667680465
,-0.012,-0.036,-9.928,-0.06,-0.041,-9.931,2.73,1.4,0.84,-0.05629089618320891,-0.05419057590642747,-0.05882371945363588,-0.060925287766683774,-9.9285526250538,-9.925137113114845,-0.0400936585311518,-0.04749293529810832,-0.0528503794801863,-0.05806399833480115,-9.917806890142108,-9.92387405790591,2.7189380614024756,2.7433922687496133,1.2909354589741453,1.3167929041446365,0.7755984143069481,0.7800938280812695
26501.0,-0.045,-0.079,-9.928,-0.022,-0.062,-9.887,2.66,1.33,0.77,-0.05546898600579707,-0.053788648691829644,-0.05826501987359086,-0.061715740815171574,-9.930337791905062,-9.92526231442575,-0.04129901485137282,-0.04637806452389214,-0.0531273260711318,-0.05823612967913175,-9.917118037591463,-9.922261461749159,2.718259551698997,2.739745313146528,1.2870839342928202,1.3173704839725078,0.7762162286982863,0.7796523993561668
,-0.067,-0.06,-9.909,-0.031,-0.034,-9.909,2.66,1.26,0.7,-0.054617206517120376,-0.05436641462145465,-0.057696073635798574,-0.061640707113928606,-9.931866267552081,-9.924551122134146,-0.042490392894399834,-0.045705542725157956,-0.05352388218303499,-0.057176222205025294,-9.916712742143423,-9.921681504362745,2.718152508164478,2.736257848169736,1.2830678501145163,1.3148615270738357,0.7761051872480318,0.7761689977352881
,-0.041,-0.057,-9.95,-0.043,-0.067,-9.911,2.66,1.26,0.77,-0.05380451691369252,-0.053781867379512634,-0.05715366954989143,-0.06143775721143542,-9.933031474307723,-9.92566406616501,-0.04362428949436727,-0.04558722247378637,-0.05403744598599154,-0.05760584094558766,-9.916587838441224,-9.921214375062041,2.718395375228791,2.7329228988892833,1.2789441096592835,1.3124622932293115,0.7751670263850354,0.7758992118043684
,-0.072,-0.045,-9.921,-0.062,-0.069,-9.911,2.73,1.19,0.84,-0.053084636836372885,-0.05457859256560303,-0.056682041634289124,-0.06071889236145283,-9.93375259524057,-9.925460094711918,-0.0446664523579353,-0.046304994898723466,-0.05465914049100804,-0.058104136445026586,-9.916708056494413,-9.920767674511461,2.7187405844507966,2.7327950731010975,1.2748183365541583,1.3071067062767576,0.7734122031213048,0.7787025019915457
26576.0,-0.079,-0.043,-9.94,-0.026,-0.014,-9.899,2.87,1.33,0.84,-0.052491233985072945,-0.05564660270627347,-0.05633117366143682,-0.05994400021920776,-9.933980491152857,-9.926095961679609,-0.04559296789428652,-0.04541700592772117,-0.05537226094960603,-0.056175350600257606,-9.917012055484854,-9.919815718847993,2.718949033095814,2.7387953928480906,1.2708433113934894,1.3081078881257338,0.7709603317478148,0.781383197182706
,-0.029,-0.067,-9.959,-0.057,-0.062,-9.907,2.8,1.33,0.77,-0.05203493866045517,-0.054481279127721945,-0.056154361185873615,-0.06025257700122567,-9.933701857062589,-9.92753493880202,-0.04639139120697221,-0.045923559661847704,-0.05615168309917245,-0.056430077304338265,-9.917422351118416,-9.919255254930162,2.7188244513852444,2.7414720256862912,1.267214069393106,1.3090652857509615,0.7680300835548775,0.7808853810737434
,-0.031,-0.091,-9.952,-0.022,-0.069,-9.952,2.59,1.12,0.7,-0.05170226693748461,-0.053454383184411244,-0.056204933756099716,-0.06159723986107059,-9.932940654882415,-9.928604858032587,-0.04706178305886779,-0.044877321668053784,-0.05696446948216233,-0.05697979193247643,-9.917857843507532,-9.920687265754362,2.7182411564380047,2.7348477694924,1.2641598394455924,1.3007969808642261,0.7649184662431392,0.77734805803244
,-0.026,-0.077,-9.931,-0.06,-0.067,-9.919,2.8,1.4,0.77,-0.051456958590782295,-0.052253733315005914,-0.056531820388956225,-0.06227084166173999,-9.931756030351906,-9.928709603670873,-0.047617442007642945,-0.04553867478031819,-0.05777167919907862,-0.057418001067494166,-9.9182470241242,-9.920613477339812,2.71716019478486,2.737697041920958,1.26193210197898,1.3051353807171724,0.7619710308557065,0.7770267088016898
26652.0,-0.05,-0.029,-9.928,-0.074,-0.067,-9.94,2.73,1.33,0.77,-0.05124440012031025,-0.05215517183605516,-0.05717368879688983,-0.06081582329808375,-9.930236480574514,-9.928678570901022,-0.048084972441713635,-0.0467833607810409,-0.05853106096360999,-0.05783704620464689,-9.918539528953865,-9.921461299188287,2.715631949532693,2.73736043073887,1.2607878623220146,1.3062227736370646,0.75954633023498,0.776719412988543
,-0.055,-0.062,-9.916,-0.053,-0.014,-9.962,2.66,1.12,0.7,-0.050999352231497735,-0.052279583393239966,-0.05815196084998828,-0.06086761035128245,-9.928490867553606,-9.928124104811062,-0.04850311887814614,-0.047055230194979196,-0.059200174930128656,-0.05591994089409634,-9.918713761851954,-9.923234159481979,2.7137859169284932,2.7339772627237715,1.2609676289667335,1.2980787790207662,0.7579786342437641,0.7733642783068849
,-0.069,-0.038,-9.914,-0.069,-0.077,-9.923,2.8,1.47,0.84,-0.05065626011587674,-0.053010809656108916,-0.05946385401054856,-0.05986755170135915,-9.926637626524933,-9.927506421853737,-0.04891976933050649,-0.04801493068519049,-0.059739646777403045,-0.056841825390373454,-9.918778958250739,-9.92322391909342,2.711809661092027,2.736864604623097,1.2626684881493337,1.3055973304349509,0.7575424427740926,0.7762784275708172
,-0.041,-0.017,-9.916,-0.029,-0.077,-9.919,2.8,1.12,0.77,-0.050160510659980055,-0.05248554646049476,-0.06107713999603279,-0.05799284484649208,-9.924793855676704,-9.927003216817106,-0.04938691587870364,-0.047183359497064564,-0.060116410327904414,-0.05772339353743131,-9.918771202598975,-9.923039196389077,2.709919590255781,2.7396256757316686,1.2660141574368733,1.2974806880375638,0.7584215411852054,0.7760038559954029
26728.0,-0.072,-0.096,-9.909,-0.019,-0.074,-9.892,2.59,1.33,0.7,-0.049478550643121254,-0.05333896305107499,-0.06292817278405995,-0.05965499422224051,-9.923065802663052,-9.92621589044466,-0.04995407776374522,-0.04595082964300586,-0.06030666624784788,-0.05843521085608597,-9.918744328356224,-9.921681773538209,2.7083270368515246,2.7330821651082386,1.2710256006931706,1.298902840099717,0.7606849231611449,0.772680014437491
,-0.108,-0.065,-9.947,-0.077,-0.053,-9.892,2.59,1.12,0.63,-0.04860487189431235,-0.055729428953494205,-0.06492398446469737,-0.059888744893160026,-9.921541720897665,-9.927124832315824,-0.05066134162417213,-0.0473086886808092,-0.0602980576004525,-0.0581975152881063,-9.918757930042814,-9.920383714234418,2.707204509036007,2.7268248188150253,1.2775971169083804,1.2910789647586045,0.7642720661712037,0.7664402552139659
,-0.036,-0.072,-9.907,-0.041,-0.048,-9.904,2.59,1.26,0.77,-0.04756439628023702,-0.054866610942346725,-0.0669482645421361,-0.06041840082331469,-9.92028739788921,-9.926244722311914,-0.051533360301464264,-0.04703279371023732,-0.06009063742793542,-0.0577515520582394,-9.918865406559558,-9.91966721282101,2.7066583560502364,2.7208411221594417,1.2854833064241884,1.289719802735986,0.7689902443202389,0.7665959318898452
,0.002,-0.05,-9.938,-0.041,-0.06,-9.904,2.8,1.33,0.84,-0.04640972793326398,-0.05237968969036172,-0.06887031596817952,-0.05996277770827681,-9.919344124051472,-9.9267588104459,-0.05257534969440255,-0.0467689643270859,-0.05969661405551494,-0.05784988239440125,-9.919104740762911,-9.918982045833241,2.7067138560386743,2.724302940831642,1.294301412882631,1.2914813580133275,0.7745256455116059,0.7698060781239926
26804.0,-0.062,-0.091,-9.899,-0.057,-0.067,-9.919,2.73,1.33,0.84,-0.04521396078001341,-0.0528004102812896,-0.0705558691510162,-0.06132011422685577,-9.918728654506324,-9.925544847199564,-0.05377166431526138,-0.0472163934884717,-0.0591392332935047,-0.05825004026480074,-9.919493738700487,-9.91898283101453,2.7073157850822827,2.7245520876910176,1.3035510837285906,1.2931658760066957,0.7804675689391509,0.772875836514388
,-0.045,-0.048,-9.916,-0.034,-0.036,-9.907,2.73,1.26,0.77,-0.04406072134977983,-0.052459278538404326,-0.07187873581324661,-0.06073759181870277,-9.918434789117663,-9.925127426802002,-0.055087185370944994,-0.04663840705150257,-0.05845121240642338,-0.05727698952245644,-9.920030139152471,-9.918458791395935,2.708343099799249,2.724790338725775,1.3126505493402072,1.2917154480575892,0.7863422375310537,0.7727500688833238
,-0.041,-0.081,-9.914,-0.029,-0.091,-9.971,2.66,1.19,0.77,-0.04303337352867583,-0.051958135198625105,-0.07273235446110203,-0.061623718364445954,-9.918436336242106,-9.924640796181059,-0.05647145977149761,-0.045867034736173,-0.057672959772308297,-0.058751782376255,-9.920695796224724,-9.920756551823665,2.7096331266002247,2.7219568927434956,1.320985994968946,1.2872671733101095,0.7916516683477204,0.7726298013900262
,-0.022,-0.098,-9.938,-0.112,-0.043,-9.907,2.73,1.33,0.77,-0.042204945601146016,-0.050647989897882016,-0.07304020781663677,-0.06321454550129375,-9.918691215365904,-9.925225028076303,-0.05786509488764026,-0.04875919718520905,-0.05685062142436913,-0.05806291694715695,-9.921463315110325,-9.920154942891509,2.711009889898436,2.7223086382411914,1.3279697324824662,1.2891359882982267,0.7959139316531553,0.7725147934995088
26879.0,-0.034,-0.093,-9.933,-0.062,-0.041,-9.938,2.73,1.47,0.77,-0.04162989779576155,-0.049919931038846975,-0.07276399573529883,-0.06451713903668069,-9.919146277895905,-9.925565047335235,-0.05920732319976463,-0.04933825110398101,-0.05603391910225635,-0.05731671227496783,-9.922303245134636,-9.920935352538411,2.712311926216843,2.7226450010153695,1.3331014753467199,1.297045630651917,0.7987025602291019,0.7724048151959904
,-0.05,-0.045,-9.895,-0.062,-0.077,-9.926,2.8,1.47,0.84,-0.04133852758976038,-0.049923432657772666,-0.07190852841419462,-0.06366360500249187,-9.91974229425412,-9.924228360226117,-0.060443168424206196,-0.04989198152496094,-0.05527378850203945,-0.05817751241306549,-9.92319023134093,-9.921156842428477,2.713415601440516,2.7260279314860667,1.3360248277197966,1.304609364266911,0.7996833799713832,0.7753609242173523
,-0.031,-0.074,-9.902,-0.079,-0.043,-9.887,2.8,1.47,0.84,-0.04133443438588579,-0.04909586291065279,-0.07052271370290554,-0.06411564179459604,-9.920418667566867,-9.923256257606898,-0.061528651338408506,-0.051164949063366515,-0.05461989887119909,-0.057513761267237826,-9.924107175685227,-9.919663077002184,2.71425033437214,2.729262917819736,1.3365693812493409,1.3118423166104387,0.7986464195542496,0.7781877550871488
,-0.062,-0.077,-9.952,-0.079,-0.055,-9.962,2.73,1.33,0.84,-0.04159498636706226,-0.04966019358262762,-0.068696617554342,-0.06467910748576748,-9.921117682528255,-9.924513294427529,-0.06243305831647192,-0.052382246499898824,-0.05411813673124642,-0.05740382810585692,-9.925047068839405,-9.921514578116849,2.7148031509849098,2.7292951522945565,1.3347699821501293,1.3126363981982108,0.7955296801263375,0.7808909614671197
26955.0,-0.034,-0.067,-9.938,-0.045,-0.057,-9.947,2.59,1.19,0.77,-0.04207434441901162,-0.04897533356397238,-0.06655501788203057,-0.06478060600698356,-9.921788169881607,-9.925103102298117,-0.06313815445866486,-0.05205940212067947,-0.05380808899328616,-0.0573861676776731,-9.926012449446283,-9.922629120310356,2.715112398949584,2.72320342168499,1.3308595374355092,1.3072731971934026,0.7904314346248534,0.7804146720755365
,-0.029,-0.081,-9.919,-0.041,-0.067,-9.923,2.59,1.26,0.77,-0.042708457590058244,-0.048101761519981634,-0.06424799827747257,-0.06548992127911125,-9.922388324774653,-9.92483619814194,-0.06363503360602205,-0.051575746391730716,-0.05372054578240642,-0.05780660496977153,-9.927012499695536,-9.92264533982066,2.715253707989187,2.717378097918793,1.325238105565239,1.3052058202774697,0.783608786827046,0.7799592120281044
,-0.053,-0.06,-9.907,-0.067,-0.041,-9.921,2.8,1.4,0.84,-0.04342150237845071,-0.048315973922855415,-0.061939162766439945,-0.06524983308545068,-9.922887418226013,-9.924056175920134,-0.06391988367111899,-0.05225028815637536,-0.053875082720259905,-0.05707160947099956,-9.928057944959463,-9.922573384933619,2.7153235501209942,2.720991363431899,1.3184255972849905,1.3093514103910682,0.7754619459117544,0.7825849480992167
,-0.048,-0.041,-9.907,-0.057,-0.057,-9.952,2.73,1.4,0.77,-0.04413331166753778,-0.04830215558111146,-0.05979224540586916,-0.0641893263265999,-9.923266497167358,-9.92331026605017,-0.06399012602766038,-0.052458005112405864,-0.05427787901438165,-0.05706847780705263,-9.92915442268122,-9.923860285509718,2.715425359183338,2.72138533397738,1.3110062800507307,1.3133157033254488,0.7665051972497279,0.7820345763720392
27030.0,-0.022,-0.065,-9.921,-0.062,-0.055,-9.876,2.66,1.19,0.77,-0.044767298380074316,-0.047151895549719776,-0.05795721644721167,-0.06422477914422689,-9.923518570786376,-9.923209232251201,-0.06384207775187327,-0.05287530077112463,-0.05492007489298306,-0.056978018021734425,-9.930295631719469,-9.921767233731394,2.715660469096967,2.7187007974963278,1.3035715654003626,1.3079227945830154,0.7573265858820779,0.7815082737976058
,-0.055,-0.053,-9.921,-0.034,-0.053,-9.914,2.73,1.19,0.77,-0.045258251620917254,-0.047495113079686305,-0.056557231217945425,-0.06373389105823005,-9.923648779553519,-9.923112616916736,-0.06347069171862334,-0.05204983595359032,-0.0557770913610936,-0.05680404919547431,-9.9314579843908,-9.921427552883255,2.7161232922894167,2.719194940304756,1.2966660205772151,1.302765731429748,0.7485392948961824,0.7810049877707675
,-0.081,-0.038,-9.945,-0.089,-0.026,-9.938,2.73,1.26,0.63,-0.045559245477646566,-0.04896036683662215,-0.055677763102645605,-0.06260848267695932,-9.923674582489479,-9.92406980773993,-0.06287133575187295,-0.053665760425061146,-0.05680934356085721,-0.05545690992830252,-9.932598412114706,-9.922152308064707,2.7168987199192975,2.719667472993794,1.2907412945544603,1.3008954774338286,0.7407289078549982,0.7744011563304942
,-0.045,-0.06,-9.943,-0.084,-0.069,-9.947,2.8,1.47,0.84,-0.045646802678508215,-0.0487871699414944,-0.05535903596320236,-0.06249440710788168,-9.923625425905808,-9.924897673101617,-0.062043060563478976,-0.05499235372491864,-0.05796465206974817,-0.056049183636173,-9.93365634897082,-9.923238960708721,2.7180593592070483,2.7231806183233083,1.2861221967972498,1.3082908474762416,0.734401864143099,0.7772699602863469
27106.0,-0.036,-0.043,-9.926,-0.055,-0.06,-9.88,2.73,1.26,0.63,-0.045523540660413746,-0.048227954539815425,-0.055592540573859935,-0.06164186719864407,-9.923541087158982,-9.924945880655132,-0.060992408193109485,-0.05499268811593796,-0.059182362194278006,-0.05622196286488161,-9.934559908565715,-9.921348011195143,2.7196602155612495,2.7234788471949805,1.2829872291745101,1.3061789661301422,0.7299408787162616,0.7708294710793072
,-0.043,-0.048,-9.916,-0.041,-0.067,-9.983,2.8,1.12,0.63,-0.04521794976066033,-0.04799932281666491,-0.05632203136721595,-0.0610452737162672,-9.923468127796177,-9.92455465458503,-0.059736712326511704,-0.054380752344291496,-0.060398718760198734,-0.056693313788768816,-9.935235291866615,-9.924044209168702,2.721729004050283,2.726825311455531,1.2813636644338224,1.2980368873273265,0.7275727152098052,0.7646706408144263
,-0.038,-0.062,-9.911,-0.086,-0.079,-9.959,2.66,1.19,0.63,-0.04478155843201312,-0.04756202704668428,-0.057448954552327555,-0.06108702632022053,-9.923454526613137,-9.923961875131635,-0.05830613375894062,-0.05576354230950467,-0.06155258615548827,-0.05766884180214584,-9.935617795989558,-9.925572914636774,2.7242519380331025,2.723902870950016,1.281136619682101,1.2933121599936537,0.7273525886964852,0.7587811518311741
,-0.057,-0.069,-9.945,-0.038,-0.069,-9.907,2.73,1.4,0.84,-0.04428414257239714,-0.04797477356215813,-0.058841792608903404,-0.061433080746263136,-9.923543222532532,-9.924881925737255,-0.05674410494863088,-0.05498669751168773,-0.06259041605996245,-0.05816438211420026,-9.935662441718662,-9.9247606739325,2.7271573437598406,2.7241695138808892,1.2820718402266484,1.2979778900634331,0.7291674302736605,0.7623330582350493
27182.0,-0.048,-0.053,-9.895,-0.072,-0.062,-9.971,2.66,1.33,0.77,-0.04380767535104484,-0.04797587677832208,-0.06034840632379092,-0.06106428071791522,-9.923765644557452,-9.923575113269715,-0.055106115924259,-0.055730732417645625,-0.06346956637654282,-0.05833212342103425,-9.935352243639446,-9.926782837039623,2.7303018310990903,2.721363218145036,1.2838508328681408,1.299378298218851,0.7327570025343353,0.7626683530609062
,-0.024,-0.053,-9.928,-0.067,-0.067,-9.964,2.59,1.33,0.84,-0.04343959211593736,-0.04692735082421812,-0.0618102162656056,-0.060711609251003135,-9.924136306759333,-9.923768624798972,-0.053456866494768863,-0.05622356609597536,-0.06415956870521412,-0.05871119166717376,-9.934702581189255,-9.928410438051376,2.7334649731862406,2.7156183711509847,1.286114346084419,1.3007174629707068,0.7377483187089874,0.7660502622873733
,-0.024,-0.069,-9.907,-0.048,-0.055,-9.916,2.66,1.12,0.63,-0.04326589296644759,-0.04592467957176259,-0.06307701317792921,-0.0610740816184761,-9.92464936330611,-9.923035290269482,-0.051865939599394284,-0.05586392867513594,-0.064641518157994,-0.05854889183473533,-9.933760850341391,-9.927867698091584,2.7363578173671477,2.7131860385937236,1.2885083114659115,1.292814229565039,0.7436969787365343,0.7601004389549502
,-0.067,-0.062,-9.928,-0.022,-0.06,-9.931,2.8,1.33,0.7,-0.04336458581739096,-0.04684635683363626,-0.06402119367631395,-0.061114574379737184,-9.925277728697868,-9.923252409628876,-0.05040242532687463,-0.05438297311083685,-0.06490620365182209,-0.05861235247842982,-9.932601407757181,-9.928004681605364,2.7386478013549076,2.7169826335026266,1.290726688251822,1.2944404577019664,0.7501298616797598,0.7574720941949252
27258.0,-0.05,-0.084,-9.933,-0.041,-0.074,-9.943,2.8,1.47,0.84,-0.04379978725904419,-0.04698427365480148,-0.0645501538579929,-0.06211541213659692,-9.925974946004812,-9.923678696499993,-0.04912926119746071,-0.05379770172412054,-0.06495178600704463,-0.05928529336597884,-9.93131668720428,-9.928660464944267,2.739998172782314,2.7206131936785347,1.2925468619426879,1.3021181221432743,0.7565857536867954,0.7610812490122668
,-0.055,-0.077,-9.931,-0.072,-0.06,-9.883,2.8,1.26,0.77,-0.044616457767051365,-0.047334821715739744,-0.06461549494013287,-0.06276635294828102,-9.926679496933605,-9.923998875687124,-0.04809820377247578,-0.054593734434125865,-0.06478178295133881,-0.059316549301362154,-9.930006083888035,-9.926663616903497,2.7401153019236206,2.7240849802418,1.2938535695118156,1.3002761897454036,0.762651750049094,0.7614712886331446
,-0.055,-0.072,-9.916,-0.019,-0.026,-9.938,2.8,1.4,0.77,-0.045835564857249815,-0.047670039420109486,-0.06421779280599019,-0.06317016377339824,-9.927320875302023,-9.923649064548238,-0.047346111516889326,-0.053037130072886865,-0.06440395132238227,-0.05785953202659672,-9.928764507598832,-9.927159385713633,2.7387944751553914,2.727404936765549,1.2946472687470236,1.3046373651160004,0.7679930362798497,0.7618442708312887
,-0.041,-0.084,-9.935,-0.072,-0.084,-9.919,2.8,1.4,0.84,-0.04744969302561916,-0.047378341664421786,-0.06340609035292517,-0.06408110538797453,-9.92782661096058,-9.92414546976981,-0.046892730347874695,-0.053866424511906215,-0.06383044848254309,-0.059002721048460514,-9.927672325189164,-9.926802555063835,2.7359550540163444,2.730579703162829,1.2950342989609436,1.3088078152168292,0.7723731799124982,0.7652622192655836
27334.0,-0.007,-0.057,-9.94,-0.06,-0.06,-9.95,2.73,1.19,0.84,-0.04941964068407631,-0.04561249428331147,-0.062271964596318896,-0.06377143067402413,-9.92812947334493,-9.924838828623384,-0.046739774934774686,-0.0541346613380371,-0.06307934548836441,-0.05904633458859666,-9.92678786038841,-9.927817038217437,2.731658722866249,2.7305543512719463,1.2951996607188194,1.303612047864627,0.7756625761914608,0.7685306921384096
,-0.074,-0.055,-9.919,-0.041,-0.067,-9.926,2.73,1.12,0.77,-0.05167299858437302,-0.046853951969778006,-0.06093885610861825,-0.0633878337444364,-9.928174166589342,-9.92458348182586,-0.046870989718112696,-0.053560249255482945,-0.06217709084105324,-0.05939416856735884,-9.926142947023203,-9.92773757452365,2.7261085002413217,2.7305301080836073,1.2953676140912342,1.2955822269136654,0.7778342706986274,0.7685949487010243
,-0.043,-0.05,-9.945,-0.029,-0.072,-9.878,2.66,1.26,0.7,-0.054105757482332685,-0.04668540886691071,-0.059548131833452,-0.0628023497898741,-9.92792292259001,-9.925476347992797,-0.0472530485597455,-0.05248616720952747,-0.061161046033311094,-0.059945453575719176,-9.925741578575755,-9.925562424131263,2.719630002058936,2.7274456474169475,1.2957587748941424,1.294026125805508,0.7789486333345846,0.7655951174665526
,-0.038,-0.036,-9.904,-0.031,-0.067,-9.926,2.73,1.19,0.7,-0.05658758049015728,-0.046305573889313785,-0.05824387560851525,-0.061630214995993894,-9.927359562282573,-9.92453713277752,-0.04783748627305315,-0.05154652257497644,-0.060080998483806165,-0.06025396679876751,-9.925561581907761,-9.925581560434786,2.712639233265708,2.72755735573961,1.2965531266470218,1.2894767992544731,0.7791307598058881,0.7627264764670141
27409.0,-0.053,-0.05,-9.94,-0.048,-0.081,-9.935,2.66,1.33,0.77,-0.05897074216580722,-0.04659833813688584,-0.05715849735737633,-0.06112159617100333,-9.926491810836067,-9.925213363213533,-0.04856407077877512,-0.05139142413995109,-0.05899868998921857,-0.061161243494311034,-9.92555915706779,-9.925993452705614,2.7056024411853223,2.7246029010792627,1.2978654087296744,1.2912489816909238,0.7785459733846387,0.7630445661148979
,-0.074,-0.065,-9.921,-0.043,-0.055,-9.969,2.73,1.54,0.77,-0.06110213559831978,-0.04779668236907816,-0.05640088745620131,-0.06129120861574512,-9.925351808836531,-9.925029102144613,-0.049365830939550735,-0.05102444586074219,-0.05798479948592785,-0.06089179667603324,-9.925675702314548,-9.927874238190602,2.6989933724537125,2.724838929915563,1.2997338975893125,1.3021274951742214,0.777378298436366,0.7633487448950115
,-0.067,-0.045,-9.95,-0.077,-0.048,-9.94,2.66,1.4,0.84,-0.06283721381132792,-0.0486364921965598,-0.05604816205883299,-0.06057875270786461,-9.923994796476146,-9.926121142896271,-0.05017536621493107,-0.052160422782006235,-0.05711340510792932,-0.060328005681658685,-9.925845735866199,-9.928404528535685,2.6932522623046875,2.7220033589172057,1.3021185964853699,1.3064077082588907,0.7758143915780396,0.7667008988594034
,-0.057,-0.041,-9.895,-0.065,-0.045,-9.883,2.73,1.19,0.77,-0.06405427383867425,-0.04900224962350766,-0.056141312938183655,-0.059722524151429056,-9.922495942455196,-9.924760136316623,-0.05093142651707729,-0.05272193008692201,-0.056454608691967015,-0.059657673083169376,-9.926004536494444,-9.926418873243756,2.6887497694391516,2.7223530723311713,1.304903146860945,1.301316903676613,0.7740326025980032,0.7668451769270258
27485.0,-0.067,-0.072,-9.935,-0.06,-0.072,-9.926,2.66,1.19,0.84,-0.06466724742559771,-0.04978933693462944,-0.05668449944361407,-0.06025944933656976,-9.920945385063611,-9.925207951549316,-0.05158445939697943,-0.053040218559548186,-0.056066515052417644,-0.06019743437014904,-9.926094657442,-9.926400554853501,2.6857582777966456,2.7196262141953107,1.307897345883646,1.2964487329016885,0.7721951619678696,0.7700444230429906
,-0.134,-0.062,-9.926,-0.055,-0.034,-9.926,2.66,1.33,0.7,-0.06463519257983373,-0.05347208299863071,-0.05764731138302849,-0.0603355680354567,-9.91944176325625,-9.925242589838673,-0.05210007095661727,-0.05312592477683,-0.05598792614233637,-0.05905175406314677,-9.926071268316067,-9.926383037572952,2.6844326099821445,2.717018608487841,1.3108419090032517,1.2979160149815439,0.7704415215283359,0.7669812026160647
,-0.079,-0.086,-9.909,-0.043,-0.036,-9.916,2.59,1.19,0.77,-0.06396694706374938,-0.05458848361153129,-0.058969033082304674,-0.061457938794239116,-9.918084711955588,-9.924532260153333,-0.05246003489735814,-0.0526830923817532,-0.0562329621413831,-0.05804364234125618,-9.925906629616204,-9.925928960982622,2.6848020559164474,2.7114637623028583,1.313420171745446,1.2931965737023858,0.7688820953206171,0.7671132222888594
,-0.019,-0.079,-9.933,0.0,-0.057,-9.921,2.66,1.26,0.77,-0.06272003356436436,-0.05303210888209353,-0.060563851610258825,-0.06222509766116118,-9.916966913418621,-9.924902575912123,-0.05266126478064862,-0.05037912701625423,-0.056788505429701916,-0.057998001212394595,-9.92559371095347,-9.925713405006722,2.6867752270966205,2.70921312133697,1.3152806210203725,1.2917448032651209,0.7675930277880896,0.7672394684062317
27561.0,-0.045,-0.034,-9.899,-0.091,-0.057,-9.964,2.73,1.47,0.77,-0.06099403534422905,-0.0526808443712299,-0.06232626777279885,-0.06099074249123451,-9.916166404434929,-9.923769790513987,-0.05271362264939355,-0.05215558090762257,-0.05761490853083387,-0.057954356085957795,-9.925148404958248,-9.927387774996019,2.6901579746681876,2.710122184308244,1.316070500253968,1.299540355517851,0.7666132958497885,0.7673601934604165
,-0.065,-0.022,-9.902,-0.077,-0.086,-9.923,2.73,1.4,0.77,-0.05891990800951474,-0.053219592318962526,-0.0641366651628962,-0.05928557834437803,-9.915739974165897,-9.922817742312356,-0.05263732279940205,-0.053242090421908486,-0.05864978862497675,-0.059180863287980924,-9.924609376575875,-9.927195886457108,2.694682324294742,2.710991491648134,1.3154765296040067,1.3039337107871287,0.7659452845060889,0.7674756389015222
,-0.065,-0.067,-9.885,-0.045,-0.041,-9.971,2.73,1.33,0.7,-0.05664730069769377,-0.05373477945133308,-0.06586766507724842,-0.05962294958638136,-9.915718547162605,-9.921163876440975,-0.0524601671192716,-0.05288164288527214,-0.059814124430762616,-0.05838576798440896,-9.924034539857855,-9.92911155153876,2.7000419335399717,2.7118227819713208,1.3132659662675916,1.305073655783492,0.7655594748168961,0.7645247579259424
,-0.045,-0.074,-9.95,-0.038,-0.069,-9.935,2.66,1.19,0.7,-0.054331691466369104,-0.053352785372752495,-0.06739197661478175,-0.060251694497006285,-9.916105251546844,-9.9224249533245,-0.052214473802017936,-0.05223083086495751,-0.061019574981783065,-0.05884995529460114,-9.923493613790763,-9.929369068337754,2.7059282478251707,2.709556440163962,1.3093211430630107,1.300041192702446,0.7654034542374293,0.7617029264662146
27637.0,-0.034,-0.089,-9.919,-0.038,-0.086,-9.907,2.8,1.26,0.84,-0.05212253471399931,-0.05250643894149783,-0.06859176084453544,-0.06150893087401557,-9.91687634030821,-9.9222751714214,-0.05193371253459924,-0.05160848050637279,-0.06217603621301934,-0.060037295669758246,-9.923057212125451,-9.928390812195628,2.7120618048199376,2.713511766625907,1.3036630599139225,1.298290089701293,0.7654148403496184,0.7651270562483958
,-0.045,-0.077,-9.921,-0.057,-0.029,-9.861,2.8,1.47,0.84,-0.05015320149764568,-0.05217816331154575,-0.06936855489071711,-0.06218639465086061,-9.917984473932192,-9.92221940493813,-0.05164925665196094,-0.05184426534016193,-0.06319874735787934,-0.05867995594217154,-9.922784251464725,-9.925443640907229,2.7182143888856327,2.7172941166211046,1.2964623209960193,1.3057993999630075,0.7655364560235874,0.7684014401430739
,-0.067,-0.06,-9.904,-0.072,-0.069,-9.892,2.73,1.33,0.84,-0.04853323157339919,-0.05282635985505594,-0.06965225299422126,-0.062090778062631635,-9.91936349400789,-9.92142262411036,-0.051387766570514165,-0.05272572678202174,-0.06401455404177166,-0.05913127766617678,-9.922710587131219,-9.923981065593917,2.7242193010431373,2.7178497771550556,1.28803662434813,1.3068577536356716,0.7657306109934734,0.771532626918038
,-0.065,-0.086,-9.938,-0.038,-0.079,-9.89,2.66,1.26,0.7,-0.04734307606464099,-0.05335874404129086,-0.06940776652959738,-0.06313638903133786,-9.920933887683036,-9.922147594839561,-0.05116944365197423,-0.052081733368694136,-0.06456713563863874,-0.060000187330441275,-9.922842013490623,-9.922494987334808,2.729969006387878,2.7153198595488286,1.2788336820267905,1.3048085451211187,0.7659889657650985,0.7684043235578617
27712.0,-0.022,-0.077,-9.916,-0.041,-0.065,-9.943,2.73,1.26,0.7,-0.04663117007160038,-0.05198734656042269,-0.06863849256930472,-0.06374267993167256,-9.92260841006104,-9.921878744911602,-0.05100710987337366,-0.05159710103758199,-0.06482104651359788,-0.060218841830468994,-9.92315369976014,-9.923391723590482,2.7354019894735546,2.7159618593561876,1.2693991091388135,1.302848953696808,0.7663360124426488,0.7654128288448011
,-0.045,-0.05,-9.935,-0.057,-0.045,-9.959,2.73,1.33,0.77,-0.04641310719366822,-0.05168177215800724,-0.06738623956146154,-0.06314167765256797,-9.924297502913108,-9.922452570704827,-0.050906031975986164,-0.05183338352442805,-0.0647643359834704,-0.059553283244303847,-9.923596124750043,-9.92494896390922,2.7404829368834798,2.7165757828822588,1.2603312376458091,1.3040363378743791,0.7668267468053749,0.7656134374839184
,-0.029,-0.069,-9.911,-0.072,-0.069,-9.931,2.66,1.19,0.84,-0.0466728896153191,-0.05068984068402476,-0.06572766308263328,-0.06339787696012962,-9.925914215650293,-9.921951720715638,-0.05086449035245959,-0.05271532085571332,-0.06440945588032725,-0.05996641214845187,-9.924105583513807,-9.92521359107798,2.745181192757158,2.7141015802796065,1.2522275955959765,1.2990492393387225,0.7675406645449893,0.7688665506924919
,-0.045,-0.101,-9.933,-0.024,-0.11,-9.921,2.87,1.12,0.7,-0.04736634512051026,-0.050441009507293376,-0.06376756673617634,-0.06504231325337761,-9.927378416697351,-9.922434890014719,-0.050875095523371834,-0.05145952698106089,-0.06379218476963712,-0.06215450795509709,-9.924616270340266,-9.92502932004397,2.7494516316565347,2.7209194139209782,1.2456295840730656,1.291218961587255,0.7685739385429452,0.7658548416134737
27788.0,-0.074,-0.036,-9.938,-0.045,-0.043,-9.94,2.73,1.26,0.77,-0.048426559116886085,-0.051471303965864586,-0.06162962937788075,-0.06377221917110751,-9.928620177060356,-9.923115591786294,-0.05092682055072619,-0.051177035468717075,-0.0629683214888697,-0.06131683269864227,-9.925071040847454,-9.92568402588141,2.753220531753892,2.7213165310012153,1.2409724542265306,1.2898536771479385,0.7700305022652258,0.7660361199121708
,-0.055,-0.069,-9.95,-0.036,-0.081,-9.971,2.73,1.26,0.84,-0.049770683932369816,-0.05162562280100642,-0.05944531461459775,-0.0640008432974384,-9.92958225242713,-9.924291315203353,-0.05100772820059406,-0.05051330518087648,-0.0620080292110313,-0.062177627570306954,-9.925428765665124,-9.927665808463884,2.7563777431224032,2.721696281143455,1.238546968032449,1.288548100062918,0.7720120542665707,0.7692707481451805
,-0.05,-0.036,-9.926,-0.057,-0.031,-9.919,2.66,1.12,0.77,-0.05130713578928357,-0.05155453018928681,-0.05734201654184095,-0.06277629534010538,-9.930221655793693,-9.924366040326994,-0.051108276853046926,-0.050796984811744134,-0.06098814035457385,-0.060814150772477746,-9.925667138541584,-9.927286830661666,2.758776024350225,2.718998146153493,1.2384770317038885,1.2811770637890467,0.7746068943163513,0.7693026401799923
,-0.057,-0.055,-9.887,-0.079,-0.077,-9.928,2.8,1.26,0.77,-0.052942246823348436,-0.05179267440739461,-0.05543179721069197,-0.0624362182048137,-9.93051055498995,-9.922731928530075,-0.05122471560502634,-0.052030374259074454,-0.05998335014887724,-0.06152199904685724,-9.925780754997222,-9.927318019367206,2.7602385566370944,2.7225405628448147,1.240714802449039,1.28025093703173,0.7778776764018246,0.7693331374951641
27863.0,-0.06,-0.053,-9.909,-0.084,-0.045,-9.899,2.73,1.33,0.77,-0.054585848622305935,-0.05215160158979527,-0.053802124597048244,-0.062023548428946265,-9.930437100440038,-9.922131396437054,-0.05136158669875258,-0.05342848714738638,-0.059057660372450756,-0.06079945008756437,-9.925775341444874,-9.926079600495193,2.7605752689758503,2.722866782967338,1.2450522430261428,1.2824265898429652,0.7818486674433155,0.7693623010853261
,-0.029,-0.029,-9.931,-0.045,-0.036,-9.909,2.73,1.26,0.77,-0.05615573756470685,-0.05113912328210212,-0.0525097456714589,-0.06057934482611216,-9.930006897348813,-9.922519242983746,-0.0515321813695511,-0.05305988800877816,-0.05825748787187707,-0.05971490718201242,-9.925660014666592,-9.925332666209098,2.7596071236503628,2.7231787366557954,1.2511461451422476,1.281445818139398,0.7864939154447843,0.7693901892776588
,-0.06,-0.045,-9.954,-0.034,-0.048,-9.911,2.8,1.26,0.77,-0.057581273044945536,-0.05152663191424657,-0.051578363715009554,-0.059898020528813316,-9.929245299972845,-9.923895976401738,-0.051756259155828536,-0.052226350722767906,-0.05760760808503001,-0.05920258455273677,-9.925439943315354,-9.924705862332406,2.757195499967941,2.726538325512053,1.2585524635505552,1.2805079380721096,0.7917283300153442,0.7694168578485469
,-0.065,-0.069,-9.971,-0.045,-0.048,-9.919,2.8,1.19,0.84,-0.058806396482623105,-0.05211585650268297,-0.05100025251883285,-0.06029607319639666,-9.928199680213996,-9.92595595492691,-0.052055283740115706,-0.05191032406162278,-0.057110652829410656,-0.05871266709256659,-9.925111520039327,-9.92445633048832,2.753272171918259,2.7297509910193347,1.2667658839839606,1.2765497961864771,0.797403611643328,0.7725036378296203
27939.0,-0.069,-0.041,-9.931,-0.074,-0.055,-9.914,2.8,1.33,0.77,-0.059792141008428196,-0.05285424295809549,-0.05074136613721268,-0.05945220693257748,-9.926940020240796,-9.926176543822226,-0.05244628670615443,-0.05287636166488891,-0.056750211116001176,-0.058550302736030374,-9.924661302343782,-9.923999048612748,2.747864526953744,2.732823158508655,1.2752616641563082,1.2788873092821942,0.8033103671790234,0.7723941473918646
,-0.057,-0.055,-9.914,-0.024,-0.096,-9.945,2.8,1.19,0.7,-0.060518382053041705,-0.05303554743751192,-0.050748984069279,-0.05925750062152112,-9.925556248799865,-9.925644032650812,-0.05293579648788374,-0.05161352506685032,-0.056496759103492465,-0.060188073063166515,-9.924068927897398,-9.924917473527675,2.7411108727287985,2.7357609723149925,1.2835377275001185,1.275000041607499,0.8091870559019682,0.7692281675544044
,-0.062,-0.069,-9.952,-0.057,-0.062,-9.909,2.73,1.33,0.84,-0.06098440887494804,-0.053427585704266825,-0.05096063318044574,-0.059683564850605456,-9.924151685733671,-9.926796646007423,-0.05351512975814939,-0.051849089289204196,-0.05631494168618062,-0.060267313227677526,-9.923313297320268,-9.92422136200392,2.733262188978384,2.735509030371472,1.2911548556663164,1.2774053294049954,0.814735765762455,0.7723231994410296
,-0.06,-0.041,-9.89,-0.043,-0.062,-9.902,2.66,1.47,0.91,-0.06120797769260186,-0.053715014065444884,-0.05131300866884236,-0.05886648513159568,-9.922833194006198,-9.925187435269502,-0.05415806360512645,-0.05146209615123882,-0.05617048779511969,-0.060343088018643895,-9.922380724182888,-9.923249565434723,2.7246693050964135,2.732206828794206,1.2977718421759474,1.2858279832502784,0.8196438319541024,0.7783441554210252
28015.0,-0.081,-0.048,-9.933,-0.024,-0.043,-9.954,2.73,1.19,0.84,-0.06122270539877847,-0.05490825576310032,-0.05174979198307751,-0.05839126615229793,-9.921699571904647,-9.925529098557305,-0.05482160568004323,-0.05026110897421481,-0.056035418974334165,-0.05958463075428644,-9.921273460622515,-9.924594359998016,2.7157573344554566,2.7321103185690165,1.303171560777807,1.2816371822841086,0.823608764958257,0.7810405220173745
,-0.041,-0.089,-9.907,-0.045,-0.06,-9.95,2.73,1.33,0.84,-0.06107383447479531,-0.05430001243257436,-0.05222752505403817,-0.05972986378350507,-9.920830159335754,-9.924718774041413,-0.05545013643155898,-0.05003102732348572,-0.055890986536611315,-0.059602795905813286,-9.920016858546783,-9.925705413127334,2.7069911561711404,2.7320180289809652,1.3072740471038418,1.2837522110714839,0.8263626836391631,0.7836189696577586
,-0.093,-0.036,-9.883,-0.079,-0.062,-9.943,2.66,1.47,0.84,-0.060812555642751134,-0.05599246112853343,-0.052718976713561995,-0.05869209660216664,-9.920275664641569,-9.922894306149779,-0.05598250783069093,-0.05129791403615507,-0.055728486396334216,-0.05970763172613714,-9.918663382513037,-9.926461749313457,2.6988362729433764,2.7288684977563875,1.3101341947151215,1.2918972996699787,0.8276926449418128,0.7860846552374582
,-0.062,-0.062,-9.916,-0.098,-0.043,-9.914,2.8,1.33,0.77,-0.060489293064847634,-0.056255186053476174,-0.05321373719192306,-0.05883675961484249,-9.920052917843789,-9.922592800640704,-0.05636081247958437,-0.05334031480825784,-0.05554845540804391,-0.05897696457855216,-9.917292015732889,-9.92591676538192,2.6917189828007655,2.731979258916299,1.3119238458356681,1.2935636274788367,0.8274549314261506,0.7853812324331444
28091.0,-0.045,-0.038,-9.916,-0.074,-0.065,-9.921,2.59,1.26,0.84,-0.060146673687819195,-0.05576296819615014,-0.053716160959193786,-0.05792551522292346,-9.92014461964961,-9.92230448073291,-0.05653882158585267,-0.05424381528615257,-0.05535881130947778,-0.05924036720696346,-9.91600253482444,-9.925701742750595,2.6859894509674334,2.7257701455105785,1.3129003480899735,1.292095804848164,0.825583278503251,0.7877698497881852
,-0.024,-0.081,-9.921,-0.057,-0.034,-9.887,2.59,1.19,0.84,-0.05981329415949637,-0.05437389296686991,-0.054241191227881846,-0.05893462101663595,-9.920504212087923,-9.922247432479045,-0.05648803963435583,-0.054364350240243865,-0.05517245853941156,-0.0581365418765153,-9.914905438920595,-9.924009217296021,2.6818914487306706,2.719832572395879,1.3133662987137593,1.2876308961326997,0.8220920911283657,0.7900540068428024
,-0.043,-0.041,-9.919,-0.041,-0.067,-9.895,2.66,1.19,0.77,-0.05949969574706884,-0.05387648375488453,-0.05480887919746072,-0.05815029451267411,-9.921064947709466,-9.922105414013153,-0.05620015473067134,-0.05377989327893261,-0.055004814915263364,-0.05852416340007894,-9.914109422818273,-9.92274057058398,2.6795428341028686,2.7172159421204594,1.313627826773066,1.2833612492095006,0.8170757327150309,0.7891769942166168
,-0.062,-0.029,-9.957,-0.043,-0.055,-9.911,2.66,1.33,0.84,-0.059197820356905864,-0.05423174574177004,-0.055438526378312675,-0.05687547813582534,-9.921751399264725,-9.923631442838008,-0.05568596241792953,-0.0533084611811646,-0.054871579581279695,-0.05837004278853046,-9.913708731921563,-9.92222712562899,2.6789302659764145,2.714713743729281,1.313959550300908,1.2854008801736971,0.8107044600552168,0.7913996132733528
28166.0,-0.074,-0.072,-9.919,-0.057,-0.06,-9.923,2.66,1.33,0.77,-0.058884459171860436,-0.05509626168205137,-0.05614341587323374,-0.05753691187043389,-9.92249124533297,-9.923428898085819,-0.05497187370988377,-0.05346990154465658,-0.05478686802879611,-0.05844132495502249,-9.913772451494685,-9.92226092538717,2.6799195103299347,2.712320972825561,1.3145819348300258,1.287351312898241,0.8032170447272805,0.7904637538621473
,-0.05,-0.057,-9.935,-0.038,-0.072,-9.909,2.73,1.47,0.91,-0.05852810891230691,-0.05487338922187224,-0.056927028071622525,-0.05751343135139295,-9.923225234244663,-9.923934931745684,-0.05409544830303132,-0.05279336347987676,-0.05476169460478417,-0.059034280233336844,-9.914337028850628,-9.921680991457226,2.682279587724865,2.7130941215619804,1.3156521771308014,1.295339003637558,0.7949097177219787,0.7956913773476426
,-0.074,-0.022,-9.954,-0.067,-0.019,-9.907,2.73,1.26,0.77,-0.058097783398464956,-0.05570984446396141,-0.057781369499345356,-0.05596033884781065,-9.923913717484064,-9.9252497535004,-0.05310111788801994,-0.053414655758344705,-0.05480280742737779,-0.0572834795320053,-9.915402547777795,-9.921038954433213,2.6857162572034485,2.713833458541524,1.3172656405438352,1.2937935393006852,0.786120866421481,0.7945678281988566
,-0.043,-0.069,-9.931,-0.029,-0.05,-9.916,2.73,1.26,0.77,-0.057572002774076106,-0.055154010701705114,-0.05868764694054931,-0.05653059633108041,-9.924538923923443,-9.925501226376786,-0.05203674840420048,-0.05234694088560712,-0.05491206366314001,-0.05696495448301116,-9.91693278355198,-9.920818588164499,2.6899088814868137,2.7145404624381504,1.3194634310184252,1.2923156620424137,0.7772112585390598,0.7934934147064683
28242.0,-0.101,-0.053,-9.883,-0.06,-0.069,-9.907,2.73,1.26,0.7,-0.05694628252049809,-0.057158972193428255,-0.05961909261293562,-0.056376194391129286,-9.925103062629487,-9.923642539858276,-0.05095121217895862,-0.052681628587914135,-0.055086672963637597,-0.05749127757434415,-9.918858832945434,-9.920214266225681,2.694544843810604,2.715216547259653,1.322242848325793,1.290902416108227,0.7685407256951894,0.7894047103490046
,-0.062,-0.093,-9.926,-0.067,-0.038,-9.919,2.66,1.33,0.77,-0.056237732543636856,-0.05737068262832334,-0.060545266401815505,-0.057977846379668026,-9.925623242833083,-9.923745637574669,-0.04989277623042712,-0.05330780731684581,-0.055320501108254656,-0.05663887452755244,-9.921085910067477,-9.920161163281227,2.6993472107438254,2.7128017874811867,1.3255690704680518,1.292612252700745,0.7604436829587564,0.7885560931067273
,-0.057,-0.069,-9.916,-0.045,-0.074,-9.916,2.66,1.54,0.77,-0.05548581706273155,-0.05735447173601162,-0.06143669400373125,-0.05845987313714154,-9.926124811002666,-9.923406901181284,-0.048907856179536593,-0.052944485813572,-0.055606226418366565,-0.057398120615552675,-9.923502588525851,-9.919979185047856,2.7040936162715896,2.710492631277683,1.3293864997243985,1.3034311468821296,0.7532065355609154,0.7877445880506634
,-0.029,-0.072,-9.923,-0.065,-0.069,-9.964,2.73,1.47,0.84,-0.05474900841166333,-0.0561144587093766,-0.062268535396678745,-0.0590520172563674,-9.926634717129387,-9.92338910635971,-0.04803959598421079,-0.05347170405177913,-0.05593774709995462,-0.057905500252320566,-9.925991379224875,-9.92190432703223,2.7086263567822244,2.711345738031223,1.333626918034158,1.31071562566279,0.7470495158678131,0.7900298498651891
28318.0,-0.089,-0.072,-9.928,-0.053,-0.06,-9.928,2.73,1.12,0.56,-0.0540978895163188,-0.05755262690972174,-0.06302233643708723,-0.059618265410105994,-9.927175962950145,-9.923590752443321,-0.04732590522450609,-0.053451075236177543,-0.056312091633914124,-0.05799709804315888,-9.928439195012581,-9.922170906284933,2.7128545730159863,2.712161536260825,1.3382113051441926,1.3023751472223346,0.7421145727676466,0.779970060601492
,-0.045,-0.043,-9.957,-0.019,-0.041,-9.945,2.8,1.26,0.7,-0.05360589766362541,-0.05700366867020795,-0.06368567959615232,-0.05889150647837679,-9.927763456152505,-9.925051823648106,-0.04679699678588938,-0.051944442262296844,-0.05673024831313169,-0.05725377179872241,-9.930746180275653,-9.923169280504581,2.71674913745863,2.7160029352574373,1.3430446604368682,1.3005219744653005,0.7384605505623846,0.7764727668479745
,-0.01,-0.045,-9.916,-0.038,-0.055,-9.923,2.73,1.33,0.77,-0.053339185662930576,-0.054948078920790434,-0.06425036171361498,-0.058283995636589724,-9.928401092572386,-9.924655964421985,-0.046472941463527,-0.051334616404301855,-0.05719671547603252,-0.057155208636781044,-9.932831737845763,-9.923161877438398,2.720330410893304,2.716615062430076,1.348007073360339,1.3018111233516851,0.7360667648996848,0.7761896963226412
,-0.069,-0.062,-9.923,-0.034,-0.086,-9.943,2.66,1.47,0.77,-0.05334712373377989,-0.05556260510028321,-0.06471022693779116,-0.05844650594045157,-9.929079778485665,-9.924583544894158,-0.04636203125952503,-0.05057652962514471,-0.0577179605352785,-0.05841666458538663,-9.93463727381595,-9.924029448896945,2.7236494791748873,2.714139142033087,1.3529461112918764,1.3091664498737499,0.7348449864431198,0.7759190051899533
28394.0,-0.055,-0.062,-9.931,-0.06,-0.041,-9.945,2.73,1.47,0.84,-0.05365484018343408,-0.05553800095107889,-0.06505975884793307,-0.058601909256194316,-9.929776327980433,-9.92486415276406,-0.04646060040752332,-0.050988641906047794,-0.05830016205254008,-0.057654989630991936,-9.936125888491746,-9.924946544330272,2.7267650100801637,2.714832777614652,1.3576739026505824,1.3162001092955622,0.734657573763278,0.7787214297621335
,-0.067,-0.06,-9.935,-0.053,-0.048,-9.926,2.73,1.19,0.7,-0.054258819992480924,-0.05603926326568901,-0.06529402803393447,-0.058663051313464075,-9.93045347556485,-9.925307419093462,-0.04675441380247636,-0.051076603701314144,-0.05894664380642335,-0.05723275242530806,-9.93727973649992,-9.924992614620898,2.7297195340625167,2.7154960787514466,1.3619695494808766,1.3106810581580124,0.7353376393126732,0.7752787418048614
,-0.007,-0.081,-9.907,-0.05,-0.045,-9.914,2.66,1.33,0.7,-0.0551260694299541,-0.05389465179726911,-0.06540989083029236,-0.05963990278170725,-9.931061376357425,-9.924506789183255,-0.047221122288641726,-0.05102952108850505,-0.0596554641145274,-0.05669778310899672,-9.938096066039716,-9.924511879678853,2.732519644242518,2.7130690943512557,1.3655868039655734,1.3115259245257551,0.7367072709995452,0.7719866113311991
,-0.057,-0.069,-9.923,-0.045,-0.079,-9.938,2.73,1.33,0.77,-0.056196988913353556,-0.05403045655707824,-0.06540777156684877,-0.06004924359360156,-9.931540878778035,-9.924440893467297,-0.0478329666075826,-0.05076583482540952,-0.060417648104995884,-0.057673115667654845,-9.93858307859972,-9.925101749419992,2.7351240867795177,2.7138095258342556,1.3682682109738158,1.3123338427425495,0.7385917227742292,0.7718997317746874
28470.0,-0.043,-0.081,-9.959,-0.072,-0.072,-9.945,2.66,1.26,0.7,-0.05739183182471969,-0.053548066691103874,-0.06529310821189381,-0.06096547335459535,-9.931828616387333,-9.925952250924011,-0.048558977991854206,-0.05169445877126744,-0.06121635635221509,-0.05829966668819945,-9.938756641929945,-9.92597195042942,2.737442412203499,2.7114562986744355,1.3697674912363589,1.3100451509503406,0.7408295049275208,0.7687553739872368
,-0.089,-0.067,-9.923,-0.045,-0.067,-9.914,2.8,1.47,0.77,-0.058620135489904836,-0.05509846972917545,-0.06507663016139394,-0.06122937852340068,-9.93186361096435,-9.925823141496837,-0.04936621507981773,-0.051401693095365256,-0.062026941936611124,-0.058680154349657,-9.93863846777114,-9.925448386646432,2.7393450777941712,2.7153285395009408,1.3698800569416452,1.3170403825434973,0.743279216545789,0.768809804642249
,-0.077,-0.081,-9.919,-0.048,-0.045,-9.943,2.73,1.47,0.77,-0.05979175231550973,-0.0560562792447931,-0.06477302295729111,-0.06209399798815046,-9.93159471687913,-9.925524748198685,-0.0502199443589198,-0.051252928421131876,-0.06281769403873316,-0.058081886472974686,-9.938255771876145,-9.926215963253025,2.7406837460670648,2.7159701597119597,1.3684779895956156,1.323729694901741,0.745823838745442,0.7688618549065457
,-0.057,-0.041,-9.945,-0.041,-0.05,-9.969,2.73,1.4,0.7,-0.060827511050315065,-0.05609755054904654,-0.06439810734888031,-0.061171503909168944,-9.930988056121782,-9.92637645039774,-0.0510830717495708,-0.05080454183429193,-0.06355125345326114,-0.05772844506170177,-9.937641887521572,-9.928087017786934,2.7413184558294708,2.7165837202424026,1.3655426521843073,1.3270651889552998,0.7483728152304305,0.7658503511861672
28545.0,-0.096,-0.055,-9.909,-0.038,-0.072,-9.933,2.8,1.4,0.77,-0.06166753240889618,-0.05784258595561298,-0.06396525253116438,-0.06090160837690343,-9.930033601880707,-9.925616534111855,-0.05191548484902177,-0.050244566715642494,-0.06418696158104895,-0.05835257638739144,-9.936836914583779,-9.92830187497068,2.7411469985593175,2.720231725907819,1.3611871510181546,1.3302548133867693,0.7508621030757192,0.7660318258626493
,-0.053,-0.045,-9.94,-0.065,-0.065,-9.959,2.73,1.33,0.77,-0.06227582581137975,-0.057630807378904976,-0.0634821457713253,-0.060206190676464814,-9.92875006973383,-9.926245559587466,-0.052674095078654656,-0.05088985926972698,-0.06468441301034573,-0.05864328509640706,-9.935887354011905,-9.92964438190518,2.7401314675639443,2.7206589173305624,1.3556626672778762,1.330243669750524,0.7532524640817028,0.7662053641908567
,-0.067,-0.067,-9.962,-0.036,-0.034,-9.938,2.8,1.4,0.77,-0.0626406975336758,-0.058040545955852445,-0.0629490471384943,-0.06050330120421831,-9.927187163508384,-9.927809192029091,-0.05331418574409584,-0.050238687926062904,-0.0650081646994082,-0.0575655716823421,-9.934843946745536,-9.930009794295142,2.738317339389513,2.7241287042824553,1.349346179171298,1.333294291148268,0.7555263348368625,0.7663713132474458
,-0.053,-0.069,-9.966,-0.053,-0.074,-9.931,2.8,1.4,0.77,-0.06277139884601184,-0.057820110085813954,-0.062359218543210714,-0.06087488341136563,-9.925424134297474,-9.929479373008746,-0.05379228589338252,-0.05035944711262669,-0.06513312431792398,-0.05828429095134943,-9.933757591117427,-9.930053098504246,2.735841383458204,2.727446748642913,1.3427105221975884,1.3362115011283084,0.7576836393882521,0.7665300049305298
28621.0,-0.067,-0.062,-9.921,-0.043,-0.117,-9.911,2.73,1.33,0.7,-0.06269214180409653,-0.058221569974844754,-0.061701548185270426,-0.06092408761588684,-9.923563853748954,-9.929108548502247,-0.05407037978030682,-0.05003759980848883,-0.06504974070150696,-0.060852077957445135,-9.932674009822003,-9.929219858140504,2.732926211636577,2.727558408806168,1.3362802149243378,1.3359398564161173,0.7597371567579546,0.7636204789289865
,-0.036,-0.043,-9.897,-0.074,-0.077,-9.911,2.73,1.26,0.7,-0.06243498830404906,-0.05724976431055185,-0.06096483815155592,-0.060140221764278724,-9.921722447099794,-9.927704360168928,-0.0541208928242411,-0.05108553639724133,-0.06476779756953925,-0.061558267579748124,-9.931628470888995,-9.928423057493044,2.7298614307525346,2.727665185787036,1.3305783704273244,1.33261881372227,0.7617085523338949,0.7608381938853013
,-0.069,-0.065,-9.899,-0.067,-0.031,-9.919,2.66,1.19,0.77,-0.062033147525895144,-0.057763631945138824,-0.06014295456395042,-0.060352752203038346,-9.9200158440353,-9.926449045632932,-0.053931556234864335,-0.05178151628933949,-0.0643175987960853,-0.060221876966546864,-9.930642075961527,-9.92801096326851,2.7269738780144097,2.7247060154449896,1.3260717134266922,1.326381730961379,0.7636263704131605,0.7612388629238749
,-0.031,-0.086,-9.911,-0.072,-0.079,-9.935,2.73,1.4,0.84,-0.06151595705691522,-0.05659319038089385,-0.059239941328740525,-0.06147437145455053,-9.918545739548325,-9.925773419650115,-0.053509038950936734,-0.05266572190647978,-0.06374789276754084,-0.061043091954927825,-9.929720769962683,-9.928316611586398,2.7245915586669756,2.7249375348283214,1.323121625370259,1.3296012447458758,0.765526507443197,0.7646832873827846
28697.0,-0.062,-0.057,-9.88,-0.034,-0.067,-9.935,2.73,1.33,0.77,-0.06090633590849181,-0.05682964389068406,-0.058274109907170725,-0.061278695832683805,-9.917387763840111,-9.923771631813324,-0.05288034747901706,-0.05184942250471081,-0.06312079118549631,-0.06130360266530636,-9.928857410025149,-9.928608893127457,2.7230068483231977,2.7251589292813096,1.3219482417579504,1.329618683325376,0.767454069656125,0.7649158007219715
,-0.077,-0.057,-9.916,-0.053,-0.062,-9.938,2.66,1.12,0.77,-0.060220836608318694,-0.057711744765645986,-0.05728010884500752,-0.06109157760248245,-9.916584045297457,-9.923431758625897,-0.05209149018818853,-0.05189974017931236,-0.0625046165005808,-0.061334057888552056,-9.928036329940001,-9.929019590070249,2.7224440963079943,2.7223093638983724,1.32261205955548,1.320451526188062,0.7694641585997714,0.7651381456626024
,-0.079,-0.065,-9.926,-0.043,-0.055,-9.909,2.66,1.33,0.84,-0.05947171230789111,-0.05864273420712458,-0.05630822694340546,-0.06126250283542758,-9.916141189688737,-9.923544074340649,-0.05120353610229078,-0.05151053194934564,-0.06196584221249869,-0.06105705345812602,-9.927239241327959,-9.928144082576894,2.723035542367463,2.7195844172432317,1.3250145673758742,1.320869105186589,0.7716190547413654,0.7684120445890468
,-0.06,-0.067,-9.923,-0.086,-0.038,-9.966,2.8,1.33,0.77,-0.05866990442978063,-0.05870209088565632,-0.05542065990293781,-0.06151341815102894,-9.916033431499809,-9.923520280588603,-0.0502866104240666,-0.05301884393846329,-0.06156131694640796,-0.06004870998024051,-9.926451163152633,-9.929799617942777,2.724807986958814,2.723101194811554,1.3289167079558442,1.3212684223954894,0.7739804432034966,0.768481489910181
28773.0,-0.048,-0.086,-9.926,-0.048,-0.057,-9.931,2.73,1.61,0.77,-0.05782781112034258,-0.05823406128404709,-0.05468497514371674,-0.06258427853429348,-9.916209700002264,-9.923628725013213,-0.049412464962438736,-0.05279935715273564,-0.06133194204107716,-0.059915382153676595,-9.925665238737697,-9.9298521136973,2.727681001967451,2.7234028970750117,1.3339709783978195,1.3338953872271337,0.776597018595492,0.7685478982111354
,-0.05,-0.019,-9.916,-0.024,-0.06,-9.909,2.73,1.4,0.77,-0.056961115933531724,-0.05787396488199133,-0.0541655005401808,-0.06067822739561636,-9.916602849215364,-9.923295101502923,-0.048646305713005294,-0.0515398881574889,-0.06129876189619438,-0.0599190827068981,-9.924885641558514,-9.928940197832379,2.731475807117159,2.723691405132619,1.339760048356995,1.3367863097497674,0.779489507505889,0.7686114023085123
,-0.081,-0.019,-9.935,-0.045,-0.065,-9.928,2.73,1.26,0.7,-0.056089494156967665,-0.058885325102972945,-0.05391393431367241,-0.058855532711730475,-9.91713936036594,-9.923806986427,-0.04803881008179212,-0.05125388224690363,-0.061461917843449086,-0.06014128411799685,-9.924128267632712,-9.928899080594483,2.7359329356188296,2.7239672960004917,1.3458341696365372,1.3334282495029242,0.7826365648644132,0.7656108515160178
,-0.043,-0.05,-9.911,-0.038,-0.072,-9.911,2.66,1.19,0.77,-0.0552363241298363,-0.05819061951143829,-0.05396098918534714,-0.058468257786541446,-9.917748223991543,-9.923246904400106,-0.047619591664786,-0.05067425633136333,-0.06180226918297579,-0.06065989586678043,-9.923419474597024,-9.928116308363402,2.740736814535155,2.721169843765877,1.3517428519288863,1.3271557680605983,0.7859656764898579,0.7658028001210437
28848.0,-0.06,-0.034,-9.926,-0.05,-0.067,-9.928,2.73,1.33,0.77,-0.054427612671214286,-0.058269748313302235,-0.054310907354265726,-0.057398198761042456,-9.918368206745475,-9.923367304259402,-0.047393405083877835,-0.050644769390398046,-0.06228499407527869,-0.06093716471483412,-9.92279349837856,-9.928111221903421,2.74554573235979,2.721556008913282,1.3570613346758682,1.3272801535433703,0.7893526947148484,0.7659863543263117
,-0.036,-0.089,-9.89,-0.01,-0.069,-9.909,2.8,1.33,0.7,-0.053690416253472144,-0.05729583568796823,-0.05493996050965908,-0.058780225750163506,-9.918953175166076,-9.92190806734148,-0.0473400018750945,-0.04886727044850595,-0.06286433271232285,-0.06128977296930285,-9.92228919437734,-9.927275439655888,2.7500253490175046,2.7249865637730024,1.3614152521807243,1.327399099333229,0.7926319296484742,0.7631006035457439
,-0.055,-0.053,-9.926,-0.048,-0.041,-9.928,2.8,1.47,0.84,-0.053051166269811795,-0.057195432965371266,-0.05579891014162666,-0.05852744180504804,-9.919475484630432,-9.922087017943978,-0.047417938404310175,-0.04882934251023309,-0.06348880444497507,-0.06040244969191487,-9.921946513699288,-9.927307126519027,2.7538826352160157,2.7282670917602685,1.3645054917058446,1.3336353987107308,0.795616243558865,0.7664636093612444
,-0.029,-0.062,-9.947,-0.069,-0.043,-9.938,2.8,1.4,0.84,-0.05253432834394549,-0.055962375107895104,-0.05681849479952713,-0.05867930558997689,-9.919927525836277,-9.92317652589071,-0.04757195078947664,-0.04971145656532719,-0.06410653348448647,-0.0596413963908961,-9.921802828138583,-9.927774753020131,2.75689569123959,2.731404153931055,1.366131285581898,1.3365376911911657,0.7981239044361894,0.7696795423954672
28924.0,-0.084,-0.026,-9.911,-0.038,-0.103,-9.938,2.8,1.54,0.98,-0.05216160805171776,-0.057188531617732685,-0.0579167136393314,-0.057250156600348844,-9.92032135703617,-9.922644015503488,-0.04774277678962955,-0.04919928484027855,-0.06467048157370228,-0.06153757819222053,-9.921888994944338,-9.928221929027275,2.7589345183151193,2.7344040244097036,1.3662064234702012,1.3454356144429596,0.800006630014724,0.7788773899034577
,-0.069,-0.089,-9.926,-0.074,-0.067,-9.914,2.8,1.33,0.77,-0.05195152541290837,-0.05770507711341538,-0.05900684385737862,-0.05863865784896097,-9.920686179845573,-9.922790781224663,-0.047877669676196055,-0.05028388307064731,-0.06514323176738536,-0.06177646376419255,-9.922225035662555,-9.92759996796865,2.759969104397642,2.737272702937172,1.3647632814382964,1.3447605758401746,0.8011722116486752,0.77848915910779
,-0.031,-0.069,-9.931,-0.074,-0.06,-9.904,2.73,1.26,0.77,-0.05191886894434706,-0.056537196300602686,-0.060005337352878954,-0.059091785643417216,-9.921063508695239,-9.92314979120075,-0.047939591397404946,-0.051321049067157364,-0.06550064705860952,-0.06169877449424414,-9.922815592225579,-9.926567881461034,2.7600637179528675,2.736954649176026,1.3619422063564375,1.3410537806945817,0.8015963371307158,0.7781179066303381
,-0.062,-0.062,-9.935,-0.045,-0.084,-9.921,2.73,1.33,0.84,-0.052073569324256976,-0.05677609857366459,-0.06083877616212849,-0.05921896923971147,-9.921500236353127,-9.923668030913209,-0.047913328490022625,-0.05104461354551372,-0.06573362842979681,-0.06267406369710876,-9.923645798128225,-9.926324383870718,2.7593591664780757,2.7366505047132326,1.357968094372494,1.3405703708048662,0.8013215842430189,0.7808241676606351
28999.0,-0.053,-0.055,-9.916,-0.06,-0.079,-9.933,2.73,1.4,0.77,-0.05241890076762984,-0.056610960197439615,-0.061449113453715745,-0.059034463005036314,-9.92204022980562,-9.923332688456133,-0.04780747081104997,-0.05143625532835146,-0.06584749473567854,-0.06338803833490415,-9.924678520068769,-9.926616325510054,2.7580471088404876,2.7363596612598653,1.3531193879239574,1.3431693793512487,0.8004453213906227,0.7803507993317651
,-0.048,-0.081,-9.887,-0.038,-0.062,-9.907,2.73,1.4,0.77,-0.052949327463325285,-0.05623438104914606,-0.061796706939661133,-0.05999507169718117,-9.922715517364445,-9.921743767759683,-0.047652147854857156,-0.05084865377500671,-0.06585902979624188,-0.06332733589499363,-9.925853849162127,-9.9257584537996,2.75634165388638,2.7360815371290177,1.3476955781316644,1.3456547266563337,0.7991006624572365,0.7798981326015586
,-0.053,-0.057,-9.904,-0.041,-0.029,-9.931,2.73,1.19,0.77,-0.053648521862314565,-0.05609293335541425,-0.061861079804997644,-0.05986408960889583,-9.923538483959359,-9.920967787753128,-0.04749336199538952,-0.050417947144690056,-0.06579179611082424,-0.06182611435661432,-9.927091360072593,-9.92598767992057,2.754453193734831,2.735815576072428,1.3419881975555918,1.3388475503312665,0.7974353471408167,0.7794652621365552
,-0.043,-0.072,-9.95,-0.017,-0.06,-9.916,2.73,1.26,0.77,-0.05448811304823223,-0.05552034614346637,-0.06163972506140589,-0.06039482377721863,-9.924496530048073,-9.922237440092742,-0.04738540882310325,-0.048956495484838214,-0.0656707857976501,-0.061746253740221635,-9.928295262836095,-9.925550893323992,2.752568046097033,2.7355612461679835,1.336259016313172,1.33539934680135,0.7955930674302474,0.7790513221958248
29075.0,-0.053,-0.026,-9.933,-0.038,-0.077,-9.935,2.8,1.33,0.7,-0.055427662788421254,-0.055410125008732325,-0.061145574551120914,-0.058890650822432125,-9.925550162697567,-9.922708114158166,-0.04738306029054748,-0.04847734012430254,-0.06551764133941099,-0.06241333878568512,-9.92936223204077,-9.925964126745422,2.7508356433739207,2.738379316450363,1.3307282388159358,1.3351632196595247,0.7937007199437182,0.7755942072049979
,-0.086,-0.048,-9.909,-0.055,-0.079,-9.923,2.73,1.4,0.91,-0.05641621309334184,-0.056747897894274514,-0.06040399620064595,-0.058414375016129665,-9.926634706114648,-9.922108623528082,-0.04753486338959426,-0.048762592598391205,-0.06534733959094917,-0.06313871558570536,-9.930191360010344,-9.92583449795843,2.7493632602904783,2.738012867671155,1.32557379259135,1.3379986966515065,0.7918633860994616,0.781472113712046
,0.0,-0.079,-9.928,-0.069,-0.043,-9.916,2.73,1.26,0.7,-0.05739552459317975,-0.05426616826523391,-0.05945020881532707,-0.05931463665313286,-9.927665265283345,-9.922366268376415,-0.04787817741649873,-0.049647625796574314,-0.06516660151652096,-0.06225799843116016,-9.930695337421454,-9.925404410397906,2.7482170345574493,2.737662444627289,1.3209397835033738,1.334587615647815,0.7901667326883459,0.7779091313630531
,-0.069,-0.043,-9.897,-0.062,-0.069,-9.957,2.73,1.47,0.84,-0.05830491758470097,-0.05491051612871938,-0.05832764838901162,-0.05860115617770547,-9.928544447034044,-9.921256937068227,-0.04843576670202888,-0.05018782647690174,-0.06497383238466369,-0.06255284327428723,-9.930811653044127,-9.92678616573638,2.7474274901639126,2.737327346472678,1.3169492178324298,1.3405095429588838,0.7886845224344963,0.7806245226657629
29151.0,-0.055,-0.055,-9.952,-0.043,-0.05,-9.952,2.8,1.4,0.84,-0.05908741473612297,-0.05491442948556464,-0.05708720352527586,-0.05844366847654578,-9.929172314982956,-9.922601409251275,-0.049213335700314574,-0.049873484578821854,-0.0647602818831541,-0.06200387557260176,-9.930512342255527,-9.927888830713862,2.7469976500791344,2.7400681807055007,1.3137148422736433,1.3431112116613821,0.7874876372730941,0.7832211630138043
,-0.074,-0.086,-9.931,-0.062,-0.091,-9.938,2.8,1.26,0.84,-0.0596965015285774,-0.055749089932742135,-0.05578669431355619,-0.05964877680561257,-9.929457773926453,-9.922968700944478,-0.050197568790879145,-0.050403807881260726,-0.06451209102487436,-0.06327194970026179,-9.929810690433792,-9.928331017813873,2.7469116848983726,2.7426891512997345,1.3113429265967795,1.3394765473982266,0.7866507055806825,0.7857042456878732
,-0.112,-0.089,-9.938,-0.014,-0.079,-9.919,2.73,1.26,0.77,-0.06010228191787759,-0.05820908502250734,-0.05448971772719074,-0.06093238030376866,-9.929330096357333,-9.923626057809019,-0.05135482072625992,-0.048811776951813,-0.06421274619994431,-0.06395977726541005,-9.928763514987669,-9.927922948718152,2.7471419655874016,2.742134222502079,1.3099275908091974,1.3360008362298676,0.7862530587773853,0.7850174591588297
,-0.05,-0.012,-9.947,-0.05,-0.065,-9.935,2.73,1.33,0.84,-0.060295492429360026,-0.05785008089577077,-0.05326308845825144,-0.058792443098595146,-9.9287489614786,-9.924648259635612,-0.052631155560722044,-0.048863740962005735,-0.0638453293004281,-0.06400526884619148,-9.92746828424791,-9.92823244613575,2.7476529321405714,2.741603562149428,1.309536825164717,1.3357384044284566,0.7863723070526749,0.7874219852425921
29227.0,-0.041,-0.062,-9.931,-0.05,-0.05,-9.952,2.73,1.33,0.77,-0.06028815242444121,-0.05711318408439153,-0.052172606940710624,-0.058932717704253325,-9.927711430529595,-9.924926037365593,-0.053954592090337955,-0.04891343245412249,-0.06339412141212934,-0.06339278288727494,-9.926055131467976,-9.929271861599995,2.7484014716613463,2.741096108921076,1.31019406043184,1.3354874494359026,0.7870710756014221,0.7866600776023513
,-0.072,-0.043,-9.943,-0.034,-0.069,-9.914,2.8,1.26,0.7,-0.060110525920574275,-0.05776422233445447,-0.05127762347809849,-0.058235939513958904,-9.926254722076793,-9.925716457632218,-0.055240072964107684,-0.048261230195264446,-0.06284561738997764,-0.06363800072549407,-9.924674468850167,-9.928603984324718,2.7493347893353026,2.743672125605054,1.3118600078033964,1.332186191647732,0.7883797100985072,0.7828702124228271
,-0.062,-0.05,-9.931,-0.081,-0.019,-9.919,2.73,1.26,0.77,-0.05980502857503188,-0.057949463644259416,-0.05062539821877796,-0.05787576097214123,-9.924454323203024,-9.925947520352194,-0.056396983177820034,-0.04969297970595336,-0.062189529993425474,-0.06168586764052967,-9.923481375796191,-9.928183977710555,2.750387325985902,2.743074208845754,1.3144190388434236,1.3290293062428569,0.7902793258961291,0.7823073653626367
,-0.077,-0.034,-9.899,-0.065,-0.062,-9.943,2.66,1.33,0.77,-0.059418246645807415,-0.05878259195874323,-0.050246301468008056,-0.05683161333638479,-9.92241773241031,-9.92476903688111,-0.05733829699691143,-0.05036239456017114,-0.06142053898577362,-0.06169960544603201,-9.922618380805154,-9.928831919975636,2.751478227239886,2.7394411628096575,1.3176735916735318,1.3290717571449557,0.7926899190243724,0.7817691330331715
29303.0,-0.036,-0.069,-9.916,-0.06,-0.041,-9.89,2.8,1.19,0.77,-0.058992373425187754,-0.05778625137894424,-0.05015060830183862,-0.05736376777454528,-9.920274838183344,-9.924385544638163,-0.0579899086068371,-0.05078387151104582,-0.06054121200993014,-0.060794359154079915,-9.922198676541534,-9.927133701540557,2.752510668696782,2.7420895544881567,1.3213490385335431,1.322989796172368,0.7954671366320568,0.7812544389697728
,-0.029,-0.038,-9.902,-0.081,-0.11,-9.876,2.8,1.4,0.84,-0.05855745358850495,-0.05652735553245431,-0.05032728743027429,-0.056516941054981465,-9.918166397455074,-9.923406567945595,-0.05829857571695432,-0.05210529951328908,-0.0595657609731955,-0.0629462467364316,-9.922292055920709,-9.924897494969661,2.753373956049761,2.744622125275632,1.3251097002091539,1.3263576478755899,0.7984091017897172,0.7838235314788018
,-0.053,-0.048,-9.943,-0.06,-0.101,-9.911,2.73,1.4,0.77,-0.05812592612998504,-0.05637309532085385,-0.050744893146279134,-0.05614447360245452,-9.916232109609048,-9.924263438467118,-0.05823720256454701,-0.05245055480621242,-0.05852340562414783,-0.06461043396582193,-9.922915777319396,-9.92428972223595,2.753948539598373,2.7439826626191706,1.3285842853040777,1.329578214874563,0.8012723508308525,0.7832189933563002
,-0.041,-0.05,-9.909,-0.06,-0.041,-9.935,2.73,1.4,0.84,-0.057690769148608656,-0.055700790837982815,-0.05135447353720081,-0.055875760174117856,-9.914599423852247,-9.923595929556825,-0.05780677886110911,-0.052780711208748186,-0.057459635048082526,-0.0635778897535825,-9.924031964801642,-9.924758109870533,2.754113350681722,2.7433711652879476,1.3313967070537118,1.332657938303285,0.8037942838944607,0.7857021709149995
29378.0,-0.055,-0.029,-9.895,-0.065,-0.055,-9.919,2.73,1.26,0.84,-0.05722785240585975,-0.055670143475685406,-0.05209427415575033,-0.05470041495778294,-9.913373783313785,-9.922345356966748,-0.05703499110381449,-0.0533150917261649,-0.056434052716187365,-0.0632027568597479,-9.925551956658998,-9.924506293108974,2.753754793103453,2.7427864102873003,1.3331971496189743,1.329480422219637,0.8057187900210644,0.7880767528155288
,-0.089,-0.081,-9.926,-0.031,-0.045,-9.947,2.8,1.4,0.77,-0.05670207437173982,-0.05712774270909083,-0.05289583674769515,-0.05585056257298347,-9.912630793573975,-9.922505183783876,-0.05597218217147986,-0.052339196118282486,-0.05551464488392022,-0.062406704094705896,-9.927346601259382,-9.925490000011429,2.7527770365241926,2.745288505801716,1.3336891614439923,1.332564422369405,0.8068217367170444,0.7872862105272008
,-0.053,-0.062,-9.902,-0.005,-0.041,-9.931,2.8,1.33,0.84,-0.05607592283885017,-0.05694722604217759,-0.05369081202950936,-0.05611949308196886,-9.912410785032128,-9.921608440044748,-0.05468580534460418,-0.05026893290182669,-0.054769507582382644,-0.06147053458388255,-9.92926046856727,-9.925730966298024,2.7511132367253572,2.747681178327735,1.3326508218239452,1.3324522736694235,0.8069335756199468,0.7895915183544155
,-0.045,-0.057,-9.899,-0.089,-0.084,-9.954,2.66,1.19,0.77,-0.055318607383469796,-0.05642474351940719,-0.054417547414505524,-0.05615799988465474,-9.912716193944801,-9.920619715570231,-0.05325460431211878,-0.05196274078456052,-0.05425765126378205,-0.06245580529741263,-9.93112759654273,-9.926967242902547,2.74873697921583,2.743846657821433,1.3299501736079502,1.3262224741278041,0.8059571331467471,0.7887347315238509
29454.0,-0.098,-0.072,-9.933,-0.069,-0.036,-9.952,2.66,1.4,0.84,-0.05441396665057443,-0.058242935023788175,-0.05502650916022222,-0.05685081076450028,-9.913512009354152,-9.921161136835606,-0.05176329782142987,-0.052707823379009665,-0.05402044363217818,-0.06129882577388842,-9.932786613570974,-9.92806198891589,2.7456732295537165,2.740179830630774,1.3255562030874248,1.3294489526179054,0.8038793664690479,0.7909766918508222
,-0.048,-0.014,-9.904,-0.079,-0.031,-9.909,2.73,1.26,0.84,-0.05336577964073386,-0.057794985473582236,-0.05548395360962863,-0.05497683603329879,-9.914729281558825,-9.920410636758364,-0.05029773609213788,-0.05385764700514373,-0.054074965442201445,-0.05997378120944853,-9.934093665627502,-9.927228359751878,2.7420082784094837,2.7397346407958643,1.3195465268477045,1.3264117736242658,0.8007762453435051,0.7931206055614951
,-0.045,-0.089,-9.907,-0.041,-0.043,-9.947,2.87,1.33,0.77,-0.05219968160997771,-0.05723542827884539,-0.055773785179086974,-0.05646475536111566,-9.916271448781313,-9.919824155570117,-0.04893994100691447,-0.05329534946256586,-0.054410347603977484,-0.059231474669339826,-9.934932367156028,-9.928093023770092,2.7378975511104264,2.7454314756315235,1.312111761283399,1.326568695872363,0.796810137879822,0.7921094827888027
,-0.05,-0.038,-9.909,-0.012,-0.041,-9.919,2.87,1.47,0.84,-0.050961520690074584,-0.05691900463312968,-0.05589790835361492,-0.05565724473652756,-9.918023062003407,-9.919350787769996,-0.0477626597804844,-0.05148939900262511,-0.054987935672069964,-0.058434166001584416,-9.935220760752351,-9.927695362758051,2.733568335710109,2.7508791734184457,1.3035548823034147,1.3328413109011816,0.7922195299083479,0.7942038566761762
29530.0,-0.055,-0.062,-9.914,-0.05,-0.065,-9.933,2.73,1.26,0.77,-0.049712607093869404,-0.05683508168914369,-0.05587544927969416,-0.05593462952523708,-9.919860330929517,-9.919116784237879,-0.04682384704152819,-0.05142426380341183,-0.05574561494785893,-0.05872130658965674,-9.934915738925827,-9.927927348010424,2.7293130081008825,2.749966074163228,1.294282794594225,1.3296557754683378,0.7873017687992702,0.7931453605824138
,-0.062,-0.041,-9.943,-0.043,-0.053,-9.923,2.73,1.26,0.7,-0.048522712620853906,-0.05706095667798481,-0.05574110948648355,-0.055281500264650583,-9.921662651729172,-9.920161257890525,-0.046162103241695465,-0.05105584936235654,-0.056605802412564354,-0.05847109932899609,-9.9340154355253,-9.927711862573892,2.725469352817354,2.749092907056337,1.2847877588644874,1.3266095515864305,0.7823905604955919,0.7890718775153279
,-0.024,-0.055,-9.943,-0.036,-0.069,-9.938,2.66,1.26,0.84,-0.04746182468898251,-0.05561511711745968,-0.05554278692268173,-0.05526918954349105,-9.923323901972976,-9.921160054058952,-0.045794045934067225,-0.05039741885057714,-0.057485773073196224,-0.058931554882876484,-9.932559840336538,-9.928161788939898,2.722388363623306,2.74519664806907,1.2756183485742043,1.323696546807696,0.7778307174977137,0.7912990935922493
,-0.043,-0.079,-9.926,-0.067,-0.06,-9.935,2.59,1.26,0.7,-0.046591716645876025,-0.05506342602253058,-0.05533846538224795,-0.056306998125243056,-9.92476203449101,-9.92137171718112,-0.04571403236530317,-0.05112349186977229,-0.05830845061668008,-0.05897828070008841,-9.930629500666203,-9.928460841268304,2.7203943341042676,2.7384095046834527,1.2673421110141112,1.320910935122577,0.7739527540321376,0.7873063524673785
29606.0,-0.045,-0.081,-9.914,-0.045,-0.101,-9.957,2.73,1.19,0.84,-0.04595844892805436,-0.054623326856631925,-0.05519220533219145,-0.057386885780230934,-9.925925646509981,-9.92104933327574,-0.04589606513837347,-0.0508556960258678,-0.05901165360145671,-0.060815997156900815,-9.928341803183,-9.929708931126088,2.7197445473360498,2.738041735696179,1.2605035659704467,1.3151858676132149,0.771049253237705,0.7896107794364191
,-0.048,-0.036,-9.94,-0.034,-0.079,-9.943,2.8,1.4,0.77,-0.04558683788262455,-0.0543336719599246,-0.05516902703522914,-0.05645158297460822,-9.926796742328882,-9.921878094037721,-0.04629740994474416,-0.050118553650595456,-0.05955402085311858,-0.06161122976118784,-9.925844160097228,-9.930290183307225,2.7205953661680304,2.740751327874786,1.2555810569454666,1.318895004922544,0.7693538916864245,0.7887531502698443
,-0.041,-0.045,-9.943,-0.036,-0.048,-9.919,2.73,1.33,0.84,-0.04547765048927458,-0.053750556637688296,-0.05532878838105566,-0.055950776181368934,-9.927389536387135,-9.922801808603255,-0.046863451460384994,-0.04950111345960968,-0.059916459864395144,-0.06101597613172384,-9.923303646234476,-9.929796434931152,2.7229788644275117,2.7402811450146545,1.2529450357240035,1.31938065454723,0.7690232794087318,0.7909943050982974
,-0.005,-0.024,-9.916,-0.067,-0.048,-9.923,2.66,1.12,0.7,-0.045607935106950485,-0.05161857104299052,-0.05571974671482356,-0.05455348763214589,-9.92774558841172,-9.922504348246694,-0.047533423109541374,-0.05026638418881652,-0.060098972755990104,-0.06044675445452329,-9.920893302514418,-9.929499209578912,2.7267913853541024,2.736770246750064,1.2528198971707478,1.3106612323975455,0.7701218554286373,0.7870148931479705
29681.0,-0.072,-0.072,-9.938,-0.041,-0.077,-9.909,2.73,1.19,0.77,-0.04593458135772483,-0.052509902669388965,-0.05637289811258663,-0.05531646790583626,-9.927925862584543,-9.923182012433465,-0.04824664311519668,-0.04986114168559105,-0.06011386947704303,-0.061170669902519806,-9.918776231252098,-9.928602727106933,2.731794208098196,2.7364741666734615,1.255252373910985,1.3053844104071444,0.7726110028416638,0.7862707886784278
,-0.055,-0.077,-9.928,-0.043,-0.041,-9.904,2.66,1.26,0.7,-0.0464008192896553,-0.052618800946750456,-0.05729802200587179,-0.056264743807801755,-9.928000618132698,-9.923392715260176,-0.04894873847301797,-0.049561086542722135,-0.05997722968659486,-0.06028855530458451,-9.917089382402976,-9.927526787396703,2.7376266234793807,2.733129757235718,1.2600911933945425,1.3033996349320458,0.7763447465490804,0.7824979480917538
,-0.029,-0.055,-9.914,-0.057,-0.026,-9.907,2.73,1.19,0.7,-0.046944863921786206,-0.051585890825195505,-0.05848176316732328,-0.056209433350543674,-9.928038366399523,-9.92298194797851,-0.04959720413124338,-0.04988640911183633,-0.05970078146375257,-0.058789029739868034,-9.91592928483493,-9.926629098876745,2.7438316322011973,2.7329928850069343,1.2669833016159644,1.298440381032323,0.7810748902231885,0.7788901034012632
,-0.036,-0.038,-9.945,-0.06,-0.041,-9.895,2.8,1.26,0.77,-0.04750948182467955,-0.050904280254739774,-0.05988758545761423,-0.05541308860561095,-9.928095358701215,-9.923944853286073,-0.05016562185008486,-0.05032870211465227,-0.059286219371720364,-0.05801107031202165,-9.915341865784294,-9.925245878092628,2.7498931998892857,2.7359232762426524,1.27539028850385,1.2967592855891534,0.7864674739275194,0.7785013166120635
29757.0,-0.091,-0.077,-9.887,-0.065,-0.05,-9.887,2.73,1.33,0.91,-0.04805107600945612,-0.05265776786189148,-0.06145735892313993,-0.05635713903910436,-9.92820714964357,-9.922329161067633,-0.050645905418437755,-0.05097031521416096,-0.0587234681885111,-0.05766072587123352,-9.915318013638759,-9.923573288756756,2.75528187780265,2.7356642363363677,1.2846254825514365,1.2982129864116503,0.7921299556785385,0.7842520878450645
,-0.057,-0.057,-9.911,-0.069,-0.072,-9.921,2.87,1.33,0.91,-0.04854686122631578,-0.05284766469601551,-0.06311450729445191,-0.05638525298082218,-9.928383698076116,-9.921833708095154,-0.051048067410246555,-0.051758799098068735,-0.05799346220312773,-0.05828781872902703,-9.915795758106581,-9.923460752307149,2.7595036597964318,2.7415390802917323,1.2939090263531632,1.2996031132069705,0.7976454018287155,0.7897513632537556
,-0.06,-0.06,-9.895,-0.026,-0.077,-9.926,2.8,1.19,0.77,-0.04899877736930195,-0.05316045447500964,-0.06476869731076634,-0.05654333504397971,-9.928609134228305,-9.920660201922981,-0.05139734754401755,-0.050632301424986974,-0.05707480249528034,-0.059106149916742054,-9.916668934060988,-9.923571800054619,2.7621461189727,2.7440957247131923,1.30243605039773,1.294809890839728,0.8026078782791275,0.7888875859999777
,-0.053,-0.057,-9.959,-0.036,-0.053,-9.909,2.73,1.26,0.77,-0.049433172039244064,-0.053153437393504956,-0.06632192736680895,-0.05656330616174713,-9.9288465824967,-9.922336898618186,-0.05172911434049616,-0.04999239373968209,-0.055952642467127514,-0.05883911248046599,-9.917801118337756,-9.922934538247823,2.762916565989488,2.74347928288959,1.3094520711447029,1.2932875659486534,0.8066536743246879,0.7880615839181997
29832.0,-0.034,-0.091,-9.935,-0.072,-0.053,-9.933,2.73,1.4,0.77,-0.049896074586755955,-0.052315808955426174,-0.06767570335639612,-0.05806931020058951,-9.929047281115713,-9.922890688186802,-0.0520824977102328,-0.05095484222759341,-0.054627749918115524,-0.058583753269150864,-9.919042768017158,-9.923374726441347,2.7616689802661227,2.7428897996317674,1.3143293524017066,1.2979543715784525,0.8094857235775639,0.787271705004258
,-0.074,-0.048,-9.94,-0.034,-0.079,-9.94,2.73,1.33,0.77,-0.05044479143118357,-0.05326411367496584,-0.06873883387578633,-0.05762895370464739,-9.929162047202112,-9.923638921824256,-0.0524939022179498,-0.050213363937237694,-0.053123906239053414,-0.059476607565183984,-9.920249066046772,-9.924101791857202,2.758418898158866,2.742326095973208,1.3166371162670545,1.2993558082569203,0.8108914857581502,0.7865163695003249
,-0.038,-0.072,-9.957,-0.067,-0.041,-9.933,2.73,1.4,0.84,-0.051137204841043525,-0.0525965752361186,-0.06943524684336108,-0.05825743603993913,-9.9291524478779,-9.925097886459735,-0.05299133725919626,-0.05094748614501523,-0.051492304397537644,-0.05866857861362525,-9.921295993793374,-9.924490933087323,2.753347036021026,2.741787044506595,1.3161970622024393,1.3037572342463903,0.8107556013459047,0.7888553444298807
,-0.034,-0.074,-9.95,-0.014,-0.067,-9.947,2.8,1.4,0.84,-0.05202046852181599,-0.05178329979377284,-0.069711161054448,-0.05894589832429613,-9.928999127349153,-9.926186919098685,-0.053590147427607156,-0.04933167878497022,-0.04981211982277938,-0.0590329328201037,-9.922092512434022,-9.925475311722517,2.746792441794797,2.7443328448234836,1.313114941413211,1.307966174704353,0.809067649129224,0.7910920300482963
29908.0,-0.045,-0.077,-9.933,-0.096,-0.065,-9.923,2.8,1.54,0.91,-0.05312088105100217,-0.05148664887443421,-0.06954091624310292,-0.05973545002077979,-9.928705471941427,-9.926484872421454,-0.054290450480990245,-0.051372602938895735,-0.04818691530451254,-0.059293887815236986,-9.922587423819747,-9.925367060057331,2.739234845852854,2.7467673108300192,1.3077802107651633,1.318113602900701,0.8059236574813462,0.7962921774212969
,-0.05,-0.089,-9.94,-0.041,-0.05,-9.921,2.8,1.33,0.77,-0.05443661609623621,-0.0514216339453079,-0.06893073430706821,-0.06101526307921729,-9.928295901693415,-9.927075923258517,-0.05507635731815183,-0.05091898268160109,-0.0467370714521758,-0.05888744250861039,-9.922770446499557,-9.925176077435275,2.731264864373722,2.749095311458215,1.300829388616891,1.3186334252193854,0.8015191727234088,0.7951423537601634
,-0.022,-0.067,-9.926,-0.057,-0.026,-9.909,2.73,1.19,0.77,-0.05593461060990913,-0.05013495120627689,-0.06791974209431502,-0.06127699081697405,-9.92780932048861,-9.927028870403198,-0.05591681537433738,-0.051184921005552685,-0.04558904034363798,-0.057449191163176455,-9.922668088733431,-9.924468656506177,2.7235409674869238,2.7482602250148385,1.2930744940414975,1.313007958999532,0.7961324635048681,0.7940428148065503
,-0.048,-0.057,-9.892,-0.057,-0.014,-9.892,2.8,1.26,0.77,-0.05755224390335083,-0.05004158437046837,-0.06657787496207623,-0.06108994715143785,-9.927289387953852,-9.925496968979935,-0.056767798642869356,-0.05143922917151539,-0.04486284459665406,-0.05554904773815659,-9.922335731997247,-9.923048719735714,2.716734081468028,2.75052293671598,1.2854050783790572,1.310689786392166,0.7900984618286958,0.7929913614825502
29984.0,-0.086,-0.067,-9.89,-0.053,-0.041,-9.94,2.59,1.12,0.84,-0.059203570692352984,-0.05161413716612301,-0.06500077409263871,-0.061348408765131424,-9.926774034913821,-9.923944596417646,-0.057575626886844644,-0.051507485641850356,-0.04465965715818047,-0.05491278094791567,-9.921847688863934,-9.923790042252373,2.711463831056871,2.7435028612070886,1.2786787051480804,1.3023504379686077,0.7837760188247372,0.7950471685760035
,-0.084,-0.077,-9.926,-0.06,-0.067,-9.935,2.59,1.19,0.84,-0.060788926388422,-0.05303045315912452,-0.0633022662974938,-0.06203289258128217,-9.92628678743027,-9.92403448443393,-0.05828130247268249,-0.05187888485291786,-0.045051189043851025,-0.05544138572038053,-9.921286784390064,-9.924280282161073,2.708233621483526,2.7367897914206116,1.2736177073544146,1.297437068115475,0.7775119652383922,0.7970130700066089
,-0.077,-0.053,-9.935,-0.041,-0.034,-9.919,2.73,1.19,0.7,-0.06220597645105055,-0.054078702288995445,-0.06160528159243506,-0.06163786125877091,-9.925831844264959,-9.924514034265515,-0.058825762905485204,-0.05140312360233009,-0.04607196216326837,-0.05450369949402737,-9.920734458517249,-9.924049362018211,2.7073737013501686,2.7364928566059525,1.270728635886655,1.2927385723985731,0.7716056029407969,0.7927704421882509
,-0.086,-0.043,-9.919,-0.05,-0.048,-9.921,2.66,1.12,0.7,-0.06336014206569053,-0.05547470166987857,-0.06003215410340589,-0.060822780273850297,-9.925393646579161,-9.924272891549748,-0.05915583687379059,-0.05134176144538119,-0.047714766729124905,-0.05421927620555993,-9.92026194853804,-9.923916005676372,2.70900096567242,2.733147629810017,1.2702559722386704,1.2851842761319803,0.7662776481374409,0.7887133552542693
30060.0,-0.036,-0.048,-9.933,-0.084,-0.067,-9.902,2.73,1.33,0.7,-0.06417297185154379,-0.05462302352946695,-0.05869528785653696,-0.06026200754194083,-9.924940439077366,-9.924654550155978,-0.05923046151129146,-0.05276998912007451,-0.04992914796879653,-0.054778209700864715,-9.919923076921686,-9.922957563114524,2.7130015489889985,2.7330099759681894,1.2721750460055117,1.2871441815011162,0.7616484625610417,0.7848336950307963
,-0.029,-0.067,-9.947,-0.072,-0.055,-9.89,2.59,1.33,0.7,-0.06458811857605387,-0.05350246366666543,-0.05768910574709874,-0.06055667705647636,-9.924430559177143,-9.925631773401419,-0.05902637933795359,-0.0536109663110957,-0.05262270488999006,-0.054787909153658956,-9.919749390430587,-9.921516245216994,2.7190385949713978,2.726755786689322,1.2762220560629007,1.2890183752332545,0.7577304961024665,0.7811237021973848
,-0.055,-0.062,-9.899,-0.091,-0.045,-9.928,2.66,1.33,0.7,-0.06457548965822357,-0.053567954732007185,-0.057083903227901016,-0.06061979723266139,-9.923819999406868,-9.924467098346012,-0.05854225704758439,-0.0552460836661002,-0.05566513282819266,-0.05435985903983361,-9.919748456394881,-9.92179979627262,2.72658438379331,2.7238363866783213,1.2819529331480637,1.290810605715859,0.7544381139409231,0.7775759567683681
,-0.077,-0.065,-9.94,-0.041,-0.014,-9.919,2.87,1.26,0.77,-0.06413432165147008,-0.054592697553652134,-0.056921774797654937,-0.060811354618789816,-9.923069969614778,-9.925146391565498,-0.057800273630362276,-0.05462306626380239,-0.05889516914626594,-0.052594819950814546,-9.919905742497725,-9.921677354074355,2.734973286198633,2.7302284925241422,1.2888188731206922,1.289463179715407,0.751614539044097,0.7772446409473764
30135.0,-0.081,-0.05,-9.904,-0.024,-0.045,-9.931,2.8,1.4,0.84,-0.06329529032398676,-0.05574755592437515,-0.05721446024740285,-0.06033854663676547,-9.922153505144891,-9.924221606182378,-0.05684485851041368,-0.053283841839656454,-0.06213074629180062,-0.0522626791949705,-9.920189767839686,-9.922085057046152,2.743469150902851,2.733279777660523,1.2962454418173253,1.2942972354633626,0.7490716116587582,0.7799890921027679
,-0.096,-0.043,-9.952,-0.041,-0.086,-9.931,2.8,1.4,0.77,-0.062120819630331336,-0.05750789748433727,-0.05794294311681249,-0.05958028797856582,-9.921060424831545,-9.925436425859273,-0.055739114809623694,-0.05274663825356556,-0.06518239303906552,-0.053738097875716685,-9.920559484068459,-9.922474930132042,2.7513381876903615,2.736197622352225,1.303703556273826,1.2989198856822448,0.7466347154375405,0.7795522437478766
,-0.077,-0.057,-9.945,-0.079,-0.079,-9.897,2.8,1.47,0.91,-0.060702248278391054,-0.058360336607906946,-0.05905879215556802,-0.059467445435220964,-9.919800064355833,-9.926291990618436,-0.05455993706041372,-0.05389476440670402,-0.06786907214500712,-0.05484286498276547,-9.920972478416669,-9.921360846769444,2.7579177738037384,2.7389878622886314,1.3107632187006477,1.3064016533669798,0.7441836526962835,0.7852570552694577
,-0.06,-0.086,-9.89,-0.079,-0.093,-9.938,2.73,1.26,0.77,-0.059152868584877845,-0.05843204325031671,-0.0604872899971578,-0.06062778139903456,-9.918401356798796,-9.924704849741738,-0.05339259171050384,-0.05499268008865589,-0.07003454833743623,-0.05651157335867745,-9.921392632406938,-9.922088519178585,2.76267363500917,2.738594800255127,1.3171243963220696,1.3043723912749838,0.7416811621202893,0.784589825512601
30211.0,-0.065,-0.038,-9.899,-0.045,-0.091,-9.957,2.73,1.19,0.7,-0.05759693097846038,-0.05871927667169056,-0.06213223039138682,-0.059638211077997105,-9.916910224956823,-9.92358071141096,-0.05232491087959295,-0.054555674822033606,-0.07156171974687522,-0.058019839804321405,-9.921796089548303,-9.923615286857444,2.765241378359412,2.7382189278221327,1.3226242609014824,1.2993705962710496,0.7391840790010664,0.7808904977122813
,-0.012,-0.065,-9.945,-0.024,-0.081,-9.916,2.8,1.26,0.63,-0.05615602109348217,-0.05667612410629522,-0.06388204421084745,-0.05987269571841827,-9.915384811265614,-9.924517431273665,-0.051440941993563055,-0.0532193975967089,-0.0723825152957613,-0.059024820544647104,-9.922174599872534,-9.923282251031818,2.765451487681304,2.740920770939271,1.3272252911563613,1.2976488201541456,0.7368368619181519,0.7742916732128977
,-0.022,-0.072,-9.916,-0.074,-0.091,-9.926,2.73,1.26,0.7,-0.05493522283663856,-0.055159649174039364,-0.0656168151048257,-0.06040305351972511,-9.91388942991322,-9.92414494238263,-0.050814153999246374,-0.054128186091212116,-0.07248182809940099,-0.060423176310989,-9.922535620121643,-9.923401105093182,2.7633385321267423,2.7404431779037997,1.3309921214651634,1.2960023416775501,0.7348515725612149,0.7710427097544283
,-0.057,-0.089,-9.895,-0.077,-0.062,-9.923,2.8,1.47,0.77,-0.05401176664483685,-0.05524013238737574,-0.06721573280610525,-0.061653670582447126,-9.912488121910942,-9.922870360068014,-0.05050073340176916,-0.055128428573375826,-0.07189513534035365,-0.06049213481366486,-9.922899131213496,-9.923383563749255,2.759135564781932,2.7430477489186242,1.3340646387334574,1.3036117009677746,0.7334804798519328,0.7709971094099561
30286.0,-0.055,-0.057,-9.897,-0.005,-0.065,-9.916,2.73,1.33,0.7,-0.053428269431943,-0.05522963078850149,-0.06856452031948301,-0.06145015375456796,-9.911238594324487,-9.92173898355052,-0.05053371463508521,-0.0529361851412126,-0.07070061363251952,-0.06068927520144612,-9.92329187227006,-9.923060661763378,2.753254294588954,2.7424771377367976,1.3366314257981289,1.304765728270958,0.7329866142678548,0.7678922255898155
,-0.05,-0.038,-9.914,-0.041,-0.055,-9.914,2.87,1.33,0.77,-0.05319145208278622,-0.05500092575874079,-0.06956244410001504,-0.06042461900283681,-9.910187332301534,-9.921400538154503,-0.05091875633759355,-0.052414185465068645,-0.06900746436318883,-0.060440468754703366,-9.923740252378957,-9.922664416024041,2.746251364439439,2.748054036219421,1.3389040240260985,1.3058692870306832,0.7336150972975295,0.7679844039153428
,-0.038,-0.091,-9.887,-0.05,-0.045,-9.909,2.73,1.4,0.84,-0.053275960093947534,-0.054257432118585296,-0.0701287179373207,-0.061761758029223915,-9.909366595606532,-9.919896115295492,-0.05163244378534746,-0.05230860700628904,-0.0669426443736833,-0.059765217860543125,-9.924263402683899,-9.922066836424289,2.7387813600802633,2.7472644873855065,1.3410909529489934,1.3099858620589582,0.7355658798971209,0.7711338287431891
,-0.053,-0.065,-9.931,-0.031,-0.048,-9.931,2.73,1.33,0.7,-0.0536320677566798,-0.05420244142005732,-0.07020821966392207,-0.06190337457085952,-9.908793638312028,-9.92038171636075,-0.05262385082211035,-0.0513767275301609,-0.0646381571751442,-0.05925069501758204,-9.92486769590114,-9.922457506344225,2.731538250451306,2.7465094675263635,1.3433711090510394,1.3108611311168628,0.7389677453518961,0.7680229658395452
30362.0,-0.089,-0.06,-9.911,-0.079,-0.096,-9.933,2.8,1.4,0.77,-0.05419559501940995,-0.0557242269901063,-0.06977624961374687,-0.0618201351691734,-9.908471934488153,-9.919971430088875,-0.0538195101672223,-0.052584763356742205,-0.06222052887271353,-0.06085783541230524,-9.925543675055888,-9.922918556353835,2.725188893326142,2.7488487442967613,1.34586777464638,1.3147594001314895,0.7438541639287801,0.7681094265620687
,-0.069,-0.098,-9.916,-0.055,-0.05,-9.89,2.59,1.26,0.63,-0.054898095543579724,-0.05630481024428169,-0.06884170824125746,-0.06340237250054785,-9.908393738827254,-9.919797749369643,-0.055131123396767366,-0.052690387786212434,-0.05980327120136202,-0.0603829947071893,-9.926265836459352,-9.921478944320967,2.7203046025728708,2.741901885472288,1.3486260355360649,1.3123646325574025,0.7501433667903205,0.7620695507487397
,-0.077,-0.086,-9.897,-0.069,-0.038,-9.928,2.66,1.19,0.7,-0.05567533421938059,-0.057209863426887164,-0.0674478505708826,-0.06439062411501112,-9.908543159995313,-9.918800745917789,-0.0564647073789782,-0.053403648530152746,-0.05748237846738503,-0.05940412952957547,-9.926995265480187,-9.921764126639463,2.7172987502765085,2.738320108113247,1.3515976591480103,1.3070133165539422,0.7576267953362295,0.7593550917313965
,-0.057,-0.072,-9.916,-0.062,-0.06,-9.938,2.66,1.4,0.7,-0.05647251622579607,-0.05720068556649261,-0.06566985387355621,-0.06472340143880674,-9.908899081865371,-9.91867826218913,-0.057729669647341435,-0.05377958880170453,-0.05533450925794942,-0.05943018845785997,-9.927684739023043,-9.922474162596165,2.716379167698015,2.734894970970433,1.354637916424571,1.3110798602670544,0.7659705097220889,0.756759342897516
30438.0,-0.069,-0.067,-9.916,-0.077,-0.057,-9.923,2.66,1.26,0.84,-0.0572456947855224,-0.057716699539143324,-0.06360888142316305,-0.06482296287301653,-9.909437548967837,-9.91856113498485,-0.05884652891876289,-0.05479507632825008,-0.05341740217511411,-0.059323910147582114,-9.928285455818573,-9.922497158800669,2.717523090286982,2.73161962376956,1.3575175033666511,1.3088460083117242,0.774732420397572,0.7603996681384072
,-0.012,-0.024,-9.902,-0.045,-0.055,-9.995,2.66,1.4,0.77,-0.05795995082310719,-0.055717392216788994,-0.06138309939810208,-0.06303767107778668,-9.910133439049968,-9.917836874511643,-0.05975249346218335,-0.05436671277568604,-0.051771965881600386,-0.059134814580614044,-9.928754062689983,-9.925667892094248,2.720479446816682,2.7284875158162256,1.3599493773013105,1.312832403761994,0.7833948291646703,0.7608195150210869
,-0.053,-0.062,-9.921,-0.05,-0.057,-9.916,2.73,1.54,0.84,-0.05858586537883704,-0.055598553757068535,-0.05911690732594414,-0.06299229108743462,-9.91096135226942,-9.91797520601882,-0.06040469147273147,-0.05417574534113683,-0.050425274150675575,-0.05904145371979259,-9.929058422865609,-9.925245090631094,2.724799123557251,2.728553660589012,1.36162614865496,1.3227670194087646,0.7914082645628536,0.7642822786282971
,-0.055,-0.077,-9.909,-0.043,-0.06,-9.904,2.73,1.33,0.84,-0.0590961587040545,-0.05557237748184759,-0.05693004593022568,-0.06360488375664779,-9.911895739606614,-9.917582697476123,-0.060781331163148065,-0.053687001627821064,-0.0493935724931122,-0.059083373381888786,-9.929180934573493,-9.924315988887288,2.729889492796305,2.728616912682977,1.3622605363476519,1.3230833360108878,0.7982404864762396,0.7675936067927639
30514.0,-0.05,-0.031,-9.926,-0.091,-0.065,-9.931,2.8,1.47,0.77,-0.059464031572867344,-0.05532868326912689,-0.05492809040006687,-0.0621789894227105,-9.912910411907685,-9.917950807482752,-0.06088125697849126,-0.05531879376541006,-0.04868451462086852,-0.05934212248321221,-9.929119100007362,-9.92460829766056,2.7350857720037554,2.7317386762967955,1.361620710290355,1.3295083746740093,0.8034243151671023,0.7676988444763279
,-0.043,-0.026,-9.899,-0.069,-0.041,-9.935,2.8,1.33,0.84,-0.05966391535392401,-0.054789518653495614,-0.05319538586455857,-0.06059679037515519,-9.913977710048156,-9.917122040565046,-0.06072218762848586,-0.0559171076436907,-0.04829818672383718,-0.0585399749056775,-9.928883962216183,-9.925062753183125,2.7397292612516813,2.734723917263208,1.3595544042789824,1.3295298746975022,0.8065990758585025,0.7708607575433328
,-0.093,-0.067,-9.909,-0.06,-0.029,-9.923,2.8,1.33,0.84,-0.05967441479509806,-0.056460559999805836,-0.05179105692622217,-0.06087681898655048,-9.91506777641084,-9.916766843113395,-0.06033760895889457,-0.0560956628908245,-0.04822697628907666,-0.05724811681604186,-9.928497435486852,-9.924972543750144,2.7432417063884174,2.7375786060641465,1.355999473002833,1.3295504344703901,0.8075420610430458,0.7738843921254245
,-0.062,-0.045,-9.909,-0.05,-0.045,-9.904,2.8,1.33,0.77,-0.05948250214507015,-0.056702813772842274,-0.050748310697672216,-0.060182485389079686,-9.916148497221872,-9.916427179347972,-0.059772241428298074,-0.055829084078813054,-0.048454856508445714,-0.056712475575921344,-9.927989421658529,-9.924055361173302,2.7451861642528397,2.7403084520772136,1.3509823471365219,1.3295700951122187,0.806187855791726,0.7737145177972786
30590.0,-0.053,-0.069,-9.897,-0.067,-0.038,-9.921,2.73,1.26,0.84,-0.05908762098431519,-0.05654088032699019,-0.05007670859657278,-0.06056809768621162,-9.91718665380971,-9.915577579479333,-0.059076320155199084,-0.056317616589334964,-0.04895693483302799,-0.05589413151750384,-9.927395279711996,-9.923921742473182,2.745307493444599,2.739857637299947,1.3446082479167214,1.3265276182497834,0.8026344782400826,0.7766133501992156
,-0.077,-0.041,-9.923,-0.074,-0.055,-9.964,2.87,1.4,0.84,-0.05850435949641528,-0.05743560956561664,-0.04976654588486845,-0.059712335100920645,-9.918150526919698,-9.915902180770463,-0.0582993449216891,-0.057090912102484376,-0.049699970220624126,-0.05585502887649708,-9.926753869534869,-9.925674466413193,2.743549209024964,2.7455490931862565,1.3370475715843442,1.3297407520128244,0.7971361963771669,0.7793854093015511
,-0.096,-0.053,-9.928,0.0,-0.048,-9.919,2.66,1.33,0.77,-0.057762713656960306,-0.059122128254735444,-0.04979424074852488,-0.0594187876477438,-9.91901367195729,-9.916431249115597,-0.05748420895926455,-0.054594181591379694,-0.05064408372720004,-0.055511508523794474,-9.92610597739251,-9.92538257505386,2.7400471087493563,2.741807814175474,1.3285218293960115,1.3297520895854027,0.7900837263612399,0.7789749615280014
,-0.038,-0.05,-9.938,-0.081,-0.079,-9.938,2.66,1.26,0.7,-0.05690552512335466,-0.05819840396778769,-0.05012773728199149,-0.059006880154384364,-9.919758989286315,-9.917374505343888,-0.05666267286417721,-0.05574897506136567,-0.05174535709663961,-0.056538719881412854,-9.925492589295358,-9.925934367075996,2.735103300224679,2.738230150793042,1.319290818637377,1.3267016536426635,0.7819733940056977,0.7755211859830193
30665.0,-0.036,-0.067,-9.959,-0.034,-0.043,-9.911,2.73,1.4,0.91,-0.055983381207456814,-0.057227611411790134,-0.05073115740350048,-0.059356439575709435,-9.920381815740189,-9.919194893891214,-0.05585301663792008,-0.05479783717231794,-0.05295869441484551,-0.05594663729305722,-9.92495250111935,-9.925281249292981,2.7291466694150963,2.737870225406685,1.3096413264992919,1.3299071763961863,0.7733677193546448,0.7814022858934683
,-0.038,-0.072,-9.904,-0.077,-0.048,-9.928,2.66,1.26,0.77,-0.05504804432344643,-0.05638673915560154,-0.05156814001845029,-0.05990937456864937,-9.920890835875312,-9.918530382609225,-0.05506029522027547,-0.055768794112800515,-0.05424033016155659,-0.05559911067175115,-9.924519152702562,-9.925400147162927,2.722686810402303,2.7344647627766525,1.2998770782304716,1.3268499581135247,0.7648504747675897,0.7809036349867275
,-0.05,-0.034,-9.914,-0.038,-0.065,-9.919,2.73,1.19,0.7,-0.0541460070758319,-0.05610743083963642,-0.05260354349571486,-0.05877629184800439,-9.921306254251293,-9.918332257477381,-0.05427902084814523,-0.054991719640293785,-0.05554964482430012,-0.05601023542616431,-9.924217017745427,-9.925120252480765,2.7162675365806868,2.734269507366662,1.2903095996222387,1.320865162052602,0.7569795557365911,0.7773655136554719
,-0.062,-0.038,-9.897,-0.06,-0.057,-9.921,2.8,1.33,0.7,-0.05331367376849052,-0.05636512784726286,-0.05380358750367076,-0.057867691865026175,-9.921655635613,-9.917399343706116,-0.05349759016441956,-0.05521074445390682,-0.05685028332228407,-0.05605352034348828,-9.924058087671968,-9.92494006338055,2.710423855013032,2.7371440686658928,1.2812497177314535,1.321264651704761,0.7502415476935062,0.7739821233515273
30741.0,-0.034,-0.053,-9.926,-0.067,-0.026,-9.954,2.59,1.33,0.7,-0.05257501703680808,-0.0553870440327885,-0.055134989601697645,-0.05765481534316836,-9.92196858318515,-9.917775472238551,-0.05270354260297432,-0.0557263185258765,-0.05811076461623508,-0.05473920360822584,-9.924038950381213,-9.926210928177355,2.705644006577229,2.7307090850189906,1.2729990985383908,1.3216466706603296,0.7450127466373119,0.7707466972942857
,-0.069,-0.055,-9.926,-0.043,-0.101,-9.899,2.73,1.33,0.7,-0.05194179883460322,-0.05598237315362387,-0.056563897178310306,-0.057538713528982266,-9.922271570459053,-9.918135151715463,-0.051888715042628965,-0.05516976431107337,-0.0593047913183057,-0.0567623056671316,-9.92413885820426,-9.925020925213417,2.702336856651587,2.730678074931103,1.265840342452171,1.3220119829572188,0.7415315640298926,0.7676527646316327
,-0.053,-0.065,-9.935,-0.06,-0.053,-9.909,2.8,1.33,0.77,-0.05141592301078809,-0.05585194640488345,-0.05805522798563378,-0.057865014526781035,-9.922583825336796,-9.91887269434224,-0.051053448901724974,-0.05538100277926812,-0.060411377151417915,-0.0565977704897225,-9.92431917455886,-9.924320289484832,2.7008046022466727,2.7337096986875657,1.2600234997571946,1.3223613192200225,0.7398858280641726,0.7677554151927312
,-0.026,-0.072,-9.904,-0.069,-0.069,-9.923,2.73,1.26,0.7,-0.05099324050828356,-0.05454644500965017,-0.059572588768379724,-0.0584831733230822,-9.92291462704394,-9.918222273664426,-0.0502091928264927,-0.055976596099455614,-0.06141480361408791,-0.057140151469175886,-9.924524687253426,-9.924262549874115,2.701220858426336,2.7335474641469153,1.255747701526012,1.319634100426778,0.7400158921062144,0.7647922988897269
30817.0,-0.06,-0.045,-9.916,-0.041,-0.029,-9.923,2.66,1.19,0.84,-0.050668048388529466,-0.054784942813187645,-0.06107860019680968,-0.057893519926726894,-9.923262087814699,-9.918125087995856,-0.049379119775559976,-0.0553216315340467,-0.06230445179874488,-0.055909511211860025,-9.92468726005092,-9.924207335363146,2.7036145664028703,2.7303310468400706,1.2531392519785456,1.3139648721398987,0.7417318450537034,0.7680813225734786
,-0.057,-0.062,-9.916,-0.031,-0.062,-9.907,2.59,1.05,0.7,-0.050437471194889484,-0.054881812886873424,-0.06253540097193266,-0.058073106724600775,-9.923613439828637,-9.918032152503276,-0.04859672126247788,-0.054257984846778975,-0.063074763714876,-0.056175863747226655,-9.924731966585453,-9.923454814907021,2.7078612913074194,2.7241940139324177,1.2522308496537644,1.3024210182083225,0.7447413972343424,0.7651039535134007
,-0.074,-0.074,-9.952,-0.045,-0.072,-9.935,2.66,1.26,0.7,-0.050304783395940376,-0.05571789974070868,-0.06390523217354283,-0.05876963019783614,-9.923946758868675,-9.91951765270144,-0.04790269809914229,-0.05385310966810247,-0.06372570827573694,-0.056867893395014635,-9.924585293635088,-9.923959715158505,2.7136850262847405,2.721386646747118,1.2529486881896985,1.300565839396628,0.7486844877206853,0.7622567923603496
,-0.089,-0.072,-9.926,-0.081,-0.06,-9.945,2.73,1.19,0.77,-0.05028061980278354,-0.05717341047141571,-0.06515110494689735,-0.059348227854481794,-9.924233794062385,-9.919801142204198,-0.04734067912849926,-0.055040312094499014,-0.06426389489355216,-0.057004868367680366,-9.924184448343352,-9.924879860225232,2.7206740070243587,2.7217633305498006,1.2551134132107613,1.2957305145692384,0.7531710014516266,0.7625954224865075
30893.0,-0.043,-0.055,-9.921,-0.038,-0.053,-9.928,2.73,1.4,0.84,-0.05038123655543698,-0.056553571252401826,-0.06623756800150003,-0.05915806881246068,-9.92444333806995,-9.9198535712989,-0.046952257131868236,-0.05429509598989889,-0.06470399194781251,-0.056829725307632625,-9.923486419936626,-9.925016311858036,2.7283121448599728,2.722123541013583,1.2584571232846082,1.3002904838544522,0.7578184025762386,0.7659805211521267
,-0.05,-0.067,-9.911,-0.055,-0.105,-9.923,2.73,1.33,0.77,-0.05062375205461937,-0.05626696694534158,-0.06713162914765432,-0.059501016369976775,-9.924544633456717,-9.919466382151272,-0.046771717184118294,-0.054325923231654284,-0.06506968842110457,-0.058936333699820036,-9.922475353370759,-9.92492813342209,2.736024288272588,2.7224679985593925,1.2626536573646274,1.3015897564128867,0.7622860501582257,0.7661563031655618
,0.01,-0.06,-9.933,-0.036,-0.077,-9.935,2.8,1.19,0.77,-0.05101944444167684,-0.05336894426261061,-0.06780399819922653,-0.05952283819078399,-9.924510627042316,-9.920058241614788,-0.046820955181863085,-0.05352448408851188,-0.06539326549556514,-0.05972630368161176,-9.92116707200253,-9.925368601714903,2.7432304501174474,2.7258586697968092,1.2673560377254236,1.2967096530951703,0.7663029212027849,0.7663243977853281
,-0.055,-0.062,-9.904,-0.005,-0.074,-9.897,2.66,1.19,0.7,-0.05156714820755519,-0.05344027447042971,-0.0682308795743308,-0.05963117076495815,-9.92432113736151,-9.919355973945244,-0.04710544503082556,-0.05140238522027311,-0.06571297149898553,-0.06035052865528864,-9.919610128885779,-9.924127970748422,2.7494025016567036,2.722978502984843,1.2722345874826615,1.2920429690836441,0.7696862499749322,0.7634238635061767
30968.0,-0.038,-0.053,-9.931,-0.048,-0.057,-9.94,2.87,1.4,0.84,-0.052248978683343016,-0.052765032072813946,-0.06839641857061453,-0.05934117283422802,-9.92396597125375,-9.919865196762894,-0.04761235746312215,-0.051253590277660556,-0.06606789743814641,-0.06020400153190037,-9.917883309754837,-9.924822094878625,2.7541164900184207,2.729408126262311,1.2770109256575501,1.2967642040937502,0.7723500660808069,0.7667727323430144
,-0.05,-0.084,-9.935,-0.045,-0.062,-9.938,2.87,1.26,0.77,-0.05302986036210174,-0.05264411020125609,-0.06829559277322743,-0.06041956594243973,-9.923447766352567,-9.92052708012804,-0.04831170058374498,-0.05098010490012525,-0.06649088252816004,-0.06028254510403935,-9.91608987879362,-9.9253983981216,2.7570940530934176,2.735556565792304,1.2814844821616533,1.2951564121230672,0.7743037573122882,0.7669138689500496
,-0.069,-0.108,-9.935,-0.05,-0.05,-9.899,2.8,1.4,0.84,-0.053861069546938756,-0.05335939478146185,-0.06793693187292568,-0.06250037910636089,-9.922784032540315,-9.921160017653442,-0.04916058823049738,-0.050937242424853646,-0.06700080031589156,-0.05983286330447413,-9.914349092656174,-9.924243929159601,2.7582272373332124,2.738374840759393,1.2855483440652222,1.2997414883656069,0.7756410998115933,0.7701101109894734
,-0.055,-0.069,-9.935,-0.084,-0.067,-9.899,2.73,1.33,0.84,-0.05468685711638416,-0.05343114261233288,-0.06734414392086455,-0.06278462402727986,-9.922007714565318,-9.92176527521415,-0.050109765839672915,-0.052383160743183214,-0.0675960021199925,-0.06014630038589359,-9.912785790062962,-9.923139948055923,2.757582962254669,2.7380085877135127,1.2891912752644221,1.3010647698903894,0.7765203321374251,0.773166573250876
31044.0,-0.074,-0.048,-9.909,-0.038,-0.024,-9.892,2.73,1.33,0.7,-0.05545256916544783,-0.05433067095978968,-0.06655582348114825,-0.06213805488790689,-9.921165759547643,-9.921207017324479,-0.05111080926138063,-0.051754148612335404,-0.06825060396808338,-0.05856553091289916,-9.91151925165426,-9.921778119078906,2.755386800024197,2.7376583518430593,1.2924841577883694,1.3023301809549528,0.7771367343292378,0.7699668132698039
,-0.048,-0.055,-9.921,-0.062,-0.067,-9.921,2.73,1.26,0.7,-0.05611256642543399,-0.054053814648356124,-0.06562303064695163,-0.06182588962775857,-9.920315645031614,-9.921197963931368,-0.052122248874988224,-0.052202225702536825,-0.06891479016120287,-0.0589343916569162,-9.910652772091767,-9.921744089956336,2.7519896769644134,2.737323432676292,1.2955520816567248,1.3004789746869378,0.7776909753555347,0.7669069869152713
,-0.074,-0.053,-9.909,-0.086,-0.091,-9.885,2.66,1.19,0.7,-0.056636515971649176,-0.05492611196702922,-0.06460529908531405,-0.061439911069880386,-9.919520377983039,-9.920664516004207,-0.0531132108423056,-0.05368028816796788,-0.06951947633448473,-0.060336702108071634,-9.91026519745112,-9.920137177627941,2.7478237853697114,2.7339418826803894,1.2985368974505784,1.2956474486738083,0.7783583060546769,0.7639809745345693
,-0.062,-0.091,-9.916,-0.074,-0.084,-9.935,2.8,1.26,0.84,-0.05701309793265773,-0.0552354710477241,-0.06356599628048128,-0.06273264879686419,-9.918842821724462,-9.920460524878504,-0.05406377568352417,-0.054568920747822595,-0.0699846586968226,-0.06137155819399438,-9.910405094298357,-9.920787166579437,2.743354490422886,2.736830771838824,1.3015578561977978,1.294088495252515,0.7792640597672592,0.767305479491913
31119.0,-0.048,-0.048,-9.921,-0.029,-0.086,-9.914,2.73,1.12,0.77,-0.057250677719816276,-0.05491904553161676,-0.06256776074587804,-0.06208835266625604,-9.918340219644636,-9.92048411749502,-0.05496199860431625,-0.053450726937001904,-0.07022990382447061,-0.0624486224732905,-9.91108755493247,-9.920490346555745,2.739033756167163,2.736532044846448,1.3046786867206344,1.2864751634327498,0.7804691727396283,0.7674233177137523
,-0.065,-0.065,-9.923,-0.041,-0.057,-9.935,2.8,1.47,0.77,-0.05737496739571645,-0.055359911260948386,-0.06166833930874513,-0.062215686395356136,-9.918059553375878,-9.920594143423513,-0.05579842475875693,-0.05290622504196749,-0.07018512793063834,-0.062210340381245184,-9.912293201094636,-9.92112489053351,2.7352587068801175,2.739307659638253,1.3078874717295517,1.2945011704122917,0.7819664844001493,0.7675360025710191
,-0.069,-0.067,-9.89,-0.034,-0.06,-9.892,2.66,1.4,0.84,-0.057424100261489724,-0.05595642696677267,-0.06091694247443888,-0.062424916574232325,-9.918034086427422,-9.919256183868592,-0.05655979884173774,-0.05207940782756819,-0.06980017348601551,-0.06211367658544043,-9.913968878556613,-9.919851185137158,2.7323375282926308,2.735839334360358,1.3110915929015026,1.29911490203817,0.7836861722119515,0.7707050371279162
,-0.067,-0.055,-9.938,-0.036,-0.065,-9.895,2.66,1.19,0.77,-0.057441842341886803,-0.05643939044954512,-0.06035127821509684,-0.0621002061243447,-9.91828122240564,-9.92007589852906,-0.05722406365773434,-0.0513762145058094,-0.0690523265514824,-0.06223990283527001,-9.916029831166158,-9.918764379726559,2.7304645844108455,2.7325226877511835,1.3141257376330102,1.2943430303846597,0.785507710784094,0.7706742040645808
31195.0,-0.017,-0.034,-9.926,-0.072,-0.096,-9.938,2.73,1.47,0.77,-0.05746991166365347,-0.05471460578858216,-0.059995532828316225,-0.06087131277835927,-9.918801629135634,-9.920334974524673,-0.057758359364589895,-0.05227814499879907,-0.06795132514470995,-0.06371631758404353,-9.918363558916308,-9.919605602230599,2.729706889437989,2.7324123642119997,1.316768710815489,1.302024955569872,0.7872759006811871,0.7706447194093745
,-0.048,-0.06,-9.904,-0.045,-0.06,-9.911,2.73,1.19,0.77,-0.05754062633450062,-0.05442095903246975,-0.05985958625426386,-0.0608332080587405,-9.919579394564702,-9.919620604622496,-0.058120751774860195,-0.05195985324248371,-0.06654143144751898,-0.06355379358224829,-9.920835730906482,-9.919229257399795,2.730003747784111,2.73230686540124,1.3187652380238528,1.2971258198882707,0.7888191268973032,0.7706165241929871
,-0.084,-0.079,-9.95,-0.069,-0.101,-9.899,2.66,1.26,0.77,-0.057671214039615816,-0.05571452558015912,-0.059939577932677034,-0.06162768798660032,-9.92058285539857,-9.920949172700228,-0.0582653164266919,-0.05270506211647788,-0.06490005226964465,-0.06519141124581783,-9.92329830985057,-9.91834458062188,2.731179839238827,2.7291447026267943,1.319850656494459,1.2955022135409342,0.7899685434930708,0.7705895620249856
,-0.026,-0.069,-9.923,-0.074,-0.043,-9.935,2.8,1.4,0.91,-0.0578608585057349,-0.05441503394643279,-0.06021955915243651,-0.06195009790550644,-9.921765788547258,-9.921038860584057,-0.058149393446394256,-0.05363634380716845,-0.06313256341848998,-0.06422092449930299,-9.925599647645242,-9.919072964390946,2.732969817441191,2.732243384646579,1.3197775094165602,1.3000721670096562,0.7905769313490588,0.7766863343700108
31271.0,-0.05,-0.053,-9.89,-0.069,-0.053,-9.933,2.8,1.4,0.77,-0.0580909879044814,-0.054221953304423885,-0.0606735841163074,-0.06155868740434054,-9.923068883884868,-9.919681452418795,-0.05774146437157611,-0.054308235493009914,-0.061363525509789074,-0.06373020498671365,-9.927595912981714,-9.919682029011808,2.7350505221879327,2.7352065534356567,1.3183428326424573,1.3044422648123974,0.790535605940627,0.7763939239947993
,-0.06,-0.081,-9.931,-0.031,-0.084,-9.931,2.73,1.26,0.77,-0.05832872080591066,-0.05447464195395073,-0.061267513580482186,-0.062408905355778636,-9.924421724684562,-9.92017644123657,-0.05702815926149267,-0.053288907187115174,-0.0597251475713727,-0.06461665457737113,-9.92916281375997,-9.920176992613708,2.737075735050189,2.7349788576371177,1.3154139030602958,1.302498691755787,0.7897876832507276,0.7761143014675774
,-0.05,-0.065,-9.933,-0.079,-0.038,-9.95,2.8,1.19,0.7,-0.05853288367292764,-0.05427895450245857,-0.061960097222565166,-0.06252222050204526,-9.925745709698038,-9.920737248013806,-0.05601925963070347,-0.054413318543243785,-0.05834434886288713,-0.06345264070651961,-9.930206237378107,-9.921481228432198,2.7387083980708598,2.7378223972483413,1.3109496998059789,1.2975788383881999,0.7883368361925135,0.7727856298488024
,-0.096,-0.045,-9.897,-0.053,-0.043,-9.954,2.73,1.4,0.77,-0.05866150302052678,-0.05610352173063508,-0.0627033621301006,-0.06175592931946216,-9.926958274624578,-9.91969915790133,-0.054750000303903715,-0.05435151053564894,-0.0573299661907887,-0.06255819480954458,-9.930670343792011,-9.922903356861521,2.739646527469947,2.737480303959573,1.305015879058896,1.302057975780854,0.7862518640468044,0.7726638071842132
31347.0,-0.074,-0.074,-9.943,-0.074,-0.053,-9.916,2.73,1.4,0.84,-0.05867922580541497,-0.05688618015543367,-0.06344277312416868,-0.062291393611805995,-9.927978427354823,-9.920718162875323,-0.05328028370672865,-0.05521078885747189,-0.05676163816128686,-0.06214019068711554,-9.930541932566891,-9.922601455541846,2.7396412252515954,2.7371531712787243,1.297791647061421,1.3063412291250698,0.7836676473312246,0.7756085898284808
,-0.057,-0.017,-9.938,-0.077,-0.06,-9.938,2.73,1.26,0.84,-0.05856302416038626,-0.0568911577861674,-0.06411793636467956,-0.060310685997290114,-9.928733196725403,-9.921473941482603,-0.05169063720970465,-0.05616368637248785,-0.05668171992466104,-0.062046594715509565,-9.929850522334348,-9.923274872980095,2.7385073583608306,2.7368403449404326,1.2895666300981188,1.3043146095385592,0.7807818334860627,0.7784245896524054
,-0.067,-0.081,-9.943,-0.014,-0.022,-9.926,2.66,1.4,0.91,-0.05830498895019362,-0.057333243117400366,-0.06466465679971127,-0.061215482218300976,-9.9291642549208,-9.922415330665311,-0.05007510471977013,-0.05431976133520931,-0.057091196110086284,-0.06029525547061238,-9.928664344739156,-9.92339404970239,2.7361289789158474,2.7334799215975334,1.2807256565885865,1.3084991745601022,0.7778449697312204,0.784178716350123
,-0.053,-0.069,-9.914,-0.06,-0.084,-9.923,2.73,1.26,0.77,-0.05791187024559121,-0.05714373939597047,-0.06501882531891888,-0.06155591894183616,-9.92923380844773,-9.922047306893061,-0.0485318779320964,-0.05456817259126494,-0.05795000624940677,-0.06133192412320321,-9.927083098157567,-9.923376816908611,2.7324620645990603,2.733327735792318,1.2717207760075795,1.3063781825417888,0.7751415637698517,0.7835586450915644
31423.0,-0.041,-0.062,-9.933,-0.017,-0.048,-9.909,2.66,1.05,0.63,-0.0574018951736137,-0.05643773269142024,-0.06512198683599986,-0.06157533973380618,-9.928928963471018,-9.922526295965959,-0.0471531255398166,-0.05292522103731742,-0.05918160703333664,-0.0607488852383036,-9.925228650728362,-9.922748082209752,2.7275365289699187,2.7301209277641987,1.263032747963765,1.295166113805094,0.7729616297957058,0.7768431357342122
,-0.081,-0.069,-9.923,-0.036,-0.062,-9.938,2.8,1.26,0.77,-0.05679996072608893,-0.05751190299196045,-0.06492782056041223,-0.06190003897469265,-9.928264085471918,-9.922547012245861,-0.04601579264488317,-0.05218503815680565,-0.0606810654369173,-0.06080359966277826,-9.923234937210616,-9.923415087291602,2.7214578057296697,2.733176916980584,1.2551270972456827,1.2936282103794745,0.7715657983182964,0.776543868037305
,-0.019,-0.081,-9.952,-0.05,-0.072,-9.899,2.87,1.4,0.77,-0.05613248982663137,-0.05582767971193779,-0.06440843164110736,-0.06273532875544079,-9.92728093781674,-9.923835066166543,-0.04517491338852477,-0.05208948089150515,-0.06232558953537992,-0.06129324667150538,-9.921238145031525,-9.922347353546819,2.7144061988067616,2.7391605377254193,1.2484109141907773,1.2982801187635904,0.7711498384232326,0.7762576880764724
,-0.053,-0.079,-9.916,-0.036,-0.062,-9.921,2.73,1.33,0.84,-0.05542315800866944,-0.05570401810009047,-0.06355936150610096,-0.06344662411671442,-9.92604647779945,-9.923492418833822,-0.04466032228318746,-0.051385847049089994,-0.06398622908608914,-0.06132415478864861,-9.919368005186298,-9.92228843035597,2.706630728914811,2.738759924156729,1.2431952697007713,1.2996673096907452,0.7718147700429661,0.7790453011862811
31498.0,-0.024,-0.041,-9.962,-0.038,-0.06,-9.921,2.66,1.19,0.7,-0.054690435628028146,-0.05431752090815532,-0.06240248049956368,-0.06246497626349926,-9.924648264372895,-9.925176453109433,-0.04447685597937857,-0.050800449977758406,-0.06553948936282897,-0.06126624613838375,-9.917740667342327,-9.922232084025833,2.69843473375063,2.7353155527418633,1.2396660409593478,1.2948712798483049,0.7735470990625671,0.7755884495094858
,-0.089,-0.06,-9.876,-0.065,-0.081,-9.921,2.59,0.98,0.63,-0.05394741497397859,-0.05583427376006134,-0.06098635670164927,-0.06235717659417221,-9.92318769305688,-9.923025841980891,-0.044607464771704415,-0.05142143234568496,-0.06687770943583791,-0.06212925328874216,-9.916453301140754,-9.922178201863746,2.6901533550237637,2.7289605347379933,1.2378657343235824,1.2811011594820962,0.7762119712076883,0.7692214970372211
,-0.055,-0.072,-9.923,-0.053,-0.074,-9.916,2.59,1.12,0.77,-0.05320368720795139,-0.05579778885073601,-0.0593841613283249,-0.0627788817399458,-9.921771719328609,-9.923024711845468,-0.045018219284603145,-0.05149046711639061,-0.06791718968581381,-0.06264839117622921,-9.915580277748589,-9.921908013412924,2.6821266853067103,2.722883437803599,1.23769068682432,1.2740557968238284,0.7795610329041851,0.7692555429480075
,-0.074,-0.057,-9.921,-0.048,-0.101,-9.909,2.73,1.19,0.91,-0.052468340530597915,-0.05659381775047327,-0.05768945241718879,-0.0625261565718089,-9.920504115213053,-9.922936166056749,-0.045664033170005607,-0.05133782012886559,-0.06860320953880253,-0.06432560438537135,-9.915170628928708,-9.92134351321948,2.674674180862202,2.7231946631337887,1.2389086017428514,1.2703798234536965,0.7832554495587966,0.7754106553336665
31574.0,-0.031,-0.06,-9.923,-0.05,-0.057,-9.926,2.73,1.4,0.77,-0.05175286831095116,-0.055474535130525804,-0.05601022370769176,-0.06241568133229371,-9.919477334159751,-9.922938957677129,-0.046494059155026975,-0.05127931385858368,-0.06891135846933727,-0.06400523710960589,-9.91524648853166,-9.92154715320685,2.6680747523831028,2.723492277790246,1.2411977710257531,1.276048442813937,0.786901947411749,0.7751740336410162
,-0.057,-0.029,-9.919,-0.036,-0.081,-9.935,2.66,1.33,0.77,-0.05107304588034955,-0.05554124758164933,-0.05446160424153925,-0.060954328762169704,-9.918765716921177,-9.922766697058893,-0.04745611304668354,-0.05061111067712128,-0.06884514057249547,-0.06474846123188419,-9.915802319000338,-9.922135480347068,2.6625539793898616,2.7207155993077956,1.2442024886395033,1.278407881365317,0.7900969820792367,0.774947760015648
,-0.034,-0.069,-9.923,-0.045,-0.036,-9.902,2.59,1.33,0.77,-0.050449361131932394,-0.05459919414260428,-0.05315766733010455,-0.06130618638927765,-9.91842035843857,-9.922776899988746,-0.048499937708046344,-0.050365722563447325,-0.06843056180605656,-0.0634912180444552,-9.916804858029721,-9.92125490467772,2.658277577052986,2.7149990743294725,1.2475931857192053,1.2806641356794277,0.7924730051560085,0.7747313819103111
,-0.091,-0.065,-9.916,-0.067,-0.065,-9.897,2.66,1.33,0.84,-0.049905945283898356,-0.05619109378592778,-0.05220284348571571,-0.061467726235193386,-9.918465756799188,-9.922480528949126,-0.04957940289613527,-0.05109318174173945,-0.06770909096571208,-0.06355720090940314,-9.91819393549703,-9.920194176125266,2.65534980660035,2.7125938251942965,1.2511182315177678,1.2828217182648973,0.7937413990458279,0.7775857442632831
31650.0,-0.065,-0.062,-9.909,-0.034,-0.053,-9.926,2.66,1.19,0.77,-0.04946802752867651,-0.056576329616013186,-0.051683344117501986,-0.06149100391810144,-9.9188983884547,-9.921890991197957,-0.050653777030456155,-0.05034565351325628,-0.06673067203846518,-0.0630955077142576,-9.919884585923638,-9.92044807954135,2.6538160969742686,2.710293763709509,1.254637409749846,1.27876238889792,0.7937275125499974,0.7772540004102934
,-0.036,-0.048,-9.902,-0.072,-0.065,-9.902,2.66,1.33,0.91,-0.04915800800112069,-0.05567647448904261,-0.051658958488127404,-0.06090100806994803,-9.91968743471673,-9.921021107659735,-0.05168812718773117,-0.05129265305452185,-0.06554822124334528,-0.06317879599645286,-9.921770993383847,-9.919641298192692,2.6536692500446475,2.7080942897521405,1.2581324661494475,1.2810031396977153,0.7923934996255477,0.7830593199471009
,-0.007,-0.034,-9.914,-0.043,-0.072,-9.928,2.66,1.26,0.91,-0.04899063572456622,-0.053547728694762105,-0.05215580523970133,-0.05972455869903687,-9.920777848272117,-9.920714056798744,-0.05265287493920804,-0.05092999428560845,-0.0642144114076218,-0.06356456964008986,-9.923732552806657,-9.920006845441229,2.6548579254702127,2.7059910043742765,1.261695216557121,1.2800846190824176,0.7898448997278669,0.7886107581238025
,-0.045,-0.041,-9.943,-0.081,-0.041,-9.947,2.8,1.26,0.84,-0.048968393842901074,-0.053173914820593346,-0.05316102838146693,-0.0589056862149726,-9.922095670979994,-9.921688677667639,-0.053522627614160614,-0.05224503196798849,-0.0627808345985214,-0.06257776372973364,-9.925641798733277,-9.92118732461201,2.657295435825802,2.7101022563941375,1.265497198291932,1.2792062677052847,0.7863181613742795,0.7908581401222635
31726.0,-0.053,-0.036,-9.935,-0.024,-0.069,-9.919,2.59,1.26,0.7,-0.04907848643538249,-0.053166309084007296,-0.054620673365728935,-0.05790396241087483,-9.923555025074956,-9.922270815583927,-0.054274600458919776,-0.05100980502022118,-0.061299082634801855,-0.06285862442463222,-9.92737342451914,-9.921091667354219,2.6608669955526922,2.704849879843322,1.2697468539136862,1.2783663288635625,0.7821493106352109,0.7868846830119924
,-0.048,-0.062,-9.921,-0.031,-0.065,-9.926,2.59,1.26,0.63,-0.04929240120658831,-0.05294037327312581,-0.05644177174667751,-0.05808309253240875,-9.925065759014657,-9.922215239592486,-0.054887204353257654,-0.050134725451943134,-0.05982292880992309,-0.0629522722144093,-9.928813336570464,-9.921306321200586,2.665434722431237,2.6998272030521933,1.274641394821473,1.2775631226795674,0.7777284075046765,0.780023717573257
,-0.045,-0.05,-9.921,-0.077,-0.081,-9.95,2.66,1.12,0.7,-0.04956814240273868,-0.05259312059331251,-0.058499019399145966,-0.05772959837709521,-9.926540641625143,-9.92216209408023,-0.05533956172946162,-0.051309612105232716,-0.05841054530074983,-0.06374154516449823,-9.929866727836231,-9.922561168613178,2.6708414895263575,2.698085458361657,1.2803210539357321,1.2706724873519548,0.7734485014616148,0.7765240772641563
,-0.081,-0.05,-9.938,-0.024,-0.084,-9.962,2.59,1.26,0.84,-0.04985446410629349,-0.05383542554042268,-0.060645615362077014,-0.05739156341853586,-9.927901286016787,-9.92285472591051,-0.055612601985174794,-0.05011529344262019,-0.05712556613766298,-0.06462749882039423,-9.930464400393182,-9.92428592882491,2.6769159503986266,2.6933586068933555,1.2868330996150563,1.2702057523880228,0.7696590590968954,0.7793000404985606
31801.0,-0.041,-0.072,-9.931,-0.062,-0.055,-9.89,2.8,1.33,0.7,-0.05009609622733909,-0.053274099798906085,-0.0627271044601077,-0.05803042743365276,-9.92908236780499,-9.923210939423162,-0.05569190321506412,-0.050635041829615125,-0.05603599436365281,-0.06420646385764302,-9.930566911085627,-9.922786518122816,2.6834805205061394,2.698022305722306,1.2941112512022321,1.272820706623355,0.7666314481820959,0.7758320484249854
,-0.048,-0.091,-9.962,-0.081,-0.014,-9.892,2.73,1.33,0.77,-0.050239016025560274,-0.05304345002643614,-0.06459654386305849,-0.05947227053499808,-9.930033958269982,-9.924907283507935,-0.05557179891897804,-0.051962978531630406,-0.05521058929807098,-0.06201080774440679,-9.930166573196473,-9.921440145533953,2.690362003261238,2.699420771468213,1.3019729464299172,1.2753213022719339,0.764539735137152,0.7755769981427485
,-0.069,-0.079,-9.89,-0.065,-0.074,-9.959,2.66,1.33,0.77,-0.05023514455089232,-0.05374127046236555,-0.06612901636077943,-0.06032626771550111,-9.930721994515274,-9.923380699388249,-0.05525973874113685,-0.052533120574825905,-0.054713258276810686,-0.06253512555622077,-9.929287792507452,-9.92308273331517,2.697402491876806,2.6976968010625675,1.3101332790567333,1.2777125405250567,0.7634562982141331,0.775333101856797
,-0.024,-0.065,-9.923,-0.045,-0.031,-9.952,2.73,1.26,0.77,-0.050046269920623124,-0.05244060920704864,-0.06723355133014051,-0.06053066189253749,-9.931127214957682,-9.923364050437598,-0.05477967634294878,-0.05220367808931726,-0.05459662497261884,-0.06115601446396154,-9.927986254067976,-9.924347358793566,2.7044676407925294,2.6991095019535356,1.3182319909886677,1.2769379261647413,0.7633596141922756,0.7750998717745592
31877.0,-0.024,-0.069,-9.94,-0.065,-0.074,-9.892,2.66,1.26,0.77,-0.04964732730970448,-0.05119682917014583,-0.06786099318250555,-0.0609010475473297,-9.931243210122451,-9.924091582742198,-0.05417345492374733,-0.052763293729841045,-0.05489599725461038,-0.06171771455581589,-9.9263469898707,-9.92293272667999,2.711450447428175,2.6973991441539225,1.3258693237979888,1.2761971876567555,0.7641505693722627,0.7748768414358705
,-0.086,-0.069,-9.964,-0.048,-0.067,-9.947,2.8,1.47,0.84,-0.049029258079980084,-0.05271886017813009,-0.0680071273351706,-0.061255235297216576,-9.931074288919287,-9.925836879136108,-0.053499664802089286,-0.05255498280344878,-0.055624548480729306,-0.06194872230733305,-9.924480834173536,-9.923985249636871,2.7182701229463477,2.701886140031594,1.3326468269413283,1.284672676607548,0.7656732306638894,0.7777248424745419
,-0.031,-0.079,-9.887,-0.062,-0.034,-9.969,2.73,1.26,0.77,-0.04820146315411406,-0.05176903928937267,-0.06771108533877661,-0.06203125890262478,-9.930633595221973,-9.924138443824353,-0.05282995759623263,-0.05296803738156108,-0.0567701036382851,-0.06072645373320611,-9.922518683599325,-9.925953858939865,2.7248664386058192,2.7031156304948403,1.3382090775702722,1.2835936778280908,0.7677361622606694,0.7773870155036741
,-0.067,-0.062,-9.943,-0.057,-0.074,-9.887,2.73,1.4,0.77,-0.04719346393662639,-0.052435127864930826,-0.06704949535328579,-0.0620298918714625,-9.92994166411612,-9.924963307555837,-0.05224312461303166,-0.053144365341973046,-0.058293782073816164,-0.06130693960625317,-9.920603275267483,-9.92425030780434,2.7311902495222777,2.7042913522190766,1.342281596170728,1.2886844217932663,0.7701312221898068,0.7770639625638135
31952.0,-0.043,-0.077,-9.89,-0.069,-0.002,-9.909,2.73,1.4,0.77,-0.04605509290067461,-0.052022505772394284,-0.06612709686383564,-0.0626845727014335,-9.92902559647562,-9.92343427336232,-0.0518174476326004,-0.05383777249498124,-0.06013083266825659,-0.058713296587039054,-9.918878688640282,-9.92358337313126,2.737191450014211,2.7054156566477507,1.3446999438509033,1.2935525346020282,0.7726482596622343,0.7767550375490806
,-0.055,-0.06,-9.952,-0.029,-0.084,-9.923,2.73,1.47,0.77,-0.044854578365629415,-0.05215271915331481,-0.0650647610313311,-0.06256716952243163,-9.92791900399379,-9.924683525102074,-0.051622064167378,-0.0527515536532718,-0.062194008798380294,-0.05981914831739961,-9.917478385225053,-9.923557860743342,2.742806616344233,2.7064907923897206,1.3454256452223856,1.3012690301744827,0.7750858244574191,0.7764596226094459
,-0.048,-0.084,-9.954,-0.048,-0.084,-9.94,2.66,1.33,0.77,-0.04367419537273768,-0.05197111020309314,-0.06398610967094738,-0.06350448160629919,-9.926662527699488,-9.925965608969017,-0.051708415007188535,-0.052543756150230006,-0.06437950062629444,-0.06087663834439496,-9.916513085152122,-9.924276917231285,2.747949515136922,2.7044576320219815,1.3445462188681607,1.3025255084183094,0.7772592706252109,0.77617712691503
,-0.045,-0.024,-9.933,-0.022,-0.081,-9.873,2.66,1.19,0.63,-0.0426035510500341,-0.05166624585779959,-0.06300418542066176,-0.06177685034381795,-9.925304206024881,-9.926273240745552,-0.05210314081970377,-0.05120800015867873,-0.0665748084838003,-0.06175668403260103,-9.91605988811265,-9.922034447474681,2.752507813849304,2.7025133869182865,1.3422592569507426,1.2976044822899961,0.7790081418886606,0.7697844300854677
32028.0,-0.031,-0.041,-9.916,-0.036,-0.043,-9.926,2.8,1.4,0.91,-0.041730970600538986,-0.05076245846532397,-0.062209840735413253,-0.06086822593640007,-9.923898743217919,-9.925823965849203,-0.05280381313251235,-0.05054291570634248,-0.06866740652497111,-0.06093640662615008,-9.916153903972388,-9.92220787115314,2.7563482643839063,2.7067767239774043,1.3388437656534034,1.3020824982097279,0.7802044154185035,0.7759164128940295
,-0.062,-0.043,-9.954,-0.086,-0.079,-9.904,2.87,1.26,0.77,-0.04113380630501253,-0.051253904683052395,-0.061663526179157095,-0.060086803057840366,-9.92250509292679,-9.927056175347273,-0.05377843213352055,-0.052093544010053415,-0.07055300143716524,-0.06172637341868827,-9.916783503586684,-9.921411594727065,2.759330251312736,2.7139148921789653,1.3346243624795329,1.3002421237369024,0.7807620386085812,0.7756576731394027
,-0.038,-0.057,-9.878,-0.048,-0.081,-9.904,2.8,1.47,0.84,-0.040868758087741854,-0.05067427778632236,-0.06139171535957479,-0.05995180932429401,-9.92118253440862,-9.924910824270594,-0.05496878776681108,-0.051914522939062235,-0.07214254666574405,-0.06256925803504922,-9.91789007074286,-9.920650141490444,2.761324684413082,2.717679612470396,1.3299341045911828,1.3076660665950157,0.7806465803873851,0.7784715264255431
,0.0,-0.081,-9.89,-0.043,-0.079,-9.907,2.73,1.26,0.77,-0.04096346948351341,-0.048458162982442744,-0.06138822633225767,-0.0608723001332208,-9.91998614111973,-9.923384085304368,-0.05629694165258806,-0.05152466822148573,-0.07336750236929791,-0.06328781609049489,-9.919372679245637,-9.920053186152282,2.7622334884580124,2.7182184142922794,1.325080255816886,1.3055815085028541,0.7798827911589501,0.7781010450700462
32104.0,-0.043,-0.101,-9.938,-0.081,-0.105,-9.923,2.73,1.19,0.7,-0.041410761978384544,-0.04821946365971369,-0.06161951599139218,-0.06262718631226784,-9.918962867032809,-9.924023276356401,-0.057673625717008466,-0.05281369930307441,-0.07418296770438927,-0.06511199577893148,-9.92109747652911,-9.92018205780231,2.7620056035193423,2.7187336529427473,1.3203160017657296,1.3005268357332098,0.7785582674551537,0.7746854881102011
,-0.048,-0.055,-9.923,-0.062,-0.048,-9.921,2.73,1.33,0.77,-0.042166779277838344,-0.04820986595676752,-0.062032212045700016,-0.06229363009327567,-9.918149222635993,-9.923978525883756,-0.05900730918242077,-0.053215439551908134,-0.07456848774479934,-0.0643636447648426,-9.922910844998572,-9.920217828490955,2.760647672383566,2.7192263588991006,1.3158208170384647,1.3018157720240087,0.7768227681315915,0.7744805798210647
,-0.01,-0.045,-9.933,-0.029,-0.055,-9.957,2.8,1.33,0.77,-0.04315386817509186,-0.04653885152301265,-0.06256111511161541,-0.06153733574954315,-9.917570797615436,-9.924373057847806,-0.06021283032592263,-0.0521564369095869,-0.07452675642185833,-0.06395414880973224,-9.924654733987843,-9.92182640622232,2.7582294326706918,2.7227587952677403,1.3116918844387526,1.3030483398588555,0.7748836428977888,0.7742846326915703
,-0.034,-0.065,-9.899,-0.098,-0.081,-9.943,2.8,1.33,0.84,-0.04426828839415287,-0.04599049571612838,-0.06313655568378333,-0.06168876684716351,-9.917243200909184,-9.9232634296188,-0.061218660368971375,-0.05416129229708046,-0.07408094601875043,-0.0646996071530513,-9.926182083756396,-9.92275238122723,2.7548841173584226,2.7261367492269155,1.307947469951499,1.30422700437342,0.7729974474990386,0.7771585325219474
32180.0,-0.055,-0.086,-9.887,-0.093,-0.062,-9.935,2.73,1.26,0.84,-0.04539204310470244,-0.04638450420902285,-0.06369077186815329,-0.0627519587868247,-9.917173763062086,-9.921677537787119,-0.06197202606523496,-0.05585980757670472,-0.0732716160239134,-0.06458154647931534,-9.927370234101035,-9.923288000686654,2.7508035224663,2.7263056989900565,1.3045408706721218,1.302292845202243,0.7714565930421544,0.7799067494173685
,-0.069,-0.024,-9.959,-0.045,-0.062,-9.914,2.8,1.33,0.77,-0.04640734548822796,-0.04737353724923302,-0.06416338128178542,-0.06105723725751275,-9.917363462566366,-9.923309743802486,-0.06244129970269121,-0.055384880623833274,-0.07215389586211741,-0.06446864889853801,-9.928130737485027,-9.922881812839105,2.746227132792191,2.7295285378456655,1.3013818926556757,1.303504549415959,0.770569145918055,0.779473502117136
,-0.069,-0.086,-9.933,-0.06,-0.105,-9.923,2.73,1.33,0.84,-0.04721155046054237,-0.04831931736394167,-0.06450603816425123,-0.06214804758926261,-9.917808561899786,-9.923733523304648,-0.06261544207250709,-0.055586711509599845,-0.07079508523161156,-0.06624118777074343,-9.92841489904513,-9.922886981463668,2.7414254034269954,2.7295491560824776,1.2983623246447002,1.3046632627285066,0.7706306988729699,0.782120479515626
,-0.053,-0.069,-9.919,-0.045,-0.067,-9.94,2.66,1.33,0.77,-0.047730066807891464,-0.04852401549749515,-0.06468624748831649,-0.06244770086181526,-9.918501278685415,-9.92352651431452,-0.06250094461072118,-0.05512372774099526,-0.0692723133575951,-0.06627437255576812,-9.928215211711395,-9.923635377205533,2.736678597098909,2.7265075949369666,1.2953820040793618,1.3057713025665114,0.7718895263518092,0.7815904201786591
32255.0,-0.067,-0.05,-9.933,-0.055,-0.072,-9.914,2.8,1.19,0.7,-0.04792509723344659,-0.04933201720094129,-0.06469017251554603,-0.061903331304730434,-9.919428855010887,-9.923940813891921,-0.06211735260529285,-0.05511831681279957,-0.06766968117244983,-0.0665247687783678,-9.927563288248459,-9.923213997701001,2.7322537602155608,2.729721604370306,1.2923724391252047,1.3007083296206725,0.7745091454348066,0.7780222639875611
,-0.048,-0.079,-9.895,-0.06,-0.05,-9.964,2.73,1.33,0.63,-0.04779894434815295,-0.0492737647074282,-0.0645241466964734,-0.06265101202654308,-9.920570903295632,-9.922675158634382,-0.06149262552240283,-0.05533180521069293,-0.06607446572669386,-0.06580209869168503,-9.926524927029885,-9.924997673116506,2.728382974012097,2.7297337793178977,1.2893155981923414,1.3019893287230517,0.7785349130745597,0.77154887462995
,-0.05,-0.077,-9.935,-0.074,-0.069,-9.897,2.59,1.33,0.7,-0.047391708221126115,-0.04930552482031535,-0.06421455367594531,-0.06327852969542343,-9.92189566605478,-9.92321415523382,-0.06065924331453626,-0.05614821275790534,-0.06457237374802474,-0.06594195103374674,-9.925192879818253,-9.923773263799232,2.72524587679633,2.7236228664351487,1.2862561136118364,1.303214306482877,0.7838723873009333,0.768419860716087
,-0.048,-0.067,-9.919,-0.053,-0.069,-9.914,2.73,1.33,0.84,-0.04677417542925883,-0.049248430905857746,-0.06380581100851103,-0.06344127903876773,-9.923356384383679,-9.923029859527842,-0.059651416179700475,-0.05601053342228707,-0.06324218321640036,-0.06607568727787594,-9.923677964228613,-9.923345854163934,2.722958918102876,2.7239017546742468,1.283305279999097,1.304385712855668,0.7902838554191248,0.7715502419126329
32331.0,-0.012,-0.057,-9.895,-0.055,-0.069,-9.928,2.73,1.33,0.77,-0.04603741667960782,-0.04761946246747502,-0.06335639585525407,-0.06315958555526266,-9.924889135936445,-9.921804042617095,-0.0585033444649615,-0.05596634023049875,-0.062150203326938144,-0.0662035748965609,-9.922099362544706,-9.92354939177586,2.721572914818346,2.724168446422693,1.280635161291057,1.3055058906541703,0.7974055134608977,0.7714824458985157
,-0.034,-0.05,-9.902,-0.069,-0.067,-9.919,2.73,1.26,0.84,-0.04528099113387462,-0.04702384880086642,-0.0629331920671774,-0.06258408347341929,-9.926413357919818,-9.920937961561032,-0.05724833523116666,-0.05653633525806909,-0.06134492182047779,-0.06623840458805359,-9.920575044166057,-9.923350435324902,2.721078873409853,2.724423475063985,1.2784618401102563,1.3035158025394926,0.8047827262636337,0.7744788924706838
,-0.036,-0.06,-9.931,-0.041,-0.06,-9.928,2.73,1.26,0.91,-0.04460160046844768,-0.04654174790884494,-0.06260479654385669,-0.06247107494344965,-9.927835870866407,-9.92137800004438,-0.055918615646044674,-0.055856891878360244,-0.060852239081853984,-0.06596558331927356,-9.919213091660488,-9.923553772591031,2.721419913480991,2.7246673506554044,1.2770187476070007,1.3016127460298939,0.8119168173836596,0.7804055745222817
,-0.084,-0.074,-9.933,-0.055,-0.034,-9.911,2.87,1.26,0.84,-0.044083501493825256,-0.048179892360290265,-0.06243456795776971,-0.06297526410226457,-9.929058497416284,-9.9218862596048,-0.054545734970162955,-0.05581941782130578,-0.06067190195302373,-0.06456764721632213,-9.918104435688553,-9.923004764247965,2.722505506243955,2.7310231163371115,1.2765233635374742,1.299792915012355,0.818315192386983,0.7830117900284357
32406.0,-0.048,-0.069,-9.947,-0.038,-0.041,-9.899,2.66,1.26,0.84,-0.043791188855031485,-0.04817202521071933,-0.06247405551028221,-0.06323874109682058,-9.929988394247726,-9.92298454722333,-0.0531614370002484,-0.0550401294455182,-0.06077599818378785,-0.06353697417725218,-9.917317345887902,-9.921954974971483,2.724223992039346,2.727917095168028,1.2771422630888773,1.298052669824841,0.8235372217880236,0.7855040291146467
,-0.01,-0.067,-9.95,-0.072,-0.079,-9.935,2.73,1.26,0.84,-0.04376428222469041,-0.04650266564884761,-0.06275720910767019,-0.06340323049658485,-9.930549356657442,-9.924166001551782,-0.051798775892856426,-0.05578182763737311,-0.06111037968444493,-0.06421321154925896,-9.916894003454834,-9.922525467030681,2.7264505828633037,2.728008185883769,1.2789599471509518,1.2963885299769764,0.8272305404274062,0.7878872762590869
,-0.045,-0.055,-9.926,-0.062,-0.036,-9.914,2.73,1.19,0.77,-0.044014526362481106,-0.046436950265517744,-0.0632957175862465,-0.06303573589543,-9.930692022371575,-9.924246206959515,-0.05049303232058375,-0.056053764099575874,-0.06159947088544996,-0.06297937618917859,-9.916849428688177,-9.922152626715594,2.7290502865699175,2.728095292971277,1.2819562954437993,1.2917358894945776,0.8291553287547743,0.787105020261557
,-0.041,-0.031,-9.94,-0.079,-0.084,-9.876,2.66,1.26,0.84,-0.044525106131387326,-0.04619917862874815,-0.06407600551232534,-0.061634731842241455,-9.930401187747446,-9.924935160320063,-0.04928179375345047,-0.05705726124435352,-0.06215420295558385,-0.0638986614291257,-9.917172865573637,-9.920134255191215,2.731877368276925,2.72511731295024,1.2859962043224142,1.2903479984856563,0.8291966302070343,0.7894182519990386
32482.0,-0.05,-0.074,-9.923,-0.036,-0.045,-9.935,2.8,1.33,0.84,-0.04525255864287899,-0.04636539819567026,-0.06505861237645909,-0.06217549640792307,-9.929699112545112,-9.924850530846875,-0.04820365361754593,-0.0561363737564342,-0.06268212146307418,-0.06307217499071614,-9.917831489750355,-9.920784371948288,2.7347740584421114,2.7283921229440797,1.2908330981063496,1.2920820811681946,0.8273660617148111,0.7916303202405182
,-0.05,-0.055,-9.966,-0.012,-0.079,-9.938,2.73,1.33,0.91,-0.04613125033481102,-0.046524348558983714,-0.06618056922145923,-0.06186169373505941,-9.928644384812193,-9.926650101590567,-0.04729550627367729,-0.05420617809220319,-0.06309826863373692,-0.06376873921103948,-9.918776005512836,-9.921537255064736,2.7375710484149383,2.728462439489319,1.29612557437689,1.2937403280130693,0.8237943952647314,0.7968069268169671
,-0.036,-0.067,-9.921,-0.041,-0.101,-9.916,2.66,1.33,0.77,-0.04707997281842485,-0.04606409208051747,-0.06736088040360651,-0.06208640491157816,-9.927326468565123,-9.92640300830527,-0.04658914475348372,-0.05362863840044459,-0.0633352499142482,-0.06539695675662408,-9.919947288218607,-9.921295096844474,2.740091541536435,2.725468403219049,1.3014640864477314,1.29532605551397,0.8187161735902733,0.7956345918580734
,-0.053,-0.093,-9.907,-0.034,-0.055,-9.933,2.66,1.33,0.77,-0.04800998882075163,-0.04636741694058799,-0.068508530650176,-0.06343833489873,-9.925856544998242,-9.925554465497685,-0.04610828305452173,-0.05277022821603806,-0.06335094052224564,-0.06494227144505818,-9.921282880536396,-9.921806981972276,2.742159900209588,2.722605303755217,1.3064033396955697,1.2968424351258987,0.8124477083469142,0.7945135260828958
32558.0,-0.048,-0.06,-9.919,-0.062,-0.055,-9.935,2.8,1.33,0.77,-0.04883381408801194,-0.04643881394207624,-0.06953189976818168,-0.06328796778542053,-9.92435579587931,-9.925267822083008,-0.04586685555300932,-0.05317386956585892,-0.06313265110298046,-0.0645074706763824,-9.922722155258297,-9.922383946141009,2.7436151416497023,2.725989970287872,1.3104964949093851,1.2982924996080791,0.805360684410874,0.7934414873598841
,-0.038,-0.086,-9.926,-0.065,-0.091,-9.921,2.87,1.26,0.84,-0.04947399612033123,-0.04606976318652174,-0.07034827583581284,-0.06428122260849185,-9.922942729335839,-9.925299842081946,-0.04586866484046091,-0.05369105627028957,-0.06269725865807554,-0.06566605623479624,-9.924209346544588,-9.922323422663126,2.7443280702666013,2.7322878944555913,1.313328839034433,1.2966178713949874,0.7978542925584505,0.7954776093060804
,-0.069,-0.053,-9.914,-0.067,-0.043,-9.928,2.73,1.19,0.84,-0.04987107292931464,-0.04707256065061368,-0.07089231261169054,-0.06378786610652137,-9.921721247390062,-9.924805671303137,-0.046107725884373695,-0.054273090164246175,-0.062087584266198696,-0.06467481205803054,-9.925694205775512,-9.922571673800018,2.744218874222782,2.732187839023245,1.31455031331011,1.2919552012301974,0.7903284724960694,0.7974246864708888
,-0.065,-0.05,-9.899,-0.055,-0.053,-9.952,2.73,1.26,0.7,-0.04998980048351847,-0.047856573082036086,-0.0711226108106646,-0.06318488772128587,-9.920770875289762,-9.923677123789542,-0.0465684810771019,-0.05430487977661899,-0.06136588249705111,-0.0641642428903078,-9.927130577899417,-9.923858649208334,2.7432710207076982,2.732092159268945,1.3139071623935838,1.290557719162356,0.7831597945493545,0.7931640576196625
32634.0,-0.074,-0.12,-9.933,-0.002,-0.055,-9.911,2.73,1.4,0.77,-0.04982273285912487,-0.04899989150605677,-0.07102585314045766,-0.06566955680598124,-9.920140134439713,-9.924084836832279,-0.04722554406445195,-0.052017454608432476,-0.06060562560856293,-0.06376346728535105,-9.928473667016187,-9.923296307836866,2.7415383295371423,2.732000663833183,1.3112720984278086,1.295343907921816,0.776680807237987,0.7921510345781637
,-0.048,-0.093,-9.919,-0.019,-0.065,-9.89,2.73,1.54,0.84,-0.049390494950620215,-0.04895616371227963,-0.07061793862698945,-0.06686478646498595,-9.919843589559944,-9.923862464009781,-0.04804344756137492,-0.05057351750383855,-0.05988284228114821,-0.06381754399989191,-9.9296771700976,-9.921840175772726,2.739144332088313,2.7319131697250874,1.3066697082687981,1.3060433398860964,0.7711636625493352,0.7942435913003095
,-0.029,-0.067,-9.911,-0.062,-0.05,-9.909,2.73,1.33,0.7,-0.04873871772465262,-0.048083430014565935,-0.06994153792816135,-0.06687069969611069,-9.91986265411586,-9.923299955807362,-0.04897740863784851,-0.051073226589437984,-0.05926809737645569,-0.0632132677250422,-9.930691739771323,-9.921278642291492,2.736274674605438,2.731829501956442,1.3002910740459903,1.307091025446684,0.7668088591231367,0.7901220798160794
,-0.017,-0.067,-9.883,-0.06,-0.06,-9.921,2.8,1.19,0.77,-0.04793244816868109,-0.04672407271496909,-0.06905985110261198,-0.06687635432662764,-9.920149851125956,-9.921537536438763,-0.049975889209278895,-0.05146361705123091,-0.058819859750030394,-0.06307274337056946,-9.931466126704482,-9.921266456556754,2.7331636925563525,2.734810770886198,1.2924914549518969,1.3019703376691885,0.7637396096579612,0.7892420901859697
32710.0,-0.043,-0.062,-9.943,-0.084,-0.057,-9.971,2.73,1.26,0.7,-0.04704944893709439,-0.046561209561612124,-0.06804721547850957,-0.0666630989733344,-9.92063591369834,-9.922476144452602,-0.05098484039264917,-0.05288651567095086,-0.05857967631895066,-0.06280716688735981,-9.931951588224306,-9.923441430659764,2.7300759831847747,2.734600383663238,1.2837684344698874,1.3001348682615195,0.762001918582751,0.7853393070417436
,-0.077,-0.055,-9.966,-0.031,-0.05,-9.931,2.73,1.33,0.84,-0.046173758183830724,-0.04789237513612985,-0.06697816355670178,-0.066153042048539,-9.921238729601338,-9.92437955314068,-0.05195268727536751,-0.051929362781900135,-0.058569334059773236,-0.06224707696847604,-9.93210892883752,-9.923771986084386,2.7272837677674904,2.7343991972076043,1.2747229473685993,1.3014409462848617,0.7615700448674082,0.7877297579005776
,-0.017,-0.017,-9.926,-0.029,-0.062,-9.938,2.66,1.26,0.77,-0.045390226293550426,-0.04654137315135843,-0.06591704982905394,-0.06400345474511845,-9.921872678870644,-9.924450419395331,-0.052834938329728645,-0.050926603541427834,-0.058790004856143836,-0.0622362716654415,-9.931916523757527,-9.924394213250626,2.7250414980290434,2.7311455314518973,1.2660087982565726,1.2996286285062855,0.7623563411105055,0.7869543905807246
,-0.069,-0.077,-9.887,-0.081,-0.067,-9.94,2.73,1.19,0.77,-0.044779978177172886,-0.04752354591450961,-0.06491026035634698,-0.06457182666074955,-9.922456759124195,-9.922812617487557,-0.05359769619909031,-0.05224178950965827,-0.05922318348575628,-0.0624446015982013,-9.931377400071842,-9.925076693920351,2.7235601755947245,2.7310954344535827,1.258276795632668,1.2948342902902334,0.7642236765297052,0.7862129320420329
32785.0,-0.06,-0.084,-9.95,-0.077,-0.055,-9.94,2.8,1.26,0.77,-0.04441634251680097,-0.0480691729230556,-0.0639823519517545,-0.06542146999915098,-9.922920356405411,-9.924001590739797,-0.05421973834974117,-0.05332452890293726,-0.05983305592142843,-0.062119030272245225,-9.930523850869347,-9.925729327977917,2.7229844109282832,2.7341088060186634,1.252118984152107,1.2933108983492503,0.7669984612083869,0.7855038993674254
,-0.045,-0.024,-9.945,-0.06,-0.074,-9.914,2.66,1.26,0.77,-0.044360823685367264,-0.04793495020005735,-0.06313645559573569,-0.0636100039679893,-9.923206311268286,-9.924919904481055,-0.054692939162160864,-0.0536164641996464,-0.06056983377099855,-0.06263861523819475,-9.929418704092516,-9.92521637469063,2.7233749858295435,2.730867839806805,1.2480178723356745,1.2918541282049656,0.7704829629317967,0.7848258744915526
,-0.002,-0.086,-9.916,-0.029,-0.05,-9.931,2.66,1.19,0.7,-0.04465901264846486,-0.04592609822227354,-0.06235831835041683,-0.06458917533131038,-9.923271521585312,-9.924529814414985,-0.055020910022591504,-0.05253992373148143,-0.06137361860864004,-0.0620858965107961,-9.928152937756725,-9.925469307307099,2.724699128152662,2.72776860927456,1.2463048780592434,1.2873997886226025,0.7744666166428298,0.7811162236701746
,-0.057,-0.077,-9.907,-0.05,-0.067,-9.938,2.66,1.33,0.84,-0.045336755323235146,-0.04641038805803223,-0.06162276805483712,-0.06513193219885988,-9.923085668087163,-9.923763191131313,-0.05521616059294906,-0.05242884641912592,-0.062178501590561736,-0.062300802730794774,-9.926839721280016,-9.926017306307632,2.7268303920594112,2.7248049159608643,1.247131220451725,1.2892628040064613,0.7787366480728206,0.7836913606851137
32861.0,-0.065,-0.065,-9.887,-0.055,-0.062,-9.964,2.8,1.19,0.77,-0.04639714103277312,-0.047223358977848504,-0.06090115595191392,-0.06512616246889481,-9.922629010988098,-9.92215544346005,-0.055296618145250394,-0.05254128949207212,-0.06291677310018813,-0.06228764786379159,-9.925605161512424,-9.92767838592159,2.7295594979960636,2.728093387868067,1.2504535296315407,1.2849217896093563,0.7830882403818415,0.7830926027269347
,-0.065,-0.074,-9.926,-0.022,-0.048,-9.923,2.73,1.12,0.84,-0.0478187305935336,-0.04800077661562048,-0.060168366300162486,-0.06551423791030175,-9.921890490642827,-9.92232357567692,-0.05528250421012392,-0.051205641373743685,-0.06352322644156175,-0.061662812753618325,-9.92457618114775,-9.927473788229191,2.732615933558601,2.728176768856517,1.2560358477648548,1.2777093410969818,0.7873338763279544,0.7855813076686978
,-0.036,-0.043,-9.94,-0.093,-0.072,-9.902,2.73,1.19,0.77,-0.04955514106622443,-0.04747595219033568,-0.059408310730016574,-0.0645296331342559,-9.920867176238925,-9.923096610584041,-0.05519421656966172,-0.05303341477114373,-0.06393954370063372,-0.06211488419277686,-9.923866343515016,-9.926359754804903,2.735697890360309,2.7282565033826804,1.2634691721745779,1.2738735889612895,0.7913110170309995,0.7848998975313101
,-0.014,-0.053,-9.899,-0.055,-0.074,-9.907,2.73,1.4,0.77,-0.051536095899444266,-0.04601196382259237,-0.05861738845025252,-0.06402541300940547,-9.919565389794096,-9.922042804634131,-0.05505125708591008,-0.053119418535363845,-0.06411864655285889,-0.06263465047730632,-9.923561159776074,-9.925513103582688,2.738506489401612,2.7283327509156092,1.2722083448712591,1.2793894170869848,0.794887474434129,0.7842482871889849
32937.0,-0.034,-0.081,-9.931,-0.067,-0.053,-9.919,2.73,1.26,0.77,-0.05367034983859908,-0.04548665015234805,-0.05780591461841533,-0.06476775478836916,-9.918003031573383,-9.922434525525256,-0.054871736329423895,-0.05372645159856697,-0.06402872619409605,-0.06221330275444391,-9.923705117264108,-9.925228269029551,2.7407798334042037,2.7284056639503693,1.2816232891363037,1.2785414686578775,0.7979645699327729,0.7836251734210377
,-0.103,-0.036,-9.938,-0.048,-0.077,-9.923,2.87,1.33,0.77,-0.0558509872455036,-0.04800185493840404,-0.0569977687222208,-0.06350966784473853,-9.916212180172453,-9.92311524323688,-0.05467184511178086,-0.053476019333606115,-0.06365654353589105,-0.06285996256091494,-9.924292849788566,-9.925130821168445,2.742322653028922,2.7345979437020067,1.2910582263636337,1.2807918808605743,0.800478726837422,0.7830293099999326
,-0.053,-0.079,-9.914,-0.055,-0.055,-9.873,2.73,1.33,0.84,-0.05796310425615948,-0.048220436509702334,-0.05622853700705701,-0.06418709939198307,-9.914240989316108,-9.922716610511154,-0.05446496817281981,-0.0535426668767613,-0.06300960225040854,-0.06251622644566864,-9.92526641770838,-9.92285100802504,2.743027618457093,2.7343968639520715,1.2998905041460216,1.2829438768249921,0.8024018920611296,0.7855207828933156
,-0.055,-0.024,-9.892,-0.057,-0.06,-9.909,2.8,1.47,0.91,-0.059893144988015456,-0.048516924031005416,-0.05554241864642115,-0.062429615520913605,-9.912154122696496,-9.92137329515961,-0.054260597066173887,-0.053693864830655386,-0.062116911184508315,-0.06240618547577711,-9.926519846492505,-9.922245268283422,2.7428850883236455,2.737265855624529,1.3075809269011578,1.2911243159320365,0.8037401699353015,0.7909645750469736
33013.0,-0.045,-0.091,-9.921,-0.007,-0.062,-9.921,2.66,1.4,0.84,-0.0615388001819132,-0.04836312001544361,-0.054988225734966374,-0.06367907095989621,-9.910031358059664,-9.921356970014672,-0.054063560415922744,-0.05165182358957628,-0.061028164640284384,-0.062388421953822513,-9.927911057270851,-9.922190809540284,2.7419797433597752,2.7338868236192586,1.3137094514280994,1.2958857259764567,0.8045290986012383,0.7931090186562373
,-0.038,-0.022,-9.919,-0.06,-0.074,-9.938,2.8,1.19,0.77,-0.06281851616963031,-0.04790991447046385,-0.05461486528269974,-0.061856339384802984,-9.907964381948455,-9.92125389373278,-0.05387415195266298,-0.052016910535788906,-0.05981121399744625,-0.06289622573768784,-9.929280039313975,-9.922882185570602,2.740474947703378,2.7367781206502033,1.3179933244463526,1.291255074389365,0.8048242342177825,0.7920984026083251
,-0.127,-0.079,-9.89,-0.074,-0.067,-9.978,2.8,1.19,0.77,-0.06367982212984344,-0.051368724680274445,-0.05446669478127577,-0.0626060751825627,-9.906051990127027,-9.919887081622065,-0.053689433213443716,-0.05297828684197077,-0.05854770285598443,-0.06307569420357972,-9.930470653397602,-9.92529262751177,2.738587783434165,2.7395429739224486,1.320289054672795,1.2868269329510518,0.8046875946245006,0.7911319833656295
,-0.067,-0.026,-9.919,-0.079,-0.074,-9.959,2.66,1.26,0.7,-0.0641055088883103,-0.05205232002988418,-0.05457912286367384,-0.06100519859057497,-9.904393931346625,-9.91984828729088,-0.05350537046579532,-0.054116282414300027,-0.057326805405524116,-0.0635534418273276,-9.931352309512645,-9.926766736476598,2.7365589244157285,2.736064357753562,1.320583713584722,1.285653723073129,0.8041731257954986,0.7871465503951769
33088.0,-0.053,-0.072,-9.926,-0.06,-0.038,-9.954,2.59,1.26,0.7,-0.06411645700668067,-0.052093764480656016,-0.05497479668046343,-0.06148602916643213,-9.903083668973013,-9.920117317303728,-0.0533188766657153,-0.05437359232009677,-0.05623728622562698,-0.06243592494899328,-9.931837508760644,-9.927957716221917,2.7346222069575616,2.7296765926056943,1.3189824724751462,1.2845318206413527,0.8033158965555209,0.7833354105255147
,-0.072,-0.06,-9.887,-0.045,-0.053,-9.95,2.73,1.47,0.91,-0.063770128768336,-0.05296431469175028,-0.05566063867028784,-0.061421041338709875,-9.902200484843402,-9.918669012949968,-0.05312876134872312,-0.05396366133314335,-0.05535859767285077,-0.062023267997947294,-9.931892087043488,-9.928921681245708,2.7329791388904043,2.7296907360320146,1.3156968045785131,1.2926428149343239,0.8021289255656461,0.7888747745603684
,-0.101,-0.053,-9.902,-0.034,-0.034,-9.94,2.73,1.4,0.84,-0.06315445553016762,-0.05506503714851606,-0.056625873624260255,-0.06105276782421621,-9.901801631350672,-9.917940034699498,-0.052935167244468805,-0.05309059974543663,-0.05475224116376031,-0.060797739351536095,-9.931536654082263,-9.929406164247064,2.731782845379578,2.729704260930399,1.3110330987810688,1.2973378171626755,0.8006085729147511,0.7911106104498545
,-0.045,-0.048,-9.866,-0.091,-0.026,-9.919,2.8,1.4,0.84,-0.062377660850613754,-0.05462486752398822,-0.05784111575226619,-0.060481937152907526,-9.901915618792318,-9.915668565132691,-0.052737865041138976,-0.05474847405130412,-0.05445483793208421,-0.05927594587588644,-9.930839613522437,-9.928951076268568,2.7311333644701694,2.7327784720451325,1.3053778486224346,1.3018274950253523,0.798745907946398,0.7932486675602404
33164.0,-0.055,-0.065,-9.885,-0.002,-0.081,-9.895,2.73,1.19,0.77,-0.061555226825926505,-0.05464127301943526,-0.05925862054101328,-0.06067952351028039,-9.902537990283985,-9.91432735092751,-0.052534277586955995,-0.0524416493794248,-0.05447409398749191,-0.06022599390908652,-9.929903766401848,-9.927466309518785,2.731082760831134,2.7326569624094676,1.2991754860464009,1.296936994794615,0.7965394976911644,0.7922319443112584
,-0.038,-0.06,-9.902,-0.053,-0.072,-9.911,2.73,1.19,0.84,-0.06079580815759588,-0.05391350790654544,-0.060813860066927024,-0.06064980622221037,-9.903630756424315,-9.913788244578559,-0.052318189739545044,-0.05246606746943152,-0.05478816247527828,-0.06074090108367056,-9.92884951285907,-9.926746196003922,2.7316461992679613,2.732540766698622,1.292898178922514,1.2922603685534668,0.7940055585925913,0.7943209626453873
,-0.029,-0.048,-9.935,-0.043,-0.045,-9.928,2.73,1.33,0.77,-0.06018833466167754,-0.05282397696303451,-0.062428537389329894,-0.060096598084672485,-9.905125918981161,-9.914715888489024,-0.05207991430462241,-0.0520520923094502,-0.0553481359233253,-0.06005251152111931,-9.927797872186204,-9.926801028035444,2.732814808091286,2.7324296525211738,1.287010960473605,1.2939108184384023,0.7911834155074462,0.7932573452103187
,-0.05,-0.067,-9.892,-0.069,-0.034,-9.923,2.8,1.26,0.77,-0.059792480350835696,-0.05270047728179613,-0.0640150184565081,-0.060398501374665056,-9.906932495290754,-9.913722465021282,-0.051808282310330536,-0.05279326733489773,-0.056082972825615834,-0.05891316905819071,-9.926855936869872,-9.926634799430571,2.7345671240578193,2.735384675343256,1.2819374936983523,1.2924278122657262,0.7881361689927247,0.7922402424656706
33239.0,-0.06,-0.06,-9.931,-0.045,-0.062,-9.938,2.66,1.33,0.77,-0.05963394437089013,-0.05301970394004825,-0.06548197852709492,-0.060381073897958125,-9.908945682224488,-9.914478055484798,-0.05149423039240958,-0.052452447971190495,-0.05690620554096464,-0.05904816401117381,-9.92610630664367,-9.92713182850195,2.7368770155750375,2.732087912127048,1.27803080677757,1.29407093941207,0.784947663137128,0.7912676202059539
,-0.072,-0.086,-9.923,-0.062,-0.067,-9.907,2.87,1.26,0.77,-0.05970479601479726,-0.05384976046809274,-0.06674083419166345,-0.061501454569857054,-9.911056605013345,-9.914850741751343,-0.05113519991026021,-0.05286998665780137,-0.057723942716379824,-0.059395917984642714,-9.925601049572691,-9.926251412537061,2.739716822966507,2.7381191578185593,1.2755511450784824,1.2925809307427496,0.7817172740641878,0.7903375331866491
,-0.091,-0.079,-9.902,-0.048,-0.062,-9.916,2.73,1.26,0.84,-0.05996794029646532,-0.05547443474843453,-0.06771230228714484,-0.06226671038144687,-9.913161409279372,-9.914288746193042,-0.0507393147747617,-0.052657009778830186,-0.05844359813136979,-0.05950980110161745,-9.925360135446137,-9.92580309224368,2.7430552522444454,2.737764086436731,1.2746516814009936,1.2911560839349145,0.778553824085258,0.7925093989282059
,-0.06,-0.048,-9.89,-0.048,-0.074,-9.935,2.73,1.26,0.77,-0.06036403288985707,-0.0556723492049998,-0.06833234537123747,-0.061642790920526186,-9.915168990359517,-9.913226537665215,-0.050328381067992485,-0.05245334691941666,-0.058982527043140234,-0.0601434942827077,-9.92537400763014,-9.926205296366147,2.7468506120910967,2.737424543227776,1.2753726977282867,1.2897935492949495,0.775569345432743,0.7915250057731309
33315.0,-0.074,-0.074,-9.926,-0.055,-0.041,-9.899,2.66,1.19,0.77,-0.060819168271731075,-0.056473863898872725,-0.06855694077662866,-0.062183203042256496,-9.917007136950676,-9.913785153598456,-0.04993896083955199,-0.052564718523290796,-0.059275669143693706,-0.059306300682104594,-9.925609726685066,-9.92501553969561,2.7510413928425357,2.7340385714107884,1.2776451940486293,1.285429324059086,0.7728730441497782,0.7905836626296021
,-0.012,-0.053,-9.933,-0.081,-0.05,-9.921,2.73,1.26,0.7,-0.061252274829911316,-0.05452890893399662,-0.06836542681158346,-0.06178159826172482,-9.918627052345656,-9.914625467608342,-0.04962096235110938,-0.05380826556502146,-0.05928150304811661,-0.058899312529299905,-9.926019764129574,-9.924839929951302,2.755537529613343,2.7338619544311107,1.2813047286818118,1.284317235165829,0.7705660746731172,0.7866222091168442
,-0.084,-0.105,-9.928,-0.067,-0.074,-9.981,2.73,1.33,0.7,-0.061581939155876377,-0.05581775455846218,-0.06776236759564994,-0.06367164867933649,-9.920006038251667,-9.915210369860983,-0.04943337422622055,-0.0543851735989845,-0.058985903426212585,-0.05955970392537838,-9.926552068049377,-9.92729595237646,2.7602159861647833,2.733693061360295,1.2861151384945493,1.286315058437392,0.7687383214410841,0.78283400002232
,-0.053,-0.057,-9.935,-0.053,-0.074,-9.94,2.87,1.33,0.84,-0.06173283645894556,-0.05569452699877128,-0.06677784057258097,-0.0633798805466577,-9.921147865020583,-9.916075820622794,-0.049437133493393876,-0.054324596441247854,-0.05840360163094324,-0.06019121472930761,-9.927159601281927,-9.92785153262817,2.764922925012643,2.739654109801177,1.2917997566075725,1.2882255118258297,0.7674683755710213,0.7853340143168169
33391.0,-0.057,-0.045,-9.921,-0.007,-0.084,-9.919,2.73,1.33,0.77,-0.061641847582023575,-0.05575161864704868,-0.06546599044050894,-0.06257608171315995,-9.922080399213641,-9.916291167486952,-0.04968582648780566,-0.05225497170572996,-0.05757689090401663,-0.06123243334762236,-9.927807441985262,-9.92746443263679,2.769482370814989,2.739231911072684,1.298075699472813,1.290052416237919,0.766826687126126,0.7846634189454593
,-0.089,-0.074,-9.919,-0.041,-0.048,-9.954,2.73,1.26,0.77,-0.06126352342135988,-0.057205654764386264,-0.06390181628678543,-0.06307567865937654,-9.922850505869079,-9.916409631609099,-0.050215824598533694,-0.05176276322237498,-0.05657129364277665,-0.06065374544689551,-9.928476025323413,-9.928624900357926,2.773709419543149,2.738828176166337,1.3046858667556234,1.2887381477879958,0.7668799829279392,0.7840221504119926
,-0.057,-0.079,-9.914,-0.034,-0.022,-9.923,2.73,1.33,0.84,-0.06057421425928364,-0.057196660959486535,-0.06217636721981755,-0.06377208965537531,-9.923516850008875,-9.916304252302002,-0.05103803864805589,-0.05098595249601593,-0.05546838452913212,-0.05896331903625251,-9.92916011938914,-9.928378909186506,2.777425510277844,2.7384420976123223,1.3114238679059886,1.290542633328137,0.76769372152758,0.7864702038738381
,-0.089,-0.053,-9.904,-0.036,-0.067,-9.902,2.94,1.47,0.84,-0.05957414917007228,-0.058587501708271865,-0.0603905959814519,-0.0633009988298749,-9.924141683130363,-9.91576615611458,-0.0521332882678829,-0.05033057875163429,-0.05435669059406116,-0.05931478349585306,-9.92986420768302,-9.927225292525112,2.7804734343361424,2.7472567363369973,1.3181484296631574,1.298390759523911,0.7693293965795429,0.7888111977434313
33467.0,-0.045,-0.06,-9.933,-0.057,-0.065,-9.933,2.8,1.26,0.77,-0.05828706971410026,-0.057993285766795376,-0.0586480980797261,-0.06315663777148307,-9.924782819300557,-9.916519835855677,-0.05345237307632795,-0.050622249473102406,-0.05332209215102857,-0.05956341244545994,-9.93059569806814,-9.92747783514204,2.7827296116178557,2.7495633331453697,1.3247851378812872,1.296711834155268,0.7718348111825849,0.7879885363140231
,-0.036,-0.065,-9.928,-0.074,-0.019,-9.911,2.8,1.4,0.7,-0.05675761634727031,-0.057031463550418264,-0.057047057116641445,-0.06323725268109766,-9.925486748509506,-9.917021892576022,-0.054920745638307955,-0.05164461784789246,-0.05243913903105124,-0.057789471449294,-9.931357653724817,-9.926757217582415,2.784110982444312,2.751769056620033,1.331314778284849,1.301228887843912,0.7752276754662428,0.7841405742627546
,-0.026,-0.081,-9.935,-0.062,-0.048,-9.962,2.8,1.33,0.77,-0.05504730119315138,-0.05567437887621509,-0.055671959418724964,-0.06401406271195748,-9.926283356355988,-9.917808120850967,-0.056446677408318706,-0.05209748499646602,-0.05176435698857686,-0.05736135301231466,-9.932142535089806,-9.928298473921082,2.784574869969342,2.7538783182079363,1.337749634636554,1.3024871216137557,0.7794755087057161,0.7835221710545
,-0.05,-0.012,-9.926,-0.045,-0.05,-9.921,2.66,1.33,0.77,-0.05323019722906884,-0.05542622388358891,-0.05458592681293857,-0.0617393557122456,-9.927182302714051,-9.91816637252118,-0.057931257501152175,-0.05178709396065678,-0.05133224026269782,-0.05703942235834533,-9.932927910041847,-9.92797929312939,2.7841126119196726,2.7497727810432786,1.3441016742155303,1.3036903296268267,0.7844768086198932,0.7829308121883543
33543.0,-0.086,-0.022,-9.923,-0.077,-0.06,-9.928,2.73,1.26,0.77,-0.05138914800936745,-0.05676329272446674,-0.05382480262228914,-0.060001452808885115,-9.928170973571417,-9.918377759320956,-0.05927853234844054,-0.05288971834453494,-0.05115421353675174,-0.057168895934019595,-9.933674578757376,-9.927980198693406,2.7827402656200784,2.7489080671351958,1.3503487355848705,1.3017796406046631,0.7900488155452893,0.7823653149465853
,-0.055,-0.05,-9.914,-0.079,-0.05,-9.904,2.8,1.26,0.7,-0.049612493355634,-0.05668617945752012,-0.0533942808886684,-0.05956406388893772,-9.929214032682637,-9.91818630879294,-0.060404395520030955,-0.05403158724208754,-0.05122033186289191,-0.056855381916634994,-9.934327320110276,-9.926931483730984,2.7804905854344555,2.7511424470558716,1.356405952939132,1.2999525108637089,0.7959260473645562,0.7787632706402212
,-0.062,-0.065,-9.935,-0.062,-0.043,-9.94,2.8,1.4,0.77,-0.04799058937454221,-0.05691856631893737,-0.053271058623638366,-0.059801791174158556,-9.930254738559361,-9.918921614190857,-0.0612432204744175,-0.054380066159748594,-0.051503030316098306,-0.05624945089363483,-9.934818387013333,-9.92750300312176,2.777409157032929,2.7532791118706594,1.36210926854537,1.3043278415334587,0.8017719208995364,0.7783800305696259
,-0.053,-0.053,-9.95,-0.057,-0.06,-9.962,2.8,1.33,0.84,-0.04661131383441522,-0.056747197466558284,-0.05340809251679916,-0.059504331579815425,-9.93121815273679,-9.920280750894547,-0.06175165126145114,-0.05449464251726569,-0.051962024082174395,-0.05641347192679767,-9.935073636215675,-9.92901164436562,2.7735549006751494,2.7553223349091884,1.3672157665597797,1.3054505501917872,0.8072035803460041,0.7810748282546581
33618.0,-0.022,-0.05,-9.935,-0.057,-0.069,-9.926,2.8,1.26,0.84,-0.04555431531588186,-0.05522761431583892,-0.05374297423856176,-0.05908868303315386,-9.932016157481634,-9.920924461022635,-0.061909498152815025,-0.05460420815981732,-0.05254944750385342,-0.05696391275024832,-9.935020678122566,-9.928879937512473,2.7690028241621443,2.7572762026175357,1.371422223689107,1.303462882256011,0.8118274466050119,0.7836517755961997
,-0.036,-0.089,-9.902,-0.074,-0.069,-9.926,2.8,1.47,0.84,-0.04488455279829161,-0.05438674193264889,-0.054207761495023384,-0.06039678085377351,-9.932554048379906,-9.920096846302508,-0.06171822582754331,-0.05545243537306431,-0.053214379736116875,-0.05749028139919946,-9.934597973617823,-9.928753990534352,2.7638461477663534,2.7591446227311183,1.3743998425959447,1.3107459731682116,0.8152804088230429,0.7861160264889336
,-0.055,-0.065,-9.926,-0.036,-0.062,-9.926,2.73,1.33,0.84,-0.04464620039440599,-0.05441356126468527,-0.054738482636227666,-0.06059809131227614,-9.932738530241012,-9.920355006198811,-0.061197856326354,-0.054601730994335206,-0.05390608167619208,-0.05768750284150017,-9.933763695083705,-9.928633551537299,2.758195738103204,2.7578700543956747,1.3758402889417674,1.311588000637772,0.8172700142043439,0.7884725094346454
,-0.019,-0.045,-9.923,-0.06,-0.026,-9.94,2.73,1.4,0.91,-0.04485803380913493,-0.05286483633351419,-0.055282841375864554,-0.059915947183549534,-9.932487048432359,-9.920470678492034,-0.06038317413439417,-0.05483781100141934,-0.05457570678675559,-0.05630172790374704,-9.932503303557533,-9.929130635182219,2.7521764050512747,2.7566512261690224,1.3755059002127719,1.3154544818030964,0.8176070696740139,0.7937872150937149
33694.0,-0.067,-0.041,-9.902,-0.069,-0.034,-9.964,2.73,1.47,0.84,-0.04551106555925949,-0.05348300292265925,-0.05580525946336672,-0.059088704795219264,-9.931738175080158,-9.919662908833894,-0.05931999602249871,-0.05545715947694052,-0.055176888595451744,-0.05532641672974292,-9.93083484218587,-9.930655561021329,2.745921178709434,2.755485700394708,1.3732754023617713,1.3222131496265153,0.8162254841126755,0.7958082174884834
,-0.019,-0.065,-9.993,-0.034,-0.091,-9.959,2.73,1.54,0.84,-0.046568722531378025,-0.05197497367000051,-0.056289109694781604,-0.05934722074030399,-9.930462124252385,-9.922870125996258,-0.058062011453254854,-0.05451878342417143,-0.0556660974142394,-0.056886513083281624,-9.928810868027293,-9.931895135290016,2.7395655098114395,2.7543711460211835,1.3691760903889894,1.3317375214436755,0.8131864696498854,0.7977408363182289
,-0.069,-0.077,-9.962,-0.055,-0.019,-9.916,2.66,1.47,0.77,-0.04796945262723057,-0.05271952128931627,-0.05673647242510333,-0.06011922158878161,-9.928669671443581,-9.924581374717341,-0.05666835520036119,-0.05453982824659717,-0.05600366442486917,-0.055229639691513205,-9.926516094687997,-9.9312000006741,2.7332431399593378,2.750244056245213,1.3633946722527817,1.3377840906092346,0.8086671025638112,0.7965276591261226
,-0.065,-0.034,-9.916,-0.086,-0.05,-9.926,2.8,1.4,0.77,-0.049631346095789314,-0.053256577797239905,-0.057165850211990214,-0.05897696172525112,-9.926417317259823,-9.924206089417195,-0.055201713298735876,-0.0559156614187895,-0.056155949738878594,-0.05500093427240121,-9.924060516270874,-9.930972591444457,2.7270843754568794,2.752420009970709,1.356262428082677,1.340504950261524,0.8029362473824709,0.7953675372522684
33770.0,-0.022,-0.048,-9.919,-0.06,-0.06,-9.899,2.73,1.19,0.77,-0.05145818151308518,-0.05188964830557235,-0.05760822050787404,-0.058496911324068784,-9.923806910677266,-9.923978413911362,-0.05372644744112977,-0.05609427991300947,-0.05609860819796271,-0.05521955610676091,-9.921568887324542,-9.9295743488584,2.721216110813913,2.7514395260216586,1.348216168243929,1.3339229867308715,0.7963231020005354,0.7942581504529188
,-0.062,-0.096,-9.966,-0.072,-0.089,-9.914,2.8,1.19,0.77,-0.05334630766973757,-0.05233179965022354,-0.05810182266451595,-0.06013701659318372,-9.920979082638867,-9.925816124542507,-0.052306077980014,-0.05678987742896774,-0.055820442487834424,-0.056696860669622144,-9.919168409305644,-9.928893243047453,2.7157617166133434,2.7535631988191396,1.339743259225776,1.3276288691736808,0.7891843945256068,0.7931972799544751
,-0.055,-0.043,-9.897,-0.041,-0.069,-9.899,2.73,1.26,0.77,-0.05519189882268599,-0.052448486824726345,-0.058686116077343226,-0.05938757135537244,-9.918101148155626,-9.924555922266741,-0.05099970363046689,-0.05609934600651055,-0.055326935420758894,-0.05723490818396882,-9.916976863508324,-9.927585935645208,2.710838534513893,2.7525327203197705,1.331323776217345,1.3246712870493258,0.7818755357714172,0.7921828040159403
,-0.055,-0.057,-9.887,-0.031,-0.029,-9.897,2.59,1.12,0.7,-0.056898183202583566,-0.052560070972878604,-0.05939535307205605,-0.05928315679916957,-9.915351124097466,-9.922913506450582,-0.04985758942440616,-0.05500168789113948,-0.054642414897762566,-0.056000123974975835,-9.915093169712762,-9.926248335037268,2.706551721895097,2.7454247518720645,1.323383067530319,1.3157204921100927,0.7747294137003364,0.7881514159909491
33846.0,-0.077,-0.06,-9.928,-0.031,-0.062,-9.911,2.73,1.47,0.7,-0.05838214995596857,-0.05362889110981581,-0.06025230113476509,-0.059314506172043105,-9.912900144001863,-9.923135951725525,-0.04891689969081199,-0.05395203315155069,-0.05381014989085817,-0.05626251378419157,-9.913591649871078,-9.925581486638302,2.702985176182187,2.744750188317079,1.316263399835047,1.3224675266275214,0.7680446147272135,0.7842963307979397
,-0.043,-0.048,-9.861,-0.041,-0.041,-9.926,2.73,1.47,0.84,-0.05958012326147634,-0.05316406272022118,-0.06126284377412915,-0.05881969409534845,-9.91089584350662,-9.920418588824909,-0.04819893181153191,-0.0533856078631919,-0.052890311865355484,-0.0555950453126292,-9.912520370434873,-9.925599789290002,2.7001919647301955,2.744105125138728,1.3102160423352427,1.3289194961982052,0.7620827707223597,0.7867323936555028
,-0.086,-0.062,-9.904,-0.014,-0.06,-9.895,2.59,1.26,0.84,-0.060451620641540284,-0.054600061611252665,-0.06241228790003673,-0.058958776945742156,-9.90944908560047,-9.919700562257127,-0.04770896876503054,-0.05166317525125687,-0.05195618071270449,-0.0557876851630532,-9.911903024379031,-9.92426158282701,2.6981870242866233,2.7373657168216776,1.3054084674521267,1.3259054716778202,0.7570723326686326,0.789061921300377
,-0.041,-0.055,-9.916,-0.089,-0.077,-9.943,2.8,1.33,0.84,-0.0609810970829783,-0.0540052963933356,-0.063664066707807,-0.05878564958057851,-9.90862566295457,-9.919538727275773,-0.047439096697466494,-0.0532960093767761,-0.051089014793035764,-0.05671535353817904,-9.911743103355626,-9.92508106137732,2.6969440307014496,2.7401048730217354,1.3019382080402586,1.3260845357952793,0.7532138966742704,0.791289572787852
33921.0,-0.065,-0.074,-9.907,-0.043,-0.036,-9.943,2.66,1.33,0.77,-0.06117742481136196,-0.05448612269202977,-0.06496120691148467,-0.059451011745937136,-9.908443562198292,-9.918990376902537,-0.04737334184549912,-0.052845738750385146,-0.05037187276243446,-0.05580941854218094,-9.912028765123809,-9.925864702050385,2.6963971912089164,2.7366016835788605,1.2998460483917065,1.326255768984329,0.7506816145682002,0.7903585257264143
,-0.089,-0.043,-9.921,-0.067,-0.026,-9.89,2.66,1.26,0.7,-0.06107117901745708,-0.05599550215993256,-0.06623055091919443,-0.058731567241514245,-9.908875320446025,-9.919078262822003,-0.04749366489784687,-0.05346474052531952,-0.04988270019299639,-0.0545057769983403,-9.912736886768121,-9.924296247587437,2.6964478688828994,2.733251697503143,1.2991246305157471,1.3233582360168592,0.749617126098407,0.7864069180219412
,-0.053,-0.079,-9.909,-0.079,-0.077,-9.938,2.66,1.4,0.77,-0.06070996383591291,-0.055864501246418376,-0.06738937334549833,-0.05961795725731122,-9.90985427539025,-9.9186375148052,-0.04778505345112597,-0.05458146224321681,-0.049687230053160336,-0.05548950647162353,-9.913835311360334,-9.924895547467314,2.6969754774979955,2.730048214822432,1.299721602842112,1.3267099749103997,0.7501160996259101,0.7856894018480002
,-0.034,-0.065,-9.919,-0.031,-0.045,-9.899,2.73,1.33,0.7,-0.060152192263928,-0.05490831110403591,-0.0683537260452431,-0.05985332764872516,-9.911283270147374,-9.918653367202934,-0.04823829627192852,-0.05355018503795141,-0.049832450904551004,-0.055030773726083934,-9.915283117641236,-9.92376306944091,2.6978517300950564,2.730046106265854,1.3015382654816319,1.3268538560592724,0.7522109464161422,0.7819419867832669
33997.0,-0.091,-0.074,-9.933,-0.043,-0.034,-9.897,2.73,1.19,0.7,-0.05945999870595466,-0.05648669227794486,-0.069047567140779,-0.06047199754187076,-9.9130445214586,-9.919280781873972,-0.04884983628254059,-0.0530887986646742,-0.05034138388953462,-0.05411104460457691,-9.917029549415117,-9.922592652476402,2.698956654130345,2.7300440899218077,1.3044259827493827,1.3208688895312872,0.7558551145765404,0.7783584556921002
,-0.024,-0.091,-9.88,-0.055,-0.048,-9.902,2.73,1.19,0.7,-0.058692207847618805,-0.05506596675739946,-0.06941151023738688,-0.06180706458447584,-9.91500969777812,-9.917562933568647,-0.049619029509335985,-0.053172380350638614,-0.0512097833705455,-0.05384379311117671,-9.919012706695522,-9.921692083509312,2.700193797977327,2.730042161757605,1.308184047590908,1.3151456607823646,0.7609143467554362,0.7749316415123176
,-0.057,-0.062,-9.923,-0.026,-0.036,-9.952,2.73,1.19,0.7,-0.05789832306571716,-0.055150546940627626,-0.06940997570846288,-0.06181550213996185,-9.917049642189228,-9.917800710285643,-0.050543811826671656,-0.051984063181016296,-0.05240526584879908,-0.05306343874208658,-9.92115908355832,-9.923017525633874,2.7015014789552914,2.730040317916918,1.3125635963134947,1.3096727233550067,0.767168814279719,0.7716546906155598
,-0.067,-0.091,-9.921,-0.069,-0.057,-9.904,2.73,1.54,0.84,-0.05711430403583227,-0.055668753602663955,-0.06903571972953104,-0.06309181431601579,-9.919043467155078,-9.917940623346226,-0.05161598786773901,-0.05272821329294168,-0.05386917035854476,-0.05323559455882711,-9.923384601515364,-9.922185840962054,2.7028574410690673,2.7300385547120642,1.317281108757118,1.3197455198468004,0.7743274508564996,0.7746436044890096
34072.0,-0.055,-0.06,-9.923,-0.05,-0.079,-9.938,2.66,1.26,0.84,-0.056360576268219234,-0.05563950730999333,-0.06831114170150625,-0.06295660142742839,-9.920886783951481,-9.918161882730486,-0.05281718408190117,-0.05260890160009184,-0.055521037287501115,-0.05436233741152447,-9.925597205626522,-9.922877434280911,2.704275802164191,2.7269755909221467,1.3220415104069028,1.3171326966003345,0.7820525374265526,0.7775018055714374
,-0.024,-0.067,-9.916,-0.045,-0.057,-9.919,2.73,1.26,0.84,-0.05564235707036542,-0.0542558313386693,-0.0672863170220452,-0.06313342951114466,-9.922498624234997,-9.918067338110758,-0.054116195905430535,-0.05227614501797873,-0.05726509623357646,-0.054477689092205704,-9.92770070965234,-9.922707864236969,2.705797018186112,2.7271078560085615,1.326566772689319,1.3146341387470692,0.7899896665213537,0.7802350102650082
,-0.089,-0.06,-9.95,-0.045,-0.05,-9.926,2.66,1.47,0.84,-0.054952082134747796,-0.05577528203204746,-0.0660342211663009,-0.0629963966844344,-9.923826386209612,-9.919463834476003,-0.05546820680717886,-0.05195794072590158,-0.05899787268176089,-0.05428186838162252,-9.929599498169704,-9.92285183769095,2.707473083559827,2.724173059112505,1.3306236816557253,1.321428682254763,0.7977969671754798,0.782848684979109
,-0.053,-0.069,-9.928,-0.034,-0.067,-9.943,2.73,1.47,0.77,-0.05427348818171296,-0.05565391190375287,-0.0646439697501761,-0.06325894949752721,-9.92484808205488,-9.919837142663361,-0.056816186955379724,-0.051172594391856646,-0.060616114501710755,-0.05483806456217832,-9.931203737113359,-9.923732967974686,2.7093508921000105,2.724427886029162,1.3340445729247852,1.3279260831269661,0.8051685018031619,0.7822867793686796
34148.0,-0.034,-0.057,-9.94,-0.072,-0.024,-9.919,2.66,1.33,0.77,-0.05358671672363392,-0.05470693136790468,-0.06321303227526347,-0.06298522974770279,-9.925571328123103,-9.92071891559796,-0.058094535691053883,-0.05208342970931765,-0.06202454552774083,-0.05348943771667279,-9.932434739306593,-9.92352598327055,2.711456575755882,2.721610291023389,1.3367362395969573,1.3280167807764467,0.8118493287373943,0.7817494473169877
,-0.06,-0.062,-9.926,-0.079,-0.096,-9.952,2.73,1.33,0.84,-0.05287370763121878,-0.054938410695602236,-0.06183932725983946,-0.06294214314983723,-9.926028922538492,-9.920949870824854,-0.059234573017527575,-0.05326055965564611,-0.06314314148814826,-0.0553485325180743,-9.933230077552441,-9.92477122430321,2.71378299265927,2.7219771942941513,1.338674682242923,1.3281035119874802,0.8176423304333831,0.784296891854418
,-0.057,-0.036,-9.938,-0.089,-0.077,-9.935,2.8,1.26,0.84,-0.05212317813594496,-0.055028569229212926,-0.060613975118830626,-0.061763894837461406,-9.926271471244721,-9.921695516255312,-0.060170935689417324,-0.05482353610621277,-0.06391350553955163,-0.05629540615315084,-9.933548014785899,-9.925218554630103,2.7162816627741093,2.72538932964799,1.3398871780034245,1.3251251725280004,0.8224083154281647,0.7867329301755571
,-0.057,-0.074,-9.887,-0.029,-0.069,-9.919,2.66,1.33,0.84,-0.05133450533476647,-0.05511478490128204,-0.05961530910175556,-0.062299010777482726,-9.926358210185377,-9.920178193255152,-0.06084767067159535,-0.05369420731943045,-0.06430364039426655,-0.056851010292592166,-9.933370887248815,-9.924946601450372,2.718859678128939,2.7225296882721484,1.3404271520248858,1.325338361108065,0.826060979376938,0.7890624343570474
34224.0,-0.086,-0.062,-9.919,-0.077,-0.072,-9.919,2.66,1.26,0.84,-0.050519793665641834,-0.05646547375944174,-0.05890447610778232,-0.06228593427714673,-9.926347710859798,-9.92012666787327,-0.06122310719138217,-0.05471342879493611,-0.06431033251156752,-0.057513514068096745,-9.932707227877565,-9.924686541473543,2.7213818539128836,2.719795106272851,1.340349512056905,1.322480948715857,0.8285579098274903,0.7912900634072517
,-0.026,-0.057,-9.902,-0.026,-0.043,-9.964,2.73,1.26,0.84,-0.04970349489007147,-0.05513314125555892,-0.0585226092037553,-0.06205476695290158,-9.92629032026479,-9.919333942672758,-0.06127323473149336,-0.05345771766490445,-0.0639587041326239,-0.05687880125544951,-9.931592548386469,-9.926405818811832,2.723678683732228,2.7202413921805872,1.3396936413775307,1.319748498221081,0.8298888486069002,0.7934202725842706
,-0.077,-0.057,-9.911,-0.067,-0.067,-9.911,2.66,1.33,0.77,-0.04891934112680805,-0.056089434497314405,-0.058489271353189806,-0.061833709162562235,-9.926223799119676,-9.918969478204025,-0.060993804721170886,-0.054049956048402896,-0.06329907850576472,-0.05732142696913773,-9.930088675195366,-9.925732083247631,2.725560781964076,2.7176068831781963,1.3384787924639499,1.3201968224172353,0.8300630574539607,0.7923960446119697
,-0.01,-0.079,-9.952,-0.091,-0.06,-9.947,2.73,1.33,0.77,-0.04820499089234285,-0.054073826529054285,-0.05880179117807547,-0.06258443463738719,-9.926172710160158,-9.920413986769901,-0.06040137410147552,-0.055665875267822705,-0.0624017512738726,-0.057438567767315395,-9.928281393573863,-9.926662183235663,2.7268395890639403,2.71814886563665,1.336713120003731,1.3206255402582243,0.8290983814318983,0.7914166087288927
34300.0,-0.06,-0.062,-9.95,-0.079,-0.067,-9.921,2.8,1.33,0.84,-0.047595404365864694,-0.054332993138486774,-0.05943521674665288,-0.0625588758271112,-9.926150976273293,-9.921707858232331,-0.05953315115302793,-0.05668633577586588,-0.06135034993014988,-0.05785671347047652,-9.926276107708338,-9.926414561589358,2.727352228662707,2.7217284235208656,1.3344137685039519,1.3210355091797297,0.827014787698433,0.7935412837577619
,-0.041,-0.038,-9.928,-0.026,-0.057,-9.945,2.8,1.47,0.84,-0.04711628894830454,-0.05374990750283513,-0.060342830207434854,-0.061484853844664865,-9.926166148178577,-9.921983029564387,-0.058445241817371575,-0.05534434441534822,-0.06023429468552128,-0.0578192472156517,-9.924191386395595,-9.927227349990055,2.7269864228371943,2.725151438252123,1.3316320964793853,1.3275501045085711,0.8238342945471554,0.7955730413541465
,-0.029,-0.065,-9.935,-0.062,-0.096,-9.914,2.73,1.4,0.77,-0.04677890523603191,-0.05266753122027687,-0.06145745841308195,-0.06163858010921049,-9.926223691826038,-9.92255229472502,-0.057209086131862104,-0.05563541312939809,-0.059140697321941896,-0.059488988456473095,-9.922150563526316,-9.926648884397459,2.725700352289116,2.725363478165396,1.3284761641620417,1.3307185223519413,0.8195874623834392,0.7944546673387511
,-0.053,-0.038,-9.895,-0.053,-0.053,-9.933,2.8,1.4,0.84,-0.046577210162176606,-0.05268207092398373,-0.06269405901534264,-0.060604804994671906,-9.926330067164507,-9.921347362935396,-0.05590639322665429,-0.05552015982327255,-0.05814604440842846,-0.059205208519021765,-9.920271925118035,-9.926926634805017,2.7235330392688764,2.728627522729488,1.3251227397421612,1.3337483772400156,0.8143248036029129,0.7964464803525216
34375.0,-0.038,-0.086,-9.933,-0.057,-0.024,-9.883,2.66,1.33,0.84,-0.046487900486418425,-0.0520399866921482,-0.06395404203119859,-0.061715401337771786,-9.926494116225077,-9.921856962334365,-0.05462325021459379,-0.05558487699076431,-0.05730829371911531,-0.05766559538232047,-9.918658415775335,-9.925005611557552,2.7206031850426466,2.7256262669500626,1.3218135892090197,1.3335844511880814,0.8081302487985094,0.7983511863269971
,-0.029,-0.055,-9.95,-0.06,-0.036,-9.931,2.66,1.19,0.84,-0.04647348696252798,-0.051032389587262764,-0.06513144280972037,-0.06142171979027382,-9.926726776703644,-9.923087728812378,-0.05344405180096171,-0.05577796152771567,-0.05666049185306182,-0.05671810389829609,-9.917388141003553,-9.925267761380852,2.7170974424963394,2.7227562637045373,1.318835174257652,1.327305138649547,0.8011332221125552,0.8001725946741266
,-0.072,-0.077,-9.966,-0.06,-0.048,-9.892,2.66,1.33,0.84,-0.04648809490831063,-0.05194935641673752,-0.06612059964320155,-0.06210299752919558,-9.927039203166462,-9.924964391363899,-0.05244568959657726,-0.05596260198772246,-0.05620735140261895,-0.056336839083980586,-9.916507050169736,-9.923812877725698,2.7132515398319037,2.720011772986421,1.3164854819628786,1.3274229917772882,0.7935158648676547,0.8019143482106044
,-0.012,-0.048,-9.892,-0.012,-0.043,-9.923,2.8,1.33,0.77,-0.04648526908567654,-0.05020226964948435,-0.0668246737247178,-0.06148623764688772,-9.927439337281799,-9.923522774849689,-0.05169234802094331,-0.054040005804055574,-0.05592597662855541,-0.055753585255369595,-9.916024951372238,-9.92377732851927,2.7093285046151916,2.7235098612032544,1.315034604304268,1.3275356908885838,0.7855127375288652,0.800518652749015
34451.0,-0.06,-0.06,-9.909,-0.072,-0.05,-9.902,2.73,1.4,0.77,-0.04642668787082715,-0.05063074926917927,-0.06716425209012439,-0.06142124070178592,-9.927927278541741,-9.922887657039555,-0.05123130537558227,-0.0548254419415582,-0.055771032964413735,-0.05550196636671817,-9.915915510712207,-9.922824950661532,2.705597338686717,2.723793691448006,1.314686042644606,1.330704739076145,0.7774019910320805,0.7991839945929237
,-0.079,-0.079,-9.943,-0.05,-0.093,-9.921,2.59,1.19,0.77,-0.046290385763526745,-0.051871408618773665,-0.06708523868140029,-0.062190004469448806,-9.928490452096964,-9.92376722085225,-0.05109013671928716,-0.054614413116104765,-0.0556835056712695,-0.057141850565985856,-9.916120308156504,-9.92274514093648,2.7023139102366422,2.7179425536866773,1.3155445548491305,1.3245513636583937,0.7694890005673801,0.7979077044260182
,-0.074,-0.103,-9.911,-0.055,-0.077,-9.907,2.66,1.12,0.7,-0.0460768937656564,-0.052839148093142156,-0.06656509311540229,-0.06397472916987515,-9.92910001781275,-9.923208877874885,-0.051275513002092724,-0.05463127580934699,-0.05560126188280892,-0.05801029785050247,-9.916556496018124,-9.922056565954401,2.699704912860999,2.7154085787272098,1.317595399942924,1.3156058132734707,0.7620849936668033,0.7936259519734764
,-0.029,-0.077,-9.904,-0.043,-0.053,-9.919,2.8,1.33,0.84,-0.045811806921466025,-0.05179660163152588,-0.06561630249758998,-0.0645443573278313,-9.929709834879537,-9.92236882488382,-0.05177350237260594,-0.05412261059229563,-0.05546924905283507,-0.057791184806895525,-9.91712717630148,-9.921922894566144,2.6979555583056776,2.7191079763141732,1.3206992675204914,1.3162353075985596,0.7554838014964461,0.7956540068138582
34527.0,-0.048,-0.053,-9.938,-0.038,-0.038,-9.926,2.73,1.4,0.7,-0.04554388329107664,-0.05163056660453376,-0.06428610323035304,-0.06403949327661855,-9.930258744069084,-9.923052415851275,-0.05255112291723018,-0.05341752790396541,-0.05524747826689576,-0.056925666055512025,-9.917733277023626,-9.922101196736469,2.6972011586265743,2.719584312159277,1.3246053804420057,1.3198985502333338,0.7499396244216949,0.7914708142788911
,-0.065,-0.077,-9.919,-0.093,-0.089,-9.935,2.73,1.4,0.7,-0.045338758403857066,-0.05221524586512644,-0.06265212210863341,-0.0646062891357836,-9.930676243117984,-9.92287519341907,-0.053558875443189484,-0.055148569888541076,-0.05491576603064646,-0.05832835809936674,-9.918285470182061,-9.9226652941467,2.6975217426228055,2.720039816628699,1.3289813026420332,1.3234015899685747,0.7456481392400134,0.7874705633724818
,-0.022,-0.043,-9.935,-0.048,-0.038,-9.916,2.59,1.33,0.77,-0.045269274027639146,-0.05089385646226371,-0.060814554881405025,-0.06366139126446875,-9.930890899065753,-9.923405441989587,-0.05473395072903724,-0.05483594478072277,-0.054475057309376136,-0.057439347396293,-9.918714591500981,-9.922373803913864,2.698938583707805,2.714352845342402,1.333453623927985,1.3236901551892646,0.7427328132318364,0.7867065312873057
,-0.05,-0.053,-9.966,-0.038,-0.072,-9.938,2.73,1.33,0.7,-0.045403962317160595,-0.05085476585012082,-0.05888628241640352,-0.06319514156060974,-9.930840144847597,-9.925268210137357,-0.056003779170957786,-0.05409966617753901,-0.053945695588133905,-0.0580761216967633,-9.918979182298036,-9.923057177135695,2.7014126576335302,2.7150371351357667,1.337651661960805,1.323966100720333,0.741237852873033,0.782914634570216
34603.0,-0.029,-0.007,-9.938,-0.045,-0.024,-9.923,2.66,1.47,0.77,-0.04579544435907348,-0.04989900146133168,-0.056982659555065235,-0.0607375853692082,-9.930479659016894,-9.925825003627606,-0.05728972614782871,-0.053701714676159154,-0.053363324957165024,-0.056585886392978006,-9.919069193350444,-9.923054676634408,2.704846481375899,2.7126302215049143,1.3412472701617206,1.3303525338418185,0.7411284669509668,0.7823498448167551
,-0.045,-0.093,-9.935,-0.074,-0.074,-9.921,2.66,1.26,0.7,-0.0464704989549378,-0.04968475569134825,-0.05521255914267488,-0.06214850265891643,-9.929790540706271,-9.926226249509632,-0.05851095668545564,-0.05458941022041963,-0.05277337659074417,-0.05734744978661317,-9.919005474466475,-9.922964820409403,2.7090910233166583,2.7103285683170717,1.3439862258659792,1.327275838947523,0.7422980986649945,0.7787484770584393
,-0.031,-0.043,-9.923,-0.081,-0.017,-9.914,2.73,1.26,0.77,-0.047423325227998546,-0.04886762389384985,-0.053671657875534254,-0.061311090029307985,-9.928783022307694,-9.926085157428766,-0.05958850924740934,-0.055744412354569776,-0.0522252640510182,-0.05558295338573823,-9.91883529800836,-9.922572766055769,2.7139581819405936,2.711188849960352,1.3457090172294588,1.3243336957311225,0.7445813468182146,0.7783658839487287
,-0.031,-0.062,-9.947,-0.06,-0.036,-9.916,2.8,1.4,0.77,-0.04861307387093341,-0.04808622734413915,-0.05243811463460298,-0.06134121781111927,-9.927496309039498,-9.92699981658658,-0.06044940488521123,-0.05593052000508257,-0.051767356436976296,-0.05472654112299588,-9.918624726066854,-9.92228532231123,2.7192374581537413,2.7150727869980407,1.3463606031904822,1.3276427752951607,0.7477706355169527,0.7780000226069156
34679.0,-0.055,-0.084,-9.921,-0.014,-0.062,-9.945,2.73,1.4,0.77,-0.04996612065179294,-0.04838858417294129,-0.05157013050303713,-0.06233214387539198,-9.925994942322856,-9.92673742937676,-0.06103052015449364,-0.05409679192494179,-0.05144346342781209,-0.055044627943309464,-9.91844903064838,-9.923278692827603,2.724713734843721,2.715725591915237,1.3459894437502204,1.3308071404097894,0.7516342885143673,0.7776501613103163
,-0.057,-0.017,-9.895,-0.081,-0.079,-9.866,2.8,1.47,0.77,-0.05138285091995511,-0.0487651832470747,-0.05110472090164605,-0.060349654148405235,-9.924362643699713,-9.92534947102488,-0.06128215587143758,-0.05527333750766112,-0.051290975305290816,-0.0560922571738854,-9.91838257865754,-9.920773750188708,2.7301822957606987,2.719411125710753,1.3447356428852317,1.3368943974997258,0.7559336299662163,0.7773156003363376
,-0.072,-0.031,-9.904,-0.065,-0.055,-9.902,2.73,1.33,0.7,-0.05274801273648768,-0.0497813007650926,-0.05105733409622895,-0.059066119268612965,-9.922694907433353,-9.924415804461486,-0.06117143268902503,-0.055698709149512735,-0.05134012925059691,-0.056044489994984535,-9.918489649205133,-9.919952726435929,2.735457924537283,2.719874204063202,1.3428075693305868,1.3365928879956852,0.7604372307441201,0.7739343928685433
,-0.043,-0.067,-9.931,-0.06,-0.05,-9.926,2.73,1.33,0.91,-0.05394319491578681,-0.04948473726835268,-0.05142236499842428,-0.059413088013094764,-9.921091621758535,-9.924703748046317,-0.06068548131250748,-0.05588681551719992,-0.05161349773549659,-0.05578014910361019,-9.918817520411208,-9.920217189059846,2.740376952651572,2.720317030823777,1.3404474850284898,1.3363045642676359,0.7649313029821972,0.779884887269951
34754.0,-0.045,-0.067,-9.935,-0.062,-0.055,-9.923,2.66,1.26,0.7,-0.05485988084429917,-0.04928860832313484,-0.05217473613086296,-0.05974488293360275,-9.919650583205932,-9.925154029281213,-0.05983399265609991,-0.05615416059290689,-0.05212498319900624,-0.05574603120290652,-9.919392662493046,-9.920338888446404,2.74479357048178,2.7176792139515116,1.3378896869324115,1.3329675719736336,0.7692261436472041,0.7763913183624337
,-0.077,-0.053,-9.923,-0.074,-0.038,-9.943,2.8,1.4,0.7,-0.055411748755578825,-0.05050049782632936,-0.053272452804617544,-0.05944991208108028,-9.918462056659935,-9.925059828112758,-0.05865044812439629,-0.05693460445171196,-0.05287817804699961,-0.05496995221023293,-9.920220021496693,-9.921329916379708,2.7485735296342866,2.7212793108961257,1.3353178225063136,1.335899070212555,0.7731593476157407,0.7730505320916412
,-0.024,-0.05,-9.931,-0.065,-0.074,-9.916,2.73,1.19,0.77,-0.05554514770673562,-0.049341563785063956,-0.054659734546725486,-0.0590366434372419,-9.917603984419975,-9.92531960690847,-0.0571914152769169,-0.05728732467298624,-0.053864476853694415,-0.05580218450771665,-9.921284603579933,-9.92109682560647,2.7515888750112496,2.721660688768044,1.3328296465422083,1.3295185335084367,0.7765973365327541,0.7729171245795203
,-0.093,-0.043,-9.904,-0.05,-0.043,-9.919,2.73,1.19,0.77,-0.05524677343476364,-0.0512508580273643,-0.05627034016976786,-0.05833532031082918,-9.917137414346241,-9.924387246378696,-0.055533567600866356,-0.056968631466216134,-0.055061566601711076,-0.05524231248094241,-9.922554315371634,-9.921005126099923,2.753716637116196,2.722025388017498,1.3304171157492022,1.3234170338713354,0.7794371372482273,0.7727895513165585
34830.0,-0.065,-0.069,-9.916,-0.053,-0.034,-9.911,2.66,1.19,0.84,-0.0545475464398635,-0.05185214290792405,-0.05803095354313552,-0.05880171382584805,-9.917102117070707,-9.924020450803592,-0.05376847991668472,-0.05679507313785653,-0.05643293729210184,-0.05431333223269585,-9.923983271250485,-9.920567576537634,2.7548432304026975,2.7193128603484986,1.327967708501461,1.3175823683019767,0.7816096002267043,0.7757288348507181
,-0.084,-0.074,-9.904,-0.055,-0.043,-9.931,2.8,1.47,0.77,-0.053521757092317865,-0.05325805030566076,-0.059864647449916125,-0.05946637346098207,-9.917512833195435,-9.923144905668183,-0.051995684563311564,-0.056716570032758026,-0.0579289766026449,-0.05381857149534888,-9.925515158303202,-9.921023812898273,2.7548751519404324,2.722841513789173,1.3252891163562452,1.3242479782471752,0.7830836403657165,0.7754782983600907
,-0.045,-0.034,-9.921,-0.012,-0.084,-9.966,2.73,1.4,0.77,-0.0522809167837405,-0.05289690480279388,-0.06169439328235998,-0.05835266430333045,-9.918356824659487,-9.923051103498485,-0.05031479582035022,-0.05476100091253937,-0.05948999607387051,-0.05513848197919291,-9.927086413239891,-9.922990735731954,2.7537552098371108,2.723154572562937,1.3221539422193949,1.3275608064543798,0.7838698132609766,0.7752387184661836
,-0.043,-0.077,-9.914,-0.077,-0.069,-9.916,2.8,1.4,0.84,-0.050962549737772575,-0.05246408803254721,-0.06344650910920901,-0.05916815962947117,-9.91959330823646,-9.922655275766337,-0.04881758462441159,-0.05573356879617064,-0.06105108078907458,-0.055744681349604974,-9.92862892360555,-9.922685013112464,2.7514816949699745,2.7265152181763157,1.3183553912856818,1.330728756274493,0.78402135606603,0.7780708937036972
34905.0,-0.036,-0.067,-9.933,-0.06,-0.045,-9.95,2.8,1.33,0.77,-0.04971518243712436,-0.0517440716689168,-0.06505394825795606,-0.05951066588994392,-9.92115503193287,-9.923107676817082,-0.04758068791204006,-0.055920150663018524,-0.06254810696909174,-0.05527478915889168,-9.930072036347116,-9.92387956682795,2.748126198497833,2.7297288942260467,1.3137620249896806,1.3306968859126669,0.7836314073475762,0.7777179330341298
,-0.053,-0.053,-9.923,-0.057,-0.072,-9.871,2.8,1.26,0.77,-0.04868159637012546,-0.051798996602999955,-0.06645933785132536,-0.059225937943298904,-9.922951916033034,-9.923102967836535,-0.046659303904371285,-0.05596737521571437,-0.0639239753663224,-0.05600622508579881,-9.931344077857418,-9.921567009136169,2.7438450755712616,2.73280202806423,1.3083608346441338,1.3276051316281778,0.7828258782967126,0.7773804082306307
,-0.043,-0.086,-9.909,-0.043,-0.072,-9.931,2.8,1.47,0.84,-0.04798268616363559,-0.05141419414536221,-0.06761761151914693,-0.060396835642799254,-9.924876481500624,-9.922486209252762,-0.046082061643356154,-0.055400278979943984,-0.06513416605790036,-0.05670567346287753,-9.932374165573407,-9.921979537772222,2.7388803264007286,2.7357407659585418,1.3022817008557381,1.3338324206904102,0.7817521841335555,0.7801189219380812
,-0.024,-0.06,-9.909,-0.002,-0.067,-9.933,2.73,1.33,0.77,-0.047704063332373606,-0.05021530184465408,-0.06849800530780804,-0.060379481012775266,-9.926810752750637,-9.921896423087494,-0.045847488050055334,-0.05306494922393319,-0.06615089835453293,-0.05715587049441856,-9.933095309018311,-9.922461490560805,2.733547827944542,2.735489707690282,1.2958002817988314,1.3336648192050466,0.7805647833354159,0.7796763957949195
34981.0,-0.024,-0.081,-9.954,-0.05,-0.086,-9.933,2.59,1.12,0.77,-0.04788712358392028,-0.049068840147635254,-0.06908517105209232,-0.06128126865312332,-9.928634299278944,-9.923300394000574,-0.0459229403331609,-0.05293091121401939,-0.06696530377824854,-0.05841729749830954,-9.933449334431714,-9.92292236633051,2.7282139124233544,2.7291270734484265,1.2893195405137923,1.3243207142746283,0.7794092107256974,0.7792532224433477
,-0.043,-0.072,-9.923,-0.031,-0.069,-9.959,2.73,1.26,0.7,-0.048525761305132184,-0.04880343436227281,-0.06937922720708231,-0.061750025984343405,-9.930232886475176,-9.923287257008381,-0.04624702185459525,-0.051971816795172515,-0.06758717792226877,-0.058880105942821406,-9.93339324509377,-9.924500132833687,2.7232642467637085,2.7291652487424445,1.283332870779495,1.3215078061617358,0.7784070374583885,0.7757872778421743
,-0.055,-0.043,-9.95,-0.029,-0.067,-9.935,2.73,1.47,0.7,-0.049569167157384304,-0.049074425907547195,-0.06939471701270956,-0.06093003975124417,-9.931506876106738,-9.924455473069507,-0.04673604386031299,-0.05096720093293061,-0.06804219957860569,-0.05923520952223354,-9.932905826024227,-9.924959318678706,2.7190704745750924,2.7292017545339475,1.278373910746067,1.3280017467446317,0.7776447239629475,0.7724729077966852
,-0.045,-0.101,-9.943,-0.053,-0.05,-9.921,2.73,1.26,0.84,-0.05093016871002543,-0.048896240919709774,-0.06915863045932244,-0.06268240083022344,-9.93237832440957,-9.925266472307325,-0.047294185803164406,-0.05105610039637913,-0.06836697089718784,-0.058831330366314404,-9.931993034305851,-9.924786167622184,2.7159594374376548,2.7292366638345182,1.2749587169551557,1.3250278577375518,0.7771689949200284,0.7754260389557661
35057.0,-0.065,-0.055,-9.943,-0.065,-0.077,-9.95,2.66,1.19,0.77,-0.05249762091469569,-0.04960049918356557,-0.06870776625265605,-0.06234642994019943,-9.93279588517284,-9.926042004489755,-0.04782601403675255,-0.05166590252253268,-0.06860267303499579,-0.05962589241043053,-9.93069097133588,-9.925888832517195,2.7141878000067985,2.7262087687682697,1.2735254658015043,1.3191227467514588,0.7769896941027458,0.7751887444982702
,-0.081,-0.067,-9.914,-0.098,-0.069,-9.952,2.8,1.26,0.84,-0.054150731691003345,-0.050973679061671544,-0.06808572409745205,-0.06254994237196809,-9.932737110165307,-9.925515377064878,-0.04824923343829306,-0.05369221022399008,-0.06878834663942818,-0.060035845931425996,-9.929065717045878,-9.927030740154226,2.7139231285066816,2.7294358466285344,1.2743770698596033,1.316537158953357,0.7770886470027338,0.7780231052242592
,-0.053,-0.055,-9.909,-0.053,-0.067,-9.911,2.66,1.26,0.84,-0.05577304587661506,-0.05106229522010554,-0.06733980651157423,-0.06221976422656841,-9.932208357900944,-9.924793117701666,-0.048505220560077084,-0.0536619381137244,-0.06895473715528441,-0.060340406067298936,-9.927209783527527,-9.926329675193365,2.7152316681770365,2.7263992407930795,1.2776333916533722,1.314064645473162,0.7774312663673864,0.7807335121606968
,-0.06,-0.084,-9.94,-0.053,-0.053,-9.909,2.66,1.12,0.7,-0.05726408487058817,-0.05145316373842857,-0.06651811851554171,-0.06317226922590986,-9.931242991494116,-9.925458153267131,-0.04856527938463426,-0.05363298987968616,-0.06911944140942888,-0.06001939147640881,-9.92523541727113,-9.925571804505905,2.718072935663105,2.723495433439211,1.283200407126771,1.3055777058949367,0.7779775095264189,0.777202830732479
35133.0,-0.086,-0.048,-9.938,-0.057,-0.069,-9.947,2.8,1.26,0.77,-0.05854724456763488,-0.052963984585038405,-0.06566710554091754,-0.0625087473779663,-9.929898596294231,-9.926006640062147,-0.04843167298657918,-0.053780237779378064,-0.06928391581362596,-0.06041213628435454,-9.923265475392636,-9.92650891389018,2.722301271635319,2.726841172341197,1.2907624301505067,1.3035844771174778,0.7786901959028257,0.7768878326602146
,-0.057,-0.074,-9.926,-0.029,-0.084,-9.911,2.73,1.26,0.77,-0.059573299810960906,-0.0531404897845303,-0.06482962758322178,-0.06301128902558861,-9.928253575447934,-9.926006349675372,-0.04813388715336509,-0.052696535076833396,-0.06943273820142498,-0.061443693442259334,-9.921422957762577,-9.925830669716497,2.7276743213069095,2.7269793158933777,1.2998005048026802,1.301678417294254,0.7795405108068714,0.7765866102532705
,-0.065,-0.062,-9.947,-0.01,-0.031,-9.921,2.66,1.4,0.77,-0.060319590122143135,-0.05365913627153278,-0.06404351663399416,-0.06296706278934983,-9.926403030995367,-9.926924455296296,-0.04772170685114381,-0.050829307213081286,-0.06953526470063183,-0.06011231344693607,-9.919820356878446,-9.925619412267174,2.7338679580132665,2.7240501403828565,1.3096358874729432,1.3059782696945952,0.7805115106433957,0.7762985610668329
,-0.043,-0.081,-9.921,-0.038,-0.117,-9.899,2.73,1.33,0.77,-0.06078564295907791,-0.05319298518423914,-0.06334047609807646,-0.06375568891005085,-9.92445367481682,-9.926665363827002,-0.04725718487782678,-0.05026824904155066,-0.06954952018237104,-0.06260015638887803,-9.918549920697256,-9.924455277795547,2.740496775598247,2.7243103428475894,1.3194930492162598,1.3070288009398374,0.7816001464988456,0.7760231090025291
35208.0,-0.06,-0.072,-9.899,-0.041,-0.041,-9.907,2.8,1.33,0.91,-0.060986586212676164,-0.05349067322168972,-0.06274517549908779,-0.06411623356213776,-9.922517705876158,-9.925455487238523,-0.04680734641907504,-0.049862924983581206,-0.06942790768488566,-0.061655526718153296,-9.917675861287531,-9.923691914187453,2.7471390754262632,2.727620443692506,1.3285732896217348,1.3080333897869592,0.7828173093401462,0.781882258545207
,-0.026,-0.024,-9.943,-0.084,-0.055,-9.933,2.8,1.47,0.77,-0.060946035556952494,-0.052288436296832205,-0.062274525652370266,-0.06236184883369983,-9.92070594364307,-9.9262227533182,-0.04643860081084837,-0.05135582593076459,-0.06912416850477465,-0.06136446363976253,-9.917229394525746,-9.924098980408543,2.7533648624518077,2.730785785424807,1.3361289784380306,1.3151166008026316,0.7841846271495853,0.7813626172159986
,-0.067,-0.062,-9.909,-0.062,-0.084,-9.902,2.73,1.33,0.77,-0.060690048534906,-0.052931810322768655,-0.061937391634083,-0.062346024265651515,-9.919120768306911,-9.925469558595761,-0.04621273866622564,-0.05182132268297032,-0.06860095068179467,-0.0623543731049393,-9.917207131743881,-9.923132535897176,2.758764746304009,2.7307514210334696,1.3415294776219953,1.3157674896309326,0.7857269480584045,0.7808657011212223
,-0.06,-0.065,-9.899,-0.038,-0.06,-9.904,2.73,1.33,0.77,-0.06024321439671231,-0.05324092019990181,-0.06173520384848736,-0.06246208936161258,-9.91784945569843,-9.924311977605587,-0.046183707717116246,-0.05121688115671743,-0.06783725175124086,-0.062251410392501386,-9.917572851297042,-9.92229582153459,2.7629775742908818,2.730718559484199,1.3443120979831145,1.3163899134384955,0.7874608158533198,0.7803905164286884
35284.0,-0.086,-0.05,-9.952,-0.031,-0.093,-9.938,2.73,1.4,0.77,-0.05962717624682014,-0.05467355791824471,-0.06166378586862214,-0.06191709055890651,-9.916958372899275,-9.925522845110738,-0.04639445831945948,-0.05033274562332914,-0.0668348024711436,-0.06359612427110725,-9.918262246096253,-9.922982605123824,2.765715385338716,2.730687135053897,1.3442143192200036,1.3200463947674237,0.7893811098964241,0.7799361127690119
,-0.024,-0.065,-9.921,-0.034,-0.069,-9.926,2.73,1.4,0.77,-0.0588611790056619,-0.05333212536587731,-0.06171623727542865,-0.06205191401470861,-9.916488356481434,-9.925325049612836,-0.04687379531637636,-0.04961847319666558,-0.06562225953108154,-0.06383244947443077,-9.919189923799415,-9.923114563461395,2.766784989458975,2.7306570848937026,1.341186348656163,1.3235429688858866,0.7914492205658292,0.7795015813348734
,-0.077,-0.065,-9.88,-0.062,-0.086,-9.919,2.87,1.19,0.77,-0.057963886726858926,-0.05436718160435424,-0.06188617565239835,-0.062180841298540124,-9.916451537657402,-9.92334287013596,-0.047633736160475657,-0.05015994879419068,-0.06425612551016914,-0.06480189273107888,-9.92025770899582,-9.922934623156438,2.766105155782115,2.7367509042922724,1.3353853942868914,1.3177027958586565,0.7935860872516414,0.7790860530634046
,-0.069,-0.11,-9.914,-0.05,-0.057,-9.935,2.8,1.33,0.77,-0.056955712022872036,-0.055007111898098364,-0.06217028591406842,-0.06427209449713978,-9.916829976691318,-9.922934282708107,-0.048667933047718354,-0.05015295382739188,-0.06281773649678915,-0.06446069615690113,-9.921363249068811,-9.923462272713678,2.7637171358599035,2.7395169478049386,1.3271546784266328,1.3182405838121203,0.7956724486227473,0.7786886968980626
35360.0,-0.053,-0.067,-9.926,-0.053,-0.062,-9.902,2.8,1.4,0.77,-0.05586101634430378,-0.05491933579975564,-0.06256904721629306,-0.06439139272954802,-9.917576609014501,-9.923068354307583,-0.04995139892341167,-0.05027746238372593,-0.061406358683689745,-0.06435308366750063,-9.922408140225325,-9.922523673046086,2.7597852278099957,2.7421620252132146,1.3169911342634466,1.3218161306276965,0.7975572569044412,0.7783087181265168
,-0.06,-0.074,-9.885,-0.05,-0.055,-9.938,2.87,1.33,0.77,-0.054709663941652026,-0.05514152614246126,-0.06308485039314589,-0.0648116015168642,-9.918618891745643,-9.921403528537473,-0.0514414997400565,-0.05026532824934936,-0.06012919696926103,-0.0639440495759863,-9.923305152633993,-9.923200492110324,2.7545845444481967,2.7477527043664054,1.3055055861213003,1.32217403201004,0.7990736230113896,0.777945356791224
,-0.034,-0.022,-9.931,-0.043,-0.057,-9.897,2.66,1.26,0.91,-0.05353762546550156,-0.05421695353664186,-0.06371756807461285,-0.06293934150559423,-9.91986506163471,-9.921823206595102,-0.05308015874114828,-0.049947597002022656,-0.05908970715325003,-0.06364036866060933,-9.923984422959801,-9.922054678080581,2.7484754267008613,2.7439150558448637,1.2933784077213435,1.319455003761915,0.8000599658559993,0.7837204415584903
,-0.067,-0.045,-9.954,-0.043,-0.041,-9.947,2.66,1.19,0.77,-0.0523866121823037,-0.05477598860815452,-0.06445871207054527,-0.062154808562667314,-9.921212282246312,-9.923230379451253,-0.05479734633891778,-0.0496437609487,-0.058375880285166895,-0.06265024786667055,-9.924398567365818,-9.923145600331635,2.74186731303839,2.740245237435012,1.281313397170639,1.3137936078268257,0.8003824847063057,0.7831204118198969
35436.0,-0.05,-0.084,-9.938,-0.057,-0.055,-9.907,2.66,1.26,0.91,-0.051302900145535325,-0.05456712250250775,-0.06528600261333424,-0.06311015423808065,-9.922555436658213,-9.923876292450423,-0.05651596226490027,-0.04996546795617241,-0.0580501360460741,-0.062315683107362754,-9.924526554249285,-9.922439512243644,2.735177951036249,2.7367359095000303,1.269993218362676,1.3114410768018785,0.7999542382854102,0.7886691782939199
,-0.043,-0.041,-9.926,-0.062,-0.034,-9.947,2.73,1.19,0.77,-0.05033549274558346,-0.05406126287241717,-0.06616006555208404,-0.06214322106678448,-9.92379515479753,-9.923969167572581,-0.058158021491048074,-0.05049176859202061,-0.05814218465700766,-0.0610773664059232,-9.924375965370398,-9.923513604719847,2.728795073525418,2.736441331078537,1.2600399780190357,1.3061301502360465,0.7987465894172553,0.7878527277355541
,-0.053,-0.069,-9.892,-0.053,-0.081,-9.94,2.73,1.4,0.84,-0.04953368097090327,-0.054014851152998325,-0.06702423534827798,-0.062443085415417196,-9.924844046563829,-9.922571074721134,-0.059651681436754846,-0.05060145991861865,-0.058645735734387076,-0.061948633746451924,-9.923983113482148,-9.924234596636042,2.7230462559973962,2.736159635319201,1.2519831921970872,1.3102353170541516,0.7967905763866817,0.7901332603271478
,-0.077,-0.086,-9.933,-0.093,-0.043,-9.921,2.8,1.26,0.84,-0.04894401566867608,-0.055020050059710036,-0.06780759760846863,-0.06347328908925648,-9.925630893031915,-9.923027158097328,-0.06093827616886066,-0.052455655704761524,-0.05951930991349657,-0.061119961891751326,-9.923410516386376,-9.924093139514149,2.718179466225579,2.7389515365249912,1.246235026259329,1.3080383991173885,0.794168282404137,0.7923140594393958
35511.0,-0.038,-0.053,-9.933,-0.041,-0.072,-9.926,2.66,1.26,0.63,-0.04860674054577844,-0.05427572006532626,-0.06843080616174095,-0.0630152655710155,-9.926103192413713,-9.923463295789718,-0.06197833527562229,-0.05195467080069403,-0.060690795126880144,-0.061595773577122245,-9.922741538224406,-9.924176531363747,2.714353794491126,2.735498785414855,1.2430709304694816,1.3059375579788601,0.7909967579632936,0.7852156535870577
,-0.043,-0.053,-9.926,-0.069,-0.055,-9.897,2.73,1.33,0.77,-0.04855189616510515,-0.05378260420353658,-0.06881389295647361,-0.06257727258391656,-9.926228576872914,-9.923574232304238,-0.06275563629175702,-0.05270010631602325,-0.06206495859199074,-0.06130732365527168,-9.922072545557546,-9.922988032659784,2.7116384862823724,2.735258309570037,1.2426139763321542,1.3069898696507778,0.7874089360054809,0.7845502344308702
,-0.01,-0.086,-9.919,-0.089,-0.067,-9.914,2.66,1.12,0.77,-0.04879561719181506,-0.0518678797798952,-0.06888515467288929,-0.06360160791224422,-9.925995365008486,-9.923374189513918,-0.06327861086638381,-0.054287592813838326,-0.06353293118418299,-0.06155627884264394,-9.921503443847026,-9.922594963175516,2.7100186477317454,2.7319670726498706,1.2448232758632691,1.298812327978532,0.7835366330304822,0.7839139157435445
,-0.069,-0.084,-9.938,-0.062,-0.079,-9.959,2.73,1.12,0.84,-0.04933740906806952,-0.05261711088688233,-0.06859010070518202,-0.06449368137941099,-9.925412293449911,-9.924013813333987,-0.06357876336597511,-0.05462487595797844,-0.06498263911860874,-0.06231913704961377,-9.921127662157552,-9.92418704784977,2.709406730536121,2.7318810475694923,1.2494895685320133,1.2909924109622433,0.7794996127769352,0.7863667025821942
35587.0,-0.038,-0.086,-9.909,-0.06,-0.045,-9.923,2.66,1.19,0.7,-0.050159079073619064,-0.05197786752236983,-0.06789931656930456,-0.06543420728632195,-9.924507438018587,-9.923357221164437,-0.06370611343339715,-0.054859943777049135,-0.06630918336304836,-0.06156172722193136,-9.921022479966007,-9.924135135233987,2.7096590900048794,2.7287375068897646,1.2562427380918282,1.2865757564623674,0.7754022250121162,0.7825896674370317
,-0.072,-0.041,-9.928,-0.055,-0.081,-9.909,2.73,1.26,0.77,-0.05122545685994695,-0.05285348620165353,-0.06681410768564675,-0.0643656373756345,-9.923326380208605,-9.923560261668577,-0.06372209681582675,-0.054866068791210476,-0.06742424225087337,-0.06241181223442965,-9.921240346523001,-9.923473237349775,2.7105963303219247,2.7287927189183048,1.2645752770559577,1.2854135311699046,0.7713367415235995,0.7820390893212316
,-0.067,-0.084,-9.921,-0.077,-0.065,-9.902,2.73,1.33,0.77,-0.052486419302123014,-0.05347214916087709,-0.06536913679815559,-0.065224297894884,-9.921929681622888,-9.923448294926605,-0.06369080905661194,-0.05583404178979342,-0.06826367283206122,-0.06252500025551377,-9.921801905737778,-9.922534158170814,2.712025172948099,2.7288455163846814,1.2738822045129699,1.28736341063427,0.7673911433144979,0.7815125893840739
,-0.055,-0.053,-9.933,-0.045,-0.115,-9.89,2.87,1.4,0.84,-0.05387944936395586,-0.05353896595651012,-0.06363182059637777,-0.06468969831664988,-9.920389675207966,-9.923866015236397,-0.06366976599471552,-0.055360241640189864,-0.06879256089890089,-0.06481986520174342,-9.922691764720463,-9.921111356846282,2.713758681220412,2.7350185602728043,1.2835131260962034,1.292289294614392,0.763658417603622,0.7840703923201726
35663.0,-0.05,-0.06,-9.933,-0.074,-0.043,-9.95,2.66,1.33,0.84,-0.05533215504164609,-0.053384197991592726,-0.0616986704724938,-0.06448460590449788,-9.91878651861156,-9.924265467576664,-0.0637013971930619,-0.0561754055901547,-0.06900707261020297,-0.06386562710690287,-9.923858152528384,-9.922374730545004,2.7156314304337648,2.731737808198008,1.2928285596745033,1.2939384794892546,0.7602438817496548,0.7865163360409118
,-0.048,-0.101,-9.897,-0.043,-0.084,-9.911,2.73,1.26,0.77,-0.05676469287500488,-0.05314873334567313,-0.05968891568276662,-0.06608151678235517,-9.917203498038608,-9.923073079466347,-0.0638063830038864,-0.055599211658026455,-0.06893277393901957,-0.06474615434447642,-9.925217154977284,-9.9218772847036,2.717507283984327,2.7316618094340956,1.3012521014577267,1.2924542636286074,0.7572671049577046,0.7857940347392444
,-0.045,-0.031,-9.904,-0.048,-0.06,-9.895,2.66,1.26,0.7,-0.05809255518399659,-0.05279236855096681,-0.05773579514588349,-0.06454731299928887,-9.915721797550145,-9.92223896528441,-0.06397977696267866,-0.05526687884167771,-0.06861966633885293,-0.06453859296691436,-9.926661357756732,-9.920701872815721,2.7192798262526017,2.7285278565945634,1.3083122650496584,1.2910349562952175,0.7548564445782477,0.7820420438125671
,-0.045,-0.043,-9.916,-0.074,-0.06,-9.947,2.66,1.4,0.7,-0.059230391021321945,-0.05245158849336243,-0.05597606857616853,-0.06360499430413342,-9.914415233236152,-9.921966119494956,-0.06419057855139876,-0.05608612578382227,-0.06813481000234642,-0.06434010877528612,-9.928071908150516,-9.921851956675093,2.720868039209339,2.72553095946822,1.313671031981506,1.2958002742633945,0.7531368742884065,0.7784541369735151
35738.0,-0.057,-0.074,-9.938,-0.06,-0.041,-9.957,2.73,1.4,0.77,-0.06009732226061162,-0.05265050207465705,-0.05453861418538402,-0.06405959429085964,-9.913345530781422,-9.92266732179133,-0.0643849711036963,-0.05625728943863681,-0.06755377282838755,-0.06331938656984734,-9.92933238528071,-9.923389069832742,2.7222109684932496,2.7257264019553014,1.3171383704019979,1.3003571927800983,0.7522142617024357,0.7780844161028984
,-0.062,-0.055,-9.907,-0.069,-0.093,-9.928,2.73,1.26,0.7,-0.0606236695297009,-0.05305937935256444,-0.05353324472100824,-0.06366339523480646,-9.91255852676657,-9.921982150038014,-0.06449287662017214,-0.05681456051876283,-0.06695213824026588,-0.06461739513916814,-9.930342396241386,-9.92359071751377,2.7232643594971178,2.7259132972462936,1.3186729044820884,1.2985922702933856,0.7521601296594592,0.7746695863699992
,-0.089,-0.014,-9.902,-0.053,-0.074,-9.962,2.73,1.19,0.77,-0.060758318198058145,-0.05463115392847959,-0.05304090783555462,-0.06149148889102261,-9.912081464026551,-9.92110827989231,-0.06443699550133124,-0.05664774010404334,-0.06639798700789128,-0.06502772026740618,-9.931028609656543,-9.925270452938575,2.724000265956321,2.7260920191317783,1.3183697501914189,1.2938432546527716,0.7530000261253317,0.7744653735043282
,-0.074,-0.067,-9.873,-0.05,-0.06,-9.971,2.73,1.33,0.77,-0.060475404230268946,-0.05547820273486134,-0.053106309938828505,-0.06173239006513337,-9.911921586102443,-9.919004382690103,-0.06414322509870615,-0.05635701755405386,-0.0659458378320623,-0.06480784529728136,-9.93135125533071,-9.927270322115692,2.724408663935139,2.7262629250555266,1.3164378518234972,1.2954244809104396,0.7547068904616867,0.7742700913856659
35814.0,-0.05,-0.031,-9.933,-0.084,-0.055,-9.914,2.8,1.47,0.77,-0.05977885878770517,-0.05523862702288826,-0.05373379920143074,-0.060388384633637555,-9.912066366802357,-9.919616446562836,-0.06355120077145435,-0.057565915347923956,-0.06563228736176546,-0.06437892332528765,-9.931304999227505,-9.926689977242958,2.724499006174802,2.729487634523874,1.3131698372661171,1.3030591115189052,0.7571992505967475,0.774083349449775
,-0.081,-0.06,-9.947,-0.105,-0.036,-9.909,2.8,1.47,0.84,-0.05870372912412182,-0.05636523725823434,-0.05488696408243784,-0.06037139958769703,-9.91248555817126,-9.920813998867594,-0.0626235204421896,-0.05964032828083639,-0.06547364771611917,-0.06313784096858341,-9.93091435025833,-9.925916349632246,2.72429962697277,2.7325713192612695,1.3089065835389808,1.3103598603504085,0.7603432199252488,0.7769660519072719
,-0.041,-0.081,-9.904,-0.062,-0.081,-9.919,2.59,1.19,0.7,-0.05731390904736727,-0.055693276428389296,-0.056491819463139845,-0.06127354064927839,-9.913134764492561,-9.920078680014901,-0.061352073069401734,-0.05974352271512482,-0.06546597248790896,-0.06391899852598738,-9.930225045342914,-9.925613880105725,2.7238538774182404,2.7263363135537224,1.3039978251056132,1.3050962181246595,0.7639572844189986,0.7736001310796067
,-0.057,-0.043,-9.885,-0.089,-0.069,-9.909,2.66,1.12,0.7,-0.055696624864836036,-0.055750422767284064,-0.058442882626177604,-0.060474392329436084,-9.913959901794303,-9.918544600290877,-0.05976013229706318,-0.061022982734146136,-0.065587639161635,-0.06414120361853105,-9.929293720541674,-9.924887312954489,2.7232136359837966,2.723435258167771,1.2987615969823305,1.2970014906406715,0.7678197396046661,0.7703814105141007
35890.0,-0.05,-0.079,-9.928,-0.026,-0.055,-9.923,2.73,1.19,0.77,-0.053954503482157634,-0.055498942182264574,-0.060611151147387465,-0.061284564179989495,-9.91490202961823,-9.91895810892262,-0.057899724164326996,-0.05949133879359627,-0.06580411414641253,-0.06374143557941413,-9.928178226753147,-9.92480477596806,2.722432515390695,2.7237223509926434,1.2934487746665009,1.2923220438324532,0.7716797756568305,0.7703647304641112
,-0.062,-0.053,-9.928,-0.031,-0.098,-9.954,2.8,1.19,0.7,-0.052196256677151893,-0.05578324994352189,-0.06285306395124275,-0.06092225915809294,-9.915902389239005,-9.919353533772208,-0.05584498796271341,-0.05824534022309705,-0.0660740005479349,-0.0652396495666417,-9.926930269389109,-9.926081557226839,2.7215612627359667,2.7270581662139897,1.2882209992369704,1.2878472411118997,0.7752735645905875,0.7672875021805617
,-0.06,-0.079,-9.899,-0.055,-0.06,-9.907,2.73,1.4,0.84,-0.05052702116045739,-0.055967659127680876,-0.06501982122607368,-0.061712844655322514,-9.916907592480023,-9.918463422073053,-0.05368323202041494,-0.05810341325686858,-0.06635524907785217,-0.06501050639028033,-9.925591120689536,-9.925247072290915,2.7206462211743405,2.7271868200732756,1.283147925680038,1.292751965957035,0.7783455795639076,0.77046740429035
,-0.017,-0.036,-9.897,-0.053,-0.06,-9.892,2.66,1.33,0.84,-0.04903934625414545,-0.054263504474909546,-0.06696675599950412,-0.060588356686677065,-9.917874751038756,-9.917524772141059,-0.05150565943153243,-0.05788022804016847,-0.06661053455731285,-0.06479138422669953,-9.924190440910682,-9.923793093422184,2.7197298338099123,2.7242485698782195,1.2782237799725307,1.294380917039596,0.7806731795444788,0.7735082412087189
35966.0,-0.034,-0.072,-9.931,-0.057,-0.093,-9.945,2.73,1.33,0.77,-0.04780583602194499,-0.05337732998546377,-0.06856265809990332,-0.06108741681714181,-9.918776151299598,-9.918114078062098,-0.04939929167333345,-0.057841733433519456,-0.06681114784631124,-0.0660250186018309,-9.922747885954593,-9.924720525280408,2.718851626519968,2.7245000945174085,1.273397234601611,1.295938629956236,0.7820904534281763,0.773354816915017
,-0.053,-0.053,-9.938,-0.026,-0.045,-9.923,2.8,1.26,0.84,-0.04687443027204309,-0.053360828387350026,-0.06969896143870101,-0.06073373354987973,-9.919602866487734,-9.91898373990871,-0.04744089704360377,-0.05644921360046409,-0.06693917530974082,-0.0651055411665168,-9.921276937818337,-9.924645282342356,2.718048731738234,2.7278018970401203,1.2686057368229728,1.2943669424383004,0.7825065634922131,0.7762693799496333
,-0.034,-0.103,-9.978,-0.041,-0.034,-9.947,2.73,1.26,0.84,-0.04626700697515613,-0.05251413021464987,-0.07029844755737709,-0.06258214467435191,-9.920366389367864,-9.921564670774845,-0.04569320182290439,-0.05577358027200001,-0.0669880943328922,-0.06374521689011615,-9.919790036472707,-9.925622910892812,2.717355664514122,2.7278980256624243,1.2638061870030388,1.2928639888052413,0.781914677032127,0.779056481744149
,-0.043,-0.067,-9.892,-0.041,-0.103,-9.897,2.59,1.4,0.77,-0.045981363643532384,-0.05209805314881323,-0.07032267333770206,-0.06277534870243595,-9.921097248382445,-9.92027173267216,-0.04420338604093246,-0.055127494104079924,-0.06696209094842964,-0.06546192820349135,-9.918303772933537,-9.924371158340419,2.7168034737660913,2.7218673949470764,1.258996585367078,1.2975493185387694,0.7803895338559842,0.7786604188076647
36041.0,-0.05,-0.079,-9.923,-0.062,-0.103,-9.926,2.66,1.19,0.77,-0.04599593238057433,-0.052006299958723044,-0.06977698546530538,-0.06348489388983715,-9.921840061730164,-9.920391046728094,-0.043003601775754526,-0.05542804623271449,-0.06687431979864217,-0.06710356337327353,-9.916842944433453,-9.924442391720994,2.7164190264736647,2.719161776716111,1.2542260638266858,1.29284591382591,0.7780741022769803,0.7782816767087957
,-0.072,-0.089,-9.902,-0.038,-0.045,-9.926,2.8,1.26,0.77,-0.046276045347806424,-0.052880675215389486,-0.06871201038075989,-0.06460073424994492,-9.92264553707281,-9.919586759569137,-0.04211289135384945,-0.05466587352998992,-0.06674408360845942,-0.06613691843722623,-9.915442662661343,-9.924510509885012,2.7162256523430073,2.7226970374275545,1.2495930473610473,1.2914094786351908,0.7751581712665647,0.7779194979633443
,-0.077,-0.06,-9.931,-0.038,-0.06,-9.926,2.73,1.19,0.63,-0.046780288731420254,-0.053935474514950156,-0.06722092410953479,-0.06439953246226457,-9.923560922810397,-9.920085889545605,-0.041539598637708466,-0.053937032574325326,-0.06659290513674647,-0.06586853541544374,-9.914148140153024,-9.9245756490688,2.716245605252561,2.7230164145193645,1.2452334468544353,1.2869745847072538,0.7718535956237146,0.7714506028248429
,-0.034,-0.081,-9.899,-0.103,-0.048,-9.902,2.8,1.19,0.7,-0.04746557144014017,-0.05306364560835505,-0.0654324311260017,-0.06512551304785523,-9.924620792147488,-9.9191637500694,-0.04128335418921048,-0.056082680685834246,-0.0664399272251933,-0.06508709900257985,-9.913012102018966,-9.923588358626901,2.7165029366572844,2.726383102134702,1.2413025479489703,1.2827336399487312,0.7683715726716585,0.7683258865864796
36117.0,-0.034,-0.045,-9.933,0.002,-0.069,-9.923,2.73,1.26,0.84,-0.04829010186666946,-0.05222994399297667,-0.06350003927959842,-0.06424537327380477,-9.925839776076824,-9.919768844402084,-0.041335996091731345,-0.053542577616982376,-0.06629763131703091,-0.0652582200960676,-9.912090084525282,-9.923562628210602,2.717024146162708,2.72654127825982,1.2379548159690303,1.2817394401645943,0.7649062333912945,0.7714603775102659
,-0.048,-0.065,-9.919,-0.036,-0.065,-9.923,2.66,1.26,0.84,-0.04921434391865019,-0.052044957804481894,-0.061588786560957065,-0.06427837501615571,-9.927208295031686,-9.919735220884675,-0.04168130779938853,-0.05277539616608669,-0.06616896820523645,-0.06524692747577675,-9.911434264649564,-9.923538023050725,2.7178346917975755,2.72363125924697,1.2353248904364258,1.2807887192607867,0.7616260206227329,0.7744577891890726
,-0.029,-0.043,-9.921,-0.007,-0.041,-9.873,2.66,1.26,0.77,-0.0502007279798621,-0.05103714330023497,-0.059860938030485616,-0.06334781766169979,-9.92869173846423,-9.91979053288602,-0.042294083594178224,-0.050773521891235164,-0.06604659063205227,-0.06418654778661288,-9.911086832465442,-9.921327867012314,2.7189516277873502,2.7208485027526135,1.2335113182864823,1.2798795757955006,0.7586709994498572,0.7742628387517692
,-0.067,-0.055,-9.947,-0.081,-0.091,-9.885,2.8,1.33,0.77,-0.0512130395745024,-0.051735239545310736,-0.0584622417823327,-0.06298274640447955,-9.93023300944215,-9.920980471953948,-0.04313941375855485,-0.052095402508625176,-0.06591430140955261,-0.06535916811765674,-9.911074161331287,-9.919739157169841,2.72037468115881,2.724309998652739,1.2325632704188303,1.2820714691762938,0.7561523893110823,0.7740764139919692
36193.0,-0.055,-0.05,-9.916,-0.055,-0.06,-9.921,2.66,1.12,0.77,-0.05221605409993234,-0.05187801580756485,-0.05751011108038524,-0.06241497794760482,-9.931757935066033,-9.92076266327251,-0.04417288490727975,-0.0522224279302225,-0.06575033042498321,-0.06512479809166252,-9.911403017827134,-9.919794297027444,2.7220787316477066,2.721497559161193,1.232470466991899,1.2749836724119747,0.7541512520914053,0.7738981420601533
,-0.065,-0.065,-9.919,-0.019,-0.072,-9.914,2.66,1.05,0.7,-0.05317549484734597,-0.05245187348636099,-0.057084670208351285,-0.06252802752401564,-9.933182768952031,-9.920685577533096,-0.04534181943456794,-0.05076952682194342,-0.06553169083011857,-0.0654254681237639,-9.912059602338017,-9.919540897709654,2.7240099619319147,2.71880811478797,1.2331577525691895,1.2651445652979914,0.7527154969196471,0.7706663887179693
,-0.053,-0.067,-9.954,-0.038,-0.06,-9.926,2.73,1.26,0.7,-0.054058111071995193,-0.05247584445021757,-0.057223106090022714,-0.06272359823245988,-9.93442284178942,-9.92214250179599,-0.046587301471265274,-0.05021108299866934,-0.0652386899907238,-0.06518819863020053,-9.913011361252261,-9.919823370649194,2.7260867625865797,2.719297564338811,1.234486987319142,1.2649195803980688,0.7518564760476925,0.7675759681532214
,-0.045,-0.055,-9.954,-0.077,-0.086,-9.916,2.8,1.33,0.77,-0.05483173758157713,-0.05214890679503307,-0.05791737988731465,-0.06238582567545675,-9.935401254879483,-9.923535711062478,-0.04784675371225865,-0.05138263034260751,-0.06485871746038926,-0.06609835153470751,-9.914210688187055,-9.919656164945106,2.7282052309065885,2.722826886712818,1.236268342055518,1.2677657123534307,0.7515474094426778,0.7676819772192681
36269.0,-0.043,-0.031,-9.957,-0.036,-0.067,-9.935,2.73,1.26,0.77,-0.05546548600994418,-0.051748801876453254,-0.05911520383381223,-0.06101324384597998,-9.936056363485484,-9.924999189366568,-0.04905691747415109,-0.0507099088690306,-0.06438862848260513,-0.06613778291092279,-9.915599273122004,-9.92032718980227,2.7302476955296986,2.723140585165762,1.238280140689978,1.267426098039011,0.7517254916604745,0.7677833502397534
,-0.06,-0.067,-9.938,-0.062,-0.067,-9.923,2.8,1.33,0.77,-0.05593045536181282,-0.05210964771600207,-0.06072423239878964,-0.06127505988993201,-9.93634688630038,-9.92556774781803,-0.05015702420980465,-0.0512036532140017,-0.06383531626554884,-0.06617548985295992,-9.917112027787203,-9.920444078577127,2.7320915581826046,2.726501842483526,1.2402929854462756,1.2701626136151578,0.7522982478489303,0.7678802899607182
,-0.045,-0.062,-9.907,-0.036,-0.055,-9.921,2.73,1.19,0.7,-0.05620131857751715,-0.05179872477359255,-0.06261940875386923,-0.06130676336120045,-9.936254016679644,-9.924755733071857,-0.051091900968413,-0.05053875886459086,-0.06321443602829524,-0.06568675731279068,-9.918680014524075,-9.920468390432152,2.733615767606928,2.7266548257917687,1.2420926646517716,1.2666568990295584,0.7531534439289322,0.7649117125671161
,-0.062,-0.038,-9.943,-0.057,-0.057,-9.899,2.66,1.19,0.7,-0.056258840623008746,-0.05224485243510594,-0.06465314005886234,-0.06028749943536674,-9.935780741652104,-9.925553601177562,-0.051814876553876,-0.05082132534125569,-0.06254767864535592,-0.0653068633642324,-9.920232441042305,-9.919529523221202,2.7347036282728228,2.7237398410571068,1.2434978737479079,1.2633044982420178,0.7541713066574401,0.7620729585986482
36344.0,-0.06,-0.11,-9.928,-0.045,-0.05,-9.902,2.8,1.33,0.84,-0.056092983039984334,-0.05258400472450416,-0.06666750358678523,-0.06246155327987744,-9.934949222742047,-9.925660588408233,-0.05229051436729435,-0.050566744006690756,-0.061859324825198604,-0.06463745537295376,-9.921698374335662,-9.918762912672172,2.735242577583478,2.7270748913935354,1.2443714083675745,1.266221261839938,0.7552376967328012,0.7654809059363543
,-0.067,-0.081,-9.933,-0.038,-0.062,-9.914,2.73,1.26,0.84,-0.055705930572682395,-0.053214452792800224,-0.0685072387237204,-0.06327228661465988,-9.933797224867437,-9.925981559508184,-0.052497211245867925,-0.05001716839069037,-0.061172872626465855,-0.06452211275433331,-9.923009121653777,-9.918554618410399,2.735122986392835,2.727202813818263,1.2446253385695445,1.2659491902670499,0.7562564692887973,0.7687398150859331
,-0.072,-0.057,-9.933,-0.086,-0.074,-9.923,2.66,1.26,0.77,-0.055114246849615245,-0.05403599245914533,-0.07003208264524353,-0.06299798359884708,-9.932374292687637,-9.926288493727151,-0.05242954891680232,-0.05159078895912049,-0.060508305568454865,-0.0649366048231338,-9.92410201018032,-9.91874902623188,2.734238508585911,2.7242638641761387,1.2442213358317742,1.2656890170746957,0.757158651675397,0.7687949261711955
,-0.029,-0.065,-9.957,-0.048,-0.053,-9.931,2.73,1.12,0.7,-0.0543494881029957,-0.052941104955223056,-0.07112721289595197,-0.06308553685817349,-9.93073800506406,-9.927631585857396,-0.05210006137957669,-0.051433754642746625,-0.059880206516172915,-0.06441458679323407,-9.92492560821989,-9.919284792413768,2.7324903402368967,2.724514719956855,1.243167711929208,1.2593176665275143,0.7579063644065454,0.7657863494143119
36420.0,-0.072,-0.065,-9.907,-0.057,-0.072,-9.943,2.66,1.19,0.7,-0.053456955866166715,-0.0537745988163969,-0.07171108536163198,-0.06316926119121626,-9.928950435008252,-9.926729314234722,-0.05153994907302782,-0.05167718068209247,-0.05929664579774916,-0.06474631616828193,-9.925445594134825,-9.920321918642395,2.7297972698130555,2.721693327482997,1.2415154614976533,1.2562862290078762,0.7584911670513214,0.762909345356257
,-0.05,-0.11,-9.909,-0.029,-0.048,-9.935,2.73,1.26,0.77,-0.05249269173629725,-0.053609526028364364,-0.07174042810754884,-0.0652172882788125,-9.927074971713164,-9.925953966317502,-0.05079838591684357,-0.050685450005007175,-0.058758722966352726,-0.06401395725184178,-9.925649890313906,-9.920963828400366,2.726112374072381,2.722056599358593,1.2393559138709183,1.2564486416407423,0.7589286198538187,0.7632194376834028
,-0.029,-0.041,-9.935,-0.043,-0.055,-9.943,2.66,1.19,0.77,-0.05151910973722463,-0.05253328898404206,-0.07121230462084881,-0.06415820478697076,-9.925173820868654,-9.926349572333729,-0.04994038267579788,-0.050349345766829555,-0.05826078187379213,-0.06361975401935414,-9.925551570969324,-9.921927526123078,2.721445372917595,2.7193427067384177,1.2368213506958707,1.2535426738624016,0.7592516275376574,0.7635159688859156
,-0.077,-0.096,-9.907,-0.067,-0.043,-9.919,2.8,1.33,0.77,-0.0505997594847804,-0.053603280365336965,-0.07016315731413778,-0.06555072732180092,-9.923306536792937,-9.925503366416827,-0.049043398037897395,-0.05107752114401015,-0.057791481656783814,-0.06271799983299294,-9.925188429909953,-9.921799497974211,2.715887284393218,2.722870054920696,1.2340872793423956,1.2568863468207623,0.7595042004821746,0.7637995320262001
36495.0,-0.045,-0.057,-9.921,-0.081,-0.06,-9.943,2.8,1.4,0.84,-0.04979367932187312,-0.053227037075596464,-0.06866487374930674,-0.06517678231005977,-9.921529672239961,-9.925306422771657,-0.04819281127101501,-0.052386107102376435,-0.05733592552963956,-0.06259913480067344,-9.924618793301464,-9.922726649745119,2.709631769669594,2.7262431432128156,1.231372440212585,1.2631450701672529,0.7597357892770314,0.7671319719250252
,-0.041,-0.062,-9.943,-0.036,-0.053,-9.94,2.8,1.19,0.7,-0.04914972147562293,-0.05269231770603639,-0.06681819801049398,-0.06503785355540219,-9.919897158888773,-9.926080207818869,-0.04747616425122075,-0.051669501042776414,-0.05687884631957207,-0.062179340268506474,-9.923913956123359,-9.923482057200038,2.7029862418026465,2.729468717791361,1.2289316548764635,1.259946250570613,0.7599956411275984,0.7641961203787239
,-0.093,-0.096,-9.94,-0.034,-0.074,-9.916,2.73,1.26,0.7,-0.048701214203854794,-0.05445507497350828,-0.06474406608637616,-0.06639190681660687,-9.918460614085989,-9.92668895566624,-0.04697615738359585,-0.05089676890827657,-0.0564084780741706,-0.06269628772522301,-9.923148362013913,-9.923154847845533,2.6963663643840237,2.7294919521110006,1.227038142336697,1.2599486011696026,0.7603270812162625,0.7613886610731799
,-0.002,-0.029,-9.933,-0.06,-0.055,-9.854,2.73,1.19,0.77,-0.048461455870425975,-0.05216108138809238,-0.06257360433502485,-0.06475666381243453,-9.917268642339206,-9.926964953655496,-0.04676287995080816,-0.05129487631240322,-0.055920384880803066,-0.06235970952602888,-9.922389310228974,-9.920130530800172,2.690270468519713,2.729514170334862,1.225955591597409,1.2568895712764432,0.7607626189526845,0.7617652567842707
36571.0,-0.026,-0.06,-9.892,-0.022,-0.062,-9.897,2.66,1.19,0.77,-0.048420795233766675,-0.05101699088927723,-0.06043765104414152,-0.06454864282916045,-9.916364533078674,-9.925435847473862,-0.04688633522157248,-0.05001373700643245,-0.05542036488736154,-0.06234397851533564,-9.921688448461095,-9.919118973971598,2.685235006987229,2.7264741392049054,1.2259044236894934,1.2539643205258366,0.7613212313369455,0.76212538300893
,-0.057,-0.048,-9.897,-0.031,-0.077,-9.911,2.59,1.05,0.77,-0.04854626140759924,-0.05127864306551403,-0.058456754899660145,-0.06382492866963241,-9.915782511810951,-9.924192275679639,-0.047370576269418,-0.049182218020908754,-0.05492568016104408,-0.06298492353906342,-9.921077197474286,-9.918763910629863,2.681776892247096,2.72050577865887,1.2270293896629862,1.245044443027305,0.7620084972892719,0.7624697599996071
,-0.038,-0.067,-9.911,-0.048,-0.034,-9.966,2.66,1.33,0.84,-0.04878457054552235,-0.050697934296520746,-0.05673254722742727,-0.06396378259880475,-9.91554348201975,-9.923615343975673,-0.04821060077572676,-0.04913051662580261,-0.054464224637275495,-0.061717339254683645,-9.92056719596244,-9.920829664726487,2.6803319313803566,2.717859707364641,1.2293760065544919,1.2487597651927813,0.7628190075315041,0.7658603542047717
,-0.024,-0.06,-9.909,-0.053,-0.057,-9.94,2.59,1.12,0.7,-0.04906871962669548,-0.04953036585722284,-0.05534108754718715,-0.06379043632372587,-9.915651483195822,-9.922976177882672,-0.049372666223575896,-0.04929973895641152,-0.054071715836873764,-0.061511038034145114,-9.920155161804729,-9.921668032151754,2.6811997086126405,2.7122680777906525,1.232881435581676,1.2431287738051782,0.7637397561352891,0.7629801137293694
36647.0,-0.069,-0.06,-9.923,-0.055,-0.041,-9.895,2.66,1.26,0.77,-0.04932751101415523,-0.05038182238181044,-0.05432839590858905,-0.06362467092129444,-9.91609172689209,-9.922977219684336,-0.05079802109414702,-0.049549025841918636,-0.053787441431941294,-0.06061403827379183,-9.919830192757207,-9.920501771409153,2.6845040579440362,2.7099822620667338,1.2373820315804194,1.243866595354162,0.7647535480289492,0.763287111175914
,-0.065,-0.034,-9.935,-0.026,-0.057,-9.931,2.59,1.19,0.7,-0.04949655929056108,-0.05102111239719089,-0.05370817812157713,-0.062329108859895656,-9.91683037868853,-9.92350300638728,-0.05240941795312667,-0.04851916716282158,-0.05364933985731569,-0.06045598720586918,-9.919581203912959,-9.920960885595107,2.6901752893008277,2.7047351331724605,1.242636170207604,1.241510872399366,0.7658423996536744,0.7605194051503221
,-0.072,-0.045,-9.926,-0.065,-0.062,-9.952,2.73,1.33,0.77,-0.049528772412128635,-0.05193857240681456,-0.053461789475208736,-0.06157126293963625,-9.9178156982342,-9.923612206256564,-0.05411936692512249,-0.049239915819265075,-0.05368914786195889,-0.06052351080482171,-9.919402749295843,-9.922318304860598,2.6979564504818634,2.7058400299335084,1.2483580350154444,1.2453807265783452,0.766991531988718,0.7609340156295192
,-0.077,-0.067,-9.923,-0.098,-0.065,-9.923,2.73,1.4,0.84,-0.04940212511040534,-0.0530345722537153,-0.05354056395444776,-0.0618086753920953,-9.918980017088469,-9.923585432922884,-0.055838864333445454,-0.05137231807760587,-0.053928112979584567,-0.06071927904086196,-9.919298217476339,-9.922348117119522,2.707431832502465,2.7068966067544236,1.2542560440764157,1.2521426199049694,0.7681941834388621,0.7643917718344637
36723.0,-0.055,-0.05,-9.895,-0.077,-0.031,-9.902,2.73,1.19,0.84,-0.04912295720680803,-0.053120525398284296,-0.05387052786237022,-0.06129225204096281,-9.920242340080756,-9.922335319377254,-0.05748519252707357,-0.052493081663755395,-0.05437358595580989,-0.05941957952623247,-9.919279997005765,-9.92145824230434,2.718072277762377,2.7079069767888475,1.260068749809831,1.2494249653879388,0.7694563396237857,0.7676983115830771
,-0.048,-0.062,-9.902,-0.036,-0.067,-9.921,2.8,1.33,0.7,-0.04872403274111243,-0.052896591824201034,-0.05435923456247972,-0.061323203655824526,-9.921511864582063,-9.921446004239828,-0.05898750009885141,-0.05177179733503213,-0.055016825218157955,-0.05975109055639228,-9.919366815052689,-9.921438202205126,2.729289374445138,2.7119344384713373,1.2655919686922468,1.2529487161906605,0.7707996704334258,0.7647376925658801
,-0.045,-0.045,-9.909,-0.045,-0.048,-9.914,2.8,1.19,0.7,-0.0482578861205412,-0.0525512538182881,-0.05490422872650741,-0.06060934852362216,-9.922693021473574,-9.92090170888033,-0.060289487081493655,-0.05147564944741314,-0.055832480189741414,-0.05923718553630377,-9.91957907483806,-9.921112910740874,2.7404898778053033,2.71578576903077,1.270693555641161,1.250195809036787,0.7722614240045127,0.7619065489338148
,-0.01,-0.026,-9.926,-0.089,0.005,-9.921,2.8,1.4,0.84,-0.04778713359911739,-0.0506903794727676,-0.05540260674328386,-0.05909579385710593,-9.92369241989249,-9.921124670092967,-0.06134944472356179,-0.053116684552367344,-0.056780259706669584,-0.05642793034717529,-9.919933380224744,-9.921107972867553,2.7511226936864164,2.719468671128264,1.2753153262448935,1.256747126584452,0.7738914050842912,0.7653217737885938
36799.0,-0.031,-0.074,-9.943,-0.055,-0.084,-9.907,2.73,1.19,0.77,-0.04737408463400452,-0.049829269194539116,-0.05576114784734,-0.059747592625953035,-9.924427329431905,-9.922081333800167,-0.06213856834513376,-0.053199046717674815,-0.05780906558820628,-0.057633726944590576,-9.920437409123197,-9.92049099540107,2.760713107919574,2.7199292328735263,1.2794637604706725,1.253828105301821,0.775747045366221,0.7655263644964616
,-0.036,-0.074,-9.95,-0.031,-0.081,-9.933,2.8,1.26,0.77,-0.04707194848126669,-0.049224480147163165,-0.05590631595600431,-0.06037088658005205,-9.924834437603835,-9.923302287944415,-0.06263862130512103,-0.05222822605259308,-0.058863287805128894,-0.058655593380416975,-9.921086051024325,-9.921038045926197,2.7688820812370483,2.723430930779024,1.2831921290082489,1.254098017924282,0.7778872030735906,0.7657220079333223
,-0.062,-0.041,-9.95,-0.067,-0.098,-9.909,2.8,1.33,0.84,-0.046919209080289535,-0.04978318606089148,-0.0557930635447526,-0.05952374853705239,-9.924877090074009,-9.924469846664552,-0.0628399234929745,-0.05287423322535337,-0.05989010953404942,-0.06037622415737994,-9.921859449084842,-9.920511591619354,2.77535154531049,2.72677949054608,1.28657713807375,1.2574174042770798,0.7803644847192578,0.7689703730805381
,-0.053,-0.086,-9.931,-0.062,-0.067,-9.909,2.73,1.4,0.77,-0.04693762607840197,-0.04992386550030736,-0.05541108785243102,-0.060681622223297885,-9.924549394673178,-9.924755426846657,-0.06274045950116605,-0.05327332617210091,-0.06084603524022973,-0.060665898689384275,-9.922723338991734,-9.920008160495748,2.7799389821106293,2.7269203315997395,1.2896933025232882,1.26365290313292,0.7832156389520738,0.7690154012794266
36874.0,-0.036,-0.074,-9.88,-0.045,-0.038,-9.926,2.73,1.26,0.84,-0.04713330819602383,-0.04931493951634813,-0.05478726832851639,-0.0612640686920777,-9.923876429597493,-9.92279815841933,-0.06234654972213434,-0.05291151261681693,-0.061701015905497106,-0.059674661402479366,-9.92363183452393,-9.92027019884751,2.7825459541430333,2.7270550133165985,1.2925881628650493,1.2634931524060495,0.7864501357066647,0.7721197379753623
,-0.067,-0.057,-9.923,-0.048,-0.072,-9.914,2.66,1.12,0.77,-0.047499777654629545,-0.05008835210469499,-0.05398346851390887,-0.061077590143865934,-9.922910940296498,-9.922806985464026,-0.061674973170006316,-0.052696719702244654,-0.06243951350865708,-0.06021367974713088,-9.924532513868732,-9.919995987135055,2.7831457748567043,2.7241225273656027,1.2952618535756195,1.2572178325950145,0.7900381108948528,0.7720270364527603
,-0.055,-0.053,-9.914,-0.091,-0.038,-9.921,2.8,1.19,0.7,-0.048021904755597776,-0.05030315093533896,-0.05308961057714842,-0.060724336621971145,-9.921727720973973,-9.922421833633216,-0.06075583173528284,-0.054371819382262536,-0.06305896136793468,-0.059242219142525185,-9.925373258512996,-9.920039895166319,2.781774881961783,2.7274408418583147,1.297655655153578,1.2542782261436578,0.7939001621381495,0.7688771113085755
,-0.038,-0.041,-9.94,-0.11,-0.072,-9.95,2.87,1.26,0.7,-0.04867980986937074,-0.04976510291347787,-0.05221281874783345,-0.059861741311408014,-9.920416939138875,-9.923190571470482,-0.059634928442157155,-0.056804580932406055,-0.06356667606373458,-0.05980014928495601,-9.92610982810477,-9.921350126604203,2.7785302899270694,2.7336753157292315,1.2996545307430925,1.2545284538390769,0.7979025757831301,0.7658649403870079
36950.0,-0.048,-0.05,-9.94,-0.055,-0.079,-9.943,2.73,1.33,0.77,-0.04945214045387173,-0.04968791048237064,-0.05146425761128956,-0.05943046232990191,-9.919077137484663,-9.92392569045069,-0.05837416771822009,-0.05672566202731643,-0.06397623984787609,-0.060639807495405575,-9.92671275570161,-9.922296930525846,2.7735722549093937,2.73351458484263,1.301106264133469,1.2578290161366623,0.8018615778052779,0.7660457770407026
,-0.041,-0.029,-9.911,-0.055,-0.041,-9.94,2.8,1.4,0.84,-0.050318445022659475,-0.04930796610277932,-0.05094577798617583,-0.058099660964709116,-9.917808138373939,-9.923360417195509,-0.05704881018934564,-0.05665019444628144,-0.06430401861290662,-0.059780908858123726,-9.927172000204065,-9.923071130693064,2.7671285598267343,2.736422160820202,1.301854780364937,1.2640465141610093,0.8055583226521131,0.7692799829429671
,-0.091,-0.031,-9.878,-0.024,-0.069,-9.94,2.8,1.4,0.91,-0.051260555653753107,-0.05113126458002806,-0.05073850219671755,-0.056914523998431124,-9.916704047862767,-9.921376691004461,-0.05574143418457773,-0.055222318560865624,-0.06456616837604016,-0.06018408311635345,-9.927498068223505,-9.923811473121667,2.7594958884775074,2.739202581119415,1.3017800865831355,1.2699921052136784,0.8087628101607197,0.7754340265056058
,-0.043,-0.026,-9.914,-0.043,-0.06,-9.923,2.8,1.47,0.91,-0.05226291153363436,-0.05077566373878774,-0.050895077352167355,-0.05556255338768654,-9.915846920565961,-9.92105408958116,-0.05453366103894416,-0.05468780554393265,-0.06477633662462427,-0.06017603269438167,-9.927719038637195,-9.923775985342138,2.751034436624746,2.7418614065808664,1.3008348116996162,1.2787389581712632,0.8112614172158008,0.7813189381212556
37026.0,-0.048,-0.067,-9.933,-0.065,-0.065,-9.933,2.8,1.12,0.84,-0.05331179979072587,-0.05065427691748844,-0.05143656090305295,-0.05606274196191763,-9.915301888410744,-9.921576514568383,-0.053497340461190174,-0.05513878398492672,-0.06494416583801525,-0.0603869970302621,-9.927873875888384,-9.92417937491822,2.7421533386710375,2.7444039548554797,1.2990686977174006,1.271796900572749,0.812881329160693,0.7838852099186597
,-0.034,-0.065,-9.904,-0.072,-0.077,-9.914,2.8,1.33,0.77,-0.05439376218692449,-0.049925943111126456,-0.05235386767871629,-0.05645359094308717,-9.915114295203596,-9.920807848968453,-0.05268669559298023,-0.05587616776333947,-0.06507452863142396,-0.06111352582211534,-9.92800328999858,-9.923734205012778,2.733286392632522,2.7468353110398036,1.296636765771921,1.2743422698588451,0.8135068032564041,0.7832779744414129
,-0.041,-0.072,-9.919,-0.043,-0.074,-9.911,2.59,1.26,0.7,-0.05549378928094081,-0.049535588960435556,-0.05361267683112012,-0.057133474875591714,-9.915308789050627,-9.920728787143851,-0.05213230078872161,-0.05531306026099089,-0.06516722437266005,-0.061677084050134744,-9.928139973157217,-9.923177305901882,2.7248601476958783,2.7399765047627422,1.2937919033817569,1.2737150459901707,0.8130859604853301,0.7796360172185606
,-0.069,-0.06,-9.935,-0.038,-0.072,-9.911,2.66,1.33,0.84,-0.056594016314761464,-0.05038681706546085,-0.05516009024706383,-0.05725883529593516,-9.915889872127062,-9.92135290350942,-0.05183732728178859,-0.054555916186700845,-0.06521681085031554,-0.06212853136926903,-9.928300222321614,-9.922644761402792,2.7172593928349627,2.736478929189695,1.2908657738833427,1.2761765299079648,0.8116304344403978,0.7822758874191219
37102.0,-0.072,-0.062,-9.904,-0.041,-0.048,-9.904,2.59,1.19,0.77,-0.05767326420713471,-0.05133201642009514,-0.056931400907690236,-0.057466178463855856,-9.916843303407285,-9.920594016988735,-0.05177647898792041,-0.05396308156026227,-0.06521242922724999,-0.061510654827317296,-9.928478708664356,-9.921829378657057,2.7107972517168935,2.730073033780539,1.288242421092995,1.2724078114965982,0.8092116717610687,0.7817390317000332
,-0.077,-0.045,-9.923,-0.022,-0.06,-9.945,2.66,1.33,0.84,-0.058707191159081504,-0.05245454250003306,-0.058855926151852665,-0.056921000834328536,-9.918137890709582,-9.920699236733387,-0.05189815649119882,-0.05256525486558311,-0.06513784272036224,-0.06144459005693247,-9.928647482101123,-9.922842688746837,2.7056969364784966,2.727008562133432,1.2863279026775476,1.2749264640972016,0.8059566029750875,0.7842869317388329
,-0.043,-0.055,-9.926,-0.06,-0.055,-9.947,2.66,1.26,0.77,-0.0596684996032343,-0.05204107135621959,-0.06086158299357827,-0.056836990591396776,-9.919727448460359,-9.920931052566985,-0.05213019505092158,-0.05289039514335734,-0.06497222636007031,-0.06116275177419807,-9.928759328636023,-9.923899149291096,2.7020891470737087,2.724078107610592,1.2855180491835208,1.274273691931511,0.8020431077330532,0.7836621279466219
,-0.072,-0.057,-9.902,-0.067,-0.036,-9.919,2.94,1.47,0.84,-0.060526823633284085,-0.052913925971406574,-0.06287836209456893,-0.056844119406633184,-9.921552933809807,-9.920103149581893,-0.052388882787438334,-0.05350744398086711,-0.06469226902643682,-0.06006232076365094,-9.928754647180314,-9.923684897056141,2.7000241158965363,2.733520920080926,1.2861653570287865,1.2828333002331482,0.7976937676775082,0.7861259261047925
37177.0,-0.038,-0.093,-9.921,-0.045,-0.096,-9.945,2.73,1.19,0.91,-0.061248425754558446,-0.052261702129784905,-0.06484094293039576,-0.05842530784641971,-9.923544915443465,-9.920142371127325,-0.052590111966470614,-0.053135391859499434,-0.06427578994084278,-0.06163396670419253,-9.928570464246448,-9.924617060616109,2.6994925083050263,2.733366941307957,1.2885453211144955,1.2787734643572986,0.7931654849418965,0.791543253809661
,-0.065,-0.065,-9.928,-0.084,-0.072,-9.892,2.66,1.26,0.84,-0.06179626332637628,-0.05281878023172544,-0.06669050264918765,-0.05871283582410375,-9.92562651803773,-9.92048600518446,-0.05266084918870911,-0.05448517952306567,-0.06370645256892904,-0.06208729965431794,-9.928150199729156,-9.923190633757196,2.7004470826904075,2.730158418723116,1.2928228902863548,1.2779524531046518,0.7887326621561279,0.7936623903276605
,-0.05,-0.077,-9.95,-0.065,-0.065,-9.938,2.66,1.33,0.7,-0.06213108541587053,-0.052695507816739075,-0.0683756177100526,-0.059512579935348274,-9.927716807773479,-9.921776727098804,-0.0525489156315388,-0.054945019314316924,-0.06297856731365846,-0.06221467943430315,-9.927453081079646,-9.923838284936462,2.702818293755612,2.727090212975721,1.2990213099876002,1.2802286244527026,0.7846629772672977,0.7895662962373388
,-0.072,-0.043,-9.938,-0.074,-0.074,-9.947,2.8,1.33,0.77,-0.06221399317313803,-0.053539742264225365,-0.06985229829188982,-0.058790442897712035,-9.929734338314539,-9.922486212005433,-0.05222938522257965,-0.055778341990631024,-0.06210074265949726,-0.06273008141959117,-9.926462274816437,-9.924851205532034,2.7065206114387554,2.7302787430432542,1.3069972715361693,1.2824052530496588,0.7811874135393271,0.78871061243398
37253.0,-0.065,-0.069,-9.911,-0.045,-0.081,-9.935,2.73,1.26,0.77,-0.06201050242568429,-0.05404092842679128,-0.07108357030630376,-0.05923693274668116,-9.931600499194857,-9.92198389079677,-0.05170663656753936,-0.05530697773463837,-0.061097407151939474,-0.06352907133716722,-9.925190708126761,-9.92529503807676,2.711449555865078,2.7302665529023855,1.3164268892183897,1.2814254144582262,0.7784691664955291,0.7878923498554892
,-0.038,-0.065,-9.928,-0.041,-0.036,-9.952,2.73,1.26,0.7,-0.061495779713563306,-0.05333941790690814,-0.07203929066088244,-0.05948896630717289,-9.933242550527366,-9.922246990524076,-0.05101208889953458,-0.05468129728014424,-0.060007814921964615,-0.06232515516524654,-9.923683424088557,-9.926462913852014,2.7174710594309963,2.7302548958673216,1.3268067475293521,1.28048842669571,0.7765777467886698,0.784048594282221
,-0.048,-0.072,-9.919,-0.01,-0.05,-9.931,2.73,1.19,0.7,-0.060660488482787094,-0.05310591160776572,-0.07269677360452902,-0.06003610556972779,-9.934596602186241,-9.922104991385996,-0.050198645563597245,-0.052727270726937,-0.05888280314398063,-0.061786144842554014,-9.922015536997032,-9.926661332146624,2.724405725768941,2.7302437486239923,1.3374736973361716,1.276531138092097,0.7754743016129858,0.7803729358975172
,-0.098,-0.077,-9.931,-0.062,-0.055,-9.914,2.66,1.26,0.7,-0.05951650008160471,-0.055069244056473336,-0.07304236259928604,-0.060777979735885605,-9.935610917455977,-9.922493992692601,-0.04933346963173363,-0.053132790716803525,-0.05778007997485542,-0.061489369502010054,-9.920285587154524,-9.926107619951154,2.7320119544663735,2.727171811183423,1.3476457909206927,1.2758081894591564,0.7750123320614943,0.7768580233846085
37328.0,-0.055,-0.077,-9.95,-0.045,-0.065,-9.902,2.66,1.54,0.84,-0.05810145198785487,-0.05506621583810822,-0.07307357211044059,-0.061487409861515185,-9.936249606684894,-9.923696900215953,-0.04849064514388284,-0.05277712313372792,-0.056758996298044685,-0.06164289828539701,-9.918605139503658,-9.925053332533672,2.739973410081911,2.72423421736522,1.3564837102890523,1.2873619679830874,0.7749551048647674,0.7796193823074457
,-0.093,-0.081,-9.957,-0.079,-0.045,-9.899,2.73,1.47,0.84,-0.05648087172119191,-0.056725156514141555,-0.07280108323119042,-0.06234074496083856,-9.93649620626854,-9.925153329309184,-0.047744635716743526,-0.05392391610567124,-0.0558755448317025,-0.06091506209550096,-9.917086429495468,-9.92391395416578,2.7478968292241985,2.724486369676236,1.3631674035181767,1.2953491927484961,0.7750074536216748,0.7822599799948977
,-0.043,-0.077,-9.94,-0.031,-0.067,-9.887,2.66,1.33,0.84,-0.05474667026058786,-0.05612492057856866,-0.07224978907376196,-0.06298183139611285,-9.936356183602332,-9.925802611906658,-0.0471647237733131,-0.052921395062176774,-0.05517795246365184,-0.06118117187663509,-9.915830341452867,-9.922299613244308,2.7553249523264456,2.721666217032116,1.3669785034165198,1.2968645605104254,0.774856273883891,0.7847850976423395
,-0.055,-0.086,-9.947,-0.022,-0.065,-9.899,2.73,1.26,0.77,-0.05301141844589892,-0.056075724946065185,-0.07145822963639621,-0.06398847434061358,-9.93585737550974,-9.926729627497394,-0.046810282223223774,-0.051569123962372454,-0.05470296355129353,-0.06134817892453712,-9.914916795135467,-9.921280662011236,2.7617665139135967,2.722030674516549,1.3673780007473963,1.295252379698887,0.7742123692493718,0.7841385077905777
37404.0,-0.062,-0.081,-9.909,-0.062,-0.045,-9.959,2.8,1.4,0.7,-0.05139872421201602,-0.056334808532902673,-0.07047608337187818,-0.06473243154133208,-9.935047804812307,-9.925954265880403,-0.04672683611323138,-0.05202529265020048,-0.05447285296033048,-0.06063323156043441,-9.914398772852465,-9.922930224411749,2.7667414110771507,2.7254404710445033,1.364070758072007,1.299833259035723,0.7728471621863892,0.7804589172599088
,-0.045,-0.048,-9.971,-0.091,-0.065,-9.928,2.8,1.4,0.84,-0.05003083840664138,-0.055839108582430234,-0.06935985140218587,-0.06400067983487448,-9.933990979258626,-9.92792423018172,-0.046943039269324624,-0.05372975553961692,-0.0544933263410473,-0.060824201429306377,-9.91430007895195,-9.92315193856781,2.769835248059714,2.7287011485145465,1.357051129976319,1.3042138048906307,0.7706202097908282,0.7830627999527363
,-0.05,-0.072,-9.921,0.007,-0.019,-9.885,2.94,1.47,0.84,-0.04901513520716786,-0.055583749541586104,-0.06816741001305215,-0.06435051041191119,-9.93275932830602,-9.927621416018766,-0.047468667465864395,-0.05107388916782896,-0.05475268908488267,-0.05899512293037321,-9.914616031078143,-9.921483457445824,2.7707543103665513,2.7379417836705953,1.3466248605598912,1.3114640560498079,0.7674956807797683,0.7855528082454692
,0.005,-0.048,-9.902,-0.062,-0.036,-9.923,2.87,1.54,0.77,-0.04843137942371353,-0.0529342683827272,-0.06695255385083838,-0.06363546108594716,-9.931426755017291,-9.92650092645649,-0.04829369648912571,-0.05155171573037228,-0.055222838126443664,-0.057989487831676526,-9.915316074661368,-9.92154977970145,2.7693706936811417,2.743717024699497,1.3334021966499456,1.321458513015573,0.7635471212337167,0.7848726444602049
37480.0,-0.065,-0.038,-9.933,-0.041,-0.074,-9.923,2.66,1.26,0.7,-0.04832173577895352,-0.05346193345512205,-0.06576079197055072,-0.06251435729722811,-9.930061450550859,-9.926785147440398,-0.04938868231513085,-0.051090262416029854,-0.05586252061453938,-0.058689668171365415,-9.916347677250226,-9.92161320151648,2.765748690305074,2.7400558666943327,1.3182582949799029,1.3187707762294159,0.7589506951055399,0.7811609482693725
,-0.053,-0.079,-9.914,-0.031,-0.074,-9.907,2.87,1.33,0.7,-0.048685169080863656,-0.05344173193251486,-0.06462737781664005,-0.06323531630130381,-9.92872012445737,-9.926226020487826,-0.05070677384111375,-0.05021166424159258,-0.056622784980418,-0.059359227847397035,-9.91764125128004,-9.92097412911866,2.7601475271939364,2.745738653506022,1.3022610548233884,1.319261858690206,0.7539685137350942,0.777611573975079
,-0.017,-0.053,-9.933,-0.067,-0.036,-9.914,2.73,1.26,0.77,-0.04947718317401571,-0.051848042488035866,-0.06357790747410112,-0.06278769993717219,-9.927444497366624,-9.926522263807591,-0.052187474755758675,-0.05094586078137534,-0.057453819675807385,-0.05833766951640123,-9.919115944004542,-9.920669132748525,2.7530006307454795,2.7450503622357467,1.286572635691218,1.3166701871738882,0.7489251808049268,0.7772787005232239
,-0.031,-0.081,-9.945,-0.057,-0.079,-9.907,2.66,1.12,0.77,-0.05061499327027181,-0.0509363046674306,-0.06263100579965532,-0.06358417005071022,-9.926260308463506,-9.927330342116884,-0.05376179330669301,-0.05121062365779395,-0.058311865910177056,-0.059241285679623897,-9.920686025015359,-9.920071346874439,2.7448757640674413,2.7413308939954546,1.272336649866383,1.3080693006429416,0.7441810389558398,0.7769603844724152
37556.0,-0.077,-0.084,-9.928,-0.069,-0.084,-9.945,2.73,1.19,0.7,-0.051987470102713144,-0.05207613622682394,-0.061801934878268544,-0.06447700611982775,-9.925178509306178,-9.927359627956035,-0.05535795049075552,-0.051988598243440425,-0.0591648416016373,-0.06032404710666926,-9.922267427590148,-9.921161540156824,2.7364227054597574,2.7408353652376416,1.2605661420584835,1.3029058304077692,0.7401045912573322,0.7735947114960631
,-0.079,-0.072,-9.904,-0.062,-0.053,-9.959,2.73,1.26,0.77,-0.0534685035061352,-0.053253585135656305,-0.06110568301896481,-0.06480600573927266,-9.924198053926144,-9.926338052127273,-0.05690658031490865,-0.05242642225612495,-0.05999559817687307,-0.06000374793465457,-9.923783760265648,-9.92281631205842,2.7283157861479728,2.740361507210304,1.252047233491726,1.3010294495279007,0.7370452366492366,0.7734375056371914
,-0.041,-0.057,-9.909,-0.084,-0.067,-9.897,2.66,1.12,0.77,-0.05493179991367387,-0.05271770475203776,-0.06055834388454413,-0.06446462929280576,-9.923309796549391,-9.925579815095228,-0.05834446613531312,-0.05380721496016091,-0.06080219072977553,-0.06030971179740685,-9.925170928759675,-9.921687299197584,2.7211979069579293,2.736847094502899,1.247270217876452,1.2931125721581114,0.7353067524556057,0.7732871747895941
,-0.067,-0.053,-9.935,-0.041,-0.062,-9.947,2.73,1.19,0.77,-0.056264847233054666,-0.05334230577873324,-0.06017627692857728,-0.06396325195095372,-9.92250120845522,-9.925991783694183,-0.059616301663997874,-0.05324712293893152,-0.061595147827737846,-0.06038363239129049,-9.926379673269487,-9.92279428785978,2.7156310164175204,2.7365476536789877,1.2463951640872888,1.2886031976271264,0.7351219572292113,0.773143418291576
37631.0,-0.062,-0.062,-9.928,-0.06,-0.055,-9.921,2.73,1.33,0.7,-0.05738004672169997,-0.05372092872452273,-0.05997335469814208,-0.06387739395943778,-9.921761585793263,-9.92607960809108,-0.06067460985015058,-0.053542443394941096,-0.06239236959889791,-0.06014819248050789,-9.927375886168669,-9.922715819096885,2.7120561441224775,2.7362613081624345,1.2492540306151962,1.2904135848803724,0.7366295046155263,0.7699446709356527
,-0.115,-0.038,-9.933,-0.045,-0.06,-9.919,2.73,1.19,0.7,-0.05822158652552323,-0.05640081806787384,-0.059957190994789945,-0.06274570983201616,-9.921087106075452,-9.926382254396621,-0.06147858725807039,-0.05316886066035021,-0.0632127497640803,-0.06014171164714975,-9.92813922091166,-9.922553316895199,2.7107644840436596,2.735987485262206,1.2553866987156033,1.2860222439144025,0.7398547622991656,0.7668858129216007
,-0.057,-0.086,-9.907,-0.048,-0.045,-9.919,2.66,1.26,0.7,-0.05876725011005196,-0.05642702181478467,-0.060125423543335645,-0.0637626789719077,-9.920484819886312,-9.925534619210145,-0.06199301486241831,-0.05294281326255809,-0.06406980512044853,-0.05947952615969556,-9.928660910486043,-9.922397921327303,2.711879968052923,2.732664359638014,1.2641045569573932,1.2848842251307497,0.7446978652299384,0.763960726533392
,-0.026,-0.026,-9.95,-0.072,-0.065,-9.914,2.73,1.33,0.7,-0.05902512094963781,-0.05509637091205168,-0.06046297240317901,-0.06211122116018165,-9.91997470880557,-9.926604552417276,-0.06218831492846998,-0.05377623241511565,-0.06496652183465586,-0.05972095049441456,-9.928941804415748,-9.922030658909598,2.7153533762894595,2.732547840427586,1.2745727203259638,1.2868572524918467,0.7509324458474962,0.7611635615982499
37707.0,-0.034,-0.074,-9.914,-0.048,-0.065,-9.923,2.73,1.33,0.77,-0.0590261826388415,-0.054173773059084315,-0.06094090225330928,-0.06263114763842509,-9.919589257622707,-9.926053323343504,-0.06204238245168116,-0.05352362310867888,-0.06589232074074224,-0.05995181673012239,-9.928991436468612,-9.922073050656147,2.7209680612180267,2.7324364168980133,1.2859007101759197,1.2887439943579273,0.7582175953574035,0.7615500014807928
,-0.084,-0.062,-9.923,-0.041,-0.069,-9.923,2.66,1.26,0.7,-0.0588147490526501,-0.05547814967686962,-0.061517213500603046,-0.06260354595003309,-9.919370404378961,-9.925919793762853,-0.0615442023672234,-0.05297593327901064,-0.06682256681070865,-0.06034751675326123,-9.928828468028373,-9.922113588504008,2.7283572973072805,2.7292685885077486,1.2972311314356422,1.2874869465182355,0.766123463743593,0.7588582636718089
,-0.031,-0.041,-9.923,-0.079,-0.055,-9.94,2.73,1.54,0.84,-0.05843891285629921,-0.054407658053896094,-0.06213959805729757,-0.06165876804519467,-9.919364175475815,-9.925792103769728,-0.06069867806067445,-0.05411403177862264,-0.06772054966600412,-0.060113656271008925,-9.928482198711945,-9.922895806683252,2.7370328424370705,2.7293005749889874,1.3078164611598215,1.2985299833495334,0.774168298306975,0.7624067977791452
,-0.034,-0.065,-9.916,-0.091,-0.077,-9.971,2.73,1.4,0.84,-0.0579427074888156,-0.05351517936250843,-0.06274991024910352,-0.0618048886002712,-9.9196137612724,-9.925363870214694,-0.05953158828412474,-0.05572714880370417,-0.06854148870714627,-0.060852138948137825,-9.92799419182305,-9.924999525169136,2.7464235300413407,2.729331162620204,1.317075725562268,1.302967524758554,0.781862403065407,0.7658001454820398
37783.0,-0.101,-0.074,-9.895,-0.081,-0.065,-9.909,2.73,1.19,0.77,-0.057360901057431184,-0.05559181110885601,-0.06328981509260474,-0.06233821177898249,-9.920152151835893,-9.924035981091743,-0.05809320919691836,-0.0568323947414662,-0.06923788656000467,-0.061033535441250716,-9.927418692443162,-9.924299825318812,2.755921556309531,2.7293604125766615,1.3246258883132174,1.2980271681336266,0.7887530480679232,0.7659838157814102
,-0.029,-0.091,-9.916,-0.048,-0.065,-9.957,2.87,1.33,0.91,-0.056716647833421285,-0.054428883705947624,-0.063706781748928,-0.06359166453562747,-9.920995620078212,-9.923684547239322,-0.05645913900503639,-0.0564461316984524,-0.06976539141896812,-0.06120699900524611,-9.926820655215696,-9.925729886966774,2.764932623624605,2.735510938747249,1.3302872538780979,1.2994254212339431,0.7944642101422199,0.7722820091013199
,-0.072,-0.057,-9.926,-0.034,-0.108,-9.919,2.8,1.33,0.77,-0.05602170431559663,-0.055197313225636806,-0.06395938853065872,-0.06330339431259224,-9.92213922010205,-9.923785807866306,-0.05472747221758472,-0.055464505379937835,-0.07008819715380418,-0.06325337572243767,-9.92627086384909,-9.925435571925949,2.772924725208673,2.7383312091008425,1.3340670005759667,1.3007625251767274,0.7987262960475892,0.7721822110504558
,-0.043,-0.062,-9.911,-0.065,-0.077,-9.897,2.73,1.26,0.77,-0.05527864120056281,-0.054663893755489246,-0.06402101049374337,-0.06324639357064565,-9.923555038881508,-9.923226652031632,-0.05301246151460902,-0.055881516765456545,-0.0701829734731964,-0.06385455049780071,-9.925838532973383,-9.924192012182136,2.7794698627102434,2.737966864178149,1.3361279859536568,1.2989798764753768,0.801393265330674,0.7720867774216926
37859.0,-0.062,-0.048,-9.923,-0.069,-0.074,-9.95,2.8,1.33,0.77,-0.0544844614831219,-0.05498472030421377,-0.0638814219430685,-0.06257963007694269,-9.92519333132491,-9.923216739962934,-0.05143559959583513,-0.05645522133847693,-0.07004051724996527,-0.0642982367586813,-9.925582551429333,-9.9253206610028,2.784273792557743,2.7406797306783006,1.3367501748260187,1.3003364652214655,0.8024470609147538,0.7719955173477728
,-0.041,-0.079,-9.957,-0.038,-0.053,-9.914,2.94,1.33,0.84,-0.053635103252057774,-0.05437313298520024,-0.0635463778748118,-0.063297734536667,-9.926986107475756,-9.924694167682913,-0.05011534155691363,-0.05564812766090087,-0.06966486178492456,-0.06380413618473274,-9.925542912076708,-9.924825579759732,2.7871905461287128,2.749396512028785,1.3362903599103628,1.301633726897997,0.8019911028038414,0.7749695260030368
,-0.065,-0.072,-9.914,-0.022,-0.053,-9.897,2.8,1.33,0.84,-0.05273030669164857,-0.05483787285598167,-0.0630355011654688,-0.06367830669601582,-9.928852372583474,-9.924226484583073,-0.04915669577636468,-0.05417660962276357,-0.06907034848693515,-0.06333164388315365,-9.925733864161524,-9.923608696521809,2.7882201441468073,2.7516095310143505,1.3351436331712694,1.3028742560283244,0.8002352170694987,0.7778134737103068
,-0.038,-0.089,-9.933,-0.034,-0.074,-9.919,2.8,1.4,0.77,-0.05177824874845683,-0.05410150993317243,-0.06237879155666769,-0.0647856886231324,-9.930704103793557,-9.92461017268376,-0.04864193108646936,-0.053294235265784085,-0.06827776246719917,-0.06379819817768737,-9.926140071492268,-9.923407146523768,2.7874896639612454,2.7537257690619446,1.3337080253492335,1.3071218113651968,0.797474048326382,0.7774717706705092
37935.0,-0.077,-0.012,-9.952,-0.062,-0.081,-9.921,2.73,1.4,0.77,-0.05079925096012287,-0.055102919031444444,-0.06161209813266274,-0.06247723646355811,-9.932452188049922,-9.925807999361176,-0.048623571149839936,-0.053674960457131486,-0.0673107355665099,-0.06455047663802528,-9.92671665657746,-9.92330187589576,2.785220362107966,2.7526881809531742,1.3323523247809865,1.3111836103247996,0.7940607361306868,0.7771450111720526
,-0.048,-0.065,-9.933,-0.055,-0.022,-9.928,2.66,1.26,0.77,-0.04982780888265217,-0.054792290351491336,-0.060772174000925105,-0.0625875633170235,-9.934011845346918,-9.926122523805953,-0.0491204090690707,-0.05373290779994432,-0.06619329505606547,-0.06268963628057053,-9.92739339756467,-9.923507336788992,2.781686710123322,2.748634691511822,1.3313868145996024,1.3089452211160755,0.7903779509924097,0.7768325416959401
,-0.065,-0.041,-9.89,-0.048,-0.081,-9.938,2.73,1.26,0.77,-0.04891226151465875,-0.055238699406616944,-0.05989226058763238,-0.06164348437329839,-9.935307379786698,-9.924542794143155,-0.05011658055268758,-0.05348219318890821,-0.06494900767469175,-0.06349039496674563,-9.928082551000527,-9.92414113774073,2.777175386026619,2.747819749147982,1.33103766066801,1.3068047223495836,0.7868087690597845,0.7765337373032195
,-0.05,-0.086,-9.954,-0.065,-0.057,-9.947,2.8,1.33,0.84,-0.04811169647061637,-0.055009597783165436,-0.05899911587637067,-0.06270865663049092,-9.936276348751075,-9.925831032532177,-0.05156320932803737,-0.05398589611862565,-0.06360180114714091,-0.06320655351902967,-9.928689061982473,-9.925140813814382,2.771951987921477,2.7501017239769263,1.3314271986776287,1.307819110722279,0.7837095998779512,0.7793092780795936
38010.0,-0.029,-0.022,-9.95,-0.041,-0.072,-9.919,2.73,1.33,0.77,-0.04749016376799393,-0.053872132046933766,-0.05811190121535043,-0.060928363737412276,-9.936873283284163,-9.926888002832293,-0.05338203535200952,-0.05341798991675578,-0.06217815117525385,-0.06359111325574211,-9.929121570741485,-9.924872260437867,2.766240488364827,2.749222624559336,1.3325630154549166,1.308789137316419,0.7813865148388115,0.7789021597176387
,-0.072,-0.081,-9.938,-0.057,-0.077,-9.945,2.73,1.33,0.77,-0.04710880941813044,-0.054664909729981635,-0.057242703071187354,-0.06180614734287717,-9.937072823392068,-9.92737395867616,-0.055470632574788806,-0.05357464031060246,-0.06070988914911666,-0.06417751791142949,-9.929302706403744,-9.925752497583039,2.7602166507376706,2.7483819703908643,1.3343377282567466,1.309716742185192,0.7800755600241819,0.7785128456751189
,-0.055,-0.077,-9.933,-0.026,-0.065,-9.928,2.8,1.33,0.77,-0.04701695879622409,-0.05467956407811374,-0.05639802234696268,-0.062470613089057055,-9.936871753739037,-9.927619999744916,-0.057709052656741366,-0.052368731291796956,-0.05923662761438261,-0.06421348714102745,-9.929177546974648,-9.925850786569,2.7540134069239,2.7506393578576627,1.3365394242142112,1.3106037805383353,0.7799275137472723,0.7781405573239495
,-0.026,-0.077,-9.969,-0.079,-0.048,-9.909,2.8,1.4,0.77,-0.047243433662705135,-0.05342533393811406,-0.05558039383590331,-0.06310602006141505,-9.936289309072475,-9.929429652198898,-0.05996778684456446,-0.05353338427568762,-0.05780690331510093,-0.06350443019053173,-9.928719598148094,-9.92511385889674,2.7477341887950515,2.7527980240401764,1.3388710736562404,1.3145133041470434,0.780997894101999,0.777784550087428
38086.0,-0.005,-0.036,-9.926,-0.065,-0.065,-9.938,2.73,1.26,0.77,-0.04778958195675646,-0.051307571157644116,-0.054789442127203464,-0.061920604995695586,-9.93536536345222,-9.929279664802094,-0.062116719344971746,-0.054034848489232,-0.05647754965253424,-0.0635698352547928,-9.927934015553578,-9.925677402558561,2.741469251981565,2.7518010085762823,1.3409764335981806,1.312129298975069,0.7832432389260466,0.7774441119510812
,-0.024,-0.014,-9.933,-0.089,-0.053,-9.933,2.8,1.4,0.84,-0.04862560657657924,-0.050113341750850575,-0.0540222022518237,-0.05982491529312833,-9.934156565283947,-9.929442364504341,-0.0640343378756703,-0.0555639633235794,-0.05531130091454252,-0.06310758952765118,-9.926857965850235,-9.925997638333035,2.735310074532813,2.753908872824029,1.3424698506655501,1.3159721077900215,0.7865244393159656,0.780179839733125
,-0.055,-0.074,-9.919,-0.036,-0.048,-9.962,2.73,1.33,0.7,-0.04969145884828828,-0.05032704772083212,-0.053273204892810365,-0.06044482773070874,-9.932730995947459,-9.928985693396701,-0.06561616227592709,-0.054708381544461386,-0.05437298144843376,-0.062446896287101414,-9.925558002714979,-9.927572113000464,2.7293580109504196,2.7528632771229353,1.3429675881534122,1.3165855831260658,0.7906173913343558,0.7766733718056584
,-0.074,-0.055,-9.892,-0.091,-0.041,-9.931,2.73,1.4,0.77,-0.050902552048465714,-0.05136232601761645,-0.05253512881818945,-0.06020671159238946,-9.93116236621378,-9.927368215136552,-0.06678139856831863,-0.05629550614553025,-0.05372478070270134,-0.06150896906967702,-9.924124323589144,-9.92772202320062,2.7237251977308783,2.7518634079760873,1.342118532171477,1.3202335073228504,0.7952307591904683,0.7763815283162915
38161.0,-0.096,-0.036,-9.957,-0.084,-0.081,-9.89,2.73,1.26,0.84,-0.052159173422625486,-0.053314444813275186,-0.051800523213051716,-0.05914809064589384,-9.92952486636244,-9.9286640883087,-0.06747715947043326,-0.057507093989441344,-0.05342110550637713,-0.062361361330099584,-9.922662080959649,-9.926072343368975,2.71852767468287,2.750907265645192,1.3396323553900837,1.3175993431453041,0.8000301775129129,0.7791637255780454
,-0.043,-0.041,-9.916,-0.05,-0.053,-9.926,2.73,1.4,0.84,-0.05335751104215002,-0.0528633679584479,-0.05106453477780399,-0.058354428573153455,-9.927889389421681,-9.928110255579265,-0.06767997352722492,-0.05717878971257986,-0.0535033887331341,-0.06195196523538702,-9.921280619971457,-9.926069179609808,2.7138724156568483,2.7499929378455867,1.3353036399886755,1.321202933043025,0.8046674079400205,0.7818242502909554
,-0.031,-0.072,-9.947,-0.098,-0.043,-9.892,2.66,1.26,0.77,-0.05440022544046366,-0.05190722737762523,-0.050328146127750564,-0.05895118405083277,-9.926321118956745,-9.928936352054262,-0.06739466039154177,-0.05896400486279266,-0.05399512840928096,-0.061123147686218335,-9.920082233355854,-9.924579247901107,2.709841275858483,2.7460573182271846,1.3290310341448455,1.3185263734178554,0.8088118518488844,0.781307145809959
,-0.062,-0.062,-9.933,-0.019,-0.053,-9.926,2.66,1.4,0.77,-0.055205315265974754,-0.052348609944831204,-0.04960117373593821,-0.059084516511686856,-9.924877837810527,-9.929114065694469,-0.0666510543960387,-0.057216277481808527,-0.054897485019411586,-0.060767901817348986,-9.91915226652761,-9.924641380996961,2.7064756966507217,2.7422938132452366,1.3208308701504596,1.322089421928498,0.8121810766848615,0.7808126556205824
38237.0,-0.06,-0.053,-9.933,-0.065,-0.055,-9.909,2.66,1.26,0.91,-0.05571291714226152,-0.052683224654941456,-0.04890410663546866,-0.058818425159130105,-9.923608116884171,-9.929284007466066,-0.06549945338482555,-0.057556679426451755,-0.0561859597070688,-0.060515656829099713,-9.91855203185093,-9.923957343700433,2.7037662305806767,2.738694895889779,1.3108446595461192,1.319374093894021,0.8145669880511183,0.7864623461314237
,-0.048,-0.057,-9.926,-0.074,-0.067,-9.902,2.73,1.4,0.91,-0.05589005445859531,-0.05247841535244931,-0.04826792691090111,-0.058738900810862374,-9.9225488202496,-9.929140389483146,-0.06400582510123727,-0.0582757875763821,-0.05780879999441793,-0.06079923361642092,-9.918315276451558,-9.922997093321857,2.701650259163402,2.7383146460205894,1.299339791040826,1.322900069436309,0.8158545206224765,0.7918649613345279
,-0.067,-0.065,-9.911,-0.05,-0.034,-9.933,2.66,1.19,0.77,-0.055733248551495536,-0.05311348111202318,-0.04773146978120587,-0.059012714572157884,-9.9217219268084,-9.928347064201802,-0.062247562832066755,-0.05791386637764064,-0.05968771474040586,-0.0596272351007162,-9.918448221124402,-9.923434545823199,2.700019590256116,2.7348897477489524,1.2867029670416743,1.3170880120340043,0.8160300392600968,0.7909087510713244
,-0.079,-0.034,-9.909,-0.079,-0.055,-9.926,2.59,1.12,0.77,-0.05526872782522912,-0.05424556429573337,-0.04733653591586873,-0.05791884506932432,-9.9211312730231,-9.927500967971875,-0.06031006730552201,-0.05883601652794248,-0.06172131421541565,-0.0594248743635594,-9.918932587943317,-9.923546739646737,2.698737439286473,2.7285533512783253,1.2734264767746601,1.3084688529612793,0.8151777140464826,0.7899943583102637
38313.0,-0.045,-0.012,-9.911,-0.053,-0.06,-9.923,2.8,1.47,0.84,-0.05454998196149354,-0.05384123229928357,-0.04712163721759986,-0.055910697409790225,-9.920760227163319,-9.926779338754878,-0.05828396819036829,-0.058580792710490256,-0.06379147935695818,-0.05945002606759317,-9.919730598639697,-9.92352282933409,2.6976622193678943,2.7316778945937195,1.2600877757253233,1.3155330200669186,0.8134642066130824,0.7921812319603118
,-0.069,-0.048,-9.923,-0.038,-0.05,-9.923,2.8,1.33,0.91,-0.053652671754024495,-0.0545041636912569,-0.04711573656173271,-0.05556474253081255,-9.920571343724257,-9.926614058677304,-0.05626260894960974,-0.057680742401068665,-0.06577250800320351,-0.05903675243883523,-9.92079073463613,-9.923499964680111,2.696673689884553,2.7346657936983014,1.247322259198739,1.316165697823715,0.8111140051459145,0.7973337457687687
,-0.026,-0.034,-9.897,-0.074,-0.069,-9.943,2.73,1.33,0.77,-0.052667381731811895,-0.05325760425542707,-0.047333398651158376,-0.05462166159799884,-9.920508711159618,-9.925318960716274,-0.054339450472328195,-0.05839442496218605,-0.06754232445442133,-0.05947247054631607,-9.922053161948902,-9.924352750725348,2.6956955091526993,2.7344617466957915,1.2357879804845613,1.316770706976159,0.8083786989095423,0.7961383716797866
,-0.036,-0.065,-9.935,-0.053,-0.103,-9.919,2.8,1.19,0.77,-0.05169121469021216,-0.052502885413034994,-0.0477722772990477,-0.05507553268165452,-9.920503152749728,-9.925742337139399,-0.05260510679000993,-0.058158513064881324,-0.06899438478118369,-0.061376039903641,-9.923454067154477,-9.92411866134821,2.6947081067025516,2.7373279008811613,1.226121387523756,1.3112267021535786,0.8055039234884531,0.7949952743341642
38389.0,-0.043,-0.069,-9.916,-0.067,-0.101,-9.914,2.66,1.12,0.7,-0.05081948535936072,-0.05208730011091782,-0.04841305448146687,-0.05568448498464427,-9.920479854094427,-9.925316280005442,-0.05114371469195511,-0.05854517373260402,-0.07004838395708426,-0.06310889626378784,-9.924928598506844,-9.923676146601306,2.693748005374395,2.733946155479317,1.2188863272395645,1.302863873040817,0.8026985611860081,0.7908408898427217
,-0.062,-0.043,-9.919,-0.055,-0.079,-9.916,2.66,1.05,0.77,-0.050138569713345384,-0.05252080764038359,-0.049221302372848684,-0.055129760256793364,-9.920367487932827,-9.925040053046972,-0.050028369260683804,-0.058390134285879636,-0.07065775251655286,-0.06380385456962306,-9.926412562968919,-9.923340449224588,2.6928938098847417,2.730712302388431,1.2145231393857139,1.2918054939796488,0.8001116084497639,0.789929464825453
,-0.077,-0.036,-9.923,-0.057,-0.077,-9.947,2.59,1.05,0.7,-0.04972037649146158,-0.05359134486252048,-0.05015060155922528,-0.054293167280007215,-9.920107557954594,-9.924950836348568,-0.049315603912667275,-0.0583293401847124,-0.07081247085349354,-0.06438095550761216,-9.927843356137862,-9.924375141439594,2.692243319151143,2.7245585962078342,1.2133073989374554,1.28123072590644,0.7978215418168888,0.7859966210433469
,-0.017,-0.041,-9.959,-0.024,-0.045,-9.931,2.59,1.33,0.84,-0.04961829286168257,-0.05199111246482101,-0.05114654949962169,-0.05371182333024453,-9.919662524744359,-9.926439892708599,-0.049039370676971436,-0.05682803099365581,-0.07053687347283703,-0.0635333771248504,-9.929160661888451,-9.924664863321595,2.6918888580038547,2.718674007219653,1.2153264991097166,1.283363530062997,0.795840413713985,0.788358325892304
38464.0,-0.077,-0.038,-9.919,-0.041,-0.048,-9.919,2.66,1.33,0.84,-0.049864207038195565,-0.05308481460161258,-0.052151628581025004,-0.053024705411664264,-9.919021325584234,-9.926114527314338,-0.049205499347869566,-0.056135831018962266,-0.06988338115245488,-0.0628540631118164,-9.930307328918301,-9.924417124468327,2.691897886940779,2.716108043940399,1.2204770287303432,1.2854030612796803,0.7941310341472013,0.7906167473930458
,-0.036,-0.048,-9.933,-0.057,-0.086,-9.909,2.8,1.33,0.91,-0.05046637535672235,-0.05233765228940709,-0.053110874065359255,-0.05280496228883423,-9.918201231431109,-9.926415646513604,-0.04978791841904463,-0.05617362332218969,-0.0689238874867596,-0.06386629368772827,-9.93123074954748,-9.92374289447907,2.6923031868207863,2.719776852138003,1.2284795101937789,1.2873533986189227,0.7926319038001396,0.795837680083062
,-0.069,-0.112,-9.919,-0.014,-0.053,-9.919,2.73,1.19,0.84,-0.051408200076046344,-0.053066339052039176,-0.053977825798202324,-0.05539371155411403,-9.917245679788673,-9.926091341467,-0.050727826309178936,-0.05432926371687582,-0.06774056069103201,-0.06339108308075682,-9.931885075580551,-9.923535475663696,2.693102663615539,2.720223936345394,1.2389032187022373,1.2830958873664264,0.7912825525034882,0.797769010438756
,-0.014,-0.057,-9.88,-0.067,-0.081,-9.978,2.8,1.33,0.77,-0.05264818999469682,-0.05135786887567739,-0.054719682068320494,-0.055463958625404104,-9.916218657017929,-9.924075650102115,-0.05193654295090253,-0.05488338717910827,-0.06641731006060195,-0.0641611657177422,-9.93223446355482,-9.925917347570719,2.6942652732096284,2.7237127461199644,1.2511944114218445,1.2851471232776397,0.7900425524757964,0.7965546011208392
38540.0,-0.053,-0.045,-9.895,-0.045,-0.06,-9.907,2.59,1.19,0.77,-0.05412146117198501,-0.05142968343828187,-0.055320390354451084,-0.055006343152032705,-9.91519701981406,-9.922804098114824,-0.05330213320840921,-0.054451161568859756,-0.0650325803546823,-0.06397918737781658,-9.93225710661515,-9.925090043939903,2.6957386178551617,2.71786514830331,1.2647050299910145,1.2809860980464316,0.788900458065437,0.795393301005164
,-0.089,-0.048,-9.911,-0.053,-0.048,-9.935,2.66,1.12,0.77,-0.055743063359611426,-0.05307272875349976,-0.05578089020373683,-0.05469993798044344,-9.914262455718095,-9.922287874939647,-0.05469923358471251,-0.05438769858969048,-0.06365380328587747,-0.06328037695073431,-9.931949339769393,-9.925523431474762,2.697455548676988,2.71533455847775,1.2787228816243357,1.273945767316828,0.7878727258694952,0.7942827874914993
,-0.024,-0.067,-9.945,-0.081,-0.062,-9.933,2.66,1.33,0.77,-0.05741312534723706,-0.051801304524199794,-0.05611660769074458,-0.055237850916176175,-9.913494402543387,-9.9232811338231,-0.056000947377314536,-0.055551522085495915,-0.06233373848311071,-0.06322438281645117,-9.931328947544204,-9.925850400795586,2.6993398221037266,2.712914637769146,1.2925063688518614,1.276397161205323,0.7869954649917547,0.7932208395528175
,-0.05,-0.05,-9.914,-0.041,-0.055,-9.935,2.73,1.26,0.77,-0.05902342410717618,-0.05172252890475817,-0.056352999746710854,-0.05500878639936553,-9.912964396453239,-9.922875246280926,-0.0570913222919319,-0.05491514708576473,-0.061108862572421305,-0.0628647096783521,-9.93043693546844,-9.926250535994985,2.7013122602026196,2.7136618240305683,1.3053263306811214,1.2756800717217405,0.7863128206022677,0.7922053332932414
38615.0,-0.096,-0.055,-9.909,-0.093,-0.091,-9.962,2.73,1.26,0.77,-0.060464709497648435,-0.0536588951137898,-0.05652017453162509,-0.05500840214781706,-9.912731578349183,-9.92226844653885,-0.05787686542371732,-0.05658069438182497,-0.059999752691394334,-0.06409513734534658,-9.929337179900731,-9.927813950805676,2.7032981276857155,2.7143763339400517,1.3165148166183238,1.2749943423816013,0.7858652988671783,0.7912342377002517
,-0.067,-0.031,-9.926,-0.036,-0.036,-9.931,2.73,1.4,0.84,-0.0616339651784712,-0.054242335496761,-0.05664755473816849,-0.05395845377673967,-9.912838924676176,-9.922431636844227,-0.058295769146751324,-0.05568064837256552,-0.05901311280514147,-0.0628664656699338,-9.9281134976293,-9.927953284824707,2.7052346126750617,2.7150595965174156,1.3255168939607198,1.2804611571152018,0.7856802343960685,0.7933668882771509
,-0.074,-0.072,-9.899,-0.062,-0.057,-9.897,2.73,1.54,0.77,-0.06244071287264725,-0.05510638832017456,-0.05675941399736719,-0.054747456391416045,-9.913310118176273,-9.92140691188399,-0.05832392847945141,-0.05595700966086114,-0.05814491893502566,-0.06260991023420738,-9.92686399255575,-9.926599619104636,2.707076044766459,2.715712978287814,1.3319383956184965,1.2918114495520094,0.7857655158424484,0.792344994936116
,-0.045,-0.057,-9.89,-0.057,-0.062,-9.933,2.73,1.4,0.7,-0.06281163861039328,-0.05466441030394045,-0.05687188202720526,-0.054845965841484906,-9.914147425727418,-9.920033407901087,-0.05797727550328677,-0.05600262227601503,-0.0573842103159983,-0.06258323731141283,-9.925693118479392,-9.926879524008509,2.7087946018338713,2.716337786014788,1.3355809648614008,1.2965428094989446,0.7861070101318052,0.788306513890465
38691.0,-0.062,-0.045,-9.902,-0.074,-0.048,-9.923,2.73,1.26,0.77,-0.06269333566592394,-0.05498521426268996,-0.0569916541349819,-0.054415376761324456,-9.91533116992504,-9.919244761195898,-0.05731027277140986,-0.056789693290096685,-0.05671716743229396,-0.06194547532434343,-9.924702464197708,-9.926709862575473,2.710375462413591,2.7169352693137916,1.3364568032975888,1.294944699675901,0.7866699049957965,0.7875059235670833
,-0.065,-0.074,-9.94,-0.086,-0.069,-9.926,2.73,1.4,0.84,-0.06205354187856903,-0.05542318626544291,-0.05711629489375456,-0.05527186205097467,-9.916821216703578,-9.920152440475823,-0.05641055031117726,-0.05806713415267081,-0.056131101753294964,-0.06225398759626921,-9.923981467512588,-9.926678818483067,2.7118070109809036,2.7175066231514227,1.3347795101068427,1.299539034641186,0.7874038810564477,0.7898016227853241
,-0.055,-0.05,-9.926,-0.038,-0.077,-9.919,2.66,1.26,0.84,-0.06088153691747747,-0.05540467925579985,-0.057235837899978284,-0.055041310140902265,-9.918560365199086,-9.920408169097803,-0.055389820648552156,-0.05718954743590116,-0.05561786356352706,-0.06289886815132906,-9.923599091113378,-9.926343004258177,2.7130683614406332,2.7149917125408685,1.3309327974801894,1.2978098922867765,0.7882510257684787,0.7919969252491355
,-0.041,-0.041,-9.933,-0.062,-0.024,-9.909,2.66,1.33,0.84,-0.05918830874783458,-0.05477472606577073,-0.057335341134878294,-0.05442724800467746,-9.920478899136324,-9.920958841827426,-0.05437161214660594,-0.057399920737827875,-0.05517613643944301,-0.06119772190257898,-9.923597232917254,-9.925584550656877,2.7141178557742727,2.712586785355396,1.3254231082644488,1.2992176474114288,0.7891540977008362,0.7940962215634451
38767.0,-0.048,-0.084,-9.926,-0.041,-0.069,-9.923,2.59,1.26,0.77,-0.05700686878986496,-0.05447845009732198,-0.057398065109819284,-0.05572053951964768,-9.922499278436653,-9.921179304471256,-0.05347702080183428,-0.05668271057288375,-0.05481224448518216,-0.06153893532980512,-9.923986463814572,-9.925471521695789,2.714886886622875,2.707225754046146,1.3188239654331246,1.2975025601364156,0.7900623953481593,0.7930424326263933
,-0.079,-0.05,-9.909,-0.031,-0.069,-9.921,2.73,1.26,0.7,-0.05439277293566143,-0.05555083972234127,-0.05740892744462509,-0.05547036580490573,-9.92454020258291,-9.920646672569653,-0.052810286334875146,-0.05555954044415849,-0.05453937545333541,-0.06186522662769087,-9.924744494774169,-9.925275970701106,2.715282731227682,2.7082217296339652,1.3117197275829393,1.2958624779816754,0.7909337329182514,0.7889734508601061
,-0.043,-0.053,-9.94,-0.043,-0.036,-9.938,2.8,1.4,0.84,-0.05142447967033577,-0.055001959641068396,-0.05735785468438806,-0.05536233043725167,-9.92651983189856,-9.921493042706462,-0.05244622781616893,-0.05501027985823383,-0.05437534105665393,-0.060734074608573226,-9.92581746120914,-9.925832424802202,2.715201700613612,2.7122354263755404,1.3046551464877487,1.3004166761718752,0.7917330417174852,0.7912049713845156
,-0.089,-0.043,-9.907,-0.055,-0.079,-9.95,2.73,1.26,0.84,-0.04820277768052589,-0.056488780249741403,-0.05724266984092796,-0.0548216943455452,-9.928358430452088,-9.920859225158425,-0.052421326123780684,-0.055009830293937925,-0.05433910729705067,-0.061532889893858404,-9.9271237471773,-9.926889334214815,2.714550464460374,2.7130123162753783,1.2980952828533072,1.298649152325442,0.7924294039846681,0.7933389018516942
38843.0,-0.031,-0.072,-9.923,-0.038,-0.034,-9.892,2.66,1.12,0.7,-0.04484841854382615,-0.05537409118633787,-0.05707122091042355,-0.05557294525881784,-9.92998088316109,-9.920952846676588,-0.05272961874130024,-0.05426594723585416,-0.05444644635391724,-0.06032880672676024,-9.928559863845587,-9.925363535063282,2.7132705835320476,2.7106939531132785,1.2923985784534557,1.290836371394683,0.7929932807735589,0.7892569547335996
,-0.034,-0.081,-9.945,-0.06,-0.062,-9.919,2.8,1.33,0.77,-0.041497440479188914,-0.05443934792078508,-0.056862447967316654,-0.05668493490904233,-9.931319440687703,-9.922004489734944,-0.05332379812922679,-0.05451671191908128,-0.05470524092919118,-0.06040189225091092,-9.930007971048024,-9.925085241521177,2.7113604059092853,2.714599533246382,1.2878046295768,1.2925490962901784,0.7933950243719485,0.7884147992194604
,-0.036,-0.05,-9.931,-0.05,-0.043,-9.914,2.73,1.33,0.84,-0.038294308099528565,-0.05363294842805924,-0.05664599829350563,-0.056392585735811504,-9.93231675653675,-9.922397886233872,-0.05412121189003145,-0.05431918464121967,-0.055111129578357385,-0.059640863328202315,-9.931344816776347,-9.924600455769651,2.7088893127390414,2.71527303475149,1.2844369166200529,1.2941869193782543,0.7936052194526245,0.7906707509982486
,-0.038,-0.065,-9.945,-0.036,-0.072,-9.976,2.8,1.19,0.77,-0.035383563630463896,-0.052949279909174904,-0.056460060970676074,-0.05676900981144266,-9.932928952225833,-9.923386334044165,-0.055013961623016125,-0.05351804019374283,-0.05564422853902552,-0.06018135974843813,-9.932451784636166,-9.926848288316211,2.706000724557148,2.7189783600205892,1.2823186019999075,1.28963056091611,0.7935967815962128,0.7897667665845448
38919.0,-0.019,-0.038,-9.919,-0.057,-0.041,-9.945,2.73,1.4,0.84,-0.032900912550622025,-0.0514645917187478,-0.0563474690399034,-0.05594819336739407,-9.933128268922276,-9.923194508521737,-0.05588194305379016,-0.05367031513499997,-0.05626759361924378,-0.05934251019489742,-9.933225247010043,-9.92764210874613,2.7029019598851756,2.7194603643152413,1.2813969215882919,1.294457296659263,0.7933477644297973,0.7919635933984985
,-0.057,-0.045,-9.943,-0.065,-0.038,-9.919,2.66,1.4,0.84,-0.03096456837721471,-0.05170666917448042,-0.05635063366241041,-0.05546940107952909,-9.932904927942138,-9.924060652940177,-0.056607345106726464,-0.05416579101446863,-0.056927959680291795,-0.058409148046268435,-9.933585916100826,-9.927264167392734,2.699841438502235,2.7168600116440356,1.2815699609779645,1.2990729469957343,0.7928430031155973,0.7940643473992492
,-0.01,-0.062,-9.931,-0.103,-0.045,-9.952,2.59,1.33,0.84,-0.029667478532797737,-0.049882730659405565,-0.05650618144825616,-0.055755000748198905,-9.932268018562016,-9.924364128202585,-0.05708876965195023,-0.05630143493868846,-0.057559148872481446,-0.05782273196318082,-9.933485888239508,-9.92834592814438,2.697076818321356,2.7113121013016297,1.2827095104442334,1.300425465531709,0.7920727716051144,0.7960732300947985
,-0.014,-0.067,-9.926,-0.084,-0.067,-9.931,2.73,1.26,0.84,-0.029070924500093798,-0.04831348775962028,-0.056840084208034936,-0.05624677311082857,-9.93124539085759,-9.924435669028934,-0.057252903779196,-0.05751276350142454,-0.058088266851776565,-0.05822407719085875,-9.932912622836062,-9.928461997443968,2.6948403651112303,2.712129370550804,1.2846754673853213,1.2986575573042585,0.7910277712488829,0.7979942592505372
38994.0,-0.036,-0.048,-9.935,-0.043,-0.053,-9.916,2.59,1.19,0.63,-0.029199940215175666,-0.04777498768219342,-0.05736372660981811,-0.055886120788318776,-9.92988260198382,-9.924897674039777,-0.057061933318223956,-0.05687808351296319,-0.058444288034143005,-0.05799561503402074,-9.931889766175193,-9.927917002661054,2.693308820656407,2.7067883431521027,1.2873207775170736,1.2939056864969283,0.7896918349476292,0.7906474438413121
,-0.045,-0.065,-9.947,-0.017,-0.072,-9.928,2.66,1.26,0.7,-0.030040888263245764,-0.047653630426565154,-0.05807104404778991,-0.056284693861761353,-9.928240992649354,-9.92586426486061,-0.056515824717465,-0.055134113690717815,-0.058567970057601934,-0.05860806233861188,-9.930475179855478,-9.927920632345375,2.692583810537006,2.7047421701341943,1.2904899085782764,1.2924229047570803,0.7880361178279709,0.786683201014258
,-0.031,-0.05,-9.909,-0.089,-0.062,-9.954,2.66,1.26,0.7,-0.031541296272534394,-0.04692532489289236,-0.05893676230218634,-0.056009848245537106,-9.926395016155274,-9.925126747748443,-0.055649863478909524,-0.056615154867327565,-0.058421522205949164,-0.058756400382953336,-9.928756704495264,-9.929061149295196,2.6926861230037575,2.702785481456554,1.2940162069933194,1.2910049688267464,0.7860198814174729,0.7828923245892324
,-0.038,-0.057,-9.909,-0.031,-0.086,-9.916,2.73,1.26,0.84,-0.03361184393662198,-0.046534997778454185,-0.0599158160660713,-0.05605315009525276,-9.92442905774962,-9.924421484131773,-0.054528706141144405,-0.055494939121095946,-0.057996283428004086,-0.05994783215188527,-9.926846150235331,-9.928489952080884,2.693563947834453,2.7039756414363154,1.297723050318543,1.2896490428340661,0.7836017525215058,0.7853897882023618
39070.0,0.002,-0.062,-9.914,-0.06,-0.072,-9.931,2.73,1.33,0.84,-0.036130418519959934,-0.04441243911986531,-0.06094404463053055,-0.056313220937622366,-9.922434133828673,-9.92396572617583,-0.05323831990187847,-0.05569195686939453,-0.05731686444802173,-0.060474904046223306,-9.92487191391376,-9.928599722848125,2.695112006863628,2.7051137526989493,1.301431192788334,1.2914136926215423,0.7807614517477581,0.787778031391896
,-0.05,-0.089,-9.928,-0.067,-0.057,-9.909,2.8,1.33,0.84,-0.03894835052520541,-0.04465679734113605,-0.06194018561346272,-0.05774269676116985,-9.92050485667886,-9.924142155211134,-0.05187685260256303,-0.05618648630088073,-0.056440746278272835,-0.06032293767126344,-9.922970669392175,-9.927742577214223,2.6971960875940515,2.7092633691614694,1.304971682278566,1.2931011697942614,0.7775273786440118,0.7900618306442139
,-0.029,-0.024,-9.935,-0.048,-0.055,-9.895,2.73,1.4,0.84,-0.04189897102407691,-0.04397208584874257,-0.06280908137555656,-0.05626704297621482,-9.91873673633153,-9.92461699632631,-0.05054518153772745,-0.05582847047360758,-0.055453160171633285,-0.060090152094660725,-9.921278753964982,-9.926310661195853,2.6996766387657742,2.710170234667824,1.30820142829051,1.2977761270010573,0.7740026764074435,0.7922457535578202
,-0.062,-0.057,-9.921,-0.017,-0.031,-9.95,2.66,1.26,0.7,-0.04480829333942121,-0.044760492298305345,-0.06344599105439545,-0.05629909704747099,-9.917223424181552,-9.924458815895242,-0.04933782558132508,-0.05413040289400826,-0.05445802787345853,-0.05881796589842277,-9.919923939396899,-9.92734665611697,2.702426252451405,2.707976162949026,1.311017573937697,1.2961240810728787,0.7703826759120119,0.7882116125895656
39146.0,-0.038,-0.105,-9.94,-0.057,-0.067,-9.943,2.73,1.33,0.77,-0.04750706716128595,-0.04446483880864017,-0.06374193709442053,-0.058428911160471234,-9.916053256275394,-9.925138471327326,-0.048334987152769134,-0.05425589765990455,-0.05356650186752199,-0.0591757870197185,-9.919018057073812,-9.928031216580875,2.705338590848,2.7089393212506145,1.313367450849816,1.2976055610013342,0.7669591578116096,0.7874151725409785
,-0.048,-0.053,-9.914,-0.045,-0.026,-9.909,2.66,1.26,0.84,-0.04984300776771052,-0.044619440381519174,-0.06358994973517157,-0.05819149109417253,-9.915304657635849,-9.924651357701254,-0.047596497596263346,-0.053851113759208376,-0.05288495796385421,-0.05772492563685337,-9.91865060521547,-9.927198933169189,2.7083293491233045,2.706799080500216,1.3152525608803336,1.2959609743573042,0.7641098423252988,0.7897148405319616
,-0.074,-0.038,-9.89,-0.053,-0.05,-9.887,2.73,1.33,0.77,-0.05169182652725779,-0.04590432683597116,-0.06289192339706776,-0.05730846593267182,-9.915040552779175,-9.923135965866761,-0.04715818617464681,-0.053813892393972135,-0.05250414379638791,-0.05738709502908652,-9.918883389761378,-9.925440931777002,2.7113318788798777,2.707813715605306,1.3167266038185388,1.297449587356477,0.7622735030723886,0.7888526605095204
,-0.086,-0.057,-9.902,-0.062,-0.065,-9.923,2.73,1.4,0.84,-0.05296572265140508,-0.047657812406007374,-0.061565784194912376,-0.057294975934397564,-9.91530261652213,-9.922211636425912,-0.0470307673735366,-0.05417189165995805,-0.052490750808635404,-0.05772002668876818,-9.91974656772126,-9.925334183634106,2.714290705780773,2.7087839781416068,1.31788815584214,1.3019343772248513,0.761912104313633,0.7910894635025865
39222.0,-0.043,-0.069,-9.899,-0.026,-0.038,-9.914,2.59,1.4,0.77,-0.053618215386229226,-0.04745411444566993,-0.059552765951033634,-0.05780686634990439,-9.91610663015565,-9.921196532642437,-0.047201044330868414,-0.05293986332352704,-0.05288214256933211,-0.05685761986252475,-9.921236780545748,-9.924838511012045,2.71715585000074,2.703589253245214,1.3188683506599563,1.3062230358476752,0.7634624480385819,0.7901671677281694
,-0.057,-0.06,-9.947,-0.002,-0.062,-9.923,2.73,1.19,0.77,-0.053644719954116085,-0.047871580253121486,-0.05682449482994852,-0.057902777651676805,-9.917440096065661,-9.922324983771896,-0.04763520427555751,-0.050712133789918526,-0.05368448561614014,-0.05708250919983093,-9.923317930559381,-9.924758108258441,2.71988017685852,2.7047442622442883,1.3198139027269131,1.3011403074587293,0.7672817683457694,0.7892852062892087
,-0.036,-0.043,-9.902,-0.089,-0.031,-9.928,2.73,1.26,0.56,-0.05307909949263545,-0.04735240591273279,-0.05338922376173836,-0.05725104135437685,-9.919262655350863,-9.921436120636727,-0.04828402941497879,-0.05238655937275388,-0.05487419322157586,-0.055941854862263385,-9.925924604356299,-9.924899884413819,2.7224209655384546,2.7058487597678513,1.32086689298864,1.2993411373791894,0.7735942277139399,0.7792579821793615
,-0.031,-0.077,-9.911,-0.06,-0.026,-9.943,2.8,1.4,0.77,-0.0519872293342206,-0.046637273691706116,-0.04929623424075177,-0.05811471344853711,-9.92150914659443,-9.920979722589268,-0.04908961951202059,-0.052719514458046735,-0.056402375014251056,-0.05463242154195691,-9.928967574254568,-9.925691448415414,2.7247452269644605,2.709966232505438,1.3221443284803303,1.3037432049633844,0.7824471983755006,0.7788531071173379
39297.0,-0.069,-0.029,-9.935,-0.043,-0.101,-9.938,2.73,1.4,0.77,-0.05045897484916905,-0.04761525248078507,-0.04463735344419699,-0.056841453121945315,-9.924094703100977,-9.92159286491081,-0.049992695646093405,-0.05229445541787995,-0.05820169280984013,-0.05666019345168611,-9.932340488718774,-9.926229732621376,2.7268364373034655,2.710842360013548,1.323721048242211,1.3079527589575062,0.793686127178178,0.778465938269549
,-0.031,-0.065,-9.945,-0.062,-0.089,-9.943,2.73,1.19,0.77,-0.048599790740968464,-0.046888625312103374,-0.039544680880575674,-0.05719824708733426,-9.926921107832277,-9.922616518347102,-0.050939157989813556,-0.052718903519910036,-0.06019451484820095,-0.058074495286406395,-9.935926851242803,-9.926963138985045,2.7286993996517626,2.7116801722416843,1.3256186994031685,1.302794385386078,0.8069540023697964,0.7780957012982992
,-0.079,-0.079,-9.935,-0.086,-0.084,-9.914,2.8,1.19,0.77,-0.046522636393431877,-0.048292937241695005,-0.034183911208918574,-0.05815169308579553,-9.92988353979688,-9.923158079435161,-0.05188467531813097,-0.0541743703528045,-0.06230074910955344,-0.05920828341923605,-9.939606644645911,-9.926396228010395,2.730360540731843,2.7155426225087926,1.3278025527457296,1.297861600585422,0.821716923036564,0.777741655729646
,-0.043,-0.029,-9.933,-0.053,-0.065,-9.943,2.73,1.33,0.84,-0.044340447113716805,-0.04806146366003319,-0.02874313312380005,-0.056876815545793886,-9.932876883978906,-9.923588491605106,-0.05279660295928015,-0.0541230121561458,-0.06444374748851525,-0.05946156988754306,-9.943262344917745,-9.927122353108054,2.7318626028549855,2.71617488032643,1.3301874979150063,1.2992670943749134,0.8373128386445702,0.7804643711669405
