Timestamp,AccX,AccY,AccZ,GyroX,GyroY,GyroZ,MagnX,MagnY,MagnZ,AccX_butter,AccX_kalman,AccY_butter,AccY_kalman,AccZ_butter,AccZ_kalman,GyroX_butter,GyroX_kalman,GyroY_butter,GyroY_kalman,GyroZ_butter,GyroZ_kalman,MagnX_butter,MagnX_kalman,MagnY_butter,MagnY_kalman,MagnZ_butter,MagnZ_kalman
9465.0,-9.864,-0.074,-0.129,-9.899,-0.072,-0.112,2.8,1.26,0.77,-9.86465709427494,-9.864,-0.07330352745545189,-0.074,-0.1290575274512638,-0.129,-9.89974820307785,-9.899,-0.07255327960841597,-0.072,-0.1126180678618498,-0.112,2.800513830914874,2.8,1.257867380097752,1.26,0.7725386772999198,0.77
,-9.909,-0.105,-0.057,-9.923,-0.096,-0.06,2.8,1.33,0.98,-9.872070861934652,-9.885974859720815,-0.07377814572233496,-0.08913823669656125,-0.11852635921950896,-0.09384022444669643,-9.901045017404442,-9.910719925184434,-0.0716940548153132,-0.08371992518443452,-0.10692161169384112,-0.08660682876705854,2.7643378795555176,2.8,1.2547639929265366,1.2941831151212675,0.7758143982353191,0.872549345363802
,-9.921,-0.101,-0.06,-9.902,-0.091,-0.086,2.59,1.12,0.84,-9.879152266728468,-9.897498402902434,-0.07418094219969242,-0.09304084895015331,-0.10848488175798086,-0.08270652777685165,-9.902325048772193,-9.90785100207371,-0.07086956508353869,-0.08611512634091488,-0.10152239270632818,-0.0864071773896391,2.729841102598696,2.730908368992935,1.2517176468965348,1.2368755174183166,0.7790307773192987,0.8618403579381004
,-9.902,-0.069,-0.093,-9.868,-0.062,-0.062,2.59,1.33,0.77,-9.885603158162308,-9.898617903208239,-0.07448893592440392,-0.08706214024562216,-0.09933705758667934,-0.08526640709342605,-9.90354247888044,-9.897940472978984,-0.07012461301100457,-0.08011794562303608,-0.09669256613631214,-0.08033736661818792,2.6985989602030935,2.695865925442539,1.2488415066060738,1.2600346061747276,0.7820977277753095,0.8390006176040439
9540.0,-9.88,-0.036,-0.096,-9.89,-0.06,-0.072,2.66,1.33,0.84,-9.891170723720347,-9.894886110397602,-0.07469258931165547,-0.07682718920236808,-0.0914121904056997,-0.08741786015411952,-9.904646652713936,-9.896348875920786,-0.06949786203463285,-0.07608548267588659,-0.09263951999421419,-0.07866621576637595,2.6719327200615184,2.6886769202567082,1.2462614244852852,1.274058545968067,0.7849514689502654,0.8392009349007121
,-9.866,-0.096,-0.081,-9.94,-0.067,-0.069,2.59,1.26,0.7,-9.895665918811988,-9.890022890302344,-0.07479419206426605,-0.08005509346051169,-0.08494212626780905,-0.08633735931684994,-9.905586361855182,-9.90369791048725,-0.06902010356887604,-0.07455586510826283,-0.08948771317175681,-0.07703882688940056,2.6508175816811783,2.6720638292269636,1.2441047854126193,1.2716916712895123,0.787569572794378,0.8157652845286197
,-9.907,-0.065,-0.062,-9.931,-0.057,-0.048,2.59,1.19,0.84,-9.898975714829486,-9.892494093678705,-0.07480540254853926,-0.07786366049850521,-0.0800485820701153,-0.08279479137763186,-9.906314831309873,-9.907672027223676,-0.06871261631812249,-0.0720004175731348,-0.08727186499165471,-0.07281190909640603,2.6358262304047457,2.660118544341942,1.2424873466073392,1.2598005580490137,0.7899755156012919,0.8192929115372551
,-9.923,-0.069,-0.065,-9.892,-0.081,-0.127,2.59,1.05,0.77,-9.90106912771343,-9.8964167430185,-0.07474472287384795,-0.07672391294809859,-0.07674070462824174,-0.08050662049314537,-9.906794635457022,-9.905656815264564,-0.06858614885274862,-0.07315764285578545,-0.08594166038003032,-0.07977976891899262,2.62711090682386,2.651102242424096,1.2414999523124852,1.2328230274733976,0.7922346550319266,0.8129545059556705
9616.0,-9.911,-0.074,-0.084,-9.887,-0.062,-0.089,2.66,1.26,0.77,-9.901997090370557,-9.898101158294438,-0.07463535337315179,-0.07640929183253295,-0.07492218781709294,-0.08091011758665859,-9.907001662248351,-9.903501890293288,-0.06864085192500852,-0.07186889754370757,-0.08537637486154176,-0.08084473664878168,2.6244226152909054,2.652129963378438,1.2411985084803279,1.2359620592915712,0.7944443610277819,0.8079931159113308
,-9.933,-0.079,-0.065,-9.907,-0.067,-0.091,2.59,1.33,0.84,-9.901886029373637,-9.901770705528358,-0.07450349766097604,-0.07668169989896775,-0.07440672186922068,-0.07923719879829133,-9.906927653923338,-9.903869709916258,-0.06886717642330749,-0.071356942170962,-0.08540645674815997,-0.08191254339304588,2.627162523099952,2.645597115177271,1.2416003244035196,1.2458499709913826,0.7967208370627983,0.8113585792686807
,-9.897,-0.081,-0.091,-9.935,-0.069,-0.089,2.66,1.33,0.77,-9.900925146252513,-9.901309003905462,-0.07437693141171198,-0.07709961841289573,-0.07493999689400935,-0.08037558480269923,-9.906581313390758,-9.906882452029024,-0.06924753699915302,-0.07112884089350165,-0.08583843632833299,-0.08259845666062987,2.634457921436663,2.646991004457905,1.2426872435532819,1.2539938827732133,0.7991847336810144,0.8073559588898868
,-9.899,-0.084,-0.043,-9.897,-0.091,-0.105,2.73,1.19,0.77,-9.899348101721047,-9.901101428040707,-0.07428349843966323,-0.07771995199989801,-0.0762260299859678,-0.07701557778072582,-9.905988039680464,-9.905994034941047,-0.06975844566749113,-0.07291522723327508,-0.08647961960310514,-0.08461232061274358,2.645253440660138,2.654453384227499,1.2444128258124538,1.2482409321072532,0.8019473104309534,0.8039977162069922
9691.0,-9.871,-0.077,-0.096,-9.919,-0.043,-0.12,2.66,1.33,0.84,-9.897410790953343,-9.898567974044608,-0.07424919995292857,-0.07765935802180916,-0.07795533216129615,-0.0786133810567038,-9.90518820181354,-9.907088667863684,-0.07037279312763195,-0.0703974446258895,-0.08715955718656013,-0.08759068621171406,2.658407620610356,2.654920209119483,1.2467098000539303,1.2551220952530722,0.8050986675807527,0.8070278093182145
,-9.911,-0.077,-0.127,-9.876,-0.067,-0.089,2.66,1.12,0.7,-9.895367734545802,-9.899554189844668,-0.07429575266609516,-0.0776070520419682,-0.0798322970162906,-0.08245182607641499,-9.904233896328984,-9.904622445901149,-0.07106198639664252,-0.07012792994003653,-0.08774596105239445,-0.087702485167913,2.6727854340352657,2.655323182057711,1.2494955542794879,1.244403042239988,0.8086992788891254,0.7985374380002778
,-9.832,-0.06,-0.089,-9.911,-0.101,-0.108,2.8,1.26,0.84,-9.893449957532878,-9.894473319304263,-0.07443785715964112,-0.0762827944018553,-0.08159912648403421,-0.08294432586152531,-9.903184423048263,-9.905102113066356,-0.07179770880199532,-0.0724498731333411,-0.0881535801258866,-0.08922909729057993,2.687338847143639,2.6662045823654186,1.252675808824232,1.245576117120836,0.8127754561963864,0.8016559108926115
,-9.909,-0.045,-0.096,-9.926,-0.084,-0.093,2.73,1.19,0.91,-9.89184700000181,-9.895514554491347,-0.07468077796068186,-0.0740405239917202,-0.08305383201640978,-0.08388012307417239,-9.902100960924896,-9.906600019963793,-0.07255306219198798,-0.07327775658178648,-0.0883456218462898,-0.08949938591813071,2.701169583114773,2.6707772741597218,1.2561479268285254,1.2415925636911314,0.8173183242227838,0.8094217371163752
9767.0,-9.878,-0.084,-0.091,-9.897,-0.043,-0.067,2.66,1.4,0.91,-9.89069500009705,-9.894312678228708,-0.07501897391428639,-0.07472395889202528,-0.08406063985352036,-0.08436870022149842,-9.901040944449575,-9.905941251502338,-0.07330282139169511,-0.07120004932753618,-0.08832849147905544,-0.08795544268666956,2.713570536448387,2.6700377206646597,1.2598048895833498,1.2524627309922356,0.8222846352927657,0.8163235756277168
,-9.854,-0.108,-0.069,-9.876,-0.098,-0.072,2.8,1.4,0.84,-9.890071784449463,-9.891653526962088,-0.07543626915611705,-0.0769189514042651,-0.08455237219658647,-0.08335493233367829,-9.900052590210928,-9.9039662322192,-0.07402267808128642,-0.07296785851083343,-0.0881416376336628,-0.08690297141723366,2.724044732660649,2.678610442073708,1.2635394323801403,1.2621947540925058,0.8275972051210568,0.8178853471751537
,-9.897,-0.06,-0.103,-9.904,-0.084,-0.072,2.73,1.05,0.63,-9.889998792975318,-9.89199376637226,-0.07590751836948867,-0.07584226140589083,-0.08452559346033928,-0.08460510720375813,-9.899170123071624,-9.903968381136766,-0.07468770068312483,-0.0736699230843531,-0.0878448823089118,-0.08595457456404876,2.732303214856111,2.6818807761339007,1.267246782953685,1.2486910821461878,0.8331439177774435,0.8059286798078386
,-9.923,-0.072,-0.077,-9.907,-0.041,-0.086,2.73,1.19,0.84,-9.890448615051472,-9.893903598984219,-0.07640128939426509,-0.07560559686208504,-0.08403013028472749,-0.0841366697298757,-9.898410415246373,-9.904155114057685,-0.07527056499342062,-0.07165761532437762,-0.08750560772332032,-0.08595737254912601,2.7382453020753372,2.6848446853950194,1.2708251985956693,1.2450759980292405,0.8387767963301906,0.8080273067877145
9843.0,-9.928,-0.072,-0.062,-9.887,-0.065,-0.091,2.66,1.33,0.84,-9.891356028191037,-9.895942311462267,-0.07688306458651512,-0.07539000885002063,-0.08315497196240622,-0.08281306068445662,-9.897771725222936,-9.90312936517951,-0.07574028194372408,-0.07125953919224948,-0.08718759936760104,-0.08625888435682343,2.7419260921977604,2.683359157051293,1.2741753204388195,1.2501538249360575,0.8443144408043589,0.8099390372538865
,-9.895,-0.081,-0.072,-9.866,-0.086,-0.091,2.73,1.4,0.84,-9.892629960305525,-9.895887472244569,-0.07731868951528768,-0.07571649063260971,-0.08201268095461876,-0.0821837785281883,-9.897234989416111,-9.900968566524728,-0.07606215390258744,-0.0721173822426287,-0.08694250146997479,-0.08653480063641522,2.7435169412673566,2.686073490307845,1.2771998299932998,1.2588743460636551,0.8495502997453803,0.811688479711337
,-9.911,-0.077,-0.077,-9.89,-0.077,-0.086,2.8,1.33,0.98,-9.894164106164393,-9.896745540636463,-0.07767789984825275,-0.07578936651655721,-0.08072434461597876,-0.08188945076399137,-9.896767831470223,-9.900345786511247,-0.07619943967449554,-0.07239461051543022,-0.08680412155448139,-0.08650443539709196,2.7432646881140212,2.6925420797157664,1.2798031389672309,1.2629127621700325,0.8542662751387005,0.8212449746861444
,-9.849,-0.098,-0.081,-9.907,-0.065,-0.077,2.66,1.26,0.91,-9.895845017678003,-9.89409492349922,-0.07793764191469302,-0.07702240074248604,-0.07940671984874098,-0.08184007246800097,-9.89633107079741,-9.900715198441095,-0.07611670020461271,-0.07198409508102194,-0.08678544656158285,-0.08597679199820016,2.7414543644359974,2.690735490178266,1.2818891150920095,1.262751058747646,0.8582483964788018,0.8261722535058479
9919.0,-9.909,-0.079,-0.074,-9.921,-0.091,-0.091,2.73,1.26,0.84,-9.89755778998942,-9.89490557147774,-0.07808478277406403,-0.07712995717403748,-0.07816260883539984,-0.08141367151009259,-9.895886889360472,-9.90181843554139,-0.07578429503235118,-0.07301832022448092,-0.08687815209207342,-0.0862499910932956,2.7383785368367715,2.692870983780924,1.283355599361779,1.2626014358850965,0.8613006214230114,0.8269243083337702
,-9.909,-0.043,-0.074,-9.919,-0.053,-0.093,2.73,1.26,0.77,-9.899190295064361,-9.895657897603039,-0.07811788113514277,-0.0753081835280327,-0.07707488485443387,-0.08101794785569852,-9.89540712751095,-9.902735545433096,-0.07518323068832174,-0.07194979124753906,-0.08705439565163206,-0.08661029006096867,2.7343150216650725,2.6948528398642786,1.2840873044829422,1.2624625775996006,0.8632544724359886,0.8238858279685385
,-9.878,-0.079,-0.053,-9.873,-0.12,-0.077,2.73,1.19,0.84,-9.900637017418534,-9.894731356024472,-0.07804793230870466,-0.07550189976416764,-0.07620414764879563,-0.07954779584677733,-9.894879896541847,-9.901175267996647,-0.07430948124297755,-0.07447107193841396,-0.08727064288559183,-0.08610602089349734,2.729513568281275,2.6966970744366154,1.2839512534563151,1.2586603361014606,0.8639749493607489,0.8247313674957789
,-9.897,-0.098,-0.084,-9.909,-0.079,-0.077,2.73,1.19,0.91,-9.901803196888364,-9.894848549399951,-0.07789815057340296,-0.07666410429557391,-0.07558968548925644,-0.07977778734772105,-9.89431307629897,-9.901579477191913,-0.07317690899611254,-0.07470502683506808,-0.08747319438859387,-0.08563562300947301,2.72419091239839,2.6984174335155213,1.282799566790786,1.2551134875716499,0.8633650044568701,0.8291361656807112
9995.0,-9.907,-0.096,-0.074,-9.919,-0.062,-0.079,2.73,1.26,0.84,-9.902609576282535,-9.895467366266177,-0.0777026888927613,-0.07764879153821612,-0.0752530860717464,-0.07948355150889728,-9.893734059827725,-9.902466623400782,-0.07181808822413364,-0.07405801890571445,-0.08760499639932909,-0.08529770158993849,2.7185324726924196,2.700025786745315,1.2804829214308597,1.2553623349238885,0.8613706663603975,0.8296894102380831
,-9.887,-0.091,-0.11,-9.887,-0.055,-0.112,2.73,1.4,0.84,-9.90299769756839,-9.895041753645557,-0.07750388758540888,-0.07831989074937946,-0.07520341150256048,-0.08101746243302868,-9.893185870877168,-9.901689192743975,-0.07028280482978662,-0.07310006656075854,-0.08761316258386058,-0.08663989405517741,2.712698298041199,2.701532442186134,1.2768748424059777,1.2626325549354271,0.857987315623775,0.8302076725868178
,-9.919,-0.062,-0.074,-9.878,-0.086,-0.091,2.66,1.26,0.91,-9.902935307112815,-9.896231738079,-0.07734764819751175,-0.07750929653225891,-0.07544250967136099,-0.08066891141915072,-9.8927203665702,-9.900512571960085,-0.0686346497306932,-0.07374079459060069,-0.08745635240257932,-0.08685645657506073,2.706830786635591,2.699469563336271,1.2719031010082225,1.2625017983121336,0.8532661659864094,0.8341708853414237
,-9.902,-0.098,-0.074,-9.88,-0.019,-0.091,2.8,1.33,0.84,-9.90242103937221,-9.896515136040394,-0.07727704850310425,-0.07851601635008465,-0.07596905219325796,-0.08034126403995981,-9.892389751901913,-9.899504777730897,-0.06694657555288833,-0.0710513484793608,-0.08711089663553676,-0.0870600312004256,2.7010619905755147,2.704408680387249,1.2655815074812065,1.2658180230290523,0.847319411924797,0.8344572730321346
10070.0,-9.921,-0.029,-0.072,-9.88,-0.089,-0.112,2.73,1.19,0.84,-9.901487279093871,-9.897706163060493,-0.07732506215442211,-0.07610738898348401,-0.07678034758569457,-0.07993551660065365,-9.892238013447974,-9.89855599903493,-0.06529629380642997,-0.07192443190635817,-0.08657458847677865,-0.08827319606708431,2.6955187751416174,2.7056535291717494,1.2580346755790963,1.2621299766430465,0.8403225604278527,0.8347268901145349
,-9.94,-0.089,-0.11,-9.89,-0.084,-0.067,2.66,1.4,0.84,-9.900200074447369,-9.89974482211728,-0.07750777924714877,-0.07672884213402341,-0.07787163199466278,-0.0813846930245703,-9.892293871090436,-9.898143580437218,-0.06376202309873938,-0.07250650173121624,-0.08586744659425162,-0.08724777967152285,2.6903247954447935,2.703452925314185,1.249509730113283,1.2687756250900801,0.8325129088722008,0.8349810659946002
,-9.871,-0.069,-0.069,-9.88,-0.048,-0.089,2.59,1.33,0.77,-9.898655291368838,-9.898370748347887,-0.07781959490238258,-0.07635938431651432,-0.07923307509245443,-0.08079267399040793,-9.892566374059626,-9.897276272305689,-0.0624186104444122,-0.07133503018510448,-0.08502935006069107,-0.0873315401478178,2.6855994700254455,2.698029594180006,1.2403711305051826,1.2717023020153342,0.8241837935205616,0.8318748099208613
,-9.897,-0.077,-0.091,-9.904,-0.074,-0.065,2.66,1.26,0.84,-9.896970901444577,-9.898305720242313,-0.07823145272738025,-0.0763897750329152,-0.08084511715515613,-0.0812769080764064,-9.893043551522478,-9.89759524498585,-0.06133373303188842,-0.07146145597196744,-0.08411501580486329,-0.08627213507716022,2.681455622548855,2.696225475671266,1.2310771394000863,1.2711471464814412,0.8156747569255799,0.8322602677761153
10146.0,-9.902,-0.079,-0.062,-9.914,-0.06,-0.093,2.73,1.12,0.84,-9.895276196793597,-9.89847976038538,-0.0786926142786403,-0.07651274458489958,-0.08267314634139587,-0.08036875924644285,-9.893693848705183,-9.898368084645243,-0.060563933519152305,-0.0709214986411878,-0.08318713321739332,-0.08658908957181323,2.6779981244175035,2.6978166174991016,1.222139500678399,1.2640264970658095,0.8073578171241798,0.8326248920579499
,-9.878,-0.045,-0.06,-9.866,-0.067,-0.122,2.66,1.12,0.84,-9.89369943643949,-9.897521066924815,-0.0791358524710218,-0.07503757780611617,-0.08466294860423075,-0.0794152619436472,-9.894469624724834,-9.89685287789983,-0.06015055136043031,-0.0707379264200206,-0.08230849071712122,-0.08824673632261917,2.67532491166697,2.696046355385932,1.2140717704312225,1.2572843644291671,0.7996196429965854,0.8329701337806041
,-9.897,-0.072,-0.079,-9.921,-0.048,-0.074,2.66,1.12,0.84,-9.892355693802829,-9.897496816443857,-0.07948553000530781,-0.0748962087818287,-0.0867385689862141,-0.07939593563184741,-9.895311848801503,-9.897976686180158,-0.060115945982747165,-0.06967970217771607,-0.08153378002086392,-0.08758369249567453,2.6735298603775464,2.6943687561883847,1.2073349747394864,1.2508951431851227,0.7928392276757447,0.8332973041089843
,-9.847,-0.122,-0.06,-9.897,-0.05,-0.034,2.73,1.33,0.77,-9.89133657509483,-9.895159168000362,-0.07966756889543188,-0.07707678395425231,-0.08880395189634571,-0.07849803984488543,-9.896155256778593,-9.897931472459975,-0.060460649577111995,-0.06876866998986823,-0.0809017975504144,-0.08510314334068902,2.672705594745568,2.69601823287824,1.2022898015585703,1.2545571432561935,0.7873612814753786,0.8303670828624161
10222.0,-9.897,-0.103,-0.091,-9.88,-0.057,-0.091,2.66,1.12,0.7,-9.890703172731683,-9.895243971844426,-0.0796197384982663,-0.07827102024069474,-0.09074893889526725,-0.07907398283137859,-9.89693345080182,-9.897105401534082,-0.06116220479228336,-0.06822650837225629,-0.08042912208202259,-0.08537480100021981,2.672943945555733,2.6943589371874266,1.19916204203363,1.2483583358708368,0.7834671634163743,0.8243613040795216
,-9.887,-0.091,-0.132,-9.914,-0.05,-0.069,2.73,1.12,0.77,-9.890483088856449,-9.894865873354048,-0.07930025730471445,-0.07885481748331959,-0.09245909469673948,-0.08150136220273546,-9.89758362405648,-9.89788024917986,-0.06217635352902855,-0.06739057450075937,-0.08010667708762192,-0.08462379315409053,2.6743321344263227,2.6959935657741356,1.1980243534810031,1.2424713563983045,0.7813470088704808,0.821868097237558
,-9.904,-0.086,-0.103,-9.895,-0.05,-0.034,2.66,1.26,0.77,-9.890671582588332,-9.895283096036971,-0.07869289967477096,-0.0791811904727844,-0.09382776362176037,-0.08248336296631766,-9.898050750517767,-9.89774868703529,-0.0634408956387645,-0.06659621917462556,-0.07990040077588499,-0.08231143252912713,2.6769435244519606,2.694349475138833,1.1987946672936511,1.2432720183548316,0.7810776338114386,0.8194989001017601
,-9.902,-0.074,-0.093,-9.902,-0.074,-0.096,2.73,1.19,0.77,-9.891236072136603,-9.895588766641906,-0.07780774333644366,-0.07894540660051041,-0.09476815338246904,-0.08296195054500766,-9.898291184643732,-9.897942154354883,-0.06488199413397196,-0.06693314794063877,-0.07975649705878948,-0.08293436725062013,2.680822919672344,2.695971847225812,1.2012499779048789,1.240847733272565,0.7826101480019141,0.8172463208150882
10298.0,-9.871,-0.043,-0.089,-9.868,-0.098,-0.084,2.73,1.19,0.77,-9.89212270820352,-9.894473591172657,-0.07667793737543506,-0.0773151729146629,-0.09522336417881405,-0.08323579448083343,-9.898275675558272,-9.896584186445418,-0.06642209434388872,-0.06834212431704434,-0.07961072061550835,-0.08298269694192363,2.685967816161946,2.6975151276103175,1.2050529676592685,1.2385416336768311,0.7857694241273633,0.8151035562448852
,-9.928,-0.086,-0.117,-9.911,-0.053,-0.117,2.59,1.26,0.77,-9.893263678202239,-9.895989391018317,-0.07535380999161682,-0.07770783231410293,-0.09517295048170339,-0.08476234561782835,-9.897991830608065,-9.89723595586318,-0.06798812689956799,-0.06764847443072297,-0.07940012363521777,-0.08452069115391031,2.6923085422682216,2.692654141315097,1.2097877508400308,1.2395118117990467,0.7902656533565957,0.8130643290808087
,-9.892,-0.079,-0.101,-9.904,-0.086,-0.089,2.59,1.19,0.84,-9.894584145781993,-9.895809534822822,-0.07389594812787764,-0.07776608791323064,-0.09463533212293009,-0.08549439788533675,-9.89744598678624,-9.897540903470228,-0.06951850789253898,-0.06847582766715951,-0.07907494944856837,-0.08472263461941791,2.6996916859112,2.68802612084181,1.2150004322042216,1.2372796400060728,0.795716747972969,0.8142786866788436
,-9.89,-0.06,-0.103,-9.919,-0.091,-0.096,2.66,1.19,0.77,-9.896008067420041,-9.89554830073015,-0.07236863353826396,-0.07696721020651343,-0.09366588756679554,-0.08628156247330726,-9.896664205915716,-9.898505842623273,-0.07096773787756158,-0.0694886594862322,-0.07860826862879997,-0.08522973758080438,2.707871978956666,2.686765885991255,1.2202402567012083,1.2351536429623264,0.8016793055173119,0.8122876318195404
10373.0,-9.887,-0.048,-0.084,-9.89,-0.057,-0.06,2.73,1.26,0.77,-9.89746249928972,-9.89516482784214,-0.07083455005560525,-0.07566775431391222,-0.09235099571124872,-0.08617921261706842,-9.895691879831807,-9.898124274386651,-0.07230798015386072,-0.0689284238941825,-0.07800163203545085,-0.08409794301258647,2.716516836701691,2.688705348708221,1.2250974816198208,1.2362682392535156,0.8076851347254727,0.8103906278636781
,-9.911,-0.065,-0.091,-9.873,-0.081,-0.057,2.8,1.26,0.84,-9.898880372878672,-9.895873642102632,-0.06935126663255128,-0.07519024410374488,-0.09079880906297783,-0.0863950007884733,-9.89459149983384,-9.896999661165383,-0.07352763897113641,-0.06946877200060847,-0.07728611875837599,-0.08288498440084119,2.7252246701203786,2.6936871218879364,1.2292343418753842,1.237330520754217,0.8132799299191648,0.8117160031109595
,-9.907,-0.103,-0.084,-9.897,-0.067,-0.117,2.8,1.4,0.91,-9.900201932812422,-9.896370690083812,-0.0679696136501621,-0.07643258981586419,-0.08912805187306179,-0.0862880088763119,-9.893438515616213,-9.896999676302148,-0.07462753509780476,-0.06935848450579557,-0.07651912295907344,-0.08440900509007729,2.7335542199074894,2.6984364389534403,1.2324055681441355,1.2445974572490064,0.8180603603333364,0.8161066458249968
,-9.904,-0.057,-0.074,-9.952,-0.06,-0.086,2.73,1.19,0.84,-9.90137504749243,-9.896710894626544,-0.06673358481283792,-0.07556605596089815,-0.08745643996030841,-0.08574006463407019,-9.89231556046255,-9.899452238877176,-0.07561569153590537,-0.06894117298261265,-0.07577769443487349,-0.08447995039204631,2.741059688890452,2.6998439144618156,1.2344654558527626,1.2421628592077971,0.8217055379016174,0.8171720931224246
10449.0,-9.885,-0.072,-0.048,-9.873,-0.084,-0.041,2.66,1.26,0.84,-9.902354599782091,-9.896189553368709,-0.06568098494461921,-0.07540730360597955,-0.08589032093128578,-0.0840599664524563,-9.891305451763724,-9.898274647930576,-0.07650188924669618,-0.06961155625128121,-0.07514934619124106,-0.08254432610791639,2.7473265326672593,2.69807015787489,1.235360360417607,1.242956926417293,0.8239990812515633,0.8181883374030569
,-9.926,-0.065,-0.101,-9.876,-0.053,-0.077,2.8,1.19,0.84,-9.90310129354324,-9.897514625443533,-0.06484400418503719,-0.07494469975595773,-0.08451682542643234,-0.08481294964918845,-9.890483540135195,-9.897284541532157,-0.0772930130857533,-0.06887317384526766,-0.07472137419414165,-0.08229788123608378,2.7520046195024284,2.7026009315684814,1.2351087773948053,1.2406029950846964,0.8248394363817599,0.819157864138774
,-9.892,-0.072,-0.108,-9.83,-0.096,-0.062,2.73,1.12,0.77,-9.90358039713558,-9.897269841699291,-0.06424922041489682,-0.07481399012947207,-0.08339919856956886,-0.08584217875294578,-9.889910475623472,-9.894297908591351,-0.07798986028908206,-0.07007728211038121,-0.07457001218405532,-0.0813968968591703,2.7548372031782034,2.7038171241509317,1.233774589436379,1.2352496573093668,0.8242384774458488,0.8169758399621454
,-9.88,-0.041,-0.077,-9.883,-0.086,-0.081,2.8,1.19,0.77,-9.903761050648376,-9.896504241307317,-0.06391692352507554,-0.07331496051772941,-0.08257518903438812,-0.08545019047435944,-9.889626987237282,-9.893797053783494,-0.07858564558106126,-0.07078316229561138,-0.0747508437571092,-0.08137930177079339,2.75568455548004,2.708081068704303,1.231440947242706,1.2332436658257167,0.8223106217865893,0.8148933239718671
10524.0,-9.902,-0.081,-0.077,-9.897,-0.079,-0.062,2.73,1.19,0.84,-9.903616756547526,-9.896747593892252,-0.06385990850567953,-0.07365525461139644,-0.08205779905647577,-0.08507601544046146,-9.889652113115368,-9.893938880469268,-0.07906605820725664,-0.07114700445229447,-0.0752915908996449,-0.08052118491307185,2.75454054710218,2.70905164053762,1.2281917124164539,1.2313288332340362,0.8192557953339091,0.8160050493681641
,-9.899,-0.065,-0.074,-9.909,-0.065,-0.081,2.8,1.26,0.84,-9.903127512244973,-9.896847224495383,-0.06408197028620746,-0.0732724070271056,-0.08183763756787418,-0.08458609042434866,-9.889985217789091,-9.89460507845973,-0.0794105620378054,-0.07087510421240004,-0.07618788178865378,-0.08054236432460656,2.751540024726347,2.7130745562435936,1.2241046686261625,1.2325970439832261,0.8153392736369905,0.8170664172073586
,-9.883,-0.079,-0.103,-9.919,-0.074,-0.084,2.8,1.19,0.84,-9.90228363581639,-9.89623531655313,-0.06457630553969342,-0.0735255089849228,-0.08188639962600777,-0.08539979988078567,-9.890610687358325,-9.895683088442608,-0.07959470767115125,-0.0710131931523019,-0.07740215057354459,-0.08069515701832664,2.746955038518896,2.71691578590202,1.219256929939406,1.2307146834034148,0.8108701617501914,0.8180798507268231
,-9.94,-0.05,-0.069,-9.899,-0.089,-0.086,2.73,1.12,0.77,-9.901090723341127,-9.898167554468566,-0.06532401533777428,-0.07248684317357731,-0.08216122142826651,-0.08467573854549228,-9.891503291479665,-9.895829532144894,-0.07959335479363128,-0.0718073218293882,-0.07886552953523715,-0.08092936912583731,2.7411787635005838,2.7174934620687976,1.2137395651769673,1.2258265614699526,0.8061791017403086,0.8159570954998671
10600.0,-9.902,-0.065,-0.06,-9.904,-0.072,-0.055,2.73,1.54,0.84,-9.899574583366153,-9.898336621651254,-0.06629303856147663,-0.07215656333732084,-0.0826097007739666,-0.08358717575642849,-9.892632276683209,-9.896189969878497,-0.07938465475184119,-0.0718158217689708,-0.08048246085327536,-0.07978550280052961,2.734697245165568,2.7180451842305,1.2076762279614075,1.2396862282785275,0.8015955336985026,0.817017741005233
,-9.919,-0.036,-0.101,-9.895,-0.098,-0.081,2.73,1.12,0.84,-9.897784687568727,-9.89924750215242,-0.0674380709631531,-0.07056271416235625,-0.0831753371657587,-0.08435476573160107,-9.893963106267554,-9.896137513772771,-0.07895442016679412,-0.07297006949105932,-0.08213776484544417,-0.079839040116599,2.728050749421105,2.718572174947878,1.2012395953409352,1.234410234694274,0.797425404052176,0.8180308421176338
,-9.892,-0.077,-0.086,-9.899,-0.06,-0.067,2.73,1.12,0.7,-9.895794845068446,-9.898928236032292,-0.06870209037468529,-0.07084628872781565,-0.08380304558503716,-0.08442724139984185,-9.895456883378776,-9.896263611682432,-0.07830031578566789,-0.07239871350149034,-0.08370591789758955,-0.07927345621776237,2.7217880331175195,2.7190755921651704,1.1946599299298102,1.2293702483699427,0.793931028071155,0.8128313612170674
,-9.899,-0.079,-0.086,-9.849,-0.074,-0.103,2.73,1.26,0.7,-9.893700440169171,-9.898931395403189,-0.07001981997031531,-0.07120525157386438,-0.08444418137234395,-0.08449648126919881,-9.897068456943062,-9.89418285606113,-0.0774352812878954,-0.07246920929655305,-0.08506210010471786,-0.0803180048163897,2.7164177910786766,2.7195565334686926,1.188222460887227,1.2307187070597174,0.7913155052624282,0.807864019942156
10676.0,-9.89,-0.084,-0.108,-9.883,-0.101,-0.101,2.66,1.19,0.77,-9.89161240729565,-9.898538419156747,-0.0713228960468032,-0.07176821312507668,-0.08506031176181388,-0.08553062253739377,-9.898744764893522,-9.893690816844298,-0.07638968000099788,-0.07372454763199988,-0.08609412714506597,-0.08122800067585868,2.712361906647446,2.716936080346076,1.1822535569147719,1.2289271074341341,0.7897142878309608,0.8061980249032673
,-9.861,-0.065,-0.096,-9.914,-0.077,-0.093,2.66,1.05,0.84,-9.889648821194589,-9.896887609804391,-0.07254599550508525,-0.07147057060904635,-0.08562500837829123,-0.08599102941165365,-9.90042494187445,-9.89458394421208,-0.0752117255044946,-0.0738685906557541,-0.0867139326253264,-0.0817456923372756,2.70991524924171,2.714432229197488,1.177097928611395,1.221058514430553,0.7891954807936219,0.8076845184176795
,-9.902,-0.06,-0.077,-9.895,-0.084,-0.079,2.66,1.26,0.84,-9.887925360172195,-9.897112327994662,-0.0736330226887201,-0.07096637476913306,-0.08612329144536364,-0.08559582329851412,-9.902043051124958,-9.894602232194831,-0.07396578689256317,-0.07431392285568832,-0.0868671466008413,-0.0816250037768439,2.7092165787368696,2.712039627778258,1.1730896897077716,1.2227702108834455,0.7897679806526592,0.8091049648744365
,-9.883,-0.069,-0.074,-9.902,-0.062,-0.093,2.73,1.33,0.84,-9.886545908025516,-9.896492282046724,-0.07454261974042804,-0.07087997919299631,-0.08654893991945889,-0.08508634369656784,-9.903533264239599,-9.894927264036006,-0.07272837964070121,-0.07377289249040866,-0.08653961706882597,-0.08212478101548608,2.710234170018825,2.712828743225672,1.1705197794760271,1.2274815098459682,0.7913938474180711,0.810462383816816
10752.0,-9.887,-0.096,-0.081,-9.95,-0.072,-0.079,2.73,1.12,0.84,-9.885594276042944,-9.896075390592493,-0.07525242066605166,-0.07198322517251872,-0.08690048454669079,-0.08490687560261911,-9.90483642597745,-9.897346003056981,-0.07158206896684435,-0.07369502884024706,-0.0857602170806633,-0.08198754378472464,2.7127678530507207,2.7135828875054546,1.169601873169459,1.2227610303319743,0.7940001363412649,0.8117596461299781
,-9.883,-0.115,-0.079,-9.883,-0.086,-0.108,2.73,1.12,0.77,-9.885127664130062,-9.895501341594466,-0.07576139866140422,-0.07387179104849566,-0.08717703831879635,-0.08464754598663822,-9.905906553500067,-9.896716170347794,-0.07060796173345969,-0.07423525410656209,-0.08459966933576041,-0.08312956889831194,2.716466851988583,2.714303648152054,1.1704394121549333,1.2182495118361427,0.7974864812939841,0.8099262719872108
,-9.883,-0.062,-0.089,-9.907,-0.041,-0.084,2.73,1.05,0.77,-9.885172248622087,-9.894952677715182,-0.07608954932151896,-0.07335075713533486,-0.08737502309772718,-0.0848385682289579,-9.90671594640926,-9.897167511176155,-0.06987773674207731,-0.07277661198328872,-0.08316532338637386,-0.0831677707265952,2.7208611131517664,2.7149925359190537,1.1729983138718039,1.2108653099763493,0.8017272389507321,0.8081739717953998
,-9.868,-0.096,-0.098,-9.916,-0.072,-0.093,2.59,1.05,0.84,-9.885721202073514,-9.893770127785672,-0.0762744158539442,-0.07434449367001578,-0.08748643381929061,-0.08541602663133122,-9.907258045508332,-9.897993787458107,-0.06944624398995496,-0.07274253809809633,-0.08159199896584218,-0.08359916022180808,2.7254032664073846,2.7095084828649467,1.1770920247774581,1.203807337370313,0.8065695868777554,0.8095703401936581
10828.0,-9.895,-0.053,-0.072,-9.907,-0.057,-0.101,2.73,1.12,0.7,-9.886735378234802,-9.893824073467478,-0.07636472532232536,-0.07340826366952072,-0.08749881841604662,-0.0848275616710526,-9.907547686601479,-9.898388825471326,-0.06934564869917209,-0.07205202574960813,-0.08002934854126305,-0.08436241038299773,2.7295184838337683,2.71040729889657,1.182385445715458,1.200131309973237,0.811830541518189,0.8047642744588753
,-9.871,-0.062,-0.069,-9.947,-0.065,-0.065,2.8,1.26,0.84,-9.88814670701267,-9.892823199665632,-0.07641232588712232,-0.07290799222377492,-0.08739684244130326,-0.08413349661530158,-9.907618722617844,-9.900520506791581,-0.06958187525259367,-0.07174278262380113,-0.07862674036666449,-0.08351333629810391,2.732659158010363,2.714336088711363,1.1884207614023101,1.2027566521797477,0.8172960788452673,0.8063094199664652
,-9.916,-0.041,-0.117,-9.873,-0.084,-0.038,2.8,1.26,0.84,-9.889864022285137,-9.893839304619425,-0.07646420053101426,-0.07150909899880781,-0.08716513997458739,-0.08557441237680649,-9.907519199573033,-9.89931396736947,-0.07013368898274955,-0.07228015702906809,-0.07751732575136322,-0.08151796481416493,2.734359889725653,2.7180917203501527,1.194662537813573,1.2052662845902922,0.8227246498652546,0.8077864644581273
,-9.88,-0.081,-0.081,-9.895,-0.079,-0.06,2.73,1.33,0.84,-9.891780690168078,-9.893232698301626,-0.07655629235022077,-0.07192510548665106,-0.0867919762124068,-0.08537390609962765,-9.907304597154113,-9.899124876953943,-0.07095425986224882,-0.07257470211734204,-0.07680350495543513,-0.0805747863986751,2.734286548439153,2.718613685713901,1.2005541908271486,1.210733630088545,0.8278558670101241,0.8091984526118446
10903.0,-9.89,-0.098,-0.077,-9.933,-0.074,-0.084,2.8,1.33,0.84,-9.893783170184467,-9.893091029795704,-0.07671020451689352,-0.0730678014647845,-0.08627302475922367,-0.0850069313141146,-9.907030072954903,-9.900609407096287,-0.07197470431010702,-0.07263716381425597,-0.07654609654175869,-0.08072489161979031,2.732272729761012,2.722180327717466,1.2055755158562946,1.2159603128333063,0.8324236523075927,0.8105482875767651
,-9.928,-0.096,-0.11,-9.88,-0.055,-0.06,2.73,0.98,0.84,-9.895759607981457,-9.894620594612071,-0.0769328272786017,-0.07407259432564878,-0.08561444812341612,-0.08610202287056105,-9.906742895138445,-9.899706389224486,-0.07310905632122554,-0.07186437719027641,-0.07675891886942325,-0.07981681370001421,2.7283384127572936,2.722522952994834,1.2092924000979546,1.205621520527016,0.8361723762407922,0.8118387382214187
,-9.864,-0.045,-0.098,-9.911,-0.069,-0.084,2.8,1.19,0.77,-9.897607677848466,-9.893279146777463,-0.0772181281998102,-0.07279896234042213,-0.08483456615276191,-0.08662325754476347,-9.906476154034797,-9.90020114740641,-0.07426032557569179,-0.07173889260618922,-0.07740942433261912,-0.08000007357053507,2.7226882260912864,2.7259171201641403,1.2113940346017382,1.2049371623311762,0.8388746426332006,0.810005838321828
,-9.907,-0.077,-0.079,-9.916,-0.077,-0.077,2.73,1.33,0.84,-9.899241076693917,-9.89388014979863,-0.0775501178986328,-0.0729829768681263,-0.08396365643119258,-0.0862893423908565,-9.906244573729468,-9.900893171290473,-0.07532749629704642,-0.07196934047900602,-0.0784249927489997,-0.07986866386514928,2.715689496454815,2.726095959123833,1.2117171447637087,1.2104151848750835,0.8403498275162623,0.8113196474190895
10979.0,-9.935,-0.132,-0.074,-9.871,-0.084,-0.041,2.59,1.19,0.84,-9.900594255192633,-9.895681042995568,-0.07790624042822816,-0.07556769823605983,-0.0830418293279799,-0.08575111588958889,-9.906042999650408,-9.899583963972152,-0.07621326055920642,-0.07249623765348333,-0.07970379419269776,-0.0781663640759717,2.7078328820394266,2.720135473234012,1.2102584233881848,1.2095210773485308,0.8404824933254783,0.8125757378862434
,-9.895,-0.024,-0.072,-9.899,-0.077,-0.112,2.73,1.19,0.91,-9.901625118905706,-9.895651219611768,-0.07826070005274358,-0.07330951003628908,-0.0821154275797823,-0.08514894420658296,-9.905847919440088,-9.899558391751631,-0.07683198956687413,-0.07269346078605209,-0.08112869810591156,-0.07964796438027914,2.6996807544357933,2.7205674482629787,1.2071755070854755,1.2086662347237258,0.839239049274985,0.8168420194268613
,-9.885,-0.096,-0.06,-9.909,-0.103,-0.124,2.73,1.19,0.84,-9.902315606770733,-9.89518484778926,-0.0785873731652198,-0.07430303054790216,-0.08123279694618166,-0.08404777838977541,-9.90562206546359,-9.899971799812558,-0.07711718487761948,-0.07402045585725676,-0.08258232620071457,-0.08158995228756805,2.691809993902806,2.7209804597776075,1.2027757292661259,1.2078489193152764,0.836679950832569,0.8178560093734754
,-9.899,-0.089,-0.101,-9.921,-0.05,-0.089,2.59,1.4,0.91,-9.90267037704808,-9.895351879772766,-0.07886210533552125,-0.07494648166689538,-0.0804402899545419,-0.08478996717910865,-9.905321649632354,-9.900892439879554,-0.0770276401580491,-0.07296881121375014,-0.08396102313069405,-0.08191437314915437,2.684755971291072,2.7152459766459085,1.1974919611029917,1.2162615263010448,0.8329642579955596,0.8218901848591348
11055.0,-9.892,-0.074,-0.11,-9.904,-0.077,-0.079,2.66,1.19,0.77,-9.90271419360324,-9.895205144381894,-0.07906435253657944,-0.07490504749659053,-0.07977898392491778,-0.08589358791454027,-9.904905167291052,-9.90102847967807,-0.07655179366819864,-0.07314528474571864,-0.08518557403700967,-0.08178679050532986,2.6789635654400827,2.712827471052966,1.1918457718338649,1.2151118742884581,0.8283441407412448,0.8196185859134776
,-9.923,-0.081,-0.062,-9.895,-0.065,-0.105,2.66,1.05,0.91,-9.902488693489381,-9.896421815140107,-0.07917818237136882,-0.0751718432873472,-0.07928213019297047,-0.08484768826591993,-9.904342261352426,-9.900764593617945,-0.0757100741238361,-0.07278873927904658,-0.08620719464734164,-0.08280290778920799,2.674749873958001,2.710515041726344,1.1863996882423866,1.207884393345914,0.8231487431451424,0.8235748728291558
,-9.873,-0.065,-0.06,-9.94,-0.103,-0.065,2.66,1.12,0.77,-9.902048939892696,-9.89539664809444,-0.07919267547800951,-0.0747266242268477,-0.07897320974845527,-0.08376011110681267,-9.903621071248569,-9.902481917634278,-0.07455518340788532,-0.07411107867562573,-0.08700840698649624,-0.08202367892614343,2.672281920991451,2.7083040108656475,1.1817028199216992,1.2040377152235024,0.8177589589028448,0.8212299139191962
,-9.938,-0.089,-0.062,-9.909,-0.072,-0.105,2.66,1.19,0.7,-9.901459775646623,-9.897261250562705,-0.07910184255639763,-0.075351320888183,-0.07886473809977275,-0.08280774573965966,-9.902752724277914,-9.902767191724786,-0.0731701380415815,-0.07401868400869907,-0.08759934847862101,-0.08302927362866672,2.6715708925200614,2.7061899101233666,1.1782365730694702,1.2034233326154726,0.8125764633429486,0.815924096733206
11131.0,-9.892,-0.074,-0.098,-9.909,-0.062,-0.091,2.59,1.19,0.77,-9.900791750628478,-9.897030999008031,-0.07890420116044851,-0.0752921821469923,-0.07895824069881233,-0.08347261431429814,-9.901772021945732,-9.903039962196036,-0.07166372702911471,-0.0734927024677796,-0.08801057916241718,-0.08337810174795222,2.6724824763484865,2.701105014978295,1.1763675894423675,1.2028358785174824,0.8079913478709345,0.8139142904060255
,-9.909,-0.074,-0.074,-9.926,-0.103,-0.098,2.73,1.26,0.91,-9.900116374128743,-9.897554774365744,-0.07860205602034194,-0.07523563497428133,-0.0792456736282567,-0.08305808331423613,-9.900733964036489,-9.90404471622872,-0.07016311322613594,-0.07478397108162953,-0.08828367077737052,-0.08401797052167369,2.6747611484108207,2.702369488189217,1.1763130220313556,1.2053374371854044,0.8043524268853691,0.8181190963833508
,-9.902,-0.124,-0.084,-9.878,-0.081,-0.05,2.73,1.05,0.84,-9.899500628172849,-9.897749291025496,-0.07820038017477123,-0.07736949322583969,-0.07971205885320504,-0.08309930022931618,-9.899706576420403,-9.9029050370264,-0.06880363715704148,-0.07505597553800653,-0.08846101054383759,-0.08252939321608059,2.678064692243112,2.703578559518068,1.1781207196325172,1.1985400950701286,0.8019425660119442,0.8190765731537202
,-9.885,-0.074,-0.091,-9.859,-0.055,-0.077,2.73,1.05,0.77,-9.899001017047341,-9.897191428833073,-0.07770515904372256,-0.07722205656645519,-0.08033867142582202,-0.08344500586007887,-9.898761406922073,-9.90098391371335,-0.067716357482613,-0.07417839964281116,-0.0885764216137276,-0.08228744725876261,2.682003866292899,2.7047346648014705,1.1816656506414323,1.1920405255699291,0.8009592475015106,0.8169291623964183
11206.0,-9.914,-0.038,-0.062,-9.871,-0.048,-0.074,2.66,1.26,0.77,-9.898657785758864,-9.897926876007487,-0.07712128386103198,-0.07550592314916263,-0.08110601287468966,-0.08250669475627022,-9.897963704490124,-9.899671988719884,-0.06701444644201467,-0.07303298223303947,-0.08864822277234284,-0.08192483585003357,2.6861815587114606,2.7027773310995236,1.1866635829827834,1.1950140444340784,0.8014997359236766,0.8148758100002331
,-9.885,-0.062,-0.096,-9.923,-0.053,-0.091,2.73,1.19,0.84,-9.898490169889193,-9.897361293732578,-0.07645057098077782,-0.07491500615305095,-0.08199593677406469,-0.08309705968832132,-9.897364328876199,-9.90069264596772,-0.06678016393096817,-0.0721564905224347,-0.08867594248920214,-0.08232189636041054,2.690226602278279,2.703968389093498,1.1927018979646922,1.1947946677915022,0.8035510333703696,0.815975054436947
,-9.885,-0.057,-0.108,-9.904,-0.045,-0.098,2.73,1.19,0.77,-9.898493600821912,-9.896820478101585,-0.07569089779974536,-0.07413121154655634,-0.08299246085165593,-0.08418658151909261,-9.89699469368817,-9.900837345122726,-0.06705444029651292,-0.07096837422367576,-0.08864104510278199,-0.08300782484783566,2.6938193290808217,2.705107291087311,1.1992847617334625,1.1945848975730158,0.8069860246266479,0.813963612219561
,-9.861,-0.096,-0.089,-9.902,-0.081,-0.098,2.66,1.26,0.77,-9.898639707022316,-9.895253361777447,-0.0748372800455946,-0.075087952974667,-0.08408094457064072,-0.08439716460106451,-9.896864906046135,-9.900888210313088,-0.06783081574578616,-0.07140724956384124,-0.08851107059252473,-0.08366372012507531,2.6967079724769407,2.7031338843672748,1.2058870230310046,1.1974467542620242,0.8115676229839437,0.8120402405051476
11282.0,-9.907,-0.089,-0.06,-9.902,-0.067,-0.098,2.66,1.26,0.77,-9.898879662961072,-9.895767250774659,-0.07388489364399693,-0.07569657373573614,-0.08524555736853248,-0.08332984353318783,-9.896964449947994,-9.900936848610828,-0.06905469697878418,-0.07121444230989203,-0.0882459583033187,-0.08429090011896755,2.6987166294368765,2.701246873959412,1.212009745008028,1.2001833180444113,0.8169623128205799,0.8102010745560114
,-9.907,-0.089,-0.101,-9.873,-0.05,-0.074,2.66,1.12,0.84,-9.899150808182256,-9.896258643663494,-0.07283310541629538,-0.0762785513916286,-0.08646542011984323,-0.08410285012829578,-9.897264638068467,-9.899714710693528,-0.07062798231331956,-0.07028638579562833,-0.08780520242260341,-0.08384070978383949,2.6997465850559252,2.699442469699716,1.217230443442346,1.1966755826272188,0.8227635456651365,0.8115046717221485
,-9.928,-0.06,-0.098,-9.902,-0.074,-0.091,2.8,1.33,0.84,-9.899385546643938,-9.897647177503663,-0.07168915338973043,-0.0755664419519255,-0.08771031616766754,-0.08471078454276086,-9.897722364750457,-9.899814681265138,-0.07241840956331999,-0.07044883880921211,-0.08715475820451049,-0.08415389478549289,2.699773119259105,2.7038413848634377,1.2212421907657651,1.202507893738323,0.8285239686699026,0.8127512072255798
,-9.933,-0.084,-0.045,-9.902,-0.081,-0.101,2.73,1.4,0.84,-9.899520752631034,-9.89919365738763,-0.07047038598899286,-0.07593536095048523,-0.08893716374344732,-0.08297366922535564,-9.898284938993266,-9.899910276219794,-0.07427253837453254,-0.07091039060004095,-0.08627300079741583,-0.08489081367902995,2.698839328588315,2.7049856717758987,1.223877086527728,1.211147022045757,0.8337936527355335,0.813943183054168
11358.0,-9.873,-0.065,-0.079,-9.904,-0.077,-0.081,2.59,1.19,0.84,-9.89950575760767,-9.898047863649937,-0.06920461635876766,-0.07545701354328514,-0.09008845336313759,-0.08279984831723688,-9.898895721569252,-9.900089173722609,-0.07603093057544547,-0.07117676944940142,-0.08515530582317131,-0.08472061713556972,2.6970477076811217,2.6999558334186453,1.2251110792551434,1.210221984160735,0.8381600328438162,0.8150829909564735
,-9.907,-0.048,-0.091,-9.895,-0.103,-0.074,2.66,1.26,0.91,-9.899307615496902,-9.898439450369361,-0.06792874616023833,-0.07425598158419162,-0.09109362710314263,-0.08315854152416148,-9.899500056858514,-9.899866561737639,-0.07754378393809966,-0.07256878962933164,-0.08381696693436548,-0.08425167306119956,2.694550219294722,2.6982080747699357,1.225049455410304,1.21239938731454,0.8412847126565649,0.8192348759072213
,-9.899,-0.091,-0.084,-9.897,-0.077,-0.093,2.73,1.05,0.84,-9.898913365840977,-9.89846396961329,-0.0666861488136749,-0.07498838893844849,-0.09187383312343778,-0.08319534812343182,-9.900050829225746,-9.899741174220381,-0.07868515588021051,-0.07276261711943238,-0.08229430808816411,-0.08463433741501869,2.6915381455229563,2.6995986991270198,1.223896031196639,1.2052958054477354,0.8429325819710702,0.8201431721847295
,-9.878,-0.041,-0.136,-9.904,-0.091,-0.084,2.73,1.12,0.91,-9.898329850519096,-9.89756886183703,-0.06552337809808885,-0.07350171397673469,-0.0923496445526359,-0.08550505906469102,-9.90051297506764,-9.899927458120578,-0.07936412779622053,-0.07356033249643447,-0.08064400047152595,-0.08460659107040983,2.688232932813273,2.700928472447351,1.2219130140371415,1.2015649096254002,0.8429896206911921,0.8240735701889984
11434.0,-9.904,-0.081,-0.065,-9.94,-0.079,-0.079,2.66,1.26,0.84,-9.89758197612903,-9.897850159664731,-0.06448667174071443,-0.07382968882603397,-0.0924505367955857,-0.08460816827714993,-9.90086634662227,-9.901680230133163,-0.07953177683653351,-0.07379826342147315,-0.07894068549134116,-0.0843613589125947,2.68487813572274,2.699138262052426,1.2193802377659,1.2041208590650367,0.8414672569759692,0.8247701918437248
,-9.88,-0.06,-0.086,-9.895,-0.105,-0.057,2.66,1.26,0.77,-9.896710227357271,-9.897069405471324,-0.06361856831085412,-0.07322478737152364,-0.09212457029459713,-0.0846690460773793,-9.901106415349815,-9.901388041279542,-0.07918347538819481,-0.07516300677014988,-0.07727305796359098,-0.08316459114639227,2.681731505993143,2.6974263803217284,1.2165607369689235,1.2065649757804264,0.8384931129945904,0.8223745798291066
,-9.907,-0.055,-0.122,-9.885,-0.057,-0.096,2.66,1.26,0.91,-9.895767922816434,-9.897503757338246,-0.06295484544635378,-0.07242765781435409,-0.09134685515128081,-0.08630185562200816,-9.901242572543774,-9.900671248714465,-0.07835667536724097,-0.07436857941972824,-0.07573863637111031,-0.08372599598294764,2.6790561466021474,2.6957893969449604,1.2136756364302805,1.2089021573521603,0.8342899855407769,0.8262072068416313
,-9.895,-0.067,-0.101,-9.902,-0.065,-0.072,2.73,1.26,0.84,-9.89481830179899,-9.897394247435171,-0.0625219388112606,-0.07219026169289781,-0.09012566961246306,-0.08694472637533969,-9.90129432698029,-9.900729365937833,-0.07712489801282932,-0.07395881438039273,-0.07443748632371085,-0.0832131217263573,2.677109991248127,2.6972857080160946,1.2108878515465125,1.2111370863167865,0.8291463736392028,0.8268104791391564
11509.0,-9.919,-0.06,-0.067,-9.911,-0.089,-0.084,2.73,1.12,0.77,-9.893931171518457,-9.898339234200447,-0.06233497466433702,-0.07165708720936699,-0.08850535530043326,-0.08607238913991094,-9.901286285857747,-9.901178580249189,-0.07558909209074195,-0.07461668183036697,-0.0734651150487484,-0.08324753800286722,2.6761328747414765,2.6987165571784844,1.2082931011226075,1.2071509562277363,0.8233825669181816,0.8243257172335275
,-9.892,-0.077,-0.108,-9.878,-0.06,-0.072,2.73,1.19,0.77,-9.893178689600838,-9.898061973250458,-0.062396501474395676,-0.07189077175693188,-0.08656541829365152,-0.08703144350291728,-9.90124309243999,-9.900164811870221,-0.07386771720609354,-0.07397738771978042,-0.07290472703347063,-0.08275560112640783,2.6763302946958536,2.700084810314645,1.2059179871433414,1.2064008198127436,0.8173166292942122,0.8219496573668736
,-9.887,-0.038,-0.105,-9.878,-0.048,-0.091,2.66,1.12,0.77,-9.892630019161363,-9.897578156974872,-0.06269595089708513,-0.07040849489755557,-0.08441571842641399,-0.08781733223047551,-9.90118542011785,-9.899195391995002,-0.0720867905237892,-0.07284121764492218,-0.07281917248725955,-0.08311618546946854,2.6778535426689274,2.698331625489937,1.2037265920232898,1.2026219169079027,0.811234799503561,0.8196775410657247
,-9.902,-0.069,-0.05,-9.899,-0.074,-0.041,2.66,1.12,0.77,-9.892345037268607,-9.89777155297904,-0.06320984708942784,-0.07034689223922228,-0.08218810672630171,-0.086163333908924,-9.901127832087361,-9.899186846230066,-0.07037080674352235,-0.07289189874687463,-0.07324323066276946,-0.08127417028838402,2.680777675163106,2.6966551337734854,1.2016374266962244,1.1990083221927548,0.8053703859014786,0.8175048185415457
11585.0,-9.868,-0.072,-0.093,-9.94,-0.096,-0.067,2.59,1.19,0.84,-9.892367790492063,-9.896469459132003,-0.0639027928048299,-0.07041919284931517,-0.08002527904487344,-0.0864623435325638,-9.90107883390314,-9.900971857460062,-0.06883500152909239,-0.07390255870403507,-0.07417721539478503,-0.08064987268062587,2.6850811685637086,2.691990446192723,1.1995509381191263,1.1986143326381096,0.7998936190333266,0.8184886717313893
,-9.897,-0.055,-0.096,-9.88,-0.069,-0.079,2.59,1.26,0.77,-9.892720726346658,-9.89649266279512,-0.06472919846969954,-0.06974482113171042,-0.07806796313618629,-0.0868794811763254,-9.901042793486184,-9.900054635159588,-0.06757892971520828,-0.07368814106452516,-0.07558308066835569,-0.08057771407385987,2.690632725121214,2.687529805934156,1.1973845435496584,1.2012990878221004,0.7949124886071517,0.8163679777910886
,-9.907,-0.084,-0.043,-9.909,-0.079,-0.062,2.73,1.4,0.84,-9.89340077571973,-9.896952207274223,-0.06563558888935847,-0.07036827963692484,-0.07644179468340194,-0.08496038664958946,-9.901022869690372,-9.900445865872546,-0.06668097895027428,-0.07392045829199874,-0.07738406672447526,-0.07976520698757178,2.697190429336898,2.6893872644727757,1.195108439601474,1.209989387315062,0.7904823239684441,0.8174015379714057
,-9.847,-0.074,-0.074,-9.89,-0.038,-0.072,2.66,1.26,0.77,-9.89437817276748,-9.894767531549153,-0.06656325094834377,-0.07052711408589914,-0.07524532370091269,-0.08448103064197032,-9.901023982122313,-9.899989012595297,-0.06619350952137758,-0.07234946558624895,-0.07946846103648021,-0.07942559318206446,2.7044160380297875,2.6881020030834755,1.1927729633993358,1.2121766174194066,0.7866205533144687,0.8153284165822227
11661.0,-9.878,-0.036,-0.065,-9.923,-0.089,-0.072,2.8,1.26,0.84,-9.895598586884546,-9.894034202195185,-0.0674510753450628,-0.06901706794745549,-0.0745405582907742,-0.08362902618481752,-9.901055073320808,-9.90099539999813,-0.06613875870339953,-0.0730776780610001,-0.08169744258339975,-0.07910083426122522,2.7119034964129187,2.6929958710656936,1.1905188735062313,1.2142681769402364,0.7833228336965642,0.8164074302865426
,-9.916,-0.069,-0.06,-9.909,-0.045,-0.105,2.73,1.19,0.84,-9.896988701503078,-9.894994873367517,-0.06823865768918225,-0.06901632148310045,-0.07434724209529363,-0.08259561394603843,-9.90113013314334,-9.901345480087922,-0.0665061021777907,-0.07184970463891381,-0.08391638817421827,-0.08023353074390191,2.719217395196305,2.694614241599755,1.188566176513801,1.2132068115303063,0.7805773067104085,0.817439248106517
,-9.921,-0.062,-0.069,-9.909,-0.055,-0.093,2.73,0.98,0.7,-9.898464686258318,-9.896132198862253,-0.06886987517381213,-0.06870946501534456,-0.0746415816572483,-0.08200101432820413,-9.90126759841049,-9.901680247950006,-0.06725143333601923,-0.07111278845560026,-0.08596848973278641,-0.08079186799670256,2.7259353230681618,2.696161825879882,1.1871835625453122,1.2030075898134613,0.7783748642754433,0.8123030819635213
,-9.899,-0.077,-0.091,-9.895,-0.069,-0.084,2.73,1.19,0.77,-9.899942175781273,-9.896257620661865,-0.06929702833526041,-0.0690720472752672,-0.07535946282855736,-0.0823945803125381,-9.901487999897656,-9.901388090760749,-0.06829929397175845,-0.07102038674516929,-0.08770916337452278,-0.08093217399071123,2.73168818269183,2.6976417209248744,1.186646286042784,1.2024387096001288,0.7767148640458557,0.8104529785518096
11736.0,-9.902,-0.086,-0.098,-9.885,-0.077,-0.069,2.73,1.12,0.7,-9.901345848505143,-9.896508759697198,-0.06948523082023916,-0.06981237971712313,-0.07640352390806816,-0.08307707267598412,-9.901810189774618,-9.900671368812883,-0.06954806470057419,-0.07128190104369607,-0.08901967934628158,-0.08041032851708307,2.736193803975374,2.699056888142759,1.187192946881151,1.1988333089841083,0.7756072506363717,0.8056223930314443
,-9.943,-0.077,-0.06,-9.911,-0.057,-0.127,2.87,1.19,0.84,-9.902616817768708,-9.898542015242262,-0.0694163293475316,-0.07012672428398736,-0.07765300810544579,-0.08206781618644639,-9.90224695462741,-9.901123082866915,-0.07087808140209115,-0.0706572940359673,-0.08981866386484157,-0.08244788886755587,2.7392805898781347,2.706532942294256,1.1889903400502475,1.1984469915970863,0.7750726499085544,0.8071258689451767
,-9.899,-0.067,-0.062,-9.876,-0.062,-0.079,2.73,1.19,0.84,-9.903716642841745,-9.89856204475923,-0.06909155294077363,-0.06998998004514638,-0.07897526422637993,-0.08119016980628112,-9.902801028054993,-9.900024349326012,-0.07216210971406196,-0.07027867571984854,-0.0900703669826918,-0.08229709880870202,2.740899023903492,2.7075592511889175,1.1921116778455056,1.1980775706531435,0.7751412654213494,0.8085635870233815
,-9.883,-0.055,-0.077,-9.916,-0.077,-0.11,2.66,1.19,0.77,-9.904627529927959,-9.897881455879993,-0.06853238951443501,-0.06933440978580505,-0.08023801659367723,-0.08100691734708405,-9.903462362972546,-9.900723026804163,-0.07327728330534063,-0.07057262543080114,-0.08978873198402737,-0.08350865466560037,2.7411200824468467,2.7054792997452135,1.1965293247125977,1.1977243070015589,0.7758500640901207,0.8068770510393503
11812.0,-9.914,-0.084,-0.105,-9.909,-0.108,-0.089,2.8,1.26,0.77,-9.90534907732712,-9.898586380770691,-0.06777966114834372,-0.06997579150749102,-0.08132170926068252,-0.08205622558737473,-9.90420712246881,-9.901085010143474,-0.0741173440732685,-0.07220946606174579,-0.08903649776427158,-0.08374881196397765,2.7401213761931444,2.7096130474211644,1.202120238780476,1.2004478585675822,0.777237181561427,0.8052642781375527
,-9.916,-0.034,-0.086,-9.89,-0.069,-0.12,2.73,1.26,0.77,-9.905892565573275,-9.899347942341366,-0.06689112005989699,-0.06840243791993769,-0.08213108681819478,-0.08222870133733322,-9.904998396898664,-9.900600221908205,-0.07460377669902604,-0.0720691043148381,-0.08791897817069992,-0.08533420965391228,2.7381636841131582,2.7105046437873628,1.208680862780565,1.2030522925895457,0.7793333289735312,0.8037220416447532
,-9.892,-0.084,-0.062,-9.933,-0.077,-0.091,2.73,1.12,0.77,-9.906274099203701,-9.899026590530951,-0.06593795831946969,-0.06908457511966354,-0.08260489751934776,-0.0813440278471102,-9.905788321717766,-9.902017180134486,-0.07469438051756841,-0.07228475002649172,-0.08657277147184275,-0.08558199493863022,2.7355615332890535,2.711357245471285,1.215948039073891,1.1994201186634512,0.7821515115294908,0.8022472561020821
,-9.895,-0.072,-0.112,-9.909,-0.069,-0.069,2.66,1.12,0.7,-9.906507906444808,-9.898850493677545,-0.06500045928350363,-0.06921207682211475,-0.08272255135795921,-0.08268472047347598,-9.906521140866895,-9.9023225632115,-0.07438814320045155,-0.07214109644675824,-0.08515039809951697,-0.0848568064424448,2.732651572126905,2.7091112139322946,1.2236233082780315,1.195946799763429,0.7856773998677924,0.7977756268339405
11888.0,-9.887,-0.086,-0.091,-9.899,-0.091,-0.057,2.73,1.33,0.84,-9.906600999671442,-9.898332231204405,-0.06416277051403045,-0.06994626991328945,-0.08250678559700378,-0.08304837598433766,-9.907136839430589,-9.902177256199488,-0.07372583268671062,-0.07296586056732318,-0.08380268857796039,-0.08363853336509501,2.729762251108062,2.710024751732738,1.231398821803147,1.2018094030420288,0.7898626743304371,0.799622242566525
,-9.914,-0.043,-0.115,-9.864,-0.077,-0.069,2.73,1.26,0.77,-9.906550203178009,-9.899017434961829,-0.06350665690472401,-0.06876781970547514,-0.08202171255864013,-0.08444572701223232,-9.907575213585726,-9.900507637523255,-0.07278619449145607,-0.0731422869323855,-0.08266141316828564,-0.082998341503969,2.7271878107210967,2.7108983359263,1.2389828596961803,1.2043542718234455,0.7946227001569091,0.7983267631543177
,-9.919,-0.081,-0.057,-9.926,-0.101,-0.079,2.73,1.4,0.84,-9.906342125904814,-9.899891337783107,-0.06310427224932999,-0.06930277289338328,-0.08136605958397848,-0.08324543574721377,-9.907780491501542,-9.901622501778514,-0.07167794696007765,-0.07436059569292766,-0.08182478555127207,-0.08282348097359805,2.725168463673002,2.7117337140718583,1.2461215067298852,1.212910498388836,0.7998384207793406,0.8001492698836395
,-9.887,-0.069,-0.074,-9.914,-0.069,-0.05,2.66,1.33,0.84,-9.905956057606657,-9.899327558287537,-0.06301041778812326,-0.06928953166489514,-0.08066209844676307,-0.08284110322644772,-9.90770656258967,-9.902163809424092,-0.07052810913119807,-0.07412615967189076,-0.0813479253193858,-0.08138800500845808,2.723877172614959,2.709471233038926,1.2526120853409326,1.2180311973624836,0.8053610525181599,0.801892069963903
11964.0,-9.873,-0.031,-0.065,-9.938,-0.026,-0.081,2.87,1.19,0.84,-9.905369266254496,-9.898176171326918,-0.06325520188538553,-0.06761500997147928,-0.08004156993604644,-0.0820608556473281,-9.907322402329088,-9.903731038792525,-0.06946776085126061,-0.07202145128588398,-0.0812393577557861,-0.08137103632862404,2.7234121910300333,2.7164916611038654,1.258305359785088,1.2168053049048086,0.8110176864188382,0.8035586496467024
,-9.928,-0.062,-0.086,-9.899,-0.067,-0.091,2.73,1.12,0.77,-9.90456386930067,-9.899480459641062,-0.06383830433833884,-0.06736944821044981,-0.07963042119344832,-0.08223312661908143,-9.906616761797242,-9.903524135826494,-0.06861701832907725,-0.07180184768287194,-0.08146351509713513,-0.08179214070564955,2.723793896978544,2.717082422563732,1.2630974038990692,1.2125717093688853,0.8166164738251961,0.8020910260544252
,-9.952,-0.05,-0.084,-9.909,-0.069,-0.108,2.66,1.19,0.77,-9.903534139389475,-9.901777299158676,-0.06472610428840679,-0.06660982931858116,-0.07953413128858147,-0.08231039737537857,-9.905601135827876,-9.903763612050788,-0.06807141620196468,-0.07167931434696738,-0.08194819641368387,-0.08293829024328696,2.724964572504589,2.7145860343050106,1.2669163388203684,1.211584579746192,0.8219513578265785,0.8006875877094048
,-9.902,-0.06,-0.096,-9.887,-0.038,-0.079,2.73,1.33,0.91,-9.902292717329813,-9.901787038535312,-0.06585265647843941,-0.06632076163095864,-0.07982499102243701,-0.08290908481259364,-9.904310511048392,-9.903030488949092,-0.06789168102150225,-0.07020641678036585,-0.08259522139839161,-0.08276605698294952,2.726790839089415,2.71526013331813,1.2697111396683591,1.2167632417148742,0.8268075464271177,0.8054681478004881
12039.0,-9.897,-0.065,-0.067,-9.883,-0.072,-0.112,2.66,1.19,0.77,-9.900874127492612,-9.901577687153464,-0.06712488798779877,-0.06626300081067403,-0.08053234642967254,-0.08221333338613392,-9.902802017971297,-9.902154496305695,-0.06809814514594614,-0.07028485548996069,-0.08329230491525365,-0.08404454394777193,2.7290699932740887,2.712843443921138,1.271448086803114,1.2155928058400796,0.8309693510105441,0.8039170205850157
,-9.907,-0.048,-0.038,-9.926,-0.084,-0.045,2.66,1.19,0.77,-9.899334592050197,-9.90181482076643,-0.06843161869866561,-0.06546430632579076,-0.08163675963896128,-0.08027975489594562,-9.901151909368942,-9.903197329982774,-0.06867016044753967,-0.07088465890633809,-0.08392455030474825,-0.082337011749797,2.7315422708308477,2.7105324454352053,1.2721164710778274,1.2144735575254646,0.8342315802412239,0.8024337299929739
,-9.892,-0.093,-0.069,-9.916,-0.077,-0.093,2.8,1.4,0.84,-9.897748174182118,-9.901385590250776,-0.06965528942095385,-0.06666852189691375,-0.08306913697280432,-0.07978645857136923,-9.899451123171334,-9.903757227792834,-0.0695501053662109,-0.07115210046981733,-0.0843846495769371,-0.08280333508406705,2.733910243812599,2.714445120510398,1.2717411403683716,1.2225871657579728,0.8364149088210904,0.8040766116950551
,-9.887,-0.11,-0.091,-9.923,-0.038,-0.093,2.8,1.4,0.84,-9.896200148239558,-9.900756467195484,-0.07068470495889874,-0.06856353151551983,-0.08471568638995361,-0.0802768588483997,-9.897799331544604,-9.904598769323785,-0.07065107204389189,-0.06970226418410741,-0.08458146482582322,-0.08324926443933683,2.735864421693022,2.7181866803797794,1.2703965185538373,1.2303459370270484,0.837384688687444,0.8056476443334719
12115.0,-9.89,-0.065,-0.084,-9.88,-0.074,-0.074,2.73,1.4,0.91,-9.894778902110799,-9.900286056382635,-0.07142677746196727,-0.06840768817714811,-0.0864287975869156,-0.08043968236876639,-9.896297305701587,-9.903522995385893,-0.07186714084508643,-0.06989021635853647,-0.08444687596599014,-0.08284476787702738,2.737111845323008,2.7187033103461062,1.2682151358208789,1.237765390293249,0.837071285285076,0.8102112687614302
,-9.883,-0.096,-0.096,-9.883,-0.091,-0.093,2.73,1.26,0.84,-9.89356770417808,-9.899530088558077,-0.07181541322627202,-0.06961437751574208,-0.08804280349604358,-0.08112017878788828,-9.89503790256193,-9.902625467121963,-0.07308514910262387,-0.07081340652193129,-0.08394067735707396,-0.08328888471697948,2.7374033490873475,2.7191973463317196,1.2653844233782099,1.2387377722615738,0.835488529781302,0.8115140136936636
,-9.883,-0.048,-0.081,-9.866,-0.084,-0.11,2.8,1.26,0.84,-9.892637443074605,-9.898807181715364,-0.0718164232378001,-0.06866912054677829,-0.08939262193013092,-0.08111492303455048,-9.89409675410604,-9.901023733367966,-0.07419675595427427,-0.07139009300633078,-0.08305316272006168,-0.08445703623333387,2.73655575493993,2.722731071577107,1.2621293856510227,1.239667628739319,0.8327462424615342,0.8127597852665095
,-9.895,-0.079,-0.12,-9.914,-0.089,-0.086,2.66,0.98,0.77,-9.892041039558874,-9.898640683129129,-0.07142837385595796,-0.06912091847819578,-0.09033281185259733,-0.08281547499777382,-9.893524246062288,-9.901591221397268,-0.07510939656115599,-0.07216022294427261,-0.0818050654869153,-0.08452451430634676,2.734466835559403,2.719987668316768,1.2586846068773627,1.2283116451513076,0.8290534706703291,0.8108897815926944
12191.0,-9.919,-0.067,-0.122,-9.854,-0.079,-0.062,2.8,1.33,0.98,-9.891809721951518,-9.899531051969374,-0.07068015321788534,-0.06902816488839393,-0.09075455126753455,-0.08452912188991112,-9.893340250612352,-9.89950992658418,-0.07575473283868277,-0.07245934517923126,-0.08024480267868059,-0.08353945543589267,2.7311223630979136,2.7234868273218558,1.2552638915549006,1.2327587561790185,0.824710499913172,0.818285435876774
,-9.911,-0.038,-0.084,-9.907,-0.067,-0.06,2.73,1.12,0.84,-9.891950917935965,-9.900032620360381,-0.06962643702278966,-0.0676712185758466,-0.09059834453619645,-0.08450598194592843,-9.893532446188601,-9.899837487931713,-0.07609363651564308,-0.07222059311843337,-0.0784434819974978,-0.08251001082104036,2.7265955269932616,2.723771666134605,1.252037024174332,1.2278275081031205,0.8200889786233221,0.8192350730152116
,-9.861,-0.067,-0.091,-9.914,-0.079,-0.065,2.66,1.26,0.77,-9.89244739126442,-9.898325618004142,-0.06834221193836083,-0.06764186436698379,-0.08986093225435997,-0.08478998296910878,-9.89405827828172,-9.900456852997333,-0.07611740088240035,-0.07251707496909802,-0.07648863337553269,-0.08174425055556703,2.721039617897974,2.7209827582071333,1.249120210068324,1.2292344984349761,0.8156006434651757,0.8170818897323422
,-9.871,-0.072,-0.079,-9.88,-0.098,-0.093,2.73,1.26,0.84,-9.893257570421945,-9.89713059502006,-0.06691715904030666,-0.06783245739395247,-0.08859585020669619,-0.0845367713958343,-9.894849963459048,-9.899562219634968,-0.07584544755452345,-0.07363151201893674,-0.07447773265173491,-0.08223649484029362,2.714675341082066,2.721377106514054,1.2465815753076834,1.2305799568059974,0.8116568313040204,0.818084160514193
12267.0,-9.878,-0.105,-0.093,-9.895,-0.06,-0.069,2.73,1.33,0.77,-9.894317506233003,-9.896293962756637,-0.06545011182880218,-0.0694578937833477,-0.08690802436255471,-0.08490689109653099,-9.895821560611374,-9.899362701526124,-0.0753201280820356,-0.07303536941373655,-0.07251217174662317,-0.08165762739647303,2.707774407048906,2.7217542087885436,1.2444581393913048,1.2349278621210096,0.8086232389381964,0.815981311125367
,-9.921,-0.072,-0.117,-9.89,-0.074,-0.079,2.73,1.33,0.77,-9.895544999595597,-9.897374423764818,-0.06404323251101711,-0.06956906687916597,-0.08494334605256205,-0.08631040848217751,-9.896877065405237,-9.898953245576934,-0.07459941861753597,-0.07307755528618098,-0.07069172072571578,-0.08154140225085876,2.700640968958414,2.7221148192659674,1.242777471094344,1.239085620685476,0.8067762323528916,0.8139704255557144
,-9.899,-0.057,-0.072,-9.935,-0.069,-0.079,2.66,1.26,0.7,-9.896845905961921,-9.897445514537653,-0.06279541163191509,-0.06901938815053583,-0.08287437093701677,-0.08568457625323934,-9.897918573672719,-9.900529666033043,-0.07374850925793669,-0.07289923294712634,-0.06910916088772895,-0.08143025997024084,2.6935921873745916,2.7193983729926323,1.241576400408669,1.2400002621256254,0.8062675575023118,0.808986195682235
,-9.914,-0.034,-0.062,-9.909,-0.067,-0.074,2.66,1.26,0.77,-9.898121836287105,-9.89816948605011,-0.06179489613065929,-0.06748789751844704,-0.08088346382632843,-0.08464878697842662,-9.898853625204955,-9.900900096180631,-0.07283145635725805,-0.07264124385959012,-0.06784480148190329,-0.08110531501433549,2.6869392021047873,2.7168007247582175,1.2409107630923484,1.2408749036546884,0.8071034671829475,0.8072812260462303
12342.0,-9.907,-0.053,-0.055,-9.88,-0.06,-0.053,2.66,1.19,0.84,-9.89927805121616,-9.898555667738735,-0.061111960408596885,-0.06685430351020853,-0.0791450611931469,-0.08335216724756836,-9.899600969663727,-9.899986079795935,-0.07190405297170367,-0.0720884088912367,-0.06696090400472651,-0.0798761953874148,2.680970155970159,2.7143166791039337,1.2408534838889316,1.2386500098021278,0.8091421539219731,0.8087121044126477
,-9.878,-0.069,-0.093,-9.895,-0.062,-0.077,2.66,1.26,0.84,-9.900230522944467,-9.897656714297852,-0.060792927960355604,-0.06694814046394339,-0.07780901206668343,-0.08377409236136649,-9.9000944076181,-9.89976802540597,-0.0710088425511487,-0.0716472162235462,-0.06649644634227042,-0.07975041179463488,2.6759370376456784,2.71194126779653,1.241481875843651,1.2395837010543478,0.812110210767911,0.8100804064183879
,-9.911,-0.053,-0.079,-9.904,-0.057,-0.048,2.66,1.33,0.77,-9.90091167109808,-9.898240251187358,-0.060856695870588985,-0.06633815168888427,-0.07698681949293514,-0.08356530877770119,-9.900284955985164,-9.89995310075744,-0.07017280945779808,-0.07100665503151321,-0.06646300892513077,-0.07836188299050521,2.672047460388647,2.7096697398892706,1.2428574999089599,1.2435378430119666,0.8156355497038011,0.8083275850958449
,-9.878,-0.038,-0.06,-9.885,-0.108,-0.05,2.66,1.12,0.77,-9.901274756748498,-9.897355092050335,-0.061294328144879506,-0.06509885017717826,-0.07674205153160062,-0.08253473617322608,-9.900141974996343,-9.899299162540974,-0.06940776828825151,-0.07262447078907693,-0.06684272501004591,-0.07712154364689341,2.6694612041858092,2.7074975522178013,1.2450030089168667,1.2381352099370055,0.8192919720794429,0.8066514195268691
12418.0,-9.928,-0.06,-0.074,-9.895,-0.05,-0.055,2.73,1.19,0.91,-9.901297078586271,-9.89869527384453,-0.062071669955742426,-0.06487586415320296,-0.07708560932402535,-0.08216148988851193,-9.899653856819178,-9.899111148944158,-0.06871292803640042,-0.0716350436416816,-0.06758913103028506,-0.07615411081584154,2.6682899370148894,2.70848164298068,1.2478807534128384,1.2360301315950077,0.8226496500404262,0.8111711226447098
,-9.899,-0.098,-0.055,-9.923,-0.093,-0.081,2.73,1.26,0.91,-9.900981968002368,-9.898708600312656,-0.0631344251835569,-0.06632446885164145,-0.07797617235874683,-0.08097364722142866,-9.898828556564611,-9.900155870594855,-0.06807873832721688,-0.07256938880635964,-0.06863135545684157,-0.07636603416601591,2.6685974748458103,2.7094226967556385,1.2513779680327843,1.23707839634531,0.8253253755005523,0.8154931667499636
,-9.89,-0.079,-0.077,-9.892,-0.048,-0.079,2.73,1.26,0.84,-9.900359356625186,-9.898327750596774,-0.06441467476440753,-0.06687880275871867,-0.07932583689439203,-0.08079986930523567,-9.897693887564667,-9.899799193185478,-0.06749112661458531,-0.07149490560466024,-0.06988144441922303,-0.07648122433475683,2.670397703004122,2.7103225956846106,1.2553025904274526,1.2380808176215203,0.8270262040567783,0.8165649142346709
,-9.902,-0.048,-0.079,-9.88,-0.06,-0.036,2.66,1.12,0.77,-9.899484618005506,-9.898488347584703,-0.06583753281863645,-0.06605318376452028,-0.08101047905279495,-0.08072115635375939,-9.896297276260887,-9.8989333231315,-0.06693555120771422,-0.07099220357821197,-0.07124394709969231,-0.07471087543359327,2.6736483353551987,2.7081218580972974,1.2593917951096096,1.2329168373032355,0.8275807815229875,0.8145285098001996
12494.0,-9.909,-0.089,-0.115,-9.899,-0.072,-0.103,2.59,1.33,0.91,-9.898435473760978,-9.898948049350903,-0.06732681830893228,-0.06705670742905574,-0.08288370167148697,-0.08222025890632724,-9.894704654203311,-9.89893623908353,-0.06640064001955102,-0.07103627712409825,-0.0726264304764801,-0.07594803206831136,2.6782410526596103,2.702956083521727,1.2633327482144892,1.2371625352769489,0.8269546727543226,0.8187037251643176
,-9.909,-0.041,-0.062,-9.899,-0.067,-0.098,2.66,1.33,0.91,-9.897306855237868,-9.899387647126343,-0.06880921899561232,-0.06591718028442832,-0.08479259895408651,-0.08133597473658365,-9.892998250231363,-9.898939027513162,-0.06588130670714822,-0.07085976029599664,-0.07394940379711258,-0.07691242160674519,2.68399132604596,2.7010775029937317,1.2667926518586254,1.241222557494965,0.8252485934864281,0.8226963471662293
,-9.902,-0.074,-0.115,-9.938,-0.072,-0.079,2.66,1.26,0.77,-9.896203689896417,-9.899501892057494,-0.07021703208137274,-0.06627066284462371,-0.08659327495553483,-0.08280818941603145,-9.891273048690165,-9.900647264619053,-0.06538111690308147,-0.07090962592012172,-0.0751541038804952,-0.07700371679592709,2.6906328994627526,2.699281077806036,1.269453083939494,1.2420437435023448,0.8226805712088137,0.8203917999457366
,-9.899,-0.089,-0.089,-9.866,-0.069,-0.093,2.66,1.4,0.77,-9.895231783152045,-9.8994799430247,-0.07148985019872817,-0.06726467532032707,-0.08816417650802207,-0.08307897324600341,-9.8896316575202,-9.899132050468948,-0.0649135078371341,-0.07082611305850364,-0.07620679221948957,-0.07770327547469708,2.697821527723656,2.697563215066293,1.2710424056779532,1.2489515775716251,0.8195548659442178,0.8181880367001656
12569.0,-9.885,-0.091,-0.11,-9.864,-0.072,-0.079,2.66,1.26,0.77,-9.894487380685067,-9.898846697855879,-0.07257553564732752,-0.06830268214522718,-0.08941571284669064,-0.08425629902018583,-9.88817757435887,-9.897595635498787,-0.06450144352539279,-0.07087745015514668,-0.07709881512440782,-0.07775998457497041,2.705150474147548,2.695920479012322,1.2713603830870452,1.249434753514647,0.8162223661693999,0.8160806498559424
,-9.885,-0.034,-0.115,-9.902,-0.055,-0.074,2.73,1.26,0.84,-9.894046497440327,-9.898241146168942,-0.07343074783599074,-0.06680253768799306,-0.09029518372764375,-0.08560080008352756,-9.887007402963135,-9.897788249678815,-0.06417526118617982,-0.07018308845058918,-0.07784259366444948,-0.07759555078534582,2.7121775128748835,2.697410864058553,1.2702912649159868,1.2498967988989471,0.8130384646156218,0.8171267045168384
,-9.876,-0.067,-0.081,-9.871,-0.089,-0.048,2.8,1.19,0.77,-9.89395545112375,-9.897268483741767,-0.07402139259205677,-0.06681117322189106,-0.09078672994670235,-0.08539959528310048,-9.886203060431685,-9.896616730740247,-0.06396875193396856,-0.07100600030596597,-0.0784646101985833,-0.07630126136150944,2.7184605419068397,2.701897350375789,1.2678045473933646,1.2472773580951981,0.8103241429016057,0.8150657327282476
,-9.902,-0.05,-0.043,-9.876,-0.06,-0.084,2.73,1.4,0.84,-9.894224061710727,-9.897475405084373,-0.07432355249795314,-0.06607597749519416,-0.09090687936070052,-0.08354535222377477,-9.88582503960339,-9.895715108221781,-0.06391383125225407,-0.07052467968151162,-0.07899704337816801,-0.07663794694991348,2.723596861581776,2.7031263513288977,1.2639453194400303,1.2539563109687586,0.8083343921512434,0.8161561721939857
12645.0,-9.897,-0.084,-0.096,-9.911,-0.062,-0.069,2.73,1.26,0.77,-9.894822652666875,-9.89745461440167,-0.07432533815450278,-0.06685984093481769,-0.0906970861844605,-0.08409002588966387,-9.885907418241024,-9.896383555711196,-0.06403447355683349,-0.07015187359208348,-0.07946980868367402,-0.07630391995534706,2.727260286072472,2.704301604856777,1.2588175413749771,1.2542206169787948,0.807236332512945,0.8141376444954107
,-9.864,-0.12,-0.115,-9.88,-0.034,-0.081,2.73,1.19,0.77,-9.895683470478852,-9.895991558446307,-0.07402947075050147,-0.06918379616729724,-0.09021503206978052,-0.0854417982090017,-9.886454869416019,-9.895667060866403,-0.06434092825731451,-0.06857085958542221,-0.07990439128371421,-0.07650929156100085,2.7292308771596088,2.7054254614825384,1.2525640826509827,1.251412084947909,0.8070982048975271,0.8122073922779002
,-9.892,-0.091,-0.079,-9.876,-0.036,-0.081,2.8,1.12,0.77,-9.896706633830131,-9.89581699738181,-0.07345561578374404,-0.07013787458441395,-0.08952615899929656,-0.08516008188998672,-9.88744165266813,-9.89480696997045,-0.06482550534372226,-0.06714645255312228,-0.0803102361762377,-0.07670568173190631,2.7294137077025753,2.7095614480501475,1.2453478358452519,1.2456650982146273,0.8078896423568092,0.8103615550129054
,-9.885,-0.065,-0.079,-9.904,-0.086,-0.077,2.8,1.12,0.84,-9.897770262455992,-9.895343942426468,-0.07264117875803368,-0.069913182190925,-0.08869628581611393,-0.08489068575716795,-9.88881251130625,-9.895209004680877,-0.06546114983247107,-0.06797096639284254,-0.08068388901741518,-0.0767185530223629,2.7278447684390468,2.7135165571847555,1.2373388319019099,1.2401694421350642,0.809492735272568,0.8116577199998132
12721.0,-9.923,-0.041,-0.081,-9.883,-0.057,-0.074,2.66,1.26,0.84,-9.89874386544979,-9.896553412498717,-0.07163979056447813,-0.06864873484659895,-0.08778576908240415,-0.08472053612642953,-9.890485490045252,-9.89467507370629,-0.06620342621559826,-0.0674911779963763,-0.08101070953211445,-0.07659966375148163,2.724683704566424,2.711176141378467,1.2287115644063262,1.2410366831071318,0.8117220631778184,0.812897200332408
,-9.921,-0.069,-0.072,-9.89,-0.079,-0.079,2.66,1.26,0.84,-9.899503367314258,-9.89762252420743,-0.07051771935875101,-0.0686640965688984,-0.08684558455614456,-0.08416423459300859,-9.89235677178612,-9.894470620792843,-0.06699559632084993,-0.0679944881764545,-0.08126876635675098,-0.07670463658615659,2.7201949261977645,2.7089380780106618,1.2196535202756118,1.2418659973877093,0.8143503957312915,0.8140824749831953
,-9.909,-0.05,-0.105,-9.871,-0.089,-0.072,2.73,1.26,0.84,-9.899945616427088,-9.898120090267115,-0.06934918118521705,-0.06784786798211238,-0.08591558289567608,-0.08507543580170214,-9.894307645344087,-9.893444190632133,-0.06777567637539193,-0.06891311282925554,-0.08143434822862816,-0.07649889081872098,2.7147206397182715,2.709859169624011,1.2103811474456547,1.2426590436126024,0.8171359502583839,0.8152159145118307
,-9.899,-0.108,-0.074,-9.861,-0.057,-0.093,2.73,1.47,0.84,-9.900000224117358,-9.89815857096481,-0.06821149698909637,-0.06960382316277614,-0.08502481799887562,-0.08459107873529671,-9.896213636961825,-9.892025323394957,-0.06848405181001527,-0.06839212200911568,-0.08148829973376678,-0.07722052642553401,2.7086504668552474,2.7107399795253593,1.2011556633140827,1.2526012436922311,0.8198474426572019,0.8162997858064254
12797.0,-9.899,-0.057,-0.112,-9.911,-0.079,-0.11,2.59,1.12,0.77,-9.899637172303738,-9.898195368802476,-0.06718046132069981,-0.06905262583142344,-0.08419342415927314,-0.08578974076516234,-9.897955529330996,-9.89285513439539,-0.06907041221145804,-0.06885603156769779,-0.08142211631851658,-0.0786540564048147,2.7023919190767387,2.705459712288787,1.1922903410983512,1.2468022531229992,0.8222844578454767,0.814274978091408
,-9.895,-0.081,-0.067,-9.952,-0.06,-0.086,2.73,1.12,0.84,-9.898869464384967,-9.89805562717861,-0.06632574505848988,-0.06957511496192756,-0.08343529248314999,-0.08496801749975989,-9.899431303404507,-9.895441690149609,-0.06949922257470777,-0.06846873473006349,-0.08124255460504687,-0.07897531324565892,2.696344652657498,2.7065329216323324,1.1841437585043173,1.2412568673298217,0.8242922019454502,0.8153999988817145
,-9.938,-0.069,-0.06,-9.923,-0.065,-0.089,2.73,1.19,0.84,-9.897750769320965,-9.899802496397399,-0.0657060746861095,-0.06954996371900408,-0.08276086421209822,-0.08387610246533074,-9.900567166846502,-9.896646885269702,-0.0697534047555013,-0.0683170381205013,-0.08097365178169051,-0.07941371834460652,2.6908799592003607,2.707559196773482,1.1770986972197908,1.2390152738971147,0.8257708037630738,0.8164758196219191
,-9.892,-0.048,-0.112,-9.911,-0.072,-0.069,2.73,1.05,0.84,-9.896368410132649,-9.89946127335248,-0.06536429231270566,-0.06860752890538224,-0.08217957799417981,-0.08510603215231356,-9.901325404181055,-9.89727458354252,-0.06983616845365176,-0.06847810342612039,-0.0806556064740008,-0.07895829991164857,2.686325571461804,2.7085405902682496,1.17153127555375,1.2307491544386482,0.8266797088456123,0.8175045919595111
12872.0,-9.892,-0.05,-0.103,-9.885,-0.086,-0.062,2.59,1.19,0.77,-9.894832399769918,-9.899134972866408,-0.06532288739626292,-0.0677937742767004,-0.08170163484494156,-0.08588858093864526,-9.901707329242887,-9.8967377847433,-0.06977096029918883,-0.0692443805880575,-0.08034076103201018,-0.07821667026711865,2.682954841169359,2.7033565083566766,1.1677770724067966,1.2289670901351109,0.8270376143571168,0.81542709516844
,-9.902,-0.065,-0.072,-9.89,-0.084,-0.093,2.66,1.19,0.84,-9.89326176772951,-9.899260267797574,-0.06558087614530954,-0.06767159541438224,-0.08133873222982228,-0.08528119793263465,-9.901750949866326,-9.896443124261475,-0.06959941035796541,-0.06988968139406254,-0.08008754914357975,-0.0788631829160113,2.680979164350297,2.7014604178567088,1.1661001220341778,1.2272629600698215,0.826918298299277,0.8165017308615277
,-9.859,-0.081,-0.065,-9.907,-0.074,-0.084,2.73,1.12,0.84,-9.891770082176347,-9.897499583806724,-0.06611281101524606,-0.06825448047355413,-0.08110352560472135,-0.08439424952248534,-9.901524267554763,-9.896904803309406,-0.06937716634290053,-0.07006943608926608,-0.0799534604549478,-0.07908782900254943,2.6805429289789564,2.7027085264296047,1.1666681969633166,1.2225720777946303,0.8264426571313357,0.8175293699843672
,-9.859,-0.053,-0.074,-9.868,-0.05,-0.089,2.73,1.26,0.91,-9.890452540508551,-9.895815899031387,-0.06687029073799626,-0.06758736322215936,-0.0810079671473309,-0.08393968253911456,-9.90111577419485,-9.895640722702446,-0.06916779865080722,-0.06919174857548116,-0.07998789617618662,-0.07952131346520537,2.6817202492543184,2.7039020520214043,1.169535418476217,1.2242088960809265,0.8257670170396073,0.8215733459583585
12948.0,-9.866,-0.057,-0.101,-9.959,-0.062,-0.072,2.73,1.12,0.77,-9.889376986700178,-9.894511973906111,-0.06778588556707503,-0.06712435089101108,-0.08106107732057483,-0.08468577362826897,-9.900623628041492,-9.898411585103768,-0.06903548723588618,-0.06887723511229928,-0.08022557518087488,-0.07919238729088343,2.6845121268748127,2.7050433816875543,1.1746318597156211,1.2196515759164657,0.8250674835532822,0.8193179123214622
,-9.88,-0.069,-0.05,-9.883,-0.065,-0.079,2.73,1.19,0.91,-9.888580562358174,-9.893877328371573,-0.06877910892619454,-0.06720637779783174,-0.08126676412375596,-0.08316887651367891,-9.900144580645701,-9.89773759728312,-0.06903765961888668,-0.06870767375791044,-0.08068115899399865,-0.07918397370525745,2.6888425132598694,2.7061347980911146,1.181759531360955,1.2183548370738273,0.8245203783096693,0.8232836706931443
,-9.907,-0.079,-0.091,-9.873,-0.053,-0.048,2.66,1.19,0.77,-9.888072447705339,-9.894451216177432,-0.0697638873333734,-0.06772214289204194,-0.08162204203538365,-0.08351135146102388,-9.899763430833389,-9.89665575923756,-0.06921882939557894,-0.0680207372343645,-0.08134594693010118,-0.07782021922336609,2.6945529976199523,2.7041172060336502,1.190594524512768,1.217114807932313,0.8242799662944418,0.8209534402547077
,-9.902,-0.074,-0.12,-9.919,-0.077,-0.065,2.59,1.26,0.77,-9.887841650731842,-9.894781343690054,-0.07065674610342014,-0.0679966895475522,-0.08211568606419416,-0.08510709284987553,-9.899543819243377,-9.897632929706042,-0.06960654572529869,-0.06841342322878256,-0.082187570079557,-0.07725955843575089,2.701398199050515,2.6991265704212215,1.2006955663592709,1.2189902864356663,0.8244562315216377,0.8187251167411097
13024.0,-9.895,-0.074,-0.074,-9.876,-0.062,-0.086,2.59,1.12,0.77,-9.887867628565857,-9.894790906086433,-0.0713846880626762,-0.06825922957738155,-0.08272715621732406,-0.08462135143916194,-9.899521377640314,-9.896686866687094,-0.0702098073785183,-0.06813294792451002,-0.0831533147595962,-0.07764180016840423,2.709046053760717,2.6943541880364523,1.2115195252640523,1.2146611895216397,0.82509662969891,0.8165942434997577
,-9.895,-0.11,-0.079,-9.89,-0.089,-0.089,2.8,1.26,0.77,-9.88813108647497,-9.894800050294833,-0.07189168822935078,-0.0700846595816402,-0.08342565798240911,-0.08437551545008858,-9.89970025352881,-9.896394433007469,-0.07101974476672634,-0.06904551716013645,-0.08417695699175876,-0.0781385231219347,2.717087543043427,2.698974347967138,1.2224445843443088,1.2166439709644985,0.8261758381097536,0.8145565587793027
,-9.904,-0.06,-0.057,-9.883,-0.057,-0.117,2.73,1.12,0.91,-9.888622578712383,-9.895202387480692,-0.07214296176752497,-0.06964363178404775,-0.0841695517026104,-0.083178314573929,-9.90005370751739,-9.895808660404887,-0.0720119719908644,-0.06851873607635364,-0.08518801213938185,-0.07983803428738107,2.7250583035966938,2.700331178594305,1.2328019504060639,1.2124174844559545,0.827596133367634,0.8187305430705367
,-9.904,-0.043,-0.081,-9.904,-0.108,-0.093,2.73,1.19,0.84,-9.889347203862572,-9.895587129436162,-0.07212666477733991,-0.06847843804871345,-0.08490679019157685,-0.08308305134120976,-9.900528932492719,-9.896166888504478,-0.07314983222105587,-0.07024535209326077,-0.08612154994237058,-0.08041364050042785,2.732470969806656,2.7016286715606115,1.2419166697917206,1.211437110884448,0.8291984933038484,0.8196607104804846
13100.0,-9.911,-0.077,-0.081,-9.914,-0.043,-0.101,2.73,1.19,0.77,-9.89032445985773,-9.896261173435153,-0.07185331687404506,-0.068851107608969,-0.08557720748401015,-0.08299195421233174,-9.901055562730436,-9.89694677579005,-0.07438781150217542,-0.06905384360671273,-0.08692658449453071,-0.08131393431813691,2.7388541000740165,2.7028694218542566,1.2491567924130473,1.2104996115466358,0.8307820402809306,0.8174889214067754
,-9.895,-0.055,-0.077,-9.916,-0.105,-0.089,2.8,1.4,0.91,-9.891583147179306,-9.896206019116079,-0.0713536695451919,-0.0682453634763189,-0.08611708700562928,-0.08272991082853205,-9.901556643608611,-9.897780021700708,-0.0756746222182082,-0.07062586036820671,-0.08757157713770085,-0.08165006550138879,2.743792380667519,2.707117188854103,1.2539875542191863,1.2187869450712276,0.8321281814443506,0.8215346659526261
,-9.878,-0.098,-0.101,-9.885,-0.055,-0.074,2.73,1.33,0.84,-9.893152131398036,-9.895409823641046,-0.07067568749346873,-0.06954660933409486,-0.08646572143176667,-0.0835289082498801,-9.901960368690954,-9.897221118879392,-0.07695576104953787,-0.06994250179106087,-0.08804650649045184,-0.08131550869920859,2.746963024118626,2.708117912327709,1.2560240228067157,1.2236505745409239,0.833025836758526,0.822342201928489
,-9.873,-0.084,-0.091,-9.914,-0.072,-0.057,2.8,1.4,0.84,-9.895048714962227,-9.89442978511738,-0.0698808597268771,-0.07017869282913186,-0.08657300230368195,-0.08385563807365064,-9.902210848640012,-9.897954901980304,-0.0781756127375341,-0.07003248141515049,-0.08836184887895215,-0.08025212972624178,2.7481639573858962,2.7121361494631793,1.255073330320712,1.231362782960979,0.8332947622808284,0.8231144223006973
13175.0,-9.887,-0.062,-0.105,-9.923,-0.105,-0.11,2.8,1.26,0.84,-9.897267042114114,-9.894104861738986,-0.06903966901279684,-0.06982101781391882,-0.08640667622827873,-0.08478033473749144,-9.90227645593225,-9.899050187743244,-0.07927930730530046,-0.07156169983710285,-0.08854531908288027,-0.08155307966714466,2.74733027730521,2.715978658863397,1.2511580261756678,1.232615161214336,0.8328047735979115,0.8238528715109387
,-9.88,-0.067,-0.091,-9.911,-0.069,-0.115,2.8,1.19,0.77,-9.899769067163724,-9.893488020304437,-0.0682260877067314,-0.06969764753865974,-0.08595786589930515,-0.0850523364992914,-9.902154646909064,-9.899572783389445,-0.08021452711456546,-0.07144967019571767,-0.08863718482574601,-0.08301579845880686,2.7445367378657335,2.7196531255514538,1.2445157691833721,1.2307514919587634,0.8314896898289363,0.8214977486368413
,-9.909,-0.062,-0.072,-9.904,-0.069,-0.096,2.66,1.12,0.84,-9.902480089009554,-9.894166398579332,-0.06751139236803448,-0.0693610098585883,-0.08524377544728726,-0.08448152466923997,-9.901872539310832,-9.899766396817634,-0.08093339188842807,-0.07134253989552077,-0.08868457697561774,-0.08358363057406741,2.739985887622172,2.7170443428429967,1.2355760438145702,1.2259080478896238,0.829355800831821,0.8223068990875096
,-9.892,-0.036,-0.108,-9.914,-0.072,-0.072,2.73,1.26,0.84,-9.905289931815036,-9.89407165646678,-0.06695804131500449,-0.06790204816012833,-0.08430705475636255,-0.08551004733264853,-9.901483048765115,-9.900388868438313,-0.0813945396184724,-0.07137129229584577,-0.08873497527370942,-0.08307704898651024,2.733983789672729,2.7176109266379886,1.224919171658097,1.2273989755493562,0.8264850474172019,0.8230806633310901
13251.0,-9.883,-0.086,-0.079,-9.899,-0.091,-0.084,2.66,1.26,0.84,-9.908059877020612,-9.893587464808792,-0.06661449920482124,-0.06869351756073773,-0.08321186622172415,-0.08522534642804347,-9.901057083696625,-9.900328129693944,-0.08156552565031477,-0.07222970553833863,-0.08882931434193848,-0.08311741197851628,2.7269073650101783,2.7150914544911866,1.2132246032035916,1.2288247011513194,0.8230327060054377,0.8238205888967305
,-9.911,-0.079,-0.079,-9.88,-0.091,-0.067,2.8,1.33,0.91,-9.910634616630615,-9.89434895919641,-0.06651163638174712,-0.06914424621382552,-0.08203713225071861,-0.08495309621784297,-9.900672995160784,-9.899439128953805,-0.08142551536181117,-0.07305057818723933,-0.08899571275439154,-0.08241255661829529,2.719168309457014,2.718804720833837,1.2012144638861828,1.2332493539312144,0.8192186842522641,0.8275894334195234
,-9.95,-0.053,-0.096,-9.878,-0.084,-0.079,2.66,1.05,0.84,-9.912857767712199,-9.896782720545138,-0.06666086550624624,-0.06843821732609587,-0.08086776586999052,-0.0854362053755498,-9.90040498408225,-9.898501541396685,-0.08096795885208738,-0.07352942421085397,-0.08924513475125967,-0.08226331685066425,2.7111779235661864,2.7162330410481306,1.189596745611224,1.2252353942938523,0.8153114036354603,0.8281321790146324
,-9.923,-0.079,-0.065,-9.926,-0.067,-0.055,2.73,1.05,0.77,-9.914588822840592,-9.897929268755913,-0.06705382836891176,-0.06890011090464972,-0.07978497372329386,-0.08454247821561715,-9.900312333344935,-9.899704118825246,-0.08020275386146761,-0.07324387590828388,-0.0895700390290955,-0.08107102276810234,2.703315871018726,2.71683510512504,1.1790124348576012,1.2175719054815264,0.8116042620658674,0.8255899111964785
13326.0,-9.935,-0.055,-0.057,-9.866,-0.089,-0.129,2.66,1.19,0.77,-9.915719026212907,-9.899550465972997,-0.06766340315898,-0.0682922237559613,-0.07885696073456638,-0.08333797570012258,-9.900431071350406,-9.89823015211863,-0.07915747842372267,-0.07393293122692095,-0.08994632216467746,-0.08316707865635456,2.695904908302422,2.7143495616472313,1.1699919816767972,1.216366116036964,0.8083867314887107,0.8231588232112909
,-9.892,-0.057,-0.057,-9.895,-0.079,-0.122,2.66,0.98,0.7,-9.916183874760502,-9.89922026492249,-0.06844594766704484,-0.06779838613585812,-0.07813146690162331,-0.0821861491406092,-9.900769097094875,-9.898088889363898,-0.07787747881984403,-0.07415452701158431,-0.09033788781012161,-0.08486534091828292,2.6891932772644207,2.7119727173021704,1.1629265671449496,1.2060292255591158,0.8059143080828008,0.8177727751251231
,-9.94,-0.091,-0.103,-9.916,-0.072,-0.101,2.66,1.33,0.84,-9.915970709537811,-9.901003666289604,-0.06934477371079178,-0.06881305162610471,-0.0776313835499689,-0.08309639169140015,-9.90130515236495,-9.898872187713783,-0.07642473264860723,-0.07406030407436712,-0.09070236966966123,-0.08557095053074242,2.6833462191956277,2.70969981839998,1.1580570238674428,1.2114507823249887,0.8043824509296779,0.8187448281105986
,-9.916,-0.045,-0.055,-9.919,-0.084,-0.077,2.66,1.26,0.84,-9.915120743925092,-9.90165949404198,-0.07029475114370082,-0.06777164641155502,-0.07735414426671322,-0.08186766513938701,-9.901991452439319,-9.89975242805431,-0.07487544601541306,-0.07449499221642132,-0.09099638570713993,-0.08519612110037332,2.6784474048053797,2.707526319141818,1.1554788434727852,1.2135739628918019,0.8039085991039149,0.8196743707492038
13402.0,-9.921,-0.084,-0.069,-9.887,-0.062,-0.089,2.73,1.19,0.77,-9.913725500337332,-9.902505303476389,-0.07122773686710433,-0.06848135352055426,-0.0772748305809174,-0.08130492946963015,-9.902759338194924,-9.89919473199489,-0.07331637873489481,-0.0739485544798663,-0.0911793567254192,-0.08536247438335573,2.6745098500090254,2.7085091502702814,1.1551579005447563,1.2125430136362034,0.8045239784087225,0.8175019843845835
,-9.919,-0.074,-0.093,-9.873,-0.089,-0.065,2.59,1.05,0.77,-9.911918017366657,-9.903226658437275,-0.0720783330568414,-0.06872269794357092,-0.07735228323166597,-0.08181638459903622,-9.903527119593221,-9.898049169853351,-0.07183995715568985,-0.07460679240979222,-0.09121592223418673,-0.08447197167593533,2.6714944199477775,2.7033264442207634,1.1569504981919718,1.2054345949347107,0.8061746784117627,0.8154246019945097
,-9.947,-0.079,-0.074,-9.911,-0.077,-0.081,2.66,1.12,0.84,-9.909859568970568,-9.905140977806976,-0.07278935355491804,-0.06917215045719033,-0.07753708244181168,-0.08147455425424692,-9.904209337639273,-9.898615542538606,-0.07053831022025579,-0.07471145345421089,-0.09107763028027509,-0.08432013353900052,2.6693327992690077,2.701431668806526,1.160623388395473,1.20169832317461,0.8087303217144299,0.8164993465477124
,-9.871,-0.091,-0.108,-9.95,-0.079,-0.115,2.8,1.33,0.91,-9.907723143680913,-9.903647906163128,-0.0733163395555018,-0.07012673773886777,-0.07777998744830115,-0.08263457934513188,-9.904726661694513,-9.900862715329144,-0.06949647834459836,-0.07489900248332909,-0.09074453440120762,-0.08566184199588696,2.667951002372235,2.7057423121957855,1.1658724865159147,1.2073092812616721,0.8119982467950904,0.8205883675224555
13478.0,-9.876,-0.057,-0.074,-9.88,-0.048,-0.101,2.73,1.12,0.77,-9.905675556610493,-9.902438793029479,-0.07363057685213321,-0.0695526721691865,-0.0780393401168635,-0.08225696726745287,-9.905015350536964,-9.899950335818044,-0.06878527816470735,-0.07372264080903984,-0.0902067835221189,-0.08633261858849162,2.6672889854857615,2.706803162472945,1.1723406683800697,1.203491024716671,0.8157409254037402,0.8183760097684771
,-9.885,-0.086,-0.089,-9.926,-0.038,-0.091,2.66,1.05,0.77,-9.903860611505555,-9.90167615033448,-0.07372036215671895,-0.07027195557379079,-0.07828617192193392,-0.08255185720891424,-9.905034928417047,-9.901089553770914,-0.06845465741934505,-0.07216039902928736,-0.08946570549299364,-0.08653673502775702,2.667312020172084,2.7047563413481956,1.1796351408996792,1.1967784725033217,0.8196945668321675,0.8162604040381498
,-9.921,-0.057,-0.081,-9.931,-0.086,-0.093,2.66,1.26,0.84,-9.902385790981656,-9.902521231341476,-0.07359064763834511,-0.0696915392605171,-0.07850630374723944,-0.08248399055317408,-9.904772872507069,-9.902397613523837,-0.0685286301996087,-0.07276563991695752,-0.0885336952421733,-0.08681939001451032,2.6680109993647423,2.702799032909623,1.18734485184037,1.199543310413239,0.8235878250055736,0.8172985968417781
,-9.871,-0.069,-0.084,-9.89,-0.069,-0.074,2.66,1.19,0.77,-9.90131428953516,-9.901142727867054,-0.07326147839802587,-0.06966129649293624,-0.07869940913558701,-0.0825502894952131,-9.904245674548914,-9.901855434408686,-0.06900275301781768,-0.07260095892297233,-0.0874325172945196,-0.08625876554259347,2.669391754339057,2.7009273225399135,1.1950585822800233,1.1991259572197792,0.827160526096783,0.8152301091175717
13554.0,-9.883,-0.077,-0.06,-9.885,-0.05,-0.12,2.66,1.19,0.84,-9.90066310264754,-9.900349300316222,-0.07276570135336537,-0.06998223662898193,-0.07887562220045101,-0.0815641080843553,-9.90349635649184,-9.901118303469001,-0.06984456894014,-0.07161256160939782,-0.08619013827897073,-0.08773435538849557,2.67145639950978,2.6991374668179455,1.202383873261827,1.1987268559413526,0.8301823536659652,0.8163133593322712
,-9.926,-0.081,-0.067,-9.895,-0.089,-0.06,2.66,1.26,0.91,-9.900406840703216,-9.901471070535296,-0.0721462712265702,-0.07046407139305345,-0.07905069817313755,-0.08092718266252268,-9.902589174161747,-9.900850734525175,-0.07099683571757741,-0.07237295843338315,-0.08483660920992145,-0.08652146161547773,2.6741813698675547,2.6974258860319407,1.2089657971993393,1.201406486091069,0.8324703897239119,0.820410513979968
,-9.902,-0.074,-0.086,-9.904,-0.067,-0.069,2.66,1.19,0.91,-9.900486122621887,-9.901494201963617,-0.07145323795665723,-0.07061870652794586,-0.07924090106323232,-0.08114902984340869,-9.901602618584448,-9.90098845989965,-0.07238295103162037,-0.07213798532038386,-0.08339976668394908,-0.08575520361606603,2.677497062044252,2.6957891570200347,1.214503832256485,1.200907651495858,0.8339031636870694,0.8243284896507528
,-9.892,-0.06,-0.065,-9.921,-0.089,-0.074,2.66,1.26,0.77,-9.90081878479876,-9.901078996408375,-0.07074035467862247,-0.07015432353327396,-0.07945863563769381,-0.08044279177006222,-9.90062173676173,-9.901863615352468,-0.07391379608327757,-0.0728754040307055,-0.08190167709278133,-0.08524111871845254,2.6812734496159196,2.6942240063239487,1.2187652162182858,1.2034919099164416,0.8344284360779429,0.8219525668720583
13630.0,-9.947,-0.074,-0.081,-9.892,-0.065,-0.091,2.59,1.12,0.84,-9.901311811971983,-9.90308723847623,-0.0700612914662209,-0.07032250472827832,-0.07970941685634389,-0.08046715990055578,-9.899730385443092,-9.9014322544121,-0.07549516207978184,-0.07253099261895879,-0.08035672376331172,-0.08549296921710965,2.685315151441407,2.689666025931327,1.2215937882863368,1.1998405967328087,0.8340629415310796,0.8227418269402103
,-9.933,-0.093,-0.115,-9.919,-0.079,-0.072,2.66,1.26,0.84,-9.901871988227361,-9.904395399477341,-0.06946558803332742,-0.07131424916798117,-0.07999027973800307,-0.08197736866679804,-9.899003722759433,-9.902200536525982,-0.0770350097213355,-0.07281389873463305,-0.07877191064502832,-0.08490288741857713,2.689368183465095,2.688368655304062,1.2229139593513538,1.2024715201646605,0.8328843223844496,0.8234965706615249
,-9.878,-0.055,-0.079,-9.871,-0.06,-0.057,2.73,1.33,0.84,-9.902413793437297,-9.903241061648544,-0.06899460096829638,-0.07060078563509585,-0.08028939287726,-0.08184716077639234,-9.898501298550594,-9.90083605785531,-0.07844999645571764,-0.0722535144124916,-0.07714944542875832,-0.08368262331506995,2.6931387584537947,2.690189299696562,1.2227296518417934,1.2080486643427322,0.8310172480354835,0.8242183075235352
,-9.89,-0.053,-0.043,-9.868,-0.115,-0.072,2.73,1.19,0.77,-9.902864001639937,-9.902661996407964,-0.06867782205682513,-0.06983105859668276,-0.08058660656436296,-0.0801482758155105,-9.89826141019012,-9.899400053685374,-0.07967083724881925,-0.07412292674646333,-0.07549121695007924,-0.08317171253917403,2.6963219649845898,2.6919303226870706,1.2211177667304538,1.2072593504314177,0.8286164317289175,0.8218472032931283
13705.0,-9.868,-0.072,-0.077,-9.899,-0.091,-0.101,2.73,1.26,0.84,-9.903163547835067,-9.901146139310192,-0.06853012411886424,-0.06992591191044382,-0.0808549470338759,-0.08001059372171199,-9.898297591191957,-9.899382558322115,-0.08064605599661938,-0.07486100400490743,-0.07380443345251071,-0.08395138880970764,2.6986356263156415,2.693595206321743,1.218215672112659,1.2095658329273673,0.8258491883770034,0.8226410711768085
,-9.907,-0.062,-0.079,-9.914,-0.074,-0.091,2.73,1.19,0.84,-9.903267956161686,-9.90140214349901,-0.0685506045104662,-0.06957929166155404,-0.08106335702394454,-0.07996639789272672,-9.898597864561877,-9.900021816155128,-0.08134367856538444,-0.07482335011399263,-0.0721073344590636,-0.0842596424709535,2.6998532419912715,2.695187280368,1.2142031757909917,1.208710169382825,0.8228798041667119,0.8234002212023376
,-9.928,-0.041,-0.091,-9.909,-0.089,-0.069,2.8,1.19,0.77,-9.903147505583794,-9.902565335285873,-0.06872355372063417,-0.0683294466849916,-0.08118086134157103,-0.08044892532309392,-9.89912670239368,-9.900414454926937,-0.08175066513356047,-0.07544333100275435,-0.07043364323852767,-0.08359229956713629,2.6998302561100904,2.6997710066780587,1.2092812468780605,1.207891926177546,0.8198573999325879,0.8210648939658389
,-9.916,-0.096,-0.079,-9.907,-0.067,-0.053,2.66,1.05,0.77,-9.902787534160149,-9.903152867279287,-0.06902167764697434,-0.06953955022638922,-0.08118178207665383,-0.08038556014044881,-9.899828889490179,-9.900702457531157,-0.08187041021168436,-0.07507408270362173,-0.0688345821847626,-0.0822544206449389,2.698519675150131,2.6980317195926804,1.2036513205613102,1.200986911418701,0.8169082240843732,0.8188316965185136
13781.0,-9.883,-0.057,-0.093,-9.928,-0.072,-0.084,2.66,1.26,0.91,-9.90218854036425,-9.90227153123297,-0.06941119127625069,-0.06899116386200917,-0.08105105933177072,-0.08093722161860233,-9.900634189491436,-9.90189624836103,-0.08171917275307022,-0.07493964526310691,-0.0673778516203381,-0.08233075926147432,2.695975629885948,2.696368495947333,1.1974993999270283,1.2035677035933543,0.8141325351805119,0.8228187178701802
,-9.904,-0.072,-0.089,-9.887,-0.055,-0.096,2.66,1.19,0.77,-9.901365560993217,-9.902347121560036,-0.06985791611099675,-0.06912274790454438,-0.0807885043162502,-0.0812898273853618,-9.901462008051507,-9.901244797604638,-0.08132252761450733,-0.07406763395703764,-0.066143611373918,-0.0829285498596567,2.6923461494411085,2.6947780092946196,1.190987955693426,1.202974353472292,0.8116053844691098,0.8205088212523051
,-9.897,-0.105,-0.098,-9.866,-0.101,-0.041,2.66,1.19,0.84,-9.900346609555005,-9.902113278360078,-0.07033318700383313,-0.0706917512162265,-0.08041094338313626,-0.08202060565403718,-9.902225915443971,-9.89970345313338,-0.08071274396264312,-0.07524545469426729,-0.065217926077898,-0.08109490793499649,2.687858267786307,2.693257078661142,1.1842561678723476,1.2024069520584157,0.8093797911152162,0.8213612199790068
,-9.909,-0.069,-0.077,-9.887,-0.074,-0.026,2.8,1.26,0.84,-9.89917027837075,-9.902414452179881,-0.07081831794665379,-0.07061776664089597,-0.07995158810491126,-0.08180104182357957,-9.902838548386184,-9.899147898879132,-0.07992746435176236,-0.07519098779880123,-0.06468444859372399,-0.07868546774819556,2.682798875461086,2.6979252175866817,1.1774265747868298,1.2049256422494317,0.807490497496676,0.8221763411453495
13857.0,-9.907,-0.093,-0.081,-9.892,-0.081,-0.096,2.59,1.12,0.77,-9.897882673514237,-9.902614989826798,-0.07130663967727342,-0.07159659852460203,-0.07945651324616544,-0.08176601023113203,-9.903217628368289,-9.89883530311569,-0.07900939314700976,-0.07544503064895577,-0.06461544153081931,-0.07944267619775491,2.6774937678562947,2.6932053738456734,1.1706149840254607,1.2012116283240006,0.8059569498827195,0.8198945372936611
,-9.904,-0.043,-0.072,-9.947,-0.115,-0.062,2.59,1.05,0.77,-9.896533808691485,-9.902675559837611,-0.07180270271818545,-0.07034599667678912,-0.07897874840403907,-0.08133891781207016,-9.903293343511933,-9.90094166757967,-0.0780062050204555,-0.07717486987154867,-0.06506335011315015,-0.07867986368825496,2.67228630879011,2.6886919408538237,1.1639408065467758,1.1945987599568029,0.8047850318406177,0.8177125225172694
,-9.859,-0.055,-0.098,-9.919,-0.072,-0.067,2.73,1.26,0.84,-9.895173680855594,-9.900765516732925,-0.07231900099863689,-0.06967487728539412,-0.07857102446351613,-0.08206754923128959,-9.903016377178574,-9.901731404298554,-0.07696976245525568,-0.07694855967535301,-0.06605385257189883,-0.0781690735991437,2.6675167080131854,2.6904984471432343,1.157535909723751,1.1974589222088028,0.8039678389924312,0.8186872104856673
,-9.897,-0.098,-0.022,-9.88,-0.067,-0.065,2.8,1.26,0.84,-9.89384850011914,-9.900600841127229,-0.07287117485476771,-0.07091360680654009,-0.07827853037864305,-0.07944064281872465,-9.902365113643823,-9.900781034822248,-0.0759540162499243,-0.07651348390579994,-0.06758090131267137,-0.07759315658025674,2.6635025786571536,2.6952872280251987,1.1515504662697058,1.2001940023044768,0.8034860378739839,0.8196192728747831
13933.0,-9.897,-0.079,-0.065,-9.921,-0.065,-0.057,2.59,1.12,0.77,-9.892597699611851,-9.900443367203827,-0.07347279638105567,-0.07126724530858894,-0.07813309415820745,-0.07880911684999405,-9.901350539924195,-9.901665261496289,-0.07501154055886136,-0.07600997002706551,-0.06960410389874834,-0.07669256556628164,2.660520728610295,2.690682750266954,1.146153880470401,1.1966869150073622,0.80330813389724,0.8174492961110532
,-9.904,-0.06,-0.101,-9.89,-0.091,-0.067,2.66,1.12,0.77,-9.891452176626087,-9.900598907784671,-0.0741306071983233,-0.07077450006885261,-0.07814994115081884,-0.07977958050266482,-9.900017967324455,-9.901155109998284,-0.07418925249230554,-0.0766655220906243,-0.07204884209145387,-0.07626868506906934,2.658789887816628,2.6893409157082857,1.1415288992140287,1.1933332015410247,0.8033908022321815,0.8153742179400172
,-9.878,-0.057,-0.089,-9.899,-0.062,-0.065,2.59,1.12,0.84,-9.89043381453736,-9.899610600179036,-0.07484085797707068,-0.07017210621373461,-0.07832751493974381,-0.08018281285367873,-9.898445360634867,-9.901060861567228,-0.0735241811512324,-0.07602416158059998,-0.07480949612669643,-0.07577587686500123,2.6584551779732823,2.684996485283563,1.1378585100383742,1.190126154478436,0.8036796483433845,0.8164511659030109
,-9.904,-0.074,-0.069,-9.904,-0.06,-0.077,2.59,1.19,0.77,-9.889556046947474,-9.899802559775853,-0.07558737716202872,-0.07033950972625086,-0.07864996590713967,-0.07969376005962404,-9.896738431227181,-9.901189397551999,-0.07304013529812282,-0.07532338431678318,-0.07775587437516857,-0.0758294108771743,2.6595767533527552,2.6808420478301973,1.1353074341237048,1.1901206374228466,0.8041109955033581,0.8144197385001556
14008.0,-9.868,-0.055,-0.074,-9.926,-0.048,-0.086,2.73,1.12,0.84,-9.888825222586103,-9.898411753105055,-0.07634193172557042,-0.06966867402609324,-0.07909131222584984,-0.0794447574784274,-9.895022780601424,-9.902274428179545,-0.07274595942481873,-0.0741284633593384,-0.0807425018048917,-0.07627419655787636,2.6621254368991036,2.682991849867593,1.1340014234468896,1.1870540839448984,0.8046151000954473,0.8155384282718434
,-9.883,-0.093,-0.089,-9.895,-0.091,-0.074,2.66,0.98,0.7,-9.88824266409999,-9.897737758018602,-0.07706705649061898,-0.07068901213816069,-0.07962020111212575,-0.0798626324901482,-9.893433504226941,-9.901956298968912,-0.07263582974875557,-0.07486629848550577,-0.08361994127976409,-0.07617474016928837,2.6659867737586644,2.6819863579074243,1.1340078695889497,1.1779990832413607,0.8051207147251194,0.8104856395059594
,-9.88,-0.101,-0.091,-9.859,-0.079,-0.103,2.59,1.12,0.84,-9.88780734858653,-9.896962040832705,-0.07772088439149226,-0.0720145885825638,-0.08020437985125052,-0.0803496978438415,-9.89210298754759,-9.900077710969356,-0.07269161207341501,-0.07504707574623984,-0.08624694821307408,-0.077347876878282,2.6709727164722783,2.6779635609664503,1.1353210029159824,1.1754626360990847,0.8055604418335459,0.8117763774133101
,-9.909,-0.077,-0.098,-9.878,-0.077,-0.096,2.8,1.26,0.91,-9.887518950734446,-9.897488491345719,-0.07826293406119413,-0.07223261327942668,-0.08081412479081918,-0.08112159036281714,-9.891148171407918,-9.899112196623904,-0.07288672950302406,-0.07513248208139868,-0.0885020631908397,-0.0781635815712265,2.6768384317985494,2.683300524237618,1.1378541052173812,1.179159669622461,0.8058757156394688,0.8160719457718891
14084.0,-9.909,-0.074,-0.074,-9.885,-0.074,-0.108,2.73,1.26,0.91,-9.88738064077978,-9.897991918841363,-0.0786596209437739,-0.07230990558726359,-0.08142402889066093,-0.08081014513795279,-9.890659019075809,-9.89849503444145,-0.073190578618691,-0.0750829557651509,-0.09029324893439238,-0.0794684038894566,2.683300943753789,2.685342810860252,1.141439266340566,1.1826950224846526,0.8060194722465374,0.8201796580215126
,-9.876,-0.086,-0.101,-9.89,-0.112,-0.105,2.66,1.12,0.77,-9.88740077328246,-9.89703015640356,-0.07888853364566177,-0.07290860816847691,-0.08201290970162962,-0.08169309874337016,-9.890689852040195,-9.898123525020532,-0.07357252482178188,-0.07669743182410398,-0.09156441392284434,-0.08058496539977439,2.690056369174657,2.684234505408164,1.1458332826725683,1.1799532099989865,0.8059544425576122,0.8179851741942914
,-9.899,-0.074,-0.05,-9.897,-0.036,-0.062,2.73,0.98,0.7,-9.887592720307177,-9.89711630266451,-0.07894101947373673,-0.07295633750378437,-0.08256215984178514,-0.08030707908190383,-9.891254588941162,-9.898074390419298,-0.07400484833830129,-0.0749176298193791,-0.09229817119856387,-0.07977219768462167,2.6967934434085614,2.686235946663077,1.150728327912098,1.1712087485414309,0.8056466227958267,0.8128253830195952
,-9.887,-0.072,-0.077,-9.878,-0.074,-0.089,2.66,1.05,0.77,-9.887972606217353,-9.896673891068621,-0.0788230206670367,-0.07291451443706827,-0.08305340018484579,-0.08016245211858747,-9.89232612166895,-9.897196486367152,-0.07446451943584981,-0.07487749953796202,-0.09251485943326816,-0.08017575290477338,2.7032028730779287,2.6850885821151977,1.1557682628049972,1.1659079822776766,0.8050564886193075,0.8109525203073378
14159.0,-9.873,-0.093,-0.072,-9.897,-0.055,-0.112,2.66,1.26,0.77,-9.888555303751167,-9.895638571715741,-0.07855427004420469,-0.07379290370797473,-0.08346655699135118,-0.07980548736696169,-9.893839485409679,-9.897187893519533,-0.07493415644035377,-0.07400820602390244,-0.0922684154427241,-0.08156750801647021,2.708984002215039,2.683991394731642,1.1605733192082313,1.1700228650663587,0.8041328169497072,0.8091615626358473
,-9.907,-0.105,-0.072,-9.907,-0.096,-0.084,2.73,1.12,0.77,-9.889349468854967,-9.896135435815712,-0.07816597733936945,-0.07515766924835238,-0.08377930968673318,-0.07946413359009638,-9.89569818016337,-9.897617001844054,-0.07540270414155147,-0.07496996300086708,-0.09163986627705006,-0.0816738870658153,2.7138513088086382,2.6860034678333338,1.1647748006390026,1.1678352381934614,0.8028137459415106,0.8074489280897615
,-9.871,-0.048,-0.105,-9.885,-0.074,-0.115,2.73,1.12,0.77,-9.890352553348132,-9.895036199400971,-0.0776971785096928,-0.0739699954321461,-0.0839682776064434,-0.08058088185121692,-9.897782837345025,-9.897065228325047,-0.0758661203356909,-0.07492754405657978,-0.09072907163859109,-0.08313132258305013,2.717543019608562,2.6879275478705558,1.168057796140555,1.1657432817970996,0.8010371577654181,0.8058111913999718
,-9.885,-0.081,-0.112,-9.911,-0.067,-0.079,2.66,1.19,0.84,-9.89154670791673,-9.894597290924203,-0.07719013128200058,-0.07427743537761557,-0.08401158461604173,-0.0819549196455209,-9.899961322410011,-9.89767463126391,-0.07632788663925208,-0.07458085243085787,-0.08964524868030388,-0.08295064935910122,2.719833048335356,2.686706205307895,1.1702062571568357,1.1668040896599663,0.7987591642157837,0.8073063547885879
14235.0,-9.916,-0.053,-0.06,-9.89,-0.091,-0.065,2.66,1.33,0.84,-9.892896350822477,-9.895533285722992,-0.07668549173363204,-0.07334691911565591,-0.08389192813762163,-0.0809947752767279,-9.902099341371807,-9.897339000156643,-0.07679883249012898,-0.07529890343416042,-0.08849698522486263,-0.08216562189479734,2.7205461961376467,2.6855382751559196,1.171142665960823,1.173941061092927,0.7959766459163437,0.8087361308866962
,-9.842,-0.098,-0.096,-9.923,-0.103,-0.089,2.8,1.33,0.84,-9.894347971138187,-9.893192139243821,-0.07621821970068303,-0.07442506092469306,-0.08359925177224918,-0.08165099184471195,-9.904070655827915,-9.898461220820366,-0.07729570957618039,-0.07651034270635187,-0.08738276919854215,-0.08246450659843965,2.719575410589554,2.690543976944992,1.1709537679569102,1.1807659146477028,0.7927479950329658,0.8101033792465036
,-9.916,-0.031,-0.091,-9.914,-0.093,-0.093,2.8,1.19,0.91,-9.895832471453188,-9.89418958489253,-0.0758150020130407,-0.07252597277577463,-0.08313252837891717,-0.0820598477038353,-9.905766056249956,-9.899140771079141,-0.07783810335809296,-0.0772314772788606,-0.08638321486801956,-0.08292525046927979,2.7168986825055708,2.695330766687716,1.1698946303603486,1.1811697446409193,0.7892058339442888,0.814472112060004
,-9.902,-0.115,-0.057,-9.907,-0.055,-0.053,2.8,1.19,0.77,-9.897270015525509,-9.89453115417194,-0.0754935300316361,-0.07438346980672864,-0.0825006660570793,-0.08096391694925208,-9.907100330388179,-9.899484475110524,-0.07844363462080947,-0.07625923834278787,-0.08555596615803769,-0.08161654330092495,2.712592048493389,2.6999082179636082,1.168366647354142,1.1815559141234002,0.7855568242692319,0.8125272337070374
14311.0,-9.909,-0.077,-0.057,-9.899,-0.062,-0.086,2.52,1.05,0.77,-9.898576919069155,-9.895163913529194,-0.07526346001137339,-0.07449789731414744,-0.0817228558443659,-0.07991591402861091,-9.9080166904089,-9.8994632877841,-0.07912204418392724,-0.07563564565295315,-0.08493380062811699,-0.08180824298978896,2.7068352198980277,2.692040374894694,1.1668709131107506,1.1758026400438368,0.7820665934902017,0.8106674098215622
,-9.89,-0.06,-0.115,-9.933,-0.067,-0.089,2.73,1.26,0.77,-9.899673731606098,-9.894938082481962,-0.07512850753157466,-0.0738638674616704,-0.08082868950040542,-0.08145023016913323,-9.90848848983511,-9.900929933342285,-0.07986943965520514,-0.07525798694695288,-0.08452592730625377,-0.08212275678012912,2.6999081772507902,2.693700445661102,1.1659444430733732,1.1794848043298172,0.7790315117550041,0.8088889207557977
,-9.885,-0.079,-0.098,-9.892,-0.084,-0.101,2.73,0.98,0.7,-9.900493518903296,-9.8945034649072,-0.07508900176151004,-0.0740884835756463,-0.07985808564173044,-0.08217399361543519,-9.90851843410096,-9.900539404688587,-0.08066425087592587,-0.07564029736936669,-0.0843219228607943,-0.08294830654602448,2.6921794017878775,2.695287917318777,1.16609057543532,1.1707608274442087,0.7767422976602874,0.8041269318365724
,-9.902,-0.079,-0.079,-9.89,-0.081,-0.103,2.73,0.91,0.77,-9.900989459999826,-9.89483130741676,-0.07514433727296484,-0.07430327665676668,-0.07886064709855405,-0.08203518681745009,-9.90813575612608,-9.900078489767278,-0.0814660776708153,-0.07587469077100827,-0.08429725406364372,-0.08382521800198636,2.684087339267084,2.696805964811041,1.1677156697442217,1.159357094518769,0.7754461143477356,0.8026344744761499
14387.0,-9.943,-0.081,-0.055,-9.935,-0.069,-0.084,2.66,1.33,0.77,-9.901140941322815,-9.896937846619611,-0.07529491327991485,-0.07459614136819298,-0.07789393899204536,-0.08085286946912347,-9.90739197968303,-9.90160569605798,-0.08221789050612513,-0.0755740430921952,-0.08441913093211446,-0.08383286166244346,2.676116064066828,2.695196346537943,1.171082255580032,1.1668197419523387,0.7753136401811629,0.8012072860647212
,-9.904,-0.06,-0.074,-9.866,-0.081,-0.072,2.73,1.26,0.77,-9.900957228626012,-9.897246692514202,-0.07554319762267997,-0.07395781505387714,-0.07702052324295265,-0.08055317609123899,-9.906355905002215,-9.900048568584353,-0.08285138161925262,-0.07581133396155765,-0.08465171061453061,-0.08331538058424176,2.6687655852928582,2.696718398652865,1.1762843742820248,1.1708947511747196,0.7764160928298622,0.7998425122254583
,-9.907,-0.101,-0.086,-9.94,-0.067,-0.06,2.59,1.12,0.7,-9.900477792615263,-9.897673229409309,-0.07589355939369409,-0.07514043844810663,-0.07630405953750988,-0.08079137952752134,-9.905108290056262,-9.901795746096793,-0.08329481323393155,-0.07542599195986407,-0.08496027769307833,-0.08229573980524318,2.6625179335792386,2.692051332175321,1.183245036832901,1.1686689945096191,0.7787152269298524,0.7954761457158098
,-9.902,-0.098,-0.091,-9.897,-0.108,-0.091,2.59,1.19,0.7,-9.899768797157124,-9.897862450070736,-0.07635057902211173,-0.07614014510371424,-0.07580492251044207,-0.08123782841534193,-9.90373644416188,-9.90158601594599,-0.08348234542448378,-0.07685053602050214,-0.08531453695046083,-0.08267639919930396,2.657801587017247,2.6875883683622273,1.1917311129839756,1.169601853528421,0.7820675310308806,0.7913007314976858
14463.0,-9.887,-0.074,-0.084,-9.897,-0.101,-0.117,2.73,1.26,0.84,-9.89891607803283,-9.897387407554843,-0.07691571977757722,-0.0760465511255764,-0.07557561048207755,-0.08135862519050394,-9.902328748810385,-9.901385457827082,-0.08336344494982763,-0.07790665338367293,-0.08569120971460142,-0.08417745739268385,2.654957798613515,2.6894431366755565,1.201379549965137,1.1735551939490672,0.7862421001660135,0.79343047413225
,-9.883,-0.069,-0.048,-9.921,-0.098,-0.086,2.66,1.4,0.91,-9.89801573745886,-9.896758209700081,-0.07758262924507942,-0.07573838755720719,-0.07565613410534158,-0.0798997678301586,-9.900969076995546,-9.902243251547757,-0.0829107060711844,-0.07878538643810179,-0.08607576912695229,-0.08425716180742043,2.6542122865646895,2.688155513567425,1.2117297449830267,1.1834582001470988,0.7909494495420374,0.7985283554098196
,-9.926,-0.067,-0.057,-9.902,-0.086,-0.074,2.59,0.98,0.77,-9.897163909039175,-9.898037027420079,-0.07833195321852424,-0.07535623568696442,-0.07606978468374019,-0.07889830285196564,-9.899731206101846,-9.90223261354008,-0.08212452279175354,-0.07910089980343477,-0.08646282745707462,-0.08380859008381275,2.655654767355046,2.6838629237916956,1.2222584133124266,1.1745604565767405,0.7958761444965277,0.7972807380086183
,-9.849,-0.05,-0.079,-9.878,-0.091,-0.115,2.66,1.26,0.84,-9.896447258757176,-9.895892513730693,-0.07912712382624557,-0.07424734313366656,-0.07681993702419974,-0.078902750326407,-9.898673554084281,-9.901172859835576,-0.08103365564051314,-0.07962127766085071,-0.08685478674025297,-0.0851726696187219,2.659227851334079,2.6828193375583442,1.23241511871643,1.1782969446985925,0.8007189114293565,0.7991489597781839
14538.0,-9.895,-0.065,-0.091,-9.885,-0.067,-0.072,2.66,1.12,0.84,-9.895935535886311,-9.895853481839607,-0.07991274111681251,-0.07384293334408903,-0.07788843024366703,-0.07943179376345147,-9.897834838875143,-9.900465579620228,-0.07969164125166481,-0.07906931714968059,-0.08725881493072395,-0.08459659533752786,2.6647263559067307,2.681821390000124,1.2416586261713907,1.1757474713203702,0.8052128151274702,0.8009354794672805
,-9.864,-0.079,-0.112,-9.907,-0.077,-0.077,2.66,1.33,0.77,-9.895677097994504,-9.894460448218839,-0.08061672290756798,-0.074068464960143,-0.07923554210870047,-0.08085608409642368,-9.897231436345198,-9.900751346411033,-0.07816985428570472,-0.07897882065777259,-0.08768268545642498,-0.084264376939494,2.671807655428078,2.6808670852219163,1.249494900237792,1.1824933259688943,0.8091504775093186,0.799582592420598
,-9.945,-0.098,-0.081,-9.887,-0.086,-0.086,2.66,1.26,0.77,-9.89569775293479,-9.896670671112645,-0.08115647582669529,-0.0751150517375262,-0.0808010643395473,-0.08086237790421692,-9.896857115277012,-9.900149965124749,-0.07654860497953556,-0.07928587465363926,-0.08813032952612584,-0.08434028014180098,2.6800128263256333,2.6799545146141632,1.2555158265915718,1.1858828895746056,0.812391743808883,0.7982888705587722
,-9.885,-0.093,-0.045,-9.876,-0.036,-0.084,2.73,1.33,0.84,-9.896002461494469,-9.896160283038947,-0.08144828974286017,-0.07589720592589799,-0.08250598880150395,-0.07929402508199436,-9.896685438162248,-9.899093825845275,-0.07490788478666506,-0.07739287347405421,-0.08859805160446185,-0.08432539882740055,2.6887972973504017,2.682143130730306,1.2594347546635458,1.192185496654089,0.8148647914396365,0.8001130041327355
14614.0,-9.935,-0.074,-0.091,-9.902,-0.065,-0.081,2.73,1.33,0.91,-9.896578727421824,-9.897858842456078,-0.0814184098482109,-0.07581423629471089,-0.08425484431194392,-0.07980595708071647,-9.89667461946673,-9.89922092021837,-0.07331931386686893,-0.0768509016577876,-0.08907221078005695,-0.08417997069517033,2.6975688902526467,2.6842360331078887,1.261112966277812,1.1982124747268208,0.8165602041107068,0.8049186414095905
,-9.887,-0.065,-0.069,-9.921,-0.084,-0.103,2.59,1.33,0.77,-9.897400319358395,-9.897383957710359,-0.0810140472561759,-0.07534130228966146,-0.08593927271122574,-0.07933338514671176,-9.896774160840744,-9.9001733746633,-0.07184053266596434,-0.07716354987624094,-0.08952882147817684,-0.08500301835121553,2.7057307295469952,2.6801148521624083,1.260571374561648,1.2039758777489538,0.8175193176374445,0.8033915605799623
,-9.856,-0.098,-0.108,-9.904,-0.048,-0.067,2.73,1.26,0.84,-9.898430439740427,-9.895574132186734,-0.0802128064782185,-0.0763322246595151,-0.08744348691510423,-0.08058704898429149,-9.896932158418227,-9.900340722703142,-0.07051270035626402,-0.07588815380864064,-0.08993513524778766,-0.084215700658153,2.7127265152641247,2.682296456310522,1.2579840123199437,1.2064259548319207,0.8178180772316864,0.8049925405661243
,-9.923,-0.115,-0.057,-9.899,-0.079,-0.093,2.73,1.19,0.77,-9.899624202329285,-9.89677353500662,-0.07902925937314725,-0.07802326463308515,-0.08865180638077078,-0.07955552745661698,-9.897101942753748,-9.900282089495915,-0.06936101018035379,-0.07602424274199288,-0.09025295159460099,-0.08459986036726654,2.7180856875963806,2.6843826533712405,1.253653396884828,1.2057076061299268,0.8175484058131017,0.8034622279388
14690.0,-9.926,-0.081,-0.103,-9.914,-0.089,-0.096,2.73,1.26,0.77,-9.90093075250672,-9.898051682511994,-0.07751752871794342,-0.07815344482710593,-0.08945790110026991,-0.08058081375459766,-9.8972468818667,-9.900882008545096,-0.06839744930839661,-0.0765917055457706,-0.09044316307366272,-0.08509841741259477,2.7214654436024013,2.686377615738688,1.247971563518529,1.2080819503347944,0.8168002390621437,0.8019988397673633
,-9.876,-0.072,-0.091,-9.885,-0.086,-0.105,2.73,1.19,0.77,-9.902295344581333,-9.897087306457678,-0.07576901734730178,-0.07788433906433315,-0.08977495795410426,-0.08103647121815201,-9.897342729601807,-9.900187447995034,-0.06762461700293636,-0.0770031541451541,-0.09047080549855302,-0.08596876413919215,2.722685435597731,2.6882853333376007,1.2413732039778194,1.2072911807457294,0.8156478788736695,0.8005994492754702
,-9.89,-0.101,-0.091,-9.883,-0.065,-0.105,2.8,1.19,0.77,-9.903661480608577,-9.896777360555198,-0.07390509788916844,-0.07889524559601616,-0.08954569457392077,-0.08147220162414012,-9.897377560082564,-9.899435797263978,-0.06703936648995215,-0.07647822574445189,-0.09030968959645048,-0.08680104839406308,2.7217501139214906,2.693170899297757,1.234288165628668,1.2065349935181602,0.8141435349740359,0.799261257682136
,-9.921,-0.041,-0.089,-9.911,-0.048,-0.096,2.87,1.26,0.91,-9.904973169075973,-9.897836678067142,-0.0720655262112563,-0.07723799030925349,-0.08875093921335273,-0.08180141135638655,-9.897349824267954,-9.899941529205282,-0.06663540512599198,-0.07523280064084535,-0.08994570699881742,-0.08720334189927302,2.7188537693017176,2.7009040847510555,1.227099742092485,1.2088731539722026,0.81231896712062,0.8041041439933154
14766.0,-9.883,-0.06,-0.105,-9.892,-0.062,-0.067,2.73,1.19,0.84,-9.90617738513574,-9.89718783247245,-0.07039417930915319,-0.07648412923449875,-0.08741542348284882,-0.08281594452724463,-9.897265262188764,-9.899594225973614,-0.06640463783323823,-0.07465409667743914,-0.08937826372985097,-0.08631979847196017,2.7143646775313663,2.7021765229846917,1.220113480345647,1.2080477830396144,0.8101936685008122,0.8056739608978948
,-9.971,-0.062,-0.11,-9.921,-0.084,-0.084,2.66,1.12,0.84,-9.907226649943741,-9.900415825930152,-0.06902418533972605,-0.07585070149520357,-0.08560953812136314,-0.08400477227962129,-9.897133337329626,-9.90053035481021,-0.06633758245906789,-0.07506281675425126,-0.08861988274209275,-0.08621834779598758,2.708787638723541,2.700332036569734,1.2135393541519148,1.204197229978551,0.8077861641853794,0.8071751257242632
,-9.864,-0.074,-0.098,-9.856,-0.048,-0.103,2.66,1.26,0.77,-9.908081396849818,-9.898823269420886,-0.06806451571350587,-0.07576976562082442,-0.08344609936284632,-0.08461681911462941,-9.896963733136236,-9.898582929354339,-0.06642332209856741,-0.0738792910788008,-0.08769450285982702,-0.08695225204698571,2.7027084378563955,2.698568214227923,1.207488471159114,1.2066376267665635,0.8051247717234965,0.8055493631075226
,-9.897,-0.041,-0.093,-9.899,-0.069,-0.081,2.73,1.19,0.77,-9.908711782929116,-9.898743533220753,-0.06758968972663146,-0.07424919550740107,-0.08107175096691203,-0.08498343689539702,-9.896763448354939,-9.898601168912405,-0.06664927894039219,-0.07366590729387605,-0.08663512665779086,-0.08669194495521779,2.6967279131128703,2.6999428060091204,1.2019839031578532,1.205910021113554,0.802255588461113,0.8039946992170027
14841.0,-9.94,-0.079,-0.072,-9.895,-0.072,-0.081,2.52,1.12,0.77,-9.909098886927222,-9.90054778324228,-0.06763361924195056,-0.0744569602477485,-0.07865353996122822,-0.0844156382415918,-9.896535061650836,-9.898443680654323,-0.0670008798902511,-0.0735930529390201,-0.08548130453189541,-0.08644302175336113,2.6913956170457034,2.6920734503187074,1.1969835460952285,1.2021529578082326,0.7992473247995756,0.802508024724922
,-9.876,-0.057,-0.045,-9.892,-0.093,-0.086,2.66,1.19,0.84,-9.909235492902114,-9.89947424636671,-0.06818802697717868,-0.07369352306173638,-0.07636229137534238,-0.08269189232495011,-9.89627655823974,-9.898161882142068,-0.067461060317882,-0.07444176799840346,-0.08427676665087128,-0.08642364728747887,2.6871529022813894,2.690670796918029,1.192411266216811,1.2016214781130756,0.7961935239394212,0.8041476439768324
,-9.916,-0.055,-0.055,-9.931,-0.048,-0.06,2.66,1.33,0.84,-9.909126630503415,-9.900196959523608,-0.06920536385534848,-0.07287600784486314,-0.07435529742289843,-0.08148085557789624,-9.895982679274706,-9.899597976395338,-0.0680095179916574,-0.07328540236158174,-0.08306745657356908,-0.08526807411534518,2.684293198070364,2.68932948511119,1.188191180616625,1.2072357967632117,0.7932123312428988,0.8057155585166919
,-9.938,-0.077,-0.053,-9.866,-0.057,-0.081,2.66,1.19,0.77,-9.908789815942011,-9.901850182446404,-0.07060568337289323,-0.07305636049053361,-0.07276113846299527,-0.08023531546501463,-9.895647336446244,-9.898128651599333,-0.06862174352484753,-0.07257320037592548,-0.08190015472494791,-0.08508142039980371,2.6829438673571264,2.688046832274577,1.1842787792833482,1.2064820316178024,0.790443099908505,0.804153626479052
14917.0,-9.89,-0.086,-0.062,-9.904,-0.086,-0.108,2.73,1.33,0.77,-9.908254738079927,-9.901331943886415,-0.07228648376757292,-0.07362241870362372,-0.07166897988256,-0.07943783882950485,-9.8952665101753,-9.898385420569271,-0.06926811170717907,-0.07316038840732607,-0.08082165263427324,-0.08608370806437923,2.6830699911414984,2.689881550797042,1.180682210697824,1.2118837859246814,0.7880388409651262,0.8026600016943738
,-9.911,-0.084,-0.091,-9.871,-0.062,-0.079,2.73,1.19,0.84,-9.907562090125156,-9.901754752522557,-0.0741341407891648,-0.07407625667713355,-0.07112359849581275,-0.07994348148795782,-9.894841208222156,-9.897187786610074,-0.06991351495870678,-0.0726723162917039,-0.0798780729890274,-0.08577391952877936,2.6844968166539713,2.691636032421097,1.1774684406657303,1.2109267524143539,0.7861541687506386,0.8042929746076097
,-9.904,-0.067,-0.06,-9.911,-0.055,-0.103,2.66,1.19,0.84,-9.906761390444007,-9.90185294289429,-0.07603535306687272,-0.07376679400961351,-0.07112612038298155,-0.07907130241609861,-9.894380221567616,-9.897791829763824,-0.07051799386316322,-0.07189946103921413,-0.07911365818973737,-0.08652725975607282,2.6869454665888473,2.690252508415471,1.174752509272015,1.210011572408857,0.78492938693815,0.8058545334700578
,-9.921,-0.077,-0.077,-9.897,-0.065,-0.06,2.66,1.12,0.7,-9.905907866767908,-9.902690292306195,-0.07788712980521521,-0.0739081903150442,-0.07163945731351438,-0.07898071910345573,-9.89390233192187,-9.897757201038198,-0.07103864947033392,-0.07159773009373509,-0.07856844276852416,-0.08536715534767403,2.6900761012260546,2.6889294894266786,1.172672840707827,1.2060751378536625,0.7844722247718363,0.8012252460104098
14992.0,-9.914,-0.117,-0.069,-9.923,-0.084,-0.072,2.73,0.98,0.77,-9.90505863938429,-9.90318489453326,-0.0796041879499135,-0.07579270454082718,-0.07259692732966785,-0.07854423692107543,-9.893437360462432,-9.898861132715467,-0.0714329078696971,-0.07214011283981214,-0.07827470880987684,-0.08478257571188914,2.693533451081953,2.690725607111256,1.1713599262554923,1.196188298185153,0.7848396229398713,0.7998596867373042
,-9.876,-0.089,-0.089,-9.887,-0.084,-0.086,2.66,0.98,0.7,-9.904268545205088,-9.901996030086655,-0.08112299707876473,-0.07637029309788426,-0.07391243673047088,-0.07900149398239849,-9.893025307434883,-9.898342415272417,-0.07166291901872524,-0.07265877581156804,-0.07825270732294382,-0.0848358167664313,2.696990459142336,2.689381898315541,1.170908058247623,1.1867338351130283,0.7860228664175773,0.7954925691431632
,-9.902,-0.091,-0.091,-9.904,-0.053,-0.065,2.73,1.26,0.84,-9.903586116323526,-9.901996203701044,-0.08240211621050911,-0.07701008731812235,-0.07549066454263452,-0.07952621910867173,-9.892713072641985,-9.898589835814294,-0.07170056081218802,-0.07179904764166338,-0.07850647012993715,-0.08396834614615324,2.700186013252021,2.691158231010969,1.171358753811347,1.1899379504891823,0.7879394958907667,0.7974389920763344
,-9.883,-0.05,-0.086,-9.885,-0.062,-0.089,2.8,1.33,0.84,-9.903050387236812,-9.901165451491467,-0.08341909273794139,-0.07582886763478398,-0.0772358533665284,-0.07980933398069683,-9.892548848503967,-9.897995517796431,-0.07153237513709954,-0.07137051041347986,-0.07902053604434317,-0.08418839314199991,2.7029525633233713,2.695918157862925,1.1726997632817178,1.196063219460819,0.7904342029449808,0.7993002929936559
15068.0,-9.899,-0.072,-0.091,-9.89,-0.081,-0.069,2.8,1.19,0.77,-9.902689093043646,-9.901070750800763,-0.08416500271625145,-0.07566142153356138,-0.07905816963197994,-0.08029873021314775,-9.892574980404174,-9.897645853506628,-0.07116380909461428,-0.0717916324374898,-0.07975822355422406,-0.08352416615427136,2.7052294639056624,2.700469921030602,1.1748770503737163,1.1957980594823574,0.7932889561850571,0.7980189168024562
,-9.938,-0.079,-0.065,-9.868,-0.108,-0.079,2.8,1.26,0.7,-9.902518326178875,-9.902685760612883,-0.0846382878663277,-0.07580742604485656,-0.08087720932359002,-0.07962967790520836,-9.892820608669746,-9.896349365076993,-0.07062215418897395,-0.07337511626568334,-0.08066187969947196,-0.08332631288378128,2.707058941760616,2.7048226240403355,1.1778125682780471,1.1986057733173658,0.7962412514900508,0.7937323007503577
,-9.928,-0.098,-0.089,-9.878,-0.06,-0.077,2.66,1.12,0.77,-9.902543073603253,-9.903792816561298,-0.08483949567368206,-0.07677796363960655,-0.08262296404240703,-0.08003946587690977,-9.893295583061157,-9.895546900762444,-0.0699574900708491,-0.07279018847874724,-0.08165537006562429,-0.08304964716207315,2.708564338247526,2.7028624169091384,1.181420534394193,1.1951681433099994,0.7990091249232399,0.7926944269942675
,-9.902,-0.074,-0.045,-9.916,-0.069,-0.074,2.52,1.12,0.84,-9.902757708731837,-9.90371441214202,-0.0847679290744537,-0.07665647623780561,-0.08423517177498382,-0.07850710108667756,-9.893986920398165,-9.89644136671215,-0.06924100936793086,-0.07262443391520512,-0.08264890076887331,-0.08265388311921072,2.7099146006670876,2.694865379222757,1.1856182568258447,1.1918808495892559,0.8013214461356498,0.7947632197866689
15144.0,-9.873,-0.067,-0.086,-9.883,-0.065,-0.081,2.59,1.19,0.84,-9.903145806304922,-9.902371192930733,-0.08442051183218452,-0.07623417401903028,-0.08566222260690673,-0.07883478457682763,-9.894858511773027,-9.895853541625014,-0.06856054674667754,-0.07229099806552206,-0.08354602956721023,-0.08258155461203713,2.711283271633189,2.690279349989328,1.1903313051662123,1.1917985952621946,0.8029508713804636,0.796741539018642
,-9.89,-0.103,-0.101,-9.895,-0.057,-0.098,2.73,1.26,0.91,-9.903679461539326,-9.901830169259688,-0.08379270939475517,-0.07740471153403612,-0.08686056426296491,-0.07980412571352397,-9.895854110759421,-9.895816214083043,-0.06801375701005286,-0.07162228390402743,-0.08425242117066851,-0.08325584236846621,2.71281187858874,2.692016434844881,1.1954946341159658,1.1947812158201574,0.8037449749022698,0.8016946190231509
,-9.897,-0.081,-0.101,-9.883,-0.067,-0.053,2.8,1.19,0.77,-9.904319014784177,-9.90161893369661,-0.08288107643604091,-0.07756194262526676,-0.08779495231919933,-0.08073107510164672,-9.896903144038111,-9.895255728507324,-0.06769978279046235,-0.07142013969526971,-0.08468557614969628,-0.08193267757745391,2.714585165908861,2.696738830264622,1.2010509502340683,1.1945721211152598,0.8036500398776396,0.800308532876705
,-9.916,-0.089,-0.105,-9.887,-0.086,-0.103,2.73,1.19,0.77,-9.905014139829241,-9.902247854232291,-0.08168678610900272,-0.07806215790969047,-0.08843925866824062,-0.08179241679394353,-9.897928641453017,-9.894894684542592,-0.06771026568760756,-0.0720577539972664,-0.08478448021390161,-0.08285400506623875,2.716620380761205,2.6981934256503908,1.2069465264062156,1.1943721706525927,0.8027228536501985,0.7989830637960134
15220.0,-9.914,-0.065,-0.069,-9.921,-0.065,-0.103,2.73,1.26,0.91,-9.905706668270595,-9.90276180539945,-0.08021936792009803,-0.07749091658610568,-0.08877731119012666,-0.08123297193408624,-9.8988563725738,-9.896036336255701,-0.06812034572242538,-0.0717491004989081,-0.08451789891861261,-0.08373504056515556,2.7188681672061326,2.6995844078874596,1.2131242278895336,1.1972422422257283,0.8011281578951842,0.8038381162319088
,-9.909,-0.103,-0.081,-9.938,-0.074,-0.12,2.73,1.26,0.84,-9.906334813781468,-9.903034617484945,-0.0784999298719998,-0.07860649355842002,-0.08880352041903097,-0.08122278348001107,-9.899623953308598,-9.897871513795698,-0.06898013090669226,-0.07184753804798305,-0.08388988689358728,-0.08532099929957994,2.721220911066888,2.7009145589403025,1.2195139665187789,1.199986798283314,0.7991218165837068,0.8054195672057692
,-9.914,-0.086,-0.062,-9.876,-0.062,-0.096,2.73,1.19,0.77,-9.906838106826235,-9.903514161497872,-0.0765633052079251,-0.07892983036347315,-0.08852353924581342,-0.08038212236153279,-9.900188426578413,-9.896915016976731,-0.07030717382512167,-0.07141688021124036,-0.0829411515844593,-0.08578801910877566,2.7235252750530243,2.702186539111026,1.2260216330008258,1.199550050242969,0.7970216154348575,0.8038705796195448
,-9.873,-0.045,-0.093,-9.935,-0.079,-0.069,2.66,1.19,0.7,-9.907162435685786,-9.90217969975559,-0.07445875814331342,-0.07744599275104883,-0.08795541041048399,-0.08093393418105434,-9.900530969389765,-9.898580569962792,-0.0720807254074895,-0.07174850928929771,-0.08174548570523459,-0.0850538364168835,2.725597361207714,2.7003416146654753,1.2325185248051993,1.1991324023031102,0.7951693527853319,0.799328055498065
15296.0,-9.919,-0.101,-0.103,-9.883,-0.026,-0.074,2.73,1.19,0.77,-9.90726486013658,-9.90291529418349,-0.07224912972603033,-0.07847606927972277,-0.08713134063283269,-0.08189893925386557,-9.9006580292988,-9.897899192087156,-0.0742387520462879,-0.06974781084581626,-0.08040158053749608,-0.08457042409028925,2.7272401144939176,2.701638651143751,1.2388342684096039,1.198733019167858,0.7938897476692687,0.7980454651820775
,-9.921,-0.05,-0.089,-9.911,-0.079,-0.06,2.73,1.19,0.77,-9.907117990414429,-9.903706184276741,-0.0700085886294566,-0.07723073848382447,-0.08609958249970878,-0.0822094866662854,-9.900599053529362,-9.898472123673491,-0.07667870713899048,-0.070152432564144,-0.07902172334143441,-0.08349589707297697,2.7282628297209994,2.702878964924314,1.2447566110987616,1.1983511020709416,0.7934526947168279,0.7968189657964546
,-9.923,-0.067,-0.105,-9.856,-0.074,-0.069,2.73,1.33,0.77,-9.906713581923471,-9.90454995181553,-0.06781934098241937,-0.07678332231927122,-0.08492534909863338,-0.08320617366792193,-9.900401679152665,-9.89661470989007,-0.0792627049366481,-0.07032069645513607,-0.07771960592626723,-0.08286195469624585,2.7285020102580813,2.704065036634725,1.2500405376816028,1.2041084425671542,0.7940445146494753,0.795646104342425
,-9.892,-0.062,-0.093,-9.887,-0.101,-0.048,2.73,1.19,0.77,-9.9060648014514,-9.904001110564675,-0.06576767562050902,-0.07613681010689284,-0.083689584874303,-0.08363448255498092,-9.9001256077461,-9.896194234219706,-0.08182702300533509,-0.07166238027834283,-0.07659947914754525,-0.0813373529205595,2.727841772188333,2.705199238418405,1.2544270961405861,1.2034914445595133,0.7957514293329495,0.7945245350970807
15371.0,-9.902,-0.084,-0.112,-9.957,-0.098,-0.055,2.8,1.26,0.84,-9.90520669441351,-9.903913596919876,-0.06393962163535646,-0.07648068736156897,-0.08248481837754779,-0.08487497863851204,-9.89983628356611,-9.898853424712275,-0.08419498581541793,-0.07281419124662768,-0.07574829853372067,-0.08018555362016394,2.7262311274789064,2.7093451163734144,1.2576700769174736,1.2059627071354841,0.7985557628144545,0.7965132926164233
,-9.895,-0.055,-0.034,-9.868,-0.065,-0.105,2.8,1.26,0.84,-9.904194732656883,-9.90352378269947,-0.0624163471957748,-0.0755412823746785,-0.08140806725452344,-0.08265008667688564,-9.899598953267718,-9.897504126128412,-0.08619168450817294,-0.07247245682714484,-0.07523154704982367,-0.08127075235164632,2.7236952813093533,2.7133096845611693,1.2595671608730463,1.2083258951257254,0.8023432053162608,0.7984150767209984
,-9.914,-0.069,-0.086,-9.916,-0.089,-0.098,2.66,1.26,0.77,-9.903101621726115,-9.903981934275823,-0.06126934225868239,-0.07525521549143598,-0.08055162948880122,-0.08279658689023608,-9.899473069299281,-9.898312997644458,-0.08765891591225446,-0.07319524824514219,-0.07509230818310708,-0.08200236481838256,2.720338797780344,2.710978316729062,1.2599913586516984,1.2105857349062177,0.8069181899043993,0.7971724132845232
,-9.928,-0.067,-0.072,-9.902,-0.089,-0.11,2.66,1.33,0.84,-9.90201256148196,-9.905032305259626,-0.060555518392467256,-0.07489419396219091,-0.07999327153065633,-0.08232442473846865,-9.89950677748428,-9.898474239616895,-0.08846899001748396,-0.07388643015962967,-0.07535224200600743,-0.08322677247666826,2.716340206637976,2.7087489055304133,1.2589180503244761,1.2158080238510134,0.8120241482044307,0.7990453723691088
15447.0,-9.914,-0.036,-0.089,-9.909,-0.132,-0.057,2.66,1.33,0.84,-9.901019032422141,-9.90542448531505,-0.06031260865616499,-0.07319325212759556,-0.07978750578383423,-0.08261636459055471,-9.899731462840002,-9.898934557838015,-0.08853627436713683,-0.07642788408962382,-0.07601286061709386,-0.08207980913979221,2.71193976113388,2.706616992142826,1.2564426387472314,1.2208019288435101,0.8173659573434988,0.8008364221984323
,-9.849,-0.05,-0.045,-9.887,-0.079,-0.065,2.73,1.33,0.77,-9.900211271535335,-9.902956899339078,-0.060555503976206404,-0.0721789523361539,-0.07995932703506915,-0.08097130547814173,-9.90015671152792,-9.89841262932797,-0.0878254058968583,-0.07654036924768211,-0.0770561100511178,-0.08133286572913777,2.707423265518803,2.707639590434016,1.252784290201333,1.2255774376936932,0.8226327149662732,0.7994878671776613
,-9.907,-0.079,-0.086,-9.902,-0.05,-0.048,2.73,1.19,0.84,-9.899670027152272,-9.903133714394361,-0.06127424019186871,-0.07247725406567378,-0.08050125447547413,-0.08119122305488706,-9.90076637321459,-9.898569514153971,-0.0863552681855621,-0.07537969152794669,-0.07844434054512144,-0.07987513489556537,2.7031042376306664,2.7086174679060733,1.2482730365381807,1.2240215460302812,0.8275196260175651,0.8012595655857366
,-9.89,-0.036,-0.074,-9.878,-0.132,-0.108,2.8,1.19,0.84,-9.899458606766057,-9.902559343724057,-0.062434145929071136,-0.07088201114813786,-0.08137401845062167,-0.08087673261582945,-9.901516637425939,-9.897669957084457,-0.0841982905290937,-0.07785584134767062,-0.08012053278770712,-0.08110510664134771,2.699304784928421,2.7126138580084334,1.2433205949000672,1.22253369745893,0.8317481169331569,0.8029537831249832
15523.0,-9.931,-0.072,-0.096,-9.892,-0.091,-0.084,2.66,1.33,0.84,-9.899616198821853,-9.903803125819403,-0.0639782405288664,-0.07093090363863636,-0.08251069867591226,-0.08153811148884339,-9.902337082057391,-9.897421995468008,-0.08147515320917498,-0.07843066877188803,-0.08200969546509725,-0.08123170767658729,2.6963341300464383,2.710312920437829,1.2383785700518513,1.2272334716714777,0.8350832735819776,0.8045739082304796
,-9.926,-0.086,-0.086,-9.904,-0.086,-0.048,2.73,1.26,0.91,-9.900152980284444,-9.904773851473923,-0.0658315311357912,-0.07158991347531016,-0.08382356000007252,-0.08173324119990777,-9.903135392302259,-9.897709668304408,-0.07834533083537538,-0.07876169484118557,-0.08402186865819672,-0.07977840074144218,2.6944639402661195,2.711173886402591,1.2338898688266808,1.2286664351328775,0.8373474548090075,0.8091844588469269
,-9.861,-0.055,-0.089,-9.89,-0.036,-0.101,2.66,1.05,0.84,-9.901047159985747,-9.902859509829366,-0.06790654738914326,-0.07086439444566034,-0.08521243235530594,-0.08205103500885008,-9.903805881747628,-9.89737250493852,-0.07499423653505118,-0.07689161737552967,-0.08605667970757304,-0.08070647514789404,2.6939013581772713,2.7089359224456677,1.2302398705819575,1.2208528983810727,0.838428913102345,0.8105321006865776
,-9.871,-0.067,-0.093,-9.902,-0.074,-0.11,2.66,1.12,0.77,-9.902244272979853,-9.901466212589394,-0.07010932727039336,-0.07069539466681447,-0.08657340427610577,-0.08252986104178091,-9.90424121720001,-9.897574877044422,-0.07161826225285187,-0.07676515960734812,-0.08800912063039863,-0.08198755535107602,2.6947627525218634,2.706795830333636,1.2277139373217667,1.2164423451205209,0.8382849062368896,0.8087595290331113
15599.0,-9.883,-0.086,-0.11,-9.897,-0.062,-0.096,2.66,1.33,0.77,-9.903659481981387,-9.900658638236514,-0.07234513261389974,-0.07136470390866376,-0.08780680561071735,-0.08373119995117136,-9.904346038996914,-9.897549736211948,-0.06840948489783714,-0.07611944169646874,-0.08977601924663584,-0.08260035512606208,2.6970525622216055,2.704749329882272,1.22646731291668,1.2214085096336798,0.8369400092591253,0.8070644764377114
,-9.935,-0.086,-0.069,-9.95,-0.057,-0.065,2.66,1.19,0.91,-9.90518365821007,-9.902160473161729,-0.07452333487834902,-0.07200474255833032,-0.08882381783609927,-0.08308696718226295,-9.90405058445034,-9.899843519392011,-0.06554178826597948,-0.07528329997651881,-0.09126255842906926,-0.08183064691802622,2.700651693284566,2.7027923280906725,1.2265113760801096,1.2200349357771263,0.8344813021887669,0.8115661081841664
,-9.892,-0.067,-0.072,-9.928,-0.065,-0.098,2.66,1.26,0.84,-9.906693251075579,-9.901716129878078,-0.07656106934944129,-0.07178587246175205,-0.08955148696318907,-0.08260210596319725,-9.903322038213526,-9.901074873764019,-0.06315963221206386,-0.07483358516446365,-0.09238833562676774,-0.08253777377408582,2.70531879891239,2.7009209109552548,1.227716622432769,1.2217827094866167,0.8310519100141451,0.8128095944524999
,-9.923,-0.098,-0.103,-9.928,-0.067,-0.096,2.73,1.33,0.77,-9.908062836436232,-9.90264692754746,-0.07838545494122322,-0.07293228280337119,-0.0899363124404841,-0.08349415764933188,-9.902171358248726,-9.902252377883555,-0.06137005091768903,-0.07449100259972284,-0.09309276355493312,-0.08312651110070814,2.7107057337969755,2.702192613336237,1.2298295584565342,1.2265153263095696,0.826843153857628,0.8109374222152488
15674.0,-9.916,-0.048,-0.086,-9.902,-0.057,-0.079,2.73,1.19,0.91,-9.909178457431912,-9.903230891302487,-0.0799344904878939,-0.07184193078596175,-0.08994674362696363,-0.08360374449638912,-9.90065402926255,-9.902241340758048,-0.060237966505856985,-0.07372607665525446,-0.09333975538293247,-0.08294604829515584,2.71638599208064,2.7034087009438914,1.2324995636292388,1.2249184183961628,0.8220844876778496,0.815269680211407
,-9.931,-0.093,-0.093,-9.866,-0.065,-0.096,2.73,1.05,0.84,-9.909949708326618,-9.904445304917509,-0.08115707470816554,-0.07276722686229596,-0.08957474908811952,-0.08401466660188806,-9.898864553195457,-9.900656414928319,-0.05978462945728411,-0.07334446317203827,-0.09312149185487105,-0.08351693074056983,2.7218926322582706,2.7045716059534337,1.235312611264214,1.2172687919305698,0.817030206782702,0.8163511998734985
,-9.926,-0.081,-0.096,-9.871,-0.053,-0.108,2.8,1.33,0.84,-9.910318795180418,-9.905387946449903,-0.08201277436191472,-0.07312726693044229,-0.08883633418829187,-0.08453881565606886,-9.89692600030034,-9.899359464620911,-0.05998891391347937,-0.07245474815325374,-0.09246080495017744,-0.08458763750937737,2.726760695606497,2.708744931869372,1.2378302073080965,1.222198813826795,0.811942469115559,0.8173854219353369
,-9.895,-0.069,-0.103,-9.902,-0.041,-0.11,2.73,1.19,0.77,-9.910265366493553,-9.904933655181923,-0.08247190372852414,-0.07294677107053707,-0.08777074077540313,-0.08534617011101069,-9.894976914688517,-9.899474941936019,-0.06079122419381683,-0.07107915216886335,-0.09141150386201871,-0.085698984630189,2.7305688132235435,2.70967446995456,1.2396323776630909,1.2207906779616953,0.8070712604696665,0.815313137146557
15750.0,-9.933,-0.081,-0.06,-9.895,-0.057,-0.098,2.73,1.33,0.77,-9.909806666872178,-9.906161067687028,-0.0825162557858158,-0.07329895921468534,-0.0864381535165657,-0.08423771775098837,-9.893157892272711,-9.89927924136555,-0.062099768378090725,-0.07046343510469394,-0.09005593026669895,-0.08623693925834856,2.732975531538854,2.7105633569796566,1.2403621658223594,1.2255666788414972,0.8026335186646233,0.8133314786320701
,-9.902,-0.081,-0.086,-9.89,-0.086,-0.072,2.73,1.33,0.7,-9.908993377314347,-9.905979093634235,-0.08214055992230183,-0.07363574527726297,-0.08491597970616531,-0.08431478682727828,-9.891599429082369,-9.898873436585347,-0.06379877729336601,-0.07114288852702223,-0.08849929940474732,-0.08561432176421462,2.7337474768019128,2.7114133707187125,1.2397668724178892,1.2301338130789818,0.7987951461175031,0.8083752053803586
,-9.892,-0.103,-0.091,-9.895,-0.086,-0.098,2.73,1.19,0.77,-9.90790216646663,-9.905367752383782,-0.08135447070991482,-0.07491991867723448,-0.08329399931083634,-0.08460714816968623,-9.890411788720677,-9.89870404137078,-0.06575787463467256,-0.07179262772640455,-0.0868609647315632,-0.08615597891441928,2.7327781843563104,2.712226211199206,1.2377301519520971,1.2283786595536466,0.7956600607081812,0.8066969602338968
,-9.88,-0.062,-0.086,-9.897,-0.081,-0.105,2.66,1.26,0.84,-9.906626385356475,-9.904258356176186,-0.08018464297235343,-0.07435489783635979,-0.08166872819772368,-0.08466806111597006,-9.88967713635605,-9.89862951931594,-0.067841475772908,-0.07219528948877615,-0.08526338648079146,-0.08698007579190166,2.730097585370821,2.709942226407609,1.2342900749144445,1.2297615410419074,0.7932691431625056,0.8081533867023918
15825.0,-9.919,-0.084,-0.098,-9.883,-0.055,-0.057,2.73,1.19,0.77,-9.905266437952768,-9.904903045682156,-0.07867632629305092,-0.07477670263799718,-0.08013720942867472,-0.08525110064639818,-9.889444078900723,-9.897946000760832,-0.06991717281348823,-0.07144329582931518,-0.08382003357126741,-0.08566897097331834,2.7258724444856783,2.710819403763316,1.229640691594676,1.2280226679177633,0.7916092898998999,0.8064848422498027
,-9.911,-0.081,-0.069,-9.868,-0.024,-0.069,2.87,1.4,0.84,-9.903921074661575,-9.905169680971548,-0.07689397298573063,-0.07504886322943247,-0.07879038082996473,-0.08454039876183088,-9.889724847845066,-9.896636386129858,-0.07186263883748363,-0.06936848006823926,-0.08262370332115679,-0.08493999455859405,2.720397527471732,2.717780775315527,1.2241170535170458,1.235543673212921,0.7906299629108242,0.807950545176202
,-9.895,-0.055,-0.055,-9.873,-0.11,-0.077,2.73,1.12,0.77,-9.90268027446419,-9.904724935007001,-0.07492048130186058,-0.07417207554651652,-0.07770634858298532,-0.08324852213588951,-9.890495462501272,-9.895602706963606,-0.07357125359343483,-0.07114539957767173,-0.08173688249691222,-0.08459275844092853,2.7140764096392678,2.718315153029392,1.2181652479289335,1.2304906550765495,0.7902628649617478,0.806290871498465
,-9.892,-0.12,-0.086,-9.923,-0.089,-0.077,2.73,1.19,0.84,-9.9016198390802,-9.90416844129699,-0.0728547482105993,-0.07617624701671882,-0.0769442197268143,-0.08336885124749352,-9.891699116022938,-9.896800860135915,-0.07495686758883209,-0.0719262265779129,-0.08118568686478557,-0.08426070784014489,2.707390656740641,2.718826161049315,1.2123002151797582,1.2287198959448198,0.7904400314265865,0.8077650572582136
15901.0,-9.928,-0.084,-0.077,-9.885,-0.053,-0.034,2.66,1.19,0.91,-9.900797570294449,-9.90521065585531,-0.07080720961947651,-0.0765183995952175,-0.07653931339725918,-0.08309032521515826,-9.893252627009197,-9.896284778565775,-0.07595779361741392,-0.07109853464557285,-0.08095846718623928,-0.08206267949985564,2.7008576119345946,2.7162535436968485,1.2070555714150246,1.2270265766049797,0.7911062851883122,0.8122360508269673
,-9.892,-0.024,-0.062,-9.876,-0.089,-0.103,2.73,1.26,0.77,-9.90025087129106,-9.904632920339603,-0.06889319376501049,-0.07422163666334493,-0.07650041809014631,-0.0821679917558629,-9.895055272671355,-9.89539767370633,-0.07653971999249222,-0.07188141116826098,-0.08100943068761261,-0.0829783216745621,2.694979886358175,2.716854711126264,1.2029309025307657,1.2284685881128383,0.7922232770778861,0.8103889611083975
,-9.878,-0.103,-0.086,-9.902,-0.065,-0.103,2.66,1.12,0.7,-9.899995655845656,-9.90346819512568,-0.06722435886629043,-0.07548018754572194,-0.07680942193500107,-0.08233557520390394,-9.896998978598965,-9.89568641019511,-0.07669718479957675,-0.07158046958946095,-0.08126675524499898,-0.08385392049261765,2.690192361930533,2.7143683102834437,1.2003421898815925,1.2237249814079454,0.7937643272960612,0.805561371617556
,-9.919,-0.06,-0.074,-9.926,-0.086,-0.067,2.59,1.12,0.84,-9.900026539425005,-9.904147440380207,-0.06589908673528815,-0.07480319964800454,-0.07742333356228691,-0.08197103934044046,-9.898978733672434,-9.897012100428103,-0.07645341053436404,-0.07221107225818642,-0.08164381289202348,-0.08311685576592145,2.6868139488948612,2.7089293683667015,1.199580307182826,1.2191888246658684,0.7957018515954462,0.8070674602589268
15977.0,-9.873,-0.05,-0.06,-9.897,-0.101,-0.101,2.59,1.26,0.77,-9.900318363206429,-9.90278528374483,-0.06499312713001622,-0.07371849276465622,-0.07827849313821471,-0.08101019001676016,-9.900902038280933,-9.897011571245665,-0.07585837718464816,-0.07347008514881866,-0.0820515295847893,-0.08389893105950869,2.6850114267224083,2.703728285186693,1.200781533313643,1.2209736009621004,0.797991275116308,0.8054464061263269
,-9.94,-0.041,-0.086,-9.931,-0.067,-0.098,2.66,1.12,0.77,-9.900829027800988,-9.904412777755955,-0.0645519188784021,-0.07228763002040299,-0.0792965866299581,-0.08122840707392343,-9.902696180317303,-9.89849797151447,-0.07498502009733396,-0.07318713190099695,-0.08240982615076896,-0.08451560659973685,2.6847815128373473,2.7018159362715464,1.2039127210174074,1.2165577690712794,0.8005559449530986,0.8038962448059797
,-9.887,-0.05,-0.108,-9.887,-0.062,-0.077,2.73,1.26,0.77,-9.901503403795191,-9.903651272782477,-0.06458594578482721,-0.07131293538262481,-0.08039186667715192,-0.08239919679207378,-9.904312391924359,-9.897995136032625,-0.07392359665855334,-0.07269789022451377,-0.08265643927582533,-0.08418693004481792,2.6859546158114926,2.7030484969234316,1.2087718611136933,1.2184576081075782,0.8032767799139292,0.8024138759752444
,-9.88,-0.06,-0.062,-9.902,-0.062,-0.124,2.66,1.26,0.84,-9.902277942852026,-9.902616942585116,-0.06507015865709898,-0.07081819200053883,-0.08147876672434913,-0.08150708813314439,-9.905726525872387,-9.898170278900237,-0.0727746316519716,-0.07223004432847963,-0.08275197460214127,-0.08592805665914519,2.688219848157825,2.701165876874675,1.2150027062821454,1.220274362360092,0.805989121437843,0.8040576125909481
16053.0,-9.902,-0.067,-0.091,-9.907,-0.091,-0.081,2.73,1.26,0.77,-9.903085642972595,-9.902589962119764,-0.0659477776347262,-0.07065121277190278,-0.0824790005495782,-0.0819222372667694,-9.906936549727762,-9.898556425018112,-0.07164119545946254,-0.07305090213739052,-0.08268070240006911,-0.08571254023160495,2.6911671253257037,2.7024268662741564,1.222120682349457,1.222011665337326,0.8084879332424607,0.8025681867373452
,-9.938,-0.077,-0.089,-9.94,-0.079,-0.045,2.59,1.12,0.77,-9.903861064320362,-9.904138532964389,-0.06713782375697293,-0.07092886135373745,-0.08332737847136552,-0.08223176579794254,-9.90795758755069,-9.900368857756282,-0.07062133520059452,-0.07331107128866388,-0.08244739098326438,-0.083932077498791,2.69433984834201,2.697510154017209,1.229547012884377,1.217550436256258,0.8105412022488654,0.801143897257217
,-9.907,-0.103,-0.096,-9.873,-0.019,-0.079,2.8,1.12,0.84,-9.904544959807879,-9.904263672181669,-0.0685448902460982,-0.0723314136590896,-0.08397585457278202,-0.08283388563016042,-9.908815382432712,-9.899171948130954,-0.06980131817513216,-0.07093591027295304,-0.08207130002808269,-0.08371638522972619,2.6972908053702143,2.7019922951517614,1.2366486783280404,1.2132843080477023,0.8119102322171031,0.8028431732660918
,-9.883,-0.069,-0.093,-9.914,-0.098,-0.086,2.87,1.4,0.84,-9.905087917145083,-9.903333757819487,-0.07006927605856228,-0.07218572248300839,-0.08439559607362605,-0.08327847561816054,-9.909539104040526,-9.89982041648009,-0.06925020480051834,-0.07211949161871078,-0.08157902638254212,-0.08381625350056966,2.699633692966961,2.709339698571106,1.2427825049225791,1.2214498592331957,0.8123744977051062,0.8044681356214987
16129.0,-9.914,-0.077,-0.048,-9.897,-0.065,-0.067,2.73,1.33,0.84,-9.90545251521705,-9.903800219666218,-0.07161580342199476,-0.07239626305983472,-0.08457715407291663,-0.08173565832522585,-9.910154525413704,-9.89969707250781,-0.06901616801220213,-0.07180813817744712,-0.08099789951332258,-0.08308083604705313,2.7010828025385347,2.7102432259986156,1.2473410836843426,1.2261970324426672,0.811757796516154,0.8060220342481486
,-9.926,-0.057,-0.091,-9.892,-0.062,-0.086,2.73,1.33,0.84,-9.905613853535536,-9.904771072414194,-0.0731003302096794,-0.0717229453929269,-0.08452915592550417,-0.08214081150412736,-9.910678601127433,-9.899360459988081,-0.06912474185360352,-0.07137920339706028,-0.08035112142849318,-0.08320849849699186,2.701474911773181,2.7111072398781224,1.2497966793688127,1.2307365997170239,0.8099519392375606,0.8075079769432948
,-9.916,-0.069,-0.091,-9.919,-0.079,-0.067,2.59,1.05,0.77,-9.905558611909173,-9.905262141922073,-0.07445380151932297,-0.07160386407871723,-0.08427616578330654,-0.08252824630603711,-9.911116185809302,-9.900219346927631,-0.06957883850789066,-0.0717124801778433,-0.0796552278885672,-0.08249965971256343,2.700771082967442,2.705810912848409,1.2497389243947954,1.222832529412861,0.8069346170790034,0.8058676578978392
,-9.878,-0.081,-0.086,-9.926,-0.067,-0.062,2.73,1.12,0.77,-9.905282976548522,-9.904069899251073,-0.07562424525742958,-0.07201478095457729,-0.08385626539229588,-0.0826800749080955,-9.911459061517604,-9.901346800330485,-0.070360140947381,-0.07150639145706973,-0.07891997925657107,-0.08160315755509667,2.6990408497623184,2.706868763033369,1.2469040802355735,1.2183354018620123,0.8027792962489794,0.8042990741681793
16204.0,-9.885,-0.084,-0.089,-9.94,-0.065,-0.086,2.66,1.33,0.84,-9.904790027391277,-9.903235924148024,-0.07657721954714863,-0.07253892500782458,-0.08331858636017861,-0.08295646127544813,-9.911686838444043,-9.903037202872898,-0.07143142779167025,-0.07122185044222491,-0.07815041936071135,-0.0817954426365647,2.6964348299678242,2.7048190730499075,1.2411960838833926,1.2232187781983528,0.7976562470816101,0.805860366281344
,-9.899,-0.074,-0.057,-9.897,-0.101,-0.103,2.66,1.47,0.91,-9.904087468878206,-9.90305067643217,-0.07729502723931932,-0.0726028215261606,-0.08272079585372515,-0.08182131933358555,-9.911768972860227,-9.902773180665871,-0.07273941392392835,-0.07252412451400142,-0.07735043171336824,-0.08272277175768161,2.693152793350118,2.7028590212125456,1.2326995427296374,1.2340111474800666,0.7918244245861616,0.8104146568215599
,-9.928,-0.086,-0.072,-9.911,-0.074,-0.105,2.66,1.19,0.77,-9.903186540272916,-9.904141773685467,-0.07777483546066258,-0.07318871414946124,-0.08212652414456136,-0.08139180810778052,-9.911667326357444,-9.903132960359073,-0.0742177436371996,-0.07258866829550327,-0.0765267126699158,-0.08369701149929927,2.6894132164183926,2.700984687417609,1.2216823110130726,1.2320864282787871,0.7856140371258067,0.8086472212864422
,-9.852,-0.072,-0.108,-9.866,-0.072,-0.069,2.73,1.19,0.77,-9.902102420427052,-9.90186148156069,-0.0780258511682137,-0.07313672866216311,-0.08160271295839315,-0.08255545188392792,-9.911339253839245,-9.901509041740823,-0.0757899213859946,-0.07256292433661074,-0.07569194762928334,-0.08305427387817864,2.685428630242348,2.702253600691996,1.208583651691321,1.2302458819340651,0.7794002957496255,0.8069570801938973
16280.0,-9.947,-0.06,-0.11,-9.911,-0.041,-0.038,2.59,1.26,0.7,-9.900855752655831,-9.90383550355584,-0.07806585454923387,-0.07256222617027704,-0.08121664398368322,-0.08375567164082855,-9.910741681672668,-9.901924105438225,-0.0773722744933209,-0.07118259753311802,-0.07486638579010653,-0.08108393611154095,2.6813893179621164,2.69734446577879,1.193985876354329,1.2315471050476998,0.7735706777990028,0.8022795755672519
,-9.916,-0.112,-0.081,-9.945,-0.079,-0.067,2.66,1.12,0.7,-9.899474410972916,-9.904367487864828,-0.07791752375318055,-0.07428694013235143,-0.08103213058001335,-0.0836351591247228,-9.909836560707571,-9.903807923655254,-0.0788773827797202,-0.0715244723874138,-0.07407780671545386,-0.08046800983341439,2.6774563352902945,2.69571129749163,1.1785715845937406,1.226668866982453,0.7684902454074907,0.797806630091741
,-9.904,-0.062,-0.069,-9.899,-0.096,-0.105,2.66,1.05,0.77,-9.89799443160576,-9.904351416687634,-0.07760499895094107,-0.07374960105005599,-0.08110444369734038,-0.0829951264649542,-9.908597440624838,-9.90359766094893,-0.08021845496974297,-0.07259484934086015,-0.07336046772337076,-0.0815408560376769,2.6737633834271346,2.6941495517994536,1.1630722428596634,1.2189426889566828,0.7644705045756682,0.796590575570902
,-9.892,-0.069,-0.086,-9.909,-0.103,-0.053,2.73,1.19,0.84,-9.896459219330081,-9.903811257881902,-0.077151082160099,-0.07354188893930949,-0.08147415533853483,-0.08312653721249126,-9.907016204006348,-9.903833918949433,-0.08131472103664528,-0.07392454376243704,-0.07275358104337712,-0.08029269195239484,2.6704255168658366,2.695717382905364,1.1482153822413759,1.2176769516978028,0.7617461870339759,0.798488979895693
16356.0,-9.89,-0.05,-0.053,-9.914,-0.053,-0.081,2.73,1.05,0.7,-9.894916746121854,-9.90320725651495,-0.07657546616682563,-0.07251234237508049,-0.08216085327481706,-0.0818090272641945,-9.905108738177848,-9.904278507480296,-0.08209734776417278,-0.07300946034690427,-0.07229940762266862,-0.08032362432881293,2.667550984198491,2.6972166487770854,1.1346772581331654,1.2103440129533416,0.7604619644963186,0.7941818067912988
,-9.892,-0.093,-0.091,-9.897,-0.077,-0.096,2.73,1.12,0.7,-9.893415237588323,-9.902717134738012,-0.07589437731249306,-0.07340831965078734,-0.08315810263523295,-0.08221097183314839,-9.902918544449971,-9.903960199871744,-0.08251513858470677,-0.07318397677588988,-0.07204071426666582,-0.081009192031279,2.6652513776163933,2.698650347946361,1.1230458620807724,1.2063930399292755,0.7606690239596318,0.7900629973004871
,-9.883,-0.072,-0.069,-9.931,-0.098,-0.072,2.59,1.12,0.77,-9.891998376463954,-9.901854854384116,-0.07512178762123393,-0.07334673025744927,-0.08443092695573975,-0.08163322249892938,-9.900517654161462,-9.905142718971687,-0.08253940359081559,-0.07426924446677377,-0.0720173667568844,-0.08061519719398305,2.663645657302801,2.6938987924225524,1.1137964190384215,1.202614852985068,0.7623304573914268,0.7891855914987648
,-9.88,-0.089,-0.072,-9.88,-0.098,-0.041,2.73,1.12,0.84,-9.890701170004721,-9.90089908612351,-0.07427187375614318,-0.07403128747900184,-0.08591660447687247,-0.0812119372251863,-9.89800453784555,-9.904043164046447,-0.08216751979470233,-0.07530705064659121,-0.07226212409007582,-0.07888272405780167,2.662855635791684,2.695477589872566,1.10727882501616,1.1990018957468305,0.7653339363679277,0.7914078345745283
16432.0,-9.892,-0.067,-0.081,-9.89,-0.084,-0.101,2.66,1.19,0.77,-9.889547437591686,-9.900509906497065,-0.07336196350073501,-0.07372379142867322,-0.0875289394929267,-0.08120266867232781,-9.895499015966127,-9.903429020834228,-0.081424654878187,-0.07568721538880417,-0.07279610625685413,-0.0798499686792973,2.662993153006556,2.693926064807836,1.1037144748585581,1.1986082199945751,0.7695093068063007,0.7904716156249526
,-9.859,-0.091,-0.112,-9.907,-0.077,-0.048,2.66,1.05,0.77,-9.88854951549884,-9.898694572913355,-0.07241509398522177,-0.07447932388502651,-0.08916549559620275,-0.08254951415008738,-9.893134545399786,-9.90358518881805,-0.08036314045726317,-0.0757446267923459,-0.07362474800167161,-0.07845708869803895,2.6641412738070143,2.6924423918727216,1.1031989488101699,1.1921092052933322,0.7746478906350588,0.7895763399066268
,-9.919,-0.057,-0.105,-9.885,-0.081,-0.072,2.66,1.19,0.84,-9.887710311621897,-9.899582580785031,-0.07146150606548092,-0.07371490868039839,-0.09071664466548184,-0.08353133088669829,-9.891048543805836,-9.902772411332672,-0.07905929231403326,-0.0759744576034431,-0.07473513421963868,-0.07817470381800125,2.666333083328478,2.691023603721353,1.1057072859296626,1.1920169643916525,0.7805203662840594,0.7917814945626026
,-9.864,-0.065,-0.112,-9.911,-0.048,-0.045,2.59,1.12,0.77,-9.887027324971482,-9.89802646420118,-0.0705387324375416,-0.07333378360107258,-0.09207487099178745,-0.08477633805453141,-9.889371531382416,-9.903132224670767,-0.07760794851860008,-0.07475106355948839,-0.07609542272400499,-0.07672388980629691,2.669532385047485,2.6866055850829387,1.111099880271946,1.1888674797242678,0.7868912250848475,0.7908289345132152
16507.0,-9.904,-0.098,-0.093,-9.878,-0.12,-0.108,2.66,1.05,0.77,-9.886497772232154,-9.89828770208544,-0.06969023134949624,-0.0744124998592077,-0.09314282840198165,-0.08513597966711249,-9.888215924722122,-9.902033128687945,-0.07611531294585669,-0.07672991441412637,-0.07765668396441944,-0.07809167349924465,2.6736208972358098,2.6854420553091787,1.119128820830816,1.1827944523218434,0.7935292779471481,0.7899180323328543
,-9.902,-0.05,-0.086,-9.866,-0.069,-0.081,2.66,1.12,0.77,-9.886123664032564,-9.898450050296885,-0.06896268815051491,-0.0733448792694121,-0.09383924602771282,-0.08517376546957896,-9.887665478690474,-9.900457308500588,-0.07469071913618566,-0.07639186563446539,-0.07935695600465506,-0.07821886199988824,2.678396022122441,2.684329409646037,1.1294462000606906,1.180048291518551,0.8002149629494374,0.7890469662171591
,-9.89,-0.093,-0.067,-9.878,-0.067,-0.072,2.59,0.98,0.77,-9.88591562785127,-9.898080508147011,-0.0684021991675848,-0.07420444759334102,-0.09410263949499334,-0.08437898057162348,-9.887766610522778,-9.899475193392144,-0.07343783746435131,-0.07598113550908796,-0.08112674457615343,-0.0779468953780974,2.6835817155929385,2.680204145107699,1.1416170014760707,1.1712996719093192,0.8067459642229626,0.7882139940338982
,-9.885,-0.038,-0.108,-9.89,-0.072,-0.12,2.66,1.19,0.84,-9.885894498557201,-9.897508464320968,-0.06804969859403452,-0.07262113519535865,-0.0938934573324853,-0.08541198771301153,-9.888522911197455,-9.899060819132396,-0.07244591325770591,-0.07580703034719215,-0.08289486875829707,-0.07978598439471189,2.6888526675859885,2.6793205665540647,1.155138935863702,1.1721174847273708,0.8129425564497555,0.7904787275331935
16583.0,-9.887,-0.089,-0.093,-9.871,-0.053,-0.077,2.73,1.33,0.84,-9.886090151034047,-9.897048902500552,-0.06793622412297717,-0.0733374245308942,-0.093195464184096,-0.08574383075243526,-9.889893843482602,-9.897833648279553,-0.0717818891297481,-0.07480962101462961,-0.08459362625846265,-0.07966414622493012,2.6938692780457156,2.681536906828027,1.169469599127003,1.1790220879038538,0.8186530967793301,0.7926444184875551
,-9.902,-0.05,-0.062,-9.885,-0.062,-0.079,2.87,1.19,0.91,-9.886537594603949,-9.897265426562528,-0.06807881637274119,-0.07231681971427661,-0.09201686987244165,-0.08470545276009046,-9.891797998090542,-9.897272400262166,-0.07148446909100512,-0.07424942377053055,-0.08616264266657427,-0.07963510142458359,2.698318057263776,2.6897788763046218,1.184058317194004,1.1795021798671679,0.8237587968324274,0.7977766759733801
,-9.878,-0.043,-0.108,-9.887,-0.065,-0.086,2.73,1.19,0.84,-9.887270810173003,-9.896422900553805,-0.06847788479008217,-0.07103472076763875,-0.09039125140298555,-0.0857241824439296,-9.89412055275023,-9.896823162122288,-0.07156106430785938,-0.07384492298945063,-0.0875513038954226,-0.07991345459653505,2.7019498316171826,2.6915378481448493,1.1983779888914579,1.1799612761902163,0.8281762786574739,0.7996232091166636
,-9.904,-0.072,-0.103,-9.923,-0.074,-0.06,2.73,1.19,0.7,-9.888315142994706,-9.896754266347,-0.06911671045411727,-0.07107693487882419,-0.0883779041736644,-0.08647969780019314,-9.896723891093751,-9.897967941692393,-0.07198810046710646,-0.07385170490078381,-0.08872015383656957,-0.07904258867686964,2.7046078813001797,2.6932198956813664,1.2119527122149116,1.1804002950656451,0.8318570973964952,0.7952664332892038
16658.0,-9.859,-0.065,-0.122,-9.938,-0.084,-0.096,2.73,1.12,0.77,-9.889679344249943,-9.895103176440715,-0.06996336733731837,-0.07081117509031844,-0.08606094759037874,-0.08803309078341819,-9.899459754326818,-9.899718645223272,-0.0727145306974741,-0.07429551560684547,-0.08964183110175818,-0.07978417932029482,2.7062406583793095,2.6948283830092463,1.2243793798623506,1.177758836836717,0.834785070699126,0.7941614680228106
,-9.878,-0.086,-0.06,-9.907,-0.062,-0.11,2.66,1.33,0.91,-9.891348590165874,-9.894355211118674,-0.0709747331495313,-0.07147542096033982,-0.08354642900387042,-0.08680713256166327,-9.902181027376697,-9.900037077351325,-0.07366781704512504,-0.07375780149728163,-0.09030189428721952,-0.08110559386125825,2.706898020763951,2.6933052494086565,1.2353435187063724,1.184416729364927,0.8369734614332933,0.7992273810814398
,-9.897,-0.105,-0.089,-9.878,-0.096,-0.101,2.59,1.26,0.91,-9.893279852195644,-9.894470874450231,-0.07210161416678593,-0.072941535903643,-0.08095703746886086,-0.08690303222131969,-9.904751594114481,-9.899073340017791,-0.07476130672083911,-0.07473050929946382,-0.09069939661270546,-0.08197562674350999,2.7067139081672966,2.6887874486123953,1.244629929754597,1.1877221776573788,0.83846345343635,0.8040717489022318
,-9.909,-0.084,-0.036,-9.895,-0.098,-0.098,2.8,1.19,0.77,-9.895400695138768,-9.895106269992603,-0.07329366985979983,-0.07342515061040696,-0.07842477498150889,-0.08467691340530618,-9.907053608247745,-9.89889520251867,-0.07590188742936436,-0.0757481431972303,-0.09084668950527433,-0.08267641326377068,2.705880572312238,2.693651055796824,1.2521276330129338,1.187821792610657,0.8393233344653444,0.8025817048318517
16734.0,-9.878,-0.022,-0.096,-9.914,-0.045,-0.072,2.66,1.33,0.84,-9.897612016257758,-9.894358169381684,-0.0745030456317422,-0.07117619823184494,-0.07608255888019783,-0.0851721007256647,-9.908992484067422,-9.899555773655946,-0.07699701060826725,-0.07440344884127868,-0.0907679802970545,-0.08220950660974896,2.704619500746289,2.69217940970387,1.2578276841947305,1.1940396065381331,0.839646263556774,0.8042181018656236
,-9.866,-0.086,-0.089,-9.919,-0.093,-0.096,2.8,1.47,0.98,-9.899794699035525,-9.893117994647618,-0.0756863028844038,-0.0718244807132788,-0.0740558216295576,-0.0853395044780257,-9.910500308695218,-9.900406119032997,-0.07796056778833946,-0.07521672323065874,-0.09049661364185443,-0.0828125998927713,2.703152732357652,2.6968946778192997,1.2618124335777154,1.2061080550676622,0.8395445521188003,0.8119054904921034
,-9.911,-0.108,-0.055,-9.902,-0.065,-0.077,2.66,1.12,0.84,-9.901819787077013,-9.893900020135018,-0.07680488229875286,-0.07340652800297838,-0.07245479108466474,-0.08401268093059129,-9.911538148053925,-9.90047582349374,-0.07871756795946992,-0.0747699199887048,-0.09007152904515814,-0.08255840014421807,2.7016767812921576,2.6952811799013916,1.2642357569038145,1.2023423312348849,0.839139393548372,0.8131341347105907
,-9.907,-0.084,-0.091,-9.897,-0.096,-0.091,2.59,1.19,0.84,-9.903561377456604,-9.894472915508716,-0.0778245031983335,-0.07386980742485937,-0.07136771321359857,-0.08431825413075492,-9.91209730266902,-9.900323816909005,-0.07920786271869301,-0.07569836528000166,-0.08953353439907379,-0.08292757273485095,2.700341018594546,2.690676966648798,1.2652957882844984,1.2018025697590657,0.838546274318652,0.8143090471984992
16810.0,-9.938,-0.062,-0.067,-9.938,-0.045,-0.115,2.66,1.26,0.7,-9.904910793817889,-9.896376465406705,-0.07871374191834803,-0.07335071061475089,-0.07085516194764112,-0.08356088291535549,-9.912199315333671,-9.901971492036289,-0.07938918566832451,-0.07435584783873132,-0.08892189698293233,-0.08433018139477809,2.6992328971099386,2.6893353850239907,1.265204468705378,1.204347691117253,0.837858150291415,0.809310022391828
,-9.909,-0.093,-0.031,-9.904,-0.089,-0.067,2.73,1.12,0.7,-9.905789969471584,-9.89692852461922,-0.07944207801486472,-0.0742100239191453,-0.07094572933743176,-0.08126226208004993,-9.911894408971111,-9.902060203838895,-0.07923962125367057,-0.07499627378681682,-0.08827150378410432,-0.08357228856984565,2.698372471304396,2.6911137518637194,1.2641601589082232,1.2006589524686981,0.8371306039256441,0.8045296176299406
,-9.911,-0.031,-0.101,-9.931,-0.098,-0.091,2.73,1.33,0.91,-9.906161816150764,-9.897543905957958,-0.07997808496539996,-0.07232033988483122,-0.0716335454224883,-0.08212544346339277,-9.911257934822752,-9.90332581458848,-0.078759404853221,-0.07600228512891016,-0.08761072228320371,-0.08389712124587748,2.6977171955215704,2.6928143462071756,1.2623288897881948,1.2063153648085456,0.836373961171513,0.809142105186778
,-9.938,-0.079,-0.081,-9.926,-0.077,-0.086,2.73,1.33,0.91,-9.906035837420204,-9.899313153647915,-0.08028876136397024,-0.07261245837793592,-0.07287803139454144,-0.0820762249638086,-9.910384431934212,-9.90431741427478,-0.07797169536075164,-0.07604591773291483,-0.08696017135367268,-0.0839890854719376,2.697175499758721,2.694440569243046,1.2598367371279084,1.2117244078780103,0.8355553660198672,0.8135528769539889
16886.0,-9.89,-0.091,-0.053,-9.926,-0.093,-0.065,2.66,1.19,0.84,-9.905468118488749,-9.89890586579752,-0.0803408453149064,-0.07341659224970878,-0.07460603309575926,-0.08080464783635673,-9.90937919222388,-9.90526564878963,-0.07692176887858847,-0.07678736278826837,-0.08633273904482021,-0.08315864456059512,2.6966257818267745,2.6929343957229146,1.256772189799107,1.2107743443742542,0.8346099419435486,0.8147094767806196
,-9.892,-0.091,-0.074,-9.878,-0.084,-0.084,2.73,1.33,0.84,-9.904555757933503,-9.898603854755704,-0.08010431073305918,-0.07418555930598106,-0.07671622545111216,-0.08050706331292405,-9.90834781479754,-9.90407325275441,-0.07567417430874399,-0.07710278972276423,-0.08573515634322249,-0.08319543916973493,2.695937212556343,2.694555368688717,1.2531950370332485,1.2159883849482234,0.8334570387624499,0.8158154955608113
,-9.928,-0.079,-0.081,-9.88,-0.069,-0.079,2.73,1.33,0.91,-9.903426602228786,-9.899889422809137,-0.07955745432129122,-0.07439610701895301,-0.07908558641760645,-0.08052862068556606,-9.907384982207104,-9.903020468301683,-0.07430782585680015,-0.07674843415931527,-0.08517117797106069,-0.08301196196475076,2.6949896513375027,2.696105452391897,1.2491478761286905,1.220974402292089,0.8320170098517217,0.8199344230266131
,-9.897,-0.065,-0.053,-9.928,-0.043,-0.084,2.66,1.12,0.7,-9.902225673737027,-9.899763061014914,-0.07869249339967074,-0.0739851914070652,-0.08157767687822433,-0.07932472422178388,-9.906564282222526,-9.904112886633209,-0.07290960791118317,-0.075272529463375,-0.08464597325039896,-0.08305517137615955,2.693691039153632,2.6945264693053725,1.2446673441808904,1.2165585353570738,0.8302255111953158,0.8146893862550032
16961.0,-9.89,-0.091,-0.127,-9.859,-0.065,-0.105,2.66,1.26,0.84,-9.901099922787326,-9.899336097573272,-0.07752056390363456,-0.07472929217880148,-0.08405222022199033,-0.08140968505490434,-9.905930959621415,-9.902139985582005,-0.07156756448044434,-0.07482328567320065,-0.08417079727295344,-0.08401487443866713,2.691991493762454,2.6930165391574588,1.2397937837171402,1.2184583408817493,0.8280442983098533,0.8157962836448799
,-9.899,-0.079,-0.079,-9.899,-0.06,-0.122,2.66,1.26,0.84,-9.900183029938578,-9.899321399173212,-0.07607519253586963,-0.07491606107298307,-0.08637509115784156,-0.08130430341048547,-9.90549892925456,-9.902002666041675,-0.07036486688373045,-0.07417502576190926,-0.08376658192136306,-0.0856760604044278,2.6898939863025406,2.6915726420878596,1.234579555856438,1.2202750630881884,0.8254686852846478,0.8168547736020463
,-9.854,-0.105,-0.101,-9.926,-0.096,-0.096,2.73,1.12,0.91,-9.899582038068491,-9.897339379339327,-0.07441345379402126,-0.07623170809012057,-0.08842754318526408,-0.08216564621972676,-9.90525247436529,-9.903052130372728,-0.06937536218965897,-0.07512948728787854,-0.08346500990186072,-0.08612755249018736,2.6874616653186405,2.6932531679969247,1.2290969052344896,1.2158897800318273,0.8225317988506066,0.8209282508009051
,-9.907,-0.081,-0.081,-9.916,-0.06,-0.074,2.73,1.26,0.77,-9.899367465876177,-9.897761862804233,-0.07261416343882611,-0.07644023759961376,-0.09011354906644829,-0.0821146695515537,-9.905152084613558,-9.9036183735796,-0.06866078979425207,-0.07446783640268673,-0.08330612926702091,-0.08559718383408813,2.684821333560073,2.6948602002419837,1.2234458475257841,1.2178188319245065,0.8193049769551346,0.8187010291123892
17037.0,-9.899,-0.069,-0.136,-9.892,-0.069,-0.062,2.73,1.19,0.84,-9.899568042040832,-9.897816009686805,-0.07077284706598627,-0.07611485712239388,-0.09136451070217065,-0.08447121183958171,-9.90514308583438,-9.903110272609808,-0.06826914774178079,-0.07422871403673449,-0.08333260529248633,-0.08456521908374479,2.682161723887844,2.6963969528875267,1.217761363665867,1.2166022437865462,0.8158932807227979,0.8196324871765863
,-9.907,-0.026,-0.038,-9.926,-0.072,-0.086,2.59,1.4,0.84,-9.900170334607559,-9.898217648896694,-0.0689939344711742,-0.07392320720423312,-0.09214112832530816,-0.08243890777900525,-9.905165324598737,-9.904111298493987,-0.06823348688786192,-0.0741312467143338,-0.08358187165610616,-0.08462796569539349,2.67972505560439,2.691743944049868,1.2122177521603028,1.224622693219624,0.8124257822259894,0.8205232102151366
,-9.931,-0.077,-0.096,-9.907,-0.086,-0.067,2.66,1.19,0.77,-9.901122660826791,-9.8996513043282,-0.06738139570136475,-0.07405776316360803,-0.09243272356230994,-0.08303196876656282,-9.905162264621817,-9.904237628743793,-0.06857053706078299,-0.07465029742425944,-0.08407815521231271,-0.08385705000707187,2.6777913046959227,2.690355700794797,1.207026894224402,1.2231085549556762,0.8090415581271218,0.8183137019796289
,-9.871,-0.067,-0.117,-9.916,-0.093,-0.043,2.8,1.33,0.84,-9.9023421506673,-9.898398310058802,-0.06602939477272243,-0.07374910926438324,-0.092254659722036,-0.08451747700000002,-9.905088214310576,-9.904752027097521,-0.06927880592352754,-0.07545277649848242,-0.08482634338120444,-0.08207026749493984,2.676655935964861,2.6951507243302926,1.2024274435253905,1.2277831891906164,0.8058733738648476,0.8192620988425687
17113.0,-9.895,-0.06,-0.096,-9.907,-0.072,-0.115,2.66,1.05,0.77,-9.903723851722733,-9.898249693333346,-0.06501427884528459,-0.0731478258142384,-0.09164456612626902,-0.08501963687909073,-9.904912829998386,-9.90485033665901,-0.0703361115484719,-0.07530177781735588,-0.08580909169141973,-0.08351036828927137,2.6766024916721842,2.693613493925472,1.1986643084101753,1.2200082790259845,0.8030316749227014,0.8171077422087054
,-9.916,-0.045,-0.067,-9.923,-0.007,-0.067,2.73,1.05,0.7,-9.905151059991688,-9.899025959302902,-0.06438861024608294,-0.07191684993833168,-0.0906579153949479,-0.08423159241565159,-9.904622508461085,-9.9056440675097,-0.07169704337432987,-0.0723147676898392,-0.0869876876178466,-0.08278832797253233,2.6778715321447,2.695204768202991,1.1959615515639153,1.2125733854194047,0.8005917948899406,0.8119863233647712
,-9.907,-0.11,-0.077,-9.895,-0.093,-0.129,2.59,1.19,0.77,-9.906506222615477,-9.89937468434463,-0.06417740698869953,-0.07358232276432648,-0.0893634200641791,-0.08391533652197067,-9.904218812695282,-9.905178575417613,-0.07329150434256237,-0.07321938540807355,-0.08830621850030373,-0.08480928169828512,2.68062806936132,2.6906038966279393,1.1944948663672905,1.2115861939726402,0.7985870977440872,0.8101501548620548
,-9.914,-0.067,-0.096,-9.883,-0.045,-0.086,2.66,1.19,0.84,-9.907681614416573,-9.900014286524497,-0.06437645296919453,-0.07329446108066426,-0.08783878824421663,-0.08444382953269479,-9.903714619891202,-9.90420865001445,-0.07502581766814219,-0.07198528004947491,-0.08969784288648748,-0.08486135483224883,2.6849311700185967,2.689265510540632,1.1943699609531826,1.210642174913821,0.7970096967694581,0.8114555643635508
17189.0,-9.909,-0.024,-0.081,-9.89,-0.069,-0.065,2.66,1.33,0.84,-9.908588758928106,-9.900407254584948,-0.06495248266249155,-0.0711386891639777,-0.0861673178843997,-0.08429322212509395,-9.903129128033068,-9.903587269680765,-0.07678749145677707,-0.0718547261747998,-0.09109173009934804,-0.08399276736753053,2.6907107659255467,2.6879856554744053,1.195610168017599,1.2158619955938061,0.7958182922199986,0.812703884993774
,-9.943,-0.057,-0.086,-9.919,-0.096,-0.12,2.66,1.26,0.91,-9.909165530300184,-9.902269943463322,-0.0658452542187621,-0.07052036839587786,-0.08443544976065685,-0.08436786385420675,-9.902483018671386,-9.904261307502729,-0.07845375260920369,-0.07291066029177691,-0.09241949896147904,-0.08556745505464525,2.6977566762219345,2.686761771719128,1.1981525228120926,1.2177922625704904,0.7949503236574263,0.816958891088473
,-9.887,-0.086,-0.093,-9.887,-0.081,-0.089,2.66,1.12,0.7,-9.90938010009383,-9.901602150073032,-0.06697179759966868,-0.07119733198085779,-0.08273095832083414,-0.08474536908047679,-9.901794820369908,-9.903506426707931,-0.07990288246677293,-0.07326442765194723,-0.09362041077983296,-0.08571756895859586,2.7057232553667463,2.6855914115072888,1.2018493301312607,1.2135155586833393,0.7943345231420861,0.811843981881884
,-9.933,-0.06,-0.081,-9.892,-0.103,-0.11,2.66,1.12,0.77,-9.909231321293221,-9.902975257753551,-0.0682330583699284,-0.0707076442289895,-0.0811412040191007,-0.0845815745829955,-9.901078992102443,-9.903003221459013,-0.08102661313910549,-0.07456483971426062,-0.09464484277580902,-0.08677950130881017,2.7141506142916523,2.684472234118464,1.2064730501347605,1.2094258859135547,0.7939008994276429,0.8100140383335471
17265.0,-9.904,-0.043,-0.096,-9.892,-0.091,-0.105,2.8,1.26,0.77,-9.908745696953495,-9.90302007233329,-0.0695226822000512,-0.06949591861120345,-0.07975085767072036,-0.08508093131207056,-9.90034573962932,-9.902522022653013,-0.08174155776653876,-0.07528359099409025,-0.09545571864584215,-0.08757632996917863,2.7225006461675734,2.689524556586853,1.2117247076582043,1.2116376203045738,0.7935873278186226,0.8082641228618773
,-9.897,-0.074,-0.072,-9.926,-0.084,-0.098,2.8,1.26,0.84,-9.90797164130144,-9.902756799288245,-0.07073714798068476,-0.06969289352391321,-0.07863868602382233,-0.0845088689799452,-9.89960219280245,-9.90354877420107,-0.08199787747547252,-0.07566478168645924,-0.0960278381148028,-0.08803218352003662,2.730203462321223,2.6943559281684157,1.217247462014825,1.213752629936202,0.7933434485909968,0.8096520133304196
,-9.88,-0.117,-0.098,-9.933,-0.101,-0.077,2.8,1.12,0.84,-9.906972165511242,-9.901761586687401,-0.07178606140641597,-0.07176175337885646,-0.07787331272789251,-0.08509887038658967,-9.898854240650001,-9.904836751066979,-0.08178400558283531,-0.07677275509657687,-0.09634551524719717,-0.0875497181295882,2.7367079131953793,2.698976011606315,1.2226464577997833,1.2096525894387262,0.7931325230409231,0.8109792078256226
,-9.921,-0.077,-0.048,-9.871,-0.053,-0.077,2.66,1.12,0.77,-9.90581729137629,-9.902602931338134,-0.07260110096427055,-0.07199083520084983,-0.07750828098593338,-0.08347644260937281,-9.898108145618584,-9.903356984048475,-0.08112702657633196,-0.07573311216923853,-0.09639945106137936,-0.08708835217539895,2.7415295929197665,2.69727149167845,1.2275146772870096,1.2057318541201278,0.7929310323710572,0.8091870830419886
17340.0,-9.902,-0.086,-0.062,-9.897,-0.086,-0.089,2.73,1.4,0.84,-9.904577321206402,-9.90257656362018,-0.07314199315526686,-0.0726034915396791,-0.07757713704247221,-0.08253722325627237,-9.897371297098006,-9.903078976998877,-0.08008901938272228,-0.07618210923649744,-0.09618405377202927,-0.08717195338747279,2.7442913941285307,2.698702792428431,1.2314632777617387,1.214227693287723,0.7927255519938491,0.8105346101189269
,-9.892,-0.079,-0.089,-9.892,-0.081,-0.105,2.73,1.26,0.7,-9.903317622783216,-9.90211402364454,-0.07339830249119449,-0.0728832270921389,-0.07808945869693411,-0.0828198568889871,-9.896652089097348,-9.902594465210814,-0.0787601461059446,-0.0763928078297659,-0.09569625253624894,-0.0879516191222046,2.744754109142805,2.7000714987632684,1.2341535432250523,1.2162294324529168,0.7925072700348742,0.8057006510271264
,-9.916,-0.093,-0.086,-9.871,-0.096,-0.086,2.8,1.26,0.77,-9.902095079720107,-9.902721292640013,-0.07338675146694017,-0.07376298463768065,-0.07902861104994323,-0.08295893262000174,-9.895959470303058,-9.901212759044826,-0.07724941725057938,-0.07725028011608423,-0.0949362516401987,-0.08786626986381972,2.7428360141607206,2.7044416257901207,1.2353260587793962,1.2181436304830164,0.7922657351508828,0.8041393709318685
,-9.926,-0.043,-0.093,-9.914,-0.074,-0.098,2.87,1.19,0.84,-9.900956042603386,-9.903739329605694,-0.07314485514390315,-0.07241764122786325,-0.08035158186638575,-0.08339805398570521,-9.895302814324497,-9.901771977552114,-0.07567400725777303,-0.07710813711579555,-0.0939099512622525,-0.08830944360707475,2.738620296136918,2.7116819137630412,1.2348222947654957,1.216912838079594,0.7919840061799917,0.8057076472729626
17416.0,-9.854,-0.031,-0.057,-9.876,-0.062,-0.093,2.66,1.33,0.77,-9.899935539145757,-9.901564102459112,-0.0727225163869105,-0.0706063426385893,-0.08199086493030742,-0.08224360007364324,-9.894692408519921,-9.900644903551784,-0.074148001921574,-0.07644741992782618,-0.09263224221856997,-0.0885145735450805,2.7323487775362763,2.709421732480023,1.2325952762164292,1.221858426741307,0.7916368710565398,0.8041460612141144
,-9.89,-0.065,-0.053,-9.94,-0.055,-0.127,2.73,1.26,0.77,-9.899057606717548,-9.901058374903185,-0.072173663586648,-0.07036116304334399,-0.08385828299018634,-0.08096470320775781,-9.894140346228337,-9.90236600182209,-0.0727716735096554,-0.07550946981026363,-0.09113015346418701,-0.09019763893892785,2.724401190736345,2.7103216723564536,1.2287084303890998,1.2235264545620146,0.7911926089493412,0.8026527672776943
,-9.916,-0.084,-0.122,-9.873,-0.062,-0.074,2.73,1.12,0.77,-9.898336732507433,-9.901711810097874,-0.07154978979286185,-0.07095762400554646,-0.0858507123552051,-0.0827592809042835,-9.893661224049072,-9.90108175201703,-0.07162261319220554,-0.07491866640177045,-0.08944483994177342,-0.0894892750705405,2.715261435379861,2.711182255577597,1.223323805459425,1.2189989799028695,0.7906177161273868,0.8012247788758297
,-9.909,-0.069,-0.074,-9.895,-0.053,-0.091,2.73,1.12,0.84,-9.897780252959407,-9.902030541143311,-0.07089633453343784,-0.07087201213836969,-0.08785750967917223,-0.08237621531496864,-9.89327199527424,-9.900815781562843,-0.07074997613221129,-0.07396010747964658,-0.08763165007824655,-0.08955534290666996,2.705474565737032,2.712005203309895,1.2166824704198198,1.2146695032035302,0.7898834285571068,0.802920517726205
17491.0,-9.899,-0.105,-0.105,-9.897,-0.081,-0.079,2.59,1.26,0.84,-9.897391150094332,-9.901898007886107,-0.07025168777502991,-0.0723645156812065,-0.08976898494603903,-0.0833656108495571,-9.892990621245339,-9.900648907748765,-0.07017257892512048,-0.07426797985027735,-0.08575799253488635,-0.08909373096670047,2.6955995731599907,2.7066696060598368,1.2090809171141195,1.2166519208995745,0.788972455608253,0.8045420976120328
,-9.921,-0.057,-0.084,-9.931,-0.081,-0.091,2.73,1.33,0.77,-9.897170375623702,-9.902733386491516,-0.06964784383639602,-0.0716925864077566,-0.09148486504980771,-0.08339335429749818,-9.89283357819914,-9.901976238058937,-0.0698807952967781,-0.07456238818060866,-0.08389923033616367,-0.08917709695057666,2.6861633663373876,2.7076899034108743,1.2008468985558138,1.2216089201319065,0.7878840564265647,0.8030314839985963
,-9.88,-0.05,-0.124,-9.84,-0.067,-0.086,2.59,1.12,0.77,-9.897117978908172,-9.901739197791706,-0.06911168310699595,-0.07074391453767337,-0.09292164412213288,-0.08516918599374187,-9.892812618233751,-9.899265859842393,-0.06984144501836842,-0.07423166574840352,-0.08213312466676306,-0.08903815443589055,2.6776210950639636,2.7025430251797573,1.1923163772671876,1.2171653041210373,0.78663593647979,0.801586933353157
,-9.899,-0.079,-0.089,-9.885,-0.084,-0.084,2.66,1.26,0.84,-9.897232833226106,-9.90161940571884,-0.06866627656924747,-0.07110497411295351,-0.09401797299699045,-0.0853367172147289,-9.892931465150205,-9.898641977577704,-0.07000444809155901,-0.07465885980207093,-0.0805334188710319,-0.08881782315309085,2.67032705749637,2.700682510693488,1.183811824196695,1.2190385741073868,0.7852625685208195,0.8032668342689123
17567.0,-9.88,-0.072,-0.086,-9.887,-0.067,-0.079,2.66,1.05,0.7,-9.897511321673823,-9.900673934226052,-0.0683320165524638,-0.07114411586701072,-0.09473765266815459,-0.0853657242546673,-9.893183337832712,-9.898132844345156,-0.07031001393525552,-0.07432391842096675,-0.07916318310967706,-0.08838846482413389,2.6645187842933815,2.6989033612286057,1.1756224820116126,1.211646088158486,0.7838108368632601,0.7987507134642289
,-9.904,-0.081,-0.086,-9.931,-0.072,-0.055,2.66,1.05,0.77,-9.897945678397818,-9.900819391525541,-0.06812748113690842,-0.07157513869923617,-0.09507029186435989,-0.08539346274311505,-9.89355008831953,-9.899570208494977,-0.07069542335914511,-0.07422228756916795,-0.07806865945663681,-0.08692830250100063,2.6603148007561574,2.697202018486181,1.1679887469736474,1.2045768943859023,0.7823346930207655,0.7974933717809621
,-9.885,-0.053,-0.069,-9.864,-0.074,-0.081,2.66,1.19,0.77,-9.898522661346394,-9.90012756937672,-0.06806985136468308,-0.07076280073106476,-0.0950301160752405,-0.08467653500267329,-9.894003222953259,-9.898014632982777,-0.07110082955229904,-0.07421256636949286,-0.07727449098241518,-0.0866690427836793,2.657724515429613,2.695575079780728,1.1610935587728102,1.203939409791067,0.7808905833395395,0.7962910168412574
,-9.916,-0.079,-0.139,-9.887,-0.06,-0.067,2.73,1.33,0.84,-9.899222931547227,-9.900821711059924,-0.06817470938566109,-0.07112303436516543,-0.09465352487350223,-0.08705223802672518,-9.894506512010606,-9.897532935121875,-0.07147381055162223,-0.0735910147636591,-0.07678121039333627,-0.08580886561302768,2.656667130982282,2.697080568929325,1.155062328210777,1.2094523594047903,0.7795347735971675,0.7982025216297234
17643.0,-9.911,-0.055,-0.091,-9.895,-0.079,-0.074,2.59,1.05,0.77,-9.900021137251576,-9.901266833472786,-0.06845522012098627,-0.07041793314417187,-0.09399572026187265,-0.0872248836791814,-9.89501964866999,-9.897422163439158,-0.07177259047462037,-0.07382756341871377,-0.07656559681364108,-0.08529243394305094,2.656995742709471,2.6923976638268043,1.1499700632757333,1.20247910295937,0.7783225785757083,0.7969691537669605
,-9.878,-0.065,-0.103,-9.935,-0.091,-0.06,2.66,1.12,0.77,-9.90088645857053,-9.900249315782334,-0.06892086541438555,-0.07018099317439355,-0.0931263678327015,-0.08791476956090825,-9.895502365715313,-9.899065537623027,-0.07196790558047207,-0.07457855766251816,-0.07658405117886412,-0.08418633160206265,2.6585229123310445,2.690980831746425,1.1458520742729146,1.1988720824143568,0.7773085931312921,0.7957897242117317
,-9.931,-0.074,-0.077,-9.897,-0.067,-0.101,2.73,1.26,0.77,-9.901783365984976,-9.90159412126356,-0.06957590964932688,-0.07034800803739823,-0.0921242178706371,-0.087437438980947,-9.895918304282025,-9.89897520641942,-0.07204349107602594,-0.07424712809782301,-0.0767786420340614,-0.08492163600247878,2.6610446256063107,2.6926872390240275,1.14271444970891,1.201545361423149,0.7765469376398446,0.7946618741049263
,-9.876,-0.084,-0.079,-9.89,-0.057,-0.069,2.66,1.19,0.77,-9.902672527314206,-9.900474825370216,-0.070417631759797,-0.07094504430140461,-0.09107098588457858,-0.08706844835593301,-9.896237898091417,-9.898582697859203,-0.071995241028852,-0.0734928674043966,-0.0770850295309732,-0.08422534244313377,2.6643601302871884,2.6912577430851896,1.1405417319064333,1.2010404534602992,0.7760910870518639,0.7935833477463308
17719.0,-9.895,-0.098,-0.062,-9.864,-0.055,-0.067,2.66,1.05,0.77,-9.903511992024683,-9.900235397358973,-0.07143418252815564,-0.07212822619291145,-0.09004521481637077,-0.08597214147325516,-9.896439879631657,-9.897070308693895,-0.07182930665065988,-0.07268412736879362,-0.07744114911271757,-0.08347203449168966,2.66828556664546,2.689890762632522,1.1393005690508795,1.1944350710153933,0.775993333229542,0.7925519880832279
,-9.919,-0.072,-0.134,-9.914,-0.103,-0.103,2.73,1.12,0.77,-9.904258844046668,-9.901056021066271,-0.07260192820812557,-0.07212261853599418,-0.08911689396493774,-0.0880725216449975,-9.896511589079655,-9.897810687070608,-0.07155958095422858,-0.07400991743557735,-0.07779539241931466,-0.08432604199496577,2.6726599227666266,2.691644841399608,1.1389395089571073,1.1911798364070065,0.7763039372850706,0.7915657323962915
,-9.923,-0.057,-0.084,-9.923,-0.089,-0.101,2.73,1.19,0.84,-9.904871397861177,-9.902015686969673,-0.07388250648068455,-0.07146126803875855,-0.08834321597080984,-0.08789441993539533,-9.896448585126395,-9.898912279667897,-0.07120495576974632,-0.07466547179833456,-0.07811305169127523,-0.08505523650524642,2.677342899930835,2.6933222098494927,1.139386700572742,1.1911282391659221,0.7770697049778437,0.7936838858686359
,-9.868,-0.043,-0.103,-9.887,-0.045,-0.06,2.66,1.05,0.77,-9.905311804358528,-9.900528094629916,-0.07522048163301794,-0.07021658453870276,-0.08776535558645902,-0.08855502529702507,-9.896253941242204,-9.898391325438785,-0.07078653603341101,-0.07336812541101008,-0.07837996137402738,-0.08395950741033728,2.682205619542732,2.691864945024588,1.1405482667221545,1.184956343014193,0.778331424335851,0.7926481294182294
17794.0,-9.921,-0.045,-0.06,-9.871,-0.057,-0.096,2.66,1.05,0.77,-9.905548819682174,-9.901423383019532,-0.07654303389677383,-0.06911379928470977,-0.08740600991471388,-0.08730624155406318,-9.895937423765966,-9.897193433244668,-0.07032500771666553,-0.0726523057364199,-0.07860263971459218,-0.08448606871598566,2.6871166958056834,2.690471410089733,1.1423098339645834,1.1790543595484921,0.780119697233783,0.7916576692266593
,-9.895,-0.089,-0.096,-9.883,-0.048,-0.096,2.59,1.19,0.77,-9.905560519852726,-9.901142472174376,-0.0777630512680018,-0.06998347332296456,-0.08726775505996191,-0.08768644167994626,-9.89551483365331,-9.896572718378952,-0.06983863309633895,-0.07157419782686834,-0.07880482445514075,-0.08498960215906601,2.691927922623923,2.6860775402805688,1.1445424319195985,1.1795330401908648,0.7824493272570282,0.7907105243735424
,-9.935,-0.091,-0.06,-9.876,-0.077,-0.06,2.66,1.26,0.7,-9.905336732553938,-9.902623147813278,-0.07878614453059514,-0.07090257938485066,-0.08733268894513059,-0.08647564330345239,-9.895007950690998,-9.895673021180546,-0.06934246968382082,-0.07181148192925854,-0.07902094657111396,-0.08389674342072764,2.696464930063149,2.684937103246454,1.147112050044395,1.1830520646081075,0.7853132594412078,0.7867435228746843
,-9.88,-0.086,-0.096,-9.945,-0.098,-0.069,2.66,1.33,0.91,-9.90488081447491,-9.901633780130709,-0.07952085691998732,-0.07156282791304301,-0.08756392881137147,-0.08689216759930227,-9.894445292862498,-9.897830215180496,-0.0688490218654771,-0.07295677230385375,-0.07928763373134579,-0.08324527101566494,2.700527654524915,2.6838465404188323,1.1498899769079156,1.189478470849055,0.788677422720897,0.7921338415050405
17870.0,-9.933,-0.081,-0.074,-9.902,-0.091,-0.067,2.66,0.98,0.77,-9.904210309915104,-9.903005504548513,-0.07989034971459118,-0.071975539404598,-0.08790922137965844,-0.08632836038351156,-9.893863260532951,-9.898012570455622,-0.06836984431937769,-0.07374584845360783,-0.07963472555346297,-0.08253482407564819,2.7039030731375107,2.6828036706720484,1.1527600734670025,1.1803174455592587,0.7924773632114551,0.7911658724294303
,-9.921,-0.096,-0.112,-9.876,-0.038,-0.084,2.8,1.12,0.77,-9.903356156928165,-9.903792449513501,-0.07984352050319161,-0.07302619005235253,-0.08830638561926388,-0.08745104635121011,-9.89330668727029,-9.897049904870848,-0.06791720544225809,-0.07218259176015657,-0.08007740399280813,-0.08259889993815847,2.706389131444349,2.687928963655585,1.1556208047089531,1.1776796105495577,0.796616761464363,0.7902402350986788
,-9.844,-0.089,-0.103,-9.89,-0.053,-0.103,2.73,1.12,0.84,-9.902360433446237,-9.90117757391358,-0.07936375824055186,-0.07372476531076294,-0.08868979349163285,-0.08813104156517687,-9.892827859569124,-9.896741594634713,-0.06750513890232052,-0.07134368832761596,-0.08061078836262532,-0.08349109183190617,2.707825375274805,2.6897688368719446,1.1583833419880176,1.1751571347609557,0.8009676488998659,0.7924163559326131
,-9.914,-0.072,-0.084,-9.921,-0.086,-0.017,2.73,1.12,0.77,-9.901273028009596,-9.901738331155974,-0.07847404382625185,-0.07364933694541914,-0.08899683330122732,-0.08795038063091287,-9.892483612517196,-9.897802476281122,-0.06714980392985331,-0.07198464604198936,-0.08120786487213817,-0.08058326759894635,2.70812360662136,2.691528247762048,1.1609694533431474,1.1727449732418758,0.8053725848928578,0.7914360317839242
17945.0,-9.933,-0.086,-0.089,-9.887,-0.06,-0.081,2.8,1.19,0.77,-9.900147870817172,-9.903105483292041,-0.07723767280986855,-0.07418946279286384,-0.08917343367007292,-0.08799628315037415,-9.892330660594492,-9.897330056571342,-0.06686945078303973,-0.0714605270476368,-0.08182118695500616,-0.08060149236471659,2.7072915737008576,2.696271992842164,1.1633123389892948,1.173499579363768,0.8096496323506311,0.7904985796988032
,-9.88,-0.067,-0.093,-9.892,-0.055,-0.11,2.73,1.19,0.77,-9.899039277125393,-9.90209502185458,-0.07575442475972444,-0.07387504933453316,-0.08917817811383964,-0.08821510839010693,-9.892419637241218,-9.897096959667167,-0.06668419500808927,-0.07074066641491605,-0.08238838564405027,-0.08188716373150426,2.705444198556287,2.697747004213476,1.1653609103891729,1.1742211846443875,0.8136010890315275,0.7896021247730798
,-9.899,-0.122,-0.072,-9.852,-0.086,-0.077,2.66,1.19,0.84,-9.897998673106429,-9.901959668692188,-0.07415244577892169,-0.0759796755919695,-0.08898503199139592,-0.08750598053827344,-9.892788561450962,-9.89512475514262,-0.06661550842108453,-0.07140799580829854,-0.08284093277059683,-0.08167343565549617,2.702799488267253,2.6960962318987263,1.1670853360384368,1.1749112322942958,0.8170263792828953,0.7918061517913909
,-9.878,-0.069,-0.077,-9.914,-0.089,-0.074,2.73,1.26,0.91,-9.89707186421726,-9.900911851558835,-0.07257645008262212,-0.0756744366604772,-0.08858498057002492,-0.08704652733997995,-9.89345669517779,-9.895950217514905,-0.06668514624008456,-0.07217733880877569,-0.08311485955841443,-0.081337856835321,2.6996593189242155,2.6975789297422623,1.168480307392735,1.1786323801032812,0.8197382840457267,0.796975068807773
18021.0,-9.914,-0.055,-0.11,-9.914,-0.057,-0.084,2.73,1.26,0.84,-9.896297114146392,-9.901484229514336,-0.07117326565549138,-0.0747702910634082,-0.08798686316832521,-0.08805034096662519,-9.894419764738176,-9.896739580322219,-0.06691323237409325,-0.07151359525510431,-0.08316164464420082,-0.08145427911374338,2.696378014811089,2.698996785445283,1.16956273327324,1.182190792672473,0.8215802598918822,0.7988566582672825
,-9.885,-0.036,-0.086,-9.89,-0.074,-0.134,2.59,1.05,0.77,-9.89570432171392,-9.900763332312579,-0.07007638405040727,-0.0730747678171049,-0.08721744517925448,-0.08796067435137911,-9.895647194825997,-9.896444841366353,-0.0673154600934088,-0.07162233204631888,-0.08295741285517483,-0.08375223687502775,2.693323491462528,2.694230079330218,1.1703623498741949,1.176409753743545,0.8224420023285063,0.7975946833488381
,-9.873,-0.05,-0.077,-9.868,-0.014,-0.108,2.66,1.12,0.77,-9.895315377797866,-9.899549171313534,-0.0693917839290878,-0.07206564964533348,-0.08632046548546658,-0.08748133623840158,-9.897081664533795,-9.895200876246381,-0.06789983119513313,-0.06910236119206467,-0.08250875017945061,-0.08481265310925223,2.690836582102216,2.6927331110683013,1.1709066150131486,1.1739428120165922,0.8222712466911655,0.7963878977970914
,-9.902,-0.057,-0.117,-9.895,-0.093,-0.06,2.73,1.26,0.84,-9.895145491689963,-9.899656352273404,-0.06918736141426711,-0.07140679054230155,-0.08535425116842624,-0.08877226233760846,-9.898641245849467,-9.895192091418204,-0.06866379136640775,-0.0701474656011171,-0.08185384212061166,-0.08372753280204609,2.689194156047886,2.6943628867230096,1.171204113587314,1.1777063113026494,0.8210812957206486,0.7982951657354272
18097.0,-9.935,-0.055,-0.074,-9.883,-0.077,-0.074,2.66,1.05,0.91,-9.895204974012822,-9.901202019708078,-0.069487546814997,-0.07068927994336885,-0.08438759523502877,-0.08812623380630488,-9.900224440776038,-9.89465890031095,-0.06959263826683261,-0.07044714432548874,-0.08105850492010966,-0.08330212309934171,2.6885807139778115,2.692860110456676,1.1712320672012668,1.1721213901278469,0.8189544656693674,0.8031803016997222
,-9.883,-0.096,-0.098,-9.919,-0.069,-0.067,2.59,0.98,0.77,-9.895500659628924,-9.90040599918055,-0.07027338176178216,-0.07179618198252317,-0.0834938771401466,-0.08855803866643848,-9.901718173711345,-9.895723398390057,-0.07065961866170788,-0.07038385703056982,-0.08020785711267567,-0.08258918987338718,2.689071495208275,2.688361776716767,1.1709329318205444,1.1637194340388117,0.8160411570650555,0.80172924287844
,-9.911,-0.103,-0.065,-9.904,-0.055,-0.105,2.73,1.19,0.84,-9.896036037559309,-9.900869301729179,-0.07148702076875316,-0.07316080415509138,-0.08274379908147987,-0.08752778583364618,-9.903008154524251,-9.896085355188553,-0.07182757291718785,-0.06971108191081438,-0.07939526735623224,-0.08356927148990163,2.6906283840509952,2.690182721919268,1.1702230674826448,1.164868749901319,0.8125536611310485,0.8034029202374031
,-9.916,-0.077,-0.077,-9.907,-0.077,-0.065,2.73,1.33,0.77,-9.896809463103466,-9.901531005573728,-0.07303879752181246,-0.07332870193515982,-0.0821975431944745,-0.08706737903443344,-9.903990355749821,-9.896562680312904,-0.07305171251710153,-0.07002984480171975,-0.0787104305689011,-0.0827571901096883,2.6931083226160544,2.6919240325656077,1.1690132953542947,1.1720903586526057,0.8087541458500099,0.8019421257423527
18173.0,-9.878,-0.093,-0.086,-9.909,-0.091,-0.05,2.73,1.26,0.84,-9.89781049800724,-9.900501934966703,-0.07481495143754475,-0.07418897773498162,-0.08189746409443316,-0.0870206998397238,-9.9045819945077,-9.897106595874867,-0.07428308744258705,-0.07094692292112623,-0.07822820686383575,-0.08132463503230399,2.6962823571977053,2.693589191277079,1.1672369627928234,1.1759348704267092,0.8049372684828539,0.8036064931932752
,-9.897,-0.072,-0.074,-9.935,-0.089,-0.077,2.66,1.19,0.84,-9.899015164734143,-9.900348786460974,-0.07668482276494713,-0.07409324818192689,-0.08186246858249194,-0.08645127158278132,-9.904730441513012,-9.898763770629389,-0.07547226311836869,-0.07173642980938957,-0.07799961201060557,-0.08113550776428692,2.6998622144822484,2.6921202506766155,1.1648777359372102,1.1765499742471779,0.8014086403619409,0.8051980736305843
,-9.885,-0.041,-0.057,-9.914,-0.06,-0.072,2.66,1.12,0.77,-9.900381471728869,-9.899677545066254,-0.07850741281652118,-0.07264599643196262,-0.08208502101940895,-0.08516329271462866,-9.904418779174017,-9.899430089616823,-0.0765726857909584,-0.07122316594098368,-0.07804609867881579,-0.08073598881933497,2.703531116953113,2.6907155505775058,1.1619892612487341,1.1740769003216525,0.7984606816067613,0.8036587725206662
,-9.871,-0.065,-0.079,-9.904,-0.074,-0.079,2.73,1.12,0.7,-9.901846807484441,-9.898423403222768,-0.08013812902219995,-0.07231161759868684,-0.08253136813520724,-0.08489375627874444,-9.903667243422646,-9.899629943398564,-0.07754337354203769,-0.07134460394335743,-0.07835779828531625,-0.08066006962147053,2.7069762010543794,2.692433559274039,1.1587021981493404,1.1717119801967704,0.7963476920013921,0.7991255112613012
18249.0,-9.899,-0.055,-0.101,-9.885,-0.065,-0.093,2.66,1.19,0.91,-9.903328585893105,-9.898448619263524,-0.081436853607963,-0.07155453661568154,-0.08314513132550812,-0.0855981232022569,-9.902530525316308,-9.89899013883574,-0.07835090585992317,-0.07106713830718367,-0.07889571795713221,-0.08119972610174668,2.709920302020253,2.691015157394632,1.1552182621519567,1.1725117617267702,0.7952623913974666,0.8039743341079236
,-9.904,-0.098,-0.074,-9.895,-0.089,-0.069,2.8,1.19,0.77,-9.904728844075041,-9.89869139523527,-0.08227800227702187,-0.07271106386109327,-0.08385384895942617,-0.08509090783287124,-9.901091736268913,-9.898815639935515,-0.0789708958140971,-0.07185138787144885,-0.07959729363561885,-0.08066620111040176,2.7121503631684445,2.695781341218991,1.1517933102754379,1.1732765667802236,0.7953162850330379,0.8024885502337853
,-9.923,-0.115,-0.079,-9.873,-0.108,-0.057,2.8,1.19,0.77,-9.905942511205708,-9.899754472228848,-0.0825621609881301,-0.07456046638860292,-0.08457749759693622,-0.08482453697161477,-9.899454407125454,-9.897686656468322,-0.07938901857658334,-0.07343225844281803,-0.08038440352785974,-0.07963121805936538,2.713538771589839,2.700339087725788,1.148711939924785,1.1740079249672375,0.7965257646753876,0.8010677434601146
,-9.919,-0.084,-0.101,-9.897,-0.077,-0.117,2.8,1.12,0.77,-9.90686810796446,-9.900596128012912,-0.08222776009939846,-0.07497328115561638,-0.08523769009927228,-0.0855319310311407,-9.89773391464251,-9.89765662723789,-0.07960141086058427,-0.07358828483779946,-0.0811728829774195,-0.08126544975400912,2.7140535784922553,2.704697512408037,1.1462560342910941,1.1716460213096975,0.7988054130048818,0.7997090721733641
18324.0,-9.902,-0.077,-0.12,-9.935,-0.055,-0.077,2.66,1.12,0.77,-9.907419069450418,-9.900657522898626,-0.08126067819580499,-0.07506191471549226,-0.08576617469651737,-0.08703930718409005,-9.896049227276466,-9.899289747724655,-0.07961421128531498,-0.07277537195561731,-0.08188253900598406,-0.08107891080845328,2.713754790432075,2.702742776726125,1.1446703916523977,1.169387409694777,0.8019699096195025,0.7984098190309603
,-9.914,-0.096,-0.077,-9.89,-0.093,-0.065,2.66,1.12,0.77,-9.907533877452419,-9.90124102329205,-0.07969988091873953,-0.07597759033616022,-0.08611137321653009,-0.08660026279622189,-9.894515146212136,-9.8988834834747,-0.07944232323188548,-0.07365984628006862,-0.08244656309461179,-0.08037573922260206,2.712776905000661,2.700873526597665,1.1441298955133308,1.1672275728992458,0.8057457017721662,0.7971673855266185
,-9.914,-0.103,-0.084,-9.897,-0.05,-0.129,2.66,1.05,0.84,-9.907183578377209,-9.901799005732057,-0.07763788762413688,-0.07715934890694934,-0.08624206245567687,-0.086486546703395,-9.893234741252519,-9.898801113961142,-0.0791078819843822,-0.07262514114189439,-0.08281922346155358,-0.08250220157872822,2.7113014775177664,2.699086023522401,1.144713604736014,1.1621009135550249,0.8097925592516243,0.7990405644878182
,-9.916,-0.065,-0.081,-9.919,-0.077,-0.072,2.73,1.12,0.84,-9.906375741155694,-9.902420051260515,-0.07521559707717407,-0.07662758971283012,-0.08614796293452495,-0.08624660608849684,-9.89229175845006,-9.899684462522345,-0.07863901081905171,-0.07281646482530658,-0.08298089419620627,-0.08204291364392849,2.709525826848935,2.7004379701886694,1.1463908382856256,1.1602597337324023,0.8137334305936625,0.8008318245779936
18400.0,-9.931,-0.072,-0.091,-9.852,-0.096,-0.098,2.66,1.12,0.84,-9.905154319227286,-9.903669924968884,-0.07261167974622312,-0.0764252134675854,-0.08583770548355972,-0.08645448407070257,-9.891743324815174,-9.897599099929582,-0.07806914792440131,-0.0738303396697305,-0.0829398190225098,-0.08274075753722657,2.7076339447499285,2.698669515100827,1.1490226178415657,1.1584990733772447,0.817189404224668,0.8025447483173249
,-9.895,-0.079,-0.069,-9.88,-0.093,-0.034,2.73,1.12,0.77,-9.903595305065172,-9.903290767141455,-0.0700274253272536,-0.07653781541872469,-0.08533505534586357,-0.08569115517421053,-9.891613924966714,-9.896829446614476,-0.077436713500241,-0.0746686775780158,-0.08273048574173122,-0.08060920048206693,2.7057738952922157,2.7000396767376746,1.1523790259333537,1.1568154111688413,0.8198157786661892,0.8011214838588026
,-9.904,-0.067,-0.105,-9.878,-0.081,-0.112,2.73,1.26,0.84,-9.90179864086095,-9.903321783694741,-0.06766853798277557,-0.07612070253878914,-0.0846743189127748,-0.08653557997380375,-9.891892011842641,-9.896005987115611,-0.07678447734760875,-0.07494556237954486,-0.08240901389303976,-0.08198199983030126,2.70404390499023,2.7013499177279976,1.1561697877947883,1.1613279351717525,0.8213354447000574,0.8028217400624862
,-9.868,-0.053,-0.057,-9.861,-0.069,-0.098,2.52,1.26,0.84,-9.89987753929534,-9.901777072429681,-0.06572575417297369,-0.0751095755250335,-0.08389571886641818,-0.08524391408569545,-9.892530490190886,-9.894475086436604,-0.07615795898715069,-0.07468554784392073,-0.08204626258155485,-0.08268250763929852,2.7024878397759693,2.6934190254703116,1.1600826062734542,1.165643115045007,0.8215664431805524,0.8044476397462947
18476.0,-9.885,-0.041,-0.062,-9.931,-0.077,-0.077,2.8,1.05,0.91,-9.897946914672728,-9.901043368463855,-0.06435632493490477,-0.07361787720041565,-0.08304134781839272,-0.08422739871822199,-9.893451611320932,-9.896072413624957,-0.07560258560081398,-0.07478676471192595,-0.08171931084783089,-0.0824339971552279,2.7010997924704285,2.69808008204152,1.1638224548651712,1.1605857480648867,0.8204410128979698,0.8090637124040841
,-9.916,-0.065,-0.112,-9.878,-0.074,-0.086,2.73,1.19,0.84,-9.896112717743412,-9.90169745992823,-0.06366838941042219,-0.0732409955540232,-0.08215208628796505,-0.08544196507281948,-9.894555768996533,-9.895282061100447,-0.07515987263840014,-0.07475235749387696,-0.08150183262099576,-0.08258994751190193,2.6998364401966928,2.6994760210823228,1.1671456995492457,1.1618721079698726,0.8180137398689353,0.8104166347921935
,-9.876,-0.079,-0.096,-9.921,-0.062,-0.084,2.73,1.26,0.77,-9.894463527967504,-9.900573644772754,-0.0637099904639752,-0.07349285143763645,-0.0812655159743886,-0.08590369474167957,-9.895732724814541,-9.896406771853325,-0.0748632496888448,-0.07419466452890344,-0.0814540386663645,-0.0826516126866144,2.6986343268298447,2.70081091216529,1.1698849405539928,1.1661634897852866,0.8144573025098497,0.8086491127553989
,-9.899,-0.022,-0.065,-9.907,-0.081,-0.074,2.73,1.26,0.77,-9.893065053792114,-9.900504825292156,-0.06446394112095723,-0.07124093833004165,-0.08041445453550806,-0.08498952310674962,-9.896873287546814,-9.896870040611011,-0.07473422957034644,-0.07449227912434885,-0.08161325908763109,-0.0822732557017732,2.69742797709972,2.702087425072588,1.171962399446212,1.1702671985802713,0.8100461453512151,0.806958888944115
18552.0,-9.897,-0.053,-0.103,-9.914,-0.081,-0.055,2.66,1.05,0.77,-9.891957608939492,-9.900351550385157,-0.06584913299351022,-0.07044321579238032,-0.07962557934794402,-0.0857771669807554,-9.897879533842492,-9.897619177219369,-0.07477950016774249,-0.07477687827804294,-0.08198660043685961,-0.08108052699697442,2.69616485504233,2.700246835135543,1.1733910102294243,1.1650076086889516,0.8051304521151809,0.8053425829107195
,-9.859,-0.086,-0.069,-9.916,-0.067,-0.053,2.73,1.19,0.91,-9.891156322895105,-9.898543142116205,-0.06772830644734794,-0.07112355345656252,-0.07891785959529103,-0.08504345887997122,-9.898672171030206,-9.89842301725915,-0.07498932933338698,-0.07443677564939546,-0.0825472177968671,-0.07985249426918421,2.6948146727114373,2.7015480165632573,1.1742639168389724,1.1661005894039864,0.8001037643910835,0.809919517432122
,-9.919,-0.069,-0.069,-9.878,-0.065,-0.091,2.73,1.26,0.84,-9.890653685593088,-9.899437772441047,-0.06992166768979313,-0.07103068507328211,-0.07830098288181457,-0.08434183769694699,-9.899194438163304,-9.897529866870727,-0.07533752100968956,-0.0740240814950614,-0.08323546713759973,-0.08034000299265459,2.6933723831448093,2.702792294024098,1.1747350919973911,1.1702070489923175,0.7953671575670788,0.8112350132939004
,-9.892,-0.057,-0.084,-9.873,-0.069,-0.053,2.66,1.05,0.7,-9.890423857358877,-9.89911249977147,-0.0722250155786894,-0.07041708759823599,-0.07777435116394688,-0.084326888266707,-9.899412840037153,-9.896457113523581,-0.07578308154830486,-0.07380436565768822,-0.08396545652257702,-0.07914435525938807,2.6918555478947357,2.700920878378499,1.1749952682581488,1.1649500895951683,0.7912921466861634,0.8063704237932899
18627.0,-9.899,-0.065,-0.05,-9.904,-0.091,-0.105,2.66,1.12,0.84,-9.890427981873527,-9.899107579870883,-0.0744304663380793,-0.07018018460632786,-0.07732739640344509,-0.08282568630424897,-9.899315722461221,-9.896786983096758,-0.07627365209376111,-0.0745563743984696,-0.08463639839368678,-0.0802750882382602,2.690297696999502,2.6991313044896565,1.1752476883028684,1.1629843080716977,0.7881847955615015,0.8078411305292428
,-9.871,-0.101,-0.036,-9.895,-0.06,-0.105,2.66,1.12,0.7,-9.89061966802529,-9.897878364052243,-0.07634756650384109,-0.07152801336936923,-0.07694188709614527,-0.08077788017550178,-9.898910896283457,-9.896708833789694,-0.07675053047233715,-0.07391978719477452,-0.08514700854559366,-0.08135637139360885,2.688740024488128,2.6974199932097935,1.1756876569185843,1.1611044951643705,0.7862548101611372,0.8031249641372774
,-9.909,-0.124,-0.093,-9.923,-0.081,-0.141,2.66,1.19,0.7,-9.890949962866399,-9.89836474142443,-0.07782241203594899,-0.0738227465444812,-0.076596497148382,-0.08131238450118891,-9.898223140485799,-9.897858613228003,-0.07715480163190401,-0.07422942287381548,-0.08541036978616025,-0.08396473867748157,2.6872240286086133,2.69578352191635,1.1764884981678385,1.1623681689418603,0.7855944028885427,0.7986150476735866
,-9.902,-0.091,-0.124,-9.883,-0.086,-0.077,2.73,1.33,0.7,-9.891371405454924,-9.898523720510017,-0.07875233188422576,-0.07457395144242338,-0.07627313440895211,-0.08317922228915182,-9.897291817324204,-9.897208808353062,-0.07743385775144657,-0.07474418009106752,-0.08536649085122178,-0.08366015297517708,2.6857870940879627,2.697279895361228,1.1777939801495736,1.1696991344462107,0.7861713057244989,0.794302361305243
18703.0,-9.885,-0.065,-0.089,-9.897,-0.089,-0.072,2.66,1.26,0.84,-9.891840957123819,-9.897932293882247,-0.07909408359768613,-0.07415525824244044,-0.07596357051972884,-0.08343377967444889,-9.896168478739513,-9.897199676633724,-0.07754746057795285,-0.07536762328397976,-0.08499043426587512,-0.0831502248863595,2.6844616673800994,2.6956495509023393,1.179714413872942,1.173648220524965,0.7878382212352184,0.7963008350484865
,-9.885,-0.093,-0.074,-9.876,-0.079,-0.081,2.73,1.19,0.91,-9.892321774090432,-9.897366731842244,-0.07886454861278075,-0.07497938663673773,-0.07567435269969042,-0.0830212165417045,-9.894914363948882,-9.896272560959307,-0.07747247547355571,-0.07552647633853307,-0.08429517297069727,-0.08305619009374884,2.683277320452105,2.697151783239744,1.18232244496112,1.174363325350281,0.7903575759170521,0.8012731881563152
,-9.885,-0.081,-0.084,-9.916,-0.067,-0.065,2.66,1.05,0.77,-9.892784013771555,-9.896825903265924,-0.07813424884123939,-0.0752426833423962,-0.07542831312637437,-0.08306402122697042,-9.89359783440224,-9.897135291946517,-0.07720554521416685,-0.07515359188385116,-0.08332961853965391,-0.08226654706544265,2.6822642964053522,2.69552704144914,1.1856463024789985,1.168924601437321,0.7934368449218413,0.79990553225148
,-9.892,-0.077,-0.093,-9.878,-0.101,-0.103,2.66,1.12,0.77,-9.893205045830648,-9.896614854265586,-0.07701506346663256,-0.0753195352607687,-0.07526204825222496,-0.08349854680112448,-9.892291783801145,-9.896298457054897,-0.07676328358052834,-0.07628392092168843,-0.08217291726726902,-0.08317327359398956,2.681457196507346,2.693973353741434,1.1896619661930024,1.1667850044217238,0.796767742044819,0.7985976874111478
18778.0,-9.909,-0.079,-0.06,-9.911,-0.074,-0.103,2.66,1.12,0.84,-9.893569396134184,-9.897156488128154,-0.07564411654002536,-0.07548049132664812,-0.07521988126174499,-0.08247089569862202,-9.891070887748398,-9.896941392847646,-0.07617993191187428,-0.07618403926206642,-0.08092606686373542,-0.08404034666972444,2.6808979120573087,2.692487612741211,1.194288598800021,1.1647389774149701,0.8000630469002179,0.8004083156401262
,-9.883,-0.048,-0.057,-9.899,-0.089,-0.06,2.73,1.26,0.84,-9.893868512742422,-9.896537388966168,-0.07416612207692073,-0.07427869968190745,-0.07534564891148521,-0.08135698877203874,-9.890008425006172,-9.897031420964177,-0.07550274001898884,-0.0767445137583589,-0.07970161449231783,-0.08298900128361311,2.6806371713243924,2.6941281246609585,1.1993913786739265,1.168904983752023,0.8030866857404524,0.8021397605003848
,-9.902,-0.029,-0.057,-9.883,-0.067,-0.084,2.73,1.33,0.84,-9.894100224871147,-9.896776282813475,-0.07271664085899715,-0.07229854720516948,-0.07567413515277857,-0.08029179582299954,-9.889172478954837,-9.896417791306755,-0.07478566700185656,-0.07631836143532893,-0.07861213627427871,-0.08303321482389356,2.6807338866571864,2.695696892830028,1.2047927140100212,1.175950077751068,0.8056743216742314,0.8037954848816442
,-9.914,-0.077,-0.053,-9.871,-0.038,-0.077,2.73,1.19,0.77,-9.894267729300092,-9.897529519688321,-0.07140857814943813,-0.07250415367049097,-0.07622405691182498,-0.07909825631163557,-9.88862162083336,-9.895306206770034,-0.0740824079285515,-0.0746426022188816,-0.07775847297051225,-0.08276936702437296,2.6812512170083496,2.6971970547847577,1.2102890923332996,1.1765645165166387,0.8077428621913477,0.8023175225381786
18854.0,-9.887,-0.05,-0.089,-9.892,-0.06,-0.06,2.59,1.26,0.84,-9.894378080449163,-9.897069037063241,-0.07032360325954994,-0.0715199899038508,-0.0769940592916118,-0.07953128469863172,-9.888400540488053,-9.895161617955198,-0.0734400915815134,-0.07400224405371121,-0.07721903719978769,-0.08177360480452538,2.6822486938360828,2.6925090554600803,1.215669098869211,1.180213362009731,0.8092885606239951,0.8039654729342776
,-9.864,-0.105,-0.079,-9.895,-0.089,-0.048,2.66,1.19,0.84,-9.894440421017876,-9.895622844126956,-0.06950901286549224,-0.0729841557341163,-0.07796226424917793,-0.07950805027009823,-9.88853629240111,-9.895154549991751,-0.07289496094265506,-0.07465813399293626,-0.07704162385174043,-0.08029659933237457,2.6837711734194336,2.6910873519408116,1.2207292376147254,1.1806413565323546,0.8103748691165504,0.8055413542762452
,-9.88,-0.074,-0.096,-9.887,-0.057,-0.065,2.73,1.19,0.77,-9.894464477822126,-9.894939617494808,-0.06897929440312131,-0.07302858118257664,-0.07908889490321142,-0.08022928509648067,-9.889035738739462,-9.894797930820348,-0.0724707866489778,-0.0738858989683811,-0.07723894547883255,-0.07962764021326424,2.6858369433586846,2.6927891008199127,1.2252868404416979,1.1810506337680426,0.811112436608563,0.803987040632277
,-9.921,-0.065,-0.105,-9.861,-0.096,-0.101,2.66,1.05,0.77,-9.894459930059748,-9.896079304175851,-0.06872081943504679,-0.07267747094696793,-0.08032079865088952,-0.08131257133949028,-9.88988452791579,-9.893319861509774,-0.07217990606067232,-0.07485300474297761,-0.07778855080545952,-0.08056230776031728,2.6884278460202933,2.691355150206165,1.2291915909462363,1.1753194568822902,0.8116344472592935,0.8025007010695733
18930.0,-9.904,-0.089,-0.067,-9.899,-0.072,-0.098,2.66,1.33,0.84,-9.894436926266776,-9.89642569631087,-0.06869797568600815,-0.0733912965770777,-0.08159656831963581,-0.08068664626245665,-9.89104773583685,-9.893568268384941,-0.07202608546284282,-0.07472823560323552,-0.07863692179029355,-0.08132490230741289,2.691483611566798,2.6899839098928298,1.2323377191105391,1.1820840296882558,0.8120709367599452,0.8041406406034971
,-9.873,-0.074,-0.084,-9.916,-0.053,-0.081,2.66,1.26,0.77,-9.894407464529658,-9.895401231145236,-0.06885947008206894,-0.07341791672295128,-0.082851377866544,-0.08083154763232367,-9.892472091048992,-9.894549264951255,-0.07200814293948002,-0.07377800470333878,-0.07970671715084872,-0.0813106935047476,2.6949015477986524,2.6886726373992804,1.2346773793265848,1.1854914928591094,0.8125256552170532,0.8026475837241396
,-9.899,-0.053,-0.048,-9.904,-0.089,-0.057,2.73,1.33,0.84,-9.894387013481609,-9.895558614442702,-0.0691441558495336,-0.07252498939392428,-0.08402131711003627,-0.07939574071171848,-9.894089410279296,-9.894962569585559,-0.07212336854637975,-0.07444370119858557,-0.0809058027865075,-0.08024752516526723,2.6985418401579477,2.6904799878750176,1.2362328479612674,1.1918112167101695,0.8130583285903801,0.8042810997067186
,-9.911,-0.055,-0.11,-9.871,-0.098,-0.069,2.73,1.26,0.84,-9.894395793588656,-9.896233905430968,-0.06948631100796164,-0.0717585771206705,-0.08504750747770623,-0.08073414265908352,-9.895820644809062,-9.893914625588774,-0.07236999011831498,-0.07547387794266373,-0.08213696977759632,-0.07975564233802968,2.702237755776914,2.692208298326505,1.2371028462075666,1.1947932853001617,0.8136741445402151,0.8058431778887111
19006.0,-9.895,-0.062,-0.074,-9.907,-0.069,-0.108,2.66,1.19,0.7,-9.894459300458978,-9.896179943614213,-0.0698206782447334,-0.0713318097711069,-0.08588030884253936,-0.08043964150602988,-9.897580036968787,-9.894486882228904,-0.07274811261360924,-0.07519075882633922,-0.08330763958390297,-0.0809908397966831,2.7058089689570655,2.690799747680157,1.2374582338978541,1.194583662766266,0.8143214850703804,0.8012143870375044
,-9.878,-0.077,-0.103,-9.902,-0.077,-0.103,2.8,1.47,0.84,-9.894607751219485,-9.895384888530309,-0.07008760577905808,-0.07157969411847585,-0.08648355130768642,-0.08142626325227631,-9.899279234926667,-9.894815449941028,-0.07325880758207466,-0.0752698815356089,-0.08433891579809465,-0.08195335624246644,2.709075531841845,2.695575351918146,1.2375245242273898,1.206628318335856,0.8148984903245541,0.8029105803493493
,-9.907,-0.084,-0.081,-9.902,-0.067,-0.081,2.73,1.19,0.77,-9.894874254183668,-9.895892846839754,-0.07023826615682105,-0.0721228656235306,-0.08683830529785688,-0.08140762167818812,-9.90083147236672,-9.895129648553034,-0.07390150284385481,-0.0749082186230229,-0.08517311593656245,-0.08191166355389554,2.711870071726193,2.697080829165483,1.2375518401089367,1.2059011197641645,0.8152685602820948,0.8014713171274046
,-9.916,-0.057,-0.101,-9.899,-0.053,-0.074,2.73,1.05,0.77,-9.89529167686205,-9.896772183689313,-0.07023942232447279,-0.07146150432052976,-0.08694554037688147,-0.0822644461173101,-9.902155954476408,-9.89529890884667,-0.07467041226084571,-0.07395011660878528,-0.08577886381373429,-0.08156566642298359,2.714046541854074,2.698520468071151,1.2377762289523215,1.1990831680430247,0.8152838174232203,0.8000949965397147
19082.0,-9.909,-0.091,-0.062,-9.88,-0.074,-0.098,2.59,1.05,0.91,-9.895888338062324,-9.897306937136802,-0.07007690461219704,-0.07231597233492146,-0.08682713859597702,-0.0813782304474518,-9.903182557046934,-9.894629848726636,-0.0755511297579168,-0.07395229813611173,-0.08615316822753637,-0.08228438154874217,2.715485153823691,2.6937745925239844,1.238379385811822,1.192563382657971,0.8148137640619763,0.8049014213340809
,-9.878,-0.072,-0.11,-9.904,-0.077,-0.081,2.8,1.4,0.91,-9.896682849414281,-9.896462595765291,-0.06975698697671441,-0.07230215406262187,-0.08652495675867933,-0.08262993308613752,-9.903856921754148,-9.895039629227881,-0.07651847733210147,-0.07408558187518847,-0.08632039080776441,-0.0822282122832225,2.7160946558562404,2.698420099245331,1.2394554946541294,1.2016351125106746,0.8137744448107722,0.8094976489711153
,-9.887,-0.108,-0.081,-9.887,-0.067,-0.11,2.66,1.26,0.77,-9.897678845667633,-9.896048772431744,-0.06930511010924452,-0.07386331148418439,-0.08609781100433371,-0.08255865197470749,-9.904145877353448,-9.894688035833205,-0.07753628787602049,-0.0737757113930887,-0.08632828471513443,-0.08344274305855728,2.7158140790556557,2.696739890776192,1.2409922136374298,1.204187557199423,0.8121523105537375,0.8077703165171153
,-9.856,-0.038,-0.112,-9.931,-0.081,-0.093,2.73,1.33,0.91,-9.898860851952973,-9.894297337949787,-0.06876182330037346,-0.07229491783422697,-0.0856163440084457,-0.08384619686050028,-9.904042703896787,-9.896276050203875,-0.07855923984787742,-0.07409164787267275,-0.08624138931866669,-0.08386070616563346,2.7146158521686727,2.698194439783093,1.2428683765024149,1.2096896546970586,0.810017526524366,0.8122410800851261
19157.0,-9.895,-0.062,-0.096,-9.94,-0.084,-0.089,2.66,0.98,0.77,-9.900192706451893,-9.894328067144945,-0.06817642524825167,-0.07184469494376255,-0.08515585017663586,-0.08437771352413102,-9.903571194049515,-9.898188209521386,-0.07953636180592735,-0.07452496526348022,-0.0861322527155998,-0.08408546053107013,2.712511179152697,2.6965240999750724,1.2448671627233032,1.1996447430316468,0.8075237463960306,0.8103937704243305
,-9.919,-0.055,-0.081,-9.923,-0.086,-0.053,2.66,1.19,0.77,-9.901619457230808,-9.895407033398218,-0.06759945153341956,-0.07110803367373683,-0.08478746602234503,-0.08422999753741968,-9.902787103331434,-9.899273292103565,-0.08041548169787767,-0.07502679766180002,-0.08607137176722778,-0.08272601443183211,2.709557527137581,2.6949268083670015,1.2467025135425618,1.1992229539357633,0.8048944160743235,0.8086272483043836
,-9.926,-0.05,-0.045,-9.876,-0.108,-0.079,2.8,1.4,0.84,-9.903072606176133,-9.896744941487736,-0.06707553492998107,-0.07018492577859514,-0.08456873189495738,-0.08251437016004634,-9.901775811476652,-9.898255491960795,-0.08114772274050401,-0.07646879950228261,-0.08611725164917453,-0.08256306636226769,2.705867068363545,2.6995219257646412,1.248056760475453,1.2080034438312162,0.8023982627542885,0.8099992583755338
,-9.902,-0.089,-0.062,-9.89,-0.069,-0.079,2.73,1.26,0.77,-9.904477531033578,-9.896974758536405,-0.06663799705374174,-0.07100775673622554,-0.08453516354406766,-0.08161722467736882,-9.900645918647884,-9.897894458340843,-0.0816911962894975,-0.07614216994055485,-0.08630824692209034,-0.08240724442542781,2.7016137006576284,2.7008548093193223,1.2486259273352895,1.2102773852253548,0.8003181336980607,0.8082499892689466
19233.0,-9.88,-0.055,-0.084,-9.907,-0.074,-0.084,2.73,1.33,0.77,-9.905761447448823,-9.896232409255308,-0.06630593998762638,-0.07030769689857694,-0.08469468960954107,-0.08172142949088522,-9.899519620206458,-9.89829266679195,-0.08201336210219609,-0.07604848741117165,-0.08665758669872521,-0.08247689966990224,2.6970352026568607,2.7021294024926417,1.248166062827374,1.2155131590844324,0.7989177765532237,0.8065772201408975
,-9.957,-0.045,-0.086,-9.895,-0.084,-0.081,2.73,1.26,0.77,-9.90686046875328,-9.898889930256658,-0.06608396765851783,-0.06920092706979859,-0.08502629639603622,-0.08190854224036877,-9.898521391115398,-9.898148670114727,-0.08209201917528579,-0.07639622724153769,-0.08715229213098356,-0.08241231109823839,2.6924270874857057,2.7033482544709466,1.2465320738090082,1.2174586815671906,0.7984108684681169,0.8049776054531301
,-9.909,-0.074,-0.086,-9.887,-0.074,-0.091,2.73,1.4,0.84,-9.907724788108652,-9.899332069270873,-0.06596423311410059,-0.06941080271144785,-0.08548314295627002,-0.08208747207433306,-9.897766545738886,-9.897661110469793,-0.08191529301648255,-0.0762914341414599,-0.08775591080867474,-0.08278787253369793,2.688126234756362,2.704513802958193,1.2437016673567252,1.22544167680206,0.7989359365793236,0.8065092236707573
,-9.909,-0.077,-0.117,-9.887,-0.084,-0.103,2.59,1.19,0.77,-9.908321435139994,-9.89975487242363,-0.06593022800898021,-0.06974269757399808,-0.08599932618913037,-0.08361428554571941,-9.897350927719403,-9.897194873045798,-0.08148108705138428,-0.07662854929459195,-0.08841439180042211,-0.08367180017613715,2.6844848581335907,2.69950582366238,1.2397804203201725,1.2238917223070684,0.8005398592557095,0.8049125826412377
19309.0,-9.895,-0.079,-0.079,-9.902,-0.089,-0.079,2.66,1.19,0.77,-9.908634539730725,-9.899546929782336,-0.0659614489391747,-0.07014754290868168,-0.0864988628551719,-0.08341249112547497,-9.89734264691327,-9.897405013445285,-0.08079630548330288,-0.07716958423877662,-0.08906407861269489,-0.08346749049510407,2.6818378367467304,2.6977781337083795,1.2349881952059636,1.222409551256691,0.8031715709014152,0.8033857667770005
,-9.899,-0.067,-0.074,-9.904,-0.084,-0.074,2.73,1.19,0.77,-9.90866366047829,-9.899523011154576,-0.0660378544817156,-0.07000989286727036,-0.0869054271974298,-0.08300085899501804,-9.897776446120021,-9.897693428948648,-0.0798759380966031,-0.0774682956589754,-0.08964068787666846,-0.08305345310259776,2.6804680362280036,2.699187277716284,1.22963114102971,1.220992199308827,0.8066867153663835,0.8019257224463173
,-9.892,-0.086,-0.079,-9.895,-0.079,-0.108,2.66,1.12,0.77,-9.908421236662322,-9.899194010779677,-0.06614309577776656,-0.07070918084295469,-0.08715174736992562,-0.08282589127501458,-9.898650918885153,-9.897575638463474,-0.07874199895419016,-0.07753528097802867,-0.09008819061725043,-0.0841444289250481,2.680574461822389,2.697473518585133,1.224066328009312,1.2165755540650924,0.8108632143495662,0.8005295295605268
,-9.902,-0.048,-0.093,-9.902,-0.067,-0.105,2.66,1.19,0.84,-9.907930263699733,-9.899316723811266,-0.06626592503459658,-0.06971605071760271,-0.08718795470300829,-0.08327083087645881,-9.899928520685217,-9.897769127024675,-0.07742239046427353,-0.07707454639712573,-0.09036655851388704,-0.08505649598987047,2.6822472373399453,2.6958347064911523,1.2186665892574677,1.2154133376239762,0.8154265417861352,0.8022556734283457
19385.0,-9.904,-0.062,-0.112,-9.892,-0.06,-0.098,2.59,1.19,0.84,-9.907222843793853,-9.899521535367462,-0.06639977278299482,-0.0693786082325836,-0.08698828153508156,-0.08452723037101709,-9.901538222964238,-9.897516828455,-0.07594994848989053,-0.0763278331395682,-0.09045730921233819,-0.08562254827722375,2.685452427854417,2.6912062861156656,1.213791197160185,1.2143019478581079,0.8200817329916773,0.8039063286430213
,-9.931,-0.067,-0.091,-9.89,-0.077,-0.11,2.66,1.33,0.91,-9.906339558856818,-9.900898168533695,-0.06654097891078087,-0.06927458565649311,-0.08655534803963903,-0.0848103010179709,-9.903380682766107,-9.897188098465248,-0.07436202634334578,-0.07635722870266555,-0.09036586033226762,-0.08668863612304376,2.690028976230058,2.6898415560068982,1.2097645115370708,1.2193617173769324,0.8245473331016155,0.8085460742094711
,-9.94,-0.079,-0.093,-9.892,-0.077,-0.089,2.73,1.19,0.84,-9.905328963237096,-9.90260819088343,-0.06668638574747263,-0.06969990271362789,-0.08592122482965835,-0.08516845734394603,-9.905335759922064,-9.896961209749414,-0.0727008275511931,-0.07638533872316823,-0.09012010566490938,-0.08678971793276336,2.6956988384348732,2.6915977867046332,1.2068611861825778,1.2180776549415342,0.8285855052525208,0.8099216342298516
,-9.895,-0.065,-0.086,-9.931,-0.065,-0.091,2.8,1.26,0.91,-9.904246224431144,-9.902275465382761,-0.0668309550740556,-0.06949436403729226,-0.08514478708342858,-0.08520482281516022,-9.907271969019742,-9.898449812454292,-0.07101431653117965,-0.07588742895920496,-0.08976534335711449,-0.08697384425533386,2.7020892704695156,2.6963384906702657,1.2052943899759496,1.2199110255105075,0.8320230331703321,0.8142983152131802
19460.0,-9.878,-0.055,-0.086,-9.95,-0.084,-0.065,2.66,1.33,0.84,-9.90315026938836,-9.901213837658482,-0.06696595281069072,-0.06886048870410431,-0.08430550730215447,-0.08523959793200474,-9.909057023993077,-9.90070423301544,-0.06935712832890238,-0.07624221228452122,-0.08935648265479977,-0.0860128722656051,2.70876388312441,2.694749316228262,1.2052035784716288,1.22472549582499,0.8347599778495965,0.8154223151324468
,-9.895,-0.045,-0.072,-9.871,-0.081,-0.072,2.73,1.12,0.77,-9.902099575127663,-9.900942090763895,-0.06707823206576098,-0.06781700896339768,-0.08349447262485796,-0.0846605967058156,-9.910568278984583,-9.899405191501696,-0.06779067069075552,-0.07645028241892844,-0.08894905871941396,-0.08540005378985638,2.7152579584110947,2.696290918113203,1.206640340925333,1.2201455840476576,0.836765690222681,0.81343588198749
,-9.895,-0.065,-0.072,-9.909,-0.077,-0.091,2.73,1.12,0.84,-9.901147424412788,-9.900682228050835,-0.067151151516664,-0.06769381401047164,-0.08280383748173609,-0.0841069166730381,-9.911701932170063,-9.899824796833679,-0.06638164297063866,-0.07647432296420276,-0.08859076389523485,-0.08564495365304847,2.721114124010542,2.6977651018343707,1.2095538213636179,1.2157659634384206,0.8380648411338001,0.8145975983009964
,-9.914,-0.05,-0.101,-9.909,-0.074,-0.101,2.73,1.19,0.77,-9.900337536600494,-9.901264648025238,-0.06716743522626382,-0.06692001860817619,-0.08231606399818206,-0.08484569408989469,-9.912380327133546,-9.900226051759327,-0.0651984955625974,-0.07636611453992741,-0.08831487036583416,-0.08631646880847357,2.7259158943003357,2.699174815759207,1.2137800497003914,1.2146391524505487,0.8387181582312592,0.8126472321166166
19536.0,-9.899,-0.098,-0.074,-9.94,-0.045,-0.072,2.66,1.19,0.84,-9.899700530446978,-9.901165609218301,-0.06711370442429046,-0.06827922509074622,-0.08209419328927302,-0.08437138435562842,-9.912557093400073,-9.90196546748177,-0.06430590111550692,-0.07499439472844391,-0.08813625726563322,-0.0856903732852276,2.7293176609920375,2.6974616016210735,1.2190408682113383,1.2135616197675778,0.8388029979942879,0.8138434380909583
,-9.923,-0.084,-0.065,-9.933,-0.045,-0.108,2.8,1.12,0.84,-9.899251155750132,-9.902120482553627,-0.06698569059800022,-0.06896673448460007,-0.08217416377121968,-0.08352422454363921,-9.912219885501088,-9.903322686369725,-0.06375796554658747,-0.0736826637064173,-0.08805014374079241,-0.08666602989428894,2.731070123338585,2.7019458660751585,1.2249571087559672,1.2094699326296539,0.8383977799801946,0.8149873309414819
,-9.914,-0.072,-0.093,-9.897,-0.067,-0.067,2.66,1.19,0.84,-9.898986051939165,-9.902640004007626,-0.0667926556720585,-0.06909938688551084,-0.08256000666148162,-0.0839386242585326,-9.911390378858831,-9.903046179244683,-0.06359138331660441,-0.0733904138586427,-0.08803332524812167,-0.08580598448493855,2.731040052279947,2.7001114668724173,1.2310777305221254,1.2086184630514774,0.8375724041624385,0.8160811984538885
,-9.876,-0.062,-0.057,-9.916,-0.067,-0.074,2.8,1.26,0.84,-9.898882058281867,-9.901474969006918,-0.0665596041358091,-0.06878891267526574,-0.08322261023250982,-0.08276052983620621,-9.91012142976763,-9.903612682709491,-0.06381977477475427,-0.07311094483858539,-0.08804766066960423,-0.08528967881400687,2.729222838013658,2.7044798459923975,1.2369229074058048,1.2108655080938922,0.8363849536564866,0.8171272283632028
19611.0,-9.868,-0.084,-0.074,-9.883,-0.067,-0.101,2.8,1.33,0.77,-9.898895675723189,-9.900011023636281,-0.06632645690223395,-0.06945413213721036,-0.08410251337301895,-0.08237740962792797,-9.908491929419728,-9.902711237769461,-0.06443004955492745,-0.07284369770820526,-0.08804553397299081,-0.08597673104000583,2.7257457539339156,2.7086571848043626,1.2420352550315505,1.2160755618469832,0.8348837997004088,0.8150662350347553
,-9.873,-0.069,-0.069,-9.876,-0.062,-0.081,2.8,1.4,0.84,-9.898964820602613,-9.89882976300538,-0.06614413658055923,-0.06943427178603903,-0.08511676383663269,-0.08179238154644212,-9.906600446159482,-9.90154308753552,-0.06538113545167476,-0.07236947528077807,-0.08797683444440778,-0.08575908595823101,2.7208598181108226,2.7126518379859363,1.2460301517079293,1.2241190444182564,0.8331136294359961,0.8161566518708655
,-9.887,-0.048,-0.11,-9.909,-0.069,-0.108,2.66,1.4,0.91,-9.899014038782502,-9.898312417439389,-0.06606817227267031,-0.0684968966700933,-0.08616925025367896,-0.08302597230624946,-9.904558827907929,-9.90186919724691,-0.06660511105819868,-0.07222211957336128,-0.08779666479125685,-0.08673173758767529,2.714919172476067,2.7103492394545055,1.2486347522797208,1.231810765078366,0.8311234175235558,0.8202606597052058
,-9.897,-0.057,-0.098,-9.954,-0.041,-0.077,2.66,1.19,0.84,-9.898963587725822,-9.898255022093203,-0.06615089114414846,-0.06799410819392196,-0.08716317031704379,-0.08368082454875701,-9.902486420287397,-9.904149009584964,-0.06801071826733866,-0.07085669702729588,-0.08747268763486221,-0.08630614399902152,2.7083492728744467,2.7081473394019837,1.2497071676961575,1.2299822741851676,0.828973664758991,0.8211239111644681
19687.0,-9.935,-0.079,-0.101,-9.907,-0.084,-0.098,2.66,1.19,0.91,-9.898741468452045,-9.899861973253925,-0.06643351968156715,-0.06847542378097765,-0.08801367440344258,-0.08443823605584015,-9.90050473971395,-9.904273690633032,-0.06948921927753655,-0.07143148703047075,-0.08699095667758866,-0.08681754600671229,2.701608096776008,2.7060417340282656,1.2492323948092419,1.2282337478403396,0.8267397973655203,0.8250106881405478
,-9.914,-0.048,-0.098,-9.876,-0.062,-0.101,2.66,1.26,0.84,-9.89829620335204,-9.900480265052808,-0.06693949859838466,-0.0675799815223219,-0.08865854809028652,-0.0850313264195569,-9.898731928535664,-9.903037210369092,-0.07092241584729606,-0.07101902416086739,-0.0863592620205823,-0.08743778072189455,2.695146413203977,2.7040282121226045,1.247297989741169,1.2296229666856804,0.8245093053335065,0.8256662087984202
,-9.935,-0.067,-0.101,-9.902,-0.069,-0.101,2.66,1.19,0.77,-9.897607505219163,-9.901989900690143,-0.06767004067952993,-0.06755461745807191,-0.08906518298268008,-0.08572967705159082,-9.89727655123823,-9.902991850526702,-0.0721923313356751,-0.07093072710903459,-0.08560733786323191,-0.0880308909985206,2.6893728653859736,2.7021027466411884,1.2440573351302178,1.2278901537699043,0.8223722543942853,0.8232317841794012
,-9.919,-0.043,-0.093,-9.885,-0.072,-0.093,2.66,1.19,0.7,-9.896692266250607,-9.902733795512976,-0.06860258855167455,-0.0664807817049135,-0.0892328403978829,-0.08604762672978641,-9.896231025936054,-9.902205021230987,-0.0731916842268834,-0.07097748912689793,-0.08478369837965748,-0.08824820274920217,2.6846275572458866,2.7002614866530545,1.2396900477434585,1.226233121161668,0.8204075192325361,0.8178425454342527
19763.0,-9.871,-0.089,-0.115,-9.878,-0.12,-0.055,2.8,1.19,0.84,-9.89560442822639,-9.901345996079186,-0.06969243692744997,-0.06746560428582866,-0.08919006390533195,-0.08731378750828075,-9.895665545417069,-9.901146474208286,-0.07383399200722858,-0.07312136797066418,-0.08394944184355879,-0.08679417444265992,2.6811651517511184,2.7046233050272037,1.234368158520687,1.224648554795755,0.818669130714071,0.8188115471689493
,-9.883,-0.077,-0.074,-9.914,-0.074,-0.084,2.66,1.12,0.84,-9.894428867918906,-9.900543679099467,-0.07087731925546058,-0.06788256761340321,-0.08898790989233378,-0.08673154178359137,-9.895623355513923,-9.90170859151974,-0.07406203043565543,-0.07315979277970802,-0.08317004370194912,-0.08667197810129101,2.6791462125811143,2.7026718146224304,1.228234504265908,1.2200720078449454,0.8171772976897321,0.8197381719979838
,-9.892,-0.065,-0.055,-9.909,-0.057,-0.077,2.66,1.19,0.77,-9.893270857508364,-9.90017004232438,-0.07208426979309587,-0.06775650561429226,-0.0886904175556226,-0.08534384091110805,-9.896117882103917,-9.902027463321769,-0.07385356846691225,-0.07245308401993554,-0.0825066754318284,-0.08624899794667584,2.6786344108104245,2.700805667846902,1.2213968969622908,1.2187568826043138,0.8159168474975763,0.817562995476526
,-9.873,-0.065,-0.079,-9.873,-0.045,-0.062,2.73,1.19,0.77,-9.892243424481489,-9.898981827402581,-0.07323776092484043,-0.06763595662640991,-0.08836433141162733,-0.08506640864427152,-9.897131780436666,-9.900758018664705,-0.07322387420138722,-0.07125249096629066,-0.08200866164103479,-0.08518852771056368,2.679597588509119,2.7020824101015557,1.213938045405108,1.2174992711288908,0.8148432873075601,0.8154829449460211
19839.0,-9.861,-0.067,-0.057,-9.895,-0.086,-0.067,2.66,1.4,0.91,-9.891454899732405,-9.897320785673674,-0.07426806701161875,-0.06760814462876576,-0.08807024802950202,-0.08383899334788435,-9.89861777448756,-9.900506205891809,-0.07222515841860135,-0.07189743697277864,-0.08170831655823302,-0.0843930972223361,2.6819119901935227,2.700242039481924,1.2059370875365625,1.2254804912791906,0.8138947366859262,0.8196164156943849
,-9.897,-0.115,-0.101,-9.914,-0.096,-0.096,2.66,1.33,0.84,-9.890998342000323,-9.897306756901852,-0.07511884146910977,-0.06968071076802826,-0.08785684685415437,-0.0845894877318713,-9.900501162081238,-9.901096323762058,-0.07094338548922688,-0.07295150323813909,-0.08161877712193132,-0.0849006965448412,2.6853702749476316,2.698482152941257,1.1974949597386635,1.2300513947175604,0.8130068261232992,0.8205078415796492
,-9.945,-0.093,-0.101,-9.892,-0.096,-0.072,2.59,1.19,0.84,-9.890943654318509,-9.899392503491482,-0.0757528516141025,-0.07070052248198763,-0.08775879716959706,-0.08530716109132201,-9.902683860294076,-9.900698518432991,-0.0694926306403526,-0.07395947250997582,-0.08173473141777716,-0.08433651633661142,2.68969467944276,2.6937379530119836,1.1887544478768364,1.2282998455563887,0.8121271003393913,0.8213602831480727
,-9.876,-0.093,-0.096,-9.933,-0.034,-0.122,2.66,1.12,0.77,-9.891332334909334,-9.8983694899321,-0.07615487092743532,-0.07167573524091099,-0.08779777892255701,-0.08577478608049191,-9.905049725150375,-9.902111144218992,-0.06800690284346875,-0.07221194334028572,-0.08203525944045625,-0.08598363608568936,2.694556732326451,2.6922625066832224,1.1799079698662192,1.2235636183918415,0.8112258389859125,0.8191141675883042
19915.0,-9.892,-0.041,-0.093,-9.873,-0.062,-0.084,2.73,1.19,0.77,-9.892174334444974,-9.898090935968467,-0.0763312223008479,-0.07033420746869629,-0.08798531827168013,-0.08609076302634472,-9.907470744696353,-9.900838039983869,-0.0666295904536308,-0.0717653491350715,-0.08248757919570787,-0.08589688664421646,2.6996038478089113,2.693912863062316,1.17119116329882,1.2220957961585663,0.8103016631277608,0.8169662803637123
,-9.866,-0.069,-0.089,-9.938,-0.072,-0.084,2.73,1.05,0.84,-9.893446699819368,-9.896687517875959,-0.07630640182572679,-0.0702758591892143,-0.08832603661692472,-0.08621799134427946,-9.909813740466662,-9.902463226830738,-0.06550129187489595,-0.07177561101305432,-0.08305053908612693,-0.085813930976032,2.704490810990734,2.6954910451675342,1.162865402474838,1.2145696101286316,0.8093819617333426,0.8179736033943361
,-9.871,-0.062,-0.081,-9.907,-0.081,-0.069,2.8,1.19,0.84,-9.895094261809634,-9.895564137511666,-0.07611808954429916,-0.0699139348586619,-0.0888202808566403,-0.08598979533696123,-9.911947369893293,-9.902661631437995,-0.06474720695254685,-0.07217901695949747,-0.08367722145908744,-0.08507861509240924,2.708911456179798,2.700061487057576,1.1551949666897092,1.2134951187079308,0.8085189176072318,0.8189368736317486
,-9.914,-0.081,-0.12,-9.883,-0.043,-0.081,2.8,1.12,0.84,-9.897032884561254,-9.896370384577583,-0.07581211396907175,-0.07039875662918794,-0.08946559016581253,-0.08747714792153184,-9.913749357996032,-9.901801778384304,-0.06446524140109149,-0.07090294447713738,-0.08431674424827565,-0.08490024690088359,2.712624225834708,2.7044320519217324,1.148424367994765,1.2094063398301576,0.8077816356227,0.8198580176164245
19990.0,-9.933,-0.055,-0.062,-9.94,-0.077,-0.081,2.8,1.12,0.84,-9.899155397014392,-9.897972290644017,-0.07543849997179031,-0.06972532991216242,-0.09025682598232974,-0.0863629675693695,-9.915113937447055,-9.903472283581465,-0.06471580024626519,-0.07116958419248304,-0.08491586110134332,-0.0847296792031597,2.7154658559570217,2.708611480889733,1.1427595197807887,1.2054963736320448,0.8072445448193986,0.8207388776363334
,-9.88,-0.093,-0.101,-9.887,-0.05,-0.081,2.66,1.19,0.77,-9.901339593183442,-9.897186316751625,-0.07504897204727354,-0.07074319031768343,-0.09118504453375044,-0.0870030821535608,-9.915959414319083,-9.902751908805676,-0.06551420954060315,-0.07024378453691103,-0.08542103412881503,-0.08456657086384213,2.717350273594849,2.706485577430536,1.1383543086855406,1.2048186778756842,0.8069727849375069,0.8185199377170265
,-9.907,-0.079,-0.103,-9.909,-0.048,-0.06,2.66,1.12,0.77,-9.903457237204773,-9.89761549403204,-0.07469560303789471,-0.07110428156494215,-0.09223539784326373,-0.08770266797904461,-9.916235551045459,-9.903025153694339,-0.06682674171879577,-0.06927100737342747,-0.08578137170998308,-0.08349221235790576,2.7182541172440158,2.7044526451262003,1.1353025008538185,1.2011093417805867,0.8070066919413966,0.8163980376731537
,-9.907,-0.091,-0.096,-9.945,-0.065,-0.124,2.66,1.19,0.77,-9.905383118741199,-9.89802590230052,-0.07442986977690749,-0.07197437183724305,-0.09338450687876258,-0.08806553137103768,-9.915930074003516,-9.904860820276125,-0.06857110993276652,-0.06908422537906649,-0.08595239575092543,-0.08526372074021736,2.718194535848267,2.702508618112117,1.133634048473205,1.2006235020635387,0.8073489301633767,0.8143689337046272
20066.0,-9.895,-0.079,-0.086,-9.923,-0.065,-0.084,2.59,1.12,0.77,-9.907003587250488,-9.897893571911686,-0.07430127167067824,-0.07228162039130615,-0.09459786186020067,-0.0879752004408459,-9.915073178022384,-9.905654092651625,-0.07062193110479965,-0.06890561183546363,-0.08590016267154808,-0.0852084550243018,2.7172072713954565,2.6975883306397694,1.133314806884011,1.1970976316561295,0.8079583196029937,0.8124285676035099
,-9.919,-0.081,-0.069,-9.95,-0.05,-0.093,2.66,1.05,0.7,-9.908224228218067,-9.8988166095905,-0.07435492340405743,-0.07266289726313724,-0.09582794241230298,-0.0871453667571601,-9.913738612936667,-9.907593451751731,-0.07282105724420093,-0.06807882143814137,-0.08560493869578105,-0.08554919906486905,2.715332441468787,2.6959444975231897,1.1342493177335524,1.1906646788175443,0.8087535144684099,0.8075117809431114
,-9.904,-0.038,-0.117,-9.916,-0.101,-0.091,2.73,1.05,0.77,-9.908976329466268,-9.899043292411108,-0.07462806204030606,-0.07114700077430892,-0.09701388254724749,-0.08845098565463774,-9.912040070196916,-9.90796109144659,-0.07499195130947008,-0.06951854814682257,-0.08506361258017715,-0.08578757642658065,2.7126121622044828,2.6974338310961445,1.136287181549926,1.1845130553365941,0.809627524385004,0.8058712955390874
,-9.909,-0.077,-0.067,-9.909,-0.074,-0.086,2.87,1.26,0.98,-9.909221667978848,-9.899478724508999,-0.07514595675744574,-0.07140296728824415,-0.09808343675090836,-0.08751287959879016,-9.9101223006832,-9.908006525554892,-0.07695658987470663,-0.06971453341249478,-0.08429037757142244,-0.08579686624868196,2.7090993869685702,2.7049805877202684,1.1392337302833733,1.187814291049782,0.8104709758300876,0.8134863858096065
20142.0,-9.935,-0.115,-0.101,-9.897,-0.101,-0.074,2.73,1.19,0.91,-9.908955061594224,-9.901032160056719,-0.07591796886323633,-0.07330957619947807,-0.09895763115565426,-0.08810270561089162,-9.90814751621098,-9.907525182252392,-0.07855286138836327,-0.07108272628429463,-0.08331573871963806,-0.08528095934136837,2.7048728826466566,2.706074750130856,1.1428645776348487,1.1879098776505812,0.81119861617958,0.8177071711572566
,-9.928,-0.069,-0.091,-9.899,-0.084,-0.048,2.73,1.19,0.84,-9.908204152277662,-9.902211532155103,-0.07693438020057469,-0.07312110749244721,-0.09955792708322692,-0.08822941164928795,-9.906278722185357,-9.907152354391382,-0.07965025007114976,-0.07164763145428733,-0.08218434433345087,-0.08365056835192757,2.700051123462306,2.707121062041706,1.146941849724791,1.1880012840066816,0.8117713254505412,0.8186820931527328
,-9.899,-0.048,-0.11,-9.899,-0.101,-0.091,2.66,1.05,0.84,-9.907026118775557,-9.90207108370151,-0.07816437227982655,-0.07202249769205477,-0.09981513283460383,-0.08918149474234398,-9.904662295722343,-9.906795831239155,-0.08016184205305159,-0.07293128504156433,-0.08095232074757167,-0.08397197765437629,2.6947990199658682,2.7050603383821508,1.1512292165108011,1.1819661375418187,0.8122065488844582,0.8196143793345144
,-9.878,-0.084,-0.132,-9.88,-0.077,-0.11,2.73,1.19,0.84,-9.905501544537898,-9.901018394106972,-0.07955555240767684,-0.07254630427278326,-0.09967875677751417,-0.09105405667172388,-9.903412225539169,-9.905623981518044,-0.08005129623412048,-0.0731092202750999,-0.07968459203233808,-0.08511024914349488,2.689324746200746,2.706151013093848,1.155504077269755,1.182317478741016,0.8125737587640425,0.8205058942749651
20218.0,-9.897,-0.067,-0.079,-9.916,-0.079,-0.06,2.66,1.12,0.7,-9.903726358549639,-9.90084265953201,-0.08103559710348414,-0.07230375030768159,-0.0991251444158761,-0.09052690217433465,-9.902598091817657,-9.906077751145707,-0.07933421354606174,-0.07336683902617105,-0.07845216479662885,-0.08401211420626595,2.6838672938760713,2.7041327121372447,1.1595672032517634,1.1795921772032072,0.8129764072969026,0.8152358656149892
,-9.914,-0.072,-0.12,-9.866,-0.098,-0.089,2.66,1.19,0.77,-9.901803212353911,-9.901418063430489,-0.0825164999346427,-0.07229046653565874,-0.09816277501197157,-0.09181583555949438,-9.902238288743108,-9.904325049351026,-0.07807413370425145,-0.07444410968665566,-0.07732891593009801,-0.08423024711373757,2.6786774187678186,2.702202676604916,1.1632510814454013,1.180047337714293,0.8135256347847692,0.8132575863807315
,-9.885,-0.096,-0.117,-9.895,-0.072,-0.093,2.66,1.19,0.84,-9.899833548171191,-9.90070005983954,-0.08390142161141904,-0.07332734462053177,-0.09683352621640562,-0.09291720300029503,-9.90229931464166,-9.903917241271337,-0.07637405301218386,-0.07433722256570363,-0.07638737471144041,-0.08461377066940742,2.6739954206180707,2.700357046425797,1.1664277963782534,1.1804825929008074,0.8143126266832711,0.8144271000137236
,-9.897,-0.089,-0.115,-9.902,-0.045,-0.093,2.73,1.12,0.77,-9.897911104315684,-9.900538246830182,-0.08509348792483183,-0.07401274962519702,-0.09520936123457734,-0.09388293977011089,-9.902701213762448,-9.90383339544364,-0.07436485388502297,-0.07305423135058038,-0.07569330696100052,-0.08498052176641609,2.6700292517790785,2.7016534080340175,1.1690164583138236,1.177837535578635,0.8153858916592218,0.8124841901522549
20293.0,-9.921,-0.101,-0.098,-9.911,-0.067,-0.055,2.59,1.12,0.77,-9.896117095671887,-9.901433091238308,-0.08600536100131603,-0.07519297059102496,-0.09338463311706781,-0.09406298926509124,-9.903328438241802,-9.904146809253263,-0.07219238216475408,-0.07278946444499747,-0.07529938150063092,-0.08366939744423536,2.6669361223455414,2.69677052106933,1.1709897353680805,1.17530815332762,0.8167376029125589,0.8106262486710907
,-9.873,-0.067,-0.034,-9.916,-0.048,-0.043,2.59,1.19,0.84,-9.894517014479755,-9.900189639981264,-0.08656819063540877,-0.07483467118928348,-0.09146507670118723,-0.09143628227506961,-9.904044578433538,-9.904665179373856,-0.07000500359877364,-0.07170535823694345,-0.07523874590443837,-0.08189082145503083,2.664810323726159,2.6921011751467807,1.1723788780834352,1.1759506650777485,0.8183006864483781,0.811910837381757
,-9.868,-0.115,-0.086,-9.933,-0.062,-0.077,2.66,1.33,0.84,-9.893158903596175,-9.898781905311717,-0.08673866206858552,-0.0765912029775697,-0.08955545528114406,-0.09119853985121801,-9.904708817121918,-9.905904333007571,-0.0679431325427798,-0.07128091828426097,-0.07551982702791409,-0.08167693341748783,2.663679473994973,2.6906973092690136,1.173276147044725,1.1826876335470091,0.8199562635704128,0.8131392477671867
,-9.931,-0.11,-0.081,-9.892,-0.093,-0.074,2.66,1.12,0.84,-9.892072952777754,-9.900190884377833,-0.08650317041681765,-0.0780522544793476,-0.08774829309842,-0.09075253181460538,-9.90519184474069,-9.905296261229102,-0.0661314555428177,-0.07223074886142042,-0.07612376437432694,-0.08134120163130172,2.663510324520649,2.6893548380097845,1.1738327461786768,1.1799461441998988,0.8215494240000927,0.8143139366481509
20369.0,-9.876,-0.06,-0.065,-9.911,-0.089,-0.06,2.66,1.19,0.77,-9.891272197425936,-9.899132955595608,-0.08587854539756723,-0.0772627835654497,-0.086115767129687,-0.08962630822573893,-9.905389369628114,-9.905545700204453,-0.06467367109476352,-0.07296411078233193,-0.07700539214077792,-0.08040789670948056,2.6642232759036855,2.6880710764265747,1.174250214776033,1.1803858248356767,0.8229102453451504,0.812375975707923
,-9.904,-0.112,-0.091,-9.914,-0.053,-0.069,2.73,1.12,0.84,-9.890753905587621,-9.899345803802369,-0.08490924699034211,-0.07878193022030258,-0.08470580166590422,-0.08968638325413389,-9.905232054317295,-9.90591542819569,-0.06364897236701272,-0.07209102953907127,-0.07809785487438382,-0.07990900042751257,2.66571237012634,2.689904734690707,1.1747645445300077,1.1777449994266376,0.8238766938514047,0.8135840444135992
,-9.909,-0.053,-0.103,-9.899,-0.043,-0.112,2.73,1.12,0.84,-9.890501119604373,-9.899768006309198,-0.08366156388259928,-0.07765442096452735,-0.08354224069123589,-0.0902686215109494,-9.904691381007156,-9.90561299896593,-0.06310951334641775,-0.07081880496996186,-0.07932014984805176,-0.08131242130158528,2.667865834713871,2.69165820242422,1.1756243302451022,1.1752196640164518,0.8243162338624814,0.8147392812081027
,-9.895,-0.067,-0.081,-9.916,-0.069,-0.101,2.73,1.33,0.91,-9.890483985739513,-9.899559489289748,-0.0822158798160254,-0.07718847608957884,-0.08262808746430608,-0.08986328116394764,-9.90378140502688,-9.906067248888476,-0.06307860848942075,-0.07073926401160231,-0.08058630229717476,-0.08217340909484157,2.6705819719977875,2.6933349865625815,1.1770654436438914,1.1819886010177638,0.8241430603861752,0.8189052742595107
20444.0,-9.854,-0.093,-0.108,-9.909,-0.077,-0.062,2.66,1.12,0.84,-9.890660942264441,-9.897567057170678,-0.08065827542339243,-0.07787995416761942,-0.08195036874218058,-0.0906564459185764,-9.902556638784304,-9.906195505539351,-0.06354992303902768,-0.07101306188920749,-0.08181459260821318,-0.08129117470507262,2.673776491018767,2.69187716297958,1.1792844623082577,1.1792776821376465,0.8233278873546752,0.8198278001649494
,-9.878,-0.108,-0.067,-9.873,-0.05,-0.084,2.66,1.19,0.91,-9.890980353357962,-9.896711340089773,-0.07907253050428521,-0.0791971802313856,-0.08148524477551482,-0.08962188948684202,-9.901106551598991,-9.904743781815567,-0.06448803565797034,-0.07009410735128845,-0.08293542015135945,-0.081409638511553,2.6773799928658284,2.6904830937225377,1.1824123697884275,1.1797465963162928,0.8218979059566682,0.8237712593652062
,-9.856,-0.062,-0.074,-9.892,-0.057,-0.105,2.66,1.26,0.77,-9.891383459042645,-9.894930929842207,-0.0775331804908775,-0.0784451038849508,-0.08120244134735138,-0.08893870460353015,-9.899547402505243,-9.904186463886775,-0.06583060232188609,-0.0695214687975208,-0.08389693674884274,-0.08244130490340298,2.681327366539055,2.6891499906529406,1.1864901134849615,1.18325628138206,0.8199264323982486,0.8214197056952169
,-9.931,-0.055,-0.105,-9.933,-0.072,-0.072,2.66,1.12,0.7,-9.891809217531698,-9.896508321841278,-0.07610003572753289,-0.07741978997683707,-0.08106865471596493,-0.08964110582269873,-9.898012227400205,-9.905446552963957,-0.06749220446865262,-0.06962986125873856,-0.08466814202299162,-0.081984680134801,2.68554314049756,2.687875187564649,1.1914486256328667,1.1804899236216146,0.8175145912633102,0.8161097137421298
20520.0,-9.907,-0.057,-0.074,-9.897,-0.057,-0.101,2.66,1.05,0.77,-9.892200725568769,-9.896967149560208,-0.07481467081065785,-0.0765267807256624,-0.08105000582542814,-0.08895708056023932,-9.896639671386371,-9.90507716376133,-0.06936985334739465,-0.06907752536508344,-0.08523946289999551,-0.08281626834275663,2.6899276435487116,2.686656134851487,1.197097121662868,1.1747832680139243,0.8147699836613094,0.8140932189110152
,-9.907,-0.062,-0.053,-9.907,-0.101,-0.069,2.66,1.19,0.84,-9.892511916200853,-9.897405911578257,-0.07369952279097565,-0.0758914877284025,-0.0811138341808552,-0.0873845861505539,-9.895562146999806,-9.905161254271153,-0.07134991974052404,-0.07047357621583684,-0.08562104838058229,-0.08221204785563169,2.694348268371868,2.685490394408028,1.2031240429125543,1.1754487343312383,0.8117882193315793,0.8152261882122109
,-9.897,-0.077,-0.084,-9.871,-0.041,-0.105,2.66,1.19,0.84,-9.892712817004458,-9.897388160034536,-0.07275993647225858,-0.07593996578398976,-0.08123021998844518,-0.08723656960644298,-9.894893858669784,-9.903667295903782,-0.07331599489929662,-0.06918462190946052,-0.08583923988739174,-0.08320862284995485,2.698638721294561,2.684375634753385,1.2091140992988043,1.1760850981172148,0.8086417612310796,0.816309609889831
,-9.899,-0.101,-0.101,-9.887,-0.081,-0.05,2.73,1.33,0.77,-9.892792050419654,-9.89745864988787,-0.0719887131837487,-0.07703590469496956,-0.08137360382355686,-0.08783847935592068,-9.894719649736091,-9.902938392744101,-0.0751570197314265,-0.06970133838661073,-0.08593188515569804,-0.08175632547287998,2.7026072880424064,2.6863709040627373,1.2145820932417184,1.1828161874884024,0.8053776988365607,0.8142843730927425
20596.0,-9.899,-0.084,-0.079,-9.866,-0.079,-0.112,2.73,1.19,0.77,-9.892756146524075,-9.897526057040979,-0.07137188115140936,-0.07734046226096357,-0.08152464645475307,-0.08745195021727104,-9.89508604162763,-9.901322983061561,-0.07677497360596434,-0.07010799246354878,-0.08594325511214472,-0.08307895813329765,2.706053118994774,2.6882789151802147,1.2190205744478377,1.1831303538455902,0.8020236916358425,0.8123477050418395
,-9.876,-0.091,-0.06,-9.911,-0.112,-0.074,2.73,1.12,0.77,-9.892626128631097,-9.896584667922838,-0.07089402214699674,-0.07793782852092833,-0.08167215417206444,-0.08625140674769481,-9.895995817563023,-9.901746183577316,-0.07809136505116576,-0.0719400362956727,-0.08591926495457923,-0.08268191224725968,2.708787761801463,2.690103484128053,1.2219558606240242,1.1803695032159807,0.79860027246463,0.8104957324010201
,-9.868,-0.036,-0.065,-9.897,-0.093,-0.069,2.73,1.26,0.84,-9.892432456565473,-9.895334587832602,-0.07054179514348659,-0.07610378082083699,-0.08181473505053252,-0.08532202878407744,-9.897406962820359,-9.901538620921327,-0.07905169576285972,-0.07286104196902685,-0.08590352118540032,-0.0820835674932528,2.7106582196047855,2.691848260044147,1.2230064359040975,1.1838519469817799,0.7951372597253717,0.8117860289194911
,-9.887,-0.101,-0.12,-9.892,-0.069,-0.079,2.66,1.19,0.84,-9.892209677732051,-9.894970095149393,-0.07030510428835514,-0.07719255568441219,-0.08196181260288754,-0.08683858449512617,-9.899235984901548,-9.901121472814719,-0.07962721619297873,-0.07269218880249449,-0.08593448287863632,-0.08194871525915931,2.7115679758196425,2.690455454785841,1.221938077712455,1.1841208169470543,0.7916912809665301,0.8130198974958012
20672.0,-9.909,-0.055,-0.122,-9.916,-0.048,-0.112,2.73,1.4,0.77,-9.891991962087122,-9.895583658503321,-0.07017619489529663,-0.07622201888869247,-0.08213345849548195,-0.08837628245215054,-9.901364986273345,-9.901772148577564,-0.07981385976306303,-0.07161233670522063,-0.08604375505305897,-0.08326293422584291,2.7114933359518703,2.6921848381315954,1.2187097451562163,1.1935617616296876,0.7883605059235275,0.8111385281726144
,-9.876,-0.067,-0.069,-9.892,-0.077,-0.101,2.73,1.19,0.84,-9.891810125509938,-9.894727215403996,-0.07014746490425926,-0.07581871659266241,-0.08235830854597019,-0.08752890843396663,-9.903651547292979,-9.90134478771374,-0.07962900839072545,-0.07184795289764523,-0.08625519719650135,-0.08403862113755861,2.71049331684365,2.6938385911536127,1.2135033717672756,1.1934059967521156,0.7852924757802868,0.8124007136002612
,-9.907,-0.062,-0.074,-9.919,-0.091,-0.086,2.8,1.26,0.84,-9.891690072585233,-9.895263935428753,-0.07020894006160922,-0.07521438903735422,-0.08266906497881268,-0.0869372549251141,-9.905940429737973,-9.902116894964646,-0.07910716148203958,-0.07268552053476277,-0.08658426119213873,-0.08412439721415908,2.708711679535253,2.6984812990524256,1.206730741263451,1.196318321562536,0.7826818011938486,0.8136077004551086
,-9.897,-0.069,-0.072,-9.899,-0.081,-0.084,2.66,1.33,0.84,-9.891652156600172,-9.89533985793944,-0.0703463329413379,-0.07494261802956959,-0.08309592045827677,-0.08628401084912643,-9.9080761802037,-9.901980585235627,-0.07829536545951618,-0.07304913382802293,-0.08703704932685577,-0.08411895700820249,2.70636986108463,2.6967984141603667,1.1990126161005183,1.2021645607105698,0.7807561781003544,0.8147619027108661
20748.0,-9.895,-0.036,-0.074,-9.892,-0.081,-0.067,2.73,1.26,0.77,-9.891710861659863,-9.895324995089021,-0.07054043648491097,-0.0732395584875853,-0.08365915636358695,-0.08574679987182239,-9.909915805178548,-9.90154410890763,-0.07724870037216088,-0.07339684538893915,-0.08760905824049985,-0.08337030156188657,2.7037502650851755,2.698250403791117,1.191128854341874,1.2046938512855365,0.7797513434815533,0.8128043510775571
,-9.895,-0.089,-0.086,-9.926,-0.108,-0.081,2.73,1.19,0.7,-9.89187436278102,-9.895310782228782,-0.07076825078433094,-0.07392880260268876,-0.0843625519938343,-0.08575787295617428,-9.911340736140833,-9.9026136271062,-0.07602574183467427,-0.07491012917993588,-0.08828410858842874,-0.08326664225759209,2.7011708638561074,2.6996388942294494,1.1839425731632451,1.204051251868586,0.7798782405951045,0.8078711304519149
,-9.895,-0.079,-0.091,-9.919,-0.041,-0.11,2.66,1.05,0.7,-9.89214381230303,-9.895297190932999,-0.07100570820206437,-0.0741505789380707,-0.08518900413601853,-0.08598712447890196,-9.912267224499683,-9.903330244789535,-0.07468397470677893,-0.07342715315028224,-0.0890341487033646,-0.0844357598541008,2.698953774732737,2.6979053847617522,1.1783061545777145,1.1973141995663958,0.7812883457343868,0.8031536520871766
,-9.88,-0.081,-0.06,-9.926,-0.067,-0.067,2.66,1.05,0.7,-9.8925125469985,-9.894628205941691,-0.07123126225559404,-0.07445012150831416,-0.08609925146243583,-0.08485064155731405,-9.912654120209746,-9.904321650731896,-0.07327552249872878,-0.07314607742773911,-0.0898203772898423,-0.08367324981513204,2.6973917503616778,2.696247686063579,1.174961434301037,1.1908717756633387,0.7840446267514899,0.7986424810266126
20823.0,-9.873,-0.096,-0.065,-9.935,-0.045,-0.101,2.66,1.12,0.77,-9.89296569352842,-9.893682349592819,-0.0714291980478301,-0.07539255239896461,-0.08703414227284548,-0.08398252261130422,-9.912506890984112,-9.905663292822156,-0.07184397814818838,-0.07191517801321227,-0.0905957046054326,-0.084430992584545,2.6967171445787486,2.6946624827375323,1.1744491018875018,1.1877723730060965,0.7881048030644674,0.7973898726225901
,-9.897,-0.067,-0.103,-9.916,-0.077,-0.089,2.73,1.12,0.84,-9.893480739939923,-9.893827438866957,-0.0715915648139161,-0.07502552477812498,-0.08792048498613007,-0.08481420517323922,-9.91187696830327,-9.906115343266698,-0.07042322152249124,-0.07213755018647794,-0.0913082482859805,-0.08463080687721478,2.6970777571805375,2.6962078820714495,1.177041526754972,1.1848085150948664,0.7933204188012897,0.7992533216583011
,-9.899,-0.06,-0.067,-9.909,-0.062,-0.112,2.59,1.12,0.84,-9.894029438948905,-9.894053648095813,-0.07171814393248142,-0.07436842043739275,-0.08867998844926282,-0.08403514475978385,-9.910856122346306,-9.906241496628326,-0.0690386811006088,-0.07169420938272622,-0.09190540817932422,-0.08582773116897086,2.6985229174727285,2.6915631417805326,1.1827090056848992,1.1819742742138262,0.7994510071689337,0.8010352773373287
,-9.89,-0.079,-0.134,-9.899,-0.077,-0.081,2.66,1.05,0.77,-9.894580953536147,-9.893876371774427,-0.07181459276049122,-0.07457097116889642,-0.0892400838480733,-0.08622023471485829,-9.90956640835827,-9.905924807598282,-0.06771070159030221,-0.0719262450751303,-0.09233802776454259,-0.08561660222979148,2.7010014760241194,2.690182805467665,1.1911235627044692,1.1762027041867251,0.8061891377836724,0.7996780258765427
20899.0,-9.907,-0.045,-0.112,-9.911,-0.101,-0.074,2.8,1.26,0.91,-9.89510567212286,-9.894450301350966,-0.07188949414704296,-0.07327775753398644,-0.08954478089158965,-0.08734764929252327,-9.90814700633492,-9.906146758645349,-0.06645892087478553,-0.07319771418150921,-0.09256423110794473,-0.08510857872562286,2.704371380195783,2.69498539015471,1.2016985861796001,1.1798673726514626,0.8131906007062076,0.8045026858564863
,-9.909,-0.089,-0.072,-9.897,-0.065,-0.101,2.8,1.33,0.84,-9.895578850693543,-9.895086596607193,-0.07195125947782986,-0.07396533110782279,-0.08956352100233435,-0.08667645762906569,-9.906739737627943,-9.905746747670808,-0.06530618133098098,-0.07283920733051429,-0.0925527000174682,-0.08580355091820811,2.708418364076555,2.699577945622064,1.2136572784155906,1.1864330535559913,0.8201043327733119,0.8060550735136547
,-9.911,-0.062,-0.112,-9.871,-0.081,-0.12,2.66,1.33,0.77,-9.895983264462737,-9.89578253013362,-0.07200568125658315,-0.07344205680457215,-0.08929642913491102,-0.08778392042057384,-9.905475105424953,-9.904227184190798,-0.0642806565191432,-0.07319609951006344,-0.09228525614764932,-0.08729904844399089,2.712879539358331,2.697847101591685,1.2261184384418802,1.192711600567632,0.8265981251795513,0.804478293623362
,-9.885,-0.06,-0.084,-9.926,-0.034,-0.081,2.73,1.33,0.84,-9.89631034957589,-9.895310982719502,-0.07205458688827741,-0.07285420153794528,-0.08877525304341649,-0.08761843997512782,-9.904460446347876,-9.905179364696268,-0.06341552182709635,-0.07148195457947627,-0.09175853659960466,-0.08702357506544674,2.717467429622873,2.699253229458978,1.2381857658186182,1.1987155707804078,0.832377979157979,0.8060317480148044
20975.0,-9.902,-0.091,-0.081,-9.899,-0.053,-0.084,2.73,1.19,0.91,-9.896559836575452,-9.8956035104252,-0.07209569318495829,-0.07364776336766768,-0.08806019346200655,-0.08732899879415398,-9.903771281847307,-9.904909125391828,-0.06274635351249729,-0.07067369178940917,-0.09098448711805715,-0.08689134645251155,2.7218915285882797,2.7005978637851893,1.2490280280744201,1.198334416745768,0.8372006764034514,0.8105785435967646
,-9.849,-0.065,-0.081,-9.904,-0.077,-0.101,2.73,1.33,0.84,-9.896738464870921,-9.893565420611635,-0.07212348377900571,-0.07326957472331548,-0.08723346146728446,-0.08705221561076845,-9.903446326482902,-9.904869367030635,-0.06230706609679792,-0.07095035730674545,-0.089989569334501,-0.08750835368685712,2.7258765476795728,2.7018836938389708,1.2579417203807242,1.204092486933596,0.8408802241357113,0.8118652185714301
,-9.904,-0.077,-0.091,-9.902,-0.079,-0.086,2.66,1.19,0.77,-9.896858726846418,-9.894021751256393,-0.07213074429745317,-0.07343271569032218,-0.08639070461172553,-0.08722486224353136,-9.90348606614246,-9.904743882326517,-0.062125313770362574,-0.07130238861568061,-0.08881289805435928,-0.08744238955118605,2.7291778313609174,2.700052013585942,1.2643930913248598,1.2034761867063148,0.8432894101898387,0.8100343462887502
,-9.895,-0.072,-0.072,-9.916,-0.057,-0.077,2.8,1.33,0.84,-9.896938457439738,-9.894064532557227,-0.07211032200963216,-0.07337005939624609,-0.08563147885605683,-0.08655904036942022,-9.903854550137941,-9.905236140925952,-0.06221803663928135,-0.07067690885500795,-0.08750374332522713,-0.08698571734818314,2.731594789737692,2.7044229927490617,1.2680404411165502,1.2090093942414228,0.8443583141319287,0.811344820393136
21051.0,-9.904,-0.065,-0.081,-9.885,-0.045,-0.072,2.66,1.19,0.77,-9.897001453143028,-9.894499035769611,-0.0720567362776868,-0.07300401545151367,-0.08504977717811155,-0.08631592942248213,-9.90448401201863,-9.904351163113965,-0.0625876618237806,-0.06955399245013302,-0.08611888192030415,-0.08633035388741314,2.732983020949426,2.7024802625087028,1.2687396935397908,1.208178065176037,0.8440721915143091,0.8095367064438199
,-9.911,-0.089,-0.112,-9.907,-0.043,-0.084,2.73,1.26,0.84,-9.897078496899292,-9.895220664822983,-0.07196737831995971,-0.07370356046150882,-0.0847253579700166,-0.0874391590276624,-9.905281989171323,-9.904467003475045,-0.06321959335669512,-0.06839271895317298,-0.08472020894409031,-0.08622844159633025,2.7332652823712613,2.70368377048785,1.2665368732221332,1.2104443699354916,0.842470853102207,0.8108689436018797
,-9.926,-0.072,-0.081,-9.883,-0.065,-0.12,2.73,1.26,0.91,-9.897207627258807,-9.89656672328339,-0.07184312443894453,-0.07362905943805126,-0.08471635667646912,-0.0871575582576246,-9.906140627522051,-9.90352819691925,-0.06408178808181568,-0.06824434674095846,-0.08337279370968534,-0.08770535757417687,2.7324407272677376,2.7048346460079724,1.2616508965024527,1.2126115634348174,0.839650104964783,0.8152041963416315
,-9.911,-0.067,-0.072,-9.914,-0.045,-0.048,2.8,1.26,0.84,-9.897432485950445,-9.897197927112975,-0.07168826833794122,-0.07333915384100635,-0.08505353809273088,-0.08649467975766784,-9.90694772658684,-9.903986155450568,-0.06512701894486991,-0.06722781245237205,-0.0821432176622084,-0.08596894149569816,2.730590953678041,2.708996468514599,1.2544492804163054,1.2146839800610125,0.8357636577107962,0.8162885797795784
21126.0,-9.883,-0.074,-0.067,-9.902,-0.081,-0.086,2.73,1.33,0.91,-9.89779812054639,-9.896577015718991,-0.07150982823958757,-0.0733680543210923,-0.08573664043831457,-0.08564212792476296,-9.907598726972282,-9.903899295830874,-0.06629779483608465,-0.06783010517442724,-0.0810977853262731,-0.08597029976293306,2.72788058664776,2.709915006263767,1.2454182540934695,1.219727042341818,0.8310223379574304,0.8203868180715727
,-9.883,-0.072,-0.077,-9.947,-0.077,-0.103,2.8,1.26,0.84,-9.898344534466386,-9.895983258356445,-0.07131649295496545,-0.07330822583283503,-0.08673343453591743,-0.08526418573263451,-9.908008339648704,-9.905784199035011,-0.06753310525652226,-0.06823112795286052,-0.080300202238578,-0.08671505178406956,2.724549812505517,2.7138546517199504,1.2351279245994637,1.221488281012819,0.8256873412959486,0.8212445523052218
,-9.899,-0.041,-0.089,-9.914,-0.098,-0.079,2.73,1.05,0.77,-9.899099199381613,-9.896115188126494,-0.07111763047757855,-0.07189530510297004,-0.08798203992568825,-0.08542756237388362,-9.908120108199642,-9.90614349686696,-0.0687755258814316,-0.069532996295546,-0.07980844264611377,-0.08637765298494963,2.7208970438981557,2.7145607287850857,1.2241932756031446,1.2139886631623806,0.8200557392428813,0.819003497948993
,-9.878,-0.05,-0.105,-9.933,-0.069,-0.096,2.73,1.33,0.84,-9.900070241645931,-9.89532296496445,-0.070922782008389,-0.07093776782974522,-0.08939654965551162,-0.08628351475576353,-9.90791218158327,-9.907317999924006,-0.06997700564551582,-0.06950968701453458,-0.07967065569800902,-0.08679846264617534,2.7172517461009895,2.715235927307791,1.2132328428932724,1.2190621334162202,0.8144387612936533,0.8199217282831505
21202.0,-9.895,-0.127,-0.093,-9.902,-0.096,-0.069,2.66,1.26,0.84,-9.901241900253792,-9.89530884088671,-0.07074181361501765,-0.073389511556117,-0.09087534693994158,-0.08657724370524268,-9.907398119897202,-9.907085430287625,-0.07110197668132956,-0.07066817564685486,-0.07992019064868601,-0.08602009069339077,2.71393987238178,2.7128203199906236,1.2028279360171403,1.2208524502424039,0.8091354682810923,0.8207998020738743
,-9.904,-0.079,-0.069,-9.921,-0.055,-0.065,2.66,1.12,0.7,-9.902573292204828,-9.895688927337178,-0.07058539687404716,-0.07363487245795192,-0.09231103307275437,-0.08580854621830776,-9.906622543987945,-9.90769394974318,-0.0721272060369577,-0.06998296655226856,-0.08057025598939963,-0.08510082876802222,2.711246574473058,2.7105103533134374,1.193485422679163,1.216441916580096,0.804405630559119,0.8155169200797692
,-9.902,-0.069,-0.103,-9.892,-0.072,-0.072,2.66,1.12,0.77,-9.904000788560259,-9.895964926565334,-0.07046503835497875,-0.07343217771977582,-0.09360078509771176,-0.08656037213256092,-9.905652541505077,-9.907007613481934,-0.07303876735005702,-0.07007117654516251,-0.0816091851548384,-0.08452789626963854,2.7093820688396644,2.708301407342878,1.1856068324526563,1.2122242667509482,0.8004459248680003,0.813526349620312
,-9.904,-0.06,-0.11,-9.876,-0.055,-0.091,2.73,1.12,0.84,-9.905443610046957,-9.896316320723606,-0.07039194895917232,-0.07284475449060507,-0.09465603964242858,-0.08758544656052802,-9.90456663507206,-9.905651571831768,-0.07382732207565944,-0.06941207573677106,-0.08299746055354405,-0.08481093779515525,2.7084561858958276,2.709250341881493,1.1794666392052773,1.2081910654553023,0.7973731684669008,0.8146841095545837
21277.0,-9.916,-0.072,-0.103,-9.895,-0.062,-0.072,2.66,1.12,0.77,-9.906811735224775,-9.897177137985238,-0.07037470048440227,-0.07280781123232781,-0.09541041156183006,-0.08825956411216736,-9.90344360305667,-9.905185751556628,-0.07448331605343525,-0.06908792684930198,-0.08466742432801574,-0.08425068296490117,2.7084653068967532,2.7070964994093822,1.175202427331923,1.2043342462905668,0.7952171576210194,0.8127299600134763
,-9.911,-0.065,-0.122,-9.854,-0.072,-0.067,2.73,1.26,0.77,-9.908014937911542,-9.897781646830378,-0.07041635036165232,-0.07246635582706637,-0.0958247460743457,-0.08973511902339214,-9.902353389385642,-9.9029472687064,-0.07499361747708458,-0.06921527920045842,-0.08652612548748025,-0.08349626680811344,2.7092929080520163,2.7080981276305787,1.1728179957308453,1.2067686510073892,0.7939239536882078,0.8108612703923959
,-9.923,-0.065,-0.105,-9.928,-0.079,-0.108,2.73,1.26,0.77,-9.908971713768635,-9.89888450943109,-0.07051204980363425,-0.07213983313345906,-0.09588844150393568,-0.09040269101828798,-9.901351679125614,-9.904042888242044,-0.07534062210696979,-0.06964318987946459,-0.08846124526403734,-0.08456787726314223,2.7107227169878283,2.7090559521070365,1.1721974484379383,1.2090965930262263,0.7933688785645426,0.8090743033121002
,-9.895,-0.045,-0.079,-9.909,-0.048,-0.079,2.73,1.19,0.77,-9.909616985675322,-9.89871462997287,-0.07064807139748448,-0.07095293933626488,-0.09561681156183359,-0.08990402239441045,-9.900478569307962,-9.90425967532281,-0.07550414948831805,-0.0686966782449563,-0.0903495830182074,-0.08432437985640928,2.7124620259832777,2.709971888487708,1.173125657387418,1.2082614505366276,0.7933774262580586,0.8073654848384287
21353.0,-9.914,-0.072,-0.089,-9.914,-0.086,-0.112,2.66,1.26,0.91,-9.909907753507936,-9.899383098005957,-0.07080289065841172,-0.07099872995704586,-0.09504513459657761,-0.08986448720024864,-9.899760514189529,-9.904685644446687,-0.07546577906812448,-0.06945339642966016,-0.09206716457126318,-0.08553470497964794,2.714172059409013,2.707786490950867,1.1753099064747825,1.2105241086425904,0.793751404901604,0.8118539527234108
,-9.933,-0.072,-0.069,-9.899,-0.089,-0.086,2.66,1.05,0.77,-9.909826170844834,-9.900853250466417,-0.07095049581095647,-0.07104251803774092,-0.09422081752659686,-0.08895203021063353,-9.899213886997662,-9.904436996782067,-0.07521471991593902,-0.0703082190227014,-0.09349974226052192,-0.08555505351203593,2.7155022853329127,2.705696666395928,1.178399451206172,1.2035039818823736,0.7942966737677235,0.810023573124863
,-9.923,-0.081,-0.091,-9.907,-0.091,-0.124,2.8,1.12,0.77,-9.909379786753703,-9.901821784042882,-0.07106549180351329,-0.07147798400094568,-0.09319543168456139,-0.08904159312827886,-9.89884837391211,-9.904549083418953,-0.07475386684534208,-0.07121312313077342,-0.09455241742417878,-0.08723634861417023,2.7161256706944243,2.709820790562757,1.1820029437021728,1.19985214078041,0.794848366392282,0.8082732406725649
,-9.902,-0.072,-0.093,-9.919,-0.072,-0.086,2.8,1.19,0.84,-9.908598949484208,-9.901829577879086,-0.07112896677424746,-0.07150081308571812,-0.09201811717308593,-0.08921470430916613,-9.898668852436126,-9.905181058684589,-0.07410445990428827,-0.07124753525374589,-0.0951573441317291,-0.08718227995081065,2.7157715018091526,2.7137645563107116,1.1857061758622427,1.1994212816544951,0.7952900383642724,0.8096607323961003
21429.0,-9.892,-0.096,-0.11,-9.921,-0.11,-0.089,2.73,1.19,0.84,-9.907531802058918,-9.901399705486122,-0.07113374952320319,-0.07257222472048656,-0.09073118199576015,-0.09012369805304747,-9.898675047217344,-9.905872861144578,-0.07330791101164927,-0.07294227890994806,-0.09527889416775986,-0.08726177346283076,2.7142517519368146,2.7144745734767994,1.1890929052427177,1.1990092650918895,0.7955644172283103,0.8109875455844279
,-9.873,-0.084,-0.077,-9.89,-0.072,-0.074,2.73,1.19,0.84,-9.906237869161819,-9.900157714272769,-0.0710877341677488,-0.0730719903427837,-0.0893680243802251,-0.08954976542277614,-9.898858941995773,-9.905178700633584,-0.07242392438353434,-0.0729010706612479,-0.09491616186528071,-0.08668180244438618,2.71147725031233,2.7151535397898408,1.1917697058362355,1.1986152670594676,0.7956746422795239,0.8122563338639243
,-9.938,-0.069,-0.074,-9.868,-0.055,-0.101,2.66,1.19,0.77,-9.904781587614755,-9.901812653489987,-0.07101435794541947,-0.07289391186837604,-0.08795311011193446,-0.08886973470787228,-9.899200707660961,-9.903552781677018,-0.07152486581940594,-0.07211821139949451,-0.09410305566319113,-0.08730797357013301,2.707461825745373,2.7127415354879734,1.193393284553226,1.1982384995611646,0.7956760398385203,0.8104083571166603
,-9.871,-0.05,-0.089,-9.871,-0.05,-0.105,2.73,1.26,0.7,-9.90322696023873,-9.900465137935175,-0.07094999402296621,-0.07189270298634404,-0.08650367861109401,-0.08887543153977452,-9.899664689508546,-9.902129165899284,-0.07068722705877603,-0.07115092586807666,-0.09290624519228965,-0.08808169079699085,2.702315382418096,2.71349629195157,1.19369696755076,1.2009394867564722,0.7956600322600285,0.8055799193891412
21505.0,-9.933,-0.089,-0.079,-9.899,-0.098,-0.101,2.59,1.19,0.84,-9.901633924536378,-9.901887970042779,-0.0709387680956484,-0.07264084851149963,-0.08503287024539989,-0.08844355384982941,-9.900197383109594,-9.901992319531143,-0.06998172308583607,-0.07232510403604409,-0.09142093334837936,-0.08864664125147192,2.6962290228197148,2.7080954856100936,1.1925124729800374,1.2004610752308045,0.7957334725887142,0.8070851968893771
,-9.89,-0.065,-0.093,-9.885,-0.057,-0.12,2.73,1.26,0.77,-9.90005643732919,-9.901368078935283,-0.07102583740999226,-0.07230669480985366,-0.08355380836162177,-0.08864281880648162,-9.900728950811912,-9.901249202263166,-0.0694637954683352,-0.0716548983338833,-0.08976413134707192,-0.09001780321981705,2.6894560411259985,2.709053425628814,1.189783414737085,1.2030648635500867,0.7959975120610466,0.8054633670889034
,-9.887,-0.05,-0.069,-9.921,-0.043,-0.086,2.66,1.19,0.77,-9.898541980356457,-9.90073972637018,-0.07125033158141893,-0.07133116642043705,-0.08208385547465133,-0.08778378847692223,-9.901178786072025,-9.902112954785453,-0.06916610665750962,-0.07040174688949263,-0.08806519454759558,-0.08984209448585034,2.6822919745118217,2.7069081948043037,1.1855680959750603,1.2024935039019808,0.7965295059006782,0.8039124640226075
,-9.892,-0.098,-0.134,-9.899,-0.034,-0.096,2.73,1.19,0.84,-9.897132168891517,-9.90035751595028,-0.07163906276569455,-0.07249746221151043,-0.08064799746628896,-0.08980494072634153,-9.90146443677664,-9.901976817370473,-0.06909428820226193,-0.06880980609244673,-0.08645394222833801,-0.09011139532578225,2.6750554810542098,2.70791805806389,1.180030960342651,1.201947131261679,0.7973700488339982,0.8054906635788451
21580.0,-9.904,-0.029,-0.084,-9.904,-0.069,-0.022,2.66,1.12,0.77,-9.895864180077346,-9.900516811024193,-0.0722019394452025,-0.07059520777101122,-0.07928026395655795,-0.08955107593257901,-9.901512348157633,-9.902065296282696,-0.06922682055097527,-0.06881812375482987,-0.08504755282542803,-0.08713271110790664,2.6680703811403554,2.705822479745116,1.1734242314992152,1.198363375189412,0.7985159464288167,0.8039385667677522
,-9.892,-0.077,-0.081,-9.909,-0.081,-0.091,2.66,1.12,0.77,-9.894772618345723,-9.900144349258243,-0.0729297895959789,-0.07087530559370316,-0.07802240141499095,-0.08917711567520357,-9.901268551776187,-9.902368568479949,-0.06951921570860116,-0.06935086812663496,-0.08393819777978553,-0.08730183746824247,2.6616484873375867,2.703818546385832,1.166063187741141,1.194936345867524,0.7999191422198044,0.8024543470901948
,-9.916,-0.079,-0.069,-9.919,-0.105,-0.072,2.59,1.19,0.84,-9.893891211546135,-9.900837757114633,-0.07379495796170163,-0.07123061910456788,-0.07691976010306899,-0.08829471918726628,-9.9007074916608,-9.903095903199088,-0.06991158808389504,-0.07090989515851788,-0.08318358876886164,-0.08663264927215367,2.656073043830221,2.698840972424832,1.1582995045505962,1.1947204669318592,0.8014911955076818,0.8040963138013061
,-9.878,-0.072,-0.029,-9.921,-0.096,-0.096,2.73,1.12,0.77,-9.89325357913851,-9.899839004022532,-0.07475456527221452,-0.07126426608419291,-0.07601535151712682,-0.08570161059799591,-9.89983746144228,-9.90387889480161,-0.07033770491762063,-0.07200714913428363,-0.08280205994217536,-0.08704230729843374,2.651583161571062,2.7002036357976578,1.150496781141248,1.19145275123557,0.8031125791861141,0.8026051954455317
21656.0,-9.916,-0.086,-0.077,-9.904,-0.065,-0.06,2.66,1.05,0.84,-9.89289239289306,-9.900545765401196,-0.07575579578631174,-0.07190869713488399,-0.07534377920278715,-0.08532106707757066,-9.898701582329391,-9.90388419103936,-0.07073333113668784,-0.07170070871504455,-0.0827727933507054,-0.08585967855357383,2.648359866349396,2.6984454287475907,1.1430110637093238,1.1852666633472635,0.8046456805346767,0.8042405651751365
,-9.911,-0.072,-0.072,-9.899,-0.057,-0.086,2.66,1.19,0.84,-9.892836546926125,-9.9010029556182,-0.07674221080054013,-0.07191269004094716,-0.07492678086623328,-0.08473850299883709,-9.897373947150063,-9.903670592966726,-0.0710423197861184,-0.07105780940529405,-0.08304087696154369,-0.08586581516663101,2.6465142144554306,2.6967641125550186,1.1361775657215836,1.1854736641746282,0.8059500454204033,0.8058044160350917
,-9.892,-0.096,-0.086,-9.876,-0.06,-0.077,2.59,1.12,0.7,-9.893106387077077,-9.900609233515079,-0.0776599951473633,-0.0729660892509168,-0.07477141709049989,-0.08479367146499886,-9.89595145099325,-9.902460487694693,-0.0712200332129281,-0.0705742233298322,-0.08352632040019337,-0.08547809056358725,2.6460780005654696,2.692095046893068,1.1303031548472273,1.1826103346358539,0.8068983595152442,0.8011773203381405
,-9.876,-0.081,-0.069,-9.895,-0.081,-0.105,2.66,1.19,0.84,-9.893707604921145,-9.899533009263104,-0.07846318291650328,-0.07331743256199792,-0.07487094426587988,-0.0841029741197149,-9.894542670472552,-9.90213422162941,-0.07123461634233207,-0.0710301690093765,-0.08413580136631317,-0.08633183321946598,2.646998252473682,2.6906914490193925,1.1256625101852504,1.1829335034608395,0.8073919267511073,0.8028751346708421
21732.0,-9.844,-0.062,-0.084,-9.895,-0.072,-0.074,2.59,1.26,0.84,-9.89462502423343,-9.89710440979789,-0.07911718187886702,-0.07282249250684192,-0.07520766141331746,-0.08409847080006072,-9.893255634537246,-9.901822224007386,-0.07106695673850752,-0.07107258218050536,-0.0847756175135155,-0.08579253084851025,2.6491374457065056,2.686287956349267,1.1224945938027635,1.186303816987235,0.8073745889218524,0.8044986992728855
,-9.919,-0.101,-0.072,-9.871,-0.067,-0.108,2.59,1.05,0.77,-9.895817902981289,-9.898061959539225,-0.07960025951949484,-0.07405476643791452,-0.07575674478112851,-0.08356937396009438,-9.892186342841839,-9.900474289909553,-0.07070998060476273,-0.07089447782353177,-0.0853641383973443,-0.086763719848003,2.6522813565425962,2.68207703959184,1.1209961284218255,1.1803429050641403,0.8068437036282436,0.8029899835789863
,-9.892,-0.081,-0.077,-9.873,-0.06,-0.089,2.73,1.05,0.91,-9.897218160269146,-9.897796854660335,-0.07990297699809354,-0.07435849913200915,-0.07649013370224701,-0.08328207856051167,-9.891409575869119,-9.899272769468524,-0.07016765783785256,-0.07041803465275641,-0.08584211444279696,-0.08686151805583066,2.656155425350873,2.6841728323025738,1.1213105840390631,1.1746426789511737,0.8058561460535404,0.8076698032412217
,-9.931,-0.084,-0.093,-9.909,-0.055,-0.108,2.66,1.26,0.91,-9.898732126138132,-9.89924891249198,-0.08002578895323642,-0.07478014643984586,-0.07737967774439816,-0.08370706793393304,-9.890973080069415,-9.89969816595217,-0.06945394369692945,-0.06974376485882311,-0.0861795126497,-0.08778595753113108,2.6604487325705124,2.683115692983424,1.12351403734697,1.1783755712795745,0.8045270793475178,0.8121449625099395
21808.0,-9.871,-0.069,-0.103,-9.871,-0.103,-0.067,2.66,0.98,0.77,-9.900245543518038,-9.898013515839049,-0.07997522273025572,-0.07452736596317192,-0.07839890858153194,-0.08455079682814917,-9.890895644042502,-9.898443122304997,-0.06859177128825276,-0.07119814444225658,-0.086378050715744,-0.08687693484329347,2.6648428785089404,2.682104785050241,1.1276016428245705,1.1697001039725812,0.8030201274486521,0.8103018563147006
,-9.876,-0.098,-0.072,-9.897,-0.084,-0.081,2.73,1.05,0.63,-9.901631163798017,-9.897050808910258,-0.07975929694056878,-0.07555388383471233,-0.07952303239142851,-0.08400191862274821,-9.891168945496021,-9.898380010903244,-0.06761200169672311,-0.07175800208321345,-0.08646921834228768,-0.08661992156404011,2.6690420223755815,2.684199364381647,1.1334793374769527,1.1644653145680213,0.8015297980296373,0.8024167984431145
,-9.916,-0.072,-0.062,-9.88,-0.05,-0.122,2.59,1.05,0.77,-9.902758326132075,-9.897879505138995,-0.07938309501519755,-0.07539846347311223,-0.08072717632419012,-0.08303971886966584,-9.891762485785287,-9.897576206368923,-0.06655207797003532,-0.0708064694195853,-0.08650815560983678,-0.08816718220611512,2.6728004274044928,2.68007978705284,1.1409648652894069,1.1594594557925975,0.8002598459729463,0.8009991295573913
,-9.921,-0.041,-0.084,-9.919,-0.036,-0.103,2.73,1.26,0.84,-9.903503899347223,-9.898890623070475,-0.07884558320704864,-0.07389413134518495,-0.08198352732781876,-0.08308171440116198,-9.892630535420778,-9.898513123248554,-0.06545428924927336,-0.06928429415589864,-0.08656414260965185,-0.08881585898124125,2.6759446440963206,2.682262924687115,1.149800340806239,1.1638563490122238,0.7994028868916311,0.8027047366252711
21884.0,-9.919,-0.038,-0.065,-9.914,-0.043,-0.06,2.73,1.19,0.77,-9.903763631108236,-9.899770057171109,-0.07813879443611094,-0.07232438986446997,-0.08325847437655477,-0.08229095513009933,-9.89371977266959,-9.899190403682217,-0.0643639783028275,-0.06813481524997261,-0.08670871838237787,-0.08755566831914419,2.678388248279322,2.6843505881707643,1.1596752816103153,1.164999677235386,0.7991254449762958,0.8012744754719131
,-9.887,-0.093,-0.079,-9.871,-0.089,-0.079,2.73,1.26,0.84,-9.903462600583644,-9.89921159015432,-0.07725021871930321,-0.07322858678058189,-0.08451090686569962,-0.08214703330819455,-9.894976253678447,-9.89795756576806,-0.06332822362329998,-0.06904730274521027,-0.08700285516012218,-0.08718150722504653,2.6801375836786225,2.686346952830755,1.1702554103384748,1.1691542825075076,0.7995594936170954,0.8029680409639873
,-9.902,-0.098,-0.103,-9.923,-0.089,-0.057,2.59,1.19,0.84,-9.902563528369294,-9.899333534395229,-0.07616841602425034,-0.07431190356271843,-0.08569243528117448,-0.08305898647673071,-9.896350626423493,-9.899052734987059,-0.062395118723500544,-0.06991988484593836,-0.08748515844142894,-0.08586159329855977,2.6812876301160062,2.682133456007431,1.181210682060337,1.1700659186501559,0.8007987027657302,0.8045875425379895
,-9.904,-0.101,-0.079,-9.885,-0.074,-0.06,2.73,1.26,0.84,-9.901072111320687,-9.899537610781914,-0.0748906461537497,-0.07547904176745847,-0.08674973829812609,-0.08288147669439577,-9.897801040344634,-9.898438173213309,-0.061613045340410615,-0.07009831863896797,-0.08816331100008937,-0.08473060017414821,2.682008390663471,2.6842267814850977,1.1922370256612136,1.1739989643245927,0.8028964662389347,0.8061362191970676
21959.0,-9.931,-0.089,-0.077,-9.902,-0.06,-0.091,2.66,1.05,0.77,-9.899038924369174,-9.900913540929466,-0.07343036502953808,-0.07607034759382114,-0.08762877355115174,-0.08262426478846426,-9.899293749832792,-9.898593940940362,-0.061029002637497894,-0.06965669353037786,-0.08901053450740097,-0.08500477694335834,2.6825237463466176,2.6831672828312465,1.2030693374730526,1.1685761748442138,0.8058632443700424,0.8045558906000515
,-9.899,-0.067,-0.077,-9.909,-0.048,-0.117,2.73,1.19,0.84,-9.896557598269004,-9.90082985692711,-0.0718223871020767,-0.07567367826853227,-0.08828034367669134,-0.08237830141210967,-9.900801775731173,-9.899049024318744,-0.0606854793565305,-0.06870959134693622,-0.08996775703157768,-0.08640400926726513,2.6830857033220794,2.6852153964375463,1.2134865464584184,1.1695130931025,0.8096621683144628,0.8061059514787239
,-9.887,-0.067,-0.105,-9.909,-0.043,-0.067,2.59,1.33,0.84,-9.89375918091551,-9.900225042176697,-0.07012432912193516,-0.07529435629978047,-0.08866638933927334,-0.08336760571637461,-9.902302196600662,-9.899484205745765,-0.06061621825199849,-0.06758524565372499,-0.09095088136170537,-0.08555542268507195,2.6839471115314355,2.6810513854477445,1.2233115016114757,1.1765315929359677,0.8142035307857055,0.8075882242603537
,-9.859,-0.077,-0.084,-9.892,-0.055,-0.101,2.66,1.26,0.77,-9.890803057482996,-9.898422166432841,-0.06841405973806339,-0.07536894842855514,-0.0887661918632265,-0.08339526192372582,-9.903772795955698,-9.899156902429901,-0.06084188888233835,-0.06703486091373351,-0.09186156616618724,-0.08623085325700038,2.6853357569896206,2.6801307549233266,1.2324083610833434,1.1801818782608189,0.819340149974343,0.805944395796016
22035.0,-9.907,-0.067,-0.11,-9.883,-0.077,-0.139,2.73,1.12,0.77,-9.887865375039976,-9.8987972968695,-0.06678373174244294,-0.07500295306926001,-0.0885813954996462,-0.08455875465573441,-9.905188957943636,-9.898450320072463,-0.06136677576591858,-0.06747066174240866,-0.0925995233076344,-0.08853858199816501,2.687432396436481,2.682311663603244,1.2406789666682894,1.1775499719532152,0.8248664372709514,0.8043724561232702
,-9.885,-0.05,-0.129,-9.89,-0.057,-0.077,2.73,1.19,0.77,-9.885126178071765,-9.89819390605306,-0.06533140784176972,-0.07390951046172767,-0.08813862247569272,-0.08650228312841558,-9.906521821297735,-9.898080766124618,-0.06217718858700328,-0.06701275312471484,-0.09307440170901479,-0.0880339705167792,2.690354466922251,2.684397195610367,1.2480589862640878,1.1780944432840064,0.8305243080162902,0.802869261362771
,-9.892,-0.062,-0.072,-9.907,-0.05,-0.089,2.66,1.4,0.77,-9.882756272597938,-9.897923030818173,-0.06415144629693686,-0.07338867733703107,-0.08748868820760317,-0.08586806147327025,-9.907738561609593,-9.898470826863399,-0.06324178557797312,-0.06626874224382162,-0.09321570685446477,-0.08807621743833924,2.6941459847575104,2.6833302443142233,1.254514683225243,1.1877989365848303,0.836018494946034,0.8014318051249973
,-9.897,-0.074,-0.053,-9.902,-0.069,-0.093,2.59,1.19,0.84,-9.880904514209453,-9.897882664337388,-0.06332481795002909,-0.07341541202892081,-0.0867021030513534,-0.08443065770971035,-9.908805116729225,-9.898625166563443,-0.06451367948795403,-0.06638818707877715,-0.0929798262366745,-0.0882915469487467,2.698773359039607,2.6792486758122194,1.2600408265346488,1.187895194675359,0.8410418933042678,0.803118490191962
22110.0,-9.852,-0.055,-0.11,-9.935,-0.06,-0.105,2.8,1.26,0.91,-9.879686150148423,-9.895876098953106,-0.06291039491648273,-0.07261005931350728,-0.08586146767698719,-0.08554886995565321,-9.909690826039803,-9.900215930366873,-0.06593406330530464,-0.06610881544145603,-0.09235389382928115,-0.08902225001496394,2.704126779598074,2.684529437745305,1.2646591044393785,1.1910485208497268,0.8453084410494986,0.8077926899337988
,-9.868,-0.053,-0.069,-9.95,-0.062,-0.096,2.73,1.26,0.98,-9.87917309207443,-9.894657006382614,-0.06293803664373211,-0.0717524616397354,-0.08505206350108856,-0.08482514586330708,-9.910373689449347,-9.902393114108426,-0.06743695673160742,-0.0659291265120032,-0.09135663975782711,-0.0893274047347769,2.7100267165641045,2.6865179808593926,1.2684155176655334,1.194063944065794,0.8485877176255334,0.8153237527499916
,-9.887,-0.072,-0.101,-9.887,-0.101,-0.067,2.73,1.33,0.91,-9.879387272248742,-9.894322146056247,-0.06340411704231766,-0.07176328712060408,-0.08435207168857548,-0.08553251329445366,-9.910844645331167,-9.901719934153157,-0.06895445276228897,-0.06746286483678927,-0.09003652175596064,-0.0883509706477714,2.7162343466631893,2.688419559935199,1.2713751763997263,1.2000087728644813,0.8507334143693628,0.819464185377196
,-9.861,-0.038,-0.081,-9.907,-0.072,-0.101,2.73,1.33,0.91,-9.88029821871033,-9.892864884021183,-0.06427000081053258,-0.0702867328669625,-0.08382359996844736,-0.08533429498233534,-9.911109601300476,-9.901950844836048,-0.07042164799932951,-0.06766128527496093,-0.08846753922421191,-0.08890414481081291,2.72246412961703,2.690237978130876,1.2736131295441004,1.2056936192088974,0.8516983714087694,0.8234235463751548
22186.0,-9.854,-0.074,-0.06,-9.919,-0.077,-0.093,2.73,1.4,0.84,-9.881825595051605,-9.891165223984713,-0.06546378818829839,-0.07044912346479171,-0.08350547716210767,-0.0842263619518352,-9.911188741120343,-9.902696447670523,-0.07178045470175083,-0.06806969097614596,-0.08674324807274808,-0.08908326695553452,2.728397215610854,2.691976872282815,1.2752001386678338,1.2141911304862196,0.8515322029411462,0.8241484767713756
,-9.883,-0.062,-0.084,-9.933,-0.057,-0.091,2.66,1.19,0.77,-9.883846832686332,-9.890808138012499,-0.06688534131016383,-0.07007962184763822,-0.0834087370821,-0.08421646256906327,-9.911113383099995,-9.904021698939237,-0.07298182831750194,-0.06758558528942947,-0.08496952358808779,-0.08916709055718182,2.733695634127832,2.690578442484831,1.2761834804949463,1.2131331909410494,0.8503624221781215,0.8217804264266508
,-9.902,-0.062,-0.041,-9.871,-0.086,-0.062,2.73,1.12,0.77,-9.88620924046743,-9.891297586547672,-0.0684142107029388,-0.06972627947418,-0.08351565678510962,-0.08232649695624382,-9.910921047452433,-9.902577576219283,-0.07398649526928845,-0.06839089438957985,-0.08325659020552371,-0.08797900472365547,2.7380182887861038,2.6923024472663046,1.2765654221898972,1.2090602400832728,0.8483644298742326,0.8195159369347794
,-9.916,-0.108,-0.086,-9.943,-0.067,-0.089,2.8,1.33,0.84,-9.888745149881204,-9.892377885794838,-0.06991968880408134,-0.0714000864303339,-0.08378287066629649,-0.0824871485695079,-9.910649518332889,-9.904345351423242,-0.0747647387881668,-0.06833006704714828,-0.08171088742349603,-0.08802365543887906,2.74103993740421,2.6970123346367996,1.276284968779294,1.2143492427891278,0.8457280530490627,0.8204117570112659
22262.0,-9.897,-0.036,-0.11,-9.895,-0.053,-0.086,2.66,1.12,0.84,-9.891287987843999,-9.892580022582234,-0.07127195707327592,-0.06985195078787476,-0.08414834616820124,-0.08369035540373555,-9.910330784932427,-9.903936655482397,-0.07529599020000423,-0.06765964429991335,-0.08042744214270806,-0.08793515584950234,2.742473534133446,2.6953936912875913,1.2752097855709328,1.2102231108970962,0.8426278858115638,0.8212684006017749
,-9.88,-0.084,-0.103,-9.902,-0.079,-0.06,2.73,1.19,0.84,-9.893687045699556,-9.892029866260417,-0.07235326328317046,-0.07047068089464051,-0.0845410480371764,-0.08453481517932185,-9.909985815932927,-9.903851960621965,-0.07556890083227999,-0.06815558684208818,-0.07948341270165245,-0.08671348057101469,2.7420951018985993,2.6969071130154467,1.273143588134088,1.209338702921347,0.8392022075544503,0.8220875809934874
,-9.916,-0.086,-0.101,-9.895,-0.065,-0.065,2.73,1.4,0.84,-9.895819210788808,-9.893078141056858,-0.07306822849196844,-0.07114981744018091,-0.08489137085499633,-0.08525487950828141,-9.909621091983283,-9.90346484191333,-0.07558230901854351,-0.06801758501904953,-0.07893332494134886,-0.08576389494613251,2.739769242928914,2.698354348969333,1.2698503611477985,1.2176768054349054,0.835542326760507,0.8228709365471869
,-9.911,-0.045,-0.074,-9.904,-0.074,-0.103,2.8,1.4,0.77,-9.89759668646245,-9.893861909442949,-0.0733525667811695,-0.07000621954240138,-0.08514032809986463,-0.08476267505695491,-9.909227675704404,-9.903488245734955,-0.07534708094604226,-0.06827921121248319,-0.07880629910530342,-0.08651767357386482,2.7354724347736785,2.7027995713156465,1.2650921005459326,1.2256502615593337,0.8316921187217571,0.8205587562794925
22338.0,-9.892,-0.091,-0.086,-9.907,-0.105,-0.084,2.8,1.19,0.84,-9.898970369160018,-9.893780483416565,-0.07317957530126229,-0.0709243308543704,-0.08524609662489893,-0.0848167864176546,-9.908783283006855,-9.903641823663529,-0.07488826667479484,-0.06988510452161521,-0.07910527122496956,-0.08640756931738375,2.7293102089631525,2.707050392804591,1.2586730863242157,1.2240911851234155,0.8276564702728458,0.8214089712188454
,-9.897,-0.098,-0.089,-9.897,-0.101,-0.077,2.73,1.26,0.84,-9.89992903979315,-9.893921281049478,-0.07256373731174422,-0.07210841859749699,-0.0851873971203005,-0.08499972896666766,-9.90825730130577,-9.903351359854502,-0.07424657838625724,-0.0712458378858197,-0.07980790222012729,-0.08599615243008861,2.7215236995583294,2.708054037384656,1.250482593407828,1.2256615687522325,0.8234166762915364,0.822222004100636
,-9.907,-0.074,-0.091,-9.921,-0.062,-0.077,2.8,1.19,0.84,-9.900494981114283,-9.894493246629416,-0.07156077664432513,-0.072191142253994,-0.08496385163224388,-0.08526213605059944,-9.907618095490504,-9.904123179689009,-0.0734781251449981,-0.07084149392458092,-0.08086875054969875,-0.08560272784765366,2.7124817805267907,2.712075067733979,1.2405296867455626,1.2241019978240657,0.8189500275909751,0.8229994809906278
,-9.911,-0.067,-0.098,-9.916,-0.065,-0.065,2.73,1.26,0.84,-9.900717020863073,-9.895215128856584,-0.07026365976921227,-0.07196412042555018,-0.08459376405065401,-0.08581919517608125,-9.906841425000364,-9.90464258319043,-0.07265178727892711,-0.07058603056666937,-0.08222244747438638,-0.08470171825900173,2.702657300847019,2.7128589705242816,1.2289664138418626,1.2256719085860355,0.8142500457082932,0.8237429568426009
22413.0,-9.864,-0.089,-0.055,-9.907,-0.057,-0.101,2.59,1.33,0.84,-9.900662227254323,-9.89385001203231,-0.06879449265272788,-0.07270914268479664,-0.0841099175022745,-0.08447139353672954,-9.905918482242837,-9.904745679011798,-0.07184443171135088,-0.06999187896194964,-0.08378783594509641,-0.08541448349260465,2.6925891365281935,2.707486035866656,1.2160971624116448,1.2302344408596655,0.809343616422119,0.8244539186082592
,-9.897,-0.065,-0.098,-9.933,-0.069,-0.077,2.66,1.26,0.84,-9.900407564900307,-9.893987769002358,-0.06729292301365632,-0.07237200230558813,-0.083554166692391,-0.08506303383963697,-9.904862029024203,-9.905981312191999,-0.0711348784461641,-0.06994850157706609,-0.0854730497849372,-0.08504649676936821,2.682834972079097,2.7054093509752524,1.2023721132599203,1.2315361643205267,0.8043019480818396,0.825133788211134
,-9.868,-0.045,-0.053,-9.902,-0.084,-0.091,2.59,1.19,0.77,-9.900032736795907,-9.892851257894122,-0.06590229889354482,-0.07117495516113699,-0.0829717775373404,-0.08366083597805261,-9.903709385927408,-9.905807199303311,-0.07059772092322575,-0.07056300927272702,-0.08718132042709206,-0.08530685857856816,2.6739218771667415,2.700362207091311,1.188363199951626,1.2297196824155405,0.7992436672286276,0.8227226476959428
,-9.916,-0.041,-0.074,-9.911,-0.055,-0.089,2.66,1.12,0.77,-9.89961502667349,-9.893863611149325,-0.06475529824668264,-0.06985532777303737,-0.0824064388633107,-0.08323834309677086,-9.902521576314752,-9.906034293659664,-0.070297818248403,-0.06988239937064539,-0.08881710265816134,-0.08546836902793988,2.666301922807105,2.69859706531604,1.1747230439988536,1.2249213621808972,0.7943300743644156,0.8204169524761434
22489.0,-9.945,-0.065,-0.108,-9.897,-0.06,-0.108,2.73,1.12,0.77,-9.89922616438665,-9.896099935243114,-0.06396092234315098,-0.06964299196430838,-0.08189653752975483,-0.08432123321043411,-9.901378635677949,-9.905639201064439,-0.07028586795070424,-0.0694502169597685,-0.09029204347616991,-0.08645373444672859,2.6603181609867095,2.69997039536589,1.162130529145524,1.2203328846706156,0.789754105246854,0.8182120911612963
,-9.878,-0.079,-0.089,-9.883,-0.077,-0.062,2.66,1.19,0.77,-9.898930389273705,-9.89530837912838,-0.06359449029252952,-0.07005219767840568,-0.08147274450222672,-0.08452584755915712,-9.900371808688604,-9.904649131332445,-0.07059517605391744,-0.06978038813718689,-0.09153037168923658,-0.08538431056374701,2.656183359552174,2.698222388511983,1.1512293120736417,1.2190063506241635,0.7857252999856171,0.8161036540287718
,-9.928,-0.055,-0.096,-9.897,-0.091,-0.105,2.59,1.12,0.84,-9.89878250932486,-9.896738066696537,-0.06369162819641871,-0.06939392686403521,-0.08115648272446971,-0.08502764137244728,-9.899593869821441,-9.904314615402013,-0.07123952721570227,-0.0707083756297773,-0.09247340549441475,-0.0862421544570786,2.653971536379994,2.6934895487406116,1.142566364996148,1.2146765515844715,0.7824528097418469,0.8171487018987932
,-9.88,-0.053,-0.072,-9.897,-0.091,-0.101,2.66,1.26,0.84,-9.898825089932718,-9.896006068550438,-0.06424657548088804,-0.06867697882640744,-0.08095876140728457,-0.08445790954465777,-9.899128961467705,-9.903994728702385,-0.07221184857818341,-0.07159577987362728,-0.09308298548826074,-0.08688755250535359,2.653621453003807,2.69202496576121,1.1365369218261172,1.216658661036925,0.7801275793281939,0.8181480471726121
22565.0,-9.923,-0.045,-0.062,-9.919,-0.06,-0.101,2.59,1.05,0.77,-9.899084677653512,-9.897186581696625,-0.06521474752207318,-0.06764152443849097,-0.08087925012058243,-0.08347576815103068,-9.89904314309699,-9.904650947307001,-0.07348330783698206,-0.07108866698395111,-0.09334366191949758,-0.08750472565863927,2.65495131377243,2.6875631550188426,1.1333413505121688,1.2093702547279874,0.7789042546384073,0.816042410846288
,-9.873,-0.069,-0.067,-9.887,-0.053,-0.074,2.66,0.84,0.7,-9.89956770466036,-9.89612884108157,-0.06651930395893572,-0.06770093402327605,-0.08090602560792601,-0.0827552409861691,-9.899376480257809,-9.903879026574465,-0.07500278887402832,-0.07029760365879402,-0.09326344106037238,-0.08691412972393961,2.657683737413221,2.6863577482810013,1.1329595106006913,1.193216755845041,0.7788838424701353,0.8109675816471682
,-9.883,-0.065,-0.086,-9.892,-0.069,-0.091,2.66,1.05,0.7,-9.900257191583718,-9.895554683533605,-0.06806115349053227,-0.06758281532213692,-0.08101669996399603,-0.08289714253464096,-9.9001372492932,-9.903359526587542,-0.0766972168415013,-0.07024085615683756,-0.09287296064485394,-0.08709281520306356,2.6614789473645404,2.6852050570397217,1.1351484796326006,1.1869535235572497,0.7800995216248495,0.8061146876113426
,-9.871,-0.074,-0.077,-9.895,-0.093,-0.108,2.73,1.12,0.77,-9.901111522520976,-9.894480844890797,-0.06973126716446676,-0.06786345509807627,-0.08118140975204345,-0.0826392455217479,-9.901298802668927,-9.902993943269271,-0.07847351705426658,-0.07123617129101933,-0.09222309700362392,-0.08800713946696936,2.6659724003380454,2.68716405360701,1.1394679490287776,1.1840254760110611,0.782508991793268,0.8045353006452282
22641.0,-9.923,-0.117,-0.077,-9.899,-0.069,-0.098,2.73,1.4,0.84,-9.902066314174682,-9.895728059939389,-0.07142358742532584,-0.07001232093939745,-0.0813675703058845,-0.08239262699989833,-9.902799664762114,-9.90281927799151,-0.08022280774737095,-0.07113837784395859,-0.0913810391010548,-0.08844415262488221,2.670811569499397,2.6890373782815122,1.145332415047188,1.1934705901948477,0.7859960237903342,0.8060862619748924
,-9.907,-0.057,-0.084,-9.88,-0.081,-0.112,2.73,1.19,0.77,-9.90303968912038,-9.896221010491976,-0.07304652343263933,-0.06944325911303602,-0.08154571623733137,-0.08246292150149738,-9.904547274359244,-9.90182133303837,-0.08182693166439961,-0.07156965161449803,-0.09042480251063675,-0.08947430962694249,2.675686147585456,2.6908287777125777,1.1520820647051553,1.1933188124755592,0.7903814782738942,0.8045081181340181
,-9.911,-0.103,-0.108,-9.916,-0.067,-0.072,2.66,1.19,0.84,-9.903940339335133,-9.896867333219518,-0.0745312175665731,-0.0709107805755644,-0.0816953674433571,-0.083579722769924,-9.906425395836832,-9.902441402137045,-0.08316699901468258,-0.07136980914936882,-0.0894362439995673,-0.08871011370854903,2.680347044178821,2.68948055700458,1.1590592585458306,1.1931736723812219,0.7954414562028309,0.8060602682239002
,-9.895,-0.072,-0.086,-9.916,-0.084,-0.081,2.73,1.19,0.77,-9.904677099429211,-9.896785669997616,-0.07583544484541746,-0.0709584149059705,-0.0818097089768106,-0.08368556763705128,-9.908304673561375,-9.903034354039994,-0.08413335509150476,-0.07192215945691406,-0.08849302810516234,-0.0883729308640069,2.684612047142842,2.6912525751050795,1.165677718767928,1.1930348796316468,0.8009288616906189,0.8044832611557418
22717.0,-9.926,-0.079,-0.096,-9.899,-0.093,-0.074,2.66,1.12,0.84,-9.905168596474779,-9.898063286808984,-0.07694293208731687,-0.0713100938356374,-0.08189798574812447,-0.08422410902437956,-9.910055233510269,-9.902857921496647,-0.08463613570102603,-0.07284394692980735,-0.08766051368770583,-0.08774436611174394,2.688359026139052,2.689885820661301,1.1714758666105887,1.1898408789468469,0.806594683610087,0.8060364983043831
,-9.899,-0.065,-0.065,-9.907,-0.108,-0.105,2.66,1.19,0.84,-9.905351752473715,-9.898104251654667,-0.07785875226525651,-0.0710341374140779,-0.08198495131198437,-0.08338338993648321,-9.91155979668573,-9.903039065104235,-0.084615233246999,-0.0743814103739506,-0.08698481949853164,-0.08849899878497787,2.691510081913731,2.688578837858845,1.1761507659756063,1.1898478377144288,0.8122060082246568,0.8075218084496332
,-9.919,-0.091,-0.101,-9.962,-0.091,-0.069,2.66,1.19,0.84,-9.905188217322477,-9.899018075773514,-0.07860206959398776,-0.0719072952681565,-0.08210738384975215,-0.08415380901419667,-9.91272555723668,-9.905617576459129,-0.08404821906926574,-0.07510818348446603,-0.08648821893740131,-0.0876462580700449,2.6940115556583075,2.687329012732107,1.1795723608831359,1.1898544921574397,0.8175585691137827,0.8089421622117825
,-9.907,-0.038,-0.072,-9.923,-0.096,-0.067,2.73,1.26,0.84,-9.904668117538668,-9.899367145581994,-0.0791978156334968,-0.07042444317265883,-0.08230833052292472,-0.0836222920936505,-9.913493080439528,-9.906377753965726,-0.08295481908671797,-0.07602183565441384,-0.08616765493782927,-0.08674334479426665,2.6958152122922496,2.6891951233253213,1.1817788982689166,1.1929221332792537,0.82248251160387,0.8103004002983555
22792.0,-9.892,-0.105,-0.067,-9.919,-0.067,-0.062,2.59,1.26,0.84,-9.903810852782582,-9.899044961604249,-0.07966886700279072,-0.07193652004251673,-0.08263015979878384,-0.0828953570648282,-9.913840743596511,-9.906929756826285,-0.081397029713601,-0.07562728787938246,-0.08599677925944439,-0.08566125551561349,2.696865315634442,2.6848570687762097,1.1829547021321343,1.1958556186676264,0.8268412244635248,0.8115992391855251
,-9.928,-0.055,-0.065,-9.911,-0.096,-0.103,2.59,1.12,0.77,-9.902663041021954,-9.900311238935448,-0.08003001826100861,-0.07119584302782515,-0.08310766176874258,-0.08211274767315017,-9.913783931957889,-9.907107758892554,-0.0794747174459945,-0.07651823829639785,-0.08593148210209443,-0.08641952282619184,2.6970950060680505,2.6807087283646505,1.1833921503714235,1.1925382599043575,0.8305245537074396,0.8097799988565775
,-9.878,-0.072,-0.101,-9.911,-0.072,-0.081,2.73,1.19,0.84,-9.901294030845973,-9.899335511819883,-0.08028458194410232,-0.07123101085356495,-0.08376234534976015,-0.08293873516255529,-9.913369240447462,-9.907277976476609,-0.0773172559059984,-0.07632064426618149,-0.08591821897326178,-0.08618251333558338,2.696433520552706,2.682864360798797,1.1834415271694603,1.1924272553553856,0.8334390756263422,0.8111015962198314
,-9.902,-0.091,-0.079,-9.909,-0.067,-0.124,2.8,1.19,0.84,-9.8997896239169,-9.899452036651784,-0.08042390792264262,-0.07209555893237299,-0.08459871499158188,-0.08276648427544633,-9.912664912234115,-9.907353284936631,-0.07507222338557062,-0.07591302883203403,-0.08590363543190019,-0.08783636802683177,2.6948231504370233,2.6879869996490293,1.183454916575298,1.1923211053171245,0.8354988537655027,0.8123653967755249
22868.0,-9.885,-0.077,-0.086,-9.911,-0.069,-0.134,2.73,1.05,0.77,-9.89824477482249,-9.898820012402613,-0.08042958448460148,-0.07231004259014812,-0.08560277978257134,-0.08290789412633709,-9.91174931334318,-9.907512765043512,-0.07289242027327945,-0.07561070453253603,-0.08584343141118636,-0.08985522083906072,2.6922416720819307,2.6898243348040713,1.1837322253370863,1.1860970421005212,0.8366199749959257,0.8105126504302812
,-9.916,-0.098,-0.079,-9.885,-0.093,-0.069,2.73,1.05,0.77,-9.896756021866452,-9.899571336871519,-0.08027762914429704,-0.07343352964145003,-0.08674261790762887,-0.0827369919960317,-9.910699381527435,-9.90652822467967,-0.07092254116459655,-0.07637118256592766,-0.08570850822774903,-0.08894316909094295,2.6887237800700086,2.691581318628722,1.1844778579940902,1.180145172968119,0.8367213225146423,0.808740929385898
,-9.887,-0.072,-0.115,-9.907,-0.026,-0.048,2.73,1.12,0.84,-9.895414226283018,-9.89902156039788,-0.07994370094653563,-0.07337083775122491,-0.08797063344363833,-0.0841479352354552,-9.909580847593634,-9.906548856612027,-0.06928678857870371,-0.07416832288544091,-0.08548732798185019,-0.08715262037266057,2.6843753183831427,2.6932614650906297,1.1857751803913312,1.1775148718761412,0.835732735967348,0.810107967894775
,-9.899,-0.084,-0.069,-9.885,-0.065,-0.101,2.59,1.26,0.84,-9.894297967626466,-9.89902061750695,-0.07940836091376102,-0.07383567799841452,-0.08922712304218297,-0.08348547757468588,-9.908441675550492,-9.905606470410767,-0.06807858523609496,-0.07376736885193995,-0.08518474027766286,-0.08775820143523608,2.6793766870393214,2.6887455790937422,1.187582463500283,1.1811221559168923,0.8336098525161069,0.8114152223394415
22943.0,-9.892,-0.086,-0.086,-9.885,-0.089,-0.086,2.66,1.4,0.98,-9.893467831813398,-9.898713588081586,-0.07866162592510978,-0.07436765467858633,-0.09044482573469943,-0.08359544402344167,-9.907309574160065,-9.904705297150329,-0.06735333045027106,-0.07443353047996744,-0.08481857387372456,-0.08768131082329171,2.6739750749588893,2.6874884619495303,1.1897488677433057,1.190694239658454,0.8303525863583372,0.8187878626177635
,-9.887,-0.072,-0.074,-9.943,-0.055,-0.048,2.73,1.26,0.84,-9.892961871194437,-9.89820132313992,-0.07770634636008733,-0.07426411112921766,-0.09155422625343647,-0.08317581089833205,-9.906193595285233,-9.90638002171677,-0.06712477944974964,-0.0735836528602034,-0.0844155465835677,-0.08594594637027171,2.668467505441478,2.689347599423706,1.1920442384224652,1.1937251564903557,0.8260222884163353,0.8197155232323444
,-9.887,-0.086,-0.11,-9.933,-0.069,-0.077,2.73,0.98,0.77,-9.892792596913715,-9.897711460844535,-0.07656018057027036,-0.07477735134100508,-0.09248940009515103,-0.08434890078075594,-9.905088887919343,-9.907544180941715,-0.06736515392530651,-0.07338319808505742,-0.08400767501426384,-0.08555471742628026,2.6631774292228982,2.691125432096729,1.1941948853276063,1.184378412857285,0.8207524403649018,0.8175413371989017
,-9.885,-0.048,-0.098,-9.923,-0.065,-0.103,2.59,1.05,0.84,-9.892945860823591,-9.897155556393853,-0.0752561279277022,-0.07360630979275229,-0.09319398212282518,-0.08494589800282906,-9.903982959566177,-9.908220103143616,-0.06800875299547307,-0.0730165795521108,-0.08362978217659367,-0.08631764391795131,2.6584273893473025,2.686702960244969,1.1959199306739077,1.1785017037444172,0.8147496605278994,0.818523511534345
23019.0,-9.909,-0.084,-0.127,-9.878,-0.05,-0.105,2.59,1.33,0.84,-9.89338184650656,-9.897673543979783,-0.07384170416000496,-0.07406085224982184,-0.09362650379355497,-0.08678503063719585,-9.902861743931716,-9.906898501319635,-0.06895872648657163,-0.07201000610087806,-0.08331806022024654,-0.08713467077444365,2.654510387761206,2.6824738943136985,1.196966407054133,1.1851271088169915,0.8082846631839536,0.8194627328928571
,-9.885,-0.079,-0.062,-9.878,-0.062,-0.079,2.66,1.33,0.77,-9.894038145125778,-9.897119297729848,-0.07237682759333226,-0.07427685371892759,-0.09376420441153945,-0.08570111833081218,-9.901714492878455,-9.905634696498293,-0.07009661501520559,-0.07157224312375934,-0.08310905895675828,-0.08677892097167493,2.6516633743459663,2.681491053865544,1.1971421549696908,1.1914627681071996,0.8016749986049909,0.8172996020226666
,-9.902,-0.089,-0.103,-9.907,-0.081,-0.084,2.59,1.19,0.7,-9.894834654577018,-9.897332743229748,-0.07093031351550744,-0.0749207342803981,-0.09360469311189099,-0.08645764233929042,-9.900537485370048,-9.905694404686235,-0.07129403657462646,-0.07198454286424927,-0.08303825554195056,-0.08665739170331302,2.650046691138926,2.6774899178306324,1.196343215115965,1.1913987975446456,0.7952623883822971,0.8121697926620332
,-9.892,-0.101,-0.091,-9.892,-0.079,-0.091,2.73,1.33,0.84,-9.895679931189255,-9.897099528831182,-0.06957471682317988,-0.07606124677234168,-0.09316536291405071,-0.08665629117053496,-9.899337038737313,-9.90509551360616,-0.07242546958598828,-0.0722913466134823,-0.08313767272643385,-0.08684730498780656,2.6497323528479275,2.6797863170203584,1.1945703095798557,1.1974601799661575,0.789387671555748,0.8133868782757003
23095.0,-9.876,-0.062,-0.108,-9.899,-0.096,-0.091,2.59,1.05,0.84,-9.896478646691941,-9.896176792874394,-0.0683794164599292,-0.07544631275661504,-0.0924808708042054,-0.08758970573849631,-9.89813206961073,-9.904828941322746,-0.07338061262377019,-0.07332818621031803,-0.08343258411840973,-0.08702891288227571,2.650702135543238,2.6758597334551486,1.1919301868785206,1.1910113719696485,0.7843659434379512,0.8145507376459189
,-9.914,-0.034,-0.084,-9.931,-0.091,-0.06,2.66,1.19,0.77,-9.897139837258834,-9.896956246966077,-0.06740245314629824,-0.0736337602886063,-0.09159913732088888,-0.08743271879411009,-9.896955858127168,-9.905973468153743,-0.07407457465958597,-0.07410101948711095,-0.08393783061728909,-0.08584686990923603,2.6528547345291433,2.6751661470513377,1.1886214410794924,1.1909671421060555,0.7804634299188958,0.812602420796941
,-9.864,-0.045,-0.074,-9.883,-0.081,-0.074,2.66,1.19,0.77,-9.897585540806098,-9.89551498662706,-0.06668249674577312,-0.07238153326459436,-0.0905763494054241,-0.08684527190238518,-9.895856231746418,-9.904968780073398,-0.07445438465694472,-0.07440272941795119,-0.08465457225832176,-0.08532877621491247,2.656020340641105,2.6745028929416295,1.1849081481219625,1.1909248465266744,0.7778767468235872,0.810739308789557
,-9.938,-0.05,-0.11,-9.916,-0.067,-0.089,2.59,1.19,0.77,-9.89775916088146,-9.897372964109755,-0.06623288647886463,-0.07140273199957506,-0.08947153698837289,-0.0878578869402019,-9.894893363282534,-9.905451203323459,-0.07450100258222715,-0.07407898926872968,-0.08556840154249812,-0.08548932815040909,2.659980600617563,2.670807366923316,1.181086362089436,1.1908844006403467,0.7767152955393223,0.8089576753997522
23171.0,-9.899,-0.069,-0.089,-9.902,-0.079,-0.074,2.73,1.12,0.77,-9.897632559040611,-9.897444118519454,-0.06603947927093395,-0.07129765442991602,-0.08834137514706511,-0.08790783444355252,-9.894134763398638,-9.90530027344127,-0.07422693964516636,-0.07429419755995789,-0.08664956055571243,-0.08498687066481618,2.66449151950164,2.6733960110278256,1.1774481977352853,1.1877844458608116,0.7769884019153525,0.8072539573607468
,-9.911,-0.055,-0.055,-9.897,-0.067,-0.069,2.8,1.26,0.77,-9.897210661484982,-9.898036951628104,-0.06606308553594613,-0.07058491663021915,-0.08723584623768821,-0.08646869130703878,-9.893647678779287,-9.904937281413499,-0.07367042854080627,-0.07397520378439375,-0.0878555294885567,-0.08428772422808944,2.669306228039253,2.6789327248488792,1.1742471267467558,1.1909426153619747,0.7785994713123909,0.8056247472364629
,-9.914,-0.077,-0.079,-9.871,-0.057,-0.124,2.66,1.26,0.7,-9.89653248581058,-9.898735056255488,-0.06624606209353613,-0.07086546451062191,-0.08619532260463118,-0.0861420664769637,-9.893489793892277,-9.903453117947747,-0.0728875871520686,-0.07323283503147149,-0.08913565284715197,-0.08602444285691685,2.674194108431487,2.678104748730654,1.1716673095655774,1.1939626700938617,0.7813494350369461,0.8010055089121637
,-9.89,-0.077,-0.103,-9.873,-0.057,-0.079,2.66,0.98,0.7,-9.895668022717688,-9.89835305007156,-0.06652166659991812,-0.0711337433200459,-0.08524949008475197,-0.08687930670366709,-9.89369972275209,-9.902121325794875,-0.07194414625466442,-0.07252293194861217,-0.09043691480272217,-0.08571724613928704,2.6789534381130653,2.6773129821098904,1.1697996833922075,1.184605539387983,0.7849511656003658,0.7965882816056887
23246.0,-9.864,-0.067,-0.072,-9.902,-0.077,-0.12,2.59,1.05,0.84,-9.894711187316087,-9.896850703986964,-0.06682425476362139,-0.0709529642311831,-0.08441818968229796,-0.08622859685050442,-9.894289078223869,-9.90211601990988,-0.0709081169965671,-0.07271872549950388,-0.09170959552814052,-0.08721651799213609,2.6834168564131615,2.673494563758858,1.1686281396428089,1.1787188974553688,0.7890552421143491,0.7984867862514018
,-9.931,-0.105,-0.093,-9.849,-0.074,-0.115,2.66,1.19,0.84,-9.893769782424195,-9.898344139389351,-0.06709830514242654,-0.07244192753350487,-0.08371374202000725,-0.08652472749938926,-9.895237726097308,-9.899793121524592,-0.06984431453092699,-0.07277475888591653,-0.09291149408258609,-0.08843156018850595,2.687451491452839,2.6729044122298316,1.1680296373185588,1.1792122487066419,0.7932852202405799,0.8003022644696176
,-9.88,-0.098,-0.105,-9.926,-0.053,-0.096,2.73,1.26,0.84,-9.892953827716399,-9.897541903607392,-0.06730454140660043,-0.07355964692144483,-0.0831439160083686,-0.08733269806518516,-9.89649317069769,-9.900939214846291,-0.06881106271594206,-0.07190995848175452,-0.09400980001788163,-0.08876254727389173,2.690956663136858,2.6754013472197533,1.1677908811567193,1.1827453021498164,0.7972778698430442,0.8020383472167727
,-9.871,-0.038,-0.089,-9.892,-0.077,-0.048,2.8,1.12,0.84,-9.892363670854904,-9.896381158786212,-0.06742209007798985,-0.07200453329366628,-0.08271461925624177,-0.08740561341122839,-9.897974108068412,-9.90054828028893,-0.06785890045950403,-0.07213255891838058,-0.09498047259246183,-0.08697989760617615,2.693861044624317,2.6808503625986027,1.1676408171633958,1.1800012908083142,0.8007220401573586,0.8036985066583613
23322.0,-9.902,-0.057,-0.053,-9.933,-0.077,-0.11,2.66,1.12,0.84,-9.892079208866269,-9.896626884975879,-0.06744663405736123,-0.07134834696383617,-0.08243162351671031,-0.08590096859835723,-9.899577321355878,-9.901967476370348,-0.06703081351782213,-0.0723454244728434,-0.0958058742717858,-0.08798662512021972,2.6961192880719125,2.6799385233136728,1.167294614514344,1.1773772820484285,0.8033899903279856,0.8052860631132667
,-9.88,-0.065,-0.093,-9.885,-0.069,-0.086,2.66,1.12,0.77,-9.892151439979951,-9.895899749088658,-0.06738562795957223,-0.07107071763587525,-0.0823010809799505,-0.0862114272623904,-9.901186567686539,-9.90122544555686,-0.0663633810344937,-0.07219912056831039,-0.09647197218889152,-0.08789974496067916,2.6977073042688113,2.6790665610753703,1.1665030113559005,1.1748680278526398,0.8051569909733464,0.8037429139999103
,-9.88,-0.041,-0.086,-9.899,-0.036,-0.089,2.66,1.26,0.77,-9.892597353653596,-9.895204412699615,-0.06725232799336935,-0.06975564881936151,-0.08232900590445053,-0.0862021810114995,-9.902682097791496,-9.90112812117338,-0.0658882097877328,-0.07061604113465522,-0.09696635978705805,-0.08794786190653804,2.698616251354846,2.6782327319592185,1.1651005174124136,1.1785910651015328,0.806007645275167,0.8022672507145536
,-9.88,-0.077,-0.084,-9.899,-0.101,-0.084,2.73,1.33,0.91,-9.89339878398498,-9.89453948513597,-0.06706035475881053,-0.07007246268622334,-0.08252004710982352,-0.08610587404564622,-9.903949842503188,-9.901035053032249,-0.06563312497770778,-0.07194480878529423,-0.09727779832245469,-0.08777521188374654,2.6988466481672497,2.6804966460014734,1.1630454713257872,1.1852125621751173,0.8060295817897684,0.8069786773196027
23398.0,-9.907,-0.065,-0.096,-9.926,-0.06,-0.115,2.73,1.19,0.77,-9.894505354957614,-9.8950844150819,-0.0668199295036644,-0.06985063101654534,-0.08287578832310769,-0.08653856928979652,-9.904889715124618,-9.902126833536483,-0.06562269995558319,-0.07142243197530353,-0.09739732300025139,-0.08896582097799592,2.698404397312219,2.6826615533357314,1.1604443974926344,1.1854219289840753,0.8053963811145555,0.8053615058903144
,-9.871,-0.055,-0.062,-9.904,-0.084,-0.105,2.66,1.19,0.77,-9.895841080193206,-9.894031142472256,-0.06653620165250866,-0.06920117522397354,-0.08339275334002809,-0.08546543536377495,-9.905422646757556,-9.902208751860952,-0.06587775512573672,-0.07197248095308799,-0.09732041581041256,-0.0896670363292744,2.6972997890011454,2.6816705060821726,1.1575541954501678,1.1856221396510014,0.8043420749371856,0.8038150574728068
,-9.933,-0.098,-0.077,-9.914,-0.074,-0.11,2.66,1.12,0.84,-9.897313594884205,-9.895735349534105,-0.06620950290353605,-0.07046062093703535,-0.08406040130688694,-0.08509522038587128,-9.905495990209882,-9.90272441307407,-0.06641356208889185,-0.07206114950785172,-0.09704937377397443,-0.09055624844567488,2.6955497958617975,2.680722799840778,1.154759387983732,1.1827523169027412,0.8031299838482211,0.805397516864733
,-9.911,-0.031,-0.091,-9.897,-0.043,-0.103,2.73,1.33,0.84,-9.898824530078477,-9.896402911448183,-0.06583702933286838,-0.068734907812961,-0.08485953136072713,-0.08535345138763702,-9.905087059901838,-9.902474069958961,-0.06723683276016505,-0.07079023166835778,-0.09659491740956419,-0.09110044528951787,2.693183755014141,2.682877816893553,1.1525267604905534,1.1891918318717516,0.8020192356613403,0.8069107712903888
23474.0,-9.916,-0.103,-0.086,-9.887,-0.069,-0.091,2.59,0.91,0.7,-9.900279368332676,-9.89725994187762,-0.0654153572523231,-0.07023340727598626,-0.08576146237116772,-0.08538172659971457,-9.90420488552754,-9.901797349598843,-0.0683420957997848,-0.07071194029301049,-0.09597638219419109,-0.09109605256202762,2.69025243216752,2.6788160341911387,1.1513442380554033,1.1769820643375755,0.8012327100794415,0.8022352918696487
,-9.89,-0.038,-0.103,-9.883,-0.038,-0.101,2.66,1.05,0.77,-9.90159538642544,-9.896942446190002,-0.0649432662308237,-0.06882375855153863,-0.08672809835448836,-0.0861522184193673,-9.90289054243217,-9.90097529378395,-0.06970847361161318,-0.06928136410497583,-0.095220396603779,-0.09152917732458832,2.6868398565168388,2.677993161251595,1.151653813312258,1.1714288163210511,0.8009302963898483,0.8008255607271362
,-9.897,-0.069,-0.074,-9.904,-0.093,-0.062,2.8,1.12,0.77,-9.902706970440633,-9.896944963164213,-0.06442447862245074,-0.06883146603746748,-0.08771274764711312,-0.08562077105957074,-9.90121641373823,-9.901107571864973,-0.07129789351984328,-0.07031864026224907,-0.09435851131042687,-0.09023779144058329,2.683076069973872,2.683328830023531,1.153789482813536,1.1691797036316574,0.8011912000586083,0.7994774807060779
,-9.892,-0.065,-0.093,-9.933,-0.074,-0.081,2.8,1.19,0.77,-9.903568377452961,-9.896728707372288,-0.06387004071330137,-0.0686639063015005,-0.0886615367283524,-0.08594348347325444,-9.899284327489703,-9.902502308706014,-0.07305534916349214,-0.0704796354686857,-0.09342456887961866,-0.08983379937082053,2.679147355517237,2.6884311564555143,1.1579297644042008,1.170090228044015,0.8020081029936931,0.7981883556464319
23550.0,-9.923,-0.074,-0.081,-9.921,-0.069,-0.122,2.66,1.26,0.84,-9.904154511066672,-9.897877617688382,-0.0633001037395248,-0.06889726722457074,-0.08951542032598678,-0.08572729239197235,-9.897221892562305,-9.903311259702553,-0.07491121611293582,-0.07041492725359626,-0.09245254566142368,-0.09124050897799972,2.675299502977085,2.687187789811432,1.1640703587044647,1.1740222106069491,0.8032939490568665,0.800016884992567
,-9.885,-0.048,-0.089,-9.904,-0.069,-0.072,2.59,1.12,0.84,-9.904460323559086,-9.89731444677713,-0.0627448183412109,-0.06798337668128017,-0.09021294222379996,-0.08587041620341575,-9.895176006798822,-9.903341380064123,-0.07678516624793001,-0.070353048893014,-0.09147515806743133,-0.0903990726785004,2.6718305180611868,2.682937521052484,1.172017857657757,1.1716596822021206,0.8048995858311868,0.8017654481086872
,-9.911,-0.079,-0.086,-9.897,-0.11,-0.127,2.66,1.05,0.84,-9.904499242918462,-9.897912950760244,-0.06224402106482961,-0.06846516158462555,-0.09069389836904534,-0.0858760832317879,-9.893302848027636,-9.903064055416372,-0.07859106193372739,-0.07208691070841806,-0.09052294835521477,-0.09199972414145603,2.6690720045746112,2.6819344050301295,1.181402669107442,1.166339195467208,0.8066385186611987,0.8034375421210248
,-9.911,-0.077,-0.093,-9.871,-0.069,-0.084,2.8,1.26,0.77,-9.904300808014854,-9.898485280644877,-0.061845444011551926,-0.06883841173415481,-0.09090389643820539,-0.08618763019607245,-9.891754637735074,-9.901661812878645,-0.08024222993281374,-0.07195191226703868,-0.08962323169459663,-0.0916498758975089,2.66736144481572,2.687097713206812,1.191708947982272,1.1704352202066945,0.8083143540169072,0.8019752335231162
23625.0,-9.904,-0.06,-0.077,-9.902,-0.069,-0.12,2.59,1.19,0.84,-9.903907574349876,-9.898726453321352,-0.06160133002901718,-0.06845188555277663,-0.09079957481408525,-0.08578583180486611,-9.890664589173042,-9.901676602659947,-0.0816566113383958,-0.07182281765019337,-0.08879840857376278,-0.09288969879109364,2.667008986026044,2.682851383726443,1.2023194548227303,1.1712908376921063,0.8097471364178365,0.803638153086742
,-9.921,-0.043,-0.112,-9.854,-0.072,-0.043,2.66,1.19,0.77,-9.903371318842874,-9.899700532058844,-0.061563606375183245,-0.06733880998812829,-0.0903540059310007,-0.08693224392451365,-9.89013219337197,-9.89959158379892,-0.08276146360630689,-0.07183056628412651,-0.08806365914636492,-0.09070789561832343,2.668262423985672,2.6818520347080153,1.2125723091979748,1.1721090368529021,0.8107960305281298,0.8021670712620531
,-9.899,-0.067,-0.098,-9.885,-0.115,-0.06,2.66,1.12,0.84,-9.902748661281283,-9.899669896013615,-0.06177815009524789,-0.06732399296728075,-0.08956160702517185,-0.08741626499311256,-9.89021115548399,-9.898953456798765,-0.08349746001218271,-0.07371847520581358,-0.08742470670639754,-0.08936496139116559,2.6712742567872247,2.6808963897590035,1.2218248765518864,1.1698301763929155,0.811376791925424,0.8038216012743765
,-9.883,-0.062,-0.065,-9.883,-0.081,-0.069,2.59,1.33,0.84,-9.902096472553858,-9.89894087914453,-0.06227899651041319,-0.06709116123990434,-0.0884417844460751,-0.08643594482143892,-9.89090194802293,-9.89825577163522,-0.08382201652154822,-0.07403691476916081,-0.08687679121213335,-0.0884743499332243,2.676075189618439,2.676921259895021,1.2295185093970922,1.1768348093691798,0.8114728270733335,0.8054037744892487
23701.0,-9.887,-0.041,-0.098,-9.88,-0.089,-0.117,2.73,1.47,0.84,-9.901467768522227,-9.898418674187704,-0.06308339427251153,-0.06595012852666124,-0.0870406164673733,-0.08694167030966693,-9.89215025210582,-9.89745740039947,-0.08371154876821932,-0.07469128846998789,-0.08640580964528798,-0.08972184902279857,2.6825583831786086,2.6792425279398056,1.235236679299675,1.189655667353159,0.8111386423589497,0.8069167552530995
,-9.88,-0.074,-0.103,-9.899,-0.067,-0.098,2.66,1.26,0.84,-9.90090895480546,-9.897613178809806,-0.0641884009164286,-0.06630216984073023,-0.08543007640601744,-0.08764394183097773,-9.893851681889455,-9.897524862195878,-0.08316241305585066,-0.07435492890091576,-0.0859916955825373,-0.09008387357905734,2.6904775798683698,2.6784010033459813,1.2387483306097364,1.1927320035883797,0.8104946921388368,0.8083635695274564
,-9.902,-0.077,-0.101,-9.876,-0.091,-0.089,2.66,1.12,0.77,-9.900459042239259,-9.897805025636366,-0.06556938897111145,-0.06677001310995875,-0.08370446499657895,-0.08822803615896511,-9.895862325248675,-9.896583525331346,-0.0821905902423883,-0.07508286011347003,-0.08561306721811276,-0.09003647303604001,2.699460476661826,2.677596280758849,1.2400294179418714,1.1895512484418005,0.8097134692134939,0.8066858332463799
,-9.914,-0.05,-0.077,-9.899,-0.062,-0.093,2.66,1.26,0.84,-9.900150757443768,-9.898513272976112,-0.0671805067137854,-0.06603661786610457,-0.08197388463947451,-0.08773700563544586,-9.898013919470417,-9.89668920390281,-0.08083047310477873,-0.07451071342996322,-0.08525167770176416,-0.09016607559306551,2.709037005480574,2.6768267507332344,1.2392594679652769,1.1926321511810813,0.8089980679734255,0.8081427463262845
23776.0,-9.945,-0.098,-0.079,-9.907,-0.074,-0.084,2.66,1.33,0.77,-9.900012604039727,-9.900546255555083,-0.06895690610097749,-0.06743445770563171,-0.08035495583022813,-0.08735491420018288,-9.900131913632963,-9.89714012119002,-0.07913316997115313,-0.07448837863522863,-0.0848954526209564,-0.08989641745484293,2.7186806788090663,2.6760908742090863,1.2367949306687376,1.1986395959172127,0.808555853414771,0.8064746672043533
,-9.909,-0.045,-0.069,-9.947,-0.103,-0.096,2.8,1.19,0.77,-9.90007036057607,-9.900915959259429,-0.07081850179021232,-0.06645334192045754,-0.0789595763316488,-0.08655220720839335,-9.902054207565307,-9.899320620259319,-0.07716452950100602,-0.0757352642140525,-0.08453953278498222,-0.09016334261344233,2.7278594408085617,2.681509734822333,1.233124301851421,1.198261764456202,0.8085707230534281,0.8048795374168309
,-9.887,-0.069,-0.084,-9.902,-0.084,-0.084,2.8,1.12,0.84,-9.900346636157998,-9.900307379035453,-0.07267513316687291,-0.06656471374294885,-0.07788307998484408,-0.08644059270841097,-9.903648096654255,-9.899437796336965,-0.07500277076814858,-0.07609670208994336,-0.08418534394657291,-0.08989380399535633,2.7360902793739514,2.6866916149052242,1.2288109719608036,1.1948391788296153,0.8091775397782869,0.8064154443986304
,-9.902,-0.057,-0.06,-9.909,-0.053,-0.072,2.8,1.4,0.84,-9.900857968241578,-9.90038140164694,-0.07443311412708334,-0.06614642453101378,-0.0771933978031502,-0.08528427847002085,-9.904823133111815,-9.899855975776735,-0.07273538695960578,-0.07508662467674072,-0.08383816209846129,-0.08911126252334876,2.7429898679603752,2.691646878217926,1.2244299351639851,1.2038113823386412,0.8104417576701647,0.8078841822692272
23852.0,-9.887,-0.074,-0.072,-9.907,-0.091,-0.05,2.8,1.19,0.77,-9.901610071906028,-9.899796198984328,-0.07600308545392016,-0.06648988132251647,-0.07692274725896821,-0.08470332325048305,-9.905538338280298,-9.90016840209107,-0.07045506879482598,-0.07578255697561379,-0.08350395999946957,-0.08740082772954871,2.7483129826245225,2.6963854352870635,1.2205046774230568,1.2032073755288792,0.8123464242277433,0.8062274108098741
,-9.909,-0.091,-0.072,-9.933,-0.067,-0.101,2.8,1.05,0.7,-9.90259262659176,-9.900198704566526,-0.07730872273923181,-0.06756177103103993,-0.07706310512793511,-0.08414777467744622,-9.90580319908225,-9.9016042112104,-0.06825472844619747,-0.07539847346461351,-0.08318644037686275,-0.08799555405433494,2.7519720754091095,2.7009167632267754,1.2174506353566839,1.1965072280811986,0.8147881150625761,0.8015818164776525
,-9.88,-0.096,-0.041,-9.902,-0.055,-0.098,2.8,1.12,0.84,-9.903775164833371,-9.899315363941568,-0.07829529973012736,-0.06880544697408891,-0.07756632547629301,-0.08226081296049088,-9.905672765790198,-9.901621520058875,-0.06622206170313734,-0.07450639643863018,-0.08288493832138868,-0.08843307387175178,2.754034698651818,2.7052499246929407,1.2155316656250656,1.1931613727841686,0.8175829828518911,0.8032619411673627
,-9.887,-0.086,-0.089,-9.897,-0.057,-0.084,2.73,1.19,0.84,-9.905105371061277,-9.898776781813941,-0.0789366710881264,-0.06955740842615916,-0.07834923031047346,-0.08255553471710565,-9.905237836307437,-9.901419409255006,-0.06443431761083894,-0.07374079728250948,-0.08259336502078346,-0.08823920429801446,2.7546994057159537,2.706332308314004,1.214835552700908,1.193023117927195,0.8204832533253036,0.8048685897394078
23928.0,-9.914,-0.093,-0.084,-9.88,-0.05,-0.089,2.73,1.26,0.91,-9.906510620538826,-9.899442531789246,-0.07923922007435646,-0.07058261246453057,-0.07930329944785112,-0.08261870485069119,-9.904611783987098,-9.900482684115271,-0.06295403968770515,-0.07270255195150499,-0.08229993775648616,-0.08827247582533662,2.7542544599684957,2.707367356551695,1.2152723349108892,1.1959521870005643,0.8232026726721011,0.8094662531854199
,-9.909,-0.089,-0.089,-9.887,-0.067,-0.072,2.73,1.33,0.84,-9.907902951401493,-9.899860504135665,-0.07924178076737876,-0.07138805157386027,-0.08030778700540592,-0.08289777508644156,-9.903916013328889,-9.899893052113216,-0.06182644863718046,-0.07245316487877923,-0.08198743494979184,-0.08756083914993372,2.7530265921436436,2.7083571395024895,1.216594909612301,1.201814438142423,0.8254474356578622,0.8108015714433146
,-9.904,-0.069,-0.081,-9.919,-0.05,-0.06,2.66,1.12,0.7,-9.90918693742424,-9.900041534797893,-0.0790113090218085,-0.0712836160164839,-0.08124442533893314,-0.08281478056442328,-9.903266047636928,-9.900728647447153,-0.06107879726761027,-0.0714712309814353,-0.08163405692033733,-0.0863555336909184,2.7513286402399086,2.7062423590378004,1.2184370734436167,1.1982364850771017,0.8269484717374892,0.8059559374551193
,-9.919,-0.074,-0.103,-9.914,-0.081,-0.074,2.66,1.12,0.77,-9.910269319423733,-9.900870636607106,-0.07863488105017716,-0.07140241038360395,-0.08201159653446945,-0.08369753145037304,-9.902759757595744,-9.90130903738352,-0.06072154226917021,-0.07188794823932763,-0.08121528369688918,-0.08581519483818259,2.7494148592701158,2.704220063291187,1.2203621229411838,1.1948150049819346,0.8274919146148415,0.8043834930363225
24004.0,-9.921,-0.081,-0.089,-9.902,-0.043,-0.081,2.73,1.33,0.91,-9.911068929961372,-9.901750944766519,-0.07820923015575547,-0.07182213734094003,-0.08253599844954272,-0.08392942186032587,-9.902468524202183,-9.901339254932742,-0.06075074482166122,-0.0706246049309764,-0.08070708020012354,-0.08560461414457196,2.747450978730811,2.7053474853656443,1.2219153120571746,1.2007269879801963,0.8269456515092507,0.809002370992575
,-9.935,-0.069,-0.098,-9.876,-0.089,-0.084,2.73,1.47,1.05,-9.911525406387776,-9.903205010354363,-0.07782935744184953,-0.07169871811104572,-0.08278026791131063,-0.08454476396043357,-9.902431660322934,-9.90023110499102,-0.06115087326160851,-0.07142820760315086,-0.08009035197345465,-0.08553444029472855,2.745502913179952,2.706425602410833,1.2226739253194214,1.2125029803433949,0.8252794627695399,0.8195418090797892
,-9.895,-0.077,-0.077,-9.885,-0.086,-0.117,2.87,1.26,0.77,-9.911605382359467,-9.902846184423208,-0.0775777674547689,-0.07193055662531501,-0.08274563466405238,-0.08421481228011565,-9.902654352556787,-9.899565010105714,-0.06189717132366165,-0.07206546907505355,-0.07935592508629594,-0.08691050909573338,2.7435439986805896,2.71357912604982,1.2222886794987602,1.2145801455838154,0.8225749348154426,0.8173752200072099
,-9.931,-0.065,-0.108,-9.895,-0.05,-0.067,2.73,1.05,0.84,-9.911305277944841,-9.904077422246635,-0.07751570617490082,-0.07162746579092266,-0.08246940369156854,-0.08525499891763136,-9.90310940623316,-9.899365370625548,-0.06295698535751884,-0.07110049009936951,-0.07850888457299758,-0.08603977199029517,2.741476986384741,2.7142972525519298,1.220511341185327,1.2073826380319388,0.8190214823852195,0.8183646590691332
24079.0,-9.911,-0.041,-0.067,-9.923,-0.031,-0.079,2.66,1.12,0.7,-9.910650402292013,-9.904380164144703,-0.077677519620412,-0.07028804896428759,-0.08201780515466303,-0.08445666147478204,-9.903742747344468,-9.900398972964426,-0.06428993588521179,-0.0693467938725231,-0.07757114027002181,-0.08573190489074982,2.739165155190682,2.711922695864655,1.2172073592651125,1.2035611734506142,0.8148978126414701,0.8131882720602183
,-9.919,-0.081,-0.077,-9.916,-0.074,-0.074,2.73,1.26,0.77,-9.909690669321995,-9.905019526679002,-0.07806886692379363,-0.07075650977528869,-0.08147541056781551,-0.08413056273980916,-9.90448191460483,-9.901081245479785,-0.06584744320116567,-0.06955029038860741,-0.07658157825922202,-0.08521883890852253,2.7364671359235815,2.7127132622635983,1.212357058552961,1.2060293866051675,0.8105423251495645,0.811299539289912
,-9.89,-0.084,-0.05,-9.923,-0.067,-0.06,2.73,1.19,0.84,-9.908493705875037,-9.904362684650371,-0.07866888750751168,-0.07133568122131845,-0.08093281515693071,-0.08263794659101328,-9.905246075653364,-9.902039808255552,-0.06757249324778836,-0.0694387597160201,-0.07559377286249784,-0.08411595506521462,2.7332711260932614,2.7134692551870687,1.206050872625067,1.2053283808384427,0.8063183341832247,0.8125546832926739
,-9.897,-0.117,-0.091,-9.873,-0.067,-0.108,2.87,1.19,0.84,-9.907136510725238,-9.90404069576049,-0.07943554972769896,-0.07333269780004961,-0.08047450543601825,-0.08300364041359973,-9.90595587716661,-9.900769823723195,-0.06940037391656009,-0.06933210656286483,-0.07467161513722498,-0.08516046497968625,2.7295244953060207,2.7203147420098897,1.1984822567504687,1.2046580318333948,0.8025794703001101,0.8137549366620211
24155.0,-9.897,-0.091,-0.069,-9.945,-0.065,-0.091,2.8,1.19,0.77,-9.905697045679691,-9.903732788262129,-0.08031262302586224,-0.07410533377357092,-0.08016863011113458,-0.08239122567017419,-9.906541756659127,-9.902704121609759,-0.07126060494330155,-0.0691426525458499,-0.07388328397825816,-0.08541584266974153,2.7252541940238504,2.723799580622242,1.1899387376308637,1.2040169988920137,0.7996384539598006,0.8118414222102041
,-9.923,-0.074,-0.103,-9.899,-0.091,-0.036,2.73,1.33,0.84,-9.90424706599228,-9.904575392341103,-0.08123648989630285,-0.07410072726026365,-0.0800598240619514,-0.08329249968684047,-9.906949879580518,-9.902542130968879,-0.07307983338136713,-0.07009852983473662,-0.07329399793874428,-0.08325476242803834,2.7205734205040852,2.7240707407013507,1.1807894490121646,1.2095265553373933,0.7977406657360059,0.8130728682972957
,-9.88,-0.067,-0.06,-9.923,-0.072,-0.103,2.73,1.19,0.77,-9.90284712117602,-9.903500648049572,-0.08214151478384464,-0.07379019443202807,-0.08016560237096616,-0.08227385954769474,-9.907145305245463,-9.903436805513762,-0.07478524657579584,-0.07018168595193171,-0.07295822392299506,-0.08411827179020145,2.715672095606743,2.724330042261862,1.1714669941270772,1.208672609504471,0.797043523710898,0.8111891824264937
,-9.873,-0.112,-0.057,-9.907,-0.081,-0.036,2.66,0.98,0.7,-9.901544186475315,-9.902166777284693,-0.08296355304316805,-0.0754612062248276,-0.08047644310866187,-0.08116856951216633,-9.907112334524946,-9.903592633053789,-0.07630802072944057,-0.07065479828746486,-0.07291245223451988,-0.08201393761693475,2.7107925352032063,2.7215167262124087,1.1624423512751172,1.1986721758070928,0.7976031628364338,0.8063265972260564
24231.0,-9.921,-0.081,-0.081,-9.885,-0.079,-0.053,2.59,1.19,0.77,-9.900371977375357,-9.90299040192203,-0.08364187067595859,-0.0757034317368034,-0.08095951143870414,-0.08116119753948682,-9.906852404236364,-9.902779530013083,-0.07758644054052563,-0.07101975514258757,-0.07316994859848908,-0.08074508447327763,2.706195534163192,2.715765165920892,1.15419350087379,1.1982929195447938,0.7993702921846526,0.8047379429145595
,-9.907,-0.077,-0.055,-9.892,-0.065,-0.053,2.73,1.26,0.84,-9.899353566858885,-9.903165751824316,-0.08412006979351071,-0.07576013395828204,-0.08156575024329485,-0.08001710196107635,-9.906380331789967,-9.902308113801853,-0.07856855955267433,-0.07075649596909779,-0.07371878452600923,-0.07953172149856708,2.7021241559694564,2.7163876913501936,1.1471703118092726,1.2009915268160727,0.8021965677943822,0.8062800421833799
,-9.904,-0.06,-0.093,-9.921,-0.065,-0.077,2.66,1.19,0.84,-9.898505393509936,-9.903202235614772,-0.08434679057919092,-0.07507090329330152,-0.08223951495296306,-0.08058487704931025,-9.9057199375413,-9.903125557434514,-0.07921449918579573,-0.0705047497875462,-0.07452385707058497,-0.07942100289067822,2.698772185340352,2.7139217144677072,1.1417586013822956,1.2005108394464954,0.805851098594649,0.8077547015365671
,-9.907,-0.065,-0.151,-9.914,-0.096,-0.093,2.73,1.12,0.84,-9.897841342678323,-9.903368321491936,-0.08427711706353036,-0.07463047712737104,-0.08292912511874077,-0.0836643091242188,-9.904899910227247,-9.903601124412596,-0.07949854884115047,-0.0716197217988431,-0.07553261635887946,-0.08001484690445376,2.6962619689200396,2.714624858708645,1.1382456983660836,1.1969898960613228,0.810044501490785,0.8091648702928275
24307.0,-9.919,-0.069,-0.117,-9.897,-0.091,-0.11,2.66,1.05,0.84,-9.897375589838973,-9.904051934473994,-0.08387553353047836,-0.07438424206966608,-0.08359603946401119,-0.08512216350862431,-9.903950369507852,-9.903312440485127,-0.0794110586205196,-0.07246727056127424,-0.076683114597753,-0.08132617376641395,2.694633571774522,2.7122359749725113,1.1367902529404232,1.1905616547737845,0.8144565880725287,0.8105133687896735
,-9.902,-0.108,-0.057,-9.89,-0.072,-0.105,2.73,0.98,0.77,-9.897123318265992,-9.903962198170627,-0.0831207143613128,-0.07585434449731536,-0.0842203886550608,-0.08389230991048567,-9.90290027081675,-9.90273025366918,-0.07895983063924368,-0.07244683563346681,-0.07791227366656182,-0.0823614902834435,2.6938450695800022,2.713012840880811,1.1374008888720322,1.1813532591013054,0.8187640536573243,0.8087416163296106
,-9.883,-0.084,-0.06,-9.902,-0.086,-0.062,2.59,1.05,0.77,-9.897099080287774,-9.903045468032238,-0.08201149303110247,-0.0762105746901347,-0.08480162596682701,-0.08284743854764608,-9.901775763004611,-9.902698317822484,-0.0781705767742689,-0.07303954991582398,-0.07916235294707767,-0.08147103062585427,2.6937827330179798,2.7076331770818958,1.1399295762037285,1.1756088476415172,0.8226659291485047,0.8070473471022069
,-9.89,-0.091,-0.096,-9.911,-0.074,-0.055,2.73,1.26,0.91,-9.897313298872728,-9.902474956599363,-0.08057248811679993,-0.07685735380178316,-0.08535464562785715,-0.08342263344763862,-9.900599660183655,-9.903061371457866,-0.07708615718305366,-0.07308155283610052,-0.0803844755791117,-0.08031338526006793,2.69427936249529,2.708611335026121,1.144084110362253,1.179299486960477,0.8259058411085457,0.8115497279579842
24383.0,-9.883,-0.122,-0.093,-9.88,-0.069,-0.112,2.73,1.12,0.84,-9.897768001483364,-9.901623267310239,-0.07885749374301984,-0.07883155631430856,-0.08590290265708314,-0.08384147599904836,-9.89939209178203,-9.902052839142891,-0.07576460995188215,-0.0729030561695858,-0.08153923952129602,-0.08169912135888505,2.6951384340586846,2.7095467156403985,1.149459695164505,1.176706169864381,0.8282904633946,0.8127939305751891
,-9.88,-0.081,-0.077,-9.885,-0.072,-0.074,2.73,1.26,0.84,-9.898453088154394,-9.900677626940256,-0.07694900658944452,-0.0789263878612623,-0.08647032343178816,-0.08354228088657316,-9.898172166183862,-9.901307075198666,-0.07427621031006085,-0.07286356323088833,-0.08259524976670858,-0.08136241923769771,2.69616078305656,2.7104411896859566,1.1555844989569755,1.1803488204969905,0.8297031625174675,0.8139837210535444
,-9.914,-0.062,-0.084,-9.928,-0.057,-0.055,2.73,1.19,0.77,-9.899344151985222,-9.901260248132905,-0.0749530529682216,-0.07818615395257744,-0.0870734928304229,-0.08356229810531994,-9.896960239143041,-9.902474424560022,-0.07269985671013295,-0.07216980934126228,-0.08352661671499878,-0.08020952372362466,2.6971697751237533,2.7112965461108867,1.1619708551585046,1.1807708910761057,0.830111732649848,0.8120602012795186
,-9.926,-0.065,-0.074,-9.907,-0.098,-0.105,2.73,1.26,0.84,-9.90040224155353,-9.902342180283732,-0.07298957854327666,-0.0776094899672758,-0.08771532261757359,-0.08314411453535046,-9.895780129876057,-9.902672339462153,-0.07111896461109433,-0.07329942914851906,-0.08431033961807512,-0.08129367418163337,2.698031101774183,2.7121144956280387,1.168163648406657,1.1842357811318613,0.8295697725791222,0.8132820796025401
24458.0,-9.878,-0.093,-0.079,-9.895,-0.11,-0.086,2.66,1.05,0.84,-9.901575315819102,-9.901277634947478,-0.07117971868361085,-0.07828255603970405,-0.0883812556325375,-0.08296288188691513,-9.894660438488504,-9.902336808581296,-0.06961682341422297,-0.07490443827598514,-0.08492431168703572,-0.08149949375664423,2.6986647257985106,2.7098353964419584,1.1737796755154122,1.178365309666416,0.8282120280464353,0.8144505220847666
,-9.902,-0.05,-0.067,-9.89,-0.041,-0.043,2.66,1.19,0.84,-9.902800830181787,-9.901309225804944,-0.06963191182601358,-0.07704568806902602,-0.08903881669172631,-0.08226478454034135,-9.893634211545239,-9.901797288625138,-0.06827125694783422,-0.07342171112400758,-0.08534646211535535,-0.0798158131639827,2.699048491774629,2.707655968048762,1.1785349922631352,1.17887412420928,0.8262441078197882,0.8155678656111627
,-9.899,-0.055,-0.081,-9.919,-0.05,-0.12,2.73,1.19,0.84,-9.904008969625309,-9.90120823749854,-0.06842899286976442,-0.07608157416694951,-0.08964083107091696,-0.08220947230174591,-9.892736666298566,-9.902549606862518,-0.06714870659821738,-0.07239742024071226,-0.08555527355918466,-0.08157316966158627,2.6992145803174665,2.7086331292861514,1.1822600204549703,1.1793606870005624,0.823926508825693,0.8166363448687811
,-9.945,-0.043,-0.117,-9.876,-0.034,-0.081,2.73,1.12,0.91,-9.905126225566011,-9.903123362437798,-0.06761832432050519,-0.07463483295129461,-0.09013190745153284,-0.08373095039349081,-9.89200129486322,-9.901388525158437,-0.06629849243667614,-0.07071820358201532,-0.0855316182176378,-0.0815481034972981,2.6992406632607366,2.709567556782113,1.1849033955837214,1.1767646934713578,0.8215526243206875,0.8207193745106254
24534.0,-9.878,-0.034,-0.127,-9.871,-0.081,-0.081,2.66,1.33,0.77,-9.906079052465316,-9.902024654022922,-0.0672067601316329,-0.07285776855510809,-0.09045697489330862,-0.08562321577094958,-9.891455182050278,-9.90005955781221,-0.06574847326814998,-0.07116785263963883,-0.08526155318249011,-0.08152413354000454,2.69923738394871,2.7073998416971508,1.1865251185073398,1.1834660624125608,0.819420898168045,0.8185012875125143
,-9.923,-0.072,-0.072,-9.883,-0.089,-0.084,2.73,1.33,0.84,-9.906797359493659,-9.902941959148261,-0.06716161020551172,-0.07282025615875401,-0.09057010371426032,-0.08502743796285231,-9.891114705949455,-9.899313500043519,-0.06550311292451784,-0.07194769771048315,-0.08473948703462138,-0.08163240946526905,2.6993333823066785,2.708388203990071,1.1872786180218555,1.1898743634785889,0.8178025688875398,0.8194414807839165
,-9.899,-0.079,-0.11,-9.885,-0.055,-0.098,2.66,1.19,0.77,-9.90721780327518,-9.902769567268074,-0.06741768999180425,-0.07309051204416626,-0.09044189322375135,-0.08611955149340296,-9.890982855274077,-9.8986875343519,-0.06554421105741198,-0.07120653186799697,-0.08397108413417315,-0.08234820574836176,2.699659085447884,2.706272064996483,1.187381333461265,1.1898798578825975,0.8169081598540254,0.8172792793223983
,-9.873,-0.067,-0.065,-9.885,-0.041,-0.079,2.73,1.12,0.84,-9.90728716629849,-9.901467668521612,-0.06788924669493175,-0.07282415849175457,-0.09006438551378716,-0.08519593989476937,-9.891049062421857,-9.898088943728986,-0.06583391405786806,-0.06988552355034912,-0.08297536062976993,-0.08220178021159008,2.7003307379907677,2.7073097478273764,1.1870755274590867,1.1868238343078832,0.816857335503705,0.8182729141140132
24609.0,-9.923,-0.098,-0.089,-9.876,-0.067,-0.081,2.59,0.98,0.7,-9.906966254182498,-9.902409332036827,-0.06848451808751504,-0.07392516194959978,-0.0894533114585752,-0.08536230109974988,-9.891291787023295,-9.897122938147096,-0.06631945576212428,-0.06975933228061192,-0.08178553950011241,-0.08214922331222696,2.701436209496258,2.702179494764948,1.186585045485814,1.1777789030128079,0.8176573372440751,0.8131005393448795
,-9.885,-0.067,-0.093,-9.914,-0.096,-0.091,2.8,1.12,0.77,-9.90623455040347,-9.901647977753395,-0.06912025395146325,-0.0736223070380708,-0.088647993830413,-0.08569631706090064,-9.891683347845195,-9.89786101490422,-0.06693912906027089,-0.07090690329172394,-0.08044837430920222,-0.0825362902444152,2.703023780499099,2.706457433775514,1.1860774329078476,1.1752520849127348,0.8191947624194126,0.8112156433489238
,-9.923,-0.084,-0.093,-9.919,-0.062,-0.096,2.73,1.12,0.77,-9.90509535943927,-9.90258175588819,-0.06973373616254123,-0.07407614989499368,-0.08770928497125945,-0.0860157256561732,-9.892195893634149,-9.898785476383619,-0.06762886988469712,-0.07051738180066795,-0.0790218460561196,-0.08312509244955571,2.705094377721086,2.7074870099591433,1.185641265603791,1.1728357709824873,0.821243968724523,0.809413178639666
,-9.909,-0.084,-0.091,-9.878,-0.065,-0.06,2.73,1.12,0.84,-9.903580553335534,-9.902862441995866,-0.07029045327214258,-0.07451014505170656,-0.08671571005165611,-0.08623370062577274,-9.89280705880829,-9.897876474737583,-0.06832861112982222,-0.07027609268869138,-0.07757137292925864,-0.0821137734538585,2.7075969021885147,2.7084715601626907,1.1852846694956287,1.1705251285942047,0.8234927803264243,0.8107508179821759
24685.0,-9.916,-0.091,-0.084,-9.909,-0.067,-0.077,2.66,1.4,0.91,-9.901753588576229,-9.903436980756982,-0.07078637911603886,-0.07523128826797168,-0.08575782129822254,-0.08613601522717498,-9.89350391762778,-9.898362934734296,-0.06898756581417004,-0.07013282083907757,-0.07616496977129265,-0.08189013515944472,2.710426067510634,2.706351775792075,1.1849544676539798,1.1805606472410637,0.8255826886846774,0.8150912366551384
,-9.935,-0.074,-0.101,-9.902,-0.079,-0.038,2.66,1.19,0.84,-9.89970937536866,-9.904817311710973,-0.071244646905658,-0.07517744090639701,-0.08493080703362627,-0.08678605501340732,-9.8942843395121,-9.898521992831029,-0.0695678582810551,-0.07052060509305419,-0.07486811749550823,-0.07997070813413494,2.7134229306076745,2.7043246949730437,1.1845691498626352,1.18097345409894,0.8271574425599776,0.8161805601069229
,-9.907,-0.069,-0.091,-9.904,-0.091,-0.084,2.73,1.26,0.84,-9.89756993407186,-9.90491276621059,-0.07170729236595129,-0.07490728573417169,-0.08432561425057454,-0.08697034152473956,-9.895155515755286,-9.898761559990408,-0.07004618065572256,-0.0714162210191292,-0.07373924500481828,-0.08014691929575717,2.7163793567997483,2.7054475412384464,1.184055367532232,1.1844294855595026,0.8279121668336188,0.8172222446789211
,-9.885,-0.038,-0.084,-9.883,-0.065,-0.086,2.73,1.19,0.84,-9.895475560158824,-9.904041930395788,-0.07222362845027079,-0.07329323644014131,-0.08401915847612886,-0.08684044094967246,-9.896130033206092,-9.898072266961423,-0.07041331332440147,-0.07113562338643252,-0.07282647156223254,-0.08040288937295628,2.7190478387093893,2.7065212825863263,1.1833779427542714,1.1846730982966958,0.8276354913060422,0.8182183737402773
24761.0,-9.864,-0.072,-0.065,-9.871,-0.077,-0.093,2.66,1.26,0.91,-9.893572306002437,-9.902290795133434,-0.0728375047285335,-0.07323667992774269,-0.08406458822820836,-0.08588530302514358,-9.897220365033137,-9.896888328004447,-0.07067158657575426,-0.071392087462421,-0.07216567667306117,-0.08095379299835015,2.721157081511507,2.7044867888048905,1.1825566581408842,1.1879673349249706,0.8262389349097795,0.8222322172436023
,-9.89,-0.072,-0.074,-9.902,-0.053,-0.067,2.8,1.19,0.84,-9.89199760641637,-9.901753287462155,-0.0735759068199682,-0.07318259677519955,-0.084482975379347,-0.0853655285530992,-9.898432980216262,-9.897111874396755,-0.07083079079826775,-0.07058775478950975,-0.07177945371240378,-0.08034355820893077,2.722432332641803,2.708663823990041,1.1816674327878085,1.1880562285286071,0.8237699036835833,0.8230092474869262
,-9.878,-0.057,-0.06,-9.907,-0.06,-0.06,2.73,1.12,0.84,-9.890866350804192,-9.900714495903888,-0.07444097255424355,-0.07247489073881645,-0.08525800814330281,-0.08425622959926336,-9.899763261816718,-9.89754430723032,-0.07090351121374178,-0.07012472539562635,-0.07167645303038928,-0.07945388276648042,2.7226183638658705,2.7095969091286833,1.1808294048664254,1.1850799568948125,0.8204067329230602,0.823752296225224
,-9.909,-0.048,-0.065,-9.916,-0.077,-0.057,2.73,1.05,0.84,-9.890259447423672,-9.901076842030703,-0.07540676661572789,-0.07140454163747678,-0.08633504114804241,-0.0834141057970895,-9.901192022628045,-9.89835142152478,-0.0709010972975911,-0.07042539860690994,-0.07185101705802042,-0.07847191747408497,2.72150257230858,2.710489188085583,1.1801824577342819,1.1791725674803193,0.8164364839351281,0.8244628495559722
24837.0,-9.864,-0.074,-0.105,-9.873,-0.01,-0.077,2.66,1.26,0.77,-9.890216221484033,-9.899455377609408,-0.07642134727714106,-0.071518047620222,-0.08762514607265513,-0.0843581117462174,-9.902683901623734,-9.897242739507103,-0.07083132852150882,-0.0677828425363971,-0.07228343622134395,-0.07840754678649148,2.7189358960487913,2.7082811677241656,1.1798614478227443,1.1827073562842516,0.8122187063289066,0.822081050891344
,-9.88,-0.081,-0.081,-9.911,-0.122,-0.081,2.73,1.12,0.77,-9.890731299338986,-9.898604544559214,-0.07741382555261035,-0.07193271746765649,-0.08901376601642527,-0.0842112529950132,-9.904187660146667,-9.897844379431163,-0.0706983361010125,-0.07015389646213836,-0.07294121847889998,-0.07852092134644174,2.7148499775345654,2.7092309873926848,1.1799731760802812,1.1799650044117758,0.8081405831827126,0.8198034143284986
,-9.885,-0.096,-0.139,-9.911,-0.062,-0.079,2.73,1.19,0.77,-9.891756143869776,-9.898009583290603,-0.07830520579773655,-0.07298524082741666,-0.09037253853141589,-0.08660730398237504,-9.905638377759361,-9.898419708114085,-0.07050460144099666,-0.06979730587124248,-0.07378147281317278,-0.0785418726720995,2.709269646344045,2.7101392690359893,1.1805801262848201,1.1804038602426117,0.8045701819349975,0.8176253845943101
,-9.907,-0.093,-0.101,-9.892,-0.101,-0.072,2.73,1.19,0.77,-9.893204968387845,-9.898402757035413,-0.07902097340759139,-0.07386053705335358,-0.09157221686427255,-0.08723673311497941,-9.906961511736776,-9.898138957981875,-0.07025409042164646,-0.07116187889330401,-0.07475418493534457,-0.07825577997365263,2.7023197983148153,2.711007829217366,1.1816924692892667,1.1808235237939328,0.8018145750192784,0.8155426056293102
24912.0,-9.897,-0.101,-0.077,-9.911,-0.072,-0.06,2.73,1.12,0.77,-9.89496421822823,-9.898341410909365,-0.07950299897114427,-0.07504741466133873,-0.09249467194252152,-0.08678905478998918,-9.90807860313666,-9.898701403996988,-0.06995515786077391,-0.07119853205686413,-0.075806081043715,-0.07745740837324078,2.6942254032894173,2.7118384050571773,1.1832680094659704,1.1781635566983537,0.8000883672052765,0.813550911875569
,-9.919,-0.098,-0.079,-9.897,-0.06,-0.062,2.66,1.19,0.77,-9.896904304446686,-9.899244863451976,-0.07971855267116393,-0.07605118948316848,-0.09304266336476899,-0.0864484196515643,-9.90891417728695,-9.898626997281198,-0.06962204122092104,-0.0707087918226257,-0.07688488718712003,-0.0767814166665608,2.685303469160039,2.7095713800126147,1.1852187203415347,1.1786811944106594,0.7994960653781631,0.811646319945579
,-9.885,-0.065,-0.089,-9.935,-0.081,-0.084,2.66,1.26,0.77,-9.898892078693374,-9.89862189941274,-0.07966498604762717,-0.0755678929137058,-0.09314699567482751,-0.08656000673736945,-9.909403163572176,-9.900217681022694,-0.06927443229083921,-0.07115885248037901,-0.07794382297670639,-0.07709710364005312,2.6759466703426678,2.707403497728077,1.1874217238117328,1.182237472206275,0.8000293023340544,0.8098250206554801
,-9.885,-0.081,-0.112,-9.907,-0.038,-0.124,2.66,1.26,0.84,-9.900802740328132,-9.898026179172328,-0.07936968136104308,-0.07580545274595357,-0.09277125245232086,-0.08767256222198122,-9.909497944421572,-9.900514289048438,-0.06893534680323284,-0.06970873168790741,-0.07894592066147417,-0.07914828636053316,2.666599563906338,2.705330422438996,1.1897317561399736,1.1856382249463029,0.8015775487069476,0.8111446491011804
24988.0,-9.919,-0.072,-0.101,-9.919,-0.081,-0.074,2.73,1.19,0.91,-9.902530256155968,-9.898943417599014,-0.07888585592314694,-0.07563903063725905,-0.09191430609966368,-0.08825540490761737,-9.909174022754817,-9.901322716114192,-0.06862795266088328,-0.07020252751399729,-0.0798673705341725,-0.07892313872909974,2.6577291379842256,2.706409285689281,1.1919918071294715,1.1858289764417351,0.8039488505171457,0.8154678445395714
,-9.907,-0.074,-0.057,-9.928,-0.096,-0.077,2.66,1.19,0.77,-9.903995631274302,-9.899295752398984,-0.0782854378778329,-0.07556735166682442,-0.09061055347330543,-0.08688852670939037,-9.90843341865092,-9.90248938145861,-0.06837207564814338,-0.07133071647250552,-0.08069897721267605,-0.0788390349906026,2.64979163826805,2.7043796898164563,1.1940394974381607,1.186011385890051,0.8068957624182609,0.813479420278065
,-9.904,-0.072,-0.117,-9.883,-0.045,-0.074,2.59,1.19,0.84,-9.905152376606384,-9.899501481088276,-0.07765039897898508,-0.07541134232273806,-0.08892774226257728,-0.08820537787414356,-9.907305297423106,-9.901637061333773,-0.06818092546473696,-0.07017920740083157,-0.08144522958520226,-0.0786274117066086,2.643197731557227,2.6993775756287763,1.1957089165383736,1.1861858181101468,0.8101416381948859,0.814639232551603
,-9.943,-0.089,-0.093,-9.916,-0.06,-0.089,2.66,1.19,0.77,-9.90598846077775,-9.901403781740958,-0.0770637720956346,-0.0760056088176729,-0.08696236944232925,-0.08841505887082049,-9.905843863109341,-9.902265189101861,-0.06805845298668509,-0.06973404482134962,-0.08212119607262292,-0.07908103132341816,2.6382786928404305,2.6976554942868423,1.1968300455649594,1.1863526219664629,0.8134038827014585,0.8126870455957559
25064.0,-9.921,-0.081,-0.079,-9.895,-0.069,-0.069,2.59,1.05,0.84,-9.90652417918396,-9.902260774110283,-0.07660131287638776,-0.07622402622230158,-0.08483275265251024,-0.0880033144463414,-9.9041240291879,-9.901947463939807,-0.06799781348278675,-0.06970194317794459,-0.08274796722768006,-0.07864016223302077,2.6352572487026538,2.6929474462389935,1.1972293906880065,1.1803895756777354,0.8164127601966664,0.8138815104255885
,-9.914,-0.065,-0.105,-9.904,-0.057,-0.086,2.59,1.26,0.84,-9.906805861356181,-9.90277416025838,-0.07632456424087755,-0.07573317106349181,-0.08266998016045922,-0.08874662265156492,-9.902235635970527,-9.902037226552068,-0.06798150208405088,-0.06914645495898317,-0.08334747592122682,-0.07896202662146515,2.6342271840141356,2.6884452930836225,1.1967356061302656,1.1838711416238281,0.8189257442743049,0.8150237382762724
,-9.88,-0.026,-0.091,-9.899,-0.041,-0.11,2.59,1.12,0.84,-9.906896177570761,-9.901778188418241,-0.07627603076732872,-0.07355821324559411,-0.08060719000576413,-0.08884516856319391,-9.900276984473333,-9.901904400924968,-0.06798358301791274,-0.06791553903405667,-0.08393738758629493,-0.08031939598697702,2.635145344643255,2.6841400305144187,1.1951926995200637,1.181077894464192,0.8207378806911577,0.8161160136035088
,-9.854,-0.084,-0.045,-9.907,-0.084,-0.069,2.59,1.19,0.77,-9.906862804804584,-9.89968872695413,-0.07647713555918854,-0.07401485908676363,-0.07876805891214467,-0.08692770804128555,-9.898348315692049,-9.90212724440766,-0.0679740103755282,-0.06861895334238396,-0.08452659650886515,-0.07982437006626254,2.63783829188741,2.6800230480062437,1.1924811279984238,1.1814680807879725,0.8216887786111227,0.814099243263464
25140.0,-9.911,-0.091,-0.062,-9.88,-0.098,-0.062,2.66,1.12,0.77,-9.90676788161019,-9.90018339763801,-0.07692928936354006,-0.0747576624155555,-0.07725587448310352,-0.0858375560898355,-9.896545729349,-9.901159563839865,-0.06792445977028023,-0.06990386109629368,-0.08511183821360425,-0.07904486511623177,2.6420237358898446,2.6791473892885698,1.1885443486781948,1.1787799255788407,0.8216671687392682,0.812170671409946
,-9.892,-0.103,-0.038,-9.89,-0.06,-0.077,2.66,1.33,0.84,-9.906660502174471,-9.899825516885805,-0.07761761614700863,-0.07599277153109076,-0.07614487306219525,-0.08374549832674054,-9.894955965777093,-9.900671527784677,-0.06781453584978964,-0.06947074010967376,-0.08567603634033043,-0.0789554379738238,2.6473442413480592,2.678310025349473,1.1834158709334788,1.1853931633043315,0.8206142605393127,0.8133877185937363
,-9.911,-0.086,-0.096,-9.892,-0.081,-0.086,2.73,1.4,0.84,-9.906573424698498,-9.900314205398733,-0.07851604017238058,-0.07643041303531248,-0.07547532071288393,-0.0842814187928751,-9.893652414375802,-9.900292299862043,-0.06763696928453994,-0.06997494391161968,-0.08618901661468781,-0.0792635145537977,2.6534081706153283,2.680570559155563,1.1772399675354321,1.1947784650509192,0.8185267584296921,0.814551541214714
,-9.926,-0.086,-0.098,-9.895,-0.067,-0.086,2.66,1.12,0.84,-9.906523738065038,-9.901437510399848,-0.07959215347530013,-0.07684891536560481,-0.07525297045697618,-0.08488136717358077,-9.89269255212216,-9.900060854154612,-0.06740066881655983,-0.06984484206249118,-0.0866108763213855,-0.07955811816287918,2.6598312511065876,2.6796709563854764,1.1702786833996066,1.1915082129496557,0.8154592572000928,0.8156644669181211
25215.0,-9.928,-0.034,-0.062,-9.89,-0.084,-0.098,2.73,1.19,0.84,-9.906516118030455,-9.902599155498748,-0.08081072824103794,-0.07497502352500848,-0.07545240952091928,-0.08388070690289678,-9.892116724277098,-9.899620867463026,-0.06713110160044808,-0.0704638830518634,-0.08689765420639681,-0.0803646284701987,2.666272106306137,2.681871973222649,1.1628999075728244,1.1914422549687798,0.8115246232343722,0.8167287215553645
,-9.911,-0.12,-0.096,-9.931,-0.034,-0.077,2.73,1.05,0.77,-9.906546870063805,-9.902966545754271,-0.08213549397486619,-0.07694408004183352,-0.07602304282119697,-0.08441071435477004,-9.891947878422508,-9.900993156584567,-0.06686810797224234,-0.06886922488270483,-0.08700834859766647,-0.08021748472611213,2.6724565317892037,2.6839767340062664,1.1555461664098383,1.1852566261088646,0.8068907585520197,0.8146851559412303
,-9.909,-0.108,-0.069,-9.864,-0.074,-0.11,2.66,1.19,0.84,-9.906607211563319,-9.903230404024317,-0.08352929591509033,-0.07830223425682994,-0.07689636183293691,-0.08373676469605021,-9.892191737904916,-9.899375351940266,-0.06666172763258937,-0.06909360670301928,-0.08691203651675254,-0.08151994972173657,2.678187710804695,2.6829281705634083,1.1486892453420174,1.1854640658901439,0.8017729112327238,0.8157922383334668
,-9.902,-0.089,-0.062,-9.904,-0.067,-0.096,2.73,1.05,0.77,-9.906684972850854,-9.903176595332962,-0.08495284818127986,-0.07877007470897891,-0.0779935063326132,-0.08278616079727365,-9.89283706402184,-9.899577599539553,-0.06656685653296454,-0.06900204796729094,-0.08659385775656978,-0.08215319907790682,2.683342394797755,2.684986741156165,1.1427790024724997,1.1795398784142268,0.7964218011250616,0.8137896275078821
25291.0,-9.902,-0.045,-0.089,-9.871,-0.065,-0.108,2.59,1.12,0.77,-9.9067647253937,-9.903125139832273,-0.08636238307036402,-0.07729322361686747,-0.07923251975094528,-0.08305790775939427,-9.893856042826938,-9.89832782856766,-0.06663751540286054,-0.06882702825051179,-0.08605886638257115,-0.08328354529414515,2.6878558735147537,2.680832729842258,1.138194998796092,1.1769360483896265,0.7911086486135795,0.811874595937313
,-9.892,-0.081,-0.101,-9.887,-0.079,-0.048,2.66,1.12,0.77,-9.906826930379385,-9.902638609226322,-0.08770691246079125,-0.0774553303577266,-0.0805348763994948,-0.08384256099894595,-9.895205179162222,-9.897832433868787,-0.06692126723162797,-0.06927191812913133,-0.0853332094124989,-0.08174050629141037,2.6917007763021714,2.6799216616825237,1.1352079014329184,1.1744460904618055,0.7861085127911936,0.8100433135586187
,-9.931,-0.098,-0.096,-9.909,-0.062,-0.081,2.66,1.05,0.84,-9.9068468989714,-9.903878924840038,-0.08892627946914901,-0.07835380091367693,-0.08183084373109524,-0.08437423666803208,-9.896827110100268,-9.898320819884491,-0.06745409792846026,-0.0689538986896334,-0.08446272595565996,-0.08170812207151719,2.6948657239476956,2.6790504368461545,1.1339552121765648,1.1690037470204198,0.7816831967972554,0.8113533955015299
,-9.885,-0.084,-0.053,-9.899,-0.055,-0.086,2.66,1.19,0.77,-9.90679424373162,-9.90305330153277,-0.08995115211397005,-0.07860072353255694,-0.08306327620110569,-0.0830021616552686,-9.898653424513281,-9.898350522155036,-0.06825602979332512,-0.06834365927806592,-0.08350961215365507,-0.08189581678823049,2.6973391838805023,2.6782173128834774,1.134433273644269,1.1699219664620515,0.7780644989859641,0.8095449065409558
25367.0,-9.907,-0.079,-0.069,-9.919,-0.081,-0.081,2.66,1.12,0.77,-9.90663327042921,-9.903225900675407,-0.0907055613330469,-0.07861818490603861,-0.08418972533088687,-0.0823898115816987,-9.900608128839613,-9.899253576239746,-0.06932782332716603,-0.06889715318586451,-0.08254793283479517,-0.0818566404460568,2.699101776491237,2.6774206235465674,1.136504941727567,1.167738752142119,0.775438158835919,0.8078155073934636
,-9.904,-0.096,-0.105,-9.909,-0.05,-0.098,2.8,1.19,0.84,-9.906324566744892,-9.903259754003917,-0.09111195630899109,-0.0793783358037081,-0.08518313594683274,-0.08337861251702904,-9.902611144806338,-9.899679812092007,-0.07064917700942622,-0.06807073270676142,-0.08165845366086172,-0.08256263053915096,2.700127490088755,2.682781330845727,1.139920100778879,1.168712293020959,0.7739289276832123,0.8092230169552467
,-9.904,-0.06,-0.096,-9.883,-0.074,-0.089,2.73,1.12,0.7,-9.905827889276557,-9.903292126840435,-0.09109831971056162,-0.07853087198724816,-0.08603149506938272,-0.08393057783095922,-9.904581333599062,-9.898950361567643,-0.07217874273803972,-0.06833003461689642,-0.08092286866801474,-0.0828441530468892,2.700391682935152,2.68484632311209,1.1443447834796858,1.1665819807913527,0.7735878470504322,0.8044464171619636
,-9.904,-0.124,-0.098,-9.921,-0.084,-0.084,2.66,1.19,0.77,-9.905106251232967,-9.903323083930633,-0.09060655230849443,-0.08051935237829488,-0.08673654641563973,-0.0845458693775367,-9.906438931158686,-9.899914648229135,-0.07385604210259393,-0.06901532198119212,-0.08041737116469438,-0.08289470116825778,2.6998822000372433,2.6837597303301886,1.1493943256162298,1.1676061102178175,0.7743836831585316,0.8029399878974928
25442.0,-9.911,-0.115,-0.081,-9.885,-0.081,-0.077,2.73,1.19,0.7,-9.904130875609937,-9.903658814958142,-0.08960096269628362,-0.08202727862766399,-0.08731148080919451,-0.08439079950849353,-9.908107684101047,-9.899262392801349,-0.07560508022962648,-0.06953944237397212,-0.08020575323350018,-0.08263691092251405,2.698609926155255,2.685781934703436,1.154666547059334,1.1685854518647179,0.7762010935194379,0.7984381609143286
,-9.904,-0.098,-0.074,-9.914,-0.072,-0.067,2.66,1.12,0.7,-9.902886491130726,-9.903673735846118,-0.0880754077878173,-0.08272580627991269,-0.08777769646036852,-0.08393638346901851,-9.909517147009609,-9.899906905775454,-0.07733923205365091,-0.06964704880506586,-0.08033267270410929,-0.08195306911368844,2.696616306024976,2.684654425251602,1.1597719483871924,1.1664606867208593,0.7788479900693412,0.7941332102529931
,-9.897,-0.069,-0.077,-9.904,-0.069,-0.069,2.73,1.12,0.84,-9.901376372471425,-9.903381876436338,-0.08605773747064653,-0.0821255419284332,-0.08816115164224603,-0.08363303781195959,-9.910605479393409,-9.900085907176184,-0.07896693351376738,-0.06961875171829167,-0.08081814278779845,-0.08138659852007558,2.693976694543297,2.6866375023447593,1.1643590352863324,1.1644288429504426,0.7820732499792309,0.7961390814011402
,-9.887,-0.081,-0.074,-9.931,-0.084,-0.048,2.8,1.26,0.84,-9.89962655636806,-9.902665455394503,-0.08361082859782125,-0.08207631912272285,-0.08848909341229821,-0.08321176061504652,-9.911322774099451,-9.901437858930567,-0.08039782260244514,-0.07024768021234441,-0.08165443480508157,-0.07992651781515639,2.6907991029001606,2.6915951321370946,1.1681338637408762,1.1686084122549032,0.7855934531469924,0.7980572307120896
25518.0,-9.902,-0.077,-0.091,-9.897,-0.074,-0.101,2.59,1.19,0.84,-9.89768872065174,-9.902636353340847,-0.08083031635758331,-0.0818543188012872,-0.08878777721446013,-0.08355236009373929,-9.911634624202057,-9.901243780094061,-0.08154905764329928,-0.07041177868189494,-0.0828062973907763,-0.08084811468598008,2.6872182772755995,2.687152119110239,1.1708733984001536,1.1695439206893854,0.7891246120450865,0.7998914944844632
,-9.923,-0.069,-0.124,-9.919,-0.096,-0.089,2.73,1.19,0.77,-9.89564117811106,-9.90352690730222,-0.07783963212541399,-0.0812921668095126,-0.08908125062966891,-0.0853212380628783,-9.911525443262336,-9.902020304664582,-0.08235145446157757,-0.07153081655564844,-0.08421470880214892,-0.08120461732426344,2.6833858409252342,2.689025965710581,1.1724324048190295,1.1704385169652465,0.7924133394088589,0.7985842635513174
,-9.895,-0.098,-0.089,-9.909,-0.089,-0.093,2.59,1.12,0.84,-9.893587313735576,-9.903154004000402,-0.0747829592069364,-0.08202284276764503,-0.08939066994667766,-0.08548211966089891,-9.911001049963879,-9.902325544459504,-0.08275489499311171,-0.0722947882930644,-0.08580352770787064,-0.0817204593511661,2.6794585943498963,2.684695308853367,1.172744092998646,1.1682327125805496,0.7952623984266551,0.8003954788397625
,-9.931,-0.079,-0.089,-9.919,-0.084,-0.098,2.66,1.12,0.77,-9.89165079798767,-9.904371780092323,-0.0718164608923681,-0.08189064617995165,-0.08973333995799088,-0.08563596549824133,-9.910090127565025,-9.903054760728274,-0.08273234714704353,-0.07280668691460306,-0.08748777671709845,-0.08243240498923454,2.675588213273261,2.6836153203083484,1.1718159519378906,1.166123373621014,0.7975475328050156,0.7990662073913988
25594.0,-9.847,-0.06,-0.115,-9.909,-0.084,-0.089,2.59,1.12,0.77,-9.889967292075509,-9.90186276651104,-0.06909796718529423,-0.08093331265325705,-0.09012092015287623,-0.08692012926739018,-9.90884426629039,-9.903314761133574,-0.08228192439470176,-0.07329619890997091,-0.08918214939426725,-0.08271962259084724,2.6719155714874736,2.679521284709458,1.1697233668740719,1.1641062814087202,0.7992245674335805,0.7977950683578179
,-9.89,-0.089,-0.065,-9.907,-0.093,-0.072,2.66,1.19,0.84,-9.88867311194371,-9.901343977617968,-0.0667754268626702,-0.08128608936815698,-0.09055687114148485,-0.0859615063704393,-9.90733639599975,-9.903475925984155,-0.08142668965347577,-0.07415789614959292,-0.09080861385481447,-0.0822508262832659,2.668571481245767,2.678667569374475,1.1666035243814863,1.1652386794537322,0.8003271315702813,0.799640797155441
,-9.911,-0.057,-0.062,-9.909,-0.067,-0.127,2.73,1.19,0.84,-9.887892089436177,-9.901766259988475,-0.06497480647597939,-0.08022399703002715,-0.09103387302200693,-0.08491360887075122,-9.905657567194794,-9.90371750776369,-0.08021225566065168,-0.07384486318070417,-0.09230240866049529,-0.08420782124534905,2.6656831577911846,2.680912466872729,1.1626505092649306,1.1663215548576518,0.800955871722294,0.801405807547375
,-9.885,-0.041,-0.074,-9.907,-0.074,-0.074,2.8,1.33,0.91,-9.887722282115364,-9.901033028878151,-0.06378856371540935,-0.07850863207007433,-0.0915323319195272,-0.08443632905071694,-9.90391222632708,-9.903861059481766,-0.07870254315731635,-0.07385164770762566,-0.09361604511997709,-0.08376140730981033,2.6633829390852575,2.686120466999217,1.1581103140564049,1.1734796287602631,0.8012601095475381,0.806154907248892
25670.0,-9.852,-0.069,-0.105,-9.88,-0.093,-0.12,2.66,1.05,0.7,-9.888224218320227,-9.898888690055324,-0.06326616391883694,-0.07809279545205698,-0.09202097566974966,-0.08533563058205747,-9.9022122972706,-9.902817554779503,-0.07697426674088001,-0.07468905376132351,-0.0947211087506516,-0.08534621295955497,2.6618139422276426,2.684978152670727,1.1532732290453545,1.1680795511424418,0.8014133662996498,0.8015124836814419
,-9.864,-0.045,-0.127,-9.916,-0.074,-0.084,2.66,1.05,0.7,-9.88941228624218,-9.89736291907452,-0.06340821418779345,-0.07664556350111917,-0.09245985931694414,-0.0871577192214013,-9.900670477957036,-9.903394056572536,-0.0751107933844358,-0.07465891969118289,-0.09560782952948162,-0.08528733964948187,2.6611276601060867,2.683885794647578,1.148461776890109,1.1629156326269054,0.8015856214936524,0.7970730850813547
,-9.909,-0.024,-0.067,-9.897,-0.05,-0.081,2.73,1.12,0.77,-9.891250718228477,-9.897871838164036,-0.06416556190617069,-0.07434323936883712,-0.09280519675373651,-0.08627617098962652,-9.899393149650999,-9.903114428247353,-0.07319600164488987,-0.07358052253660008,-0.0962826677894869,-0.08509984340322967,2.661471142980958,2.685902485908213,1.1440144540163142,1.161038823071111,0.8019170063184569,0.7958891103459185
,-9.876,-0.038,-0.11,-9.911,-0.057,-0.12,2.59,1.26,0.84,-9.893655109186334,-9.896915327159622,-0.06544412052151242,-0.0727538572541904,-0.09301489760581266,-0.08731367425501667,-9.898473176220723,-9.903459284317561,-0.0713087512889097,-0.0728554141965393,-0.09676446317368215,-0.08662611584499884,2.6629650362337727,2.6817084267516873,1.1402670256722938,1.1653666465504355,0.802498181183878,0.7978181915256624
25745.0,-9.904,-0.115,-0.086,-9.897,-0.098,-0.089,2.66,1.26,0.84,-9.896499505853257,-9.897225157887322,-0.06711524786231451,-0.0746013883179892,-0.09305376756042295,-0.08725622394509229,-9.897982755534354,-9.903176803417509,-0.06951851120567046,-0.0739550507630719,-0.09707986442963285,-0.08672993182518461,2.665676751331527,2.6807590621431534,1.1375326015490888,1.169505203322861,0.8033609556409713,0.7996629090884576
,-9.868,-0.096,-0.11,-9.919,-0.043,-0.086,2.59,1.12,0.77,-9.899628191187464,-9.895947067545059,-0.06903027727667861,-0.07553720392706285,-0.09289772968470775,-0.08825086700688266,-9.897966534616263,-9.90386879197113,-0.06788243356313758,-0.07260130781403269,-0.09725876688556004,-0.08669801005354269,2.669594722771374,2.6767899379644176,1.1360803803466613,1.1673402151129555,0.8044798666690725,0.7983656747749415
,-9.935,-0.084,-0.084,-9.871,-0.101,-0.084,2.59,1.05,0.77,-9.902870656705815,-9.897654951416897,-0.0710366964378593,-0.07590730348207836,-0.09253677090527815,-0.08806496580187685,-9.898435462726574,-9.902431356261044,-0.06644374287061224,-0.07384325471319757,-0.09733043760813254,-0.08658001922502247,2.6746099553944513,2.6729943936616105,1.1361133073267917,1.1622086296387877,0.8057834046755576,0.7971251718109752
,-9.902,-0.067,-0.089,-9.899,-0.077,-0.072,2.73,1.05,0.7,-9.9060578356708,-9.897844971421309,-0.07299314381698525,-0.0755177644896823,-0.09197655098890106,-0.08810585722093825,-9.89936223412803,-9.902281294341275,-0.06523101445103725,-0.07398130719796427,-0.09732093009576741,-0.08594239797304001,2.6805098130956035,2.675487393535103,1.1377475539239907,1.1573014614238974,0.807172996051758,0.7928776414961426
25821.0,-9.954,-0.096,-0.062,-9.866,-0.031,-0.134,2.66,1.05,0.91,-9.909037363334033,-9.900300773370185,-0.07478108249054582,-0.07641350464255361,-0.0912388099637964,-0.0869641818151389,-9.900679471218425,-9.90069462123993,-0.06425797012356935,-0.07210162552646315,-0.09725212276199936,-0.08804407890355043,2.686986399316239,2.6748100905011776,1.1409994952044198,1.152608896131855,0.8085476116815776,0.7979996995477672
,-9.926,-0.067,-0.122,-9.902,-0.065,-0.105,2.73,1.05,0.84,-9.91168559817857,-9.901424665788007,-0.07631221435725809,-0.07600182818842202,-0.0903608084302879,-0.08849638708253123,-9.902281781431702,-9.900751708766803,-0.06352378337772789,-0.07179105341476644,-0.09714217491372258,-0.08878560437557992,2.6936587364946982,2.6772236853427427,1.1457860600322995,1.1481215486320762,0.8098307676515173,0.799836479303999
,-9.928,-0.053,-0.096,-9.926,-0.062,-0.091,2.66,1.19,0.91,-9.913914634660761,-9.902586872614389,-0.07753175108467493,-0.07499589985176962,-0.08939390480729559,-0.08882453912327867,-9.904032348018932,-9.901855880635033,-0.06301429629332504,-0.07136286579442118,-0.09700663209669627,-0.08888244551746291,2.7001054216051905,2.6764704498605054,1.1519412321893545,1.149952999618538,0.8109949677944803,0.8046542097133271
,-9.883,-0.093,-0.093,-9.878,-0.038,-0.115,2.73,1.26,0.84,-9.915673594768132,-9.901730288953829,-0.07841828086663552,-0.07578326485452835,-0.0884011026319867,-0.08900714262679461,-9.905773917283048,-9.900812602416885,-0.06270467192381853,-0.0699038229818402,-0.09685923198098055,-0.09002463247420539,2.705903164867157,2.678811432972477,1.1592463881191633,1.1547656342987254,0.8120778330642918,0.8061999708475936
25897.0,-9.921,-0.077,-0.065,-9.876,-0.043,-0.096,2.8,1.19,0.77,-9.916944785010521,-9.902573002333899,-0.07898116660507627,-0.0758364757711131,-0.08745329981146065,-0.08795724933776881,-9.907343266633344,-9.899727484326585,-0.06256370789609265,-0.06872725050768635,-0.09671177843987545,-0.09028595046453518,2.7106663495582177,2.684111316644882,1.1674672133068578,1.1563065225530218,0.8131854585112481,0.804616854229067
,-9.911,-0.077,-0.112,-9.94,-0.127,-0.079,2.66,1.4,0.84,-9.917736322158653,-9.90294153633371,-0.07925627168934224,-0.07588735963924008,-0.086624198393597,-0.08900869985657499,-9.908587680095653,-9.90148870366847,-0.0625594558053962,-0.07127566576793384,-0.09657300694896404,-0.0897923872014183,2.7140829671675064,2.6830568675616004,1.1763871734759945,1.1669638569358893,0.8144815552481434,0.8061642490134868
,-9.919,-0.057,-0.074,-9.95,-0.053,-0.112,2.73,1.19,0.84,-9.918073198720757,-9.90364381371413,-0.07930053349845863,-0.07506136745679173,-0.08598417979271848,-0.08835233131237209,-9.909381491377834,-9.903610225802618,-0.06266515291314294,-0.07047642451125814,-0.09644685489401122,-0.09076358248296303,2.715942920009534,2.6851098099079302,1.185828101297593,1.1679712859491638,0.8161641448993012,0.8076439722959335
,-9.931,-0.098,-0.089,-9.931,-0.077,-0.069,2.8,1.12,0.77,-9.917988562500089,-9.90484016918389,-0.07918567910338892,-0.07606453208745727,-0.08559365238601262,-0.08838065550818429,-9.909640314366593,-9.90480805015701,-0.06286408297033105,-0.07076171702742952,-0.09633083464341657,-0.08981180577428802,2.716155828339187,2.690134249568564,1.1956522501908788,1.1658733798398482,0.8184337294186749,0.8059977058284838
25973.0,-9.873,-0.122,-0.093,-9.919,-0.041,-0.089,2.73,1.26,0.84,-9.917516614989793,-9.903447717759441,-0.07899119928281592,-0.07807340670612227,-0.08549644026655909,-0.08858267116898362,-9.909330553795614,-9.905428700149805,-0.06315216328055677,-0.06946016159191891,-0.096215242659639,-0.08977630344701538,2.714756859387834,2.691877680033847,1.2057457856103968,1.1699897758791888,0.821457833188446,0.8074847124671795
,-9.883,-0.065,-0.072,-9.887,-0.084,-0.11,2.66,1.19,0.77,-9.91668824375109,-9.902553487155439,-0.07879656512796561,-0.07750167344411618,-0.0857138403140468,-0.08785746886377442,-9.908472586335343,-9.904622766311133,-0.06353775032858475,-0.0700960256347778,-0.09608372478105397,-0.09066073703498327,2.711900481142461,2.690483588164709,1.2159890012744554,1.1708648737757996,0.8253371147699341,0.8058454108363211
,-9.938,-0.067,-0.089,-9.909,-0.053,-0.093,2.73,1.19,0.84,-9.915530155271325,-9.904103653142846,-0.07867281116565612,-0.07704240860598371,-0.086240058456781,-0.0879074346506685,-9.907137390507684,-9.904814193851923,-0.06403887885809022,-0.06934837303563286,-0.09591531464346836,-0.0907630389426454,2.7078435806553345,2.6922117411663886,1.2262218091561854,1.171701701419962,0.830078126153435,0.8073390777216237
,-9.916,-0.077,-0.072,-9.897,-0.081,-0.098,2.66,1.12,0.77,-9.914067560597774,-9.904623910589699,-0.07867416483890828,-0.07704055396999011,-0.08703977805522486,-0.08721176215248819,-9.905437646887957,-9.904472459318505,-0.06467853272321424,-0.06985792826035452,-0.09568761388395529,-0.09107952962065625,2.702920945826093,2.690803039955913,1.236214026539844,1.169440654772476,0.8355771766594331,0.8057061450678813
26048.0,-9.926,-0.055,-0.096,-9.916,-0.065,-0.091,2.66,1.12,0.77,-9.912329418155567,-9.905558741242658,-0.07883105950704324,-0.07607666459509731,-0.08804854364557031,-0.08759609410243742,-9.903514913055057,-9.904976587935085,-0.0654786705564121,-0.06964547872571383,-0.09538048633971438,-0.09107605158845959,2.697517015249538,2.689455944825349,1.2456493974262837,1.167278489434535,0.8416186060700779,0.8041446247042746
,-9.945,-0.057,-0.067,-9.916,-0.045,-0.103,2.66,1.19,0.84,-9.91035436588988,-9.907283607609463,-0.07914612019769675,-0.07524239362638008,-0.08917643022682939,-0.0866953746243035,-9.901524470624436,-9.905458669727535,-0.06645384109024796,-0.06856766937867077,-0.0949795768827547,-0.09159751612135213,2.692037608800731,2.688167761584436,1.2541302719418828,1.1682721587699512,0.8478890911815985,0.8057126712845648
,-9.907,-0.045,-0.069,-9.885,-0.065,-0.112,2.73,1.26,0.84,-9.908195276752524,-9.907271204728765,-0.07959435720789154,-0.07391981698300333,-0.0903151320774434,-0.08592151097240358,-9.899619265619185,-9.904563960166167,-0.06760539073159667,-0.06841164614023887,-0.09447903999665182,-0.09248976853292158,2.68688422559463,2.68999719156118,1.261205948042761,1.1722836501173957,0.854007305679976,0.8072121432074241
,-9.899,-0.12,-0.103,-9.902,-0.053,-0.103,2.73,1.26,0.84,-9.9059208973698,-9.906909483949583,-0.08012794301574871,-0.07593502036054434,-0.09134815787787443,-0.08666839665119992,-9.89793436422471,-9.904451831679506,-0.068917343696923,-0.06773765573217515,-0.09388298750917694,-0.09294940763512267,2.6824318788822956,2.6917466159210464,1.2664220999233742,1.176119708765075,0.8595654180777789,0.8086460394166982
26124.0,-9.919,-0.103,-0.105,-9.852,-0.048,-0.074,2.66,1.4,1.05,-9.903613964564235,-9.907438232908154,-0.08068478952048218,-0.0771186406244307,-0.0921632306604928,-0.08747008420028404,-9.896573541960406,-9.90215797993157,-0.07035483028400767,-0.06687447794311234,-0.09320540639367285,-0.09212070193630599,2.6790099879236697,2.6903582558182664,1.2693829544497548,1.185910562219261,0.8641761379805565,0.8192010607882707
,-9.902,-0.086,-0.101,-9.887,-0.11,-0.081,2.66,1.47,0.91,-9.901366131233859,-9.907200405178166,-0.0811990841735177,-0.0775070450151902,-0.09266533577704437,-0.08806178176379797,-9.895599739348853,-9.90149508299074,-0.07186539997452267,-0.06876046649648253,-0.0924687129457431,-0.09163436541081076,2.6768853163792943,2.689030612227123,1.269813818165842,1.1983345144923738,0.8675172422082539,0.8231719288924431
,-9.878,-0.074,-0.115,-9.885,-0.091,-0.101,2.73,1.33,0.91,-9.899270696498705,-9.90592339733471,-0.08161152158671799,-0.0773536730340678,-0.09278842014071352,-0.08923985842973717,-9.895030821197436,-9.900773711138907,-0.07338284427462594,-0.06973305775148457,-0.09170152966796065,-0.09204394838599095,2.67624649451271,2.6908223075549222,1.2676106366028603,1.2040925804054947,0.8693656693750346,0.8269691408544003
,-9.892,-0.098,-0.105,-9.919,-0.05,-0.05,2.66,1.26,0.84,-9.897414490234171,-9.905314491824821,-0.08187736470471506,-0.07825658932283809,-0.09250380128727859,-0.08992908942760894,-9.894841261734515,-9.901570793018104,-0.07483260247483875,-0.06887008104378929,-0.09093640018652437,-0.09020525979481592,2.6771906355174084,2.689474369803343,1.2628661414826954,1.2065375537849383,0.8696158274909447,0.827539013403578
26200.0,-9.885,-0.101,-0.091,-9.88,-0.093,-0.11,2.66,1.19,0.84,-9.895870357854873,-9.904426087529133,-0.08197128411847887,-0.07925121640573213,-0.09182391272806284,-0.08997592306543827,-9.89496929597975,-9.900627447482123,-0.07613775030982033,-0.06992534365336726,-0.09020787737631424,-0.09107093403279193,2.6797133188985627,2.6881853807913707,1.2558681816049238,1.2058143245774635,0.8682809731571965,0.828083963979563
,-9.864,-0.081,-0.103,-9.902,-0.065,-0.134,2.66,1.12,0.84,-9.894691483017313,-9.902658152100157,-0.08188866683089871,-0.07932769515158383,-0.09080088592212392,-0.09054549901131075,-9.895328189502393,-9.900687472687943,-0.07722495829984956,-0.06970994587245666,-0.08955087354646253,-0.09294833106265808,2.6837037164440756,2.686952762540981,1.2470726950648863,1.2020614463246555,0.8654805247745874,0.8286050824835071
,-9.938,-0.053,-0.072,-9.885,-0.062,-0.086,2.66,1.33,0.84,-9.89390824227433,-9.90420374082384,-0.08164367460594878,-0.07817631820994338,-0.08952039328445101,-0.08973445726193245,-9.895819864827297,-9.900001419684765,-0.07803026160747326,-0.06937277036781289,-0.08899863630434836,-0.09264446290700043,2.6889469171227596,2.6857740498156732,1.237058460081455,1.2076565240479615,0.8614183546290359,0.8291034111524181
,-9.899,-0.077,-0.096,-9.911,-0.077,-0.098,2.66,1.33,0.84,-9.893527552657094,-9.903976168027956,-0.0812648682525933,-0.07812487482854738,-0.0880919336947377,-0.09000846535090258,-9.896349068821058,-9.900482415521767,-0.07850465412520562,-0.0697063284812951,-0.08857957778942882,-0.09287867413906907,2.695135275536572,2.6846468851899967,1.2264717801319185,1.2130069148193636,0.8563572124141765,0.829579946643634
26275.0,-9.897,-0.098,-0.074,-9.919,-0.101,-0.089,2.66,1.12,0.84,-9.893534075415651,-9.903671082491142,-0.08078956365157032,-0.07899406450515496,-0.08663719881138024,-0.08930837452373534,-9.896836300181628,-9.901292236497753,-0.0786193590397092,-0.07107488017556446,-0.08831268122123259,-0.09270904987298163,2.701889614553331,2.6835690143347004,1.215967798328478,1.2089394863369394,0.850593240011829,0.8300356420281372
,-9.859,-0.077,-0.05,-9.914,-0.098,-0.062,2.73,1.05,0.84,-9.893892505824834,-9.901717502656588,-0.08025803054644483,-0.07890685900242636,-0.08527828737085667,-0.08758931952179101,-9.897227777980044,-9.90184797925427,-0.07837029159620604,-0.07225238401470688,-0.08820213336267604,-0.09136606516733753,2.708789457241196,2.685599559202562,1.2061537583212245,1.2019886591327007,0.8444329320735268,0.8304714086966966
,-9.902,-0.069,-0.093,-9.883,-0.05,-0.05,2.73,1.26,0.91,-9.894550504458158,-9.901729856982532,-0.07970830125421056,-0.0784736069097611,-0.08412735369998803,-0.08782594231407594,-9.897501003136314,-9.901023709276023,-0.07778098680343636,-0.07127923077422958,-0.08823264172196409,-0.08955702213011582,2.7154094635203716,2.6875413031888282,1.19753938756353,1.2045256423301924,0.8381734313213176,0.8339493958771377
,-9.923,-0.079,-0.081,-9.933,-0.067,-0.101,2.73,1.19,0.77,-9.895442172182422,-9.90266005433079,-0.07917207649039235,-0.07849662741584226,-0.0832787852473697,-0.08752742652907673,-9.897665081117525,-9.902422113640963,-0.07690336142481267,-0.07109208914967648,-0.08836714438073595,-0.09005745260028153,2.7213573624025895,2.6893981297814724,1.1904993244202338,1.2038903991178562,0.8320860344628624,0.8311527264603564
26351.0,-9.89,-0.057,-0.096,-9.909,-0.089,-0.098,2.87,1.12,0.84,-9.896491969920826,-9.902106398017448,-0.07867212062748138,-0.07755652532991593,-0.08280426466824183,-0.08789795367452603,-9.897755819011673,-9.90270978130936,-0.07581602738039941,-0.07187524755026191,-0.08854817113099643,-0.09040480036016973,2.726307487230617,2.697296308022656,1.1852506492143955,1.2002216590092674,0.8264024363738703,0.8315396401909843
,-9.885,-0.089,-0.081,-9.864,-0.103,-0.065,2.8,1.26,0.84,-9.897618797415936,-9.901358291807679,-0.07822142906636415,-0.07805697752641551,-0.0827503387466635,-0.08759628864993403,-9.897826467810999,-9.901016904308205,-0.07462008835428488,-0.07323641198484553,-0.08870317981737116,-0.08929378395051951,2.730024072702223,2.7017878011853966,1.1818457722799498,1.2028359176076737,0.8213034857862398,0.8319096332019941
,-9.916,-0.079,-0.096,-9.887,-0.103,-0.079,2.73,1.26,0.84,-9.898739953911242,-9.901998610874799,-0.07782415041416778,-0.07809821829304102,-0.08313770707194289,-0.08796380428003225,-9.897935747491921,-9.900403909500998,-0.07343230083235655,-0.07453804924339884,-0.08875324765027305,-0.08884361064766798,2.7323701397385296,2.70302159225602,1.1801788337510473,1.2053358480412955,0.8169106308941211,0.8322634454794079
,-9.88,-0.079,-0.079,-9.897,-0.053,-0.103,2.73,1.12,0.84,-9.899774935107141,-9.901036555777932,-0.0774778228147563,-0.07813765549625261,-0.08396145612914216,-0.08757179436431481,-9.898135344364084,-9.90025504789772,-0.07237554652708351,-0.07359613567580445,-0.08862387148644253,-0.08946270548993634,2.733301142492569,2.704201426511155,1.1800030613268548,1.2016038947820231,0.8132805060656594,0.8326017846477805
26427.0,-9.919,-0.105,-0.101,-9.885,-0.055,-0.122,2.59,1.12,0.7,-9.900649210332181,-9.901822142793835,-0.07717615013732494,-0.07931241401126664,-0.08519174888814958,-0.08815904388416516,-9.898459154557372,-9.899587905928325,-0.07156714340670321,-0.07278287945654704,-0.08825623891641352,-0.0908856439745457,2.732846801838576,2.6992071082303357,1.180957073183139,1.198035149312315,0.8104034669781432,0.826802771996472
,-9.866,-0.069,-0.089,-9.859,-0.041,-0.103,2.59,1.05,0.7,-9.90129814512637,-9.900255549555213,-0.07691147758646918,-0.07886142596856636,-0.08677485379332678,-0.08819582102987157,-9.89891607539944,-9.897812893769977,-0.07110644258905299,-0.07139293345730507,-0.08761705371232825,-0.09141543551574303,2.7310879516017157,2.6944312041659773,1.182599355798575,1.191561196446743,0.8082074434055261,0.8212573648891565
,-9.897,-0.069,-0.048,-9.911,-0.065,-0.081,2.8,1.19,0.84,-9.901671138576436,-9.900113176108976,-0.07667637399762539,-0.07843016077780322,-0.08863477260854158,-0.08643795573943742,-9.899487333090839,-9.898389599400788,-0.07106377025978144,-0.07111335424880227,-0.0867050523439356,-0.09095994208113267,2.7281359776601724,2.6990479955934155,1.1844507433977018,1.1914929213630412,0.8065685341359966,0.8220770279005959
,-9.95,-0.081,-0.096,-9.933,-0.072,-0.101,2.8,1.26,0.91,-9.90173583019528,-9.902294853555068,-0.07646418308837996,-0.07854254637050796,-0.09067603033701638,-0.08685612820813128,-9.900128396471295,-9.89990320007724,-0.07147259267654056,-0.07115212951824591,-0.08555297443705188,-0.09139901930053837,2.724119969766957,2.7034628830120404,1.1860432653167003,1.1944889098165536,0.8053282982347573,0.8259221226623248
26503.0,-9.876,-0.077,-0.084,-9.919,-0.091,-0.069,2.73,1.33,0.91,-9.901481887416542,-9.901144912859811,-0.07626884051227671,-0.07847508690198296,-0.09278825052504014,-0.08673122247132913,-9.900774604491609,-9.90073835161495,-0.07232591587236362,-0.07202012727808715,-0.08422476461192752,-0.09041945332677907,2.719182439755851,2.7046234185022016,1.1869704547509576,1.2004151537841876,0.8043149321587707,0.8295990616693784
,-9.921,-0.06,-0.108,-9.88,-0.069,-0.089,2.66,1.26,0.77,-9.900923606820955,-9.902013226222445,-0.07608447065264803,-0.07766712445288619,-0.09485279941643078,-0.08766136010329419,-9.9013490559161,-9.899831410854674,-0.07357692606914203,-0.07188804944564539,-0.08280872306759986,-0.09035737702952713,2.7134810812239865,2.702671923134879,1.186931315973287,1.2030209503649016,0.8033634520375246,0.826992643410794
,-9.883,-0.069,-0.096,-9.887,-0.069,-0.067,2.66,1.19,0.77,-9.900100620373674,-9.901181729574802,-0.07590526296616497,-0.07728808909912942,-0.09675116413500441,-0.08802602999355355,-9.9017714074586,-9.899270260685556,-0.07514324626786478,-0.07176174771209491,-0.0814078940732134,-0.08933589963949506,2.707193233364786,2.7008057716138256,1.1857600293794153,1.2024515111518572,0.8023305611898842,0.8245002104390313
,-9.904,-0.067,-0.093,-9.904,-0.053,-0.084,2.73,1.12,0.77,-9.899076360388396,-9.901304979694654,-0.0757259597876261,-0.07683816484658551,-0.098374196157464,-0.08824355432832195,-9.901966809848517,-9.899477104192185,-0.07691405405689726,-0.07094124885808559,-0.0801291790994611,-0.08910254720311772,2.700520575260798,2.7020825093304883,1.183436713644287,1.1988456972666282,0.8011027641281233,0.8221167778881466
26578.0,-9.916,-0.11,-0.11,-9.89,-0.091,-0.079,2.73,1.12,0.77,-9.897934290240299,-9.901947630235808,-0.07554297810798913,-0.07828841607892045,-0.09963113868652616,-0.08919501892612273,-9.901874643587961,-9.8990626463683,-0.07875939266397047,-0.07181846896451465,-0.07907259526291932,-0.08866073716868315,2.693692067237233,2.703303412065812,1.180079409837308,1.1953975747759324,0.7995992156194005,0.8198375788930383
,-9.892,-0.074,-0.108,-9.916,-0.105,-0.057,2.8,1.19,0.84,-9.896772073993436,-9.90151259511361,-0.07535578937071222,-0.0781008727576764,-0.10045740039136888,-0.09001740848479038,-9.901456614833183,-9.899803359837962,-0.08054094114032154,-0.0732695815477704,-0.0783218874816494,-0.08727613276174677,2.686962581983589,2.707532199319756,1.1759212244261557,1.1951615251292769,0.7977718865665355,0.8207193327502044
,-9.909,-0.074,-0.091,-9.935,-0.086,-0.074,2.73,1.19,0.77,-9.895693959416311,-9.901840038336015,-0.07516793059616132,-0.0779215311819477,-0.100820176017421,-0.09006037970605188,-9.900703336304943,-9.901342598258662,-0.08212323253880187,-0.07382631506276058,-0.07793743497392905,-0.08669553377470962,2.680604180001422,2.7085147732778507,1.1712776872965172,1.1949357985328797,0.795604891478239,0.8185012475783825
,-9.861,-0.074,-0.122,-9.887,-0.084,-0.05,2.73,1.26,0.84,-9.894801863142387,-9.900053999787442,-0.0749871479197795,-0.07775003266858288,-0.10072119271116148,-0.09145718037999886,-9.899638201432511,-9.90071536002823,-0.08338413784941365,-0.0742712361308909,-0.07795206756612123,-0.08509074493139733,2.67488805905868,2.7094543767825012,1.166508325449038,1.1977812212280368,0.7931134965264682,0.8194414425962057
26654.0,-9.914,-0.043,-0.089,-9.904,-0.072,-0.117,2.52,1.12,0.77,-9.894185949429117,-9.900663893778557,-0.07482459216064466,-0.07623032552728184,-0.10019609315422023,-0.09134972164444709,-9.898317473884253,-9.90085900567223,-0.08422366339712525,-0.07417190920937072,-0.0783699331803212,-0.08648621765695806,2.6700582182642427,2.701169055957252,1.1619750442667858,1.1943796509766733,0.7903424987076213,0.817279242804733
,-9.904,-0.101,-0.144,-9.923,-0.086,-0.108,2.52,1.19,0.77,-9.893915685730303,-9.900809790172302,-0.07469333086427236,-0.07731356626961139,-0.09931024480533254,-0.09365225196928215,-9.896826064208664,-9.901827287558936,-0.08457063117489816,-0.07468918164516695,-0.07916793525222528,-0.0874270699713985,2.6663017073542448,2.693246073243917,1.1579997108120732,1.1941881177217515,0.7873636189384229,0.8152116014988697
,-9.873,-0.089,-0.093,-9.895,-0.081,-0.069,2.73,0.98,0.77,-9.894032333492321,-9.899593597453118,-0.07460644382082422,-0.07782464368256788,-0.09815111350624528,-0.09362372733492859,-9.895269197946979,-9.901528712942964,-0.08438723959889002,-0.07496516975179007,-0.08029876379054057,-0.08662120742456682,2.663722857760765,2.694853415760535,1.1548245010506877,1.184821127618808,0.7842719450193508,0.8132343833960043
,-9.885,-0.089,-0.084,-9.878,-0.093,-0.091,2.66,1.26,0.77,-9.89454372000824,-9.898955382390753,-0.07457473252834639,-0.0783133703828895,-0.09681785755629352,-0.09320285730881067,-9.893760865768447,-9.900499742598502,-0.08367160489871633,-0.07575387865982905,-0.0816945779446177,-0.08681270313942345,2.6623283557110837,2.693329187414186,1.1525799252707722,1.1881088905490556,0.7811817517477382,0.8113436340599308
26730.0,-9.895,-0.05,-0.079,-9.892,-0.098,-0.043,2.59,1.12,0.84,-9.895422063914907,-9.898782403478096,-0.07460398047129566,-0.077075154822762,-0.0954095017404764,-0.09258173030484693,-9.892410546905305,-9.900128027278134,-0.0824582597468303,-0.07672675801765114,-0.08327102855018026,-0.08489666241290982,2.6620267003592266,2.6888103397481764,1.1512656184438053,1.1851303158714246,0.7782218507904721,0.8125968496864655
,-9.88,-0.089,-0.057,-9.89,-0.057,-0.06,2.73,1.05,0.77,-9.896605484604168,-9.897961001295005,-0.07469200291940145,-0.07759665857349493,-0.09401368719802516,-0.09102565091465369,-9.891310164862116,-9.899685102935338,-0.08081648792162846,-0.07586405681330823,-0.08493206539053176,-0.08380786816559772,2.6626417159877263,2.6906116681506402,1.1507476975612194,1.1792207241310482,0.7755300966177793,0.8107339813178848
,-9.88,-0.034,-0.081,-9.837,-0.077,-0.089,2.59,1.05,0.77,-9.898003449532302,-9.897175521114505,-0.07482623544410599,-0.0756900660242769,-0.09269813809355909,-0.09058720375011432,-9.890523401674463,-9.8969437242583,-0.07884645287549219,-0.07591373449244573,-0.08657622561463266,-0.08403493327090485,2.6639372113946758,2.6862116645004286,1.150774581738711,1.1735695738389338,0.773246347915211,0.8089525809119399
,-9.919,-0.077,-0.103,-9.885,-0.084,-0.117,2.73,1.19,0.77,-9.899505822647333,-9.898129960977448,-0.07498289682354363,-0.0757473527622931,-0.09150639869336641,-0.09113004683991437,-9.890079253541327,-9.896421394877427,-0.07667325145188289,-0.07626736741001697,-0.08810458210823785,-0.0854765793205491,2.6656486220355395,2.6881266395681944,1.151011168169037,1.1742881180834739,0.7715034986527677,0.8072490856678188
26806.0,-9.909,-0.06,-0.081,-9.887,-0.098,-0.115,2.73,1.19,0.77,-9.900994508501128,-9.898605335377418,-0.07512856804531384,-0.07505868105145815,-0.09045824794343132,-0.09068703417655506,-9.889971042870771,-9.896009373363295,-0.07443908486836338,-0.07721779060130589,-0.08942954696480226,-0.08676771345184907,2.6675167916450095,2.689957867915097,1.151088675373646,1.174975238564181,0.7704169779414469,0.8056200885950334
,-9.904,-0.065,-0.103,-9.885,-0.086,-0.098,2.66,1.19,0.77,-9.90235610846949,-9.89884125775568,-0.07522439803860018,-0.07461878939518957,-0.08955397192705583,-0.09122551142838804,-9.890161036391472,-9.895527905518904,-0.07229366498965381,-0.07760185891188515,-0.09048296381782024,-0.087258929855677,2.6693188059781963,2.688647734303341,1.1506641936754822,1.1756323095220165,0.7700738089411977,0.8040623316994381
,-9.928,-0.139,-0.132,-9.926,-0.062,-0.072,2.73,1.12,0.7,-9.903493733181953,-9.900116443573278,-0.07523229905894013,-0.07743434316617043,-0.08878083124095579,-0.09300868331936582,-9.890589571949182,-9.896860527563751,-0.07038303573001985,-0.07691955001646361,-0.09122194699629303,-0.08659161811840635,2.6708913570858406,2.6904561738546797,1.1494812969533226,1.1731993674044077,0.7705225825778915,0.7995114217727534
,-9.904,-0.065,-0.067,-9.895,-0.057,-0.089,2.66,1.19,0.84,-9.90433627896043,-9.900286281354198,-0.07512175751350501,-0.07689055777502456,-0.08811981285459097,-0.09187125757495747,-9.891186608398574,-9.896779161970453,-0.06883742144682144,-0.07604841752861155,-0.09163168366016612,-0.08669694277174825,2.672143662735894,2.68912424805924,1.1474222662925229,1.173934101716096,0.7717655635726515,0.8012820900785907
26881.0,-9.911,-0.067,-0.105,-9.926,-0.038,-0.101,2.66,1.26,0.77,-9.90484399326198,-9.900754819467275,-0.07487563402720583,-0.07645801857641411,-0.08755108800459488,-0.09244541080842125,-9.891883257475007,-9.898057063394369,-0.06775935945815315,-0.0743844636444556,-0.09172530965220475,-0.08732245177254591,2.6730590952708266,2.6878505707599185,1.1445433633750017,1.1776979819257047,0.7737536789006523,0.799914044870097
,-9.899,-0.084,-0.081,-9.861,-0.077,-0.072,2.66,1.26,0.84,-9.905009832073912,-9.900678076757375,-0.0744937340409862,-0.07678784856933224,-0.0870573362272733,-0.09194487393967732,-9.892621211147933,-9.896436463943049,-0.0672137815609095,-0.07449884768880348,-0.09154144951695144,-0.08665236206060066,2.6736866827339947,2.686632594602117,1.141086232835068,1.181297258099165,0.7763845321083724,0.8016671054458318
,-9.926,-0.067,-0.062,-9.897,-0.055,-0.122,2.66,1.19,0.7,-9.904856773303774,-9.901785468740291,-0.07399371466832289,-0.0763598011050133,-0.08662490940801171,-0.09063530858745163,-9.893358822061803,-9.896461108805351,-0.06722155600701081,-0.07364611358168978,-0.09114001454133558,-0.08819820399741111,2.6741249800800335,2.6854678836335193,1.1374608335621585,1.181677851094335,0.7795033501953155,0.7972209448434815
,-9.88,-0.089,-0.112,-9.914,-0.084,-0.074,2.73,1.19,0.77,-9.904431768312298,-9.900832734890026,-0.07340953901209411,-0.07691258908974356,-0.08624335401439687,-0.09156964077703535,-9.894073501799928,-9.89722812903964,-0.06775737015252314,-0.07409891531802747,-0.09059667583693531,-0.08757728049456727,2.6745012664263115,2.6874153861266774,1.1341990568314675,1.1820417997916939,0.7829072713974644,0.7960305038253066
26957.0,-9.911,-0.06,-0.093,-9.909,-0.065,-0.093,2.66,1.12,0.77,-9.903797355377137,-9.901277375202813,-0.07278798249947066,-0.0761729586363653,-0.08590396267462054,-0.09163219401681202,-9.89476069300347,-9.897742942839544,-0.06875210974777135,-0.0737009966536401,-0.08999634004099724,-0.08781442978407367,2.6749488273391107,2.6862164416976007,1.1318835324907592,1.1793285543941479,0.7863541882050923,0.7948921238147822
,-9.914,-0.069,-0.077,-9.876,-0.043,-0.069,2.66,0.98,0.77,-9.903022154899197,-9.901833767881485,-0.07218380528621969,-0.07585926694669398,-0.08559794315286925,-0.09099229102873928,-9.895429941516575,-9.89679206875487,-0.07009941491792887,-0.07235836413572085,-0.08942601238922955,-0.08699162700932365,2.675584811073649,2.685069930151919,1.131061895165478,1.1706114107164136,0.7895775399429609,0.7938035280518875
,-9.887,-0.057,-0.062,-9.885,-0.045,-0.122,2.59,0.98,0.77,-9.902171536356901,-9.901185049556616,-0.07165428537996875,-0.07503450332900377,-0.08531474925286915,-0.08972438454533366,-9.896098840408253,-9.896276371654139,-0.07166589631216282,-0.0711619134230584,-0.08896752105157818,-0.08852263202870486,2.6764912396142977,2.680912280772053,1.1321611909738964,1.1622754898601122,0.7923075877716332,0.7927625393450964
,-9.866,-0.086,-0.077,-9.902,-0.098,-0.079,2.66,0.98,0.77,-9.901299720667032,-9.899646318022514,-0.07125380280507179,-0.07551405233425958,-0.08504121460477278,-0.08916791490840906,-9.896785951665922,-9.896526680451093,-0.07330429887610208,-0.07233561107735464,-0.08869055982076351,-0.0881061831569578,2.6777019312523045,2.6799977336482192,1.1354185091276074,1.1543041199835309,0.7942982069776936,0.7917670757169957
27032.0,-9.909,-0.06,-0.077,-9.892,-0.091,-0.077,2.73,1.19,0.84,-9.900444467083378,-9.900055378279642,-0.0710289833424236,-0.07483558344337396,-0.0847621338024452,-0.08863578110130128,-9.897503993629895,-9.896328717224021,-0.07486841205124797,-0.07315185218435677,-0.08864641691905552,-0.08762048157453928,2.679197561153049,2.6821844596861704,1.1408413076397699,1.1558651914303815,0.7953566596683206,0.7938764239348172
,-9.885,-0.098,-0.091,-9.88,-0.105,-0.112,2.66,1.05,0.84,-9.899625167468274,-9.899396968369507,-0.07101461731711763,-0.07584862218209731,-0.08446256894138618,-0.08873917439529377,-9.898254425307368,-9.895614620969486,-0.07622783875919419,-0.07454465253462526,-0.08886276041371204,-0.08868665980251399,2.6809095159871306,2.6812142769490053,1.1482046502046306,1.1512354378711163,0.7953724440346303,0.7958935250005083
,-9.916,-0.055,-0.112,-9.904,-0.093,-0.077,2.66,1.12,0.77,-9.898844520975606,-9.900123061089383,-0.07123035936800583,-0.07493685900999919,-0.08413149140813461,-0.08975642934642333,-9.899024182574124,-9.895981334880714,-0.07728036384562223,-0.07535175172805074,-0.0893399816123193,-0.08817557250284958,2.6827312770054994,2.6802865227657384,1.1570847706639569,1.1498694328820815,0.7943404305830967,0.7947611354217121
,-9.895,-0.081,-0.069,-9.88,-0.077,-0.062,2.73,1.26,0.91,-9.898093162876544,-9.899899016623092,-0.07167823044427613,-0.075202015556731,-0.08376577275172933,-0.08884869800106007,-9.899784899177732,-9.895282430537879,-0.07796003597109326,-0.07542383380904927,-0.09004973481240665,-0.0870308482708005,2.6845347818625496,2.6824606193224914,1.1669215091842207,1.1546857221477878,0.7923735045127744,0.799800823502736
27108.0,-9.902,-0.043,-0.105,-9.933,-0.084,-0.069,2.73,1.26,0.84,-9.897356026317317,-9.899990897959494,-0.07234114686648677,-0.07379373967185406,-0.08337334895449962,-0.08955503543743577,-9.900494498059029,-9.896931915596232,-0.07824011180537338,-0.07579889132711473,-0.09093634356937776,-0.08624231350474186,2.686188813458014,2.684539637117889,1.1770974271705905,1.1592913828577895,0.7897010204606876,0.801558835536277
,-9.931,-0.084,-0.079,-9.904,-0.043,-0.124,2.66,1.26,0.77,-9.896619014894183,-9.901347004708104,-0.07318290052932461,-0.07424008534452112,-0.08297464697912851,-0.0890934369438764,-9.90110058918576,-9.89724102086949,-0.0781312300496139,-0.07436451254963412,-0.09192154788726778,-0.08789355298279067,2.687576608335983,2.6834664564930346,1.1870189388878858,1.1636956263335068,0.786651408981068,0.8001786875464023
,-9.899,-0.055,-0.074,-9.916,-0.072,-0.067,2.66,1.4,0.7,-9.895874724827136,-9.901244364234364,-0.07414999630430386,-0.07339866757158921,-0.08260186635694362,-0.08843336263174134,-9.901544834394958,-9.8980613986464,-0.07767609115655487,-0.0742611064135408,-0.09291252172948586,-0.08697982487272171,2.6886104402641013,2.682440208781166,1.196184857318399,1.1740298164508678,0.7836200401284004,0.7957976192371321
,-9.856,-0.091,-0.093,-9.878,-0.089,-0.098,2.73,1.26,0.84,-9.895126409380735,-9.899265713333907,-0.07517544985844703,-0.07416841851953732,-0.08229619273776187,-0.08863307327623086,-9.901767536801984,-9.897184062757878,-0.07694222898190753,-0.0749056756446503,-0.09381232933786002,-0.0874617651056716,2.689241857654433,2.684520119181348,1.204230716998527,1.1777895108121539,0.781026384367855,0.7977307015553128
27184.0,-9.902,-0.074,-0.093,-9.907,-0.077,-0.12,2.66,1.19,0.77,-9.894390020563321,-9.899385290630782,-0.07618419205501631,-0.07416105315014877,-0.08210334995660547,-0.08882405006727286,-9.901712154984756,-9.897613338611162,-0.07601417472415309,-0.07499726576513681,-0.09453137025406803,-0.088884744715672,2.689467062825524,2.683447792125404,1.2109428391751043,1.178323506500576,0.7792665312357574,0.7965179675821158
,-9.887,-0.101,-0.079,-9.883,-0.069,-0.11,2.73,1.12,0.7,-9.893694691850468,-9.898843650431528,-0.07709933724243612,-0.07533478842636315,-0.08206808460583502,-0.08839441941955173,-9.901329919736886,-9.896974260217842,-0.0749857413431128,-0.07473499010921207,-0.09499808682984955,-0.08980816843017685,2.689327190964045,2.6854836383481997,1.2162432084407804,1.1757728715075109,0.7786675897991222,0.7922969918495947
,-9.885,-0.069,-0.053,-9.883,-0.081,-0.091,2.73,1.26,0.77,-9.893082091006772,-9.898238232456153,-0.07784843149683705,-0.07505775204766418,-0.08222833295267058,-0.08684653160985976,-9.90058489930215,-9.896363130344959,-0.07395271518151014,-0.07500897489541804,-0.09516726416608984,-0.08986029025018094,2.6889032018863053,2.6874304518476917,1.220152906415896,1.1794563376464373,0.7794499028608042,0.7913218877952611
,-9.909,-0.081,-0.098,-9.914,-0.062,-0.091,2.73,1.05,0.7,-9.892604675728643,-9.898708871869514,-0.07836896719190627,-0.07531762163497281,-0.08260999865681333,-0.08733430109555858,-9.899459606780283,-9.897134435426038,-0.0730061034922215,-0.07444005940005373,-0.09502463983708469,-0.0899101326506854,2.688305308980274,2.689292126250879,1.2227459926753435,1.1737948833771918,0.7817020338120009,0.7873281498220297
27260.0,-9.95,-0.079,-0.053,-9.902,-0.098,-0.124,2.59,1.12,0.77,-9.892322394367783,-9.900951963104815,-0.07861284366509663,-0.07547866138856602,-0.08322333131096901,-0.08583277495127745,-9.897960696692406,-9.897347218916057,-0.07222611820632957,-0.07547039540922637,-0.09458718771211215,-0.09140096908675,2.687657706413458,2.6849498295175915,1.2241063768656018,1.171442296569189,0.7853720140038516,0.7865703458429307
,-9.883,-0.055,-0.096,-9.931,-0.045,-0.11,2.66,1.19,0.77,-9.892297195483467,-9.900166878187314,-0.07854985945173708,-0.07458307754111179,-0.08406166165685736,-0.08627741351208455,-9.896123709107696,-9.898818940460197,-0.07167712213301383,-0.07413784766910489,-0.09389910921418365,-0.09221435192209043,2.687080721019471,2.6838587101378275,1.2242978888998532,1.172253872048813,0.7902760294573055,0.7858456825555176
,-9.88,-0.079,-0.074,-9.911,-0.072,-0.079,2.66,1.19,0.84,-9.892585115545403,-9.89928492941071,-0.07817053344281881,-0.07477624077256435,-0.08510274961621603,-0.08574049105307664,-9.894015514065167,-9.899351649115403,-0.07140381243979974,-0.07404435416362425,-0.09302413600955703,-0.09163645476800165,2.6866736623001217,2.682815308178339,1.2233533107678098,1.1730299552725345,0.7961228287348899,0.7882139883277037
,-9.876,-0.067,-0.096,-9.864,-0.06,-0.079,2.8,1.47,0.91,-9.893226687552401,-9.898266620338957,-0.07748847017109697,-0.07443616602364976,-0.08631242981288706,-0.08618916542301407,-9.891733353530116,-9.897805631759683,-0.07142896413580856,-0.07343015890455858,-0.0920353485857571,-0.09108383052344889,2.686501597029788,2.6879400922241836,1.2212825262700386,1.1860172091847543,0.8025494170188924,0.7935399997710336
27336.0,-9.866,-0.108,-0.093,-9.861,-0.067,-0.048,2.59,1.12,0.77,-9.894237462539294,-9.896855519122955,-0.07654212963757907,-0.07590399768498275,-0.0876497655634212,-0.08648702050831945,-9.889400138678083,-9.896196028052005,-0.07175298857726202,-0.07314895173275085,-0.09100435548409398,-0.08919966524666963,2.686587977493859,2.6836569233710117,1.218094878004646,1.183130109042902,0.8091619773486494,0.792510535824929
,-9.897,-0.06,-0.081,-9.931,-0.096,-0.086,2.66,1.12,0.84,-9.895600883711952,-9.896861837638472,-0.07539539827481828,-0.07520847549403659,-0.08907264057559554,-0.08624705917272919,-9.887156497219143,-9.89771809409492,-0.0723552790462687,-0.07414828608069664,-0.08999200754534528,-0.08905973576310593,2.6869136292731945,2.68262234605907,1.2138283370248673,1.1803692691191356,0.8155760909064835,0.7945873706449625
,-9.878,-0.108,-0.127,-9.892,-0.084,-0.086,2.66,1.26,0.77,-9.897265342116265,-9.896036961597904,-0.07413606008424947,-0.07664253210172763,-0.09054266092810663,-0.08802928872614814,-9.885150457937222,-9.897468027324809,-0.07319691679852904,-0.07457912653889154,-0.08904245820913896,-0.08892592575106843,2.6874219323018904,2.6816330134392468,1.2085786577079387,1.183851723122584,0.8214520289415072,0.7935121025117977
,-9.907,-0.079,-0.096,-9.871,-0.065,-0.108,2.73,1.26,0.77,-9.899146269177697,-9.89651640309682,-0.07287134362563105,-0.0767456301573341,-0.09202839349265078,-0.08837786816374599,-9.883525576894053,-9.896310513301001,-0.07422406759848595,-0.07416020701880312,-0.08818136163784643,-0.08976008343737227,2.688029629719166,2.6837482245407904,1.2025233961834696,1.1871818805722776,0.8265229701815168,0.7924838585836564
27411.0,-9.909,-0.074,-0.081,-9.885,-0.084,-0.069,2.66,1.19,0.91,-9.901133055963857,-9.897062342478916,-0.07172017752321562,-0.07662555678079179,-0.09350632955957555,-0.08805521526028097,-9.88240824265002,-9.895815875842693,-0.07537151903266708,-0.0745905261441134,-0.08741780753294257,-0.08885219228933593,2.688641710283065,2.6827096543969273,1.1959363583206202,1.1873051240886274,0.8306151149988688,0.797623137761659
,-9.878,-0.069,-0.098,-9.883,-0.055,-0.115,2.8,1.33,0.91,-9.903099755010105,-9.896228697852695,-0.07080249477037863,-0.07629207182534761,-0.09495953383958869,-0.08849012594171225,-9.881895164903806,-9.895255405059086,-0.07656622382609195,-0.07373378270542391,-0.08674876138336925,-0.089995702296542,2.689167418322888,2.6878390589508347,1.1891878083203467,1.1935455332421312,0.8336584094651356,0.802537663215185
,-9.935,-0.048,-0.081,-9.892,-0.067,-0.101,2.73,1.33,0.91,-9.904918024798663,-9.897924265316265,-0.07022669669065155,-0.07505478770520764,-0.09637457164307334,-0.08816256372065122,-9.882042432301347,-9.89511303793203,-0.07773111693635887,-0.07343929729405754,-0.08616451286932841,-0.09047694816944349,2.6895336464507182,2.6896828639281556,1.1827263105365742,1.1995130334621191,0.835685819564082,0.8072372639951414
,-9.911,-0.062,-0.11,-9.84,-0.089,-0.089,2.66,1.12,0.91,-9.906470561019745,-9.898496100386641,-0.07007697094451691,-0.07448386869937575,-0.09773771590312332,-0.08911757024331951,-9.882857724495882,-9.892702804879217,-0.07878958233514119,-0.07411980632411848,-0.08565381645433977,-0.0904123574767716,2.689692479570553,2.688384756938844,1.1770405160680215,1.1960357266655663,0.8368193523338447,0.811731339303088
27487.0,-9.909,-0.062,-0.084,-9.823,-0.081,-0.055,2.66,1.12,0.7,-9.907663232342674,-9.898955462580805,-0.07040232005536139,-0.0739379174309426,-0.09903147353558092,-0.0888937659056645,-9.884297243574284,-9.889654524281788,-0.07967070042617791,-0.07442069465888614,-0.08520788453971277,-0.08886368519030177,2.6896214835497383,2.6871434194634105,1.1726034938876384,1.1927104913223447,0.8372432984503373,0.806845044206176
,-9.926,-0.096,-0.112,-9.899,-0.067,-0.086,2.73,1.12,0.77,-9.908434308411955,-9.900138188854507,-0.07120884464484838,-0.07490274830612281,-0.10023226366773594,-0.08990426017761613,-9.886268598975025,-9.890063225658366,-0.08031497738195657,-0.0740961688440739,-0.08482301450764537,-0.08873844896748595,2.6893177277890787,2.689017646521392,1.1698072823391932,1.189530676961768,0.8371688747456688,0.8052337168921645
,-9.938,-0.05,-0.053,-9.911,-0.103,-0.093,2.59,1.05,0.77,-9.90875957800436,-9.901793981967831,-0.07245624348099124,-0.07381368790725153,-0.10130982798461127,-0.08829034319885429,-9.888639943162575,-9.890978843948174,-0.08067989622034161,-0.07536020675268665,-0.0845020973439633,-0.08892481741205394,2.688788339026985,2.6846873534834397,1.1688991818775163,1.1834286462606263,0.8367975682116343,0.8036928570119374
,-9.868,-0.055,-0.103,-9.909,-0.086,-0.091,2.73,1.12,0.84,-9.908652768416292,-9.900316085350601,-0.07405897096284451,-0.0729909175766582,-0.10222869100363226,-0.08893363383112465,-9.891254134360022,-9.891766954848894,-0.08074447258273673,-0.07582551192042904,-0.0842552971552002,-0.08901557041446065,2.688040912238048,2.6866689905414307,1.1699321349841174,1.1806547505464942,0.8362910310234192,0.8052806605402224
27563.0,-9.938,-0.057,-0.136,-9.923,-0.077,-0.084,2.66,1.12,0.77,-9.90816139796051,-9.901964098598562,-0.07589217976911981,-0.07229159415820356,-0.10295157389023647,-0.09099196550131604,-9.893945294618234,-9.893132855198209,-0.08051203224008341,-0.07587687526557808,-0.08409991839869965,-0.08879622678824745,2.687076550414812,2.685502687886016,1.1727391775195786,1.178002164333455,0.8357529560030934,0.8037377476950996
,-9.921,-0.084,-0.122,-9.926,-0.105,-0.089,2.66,1.12,0.91,-9.907358883961887,-9.902796586889343,-0.07780226630381837,-0.07280363246736796,-0.10344403334168036,-0.0923480255636124,-9.896554656518855,-9.894570218873397,-0.08001063316175414,-0.07715050343905361,-0.08405927618131906,-0.0888051383080742,2.685887208765853,2.684387390606374,1.176937556405762,1.175465582449083,0.8352244015997923,0.8083848657343436
,-9.861,-0.093,-0.122,-9.892,-0.053,-0.077,2.73,1.19,0.91,-9.906334234488858,-9.900968716044341,-0.0796212495099555,-0.07368687088790131,-0.1036790426899367,-0.09364478167703598,-9.898943243877873,-9.894457816677582,-0.0792909276899255,-0.07609434061778735,-0.08416046093801821,-0.08828886964260481,2.684457800022459,2.686382145802433,1.1819630371907586,1.1761012094240972,0.8346904135240694,0.8128287535050563
,-9.904,-0.084,-0.077,-9.864,-0.084,-0.089,2.66,1.12,0.77,-9.90518093647873,-9.901101281786614,-0.08118342262463868,-0.07413789020377624,-0.1036402497511698,-0.09291686312164259,-9.901000278247334,-9.893125819037326,-0.07842171068364932,-0.07644007517103006,-0.08443112565774064,-0.08831996917833292,2.6827724747052377,2.685228387595608,1.1871301525297282,1.1736477611234715,0.8340936491199167,0.8109557433938025
27639.0,-9.911,-0.084,-0.096,-9.907,-0.077,-0.072,2.66,1.26,0.84,-9.903986729167688,-9.90153417786191,-0.08234211781332267,-0.07456918530005874,-0.1033233411585037,-0.09305169652385359,-9.902647601413214,-9.89373257219033,-0.07748376676377203,-0.076464562105166,-0.08489562181857828,-0.08760625549804196,2.6808238011257397,2.6841250861639745,1.1917101981626153,1.1774241637340692,0.8333503794845561,0.8122259224638246
,-9.868,-0.129,-0.105,-9.892,-0.084,-0.103,2.66,1.33,0.91,-9.902825718113087,-9.900067643137744,-0.08298430118028727,-0.0769495829991124,-0.10273581246527425,-0.0935742261655465,-9.903841260579192,-9.893656802410325,-0.07656278884443693,-0.0767941059329611,-0.08557087914062492,-0.08827946302202049,2.67862323142191,2.683070034904669,1.1950158790178549,1.1840966923666234,0.8323652831100918,0.8165018310732627
,-9.904,-0.084,-0.091,-9.904,-0.057,-0.093,2.73,1.4,0.91,-9.901753704640402,-9.900239615085589,-0.08304104758421045,-0.07725791563199325,-0.1018958795230686,-0.09346164872067285,-9.904571430369753,-9.894109136697052,-0.07574210117184961,-0.0759284594333195,-0.08646238852295797,-0.08848590408711614,2.676211027879022,2.6851224014096613,1.196480015341179,1.1935386920783992,0.8310428491996261,0.8205907433448473
,-9.928,-0.079,-0.112,-9.892,-0.086,-0.074,2.73,1.19,0.7,-9.900806863151308,-9.90145364718743,-0.08249261700152687,-0.07733410140367461,-0.10083112935689982,-0.09427237788158703,-9.904861267252132,-9.894016898795263,-0.07509581562887806,-0.07636891346883254,-0.08756060944727949,-0.08785239872902491,2.6736634943808624,2.6870850127174726,1.1957165568740655,1.193383936090867,0.8292944614100684,0.8153170040196567
27714.0,-9.907,-0.074,-0.108,-9.957,-0.069,-0.079,2.66,1.05,0.84,-9.900003216849548,-9.9016962032753,-0.08136778915965569,-0.07718829268569988,-0.0995771084179718,-0.09487272164429363,-9.904764593251251,-9.896771309693088,-0.07468296715610108,-0.07604665217690752,-0.08883819017215874,-0.08746526086085518,2.6710951306392063,2.685900516356231,1.1925561282996768,1.1871133925865396,0.8270416879452018,0.816396454091482
,-9.899,-0.093,-0.101,-9.899,-0.057,-0.089,2.73,1.26,0.84,-9.89934593509183,-9.901578291461778,-0.07973809673004906,-0.07787977878445766,-0.09817574101274927,-0.09514068308083998,-9.904361837447178,-9.896868775977724,-0.07454307542225619,-0.07521369372742404,-0.09024852721576498,-0.08753237889933407,2.668653843140784,2.68782909872219,1.1870545394557304,1.1903009089508503,0.8242179191553428,0.8174286970714902
,-9.873,-0.062,-0.084,-9.914,-0.105,-0.101,2.59,1.12,0.77,-9.898827486719012,-9.90032849023037,-0.07770829262233256,-0.07718531574751096,-0.09667342333087273,-0.09465347272917228,-9.903753613511338,-9.897617967891705,-0.07469342175803899,-0.07651632451304452,-0.09172620974171489,-0.08812135215752391,2.666508861452352,2.6835507838966164,1.1794782795148753,1.1872264717440861,0.8207713060231623,0.8153545197511531
,-9.902,-0.065,-0.089,-9.895,-0.06,-0.091,2.66,0.98,0.7,-9.898434054604826,-9.900401589595711,-0.07540465651866593,-0.07665242095753735,-0.09511880924593749,-0.09440623201542638,-9.903051767280104,-9.897503477510108,-0.07512814079648038,-0.07579402371552003,-0.09318969073509288,-0.0882472427351019,2.6648329445275833,2.6825208483333247,1.1702735044286505,1.1781639320918336,0.816671428515768,0.81030977377583
27790.0,-9.89,-0.081,-0.098,-9.892,-0.074,-0.067,2.66,1.4,0.84,-9.898149928097837,-9.899946701678331,-0.07296272072126823,-0.07684255162536187,-0.09356049971273843,-0.09456339661214554,-9.902368517727783,-9.897262796468054,-0.07581907954228165,-0.07571556650432426,-0.09454624073519372,-0.08731804687432553,2.6637818911671802,2.6815359544666997,1.1600243604267666,1.1878653864706945,0.8119207011023135,0.8116082027370352
,-9.921,-0.053,-0.101,-9.873,-0.065,-0.067,2.66,1.26,0.84,-9.897961510426798,-9.900867415857581,-0.07051580750281437,-0.07579985631864178,-0.09204486504283782,-0.09484488561756706,-9.901805008536103,-9.896201722787573,-0.07671833739832876,-0.07524694757970292,-0.09569902702671793,-0.08642948710729781,2.6634747167103803,2.680594132509008,1.1494042113386398,1.1910200162335203,0.8065695268241707,0.8128498481037144
,-9.943,-0.067,-0.101,-9.926,-0.069,-0.132,2.66,1.12,0.91,-9.89786022958318,-9.902709980715386,-0.0681854565824475,-0.07541501626345663,-0.0906140707015664,-0.09511406439422372,-9.901440826137373,-9.897504877092782,-0.07776241443882925,-0.07497375270421175,-0.09655590603737133,-0.08842240131650954,2.663977243430304,2.6796934988163343,1.1391213271386014,1.1879141306398364,0.8007317256733567,0.8170984708610894
,-9.885,-0.072,-0.06,-9.887,-0.103,-0.115,2.73,1.05,0.91,-9.897843472398593,-9.901935478302045,-0.06607443468852392,-0.07526566893326185,-0.08930425425862148,-0.09357843722146854,-9.901325769485165,-9.89704547215096,-0.07887779055650139,-0.07619941164288047,-0.09703899678030614,-0.08958470717397855,2.665290926850154,2.6818935298157816,1.12986074913868,1.1818827956129438,0.7945947200764533,0.8211612905601866
27865.0,-9.885,-0.057,-0.084,-9.914,-0.072,-0.146,2.59,1.05,0.77,-9.897913049826181,-9.901194846845309,-0.06426263478578033,-0.07446686486354324,-0.08814385812685846,-0.09315954784698086,-9.90147460748979,-9.897786936692745,-0.07998747350311841,-0.07601576071156155,-0.09709346024252911,-0.09205189113906892,2.667348146078288,2.6778747924858837,1.1222268875924035,1.1761152261772772,0.7884189562536533,0.8189238774514276
,-9.876,-0.05,-0.136,-9.885,-0.089,-0.079,2.59,0.91,0.7,-9.898071591649689,-9.900093012235828,-0.06280584112520074,-0.0733968667541029,-0.0871522328116099,-0.09503306956980702,-9.901865073981838,-9.897227731491625,-0.08101776823202124,-0.07658359445604149,-0.09669371425913437,-0.09148109880742719,2.6700151140715747,2.6740318047409577,1.116694677644187,1.1644773318049884,0.7825237396119373,0.813723034403083
,-9.916,-0.065,-0.067,-9.916,-0.079,-0.06,2.59,1.05,0.77,-9.898318128176932,-9.900788665190527,-0.0617370747178711,-0.0730296504555611,-0.0863385982034277,-0.09380711227577718,-9.90243911648268,-9.898048690446764,-0.08190445571874935,-0.07668927000450661,-0.0958459733572639,-0.0901043504420392,2.673103575448245,2.6703568806055133,1.1135776322745834,1.1594709474852862,0.7772608664985521,0.8118109151180329
,-9.852,-0.043,-0.057,-9.89,-0.077,-0.089,2.73,1.19,0.77,-9.898644394565567,-9.898655013012075,-0.061069990441830625,-0.07171637761109124,-0.0857013821342439,-0.09219744382137199,-9.903107357349562,-9.897696700781985,-0.08259773856329346,-0.07670285901599536,-0.0945872027638782,-0.0900560543938233,2.676391593269106,2.6729652256202567,1.1130176476021643,1.1608060604495314,0.7729808429554533,0.809982417663219
27941.0,-9.902,-0.105,-0.101,-9.892,-0.096,-0.11,2.73,1.26,0.77,-9.899033020824165,-9.898801297784281,-0.060803489515949084,-0.07317195490839036,-0.0852280751674092,-0.0925824019482879,-9.903756679805687,-9.897447569595755,-0.08306553658144343,-0.0775467719768772,-0.09298148048016348,-0.09092825376274154,2.6796513474728054,2.6754595010862405,1.1149952163981258,1.1651440632291639,0.7699975405946431,0.8082338850437315
,-9.933,-0.077,-0.069,-9.895,-0.089,-0.105,2.8,1.26,0.7,-9.899458050133502,-9.900296893845331,-0.06092638925431783,-0.07333936503771094,-0.08489593708636667,-0.09155108364733432,-9.904260729437485,-9.897340531164195,-0.08329485806577126,-0.07804765071226398,-0.09111483162821994,-0.0915436469467218,2.682678761515159,2.680905973248885,1.1193526895584127,1.1692923541352547,0.7685562104033791,0.8035005424998432
,-9.878,-0.074,-0.089,-9.885,-0.103,-0.067,2.73,1.12,0.77,-9.899887450777932,-9.899321794076974,-0.06142091165777899,-0.07336825628162885,-0.08467381948880895,-0.0914395182835292,-9.904492865130267,-9.896800848410036,-0.08329106403806324,-0.07913888028797295,-0.08908911014235542,-0.0904702909618733,2.6853178865083973,2.6830529796635396,1.1258205721522578,1.1671366743606393,0.7688082416245088,0.8020354787354428
,-9.919,-0.024,-0.093,-9.923,-0.072,-0.11,2.73,1.12,0.84,-9.900286693847397,-9.900182371974969,-0.062264182683078144,-0.07120925711347553,-0.08452499301517076,-0.09150776211026189,-9.904340632931303,-9.89794660381542,-0.08307503280654598,-0.07882667893098447,-0.08701512957732535,-0.09132437471413421,2.687473780829105,2.685106092037521,1.1340389657363956,1.1650752679347451,0.770794671309897,0.8036957636230015
28017.0,-9.952,-0.069,-0.103,-9.923,-0.055,-0.06,2.66,1.19,0.77,-9.900622286853535,-9.902448488387174,-0.0634278021539763,-0.07111264069172021,-0.08441048173224953,-0.09201034684614201,-9.903720204223076,-9.899042252428435,-0.08267861262407192,-0.07778467777748223,-0.08500527360545533,-0.08995448029118888,2.689110967009655,2.6840081389010892,1.1435716245092835,1.166165289739209,0.7744392106317805,0.802222162343318
,-9.847,-0.065,-0.084,-9.933,-0.086,-0.093,2.66,0.98,0.7,-9.900864436376526,-9.90002358523442,-0.06487634616759365,-0.07084531939737758,-0.08429226007262798,-0.0916600340443533,-9.902588653419446,-9.900527310931233,-0.08213919008915958,-0.07814395467280834,-0.08316601268827015,-0.09008766859908471,2.6902389291113638,2.6829582020424594,1.1539155297991355,1.1580238090396862,0.7795506518927778,0.7977517276938328
,-9.895,-0.05,-0.065,-9.914,-0.091,-0.077,2.66,0.98,0.77,-9.900988624216163,-9.899803891099785,-0.06656591562874845,-0.06993370066443934,-0.08413583441692042,-0.0904941230792922,-9.900951817243422,-9.901116505824533,-0.08149439160002281,-0.07870618216994352,-0.08159083643879404,-0.08951531162829567,2.690889783687436,2.6819541815879147,1.1645120598933896,1.1502383759582429,0.7858343221515866,0.7965380741942236
,-9.885,-0.086,-0.081,-9.909,-0.098,-0.117,2.59,1.19,0.84,-9.900976545310064,-9.899156479362421,-0.06844356010189377,-0.07063632071856682,-0.08391212432380882,-0.09007892097627271,-9.898866022884897,-9.901461271037018,-0.08077771562405471,-0.07954994980086741,-0.08035404389857755,-0.09071728682047081,2.691095098702971,2.6779327918020575,1.1747658713604558,1.1519772527121808,0.7929123740383972,0.7984387745374911
28093.0,-9.904,-0.062,-0.086,-9.926,-0.055,-0.038,2.66,1.33,0.77,-9.900817141896715,-9.899368298815144,-0.07044795914791256,-0.07025863249030688,-0.08359890751207642,-0.08990053940766922,-9.896433107237845,-9.902534411945954,-0.08001550424961806,-0.07847631817620737,-0.07950575339982208,-0.08841182604536439,2.6908686003633147,2.6771485452942927,1.1840744217973211,1.1597626393605198,0.8003522718466988,0.7971950747353453
,-9.926,-0.06,-0.077,-9.849,-0.053,-0.067,2.66,1.26,0.7,-9.900508110619398,-9.900532970712337,-0.07251141216205585,-0.06980999645004217,-0.08318213198355559,-0.08933636607144686,-9.893789523288483,-9.900193216214843,-0.0792254787208049,-0.07736217411091437,-0.07906854945584052,-0.08747543253863671,2.6901995157490113,2.6763985958771164,1.1918657250643818,1.1641462735930916,0.8077017204693783,0.792944487388182
,-9.916,-0.081,-0.101,-9.856,-0.081,-0.074,2.73,1.26,0.91,-9.900057552480453,-9.901209383166028,-0.07456300426327754,-0.07029936371102403,-0.08265714237900075,-0.08984644639119196,-9.891091564272415,-9.898260534685612,-0.07841709086263947,-0.07752126547163851,-0.07903632215031196,-0.08688611766643513,2.689058128662859,2.6787427213461825,1.1976373446225363,1.1683382003728495,0.8145271009277247,0.79806362209926
,-9.876,-0.086,-0.093,-9.873,-0.086,-0.11,2.73,1.26,0.91,-9.899484993293568,-9.900106912846343,-0.07653268582169462,-0.0709859923918914,-0.08202957762841272,-0.08998435929577793,-9.888499476112884,-9.897155827380127,-0.07759380046945889,-0.07789206205576939,-0.0793757780610133,-0.08789694641530327,2.687411657484747,2.680984332257941,1.2009887262609462,1.172346803553353,0.8204514264269025,0.8029588840545364
28169.0,-9.914,-0.069,-0.045,-9.904,-0.081,-0.057,2.66,1.12,0.84,-9.898821141090105,-9.900714492815073,-0.07835585364243762,-0.07089913990316682,-0.08131561182126894,-0.08801707907130632,-9.886163133115428,-9.897455140422675,-0.07675685837853911,-0.07802798007154835,-0.08003066327051282,-0.08654574451688943,2.6852459187047866,2.6800666341397275,1.2016419970665186,1.1700575449519868,0.8251869119088411,0.8045787860834336
,-9.866,-0.069,-0.103,-9.883,-0.101,-0.077,2.73,1.19,0.84,-9.898106247341467,-9.899196339921783,-0.07997789227253256,-0.07081608569424858,-0.08054136370550938,-0.08867232023755335,-9.884210996443034,-9.896822980437722,-0.07590953134177963,-0.0790326048173242,-0.08092822577575774,-0.08612828487736318,2.682587197589425,2.6822503469842816,1.1994510215385812,1.1709296791350128,0.8285572089517742,0.8061278456844976
,-9.921,-0.101,-0.103,-9.89,-0.077,-0.072,2.66,0.98,0.77,-9.897387334861586,-9.900149869325436,-0.08135808705999059,-0.0721361048884849,-0.07974151990713554,-0.08929890604427548,-9.882742804186307,-9.896524594183095,-0.07506040286353861,-0.07894371384891015,-0.08198719318414922,-0.0855104191151282,2.679519181781978,2.6812772828283156,1.194402229214124,1.162579839592844,0.8305059768669847,0.8045478832824423
,-9.919,-0.101,-0.031,-9.868,-0.089,-0.105,2.8,1.26,0.98,-9.896714593923807,-9.900974233390754,-0.08247231114836823,-0.07339839629249821,-0.07895732395013877,-0.08674934689161248,-9.88182556420234,-9.895277141269995,-0.0742246105554608,-0.0793835007701062,-0.08312647554068732,-0.08636274796138226,2.67619095425517,2.686469328626983,1.1866119474833146,1.166840270507814,0.8310911148626214,0.8122208497304169
28244.0,-9.895,-0.086,-0.091,-9.911,-0.079,-0.093,2.73,1.26,0.77,-9.896137087248741,-9.900712964999029,-0.08331389811280437,-0.07394949641170616,-0.07823410527448788,-0.08693523874229411,-9.88149216856953,-9.89596474179462,-0.07342251062370704,-0.07936672930791555,-0.0842736614315631,-0.0866530118416468,2.672813380194001,2.688373035388416,1.176323293363821,1.1709143819637997,0.8304662575945443,0.8103744247943874
,-9.878,-0.077,-0.096,-9.852,-0.065,-0.089,2.59,1.19,0.77,-9.89569790956853,-9.899719669382925,-0.0838922976463803,-0.0740829026773033,-0.07761854155007386,-0.08733166376292378,-9.881742057966758,-9.894042052031764,-0.07267606136070781,-0.07873843576544308,-0.08537219327560437,-0.08675565159162386,2.6696429919730655,2.6840709328316494,1.1639021452816325,1.1717490444892247,0.8288525853205257,0.8086087487079466
,-9.88,-0.093,-0.074,-9.895,-0.031,-0.093,2.66,1.19,0.84,-9.89542928350142,-9.898857278182573,-0.08422958582559602,-0.0749101953641381,-0.07715578734761483,-0.08674863626424012,-9.882543539056986,-9.894083945528159,-0.07200396914224232,-0.07665071278575003,-0.0863861597991891,-0.08702873279875493,2.6669550255195063,2.6830182498350346,1.1498286677388105,1.172547205103628,0.8265050998323553,0.80998156781341
,-9.89,-0.065,-0.079,-9.873,-0.077,-0.086,2.66,1.26,0.84,-9.895348474600205,-9.898469926923514,-0.08435548661894585,-0.07447679736390585,-0.07688645861558223,-0.08640976873054838,-9.883837484743166,-9.893161891068772,-0.07141711914645311,-0.07666598800229223,-0.08730203239880249,-0.0869837437020347,2.665010040680859,2.6820116033380894,1.1346803248614143,1.176371737822727,0.823678281458289,0.8112943500545002
28320.0,-9.911,-0.084,-0.084,-9.926,-0.041,-0.098,2.59,1.05,0.77,-9.895455448032378,-9.899017898826648,-0.08430195942993533,-0.07489327118976252,-0.07684345310067132,-0.08630438342678119,-9.885542187370739,-9.894597984931634,-0.0709157882220734,-0.07510622380910216,-0.08812721608695924,-0.08746551255463081,2.6640202784778033,2.6779877023533323,1.1191044281249374,1.1708451809340064,0.8205959504526308,0.8094884433012112
,-9.892,-0.081,-0.06,-9.84,-0.089,-0.101,2.66,0.98,0.77,-9.895732781983982,-9.898710988296074,-0.08409848709224643,-0.07516033394252065,-0.0770488142885067,-0.085154025966043,-9.887559109166299,-9.892210276453989,-0.07048952369101207,-0.07571383391117942,-0.08888577408628523,-0.08805741004781424,2.664121867615316,2.67720105446777,1.1037816968178071,1.1624990367126655,0.8174292784247652,0.8077615134345245
,-9.878,-0.057,-0.069,-9.899,-0.108,-0.065,2.59,1.05,0.77,-9.896147830800814,-9.897805244203195,-0.08376900500608624,-0.07436613643933926,-0.07751112840132773,-0.08444756940367111,-9.889779298367952,-9.89250720830032,-0.07011960367641218,-0.07712578991244015,-0.08961207418358465,-0.08704905097535647,2.6653576002622787,2.673387530996655,1.0893854890144081,1.1575791682592382,0.8142857899566885,0.8061101065947069
,-9.904,-0.074,-0.081,-9.89,-0.041,-0.072,2.66,1.19,0.77,-9.896656816298691,-9.898076156599531,-0.08333102519722636,-0.07435012436341228,-0.07822405862311896,-0.08429679844201884,-9.89209033567991,-9.892397561716816,-0.06978314703719167,-0.07554591741451552,-0.09034343585673307,-0.08639091777429823,2.667672906908298,2.672802060282022,1.0765427883195329,1.1589970135313061,0.8112108582774863,0.8045309199680788
28396.0,-9.88,-0.105,-0.065,-9.883,-0.079,-0.098,2.73,0.91,0.84,-9.897210392725475,-9.897285640385242,-0.08279696567796752,-0.07569052122948551,-0.07916647842939468,-0.08345290046136758,-9.894383656181963,-9.891986582487299,-0.06945762173170161,-0.07569697321414215,-0.09111305599201001,-0.08689861240959854,2.670925189907747,2.675303471382441,1.0658019707449864,1.1481077420524834,0.8082011906890777,0.8060820728758751
,-9.921,-0.089,-0.089,-9.923,-0.079,-0.089,2.66,1.05,0.84,-9.89776005615457,-9.898322729529923,-0.08217703664906102,-0.07627257852213468,-0.08030430777925245,-0.0836954892054636,-9.896561831601497,-9.893342877962462,-0.06912474303876459,-0.07584142296019707,-0.0919443704371977,-0.08699051142328383,2.6749041744377466,2.674634211731137,1.0576097961492552,1.1438172414467422,0.8052272105553477,0.8075653899294232
,-9.897,-0.132,-0.086,-9.911,-0.055,-0.093,2.66,1.12,0.91,-9.898264484529863,-9.89826488320984,-0.08148245994974809,-0.07870968012701379,-0.08159372302522573,-0.08379627131249248,-9.898545060679254,-9.894115068731638,-0.06877320645886237,-0.07492997462834781,-0.09284753945733691,-0.08725332161378645,2.679359052783351,2.6739942205032947,1.0522975975637345,1.1427756530183828,0.8022589220778387,0.8120451154573184
,-9.911,-0.055,-0.086,-9.892,-0.084,-0.084,2.8,1.12,0.84,-9.89869466464739,-9.898821822195075,-0.08072766919785927,-0.07767279562820979,-0.08298506248490849,-0.08389264596214635,-9.900275984463686,-9.894022571406918,-0.06840001892618632,-0.07532662986204328,-0.09381818350658236,-0.08711104560108243,2.6840274441951393,2.6795047731054358,1.050074775100078,1.1417796158960603,0.7992888582218659,0.8132676535216399
28472.0,-9.921,-0.045,-0.101,-9.899,-0.065,-0.115,2.73,1.19,0.77,-9.899036682648294,-9.899791730209627,-0.07993066000364997,-0.07624393133573532,-0.08442659048623877,-0.08464079398111486,-9.901722163501798,-9.894240246994459,-0.06801034284998528,-0.0748750201241017,-0.09483810806254131,-0.08833070037285397,2.6886615037862813,2.6817130575592993,1.0510263920764278,1.1438884157000182,0.7963467231293592,0.8113754491985163
,-9.919,-0.11,-0.11,-9.895,-0.091,-0.091,2.59,0.98,0.77,-9.899291396879955,-9.900631756607613,-0.07911155287753233,-0.07772016990795716,-0.08586736787696041,-0.08574981643447982,-9.90287601942967,-9.894273472922018,-0.06761588441378547,-0.07558020642721827,-0.09587757523609819,-0.08844743562154665,2.693047617733796,2.677702212739305,1.055111747658095,1.136721159251911,0.7935031037929574,0.8095659957737898
,-9.89,-0.079,-0.055,-9.914,-0.043,-0.074,2.73,0.84,0.77,-9.899470852260182,-9.900166802902525,-0.07829008430901516,-0.07777614012672153,-0.08725882424225727,-0.08440504890361578,-9.903752456240074,-9.895136164026782,-0.0672320348667667,-0.07415539129554016,-0.09689862806297478,-0.0878156125871067,2.6970179036591975,2.679989327733766,1.0621630468105632,1.1237447897333313,0.7908628902872709,0.807835674340611
,-9.878,-0.072,-0.081,-9.935,-0.062,-0.129,2.73,1.12,0.84,-9.899592157669275,-9.89919739234133,-0.07748282681209281,-0.0775235348562905,-0.08855518242552245,-0.08425613747136891,-9.904384521867184,-9.896879510767947,-0.06687424193144971,-0.07362380517781424,-0.09785900678648195,-0.08961671039493892,2.700453694162935,2.6821764213836943,1.071886538919388,1.1235810205721712,0.7885512956204956,0.8092423019506017
28547.0,-9.866,-0.065,-0.074,-9.895,-0.079,-0.093,2.73,1.19,0.77,-9.899670409293266,-9.897745586102905,-0.07670073703837418,-0.07697584888612323,-0.08971342714923136,-0.08380761054461595,-9.904817463770714,-9.896797314990941,-0.06655436779001281,-0.07385891982481968,-0.09871624775211607,-0.08976467023782417,2.703282391237018,2.68426786787639,1.0838700474388347,1.1264856911466439,0.786696016032418,0.8075261364700052
,-9.911,-0.06,-0.108,-9.873,-0.062,-0.103,2.66,1.05,0.7,-9.899712696065356,-9.898325235268858,-0.07594753701288708,-0.07623345192126475,-0.09069368783964973,-0.0848656051477037,-9.905101679334877,-9.895756597997076,-0.0662779071784356,-0.07334029915709903,-0.0994315723671665,-0.09034348480611197,2.7054693734191955,2.6832065724103504,1.0975992939589276,1.1231407777144333,0.7854087758023184,0.8028237455678604
,-9.864,-0.081,-0.077,-9.904,-0.022,-0.096,2.66,1.12,0.77,-9.899714951430648,-9.896824105596192,-0.0752194017700172,-0.0764419051685953,-0.09146057374806177,-0.08452162226781344,-9.905285444174744,-9.89611710289248,-0.06604283468174268,-0.07109505754798497,-0.09997323648827111,-0.09059085857456317,2.707006809117426,2.6821916900891316,1.11248255637962,1.12300342353214,0.7847691075628723,0.8013882798513396
,-9.926,-0.077,-0.112,-9.899,-0.057,-0.084,2.73,1.05,0.84,-9.899662514264149,-9.898100041521266,-0.07450618558089739,-0.07646631207229228,-0.0919854193021665,-0.08572332147970296,-9.90540858965175,-9.896243179301205,-0.06584060965351565,-0.07047864490121103,-0.10031919605630335,-0.09030262359825121,2.7079016169632815,2.684282468842579,1.127881645646575,1.1198107985024226,0.7848127053589842,0.8030768683890099
28623.0,-9.885,-0.093,-0.081,-9.919,-0.084,-0.103,2.73,1.19,0.77,-9.899534160983858,-9.897527143451182,-0.07379396231757539,-0.07718937221601688,-0.09224896474683482,-0.0855167586412785,-9.905498121531249,-9.897238392838386,-0.06565945796675954,-0.07106996808354214,-0.10045913029887317,-0.09085791210049686,2.708164814464263,2.6862818125337116,1.143147303456653,1.1228803504586866,0.785525577351071,0.8016303329689699
,-9.907,-0.057,-0.096,-9.909,-0.098,-0.101,2.73,1.19,0.84,-9.89930847054404,-9.897941415514838,-0.07306826469326753,-0.07630643971843667,-0.09224386768644667,-0.08597521739752695,-9.905566194306017,-9.897752757776317,-0.06548934611339886,-0.07224768674093801,-0.10039585088031779,-0.09130145134995812,2.707803772046715,2.6881937198499117,1.1576573402919799,1.125815663115868,0.7868437808281445,0.8033083359093561
,-9.923,-0.084,-0.086,-9.899,-0.053,-0.12,2.66,1.12,0.77,-9.898970854406679,-9.899037291025408,-0.07231732113885876,-0.07664289863959597,-0.09197651431427072,-0.08597630120364355,-9.90561031808177,-9.897807302844873,-0.06532726535110749,-0.0714059365396447,-0.10014588636849664,-0.09255651173348042,2.7068180720180006,2.6869607369113235,1.1708553015004959,1.1255613294047928,0.7886577070926915,0.8018516778270728
,-9.933,-0.062,-0.129,-9.89,-0.108,-0.098,2.59,1.12,0.7,-9.898519438725193,-9.900522566502955,-0.07153477973241487,-0.07600252751119528,-0.0914677164346208,-0.08785783676735312,-9.90561547810599,-9.897465869672686,-0.06518108982585186,-0.07300628782852862,-0.09973875406945597,-0.0927945692936305,2.7051994529279835,2.6827203977520693,1.182286756391758,1.1253181183525272,0.7908201547971705,0.7973974454059553
28698.0,-9.892,-0.074,-0.065,-9.907,-0.055,-0.12,2.8,1.26,0.77,-9.897968241502847,-9.900149853035309,-0.07072165647103976,-0.07591495189972926,-0.09075198654586368,-0.08685820554106523,-9.905557895202545,-9.89788282139422,-0.06507065888460134,-0.07221882715295704,-0.09921436569263277,-0.09398433183920701,2.7029363832345576,2.6878493324717843,1.1916299631260034,1.1312080989259432,0.793158177377961,0.796199285570138
,-9.89,-0.074,-0.103,-9.907,-0.05,-0.112,2.73,1.4,0.84,-9.897346790992849,-9.899705974196747,-0.06988738005322236,-0.0758312061920627,-0.08987526127875994,-0.08756412718858168,-9.905410149720531,-9.89828153875854,-0.06502562966678198,-0.07124714143922792,-0.09861828458642809,-0.09477220274052042,2.700023213022511,2.6896926881619545,1.1987173385396956,1.1429630510861877,0.7954888240047678,0.7981148019999492
,-9.892,-0.081,-0.091,-9.897,-0.072,-0.081,2.66,1.19,0.84,-9.89669636264076,-9.899368972383565,-0.06904982957070042,-0.07605725066622909,-0.08889126321526457,-0.08771438662856303,-9.905147168636391,-9.898225493815453,-0.0650806131598586,-0.07128006585521643,-0.09799510936369285,-0.09416990935404149,2.6964724639004647,2.68839415153396,1.2035438657008637,1.1450200962651396,0.7976378359251016,0.7999465480337604
,-9.885,-0.079,-0.05,-9.95,-0.041,-0.067,2.73,1.19,0.84,-9.896063960851928,-9.8987405807457,-0.06823428976235707,-0.07618594456474256,-0.08785704586251293,-0.08606504076360119,-9.904752241428096,-9.900489724400108,-0.06526879834111426,-0.06995584170964199,-0.09738094493129942,-0.09298170024737297,2.692327709707303,2.6902136809035224,1.2062595320422178,1.146987181636622,0.7994587322550352,0.801698187163639
28774.0,-9.892,-0.024,-0.12,-9.876,-0.067,-0.112,2.73,1.12,0.77,-9.895495631949911,-9.898445798038775,-0.06747139844724172,-0.07390372073528757,-0.08682846088633131,-0.08754910267465488,-9.904222022192855,-9.899418726585106,-0.06561549524171535,-0.06982657524829677,-0.09679648813237797,-0.09381341877337025,2.687674567729857,2.6919536376348914,1.207146016121282,1.145806963676889,0.8008488994658081,0.8003119449733567
,-9.876,-0.077,-0.069,-9.907,-0.065,-0.067,2.59,1.12,0.84,-9.895030607484781,-9.897464186312046,-0.0667944241818978,-0.07403912888741573,-0.08585622626999342,-0.08673790332793067,-9.903569560042786,-9.899750274916546,-0.06613280751207615,-0.06961549686046277,-0.09624239958423172,-0.09264079990474322,2.6826482455631018,2.6874949462525537,1.2065818149059708,1.14467835964451,0.8017600124644555,0.8020476043675093
,-9.911,-0.074,-0.093,-9.928,-0.093,-0.081,2.66,1.33,0.77,-9.894697356473161,-9.898056141805185,-0.06623637603710801,-0.07403741768184065,-0.08498302582948282,-0.0870117607116869,-9.902824752169264,-9.900985707106166,-0.0668161809607872,-0.07063816054414501,-0.09569823695767869,-0.09213171817482334,2.6774370708358,2.6862925224572094,1.2050022407266252,1.152782945414885,0.802201769078734,0.8006460812759087
,-9.878,-0.084,-0.072,-9.919,-0.038,-0.098,2.73,1.19,0.77,-9.894512086432488,-9.897179035811675,-0.06582729948922951,-0.07447310669655614,-0.08424181273278977,-0.08635525830851999,-9.902032041661723,-9.901773517863564,-0.06764312996563814,-0.06921081093181759,-0.09512547026242003,-0.09238835303562883,2.672281946251831,2.688203961401268,1.2028601143346813,1.154410541687113,0.8022394265868659,0.79930585034686
28850.0,-9.88,-0.062,-0.062,-9.88,-0.048,-0.101,2.66,1.05,0.84,-9.894479710135506,-9.896427752966774,-0.06559178459492726,-0.07392762607782558,-0.08365534607401484,-0.08529014103704323,-9.901245572535919,-9.900821306655475,-0.06857421716401918,-0.06828320832628071,-0.09447423462249357,-0.09276496221798365,2.6674714322278645,2.6869705305736407,1.2005908749036567,1.1498444036537387,0.8019863918444838,0.8010855088129932
,-9.907,-0.062,-0.115,-9.911,-0.081,-0.112,2.73,1.26,0.84,-9.89459685294827,-9.89689010416711,-0.06554659528519098,-0.07340600071125065,-0.0832368779507317,-0.08658942858775313,-9.90052247176159,-9.90126644675397,-0.06955631639094449,-0.06883934590765516,-0.09369265810344643,-0.09360615924819403,2.663331389080439,2.688852318501649,1.1985841559969423,1.154661787511137,0.8015931466007223,0.8027873382967524
,-9.911,-0.041,-0.096,-9.864,-0.065,-0.093,2.66,1.19,0.77,-9.894856092595624,-9.897507165729749,-0.06569857617853266,-0.07198880403775175,-0.08299168407384692,-0.08700097676427743,-9.899915481214993,-9.899636690436816,-0.07052803649899919,-0.06867144156496187,-0.09273702334921008,-0.09357965036553968,2.660207706859567,2.6875905333721724,1.197162973937607,1.156207217249069,0.80123348016162,0.8013534647626168
,-9.909,-0.06,-0.045,-9.883,-0.074,-0.115,2.73,1.19,0.77,-9.8952502962906,-9.898009776546862,-0.06604332484660451,-0.07146450320368945,-0.08291886905258394,-0.08516416743120309,-9.899466540482608,-9.898909125731898,-0.07142674405335253,-0.06890447295183272,-0.0915808934221409,-0.0945164166304556,2.658441331577629,2.6894452070039283,1.1965705765401438,1.157685061421499,0.801088923135209,0.7999822981580065
28926.0,-9.892,-0.089,-0.112,-9.88,-0.12,-0.093,2.59,1.26,0.77,-9.8957758094074,-9.897746953762693,-0.06656514790302374,-0.07223137499232254,-0.08301281703231284,-0.08633776651200138,-9.899202805506787,-9.898082181662964,-0.07219609881920425,-0.07113901005527098,-0.0902216806647277,-0.09445009988179325,2.6583364531668074,2.6850962156607157,1.1969634764998642,1.1621595534112605,0.8013326287282331,0.7986710961497121
,-9.921,-0.053,-0.093,-9.911,-0.029,-0.079,2.66,1.26,0.84,-9.896433534854241,-9.89876386850234,-0.06723845786273672,-0.07139033814520344,-0.08326383790195258,-0.08662912289446258,-9.899135899826701,-9.89864711065063,-0.07279276500458895,-0.069296164175985,-0.08868378911525837,-0.09377442779399682,2.6601247581824987,2.6839986944433125,1.1984081573016716,1.1664383645078447,0.8021141964781143,0.8004785140282055
,-9.883,-0.093,-0.098,-9.919,-0.093,-0.072,2.66,1.19,0.84,-9.897227561300886,-9.898074474516267,-0.06803028572627273,-0.07233538351408235,-0.08365778197448177,-0.08712640021517613,-9.89926412805061,-9.89953719416754,-0.07319113941414662,-0.07033279308858315,-0.08701818982338921,-0.09282217679233955,2.66393039008149,2.682949170614796,1.2008791186972647,1.167468774638956,0.8035464899115714,0.8022068889347553
,-9.88,-0.077,-0.079,-9.928,-0.098,-0.096,2.66,1.12,0.77,-9.89816169685407,-9.89728403186375,-0.06890333938053862,-0.07253937903410639,-0.08417462161571063,-0.08677101210495894,-9.89957635036967,-9.900781944919217,-0.07338540714651566,-0.0715427502798219,-0.08529886329024809,-0.09296115106809152,2.6697411209276978,2.681945545127509,1.2042572889673393,1.1653928446248571,0.8056946313116805,0.8007983999246864
29002.0,-9.916,-0.034,-0.072,-9.921,-0.05,-0.096,2.52,1.26,0.84,-9.89923480928646,-9.898102528660697,-0.0698191643687892,-0.07085395415701295,-0.08478639991415242,-0.08612503824950284,-9.900055714796776,-9.901666131791284,-0.07338871982880824,-0.07060063112397118,-0.08361677401320887,-0.09309404764597969,2.677391063168506,2.6748632553415006,1.2083297621590081,1.1695302556889844,0.8085669032186399,0.8025127854089551
,-9.883,-0.041,-0.055,-9.878,-0.108,-0.086,2.66,1.19,0.84,-9.90043611754309,-9.897442056744707,-0.07074130850379681,-0.06954836495768238,-0.08545549478883482,-0.08476386131617,-9.900681749907152,-9.90063115177175,-0.07322966478677198,-0.07223620046294442,-0.08207196019817073,-0.0927838069342329,2.6865592293574907,2.674213247455152,1.212793282138243,1.1704254495700015,0.8121076135635822,0.8041521964640417
,-9.911,-0.108,-0.079,-9.909,-0.05,-0.079,2.73,1.19,0.84,-9.901741499312042,-9.89803498002,-0.07163860904320815,-0.0712299525672774,-0.08613448433172635,-0.08451179302929407,-9.901430283867036,-9.90099714274903,-0.07294655819651055,-0.07126375497026753,-0.08076422021392002,-0.09218100606690574,2.696786302886303,2.6766529437582016,1.2172641577677215,1.1712814943501586,0.8161927426395698,0.8057199119120564
,-9.878,-0.108,-0.062,-9.887,-0.065,-0.077,2.8,1.19,0.7,-9.90311162117492,-9.897158799485075,-0.0724884987665805,-0.07283800008200698,-0.08676868523573354,-0.083527295174101,-9.902271761116342,-9.900385012164971,-0.0725805166952524,-0.07098982506492153,-0.07978301242343727,-0.09151710213472702,2.7075089367343677,2.682047223643256,1.2212966373681715,1.1721001021190158,0.8206300345167359,0.8010965117949186
29077.0,-9.883,-0.038,-0.127,-9.895,-0.067,-0.084,2.66,1.19,0.77,-9.9044924132048,-9.896539599241583,-0.07327969615225628,-0.07131444590241227,-0.08730164726518376,-0.08542846691128098,-9.903169247140934,-9.900149511913183,-0.07216861667111008,-0.07081533988669075,-0.07919750863498307,-0.0911883601762666,2.718107552396991,2.6810830425866206,1.2244108565313854,1.1728829100921112,0.8251659735045376,0.7997365823958589
,-9.938,-0.089,-0.084,-9.883,-0.053,-0.062,2.66,1.19,0.77,-9.905818063276875,-9.898352767813673,-0.07401338221408099,-0.07208788007774958,-0.08768283658521386,-0.08536599642709784,-9.904077544390221,-9.899399520223309,-0.07173855717708091,-0.07003622984933569,-0.07904802439380634,-0.08991187909131951,2.727961578388086,2.680161027615158,1.2261303789701605,1.1736314838853907,0.8295022295040086,0.7984361261615909
,-9.907,-0.086,-0.103,-9.895,-0.045,-0.062,2.8,1.19,0.84,-9.90701619704176,-9.898730933228117,-0.07470228285167334,-0.07269629239776432,-0.08787591164192295,-0.08613717616713001,-9.904944505758122,-9.899207118035793,-0.07130599978786593,-0.06894133196373778,-0.07934014684760854,-0.08869122176455507,2.7365059010503203,2.6854018900879026,1.2260277768838672,1.1743473206464412,0.8333227425332692,0.8002538198741345
,-9.911,-0.081,-0.086,-9.902,-0.079,-0.043,2.8,1.33,0.91,-9.908014359258013,-9.899267490662988,-0.07536763722025061,-0.07305943461011113,-0.08786574928420432,-0.08613117710512072,-9.905714994286354,-9.899329257853799,-0.07087517685223896,-0.06938122305081881,-0.08004274905014681,-0.08669302864995863,2.7432827983524937,2.690413556340823,1.2237746395491054,1.1811544074377611,0.8363295238866469,0.8050532989209146
29153.0,-9.921,-0.065,-0.112,-9.921,-0.089,-0.105,2.8,1.12,0.91,-9.908746642603171,-9.90021790846411,-0.07603445096922778,-0.07270697507579513,-0.08766271345033329,-0.08726248639813161,-9.906337117364595,-9.900276974418873,-0.07044253145198134,-0.07023920196892838,-0.08109063679077756,-0.0874936389792089,2.7479836704911156,2.695206049706425,1.2191902864911561,1.1784799699604915,0.8382817447271012,0.8096428845655366
,-9.909,-0.079,-0.103,-9.909,-0.093,-0.086,2.8,1.4,0.91,-9.909159477997658,-9.900601971620251,-0.07672573067928319,-0.07298218503052838,-0.0873032890755214,-0.08795072781750456,-9.90676953912892,-9.900658454470872,-0.07000227818044798,-0.07123458944494657,-0.08239176044072391,-0.08742831835505646,2.7504750040421673,2.6997889551714396,1.212281958023231,1.1881676032010962,0.8390305718778195,0.8140317559792896
,-9.909,-0.057,-0.057,-9.957,-0.077,-0.072,2.8,1.26,0.84,-9.909216037068168,-9.90096923871963,-0.07745667420502442,-0.0722832435084835,-0.08684690389742963,-0.08659717392184876,-9.906988113505436,-9.903122413279462,-0.06955221155193844,-0.0714867254839716,-0.08383793218750962,-0.08675359882871647,2.750804406471653,2.704171438546797,1.2032689517315822,1.1913090162591264,0.838542599908957,0.8151674132105129
,-9.904,-0.067,-0.077,-9.907,-0.06,-0.127,2.73,1.05,0.77,-9.908899154351936,-9.901101781603986,-0.07822992714966967,-0.07205219385838249,-0.0863694691751773,-0.08617746514389048,-9.906990021595647,-9.903291989989977,-0.06909816245125734,-0.07098438181958885,-0.0853172350520028,-0.08851367611713187,2.749185405175771,2.7053009871047604,1.1925843575626005,1.18512921426621,0.8369073920383439,0.8131921275736689
29229.0,-9.883,-0.086,-0.11,-9.916,-0.065,-0.089,2.73,1.4,0.91,-9.908213016878113,-9.900310144743203,-0.07903284745924022,-0.07266216682735936,-0.0859547534169647,-0.08721928506647873,-9.906794143448527,-9.903847743526907,-0.06865616013543542,-0.07072266961130873,-0.08672607644274669,-0.08853494429505931,2.745963152851498,2.706381137636933,1.1808505927920052,1.1945260591742675,0.8343282000738612,0.8174257815809488
,-9.909,-0.098,-0.077,-9.892,-0.081,-0.084,2.73,1.4,0.91,-9.907183995877263,-9.900690174172718,-0.0798372647205146,-0.07377025459190323,-0.08568492680983694,-0.08677236978894118,-9.906437440162737,-9.903329611627065,-0.06825216148175879,-0.07117212335813426,-0.08797910299655988,-0.08833661966911342,2.741566200065076,2.7074140504443793,1.1688282216030947,1.2035119562006735,0.8310977934869221,0.8214742871513907
,-9.94,-0.055,-0.069,-9.876,-0.055,-0.096,2.73,1.05,0.77,-9.905860825867094,-9.902409292643851,-0.08060168198179575,-0.07294938371044522,-0.08563147983412876,-0.08599513894303999,-9.905968305416339,-9.902134418334594,-0.06791974028343149,-0.07046487535086612,-0.08901579870633644,-0.08867175874441804,2.7364513875692222,2.7084017913527143,1.1573411178936333,1.1967984886670395,0.8275629475072662,0.8192231859071587
,-9.876,-0.067,-0.062,-9.909,-0.074,-0.098,2.66,0.98,0.77,-9.904313940554648,-9.901254347236739,-0.08127550198352212,-0.0726892020583204,-0.08584750404830158,-0.08494577060557605,-9.905438666778279,-9.90243466764905,-0.06769631246493243,-0.07061947532566083,-0.08980333405483731,-0.08907970641419688,2.7310494668905374,2.7062850581492666,1.1471854879253063,1.1873173404162511,0.8240822816705108,0.817070531034741
29305.0,-9.928,-0.101,-0.105,-9.885,-0.06,-0.081,2.73,1.05,0.77,-9.90263343587218,-9.90242400252572,-0.08180471528701595,-0.07392730511906367,-0.08636213545655466,-0.08582279296450894,-9.90489674348779,-9.90167220537498,-0.06761848477422819,-0.0701550587122092,-0.09033587984853668,-0.08872636034242838,2.725718551402317,2.7073221727566055,1.1390356994590694,1.1813121045407837,0.8209834512703975,0.8150120172243929
,-9.907,-0.105,-0.098,-9.926,-0.091,-0.098,2.66,0.91,0.77,-9.900925102864667,-9.902624122511407,-0.08213835211328549,-0.07528619294401584,-0.08717761941224579,-0.08635533313992201,-9.904381846691788,-9.90273612158986,-0.06771709457657904,-0.07106666090945538,-0.09063102501033207,-0.08913192014572047,2.720711298142048,2.7052526540149695,1.1333637437645034,1.169446937485421,0.8185264933346166,0.8130435274484935
,-9.916,-0.057,-0.103,-9.88,-0.055,-0.084,2.59,0.98,0.77,-9.899304242640795,-9.90320908358855,-0.08223477095468429,-0.07448649130720691,-0.08826893939267182,-0.08708324667407838,-9.90392179995214,-9.901741813277258,-0.0680124953401737,-0.07036402504278362,-0.09072419705089078,-0.08890748825040634,2.7161599582627685,2.7002123628868753,1.130388204289556,1.1611619419995176,0.8168792888844388,0.8111611247274911
,-9.89,-0.136,-0.069,-9.919,-0.053,-0.077,2.73,1.19,0.77,-9.897887404687403,-9.90263141683206,-0.0820667669651604,-0.07717663319393492,-0.08958560163622337,-0.08629242039283144,-9.903532854090088,-9.902496557592425,-0.06851068329257043,-0.06960465214921205,-0.09066213635894672,-0.0883867435621442,2.7120810567526155,2.7015150518735314,1.130062267769546,1.1624231034810781,0.8161085418626272,0.8093610442559437
29380.0,-9.883,-0.041,-0.084,-9.89,-0.055,-0.069,2.73,1.19,0.91,-9.896782727107452,-9.901772885139787,-0.08162475497264134,-0.07559453719024523,-0.09105525540381741,-0.08619216702976051,-9.903221542194842,-9.901950051406487,-0.0692009636518858,-0.06896595363692429,-0.09049649419133834,-0.08753891205306481,2.708398371205779,2.7027607709639345,1.1321008950098095,1.1636291111696009,0.8161862756482766,0.8137622412618848
,-9.88,-0.072,-0.067,-9.931,-0.055,-0.098,2.8,1.26,0.84,-9.896080108881627,-9.900820701602314,-0.08091781514910916,-0.07543733895420943,-0.0925891621191919,-0.08535284484637337,-9.902987707653859,-9.903220479401563,-0.07005585408781395,-0.06835518703191037,-0.09027843741297589,-0.08799640198437957,2.704979321467597,2.707013289290754,1.1360380306111368,1.1678436547749511,0.8170085974221825,0.8149096850558614
,-9.876,-0.089,-0.098,-9.902,-0.072,-0.129,2.73,1.33,0.77,-9.895842746756665,-9.899735229314075,-0.07997288801096746,-0.07603046855045777,-0.09408964195906902,-0.08590593704595237,-9.902827850748944,-9.903167104739154,-0.07103358663420876,-0.06851458395533601,-0.09005470739154596,-0.08978959341293648,2.7016769196351924,2.7080185565016666,1.1412987380246233,1.1749351633843395,0.818421253225819,0.8129456705254613
,-9.904,-0.084,-0.103,-9.88,-0.105,-0.067,2.8,1.26,0.98,-9.896101383559529,-9.89992173856226,-0.07883260531416719,-0.07637899639134357,-0.09545926354550098,-0.08665350381208672,-9.902737999060657,-9.902153948439384,-0.07208288021374462,-0.07011018381693108,-0.0898650357399131,-0.08879294664177248,2.698368465732273,2.7120411385200707,1.147270275652156,1.1786552646260082,0.8202459196421991,0.8202513804195771
29456.0,-9.907,-0.072,-0.124,-9.919,-0.093,-0.089,2.66,1.05,0.84,-9.896851967581792,-9.900231288903047,-0.07755208828142793,-0.07618749176309979,-0.0966108615590005,-0.08828676089419174,-9.902715538337821,-9.902890669037708,-0.07314891277286147,-0.07111121358424774,-0.08974051174485788,-0.08880200161073121,2.694983727339839,2.7097652474265383,1.153360260212039,1.1730288433134641,0.8223021743378157,0.8211150376855555
,-9.907,-0.093,-0.101,-9.916,-0.057,-0.079,2.73,0.98,0.77,-9.898056622711913,-9.90052730182164,-0.07619477237472684,-0.0769227454267287,-0.09747689665796513,-0.08884274311275327,-9.902759712351685,-9.90346397335863,-0.07417906304683862,-0.07049409439299606,-0.08970262064800441,-0.0883733351979845,2.6915186475861788,2.7106501645223475,1.159037229400939,1.1645872019930585,0.8244221022105348,0.8188796473324166
,-9.89,-0.093,-0.079,-9.916,-0.077,-0.105,2.66,1.19,0.77,-9.899647272343211,-9.900066916189502,-0.07482722793230533,-0.07762584458121106,-0.09801658329235557,-0.08841229497070112,-9.902870656311775,-9.90401220562627,-0.07512726647349331,-0.07077861416038417,-0.08976297974546195,-0.0891004614564437,2.6880343449337976,2.708435104252713,1.1638558584548526,1.165698568160104,0.8264571020454109,0.8167420162739426
,-9.909,-0.053,-0.117,-9.907,-0.067,-0.077,2.66,1.19,0.84,-9.90153115134608,-9.900457582621103,-0.07351312765084317,-0.07654889388514825,-0.09821962915508489,-0.08966250788131261,-9.903046957306747,-9.904142869458727,-0.07595653350924897,-0.07061336577116614,-0.08992390832750569,-0.08857127756002046,2.6846441685114772,2.7063169141915835,1.1674725063858504,1.1667613314634697,0.8282790056084492,0.8177591469425047
29531.0,-9.89,-0.081,-0.134,-9.885,-0.089,-0.103,2.66,1.19,0.84,-9.903597651004075,-9.900000245986584,-0.07230689654927902,-0.07674355205465105,-0.09810603122617725,-0.09160149896206245,-9.903282074015019,-9.903305703183262,-0.076639799463992,-0.07141745996032964,-0.09017983365578258,-0.08920228221952721,2.681493291165094,2.7042913579588372,1.1696557074197562,1.1677776174297625,0.8297789404684588,0.8187317959049519
,-9.89,-0.024,-0.091,-9.897,-0.091,-0.081,2.66,1.19,0.77,-9.905726167832263,-9.89956290984404,-0.07124802315225935,-0.07443694263417983,-0.09772187391979102,-0.09157519388555074,-9.903560499730272,-9.903029938776077,-0.07715950250280476,-0.07227385414639917,-0.09051938340678695,-0.08884357559663383,2.6787357402276246,2.702354384442009,1.170292983197201,1.1687494586309146,0.8308669295719031,0.8166006307647207
,-9.938,-0.074,-0.089,-9.885,-0.053,-0.072,2.59,1.12,0.77,-9.907794654526906,-9.901243861368831,-0.07035724914119,-0.07441783402361146,-0.09713156201023335,-0.09146257411982475,-9.903855005302466,-9.902241443784531,-0.07750626341134902,-0.07143095957803927,-0.0909279697161466,-0.08810696327849951,2.676513143004482,2.6974408419995766,1.1693930307347662,1.1666175210548404,0.8314738155110817,0.8145626668860189
,-9.907,-0.081,-0.089,-9.887,-0.084,-0.105,2.73,1.12,0.91,-9.909688386810732,-9.901495591923089,-0.06963562941253543,-0.07470568885053915,-0.09640759022245267,-0.0913548795023384,-9.904126331636853,-9.90157489675754,-0.07767706335288972,-0.07198063562210885,-0.09139065087262607,-0.08884573865718096,2.6749380932286724,2.6988647366301195,1.1670819273193254,1.1645788185208759,0.8315556265478802,0.8187363837300657
29607.0,-9.897,-0.05,-0.069,-9.887,-0.065,-0.098,2.73,1.33,0.91,-9.911308231702156,-9.901298988276265,-0.06906677083596617,-0.07362524636189452,-0.0956196416024204,-0.09037724387400295,-9.904326235497805,-9.900937499524064,-0.07767343829381254,-0.07167535470606154,-0.09189493171820366,-0.08924607774372793,2.6740832102332823,2.700226360733923,1.1635923943795132,1.171813106707418,0.8310990475246894,0.8227275733415728
,-9.933,-0.098,-0.084,-9.916,-0.079,-0.127,2.66,1.19,0.84,-9.912577645378,-9.90268535399173,-0.06862174216422323,-0.0746912162136228,-0.09482510338821097,-0.09009835081080585,-9.904403952680513,-9.901596220905924,-0.07750024125902488,-0.071995680038324,-0.0924329350389443,-0.09089715260205038,2.6739751601132933,2.698467159864706,1.1592452940583842,1.1726084657183984,0.8301253714990745,0.8234829404052746
,-9.907,-0.077,-0.091,-9.909,-0.084,-0.069,2.66,1.12,0.84,-9.913447775295108,-9.90287404441437,-0.06826558695367542,-0.07479218518943184,-0.09406278414621382,-0.09013778221867919,-9.904315134608403,-9.901920006960147,-0.07716533758915847,-0.07252065942312656,-0.09300226059805436,-0.0899395345330009,2.6745919265623272,2.6967848933152183,1.1544227212300062,1.170307763966327,0.828690107613639,0.824205273349787
,-9.928,-0.041,-0.065,-9.938,-0.057,-0.108,2.73,1.19,0.84,-9.913900241260135,-9.903972866234184,-0.06796423412333973,-0.0733143671498829,-0.09335083776960777,-0.08903844319017994,-9.904031406107336,-9.903497876644579,-0.07668028598908808,-0.07184190158747275,-0.09360509258565734,-0.09072936453423233,2.6758618971441264,2.698237474246849,1.149533383945085,1.1711689554366769,0.826876928293674,0.824896016840999
29683.0,-9.923,-0.081,-0.124,-9.935,-0.089,-0.074,2.66,0.98,0.7,-9.913947354162158,-9.904804971094004,-0.06769080858566859,-0.07365047938434133,-0.0926889178182032,-0.09056740081912976,-9.903548206446875,-9.90487554446682,-0.0760617802414776,-0.07259226878675996,-0.09424567905226702,-0.08999774695578078,2.677664375331953,2.6965652524324857,1.1449734770348787,1.1628086517344352,0.8247871056085478,0.8194339969769163
,-9.892,-0.084,-0.108,-9.902,-0.057,-0.096,2.66,1.05,0.77,-9.913629779678127,-9.904244977202737,-0.06743067432666915,-0.0741030901930465,-0.09206365672741357,-0.09132977263383481,-9.902888768267207,-9.904749789607738,-0.075333426929919,-0.07191037929185462,-0.09492684808346064,-0.09026024071807996,2.6798321425289022,2.694966161122987,1.1410884337674332,1.1578752430301504,0.8225275166048813,0.8172721228012758
,-9.911,-0.055,-0.096,-9.885,-0.101,-0.084,2.66,1.33,0.91,-9.913011990648561,-9.904540391497237,-0.06718477272828673,-0.07326766356584977,-0.09145592749160515,-0.09153401353189525,-9.90210298008416,-9.903886081173495,-0.07452725417460757,-0.07318254224921135,-0.09564644217014286,-0.08998646449990302,2.6821574059686433,2.693437002135734,1.138141129335556,1.1654026955898793,0.8202005940831525,0.8213273482602145
,-9.919,-0.079,-0.077,-9.928,-0.098,-0.103,2.59,1.12,0.84,-9.91217613184622,-9.905172746882673,-0.06697093606383189,-0.0735183531896093,-0.09084821373816167,-0.09089840422565836,-9.901261155061666,-9.904940644056785,-0.07368417345222225,-0.07426787267558842,-0.09639440930241101,-0.090555579442087,2.684402833303101,2.6889134394582648,1.136290031230392,1.163417120457323,0.8178981078576831,0.8221439507211853
29759.0,-9.895,-0.045,-0.084,-9.895,-0.093,-0.127,2.66,1.12,0.84,-9.911214967667751,-9.90472786683805,-0.06682301251386648,-0.07227117321099658,-0.09023079063533501,-0.09059671949732162,-9.900443877578889,-9.904505914457928,-0.07285259455063132,-0.07508707615485322,-0.09715094848559576,-0.09214938646697972,2.6863190344399173,2.6876489813542,1.1355779964862183,1.1615183795656814,0.815698429773331,0.8229248410835984
,-9.943,-0.096,-0.132,-9.873,-0.038,-0.06,2.73,1.05,0.77,-9.910224392668871,-9.906401604374752,-0.06678785743294936,-0.07330889504193304,-0.08960596583677866,-0.09240739005562865,-9.899729795833679,-9.90312808084115,-0.07208474977638928,-0.07346516416932977,-0.097885796618408,-0.09074341218579615,2.6876683988089756,2.689501098907332,1.1359310773430336,1.156641397738683,0.8136656692925215,0.8206103034336905
,-9.899,-0.065,-0.084,-9.895,-0.053,-0.093,2.73,1.12,0.77,-9.909295751008713,-9.906077913426525,-0.06692039962429062,-0.07294552596967999,-0.08898998712084248,-0.09203971354639781,-9.899183527292784,-9.902772619232891,-0.0714310530493382,-0.07257017058953534,-0.09855864755943425,-0.09084209849924296,2.6882527833396708,2.6912722186582787,1.1371672571939184,1.15503897640165,0.8118494964991875,0.8183969863906498
,-9.923,-0.067,-0.069,-9.852,-0.096,-0.115,2.8,1.19,0.84,-9.908508149743735,-9.906817959228976,-0.06727707295764641,-0.07268551302635166,-0.08841243419596262,-0.09103212838686942,-9.898845855616178,-9.900552203707914,-0.07093362755225466,-0.07359481650610565,-0.09912077333189104,-0.09189858485652744,2.687940146997373,2.69602716054103,1.1390157323131813,1.1565679107119087,0.810285607501002,0.8193417410148789
29834.0,-9.899,-0.077,-0.103,-9.928,-0.034,-0.103,2.73,1.12,0.84,-9.907921146957651,-9.90647606002606,-0.06790805904704084,-0.07287419649400295,-0.08791324856780372,-0.09155551379286622,-9.898728024053378,-9.901752565515798,-0.07062045765928103,-0.07186323466914138,-0.09951791017710815,-0.09238407792161268,2.6866842355011857,2.6975128790503757,1.1411466551215244,1.154968703149103,0.8089972363032762,0.8202451791211377
,-9.883,-0.053,-0.072,-9.876,-0.081,-0.101,2.66,0.98,0.77,-9.907568562182917,-9.905449392327315,-0.06884908044347919,-0.07200504743081768,-0.0875380060447855,-0.09070030153317536,-9.898811095502339,-9.900626340453092,-0.070501334072812,-0.07226280861067183,-0.0996942634040586,-0.09276087406555578,2.6845327000239316,2.6958723456233336,1.1432095946475487,1.1473168776036187,0.807997624176417,0.8180478298911504
,-9.914,-0.069,-0.067,-9.907,-0.077,-0.089,2.66,1.26,0.84,-9.907454468960603,-9.905823332106497,-0.0701137963526045,-0.07187362907837708,-0.08733230558315155,-0.08966382718408741,-9.89905027736006,-9.900905076764566,-0.07056620111040039,-0.07246997801545287,-0.09959729866145005,-0.0925964014957177,2.6816222147315023,2.694303556887538,1.1448774393169256,1.152244796591295,0.8072927336788832,0.8190078540154337
,-9.861,-0.048,-0.117,-9.892,-0.079,-0.072,2.59,1.19,0.77,-9.907552444067857,-9.903863094009779,-0.07168801446788008,-0.07082957467574674,-0.08733607960120018,-0.09085930741400214,-9.8993831816552,-9.90051563515218,-0.0707860131247969,-0.07275555245325019,-0.09918301733188375,-0.09169566857449532,2.678162768379734,2.6897420975710293,1.1458911058447114,1.1538959274776655,0.8068833871964824,0.8168646161532597
29910.0,-9.926,-0.069,-0.089,-9.921,-0.036,-0.122,2.66,1.19,0.84,-9.90780874428939,-9.904831197103105,-0.07352683642265773,-0.0707495627308144,-0.08757833189378744,-0.09077799518094955,-9.899740414162741,-9.901411468426385,-0.07111588180588728,-0.07114813884076833,-0.09842149626621793,-0.09302095391505644,2.6744156342862575,2.688441400144151,1.1460988839212185,1.1554748502189913,0.8067662584651841,0.8178763852178804
,-9.928,-0.077,-0.112,-9.895,-0.081,-0.096,2.73,1.26,0.84,-9.908149323047208,-9.905844427667622,-0.07555546436366488,-0.0710229102192852,-0.088072505076309,-0.09170608732359073,-9.900056619611751,-9.901131078636634,-0.0715001588801357,-0.07157898573813906,-0.09730232277145008,-0.09315123516263774,2.670669663200914,2.690258863212049,1.1454833086788605,1.1600460003552435,0.806933326256041,0.8188439070529369
,-9.902,-0.084,-0.062,-9.952,-0.081,-0.112,2.66,1.19,0.77,-9.908489733443485,-9.905676301086666,-0.07767377701002882,-0.0715904312976434,-0.08881263179354718,-0.09040696471624458,-9.900280084992126,-9.903355705698239,-0.07187902872602049,-0.07199099060698608,-0.09583917975076052,-0.09397553949642734,2.6672189285369488,2.688935566311883,1.1441694256918062,1.1613559647977179,0.8073694909047234,0.8167078390076109
,-9.926,-0.079,-0.069,-9.868,-0.069,-0.096,2.66,1.05,0.77,-9.90874636051346,-9.906565108031707,-0.07976413431270588,-0.07191447054613345,-0.08977074592318356,-0.08947078380777976,-9.900379264188542,-9.901809510937854,-0.07219599270282018,-0.07186018699513479,-0.09407254775099755,-0.09406407429332676,2.66434279027182,2.687670140544341,1.1424114185161853,1.156486085780811,0.8080483173791448,0.8146651866403002
29986.0,-9.883,-0.084,-0.069,-9.935,-0.086,-0.124,2.66,1.26,0.91,-9.908847335186799,-9.905534546037625,-0.081701427003774,-0.07244300142817921,-0.09089645705685881,-0.08857554446693049,-9.90034518737013,-9.903261015278355,-0.07240534046190165,-0.07247855691164949,-0.09206956909115319,-0.09537324831660816,2.6622884012434334,2.6864600550578874,1.1405587480842627,1.1610130120189308,0.8089263021080896,0.8188344200352466
,-9.94,-0.079,-0.093,-9.895,-0.057,-0.077,2.66,1.12,0.84,-9.908741792458127,-9.907041807829703,-0.08336424523905311,-0.07272975562061787,-0.09211963459879788,-0.08876903713883964,-9.90018956281814,-9.902899740109707,-0.07247856100264233,-0.07180164032569948,-0.08992057590571481,-0.09456973952736634,2.6612557182506675,2.68530288968155,1.1390068063264502,1.1592194088921117,0.8099363623170598,0.8197600445757753
,-9.919,-0.086,-0.093,-9.911,-0.108,-0.091,2.66,0.98,0.77,-9.90840651169205,-9.907564769929094,-0.08464609649779327,-0.0733100970937466,-0.09335655768733676,-0.08895406788502648,-9.899939244905307,-9.903253985037159,-0.07240875356649193,-0.07338468648352807,-0.08773247271482564,-0.09441362575607692,2.661385474198721,2.6841963300845753,1.1381397286462123,1.1513816891941002,0.8109814777901584,0.8175839115109673
,-9.892,-0.084,-0.115,-9.849,-0.057,-0.053,2.66,1.12,0.7,-9.907849263687735,-9.90688408302904,-0.08546568847228814,-0.07377759368407745,-0.09451890008872307,-0.09009312261382255,-9.899628457130682,-9.90088132054814,-0.07221235117554672,-0.07266814255119652,-0.0856199083045684,-0.09260250277357743,2.6627507323170536,2.6831381631477695,1.1382743263674528,1.1500092882634536,0.8119301234910601,0.8124416685746929
30062.0,-9.914,-0.098,-0.117,-9.892,-0.091,-0.079,2.66,1.05,0.77,-9.907108499881142,-9.907195280141883,-0.08577532040090295,-0.07483690100067411,-0.09552404708679288,-0.09126982866483165,-9.899290633680675,-9.900492917855402,-0.07192778518321227,-0.07346984121271882,-0.0836957218964977,-0.09200763079743503,2.6653525623570373,2.6821262725372597,1.139614014200117,1.1456356282148457,0.8126162237694096,0.8105855866700562
,-9.919,-0.115,-0.084,-9.887,-0.06,-0.074,2.66,1.26,0.84,-9.90624942472425,-9.907711530507473,-0.08556643087338041,-0.07659333527364785,-0.09630488907239372,-0.09095190060291164,-9.898951803739077,-9.899902838305913,-0.07161111620406704,-0.07288077086339317,-0.08206223196733249,-0.09122011139042405,2.6691202224525226,2.6811586344718243,1.1422196745372328,1.1506370725061323,0.8128465576957362,0.8118719536332478
,-9.911,-0.069,-0.091,-9.902,-0.065,-0.077,2.66,1.05,0.84,-9.905356870265763,-9.907855343626137,-0.08487146379127303,-0.07626125944650515,-0.0968174847917507,-0.09095400411164628,-9.898626900087173,-9.899994552510424,-0.0713291092957778,-0.07253612474825775,-0.08080447666805064,-0.09059822982167198,2.673916039118213,2.6802333136753327,1.1460008966793604,1.1462359578589663,0.8124168425647237,0.813102064503706
,-9.895,-0.098,-0.134,-9.919,-0.093,-0.11,2.66,1.05,0.84,-9.904525664909103,-9.907293146816171,-0.08376157826454318,-0.07721194975454347,-0.09704558921338398,-0.09283651478378989,-9.898319360013511,-9.900825708974333,-0.07115060973687008,-0.07343106196041418,-0.07998573918478098,-0.09144671848282204,2.67954488594211,2.6793484595061914,1.1507274609345295,1.1420273151275182,0.8111348739230754,0.8142783795031716
30138.0,-9.907,-0.096,-0.091,-9.897,-0.043,-0.074,2.73,1.19,0.77,-9.903849451663389,-9.907280326761748,-0.08234033582278479,-0.0780335988851055,-0.09700163495330533,-0.0927561993303154,-9.898023392369629,-9.90065840100935,-0.07113727402761895,-0.07210023437185693,-0.079644983447384,-0.0906837291952009,2.6857677030765688,2.681563579950551,1.1560584554673157,1.1441252824153016,0.8088469204041048,0.8123419735671552
,-9.895,-0.043,-0.081,-9.892,-0.089,-0.093,2.73,1.33,0.84,-9.903409203942738,-9.906743276898938,-0.08073415813988005,-0.07650149067332515,-0.09672420476344089,-0.09224207089057464,-9.897727759128587,-9.900279747153924,-0.0713347534931389,-0.07283930402270714,-0.07979549966235822,-0.09078502559733127,2.6923179346037274,2.6836818275548113,1.16158459245469,1.1522540556568923,0.8054630416252202,0.8135515292727614
,-9.914,-0.065,-0.086,-9.902,-0.069,-0.091,2.66,1.05,0.84,-9.903262883913895,-9.907060631821286,-0.07908084743381814,-0.07599850128973064,-0.09627244540665295,-0.09196908928507848,-9.89741993619387,-9.900354978177733,-0.07176540740701959,-0.07267140151174896,-0.08042421230805996,-0.09079442697367093,2.6989194005084354,2.6826461611196932,1.1668774481239803,1.1477822262318436,0.800977620951844,0.8147081880369131
,-9.849,-0.108,-0.129,-9.919,-0.031,-0.045,2.66,1.26,0.84,-9.903437693559965,-9.904521493005252,-0.0775176501619669,-0.07739800806390126,-0.09571824277552461,-0.09358854501333816,-9.897089815844618,-9.901170372312272,-0.07242357725848081,-0.07084900534109205,-0.0814915908714797,-0.08879172043329418,2.7053043293207257,2.6816557870068145,1.1715381724070084,1.1526897943427235,0.7954822746881552,0.8158142631771387
30213.0,-9.89,-0.057,-0.089,-9.885,-0.079,-0.065,2.66,1.26,0.77,-9.903926176968177,-9.903886431253428,-0.07617013564915442,-0.0765059513910725,-0.09513712247273426,-0.0933878762919169,-9.896732415234752,-9.900463200882685,-0.07327433548019611,-0.07120546902876645,-0.0829326321007662,-0.08775124810363782,2.7112308937768415,2.6807087244679493,1.175238746839909,1.1573827420422889,0.7891692227974012,0.8138106891492303
,-9.923,-0.089,-0.091,-9.902,-0.057,-0.093,2.8,1.12,0.7,-9.90468696101284,-9.90472231613437,-0.07514268628479018,-0.07705234785279196,-0.09459879487776537,-0.09328344840006486,-9.896349319547074,-9.900530409009239,-0.07425631223564136,-0.0705842278076592,-0.08465962596109387,-0.08798078934798406,2.716499785521493,2.685925634766997,1.1777508188604817,1.1557478998369621,0.782324500190785,0.808833458805132
,-9.94,-0.065,-0.077,-9.89,-0.067,-0.101,2.8,1.19,0.77,-9.905650069612479,-9.906265098801956,-0.0745110082083492,-0.07652526808639244,-0.09415831213227178,-0.0925713318661153,-9.895948898691033,-9.900069887491899,-0.0752885907815206,-0.07042748042709418,-0.08656715649888533,-0.08855015247896779,2.72096856725208,2.6909143963355784,1.17895949418474,1.1572458311257976,0.7753118642377289,0.8071351730731323
,-9.868,-0.055,-0.055,-9.88,-0.101,-0.108,2.73,1.33,0.91,-9.9067257505313,-9.904591668895673,-0.07431696524186629,-0.07558391347123881,-0.09384900099337191,-0.09092824214905877,-9.89554564748259,-9.899192180364615,-0.07628080762231518,-0.07176449431613481,-0.08853914293850913,-0.08940074368435828,2.724561430932696,2.692623709002343,1.178861744192351,1.1648008094658613,0.7685490335202283,0.8116337130762554
30289.0,-9.933,-0.079,-0.112,-9.885,-0.096,-0.067,2.66,1.12,0.77,-9.907815153660723,-9.905834037329207,-0.0745660509848021,-0.07573330760685222,-0.09367834711272643,-0.0918497636103837,-9.895159143901635,-9.898571520290524,-0.07714476881936791,-0.07282437450134426,-0.09045717951515905,-0.0884211022989172,2.727271990092293,2.6911969913926237,1.1775511646617263,1.1628415563413919,0.7624775650561095,0.8098129651165544
,-9.909,-0.093,-0.11,-9.907,-0.105,-0.101,2.73,1.12,0.77,-9.908821227416812,-9.905972492913573,-0.07522769288157558,-0.07648842389657699,-0.09362753202847869,-0.09264351952194402,-9.894812989147455,-9.898940119103854,-0.07780542003293309,-0.07423149628199059,-0.09220938358068245,-0.08897120942682542,2.729158310400418,2.692893945460178,1.1751927652672203,1.1609679863296052,0.7575272432916462,0.8080718430870866
,-9.926,-0.067,-0.079,-9.921,-0.101,-0.029,2.73,1.05,0.7,-9.909658536635998,-9.906848346638142,-0.07623828800125462,-0.07607347103328498,-0.09365449939206258,-0.09204685377927484,-9.894533724782725,-9.899904853694288,-0.0782091323031829,-0.07540215090123016,-0.09369928758103352,-0.08634851620211359,2.730331340412018,2.6945166874186524,1.1719934246331356,1.1561150745959894,0.7540767334375984,0.8033455870493046
,-9.914,-0.053,-0.098,-9.919,-0.043,-0.112,2.8,1.12,0.7,-9.910261024796501,-9.907161106594076,-0.07750659037497237,-0.07506440957316188,-0.09369972866862626,-0.09230719997552532,-9.894349340387468,-9.900739932915126,-0.07832805781995937,-0.07398512258969617,-0.0948544994186071,-0.08747032070469928,2.7309387715686477,2.6991297404464527,1.1681749571852291,1.154535670706054,0.7524144040196726,0.7988260221856213
30364.0,-9.907,-0.108,-0.11,-9.84,-0.06,-0.158,2.66,1.12,0.7,-9.910587083864057,-9.907154060993749,-0.07892096137101144,-0.07650476654928305,-0.09369364949771995,-0.09308095103363913,-9.894286942434489,-9.898083621460872,-0.07816051914134088,-0.07337351767771728,-0.09563450473564478,-0.0905547626193581,2.731146052619972,2.6974184975661695,1.1639559984292451,1.1530253381575306,0.7527050470166663,0.7945041093663091
,-9.897,-0.074,-0.093,-9.909,-0.055,-0.11,2.8,1.26,0.77,-9.910621758347936,-9.906709998130482,-0.08035796925234474,-0.07639522674975133,-0.09356473731633064,-0.09307741083944449,-9.89436960412599,-9.898561022405534,-0.07772845688789937,-0.0725699971086304,-0.0960362188920944,-0.09140515221160653,2.7311158732438288,2.701904647069995,1.1595456746998305,1.157703611674299,0.7549682895011701,0.7934324824602179
,-9.926,-0.072,-0.065,-9.895,-0.117,-0.11,2.73,1.12,0.7,-9.910376370583187,-9.907553598879765,-0.08169173479889356,-0.07620301232673372,-0.09324754410736351,-0.0918495143891334,-9.89461302001179,-9.898405289856111,-0.07707330841599674,-0.07451303392030754,-0.09609540945550897,-0.09221835210827815,2.7309876298070783,2.7031333281734717,1.1551476524935416,1.1560547370254393,0.7590727345350033,0.7893464428245588
,-9.892,-0.091,-0.117,-9.89,-0.103,-0.103,2.66,1.12,0.7,-9.909886104569539,-9.906873400518057,-0.08280332257532685,-0.07685012215973071,-0.09269013181978179,-0.09294940896922047,-9.895022825216442,-9.898037705193936,-0.07625123885368772,-0.07575884126092765,-0.095882587018545,-0.09268986093971751,2.7308590116538776,2.7012469982388074,1.1509697019881,1.1544779718506304,0.7647472161849795,0.7854390960745489
30440.0,-9.921,-0.096,-0.074,-9.88,-0.036,-0.074,2.73,1.33,0.84,-9.909206081612258,-9.907491192573671,-0.08358947790691637,-0.07768759492951059,-0.09186051284834515,-0.0921207032120603,-9.895593203912163,-9.897248870557222,-0.07532796779211909,-0.07402008620505937,-0.09549333483683219,-0.09187250587674829,2.7307724450416866,2.702504439995109,1.1472324371885636,1.1621539957029878,0.7716078779253319,0.7878251829056646
,-9.904,-0.072,-0.108,-9.907,-0.069,-0.077,2.66,1.26,0.84,-9.908406330086885,-9.907338513860058,-0.08397007156463655,-0.07743886196532494,-0.0907516634809038,-0.09281514517007572,-9.896307027367607,-9.897675312200926,-0.07437322683071697,-0.07380054509185999,-0.09503455329771121,-0.09122209344101063,2.7307093199546895,2.7006456129369125,1.1441711636948722,1.1664330498522628,0.7791973940402612,0.7901069201025916
,-9.921,-0.093,-0.105,-9.89,-0.079,-0.101,2.66,1.05,0.77,-9.907565931719432,-9.90793596532854,-0.08389369889445136,-0.07811939003341643,-0.08938452715191182,-0.09334801980295322,-9.897137448240315,-9.897339651314656,-0.07345520363115264,-0.07402793045377122,-0.09460902599824393,-0.09164970611597957,2.7305942692982157,2.69886807710459,1.142026390249398,1.1613411370177775,0.7870307868679022,0.7892275934452356
,-9.902,-0.091,-0.098,-9.907,-0.065,-0.074,2.73,1.12,0.77,-9.906766585406148,-9.907676370496318,-0.08334102450270198,-0.07868269180458938,-0.08780838306832914,-0.0935514627059878,-9.898050603724936,-9.897762122885391,-0.07263560890426847,-0.07363311613769234,-0.09430085993946373,-0.09087783966387783,2.7303099921552096,2.700229555120965,1.1410217265492273,1.159533184151816,0.7946415666231803,0.7883867219747701
30516.0,-9.904,-0.093,-0.077,-9.892,-0.084,-0.108,2.87,1.19,0.91,-9.9060858981288,-9.907515593482074,-0.08232566261015968,-0.07930882403635688,-0.08609818827367133,-0.09282762522608787,-9.899008839574432,-9.897510130624505,-0.07196584965483682,-0.07408648628524996,-0.09416391411576104,-0.0916266351998553,2.7297204155318275,2.7076540476365585,1.1413321004999075,1.1608655753486463,0.8016226156746579,0.7937051793372307
,-9.892,-0.069,-0.081,-9.921,-0.065,-0.062,2.8,1.05,0.77,-9.905590871198344,-9.906837057192883,-0.08089261368790902,-0.07885799299237253,-0.08434900362178713,-0.09231037315061087,-9.899973742697862,-9.898537402241157,-0.07148440438685046,-0.07368911117401696,-0.09421467618739751,-0.09033098723556873,2.7286972008055357,2.7116925705529367,1.1430486396024813,1.1560171423071974,0.8076576790759886,0.7926684916693891
,-9.921,-0.077,-0.072,-9.928,-0.081,-0.077,2.73,1.12,0.84,-9.905332187680242,-9.907456438634364,-0.07911456619026067,-0.07877673824231446,-0.08266819099784588,-0.09142214897500088,-9.900908305451026,-9.89982587643174,-0.07121523893957891,-0.07400883490101504,-0.09443043710032917,-0.08974798932314366,2.7271431595171927,2.7124932009159326,1.1461477974709715,1.1544420212448512,0.8125407429862342,0.7947384186793747
,-9.907,-0.055,-0.089,-9.878,-0.065,-0.081,2.73,1.05,0.84,-9.905339907252854,-9.907436477414217,-0.07708667282357583,-0.07773692112190182,-0.08116643519194577,-0.09131622225171662,-9.901777770914194,-9.898871375450552,-0.07116707345306374,-0.0736148556819321,-0.09475303385861686,-0.08936541754333564,2.7250072510478947,2.71325881768076,1.1504716902873895,1.1498745065305063,0.8161819543326269,0.796717822526719
30592.0,-9.883,-0.069,-0.067,-9.885,-0.077,-0.122,2.66,1.19,0.91,-9.90562106189766,-9.906367808225074,-0.0749205374475755,-0.07735483338263066,-0.07994865957444472,-0.09025281212609662,-9.90254917167056,-9.898264744989714,-0.07133341314412073,-0.07376289663612531,-0.09509770214987262,-0.09079261067681459,2.7222890908797135,2.710929674386461,1.1557248949024257,1.151629296218199,0.8186002397945507,0.801671939713605
,-9.878,-0.108,-0.103,-9.899,-0.06,-0.096,2.73,1.12,0.77,-9.906159535316094,-9.905127211959918,-0.07273794477105275,-0.07869502431133966,-0.0791056818339022,-0.09081027901046565,-9.90319014762003,-9.898296899557753,-0.07169338631287236,-0.07316101022921505,-0.09536567048388556,-0.09102034303083721,2.7190343573926756,2.7117636681354234,1.1614903570948696,1.1502460668038401,0.8199043811139514,0.8002868453909415
,-9.923,-0.081,-0.05,-9.928,-0.081,-0.132,2.73,1.12,0.7,-9.906918465858835,-9.905908834350853,-0.07066441732364341,-0.07879582674936872,-0.07870721035126477,-0.08902554191274303,-9.903667947934354,-9.899595891541196,-0.0722135285191382,-0.0735038291511097,-0.09545833056218467,-0.09281248745665836,2.7153244099838023,2.7125611892206565,1.1672638959890262,1.1489233295230887,0.8202660332640805,0.7959010470645718
,-9.923,-0.065,-0.089,-9.876,-0.045,-0.098,2.66,1.19,0.77,-9.907845032763122,-9.906656274410489,-0.06882234739866847,-0.07819250022501346,-0.07879664330790373,-0.08902442490006082,-9.903949367058246,-9.8985639833061,-0.07285066789897603,-0.07225728434556973,-0.09529055052325712,-0.09303935054864136,2.7112635789534867,2.7102625549898427,1.1725038144474251,1.1507197165958718,0.8198898136558569,0.7947683285268194
30667.0,-9.933,-0.053,-0.048,-9.911,-0.081,-0.101,2.73,1.12,0.84,-9.908876868244805,-9.907808352403872,-0.06732357379350869,-0.07709076823919596,-0.07938806991666536,-0.08723032265897844,-9.904001958660515,-9.899107841884863,-0.07355596906792256,-0.07263962549445775,-0.09480112024769363,-0.09338748995719971,2.706966824063816,2.7111257235634967,1.1766897590610361,1.1493762654073583,0.8189860994583278,0.796746424340609
,-9.864,-0.053,-0.096,-9.887,-0.074,-0.086,2.66,1.33,0.84,-9.909948875101904,-9.905892501946068,-0.06626180104552591,-0.07603721778985685,-0.08046573515433995,-0.08761384291086313,-9.903796559093347,-9.89857833522357,-0.07427995392225467,-0.07269911812488586,-0.0939592271256971,-0.09306441626828212,2.7025496069065738,2.7088898658897893,1.1793830846426911,1.1572753998331244,0.8177505959880692,0.7986380130030798
,-9.95,-0.074,-0.101,-9.899,-0.081,-0.081,2.66,1.33,0.84,-9.91099926975545,-9.907821434802528,-0.06570573122358876,-0.07594812508444394,-0.08198589938128577,-0.088199253541033,-9.903310952163247,-9.898596775694637,-0.07497795255769864,-0.07306213676101256,-0.09276685947209097,-0.09253680871943763,2.698121055152294,2.7067517879478618,1.1802796091214134,1.1648290850585568,0.8163517334030345,0.8004468776915568
,-9.926,-0.062,-0.079,-9.933,-0.105,-0.089,2.73,1.33,0.84,-9.911974069116916,-9.908616429604768,-0.06569381240185404,-0.07533813816728764,-0.08388059363215564,-0.08779694683144576,-9.902534231261589,-9.900101316025843,-0.07561507500152582,-0.07445886059448585,-0.09125774968007315,-0.09238213509597354,2.6937805975639364,2.707768491276318,1.1792456392992419,1.1720524284541063,0.8149243993780764,0.8021766361354168
30743.0,-9.899,-0.074,-0.081,-9.902,-0.069,-0.115,2.8,0.98,0.77,-9.91282963034633,-9.908195878726914,-0.06623116725182614,-0.07527961798837819,-0.08606251421205996,-0.0874996990925068,-9.90147105152463,-9.900184350295829,-0.07616965062534715,-0.07422013076341127,-0.08949372056284574,-0.09337127174351134,2.689617133846663,2.7118020092818154,1.1763307468438395,1.1636534882341225,0.8135676710099556,0.8007694701570593
,-9.923,-0.038,-0.096,-9.895,-0.098,-0.079,2.66,1.05,0.84,-9.91353317931258,-9.90884330053034,-0.06728888353493015,-0.07364928565970866,-0.08843038798672762,-0.0878714388291432,-9.900144744365743,-9.899957625496958,-0.07663431245222084,-0.07526008481015153,-0.08755919242639194,-0.09274277954879932,2.6857088651406475,2.7095365759169,1.1717560575485602,1.1586831326850953,0.8123447938893934,0.8024851208135044
,-9.904,-0.098,-0.089,-9.94,-0.065,-0.053,2.59,1.33,0.84,-9.91406167630573,-9.908631490703465,-0.06880562434079275,-0.07471420421191995,-0.09087443301188876,-0.08792079367398904,-9.898598403607046,-9.90170878018125,-0.07701448053791306,-0.07481138525625332,-0.08555444980908912,-0.09100472691237496,2.682121916565985,2.7043089380093295,1.1658824470494338,1.1661752541793915,0.8112846365018179,0.8041257417115765
,-9.902,-0.077,-0.074,-9.876,-0.067,-0.108,2.73,1.19,0.77,-9.914399795136404,-9.908341478781011,-0.07069139240407145,-0.07481416786420858,-0.09328177274898554,-0.08731200202879252,-9.896893525991132,-9.900584469962373,-0.07732472077695639,-0.07446977354985299,-0.08358825678332932,-0.0917479733468733,2.6789070688047816,2.7054324733667547,1.1591658169408565,1.1672171707930699,0.8103845231742193,0.8026333363985834
30819.0,-9.904,-0.05,-0.091,-9.866,-0.06,-0.069,2.73,1.12,0.77,-9.914537994619723,-9.908151614893105,-0.07283318312647592,-0.073728981312923,-0.09554172263537827,-0.08747328754202932,-9.89510641358831,-9.899072003298494,-0.07758405358186224,-0.07383697362110353,-0.0817704280663458,-0.09075314672685048,2.6760953016568347,2.7065068736709135,1.1521060583493967,1.165152244053846,0.8096146959125374,0.8012061977583874
,-9.909,-0.069,-0.139,-9.883,-0.067,-0.103,2.66,1.05,0.84,-9.91447153089743,-9.90818871692745,-0.07510224862450238,-0.07352217095562438,-0.09755076344520418,-0.0897266814779993,-9.893323110358274,-9.898369133795589,-0.07781153200421698,-0.07353797540904511,-0.0802048034010552,-0.09128873270903282,2.673693352821144,2.7044730100279257,1.14519508755503,1.1601163441082416,0.8089248285292044,0.8029027492081966
,-9.919,-0.072,-0.096,-9.902,-0.091,-0.074,2.59,1.05,0.77,-9.914200844861316,-9.908661521780575,-0.07736276982742751,-0.07345560255571508,-0.09921680061889171,-0.0900010296217396,-9.891633877465486,-9.898527920791635,-0.0780231934430594,-0.07430163407162935,-0.07898281731800498,-0.0905326525403452,2.6716803896178103,2.6994668147105054,1.1388694838435942,1.1553006768508536,0.8082528445014825,0.8014638284619338
,-9.916,-0.086,-0.112,-9.923,-0.057,-0.067,2.59,1.05,0.84,-9.913733193014933,-9.908982452061784,-0.07948168440365795,-0.07400420089981487,-0.10046219470528463,-0.09096310044060642,-9.890127907739064,-9.89959814693761,-0.07823090459833852,-0.07354498969360537,-0.0781777757722082,-0.08950350990728946,2.670007040763395,2.6946795530225063,1.1334736231378888,1.1506956109471673,0.8075356019439808,0.8031491130670831
30895.0,-9.911,-0.065,-0.086,-9.895,-0.084,-0.055,2.8,1.26,0.84,-9.913084869616547,-9.909070684554653,-0.08133909865352133,-0.0736104243373678,-0.10122531105672454,-0.09074605145954451,-9.888888372866145,-9.899397058299666,-0.07844293177373969,-0.07400221383427125,-0.07784010759360463,-0.08799458383213601,2.668598149698074,2.699285483524017,1.1292376312542807,1.1554757693488402,0.8067201192326375,0.8047606958983667
,-9.943,-0.098,-0.089,-9.854,-0.103,-0.091,2.66,1.12,0.77,-9.91228306705544,-9.910554499648397,-0.0828382628708433,-0.07467704239385424,-0.10146094395632196,-0.09066969219687976,-9.887987581447007,-9.89741172970012,-0.0786655203617864,-0.07527036063396678,-0.07799401223786716,-0.08812601831038368,2.6673597350329037,2.697567429603599,1.1262708296215023,1.1539243239002344,0.805773462253269,0.8032405224269588
,-9.919,-0.132,-0.072,-9.883,-0.122,-0.101,2.66,1.19,0.84,-9.911366406196297,-9.910923842817613,-0.08391374422238565,-0.07718392084387984,-0.10114051843655543,-0.08985321916423304,-9.887482297361062,-9.896781468176265,-0.07890445651988616,-0.07731396638629134,-0.07863580838618484,-0.08868903021017902,2.666189053078023,2.6959245105423886,1.1245675925914946,1.155502004793917,0.8046894597095727,0.804848107694893
,-9.883,-0.096,-0.103,-9.887,-0.036,-0.101,2.66,1.12,0.84,-9.910383443242873,-9.909702662286728,-0.08453634897926221,-0.07800679574985638,-0.10025305958408018,-0.09042816126318819,-9.887409755346063,-9.89635369974273,-0.07916560736012641,-0.07550720176101715,-0.0797339379426343,-0.0892274201703947,2.6649858000965394,2.6943534405022627,1.1240207951346826,1.1539494120026994,0.8034909381156685,0.806385389178217
30971.0,-9.916,-0.081,-0.11,-9.899,-0.069,-0.048,2.59,1.19,0.84,-9.909388972867438,-9.909978060850674,-0.08471371530517899,-0.07813769616994226,-0.09880744026233909,-0.09128408745411853,-9.887785033439313,-9.896469429170596,-0.07945391763550033,-0.07522262530952377,-0.08123037750373575,-0.08742444043083861,2.6636629744779143,2.689789799648653,1.1244388102780194,1.1555259957299755,0.8022269168692301,0.8078554414398974
,-9.947,-0.057,-0.124,-9.88,-0.105,-0.043,2.73,1.05,0.77,-9.908438489200599,-9.911597124229596,-0.08448642960753547,-0.07721329105854348,-0.09683560502830733,-0.09271483735885477,-9.888600089180018,-9.89574917922544,-0.0797711065839375,-0.07652486549438628,-0.0830434521634216,-0.08548164687968074,2.6621567621162003,2.691548293783317,1.125564244303879,1.150911076059735,0.8009651436618956,0.8061999268899693
,-9.892,-0.06,-0.069,-9.909,-0.081,-0.096,2.66,1.05,0.7,-9.907581501286616,-9.910740092239879,-0.0839206994626519,-0.07646051014473985,-0.09439577251147195,-0.09167772732121077,-9.889824325642142,-9.896328671255024,-0.080112847232743,-0.07672057448641299,-0.08507248152503498,-0.0859416411623948,2.6604348983012427,2.690168606811059,1.1270949190506843,1.1464979785416138,0.799781610475848,0.8015555344993329
,-9.89,-0.091,-0.101,-9.871,-0.074,-0.079,2.73,1.05,0.77,-9.90685459099187,-9.909833075357657,-0.08309937463878025,-0.0770963589444991,-0.09157441551690715,-0.09208541396997527,-9.891406372174009,-9.895220984164395,-0.08046627322118696,-0.07660159685796371,-0.08720469020629922,-0.08563806557305793,2.6585023582923593,2.691910534746912,1.128709058821068,1.142277876980576,0.7987499144085205,0.8001755308721834
31046.0,-9.887,-0.081,-0.11,-9.883,-0.057,-0.12,2.59,1.12,0.84,-9.906275376519353,-9.908834527010672,-0.08211301746611233,-0.07726707507722043,-0.08848608111910418,-0.09286886429311393,-9.893276837444786,-9.894686529504007,-0.08080854878810582,-0.07574436926885461,-0.08932412436149001,-0.08714080019306747,2.6564028706557625,2.6874537283632822,1.1300964225505035,1.1413036088679875,0.7979335315629078,0.8019171560012666
,-9.892,-0.086,-0.069,-9.916,-0.057,-0.117,2.73,1.26,0.84,-9.905838798627705,-9.908098310410171,-0.08105199439379246,-0.07764898805255965,-0.08527050376576638,-0.09182501826663853,-9.89535190341675,-9.895618621672886,-0.0811072361647319,-0.07492463041828323,-0.09132138773810165,-0.08844661879798507,2.6542153087425153,2.6893143848253556,1.1309949089149103,1.1464945033621117,0.7973826911698229,0.8035826154423523
,-9.892,-0.101,-0.093,-9.902,-0.074,-0.084,2.66,1.05,0.77,-9.905516983875826,-9.90739429043049,-0.07999978148887134,-0.07867018708139435,-0.08208676979469352,-0.09187640320052097,-9.897537601824787,-9.895897695546212,-0.08132309414698317,-0.07488419398292415,-0.09310254446774438,-0.08825215687023986,2.652045287936729,2.688032392362591,1.1312288514448454,1.1422745537794952,0.7971353916015426,0.8021139624198345
,-9.916,-0.072,-0.105,-9.902,-0.089,-0.086,2.59,1.26,0.84,-9.90526321614371,-9.907770639955496,-0.07902729164416925,-0.07837848286810382,-0.0791045661213514,-0.09245033140271673,-9.89973448072573,-9.896164564810631,-0.08141539959815795,-0.07550151401292127,-0.09459583154518947,-0.08815366433322053,2.650013647407897,2.6837451869900635,1.1307426594543388,1.1474229863879024,0.7972207312538376,0.8037708150166446
31122.0,-9.899,-0.077,-0.067,-9.902,-0.115,-0.089,2.52,1.19,0.7,-9.905019543490653,-9.907387077606037,-0.07818811153850005,-0.07831819831301295,-0.07649287502718914,-0.09133732380499571,-9.901842344703137,-9.89641976320467,-0.08134894124849831,-0.07722888307175417,-0.0957556150769118,-0.0881906767403457,2.6482445519801785,2.676584194297028,1.1296229516421705,1.1492849872745972,0.7976627854808925,0.7992326538545114
,-9.931,-0.062,-0.067,-9.89,-0.122,-0.117,2.66,1.19,0.84,-9.904726659400557,-9.908419730643557,-0.07751489357837517,-0.07760456207715777,-0.07440688195619415,-0.09027299085488467,-9.903764966549954,-9.896139010663209,-0.08110095498600886,-0.07918683766617941,-0.09656375824675772,-0.08945058157874688,2.6468563542230936,2.675858925381563,1.1281038217610047,1.151065558135841,0.798484021756738,0.8010155133890637
,-9.887,-0.045,-0.06,-9.873,-0.057,-0.055,2.66,1.05,0.84,-9.904334183339909,-9.907482991448685,-0.07701748556212723,-0.07617868181108116,-0.07297432885785445,-0.08894907611703458,-9.905414963524843,-9.895127082988697,-0.080666007948931,-0.07821655093391215,-0.09702887297008277,-0.08794397019375878,2.6459574011922538,2.675165374316861,1.1265527249957763,1.1466457047243803,0.7997076392885488,0.8027204039503942
,-9.954,-0.096,-0.084,-9.907,-0.084,-0.134,2.73,1.05,0.77,-9.903809392470322,-9.90951729831572,-0.0766834049536182,-0.07704551837175391,-0.07228292528241244,-0.08873264045524311,-9.90671910278773,-9.895646315788914,-0.08005744136118276,-0.07846947584281536,-0.09718385213236144,-0.08995811729008071,2.645646462507331,2.677563431695281,1.1254380374754087,1.1424191427223682,0.8013579199825799,0.8012894576251373
31197.0,-9.919,-0.096,-0.045,-9.935,-0.079,-0.108,2.73,1.26,0.91,-9.903142765790076,-9.909932000932143,-0.07648084963627341,-0.07787444596917018,-0.07237050741782816,-0.08682010107314721,-9.907623946184318,-9.897367352298504,-0.07930513873096126,-0.07849267701094073,-0.0970818777849909,-0.09074713462017286,2.646014667426619,2.6798566159370916,1.1252825274056104,1.1475612520892657,0.8034572432735018,0.8060436456041071
,-9.885,-0.067,-0.065,-9.935,-0.079,-0.091,2.66,1.12,0.84,-9.902349342523824,-9.908841661241677,-0.07636378009425654,-0.07739887884223676,-0.07321938200178307,-0.08586585266305141,-9.90810105460633,-9.899013123512692,-0.07845043985382893,-0.078514863533088,-0.09679096339274769,-0.09075819306512962,2.647144695705386,2.678988235716288,1.126608555237352,1.1463559285713651,0.8060186260697055,0.8075286431797969
,-9.885,-0.067,-0.057,-9.921,-0.067,-0.112,2.59,1.05,0.77,-9.901465835493145,-9.907799004873695,-0.07627813739205515,-0.07694410947298781,-0.07475584162725027,-0.0846034756503402,-9.908150395594756,-9.899974665435007,-0.07753954948920935,-0.07801128932038916,-0.09638716656097708,-0.09168715120456314,2.649104341828043,2.675096554272429,1.129880867989724,1.142142039216119,0.809033854212233,0.8058874203473579
,-9.899,-0.105,-0.098,-9.921,-0.062,-0.05,2.66,1.05,0.77,-9.900544450703634,-9.907414202054358,-0.07616823072677932,-0.07817106478540707,-0.07685524843998816,-0.08518933966712995,-9.907800662563034,-9.900894156688192,-0.07661686789464357,-0.07731107499386763,-0.09594697181188423,-0.08986406625985899,2.651934615833857,2.674436343631603,1.1354526836686039,1.1381124339393052,0.8124593011299852,0.8043179723556138
31273.0,-9.892,-0.067,-0.067,-9.866,-0.074,-0.098,2.59,1.12,0.7,-9.89964499400496,-9.906740099869682,-0.07598257701792616,-0.07768252576467492,-0.07935236563000217,-0.08439387366998058,-9.907106033141098,-9.899368146637656,-0.07571953066100448,-0.07716627327924613,-0.09553979028682905,-0.09021987129532368,2.655635433609331,2.670743727983552,1.143520849211237,1.137320331224858,0.8162036652845459,0.7997558826140925
,-9.887,-0.084,-0.06,-9.88,-0.062,-0.117,2.59,1.19,0.77,-9.898826824999865,-9.905876815192281,-0.07567874303927492,-0.07795880494984786,-0.08205592100089996,-0.08332706765072233,-9.906140012644817,-9.898521128419292,-0.0748741450692703,-0.07650301364927084,-0.09522168170684281,-0.09139103430474013,2.6601532195347515,2.667212599791468,1.1540951069772252,1.1396241468673491,0.8201228588850089,0.7984545823322877
,-9.919,-0.053,-0.091,-9.933,-0.06,-0.077,2.73,1.19,0.84,-9.898141737490356,-9.90645072537703,-0.07522700046896323,-0.07686729305164709,-0.0847658914751789,-0.08366262446003891,-9.90498774262751,-9.900028976997879,-0.07409622320971947,-0.07578129496960871,-0.09503110993027922,-0.09076167784305846,2.6653740937937416,2.669958452187944,1.1669842005689137,1.141827210803575,0.8240261076416407,0.8002714689096359
,-9.902,-0.05,-0.129,-9.919,-0.093,-0.086,2.73,1.19,0.84,-9.897628290961206,-9.906256083858159,-0.07461287471572095,-0.07569231812407155,-0.08729166074253085,-0.08564534298099781,-9.903738103076636,-9.900858627991564,-0.07339219412812138,-0.07653431265014457,-0.094987029350726,-0.09055343758349711,2.671124389666679,2.6725842214887954,1.1817987415737305,1.143933929161408,0.8276941093320251,0.8020088984248033
31349.0,-9.885,-0.112,-0.096,-9.902,-0.077,-0.101,2.66,1.26,0.91,-9.897307754484538,-9.905326501352627,-0.07383877073401984,-0.07728014521929094,-0.08946891687615524,-0.08609817841765993,-9.902476334002776,-9.900908543086857,-0.07276324833611345,-0.07655467834009769,-0.09508921060583685,-0.09101029227649311,2.677178151271138,2.672033881538136,1.1979690878422533,1.149009793072052,0.8309062385122699,0.8067316234313086
,-9.885,-0.096,-0.127,-9.88,-0.098,-0.105,2.59,0.98,0.77,-9.89718174712845,-9.904437571849803,-0.07292462804009471,-0.07809881198906587,-0.09117310237330964,-0.08788691890443076,-9.90127742380048,-9.899994159421485,-0.07220978686892808,-0.07749253669507748,-0.09532050977911953,-0.09162209770801286,2.6832701728886295,2.6684463316560647,1.2147764660180422,1.1416185657908868,0.8334709992631598,0.8051252562956999
,-9.907,-0.057,-0.067,-9.899,-0.06,-0.091,2.66,1.19,0.91,-9.897231764732245,-9.904549633337515,-0.07190719433476524,-0.07717610738160402,-0.09232774345721714,-0.08697348091944905,-9.900200550455876,-9.899950682306317,-0.07173511116493357,-0.0767275436607252,-0.09565061522248404,-0.09159489179605097,2.6891133723885283,2.668076952131794,1.2313962839588635,1.1437344087247685,0.8352531072132321,0.8097116950616592
,-9.907,-0.062,-0.081,-9.892,-0.086,-0.089,2.8,1.33,0.98,-9.897420822535219,-9.904656794091903,-0.0708374718407192,-0.07651241768136882,-0.09290705874551874,-0.0867122454352039,-9.899285135222273,-9.899602978786312,-0.07134729938819494,-0.07713305171450432,-0.09604066288681908,-0.09148141059069581,2.694419739868556,2.6738462819007633,1.2469523617670306,1.1518802758650764,0.8361913808141648,0.8171588349122301
31425.0,-9.859,-0.077,-0.11,-9.885,-0.067,-0.105,2.66,1.4,0.84,-9.897697297554815,-9.902660106586826,-0.06977633370743899,-0.07653374089388672,-0.09293339831274855,-0.08773067805811716,-9.898549085215617,-9.898964353454431,-0.07105882634133577,-0.07668990764035134,-0.09644809560394917,-0.09207261282240507,2.698923539668444,2.6732407488445578,1.2605785664291373,1.1627311812516026,0.8363033056664034,0.8181577370436488
,-9.911,-0.081,-0.077,-9.923,-0.079,-0.112,2.73,1.33,0.77,-9.89800083987386,-9.903024831296543,-0.0687888495061211,-0.07672906174216314,-0.09247076626186913,-0.08726139826688788,-9.897989442821382,-9.900015493292182,-0.07088411598789852,-0.07679093384339135,-0.09683121675528722,-0.09294408804920798,2.7024041905322513,2.6757229749805296,1.2714810730923358,1.1700462713061437,0.8356746073469281,0.8160516769546666
,-9.883,-0.055,-0.098,-9.887,-0.067,-0.086,2.73,1.26,0.84,-9.898270007345797,-9.902149094591056,-0.06793811513734856,-0.07577879471311395,-0.09161580942745323,-0.08773102458053887,-9.897585159810237,-9.899446292730781,-0.0708356912803224,-0.07636275145220585,-0.09715296000719732,-0.09264040545129937,2.704705633226559,2.678096647066462,1.2789929742472108,1.1739801762088087,0.8344355205637631,0.817098997914082
,-9.904,-0.026,-0.072,-9.895,-0.029,-0.101,2.73,1.33,0.84,-9.898450950789657,-9.902230039383099,-0.0672794040715829,-0.07360184165720297,-0.09048748220262269,-0.087043066942541,-9.897301337780872,-9.899251845062782,-0.0709198944816162,-0.07429145810120254,-0.09738350449062476,-0.0930059917416837,2.705749538988262,2.6803665124465277,1.2826149064808385,1.1808033191583798,0.8327287649783993,0.8181005168693256
31500.0,-9.935,-0.105,-0.105,-9.919,-0.086,-0.103,2.73,1.26,0.84,-9.89850600822013,-9.903663152947182,-0.06685541238599042,-0.07497496282552893,-0.08921639367608356,-0.08782836920868699,-9.897094146122427,-9.900115482008733,-0.07113327928963142,-0.07480350236048497,-0.09750157471182092,-0.09344305509253678,2.705540887243524,2.682537110851486,1.2820395498337704,1.1842667910517792,0.8306761157176229,0.8190582368583078
,-9.909,-0.06,-0.069,-9.911,-0.062,-0.11,2.66,1.19,0.7,-9.898420686578751,-9.903896546816348,-0.06669317825124389,-0.07432006968733489,-0.08793464742573923,-0.08700495682751351,-9.896915711966075,-9.900591489610761,-0.07146060445674482,-0.07424357270066381,-0.09749450898567968,-0.09416713232302376,2.704165773782821,2.6815515057836596,1.2771617884819007,1.1845175188327939,0.8283506386644512,0.81385151793203
,-9.89,-0.05,-0.093,-9.871,-0.101,-0.084,2.66,1.19,0.7,-9.89820752985516,-9.903288815547787,-0.06680284794207841,-0.0732564913035886,-0.08676675376141754,-0.08726713528381962,-9.896718504681344,-9.899297378652303,-0.07187484037088221,-0.0754136991874589,-0.0973573789513715,-0.09372249781734684,2.7017826606955313,2.6806090037274,1.268078548552414,1.1847572816514742,0.8257609570145953,0.8088725020416163
,-9.899,-0.067,-0.093,-9.878,-0.055,-0.077,2.73,1.33,0.77,-9.897905911625893,-9.903101254756756,-0.06717805474252568,-0.07298287905682524,-0.08582195397640464,-0.08751784801069336,-9.896459090918702,-9.898365990220597,-0.07233897920136691,-0.07452095630196516,-0.09709162866206554,-0.0929911805378558,2.698609290237579,2.682768997373084,1.2550825781660255,1.191109114422434,0.8228524830909574,0.8071725088497742
31576.0,-9.914,-0.091,-0.067,-9.904,-0.079,-0.084,2.66,1.19,0.84,-9.897577622341615,-9.903577884552627,-0.06779746913230493,-0.07377081349200008,-0.08518809320346524,-0.08662055043277854,-9.896101488459006,-9.898612379770142,-0.07280909367043525,-0.0747168362528999,-0.09670386236337329,-0.0925979733888893,2.6949076383379684,2.6817732513190258,1.2386529002472109,1.1910606100332621,0.819527550179928,0.8086081383701199
,-9.885,-0.093,-0.112,-9.892,-0.062,-0.101,2.73,1.26,0.91,-9.897298847371268,-9.902765426501317,-0.068626987807546,-0.0746117546311443,-0.08492703682764281,-0.08773045818790035,-9.89562040211984,-9.898323203617316,-0.07323813493562538,-0.07416069672196472,-0.096205353382671,-0.0929654153410763,2.690968559635748,2.6838823294620937,1.2194421564877642,1.194075504558645,0.815681615903941,0.8130422618616941
,-9.897,-0.048,-0.089,-9.916,-0.091,-0.124,2.66,1.19,0.91,-9.897149561204209,-9.90251328976492,-0.06962202532308182,-0.07344795504737976,-0.08507156484050765,-0.08778597847406608,-9.895004265738931,-9.89909625479555,-0.07358016618660866,-0.07489712220076149,-0.0956124212918519,-0.09432263650927733,2.6870967889058277,2.6828378945695976,1.1982589147036806,1.193897272398657,0.8112477568290051,0.8172824698769918
,-9.931,-0.048,-0.057,-9.914,-0.05,-0.103,2.66,1.19,0.84,-9.897201598885161,-9.903759085916805,-0.07072963388779122,-0.07233505137370998,-0.0856237278822427,-0.08643962948541385,-9.894257543118636,-9.89974803340639,-0.07379483709671159,-0.07380830784575948,-0.0949472202790368,-0.09470211964215042,2.683596312624086,2.6818391354662405,1.1760420505885236,1.1937268347834662,0.8062388976845201,0.8182759651375551
31651.0,-9.864,-0.062,-0.101,-9.871,-0.072,-0.074,2.73,1.33,0.77,-9.897506851776894,-9.902020320161514,-0.07189066515618543,-0.07188307334168528,-0.0865548154680686,-0.08707639144941082,-9.89340158371137,-9.898490808928855,-0.07385187066367886,-0.07372922595328817,-0.09423814327829144,-0.0937967633980198,2.680755866194157,2.6839453323283045,1.1538243758937488,1.1996864062268189,0.8007778579432664,0.8161647346339052
,-9.866,-0.093,-0.067,-9.885,-0.086,-0.098,2.73,1.26,0.91,-9.898087228255694,-9.90044506012353,-0.07304246221257284,-0.07280657014961735,-0.08780726590881015,-0.08619839988755515,-9.892473623134936,-9.897900821608076,-0.07373522018605028,-0.0742658580516211,-0.09351922636250684,-0.09398058160450978,2.6788341813279355,2.685959419855025,1.1326835388366165,1.202324072788137,0.7951086032710369,0.8202683889884996
,-9.88,-0.091,-0.077,-9.911,-0.081,-0.117,2.66,0.84,0.77,-9.898928146641277,-9.899550945744693,-0.07412231357097927,-0.07360221502086327,-0.08929883829342446,-0.08579613051040148,-9.891524023236027,-9.898473681931323,-0.07344637421373226,-0.07456035917359383,-0.09282841875023908,-0.0949872792055699,2.6780445993306126,2.684824148526967,1.1136803275767588,1.1864787213281016,0.7895861625370436,0.8180700247320946
,-9.914,-0.038,-0.103,-9.89,-0.093,-0.077,2.66,1.19,0.84,-9.899977106949672,-9.900182839566096,-0.07507137381527955,-0.07204523978203833,-0.09092907209949966,-0.08654849939507857,-9.890612189760654,-9.898103106310087,-0.07300609945858026,-0.07536677147582602,-0.0922049684854338,-0.09420064982533355,2.678539156424716,2.683738525495963,1.0977881552031739,1.186632715783164,0.7846461367111904,0.819029078219642
31727.0,-9.866,-0.112,-0.127,-9.856,-0.072,-0.069,2.66,1.05,0.77,-9.901148085151002,-9.898687937218982,-0.07583846107558533,-0.07379256287123655,-0.09258758150401691,-0.08831754620237037,-9.889801661080268,-9.896261830592719,-0.07245391157187343,-0.07521953401266336,-0.09168635758960138,-0.09309856143680635,2.6803933515641027,2.682700379515951,1.0858213416336946,1.180657420280816,0.7807574881136882,0.8168849121691404
,-9.926,-0.084,-0.065,-9.911,-0.06,-0.101,2.66,0.98,0.77,-9.902331309022872,-9.899882363055868,-0.07638321702017699,-0.07423896000838191,-0.09416330099984212,-0.08729781071552013,-9.889154793601948,-9.896906368153635,-0.07184490459307977,-0.07455394515561375,-0.09130533385387272,-0.09344411140291885,2.68359389677722,2.681707634294971,1.0783715393604354,1.1718821619245414,0.7783647477554169,0.8148345159429771
,-9.909,-0.067,-0.086,-9.911,-0.079,-0.093,2.73,0.98,0.63,-9.903406882445335,-9.90028110046449,-0.07667834722393536,-0.0739223819111683,-0.09555366934699865,-0.08724105415844742,-9.888727386801543,-9.897522718450858,-0.07124414878081863,-0.07474838242023649,-0.09108760424526036,-0.09342468928389566,2.6880320406189697,2.6838195820370694,1.0757605808446198,1.1634906678921157,0.7778278381447878,0.8067512333597231
,-9.919,-0.057,-0.115,-9.89,-0.072,-0.084,2.59,1.05,0.7,-9.904260017548776,-9.901099725458968,-0.07671093279396281,-0.07318232319285013,-0.09667294416172162,-0.08845502332597961,-9.888563469166035,-9.897193730876637,-0.07071939445364088,-0.07462818868025087,-0.09105054476713251,-0.09301252369700605,2.6935044577128195,2.679716613554265,1.078015308221787,1.1585274328899626,0.7793687695370584,0.8020827309376769
31803.0,-9.923,-0.069,-0.093,-9.864,-0.067,-0.089,2.73,1.19,0.77,-9.904795381602556,-9.902057480058334,-0.07648311162759716,-0.07299941958282995,-0.09745907840130835,-0.08865378669332459,-9.888690436534251,-9.89574208476336,-0.07033309482713625,-0.07429458862516229,-0.09120293345568398,-0.0928370458499739,2.699722702263562,2.681915633687546,1.084866456229531,1.159903808142566,0.783033728008292,0.8006796716719943
,-9.926,-0.069,-0.117,-9.899,-0.062,-0.091,2.73,1.26,0.91,-9.904948293056352,-9.903104547233294,-0.07601257578658137,-0.07282451481197542,-0.09787860902001633,-0.08989343855788078,-9.889114984031773,-9.895884561666852,-0.07013482225776115,-0.0737569150548606,-0.09154544596245848,-0.09275670717162708,2.706331161640273,2.684018485088202,1.095769768506952,1.164281268705943,0.7886761475933228,0.8054605271386323
,-9.923,-0.084,-0.105,-9.864,-0.062,-0.115,2.73,1.05,0.7,-9.904691177143329,-9.903974625887244,-0.07533307843252113,-0.0733132471481352,-0.09792895262531362,-0.09055408683764044,-9.88982064503752,-9.894490168846435,-0.07015513489796239,-0.07324275531466862,-0.09207151098542156,-0.09372946283144808,2.71293233395855,2.6860293734590344,1.1099446131400261,1.1592834587232668,0.7959621468356811,0.8008484705760827
,-9.897,-0.103,-0.115,-9.861,-0.053,-0.101,2.66,0.91,0.77,-9.904034695940794,-9.903669607792159,-0.07449457548844068,-0.07461152420995235,-0.09763766946303844,-0.09162316867600229,-9.890767850306595,-9.893025558748231,-0.07040186773572964,-0.07235748823867176,-0.0927680483391106,-0.0940474218780343,2.7191173029940554,2.6848910428822967,1.1264252244164017,1.1483816602690606,0.8043961878316611,0.7994993886491735
31879.0,-9.852,-0.086,-0.05,-9.909,-0.038,-0.079,2.73,1.19,0.84,-9.903024117921479,-9.901409964680486,-0.07356213455878777,-0.07510957116581367,-0.09705872013382617,-0.08980288184969129,-9.891897053651807,-9.893724161615173,-0.07085956413561799,-0.0708549480617619,-0.0936156763914731,-0.09338935992153742,2.7244988878953307,2.686863772085812,1.1441220353689412,1.1502017359133458,0.8133631703988864,0.801270583194051
,-9.907,-0.065,-0.11,-9.921,-0.108,-0.079,2.73,1.12,0.84,-9.901732470802425,-9.901654431115272,-0.0726126986514924,-0.07466745395566013,-0.09626631979092601,-0.09068615309664108,-9.893134732036154,-9.894917003267258,-0.07149223414986543,-0.07247939547546388,-0.09458827732509464,-0.09276007668488362,2.728744977450133,2.6887502288334986,1.1618924782693416,1.1488809373349693,0.8221826682627187,0.8029643189053166
,-9.892,-0.074,-0.093,-9.897,-0.089,-0.12,2.8,1.19,0.84,-9.90025239722534,-9.901232218334899,-0.07172928831671477,-0.07463826449985213,-0.09534738040865053,-0.09078734349540842,-9.89440124046777,-9.895008098002053,-0.07224885211757966,-0.07320188344875567,-0.09565221453466732,-0.09395134767979987,2.731609415794264,2.6936154637333405,1.1786196126625563,1.150679178325751,0.8301704098572762,0.8045839832543928
,-9.907,-0.072,-0.093,-9.883,-0.089,-0.093,2.66,1.26,0.77,-9.898688205294546,-9.901484458068586,-0.07099300528035044,-0.07452288649605844,-0.09439349096522766,-0.09088410858116656,-9.895619011825403,-9.894482953393954,-0.07307025867378567,-0.07389277518894496,-0.09676571423231296,-0.0939097428307731,2.7329573562762546,2.6921453741716728,1.1932936177201667,1.1554600553676726,0.8367013676524928,0.8030715378754896
31955.0,-9.916,-0.091,-0.124,-9.89,-0.074,-0.072,2.8,1.26,0.91,-9.897148708559635,-9.902119259564843,-0.07047386626306232,-0.07524347249661799,-0.09349302475050156,-0.09233235057736044,-9.896719703210833,-9.894286902462092,-0.07389586441482286,-0.0738974644021218,-0.09787887326895602,-0.09295157415906137,2.732781781614132,2.696862130747325,1.2050881319697522,1.1600318525203295,0.8412685369421822,0.8077477909613139
,-9.897,-0.045,-0.077,-9.947,-0.079,-0.115,2.8,1.26,0.91,-9.895740702791976,-9.90189538134887,-0.0702218752674026,-0.07392084867150703,-0.09272365948656583,-0.09166182796555261,-9.897649370063217,-9.896592180029238,-0.07466899700801406,-0.07412061123656634,-0.09893463160708856,-0.09391580779085344,2.7312082611609516,2.7013726115844716,1.2134223444976489,1.1644037133780272,0.8435316084103627,0.8122195396290608
,-9.895,-0.024,-0.072,-9.885,-0.043,-0.086,2.73,1.33,0.91,-9.894562712262593,-9.901593828818609,-0.0702599443519346,-0.07173768323539259,-0.09214561417970936,-0.09080196631721243,-9.898371164981791,-9.896085224569894,-0.07534061075004439,-0.07275962790774716,-0.09987095866056624,-0.09356962942193921,2.7284858522170876,2.7026245599502987,1.2180008074405886,1.171645659356969,0.8433499829800871,0.8164957273760659
,-9.878,-0.048,-0.084,-9.911,-0.067,-0.098,2.8,1.12,0.84,-9.893698906180996,-9.900562010791608,-0.07058031986712053,-0.0706995740895735,-0.09179616447372556,-0.09050449906341897,-9.898865363432355,-9.896737485560502,-0.07587184185513549,-0.07250774475856804,-0.10062434198740977,-0.09376338077378113,2.7249633537940023,2.706883035130515,1.2188256634095833,1.16938706357116,0.84079538400162,0.8175236288833347
32030.0,-9.897,-0.086,-0.112,-9.887,-0.065,-0.093,2.73,1.4,0.91,-9.89321351956077,-9.900406235017552,-0.07114577808910405,-0.07136870055465579,-0.0916861617714984,-0.09144455188554765,-9.899126982027132,-9.896311640598405,-0.0762361467975793,-0.07217941202192067,-0.10113437953556384,-0.09372999619470716,2.7210521521690683,2.7078939986865036,1.2161796512538878,1.1794723526904467,0.8361413879368266,0.8215678553428586
,-9.904,-0.079,-0.091,-9.864,-0.091,-0.141,2.66,1.19,0.84,-9.893146383948384,-9.90056339948298,-0.07189579636047595,-0.07170243665139854,-0.09179910258259155,-0.09142511050310094,-9.899161897784394,-9.894898570532174,-0.07642141288216908,-0.07300248411012708,-0.10134895229432286,-0.09579723345567173,2.7171795709208615,2.7057994725453773,1.210582056042246,1.1799327534316493,0.8298303736979397,0.8223739398185799
,-9.873,-0.096,-0.055,-9.892,-0.122,-0.101,2.59,1.12,0.77,-9.893510167811606,-9.8993579820541,-0.0727565140820047,-0.07276503077581983,-0.09209290262527854,-0.08983214795592359,-9.898982835369644,-9.894771808684801,-0.07643170369801248,-0.07514526985982714,-0.10122920676480836,-0.09602476364384005,2.7137392859030802,2.7007352676548533,1.2027231941499763,1.1773117419852268,0.8224217998764433,0.82008349447945
,-9.883,-0.072,-0.105,-9.923,-0.086,-0.089,2.66,1.12,0.84,-9.894289771063537,-9.898642605974256,-0.07365229104945932,-0.0727315740379682,-0.09250423063375496,-0.0904954766292926,-9.89860650898435,-9.896006299148072,-0.07628768574744706,-0.07561997476351001,-0.10075355353607346,-0.09571755289738376,2.711046974272689,2.6989538109941273,1.1933859456846108,1.1748053540227748,0.8145286119718367,0.8209544938237673
32106.0,-9.885,-0.077,-0.115,-9.887,-0.043,-0.098,2.66,1.19,0.7,-9.895444133891159,-9.898045980183346,-0.07451647965710004,-0.07291824314065595,-0.09295507390885087,-0.09156712164084709,-9.898052590554896,-9.895612430823903,-0.076024777603742,-0.07419342046153424,-0.09992020955268828,-0.09581737010315645,2.7093088956445484,2.6972502619553897,1.1833648179029184,1.1754698544628566,0.8067505368974257,0.8156648467667555
,-9.921,-0.108,-0.081,-9.859,-0.098,-0.067,2.73,1.12,0.7,-9.896910435845635,-9.89904981773854,-0.07529949088278488,-0.07445245742289841,-0.0933609551940081,-0.0911049945869318,-9.897344400516051,-9.894011276283585,-0.07568877418540616,-0.07523454261757948,-0.0987483191314584,-0.09455711335586207,2.708608209581541,2.698682491135051,1.173393121457687,1.1730440169173757,0.799613669635332,0.8106065294032773
,-9.885,-0.096,-0.096,-9.943,-0.057,-0.124,2.73,0.98,0.77,-9.898610202630115,-9.898435383543474,-0.07597294583219402,-0.07539478615807438,-0.09363995141220001,-0.09131906559958074,-9.896510665443856,-9.89615367752922,-0.07532966829614819,-0.07443709978065959,-0.097277977428761,-0.09584472552936274,2.7089094981656188,2.7000520852969827,1.1640868231035009,1.164601712016753,0.7935247910541393,0.8088307027930939
,-9.911,-0.062,-0.081,-9.916,-0.045,-0.101,2.8,1.19,0.77,-9.900456369001432,-9.898984866116304,-0.07652947665145171,-0.07480899815681503,-0.09372161424541438,-0.09086778666603848,-9.895587383577029,-9.897021607590611,-0.0749950076505313,-0.07314974068138873,-0.09556931585690072,-0.09607017876859027,2.7100779717688757,2.7044230613239963,1.1559103171524974,1.1657124436236288,0.788746192191729,0.8071325375884967
32182.0,-9.926,-0.062,-0.081,-9.892,-0.069,-0.103,2.66,1.19,0.77,-9.902360124205881,-9.900166306498758,-0.07697862293828267,-0.07424882815186933,-0.09355503009133384,-0.09043624330582829,-9.894618671850425,-9.89680199994336,-0.07472415554021274,-0.07296826198730522,-0.0937003866154713,-0.09637323744234036,2.7119075998201696,2.7024803280846816,1.1491653925796517,1.166774600117752,0.7853928183615201,0.8055086374590765
,-9.919,-0.062,-0.146,-9.902,-0.103,-0.098,2.73,1.12,0.77,-9.90423647260423,-9.90098995172476,-0.07734017796432383,-0.07371315580322735,-0.09311530011519586,-0.09286618743425462,-9.893655597994346,-9.897029321680922,-0.07454438562073801,-0.07428162612594777,-0.09176332666974547,-0.09644437989851168,2.7141522814501475,2.7036838331960245,1.1440003094929123,1.1647290281176221,0.7834493355392859,0.8039557546045745
,-9.911,-0.065,-0.093,-9.89,-0.077,-0.096,2.73,1.33,0.84,-9.906007836142287,-9.901427716546271,-0.07763689879331641,-0.0733321073816699,-0.0924075808576129,-0.09287203939743689,-9.892752611458441,-9.896721911599933,-0.07446903739422775,-0.07440050751603228,-0.08985844422054426,-0.09642494603749464,2.7165554618641035,2.7048347059737594,1.140432066584219,1.1719567472571926,0.782801383499555,0.8055320609537698
,-9.854,-0.065,-0.077,-9.859,-0.077,-0.091,2.73,1.26,0.91,-9.907605681491377,-9.89935358210679,-0.07788839533108113,-0.07296772317487579,-0.09146778335232146,-0.092177914823531,-9.891962029518636,-9.89507223664887,-0.07449730917592803,-0.07451418992114886,-0.0880863624462747,-0.09618769937608915,2.7188751217851412,2.705935248163442,1.1383731604686853,1.175807102196789,0.7832732931458294,0.810100709119361
32258.0,-9.907,-0.077,-0.098,-9.928,-0.086,-0.081,2.8,1.12,0.84,-9.90897089810238,-9.899687979371636,-0.07810733549108964,-0.07314406487634371,-0.09035939377647796,-0.09243252938761864,-9.891327641513422,-9.8965122513271,-0.07461504871388515,-0.07501649355254195,-0.08653892719458754,-0.09552350272850893,2.720902088368604,2.7100489385439395,1.1376553216235903,1.1733665159518025,0.7846640352803267,0.8114082810087028
,-9.919,-0.098,-0.112,-9.868,-0.041,-0.069,2.73,0.98,0.77,-9.910054039066598,-9.900532543057137,-0.0782981868970861,-0.07423107801591082,-0.08916655846326166,-0.09328826454937919,-9.890878648475356,-9.895265338198426,-0.07479618270002886,-0.07352886593886906,-0.08529006217431234,-0.09436356262447344,2.7224703689110896,2.710921449107037,1.1380466724458314,1.164910107349743,0.7867744812717403,0.8095973917655735
,-9.923,-0.089,-0.077,-9.904,-0.069,-0.077,2.66,1.05,0.77,-9.910816230202531,-9.901515101982724,-0.0784578967799146,-0.07487696046507554,-0.0879841886255769,-0.09257593739299434,-9.890624989119262,-9.895647327131885,-0.07500486825461296,-0.07333080713486924,-0.08438803737229668,-0.09360420995362842,2.7234593459581737,2.70869452487386,1.1392639700818092,1.1598847966568713,0.7894222630072384,0.8078656973059755
,-9.919,-0.091,-0.091,-9.854,-0.081,-0.043,2.73,1.19,0.84,-9.911230800070221,-9.902279760958306,-0.07857745471868624,-0.07558206191215579,-0.086906234996831,-0.09250701765029315,-9.890554888689914,-9.893825983794972,-0.07519864723494891,-0.07366620040705144,-0.08385059801660519,-0.0913911593939392,2.723789339079128,2.7096262673849187,1.140985264438809,1.1612018109462898,0.7924445723434387,0.8092710119354777
32333.0,-9.907,-0.084,-0.062,-9.876,-0.091,-0.084,2.66,1.05,0.7,-9.911285119786353,-9.902486188993892,-0.0786433440339702,-0.07595019971361151,-0.0860136083937735,-0.09117286832660453,-9.890635321627851,-9.893046408272488,-0.07533266288754156,-0.07442425146497464,-0.08366398711340862,-0.09106792523123815,2.723413547858015,2.707455984736259,1.1428682100047034,1.1563386734686243,0.7956924793327556,0.8044923131998742
,-9.897,-0.067,-0.06,-9.871,-0.06,-0.122,2.73,1.26,0.77,-9.910982118813099,-9.902246264022539,-0.07863840852624378,-0.07555878476011874,-0.0853634988222861,-0.08980959966258373,-9.890815821074924,-9.892082262874085,-0.07536451661887068,-0.07379344233255439,-0.08378607975453484,-0.0924206633817218,2.7223098259713967,2.7084418917515607,1.1445759857191868,1.160872046421361,0.7990218935389306,0.8029838767851588
,-9.914,-0.045,-0.093,-9.923,-0.117,-0.101,2.73,1.12,0.77,-9.910341254321484,-9.902760284733606,-0.07854235611790626,-0.07422237152930701,-0.08498183726715627,-0.08994912396814687,-9.891035444056786,-9.893434374003052,-0.0752589714865055,-0.07568297477888258,-0.08415283663128008,-0.09279585955062239,2.72047485521189,2.709384682550365,1.1458089224114711,1.159084608077964,0.8022863044857884,0.8015414081240138
,-9.904,-0.072,-0.096,-9.909,-0.067,-0.069,2.73,1.05,0.77,-9.909398941956674,-9.902814500629214,-0.07833260730987052,-0.07412518158085653,-0.08486017725923563,-0.0902137441371244,-9.891231753685554,-9.894115098341127,-0.0749917061942526,-0.07530324625013404,-0.08468654631283869,-0.09175520620685815,2.7179217014284243,2.7102862427142704,1.1463375522250139,1.1543140612562344,0.805335249935537,0.8001620222791167
32409.0,-9.921,-0.101,-0.041,-9.94,-0.048,-0.072,2.73,1.33,0.84,-9.908208408300643,-9.903609798680456,-0.0779861686470448,-0.07530048561185577,-0.0849574903086246,-0.0880615021772782,-9.891349854212075,-9.896121761569157,-0.07455167241115751,-0.07410920598252466,-0.0853042872871782,-0.09089126089098569,2.7146803180267147,2.7111483753636043,1.1460321083635772,1.1619972533349705,0.8080203192353627,0.8019042381732662
,-9.904,-0.074,-0.096,-9.883,-0.065,-0.103,2.66,1.12,0.84,-9.906838711830188,-9.903626863174683,-0.07748265344965363,-0.0752436120747761,-0.08520660617677223,-0.08840867283888452,-9.891349377217098,-9.895547913626242,-0.07394211922209724,-0.07371083728125605,-0.08592558474612806,-0.0914208067901686,2.710799872922624,2.708911527069177,1.1448837002559247,1.1601606068369117,0.8102079818787942,0.8035702625437622
,-9.921,-0.093,-0.089,-9.866,-0.086,-0.096,2.73,1.19,0.77,-9.90537252836486,-9.904386634549635,-0.0768078633204533,-0.0760201439932071,-0.08552444541255433,-0.08843453307671978,-9.89120809579158,-9.894255708356203,-0.07318072016360438,-0.07424827356289646,-0.08647878114039231,-0.09162106653348302,2.7063517836630266,2.7098337795233762,1.1430129546239796,1.161465559247015,0.8117964900356355,0.8021021497448574
,-9.916,-0.081,-0.098,-9.859,-0.057,-0.093,2.73,1.19,0.84,-9.903902349662065,-9.904894516501223,-0.07595697932750618,-0.07623792573771222,-0.08582467656416595,-0.08885285522714269,-9.890922162850906,-9.892713886733429,-0.07229918906454487,-0.07349396277537464,-0.086905838911425,-0.09168137079438633,2.7014325603160114,2.7107156995366224,1.1406631738904012,1.1627134427756123,0.8127330978070958,0.8037595189399306
32484.0,-9.873,-0.074,-0.101,-9.909,-0.117,-0.062,2.66,1.12,0.91,-9.902525010197872,-9.903499688330628,-0.07493656353693194,-0.07614005556424394,-0.08603095788086572,-0.08938408070349795,-9.890504038471642,-9.893426119808755,-0.07134234964247127,-0.07539659222296498,-0.08716535552606389,-0.09038332910360503,2.6961655624420686,2.7084977732544533,1.1381773347787232,1.1608454754952726,0.8130277942079206,0.808405684867372
,-9.907,-0.057,-0.089,-9.914,-0.067,-0.091,2.73,1.19,0.77,-9.901334850187599,-9.903652765845445,-0.07376503550619332,-0.07530301234752841,-0.08608872259466765,-0.08936728387934792,-9.889979384155946,-9.894325867816162,-0.07036623033764769,-0.07502938793036674,-0.08723376965523978,-0.09041029768731894,2.6907006607644948,2.7094381202132816,1.135961040698465,1.1621204768604116,0.8127602522969642,0.8067261067755715
,-9.914,-0.072,-0.093,-9.866,-0.065,-0.098,2.73,1.12,0.91,-9.900416157811987,-9.904105276661403,-0.0724717548162261,-0.0751585632328983,-0.0859737102444828,-0.08952615177692735,-9.889383684618934,-9.893087105711553,-0.06943476198376998,-0.07459077733664386,-0.08710497317926806,-0.09074221463585633,2.6852108782290744,2.710337343412536,1.1344361102124039,1.1602784414847833,0.8120776530396254,0.8112425362862988
,-9.899,-0.086,-0.101,-9.887,-0.041,-0.11,2.66,0.91,0.77,-9.89983563509715,-9.903882009953293,-0.07109507948184975,-0.07563268678363164,-0.08569602229059774,-0.09002793228600216,-9.888758795267751,-9.892820901126713,-0.06861510955137318,-0.0731217673737697,-0.08678857891579757,-0.09158440647557771,2.6798855025511648,2.7081359636041276,1.133991475973152,1.1493331299086595,0.8111826542253966,0.8094388954806221
32560.0,-9.892,-0.062,-0.11,-9.899,-0.057,-0.069,2.66,1.12,0.77,-9.899635551755722,-9.90336237949564,-0.06967971966455046,-0.07503649478410768,-0.08529916441017622,-0.09090136150608318,-9.888149461035258,-9.89309112880604,-0.06797226101074878,-0.07241672156152612,-0.08630699433234747,-0.09059673305004995,2.6749199166991255,2.7060308557229273,1.1349391067359254,1.148050317675818,0.8103129031200327,0.8077141324659066
,-9.885,-0.079,-0.062,-9.895,-0.096,-0.086,2.59,1.19,0.77,-9.89982821256149,-9.902559346027529,-0.06827352803130915,-0.07520982892852766,-0.08485423411153552,-0.08963743160152725,-9.887599952669014,-9.893174608589007,-0.06756375706618192,-0.07344807819362051,-0.08569152064662466,-0.09039570624499801,2.6705033771093913,2.700956531858685,1.1374819021165599,1.1498848837728166,0.8097154678569876,0.8060647977161229
,-9.916,-0.077,-0.072,-9.868,-0.079,-0.067,2.66,1.05,0.77,-9.9003924185946,-9.903147139944746,-0.0669238030299571,-0.07528811765381933,-0.08445014020648667,-0.08886610194510126,-9.887151021558008,-9.89207365904985,-0.06743517352194374,-0.0736908778277264,-0.08497802117231028,-0.08937255262107496,2.666806658499533,2.6991653987526476,1.1416974334689693,1.145516664248384,0.8096205872989337,0.8044875925617715
,-9.907,-0.074,-0.084,-9.876,-0.053,-0.081,2.73,1.26,0.84,-9.901272580965992,-9.903315635295419,-0.0656733265344773,-0.07523178499894057,-0.08418140912702793,-0.08865329495447777,-9.8868373761393,-9.891370717136732,-0.06761648837845777,-0.07278601321667781,-0.08420300149115091,-0.08900639964129173,2.663971161054292,2.700513874138604,1.1475370689358915,1.1505233111359132,0.8102187216004808,0.8060406402870319
32636.0,-9.868,-0.029,-0.081,-9.895,-0.06,-0.072,2.73,1.26,0.84,-9.902380982365877,-9.901771192915469,-0.06455666327382518,-0.07320995168188862,-0.08413547512120774,-0.08831859693828516,-9.886685887749723,-9.891529434889252,-0.06811928473319252,-0.0722268484015114,-0.08340090811297089,-0.08826266661435686,2.6620997144444627,2.701803377272838,1.1548365079681298,1.1553110046457142,0.8116432451321115,0.8075257692928665
,-9.89,-0.031,-0.072,-9.899,-0.057,-0.091,2.66,1.12,0.84,-9.903603500719733,-9.901256408768187,-0.06359759435711441,-0.07136400334518585,-0.08438121642952752,-0.08760494326953491,-9.886714623298374,-9.891856141665519,-0.06893494943862641,-0.07156093966766995,-0.08260305324056433,-0.08838237715201182,2.6612479829052367,2.699975209467129,1.163332402723067,1.15376676477583,0.8139592283922016,0.8089459498372866
,-9.892,-0.062,-0.086,-9.897,-0.093,-0.091,2.66,1.19,0.77,-9.904808905305886,-9.900851602515429,-0.06280867780377751,-0.07095449170844682,-0.08496006013047361,-0.08753475502622139,-9.886932535660927,-9.892081095648132,-0.07003424369165716,-0.07249852419890068,-0.08183801141816298,-0.0884968524439708,2.6614153959603075,2.6982269920803548,1.1726806681365678,1.1553513361299859,0.8171576802276396,0.8072427445868932
,-9.911,-0.081,-0.074,-9.859,-0.05,-0.077,2.66,1.12,0.84,-9.905861373386037,-9.901295417699062,-0.062193499824412336,-0.07139380728648581,-0.08588049962909321,-0.08694284583104804,-9.887339447770144,-9.890634375359319,-0.07136852925189034,-0.07151460662334354,-0.08113285252951963,-0.08799406590192008,2.6625361419840514,2.696555228677741,1.1824745631565314,1.1538053324619133,0.8211547221407373,0.8086753025201617
32712.0,-9.935,-0.065,-0.091,-9.914,-0.077,-0.091,2.59,1.12,0.77,-9.906635061728421,-9.902769404641917,-0.061751214144910326,-0.07111418986321473,-0.08711643927048986,-0.0871202754819125,-9.887926046457254,-9.891656213438324,-0.0728726349429387,-0.07175449680033572,-0.08051434774187152,-0.08812552303057085,2.66447289139671,2.691895298037994,1.1922632119922785,1.1523269394587645,0.8257958626631811,0.8069839333639823
,-9.914,-0.086,-0.079,-9.887,-0.091,-0.115,2.59,1.19,0.77,-9.907028719023565,-9.903260547085711,-0.061481982966842603,-0.07176518412801657,-0.08860937093502584,-0.08676515522182852,-9.888673847829095,-9.891452585404902,-0.07446910592589047,-0.07259615150982622,-0.08000935189118158,-0.08930081212910732,2.667017242342893,2.6874391579943233,1.2015723728243293,1.1539744780290215,0.8308659047391436,0.8053665320745309
,-9.919,-0.067,-0.101,-9.88,-0.081,-0.062,2.59,1.33,0.91,-9.906977919275322,-9.90394887331614,-0.06139151422615859,-0.07155679052971332,-0.09027400024630763,-0.08738768111902738,-9.889555280159014,-9.890951734772841,-0.07607348110580928,-0.07296367313740948,-0.07964387478111873,-0.08810687831178943,2.669900688910207,2.683177896266641,1.2099284103261259,1.1616725209443133,0.8361045094294768,0.8099424192382051
,-9.945,-0.065,-0.096,-9.885,-0.034,-0.055,2.66,1.19,0.91,-9.906462758399469,-9.90574414329401,-0.06149317746697397,-0.07127004543548413,-0.09200662127476991,-0.08776431968600083,-9.890534119803151,-9.89069145030279,-0.07760026313346412,-0.07125969280211113,-0.07944086226122882,-0.08665903048164629,2.6728179940491192,2.6821642680259807,1.2168843842179065,1.162911353512517,0.8412261422934877,0.8143181912403558
32788.0,-9.914,-0.079,-0.065,-9.885,-0.084,-0.077,2.8,1.33,0.84,-9.905509666794137,-9.906105192865194,-0.06180691103846615,-0.07160809597102356,-0.09369533677594932,-0.0867687781990729,-9.89156657741882,-9.890442548733343,-0.07896934669901916,-0.0718168587770515,-0.07941730748027422,-0.08623661655930563,2.675461433320084,2.687317523710349,1.222045523062649,1.1702185641767224,0.8459417672096925,0.8154413219304988
,-9.88,-0.062,-0.103,-9.883,-0.091,-0.084,2.73,1.12,0.84,-9.904187113558198,-9.904963546513358,-0.06235497837955292,-0.07118790954412932,-0.09523113428024942,-0.08747861073126534,-9.892603300122278,-9.890117067184379,-0.08011269038567677,-0.07265578623899481,-0.07958169136521602,-0.08613880363953241,2.677560509030672,2.6891841367476497,1.2250914155425385,1.1680223788858164,0.8499793062072531,0.8165153352645028
,-9.878,-0.036,-0.129,-9.931,-0.101,-0.067,2.73,1.12,0.77,-9.902596196510594,-9.903784362177563,-0.06315539526495052,-0.06964905293551339,-0.09651875413493323,-0.08929444648573025,-9.893592329970982,-9.891904981617433,-0.08098074226441072,-0.073895350658343,-0.07993263049633244,-0.08530181517266253,2.6789192084842885,2.6909691180584456,1.2257939275919811,1.165922238352682,0.8531009858599118,0.8144811015745476
,-9.904,-0.074,-0.105,-9.885,-0.079,-0.081,2.66,1.26,0.84,-9.900858091824436,-9.903793792566933,-0.06421443614423496,-0.06983933089549071,-0.0974861440265506,-0.08998129020934205,-9.894482732108925,-9.891603009243058,-0.0815476810088358,-0.0741185899321687,-0.08045910555765867,-0.08511368587503562,2.67944308308557,2.68961475991087,1.224031630155314,1.1700364976852293,0.8551172824826899,0.8155971077822297
32863.0,-9.897,-0.041,-0.101,-9.883,-0.101,-0.11,2.73,1.19,0.91,-9.899100669054562,-9.903496682771989,-0.06551992421127836,-0.06857811374700024,-0.09809125128068882,-0.09046316635940178,-9.895228432335182,-9.891226777810182,-0.08181434828650157,-0.07529418223269792,-0.08114211868002413,-0.0862020275654468,2.679151112448004,2.6913809089776044,1.2198017120819018,1.170909552318659,0.8558977568527222,0.8197255858999646
,-9.904,-0.045,-0.091,-9.883,-0.067,-0.05,2.73,1.33,0.98,-9.897446192947584,-9.903518694112037,-0.0670369063785341,-0.06754698297997452,-0.09832524113915286,-0.09048664345725342,-9.895791932165558,-9.890866999932927,-0.08180805549121094,-0.07493145658894107,-0.08195730358848567,-0.08461882100142747,2.6781708717374513,2.693069819862294,1.2132285809734584,1.1778669814457026,0.8553781781517074,0.8267347928839878
,-9.871,-0.086,-0.089,-9.914,-0.108,-0.089,2.59,1.26,0.84,-9.896001350043935,-9.90209656907005,-0.06870682395016313,-0.06835398025710905,-0.0982119151130825,-0.09042162876503418,-9.896147824298081,-9.89187866474881,-0.08157905551173047,-0.0763776279365624,-0.08287791171555538,-0.0848104210806259,2.6767185376935947,2.6885623149977316,1.2045659958010462,1.1814588668411492,0.8535621084729053,0.8273149140648023
,-9.892,-0.062,-0.117,-9.876,-0.084,-0.105,2.73,1.26,0.84,-9.89485030106865,-9.90165502047455,-0.07045055134628796,-0.06807610457093324,-0.09780374847083524,-0.09158396840814033,-9.896286084265668,-9.89118425043147,-0.08119408007131178,-0.07671097361623229,-0.08387765067707814,-0.08569336261786864,2.6750674601073756,2.6903744901521414,1.1941885955043667,1.1848936699702781,0.8505152430586123,0.8278696650737464
32939.0,-9.878,-0.081,-0.096,-9.911,-0.069,-0.077,2.59,1.12,0.77,-9.89405110981652,-9.9006205263811,-0.07217489124676225,-0.0686412993252604,-0.09717526867364415,-0.09177709267971627,-9.896214887478012,-9.892050843462238,-0.08072785399247737,-0.0763737531657443,-0.08493292751890935,-0.08531317980255179,2.6735105443002767,2.6859848588978785,1.1825700663964107,1.182055705050371,0.846352807170703,0.8253388777183497
,-9.909,-0.067,-0.093,-9.904,-0.026,-0.096,2.59,1.05,0.77,-9.893635500547498,-9.900986982033688,-0.0737815203733359,-0.06856952113934042,-0.09641453599842968,-0.09183057352117358,-9.895962413506707,-9.892573410410481,-0.08025394330786463,-0.07417078106640211,-0.08602409978771795,-0.08578054157820116,2.6723223591691223,2.6817871973614116,1.1702483256457925,1.1762805738460764,0.8412228784132403,0.8229187681183897
,-9.907,-0.081,-0.098,-9.911,-0.074,-0.081,2.73,1.33,0.91,-9.893611344822732,-9.901249946573357,-0.07517711135843917,-0.06911313753459679,-0.09561352678355918,-0.09210037820213668,-9.895576958433082,-9.893379251948994,-0.07983656647985879,-0.07416331237684186,-0.08713547358871876,-0.08557147635961657,2.6717263927671846,2.683895665608644,1.1577812394117482,1.1830031145674271,0.8352896890724406,0.8267270514436431
,-9.914,-0.074,-0.084,-9.892,-0.098,-0.11,2.66,1.19,0.84,-9.89396676874987,-9.901807538775621,-0.07628333371945362,-0.06932685243547351,-0.09485836379055598,-0.0917461281006064,-9.89512475884878,-9.893318933760044,-0.0795247700297257,-0.07520575123585985,-0.08825406583844136,-0.08663979771003923,2.6718712364055297,2.6828506474926055,1.1456979285918991,1.183309106128936,0.8287200274918793,0.8273075111772955
33015.0,-9.885,-0.091,-0.086,-9.897,-0.115,-0.053,2.66,1.05,0.84,-9.894674614115912,-9.901072502439149,-0.07704549652087381,-0.07027467419559692,-0.0942204705013103,-0.0914948353322627,-9.894685260322012,-9.893479916131078,-0.07934949420452872,-0.07694605475172529,-0.0893674636465914,-0.08516864396179863,2.672817227299996,2.6818513306715523,1.1344507497611018,1.1774791605137263,0.821673827682052,0.8278625859333024
,-9.885,-0.105,-0.096,-9.892,-0.079,-0.103,2.66,0.98,0.7,-9.895696311066933,-9.900369611107555,-0.07743868183414118,-0.07179330084300918,-0.09374970248611678,-0.09169185761951043,-9.894344065536684,-9.893415195641909,-0.07932298787922919,-0.07703587899135735,-0.09046135831363848,-0.08594845442611614,2.6745331424267307,2.6808957165118423,1.1243731961884027,1.1688428955250556,0.8142985945979773,0.8222708304721994
,-9.904,-0.072,-0.089,-9.897,-0.074,-0.089,2.73,1.12,0.84,-9.896984816769168,-9.900528377229538,-0.077470420362582,-0.07180234032184869,-0.09347029666895605,-0.09157413585254835,-9.894184279025655,-9.893571968236488,-0.07943954201956033,-0.07690311229650866,-0.09151744066908785,-0.08608190626038821,2.6769014988335207,2.6830431714796443,1.1156498612363583,1.1667068717164117,0.806727102165417,0.8230461720610174
,-9.892,-0.089,-0.077,-9.897,-0.045,-0.081,2.66,1.05,0.84,-9.89848675223935,-9.900155409644066,-0.07717940966091,-0.07255443763570762,-0.09338014484346385,-0.09093677189537909,-9.894277269808327,-9.89372188476754,-0.07967687537354862,-0.07550790820996497,-0.09251225766117864,-0.08585966159923954,2.6797306685876925,2.682035435095917,1.1083046492008053,1.1616029839567124,0.7990779424435749,0.8237876059939574
33091.0,-9.921,-0.057,-0.084,-9.876,-0.081,-0.098,2.66,1.05,0.84,-9.900144011407079,-9.90106699649417,-0.076630475501047,-0.0718742025930719,-0.09345352788392133,-0.09063340925144941,-9.894674002414526,-9.89294686175978,-0.07999821838874507,-0.07574809132557807,-0.09341737568204564,-0.08639058941566508,2.682771964678005,2.6810717695823816,1.1022110823317064,1.1567223021649264,0.7914580053971949,0.8244966151388853
,-9.909,-0.065,-0.081,-9.892,-0.098,-0.101,2.73,1.12,0.84,-9.901895052573211,-9.901413926875351,-0.07590670917054008,-0.07157357626356382,-0.09364704735335443,-0.09021211581054457,-9.895398112859933,-9.892905453091423,-0.08035546964516149,-0.07672122377821805,-0.09420090562648634,-0.08702949602640002,2.6857400267969482,2.6832115253024993,1.097124487188902,1.1551163426719586,0.783965197484423,0.8251746175140909
,-9.864,-0.072,-0.136,-9.885,-0.081,-0.072,2.66,1.12,0.7,-9.903676091845066,-9.899777720878113,-0.075100162836949,-0.07159222485603171,-0.09390798949435328,-0.09221453621835876,-9.896441823233799,-9.8925597275598,-0.08069350224132202,-0.07690834552403873,-0.09483021167169636,-0.08637221801289975,2.688335149943039,2.682196426378734,1.092731773888733,1.1535806158643347,0.7766898883216643,0.8197004137353482
,-9.885,-0.101,-0.098,-9.871,-0.098,-0.11,2.66,1.12,0.7,-9.905422594029325,-9.899131453630977,-0.07430248492994036,-0.07287830151449969,-0.09418379415366916,-0.09246754923588744,-9.89776551183394,-9.891616865944398,-0.08095515984066962,-0.07783073711528322,-0.09527545709107624,-0.0874055208981475,2.6902664228134907,2.681225720307726,1.0887114857109799,1.1521120502884394,0.7697150975597195,0.8144656107840761
33166.0,-9.923,-0.034,-0.077,-9.909,-0.077,-0.096,2.73,1.12,0.77,-9.90707155358498,-9.900175285753825,-0.07359654510221995,-0.07117805469698642,-0.0944309525407342,-0.09179111404354141,-9.89930123542082,-9.892377074523608,-0.08108623388809538,-0.07779440687241179,-0.09551350490760593,-0.08778137928629388,2.691274583405538,2.6833587433718216,1.0847951533258233,1.150707708813121,0.7631172090419513,0.8125210167488605
,-9.928,-0.077,-0.108,-9.916,-0.065,-0.108,2.73,1.12,0.7,-9.90856473642882,-9.901392131140645,-0.07304972782114483,-0.07143266314405279,-0.09462178183440641,-0.09249996977255587,-9.900959784786421,-9.893410165021315,-0.0810399214088039,-0.07723487498137291,-0.09553156243277967,-0.08866559089492514,2.6911533826955623,2.685398483922661,1.08082088980457,1.149364782755429,0.7569694858582409,0.8076001870526542
,-9.921,-0.089,-0.141,-9.911,-0.069,-0.11,2.66,1.12,0.77,-9.909852370641506,-9.902249633020295,-0.07270932774204439,-0.07220092737931956,-0.0947480189653003,-0.09462099921137421,-9.902640109694293,-9.8941794131566,-0.0807806816328181,-0.07687474299426753,-0.09532989221493632,-0.08959859876233162,2.6897680811806617,2.684287743746857,1.0767714179598782,1.1480805862632477,0.751349318560277,0.8059558354250417
,-9.907,-0.05,-0.079,-9.935,-0.077,-0.072,2.66,1.19,0.84,-9.910896264330312,-9.902457378627089,-0.07260026279707871,-0.07123002446813005,-0.09482073179724244,-0.09393785326206851,-9.90423946145993,-9.895964601042023,-0.08028766944082931,-0.0768802208010922,-0.09492303818201876,-0.08882896736454055,2.687069796081401,2.6832255790585466,1.072790855897189,1.1499138286380812,0.7463477942813307,0.8074446731627675
33242.0,-9.923,-0.084,-0.096,-9.878,-0.096,-0.101,2.59,1.05,0.77,-9.911671420677468,-9.90335575960702,-0.0727250438051878,-0.07178848791462826,-0.09486661607246039,-0.09402803617366268,-9.905662632697515,-9.895178963435447,-0.0795578030688143,-0.07771637728088017,-0.09433936431372131,-0.08936123751776656,2.6831048736332104,2.6791485878338652,1.0691773027022962,1.1455443432812142,0.7420781696060909,0.8058071225523306
,-9.902,-0.086,-0.079,-9.914,-0.081,-0.093,2.8,1.05,0.77,-9.91216578621821,-9.90329646879782,-0.07306569570601212,-0.07240999341394111,-0.09492147534120876,-0.09337082200322844,-9.906829211253422,-9.896002055141478,-0.07860809967544943,-0.07785997843783955,-0.09361909727364205,-0.08952036983808659,2.67801869415131,2.6844337268683165,1.0663515379729451,1.1413659466109098,0.7386791993627644,0.8042411861869982
,-9.928,-0.053,-0.072,-9.909,-0.108,-0.103,2.8,1.05,0.7,-9.91237838594137,-9.904376816927025,-0.07358720929524386,-0.07156114512982308,-0.09502242008487002,-0.09243622170735181,-9.907678479406655,-9.89657048826533,-0.07747651658894146,-0.07917807809097724,-0.09281127799390182,-0.0901098682830097,2.6720527090444124,2.6894877333565046,1.0648057087304577,1.1373702818338272,0.7363104004253291,0.7996824544995517
,-9.878,-0.069,-0.062,-9.907,-0.069,-0.081,2.66,1.12,0.77,-9.912316514295423,-9.90322329176545,-0.07424209497140122,-0.07144913975184772,-0.09520064524722632,-0.091105168469963,-9.908172094526693,-9.897026597288725,-0.07622049864656685,-0.07873296489908198,-0.09197003032755163,-0.08971147061765963,2.665532652424811,2.688198159922429,1.065038883041231,1.1366106353149004,0.7351386833399141,0.7983843654155925
33317.0,-9.923,-0.091,-0.117,-9.89,-0.069,-0.105,2.59,1.05,0.77,-9.91199284205149,-9.904088177419576,-0.07497563699349044,-0.07230414850021524,-0.09547629924117126,-0.09223761518661207,-9.908294848952583,-9.896719306352324,-0.07491284360634944,-0.07830731763698487,-0.09115051752960307,-0.09038007681736945,2.6588463833343012,2.68390370511371,1.067488040357169,1.132822932372115,0.7353181809160434,0.7971430450624646
,-9.897,-0.077,-0.129,-9.938,-0.079,-0.074,2.66,0.84,0.63,-9.911423273033714,-9.903778193427732,-0.07573140876484119,-0.07250951000668554,-0.09585605802802509,-0.09384532759554665,-9.908053755274521,-9.898524615876276,-0.07363517449856673,-0.07833761039508863,-0.09040500783847967,-0.08966373447744062,2.6524123581316914,2.6828583354097066,1.0724635827157063,1.120017042210609,0.7369667105426507,0.7898334554104849
,-9.909,-0.081,-0.101,-9.921,-0.053,-0.062,2.59,1.05,0.7,-9.910626122981885,-9.904006556284655,-0.07645649571048625,-0.07288082068713997,-0.09633299910338777,-0.09415821958187699,-9.907475602190205,-9.899507521477606,-0.07246992575896596,-0.07722953237317264,-0.08977955990247305,-0.0884539291445544,2.6466428133541804,2.6787974046820344,1.0800982177929435,1.1169550192169893,0.740143110068491,0.7859048103638145
,-9.899,-0.084,-0.081,-9.88,-0.069,-0.103,2.59,1.12,0.7,-9.909622750487518,-9.903787606869221,-0.07710583951026674,-0.07336709062444674,-0.0968878200173026,-0.09358277723751729,-9.906603096677093,-9.89865440804369,-0.07149205515278009,-0.07686963403188603,-0.08931181673517917,-0.08909006574815757,2.6419072575997973,2.6749140687637265,1.0903165747922285,1.1170881839562918,0.7448297395026062,0.7821479749378718
33393.0,-9.931,-0.077,-0.084,-9.904,-0.062,-0.103,2.73,1.12,0.84,-9.908439280653264,-9.90497767389929,-0.07764529572893045,-0.07352596697355358,-0.09749065412755709,-0.09316369806311069,-9.905489869964676,-9.898888184349685,-0.0707616355031165,-0.07621934718921436,-0.08903012887091258,-0.08969838248325707,2.6385012523633193,2.6773231163719227,1.1028293680009587,1.117215525063507,0.7509233634550389,0.7846779908507814
,-9.914,-0.05,-0.098,-9.909,-0.084,-0.101,2.59,1.12,0.77,-9.907108647421332,-9.905372243122784,-0.07805331412455163,-0.0724971167173049,-0.09810334208579946,-0.09337520182372797,-9.904194930553512,-9.899330399716844,-0.07031815556934248,-0.0765596148877603,-0.0889537530253625,-0.09019263090633768,2.636623655524852,2.673504254823886,1.1171511545719506,1.117337297220849,0.758235439007424,0.7840360850509043
,-9.919,-0.084,-0.105,-9.902,-0.065,-0.086,2.59,1.12,0.77,-9.905671959703676,-9.905968219524986,-0.07832141708776039,-0.07300016700324229,-0.09868237307089325,-0.09388358375744153,-9.902777323024857,-9.899447148113987,-0.07017691723278591,-0.07605408358472064,-0.0890934976922246,-0.09000927651384062,2.636363731047835,2.669852401785497,1.132636979800304,1.1174537439726329,0.7665006729014399,0.783422251421129
,-9.902,-0.105,-0.093,-9.909,-0.074,-0.081,2.66,1.19,0.7,-9.90417830471095,-9.905794679211862,-0.07845369365460053,-0.07439960093153265,-0.09918256646694885,-0.09384494239675771,-9.90129164736715,-9.899864918576807,-0.07032753772950415,-0.07596425329528464,-0.08945222436485697,-0.0896152779819078,2.6376984690876104,2.6694215312451672,1.148531700320083,1.1206263759068502,0.7753919062099022,0.7797739845997076
33469.0,-9.931,-0.081,-0.096,-9.866,-0.069,-0.084,2.59,1.19,0.77,-9.902682563813093,-9.90689697187345,-0.0784653241980781,-0.07468825313786152,-0.0995611907984045,-0.09393918853634547,-9.899784886567252,-9.898383919721594,-0.0707343894280297,-0.07565968881997576,-0.09002500564583395,-0.08936970762141686,2.6404999202410817,2.6659482260728398,1.1640258642314036,1.1236602605928814,0.7845399371392952,0.779346543441974
,-9.859,-0.093,-0.122,-9.904,-0.089,-0.093,2.66,1.33,0.84,-9.901241475746511,-9.904802315707311,-0.07837995713553533,-0.07548907231237839,-0.0997819395697749,-0.09516635905381586,-9.898294861780576,-9.898629525168547,-0.07133882796468906,-0.07624309449216063,-0.09079911989885149,-0.08952846952260296,2.644551656930787,2.665688095047146,1.178312698507049,1.1326840211890747,0.7935575097655259,0.7819990730656126
,-9.88,-0.057,-0.101,-9.916,-0.024,-0.081,2.73,1.05,0.77,-9.899908808767538,-9.903717647480933,-0.07822590911627168,-0.07468049824578317,-0.09981808843568889,-0.09542147898104739,-9.896850497389291,-9.89938918012775,-0.07206316589881102,-0.07395837135130497,-0.09175414724774125,-0.08915549790092199,2.6495724017635434,2.668500617906035,1.1906419302608608,1.1290680390496932,0.802066324971678,0.781474323140894
,-9.911,-0.074,-0.122,-9.887,-0.086,-0.11,2.66,1.12,0.84,-9.898730852504494,-9.90403612324279,-0.07803166973486028,-0.07465073833005526,-0.09965422975279735,-0.09658382517458751,-9.89547379167058,-9.898847369830921,-0.07281643649831883,-0.0744849823396987,-0.09286224550265307,-0.09006708089133088,2.655243881540971,2.6681288643062477,1.200368166027448,1.1286714706828993,0.8097248287870614,0.7840337995569456
33545.0,-9.883,-0.055,-0.077,-9.883,-0.062,-0.117,2.59,1.12,0.84,-9.897743288116587,-9.903116160173337,-0.07782170062667562,-0.07379136165962634,-0.09928626871877383,-0.09572737478630575,-9.894183060182401,-9.898154324119783,-0.07350192812426742,-0.07393898236894728,-0.09408842858404096,-0.09124492581297126,2.6612397404857,2.6647120907405846,1.2069937565945423,1.128292245257471,0.816253672569476,0.7864813435721111
,-9.914,-0.077,-0.093,-9.88,-0.079,-0.096,2.66,1.19,0.84,-9.896969864597255,-9.903592138117505,-0.07761364585351689,-0.07393168355935585,-0.09871986655743378,-0.09560809976347964,-9.892996861912126,-9.897360389441406,-0.07402612557911745,-0.07416031351730948,-0.09539056315066885,-0.0914528772778911,2.667253071844856,2.664506019050891,1.2102067351349166,1.1309908820170462,0.8214556318035021,0.7888218502744208
,-9.907,-0.06,-0.093,-9.921,-0.108,-0.062,2.66,1.33,0.84,-9.89642257510464,-9.90374117256846,-0.07741770623222755,-0.07332241567182834,-0.09796802313102673,-0.09549404094018049,-9.891937992982376,-9.898394209620111,-0.07430814486590935,-0.07564020890899431,-0.0967190013764623,-0.09016482818861525,2.673021109855821,2.6643089593992992,1.209912319820098,1.139694055929632,0.8252273094862365,0.7910600006772793
,-9.902,-0.096,-0.096,-9.892,-0.065,-0.11,2.73,1.54,0.84,-9.896102603195306,-9.903665026672087,-0.0772382305107956,-0.07431416400138134,-0.09704871271704382,-0.09551616781423977,-9.89103682321003,-9.898114574601768,-0.07428830760292682,-0.07517488556331145,-0.09801623904748155,-0.09103227060336576,2.6783458090985897,2.667181795360994,1.2062526866275902,1.157200451037542,0.8275609323797226,0.7932002710814924
33621.0,-9.887,-0.096,-0.084,-9.89,-0.093,-0.086,2.73,1.19,0.91,-9.896001330722369,-9.902936222751668,-0.07707681300516515,-0.0752625406589371,-0.09598331935801951,-0.09501253656201525,-9.890333073457404,-9.897759703655645,-0.07393447070473438,-0.07595442306655054,-0.09921739658760644,-0.09081219663549843,2.683108259175496,2.6699289949134113,1.1996073003669363,1.1586348585750856,0.8285358295679631,0.7983082197223568
,-9.919,-0.091,-0.084,-9.919,-0.084,-0.101,2.73,1.05,0.84,-9.896101049503024,-9.903638732508519,-0.0769356478696436,-0.07595077970534728,-0.09479621359516557,-0.09453093038291475,-9.88987515086189,-9.89868859573312,-0.07324515773956809,-0.07630627656948852,-0.1002523229314488,-0.09125773513829245,2.687274142705803,2.672556052455655,1.1905679180138065,1.1538839804408028,0.8283006523800623,0.8001315071081776
,-9.861,-0.067,-0.096,-9.868,-0.038,-0.072,2.73,1.12,0.7,-9.896375475359088,-9.90177403249781,-0.07681981448652492,-0.07555933938734359,-0.09351535454049437,-0.09459517652649238,-9.889716504705083,-9.897346505538934,-0.07224924023390991,-0.07463104585490173,-0.10104973337388168,-0.09041554549507505,2.6908878455735503,2.6750682221028104,1.1798885084478747,1.1524021479618898,0.8270490910176371,0.7957525021192382
,-9.876,-0.089,-0.144,-9.928,-0.079,-0.105,2.66,1.12,0.7,-9.89679051139384,-9.900646868629488,-0.07673760646884215,-0.07614713359495377,-0.09217334940653014,-0.09675577487077211,-9.889909011050865,-9.898687060665388,-0.07100260811842658,-0.07482211131022504,-0.10154326390190953,-0.09105336071310657,2.6940546190002905,2.674409250499683,1.1684171686807996,1.1509851197789005,0.8249936241308554,0.7915650021345372
33696.0,-9.919,-0.079,-0.089,-9.883,-0.069,-0.132,2.73,1.26,0.84,-9.897305783671174,-9.90144949765361,-0.07669872873876621,-0.07627189668482696,-0.09080804937204738,-0.09641659514769543,-9.890493984309941,-9.898001025681001,-0.06958269829583251,-0.0745674956032419,-0.10167877402923783,-0.09284406119186693,2.696912763927279,2.676840375092043,1.1570203694736303,1.1557526172244457,0.8223427301919137,0.7936831875430819
,-9.907,-0.067,-0.072,-9.868,-0.06,-0.124,2.66,1.19,0.91,-9.897877180278128,-9.901692235211128,-0.07671082967207235,-0.07586641310615752,-0.08946177699567301,-0.09534879546053841,-9.891491999358903,-9.896689004670586,-0.06808178721262335,-0.07393042204103104,-0.10142168477521639,-0.0942065894850695,2.6996002305016202,2.676103902740099,1.146508730483405,1.1572503422099514,0.8192856891416246,0.7987700170212011
,-9.921,-0.079,-0.098,-9.89,-0.074,-0.089,2.59,1.05,0.84,-9.8984600922576,-9.902536612777965,-0.076775249428595,-0.07600345281561267,-0.08817883957539456,-0.0954647393651124,-9.892893246434499,-9.896396477516351,-0.06659968623290159,-0.07393346486179989,-0.10076282486593315,-0.09397889210999807,2.7022215899635413,2.672338360499147,1.13757090209187,1.1525600124909006,0.815985763485702,0.8005731088388743
,-9.885,-0.06,-0.072,-9.861,-0.072,-0.096,2.66,0.98,0.84,-9.899012702302036,-9.90176969218462,-0.07688307584476502,-0.07530358119933794,-0.08700180085088137,-0.09443856674760669,-9.894650466303158,-9.894848499700862,-0.06523615997824177,-0.07384890953530696,-0.09972148128414784,-0.09406728028859547,2.704821690661937,2.6717987726736814,1.130720896335099,1.1450135251023432,0.8125793452658134,0.8022973468742254
33772.0,-9.864,-0.06,-0.065,-9.897,-0.093,-0.122,2.73,1.12,0.77,-9.899498820380595,-9.9001179276673,-0.07701261961236658,-0.07463431674546189,-0.08596753136201668,-0.09315114349414735,-9.896676388736633,-9.89494259027051,-0.06408321241758916,-0.07468643533623114,-0.09834504828235684,-0.09528884902858,2.7073712150478437,2.6743440600880515,1.1262643411218878,1.143919620152967,0.8091777301784463,0.8008849019088365
,-9.916,-0.077,-0.084,-9.866,-0.041,-0.093,2.73,1.05,0.77,-9.899890229934542,-9.900812491006933,-0.07712920269295702,-0.0747377740794525,-0.08510408591779048,-0.09275094075903742,-9.89884694185778,-9.893676857327426,-0.06321743594807538,-0.0732132420062079,-0.09670540780909649,-0.09518875185033367,2.709766805017212,2.6767780356225974,1.1242884373030624,1.1398122767494085,0.805869503793274,0.7995342267472654
,-9.897,-0.057,-0.091,-9.895,-0.043,-0.077,2.66,1.12,0.84,-9.900168750533078,-9.90064576109722,-0.07718767069700505,-0.0739620561917482,-0.08442906698700452,-0.0926743676748944,-9.9010104666049,-9.893734721715285,-0.06269292673123757,-0.07189194023718244,-0.09489266229833247,-0.09439331155990496,2.7118452138403426,2.6760442895339005,1.1246773828940342,1.138945835593837,0.8027233436238975,0.801303897733677
,-9.919,-0.117,-0.091,-9.933,-0.065,-0.089,2.73,1.19,0.77,-9.90032797701128,-9.901448438556539,-0.077137355766071,-0.0758442147259888,-0.08394952902580025,-0.09260114332610116,-9.903001985284284,-9.895451892009298,-0.06253570345638995,-0.07159053819547054,-0.09300713811574067,-0.09415744835450834,2.7134083907511006,2.6784039097187597,1.1271504606042961,1.1411785638039418,0.7997918730389559,0.7999348988210678
33848.0,-9.911,-0.069,-0.105,-9.916,-0.043,-0.096,2.73,1.19,0.77,-9.900374202978371,-9.901866152585031,-0.07692852236634458,-0.07554489984203226,-0.0836629103004443,-0.09314337680285778,-9.904660451891344,-9.896350512932953,-0.06274078243716104,-0.0703402013833104,-0.09115074877918153,-0.09423802781526958,2.7142551023360943,2.6806603377230562,1.13131577861314,1.1433136491416542,0.7971169089003952,0.7986257697061007
,-9.928,-0.108,-0.074,-9.943,-0.048,-0.098,2.73,1.12,0.84,-9.900325862366829,-9.903009052073068,-0.07651890440221426,-0.0769642437589747,-0.08355822428591253,-0.09230618833994673,-9.905846152153593,-9.898390613421777,-0.06327280214645846,-0.06936320766638034,-0.08941875604168623,-0.09440254840864673,2.7142141749409197,2.682818086402799,1.136730213747131,1.1422940840831617,0.7947357041549257,0.800435169825034
,-9.866,-0.065,-0.096,-9.916,-0.079,-0.079,2.8,1.26,0.84,-9.900211147206178,-9.901390552278706,-0.07587900589164714,-0.07644101700824942,-0.08361692382476602,-0.09246772810055476,-9.906455358189532,-9.899160716598141,-0.0640704357383641,-0.06978464905805642,-0.08789271700728306,-0.09372895586748006,2.713174226323412,2.6879427489498355,1.1429558729018554,1.1474416625818122,0.7926871327331689,0.8021654402836175
,-9.88,-0.084,-0.055,-9.909,-0.072,-0.053,2.73,1.12,0.77,-9.900064138930663,-9.900455089127798,-0.07499537373672918,-0.07677159052290174,-0.08381332493898774,-0.0908291692391636,-9.90643008166438,-9.899591013438254,-0.06505404669883066,-0.06988153197839979,-0.08663517694734355,-0.09194777523723842,2.711105042126565,2.6897820193002837,1.1496049954332472,1.1462415690166496,0.7910164238195905,0.8007587639282798
33924.0,-9.892,-0.045,-0.093,-9.89,-0.072,-0.098,2.73,1.26,0.77,-9.899920428965341,-9.900085326617058,-0.07387179838882127,-0.07538213821738494,-0.08411494718328223,-0.090924105178973,-9.905762034843915,-9.899171574073883,-0.06613537485098657,-0.06997417796269995,-0.08568654738456637,-0.0922124543896423,2.7080669770203967,2.6915408536893324,1.1563678400877753,1.1512165139784971,0.7897772894285066,0.7994136051007987
,-9.914,-0.065,-0.069,-9.899,-0.067,-0.089,2.73,1.19,0.77,-9.899813353763255,-9.900693850606391,-0.07252900817061231,-0.07492810095815673,-0.08448333384503233,-0.08996530840531577,-9.904491195799988,-9.899164070704092,-0.06722769211687551,-0.06984410961046206,-0.08506440052751153,-0.09207196560439126,2.704206962660372,2.6932227697857596,1.1630210784033579,1.152912614273813,0.7890311419860376,0.7981272734835193
,-9.904,-0.081,-0.101,-9.907,-0.077,-0.115,2.59,1.19,0.77,-9.899771500481538,-9.900838436912009,-0.07100363138740215,-0.07519364051672787,-0.08487577694512793,-0.09044788348023526,-9.902700227141013,-9.899506755783651,-0.06825492420669804,-0.07015705486237199,-0.0847649697227696,-0.09307466675115894,2.699742368447919,2.6887085760327816,1.169417348290088,1.1545345397976767,0.7888439579053611,0.7968971964132069
,-9.904,-0.067,-0.077,-9.866,-0.103,-0.055,2.73,1.19,0.84,-9.899817434090888,-9.900976700091451,-0.0693469495910177,-0.0748353118174348,-0.08524801827375643,-0.08985977339829067,-9.900506239161123,-9.898041420296577,-0.06915856982426966,-0.07159336022481662,-0.0847661948639381,-0.09140956492186754,2.6949362289350964,2.690514354820846,1.175459870254615,1.1560855344011358,0.7892814751802222,0.7987821914302091
33999.0,-9.885,-0.074,-0.096,-9.923,-0.053,-0.098,2.66,1.05,0.84,-9.899967172748003,-9.900277998439716,-0.06762346682324115,-0.07479878151122543,-0.08555766051912642,-0.09012830109450376,-9.898051151692933,-9.89913292234418,-0.06990169855777842,-0.07078022538307638,-0.08503154939954091,-0.09169778137760554,2.690068442496741,2.6891798846240635,1.1810691585302975,1.1514461446844206,0.7904028258044336,0.8005847508300719
,-9.916,-0.086,-0.072,-9.916,-0.055,-0.081,2.73,0.98,0.77,-9.900229935856759,-9.900965561478133,-0.06590892175191436,-0.0752886392299508,-0.08576786081365431,-0.0893355044690813,-9.895491452074618,-9.899870562467022,-0.07046985499671736,-0.07009011606908766,-0.08551415035400503,-0.09122994024172303,2.6854072330732306,2.6909650518910175,1.1861511878745166,1.1439483695625858,0.7922521668717183,0.7992472020371064
,-9.892,-0.05,-0.084,-9.895,-0.065,-0.086,2.66,1.12,0.77,-9.900607863902186,-9.900573474715681,-0.06428729027242662,-0.07418270284139922,-0.08585088212854955,-0.08910216931450927,-9.892987718967357,-9.899657560406451,-0.07086930881023883,-0.06986751237216403,-0.08616095898987439,-0.09100122167878741,2.681184035818145,2.6896108715672655,1.1905767102017009,1.142901046568853,0.7948481525275993,0.7979681476482152
,-9.931,-0.077,-0.096,-9.849,-0.057,-0.084,2.66,1.33,0.84,-9.901095526554599,-9.901904103903878,-0.06284655135434801,-0.07430591039783307,-0.08579111508832948,-0.08940382896047856,-9.890694136034599,-9.89744217669603,-0.07112351241734292,-0.0693047833920432,-0.08691698921052132,-0.09069504048222399,2.677573989512398,2.688315912986648,1.1941785892331644,1.1510833587517226,0.7981721773378864,0.7998063072491087
34075.0,-9.885,-0.038,-0.096,-9.902,-0.12,-0.105,2.59,1.19,0.77,-9.901679114759782,-9.901164844529216,-0.061673369047163265,-0.07271816077384768,-0.0855871467394894,-0.0896922962643688,-9.888748438100999,-9.897641501879114,-0.07126858929885689,-0.07152181390374593,-0.08772940276974855,-0.0913206326749715,2.6746838423216803,2.6840163085375153,1.196768290359433,1.152785282263119,0.8021574654896254,0.7985028017700121
,-9.911,-0.053,-0.079,-9.895,-0.055,-0.069,2.66,1.26,0.77,-9.902335402949289,-9.901594960844424,-0.0608471801701696,-0.07185583554880035,-0.08525238452633493,-0.08922469500641204,-9.887263007207501,-9.897525982296507,-0.07134828366095372,-0.07079927304123129,-0.08855132732084775,-0.09034449474733211,2.6725488468320564,2.682966014399946,1.1981665266449997,1.15747405403353,0.8066816433497671,0.7972563018944555
,-9.883,-0.081,-0.105,-9.902,-0.069,-0.077,2.66,1.19,0.77,-9.90303090035582,-9.900781756003525,-0.0604342872732337,-0.07225573307264592,-0.08481379422261617,-0.08991458913927805,-9.886317787007739,-9.897721642447943,-0.07140850545182081,-0.07072058626369679,-0.08934524561176749,-0.0897609061171289,2.6711393209732783,2.681961652291177,1.1982395739157152,1.15889649621752,0.8115654032706139,0.7960643146226879
,-9.88,-0.093,-0.096,-9.852,-0.067,-0.096,2.73,1.19,0.77,-9.903721916144736,-9.899872917059156,-0.060482399108378986,-0.07316293252454907,-0.08430856450148792,-0.09018071960398841,-9.885955391335164,-9.89572211895964,-0.0714917186271218,-0.0705578755817043,-0.09008582176761036,-0.09003375753052108,2.6703756810392316,2.684062491181478,1.1969327760514188,1.1602567313939447,0.8165793350186541,0.7949244559801656
34150.0,-9.907,-0.026,-0.077,-9.899,-0.055,-0.108,2.73,1.33,0.84,-9.904356296040039,-9.900184602488206,-0.06101584896387963,-0.07110037776249109,-0.08377892855313639,-0.08960429327654564,-9.886178624896276,-9.895865469018412,-0.0716317890166091,-0.06987749018896293,-0.09076192751603122,-0.09081946692088656,2.670148548711594,2.6860714550541425,1.1942946871342701,1.167680035422134,0.8214597617802585,0.7968957239440919
,-9.914,-0.048,-0.069,-9.876,-0.062,-0.103,2.73,1.26,0.84,-9.904877214145886,-9.900788784891683,-0.06203177738110619,-0.07009013960279727,-0.08326588909512288,-0.08870321522771443,-9.88695068354274,-9.89499670162989,-0.07185011634408472,-0.06953298754604832,-0.09137738213442473,-0.09135215255263038,2.6703391942097183,2.687992561836915,1.1904874509917993,1.1717174218266793,0.8259324346216171,0.7987807833559064
,-9.904,-0.043,-0.038,-9.883,-0.079,-0.098,2.66,1.12,0.84,-9.905228731117028,-9.900929219480016,-0.06349789515054605,-0.06890541902984558,-0.08280309415525317,-0.08648583491606526,-9.888198282925226,-9.894472055414075,-0.07215369424523253,-0.06994700403260154,-0.09194975116352996,-0.091642879797016,2.6708359997169517,2.686768376048873,1.1857812108668087,1.1694556876859012,0.8297407739541699,0.8005834043344328
,-9.921,-0.101,-0.098,-9.892,-0.101,-0.112,2.59,1.19,0.91,-9.905362186676939,-9.901806965661685,-0.06535260107580906,-0.07030899652752962,-0.08241232560490071,-0.08698937858380963,-9.889817720835039,-9.894363946155524,-0.07253526556297628,-0.07130503037405914,-0.09250674157981392,-0.09253314833989332,2.671544745497703,2.682536449318441,1.1805331908998777,1.1703541426149835,0.8326738381534536,0.8053684698161163
34226.0,-9.921,-0.048,-0.089,-9.876,-0.043,-0.074,2.59,1.05,0.91,-9.905242196709798,-9.902646325774676,-0.06750787349050827,-0.06933336747815613,-0.08210171233236524,-0.0870773081622874,-9.891683519584328,-9.8935608441734,-0.07297524286180353,-0.07006717954368884,-0.093080309868804,-0.0917226467167282,2.6723932085758557,2.6784895954866452,1.1751553645458555,1.165090750440319,0.8345889026447322,0.809944272237432
,-9.895,-0.074,-0.057,-9.909,-0.081,-0.086,2.73,1.19,0.84,-9.904851156469329,-9.902311932538407,-0.06985472756105296,-0.0695374511645489,-0.08186693412057817,-0.08576195112532366,-9.893658947491453,-9.894236037649883,-0.07344482395460919,-0.07054529953512813,-0.09369933374530952,-0.09147238084890881,2.6733321770525866,2.6807422762347994,1.170076890067682,1.1661800951555117,0.8354245971840814,0.8112586855087344
,-9.897,-0.062,-0.11,-9.909,-0.069,-0.069,2.8,1.12,0.77,-9.904191589072427,-9.9020796282442,-0.07227061367797322,-0.0692078192913585,-0.08169478523980474,-0.08682194253072315,-9.895607414826882,-9.894881703201664,-0.07390979956356493,-0.0704777196637254,-0.09438229205185719,-0.09048960658841151,2.6743345310323745,2.6859577192299118,1.1657075403334256,1.1641605223665272,0.8352028592450715,0.8094543384565659
,-9.933,-0.079,-0.086,-9.897,-0.065,-0.098,2.66,1.12,0.77,-9.903286213231167,-9.903431854592219,-0.07462803226834483,-0.06963605621112653,-0.08156790853660846,-0.08678599689735951,-9.897403532759807,-9.894974341697935,-0.07433467890064499,-0.07023816507767937,-0.09513159554093324,-0.09081805515737905,2.6753922723935433,2.6848225222745072,1.162406380554571,1.1622292706222759,0.8340209120360378,0.8077289000813105
34302.0,-9.887,-0.091,-0.086,-9.899,-0.098,-0.074,2.66,1.33,0.84,-9.90217603301263,-9.902713247878758,-0.07680361249881885,-0.07057035570522911,-0.08146934392389082,-0.0867516232577906,-9.898942633906756,-9.895150393954589,-0.07468670893616677,-0.07145226059204746,-0.0959308930440821,-0.09008255891283679,2.676510364166474,2.6837369703636518,1.160457150686522,1.1695663105027339,0.8320367656107888,0.8091401972007061
,-9.895,-0.089,-0.108,-9.897,-0.091,-0.11,2.59,1.12,0.84,-9.900917020728718,-9.902375927968997,-0.07868681279523214,-0.07137633083375676,-0.08138567378517067,-0.08768086871157645,-9.900147823763064,-9.895231281922166,-0.07493917841040368,-0.07230713285815081,-0.09674595635037277,-0.09095359917185704,2.6776972275041837,2.6796376146990353,1.160049437872141,1.1673986499207325,0.8294521526492195,0.810489774714503
,-9.861,-0.069,-0.081,-9.909,-0.081,-0.079,2.73,1.19,0.84,-9.899576154983272,-9.900566453606421,-0.08018738535630235,-0.07127240785409812,-0.08130796513703696,-0.08738869736348281,-9.900974015662515,-9.8958334229155,-0.07507332252952192,-0.07268729400504358,-0.09752889890972924,-0.09043083793594761,2.678953766778834,2.6818400896527934,1.1612637173667562,1.1683870643330607,0.8264954193392794,0.811780331777729
,-9.921,-0.084,-0.084,-9.923,-0.067,-0.132,2.59,1.19,0.84,-9.898227645500539,-9.90146006446062,-0.08124095515814712,-0.07182901776753804,-0.08123036167437048,-0.08724050102559422,-9.90140869813132,-9.897021486293562,-0.07507839373437092,-0.07243857420104877,-0.09822475195376126,-0.09224876291602266,2.680263871212436,2.6778236893968805,1.16405910818957,1.169332252874055,0.8234050324298284,0.8130144495045104
34378.0,-9.892,-0.081,-0.05,-9.919,-0.067,-0.136,2.73,1.05,0.77,-9.89694991809922,-9.901046351827453,-0.08181242389044734,-0.07223008810103496,-0.08114693850834111,-0.08561187938100535,-9.901469385661434,-9.897982662490241,-0.0749500382940297,-0.07220073154545605,-0.09877895087711812,-0.09416211557590051,2.6815886839952627,2.680105491908738,1.168264675956211,1.164113550531821,0.8204133010703444,0.8111333184358125
,-9.914,-0.081,-0.084,-9.883,-0.06,-0.069,2.73,1.19,0.91,-9.895823344834211,-9.90161284774478,-0.08189719852009646,-0.07261361861073394,-0.08104808206341133,-0.08554138780392996,-9.901198012020169,-9.897327432626163,-0.07468774154259541,-0.07166716258350542,-0.0991442112838707,-0.09306171238791992,2.6828652983432324,2.682287505404413,1.1735770050891638,1.1652456306796273,0.8177298500199117,0.8154570093929628
,-9.883,-0.096,-0.053,-9.895,-0.069,-0.091,2.66,1.12,0.84,-9.894928141193462,-9.900798860664322,-0.08152034658300814,-0.07363636443504475,-0.08091792769967773,-0.08411827030918904,-9.900653085494394,-9.89722564808925,-0.07429241830302202,-0.071550520793156,-0.09928570966973178,-0.09297154847155435,2.684009059016105,2.6813128162164084,1.1795674374897906,1.1632669243943043,0.8155248017241274,0.8165303366744108
,-9.907,-0.072,-0.074,-9.844,-0.077,-0.093,2.73,1.19,0.77,-9.894341658018629,-9.901070052229018,-0.08073378313719567,-0.07356480206440108,-0.08073412011870644,-0.08367577266341299,-9.899901071477112,-9.894897955385389,-0.07376508043082383,-0.07178884035233442,-0.09918425906229617,-0.09297279272911728,2.6849180204486482,2.683442030355325,1.1857015059729712,1.1644360296522585,0.813912236631054,0.8144954469347193
34454.0,-9.931,-0.089,-0.074,-9.919,-0.062,-0.103,2.66,1.26,0.84,-9.894134470909245,-9.902378964821997,-0.0796116449236234,-0.07423982245226195,-0.08047044382759477,-0.08325262656296376,-9.899008764713667,-9.89595199897925,-0.07310703920476956,-0.07136074951482715,-0.09883777362427518,-0.09341130795706534,2.685478500656993,2.6824168508604638,1.191371128023675,1.1686152846640054,0.8129354797338024,0.8156108257833855
,-9.88,-0.096,-0.122,-9.897,-0.084,-0.112,2.66,1.12,0.7,-9.894365039914426,-9.901400275881493,-0.07824416532689558,-0.07519145025447617,-0.08010195028785082,-0.08494714756328958,-9.8980380250103,-9.89599783072423,-0.07232154778499876,-0.07191349602318872,-0.09826137233539785,-0.09422423864736175,2.6855716754954515,2.6814365050673237,1.195938023894363,1.1664892148561037,0.8125570465583504,0.810554870894642
,-9.88,-0.034,-0.086,-9.928,-0.086,-0.11,2.66,1.05,0.77,-9.895073230272539,-9.90046438749275,-0.07673060112737722,-0.07339004357065256,-0.07961138613322499,-0.08499319147300514,-9.897043302632964,-9.897397366823933,-0.07141635821590063,-0.07252953460058205,-0.09748616047725955,-0.0949141527379675,2.6850820863125464,2.680499032284318,1.1987854068016235,1.1613948457834258,0.8126569371006547,0.8087813034421759
,-9.878,-0.077,-0.055,-9.883,-0.065,-0.086,2.59,1.33,0.77,-9.896273628034908,-9.899481962802009,-0.07517200777379732,-0.07354791612915593,-0.07899533510451776,-0.08368151307239333,-9.896071443253327,-9.896767733425111,-0.07040645537781352,-0.07220024893883005,-0.09655652551347721,-0.09452431421022461,2.683909219273939,2.676541279871393,1.1993741759211836,1.1687683771802682,0.8130425266755029,0.8070852985965943
34529.0,-9.885,-0.065,-0.089,-9.89,-0.067,-0.096,2.73,1.26,0.84,-9.897950076817741,-9.89884862980632,-0.07366476624769275,-0.07317409405800533,-0.07826869498616075,-0.08391410400667776,-9.895162882695379,-9.89647176326259,-0.06931627255371861,-0.07197282885194109,-0.09552594083194671,-0.09458884969582908,2.6819826399835764,2.6788791654071873,1.1972987140385523,1.1727581676369827,0.8134712852938542,0.8085247420426941
,-9.899,-0.086,-0.098,-9.859,-0.072,-0.089,2.73,1.26,0.84,-9.900052826135438,-9.898855249609142,-0.07229554627253792,-0.07373500348331724,-0.0774666733575991,-0.08453011599540976,-9.894353545895227,-9.89483302793332,-0.0681809465323713,-0.07197401711521946,-0.09445165336847583,-0.09434443511137637,2.679279526348221,2.681114809273796,1.1923356880501972,1.176573474428971,0.8136844880062004,0.8099012349728794
,-9.907,-0.096,-0.077,-9.938,-0.055,-0.093,2.73,1.26,0.84,-9.90249906914617,-9.899211440219123,-0.07113787380283032,-0.07470870830052267,-0.07664396156476895,-0.08420080490778607,-9.893677081376763,-9.89672082920084,-0.06704646824801008,-0.07123170025835254,-0.09338894271079931,-0.09428563955111718,2.6758414218002065,2.683252682758952,1.1844783627290083,1.1802219281698174,0.813447116453402,0.8112175303730104
,-9.931,-0.041,-0.077,-9.895,-0.072,-0.091,2.66,1.12,0.77,-9.905176809614117,-9.900601634633366,-0.07025000049637069,-0.07323454091723121,-0.07587102633613392,-0.08388589542997797,-9.893167054177468,-9.896645572971575,-0.0659687480534046,-0.07126529995637806,-0.09238570924850747,-0.09414195019297485,2.671785786550139,2.6822357839151376,1.173950433844547,1.177588270378027,0.8125874277361342,0.8094149831393991
34605.0,-9.907,-0.048,-0.096,-9.883,-0.079,-0.11,2.73,1.12,0.91,-9.907951376808796,-9.900881451393053,-0.06967367461793114,-0.07213097038522304,-0.07522777651578078,-0.08441567597439094,-9.892858446968727,-9.89604881742634,-0.06501160452135633,-0.07160355802376517,-0.09147803311797262,-0.09483546296657958,2.667308355003923,2.684324634333642,1.161196965502098,1.1750697891269923,0.8110294808013496,0.8138138212610432
,-9.89,-0.115,-0.029,-9.897,-0.045,-0.062,2.66,1.19,0.91,-9.91067376348297,-9.90040557790115,-0.06943359899397103,-0.07400574187299554,-0.07479533206601836,-0.08199220779174245,-9.892787696897134,-9.896090415054857,-0.06424359973668879,-0.07044011689844834,-0.09068720810197041,-0.09339948481846834,2.6626742034826654,2.6832608563263256,1.1468537798781464,1.1757227251487001,0.8088127328536079,0.8180202870252093
,-9.892,-0.065,-0.086,-9.935,-0.096,-0.079,2.66,1.26,0.84,-9.9131902399368,-9.900037980642034,-0.06953746304176535,-0.07361189791987953,-0.07464707724992643,-0.08216747871876078,-9.892990727999278,-9.897792029976205,-0.0637336108833895,-0.0715579154700556,-0.09001869974419703,-0.09276975879436977,2.658197814921231,2.682243600031662,1.1316989583656478,1.1794083843151937,0.8060942341893439,0.8189815156689376
,-9.921,-0.048,-0.067,-9.887,-0.065,-0.067,2.66,1.12,0.84,-9.915353017417138,-9.90095470296049,-0.06997633941005883,-0.07249182460822755,-0.07484038135706834,-0.08150416637185551,-9.893498859837907,-9.897320067109856,-0.06354512429362166,-0.07127112117932959,-0.08946343236629378,-0.09164278182594766,2.6542145503499346,2.681270830937061,1.1165909510692227,1.176810304861341,0.8031312806300372,0.8199007073440038
34681.0,-9.907,-0.091,-0.067,-9.864,-0.069,-0.105,2.59,0.98,0.77,-9.917031667375987,-9.90121907914597,-0.07072521016952901,-0.07330123410097769,-0.07541019311542031,-0.08086986235769396,-9.894332961134484,-9.895862895992396,-0.06372948301960359,-0.07117179928493299,-0.08900154658258154,-0.09222692688389966,2.6510475448063815,2.677279325809846,1.1023985767440703,1.1682032906282342,0.8002459539749245,0.8177184227392696
,-9.95,-0.055,-0.055,-9.897,-0.045,-0.112,2.59,0.91,0.7,-9.918124479306439,-9.903352392644928,-0.0717435733482228,-0.07250087467619296,-0.07636523704891643,-0.07973850760633551,-9.89549680529143,-9.895912624437178,-0.0643187172004651,-0.0700272400652817,-0.08860816059269835,-0.0930916535650683,2.6489749646384153,2.673462379334251,1.0899299214592526,1.1569114052818958,0.7977770873374588,0.8125702972855258
,-9.931,-0.091,-0.098,-9.899,-0.057,-0.086,2.66,1.19,0.77,-9.918568319773001,-9.904561492697814,-0.07297626463478366,-0.07330988838649745,-0.07768696307866574,-0.08053712902537541,-9.896971091496653,-9.89604764320782,-0.06531906875989014,-0.06945752578767325,-0.08825994997983698,-0.09278151755255712,2.648202518904135,2.6728736353118125,1.0798686765409475,1.1583584535240743,0.7960283322774645,0.8107085901208413
,-9.933,-0.074,-0.124,-9.876,-0.038,-0.098,2.66,1.05,0.77,-9.918345294072314,-9.905805180813081,-0.07435465532416476,-0.0733400687191992,-0.07933085650588247,-0.082437870703276,-9.898709674414107,-9.895170908879546,-0.06670665215522262,-0.06808180833027905,-0.08794098557683823,-0.09300973503706335,2.6488449533756713,2.6723106385599977,1.0727256542477952,1.1536196632843243,0.7952219826559463,0.8089283001363985
34757.0,-9.947,-0.089,-0.069,-9.887,-0.065,-0.11,2.59,1.05,0.7,-9.917484838509639,-9.907606734828873,-0.0757983823284257,-0.0740249172667297,-0.08122933028014377,-0.0818501985054852,-9.900639159243863,-9.894813574292451,-0.06842659675069815,-0.06794703302884803,-0.08764646817452407,-0.09375276245355597,2.650918297439797,2.6687109853908146,1.0688098587084243,1.149088112371143,0.7954668580406072,0.8041645890577401
,-9.873,-0.029,-0.05,-9.89,-0.069,-0.072,2.66,0.98,0.7,-9.916060716861532,-9.906093294465864,-0.07721788528665262,-0.07205586333923227,-0.08329545488151971,-0.08045730847334424,-9.902662420336986,-9.894603064469418,-0.07039641869071914,-0.06799308194744547,-0.08738360520037526,-0.09280145893223349,2.6543426528464185,2.6683300318869017,1.068219749133032,1.1416934599882156,0.7967456250106133,0.7996092071571973
,-9.923,-0.081,-0.093,-9.914,-0.074,-0.093,2.73,1.19,0.84,-9.914183462665251,-9.90683266761642,-0.07851822097803322,-0.07244701314003317,-0.08542731056829933,-0.08100583221333565,-9.904665916702662,-9.89545134169915,-0.07251345290214778,-0.06825577972240124,-0.08716958877830451,-0.09281014163712197,2.6589538441360183,2.6710270161412506,1.0708530220254402,1.1438060276087296,0.798923297304242,0.8013755990599455
,-9.892,-0.053,-0.086,-9.921,-0.098,-0.096,2.66,0.98,0.84,-9.911989683525158,-9.906183997408936,-0.07960463628183687,-0.07159654588931882,-0.08751333205125394,-0.0812242398483049,-9.90652989684419,-9.896568649381729,-0.07466526364734279,-0.06955656998062638,-0.08702727222187928,-0.09294964224076276,2.664521277001729,2.6705447767333936,1.0764320575425697,1.1366423742009961,0.8017746670307716,0.8030647421608135
34832.0,-9.907,-0.117,-0.065,-9.947,-0.06,-0.055,2.66,1.12,0.91,-9.909629975497648,-9.90621968327366,-0.08038994569913142,-0.07358215419391528,-0.08943911521272165,-0.08051471265462427,-9.908139871032175,-9.898774140363882,-0.07674134851227793,-0.06913863691609055,-0.0869796053947484,-0.09129000805068478,2.6707688950976736,2.670083626879004,1.0845411940518286,1.1359145609306414,0.8050245343715117,0.8077412924404914
,-9.933,-0.105,-0.098,-9.887,-0.101,-0.072,2.66,1.05,0.84,-9.90725694196296,-9.90739085450574,-0.08080295120228091,-0.07495613634498728,-0.09109574361923622,-0.08127938865651166,-9.909397426260355,-9.8982592273172,-0.07864429114058367,-0.07053201520358719,-0.08704411070647837,-0.0904464070310839,2.6773964369694196,2.669642644278372,1.0946711448028168,1.1321572990876596,0.8083920441146663,0.809152047610562
,-9.892,-0.086,-0.105,-9.914,-0.096,-0.115,2.73,1.19,0.84,-9.905014282137069,-9.906717773368632,-0.08079644899894237,-0.07543911253738815,-0.0923891166430204,-0.08231675120516091,-9.910228777482706,-9.898947611264454,-0.0802987266067247,-0.07164579482902757,-0.087228613917086,-0.09152019798073087,2.6840990692668307,2.672282224660785,1.1062653295500644,1.1346869072318297,0.8116304137323205,0.8105011068758537
,-9.88,-0.079,-0.086,-9.914,-0.098,-0.05,2.73,1.26,0.77,-9.903027507249131,-9.90554933731635,-0.08035331014895196,-0.07559483918541496,-0.09324925747582488,-0.08247782902485937,-9.910590206464503,-9.899605890434238,-0.08165690132238178,-0.07279833112111136,-0.08752906540809215,-0.08970441432431445,2.690584238457362,2.67480636949252,1.1187625555696825,1.1401671668849518,0.8145557631249459,0.8087298906604089
34908.0,-9.902,-0.06,-0.11,-9.904,-0.089,-0.112,2.66,1.19,0.84,-9.901396704780387,-9.905394115785539,-0.07948976694654832,-0.07491283728045149,-0.09363824421362582,-0.0836814434264321,-9.910470273485071,-9.899798055999964,-0.08270018244372324,-0.07350687122900318,-0.0879297075597185,-0.09067945688309344,2.696585031353325,2.674158849368751,1.131630691166568,1.1423464831773555,0.8170622111971606,0.8100974119207732
,-9.904,-0.055,-0.12,-9.931,-0.045,-0.079,2.66,1.12,0.91,-9.900191701360182,-9.905333147563285,-0.07825591365822766,-0.07404199835758547,-0.09355533814729944,-0.0852697460997846,-9.909889076246447,-9.901162596216993,-0.08343663185052379,-0.07226019338567463,-0.088405304360898,-0.09016868458537984,2.7018699008410154,2.6735396469437203,1.1443877338647934,1.1413692147416257,0.8191232860616084,0.8144664056994674
,-9.926,-0.096,-0.117,-9.904,-0.089,-0.101,2.66,1.05,0.77,-9.899449712987753,-9.906236961482996,-0.07673393281564536,-0.07500227750963492,-0.09303813337348102,-0.0866573906498586,-9.90889494454994,-9.901286683087154,-0.0838955830793972,-0.0729922676227958,-0.0889248018404822,-0.09064236550367619,2.706249411828386,2.6729475238125766,1.1566104016644374,1.1373734070408907,0.82078138438431,0.8125217769005838
,-9.878,-0.081,-0.072,-9.887,-0.072,-0.089,2.8,1.05,0.77,-9.89917518853106,-9.905002087478024,-0.0750344309967571,-0.07526457313931328,-0.09215913436338763,-0.08601638574906126,-9.907559050612226,-9.900661890169111,-0.08412069047545664,-0.07294887324078683,-0.08945562690930786,-0.0905705406910676,2.7095810226257933,2.678503851118035,1.167934730991538,1.1335523461542376,0.8221280528693106,0.8106621916555015
34983.0,-9.914,-0.098,-0.079,-9.916,-0.093,-0.091,2.73,1.12,0.84,-9.899341377847902,-9.905395589033745,-0.07329076285653327,-0.076258851069646,-0.0910180611616291,-0.08570954138921087,-9.90596858591463,-9.901332664647695,-0.08416287960156846,-0.07382575991360593,-0.08996783719936081,-0.09058932203682653,2.7117723076168168,2.6807559084312405,1.1780556598245784,1.1329596676543812,0.8232788810867135,0.8119452084882184
,-9.878,-0.084,-0.084,-9.892,-0.079,-0.101,2.73,1.19,0.77,-9.899893318977284,-9.904197510381797,-0.07165086647305807,-0.07659739116322035,-0.08973114572458617,-0.08563477880460237,-9.904219281277026,-9.900924523531751,-0.08407413271100621,-0.07405204256735458,-0.09043748654523437,-0.09104460741158601,2.7127820420287705,2.6829094775613087,1.1867315402765926,1.1354541861843217,0.8243474953186194,0.8101108380434234
,-9.895,-0.067,-0.074,-9.928,-0.093,-0.098,2.66,1.33,0.84,-9.900752208093204,-9.903795279904989,-0.07026631054533804,-0.07617767288474542,-0.08841927176346762,-0.08512596039267616,-9.902407973966206,-9.902108602848607,-0.08390248595429407,-0.0748806848451356,-0.09084880542978951,-0.0913487843856906,2.7126184007938368,2.6819075879520113,1.1937954803781383,1.1439621684756076,0.8254228486824551,0.8114179669692037
,-9.916,-0.053,-0.089,-9.887,-0.077,-0.074,2.66,1.12,0.84,-9.901821193364523,-9.904329023296336,-0.06927893779937343,-0.0751640544131423,-0.08719676663356042,-0.08529538197892565,-9.900625706905723,-9.90144786529296,-0.0836882829785796,-0.07497336787672385,-0.0911950633457885,-0.09059007800474202,2.7113344863451316,2.680949513518618,1.1991706788920884,1.1429142420203797,0.826552775005635,0.8126679318289223
35059.0,-9.887,-0.077,-0.096,-9.897,-0.086,-0.086,2.73,1.26,0.77,-9.90299243956171,-9.903571181117988,-0.0688063168921215,-0.07524434497419004,-0.08616214371211359,-0.08576352209858183,-9.898951700406553,-9.901253348852826,-0.08346164354562681,-0.07545559049049975,-0.09147826285585706,-0.09038934224171519,2.7090224867748955,2.68309461580675,1.2028839315157025,1.1480346994381692,0.8277353326368951,0.8108019548578105
,-9.935,-0.055,-0.079,-9.876,-0.065,-0.084,2.8,1.26,0.84,-9.904154990513552,-9.904945643149524,-0.06892777910377311,-0.07435900837834698,-0.08539148760807962,-0.08546773610805944,-9.897448573482517,-9.90014895580205,-0.08324114234827278,-0.07499834097691017,-0.09170802792197964,-0.0901099200861864,2.70580783024176,2.688207185020984,1.2050711185232301,1.152931226254835,0.8289183412915936,0.8120788594909026
,-9.897,-0.079,-0.055,-9.902,-0.091,-0.108,2.66,1.33,0.84,-9.90520273301184,-9.904598160004639,-0.0696729420587631,-0.07456197072308518,-0.08493474017015894,-0.08413530466592861,-9.896159259541658,-9.90022990666369,-0.08303371244321814,-0.07569813414608435,-0.09190003972907677,-0.09089229869465455,2.7018438069061963,2.6869736132162836,1.2059698574690902,1.160674893218499,0.8300067124646079,0.8132999218429765
,-9.887,-0.048,-0.081,-9.902,-0.098,-0.103,2.59,1.26,0.77,-9.90604177638396,-9.903828547794836,-0.0710144348407312,-0.07340034831599615,-0.08481490647948231,-0.08399818983393958,-9.895105929000339,-9.900307317338655,-0.08283569215339606,-0.07667345135299954,-0.09207411914356259,-0.09142179920804856,2.6973064238279796,2.6827327109435273,1.2058966286101735,1.1650186322741114,0.8308764293328184,0.811406306344248
35135.0,-9.921,-0.036,-0.112,-9.907,-0.089,-0.103,2.73,1.26,0.91,-9.906596767146858,-9.904579498989374,-0.07286623777358923,-0.07176473614362683,-0.08502994906676349,-0.08522278007489183,-9.894290874210787,-9.900600005340761,-0.0826347486926371,-0.0772125226161865,-0.09225178335524241,-0.09192814331985867,2.6923894190977253,2.6847998294816344,1.2052086700136406,1.169172408594272,0.8313932240999656,0.8157180588471847
,-9.909,-0.06,-0.098,-9.876,-0.072,-0.086,2.73,0.98,0.84,-9.906815864746095,-9.904772818719978,-0.0750886419459281,-0.07125023436736933,-0.08555670038711524,-0.08578156033709619,-9.893698967867723,-9.899524184660276,-0.08241231299122757,-0.0769845657702301,-0.09245311203037523,-0.09166889056393276,2.6872996271701988,2.686776547678705,1.2042551411308546,1.160899418953668,0.8314332734339236,0.8167799697733275
,-9.909,-0.074,-0.081,-9.89,-0.057,-0.065,2.73,1.05,0.84,-9.90667415326153,-9.904957684088023,-0.07750012057866561,-0.07137048859874422,-0.0863556795826124,-0.085572450565599,-9.893301210100288,-9.899107667888009,-0.08214629891057881,-0.07611058997842382,-0.09269311675710448,-0.09050259228078823,2.68225228364123,2.688666818971133,1.2033265095080352,1.1560495058454598,0.8309028569870026,0.8177954406390169
,-9.897,-0.074,-0.103,-9.911,-0.086,-0.115,2.66,1.26,0.84,-9.9061752163961,-9.90460967436233,-0.07989526701652815,-0.0714854838073166,-0.0873756390069496,-0.0863346015420722,-9.893058991030903,-9.899627749759864,-0.08181413293488266,-0.07654307898286239,-0.09297827145684812,-0.09157392610683979,2.677464868885928,2.687413146207015,1.2026134959088668,1.1605955248324074,0.8297541787870995,0.8187665023859843
35211.0,-9.911,-0.146,-0.101,-9.871,-0.089,-0.06,2.73,1.12,0.84,-9.905350621104716,-9.90488913952426,-0.08206661889049487,-0.0747441927549773,-0.08855709183257623,-0.08697595664464416,-9.892928783028923,-9.898375785591531,-0.0813961573774224,-0.07708785176074476,-0.09330407850882512,-0.09019311816800707,2.673148053054349,2.6892755774297994,1.2021852893385825,1.1588201794800432,0.8279954819644555,0.8196950971377236
,-9.935,-0.105,-0.069,-9.907,-0.098,-0.105,2.66,1.19,0.84,-9.904257153340154,-9.906205963889063,-0.08382717085920091,-0.07606735600994767,-0.08983471839632386,-0.08618982242873933,-9.89286693291715,-9.898752944380119,-0.08087914901982453,-0.07800239308858282,-0.09365436910810576,-0.09084066069768142,2.6694935948220717,2.687995282112955,1.2019916427642825,1.1601837521811273,0.8256948237859529,0.8205830820837384
,-9.904,-0.053,-0.069,-9.878,-0.093,-0.096,2.52,1.12,0.7,-9.902971770088389,-9.90610949148837,-0.08503017689877576,-0.07505856197531804,-0.09113913949124353,-0.08543806785769198,-9.892834133278797,-9.897845365441178,-0.0802592808610831,-0.07865827651013461,-0.09400260394859856,-0.0910662917023169,2.6666608536557406,2.6806484219713598,1.2018875681509227,1.1584264146920855,0.8229779552807761,0.8153096778049441
,-9.892,-0.115,-0.098,-9.921,-0.067,-0.089,2.66,1.33,0.84,-9.901584468275088,-9.905492447608744,-0.08558359085949307,-0.07680530245118584,-0.09239891795925195,-0.08598743303864803,-9.892799083271823,-9.898857976388307,-0.07954375501996613,-0.07814843048389673,-0.09431497110303615,-0.0909759275209082,2.6647648940740662,2.679745414062684,1.2016747944843513,1.1659297631158927,0.8200213668562484,0.8163894482707363
35286.0,-9.883,-0.091,-0.084,-9.907,-0.077,-0.108,2.66,1.26,0.91,-9.900189741902802,-9.904508795777899,-0.08545776636717863,-0.07742607260813145,-0.09354364163307044,-0.08590051754678371,-9.89274081029645,-9.899214047749313,-0.07875068005169766,-0.07809820670355354,-0.09455471746979167,-0.09172043342590243,2.663869171215749,2.678881896982134,1.201151143628675,1.1700436933714433,0.8170413961695763,0.8204832753275583
,-9.876,-0.101,-0.084,-9.895,-0.081,-0.089,2.73,1.33,0.84,-9.898877834594826,-9.903262033769161,-0.08468617289509815,-0.07845702029522023,-0.09450850179890175,-0.08581740309001296,-9.892649208760192,-9.899029756743905,-0.07790730756311008,-0.07822510949058821,-0.09468697242695502,-0.09160146196638735,2.66398410088251,2.681117421390036,1.2001573441820752,1.1770389887082253,0.8142792821993938,0.821336791240547
,-9.895,-0.067,-0.093,-9.88,-0.067,-0.091,2.73,1.33,0.91,-9.897727189603389,-9.902900714059324,-0.08335963330333782,-0.07795597571414797,-0.0952401225281655,-0.08613151628585644,-9.892523716121724,-9.898197537174596,-0.07704712739366576,-0.0777342069577064,-0.09468332831969782,-0.09157515850779042,2.665070202984657,2.6832551806407183,1.198611265594458,1.1837283620224237,0.8119810836029564,0.8252142584305052
,-9.909,-0.089,-0.112,-9.859,-0.077,-0.117,2.66,1.12,0.77,-9.896799116614238,-9.903167451316502,-0.08161516612616226,-0.0784389589313432,-0.09570277831131885,-0.08726281074563275,-9.892370654561436,-9.89648332937129,-0.07620640377514158,-0.0777020982236669,-0.094525557507133,-0.09268705136701902,2.6670427134054218,2.682238172558194,1.1965228274341402,1.180941358977202,0.81037186549282,0.8227995987483478
35362.0,-9.902,-0.038,-0.127,-9.899,-0.081,-0.086,2.66,1.12,0.77,-9.89613491339076,-9.903116395706865,-0.07962104699381412,-0.07667046060327393,-0.09588367152560569,-0.08900061890429067,-9.892200277371924,-9.896593389766434,-0.0754206139938159,-0.0778463238400455,-0.09420799163630472,-0.09239460963570827,2.6697747854609086,2.6812656408207856,1.1939883373161777,1.1782762386499346,0.8096258998194379,0.8204905382636871
,-9.902,-0.096,-0.122,-9.885,-0.084,-0.091,2.73,1.12,0.7,-9.895754945732138,-9.903067572888641,-0.07755999638648117,-0.07751579042898722,-0.09579573825144042,-0.09044376560829373,-9.892024576385008,-9.896086381402212,-0.0747210782673558,-0.07811543971958226,-0.09373825809185578,-0.09233361981613238,2.6730982752082495,2.683396918059507,1.191168729599546,1.175727670799967,0.8098376555869059,0.8152211811610655
,-9.911,-0.093,-0.091,-9.916,-0.06,-0.108,2.59,1.12,0.7,-9.895658867843208,-9.90341447806263,-0.07561226846697056,-0.07819295422008042,-0.09547673863589494,-0.09046809115023999,-9.891856375446036,-9.896957254494069,-0.07413195266584137,-0.07732320555473363,-0.09313629352516999,-0.09301875039056448,2.6768033071142803,2.679312433745371,1.1882596509482957,1.1732905582915996,0.8110002499439557,0.810182266420766
,-9.895,-0.077,-0.081,-9.876,-0.079,-0.093,2.66,1.26,0.84,-9.895826320357648,-9.903046491576859,-0.07393997208528691,-0.07814078330373074,-0.09498427383881046,-0.09005402748955982,-9.891709524493004,-9.896040740555206,-0.07366776194211251,-0.07739653603235556,-0.09243181150177344,-0.09301793038838736,2.6806393386504612,2.678467851993214,1.185461231828386,1.1770825822887918,0.8129974528868932,0.8114862716022846
35438.0,-9.89,-0.041,-0.089,-9.885,-0.077,-0.079,2.66,1.26,0.91,-9.896217899209343,-9.90247593538178,-0.07267357799385003,-0.07651652256825167,-0.09438756908636865,-0.09000793219180028,-9.89159955966035,-9.895557900943887,-0.0733317490178278,-0.07737919450505684,-0.09166063265463287,-0.09240489070808937,2.6843209693183283,2.6776602059450436,1.1829525294572638,1.1807087714505617,0.815612188631227,0.8157945270214961
,-9.871,-0.057,-0.06,-9.94,-0.043,-0.096,2.66,1.12,0.77,-9.896776713395433,-9.901099412826103,-0.07190152120768263,-0.07566301549379215,-0.09375780830396277,-0.08869560914213634,-9.891544127077509,-9.897501466751555,-0.07311539389380513,-0.07587570505801676,-0.09086048580862477,-0.09256211396358328,2.6875412107218133,2.676887880308763,1.1808723839259145,1.178053822766256,0.8185501633843797,0.813791816105774
,-9.899,-0.079,-0.084,-9.861,-0.067,-0.053,2.59,1.05,0.84,-9.897431211771668,-9.901007600173873,-0.07166389374036077,-0.0758089502971594,-0.09315907651098684,-0.08849025823458123,-9.891562612027796,-9.895905164951802,-0.07299940791095479,-0.07548754794491727,-0.09006703674929242,-0.09083196229181868,2.6899934049497674,2.6730880527386116,1.17930681667679,1.1724537040329945,0.8214739468684081,0.8149379665167518
,-9.892,-0.055,-0.112,-9.904,-0.093,-0.117,2.73,1.19,0.84,-9.898099950885662,-9.900613674952542,-0.0719510010923592,-0.0748989220772964,-0.09264152523339622,-0.08951839892129061,-9.891674654594278,-9.896259172637139,-0.07295628510734876,-0.07625341192851756,-0.08931087779956129,-0.09197635700816989,2.691400763885398,2.675576956662914,1.1782831930871949,1.1732210480967757,0.824041778841252,0.8160339928607631
35514.0,-9.878,-0.093,-0.096,-9.892,-0.077,-0.074,2.8,1.33,0.84,-9.898698554005987,-9.899624721542219,-0.07270692321332227,-0.07569052816431021,-0.09223750293428244,-0.08980185578995953,-9.891897590328961,-9.896072908205838,-0.07295407479206484,-0.07628606212009185,-0.08861592014266853,-0.09119020528335176,2.691549977625102,2.6810182921950307,1.1777714369549703,1.180077389645727,0.8259459576409314,0.8170820871904958
,-9.914,-0.057,-0.086,-9.88,-0.084,-0.108,2.73,1.19,0.84,-9.899148454954801,-9.900253388960717,-0.07383750322142504,-0.07487314392191581,-0.09196052509689316,-0.08963559098528147,-9.892243254895995,-9.895369999129036,-0.07296058212481826,-0.07662341220535515,-0.08799916599264979,-0.09192534027785179,2.6903230032818217,2.6831603866170495,1.1776913871184425,1.1805113305849932,0.8269466049782037,0.8180843456946095
,-9.921,-0.084,-0.096,-9.88,-0.081,-0.093,2.8,1.12,0.84,-9.899386363984618,-9.901160690926586,-0.07522170551580458,-0.07527228450666787,-0.09180648272851932,-0.08991392274750087,-9.89271484219181,-9.894697830050493,-0.07294701834225126,-0.07681481149955109,-0.08747145333148232,-0.09197233787551719,2.6877200378962467,2.68827007950679,1.1779239999174629,1.1778650164909412,0.8268973873633,0.8190427728901125
,-9.926,-0.062,-0.072,-9.902,-0.055,-0.05,2.66,1.05,0.84,-9.899372916394396,-9.90224697696677,-0.07672507680220954,-0.07469185381359408,-0.09175645853687542,-0.08913050143139072,-9.893304508159249,-9.895017172478891,-0.07289036433006647,-0.0758607944159362,-0.08703866642976654,-0.09013678099374794,2.683867881045651,2.687033757166568,1.1783243439693543,1.1722731547353826,0.8257605947488973,0.8199592856313958
35590.0,-9.873,-0.093,-0.117,-9.89,-0.086,-0.108,2.66,1.26,0.91,-9.89909886806902,-9.900967932420777,-0.07821396456797397,-0.07549251552142087,-0.09178065429408645,-0.0903493053503144,-9.893992195607607,-9.894797758790334,-0.07277420477699593,-0.07630420761442656,-0.08670305447197046,-0.09091798490654221,2.6790113085903475,2.6858515023406793,1.178735889500336,1.1761096723727598,0.8236099559524177,0.82389699463843
,-9.899,-0.074,-0.081,-9.923,-0.072,-0.101,2.59,1.19,0.84,-9.898587617867225,-9.900881869740434,-0.07956906662533783,-0.0754272440289294,-0.09184296199299008,-0.08994043649420186,-9.894745817211751,-9.896031114389617,-0.07258823286222757,-0.07611597368924812,-0.08646445115210886,-0.09135889701970074,2.673489250113457,2.6816596728249835,1.1790062979547105,1.1767171316603942,0.8206207480217285,0.8246012199402529
,-9.933,-0.136,-0.105,-9.876,-0.074,-0.093,2.73,1.26,0.77,-9.897893561333156,-9.902286477108325,-0.08069680232969138,-0.07807624441104258,-0.09190563566519666,-0.09059902943490229,-9.89552266810247,-9.895155102908522,-0.07232686006743583,-0.07602343678843355,-0.08632116719139385,-0.09143066661895714,2.6677006870938587,2.683773718043914,1.179003800408792,1.1803593029058377,0.8170483437112838,0.822213369987468
,-9.907,-0.081,-0.108,-9.878,-0.062,-0.074,2.59,1.12,0.7,-9.897096401851304,-9.90249261142962,-0.08153706769502392,-0.07820410766487988,-0.091933510351402,-0.0913600180499506,-9.896271927969147,-9.894404866710229,-0.07198744854368969,-0.07541015629928358,-0.08627027834220147,-0.09066837932009035,2.662066242041244,2.679672755309956,1.1786317549551315,1.1777196373681162,0.8131983897765338,0.8168686690801696
35665.0,-9.878,-0.069,-0.069,-9.885,-0.069,-0.089,2.66,1.19,0.84,-9.896291958369003,-9.901421487357489,-0.08206638607088675,-0.07780158867213466,-0.0918973867566797,-0.09038215769988389,-9.896938294300325,-9.893993568014805,-0.0715687333373696,-0.075129823892181,-0.08630721061910822,-0.09059541685725409,2.656990679621058,2.678812415781106,1.177838845909177,1.1782566887996193,0.8093936004354272,0.8178802609000083
,-9.907,-0.06,-0.081,-9.916,-0.06,-0.072,2.66,1.19,0.77,-9.895580472052597,-9.90166544987636,-0.08229633966793785,-0.07702308001029949,-0.091776521680013,-0.08997185212712923,-9.897466846512033,-9.894955965148684,-0.07107001802548579,-0.07446815828642857,-0.08642489153072985,-0.08978219207375661,2.652830061782068,2.6779897010838183,1.1766236202088187,1.1787702536087217,0.8059424715399012,0.8157863355471586
,-9.854,-0.077,-0.079,-9.895,-0.06,-0.084,2.66,1.19,0.84,-9.895054012266767,-9.89958091875487,-0.08226811292985542,-0.07702207066286065,-0.09156045840719473,-0.08949202518164345,-9.897808938027941,-9.894957890904514,-0.0704916090260826,-0.073835428997249,-0.08661298290747288,-0.08952932213631892,2.64986591424103,2.677202965788698,1.1750333966944146,1.1792613589250414,0.8031136677402705,0.8168452605598916
,-9.897,-0.101,-0.134,-9.907,-0.041,-0.084,2.59,1.19,0.84,-9.894785001971398,-9.899468048626076,-0.08204444740837155,-0.0780706863805721,-0.09125045849335538,-0.09143847190361891,-9.897928404514111,-9.895484522904066,-0.06983663698984428,-0.07239945233470281,-0.08685764716748852,-0.08928751084315387,2.6482877029073353,2.673389358730667,1.173158290285225,1.1797309869592112,0.8011174541947066,0.8178578760937444
35741.0,-9.88,-0.108,-0.086,-9.895,-0.112,-0.112,2.66,1.12,0.77,-9.89481780409726,-9.898616661440158,-0.08170012234016126,-0.07937957124049352,-0.09086050384186406,-0.09120063372175248,-9.897807044072916,-9.895463333487514,-0.0691138996963207,-0.07413128480980703,-0.08714199569266452,-0.09028078564947045,2.648184188461232,2.672803808084586,1.1711214549003923,1.1771187992728112,0.8000938251098104,0.8157649296852963
,-9.878,-0.093,-0.081,-9.923,-0.103,-0.086,2.66,1.12,0.77,-9.895164723380336,-9.897715042500137,-0.08131166836407014,-0.07997522716550558,-0.09041753639239217,-0.09075453411486611,-9.897448350834443,-9.896667581815732,-0.06834072667204673,-0.07539378700809665,-0.08744703301384045,-0.09009357602627603,2.6495436825500356,2.6722438650546736,1.1690670768912268,1.1746208491849568,0.8001065653460802,0.8137635131362189
,-9.914,-0.038,-0.053,-9.883,-0.067,-0.067,2.59,1.12,0.77,-9.89580690228739,-9.89842722503085,-0.08094699770548937,-0.07813954392775069,-0.08996064976395769,-0.08910343249841415,-9.896878760122757,-9.896069863767874,-0.06754439306204159,-0.07502670539466562,-0.08775276565192258,-0.08908363532377304,2.6522625867594636,2.6686471320603826,1.1671478871942358,1.1722321407954723,0.801142923666096,0.8118496236134138
,-9.88,-0.057,-0.12,-9.895,-0.081,-0.096,2.73,1.26,0.77,-9.896699684994452,-9.897621355702876,-0.08065613377347587,-0.07721505800921241,-0.08953924061233134,-0.09045461782596925,-9.896146045985628,-9.896023075909463,-0.06676073563342164,-0.07528793273092159,-0.08803927473485797,-0.08938610550820562,2.656160780835189,2.671330248719189,1.1655133589373723,1.1760704520765553,0.8031188935283391,0.8100194333378357
35816.0,-9.895,-0.065,-0.132,-9.954,-0.067,-0.089,2.66,1.26,0.91,-9.897781281196519,-9.897506717163697,-0.08046474448123699,-0.07668086251463409,-0.08921021876604399,-0.09227150285108857,-9.89531493250868,-9.89855855397394,-0.06602949984790543,-0.07492548039374174,-0.08828778081428709,-0.08936922013420578,2.661001660516302,2.6708347481809454,1.1642982274536697,1.1797409042617915,0.8058895583455771,0.8143918373179098
,-9.935,-0.067,-0.069,-9.84,-0.036,-0.093,2.73,1.19,0.84,-9.89898306594201,-9.899146393598553,-0.08037205484735627,-0.07625749382207041,-0.08903416206714031,-0.09125378095687059,-9.89446040851361,-9.895997639758198,-0.06538717686260676,-0.07322317032407598,-0.0884818002388176,-0.08952800335444512,2.6665141894731037,2.673422194833552,1.1636095602121639,1.1801895605610628,0.8092627337797496,0.8155117472781314
,-9.902,-0.077,-0.067,-9.871,-0.053,-0.086,2.59,1.12,0.84,-9.900239607222293,-9.899271189050348,-0.08035375367041922,-0.07628996550207777,-0.08907024434392301,-0.09019310154758098,-9.89365968760254,-9.894904429515247,-0.06485907973695408,-0.0723387597494341,-0.08860838767192662,-0.0893737148119445,2.672414512452832,2.669773930486849,1.163510837008585,1.177557318286968,0.813013268052346,0.8165826807329092
,-9.928,-0.132,-0.086,-9.895,-0.05,-0.091,2.66,1.12,0.77,-9.901496555140094,-9.900527572881053,-0.0803691501518498,-0.07872630673018724,-0.08937018470396418,-0.09000972657274764,-9.89298416630857,-9.89490860905515,-0.06445280346587817,-0.07136182907881301,-0.08865937252469266,-0.08944483639153124,2.6784255562446546,2.6693464916956082,1.1640037792365165,1.1750401906494472,0.8168958658503068,0.8145455018546646
35892.0,-9.897,-0.081,-0.11,-9.904,-0.045,-0.077,2.73,1.19,0.77,-9.902714958328216,-9.900373303164248,-0.08037070801696175,-0.0788257411086299,-0.08997199584844266,-0.09088395197488436,-9.892492790739173,-9.895306198659599,-0.06415494217471142,-0.0702089593738861,-0.08863253016484093,-0.08890059210500337,2.6842940708603584,2.671999023582247,1.1650115919428352,1.1756944210877136,0.8206561270933258,0.8125974139801293
,-9.933,-0.091,-0.086,-9.876,-0.067,-0.084,2.66,1.12,0.84,-9.90387139391644,-9.901800151439506,-0.08031364627128797,-0.07935815235421671,-0.09089441467477992,-0.09067036435714627,-9.89222772959393,-9.894461889583571,-0.06393213276839906,-0.07006862343454615,-0.08853269597978716,-0.08868627677213434,2.68980490089383,2.6714742758215615,1.166368984145707,1.173258762673667,0.8240413874412424,0.8137957986280425
,-9.878,-0.067,-0.077,-9.904,-0.069,-0.077,2.73,1.05,0.77,-9.904954298441387,-9.900759310400545,-0.08016367935723284,-0.0788176989806874,-0.09213262658478974,-0.09007252462168827,-9.89221247444067,-9.894879015364506,-0.06373644312941594,-0.07002188981906067,-0.0883727990001109,-0.08817520622336074,2.6947917965900983,2.6740337543070076,1.1678242082836556,1.1678683440904796,0.8268135968456923,0.8118804971787236
,-9.897,-0.093,-0.086,-9.899,-0.057,-0.132,2.8,0.98,0.77,-9.90595780676338,-9.900594906213747,-0.07990187546568628,-0.0794379270059294,-0.09365566337543976,-0.08989442278190786,-9.892451942976036,-9.895059236483705,-0.06351413606135281,-0.06945240952130104,-0.08817459959649475,-0.09009177570413182,2.6991435115667386,2.679542577995556,1.1690569349612132,1.1596523845009847,0.8287656046321921,0.8100489567237621
35968.0,-9.887,-0.077,-0.115,-9.887,-0.089,-0.077,2.66,1.33,0.91,-9.906875040526812,-9.900000366454451,-0.07952649020512009,-0.07933131026930022,-0.09540577925183794,-0.09099235340397928,-9.892933980959272,-9.89470678561396,-0.0632161424210312,-0.07030727527435009,-0.08796864167096702,-0.08951923911921321,2.7028040630167904,2.678687931451119,1.1697132241445463,1.1671021181529333,0.8297404479800606,0.8144200695712247
,-9.866,-0.089,-0.093,-9.899,-0.067,-0.096,2.59,1.19,0.84,-9.907692946109965,-9.898513444119716,-0.07905215338647315,-0.07975414661512192,-0.09729998819672019,-0.09108015288601948,-9.893631696083325,-9.894894538777356,-0.06280827053704986,-0.07016263973110864,-0.08779281205816473,-0.08980265924389413,2.7057670951600916,2.674809383075096,1.16945482636336,1.1681035006522111,0.8296512366373826,0.8155387448633414
,-9.909,-0.043,-0.091,-9.899,-0.079,-0.081,2.73,1.19,0.91,-9.908390323401267,-9.898972047828407,-0.07850702021004387,-0.07814679448351013,-0.09923373163192986,-0.09107664759684633,-9.89450619524961,-9.895074081018306,-0.0622792607325956,-0.0705491199292417,-0.08768914358002003,-0.0894176966096725,2.7080658387327188,2.6772230088541997,1.1680153105179925,1.1690610901527936,0.828497577245533,0.8196697753396732
,-9.938,-0.105,-0.096,-9.895,-0.086,-0.098,2.73,1.26,0.84,-9.908939654137672,-9.900678839249041,-0.07792861781156979,-0.07932115332741213,-0.10108651356279613,-0.09129195829533032,-9.895509472800972,-9.895070841267321,-0.06164521882670317,-0.07122482613668207,-0.08769901228871008,-0.08979302252304594,2.7097610522515003,2.679531080651012,1.1652523039644156,1.1730380795281699,0.8263739478710079,0.820558867672196
36044.0,-9.909,-0.077,-0.091,-9.876,-0.034,-0.077,2.8,1.26,0.84,-9.90931204126863,-9.901042744731885,-0.07735913346225053,-0.07921964340017365,-0.10272933356489367,-0.09127919021794152,-9.89658735988835,-9.89423682496751,-0.060949671792815116,-0.06959688999477592,-0.08785735849461711,-0.08923355117311899,2.710928705154672,2.6847994923036143,1.1611850184795087,1.1768411450626024,0.8234665275840798,0.8214090777400631
,-9.933,-0.05,-0.122,-9.899,-0.069,-0.081,2.73,1.26,0.84,-9.909483534346517,-9.902440316628018,-0.07684076601940577,-0.07794179422043288,-0.10403368364930798,-0.092622689214262,-9.897682554235736,-9.894445130702966,-0.06025935579824021,-0.06957078648010348,-0.08818682364582982,-0.08887347707950903,2.7116477524721954,2.6867762252463354,1.156008801040587,1.1804778928871602,0.8200373562274943,0.8222221059634104
,-9.923,-0.079,-0.103,-9.923,-0.038,-0.091,2.59,1.19,0.77,-9.909440791497472,-9.90333944377248,-0.07641158552724858,-0.07798807224542098,-0.1048816400183502,-0.0930765153576499,-9.898737733167978,-9.895693907623652,-0.0596566350914531,-0.06819011584511786,-0.08869276454974072,-0.08896647532498499,2.7119878751096316,2.6825439552505728,1.150082620639729,1.1808943188030039,0.8163973898237195,0.8199383007041962
,-9.921,-0.098,-0.074,-9.919,-0.069,-0.072,2.73,0.98,0.84,-9.909184458741894,-9.904111784727503,-0.07610218722479718,-0.07886324464626104,-0.1051762961378231,-0.09224225091546508,-9.899698586578252,-9.896713142205614,-0.059229890816743666,-0.06822553413509587,-0.08936002702501372,-0.0882244882897498,2.7119981267982,2.684619328554288,1.1438906229350552,1.1721087002729889,0.8128721855368823,0.8208156497408786
36119.0,-9.895,-0.077,-0.117,-9.883,-0.077,-0.096,2.66,1.05,0.77,-9.908729524563276,-9.90371330325117,-0.07593323025631311,-0.07878176022804713,-0.10485160070674802,-0.09332497013029686,-9.900516486514535,-9.896113431686251,-0.0590632142513874,-0.06860926380128558,-0.09015213458698436,-0.08856453115491868,2.7116987871037455,2.6835426628206234,1.1379842699209137,1.166768576838008,0.8097652058320849,0.8185933523825546
,-9.895,-0.074,-0.144,-9.864,-0.048,-0.091,2.73,1.26,0.77,-9.908102878669142,-9.90333224838134,-0.0759137641346844,-0.07857264171481124,-0.10388053374247065,-0.09554111782469188,-9.901150708210158,-9.8947090297989,-0.05922648433896138,-0.06770796837878985,-0.09101320859289136,-0.08867104038993394,2.7110787708783546,2.6855743601070885,1.132915247448968,1.1708458236401682,0.8073240692011125,0.8164682417289957
,-9.907,-0.053,-0.117,-9.914,-0.053,-0.065,2.73,0.98,0.7,-9.907339070443385,-9.903492648470184,-0.07604026527240192,-0.07745428517665848,-0.10228038903067924,-0.09647956921543364,-9.901570549748783,-9.89555267289578,-0.05976673182739765,-0.06706475158551516,-0.09187256065660394,-0.08763584570491913,2.7100994756977967,2.6875172061137675,1.129169723791954,1.1624996513116554,0.8057146501490295,0.8113747898644065
,-9.895,-0.089,-0.091,-9.876,-0.034,-0.112,2.73,1.19,0.84,-9.906475585479772,-9.903121243394057,-0.07629653189952969,-0.07795920859459589,-0.10011393945900354,-0.09623993374379633,-9.901757880087853,-9.89469758487573,-0.0607017308753596,-0.06561874606405038,-0.09265154335169497,-0.0887013520204706,2.708704074733821,2.6893750865326744,1.1271122566942393,1.1637023113692309,0.8050067573048436,0.8126266429685226
36195.0,-9.892,-0.069,-0.103,-9.921,-0.057,-0.091,2.66,1.05,0.84,-9.905548791447991,-9.90263488318924,-0.0766547296467311,-0.07756739965986868,-0.09748577286768514,-0.09653556860155889,-9.901710243484956,-9.895847856257603,-0.06201681729431467,-0.06524182642004557,-0.09327190917114019,-0.08880187773171651,2.7068300964144796,2.6880904394301584,1.1269447896769724,1.158729820660568,0.8051730678430508,0.8138237493585758
,-9.938,-0.062,-0.084,-9.931,-0.048,-0.105,2.73,1.05,0.77,-9.904591232802211,-9.904181489521465,-0.07707774242488047,-0.07688659775501239,-0.09453401349903898,-0.09598735636516345,-9.901443874787757,-9.897385148736918,-0.06366568651054356,-0.06448779758244665,-0.09366460577332669,-0.08951026273732351,2.704422941488797,2.6899232509009905,1.1286840237546873,1.1539747895932264,0.8061003681303991,0.8119072255528579
,-9.878,-0.096,-0.112,-9.916,-0.096,-0.101,2.73,1.19,0.84,-9.903630431520204,-9.903036506523172,-0.07752266151548341,-0.07772247535441758,-0.0914184923767054,-0.09668762991929367,-9.90099535441283,-9.898199223436317,-0.06557526954587148,-0.06586590618766174,-0.09377772340030512,-0.09001273811443442,2.701448316783007,2.691675908873625,1.132158647187163,1.155550263494048,0.8076099178991536,0.8131357938927339
,-9.899,-0.091,-0.074,-9.904,-0.057,-0.101,2.73,1.19,0.84,-9.9026889712533,-9.902859979846271,-0.07794492501843857,-0.07830313521206815,-0.08830687328568312,-0.09569544227054025,-9.900420563708689,-9.898452906120676,-0.06765395154285918,-0.06547817760403724,-0.09358234891705519,-0.09049323896777418,2.697901879772544,2.6933519186640065,1.1370258165117326,1.1570568379218575,0.8094827252794695,0.8143106338203955
36271.0,-9.911,-0.091,-0.069,-9.89,-0.069,-0.127,2.73,1.12,0.84,-9.901785473509342,-9.903215963590975,-0.07830242009425277,-0.07885840134014287,-0.08536037819222503,-0.09452798281386446,-9.899790187366337,-9.898083239078378,-0.0698017584245236,-0.06563219583753309,-0.09307539994024476,-0.09208977229985944,2.693814703664936,2.694954632291716,1.1428041232999404,1.1554362483310225,0.8114855940426174,0.8154340950156979
,-9.921,-0.034,-0.069,-9.916,-0.086,-0.062,2.66,1.12,0.84,-9.900936016314622,-9.903993704647789,-0.0785589015076347,-0.07689662957681453,-0.08272077939852567,-0.09341157932281641,-9.899181979559597,-9.898866784515047,-0.07192091345644219,-0.06652293161707974,-0.09227904408143434,-0.09077387017451956,2.68925395009456,2.693425977489521,1.148918953492025,1.1538865312368496,0.8133945077946299,0.8165084244010317
,-9.89,-0.115,-0.074,-9.887,-0.079,-0.096,2.59,1.05,0.77,-9.90015549024357,-9.903381724420624,-0.0786863908547501,-0.07856298669054772,-0.0805002023486469,-0.09256266168287743,-9.89867090334122,-9.898347819904458,-0.07392527783169323,-0.06706858549041173,-0.09123697986051839,-0.09100242209828018,2.684319516267931,2.688902896947816,1.154756098369605,1.149343309510662,0.8150130877230359,0.8144744929406792
,-9.909,-0.079,-0.091,-9.856,-0.103,-0.074,2.66,1.19,0.77,-9.899458423600473,-9.903627425873662,-0.07866657559700209,-0.07858209839192516,-0.07877486582122187,-0.09249432252067993,-9.898318780820675,-9.896495842240405,-0.07574743979223827,-0.0686399574585491,-0.09000852272813448,-0.09025886301939817,2.6791387599084278,2.6876388998944956,1.159719849630439,1.1511213297924723,0.8161853542579298,0.812529510466208
36347.0,-9.904,-0.065,-0.038,-9.914,-0.069,-0.069,2.66,1.19,0.84,-9.898859066274403,-9.903643719485983,-0.07849137663899927,-0.07798811875118879,-0.07758321224123331,-0.09011114746341123,-9.89816523079901,-9.897261343493408,-0.0773425648822521,-0.06865570303285211,-0.0886618342864063,-0.08932915897409152,2.673861647640936,2.686430180640964,1.1632912351341715,1.1528215927338676,0.8168032440765897,0.8137308647071576
,-9.885,-0.069,-0.089,-9.897,-0.089,-0.101,2.73,1.33,0.91,-9.89837091673465,-9.902828382305914,-0.07816285780312096,-0.07759504550192556,-0.07692817563845683,-0.09006255416419655,-9.89822143036024,-9.897249914279023,-0.07868865569251675,-0.06954541078307462,-0.08726755563251581,-0.08983955447849913,2.6686573089282013,2.6883355994432026,1.1650803031529235,1.1605700542497073,0.8168096222311131,0.8179409583720099
,-9.859,-0.098,-0.101,-9.892,-0.05,-0.101,2.73,1.26,0.77,-9.898006207113005,-9.900911655889649,-0.07769268309300639,-0.07848740595995418,-0.07678273642930995,-0.09054087643522253,-9.898467647180908,-9.897020322200731,-0.079783563791307,-0.06869064035364837,-0.08589362557539273,-0.09032762909186375,2.663710719054646,2.6901576894443275,1.1648648510869508,1.164918378179558,0.8161970041436538,0.8158443785646294
,-9.899,-0.074,-0.086,-9.892,-0.086,-0.069,2.73,1.19,0.84,-9.897775957394824,-9.90082805432487,-0.07710134812822347,-0.07829116030607816,-0.07709741883089143,-0.09034229238172861,-9.898854790920884,-9.896800770766841,-0.08063971773738408,-0.06944762259066627,-0.08460147882210801,-0.089394917731646,2.6592166290792645,2.6919000948243412,1.1626086326076688,1.1660152611712795,0.8150018606543136,0.8169007652088667
36423.0,-9.926,-0.053,-0.098,-9.899,-0.096,-0.084,2.66,1.12,0.77,-9.897690915131273,-9.901928887408044,-0.07641734146239024,-0.0771851136644678,-0.07780811353999288,-0.09067718337491043,-9.899309723011084,-9.896896948643935,-0.08127781816860796,-0.07060882545779239,-0.08344345070604682,-0.0891589842842819,2.655368143206222,2.690505022699515,1.158455663927859,1.1640028969908554,0.8132949839765012,0.8148496756890333
,-9.911,-0.067,-0.072,-9.88,-0.074,-0.072,2.59,1.12,0.84,-9.897763019795741,-9.902325590188642,-0.07567630878850302,-0.07673969278908403,-0.07884279979172974,-0.08986038273403213,-9.89974376571672,-9.896158002186954,-0.08172065440235453,-0.07075713012899491,-0.08246116404094195,-0.08840857834357407,2.6523396089608187,2.6861096829255997,1.1527026554037458,1.1620785386044128,0.811169541466672,0.8159495632150663
,-9.926,-0.103,-0.072,-9.899,-0.067,-0.129,2.52,1.05,0.77,-9.898006376207293,-9.90336093222701,-0.07492020635277145,-0.07788812268501528,-0.08012641900731289,-0.0890793028586219,-9.900063569338133,-9.89628228996571,-0.08198794297235007,-0.0705928212910066,-0.08168474800913385,-0.09018374425363673,2.6502666250381215,2.6788452848230473,1.1457564545786942,1.157177059600691,0.8087291925129243,0.8139400721730411
,-9.878,-0.077,-0.055,-9.935,-0.06,-0.053,2.66,1.05,0.77,-9.89843664574594,-9.90225183428218,-0.07419620794787507,-0.07784928282550663,-0.08158397579207574,-0.08758892843455317,-9.900183111845518,-9.897975513710133,-0.0820929223568803,-0.07012957032615146,-0.0811327544536838,-0.08855760472676222,2.6492281992667217,2.6780211326791177,1.1380857428248141,1.1524899347161703,0.8060786289846605,0.812018461275362
36498.0,-9.904,-0.093,-0.098,-9.916,-0.086,-0.065,2.66,1.19,0.77,-9.899068404020907,-9.902328286006727,-0.07355484516113205,-0.07851186214753202,-0.08314247136352486,-0.08804423102253922,-9.900035195979703,-9.898763770250616,-0.08204130748153975,-0.07082362450275857,-0.08081268778243506,-0.08752737087125351,2.6492359680744273,2.677233022800546,1.1301755639614743,1.1541303450900586,0.8033183390114189,0.8101808873002336
,-9.878,-0.069,-0.108,-9.883,-0.086,-0.069,2.66,1.05,0.77,-9.899910944663013,-9.901264348302476,-0.07304684622511064,-0.07809588427002791,-0.08473228874897255,-0.08891694745749726,-9.899580630966257,-9.89807438056134,-0.08183285749450026,-0.0714873259283712,-0.08072227208377196,-0.08671712191145807,2.65023296228707,2.6764793789675756,1.1224903345161257,1.1495764607651506,0.8005443979996472,0.8084236750997057
,-9.914,-0.06,-0.084,-9.938,-0.067,-0.089,2.66,1.19,0.91,-9.900963669846805,-9.901821310680567,-0.0727185637432346,-0.07730450531462965,-0.0862883093398434,-0.08870191686354573,-9.898813589221177,-9.899820429250285,-0.08146518737158794,-0.07129108377447946,-0.08085173115579582,-0.08681695796533935,2.652101278338532,2.6757586938925404,1.1154472252514152,1.1513442847507493,0.7978525820056462,0.8128658656383538
,-9.892,-0.072,-0.072,-9.911,-0.115,-0.06,2.66,1.19,0.84,-9.902212349842172,-9.901391799833181,-0.07260651744160551,-0.07707252583177293,-0.08775078482601739,-0.087971499641409,-9.897762368915052,-9.90030934025843,-0.08093881413025092,-0.0732025856357858,-0.08118712871436913,-0.0856441843188633,2.65467593130293,2.67506952620529,1.1093987152447569,1.1530347973058497,0.7953443746823082,0.8140525102137903
36574.0,-9.871,-0.077,-0.074,-9.856,-0.091,-0.112,2.73,1.05,0.77,-9.903627287003996,-9.900062689277114,-0.07273204688478815,-0.0770693540930432,-0.08906609997718452,-0.08736049049554048,-9.896485689623757,-9.898371580329991,-0.08026204976408723,-0.07398091174453915,-0.08171423788772485,-0.08679679104264484,2.6577616185885606,2.677471775264939,1.104621649132854,1.1485288240665852,0.7931314353704839,0.8121259821151661
,-9.907,-0.036,-0.091,-9.873,-0.098,-0.112,2.66,1.05,0.77,-9.905164014311774,-9.900366075485339,-0.07309717502668996,-0.07527328698429928,-0.09018783688360472,-0.08751965548503877,-9.895065482980801,-9.89726201671659,-0.07945435740672836,-0.07503132744623041,-0.08242183593902862,-0.08789899134851169,2.6611495986924023,2.6767076901806295,1.1013104028546183,1.1442199084754539,0.7913356800955638,0.8102837059807722
,-9.899,-0.091,-0.084,-9.914,-0.053,-0.096,2.52,0.98,0.77,-9.906766643095507,-9.900306333536593,-0.07368257736292023,-0.0759610560666219,-0.09107856092703707,-0.08736573201605831,-9.89359771335736,-9.897994011214822,-0.07854721069323932,-0.07406784157064308,-0.08330309106252795,-0.08825326902119252,2.6646329040466115,2.6698544650877047,1.0995730553811307,1.137038155006785,0.7900840106727776,0.8085219972583398
,-9.954,-0.06,-0.091,-9.89,-0.081,-0.101,2.73,1.33,0.84,-9.908373291797272,-9.902654493872017,-0.0744481526219108,-0.07526303856780438,-0.09171235569224481,-0.08752466778055878,-9.892182791049347,-9.897644412811658,-0.07758225064375163,-0.07437100245599236,-0.08435403422898274,-0.08881071592437918,2.6680192884043956,2.67248478200842,1.0994303150652331,1.1454768663205712,0.7894985252098937,0.8098986102249125
36649.0,-9.916,-0.093,-0.127,-9.887,-0.091,-0.062,2.73,1.19,0.77,-9.909922335285973,-9.903238126732463,-0.07533617421444203,-0.07603872091638122,-0.09207758031385932,-0.08925102426635723,-9.89091662281166,-9.89717890561864,-0.07660729916995655,-0.07509823073118052,-0.08556902275282471,-0.08763821525819969,2.671141915403677,2.6750000684931523,1.1008163647470102,1.147423975978022,0.7896837259675462,0.8081537427174467
,-9.909,-0.077,-0.103,-9.892,-0.067,-0.067,2.73,1.05,0.84,-9.911357922507017,-9.903490108076925,-0.07627649111051071,-0.0760807600909078,-0.09217893434967807,-0.08985230187686383,-9.889882742269796,-9.896952418929322,-0.07567122396792056,-0.07474407454400649,-0.08693431012054362,-0.08673565371500004,2.6738673198768836,2.6774053551148707,1.103579796462789,1.1431633781984523,0.7907120992579662,0.8095464603899041
,-9.916,-0.072,-0.077,-9.904,-0.043,-0.069,2.66,1.05,0.77,-9.912633580698698,-9.904037197406991,-0.07719293667689135,-0.07590229809315274,-0.09203791794985573,-0.08929023809031421,-9.889145675945883,-9.897260627539776,-0.07481873654891877,-0.0733558255820959,-0.08842179395888788,-0.08596002855621578,2.676099435392852,2.676644174752331,1.1074836327229143,1.1390891071752793,0.792609404538565,0.807816993288653
,-9.902,-0.079,-0.091,-9.897,-0.084,-0.045,2.66,0.98,0.7,-9.91371353880032,-9.903948105592972,-0.07801008158075516,-0.07603776846103281,-0.09169122936603388,-0.08936501031884288,-9.888745708781933,-9.897249229635861,-0.07408613790540478,-0.0738213223495498,-0.08998525792155276,-0.08416874253071939,2.6777789166730277,2.6759162827392955,1.1122064695274552,1.1321317366719688,0.7953414918604204,0.8031018824794909
36725.0,-9.914,-0.084,-0.081,-9.852,-0.067,-0.117,2.59,1.12,0.84,-9.914572154998114,-9.904387700452052,-0.07865961891562898,-0.0763859770582984,-0.09118732335382448,-0.08899918718308233,-9.888695363238975,-9.895270365959046,-0.0734988359915583,-0.07352300860732706,-0.09156082160115697,-0.08560453676175812,2.6788787319273535,2.6721589455972503,1.1173495622561205,1.1316011850309786,0.7988050713156456,0.8047155308242644
,-9.933,-0.089,-0.101,-9.885,-0.065,-0.086,2.66,1.12,0.84,-9.915192197937348,-9.905638988943396,-0.07908582122156949,-0.07693762030214404,-0.09058184485003265,-0.08952401319154175,-9.888978128987455,-9.894821216784408,-0.07307104016177236,-0.0731502758053336,-0.09307208355454785,-0.08562183137304698,2.679398633393111,2.671627204040888,1.1224546150039323,1.1310938357600506,0.8028248612785127,0.8062586102306863
,-9.892,-0.079,-0.089,-9.887,-0.072,-0.108,2.73,1.12,0.77,-9.915562753570999,-9.905042521334428,-0.0792496119582106,-0.07702781340166708,-0.08993273200877999,-0.08950109676447197,-9.889550110349619,-9.894479175120324,-0.0728074618152026,-0.07309997132439965,-0.09443904911096462,-0.0866004854939211,2.679361237277786,2.674179994587096,1.1270341093040739,1.1306086741606427,0.8071587029334141,0.8046729291630814
,-9.899,-0.072,-0.091,-9.871,-0.103,-0.11,2.66,1.12,0.7,-9.915677431207413,-9.904778266537576,-0.07913093596849764,-0.0768079343585446,-0.08929561183854684,-0.08956664760791652,-9.89034503677448,-9.893452371190598,-0.07270633853575915,-0.07440757547938788,-0.09558889321794697,-0.08762380566276846,2.6788109542103617,2.6735598674279895,1.1306122605060316,1.130144729909556,0.8115111552915212,0.8000953162593143
36801.0,-9.923,-0.081,-0.06,-9.873,-0.06,-0.112,2.66,1.12,0.84,-9.915533426290185,-9.905575149197626,-0.07872934401016342,-0.07699126403057344,-0.08871996508614877,-0.08827362305330351,-9.891282464146201,-9.89255793708024,-0.07276278501182441,-0.07377749563014921,-0.09646621967600288,-0.08868983851992673,2.6778149968905565,2.672966860003739,1.1327719264180391,1.1297010751182883,0.8155553535537682,0.8018404493770425
,-9.911,-0.065,-0.089,-9.935,-0.103,-0.112,2.8,1.19,0.84,-9.915131761421986,-9.905812391694157,-0.0780629285267938,-0.07646685561478038,-0.08824647840361793,-0.08830538936108512,-9.892278197411347,-9.894414036230588,-0.07297142115733059,-0.07505546992735651,-0.09704070751972178,-0.08970925105412486,2.6764643627853166,2.6785223416884727,1.1332013604646094,1.1323381001717456,0.8189620849127228,0.8035092633935247
,-9.933,-0.117,-0.079,-9.923,-0.077,-0.096,2.66,1.26,0.84,-9.9144785958804,-9.907001374820917,-0.07716583119545906,-0.07823947291183676,-0.08790585808783387,-0.087898441062662,-9.893255224633664,-9.895664172991484,-0.07332749849272517,-0.07514050916360858,-0.09731068210358731,-0.08998436147454819,2.6748724687911976,2.677712312667607,1.1317341142737778,1.1379210791200347,0.8214334453422862,0.805105095936794
,-9.914,-0.067,-0.112,-9.897,-0.029,-0.098,2.66,1.05,0.84,-9.913587046584944,-9.907307442465957,-0.07608450799416135,-0.07774794223008231,-0.08771898882125205,-0.08895246341662297,-9.894153026349771,-9.895722592097554,-0.07382629802573318,-0.07312266757053874,-0.09730201438095189,-0.090334905694906,2.6731698565013726,2.676937708272076,1.1283755404008848,1.134076067143099,0.8227365730391764,0.8066311386719369
36877.0,-9.938,-0.062,-0.11,-9.911,-0.089,-0.115,2.59,1.26,0.91,-9.912478786958944,-9.908649705919753,-0.07487297656166968,-0.07705924474032458,-0.08769778575768263,-0.08987292562043181,-9.894933343225517,-9.896390711926717,-0.07446119179669211,-0.0738170236221714,-0.0970626350213155,-0.09141357288102936,2.6714948804010303,2.6731357015986013,1.1233106643956001,1.1395830403839142,0.8227320006338624,0.811151721378912
,-9.885,-0.072,-0.098,-9.911,-0.072,-0.098,2.73,1.19,0.84,-9.911184896844523,-9.907615444245277,-0.07358752766026572,-0.0768379911249744,-0.08784576146985036,-0.09022834321356923,-9.895581432241721,-9.897029613179733,-0.07522113009655101,-0.07373756056667266,-0.09665367351164628,-0.09170161405853904,2.669981936795608,2.6756225217173,1.1168908038072596,1.141787902011009,0.8213916574447708,0.8124133298341566
,-9.866,-0.069,-0.098,-9.842,-0.093,-0.069,2.66,1.05,0.84,-9.909745897769577,-9.90579549522793,-0.07228172170482444,-0.0764952158763961,-0.08815753156106976,-0.09056821749313379,-9.896103132581494,-9.894623028503112,-0.07608823310730574,-0.07457995594065377,-0.09613876062158232,-0.09070881484787778,2.668749577345344,2.6749393091849454,1.1095996725677206,1.1377737840531494,0.8188032267450479,0.8136197649490695
,-9.945,-0.038,-0.06,-9.883,-0.086,-0.079,2.66,0.98,0.84,-9.908211304114273,-9.90751000774196,-0.07100261094053861,-0.0748117223662972,-0.08861722478288607,-0.08923139174496239,-9.896519150887181,-9.894114723961698,-0.07703579288865738,-0.07507938345706734,-0.0955734188430912,-0.09019675865183918,2.667890442775718,2.6742859752709607,1.1020032438452843,1.1308739359689077,0.815160017059614,0.8147734395938805
36952.0,-9.916,-0.084,-0.05,-9.904,-0.06,-0.069,2.59,1.12,0.7,-9.906638996267652,-9.907881296655187,-0.06978888966075454,-0.07521354907159462,-0.08919669198240053,-0.08751570339535401,-9.896858461538312,-9.894547032176554,-0.07802675686684675,-0.07441992373958511,-0.0949966238038324,-0.08926977058817737,2.667464113750963,2.6705999356130294,1.0946907213030022,1.1303983911455804,0.8107382449976407,0.8097541057289027
,-9.911,-0.081,-0.101,-9.907,-0.081,-0.086,2.73,1.05,0.77,-9.905094264942175,-9.908017685469261,-0.06867116738974177,-0.07546660525955717,-0.08985498878723952,-0.08810540591566354,-9.897152429145965,-9.89509163207124,-0.07901289319354304,-0.07470768717792854,-0.09442630944061611,-0.08912677522006764,2.6674934015896916,2.673197651215301,1.0882154287452375,1.126882365410056,0.8058658737580323,0.808015557769871
,-9.899,-0.057,-0.057,-9.902,-0.065,-0.093,2.73,1.05,0.91,-9.903647964890375,-9.907623319192362,-0.06767396278096645,-0.07465901373421428,-0.09054044080240417,-0.08674508755412604,-9.897430426922218,-9.895393752537606,-0.07993514173911762,-0.07428314537474479,-0.0938597138788743,-0.08929616117184687,2.667964111391023,2.675681762120003,1.0830435034951342,1.1235201044053515,0.8008880838557458,0.8124755963153556
,-9.895,-0.072,-0.115,-9.902,-0.057,-0.112,2.66,1.12,0.77,-9.902373285902272,-9.907071269399877,-0.06681855830619832,-0.07454272831373017,-0.09119570974303504,-0.0879807466002728,-9.897716948234692,-9.895682660509047,-0.08072578657087533,-0.073527309554369,-0.09327826010846269,-0.0902890576773309,2.66882769768005,2.6749959588544567,1.0795157762968242,1.1233661613039463,0.7961338202084242,0.8106180306644943
37028.0,-9.907,-0.084,-0.12,-9.864,-0.105,-0.112,2.59,1.05,0.77,-9.90134106753547,-9.907068152608103,-0.06612570611012637,-0.0749563188117858,-0.09176510899929824,-0.08938102983208357,-9.89802993428278,-9.894297097338784,-0.0813128639041181,-0.07490369020075108,-0.09265556980374089,-0.09123853229816961,2.6700060530429677,2.6712788698121313,1.0778256935711432,1.1201576728306606,0.7918865021494189,0.8088417010749621
,-9.928,-0.062,-0.096,-9.904,-0.079,-0.074,2.66,0.91,0.7,-9.900613928790426,-9.907983555429892,-0.06561728873763627,-0.07438970610062581,-0.09220252193205106,-0.08967049419973394,-9.898380156719428,-9.894721429902907,-0.08162670094887282,-0.07508283222672471,-0.0919666003965315,-0.09048464752088242,2.671398356003621,2.670785616203918,1.078014357133151,1.1109669443140595,0.7883612017865241,0.8040817771930915
,-9.899,-0.101,-0.134,-9.914,-0.074,-0.124,2.66,1.12,0.77,-9.900239622550949,-9.907590681746253,-0.06531628927541391,-0.075553441802882,-0.09247803297517941,-0.09160913601850601,-9.898771567816024,-9.895564530711761,-0.08160789249614434,-0.07503547722468834,-0.09119591262606867,-0.0919503589632715,2.6728907000020325,2.6703139338281128,1.0799824332050294,1.1113619827695516,0.7856905816424783,0.8025912945600954
,-9.868,-0.05,-0.05,-9.907,-0.081,-0.101,2.66,1.19,0.77,-9.900244180705045,-9.905859280732834,-0.06524481722118244,-0.07443592492561674,-0.09258188113544517,-0.08978946287592912,-9.899202316668013,-9.89606463281259,-0.081215623355224,-0.07529632094655019,-0.09034355233710316,-0.09234612273825525,2.6743689551814724,2.6698628793199637,1.0835170005663508,1.1148010228850709,0.7839214726435881,0.8011659945162194
37104.0,-9.919,-0.036,-0.086,-9.907,-0.091,-0.081,2.73,1.05,0.84,-9.90062575243019,-9.906433957744007,-0.0654205123617275,-0.07275502435930506,-0.09252533830399788,-0.08962374004484093,-9.8996658081871,-9.896542864179045,-0.08043511745954396,-0.07598308269523203,-0.08942768507371394,-0.09184992798886171,2.6757338765582643,2.672492828264943,1.0883290004602673,1.1119671096573838,0.7830223094046982,0.8028643041558642
,-9.866,-0.057,-0.077,-9.914,-0.11,-0.091,2.73,1.19,0.84,-9.901350365070293,-9.904665678130556,-0.06585226707439339,-0.07206601715005848,-0.09233907114127358,-0.0890716718474082,-9.900151123379834,-9.897306309043307,-0.07928300711243834,-0.07747072884066546,-0.08848381444468381,-0.0918127584803728,2.676915858827621,2.675007762866452,1.0940947983406677,1.115379686037988,0.7828993188771267,0.8044883424038207
,-9.895,-0.084,-0.115,-9.897,-0.084,-0.079,2.66,1.05,0.7,-9.902350825605504,-9.904242973489653,-0.06653652293036517,-0.07258792051441465,-0.09206994824987087,-0.09020558345639253,-9.90064246947189,-9.89729291337128,-0.07780950639661426,-0.07775627044297026,-0.08756109270322411,-0.09125242402693236,2.6778859699683206,2.6743514352992057,1.1004949387697962,1.1125204664016919,0.783417754725564,0.7999188019476082
,-9.911,-0.043,-0.091,-9.885,-0.067,-0.089,2.66,1.12,0.77,-9.90352953906783,-9.904538475411613,-0.06745516654224773,-0.07129396564159936,-0.09177699185344328,-0.09024032530846507,-9.901117916130497,-9.896755313064082,-0.07609660191442486,-0.07728587143178528,-0.0867167460978989,-0.09115391980647268,2.6786603759743275,2.673723810602558,1.1072446016433886,1.1128475653926873,0.7844243486737267,0.7986103767897793
37180.0,-9.911,-0.079,-0.093,-9.88,-0.084,-0.036,2.73,1.19,0.84,-9.904765315202697,-9.904821054284396,-0.06857544008839149,-0.0716309700858041,-0.09152664292577771,-0.09036101288813993,-9.901548224069511,-9.89602256069055,-0.07425214991259345,-0.0775794973178396,-0.08600983056532922,-0.08874189888551337,2.679296661121675,2.676184911221603,1.1141123302998728,1.1162216372089564,0.7857679681490717,0.8004204500800183
,-9.902,-0.074,-0.105,-9.899,-0.065,-0.122,2.8,1.26,0.91,-9.905923518518945,-9.904697682419313,-0.06985169707466214,-0.07173457377771701,-0.09138721857611624,-0.09100121295550334,-9.901896830101615,-9.89615277166976,-0.07240058501777076,-0.07702936396716849,-0.08549538015827486,-0.09019636007269644,2.679882056694279,2.6815996593575804,1.1209253226650329,1.1225094299941316,0.7873160641945703,0.8052126419649055
,-9.904,-0.096,-0.084,-9.895,-0.067,-0.096,2.59,1.05,0.77,-9.90686843311777,-9.904667170996055,-0.07122848754804802,-0.07279576246402453,-0.0914225451498943,-0.09069503214043127,-9.902121841746688,-9.89610235803834,-0.07067156211160917,-0.07659075442141709,-0.08521956553026609,-0.09045016797921496,2.6805148456345402,2.6775937737288076,1.1275611683994011,1.1193384085558302,0.7889646375546194,0.803672703744746
,-9.897,-0.06,-0.081,-9.876,-0.043,-0.089,2.66,1.12,0.77,-9.90747655306326,-9.90433186614534,-0.07264435709444267,-0.07223617128952325,-0.09168506691915757,-0.090271043774162,-9.902180247012478,-9.895223230891634,-0.06918812275516861,-0.07512174546068397,-0.0852159056237646,-0.09038674845224307,2.681281666121,2.676824353341981,1.1339282354779068,1.1193673416291288,0.7906402165062199,0.8022001109320759
37256.0,-9.897,-0.048,-0.124,-9.981,-0.062,-0.091,2.59,0.98,0.7,-9.907649506185773,-9.904011225026915,-0.07403590163576214,-0.07117626199568874,-0.09220903922588115,-0.09174609665062672,-9.902033713787477,-9.898974466748445,-0.06805594008025802,-0.07454789822223333,-0.08550222476266514,-0.09041356749916105,2.6822352831646903,2.6730273039673498,1.1399399863859145,1.113272453996709,0.7922944268887172,0.7977306406467817
,-9.957,-0.084,-0.05,-9.89,-0.077,-0.05,2.66,1.19,0.84,-9.907325232841387,-9.906328558668106,-0.0753419522298589,-0.07173707661158246,-0.09300461020824145,-0.08992043387193363,-9.901654665800772,-9.898581990535918,-0.06735487236983649,-0.0746551348576175,-0.0860781827513825,-0.08864617960287706,2.6833786091686966,2.672457586895142,1.1454908262669603,1.1166279443557474,0.7938941182447764,0.7995791870317577
,-9.945,-0.074,-0.098,-9.895,-0.079,-0.096,2.59,1.05,0.77,-9.906485856174433,-9.90801975896472,-0.07650796840135646,-0.07183603999577244,-0.09405366790733609,-0.09027377380863352,-9.901031105886695,-9.898425340996926,-0.06713347623353287,-0.0748451468397023,-0.08692363589457595,-0.08896778083646256,2.684660059685425,2.668851507302236,1.1504409507994047,1.1137141352145208,0.7954110078161443,0.7982856140963088
,-9.897,-0.086,-0.091,-9.916,-0.055,-0.105,2.73,1.12,0.77,-9.905160723032427,-9.907537836931615,-0.07749056019779488,-0.07245546592186625,-0.0953082811768946,-0.09030553352350186,-9.900169107092779,-9.899193925448275,-0.0674065073527323,-0.07397726819164192,-0.08799834027485366,-0.0896689104781552,2.685982641167386,2.671525686112911,1.1546149687835645,1.1139890320382115,0.7968140095473386,0.7970486123890527
37331.0,-9.878,-0.06,-0.098,-9.885,-0.072,-0.062,2.66,1.19,0.77,-9.903423766040964,-9.906246072341013,-0.07826167655260002,-0.07191075677899385,-0.09669233209738706,-0.09064203207486603,-9.89909278711187,-9.898573189057245,-0.06815507235655004,-0.07389079723434057,-0.08924335982431539,-0.08845887878561848,2.6872254806226916,2.6710216386013235,1.157815180877947,1.1173131846204671,0.7980658363855848,0.7958657079065745
,-9.904,-0.105,-0.086,-9.864,-0.062,-0.117,2.8,1.19,0.84,-9.901385571941667,-9.906147845895902,-0.0788117022132997,-0.07335783338185048,-0.09810651256893357,-0.09043902422846764,-9.897842379687575,-9.897061215735985,-0.06932906848769065,-0.073370782486581,-0.09058419735844964,-0.08970705446775096,2.6882730014864746,2.6766621897559153,1.1598466477428713,1.1204919635719637,0.7991240518350888,0.7977958125343979
,-9.895,-0.115,-0.098,-9.897,-0.074,-0.086,2.8,1.26,0.84,-9.899181675876985,-9.905660322296148,-0.07915062328471785,-0.07517895103639771,-0.09943638624832649,-0.09076968489243847,-9.896471345253048,-9.897058538616454,-0.07085164717503152,-0.07339829976570686,-0.09193543774709838,-0.08954493556554553,2.6890446262198924,2.682056065290019,1.1605483299163757,1.1265930041450924,0.7999456280471785,0.79964150878729
,-9.904,-0.062,-0.093,-9.914,-0.074,-0.057,2.59,1.12,0.77,-9.896959034268013,-9.90558771218742,-0.07930655295754793,-0.07460260205290517,-0.10056283526473449,-0.09086722223373074,-9.895043271904752,-9.897799431728533,-0.07262544573758462,-0.07342461364436415,-0.09320665390217835,-0.0881216629181832,2.689517528665146,2.678030219871238,1.1598232307403966,1.1263046753375348,0.8004932312846884,0.7983452103632684
37407.0,-9.871,-0.072,-0.112,-9.909,-0.053,-0.105,2.8,1.26,0.84,-9.894862424593772,-9.90407510373281,-0.07932133963658512,-0.07448878365844534,-0.10137388882559545,-0.09179141225085158,-9.893628743018455,-9.898289261011605,-0.07454022921721697,-0.07253139344196367,-0.09430934071435451,-0.08885979544430635,2.6897367750275136,2.683364267975664,1.1576610365936904,1.1321515112696288,0.8007412554281078,0.8001668800544617
,-9.873,-0.096,-0.115,-9.904,-0.103,-0.11,2.73,1.12,0.77,-9.893022129003828,-9.90271611056265,-0.0792437047938859,-0.07542952375512696,-0.10177661405161774,-0.09280638270795219,-9.89230174904142,-9.898539006124237,-0.07648144857984432,-0.07386386295108163,-0.09516452409982319,-0.08978431025378156,2.6898103873821197,2.685403766921553,1.1541488860155418,1.1316200948352855,0.8006802156340137,0.7988476058112756
,-9.911,-0.048,-0.117,-9.902,-0.074,-0.098,2.66,1.26,0.84,-9.891543884553881,-9.903078386076338,-0.079121065839269,-0.07422996105166971,-0.10170752558186251,-0.09386443100745408,-9.891135066754925,-9.89869036417213,-0.07833908099334462,-0.07386981656981374,-0.09571035800534107,-0.09014360322185205,2.6898901240924706,2.6842927957067966,1.1494686766786335,1.1372344739795892,0.8003190508076481,0.8006473044742003
,-9.921,-0.084,-0.103,-9.88,-0.072,-0.11,2.66,0.98,0.77,-9.890501624959244,-9.903862143747105,-0.07899154680987351,-0.07465722965605265,-0.1011400127695503,-0.09426395263007321,-9.890194483373245,-9.89787298710153,-0.0800159967398464,-0.07378804474470009,-0.09590865321560628,-0.09101197385827854,2.6901414296742074,2.683230410083454,1.1438820093818265,1.130358211293899,0.7996856404352233,0.7993070200515852
37483.0,-9.859,-0.079,-0.105,-9.847,-0.091,-0.108,2.66,1.19,0.77,-9.889933031731095,-9.90190020831882,-0.07887762800656672,-0.07484715002728425,-0.10008767859726311,-0.09473346723493788,-9.889532520993004,-9.895648182234876,-0.08143507184216978,-0.07454076724043696,-0.09574921228960631,-0.0917549033654362,2.690708097032538,2.6822144852802783,1.1377061471569017,1.1329664981142615,0.7988262984092648,0.7980253496690731
,-9.921,-0.06,-0.122,-9.88,-0.101,-0.101,2.59,1.12,0.77,-9.88983766946776,-9.902735490693718,-0.07878258944754017,-0.0741978464672093,-0.09860313410298531,-0.09592590192864815,-9.88918293717273,-9.894963847502948,-0.08254436162515083,-0.07569789665558159,-0.095251198744879,-0.0921592149098759,2.6916784332958876,2.678181711753175,1.1312858242237558,1.1323994402363642,0.7978052053942695,0.7967997299858993
,-9.849,-0.057,-0.074,-9.904,-0.077,-0.067,2.73,0.98,0.77,-9.890177674293657,-9.900385501278532,-0.07869048963888381,-0.0734457409845907,-0.09677249825458657,-0.0949670265785666,-9.889157328613154,-9.89535902138985,-0.08331980952151896,-0.07575484094021283,-0.09446138630845127,-0.09105893857538389,2.693059500581991,2.6804478570385544,1.1249658900452144,1.125734625849963,0.796704521390187,0.7956277097626973
,-9.873,-0.067,-0.093,-9.89,-0.086,-0.096,2.73,1.19,0.91,-9.890881330928853,-9.899187863789727,-0.07856993084271088,-0.07316385236886817,-0.09470648102046317,-0.09488100351300328,-9.889444544367803,-9.895124657780636,-0.08376518756266631,-0.0762028877531587,-0.0934497700979418,-0.09127502373433066,2.69476424341518,2.682614898038011,1.119068640639813,1.1285451137987266,0.7956250784784881,0.8006295003479972
37559.0,-9.885,-0.103,-0.096,-9.909,-0.077,-0.089,2.59,1.19,0.77,-9.891849973356878,-9.898567392490413,-0.07838123360105943,-0.07446866284362023,-0.09252940388227614,-0.09492994006994405,-9.890012690768668,-9.895731461718343,-0.08390929818843207,-0.07623774749517669,-0.0923034276233191,-0.09117553117129726,2.6966138019375965,2.6785646134445673,1.1138777775236754,1.1312326919750877,0.7946863474427103,0.7992899945450165
,-9.916,-0.098,-0.069,-9.88,-0.098,-0.11,2.66,0.98,0.77,-9.892968241073817,-9.899329764669355,-0.07808585968515822,-0.07549774795159608,-0.09036773771775249,-0.09379595796772208,-9.890812870052267,-9.8950434849632,-0.08380083048753584,-0.07718946604053151,-0.09111952964732029,-0.09199877297895294,2.6983550885513474,2.677752735772501,1.1096288465122262,1.124618902451934,0.794023617770112,0.7980090687311259
,-9.866,-0.062,-0.077,-9.909,-0.091,-0.069,2.73,1.19,0.91,-9.89411692336866,-9.897872169453,-0.07765623951502096,-0.07490745716973828,-0.08833965253024488,-0.09306142808937708,-9.891783724596,-9.89565383879427,-0.0835015067617181,-0.07779343574851856,-0.08999812398698966,-0.09099297825436624,2.6996921142118206,2.680037641266468,1.106504463736002,1.127478183817149,0.7937806778902337,0.8029067164436742
,-9.935,-0.117,-0.091,-9.873,-0.069,-0.096,2.66,1.12,0.77,-9.895186810487768,-9.899495863731547,-0.07708396040877044,-0.0767482709193179,-0.08654673128013952,-0.09297127660610847,-9.892856187147913,-9.894663128917193,-0.08307828323978744,-0.07740887648116347,-0.08903505518062017,-0.0912119480255909,2.700327987307199,2.679161344348479,1.1046320898161346,1.1271511438555102,0.7940975269904595,0.8014676222001331
37634.0,-9.892,-0.084,-0.074,-9.883,-0.06,-0.079,2.73,1.19,0.7,-9.896091510303183,-9.899168050582372,-0.07638465254488547,-0.0770654074404774,-0.0850684853775958,-0.09214161452167637,-9.893958230871542,-9.894153070682876,-0.0825955103157786,-0.0766475421203365,-0.08831530136813724,-0.09067788853849101,2.700012523952425,2.681384647813676,1.1040822545638542,1.1298996838760706,0.7950941753435471,0.7970301855065041
,-9.943,-0.072,-0.105,-9.885,-0.086,-0.108,2.8,1.12,0.84,-9.896777184325414,-9.901084932997488,-0.07559864500983184,-0.07684388431460555,-0.08395970888104573,-0.092703944359561,-9.89501962664127,-9.89375278366691,-0.08210809770782584,-0.07705654884456015,-0.08790699787094088,-0.09143542844475612,2.6985885182922207,2.6865719982689886,1.1048656563776815,1.129466745569895,0.796853033338723,0.7989093645728647
,-9.885,-0.065,-0.077,-9.933,-0.069,-0.084,2.73,0.98,0.77,-9.897227565182723,-9.900381498046023,-0.07478732925978344,-0.07632592118791409,-0.08325018212766501,-0.09201717100836944,-9.895976625380449,-9.895469164065927,-0.08165665380196864,-0.07670421551209718,-0.08785635188380515,-0.09111025828408618,2.6960287810583403,2.688471215026351,1.1069288272559545,1.1229301853658824,0.7994033368494835,0.7976450846738826
,-9.904,-0.074,-0.093,-9.919,-0.098,-0.081,2.8,1.12,0.77,-9.897463411857819,-9.900539744322012,-0.07402600448105699,-0.07622420275003268,-0.08294595734996008,-0.09206015261507765,-9.896776151585465,-9.89649822725418,-0.08126514754672488,-0.07763553422694641,-0.08818360067799301,-0.09066811102450635,2.692456596122852,2.693348651908254,1.1101500787314384,1.1228020409215782,0.8027109646081788,0.7964360949442484
37710.0,-9.897,-0.077,-0.091,-9.871,-0.079,-0.098,2.73,1.12,0.77,-9.89753660440209,-9.900384942317196,-0.07339456717187595,-0.07625813033312939,-0.08303148222787621,-0.09201378945003064,-9.897378853051816,-9.89538312504929,-0.08094104877024677,-0.07769520577888844,-0.08888024248245094,-0.09098875314135126,2.688144492877615,2.6949515083994853,1.1143390648946598,1.1226795005591172,0.8066759454223,0.7952799774045026
,-9.904,-0.045,-0.065,-9.897,-0.074,-0.069,2.66,1.05,0.84,-9.897520064436423,-9.900543037966463,-0.07296759121955618,-0.07489113294512628,-0.0834720598509679,-0.09083240786307374,-9.89776056478211,-9.89545383509531,-0.08067744924414624,-0.07753360504992479,-0.08990793208538217,-0.09002712914819085,2.68348999752385,2.693422990213027,1.1192432938537074,1.1195010415032862,0.8111385420237853,0.7972356975140542
,-9.871,-0.074,-0.069,-9.887,-0.108,-0.103,2.66,1.12,0.84,-9.897495345542817,-9.899251045921403,-0.0728052028704365,-0.07485216143930144,-0.08421645400590909,-0.08987762124581376,-9.897912341314157,-9.895084127426594,-0.0804565087869159,-0.07886597783981246,-0.09119952727671023,-0.09059446572207829,2.678971515372352,2.691961318006995,1.124563400619601,1.11952286222495,0.81589336313856,0.7991058890186339
,-9.88,-0.093,-0.127,-9.895,-0.048,-0.077,2.59,1.12,0.77,-9.89754002441381,-9.89840914881462,-0.07294583788541312,-0.07564581248771632,-0.08519965251292866,-0.09150107710362143,-9.897839687404918,-9.895080448320673,-0.08025364821182863,-0.07751613027581834,-0.09266270898830425,-0.08999994522659995,2.675091503598876,2.6875022907424886,1.1299769904723336,1.1195437286710637,0.8207096261856571,0.7978330146067625
37785.0,-9.876,-0.062,-0.093,-9.88,-0.065,-0.091,2.52,1.12,0.84,-9.89771696914749,-9.897429139851496,-0.07340155704331447,-0.07504904646783324,-0.08634579662236688,-0.09156662880688488,-9.897561604090257,-9.894420942034003,-0.08004207780738135,-0.07696876812675159,-0.09418639951476364,-0.09004368016047246,2.6723164159040813,2.680176990364979,1.1351689905949365,1.1195636825745194,0.8253548085203459,0.7996770839185929
,-9.892,-0.06,-0.05,-9.935,-0.115,-0.072,2.73,1.26,0.91,-9.898067100512488,-9.897191709783959,-0.07415621744156997,-0.07439091346390043,-0.08757120953886906,-0.08974881461257642,-9.897109659686006,-9.896195567248498,-0.07979735060274291,-0.07863197043857284,-0.09564991770301581,-0.0892545842233048,2.6710227506668356,2.682355877051664,1.1398647805926234,1.125705319232101,0.829618633228108,0.8045017850927488
,-9.928,-0.067,-0.079,-9.892,-0.079,-0.065,2.73,1.26,0.84,-9.898606376340414,-9.898539034521725,-0.0751665928538265,-0.07406769005634427,-0.08878757647662282,-0.08927874166378112,-9.896526810919628,-9.896012084442305,-0.0795015360192133,-0.0786480653055344,-0.09693442470702644,-0.08819386968513493,2.6714559208995756,2.6844394754924528,1.1438612229245706,1.1315783665281467,0.8333343947080164,0.806054212142602
,-9.895,-0.074,-0.122,-9.907,-0.096,-0.16,2.73,0.98,0.77,-9.899326668819823,-9.898384263558277,-0.07636642523272663,-0.07406472979834962,-0.08990558918335885,-0.09070972535349907,-9.895865420810159,-9.896492613882385,-0.07914639503960354,-0.07940690945748277,-0.0979356411810527,-0.09133413404314089,2.67370475226611,2.6864319528842264,1.1470508406004691,1.1249494597792955,0.8363950150917389,0.804477469922252
37861.0,-9.907,-0.089,-0.072,-9.897,-0.065,-0.132,2.59,1.05,0.84,-9.900199416305194,-9.898761051583858,-0.07767313298522041,-0.07471788707734202,-0.09083939684041643,-0.08989150156928952,-9.895184023462207,-9.896514803165305,-0.07873491934414294,-0.0787768587350727,-0.0985760634710546,-0.0931125555914378,2.6776913060440983,2.682214738792792,1.1494361880579576,1.1216717296444911,0.8387621475049475,0.8060309603362349
,-9.904,-0.065,-0.084,-9.873,-0.084,-0.108,2.66,1.26,0.91,-9.90118071378887,-9.898990164097128,-0.07899646020286247,-0.07429289920666454,-0.09151190731022779,-0.08963385125013082,-9.894542832932595,-9.89548644113073,-0.07828096309522364,-0.0790052799614939,-0.09881433833871836,-0.09376362132709302,2.6831749093927306,2.681243231873431,1.151133854981082,1.1277211760524406,0.8404677484118028,0.8105777903653785
,-9.895,-0.112,-0.091,-9.907,-0.067,-0.11,2.59,1.19,0.84,-9.902216767133641,-9.898815664092158,-0.08024794288789464,-0.07594192644355682,-0.0918606732632715,-0.08969359640292121,-9.893998510027753,-9.895989958287169,-0.07780723695897011,-0.07848025859346235,-0.09864966701480925,-0.09447367938238782,2.6897700953213386,2.6772529337233286,1.152368440423172,1.1304447871180068,0.8416080789892556,0.8118644982807646
,-9.928,-0.06,-0.098,-9.892,-0.067,-0.086,2.73,1.26,0.84,-9.903249041771373,-9.900091969185631,-0.08134989102561596,-0.07524474553171634,-0.09184394670188477,-0.09005685651796627,-9.893599001587846,-9.895815467282791,-0.07734230216485244,-0.07797819774261772,-0.09812027841296381,-0.09410310387262283,2.6969785123724384,2.67955969682965,1.1534556628393324,1.1361105654522972,0.8423301080828117,0.8130949351927121
37937.0,-9.887,-0.115,-0.084,-9.861,-0.072,-0.093,2.73,1.19,0.91,-9.904218759926495,-9.899519424139275,-0.08224266431485264,-0.07698334372803724,-0.09144634363195726,-0.08979197480714961,-9.893379273129568,-9.894292898519705,-0.07691724988096135,-0.07771675597972177,-0.09729658321879875,-0.09405486234005192,2.704233473858097,2.68176557932963,1.1547725970240919,1.138467287223004,0.8428106089278612,0.8173328396695335
,-9.897,-0.086,-0.086,-9.911,-0.098,-0.067,2.73,1.19,0.84,-9.905070639152031,-9.899409243326124,-0.08288929411619582,-0.0773776649955262,-0.09068334811428234,-0.08962614212293263,-9.893358568308475,-9.895023542478294,-0.07656252706883733,-0.07860379372959522,-0.09627083151542686,-0.09287168453135117,2.7109532636950813,2.6838749929882697,1.1567141315616016,1.1407209435681567,0.8432292754711547,0.8183241321312056
,-9.904,-0.089,-0.136,-9.887,-0.074,-0.081,2.73,1.12,0.84,-9.905755959450508,-9.899610008769075,-0.08327693060273494,-0.07788593920848429,-0.08960370749596235,-0.09165418864759602,-9.893539534284962,-9.894672652598015,-0.07630501466087906,-0.07840245814310329,-0.09514557511467163,-0.09235250563061077,2.716597158962662,2.6858921566328857,1.1596381681486188,1.1398147641059575,0.8437386273080439,0.8192720728571401
,-9.907,-0.057,-0.096,-9.885,-0.101,-0.096,2.8,1.12,0.77,-9.906235119361899,-9.899933191845042,-0.08341514712583585,-0.07697254406809326,-0.08828873737595944,-0.09184424200984699,-9.893909165737886,-9.894249642945946,-0.07616519592418718,-0.0793907060122002,-0.0940230061493117,-0.09251201981852196,2.720717436308715,2.6908823822852557,1.163806171004613,1.1389482141719702,0.844434970837999,0.8171172800343006
38013.0,-9.928,-0.103,-0.084,-9.933,-0.057,-0.108,2.73,1.05,0.77,-9.906479707391965,-9.901160624613045,-0.08333171786546437,-0.07811079078650217,-0.08684778982977712,-0.09150119339420539,-9.894441119940007,-9.895944294427418,-0.07615428786141243,-0.07841150359964315,-0.09299650666772884,-0.09318934850798247,2.72300139786012,2.692593095007708,1.169328709689995,1.1350582829718385,0.8453358729846853,0.8150567217715297
,-9.907,-0.065,-0.081,-9.883,-0.067,-0.077,2.73,1.05,0.77,-9.906473886177823,-9.901415995321928,-0.08306689208889043,-0.07753742262376186,-0.08540977183218419,-0.09104194954987412,-9.895098707725834,-9.89537820757311,-0.07627157089494913,-0.07791244957921228,-0.09214483393619606,-0.09248134720118555,2.723299154583893,2.694228993920176,1.176126550986915,1.1313384683376504,0.8463697637257386,0.8130862769523018
,-9.883,-0.072,-0.072,-9.916,-0.055,-0.103,2.66,1.12,0.84,-9.90621481774388,-9.90061061709763,-0.08266726585616886,-0.0772952570757179,-0.0841115019873202,-0.09020919675820838,-9.895837901991651,-9.896280050904208,-0.07650260313807865,-0.07691042999602757,-0.09152867110115953,-0.09294135458960094,2.721635069662093,2.692732073125996,1.183916156383976,1.130842608334626,0.847381706635917,0.814263282381467
,-9.919,-0.086,-0.067,-9.88,-0.069,-0.098,2.73,1.12,0.77,-9.905712049276481,-9.901414831493264,-0.0821801542966424,-0.07767593758072304,-0.08308443000145917,-0.0891941996675956,-9.896610053359217,-9.895568082951376,-0.07681919207493908,-0.07656448681173256,-0.09118898348286039,-0.09316258199473208,2.7182028290484843,2.694361894172556,1.1922241912352047,1.1303684335482707,0.8481560745124638,0.8123275366809066
38088.0,-9.909,-0.103,-0.108,-9.854,-0.084,-0.091,2.8,1.4,0.98,-9.904986040285467,-9.901746550166958,-0.08164903847352453,-0.07878342311526536,-0.08244147293508033,-0.09001662505451832,-9.897364531411778,-9.893750205163638,-0.07718170135847639,-0.07688966067845136,-0.09114663627399633,-0.09306800679440386,2.713345348306429,2.698981716701949,1.2004296500896097,1.1421601064069653,0.8484526975867513,0.819660279137173
,-9.892,-0.05,-0.067,-9.897,-0.096,-0.074,2.8,1.33,0.98,-9.904066107992364,-9.90132030878661,-0.08111031401070805,-0.07752465095592563,-0.0822654846999349,-0.08901004961334978,-9.898051896940883,-9.893892326941412,-0.0775435871270869,-0.07772540432843936,-0.09140287553164485,-0.09223411445328872,2.707520975778077,2.703399502664747,1.2078261841178637,1.1503748217839855,0.8480492803992499,0.8266723421517137
,-9.914,-0.103,-0.065,-9.923,-0.074,-0.108,2.66,1.12,0.84,-9.902988005123419,-9.901874823870676,-0.0805913302463079,-0.07863875263861032,-0.08260047472435146,-0.08796002919442257,-9.898628097564384,-9.89516527937388,-0.07785734782664436,-0.07756248294024505,-0.09194045596238154,-0.09292359664983162,2.701257650780676,2.7015015322438973,1.2136935194242358,1.1490464537211087,0.846780825841498,0.8272551944615812
,-9.904,-0.072,-0.084,-9.897,-0.101,-0.108,2.66,1.26,0.91,-9.901791285270502,-9.901967763217556,-0.0801096484486341,-0.07834842313329884,-0.08344638102724307,-0.08778684706524531,-9.899059506011103,-9.895245516364284,-0.07808071197730643,-0.07858746505723387,-0.0927253329853429,-0.09358292603967418,2.6950980500111834,2.6996865648875357,1.2173670637402436,1.1538987339546507,0.8445674879815104,0.8308738348548603
38164.0,-9.902,-0.069,-0.084,-9.909,-0.05,-0.062,2.66,1.26,0.84,-9.900516626127889,-9.901969173013885,-0.07967347487871206,-0.0779395928587759,-0.0847579631461385,-0.08762123863019854,-9.899327801941048,-9.89584703484933,-0.0781820106081744,-0.07733726264120995,-0.0937088802592417,-0.09220172451093234,2.6895412816092876,2.697950970660949,1.2182981411617575,1.1585388116561022,0.8414256322942602,0.8312729452233608
,-9.873,-0.065,-0.074,-9.919,-0.062,-0.108,2.59,1.26,0.91,-9.899203347478329,-9.900702277539954,-0.07928320998064928,-0.07737371161599975,-0.08644804132167305,-0.08702554728748527,-9.899433291118706,-9.896859572789001,-0.07814410075809293,-0.07666652521238074,-0.0948306305516986,-0.0928926232018761,2.6849888587776314,2.693230000681196,1.216101150474939,1.1629759669808657,0.8374614288247301,0.8347158791767963
,-9.895,-0.11,-0.093,-9.928,-0.115,-0.086,2.66,1.05,0.7,-9.897887430857104,-9.900452902467942,-0.07893394210703511,-0.07880054202862664,-0.08839484848080308,-0.08728682527070808,-9.899395446014823,-9.898221422720685,-0.07796657285118705,-0.07834294537408887,-0.09602161681006258,-0.09259119129238445,2.6817030233229606,2.6917767683972933,1.210586526631573,1.158035241156126,0.832850345183718,0.8288244118051206
,-9.923,-0.065,-0.084,-9.899,-0.112,-0.098,2.66,1.19,0.7,-9.896600299311975,-9.901438944278661,-0.07861849192587168,-0.07819700929313975,-0.0904528163041832,-0.0871430840580381,-9.899250069698631,-9.898255471881521,-0.07766604737166495,-0.0798148538110671,-0.09720839046054032,-0.09282773222738985,2.6797837677205334,2.6903870896501854,1.2017798102719495,1.1594331412026753,0.8278086788359731,0.823190593257055
38240.0,-9.904,-0.096,-0.091,-9.852,-0.053,-0.108,2.59,1.26,0.84,-9.895368360860962,-9.901550945746576,-0.07833037680507184,-0.07897557926951251,-0.0924657617684806,-0.08731175678293301,-9.899043360114764,-9.896232602676966,-0.07727429154081018,-0.07864217218459875,-0.09831762667420058,-0.09349125401177692,2.6791678707328686,2.6859969073878895,1.1899276478124041,1.1638311852261183,0.8225643907022128,0.8239257112844801
,-9.88,-0.089,-0.117,-9.907,-0.072,-0.086,2.66,1.19,0.84,-9.894213036824935,-9.90060846818216,-0.07806601674178969,-0.07941397263497547,-0.09428116238525115,-0.08861009902220374,-9.89882409452184,-9.896703488294861,-0.0768341047179039,-0.07835169313386071,-0.0992809989071593,-0.09316364245734837,2.679649799186613,2.6848599966348576,1.175490746240336,1.1649756139255252,0.8173333653122496,0.8246286807344742
,-9.907,-0.069,-0.098,-9.878,-0.055,-0.11,2.73,1.33,0.84,-9.893151002235848,-9.90088798609341,-0.07782574645518339,-0.07895854317585459,-0.09576402768532874,-0.08902074322815776,-9.898635755690622,-9.895885537273058,-0.07639357238649697,-0.07733046431501467,-0.10003986266004321,-0.09389993911165907,2.680920959847119,2.686834083569584,1.1591221431157126,1.1721925492417598,0.8123039922301991,0.8253009075459372
,-9.842,-0.065,-0.096,-9.919,-0.072,-0.098,2.8,1.19,0.84,-9.892194685867398,-9.898312664974823,-0.07761363168000486,-0.07834810064911465,-0.09680888119435528,-0.08932596384358271,-9.898510322833094,-9.896896391404002,-0.07599990839917771,-0.07709734957917438,-0.10054925155679348,-0.09407924518228082,2.682620743603718,2.6917831163659374,1.1416284422077814,1.1729713142675011,0.8076293830165371,0.8259437361724922
38316.0,-9.897,-0.065,-0.105,-9.861,-0.079,-0.117,2.66,0.98,0.77,-9.89135336233053,-9.898255258803283,-0.07743651120650755,-0.07776435432367294,-0.09734862645884584,-0.09001142923312905,-9.898464778428757,-9.895326551085178,-0.07569416408259325,-0.07718055731194128,-0.1007807021183766,-0.09508162797462824,2.684390628081969,2.6903931600060464,1.1239133874666405,1.1645321888383127,0.8034245780997381,0.8234971745769037
,-9.919,-0.084,-0.093,-9.902,-0.069,-0.093,2.8,1.12,0.84,-9.890635059840957,-9.899162478996189,-0.07730287841559716,-0.07803705493823969,-0.09735950581669085,-0.09014212701922936,-9.898500605101923,-9.895618397946725,-0.07550758001034565,-0.07682280077440515,-0.10072347431445423,-0.09499059309910035,2.6859222485285166,2.6951865453551442,1.1069069352897516,1.1625846831757773,0.7997661625201132,0.8242188850249574
,-9.895,-0.084,-0.129,-9.911,-0.086,-0.112,2.73,1.12,0.77,-9.890048989771621,-9.898980443223262,-0.07722204824752295,-0.07829782966268292,-0.09686179445930967,-0.09184148044510497,-9.898605931023148,-9.8962910744506,-0.0754596914184792,-0.07722414299279357,-0.10038387377698298,-0.09573445764113177,2.68699221948198,2.696709026100464,1.0914868123916368,1.1607223468795937,0.7966927785025485,0.8218477555485727
,-9.89,-0.086,-0.086,-9.914,-0.086,-0.12,2.66,1.12,0.84,-9.889607659909602,-9.898587705644319,-0.07720365557764929,-0.07863466512343689,-0.09591622937907589,-0.09158601767668512,-9.898759477131081,-9.897065530718853,-0.07555781582867829,-0.07760793349716756,-0.09978263804885198,-0.09679565140638698,2.6874798946956626,2.695103647203496,1.078401414354436,1.1589414552771693,0.7942060449694166,0.8226415992777735
38392.0,-9.895,-0.062,-0.091,-9.926,-0.072,-0.096,2.66,0.98,0.77,-9.889327719019505,-9.898430806169129,-0.07725721457266164,-0.07790718899061318,-0.09461654879804339,-0.09156038963608208,-9.898935072937263,-9.898330908510456,-0.07579736600021925,-0.07736268432963823,-0.09895070234120346,-0.0967608555506304,2.687368093210503,2.6935684756009355,1.0682027219418333,1.1511158911963224,0.7922720554486369,0.8203394485110415
,-9.895,-0.11,-0.105,-9.895,-0.081,-0.06,2.66,0.84,0.77,-9.889228963888241,-9.898280768306277,-0.07739143863338835,-0.07931068908341982,-0.09307899166904156,-0.09214813791364888,-9.899105478006799,-9.898185239425807,-0.07616251733354659,-0.0775217533772024,-0.09792409723593942,-0.09515321002023823,2.6867301800784786,2.692100440949577,1.0611971717543889,1.1375100035088916,0.7908241105646082,0.8181379766413316
,-9.897,-0.05,-0.057,-9.887,-0.072,-0.096,2.59,1.05,0.77,-9.889331498577727,-9.898224757057022,-0.07761321924060324,-0.07802885824483188,-0.09143007322528587,-0.09061102061939386,-9.899244742565866,-9.897696080512068,-0.07662702518511033,-0.07728027308508675,-0.09673918271070812,-0.09519024229562338,2.6857089313138247,2.6876353294856288,1.0574216520432058,1.1336829689119436,0.7897677702410304,0.8160327807249044
,-9.897,-0.086,-0.084,-9.883,-0.069,-0.067,2.73,1.05,0.7,-9.889651508313543,-9.898171195321883,-0.07792642589533588,-0.07837745650847046,-0.08979420993446552,-0.09032190390568025,-9.899329165846463,-9.897053383605382,-0.07715528670952887,-0.07691815572366321,-0.09542962877794556,-0.09395741143931177,2.684492785409071,2.6894880440696287,1.0566496563267183,1.1300233002528195,0.7889894618561653,0.8109583726754386
38467.0,-9.854,-0.05,-0.086,-9.897,-0.074,-0.065,2.66,1.05,0.84,-9.890196499318312,-9.8962394768222,-0.07833090374450251,-0.07713643829938914,-0.08828268633302123,-0.09013289607676338,-9.89933759595561,-9.897051049004805,-0.07770392544873692,-0.07679053736615045,-0.09402620880592796,-0.0926910303288934,2.6832935871599375,2.6881984570472794,1.0584280952273164,1.126523678194201,0.7883693527216733,0.8122284367603003
,-9.856,-0.081,-0.11,-9.895,-0.086,-0.139,2.73,1.12,0.84,-9.890961175833098,-9.894479702353149,-0.07882210037636003,-0.07730540166017999,-0.0869850305351614,-0.09100173496382459,-9.89925198542967,-9.896961351425253,-0.07822417310188158,-0.07719329054528226,-0.09255955263774636,-0.09471623912759189,2.682327643786269,2.690026544633513,1.0621396157281886,1.1262383811864591,0.7877978336096882,0.8134429577186827
,-9.923,-0.091,-0.062,-9.899,-0.074,-0.122,2.66,1.05,0.77,-9.891925176324095,-9.895726967367812,-0.07939153186552969,-0.0779043012092181,-0.08596325507173323,-0.08973341547316434,-9.899058768593397,-9.89705050670252,-0.07866515934766417,-0.07705363984359236,-0.09106482991867848,-0.09590942725016983,2.6817999314103544,2.6887134076145256,1.067080907331011,1.1229042832466019,0.7871932409033559,0.8115430868980141
,-9.887,-0.108,-0.101,-9.921,-0.062,-0.091,2.73,1.19,0.77,-9.893053426712271,-9.895345314931475,-0.080027841490653,-0.07922046251505037,-0.0852489308162615,-0.09022613181466532,-9.898751068266709,-9.898097878840032,-0.07897800222235768,-0.07639530595967736,-0.08958642051919938,-0.09569472553397472,2.681890349943752,2.690518975105255,1.072545571608661,1.1258385492622145,0.7865173356944865,0.8097263022511416
38543.0,-9.899,-0.074,-0.069,-9.885,-0.077,-0.105,2.66,1.12,0.84,-9.89429900844324,-9.895505143586913,-0.08071780304792707,-0.07899215843716129,-0.08484288079922181,-0.08929785918802956,-9.898331306984286,-9.897525075349488,-0.07912040621676594,-0.07642175076507207,-0.08818049766744752,-0.09610166880774522,2.682741044832013,2.6891843028517073,1.077900337707765,1.1255832146818632,0.7857851308082944,0.8110502479032596
,-9.902,-0.069,-0.096,-9.854,-0.105,-0.072,2.66,1.19,0.84,-9.895607694479246,-9.895789180145004,-0.08144661227422871,-0.07855517598368307,-0.08471729254096493,-0.08959096081907249,-9.897813648581376,-9.89562161331637,-0.07906128774213063,-0.07767155014979225,-0.08691422015948357,-0.09504764164887243,2.684444514968008,2.687907999203863,1.0826451015104375,1.128400324225364,0.7850665026492727,0.8123162940511842
,-9.911,-0.086,-0.081,-9.964,-0.093,-0.098,2.73,1.12,0.84,-9.896923055302134,-9.896454387909818,-0.08219723048004252,-0.07888075703654795,-0.0848200451188224,-0.08921525629436321,-9.897225735837772,-9.89861197374408,-0.07878470199837624,-0.07834190217289973,-0.08586143005806837,-0.09517675577410734,2.687032993239989,2.689748789248914,1.0864502594095002,1.128032956722827,0.7844780387172656,0.8135269727872111
,-9.871,-0.077,-0.055,-9.895,-0.086,-0.034,2.73,1.05,0.77,-9.898191204860174,-9.895341202910744,-0.08294904841853774,-0.07879850675705172,-0.08508097493897496,-0.08771893628143271,-9.896609178153605,-9.898454012963283,-0.07829218957719135,-0.07867681023090417,-0.08509574307358851,-0.09250134094735829,2.6904700946789153,2.6915090768724634,1.0891689546877443,1.1246203774392476,0.7841649164206287,0.8116234277743241
38618.0,-9.914,-0.103,-0.098,-9.911,-0.065,-0.11,2.59,0.98,0.77,-9.899364571223423,-9.896157199472677,-0.08367636630266063,-0.07985689949187953,-0.0854196834717023,-0.08816855329625076,-9.896018154835204,-9.899002680824294,-0.0776028708264958,-0.07807868860102393,-0.08468237557008895,-0.0932666017279484,2.694645985057544,2.687069827260781,1.0908264689924843,1.1182957612160582,0.7842747281614171,0.8098031296169858
,-9.938,-0.084,-0.12,-9.876,-0.062,-0.108,2.66,1.05,0.7,-9.900404346335828,-9.89798709135738,-0.08434713734946894,-0.08003808779433,-0.08575427532159105,-0.08956062326450048,-9.895515672135495,-9.89799671519971,-0.07675121725187407,-0.07737552673286767,-0.08466996759492772,-0.09391093063500904,2.6993775738991275,2.685885994998108,1.091592715832823,1.1153090142097895,0.7849277147979256,0.805001160024393
,-9.892,-0.067,-0.077,-9.887,-0.091,-0.101,2.73,1.19,0.7,-9.901281452418843,-9.897725260654134,-0.08492236571071778,-0.07946789911799339,-0.086010114296972,-0.08901131532409354,-9.895167642819448,-9.897515800928947,-0.07578306946333521,-0.07797135953446516,-0.08508325186300182,-0.09422095363389085,2.704415339292174,2.68781521241992,1.091745212588615,1.1185754406209167,0.7861897044143454,0.8004091927518492
,-9.861,-0.065,-0.089,-9.895,-0.079,-0.041,2.73,1.05,0.77,-9.901976108022199,-9.896119171778922,-0.08535664492153307,-0.07883518116290739,-0.08612753528760371,-0.08901082047624706,-9.895035689088324,-9.89740577856798,-0.07475076919947127,-0.0780163445932193,-0.08591712348474263,-0.09189346623047905,2.7094577059538483,2.6896600602665717,1.091628747447104,1.1155764625243094,0.7880541074806583,0.7990793215592973
38694.0,-9.914,-0.084,-0.081,-9.904,-0.055,-0.086,2.66,1.05,0.77,-9.902476503096583,-9.896901145787382,-0.08560041915301157,-0.07906105180150831,-0.08606769359866373,-0.08866048696141156,-9.895169901201344,-9.897694160610586,-0.07370820620839241,-0.07700978141733532,-0.08713282067965666,-0.09163572999169925,2.71417231294481,2.6883629505392683,1.0916156360850024,1.1127086373527506,0.7904372815874011,0.797807609009864
,-9.902,-0.065,-0.077,-9.861,-0.05,-0.057,2.8,1.19,0.84,-9.902777447525851,-9.897124131625503,-0.08560434864671335,-0.07844612631235114,-0.08581624202382121,-0.08815054426652812,-9.895602638987677,-9.896089431819226,-0.07270641259450941,-0.07582857511182256,-0.08865729965606609,-0.09012102159661484,2.718221914112847,2.69324512210202,1.092068811163398,1.116088784844874,0.7931880979451577,0.7996527893729388
,-9.892,-0.105,-0.074,-9.921,-0.105,-0.057,2.73,1.05,0.84,-9.902879763379092,-9.896900040341949,-0.08532555418016637,-0.07960739461552627,-0.08538490939919705,-0.08753170504469966,-9.896344118487505,-9.897178834201066,-0.07179020129017569,-0.0771043155736314,-0.09038685781577417,-0.08867255524472366,2.7212918802672226,2.6948525062144877,1.0933095297545197,1.1131985545177103,0.7961089684396419,0.8014172753147595
,-9.902,-0.103,-0.105,-9.88,-0.048,-0.139,2.73,0.98,0.84,-9.902790698878157,-9.897123074524005,-0.08473471486130238,-0.08063041263094707,-0.08481109019920166,-0.088295637926234,-9.897380185480849,-9.896427560173109,-0.07099611575891394,-0.07583150997250417,-0.0921953056113402,-0.09087350215972251,2.7231163593726757,2.6963895953393844,1.0955916126318812,1.107373443605094,0.7989832777269069,0.8031045958072096
38770.0,-9.911,-0.115,-0.115,-9.907,-0.086,-0.124,2.66,1.12,0.77,-9.902525130026902,-9.897729947701544,-0.08382237082235984,-0.08213348193354206,-0.08415533023951147,-0.08946348746854771,-9.898672351801288,-9.8968899198048,-0.07035158774107603,-0.07627620385404416,-0.09394576660316857,-0.09232220800165046,2.7235008621782195,2.6947981859604715,1.0990842534217253,1.1079256349686644,0.8016037612921306,0.8016568477967859
,-9.911,-0.103,-0.084,-9.909,-0.084,-0.077,2.73,1.05,0.77,-9.902106985385899,-9.898310280774487,-0.08260267798131157,-0.08304602773809185,-0.08349639681397465,-0.08922455529252511,-9.900159869753097,-9.897419524353085,-0.06987489582909902,-0.07661398506630686,-0.09550411319077774,-0.09165212895042528,2.722340080431731,2.6963376506479677,1.1038650196186999,1.1053923999076838,0.8037975715822857,0.8002724134819558
,-9.899,-0.079,-0.096,-9.907,-0.055,-0.105,2.73,1.12,0.91,-9.901570168834771,-9.898340443947065,-0.08111345359587334,-0.08286908467429326,-0.08292379225122876,-0.08952086268899985,-9.901763436494036,-9.89783850287309,-0.06957546793963841,-0.07566875063241417,-0.096751710877173,-0.09223586523489627,2.719630476505274,2.69780979063676,1.1099231542638044,1.106031227341007,0.8054455412642207,0.8050710793830661
,-9.914,-0.026,-0.038,-9.895,-0.062,-0.108,2.73,1.26,0.77,-9.900958278457614,-9.899025276084929,-0.07941250786345697,-0.08038205523973067,-0.08252822994250766,-0.08726772457827657,-9.903390124052715,-9.897714367936931,-0.06945424826824217,-0.07507098146923513,-0.09759563555461286,-0.09292527086531512,2.715477068774825,2.6992175502068254,1.1171709081805383,1.1127646726179885,0.8064944603506743,0.8035373320539659
38846.0,-9.909,-0.077,-0.062,-9.895,-0.072,-0.12,2.73,1.12,0.77,-9.900322646756203,-9.899461496082498,-0.07757147897208233,-0.08023414937877475,-0.0823914305816658,-0.0861627028405344,-9.904939302423745,-9.897595661736647,-0.06950409774092682,-0.07493667965392146,-0.09797534469640386,-0.09410931749937688,2.710093157548056,2.7005637448773046,1.125458595148493,1.1130810918512295,0.8069618673213932,0.8020706593889737
,-9.899,-0.074,-0.089,-9.907,-0.065,-0.101,2.8,1.19,0.84,-9.899718595079182,-9.899441313687307,-0.07566902293259156,-0.0799615142010983,-0.08257704454924072,-0.08628678504777593,-9.906309536424695,-9.898006937321748,-0.06971032781983998,-0.07450212342846681,-0.09786545476528673,-0.09441066453707629,2.703791323799335,2.7049123447320267,1.1345886279064412,1.1164449509626613,0.806933424810972,0.8037294057372477
,-9.907,-0.067,-0.084,-9.88,-0.122,-0.072,2.66,1.12,0.84,-9.899200230915753,-9.899771874227431,-0.07378492329599316,-0.07939467428237522,-0.08312420263884451,-0.08618677813264956,-9.90740649756467,-9.89721944824219,-0.07005138829742295,-0.07657932614395242,-0.09727483075405198,-0.09343058928756184,2.6969644774880646,2.7029482138872365,1.1443253968374236,1.11660042228153,0.8065535644342816,0.8053156108969963
,-9.873,-0.091,-0.065,-9.909,-0.026,-0.074,2.73,1.05,0.77,-9.89881457372682,-9.898601072207258,-0.07199578400923473,-0.07990220463604145,-0.08404431120828205,-0.08526022654242738,-9.908151715388914,-9.897734641675404,-0.07049959688467754,-0.0743673638164277,-0.09624278572387099,-0.0925808402936079,2.6900571324778326,2.704131257164709,1.1544007474352809,1.1136878167504736,0.8060104394045313,0.8037711695840506
38921.0,-9.873,-0.067,-0.129,-9.909,-0.072,-0.11,2.66,1.19,0.84,-9.898596166803573,-9.8974814723315,-0.07037209609881187,-0.07933795847515519,-0.08532077373788147,-0.08717307786882221,-9.908491514449098,-9.898227304391968,-0.0710218886799755,-0.07426383298719957,-0.09483363227685244,-0.09334262436597801,2.6835291417670053,2.7022012852620225,1.1645174328079915,1.1170251422418946,0.805516375945,0.8053555483047612
,-9.897,-0.077,-0.105,-9.974,-0.05,-0.096,2.59,1.19,0.77,-9.898563418087654,-9.897460416324229,-0.06897603479722872,-0.07923571361614616,-0.08691075916730759,-0.08795269442713013,-9.908404868708965,-9.90154103671934,-0.07158089418851141,-0.07320271397710666,-0.09313079266370748,-0.09345883814818241,2.677816176353835,2.697294438235372,1.1743539346924667,1.1202165180177996,0.8052853400848315,0.8038093604275931
,-9.885,-0.084,-0.069,-9.904,-0.084,-0.062,2.59,1.19,0.84,-9.898717527648738,-9.896915490687695,-0.0678593541855558,-0.07944406795381825,-0.08874807645634454,-0.08712384498855548,-9.907908433780628,-9.901648573425664,-0.07213686845667311,-0.07367490670371943,-0.09123118111467603,-0.09208306329793171,2.673292462233452,2.692602180085192,1.1835732975477302,1.12326832682974,0.8055094177564057,0.8053920689657684
,-9.952,-0.069,-0.077,-9.933,-0.053,-0.134,2.73,1.12,0.77,-9.89904404132779,-9.899324476111547,-0.06706103793779702,-0.07898732235000763,-0.0907466377315712,-0.08668110354789944,-9.907057108324983,-9.903019650895127,-0.0726507637141856,-0.07277074055046624,-0.08924000841624939,-0.09391619734575057,2.6702410627338495,2.694237681684159,1.1918371303976825,1.1231253946008517,0.8063366310519682,0.803844283947387
38997.0,-9.895,-0.053,-0.089,-9.873,-0.108,-0.074,2.59,1.12,0.77,-9.899516186598754,-9.899135355793538,-0.06660480452471114,-0.07785083077501398,-0.09280468130175844,-0.0867825147762515,-9.905939354009655,-9.90170681535682,-0.07308816129747595,-0.07431140549541194,-0.08726582549492477,-0.09304521147869953,2.6688351201757006,2.689679103257518,1.1988248072939405,1.122988713161165,0.8078524775715826,0.8023641874969004
,-9.892,-0.031,-0.086,-9.902,-0.091,-0.103,2.8,1.33,0.84,-9.900098705167183,-9.898823308571638,-0.06649704397975696,-0.07580192501473117,-0.09481040445027579,-0.08674829341867799,-9.904667846988772,-9.901719637065513,-0.07342323735728319,-0.07504124009697274,-0.08541555254577095,-0.09348055965089389,2.6691305811648496,2.6945037161208565,1.204257120907346,1.1320418422312657,0.8100674054992905,0.8040100971158959
,-9.887,-0.074,-0.077,-9.907,-0.057,-0.053,2.66,1.19,0.77,-9.900751126388064,-9.898306245274417,-0.06672607454730824,-0.07572312225966349,-0.09664957981766195,-0.08632197580150762,-9.903367158478353,-9.9019505607408,-0.0736417486450857,-0.07425225086997601,-0.08378940749979184,-0.09171024201775553,2.671068353220911,2.69299478102746,1.2079224742971277,1.1345764995968524,0.8129119335207499,0.8025227492346348
,-9.947,-0.081,-0.103,-9.873,-0.074,-0.074,2.66,1.19,0.77,-9.901430036026518,-9.900435746777308,-0.06726348443646649,-0.07595389351856398,-0.09821519844848521,-0.08705134813675021,-9.902160599421878,-9.900684479228818,-0.07374230169152586,-0.07424121929909497,-0.08247598458165867,-0.09093572817699917,2.674482705556608,2.691551835496119,1.2097022023490602,1.1370003099616326,0.816240251936418,0.8011004468518431
39073.0,-9.897,-0.05,-0.093,-9.897,-0.084,-0.12,2.73,1.26,0.84,-9.90209039818139,-9.900285492849118,-0.06806774136932264,-0.0748188638712282,-0.09941848802687622,-0.0873114977833394,-9.9011581563014,-9.900523347599119,-0.07373575444999586,-0.07466799555173902,-0.08154799019736624,-0.09220678256326056,2.6791132230584305,2.693233271330258,1.209590814723428,1.1423793986408244,0.819842035280327,0.8028016230572433
,-9.852,-0.072,-0.132,-9.928,-0.055,-0.065,2.66,1.26,0.84,-9.902686266349239,-9.898173845674455,-0.06908956022555458,-0.07469558779847406,-0.10019998096492971,-0.08926583942671017,-9.900446901178224,-9.901724971357892,-0.07364313132705515,-0.07380786417919853,-0.08105909742608544,-0.09101696089755053,2.6846190684839044,2.6917798960125694,1.2077073390090562,1.147523246117298,0.8234609526369344,0.804428402508758
,-9.914,-0.081,-0.112,-9.868,-0.081,-0.062,2.59,1.12,0.84,-9.903171473568525,-9.898865963577688,-0.07027807841693262,-0.07497129574775108,-0.10053880287789221,-0.09026006197908056,-9.900084632891028,-9.900250092749818,-0.07349266623254408,-0.07412239453582639,-0.08104216197279081,-0.08974797553815751,2.690595763998362,2.687328802792418,1.2042949947496444,1.1463195846970293,0.8268170595788824,0.8059840387652902
,-9.897,-0.084,-0.112,-9.904,-0.072,-0.069,2.73,1.4,0.98,-9.903501060224759,-9.8987843602537,-0.07158672623570393,-0.07536614390400166,-0.10045823044863551,-0.09121080465540911,-9.900096969616277,-9.900414085712981,-0.07331657372173174,-0.07402957683509169,-0.08150894232802366,-0.08884061389928964,2.6965955233567804,2.6891949225668275,1.1997076522118684,1.157413673224108,0.8296293075231446,0.8135941984883296
39149.0,-9.895,-0.096,-0.122,-9.892,-0.05,-0.089,2.73,1.19,0.77,-9.90363395204508,-9.898618860573235,-0.0729776783033637,-0.07626851480997254,-0.10002597369188254,-0.09255729432597538,-9.900477764835482,-9.900046116385658,-0.07314802593947986,-0.072978702441188,-0.082451454293509,-0.08884758425807415,2.7021520246688673,2.6909794321863707,1.194382974109927,1.1588387560141702,0.8316344806747029,0.8116877135248808
,-9.919,-0.089,-0.117,-9.931,-0.096,-0.105,2.66,1.12,0.84,-9.90353673733002,-9.89951017953774,-0.0744239870278215,-0.07682529497611454,-0.09934849932912902,-0.09362623589273016,-9.901192482752801,-9.90139980829232,-0.07301863537414398,-0.07398548222283041,-0.08384486547847914,-0.08955397040125786,2.7068094314598437,2.6896246229757987,1.1888040668789375,1.1571402386217724,0.8326003509867874,0.81292588168297
,-9.923,-0.053,-0.086,-9.868,-0.074,-0.084,2.66,1.12,0.77,-9.90318772036433,-9.900537449015292,-0.07590906277409497,-0.07578335434647192,-0.09855980956461464,-0.093292721237997,-9.902183920579954,-9.899939149890528,-0.07295651809451417,-0.07398611712207931,-0.08565137363838798,-0.08931108117689758,2.7101540599392306,2.688329063011178,1.1834539853878774,1.155516001706618,0.8323333441876304,0.8110486239099368
,-9.914,-0.041,-0.065,-9.919,-0.081,-0.096,2.8,1.12,0.77,-9.902580098680934,-9.901126200544441,-0.07742399973145274,-0.07426218996360996,-0.09780620910074556,-0.09205540871739336,-9.903379459982265,-9.900772729251644,-0.07298479683595102,-0.0742928520250212,-0.08782418495200557,-0.08960360457680339,2.711846037791009,2.6932127165615563,1.1787698560997402,1.153962796794877,0.8306833243048333,0.8092534633847236
39225.0,-9.902,-0.081,-0.069,-9.926,-0.057,-0.084,2.73,1.12,0.84,-9.901723237525156,-9.901164414012767,-0.07896396553339573,-0.07455685150038283,-0.09722948561493788,-0.09104713716819525,-9.904698972789504,-9.901875981840712,-0.07312032885173804,-0.07353659170818856,-0.09031080398763237,-0.08935854472395052,2.7116475959226984,2.6948215178505697,1.1751042079814342,1.1524775174767254,0.8275489171611526,0.8105980874807681
,-9.907,-0.091,-0.11,-9.904,-0.084,-0.089,2.73,1.12,0.77,-9.900641559201208,-9.901419619001581,-0.08052500794945165,-0.07527595212508335,-0.09695123931306487,-0.09187599397153383,-9.906062558864068,-9.901968870546623,-0.07337258206838582,-0.07399418311407494,-0.09305525329969387,-0.089342864653009,2.7094441209330955,2.696359962175284,1.1726994397777608,1.1510571931935276,0.8228857153164577,0.8088226300572858
,-9.868,-0.072,-0.096,-9.864,-0.065,-0.117,2.8,1.26,0.84,-9.899371324089762,-9.899958094227184,-0.08210207291941556,-0.07513268642267294,-0.09706060891807756,-0.09205634722391781,-9.907397423401948,-9.90030839545392,-0.07374280839706505,-0.07360084465482836,-0.09599924454279628,-0.09055238138916882,2.705254246908544,2.700892404118837,1.1716778781410104,1.1558215386856934,0.8167174301529235,0.8101860955884064
,-9.899,-0.117,-0.086,-9.94,-0.074,-0.089,2.73,1.26,0.84,-9.897956216369314,-9.899916194334514,-0.08368820246544377,-0.07696365032527892,-0.09760661828984112,-0.09179148778582273,-9.90864342237538,-9.902044210077568,-0.07422377854458817,-0.07361830073132564,-0.09908255418739802,-0.09048449181031167,2.699226618241612,2.70216535317614,1.1720460820239311,1.1603775272552306,0.809147626731595,0.8114899333107037
39300.0,-9.89,-0.072,-0.105,-9.935,-0.057,-0.089,2.59,1.12,0.91,-9.896442880186179,-9.899482533984079,-0.08527435066723923,-0.07674657729636442,-0.09859539269536052,-0.09236912955466041,-9.909756972998672,-9.903485450428908,-0.07480029691736567,-0.07289154025490983,-0.10224297573045983,-0.09041957121507513,2.6916233790396586,2.697260077550818,1.1737093688517026,1.1586117154903015,0.8003678840455418,0.8157980285941109
,-9.895,-0.105,-0.089,-9.911,-0.089,-0.105,2.66,1.19,0.84,-9.894877314585985,-9.899286501394075,-0.08684923794001195,-0.0779821711923014,-0.09999191419786951,-0.09222178896672437,-9.910712995047543,-9.90381408075728,-0.07545056325970954,-0.07359600409076994,-0.10541633170463928,-0.09105721037815179,2.6827932715284093,2.6956305997750865,1.1764919609618028,1.1599844048508414,0.7906576183861519,0.8168564422402179
,-9.907,-0.048,-0.103,-9.897,-0.096,-0.103,2.59,1.12,0.77,-9.893302509146743,-9.899623832268771,-0.08839901531785177,-0.07667097473653965,-0.10172570744241646,-0.09269314749561942,-9.91150454438572,-9.90351608370827,-0.07614822144201991,-0.07457578770426042,-0.10853708225903821,-0.09157949888499936,2.6731394037762914,2.6910111055044164,1.180159482175897,1.1582357853265948,0.7803718586356619,0.8148072910763171
,-9.892,-0.089,-0.105,-9.911,-0.077,-0.11,2.66,1.19,0.77,-9.891757201408389,-9.899290422730616,-0.08990693655803489,-0.07721015430845128,-0.10369964478691529,-0.0932313573964911,-9.912140144807877,-9.903843374365575,-0.0768647091951439,-0.0746818046617983,-0.11153992753712318,-0.09238507415906577,2.6630871136045853,2.6896549111392436,1.1844422682660058,1.1596249150674895,0.7699159858232347,0.8128477544945689
