Timestamp,AccX,AccY,AccZ,GyroX,GyroY,GyroZ,MagnX,MagnY,MagnZ
0.0,0.811,9.768,-0.333,0.943,9.787,-0.38,3.85,0.77,-0.21
,0.792,9.794,-0.316,0.9,9.785,-0.407,3.29,1.26,-0.42
,0.79,9.801,-0.309,0.859,9.813,-0.357,3.15,1.12,0.56
,0.866,9.825,-0.347,0.842,9.794,-0.357,2.73,1.05,1.61
76.0,1.019,9.88,-0.383,0.895,9.852,-0.45,3.71,0.49,1.19
,1.084,9.911,-0.359,0.945,9.897,-0.426,4.06,0.77,0.98
,0.945,9.954,-0.395,0.943,9.904,-0.445,3.85,1.4,0.49
,0.857,9.928,-0.428,0.938,9.789,-0.376,2.73,2.03,0.91
152.0,0.878,9.811,-0.395,0.95,9.897,-0.385,1.82,1.82,0.56
,0.828,9.679,-0.316,0.993,9.878,-0.404,2.24,1.75,0.49
,0.763,9.73,-0.369,0.988,9.842,-0.431,3.85,1.19,0.28
,0.895,9.792,-0.402,0.955,9.811,-0.428,3.64,1.05,1.19
227.0,0.859,9.773,-0.373,0.823,9.785,-0.392,1.68,1.68,-0.84
,0.926,9.794,-0.395,0.809,9.856,-0.479,2.38,1.96,-0.63
,0.931,9.801,-0.433,0.833,9.83,-0.428,1.89,2.45,-0.28
,0.969,9.943,-0.57,0.79,9.775,-0.481,3.78,2.31,-0.28
302.0,0.871,9.746,-0.447,0.909,9.907,-0.347,2.66,1.12,0.98
,0.881,9.758,-0.447,0.828,9.823,-0.359,2.87,0.98,1.89
,0.818,9.799,-0.407,0.818,9.844,-0.33,3.15,0.91,1.89
,0.842,9.844,-0.39,0.945,9.823,-0.342,3.15,0.84,1.54
378.0,0.919,9.828,-0.323,0.806,9.78,-0.371,1.89,1.4,0.56
,0.89,9.813,-0.349,0.797,9.765,-0.385,0.91,2.03,1.19
,0.749,9.749,-0.369,0.857,9.825,-0.342,0.28,2.94,1.33
,0.763,9.72,-0.376,0.864,9.832,-0.383,0.98,2.59,0.42
454.0,0.873,9.818,-0.431,0.895,9.938,-0.333,-0.14,2.45,1.96
,0.876,9.909,-0.416,0.926,9.864,-0.397,0.7,1.89,3.08
,0.902,9.928,-0.364,0.794,9.813,-0.347,1.05,1.82,3.5
,0.957,9.866,-0.333,1.041,9.856,-0.412,2.1,1.61,2.17
530.0,0.962,9.887,-0.352,0.84,9.804,-0.323,4.62,0.49,0.14
,0.89,9.777,-0.325,0.895,9.828,-0.275,4.27,1.12,0.7
,0.826,9.727,-0.328,0.94,9.873,-0.27,4.76,0.91,0.07
,0.816,9.82,-0.318,0.895,9.832,-0.297,5.18,0.35,0.14
605.0,0.916,9.763,-0.309,0.828,9.823,-0.407,4.27,0.56,-0.98
,0.804,9.768,-0.318,0.854,9.873,-0.409,4.48,0.63,-1.68
,0.768,9.718,-0.299,0.895,9.861,-0.426,4.13,0.84,-1.89
,0.799,9.789,-0.357,0.943,9.83,-0.421,3.57,1.26,-1.12
681.0,1.007,9.907,-0.345,0.864,9.761,-0.414,1.12,2.03,2.8
,1.005,9.876,-0.369,0.869,9.816,-0.486,1.4,2.24,1.96
,0.871,9.787,-0.385,0.945,9.876,-0.404,1.54,2.24,0.84
,0.859,9.825,-0.436,0.94,9.873,-0.471,1.4,2.24,0.63
757.0,0.897,9.82,-0.414,0.739,9.77,-0.335,2.94,0.56,-1.12
,0.759,9.768,-0.371,0.672,9.665,-0.299,1.82,1.19,-0.56
,0.792,9.816,-0.38,0.778,9.813,-0.347,1.61,1.61,0.28
,0.799,9.818,-0.352,0.809,9.785,-0.352,1.4,2.1,0.84
832.0,0.859,9.88,-0.323,0.9,9.902,-0.373,2.03,1.05,1.82
,0.835,9.844,-0.313,0.95,9.887,-0.378,2.45,1.19,1.68
,0.952,9.897,-0.318,0.885,9.902,-0.409,3.15,0.49,1.05
,0.988,9.88,-0.361,0.852,9.868,-0.373,3.64,0.0,0.77
908.0,0.811,9.792,-0.337,0.735,9.792,-0.452,0.91,2.59,-0.56
,0.794,9.78,-0.335,0.737,9.818,-0.507,1.12,2.31,-0.49
,0.799,9.95,-0.325,0.747,9.773,-0.335,2.03,2.03,-0.7
,0.861,9.761,-0.39,0.771,9.794,-0.38,1.96,1.54,-0.07
984.0,0.869,9.789,-0.321,0.711,9.691,-0.299,3.01,0.63,-0.91
,0.914,9.88,-0.325,0.756,9.792,-0.328,2.59,1.47,-1.26
,0.842,9.823,-0.302,0.838,9.799,-0.302,2.1,2.1,-0.63
,0.787,9.816,-0.323,0.888,9.885,-0.354,2.03,2.38,0.07
1060.0,0.871,9.89,-0.361,0.794,9.811,-0.361,4.69,-0.28,0.98
,0.945,9.914,-0.347,0.766,9.775,-0.371,2.8,0.63,1.05
,0.988,9.947,-0.376,0.864,9.842,-0.364,1.54,1.68,1.47
,0.916,9.835,-0.333,0.845,9.837,-0.412,1.19,2.38,1.33
1135.0,0.787,9.794,-0.383,0.797,9.82,-0.419,0.77,1.33,0.0
,0.826,9.799,-0.359,0.847,9.878,-0.421,1.82,1.47,0.35
,0.833,9.816,-0.38,0.747,9.749,-0.462,3.43,0.91,-0.7
,0.852,9.854,-0.397,0.768,9.773,-0.436,4.06,0.77,-0.91
1211.0,0.826,9.811,-0.407,0.914,9.837,-0.273,1.54,1.26,1.89
,0.873,9.794,-0.383,0.907,9.859,-0.232,0.49,1.19,1.54
,0.814,9.801,-0.33,0.914,9.868,-0.278,0.84,1.05,0.21
,0.883,9.844,-0.345,0.842,9.809,-0.318,1.68,0.98,0.0
1287.0,0.828,9.818,-0.337,0.845,9.83,-0.383,4.27,0.84,-0.84
,0.835,9.887,-0.392,0.794,9.82,-0.357,3.43,0.84,-0.49
,0.809,9.809,-0.359,0.725,9.751,-0.34,2.24,1.26,0.35
,0.799,9.816,-0.318,0.701,9.792,-0.361,1.75,1.19,0.0
1363.0,0.653,9.73,-0.385,0.73,9.854,-0.352,4.41,2.52,0.56
,0.656,9.77,-0.426,0.749,9.847,-0.366,5.04,2.38,0.14
,0.9,9.923,-0.412,0.677,9.734,-0.282,3.99,1.82,-0.07
,0.835,9.887,-0.357,0.84,9.809,-0.313,2.73,1.96,0.0
1438.0,0.818,9.825,-0.22,0.936,9.852,-0.395,3.43,1.19,0.7
,0.723,9.799,-0.278,0.842,9.878,-0.378,2.94,1.89,0.91
,0.797,9.825,-0.292,0.83,9.907,-0.352,2.8,1.61,1.26
,0.857,9.818,-0.337,0.78,9.859,-0.369,3.36,1.26,0.91
1514.0,0.742,9.782,-0.306,0.833,9.837,-0.306,0.35,2.66,1.68
,0.799,9.88,-0.359,0.811,9.856,-0.306,-0.07,2.59,0.98
,0.893,9.895,-0.4,0.818,9.816,-0.33,-0.98,2.45,0.63
,0.864,9.823,-0.357,0.747,9.732,-0.321,-0.14,1.89,0.84
1589.0,0.708,9.823,-0.402,0.833,9.847,-0.392,2.24,1.4,1.33
,0.768,9.758,-0.337,0.787,9.813,-0.376,2.8,0.91,1.47
,0.888,9.95,-0.426,0.687,9.734,-0.404,2.31,1.33,1.33
,0.842,9.83,-0.426,0.768,9.734,-0.392,0.84,2.03,1.26
1665.0,0.833,9.866,-0.321,0.756,9.811,-0.328,0.91,1.47,-0.77
,0.759,9.78,-0.287,0.78,9.832,-0.347,1.47,0.63,-1.4
,0.802,9.859,-0.239,0.768,9.763,-0.249,2.73,-0.14,-2.03
,0.881,9.847,-0.299,0.766,9.885,-0.376,3.92,-0.28,-1.05
1741.0,0.804,9.842,-0.337,0.787,9.756,-0.29,3.57,0.91,0.63
,0.713,9.849,-0.337,0.756,9.768,-0.263,4.27,0.49,0.0
,0.799,9.804,-0.383,0.864,9.83,-0.297,5.04,0.35,0.0
,0.73,9.823,-0.4,0.823,9.885,-0.306,4.9,0.91,-0.07
1817.0,0.816,9.974,-0.337,0.694,9.842,-0.292,3.36,1.47,0.35
,0.835,9.952,-0.313,0.653,9.816,-0.287,2.03,2.03,1.12
,0.902,9.974,-0.345,0.713,9.78,-0.294,0.84,2.59,1.33
,0.802,9.88,-0.323,0.916,9.825,-0.397,0.49,3.29,1.4
1893.0,0.763,9.866,-0.38,0.759,9.835,-0.359,6.02,1.12,-1.68
,0.682,9.844,-0.416,0.888,9.768,-0.316,7.14,0.77,-0.98
,0.682,9.835,-0.397,0.761,9.792,-0.304,5.46,1.12,0.35
,0.644,9.804,-0.402,0.747,9.765,-0.278,5.11,1.19,1.54
1968.0,0.747,9.804,-0.311,0.84,10.043,-0.39,4.34,2.03,0.35
,0.866,9.95,-0.376,0.806,9.887,-0.347,4.83,1.68,0.35
,0.912,9.945,-0.342,0.768,9.739,-0.371,4.48,1.4,0.7
,0.859,9.926,-0.371,0.73,9.787,-0.323,3.64,1.19,1.47
2044.0,0.651,9.646,-0.282,0.811,9.921,-0.261,1.75,2.1,-1.05
,0.658,9.739,-0.364,0.919,10.0,-0.407,2.17,2.38,-1.47
,0.723,9.758,-0.376,0.873,9.978,-0.366,2.52,2.52,-1.12
,0.838,9.871,-0.337,0.823,9.935,-0.38,2.52,3.01,-0.28
2120.0,0.708,9.84,-0.369,0.68,9.756,-0.385,0.63,2.1,0.91
,0.759,9.921,-0.392,0.577,9.72,-0.352,0.91,1.61,1.05
,0.773,9.923,-0.436,0.66,9.732,-0.373,0.56,1.4,1.4
,0.835,9.835,-0.395,0.672,9.775,-0.333,0.35,1.75,1.54
2196.0,0.658,9.746,-0.376,0.933,9.852,-0.328,4.41,0.91,1.19
,0.67,9.864,-0.474,0.919,9.907,-0.251,4.76,0.28,1.68
,0.634,9.703,-0.376,0.821,9.94,-0.292,3.78,0.07,1.19
,0.778,9.758,-0.4,0.715,9.835,-0.273,3.36,0.14,1.19
2271.0,0.754,9.854,-0.316,0.835,9.856,-0.27,3.08,2.1,0.7
,0.893,9.95,-0.337,0.78,9.777,-0.256,3.71,2.1,1.61
,0.794,9.919,-0.412,0.737,9.765,-0.342,3.01,1.89,2.52
,0.816,9.773,-0.316,0.627,9.722,-0.294,2.87,1.68,2.52
2347.0,0.672,9.765,-0.302,0.893,9.897,-0.395,4.2,1.19,0.07
,0.761,9.844,-0.302,0.818,9.907,-0.426,3.92,1.4,0.91
,0.835,9.847,-0.371,0.737,9.828,-0.39,3.29,1.96,0.98
,0.838,9.909,-0.376,0.699,9.825,-0.321,2.66,2.24,0.21
2422.0,0.749,9.873,-0.433,0.878,9.895,-0.369,5.32,1.12,2.17
,0.622,9.773,-0.424,0.804,9.904,-0.395,6.37,0.84,1.4
,0.603,9.703,-0.438,0.668,9.818,-0.337,9.52,-1.05,0.49
,0.725,9.82,-0.376,0.732,9.782,-0.38,9.73,-1.82,0.84
2498.0,0.787,9.818,-0.438,0.926,9.966,-0.443,4.76,1.05,1.54
,0.797,9.84,-0.426,0.756,9.88,-0.328,4.76,0.56,1.33
,0.842,9.816,-0.369,0.771,9.914,-0.306,4.34,0.7,2.03
,0.96,9.928,-0.428,0.787,9.856,-0.349,3.85,1.47,2.1
2574.0,0.763,9.909,-0.371,0.725,9.789,-0.419,0.0,2.59,0.21
,0.787,9.837,-0.428,0.665,9.672,-0.392,-0.07,2.73,-0.21
,0.739,9.813,-0.431,0.713,9.799,-0.436,0.7,2.45,-0.49
,0.766,9.749,-0.457,0.799,9.799,-0.443,2.38,1.54,-0.91
2650.0,0.658,9.746,-0.402,0.919,9.928,-0.447,1.12,2.45,0.84
,0.823,9.849,-0.421,0.852,9.964,-0.407,1.19,1.89,0.49
,0.826,9.871,-0.392,0.761,9.902,-0.455,1.26,1.68,0.84
,0.84,9.931,-0.486,0.754,9.923,-0.414,2.03,1.89,1.61
2726.0,0.742,9.897,-0.426,0.708,9.785,-0.366,0.42,1.54,0.56
,0.668,9.725,-0.376,0.708,9.718,-0.342,0.28,1.89,0.63
,0.682,9.797,-0.34,0.742,9.849,-0.378,1.82,1.05,-0.42
,0.718,9.806,-0.428,0.668,9.758,-0.323,2.66,0.84,0.0
2801.0,0.656,9.797,-0.419,0.778,9.792,-0.352,2.94,0.63,0.49
,0.665,9.789,-0.428,0.744,9.844,-0.388,2.52,0.84,1.05
,0.706,9.816,-0.436,0.744,9.806,-0.328,2.38,0.91,1.61
,0.806,9.856,-0.397,0.869,9.876,-0.347,2.59,0.98,1.19
2877.0,0.766,9.844,-0.421,0.773,9.78,-0.402,2.38,1.82,0.49
,0.684,9.789,-0.354,0.725,9.844,-0.335,1.89,1.96,0.91
,0.677,9.789,-0.349,0.809,9.904,-0.445,1.61,1.96,1.68
,0.711,9.782,-0.392,0.802,9.84,-0.345,1.54,2.17,2.66
2953.0,0.718,9.832,-0.285,0.768,9.847,-0.361,3.15,1.54,0.14
,0.835,9.88,-0.383,0.847,9.897,-0.388,3.08,1.26,0.63
,0.806,9.852,-0.333,0.73,9.835,-0.333,2.52,1.33,0.21
,0.749,9.797,-0.378,0.742,9.861,-0.378,2.52,1.82,-0.63
3029.0,0.706,9.811,-0.325,0.665,9.775,-0.318,2.24,1.33,1.54
,0.782,9.763,-0.282,0.727,9.782,-0.352,3.43,0.56,1.33
,0.931,9.916,-0.306,0.804,9.866,-0.352,2.31,1.26,0.35
,0.787,9.856,-0.311,0.742,9.789,-0.402,2.52,1.96,-0.28
3104.0,0.696,9.725,-0.395,0.596,9.751,-0.352,1.89,2.1,0.77
,0.806,9.849,-0.376,0.668,9.811,-0.395,2.24,2.1,1.4
,0.759,9.794,-0.373,0.739,9.849,-0.354,2.52,1.89,0.91
,0.637,9.753,-0.438,0.859,9.928,-0.409,2.59,1.68,0.77
3180.0,0.849,9.89,-0.354,0.646,9.777,-0.323,3.92,1.05,1.96
,0.794,9.911,-0.313,0.763,9.837,-0.395,3.43,0.84,1.47
,0.759,9.854,-0.302,0.701,9.801,-0.45,3.43,0.7,1.12
,0.644,9.746,-0.366,0.778,9.804,-0.4,3.85,0.84,0.77
3255.0,0.696,9.785,-0.369,0.852,9.926,-0.38,4.2,0.49,0.28
,0.785,9.873,-0.359,0.869,9.943,-0.402,3.29,0.42,1.05
,0.847,9.966,-0.316,0.912,10.005,-0.426,1.89,1.75,1.61
,0.852,9.904,-0.313,0.833,9.852,-0.407,0.91,3.43,1.82
3331.0,0.79,9.878,-0.409,0.711,9.813,-0.426,0.14,2.31,1.05
,0.763,9.835,-0.421,0.713,9.761,-0.354,1.05,1.96,0.7
,0.73,9.835,-0.392,0.675,9.71,-0.371,2.1,1.05,0.49
,0.735,9.744,-0.385,0.689,9.71,-0.397,2.38,0.49,-0.07
3407.0,0.672,9.648,-0.385,0.804,9.902,-0.373,3.08,0.07,0.63
,0.711,9.667,-0.371,0.804,9.966,-0.352,3.36,0.21,-0.07
,0.615,9.713,-0.352,0.871,9.926,-0.345,2.94,-0.14,-0.49
,0.727,9.78,-0.337,0.713,9.873,-0.304,1.89,-0.21,0.07
3483.0,0.806,9.897,-0.361,0.792,9.907,-0.459,3.5,0.0,1.26
,0.854,9.959,-0.34,0.782,9.835,-0.373,2.94,1.12,1.12
,0.838,9.969,-0.385,0.771,9.818,-0.385,2.1,1.82,1.33
,0.794,9.899,-0.409,0.694,9.856,-0.397,2.17,2.1,1.19
3558.0,0.67,9.775,-0.342,0.711,9.806,-0.328,2.66,0.91,1.82
,0.737,9.832,-0.359,0.694,9.768,-0.342,3.43,0.84,0.49
,0.684,9.82,-0.304,0.708,9.71,-0.323,3.57,0.77,-0.14
,0.737,9.828,-0.357,0.739,9.765,-0.34,2.52,0.98,-0.21
3634.0,0.763,9.837,-0.383,0.833,9.916,-0.313,2.52,1.33,0.63
,0.761,9.89,-0.33,0.773,9.801,-0.325,2.03,1.75,1.26
,0.723,9.83,-0.33,0.711,9.799,-0.285,1.82,1.75,1.05
,0.706,9.84,-0.292,0.785,9.861,-0.347,2.24,1.33,0.56
3710.0,0.785,9.787,-0.282,0.644,9.828,-0.388,3.22,1.68,0.98
,0.687,9.751,-0.369,0.605,9.804,-0.352,3.71,1.12,0.7
,0.711,9.911,-0.404,0.806,9.82,-0.392,4.2,0.56,1.26
,0.816,9.95,-0.392,0.821,9.876,-0.39,3.57,0.91,1.47
3786.0,0.742,9.835,-0.337,0.771,9.861,-0.426,2.03,1.68,0.49
,0.744,9.859,-0.328,0.84,9.897,-0.505,3.36,1.19,1.4
,0.672,9.797,-0.335,0.802,9.883,-0.426,3.64,0.91,1.05
,0.696,9.811,-0.345,0.694,9.868,-0.428,4.55,0.07,0.28
3862.0,0.744,9.856,-0.388,0.687,9.892,-0.313,2.24,0.98,2.31
,0.797,9.804,-0.333,0.797,9.876,-0.304,1.19,1.75,2.45
,0.708,9.775,-0.357,0.684,9.737,-0.328,0.98,1.54,0.77
,0.586,9.859,-0.366,0.627,9.696,-0.191,0.42,1.19,-0.14
3937.0,0.536,9.474,-0.641,0.658,9.787,-0.345,1.47,-0.77,-2.17
,0.948,9.878,-0.414,0.826,9.88,-0.359,0.7,-0.21,-0.42
,0.78,9.852,-0.371,0.742,9.895,-0.345,1.82,1.61,0.56
,0.572,9.629,-0.268,0.672,9.83,-0.33,1.33,2.38,1.33
4013.0,0.68,9.792,-0.361,0.854,9.962,-0.371,1.82,1.96,3.08
,0.73,9.797,-0.388,0.885,9.921,-0.388,2.17,1.82,3.36
,0.821,9.878,-0.376,0.847,9.921,-0.325,2.59,1.26,3.43
,0.873,9.95,-0.383,0.866,9.868,-0.325,2.73,1.26,3.78
4088.0,0.888,9.928,-0.309,0.756,9.775,-0.251,-3.99,2.94,1.4
,0.905,9.868,-0.254,0.773,9.816,-0.318,-3.92,3.43,0.84
,0.818,9.89,-0.223,0.622,9.725,-0.211,-3.99,3.85,0.77
,0.773,9.787,-0.206,0.771,9.761,-0.268,-3.29,3.85,1.19
4164.0,0.794,9.878,-0.369,0.771,9.813,-0.335,4.76,0.28,-0.42
,0.694,9.77,-0.292,0.794,9.89,-0.335,5.25,0.14,-0.63
,0.708,9.813,-0.347,0.794,9.825,-0.285,3.92,1.47,0.28
,0.727,9.78,-0.34,0.849,9.854,-0.285,2.87,2.73,1.19
4240.0,0.878,9.95,-0.263,0.749,9.885,-0.311,3.01,0.98,0.91
,0.936,9.952,-0.285,0.737,9.799,-0.294,3.43,0.49,0.7
,0.897,9.897,-0.321,0.775,9.801,-0.297,3.64,0.84,1.05
,0.806,9.837,-0.28,0.835,9.871,-0.38,4.48,1.12,1.19
4316.0,0.826,9.818,-0.34,0.637,9.813,-0.313,5.74,0.14,0.14
,0.708,9.77,-0.275,0.677,9.749,-0.369,5.67,0.56,-0.35
,0.72,9.866,-0.306,0.725,9.825,-0.378,5.6,1.12,-0.07
,0.766,9.919,-0.321,0.708,9.801,-0.39,4.55,1.75,0.98
4391.0,0.737,9.818,-0.321,0.816,9.847,-0.297,1.19,2.17,1.61
,0.749,9.859,-0.378,0.943,9.909,-0.309,0.21,2.31,1.05
,0.763,9.876,-0.364,0.823,9.789,-0.251,-0.63,1.68,0.28
,0.723,9.823,-0.335,0.859,9.856,-0.275,-1.4,1.61,1.05
4467.0,0.861,9.852,-0.227,0.653,9.811,-0.275,8.33,-0.49,-1.12
,0.773,9.797,-0.251,0.718,9.799,-0.345,8.82,-1.12,-1.05
,0.871,9.957,-0.249,0.754,9.832,-0.299,8.33,-1.19,-0.98
,0.737,9.854,-0.258,0.687,9.765,-0.325,7.07,-0.28,-0.91
4542.0,0.68,9.801,-0.335,0.725,9.859,-0.309,-0.42,2.73,1.19
,0.763,9.794,-0.369,0.852,9.904,-0.34,-0.21,2.59,1.75
,0.802,9.818,-0.388,0.79,9.818,-0.318,0.28,2.17,1.26
,0.689,9.806,-0.345,0.747,9.78,-0.302,1.68,2.1,1.61
4618.0,0.739,9.828,-0.433,0.763,9.878,-0.328,4.27,0.0,0.77
,0.9,9.866,-0.342,0.797,9.844,-0.342,5.32,-0.49,0.56
,0.912,9.897,-0.388,0.852,9.842,-0.383,5.67,0.0,0.0
,0.787,9.852,-0.318,0.826,9.811,-0.361,4.62,0.77,-0.56
4694.0,0.696,9.804,-0.335,0.821,9.876,-0.342,1.47,3.15,0.84
,0.751,9.758,-0.34,0.763,9.787,-0.39,0.98,3.15,0.98
,0.718,9.818,-0.337,0.792,9.84,-0.383,1.12,3.01,0.98
,0.809,9.907,-0.294,0.802,9.809,-0.316,0.98,2.73,1.47
4770.0,0.849,9.914,-0.304,0.828,9.804,-0.364,1.61,2.17,0.14
,0.766,9.876,-0.33,0.818,9.832,-0.376,1.05,2.66,-0.42
,0.625,9.866,-0.313,0.701,9.753,-0.369,0.98,2.38,-0.63
,0.708,9.809,-0.313,0.651,9.739,-0.242,1.47,2.17,-0.07
4846.0,0.744,9.816,-0.239,0.735,9.823,-0.282,2.59,0.21,1.54
,0.809,9.902,-0.211,0.79,9.828,-0.302,2.03,0.7,2.17
,0.701,9.799,-0.215,0.747,9.811,-0.325,2.87,1.05,1.82
,0.742,9.823,-0.263,0.821,9.878,-0.311,3.57,1.05,1.61
4921.0,0.711,9.809,-0.337,0.809,9.868,-0.359,2.03,1.61,0.98
,0.782,9.837,-0.306,0.907,9.902,-0.333,2.24,1.82,1.61
,0.749,9.818,-0.294,0.866,9.866,-0.407,2.45,1.68,1.54
,0.773,9.837,-0.311,0.751,9.777,-0.321,2.66,1.33,1.26
4997.0,0.864,9.895,-0.352,0.79,9.794,-0.29,3.15,1.75,1.47
,0.826,9.873,-0.383,0.751,9.775,-0.273,3.5,0.84,0.84
,0.818,9.895,-0.345,0.773,9.828,-0.261,3.15,1.26,1.05
,0.835,9.909,-0.347,0.826,9.82,-0.28,2.45,2.31,0.91
5073.0,0.797,9.878,-0.321,0.883,9.897,-0.38,4.2,1.19,0.14
,0.744,9.847,-0.337,0.759,9.859,-0.278,4.06,0.77,0.35
,0.701,9.801,-0.366,0.799,9.866,-0.328,3.5,0.91,1.05
,0.816,9.849,-0.342,0.799,9.861,-0.294,3.36,1.12,1.61
5149.0,0.785,9.832,-0.278,0.651,9.785,-0.311,2.8,1.05,0.77
,0.787,9.859,-0.306,0.725,9.739,-0.251,3.36,0.91,0.42
,0.794,9.885,-0.337,0.704,9.765,-0.273,2.87,1.19,0.98
,0.692,9.77,-0.285,0.632,9.689,-0.268,2.87,1.82,1.12
5224.0,0.687,9.782,-0.251,0.806,9.931,-0.309,4.83,0.56,-0.28
,0.696,9.73,-0.34,0.871,9.971,-0.294,5.04,0.63,-0.28
,0.656,9.761,-0.287,0.89,9.94,-0.251,4.13,1.12,0.0
,0.711,9.842,-0.304,0.763,9.859,-0.266,3.29,1.54,0.49
5300.0,0.723,9.792,-0.258,0.794,9.809,-0.376,1.05,1.54,2.59
,0.823,9.787,-0.254,0.766,9.806,-0.361,2.59,0.84,2.1
,0.823,9.83,-0.33,0.699,9.787,-0.27,3.99,0.0,0.98
,0.821,9.849,-0.349,0.744,9.744,-0.321,3.92,0.28,1.12
5375.0,0.828,9.67,-0.373,0.732,9.842,-0.371,2.59,1.47,-0.42
,0.847,9.904,-0.23,0.842,9.897,-0.371,4.2,0.91,-1.05
,0.79,9.864,-0.313,0.876,9.883,-0.364,3.71,0.63,-1.33
,0.751,9.789,-0.376,0.797,9.856,-0.33,3.64,0.98,-0.77
5451.0,0.809,9.856,-0.275,0.739,9.763,-0.345,1.19,1.4,0.49
,0.778,9.852,-0.337,0.73,9.842,-0.328,1.19,1.75,1.26
,0.821,9.866,-0.342,0.663,9.797,-0.38,1.19,2.17,1.61
,0.747,9.782,-0.313,0.761,9.849,-0.352,1.4,2.87,1.61
5527.0,0.771,9.835,-0.292,0.816,9.794,-0.38,1.61,1.05,-0.21
,0.766,9.828,-0.306,0.854,9.876,-0.359,1.96,1.12,0.14
,0.847,9.919,-0.328,0.826,9.852,-0.306,2.1,1.26,0.84
,0.806,9.897,-0.333,0.715,9.775,-0.309,2.1,1.75,1.61
5603.0,0.61,9.749,-0.316,0.787,9.94,-0.254,2.94,1.12,0.42
,0.782,9.792,-0.328,0.869,9.947,-0.261,2.8,0.63,1.12
,0.833,9.916,-0.333,0.787,9.88,-0.249,2.31,0.98,1.82
,0.727,9.837,-0.23,0.751,9.876,-0.168,2.03,1.61,1.61
5679.0,0.737,9.873,-0.294,0.842,9.727,-0.196,1.47,1.96,0.42
,0.711,9.856,-0.275,0.89,9.911,-0.345,1.82,2.03,1.05
,0.613,9.763,-0.191,0.833,9.806,-0.309,1.4,2.1,1.61
,0.725,9.768,-0.242,0.869,9.823,-0.328,1.68,2.03,1.4
5754.0,0.967,9.919,-0.323,0.828,9.864,-0.354,3.99,1.26,0.42
,0.852,9.902,-0.325,0.9,9.892,-0.292,3.5,0.91,0.07
,0.759,9.832,-0.297,0.79,9.931,-0.306,2.52,1.54,0.56
,0.78,9.878,-0.297,0.811,9.921,-0.328,1.54,1.54,1.47
5830.0,0.84,9.866,-0.371,0.723,9.763,-0.359,0.63,1.96,3.01
,0.787,9.816,-0.34,0.747,9.763,-0.313,0.63,2.73,3.15
,0.67,9.742,-0.337,0.713,9.744,-0.273,0.77,2.66,2.31
,0.687,9.67,-0.342,0.775,9.811,-0.345,1.75,2.17,1.68
5906.0,0.756,9.854,-0.316,0.771,9.864,-0.328,4.83,-0.42,-1.89
,0.878,9.866,-0.354,0.725,9.856,-0.321,5.04,-0.14,0.0
,0.821,9.914,-0.302,0.711,9.873,-0.321,5.53,-0.28,0.7
,0.818,9.866,-0.318,0.785,9.861,-0.333,5.25,-0.56,0.56
5982.0,0.802,9.842,-0.333,0.711,9.768,-0.337,0.77,1.61,1.68
,0.869,9.835,-0.337,0.778,9.852,-0.29,1.33,1.05,1.12
,0.747,9.777,-0.309,0.83,9.883,-0.282,2.03,0.56,0.07
,0.605,9.696,-0.304,0.684,9.794,-0.285,2.87,0.07,-0.28
6057.0,0.634,9.765,-0.309,0.83,9.787,-0.191,4.27,0.56,-0.07
,0.682,9.842,-0.266,0.821,9.873,-0.275,3.57,0.63,0.63
,0.742,9.892,-0.347,0.794,9.811,-0.239,2.52,0.91,1.61
,0.747,9.856,-0.27,0.747,9.765,-0.273,2.1,1.47,1.96
6133.0,0.759,9.88,-0.261,0.696,9.782,-0.29,3.99,1.19,-0.91
,1.046,9.935,-0.287,0.701,9.792,-0.352,3.64,1.19,-0.42
,0.794,9.854,-0.282,0.814,9.866,-0.297,3.78,0.63,-0.91
,0.668,9.768,-0.285,0.751,9.885,-0.373,3.15,0.91,-0.49
6208.0,0.78,9.887,-0.39,0.677,9.785,-0.388,2.31,1.82,1.61
,0.735,9.873,-0.445,0.689,9.83,-0.412,2.24,1.75,1.68
,0.689,9.823,-0.39,0.768,9.816,-0.414,2.94,1.68,1.61
,0.68,9.768,-0.376,0.768,9.864,-0.38,2.52,1.68,1.19
6284.0,0.754,9.859,-0.414,0.682,9.859,-0.404,3.22,1.61,-0.21
,0.696,9.856,-0.392,0.711,9.866,-0.328,3.01,1.33,-0.28
,0.763,9.811,-0.366,0.759,9.804,-0.378,3.15,0.56,0.42
,0.639,9.722,-0.302,0.735,9.832,-0.371,3.99,0.49,0.98
6360.0,0.871,9.916,-0.333,0.727,9.794,-0.325,3.01,1.19,0.49
,0.828,9.854,-0.335,0.763,9.773,-0.311,2.1,1.61,0.56
,0.634,9.797,-0.349,0.806,9.842,-0.352,1.89,1.54,0.14
,0.725,9.811,-0.309,0.775,9.878,-0.299,2.24,1.12,0.56
6436.0,0.811,9.909,-0.282,0.756,9.868,-0.302,2.87,0.49,0.84
,0.818,9.911,-0.306,0.797,9.856,-0.29,1.33,1.19,1.19
,0.727,9.895,-0.333,0.687,9.837,-0.352,-0.28,1.75,1.89
,0.713,9.818,-0.335,0.696,9.768,-0.388,-0.56,1.61,1.68
6511.0,0.72,9.804,-0.328,0.682,9.658,-0.285,1.05,2.52,-0.28
,0.668,9.797,-0.337,0.672,9.761,-0.218,1.05,2.03,-0.28
,0.713,9.763,-0.337,0.747,9.809,-0.235,1.05,2.38,0.14
,0.84,10.1,-0.524,0.723,9.876,-0.313,-0.91,3.29,0.77
6587.0,0.926,9.935,-0.359,0.818,9.868,-0.304,2.73,1.75,1.61
,0.96,10.045,-0.333,0.864,9.928,-0.29,2.59,2.17,1.75
,0.761,9.873,-0.294,0.814,9.873,-0.292,2.38,2.1,0.77
,0.771,9.919,-0.328,0.861,9.88,-0.244,2.38,1.89,0.77
6663.0,0.763,9.876,-0.282,0.56,9.622,-0.258,5.32,-0.07,-1.75
,0.715,9.725,-0.261,0.541,9.646,-0.215,4.55,0.21,-0.35
,0.581,9.749,-0.27,0.701,9.78,-0.369,4.83,0.42,0.63
,0.558,9.804,-0.304,0.715,9.854,-0.333,5.04,0.49,1.19
6739.0,0.687,9.88,-0.369,0.794,9.861,-0.39,4.48,1.54,0.77
,0.651,9.847,-0.359,0.78,9.785,-0.34,2.87,2.1,0.84
,0.732,9.871,-0.354,0.785,9.83,-0.313,0.84,2.38,1.26
,0.778,9.861,-0.378,0.754,9.82,-0.29,0.28,2.94,1.96
6815.0,0.751,9.806,-0.414,0.739,9.744,-0.33,2.45,1.47,0.77
,0.883,9.892,-0.302,0.763,10.211,-0.318,4.27,0.56,0.7
,0.9,9.844,-0.294,0.677,9.861,-0.325,5.81,-0.21,-0.35
,0.885,9.885,-0.282,0.675,9.859,-0.407,7.35,-0.77,-1.26
6890.0,0.696,9.842,-0.412,0.67,9.813,-0.28,2.59,2.03,0.98
,0.541,9.763,-0.445,0.699,9.749,-0.258,1.05,2.73,1.26
,0.644,9.78,-0.402,0.821,9.825,-0.328,0.63,2.52,1.05
,0.68,9.787,-0.371,0.794,9.849,-0.318,0.21,2.45,1.05
6966.0,0.744,9.876,-0.306,0.706,9.773,-0.323,3.71,1.61,2.24
,0.778,9.825,-0.313,0.68,9.792,-0.349,3.64,1.75,2.45
,0.828,9.816,-0.29,0.771,9.866,-0.388,5.04,1.19,1.68
,0.792,9.825,-0.33,0.756,9.852,-0.371,7.49,0.0,0.14
7041.0,0.613,9.765,-0.349,0.603,9.82,-0.445,3.5,1.89,-0.49
,0.62,9.801,-0.474,0.639,9.765,-0.409,1.33,2.03,-0.7
,0.766,9.899,-0.4,0.656,9.864,-0.4,0.14,2.03,0.35
,0.754,9.883,-0.419,0.775,9.962,-0.4,-0.35,2.38,1.12
7117.0,0.771,9.88,-0.39,0.811,9.866,-0.302,2.45,1.89,1.12
,0.809,9.897,-0.392,0.912,9.962,-0.325,3.99,1.54,0.84
,0.603,9.698,-0.309,0.787,9.89,-0.404,6.44,0.63,-0.56
,0.57,9.703,-0.294,0.574,9.797,-0.349,8.82,0.21,-0.84
7193.0,0.665,9.835,-0.395,0.665,9.811,-0.419,8.96,-0.42,-0.7
,0.735,9.852,-0.457,0.778,9.957,-0.373,5.32,0.84,0.7
,0.648,9.775,-0.488,0.861,9.914,-0.333,2.17,2.1,1.4
,0.608,9.751,-0.467,0.826,9.837,-0.313,0.28,2.17,1.54
7269.0,0.804,9.89,-0.313,0.761,9.854,-0.383,-3.85,3.5,1.61
,0.737,9.876,-0.383,0.766,9.911,-0.388,-0.28,2.45,1.54
,0.572,9.71,-0.299,0.775,9.847,-0.443,0.84,2.52,0.77
,0.677,9.785,-0.349,0.73,9.854,-0.438,2.1,2.1,0.28
7344.0,0.555,9.718,-0.378,0.713,9.871,-0.395,1.75,1.19,-0.63
,0.536,9.775,-0.407,0.725,9.849,-0.376,1.47,1.19,-0.56
,0.648,9.871,-0.407,0.761,9.78,-0.275,0.7,1.4,0.14
,0.704,9.931,-0.39,0.773,9.926,-0.459,0.21,1.33,0.77
7420.0,0.833,10.081,-0.493,0.658,9.825,-0.146,6.58,0.84,3.01
,0.732,9.397,0.383,0.787,9.897,-0.397,-15.75,7.21,5.81
,0.627,9.775,-0.445,0.651,9.667,-0.297,-8.96,3.22,1.12
,0.593,9.643,-0.311,0.555,9.682,-0.206,1.19,-0.49,1.26
7496.0,0.713,9.727,-0.256,0.663,9.852,-0.254,6.09,-0.77,0.77
,0.818,9.902,-0.385,0.627,9.866,-0.225,5.6,-0.14,0.49
,0.778,9.878,-0.297,0.687,9.801,-0.235,3.57,1.05,-0.07
,0.692,9.909,-0.306,0.715,9.804,-0.311,1.05,2.1,-0.21
7572.0,0.701,9.866,-0.369,0.687,9.871,-0.392,1.89,0.42,0.42
,0.806,9.897,-0.373,0.603,9.794,-0.359,2.73,-0.28,0.28
,0.727,9.837,-0.342,0.677,9.823,-0.38,4.34,-0.14,0.42
,0.723,9.801,-0.395,0.67,9.78,-0.335,4.83,0.14,0.07
7648.0,0.799,9.825,-0.335,0.668,9.83,-0.292,3.22,0.77,1.12
,0.852,9.866,-0.337,0.749,9.873,-0.359,3.01,0.91,0.77
,0.773,9.861,-0.311,0.644,9.82,-0.268,3.5,1.05,-0.21
,0.653,9.842,-0.287,0.637,9.761,-0.311,2.87,1.12,-0.28
7723.0,0.715,9.847,-0.28,0.749,9.782,-0.28,2.1,1.33,0.84
,0.775,9.895,-0.321,0.739,9.813,-0.273,2.1,2.1,1.12
,0.644,9.816,-0.354,0.797,9.859,-0.292,1.75,2.45,1.19
,0.66,9.785,-0.292,0.823,9.94,-0.316,2.59,2.1,1.89
7799.0,0.639,9.806,-0.266,0.751,9.899,-0.38,2.31,1.75,0.7
,0.754,9.854,-0.309,0.842,9.928,-0.383,2.52,1.75,1.05
,0.759,9.847,-0.29,0.763,9.885,-0.349,3.01,1.68,0.63
,0.715,9.77,-0.361,0.766,9.892,-0.373,4.83,1.12,-0.35
7874.0,0.773,9.856,-0.376,0.727,9.842,-0.292,-0.77,2.87,0.91
,0.708,9.861,-0.364,0.668,9.761,-0.22,-1.47,3.01,0.84
,0.684,9.859,-0.385,0.632,9.727,-0.254,-1.33,2.45,0.77
,0.754,9.873,-0.297,0.555,9.768,-0.285,-1.12,1.68,0.42
7950.0,0.672,9.83,-0.299,0.694,9.809,-0.263,5.81,-0.49,1.19
,0.785,9.914,-0.323,0.586,9.794,-0.328,5.32,0.07,1.47
,0.718,9.801,-0.311,0.62,9.753,-0.316,4.41,0.49,1.26
,0.68,9.849,-0.282,0.701,9.734,-0.328,2.38,1.4,1.19
8026.0,0.706,9.809,-0.371,0.756,9.926,-0.292,1.19,1.33,0.84
,0.756,9.847,-0.282,0.797,9.981,-0.306,1.54,1.19,1.26
,0.715,9.818,-0.235,0.739,9.844,-0.299,2.38,0.56,1.12
,0.773,9.923,-0.227,0.601,9.777,-0.316,3.15,0.42,1.33
8102.0,0.608,9.849,-0.345,0.806,9.899,-0.29,2.52,1.33,1.33
,0.811,9.885,-0.366,0.713,9.813,-0.28,1.47,1.61,1.19
,0.699,9.844,-0.333,0.727,9.809,-0.266,0.0,2.52,1.05
,0.72,9.777,-0.323,0.79,9.852,-0.29,-0.56,3.15,1.19
8177.0,0.727,9.797,-0.311,0.751,9.849,-0.275,2.66,1.19,1.19
,0.617,9.761,-0.292,0.701,9.823,-0.323,3.36,1.05,1.26
,0.687,9.792,-0.304,0.756,9.832,-0.316,3.71,1.19,1.26
,0.797,9.911,-0.311,0.866,9.916,-0.347,2.94,1.4,1.05
8253.0,0.742,9.806,-0.268,0.775,9.859,-0.299,0.91,2.52,0.49
,0.701,9.806,-0.316,0.723,9.852,-0.297,1.33,1.89,0.14
,0.725,9.844,-0.237,0.66,9.792,-0.268,2.87,0.98,-0.14
,0.773,9.902,-0.254,0.799,9.876,-0.309,4.62,0.28,-0.14
8329.0,0.723,9.854,-0.366,0.711,9.844,-0.263,2.8,1.61,1.47
,0.524,9.718,-0.27,0.727,9.864,-0.285,1.89,2.38,1.54
,0.524,9.746,-0.28,0.725,9.799,-0.246,1.05,2.31,1.19
,0.605,9.823,-0.318,0.773,9.828,-0.28,0.14,2.38,1.68
8405.0,0.782,9.897,-0.292,0.677,9.897,-0.261,4.06,-0.14,0.0
,0.759,9.931,-0.328,0.809,9.828,-0.316,3.85,0.0,0.84
,0.677,9.825,-0.28,0.782,9.809,-0.311,3.57,0.14,1.12
,0.739,9.902,-0.337,0.639,9.703,-0.261,3.71,-0.14,1.33
8481.0,0.735,9.854,-0.261,0.641,9.797,-0.256,3.15,0.35,0.28
,0.727,9.849,-0.33,0.828,9.804,-0.306,3.22,0.35,0.49
,0.761,9.916,-0.275,0.768,9.895,-0.292,3.01,0.84,1.12
,0.727,9.844,-0.22,0.751,9.823,-0.28,2.87,1.4,0.91
8556.0,0.711,9.828,-0.273,0.675,9.804,-0.28,3.08,1.82,0.49
,0.823,9.928,-0.292,0.617,9.78,-0.333,2.66,1.26,0.49
,0.778,9.878,-0.316,0.601,9.763,-0.313,2.66,1.54,0.07
,0.737,9.842,-0.297,0.675,9.792,-0.309,2.66,1.68,0.14
8632.0,0.699,9.861,-0.335,0.689,9.852,-0.287,1.19,2.38,1.54
,0.818,9.916,-0.321,0.751,9.749,-0.345,1.47,1.75,1.82
,0.797,9.943,-0.33,0.639,9.646,-0.268,1.75,1.75,1.89
,0.735,9.849,-0.306,0.708,9.82,-0.328,1.96,1.61,1.96
8707.0,0.771,9.885,-0.318,0.84,9.935,-0.246,3.92,1.33,-0.21
,0.675,9.844,-0.306,0.797,9.792,-0.251,3.5,1.61,0.07
,0.591,9.799,-0.349,0.593,9.811,-0.211,2.59,1.82,0.14
,0.708,9.816,-0.29,0.715,9.854,-0.294,1.89,2.1,1.68
8783.0,0.826,9.928,-0.337,0.672,9.852,-0.335,3.36,0.0,-0.91
,0.677,9.797,-0.299,0.572,9.742,-0.285,2.24,0.42,0.07
,0.581,9.71,-0.237,0.744,9.883,-0.232,1.82,0.7,1.26
,0.704,9.739,-0.285,0.727,9.887,-0.179,1.4,1.33,1.82
8859.0,0.61,9.761,-0.22,0.83,10.01,-0.244,1.54,2.66,0.21
,0.581,9.789,-0.211,0.739,9.885,-0.196,2.73,2.24,0.28
,0.715,9.84,-0.235,0.725,9.852,-0.254,2.87,1.47,0.21
,0.811,9.926,-0.258,0.871,9.89,-0.306,2.94,0.84,0.77
8935.0,0.771,9.926,-0.335,0.701,9.864,-0.337,2.45,1.54,-0.14
,0.782,9.919,-0.273,0.675,9.77,-0.316,1.68,1.47,0.35
,0.83,9.919,-0.347,0.61,9.794,-0.29,1.12,1.4,-0.28
,0.704,9.926,-0.285,0.61,9.775,-0.297,1.12,1.47,-0.21
9010.0,0.715,9.859,-0.304,0.663,9.83,-0.235,3.22,0.63,1.33
,0.692,9.844,-0.254,0.713,9.806,-0.249,3.01,0.91,1.89
,0.727,9.804,-0.256,0.668,9.782,-0.256,2.87,1.4,1.68
,0.687,9.84,-0.313,0.639,9.842,-0.273,3.22,1.54,0.7
9086.0,0.694,9.885,-0.232,0.826,9.887,-0.285,4.13,0.07,0.63
,0.663,9.837,-0.273,0.732,9.859,-0.335,4.13,-0.14,0.7
,0.744,9.835,-0.275,0.723,9.806,-0.311,4.27,-0.7,0.35
,0.835,9.828,-0.29,0.677,9.84,-0.33,5.53,-1.19,-0.91
9162.0,0.782,9.495,-0.459,0.711,9.885,-0.299,3.99,1.68,0.0
,0.737,9.995,-0.407,0.747,9.835,-0.4,4.41,0.91,1.89
,0.637,9.816,-0.266,0.763,9.734,-0.22,3.5,1.19,1.12
,0.646,9.828,-0.366,0.763,9.904,-0.33,3.64,0.56,0.98
9238.0,0.684,9.883,-0.34,0.634,9.804,-0.273,4.2,0.07,-0.49
,0.57,9.799,-0.282,0.648,9.816,-0.328,4.48,0.0,-0.35
,0.792,9.868,-0.357,0.718,9.856,-0.371,4.2,0.49,-0.42
,0.763,9.902,-0.299,0.644,9.765,-0.266,5.11,0.98,-0.28
9313.0,0.665,9.753,-0.302,0.682,9.895,-0.316,2.66,1.4,0.84
,0.737,9.837,-0.318,0.692,9.897,-0.347,2.52,1.33,0.77
,0.761,9.844,-0.323,0.723,9.847,-0.407,2.94,1.82,0.63
,0.701,9.856,-0.33,0.596,9.725,-0.342,3.85,2.1,0.56
9389.0,0.581,9.758,-0.323,0.637,9.844,-0.378,4.13,0.91,1.05
,0.79,9.957,-0.376,0.577,9.749,-0.388,4.13,0.56,0.63
,0.725,9.878,-0.376,0.608,9.782,-0.388,2.87,0.98,0.49
,0.67,9.806,-0.38,0.704,9.77,-0.345,3.57,1.26,0.84
9465.0,0.785,9.873,-0.378,0.639,9.847,-0.328,2.38,1.4,0.35
,0.713,9.806,-0.328,0.701,9.883,-0.433,2.52,1.4,0.84
,0.651,9.849,-0.373,0.847,10.026,-0.481,3.36,0.91,1.4
,0.73,9.856,-0.359,0.759,9.959,-0.414,3.85,0.91,1.54
9541.0,0.699,9.861,-0.325,0.519,9.655,-0.333,0.49,2.17,0.84
,0.639,9.787,-0.273,0.601,9.756,-0.364,0.56,2.03,0.28
,0.61,9.749,-0.294,0.72,9.765,-0.371,1.47,1.89,0.14
,0.459,9.682,-0.337,0.797,9.852,-0.357,2.87,1.61,0.07
9617.0,0.792,9.919,-0.364,0.727,9.895,-0.347,3.99,0.77,1.4
,0.859,9.959,-0.306,0.811,9.887,-0.321,2.03,1.47,1.68
,0.854,9.904,-0.357,0.713,9.897,-0.34,0.35,2.66,2.31
,0.737,9.828,-0.302,0.677,9.852,-0.354,1.19,3.5,1.61
9692.0,0.653,9.868,-0.33,0.543,9.746,-0.311,0.98,2.24,-0.07
,0.775,9.931,-0.357,0.675,9.825,-0.361,0.98,1.68,1.05
,0.737,9.873,-0.333,0.648,9.725,-0.383,1.19,1.05,1.4
,0.522,9.667,-0.261,0.577,9.694,-0.369,2.52,0.84,0.35
9768.0,0.715,9.844,-0.392,0.727,9.923,-0.321,2.8,2.17,0.07
,0.754,9.871,-0.383,0.797,9.971,-0.349,2.45,2.66,0.28
,0.658,9.871,-0.364,0.72,9.887,-0.335,2.03,2.8,0.21
,0.704,9.895,-0.345,0.744,9.832,-0.347,2.03,2.59,0.56
9843.0,0.692,9.811,-0.359,0.593,9.785,-0.359,3.01,1.05,1.05
,0.668,9.811,-0.378,0.648,9.823,-0.333,3.43,0.56,0.14
,0.768,9.856,-0.383,0.739,9.919,-0.323,3.15,0.49,0.35
,0.766,9.876,-0.402,0.708,9.832,-0.369,2.52,1.19,0.63
9919.0,0.517,9.663,-0.309,0.634,9.725,-0.361,1.12,2.45,0.77
,0.62,9.816,-0.347,0.546,9.706,-0.328,2.66,1.4,-0.28
,0.756,9.866,-0.433,0.727,9.887,-0.335,2.59,1.12,0.49
,0.739,9.885,-0.416,0.775,9.959,-0.426,1.96,1.54,1.12
9995.0,0.632,9.892,-0.357,0.821,9.933,-0.373,2.73,1.26,1.96
,0.759,9.765,-0.371,0.751,9.899,-0.412,2.66,1.54,2.24
,0.73,9.828,-0.325,0.749,9.775,-0.34,5.25,0.91,0.07
,0.73,9.883,-0.354,0.57,9.715,-0.323,5.67,0.35,-0.21
10071.0,0.579,9.823,-0.297,0.634,9.758,-0.273,4.34,0.7,-0.21
,0.682,9.876,-0.316,0.694,9.818,-0.39,3.22,0.91,0.14
,0.749,9.883,-0.325,0.684,9.861,-0.385,1.89,1.19,0.21
,0.68,9.806,-0.313,0.704,9.878,-0.404,1.19,1.68,0.91
10146.0,0.727,9.921,-0.433,0.66,9.737,-0.38,2.1,1.33,2.66
,0.665,9.859,-0.373,0.632,9.761,-0.352,2.17,1.4,1.89
,0.584,9.789,-0.39,0.622,9.71,-0.33,1.54,1.89,2.31
,0.62,9.761,-0.392,0.816,9.804,-0.261,0.77,2.24,2.87
10222.0,0.749,9.813,-0.297,0.83,9.914,-0.4,4.13,1.89,1.61
,0.61,9.773,-0.299,0.866,9.684,-0.479,5.46,1.68,1.61
,0.826,9.962,-0.357,0.828,10.091,-0.469,5.81,0.91,1.12
,0.885,10.055,-0.424,0.742,9.847,-0.359,3.99,1.05,0.84
10297.0,0.656,9.837,-0.359,0.818,9.892,-0.361,1.12,1.4,0.0
,0.682,9.861,-0.34,0.708,9.902,-0.318,1.05,0.77,0.14
,0.759,9.892,-0.383,0.665,9.916,-0.325,1.54,0.84,-0.14
,0.79,9.859,-0.359,0.66,9.837,-0.39,1.89,1.19,-0.21
10373.0,0.622,9.749,-0.412,0.759,9.868,-0.357,2.45,0.56,0.42
,0.459,9.66,-0.4,0.787,9.813,-0.287,3.5,0.0,0.63
,0.651,9.742,-0.34,0.742,9.904,-0.275,4.62,-0.77,1.4
,0.66,9.804,-0.309,0.692,9.895,-0.309,4.62,-0.77,1.61
10449.0,0.732,9.899,-0.333,0.9,9.962,-0.416,2.17,1.89,1.47
,0.739,9.842,-0.34,0.787,9.911,-0.428,2.59,2.1,1.33
,0.699,9.84,-0.388,0.692,9.828,-0.366,3.08,1.61,0.7
,0.766,9.864,-0.404,0.735,9.866,-0.378,2.52,0.77,0.91
10525.0,0.668,9.811,-0.392,0.634,9.763,-0.328,0.07,2.1,0.14
,0.581,9.608,-0.34,0.646,9.775,-0.34,0.14,2.24,-0.84
,0.625,9.746,-0.352,0.663,9.873,-0.357,1.54,1.96,-0.77
,0.67,9.809,-0.33,0.646,9.801,-0.383,2.8,1.61,-1.47
10601.0,0.656,9.842,-0.349,0.744,9.883,-0.33,0.84,0.21,0.35
,0.689,9.835,-0.347,0.785,9.873,-0.376,0.28,0.63,0.56
,0.806,9.887,-0.325,0.828,9.933,-0.366,0.56,1.4,1.05
,0.799,9.878,-0.304,0.732,9.876,-0.347,1.75,1.47,0.84
10676.0,0.73,9.866,-0.359,0.658,9.854,-0.258,3.36,1.12,0.77
,0.727,9.832,-0.275,0.768,9.885,-0.211,2.87,0.77,0.49
,0.651,9.782,-0.275,0.799,9.916,-0.263,2.52,0.7,0.21
,0.601,9.811,-0.278,0.555,9.727,-0.28,3.01,0.49,-0.91
10752.0,0.598,9.746,-0.302,0.548,9.727,-0.328,2.31,2.03,-0.07
,0.608,9.849,-0.357,0.739,9.88,-0.285,1.12,2.38,0.7
,0.665,9.842,-0.409,0.78,9.895,-0.306,-0.28,2.66,1.96
,0.617,9.682,-0.306,0.66,9.835,-0.285,-0.42,2.31,2.73
10828.0,0.646,9.753,-0.28,0.727,9.885,-0.366,1.68,1.26,2.03
,0.739,9.861,-0.29,0.833,9.952,-0.385,2.45,1.33,1.96
,0.778,9.876,-0.371,0.878,9.933,-0.414,2.31,1.33,2.45
,0.692,9.761,-0.297,0.701,9.806,-0.318,3.01,1.68,2.24
10904.0,0.641,9.859,-0.316,0.651,9.828,-0.258,0.28,2.8,2.8
,0.711,9.847,-0.33,0.792,9.832,-0.273,-0.35,2.66,1.61
,0.68,9.818,-0.318,0.811,9.844,-0.246,0.14,2.59,0.84
,0.601,9.763,-0.266,0.744,9.83,-0.282,1.05,2.31,0.42
10979.0,0.696,9.794,-0.278,0.646,9.799,-0.282,2.66,1.75,1.33
,0.785,9.871,-0.306,0.782,9.88,-0.299,1.82,1.75,1.61
,0.945,9.902,-0.342,0.794,9.926,-0.251,1.26,1.96,1.19
,0.732,9.804,-0.29,0.699,9.859,-0.299,1.75,2.03,0.21
11055.0,0.687,9.823,-0.275,0.601,9.806,-0.275,1.4,1.26,0.35
,0.692,9.804,-0.297,0.658,9.763,-0.292,0.77,1.68,0.14
,0.771,9.89,-0.299,0.869,9.983,-0.388,0.14,2.38,0.84
,0.754,9.789,-0.287,0.787,9.899,-0.412,0.63,2.8,0.7
11130.0,0.715,9.746,-0.268,0.572,9.753,-0.206,1.89,1.54,0.49
,0.735,9.859,-0.287,0.589,9.746,-0.282,2.8,1.26,0.21
,0.718,9.847,-0.237,0.713,9.813,-0.318,2.94,1.12,0.14
,0.744,9.828,-0.273,0.751,9.864,-0.342,2.73,1.05,0.49
11206.0,0.732,9.864,-0.292,0.622,9.825,-0.285,3.85,0.49,1.05
,0.622,9.756,-0.268,0.656,9.818,-0.304,3.5,0.7,-0.84
,0.634,9.811,-0.213,0.708,9.844,-0.302,2.73,0.91,-0.07
,0.67,9.864,-0.256,0.766,9.892,-0.335,1.61,1.61,1.54
11282.0,0.804,9.84,-0.29,0.804,9.825,-0.34,2.45,1.05,0.63
,0.692,9.828,-0.306,0.749,9.883,-0.397,2.66,0.35,-0.98
,0.718,9.84,-0.313,0.797,9.887,-0.373,3.01,0.21,-0.77
,0.79,9.873,-0.4,0.797,9.861,-0.378,3.43,0.35,0.14
11358.0,0.828,9.835,-0.4,0.742,9.782,-0.325,2.87,1.54,1.89
,0.651,9.789,-0.235,0.842,9.885,-0.309,3.01,0.84,1.89
,0.601,9.785,-0.232,0.835,9.83,-0.323,3.43,0.0,0.91
,0.684,9.82,-0.263,0.857,9.856,-0.366,3.92,0.0,0.49
11434.0,0.694,9.84,-0.333,0.766,9.828,-0.325,3.15,0.91,-1.54
,0.682,9.789,-0.359,0.589,9.811,-0.342,3.99,0.42,-1.33
,0.816,9.89,-0.359,0.739,9.89,-0.323,4.06,0.28,-0.28
,0.826,9.947,-0.349,0.725,9.83,-0.309,4.06,0.7,1.26
11509.0,0.677,9.763,-0.282,0.672,9.835,-0.345,3.64,1.05,0.0
,0.617,9.753,-0.335,0.651,9.782,-0.294,4.48,0.49,-0.56
,0.706,9.852,-0.361,0.704,9.816,-0.335,4.27,-0.07,-0.49
,0.696,9.899,-0.366,0.732,9.873,-0.33,3.29,0.35,0.21
11585.0,0.778,9.89,-0.328,0.771,9.878,-0.254,3.5,1.12,1.75
,0.799,9.897,-0.309,0.775,9.844,-0.246,2.59,1.89,2.03
,0.792,9.842,-0.325,0.749,9.885,-0.273,2.17,2.03,1.54
,0.766,9.785,-0.313,0.718,9.935,-0.282,2.52,1.68,0.7
11661.0,0.704,9.861,-0.203,0.637,9.768,-0.318,6.37,0.7,-0.91
,0.754,9.842,-0.345,0.584,9.773,-0.376,4.13,1.05,-1.05
,0.785,9.88,-0.412,0.625,9.871,-0.371,3.22,1.61,0.0
,0.756,9.844,-0.392,0.742,9.842,-0.325,1.75,2.87,0.98
11737.0,0.641,9.82,-0.297,0.672,9.809,-0.347,2.73,2.24,-0.28
,0.735,9.854,-0.361,0.694,9.818,-0.328,3.22,1.96,-0.07
,0.814,9.957,-0.383,0.804,9.887,-0.333,2.8,1.82,0.7
,0.804,9.947,-0.421,0.744,9.753,-0.299,1.68,2.03,1.4
11812.0,0.62,9.785,-0.299,0.593,9.713,-0.34,2.94,1.4,-0.77
,0.744,9.873,-0.325,0.622,9.785,-0.357,2.87,1.54,0.0
,0.665,9.811,-0.316,0.644,9.813,-0.337,2.31,1.89,0.21
,0.555,9.756,-0.347,0.677,9.811,-0.404,2.03,2.17,0.07
11888.0,0.641,9.785,-0.383,0.656,9.756,-0.28,1.47,2.38,1.47
,0.682,9.861,-0.306,0.768,9.837,-0.385,0.49,2.52,1.75
,0.675,9.823,-0.263,0.658,9.832,-0.402,1.19,2.03,1.05
,0.62,9.742,-0.273,0.605,9.749,-0.373,2.31,1.4,-0.21
11963.0,0.809,9.876,-0.392,0.838,10.031,-0.254,3.71,0.77,1.54
,0.775,9.864,-0.349,0.742,10.002,-0.235,3.43,1.19,1.19
,0.802,9.919,-0.292,0.715,9.938,-0.254,2.17,1.68,0.49
,0.83,9.988,-0.246,0.646,9.88,-0.321,0.7,1.96,0.49
12039.0,0.694,9.873,-0.34,0.725,9.797,-0.285,1.4,2.8,-0.14
,0.658,9.818,-0.309,0.668,9.782,-0.333,0.84,2.38,-0.56
,0.613,9.732,-0.287,0.617,9.686,-0.311,0.98,1.89,-1.61
,0.634,9.744,-0.335,0.763,9.775,-0.412,2.17,0.7,-1.26
12115.0,0.78,9.832,-0.45,0.665,9.919,-0.366,5.6,1.75,1.89
,0.821,9.859,-0.433,0.682,9.854,-0.333,4.69,2.59,2.52
,0.692,9.82,-0.366,0.725,9.916,-0.361,3.5,2.52,1.33
,0.62,9.825,-0.361,0.744,9.854,-0.333,3.15,1.89,0.91
12191.0,0.656,9.744,-0.337,0.672,9.861,-0.366,2.45,0.98,0.0
,0.771,9.806,-0.359,0.61,9.859,-0.34,3.08,0.84,-0.14
,0.785,9.835,-0.385,0.639,9.83,-0.371,3.43,1.05,-0.21
,0.704,9.801,-0.361,0.687,9.876,-0.395,4.13,1.4,-0.35
12266.0,0.732,9.902,-0.34,0.663,9.816,-0.313,1.54,1.89,0.7
,0.771,9.909,-0.371,0.802,9.876,-0.297,0.28,2.59,0.7
,0.771,9.899,-0.325,0.689,9.856,-0.294,-0.35,3.36,0.91
,0.792,9.864,-0.349,0.601,9.785,-0.266,-0.14,3.57,1.12
12342.0,0.627,9.753,-0.306,0.644,9.782,-0.177,1.54,1.75,-0.07
,0.641,9.794,-0.287,0.629,9.794,-0.244,1.89,1.19,-0.49
,0.692,9.847,-0.299,0.66,9.811,-0.235,1.75,1.05,-0.35
,0.692,9.832,-0.28,0.665,9.847,-0.225,1.68,1.26,0.07
12418.0,0.711,9.864,-0.251,0.656,9.88,-0.342,3.78,1.12,0.21
,0.646,9.852,-0.299,0.61,9.842,-0.426,3.71,0.84,1.12
,0.708,9.83,-0.352,0.622,9.876,-0.376,3.78,0.7,1.61
,0.744,9.938,-0.337,0.574,9.818,-0.378,4.27,0.91,1.26
12494.0,0.56,9.789,-0.39,0.72,9.775,-0.34,2.17,1.75,1.4
,0.696,9.859,-0.438,0.677,9.758,-0.337,3.15,1.12,0.98
,0.701,9.885,-0.402,0.558,9.78,-0.352,4.55,0.98,1.61
,0.687,9.823,-0.371,0.677,9.787,-0.402,5.25,0.49,1.68
12570.0,0.782,9.861,-0.402,0.56,9.782,-0.357,6.37,0.21,0.35
,0.737,9.866,-0.364,0.495,9.77,-0.323,5.74,0.35,0.14
,0.682,9.899,-0.371,0.613,9.742,-0.304,4.48,0.84,-0.21
,0.608,9.902,-0.361,0.759,9.813,-0.354,2.94,1.26,0.49
12645.0,0.814,9.847,-0.357,0.68,9.871,-0.412,1.61,1.89,0.28
,0.73,9.828,-0.306,0.701,9.928,-0.373,1.05,2.24,-0.28
,0.625,9.785,-0.321,0.821,9.974,-0.321,0.91,2.17,-0.7
,0.68,9.895,-0.419,0.849,9.878,-0.316,1.05,2.31,-0.35
12721.0,0.68,9.837,-0.302,0.536,9.742,-0.366,3.08,1.96,0.0
,0.639,9.864,-0.345,0.524,9.749,-0.34,3.5,1.47,0.35
,0.668,9.832,-0.402,0.756,9.887,-0.416,3.64,1.19,0.28
,0.627,9.852,-0.452,0.768,9.911,-0.397,2.87,1.54,0.77
12796.0,0.637,9.816,-0.313,0.672,9.866,-0.316,2.45,0.98,0.21
,0.632,9.849,-0.28,0.706,9.94,-0.371,2.31,1.05,0.28
,0.763,9.935,-0.323,0.665,9.799,-0.385,1.33,1.54,0.42
,0.672,9.899,-0.34,0.498,9.758,-0.366,1.05,1.89,-0.35
12872.0,0.591,9.809,-0.392,0.61,9.739,-0.433,3.64,0.42,1.47
,0.593,9.799,-0.424,0.577,9.765,-0.359,4.76,-0.35,0.56
,0.519,9.71,-0.345,0.634,9.797,-0.337,5.04,-0.28,1.12
,0.526,9.701,-0.392,0.742,9.909,-0.297,4.76,0.35,1.75
12948.0,0.73,9.895,-0.352,0.749,9.828,-0.333,1.68,1.75,1.12
,0.708,9.849,-0.275,0.725,9.873,-0.304,1.19,2.17,1.54
,0.72,9.856,-0.304,0.737,9.859,-0.359,2.17,1.96,1.4
,0.823,9.921,-0.306,0.708,9.78,-0.309,2.73,1.47,1.19
13024.0,0.771,9.904,-0.349,0.596,9.804,-0.361,2.66,1.54,0.0
,0.756,9.844,-0.412,0.646,9.818,-0.431,1.96,2.59,1.12
,0.622,9.835,-0.4,0.706,9.928,-0.464,1.89,2.8,1.75
,0.589,9.818,-0.376,0.675,9.852,-0.412,1.54,2.73,1.54
13099.0,0.581,9.828,-0.364,0.637,9.763,-0.433,2.66,1.54,0.77
,0.553,9.837,-0.426,0.747,9.854,-0.45,3.22,1.47,2.17
,0.548,9.789,-0.4,0.775,9.873,-0.426,3.36,1.26,2.52
,0.589,9.787,-0.416,0.802,9.897,-0.433,3.43,0.7,2.24
13175.0,0.727,9.861,-0.383,0.967,10.077,-0.206,5.18,0.0,-1.05
,0.648,9.897,-0.342,0.553,9.744,-0.22,4.48,0.0,-1.05
,0.723,9.907,-0.285,0.412,9.684,-0.22,3.78,-0.14,-1.12
,0.797,9.99,-0.237,0.517,9.749,-0.404,2.66,0.35,-0.7
13250.0,0.648,9.773,-0.364,0.672,9.868,-0.443,3.71,0.84,1.54
,0.541,9.679,-0.407,0.615,9.878,-0.44,4.2,0.56,0.35
,0.613,9.801,-0.414,0.637,9.919,-0.414,3.64,0.7,0.35
,0.689,9.83,-0.426,0.646,9.887,-0.445,2.45,1.54,0.56
13326.0,0.593,9.835,-0.38,0.833,9.988,-0.474,1.19,2.59,2.38
,0.641,9.84,-0.459,0.735,9.99,-0.445,2.24,1.61,1.89
,0.773,9.928,-0.452,0.625,9.842,-0.436,2.94,0.7,2.03
,0.792,9.854,-0.507,1.11,8.806,-0.732,4.34,0.07,1.33
13402.0,0.809,10.06,-0.548,0.505,9.751,-0.337,5.46,-0.07,-0.07
,0.823,9.969,-0.285,0.591,9.765,-0.311,4.27,0.91,-2.17
,0.732,9.82,-0.366,0.534,9.777,-0.378,3.15,1.33,-1.89
,0.689,9.809,-0.369,0.447,9.708,-0.392,4.2,0.84,-1.19
13478.0,0.67,9.787,-0.409,0.483,9.679,-0.402,4.9,0.49,1.47
,0.739,9.919,-0.44,0.586,9.691,-0.409,4.06,1.26,1.26
,0.751,9.823,-0.409,0.565,9.677,-0.416,2.17,2.59,0.98
,0.598,9.799,-0.45,0.474,9.72,-0.412,1.47,3.15,1.54
13554.0,0.553,9.792,-0.414,0.677,9.883,-0.467,3.92,0.84,2.03
,0.653,9.873,-0.419,0.562,9.775,-0.404,3.22,0.7,2.73
,0.653,9.89,-0.424,0.634,9.859,-0.445,2.8,1.19,2.31
,0.73,9.986,-0.471,0.766,9.871,-0.421,2.03,1.61,2.73
13629.0,0.759,9.935,-0.505,0.735,9.878,-0.371,0.77,1.19,1.75
,0.749,9.923,-0.436,0.646,9.887,-0.395,1.96,1.26,2.17
,0.787,9.983,-0.416,0.51,9.737,-0.349,2.31,0.7,1.61
,0.816,10.045,-0.433,0.514,9.691,-0.333,2.73,0.35,0.63
13705.0,0.553,9.739,-0.349,0.68,9.801,-0.361,3.92,0.56,-0.77
,0.548,9.746,-0.409,0.73,9.931,-0.421,3.85,0.98,0.49
,0.629,9.722,-0.376,0.67,9.818,-0.371,3.85,0.63,0.84
,0.646,9.744,-0.426,0.72,9.801,-0.371,5.04,0.35,1.19
13781.0,0.818,10.074,-0.369,0.706,9.995,-0.543,3.08,3.22,2.24
,0.701,9.931,-0.388,0.704,9.871,-0.481,1.89,2.66,0.7
,0.665,9.828,-0.486,0.718,9.584,-0.397,1.89,1.96,-0.14
,0.694,9.849,-0.467,0.713,9.969,-0.524,2.73,1.61,-0.14
13857.0,0.639,9.782,-0.39,0.687,9.844,-0.404,2.31,2.03,0.42
,0.613,9.873,-0.337,0.598,9.792,-0.433,1.54,2.52,0.35
,0.651,9.828,-0.419,0.55,9.797,-0.428,1.12,2.1,-0.14
,0.696,9.88,-0.395,0.524,9.698,-0.39,0.56,2.24,-0.63
13932.0,0.603,9.811,-0.416,0.761,9.897,-0.383,3.78,0.0,-1.26
,0.749,9.954,-0.424,0.737,9.849,-0.395,4.13,-0.07,-0.21
,0.718,9.804,-0.352,0.723,9.866,-0.424,3.64,-0.14,1.12
,0.773,9.842,-0.371,0.641,9.854,-0.416,4.13,0.14,1.68
14008.0,0.596,9.852,-0.395,0.651,9.887,-0.347,1.26,2.59,0.49
,0.639,9.84,-0.397,0.658,9.885,-0.431,1.19,2.66,1.26
,0.68,9.887,-0.38,0.593,9.859,-0.38,0.98,2.03,1.54
,0.742,9.856,-0.392,0.593,9.775,-0.392,1.68,1.26,0.84
14083.0,0.476,9.682,-0.395,0.646,9.804,-0.438,1.96,1.12,-0.49
,0.55,9.725,-0.436,0.66,9.792,-0.371,2.66,1.4,0.49
,0.579,9.78,-0.409,0.57,9.799,-0.38,2.8,1.68,0.98
,0.579,9.777,-0.455,0.699,9.878,-0.359,2.73,1.82,1.54
14159.0,0.701,9.885,-0.345,0.675,9.902,-0.345,0.77,1.33,0.91
,0.648,9.847,-0.278,0.522,9.849,-0.392,1.19,1.68,-0.07
,0.739,9.931,-0.335,0.615,9.801,-0.409,1.54,1.4,-0.07
,0.799,9.954,-0.323,0.603,9.797,-0.404,1.96,1.61,-0.49
14235.0,0.677,9.842,-0.443,0.675,9.835,-0.354,1.96,1.96,0.56
,0.613,9.799,-0.433,0.574,9.77,-0.33,2.45,1.75,1.54
,0.553,9.859,-0.378,0.584,9.82,-0.34,2.52,1.19,1.26
,0.644,9.88,-0.34,0.531,9.718,-0.352,1.68,0.98,0.84
14311.0,0.553,9.734,-0.376,0.581,9.864,-0.345,4.76,0.14,0.28
,0.68,9.847,-0.462,0.715,9.902,-0.311,5.74,-0.14,1.33
,0.704,9.847,-0.455,0.639,9.885,-0.333,5.11,0.63,2.45
,0.646,9.849,-0.404,0.629,9.847,-0.342,4.2,1.47,2.59
14387.0,0.711,9.89,-0.316,0.782,9.849,-0.378,1.96,1.61,0.63
,0.665,9.914,-0.29,0.775,9.873,-0.397,2.45,0.91,1.33
,0.723,9.861,-0.414,0.67,9.761,-0.395,2.8,0.77,2.17
,0.727,9.844,-0.388,0.672,9.792,-0.357,3.22,0.49,2.52
14462.0,0.739,9.818,-0.414,0.689,9.935,-0.388,3.85,1.96,1.47
,0.771,9.94,-0.426,0.677,9.947,-0.347,3.57,2.17,1.19
,0.72,9.861,-0.447,0.651,9.825,-0.395,2.73,2.1,0.42
,0.653,9.773,-0.22,0.627,9.801,-0.371,1.89,3.15,1.68
14538.0,0.72,9.816,-0.395,0.648,9.861,-0.438,2.59,0.84,1.4
,0.775,9.823,-0.359,0.608,9.876,-0.447,4.9,0.0,0.77
,0.737,9.864,-0.38,0.629,9.861,-0.378,6.79,-0.77,-0.14
,0.711,9.919,-0.424,0.672,9.82,-0.416,6.51,-0.63,-0.56
14614.0,0.711,9.816,-0.352,0.747,9.861,-0.4,2.03,1.47,-0.07
,0.66,9.852,-0.342,0.503,9.746,-0.361,2.66,1.33,-0.77
,0.749,9.904,-0.313,0.452,9.756,-0.428,2.8,0.84,-0.35
,0.857,9.938,-0.359,0.536,9.763,-0.462,3.5,0.77,-0.07
14690.0,0.562,9.804,-0.443,0.701,9.899,-0.414,3.78,0.63,0.84
,0.56,9.758,-0.407,0.749,9.909,-0.452,3.29,0.28,1.33
,0.567,9.842,-0.392,0.644,9.78,-0.4,2.59,0.28,1.19
,0.641,9.799,-0.452,0.598,9.794,-0.447,3.08,0.49,0.91
14765.0,0.687,9.895,-0.467,0.692,9.844,-0.424,3.85,0.56,-0.91
,0.601,9.852,-0.445,0.601,9.82,-0.428,3.36,0.91,-0.35
,0.529,9.864,-0.421,0.567,9.792,-0.412,3.5,0.84,0.07
,0.694,9.861,-0.505,0.57,9.78,-0.452,3.5,0.07,0.42
14841.0,0.503,9.753,-0.412,0.704,9.895,-0.424,2.94,0.98,0.0
,0.548,9.782,-0.354,0.637,9.861,-0.371,3.01,1.05,0.42
,0.605,9.849,-0.318,0.519,9.761,-0.402,3.57,1.19,0.49
,0.653,9.861,-0.433,0.646,9.801,-0.416,3.78,1.26,1.05
14916.0,0.689,9.856,-0.424,0.771,9.832,-0.407,1.96,1.75,3.36
,0.589,9.804,-0.392,0.699,9.809,-0.483,1.82,1.89,3.36
,0.553,9.789,-0.414,0.684,9.861,-0.452,2.45,1.4,2.03
,0.744,9.854,-0.428,0.699,9.921,-0.464,2.66,1.19,1.4
14992.0,0.555,9.883,-0.373,0.637,9.861,-0.455,2.24,1.54,0.91
,0.546,9.835,-0.407,0.672,9.847,-0.438,2.8,0.56,1.89
,0.692,9.914,-0.45,0.68,9.811,-0.428,3.22,0.28,2.38
,0.689,9.868,-0.471,0.689,9.852,-0.416,2.8,1.05,2.87
15068.0,0.615,9.737,-0.409,0.723,9.825,-0.476,2.87,1.19,-0.42
,0.548,9.78,-0.426,0.735,9.902,-0.436,3.64,1.05,0.28
,0.625,9.761,-0.424,0.754,9.931,-0.414,3.92,1.33,0.91
,0.625,9.813,-0.51,0.658,9.842,-0.376,3.64,1.54,1.54
15144.0,0.593,9.842,-0.357,0.629,9.811,-0.416,1.05,1.54,1.54
,0.565,9.837,-0.402,0.715,9.883,-0.424,0.77,1.47,1.47
,0.658,9.83,-0.392,0.759,9.957,-0.447,0.77,1.68,0.77
,0.672,9.864,-0.407,0.622,9.83,-0.373,0.77,1.82,-0.42
15219.0,0.483,9.749,-0.376,0.622,9.856,-0.474,2.59,1.89,-1.61
,0.479,9.753,-0.414,0.677,9.849,-0.431,4.06,1.47,-0.91
,0.471,9.792,-0.412,0.646,9.837,-0.436,4.69,0.84,-0.21
,0.644,9.801,-0.45,0.67,9.957,-0.397,4.62,0.7,0.07
15295.0,0.682,9.947,-0.407,0.534,9.742,-0.39,2.45,1.61,1.47
,0.653,9.926,-0.392,0.536,9.746,-0.397,1.89,2.31,1.19
,0.625,9.904,-0.369,0.553,9.768,-0.409,1.26,2.31,1.33
,0.479,9.773,-0.412,0.641,9.859,-0.486,1.61,2.1,1.4
15371.0,0.627,9.852,-0.514,0.775,9.916,-0.404,2.1,1.82,4.41
,0.794,9.969,-0.459,0.773,9.892,-0.402,0.77,2.66,4.76
,0.66,9.861,-0.364,0.586,9.825,-0.404,0.56,3.01,4.34
,0.558,9.773,-0.414,0.648,9.835,-0.323,1.19,2.38,3.22
15447.0,0.565,9.787,-0.404,0.613,9.785,-0.447,3.78,0.84,-2.66
,0.67,9.887,-0.357,0.517,9.794,-0.493,4.34,0.49,-2.1
,0.546,9.809,-0.491,0.548,9.873,-0.51,5.46,0.28,-1.75
,0.591,9.753,-0.433,0.574,9.789,-0.469,4.62,0.0,-0.91
15523.0,0.467,9.744,-0.424,0.785,9.866,-0.495,2.17,0.84,1.54
,0.562,9.77,-0.426,0.759,9.895,-0.352,1.19,1.47,3.15
,0.768,9.892,-0.486,0.589,9.782,-0.337,-0.14,2.52,4.76
,0.701,9.876,-0.424,0.637,9.816,-0.34,-1.05,3.43,3.43
15598.0,0.67,9.899,-0.369,0.68,9.892,-0.443,4.69,-0.14,0.07
,0.622,9.914,-0.357,0.711,9.935,-0.457,4.55,0.14,-0.49
,0.546,9.785,-0.424,0.73,9.933,-0.416,3.71,0.42,-0.49
,0.68,9.866,-0.412,0.622,9.871,-0.436,3.64,0.77,0.07
15674.0,0.677,9.825,-0.38,0.534,9.797,-0.421,2.38,2.03,2.1
,0.591,9.813,-0.414,0.572,9.849,-0.464,3.43,1.54,1.33
,0.605,9.768,-0.412,0.677,9.823,-0.385,3.85,0.91,0.91
,0.541,9.801,-0.457,0.761,9.959,-0.459,3.85,0.56,0.28
15749.0,0.715,9.911,-0.443,0.72,9.907,-0.471,1.54,2.03,1.05
,0.663,9.866,-0.471,0.605,9.849,-0.462,0.77,2.66,1.82
,0.5,9.689,-0.333,0.598,9.792,-0.471,1.75,2.24,1.05
,0.574,9.82,-0.402,0.56,9.854,-0.414,3.15,0.98,-0.21
15825.0,0.584,9.832,-0.414,0.445,9.742,-0.464,3.08,1.54,-2.8
,0.555,9.892,-0.467,0.486,9.686,-0.445,2.73,1.75,-1.47
,0.526,9.797,-0.469,0.572,9.761,-0.471,2.31,1.89,-0.56
,0.469,9.758,-0.45,0.601,9.89,-0.397,2.66,1.47,0.56
15901.0,0.577,9.856,-0.352,0.632,9.887,-0.433,3.64,-0.14,1.4
,0.637,9.866,-0.361,0.67,9.923,-0.421,2.94,0.63,2.52
,0.852,10.0,-0.39,0.723,9.892,-0.438,2.87,0.77,1.89
,0.723,9.923,-0.414,0.593,9.885,-0.421,2.03,1.4,0.91
15977.0,0.524,9.816,-0.438,0.584,9.83,-0.447,0.84,2.24,0.21
,0.555,9.837,-0.438,0.632,9.885,-0.462,1.12,2.03,0.77
,0.708,9.854,-0.395,0.861,9.971,-0.488,1.68,1.4,1.05
,0.711,9.847,-0.459,0.617,9.792,-0.409,3.43,0.84,-0.56
16052.0,0.443,9.761,-0.383,0.512,9.775,-0.433,3.57,0.84,-0.21
,0.627,9.837,-0.361,0.579,9.77,-0.357,2.66,1.26,1.05
,0.617,9.859,-0.452,0.579,9.749,-0.428,2.73,1.75,1.26
,0.471,9.732,-0.414,0.775,9.919,-0.455,2.66,2.1,2.31
16128.0,0.857,9.94,-0.462,0.675,9.887,-0.464,1.68,1.19,0.42
,0.622,9.856,-0.39,0.541,9.751,-0.397,2.52,0.77,-0.77
,0.505,9.828,-0.357,0.536,9.777,-0.457,2.52,0.77,-1.05
,0.574,9.864,-0.471,0.57,9.837,-0.445,2.45,0.91,-0.28
16204.0,0.639,9.854,-0.433,0.546,9.809,-0.455,2.94,0.7,0.49
,0.701,9.854,-0.467,0.617,9.83,-0.433,3.29,0.7,0.84
,0.589,9.859,-0.483,0.498,9.801,-0.388,2.73,1.05,0.84
,0.512,9.842,-0.5,0.663,9.828,-0.342,2.17,1.4,1.05
16280.0,0.699,9.854,-0.371,0.589,9.785,-0.395,3.01,1.05,0.91
,0.603,9.797,-0.318,0.522,9.832,-0.39,4.2,0.35,0.7
,0.613,9.83,-0.357,0.68,9.914,-0.409,5.25,-0.21,0.21
,0.713,9.933,-0.402,0.689,9.885,-0.419,4.76,-0.21,0.35
16356.0,0.66,9.887,-0.445,0.529,9.765,-0.421,2.03,1.12,0.0
,0.613,9.904,-0.376,0.806,10.799,-0.139,1.75,1.54,0.42
,0.672,9.873,-0.428,0.507,9.596,-0.256,1.4,1.61,0.98
,0.572,9.823,-0.383,0.459,9.684,-0.34,2.73,1.47,0.42
16431.0,0.428,9.689,-0.366,0.584,9.844,-0.349,3.29,0.63,0.91
,0.598,9.763,-0.467,0.574,9.852,-0.383,3.36,0.42,0.91
,0.62,9.854,-0.447,0.739,9.966,-0.402,3.15,0.7,0.7
,0.555,9.871,-0.431,0.694,9.94,-0.392,2.94,1.19,0.77
16507.0,0.737,9.904,-0.371,0.572,9.804,-0.474,2.94,1.4,1.82
,0.747,9.952,-0.428,0.536,9.785,-0.407,2.24,2.03,2.31
,0.675,9.907,-0.507,0.416,9.725,-0.388,1.96,2.38,2.03
,0.639,9.828,-0.452,0.488,9.749,-0.424,1.26,2.59,2.17
16582.0,0.577,9.785,-0.493,0.701,9.895,-0.416,3.43,0.49,0.42
,0.663,9.809,-0.498,0.572,9.844,-0.438,3.15,1.12,0.77
,0.596,9.792,-0.445,0.493,9.77,-0.397,2.87,1.47,0.28
,0.637,9.83,-0.395,0.558,9.835,-0.366,2.38,1.82,0.42
16658.0,0.656,9.818,-0.436,0.816,9.993,-0.383,3.29,0.56,2.17
,0.603,9.739,-0.371,0.687,9.914,-0.404,4.13,0.49,2.1
,0.567,9.787,-0.352,0.627,9.878,-0.388,4.55,-0.07,1.47
,0.704,9.947,-0.404,0.603,9.871,-0.392,4.34,0.42,1.96
16734.0,0.589,9.873,-0.385,0.615,9.777,-0.443,0.42,2.38,0.14
,0.526,9.859,-0.419,0.644,9.885,-0.44,1.4,2.52,0.7
,0.555,9.811,-0.385,0.646,9.849,-0.491,1.68,2.17,0.63
,0.622,9.799,-0.397,0.639,9.782,-0.438,2.03,1.82,0.84
16810.0,0.562,9.734,-0.476,0.637,9.842,-0.476,3.22,1.4,1.12
,0.608,9.83,-0.45,0.632,9.926,-0.452,3.22,1.12,1.19
,0.601,9.818,-0.445,0.699,9.954,-0.447,2.17,1.05,1.4
,0.656,9.832,-0.419,0.692,9.935,-0.455,1.75,1.4,1.47
16885.0,0.605,9.785,-0.445,0.577,9.828,-0.412,2.73,0.98,0.07
,0.625,9.852,-0.404,0.629,9.825,-0.407,3.36,0.77,-0.14
,0.613,9.88,-0.431,0.617,9.849,-0.445,3.22,0.28,-0.14
,0.603,9.852,-0.402,0.656,9.825,-0.455,2.66,0.42,0.49
16961.0,0.613,9.849,-0.378,0.538,9.715,-0.392,2.24,1.61,0.98
,0.581,9.816,-0.407,0.682,9.864,-0.395,2.73,1.19,0.07
,0.471,9.775,-0.409,0.66,9.885,-0.416,2.1,1.19,0.7
,0.603,9.832,-0.467,0.701,9.885,-0.392,1.26,1.61,1.54
17037.0,0.61,9.789,-0.421,0.579,9.804,-0.445,3.22,0.42,0.91
,0.581,9.82,-0.431,0.534,9.746,-0.39,4.76,0.14,-0.49
,0.567,9.873,-0.433,0.625,9.813,-0.376,4.41,0.28,0.07
,0.608,9.852,-0.421,0.773,9.832,-0.373,3.15,1.26,1.47
17113.0,0.771,9.873,-0.402,0.641,9.849,-0.378,3.22,0.84,0.28
,0.656,9.876,-0.38,0.567,9.871,-0.347,3.43,0.7,0.0
,0.689,9.873,-0.333,0.615,9.856,-0.395,3.22,1.12,-0.14
,0.629,9.957,-0.359,0.646,9.832,-0.412,3.22,1.19,-0.14
17189.0,0.67,9.806,-0.354,0.605,9.792,-0.447,3.15,1.47,0.49
,0.668,9.954,-0.445,0.66,9.835,-0.452,2.38,1.61,1.89
,0.66,9.916,-0.44,0.749,9.871,-0.51,1.05,2.1,2.66
,0.608,9.854,-0.433,0.608,9.801,-0.4,0.7,1.75,3.29
17264.0,0.536,9.698,-0.357,0.622,9.809,-0.39,2.03,1.26,0.91
,0.615,9.83,-0.404,0.687,9.876,-0.388,3.85,0.84,0.49
,0.632,9.744,-0.318,0.692,9.873,-0.395,4.76,0.7,0.56
,0.567,9.722,-0.378,0.593,9.873,-0.392,5.6,0.91,-0.7
17340.0,0.651,9.864,-0.402,0.742,9.892,-0.455,1.33,2.8,2.8
,0.658,9.832,-0.459,0.735,9.765,-0.44,0.14,3.57,3.57
,0.562,9.785,-0.409,0.567,9.909,-0.369,-0.35,3.22,2.94
,0.648,9.89,-0.467,0.61,9.679,-0.366,-0.28,3.01,3.15
17416.0,0.768,9.876,-0.397,0.658,9.887,-0.369,1.47,2.24,-0.7
,0.677,9.809,-0.479,0.711,9.911,-0.33,2.1,1.61,-1.96
,0.675,9.859,-0.44,0.73,9.976,-0.412,2.73,1.33,-1.33
,0.651,9.907,-0.364,0.601,9.864,-0.397,1.96,1.68,-1.12
17492.0,0.483,9.696,-0.369,0.66,9.83,-0.383,4.41,1.05,1.68
,0.641,9.899,-0.397,0.684,9.792,-0.409,5.53,1.75,2.94
,0.57,9.887,-0.388,0.634,9.785,-0.424,5.39,1.4,1.61
,0.517,9.653,-0.421,0.522,9.801,-0.433,5.11,0.35,0.21
17567.0,0.627,9.782,-0.371,0.773,9.844,-0.249,1.26,1.47,0.42
,0.713,9.844,-0.359,0.715,9.962,-0.44,0.77,1.33,0.35
,0.775,9.899,-0.364,0.701,9.868,-0.369,1.26,1.54,0.28
,0.644,9.859,-0.45,0.625,9.859,-0.424,1.19,2.24,2.24
17643.0,0.548,9.842,-0.467,0.66,9.804,-0.402,2.52,1.47,0.63
,0.486,9.794,-0.414,0.651,9.84,-0.431,2.87,1.33,1.12
,0.605,9.804,-0.428,0.617,9.785,-0.431,3.71,1.19,0.77
,0.637,9.804,-0.428,0.648,9.883,-0.424,4.27,1.26,0.21
17718.0,0.615,9.758,-0.455,0.646,9.835,-0.486,2.73,0.84,2.03
,0.682,9.801,-0.438,0.771,9.876,-0.507,3.22,0.98,1.75
,0.601,9.775,-0.4,0.835,9.981,-0.5,3.78,0.42,0.91
,0.593,9.768,-0.421,0.811,9.969,-0.462,4.62,-0.14,0.49
17794.0,0.663,9.907,-0.416,0.553,9.715,-0.402,4.06,0.84,-0.56
,0.589,9.804,-0.412,0.625,9.765,-0.445,3.92,0.91,0.49
,0.629,9.847,-0.469,0.601,9.737,-0.445,3.71,0.77,0.98
,0.586,9.787,-0.44,0.601,9.701,-0.299,3.43,0.21,0.49
17870.0,0.517,9.756,-0.419,0.627,9.813,-0.5,4.13,0.0,-1.05
,0.615,9.837,-0.503,0.648,9.837,-0.524,3.92,0.0,-0.56
,0.608,9.868,-0.471,0.692,9.854,-0.431,2.87,1.05,0.91
,0.598,9.83,-0.459,0.668,9.868,-0.433,2.03,1.82,1.47
17946.0,0.687,9.866,-0.447,0.66,9.859,-0.428,3.29,1.05,0.98
,0.637,9.818,-0.414,0.665,9.897,-0.452,3.22,1.26,1.54
,0.625,9.799,-0.383,0.505,9.746,-0.455,3.99,0.98,0.7
,0.641,9.856,-0.397,0.479,9.773,-0.445,4.97,0.21,-0.35
18021.0,0.644,9.844,-0.431,0.72,9.892,-0.493,1.96,1.82,1.19
,0.637,9.782,-0.476,0.804,9.914,-0.428,2.03,1.82,0.63
,0.632,9.816,-0.493,0.711,9.89,-0.474,2.03,1.61,0.21
,0.656,9.89,-0.491,0.663,9.871,-0.471,1.54,1.89,1.05
18097.0,0.603,9.837,-0.476,0.699,9.837,-0.493,2.17,1.75,1.05
,0.548,9.797,-0.469,0.632,9.842,-0.476,2.87,1.4,0.7
,0.555,9.828,-0.467,0.567,9.816,-0.447,3.71,1.19,0.7
,0.644,9.854,-0.519,0.481,9.77,-0.39,4.27,0.77,0.49
18173.0,0.524,9.787,-0.38,0.62,9.806,-0.462,3.57,1.26,0.28
,0.615,9.763,-0.457,0.637,9.907,-0.431,3.64,1.12,0.42
,0.581,9.718,-0.479,0.711,9.935,-0.421,3.71,0.63,0.84
,0.574,9.799,-0.433,0.737,9.885,-0.424,4.06,0.63,1.61
18249.0,0.766,9.966,-0.412,0.732,9.94,-0.447,1.19,2.03,2.1
,0.72,9.914,-0.385,0.663,9.895,-0.438,0.14,2.59,1.54
,0.651,9.823,-0.414,0.524,9.844,-0.436,-0.7,2.59,1.05
,0.723,9.89,-0.378,0.524,9.753,-0.471,0.07,2.24,0.28
18325.0,0.55,9.744,-0.479,0.548,9.732,-0.469,2.87,1.19,0.56
,0.605,9.823,-0.519,0.615,9.809,-0.495,2.66,1.33,1.61
,0.567,9.698,-0.55,0.656,9.837,-0.426,2.17,1.96,2.45
,0.457,9.715,-0.491,0.73,9.921,-0.467,2.52,1.96,1.61
18400.0,0.751,9.94,-0.486,0.768,9.933,-0.469,2.31,1.89,1.4
,0.653,9.943,-0.428,0.756,9.923,-0.44,1.82,1.68,1.26
,0.625,9.907,-0.443,0.651,9.775,-0.467,1.89,0.91,0.91
,0.656,9.902,-0.455,0.541,9.825,-0.507,2.38,0.28,0.77
18476.0,0.641,9.753,-0.419,0.646,9.885,-0.457,2.87,-0.28,0.14
,0.672,9.777,-0.404,0.617,9.809,-0.414,3.08,-0.21,-0.49
,0.675,9.823,-0.409,0.538,9.727,-0.424,3.36,0.35,-1.54
,0.577,9.777,-0.428,0.538,9.768,-0.574,2.59,0.91,-1.47
18551.0,0.598,9.861,-0.519,0.656,9.859,-0.447,2.8,2.24,4.2
,0.531,9.763,-0.464,0.742,9.809,-0.474,2.31,1.82,4.06
,0.536,9.806,-0.443,0.723,9.859,-0.495,2.03,1.75,4.13
,0.546,9.744,-0.436,0.754,9.825,-0.491,2.17,1.82,3.78
18627.0,0.732,9.856,-0.481,0.732,9.943,-0.416,3.92,0.63,-1.82
,0.723,9.885,-0.471,0.668,9.902,-0.402,4.9,0.77,-1.4
,0.761,9.995,-0.455,0.62,9.885,-0.469,4.9,0.91,-0.77
,0.818,9.959,-0.426,0.627,9.859,-0.486,4.55,1.4,-0.14
18703.0,0.656,9.804,-0.464,0.577,9.715,-0.309,0.77,1.54,2.45
,0.68,9.828,-0.447,0.584,9.789,-0.38,0.28,1.61,2.38
,0.584,9.713,-0.431,0.634,9.825,-0.402,1.19,1.54,1.82
,0.577,9.742,-0.4,0.651,9.756,-0.414,2.31,0.77,1.05
18779.0,0.689,9.835,-0.421,0.715,9.88,-0.447,3.43,1.33,0.42
,0.677,9.88,-0.469,0.713,9.849,-0.479,2.59,1.68,1.4
,0.785,9.876,-0.44,0.864,9.945,-0.414,2.1,2.31,1.75
,0.771,9.931,-0.443,0.759,9.895,-0.491,2.17,2.31,1.96
18854.0,0.555,9.71,-0.419,0.426,9.749,-0.479,1.82,2.31,-0.28
,0.608,9.801,-0.452,0.505,9.734,-0.493,2.31,2.17,-0.7
,0.692,9.842,-0.529,0.567,9.799,-0.488,3.08,1.68,-1.12
,0.562,9.773,-0.531,0.699,9.876,-0.491,3.15,1.82,-0.77
18930.0,0.754,9.909,-0.481,0.586,9.727,-0.44,2.52,1.47,1.47
,0.771,9.931,-0.457,0.677,9.823,-0.531,2.45,1.75,1.54
,0.711,9.864,-0.431,0.648,9.809,-0.459,2.31,1.54,1.68
,0.639,9.825,-0.402,0.715,9.864,-0.44,2.52,1.4,1.54
19005.0,0.768,9.935,-0.385,0.715,9.837,-0.495,2.66,0.77,1.4
,0.792,9.878,-0.371,0.708,9.648,-0.512,1.68,1.26,1.61
,0.641,9.799,-0.337,0.689,9.993,-0.378,2.66,1.33,-0.42
,0.634,9.89,-0.438,0.55,9.686,-0.369,2.59,1.61,-0.56
19081.0,0.555,9.739,-0.436,0.648,9.775,-0.474,3.15,1.26,-0.07
,0.747,9.866,-0.493,0.622,9.806,-0.505,3.78,0.28,0.14
,0.749,9.957,-0.558,0.593,9.818,-0.495,3.36,0.28,0.56
,0.637,9.873,-0.524,0.622,9.823,-0.459,2.31,0.98,1.54
19157.0,0.629,9.835,-0.45,0.72,9.876,-0.421,1.19,1.68,2.24
,0.591,9.765,-0.397,0.665,9.856,-0.428,1.05,1.75,2.45
,0.634,9.804,-0.395,0.66,9.828,-0.407,1.61,1.68,2.66
,0.761,9.89,-0.476,0.677,9.768,-0.412,1.68,1.26,2.87
19233.0,0.701,9.856,-0.45,0.737,9.883,-0.438,3.85,0.56,0.91
,0.756,9.89,-0.445,0.684,9.801,-0.392,3.99,0.84,0.98
,0.704,9.878,-0.443,0.723,9.844,-0.397,3.15,1.05,0.7
,0.782,9.923,-0.412,0.553,9.73,-0.388,3.29,1.26,0.7
19309.0,0.684,9.835,-0.459,0.782,9.928,-0.467,3.78,1.26,-0.21
,0.668,9.837,-0.493,0.785,9.933,-0.469,4.55,0.63,-0.07
,0.55,9.698,-0.44,0.68,9.892,-0.359,5.32,0.56,0.35
,0.692,9.842,-0.507,0.608,9.763,-0.297,5.46,0.0,0.14
19384.0,0.644,9.758,-0.352,0.72,9.878,-0.452,2.94,1.54,-0.7
,0.713,9.852,-0.383,0.646,9.785,-0.5,3.99,0.84,-0.77
,0.816,9.938,-0.438,0.658,9.813,-0.438,4.13,0.63,-0.42
,0.821,9.952,-0.44,0.694,9.835,-0.431,3.78,1.26,0.14
19460.0,0.634,9.813,-0.426,0.696,9.809,-0.51,2.38,1.26,0.84
,0.629,9.765,-0.424,0.692,9.835,-0.479,2.87,1.61,1.54
,0.579,9.763,-0.445,0.668,9.768,-0.457,3.57,1.47,1.47
,0.601,9.799,-0.464,0.646,9.849,-0.445,3.22,1.68,1.4
19536.0,0.821,9.926,-0.447,0.67,9.816,-0.495,2.94,0.28,-0.14
,0.761,9.873,-0.498,0.558,9.792,-0.426,2.73,0.77,0.63
,0.615,9.775,-0.452,0.536,9.653,-0.385,4.48,0.84,-0.07
,0.742,9.926,-0.438,0.632,9.852,-0.514,4.97,0.42,0.0
19612.0,0.89,9.962,-0.51,0.562,9.825,-0.428,4.27,0.49,-0.28
,0.797,9.945,-0.567,0.668,9.883,-0.488,2.66,1.33,0.0
,0.773,9.873,-0.517,0.656,9.82,-0.491,0.91,2.31,0.42
,0.665,9.806,-0.447,0.591,9.725,-0.431,0.77,2.87,0.77
19687.0,0.605,9.794,-0.467,0.711,9.849,-0.479,1.96,1.61,1.33
,0.658,9.761,-0.45,0.737,9.911,-0.526,2.45,1.05,1.54
,0.601,9.751,-0.483,0.684,9.782,-0.452,2.45,1.33,1.75
,0.639,9.801,-0.445,0.598,9.758,-0.474,3.15,1.54,1.12
19763.0,0.771,9.861,-0.445,0.72,9.914,-0.4,3.22,1.05,1.19
,0.794,9.902,-0.486,0.744,9.926,-0.416,3.08,0.63,2.17
,0.67,9.775,-0.407,0.639,9.768,-0.402,2.87,0.98,2.38
,0.629,9.765,-0.402,0.644,9.792,-0.4,3.57,0.91,1.47
19838.0,0.782,9.89,-0.45,0.694,9.88,-0.419,1.96,1.47,2.31
,0.735,9.892,-0.476,0.653,9.787,-0.44,2.8,0.98,1.89
,0.677,9.892,-0.421,0.668,9.789,-0.419,3.43,0.98,1.05
,0.687,9.907,-0.438,0.701,9.84,-0.514,4.2,0.77,0.56
19914.0,0.799,9.866,-0.555,0.799,9.916,-0.512,3.22,1.26,0.21
,0.945,10.156,-0.773,0.699,9.818,-0.491,1.68,2.03,-0.56
,0.701,9.988,-0.684,0.534,9.701,-0.479,4.34,0.77,-0.28
,0.577,9.77,-0.495,0.675,9.703,-0.404,3.29,0.56,0.49
19990.0,0.742,9.907,-0.431,0.658,9.801,-0.457,3.57,1.19,0.63
,0.526,9.77,-0.416,0.696,9.799,-0.462,3.5,0.98,-0.49
,0.488,9.713,-0.402,0.708,9.818,-0.447,3.85,0.35,-0.28
,0.622,9.744,-0.412,0.684,9.82,-0.455,4.27,0.35,-0.21
20066.0,0.747,9.844,-0.426,0.761,9.84,-0.479,0.56,2.8,2.45
,0.708,9.832,-0.388,0.756,9.899,-0.474,0.56,3.01,2.1
,0.553,9.682,-0.383,0.715,9.871,-0.498,1.05,2.38,1.26
,0.613,9.77,-0.361,0.78,9.964,-0.51,2.38,1.54,0.77
20142.0,0.814,9.914,-0.529,0.627,9.742,-0.459,1.96,2.31,0.21
,0.665,9.852,-0.491,0.543,9.737,-0.505,1.4,2.66,0.35
,0.648,9.82,-0.503,0.699,9.904,-0.51,0.77,2.87,1.19
,0.651,9.852,-0.495,0.759,9.899,-0.495,0.7,3.01,1.33
20217.0,0.598,9.785,-0.481,0.735,9.706,-0.467,3.29,0.28,-0.28
,0.622,9.782,-0.407,0.608,9.765,-0.462,3.57,0.07,-0.84
,0.696,9.818,-0.459,0.625,9.83,-0.44,3.64,0.07,-0.77
,0.799,9.856,-0.493,0.644,9.799,-0.483,2.87,0.7,0.21
20293.0,0.634,9.775,-0.428,0.766,9.938,-0.431,0.77,2.87,1.75
,0.641,9.749,-0.479,0.751,9.852,-0.467,1.4,2.73,0.42
,0.739,9.835,-0.476,0.665,9.835,-0.481,2.66,2.17,-0.21
,0.854,9.907,-0.44,0.727,9.935,-0.526,2.52,1.89,0.0
20369.0,0.627,9.919,-0.543,0.871,9.897,-0.577,3.22,0.7,1.12
,0.55,9.782,-0.555,0.67,9.84,-0.55,1.82,1.19,1.47
,0.498,9.734,-0.452,0.593,9.832,-0.469,0.21,2.31,0.98
,0.723,9.832,-0.514,0.653,9.859,-0.476,1.05,1.54,0.56
20445.0,0.598,9.753,-0.407,0.529,9.753,-0.462,1.96,1.89,1.4
,0.567,9.78,-0.392,0.531,9.813,-0.486,2.94,1.61,0.84
,0.677,9.82,-0.464,0.73,9.892,-0.517,3.29,1.19,0.63
,0.639,9.792,-0.483,0.782,9.904,-0.495,3.36,0.7,1.05
20520.0,0.687,9.797,-0.481,0.771,9.811,-0.416,3.78,-0.42,0.84
,0.641,9.782,-0.467,0.694,9.878,-0.376,3.43,-0.63,1.12
,0.723,9.84,-0.471,0.704,9.823,-0.385,3.64,-1.05,1.12
,0.787,9.818,-0.462,0.711,9.861,-0.34,3.78,-0.77,0.35
20596.0,0.696,9.911,-0.445,0.51,9.823,-0.517,3.57,1.12,-1.19
,0.696,9.883,-0.481,0.672,9.899,-0.459,3.43,1.68,0.07
,0.651,9.842,-0.51,0.78,9.945,-0.467,2.94,1.75,0.84
,0.603,9.895,-0.524,0.689,9.835,-0.45,2.03,1.82,0.84
20671.0,0.62,9.813,-0.445,0.711,9.835,-0.56,0.77,1.89,1.82
,0.601,9.66,-0.443,0.591,9.832,-0.512,2.17,1.05,1.33
,0.541,9.701,-0.498,0.67,9.852,-0.424,3.85,0.21,0.56
,0.79,9.885,-0.526,0.723,9.914,-0.462,4.06,0.49,0.35
20747.0,0.735,9.897,-0.486,0.577,9.78,-0.517,1.54,1.54,0.28
,0.723,9.931,-0.512,0.67,9.825,-0.526,1.89,1.75,1.19
,0.708,9.871,-0.493,0.562,9.777,-0.541,1.68,1.82,2.1
,0.637,9.806,-0.491,0.44,9.698,-0.498,2.1,1.82,1.68
20823.0,0.51,9.746,-0.469,0.732,9.892,-0.514,3.64,0.7,-1.19
,0.603,9.763,-0.474,0.684,9.837,-0.505,4.06,0.21,-1.19
,0.632,9.847,-0.51,0.663,9.866,-0.598,5.39,-0.35,-1.12
,0.744,9.883,-0.51,0.727,9.909,-0.579,5.39,-0.56,-1.12
20899.0,0.558,9.801,-0.57,0.548,9.792,-0.495,3.5,0.77,0.49
,0.529,9.775,-0.519,0.622,9.832,-0.45,4.2,0.49,-0.42
,0.603,9.818,-0.498,0.658,9.856,-0.5,4.48,0.28,-0.77
,0.658,9.887,-0.505,0.605,9.82,-0.491,4.48,0.63,0.07
20974.0,0.555,9.828,-0.546,0.613,9.813,-0.529,4.9,0.42,0.0
,0.646,9.859,-0.55,0.605,9.797,-0.488,4.2,0.56,0.14
,0.737,9.916,-0.524,0.593,9.758,-0.548,3.29,0.98,0.49
,0.668,9.849,-0.529,0.572,9.811,-0.491,1.75,2.1,0.91
21050.0,0.658,9.911,-0.5,0.723,9.885,-0.543,2.94,0.56,0.77
,0.763,9.921,-0.522,0.665,9.873,-0.522,2.8,0.7,1.19
,0.737,9.861,-0.476,0.725,9.856,-0.574,3.08,0.49,0.49
,0.677,9.837,-0.488,0.73,9.887,-0.56,2.8,0.21,0.21
21126.0,0.574,9.775,-0.531,0.613,9.787,-0.581,1.26,2.73,1.89
,0.419,9.689,-0.503,0.66,9.804,-0.596,2.66,1.96,0.49
,0.601,9.765,-0.519,0.596,9.887,-0.56,3.85,0.63,-0.42
,0.744,9.902,-0.598,0.704,9.928,-0.598,4.06,0.49,-0.35
21202.0,0.761,9.938,-0.62,0.629,9.84,-0.562,1.12,2.03,1.89
,0.55,9.684,-0.543,0.553,9.732,-0.574,0.84,2.52,1.4
,0.538,9.773,-0.526,0.546,9.785,-0.534,1.89,1.68,-0.63
,0.668,9.919,-0.536,0.668,9.873,-0.593,1.82,1.26,-0.56
21278.0,0.668,9.878,-0.622,0.56,9.761,-0.553,3.36,0.98,0.0
,0.512,9.816,-0.577,0.66,9.797,-0.558,1.96,1.68,1.05
,0.462,9.768,-0.541,0.615,9.696,-0.45,1.61,2.31,1.47
,0.424,9.725,-0.538,0.541,9.763,-0.457,2.38,1.47,0.63
21353.0,0.694,9.933,-0.514,0.639,9.902,-0.491,3.08,0.07,0.98
,0.847,9.986,-0.529,0.675,9.902,-0.507,2.52,0.77,0.91
,0.732,9.911,-0.519,0.73,9.964,-0.524,2.45,1.82,1.26
,0.565,9.883,-0.438,0.603,9.885,-0.471,2.59,1.82,1.12
21429.0,0.639,9.82,-0.469,0.481,9.689,-0.541,0.35,1.54,1.68
,0.562,9.844,-0.493,0.639,9.799,-0.536,1.89,1.47,0.35
,0.603,9.842,-0.526,0.567,9.761,-0.548,2.8,0.84,-0.07
,0.57,9.797,-0.493,0.457,9.713,-0.603,3.08,0.7,0.14
21504.0,0.498,9.739,-0.605,0.754,9.83,-0.522,3.15,1.47,2.17
,0.613,9.785,-0.62,0.727,9.828,-0.495,3.29,1.05,2.03
,0.742,9.899,-0.586,0.759,9.954,-0.555,2.87,1.05,2.87
,0.811,9.998,-0.615,0.823,9.969,-0.519,2.17,1.54,3.01
21580.0,0.735,9.931,-0.517,0.677,9.801,-0.574,3.92,0.56,0.28
,0.62,9.825,-0.498,0.548,9.806,-0.555,3.71,0.56,-0.42
,0.634,9.732,-0.538,0.546,9.763,-0.538,4.83,0.0,-0.21
,0.641,9.799,-0.574,0.488,9.708,-0.541,4.62,-0.28,-0.7
21656.0,0.536,9.797,-0.579,0.598,9.792,-0.579,1.26,1.4,0.49
,0.553,9.806,-0.61,0.699,9.861,-0.589,1.4,1.05,0.28
,0.613,9.897,-0.603,0.68,9.871,-0.541,0.98,0.98,0.21
,0.562,9.842,-0.615,0.692,9.89,-0.546,0.49,1.26,0.14
21732.0,0.684,9.866,-0.495,0.651,9.761,-0.488,3.22,0.21,1.12
,0.56,9.775,-0.495,0.608,9.818,-0.467,4.06,0.56,1.12
,0.589,9.835,-0.483,0.644,9.823,-0.517,4.27,0.07,0.35
,0.634,9.89,-0.498,0.615,9.785,-0.471,3.64,0.28,0.21
21807.0,0.584,9.777,-0.503,0.62,9.88,-0.555,0.91,2.31,0.84
,0.543,9.768,-0.476,0.593,9.837,-0.584,1.61,2.1,1.12
,0.632,9.83,-0.55,0.627,9.921,-0.56,2.59,1.82,1.33
,0.701,9.919,-0.464,0.682,9.911,-0.558,3.08,1.4,1.47
21883.0,0.637,9.82,-0.538,0.546,9.761,-0.498,2.38,1.68,0.49
,0.596,9.799,-0.5,0.622,9.794,-0.524,2.87,1.89,0.91
,0.605,9.895,-0.522,0.706,9.892,-0.605,2.94,1.4,1.12
,0.637,9.806,-0.474,0.637,9.797,-0.586,3.01,0.91,0.63
21959.0,0.608,9.737,-0.586,0.565,9.825,-0.562,3.57,1.05,0.77
,0.572,9.744,-0.615,0.467,9.686,-0.483,3.92,1.12,0.56
,0.68,9.897,-0.605,0.579,9.811,-0.505,2.8,1.4,1.47
,0.658,9.978,-0.574,0.675,9.873,-0.553,0.98,2.17,1.68
22035.0,0.699,9.878,-0.581,0.68,9.957,-0.55,3.78,0.56,-0.42
,0.72,9.909,-0.613,0.514,9.866,-0.541,3.08,0.91,1.26
,0.644,9.813,-0.603,0.438,9.765,-0.541,3.5,1.47,1.05
,0.699,9.885,-0.581,0.517,9.679,-0.541,4.27,1.05,-0.63
22111.0,0.493,9.703,-0.526,0.672,9.849,-0.526,2.8,1.26,0.63
,0.555,9.787,-0.536,0.67,9.832,-0.538,3.43,0.42,-1.19
,0.586,9.828,-0.541,0.715,9.899,-0.479,1.96,0.91,-0.42
,0.555,9.828,-0.503,0.763,9.952,-0.62,0.84,1.54,1.33
22186.0,0.778,10.012,-0.577,0.577,9.854,-0.519,1.4,1.96,2.45
,0.677,9.919,-0.481,0.574,9.746,-0.603,1.47,2.24,2.45
,0.593,9.873,-0.56,0.476,9.71,-0.498,1.26,1.96,0.35
,0.61,9.866,-0.51,0.474,9.72,-0.541,1.68,1.68,-0.21
22262.0,0.519,9.73,-0.519,0.555,9.663,-0.558,2.66,1.33,0.7
,0.467,9.751,-0.581,0.749,9.868,-0.579,2.45,1.68,1.26
,0.474,9.742,-0.562,0.749,9.866,-0.529,1.96,1.96,2.59
,0.517,9.739,-0.498,0.668,9.856,-0.536,1.82,1.82,2.52
22337.0,0.838,10.014,-0.558,0.701,9.885,-0.531,4.06,0.28,0.98
,0.888,10.057,-0.586,0.641,9.852,-0.565,3.15,1.19,0.77
,0.735,9.959,-0.531,0.637,9.753,-0.488,1.54,1.96,1.12
,0.732,9.909,-0.55,0.514,9.78,-0.534,1.12,2.24,1.05
22413.0,0.543,9.813,-0.536,0.488,9.737,-0.562,4.27,0.35,0.0
,0.479,9.797,-0.543,0.627,9.794,-0.62,4.13,0.77,0.07
,0.517,9.739,-0.536,0.684,9.854,-0.581,3.71,1.19,0.35
,0.426,9.742,-0.538,0.625,9.804,-0.601,3.57,0.91,0.21
22489.0,0.579,9.832,-0.538,0.634,9.811,-0.555,2.24,1.26,0.7
,0.672,9.878,-0.565,0.637,9.864,-0.579,3.01,0.98,0.84
,0.648,9.861,-0.447,0.567,9.835,-0.555,3.36,0.63,1.05
,0.672,9.861,-0.464,0.675,9.785,-0.534,3.22,0.49,1.54
22565.0,0.732,9.859,-0.577,0.5,9.718,-0.476,1.61,1.47,1.47
,0.579,9.806,-0.517,0.574,9.761,-0.507,1.47,1.82,1.33
,0.541,9.751,-0.514,0.646,9.818,-0.514,1.61,1.82,1.4
,0.598,9.789,-0.548,0.737,9.904,-0.565,1.61,1.89,2.38
22640.0,0.732,9.895,-0.546,0.656,9.89,-0.541,2.8,1.82,1.54
,0.644,9.768,-0.526,0.629,9.816,-0.522,2.17,2.52,1.54
,0.66,9.866,-0.55,0.622,9.787,-0.426,2.66,2.31,-0.14
,0.68,9.911,-0.55,0.546,9.675,-0.505,2.24,2.03,-0.35
22716.0,0.622,10.617,-0.328,0.507,9.756,-0.517,5.6,0.63,-3.85
,0.778,9.725,-0.488,0.682,9.861,-0.579,2.73,0.77,-0.98
,0.646,9.895,-0.617,0.677,9.84,-0.519,1.96,1.05,0.56
,0.548,9.727,-0.481,0.629,9.859,-0.553,1.89,0.84,0.7
22791.0,0.629,9.844,-0.522,0.579,9.854,-0.512,2.59,2.24,1.96
,0.62,9.864,-0.517,0.682,9.873,-0.546,2.24,1.96,2.17
,0.67,9.844,-0.538,0.718,9.902,-0.562,1.68,2.31,3.01
,0.629,9.837,-0.469,0.711,9.83,-0.507,1.54,2.45,3.29
22867.0,0.558,9.775,-0.498,0.503,9.706,-0.622,0.42,2.24,1.05
,0.546,9.742,-0.586,0.565,9.761,-0.495,1.61,1.68,0.7
,0.553,9.78,-0.593,0.536,9.785,-0.467,2.38,1.05,0.98
,0.579,9.739,-0.61,0.682,9.885,-0.469,3.57,0.28,0.84
22943.0,0.759,9.923,-0.447,0.615,9.837,-0.519,2.1,1.19,0.07
,0.818,9.971,-0.498,0.613,9.789,-0.548,1.05,2.31,0.91
,0.665,9.916,-0.555,0.61,9.852,-0.495,0.84,3.01,1.89
,0.627,9.83,-0.512,0.651,9.89,-0.481,0.42,2.94,1.82
23019.0,0.696,9.895,-0.503,0.603,9.777,-0.548,2.17,1.05,0.14
,0.651,9.799,-0.498,0.615,9.878,-0.562,1.47,1.4,0.7
,0.55,9.727,-0.529,0.648,9.864,-0.517,1.75,1.68,0.49
,0.57,9.689,-0.531,0.658,9.832,-0.524,2.17,1.68,0.42
23095.0,0.732,9.919,-0.522,0.696,9.753,-0.495,2.59,1.47,1.68
,0.735,9.959,-0.553,0.574,9.765,-0.507,2.73,1.26,1.47
,0.787,9.895,-0.5,0.586,9.816,-0.529,2.38,1.47,2.31
,0.797,9.966,-0.565,0.56,9.794,-0.5,2.59,1.33,2.24
23170.0,0.639,9.777,-0.481,0.56,9.758,-0.536,5.25,-0.7,0.49
,0.608,9.82,-0.503,0.517,9.713,-0.474,5.25,-0.56,0.56
,0.613,9.835,-0.558,0.565,9.753,-0.495,5.04,-0.14,0.84
,0.692,9.835,-0.531,0.55,9.777,-0.421,4.9,0.42,0.84
23246.0,0.543,9.785,-0.534,0.668,9.856,-0.589,3.64,0.56,1.26
,0.756,9.861,-0.581,0.701,9.828,-0.55,3.78,0.07,0.91
,0.775,9.89,-0.605,0.629,9.811,-0.577,4.13,-0.35,0.42
,0.644,9.813,-0.574,0.629,9.777,-0.531,4.76,-0.7,0.14
23322.0,0.67,9.844,-0.617,0.665,9.883,-0.581,4.69,0.28,0.84
,0.648,9.837,-0.488,0.768,9.933,-0.524,3.71,0.77,1.12
,0.83,9.921,-0.567,0.706,9.911,-0.505,2.59,1.19,1.54
,0.739,9.931,-0.548,0.51,9.746,-0.512,1.54,2.03,1.96
23398.0,0.546,9.722,-0.467,0.593,9.785,-0.546,3.36,1.26,-1.05
,0.519,9.727,-0.5,0.565,9.761,-0.524,3.08,1.47,-1.12
,0.483,9.751,-0.565,0.605,9.835,-0.514,2.66,1.61,-0.35
,0.486,9.708,-0.562,0.754,9.921,-0.548,2.45,1.75,0.7
23473.0,0.639,9.727,-0.486,0.617,9.89,-0.622,0.28,3.29,2.66
,0.653,9.82,-0.558,0.627,9.921,-0.62,1.12,2.73,2.31
,0.689,9.756,-0.567,0.613,9.892,-0.565,1.61,2.52,1.05
,0.68,9.813,-0.596,0.706,9.94,-0.584,2.38,2.73,0.28
23549.0,0.735,9.892,-0.56,0.579,9.775,-0.553,1.61,1.47,0.35
,0.66,9.789,-0.565,0.593,9.787,-0.546,1.4,1.26,1.05
,0.658,9.744,-0.565,0.62,9.797,-0.562,2.31,1.12,1.05
,0.541,9.763,-0.558,0.543,9.825,-0.538,3.64,0.7,-0.35
23624.0,0.565,9.806,-0.553,0.744,9.813,-0.498,1.47,2.17,2.17
,0.656,9.854,-0.593,0.699,9.823,-0.471,1.89,2.31,1.26
,0.754,9.89,-0.581,0.574,9.825,-0.452,2.03,1.75,0.56
,0.684,9.854,-0.536,0.622,9.907,-0.51,1.61,1.47,0.63
23700.0,0.61,9.916,-0.531,0.646,9.799,-0.558,1.75,1.54,1.82
,0.598,9.811,-0.536,0.605,9.761,-0.558,0.84,2.1,2.45
,0.605,9.866,-0.574,0.558,9.792,-0.498,0.56,2.45,2.24
,0.672,9.84,-0.574,0.68,9.813,-0.558,0.84,1.96,1.89
23776.0,0.715,9.825,-0.51,0.61,9.828,-0.498,1.26,1.82,0.42
,0.653,9.782,-0.471,0.718,9.928,-0.483,2.52,2.24,0.77
,0.653,9.859,-0.488,0.816,9.964,-0.574,2.31,2.31,1.4
,0.67,9.818,-0.455,0.708,9.868,-0.577,2.24,2.24,1.4
23852.0,0.694,9.873,-0.562,0.572,9.797,-0.479,0.35,2.73,1.96
,0.589,9.82,-0.536,0.507,9.744,-0.455,0.07,3.01,1.61
,0.682,9.885,-0.546,0.553,9.773,-0.55,-0.07,2.66,0.84
,0.574,9.847,-0.493,0.574,9.765,-0.577,1.05,2.52,0.21
23928.0,0.627,9.811,-0.632,0.713,9.907,-0.555,5.53,0.14,0.77
,0.677,9.911,-0.605,0.715,9.892,-0.5,4.69,0.42,1.89
,0.596,9.849,-0.565,0.632,9.792,-0.428,3.15,0.77,2.31
,0.584,9.849,-0.546,0.682,9.861,-0.505,1.75,0.77,1.4
24003.0,0.715,9.897,-0.476,0.596,9.746,-0.519,3.5,0.63,0.0
,0.715,9.854,-0.491,0.605,9.785,-0.572,3.57,0.91,0.56
,0.55,9.804,-0.507,0.73,9.859,-0.531,3.57,0.77,0.7
,0.546,9.794,-0.491,0.751,9.959,-0.558,3.57,0.98,1.4
24079.0,0.646,9.849,-0.572,0.639,9.852,-0.531,2.17,1.61,0.14
,0.51,9.71,-0.483,0.565,9.765,-0.481,1.96,1.61,-0.49
,0.579,9.787,-0.519,0.555,9.768,-0.526,3.22,1.61,-0.77
,0.713,9.935,-0.507,0.634,9.84,-0.579,3.29,1.82,0.0
24155.0,0.684,9.866,-0.558,0.605,9.828,-0.519,4.9,0.21,-0.07
,0.749,9.954,-0.579,0.794,9.904,-0.55,3.29,1.19,1.26
,0.644,9.806,-0.483,0.811,9.923,-0.517,1.89,1.68,1.89
,0.483,9.653,-0.495,0.67,9.909,-0.522,1.19,1.82,1.47
24231.0,0.704,9.847,-0.519,0.572,9.806,-0.601,2.38,0.77,1.05
,0.543,9.809,-0.534,0.464,9.665,-0.536,3.43,0.63,0.28
,0.579,9.887,-0.596,0.519,9.72,-0.562,4.13,0.35,0.63
,0.625,9.861,-0.56,0.469,9.737,-0.543,3.64,0.35,0.14
24306.0,0.581,9.785,-0.593,0.617,9.835,-0.567,3.43,0.42,1.05
,0.491,9.837,-0.572,0.637,9.88,-0.56,4.2,0.42,2.03
,0.589,9.837,-0.512,0.754,9.952,-0.591,3.78,0.21,3.01
,0.672,9.837,-0.562,0.84,9.971,-0.553,3.01,0.28,3.36
24382.0,0.637,9.72,-0.538,0.613,9.763,-0.562,2.73,1.75,1.05
,0.622,9.837,-0.524,0.613,9.856,-0.474,4.06,1.54,-0.84
,0.62,9.84,-0.567,0.663,9.94,-0.526,4.62,1.05,-1.68
,0.668,9.871,-0.57,0.711,9.887,-0.543,4.48,1.05,-0.84
24457.0,0.689,9.95,-0.579,0.67,9.911,-0.615,2.1,0.98,2.24
,0.517,9.734,-0.57,0.665,9.828,-0.543,2.31,1.33,1.61
,0.541,9.813,-0.639,0.61,9.744,-0.541,2.87,1.12,0.21
,0.689,9.926,-0.598,0.55,9.787,-0.562,1.26,1.54,0.0
24533.0,0.684,9.868,-0.541,0.747,9.885,-0.663,1.61,1.4,-0.98
,0.749,9.823,-0.598,0.68,9.809,-0.615,1.89,1.19,-0.56
,0.546,9.641,-0.517,0.572,9.773,-0.586,3.57,0.42,-0.42
,0.593,9.77,-0.61,0.646,9.844,-0.586,5.39,-0.07,-0.56
24609.0,0.668,9.902,-0.574,0.663,9.828,-0.524,1.75,1.33,1.12
,0.637,9.792,-0.479,0.589,9.852,-0.641,1.96,1.33,0.7
,0.534,9.785,-0.581,0.586,9.768,-0.584,3.08,1.61,-0.98
,0.737,10.409,-0.223,0.648,9.89,-0.577,4.13,1.75,-3.29
24685.0,0.57,9.811,-0.603,0.402,9.756,-0.596,2.59,0.42,-0.91
,0.459,9.787,-0.605,0.581,9.782,-0.613,2.17,0.21,0.98
,0.503,9.777,-0.608,0.622,9.825,-0.596,1.89,0.49,2.8
,0.503,9.732,-0.613,0.546,9.823,-0.536,3.08,0.77,2.17
24760.0,0.644,9.876,-0.541,0.694,9.935,-0.541,2.03,1.68,1.61
,0.747,9.926,-0.553,0.617,9.82,-0.562,1.54,1.4,1.26
,0.715,9.88,-0.507,0.491,9.785,-0.486,2.17,1.12,0.91
,0.634,9.883,-0.534,0.514,9.78,-0.526,3.43,0.91,0.98
24836.0,0.572,9.837,-0.553,0.555,9.83,-0.553,2.59,1.33,0.63
,0.632,9.799,-0.531,0.598,9.773,-0.517,1.82,1.61,1.05
,0.593,9.787,-0.529,0.639,9.832,-0.598,1.96,1.75,1.68
,0.558,9.758,-0.553,0.778,9.926,-0.601,1.82,1.96,2.8
24912.0,0.756,9.895,-0.553,0.632,9.866,-0.574,4.13,0.63,0.21
,0.603,9.842,-0.553,0.567,9.823,-0.531,4.62,0.56,-1.33
,0.732,9.919,-0.577,0.637,9.854,-0.572,4.27,0.56,-0.84
,0.701,9.945,-0.565,0.723,9.84,-0.593,3.01,1.12,-0.42
24988.0,0.637,9.835,-0.567,0.603,9.82,-0.558,2.59,1.33,0.91
,0.651,9.859,-0.577,0.586,9.828,-0.625,2.66,1.12,0.56
,0.634,9.813,-0.553,0.622,9.852,-0.613,1.82,1.12,0.98
,0.567,9.804,-0.507,0.613,9.77,-0.632,1.47,1.12,1.05
25064.0,0.577,9.797,-0.622,0.641,9.794,-0.481,0.77,2.45,1.4
,0.629,9.811,-0.644,0.541,9.82,-0.534,0.7,2.45,1.12
,0.692,9.849,-0.541,0.646,9.945,-0.567,0.84,2.03,1.54
,0.62,9.82,-0.56,0.68,9.899,-0.548,0.91,1.68,1.96
25139.0,0.641,9.761,-0.51,0.383,9.617,-0.617,4.62,0.42,0.0
,0.603,9.801,-0.555,0.436,9.706,-0.646,6.09,0.21,-1.75
,0.711,9.878,-0.57,0.615,9.794,-0.596,4.97,0.42,-1.26
,0.565,9.828,-0.62,0.648,9.844,-0.498,3.29,1.4,-0.21
25215.0,0.665,9.952,-0.476,0.66,9.914,-0.555,0.91,2.03,1.68
,0.72,9.83,-0.546,0.689,9.931,-0.56,0.63,2.17,2.03
,0.677,9.921,-0.493,0.574,9.828,-0.538,2.31,1.89,0.98
,0.687,9.94,-0.546,0.522,9.852,-0.601,3.29,1.26,0.14
25291.0,0.613,9.904,-0.572,0.512,9.651,-0.522,2.24,0.91,0.14
,0.656,9.832,-0.555,0.531,9.768,-0.574,2.52,0.98,0.14
,0.601,9.744,-0.517,0.495,9.667,-0.605,2.87,1.05,0.21
,0.524,9.71,-0.538,0.498,9.718,-0.589,3.01,1.19,0.35
25367.0,0.696,9.899,-0.627,0.771,9.935,-0.591,2.59,0.7,1.26
,0.759,9.952,-0.584,0.603,9.847,-0.55,2.24,0.98,1.89
,0.684,9.921,-0.55,0.656,9.895,-0.637,2.17,0.91,1.54
,0.859,9.998,-0.572,0.593,9.794,-0.601,2.38,0.84,1.26
25442.0,0.404,9.703,-0.581,0.603,9.773,-0.519,3.92,0.28,-0.42
,0.464,9.677,-0.56,0.754,9.868,-0.579,4.27,-0.14,-0.28
,0.558,9.742,-0.555,0.692,9.852,-0.596,4.9,-0.63,0.0
,0.598,9.744,-0.565,0.677,9.84,-0.584,4.9,-0.42,0.84
25518.0,0.749,9.952,-0.66,0.639,9.873,-0.603,1.54,1.82,1.82
,0.787,9.94,-0.622,0.531,9.816,-0.562,1.19,1.68,1.4
,0.823,9.938,-0.66,0.491,9.761,-0.572,1.26,1.89,1.26
,0.713,9.933,-0.598,0.474,9.734,-0.538,1.54,1.68,0.63
25593.0,0.462,9.667,-0.558,0.591,9.756,-0.613,3.57,0.56,-0.42
,0.443,9.665,-0.495,0.639,9.794,-0.579,4.13,0.63,0.49
,0.507,9.643,-0.536,0.72,9.909,-0.644,4.27,0.63,0.98
,0.577,9.742,-0.593,0.651,9.84,-0.596,4.2,0.7,0.63
25669.0,0.706,9.883,-0.56,0.692,9.911,-0.55,1.05,2.59,2.24
,0.775,10.014,-0.589,0.653,9.911,-0.586,1.26,2.17,1.96
,0.742,9.919,-0.531,0.519,9.818,-0.558,0.98,1.96,0.91
,0.677,9.887,-0.522,0.567,9.753,-0.68,1.82,1.33,-0.42
25745.0,0.567,9.787,-0.57,0.651,9.794,-0.534,4.27,0.84,-0.07
,0.579,9.854,-0.605,0.677,9.887,-0.543,3.15,0.98,-0.07
,0.567,9.761,-0.57,0.593,9.806,-0.558,2.45,1.68,-0.7
,0.345,9.722,-0.512,0.519,9.801,-0.56,2.38,2.59,0.91
25821.0,0.644,9.854,-0.598,0.608,9.904,-0.605,3.01,1.61,0.77
,0.759,9.885,-0.603,0.579,9.871,-0.641,2.87,1.26,0.14
,0.593,9.868,-0.639,0.503,9.804,-0.608,2.38,1.75,0.21
,0.543,9.794,-0.615,0.625,9.878,-0.598,1.4,1.89,0.35
25897.0,0.737,9.895,-0.61,0.641,9.83,-0.543,2.1,1.33,1.75
,0.625,9.883,-0.572,0.495,9.761,-0.632,1.61,1.54,1.82
,0.565,9.804,-0.524,0.538,9.677,-0.644,1.68,1.47,2.03
,0.543,9.797,-0.538,0.711,10.002,-0.613,2.03,1.47,2.38
25972.0,0.543,9.773,-0.625,0.61,9.801,-0.438,3.01,1.4,2.66
,0.723,9.842,-0.598,0.605,9.861,-0.467,2.59,1.19,2.87
,0.692,9.966,-0.553,0.692,9.871,-0.558,1.61,1.75,2.31
,0.613,9.813,-0.517,0.708,9.919,-0.5,0.63,2.24,0.63
26048.0,0.68,9.797,-0.479,0.541,9.804,-0.629,2.66,2.03,-1.61
,0.567,9.782,-0.522,0.474,9.655,-0.613,3.78,1.68,-1.47
,0.601,9.878,-0.574,0.424,9.744,-0.648,3.71,1.12,-0.56
,0.577,9.864,-0.617,0.543,9.753,-0.586,3.01,1.61,0.42
26124.0,0.617,9.756,-0.62,0.699,9.931,-0.555,-0.21,2.03,2.45
,0.713,9.816,-0.601,0.668,9.935,-0.572,0.91,1.96,1.05
,0.651,9.782,-0.558,0.641,9.88,-0.572,2.1,1.75,0.21
,0.677,9.789,-0.512,0.617,9.885,-0.601,3.29,1.61,-0.21
26200.0,0.689,9.895,-0.608,0.572,9.753,-0.622,3.71,0.77,1.47
,0.694,9.861,-0.617,0.581,9.72,-0.522,3.43,0.77,1.61
,0.558,9.765,-0.567,0.584,9.775,-0.579,2.8,0.84,1.68
,0.529,9.753,-0.574,0.656,9.876,-0.579,2.52,0.84,2.03
26275.0,0.632,9.868,-0.61,0.558,9.768,-0.572,3.43,0.84,-0.21
,0.603,9.852,-0.57,0.526,9.768,-0.567,3.57,0.42,-0.77
,0.615,9.852,-0.605,0.632,9.804,-0.596,3.22,0.49,-0.35
,0.581,9.856,-0.548,0.67,9.844,-0.55,3.01,0.84,0.28
26351.0,0.605,9.761,-0.546,0.651,9.895,-0.534,4.2,0.21,0.56
,0.622,9.842,-0.536,0.529,9.809,-0.613,4.2,0.14,0.21
,0.641,9.897,-0.584,0.579,9.775,-0.572,3.92,0.42,0.28
,0.73,9.957,-0.629,0.668,9.859,-0.536,3.78,1.05,0.07
26426.0,0.648,9.868,-0.57,0.668,9.876,-0.591,4.2,0.07,-0.42
,0.553,9.828,-0.55,0.467,9.787,-0.543,4.41,-0.07,-0.28
,0.538,9.844,-0.615,0.514,9.801,-0.598,4.06,0.0,0.28
,0.651,9.902,-0.593,0.675,9.82,-0.56,3.43,0.63,1.19
26502.0,0.634,9.787,-0.553,0.692,9.837,-0.541,2.31,2.03,0.84
,0.495,9.742,-0.565,0.581,9.768,-0.526,1.82,2.17,0.77
,0.632,9.794,-0.555,0.541,9.706,-0.577,1.96,1.89,0.63
,0.646,9.887,-0.543,0.644,9.873,-0.577,2.1,1.82,1.19
26578.0,0.646,9.897,-0.598,0.608,9.844,-0.651,2.52,1.68,0.77
,0.507,9.782,-0.534,0.684,9.952,-0.646,0.98,2.38,1.96
,0.603,9.852,-0.622,0.665,9.895,-0.565,1.75,1.61,1.19
,0.61,9.782,-0.603,0.613,9.861,-0.596,1.47,2.03,0.56
26654.0,0.567,9.787,-0.548,0.565,9.842,-0.67,1.12,1.82,1.12
,0.546,9.756,-0.574,0.531,9.706,-0.522,2.94,0.7,0.84
,0.603,9.849,-0.622,0.517,9.785,-0.55,3.71,0.28,1.75
,0.706,9.911,-0.637,0.536,9.811,-0.567,3.08,0.77,2.8
26730.0,0.543,9.804,-0.613,0.79,10.019,-0.648,2.1,0.63,1.26
,0.622,9.686,-0.481,0.78,9.926,-0.565,1.89,0.56,1.19
,0.445,10.1,-0.926,0.653,9.933,-0.524,5.67,-1.54,-2.87
,0.754,9.619,-0.627,0.586,9.892,-0.548,3.92,-0.49,-0.56
26805.0,0.684,9.964,-0.469,0.668,9.868,-0.601,-0.21,2.73,1.75
,0.694,9.897,-0.514,0.579,9.804,-0.598,0.28,2.73,1.68
,0.67,9.887,-0.517,0.447,9.77,-0.581,1.4,2.1,1.12
,0.61,9.847,-0.608,0.471,9.768,-0.598,2.03,1.68,0.84
26881.0,0.56,9.73,-0.617,0.66,9.847,-0.581,2.24,1.33,0.28
,0.524,9.746,-0.558,0.692,9.868,-0.495,2.45,2.31,0.42
,0.627,9.797,-0.641,0.668,9.895,-0.565,2.03,1.75,0.49
,0.725,9.816,-0.572,0.701,9.95,-0.503,2.52,1.54,1.26
26957.0,0.615,9.813,-0.529,0.739,9.806,-0.598,1.82,1.47,1.96
,0.62,9.847,-0.514,0.617,9.811,-0.577,2.59,1.19,1.33
,0.641,9.811,-0.553,0.637,9.847,-0.558,2.87,1.19,0.56
,0.723,9.911,-0.644,0.605,9.842,-0.543,2.73,1.12,0.21
27033.0,0.613,9.856,-0.558,0.519,9.797,-0.617,1.54,1.33,0.98
,0.503,9.753,-0.57,0.526,9.727,-0.605,1.89,1.47,0.84
,0.51,9.756,-0.581,0.457,9.73,-0.586,3.01,1.12,1.05
,0.579,9.78,-0.541,0.517,9.742,-0.553,3.78,0.84,1.33
27108.0,0.617,9.854,-0.608,0.665,9.895,-0.495,4.06,0.91,0.98
,0.701,9.876,-0.601,0.651,9.852,-0.512,2.94,1.12,1.96
,0.79,9.899,-0.546,0.591,9.816,-0.433,2.24,1.54,1.89
,0.684,9.859,-0.541,0.608,9.789,-0.512,1.26,1.75,1.89
27184.0,0.565,9.782,-0.519,0.785,9.94,-0.581,4.06,0.07,0.21
,0.682,9.878,-0.555,0.687,9.847,-0.514,3.5,0.07,0.35
,0.747,9.935,-0.598,0.625,9.737,-0.519,2.94,0.63,0.63
,0.732,9.904,-0.565,0.603,9.809,-0.538,2.38,1.4,0.91
27259.0,0.581,9.82,-0.565,0.627,9.832,-0.553,2.8,1.47,0.56
,0.531,9.696,-0.526,0.596,9.825,-0.567,3.15,1.47,0.49
,0.491,9.765,-0.546,0.634,9.866,-0.572,3.64,1.68,0.91
,0.56,9.806,-0.543,0.646,9.876,-0.601,3.29,1.82,1.54
27335.0,0.79,9.88,-0.591,0.639,9.756,-0.546,1.61,2.17,1.47
,0.713,9.861,-0.593,0.617,9.837,-0.562,2.24,2.31,0.35
,0.627,9.892,-0.55,0.687,9.923,-0.586,2.03,2.1,-0.42
,0.586,9.842,-0.591,0.656,9.88,-0.608,1.26,2.24,0.07
27411.0,0.526,9.816,-0.66,0.637,9.859,-0.601,1.61,2.38,1.68
,0.574,9.746,-0.579,0.644,9.926,-0.562,1.33,2.1,2.87
,0.526,9.732,-0.577,0.706,9.856,-0.586,2.8,1.4,0.7
,0.603,9.835,-0.615,0.591,9.775,-0.495,2.8,1.05,0.49
27487.0,0.744,9.909,-0.565,0.639,9.813,-0.548,3.36,0.98,0.21
,0.735,9.954,-0.591,0.775,9.928,-0.553,2.94,1.26,0.91
,0.61,9.825,-0.579,0.672,9.904,-0.538,2.59,1.12,1.19
,0.608,9.761,-0.577,0.601,9.82,-0.479,3.36,0.35,0.35
27562.0,0.471,9.785,-0.464,0.534,9.78,-0.526,3.5,0.21,0.21
,0.615,9.854,-0.481,0.598,9.856,-0.596,3.29,0.49,0.28
,0.759,9.919,-0.598,0.632,9.837,-0.584,2.45,1.4,0.49
,0.627,9.811,-0.519,0.653,9.782,-0.584,2.03,2.17,0.07
27638.0,0.651,9.835,-0.555,0.749,9.921,-0.601,2.38,0.7,0.35
,0.713,9.84,-0.586,0.742,9.895,-0.61,2.31,0.56,0.84
,0.747,9.715,-0.565,0.696,9.811,-0.605,3.57,0.35,-0.14
,0.672,9.828,-0.529,0.747,9.907,-0.62,5.32,-0.14,-0.56
27714.0,0.639,9.88,-0.632,0.553,9.806,-0.56,3.15,2.45,-1.05
,0.5,9.83,-0.61,0.543,9.777,-0.596,1.54,1.96,-0.98
,0.591,9.785,-0.534,0.584,9.847,-0.613,1.12,1.19,-0.35
,0.589,9.804,-0.536,0.639,9.818,-0.625,2.03,0.77,-0.77
27790.0,0.534,9.722,-0.565,0.462,9.722,-0.531,4.62,0.49,0.77
,0.648,9.842,-0.629,0.488,9.758,-0.517,4.62,0.49,0.49
,0.73,9.928,-0.663,0.641,9.84,-0.541,2.73,1.26,0.77
,0.66,9.935,-0.629,0.641,9.856,-0.529,1.05,1.96,1.26
27866.0,0.483,9.715,-0.572,0.51,9.794,-0.531,3.57,0.77,0.14
,0.474,9.739,-0.543,0.543,9.837,-0.541,5.11,0.42,0.21
,0.601,9.854,-0.574,0.713,9.969,-0.646,5.18,0.21,1.05
,0.613,9.811,-0.543,0.704,10.002,-0.591,4.55,0.63,1.05
27941.0,0.646,9.873,-0.548,0.589,9.818,-0.555,1.89,1.54,0.42
,0.641,9.876,-0.531,0.51,9.691,-0.541,2.52,1.54,-0.56
,0.653,9.861,-0.589,0.562,9.782,-0.529,2.87,1.33,0.0
,0.663,9.899,-0.543,0.641,9.856,-0.526,2.45,1.54,1.12
28017.0,0.577,9.804,-0.51,0.586,9.856,-0.581,2.38,1.19,1.89
,0.491,9.694,-0.524,0.644,9.84,-0.61,3.85,1.12,0.21
,0.617,9.868,-0.608,0.62,9.809,-0.625,4.27,0.77,-0.07
,0.713,9.909,-0.601,0.696,9.887,-0.62,3.08,1.05,0.07
28092.0,0.739,9.89,-0.589,0.727,9.935,-0.591,3.29,1.4,-0.42
,0.641,9.861,-0.586,0.541,9.861,-0.634,2.31,1.61,0.42
,0.558,9.742,-0.517,0.565,9.739,-0.558,3.08,1.4,0.84
,0.61,9.82,-0.577,0.572,9.806,-0.565,3.99,0.91,-0.07
28168.0,0.593,9.809,-0.577,0.601,9.83,-0.608,1.12,2.17,0.84
,0.601,9.787,-0.589,0.503,9.756,-0.639,2.38,2.38,0.07
,0.625,9.823,-0.627,0.447,9.775,-0.61,3.29,1.96,0.42
,0.704,9.933,-0.637,0.553,9.777,-0.653,3.29,1.75,0.98
28244.0,0.584,9.789,-0.61,0.514,9.768,-0.627,2.8,0.84,-0.28
,0.718,9.897,-0.66,0.648,9.832,-0.625,2.31,1.26,-0.21
,0.62,9.835,-0.548,0.617,9.787,-0.579,2.1,1.68,-0.21
,0.5,9.78,-0.591,0.603,9.811,-0.598,1.82,1.54,-0.35
28320.0,0.653,9.885,-0.541,0.548,9.82,-0.605,3.36,0.35,0.49
,0.725,9.99,-0.61,0.56,9.878,-0.622,3.22,0.56,0.91
,0.603,9.847,-0.505,0.589,9.842,-0.617,2.24,1.26,1.12
,0.491,9.811,-0.51,0.555,9.811,-0.55,1.89,1.33,0.49
28395.0,0.517,9.782,-0.579,0.589,9.866,-0.584,2.24,1.4,0.35
,0.572,9.952,-0.517,0.627,9.876,-0.629,1.96,1.26,0.28
,0.55,9.847,-0.495,0.558,9.751,-0.61,1.47,1.82,0.35
,0.5,9.78,-0.495,0.538,9.828,-0.66,2.66,1.82,-0.35
28471.0,0.704,9.923,-0.66,0.586,9.868,-0.577,1.68,1.68,1.05
,0.639,9.89,-0.687,0.663,9.952,-0.603,0.7,1.96,1.33
,0.538,9.734,-0.57,0.572,9.832,-0.577,0.21,2.03,1.75
,0.517,9.765,-0.56,0.474,9.744,-0.591,2.66,1.4,0.56
28546.0,0.646,9.871,-0.601,0.416,9.591,-0.548,4.76,-0.28,-0.63
,0.701,9.928,-0.615,0.404,9.722,-0.591,4.41,0.21,-0.42
,0.567,9.854,-0.591,0.613,9.876,-0.629,3.36,0.56,0.21
,0.524,9.782,-0.579,0.596,9.871,-0.617,2.31,0.84,1.26
28622.0,0.45,9.777,-0.61,0.644,9.854,-0.593,1.96,1.82,1.75
,0.51,9.809,-0.596,0.66,9.883,-0.622,1.68,1.96,2.59
,0.476,9.813,-0.596,0.4,9.718,-0.584,2.66,1.4,1.05
,0.581,9.887,-0.591,0.517,9.84,-0.596,3.08,0.77,0.91
28698.0,0.622,9.866,-0.639,0.656,9.832,-0.581,4.34,0.0,0.28
,0.5,9.761,-0.596,0.584,9.842,-0.613,4.9,-0.35,-0.49
,0.55,9.789,-0.615,0.62,9.904,-0.627,4.83,-0.49,-0.21
,0.605,9.911,-0.615,0.675,9.916,-0.589,3.57,0.21,0.84
28774.0,0.648,9.854,-0.536,0.416,9.679,-0.541,2.66,1.12,0.56
,0.526,9.861,-0.567,0.452,9.753,-0.593,3.92,0.84,-0.35
,0.507,9.854,-0.531,0.579,9.864,-0.603,4.48,0.56,0.28
,0.522,9.806,-0.589,0.526,9.82,-0.596,3.71,1.05,1.4
28850.0,0.641,9.873,-0.622,0.668,9.971,-0.632,1.19,1.61,1.54
,0.651,9.765,-0.584,1.01,9.792,-0.644,2.1,1.54,1.05
,0.514,9.77,-0.555,0.404,9.751,-0.505,3.71,1.26,-0.21
,0.589,9.892,-0.605,0.529,9.823,-0.66,3.85,0.84,0.28
28925.0,0.627,9.981,-0.622,0.51,9.782,-0.68,5.18,-0.77,0.0
,0.546,9.856,-0.615,0.438,9.701,-0.67,3.78,0.56,0.49
,0.455,9.742,-0.675,0.55,9.83,-0.672,2.59,1.26,0.07
,0.593,9.873,-0.708,0.534,9.854,-0.675,2.8,1.05,0.0
29001.0,0.5,9.844,-0.66,0.553,9.844,-0.61,2.94,1.12,1.33
,0.522,9.799,-0.658,0.45,9.789,-0.644,2.66,1.47,1.75
,0.469,9.818,-0.641,0.409,9.782,-0.682,2.31,1.68,1.26
,0.553,9.883,-0.648,0.455,9.801,-0.711,1.89,1.75,1.4
29077.0,0.555,9.73,-0.701,0.586,9.921,-0.572,3.5,0.7,0.07
,0.608,9.811,-0.68,0.684,9.983,-0.591,3.01,0.84,0.07
,0.572,9.852,-0.644,0.663,9.983,-0.634,2.59,0.91,-0.07
,0.579,9.864,-0.639,0.713,9.935,-0.648,1.96,0.98,0.28
29153.0,0.627,9.959,-0.677,0.462,9.813,-0.608,0.42,2.1,-0.35
,0.613,9.933,-0.639,0.433,9.725,-0.589,-0.07,2.24,-1.19
,0.565,9.897,-0.634,0.404,9.703,-0.61,0.07,2.03,-1.05
,0.517,9.825,-0.584,0.407,9.698,-0.67,0.49,1.54,-0.35
29228.0,0.419,9.732,-0.682,0.438,9.775,-0.658,3.64,1.33,2.03
,0.445,9.725,-0.682,0.498,9.797,-0.644,3.5,1.82,1.75
,0.426,9.777,-0.675,0.558,9.923,-0.653,3.22,1.75,1.54
,0.457,9.763,-0.677,0.553,9.837,-0.586,2.8,1.75,1.75
29304.0,0.639,9.816,-0.567,0.493,9.876,-0.68,2.52,0.63,2.45
,0.708,9.878,-0.627,0.538,9.873,-0.701,3.78,0.14,0.35
,0.66,9.844,-0.615,0.541,9.806,-0.699,4.27,0.14,-0.7
,0.601,9.899,-0.668,0.574,9.842,-0.641,4.27,0.42,-0.77
29379.0,0.57,9.866,-0.66,0.4,9.811,-0.62,3.36,0.49,-0.91
,0.526,9.813,-0.66,0.431,9.789,-0.639,2.87,0.91,0.21
,0.517,9.777,-0.562,0.388,9.713,-0.622,2.94,1.05,0.63
,0.512,9.809,-0.586,0.495,9.765,-0.68,3.08,1.12,0.28
29455.0,0.538,9.852,-0.727,0.56,9.837,-0.579,3.15,0.91,-1.4
,0.526,9.84,-0.754,0.708,9.919,-0.641,4.2,0.56,-0.07
,0.553,9.911,-0.665,0.62,9.871,-0.615,4.13,0.77,0.0
,0.546,9.847,-0.622,0.565,9.861,-0.663,3.01,0.98,0.42
29531.0,0.555,9.854,-0.617,0.469,9.765,-0.613,3.15,0.98,0.98
,0.56,9.811,-0.584,0.517,9.828,-0.615,4.13,0.42,0.63
,0.586,9.878,-0.632,0.589,9.852,-0.684,4.69,0.42,0.35
,0.536,9.765,-0.57,0.483,9.804,-0.632,4.41,0.7,0.35
29607.0,0.467,9.811,-0.608,0.555,9.892,-0.639,1.82,2.17,1.82
,0.522,9.868,-0.641,0.57,9.828,-0.651,1.4,2.03,2.1
,0.541,9.811,-0.62,0.565,9.88,-0.704,1.4,1.96,1.68
,0.534,9.818,-0.62,0.656,9.904,-0.737,2.1,1.54,0.63
29683.0,0.498,9.842,-0.723,0.493,9.78,-0.637,2.24,2.31,0.7
,0.462,9.811,-0.727,0.479,9.794,-0.627,1.26,2.24,1.54
,0.479,9.794,-0.701,0.45,9.775,-0.613,0.98,1.96,1.33
,0.512,9.847,-0.66,0.534,9.816,-0.615,1.19,1.54,-0.28
29758.0,0.459,9.797,-0.613,0.519,9.844,-0.639,4.34,0.35,-0.63
,0.433,9.78,-0.627,0.608,9.813,-0.586,3.43,1.12,0.49
,0.491,9.809,-0.665,0.603,9.868,-0.526,2.66,1.75,1.4
,0.5,9.789,-0.651,0.61,9.904,-0.565,2.24,1.96,1.33
29834.0,0.646,9.904,-0.617,0.503,9.758,-0.692,1.19,1.68,0.49
,0.498,9.83,-0.62,0.493,9.732,-0.682,2.45,1.19,-0.49
,0.404,9.734,-0.639,0.55,9.82,-0.658,3.71,0.28,-0.7
,0.479,9.78,-0.675,0.565,9.856,-0.629,3.92,0.14,-0.07
29910.0,0.503,9.871,-0.605,0.505,9.825,-0.639,1.05,1.75,0.77
,0.493,9.892,-0.591,0.469,9.813,-0.634,1.61,1.68,0.91
,0.581,9.902,-0.627,0.529,9.861,-0.658,1.68,1.89,1.12
,0.615,9.923,-0.639,0.531,9.885,-0.689,1.19,2.38,1.54
29986.0,0.486,9.742,-0.584,0.514,9.832,-0.656,1.47,1.05,0.98
,0.352,9.744,-0.562,0.383,9.72,-0.629,3.64,0.77,-0.84
,0.555,9.847,-0.637,0.45,9.777,-0.675,4.41,0.21,-0.49
,0.646,9.897,-0.677,0.574,9.806,-0.696,3.5,1.19,0.7
30061.0,0.634,9.823,-0.67,0.584,9.904,-0.615,0.84,1.82,2.31
,0.553,9.842,-0.67,0.543,9.892,-0.641,1.33,1.96,2.1
,0.507,9.859,-0.653,0.517,9.806,-0.632,2.03,1.4,1.26
,0.546,9.835,-0.613,0.57,9.804,-0.639,2.17,0.84,1.19
30137.0,0.526,9.761,-0.634,0.421,9.773,-0.639,3.08,0.63,0.21
,0.424,9.72,-0.608,0.447,9.849,-0.625,3.43,0.91,-0.56
,0.445,9.753,-0.625,0.538,9.88,-0.651,3.22,0.98,-0.28
,0.529,9.847,-0.644,0.488,9.895,-0.663,2.8,1.12,0.0
30212.0,0.471,9.837,-0.658,0.522,9.859,-0.656,2.31,0.7,2.38
,0.546,9.835,-0.682,0.577,9.864,-0.598,2.45,0.98,2.38
,0.555,9.902,-0.641,0.634,9.873,-0.658,2.94,0.56,1.26
,0.51,9.852,-0.651,0.538,9.789,-0.562,3.08,0.63,1.12
30288.0,0.495,9.763,-0.617,0.45,9.694,-0.581,2.45,1.54,0.91
,0.5,9.825,-0.524,0.474,9.744,-0.574,3.43,1.12,0.35
,0.498,9.792,-0.507,0.61,9.88,-0.581,3.36,0.98,0.7
,0.503,9.782,-0.572,0.577,9.88,-0.656,2.66,1.26,1.4
30364.0,0.385,9.689,-0.648,0.591,9.899,-0.648,1.75,2.24,1.33
,0.385,9.797,-0.622,0.617,9.878,-0.637,2.03,1.68,-0.21
,0.498,9.818,-0.675,0.651,9.926,-0.608,1.54,1.47,-0.21
,0.538,9.878,-0.653,0.634,9.931,-0.637,0.35,1.75,0.42
30440.0,0.56,9.868,-0.637,0.524,9.84,-0.67,2.45,1.61,1.68
,0.581,9.816,-0.613,0.57,9.83,-0.608,3.08,1.26,1.68
,0.601,9.919,-0.665,0.651,9.923,-0.692,3.99,0.91,1.19
,0.586,9.847,-0.641,0.565,9.904,-0.665,3.5,1.19,1.19
30516.0,0.522,9.806,-0.605,0.38,9.667,-0.629,1.54,1.82,0.28
,0.488,9.809,-0.605,0.507,9.768,-0.644,1.89,1.82,0.77
,0.558,9.82,-0.617,0.577,9.83,-0.658,1.75,1.68,1.26
,0.428,9.713,-0.613,0.483,9.811,-0.687,2.03,1.68,1.75
30591.0,0.613,9.854,-0.68,0.749,10.074,-0.701,2.31,1.68,1.82
,0.687,9.916,-0.677,0.61,10.074,-0.641,1.54,2.17,1.96
,0.701,9.95,-0.672,0.629,9.94,-0.579,0.63,2.59,1.89
,0.665,9.897,-0.675,0.586,9.892,-0.584,0.63,2.52,1.68
30667.0,0.562,9.871,-0.601,0.321,9.658,-0.565,1.12,1.89,0.98
,0.498,9.785,-0.464,0.282,9.648,-0.57,0.7,0.84,0.14
,0.402,9.734,-0.529,0.373,9.694,-0.603,0.56,0.91,0.84
,0.392,9.734,-0.548,0.531,9.758,-0.598,1.75,0.7,0.63
30743.0,0.512,9.861,-0.45,0.613,9.899,-0.641,2.8,0.84,3.64
,0.419,9.801,-0.548,0.802,9.897,-0.651,1.89,1.61,1.54
,0.39,9.682,-0.548,0.735,9.902,-0.627,0.28,2.45,0.28
,0.512,9.77,-0.66,0.651,9.892,-0.565,0.7,2.66,0.35
30819.0,0.646,9.876,-0.524,0.529,9.916,-0.67,2.45,1.96,1.05
,0.546,9.873,-0.57,0.495,9.871,-0.668,3.71,1.12,-0.07
,0.498,9.832,-0.613,0.392,9.809,-0.62,4.83,0.42,-0.77
,0.469,9.811,-0.627,0.45,9.708,-0.601,5.18,0.14,-0.77
30894.0,0.536,9.799,-0.644,0.526,9.864,-0.639,4.41,0.28,-0.49
,0.593,9.854,-0.696,0.658,9.974,-0.663,4.2,1.05,0.35
,0.486,9.746,-0.644,0.577,9.899,-0.61,4.13,1.26,1.54
,0.469,9.775,-0.589,0.524,9.83,-0.663,3.92,0.7,1.96
30970.0,0.68,9.873,-0.625,0.514,9.825,-0.632,1.68,1.26,1.89
,0.579,9.871,-0.687,0.627,9.876,-0.644,2.03,2.1,0.91
,0.503,9.768,-0.613,0.586,9.876,-0.625,1.82,2.8,-0.07
,0.469,9.758,-0.658,0.625,9.852,-0.627,1.68,3.01,-0.42
31045.0,0.586,9.914,-0.622,0.574,9.89,-0.601,4.13,0.91,-0.14
,0.436,9.82,-0.605,0.471,9.809,-0.608,4.34,1.12,-0.21
,0.445,9.78,-0.668,0.467,9.696,-0.534,4.34,0.91,0.35
,0.524,9.919,-0.613,0.476,9.732,-0.589,3.85,0.91,0.84
31121.0,0.531,9.849,-0.56,0.696,9.943,-0.629,2.52,1.54,-2.03
,0.51,9.82,-0.615,0.627,9.947,-0.613,2.24,1.82,-0.77
,0.383,9.777,-0.565,0.493,9.876,-0.579,2.94,1.68,-0.07
,0.55,9.876,-0.586,0.371,9.785,-0.572,3.78,0.49,0.07
31197.0,0.443,9.83,-0.56,0.483,9.744,-0.699,1.68,1.75,1.33
,0.488,9.801,-0.613,0.558,9.856,-0.684,2.03,1.47,0.28
,0.505,9.761,-0.632,0.603,9.897,-0.682,2.52,1.61,-0.42
,0.385,9.758,-0.634,0.531,9.849,-0.625,2.94,1.68,-0.21
31273.0,0.558,9.861,-0.646,0.467,9.809,-0.625,2.17,1.47,1.68
,0.524,9.813,-0.641,0.373,9.773,-0.668,3.01,1.54,1.26
,0.469,9.876,-0.651,0.483,9.809,-0.651,3.5,1.26,1.26
,0.534,9.897,-0.672,0.543,9.923,-0.608,3.01,1.4,1.12
31348.0,0.522,9.842,-0.634,0.414,9.749,-0.601,3.22,0.91,0.28
,0.474,9.794,-0.567,0.443,9.813,-0.605,2.87,1.26,0.0
,0.407,9.806,-0.613,0.534,9.801,-0.625,2.66,1.12,0.56
,0.431,9.794,-0.641,0.668,9.844,-0.672,2.1,1.19,1.4
31424.0,0.625,9.914,-0.603,0.665,9.974,-0.62,4.69,0.07,0.63
,0.538,9.844,-0.577,0.555,9.931,-0.629,4.06,0.7,0.35
,0.574,9.868,-0.648,0.483,9.902,-0.584,2.94,1.26,0.56
,0.742,10.103,-0.648,0.589,9.854,-0.591,3.99,1.4,-0.14
31500.0,0.517,9.818,-0.593,0.443,9.706,-0.644,1.26,1.26,0.35
,0.325,9.686,-0.541,0.412,9.73,-0.627,2.59,1.05,-0.14
,0.392,9.768,-0.543,0.426,9.72,-0.601,3.01,1.05,-0.42
,0.426,9.72,-0.603,0.534,9.832,-0.641,2.8,1.33,0.0
31576.0,0.55,9.868,-0.656,0.596,9.933,-0.632,1.54,2.87,1.89
,0.574,9.89,-0.613,0.455,9.911,-0.605,1.33,2.73,2.24
,0.593,9.933,-0.637,0.51,9.89,-0.622,1.54,2.45,1.96
,0.648,9.902,-0.627,0.503,9.892,-0.639,1.75,2.03,1.12
31652.0,0.419,9.773,-0.668,0.436,9.78,-0.615,2.52,0.56,0.35
,0.369,9.663,-0.627,0.397,9.73,-0.586,3.71,-0.14,-0.77
,0.407,9.722,-0.639,0.469,9.828,-0.586,4.2,-0.56,-1.54
,0.493,9.792,-0.663,0.474,9.859,-0.644,4.2,0.14,-0.7
31727.0,0.505,9.909,-0.627,0.488,9.83,-0.601,2.17,1.47,1.33
,0.514,9.899,-0.658,0.479,9.835,-0.615,2.1,0.98,0.7
,0.596,9.931,-0.66,0.5,9.852,-0.615,1.54,0.98,0.84
,0.505,9.849,-0.589,0.57,9.88,-0.639,0.98,1.47,1.33
31803.0,0.503,9.84,-0.584,0.541,9.792,-0.546,2.66,0.42,0.91
,0.531,9.768,-0.553,0.45,9.775,-0.613,3.01,0.7,1.05
,0.471,9.806,-0.543,0.483,9.847,-0.577,3.29,0.7,0.77
,0.495,9.835,-0.608,0.55,9.849,-0.677,2.8,0.98,1.26
31878.0,0.517,9.897,-0.627,0.505,9.897,-0.66,2.31,0.7,0.0
,0.426,9.753,-0.56,0.457,9.907,-0.617,2.45,0.98,-0.28
,0.452,9.792,-0.593,0.476,9.911,-0.603,2.73,0.84,0.0
,0.481,9.861,-0.627,0.503,9.828,-0.579,3.22,0.42,-0.49
31954.0,0.505,9.852,-0.632,0.424,9.761,-0.61,1.19,0.84,0.84
,0.488,9.773,-0.574,0.443,9.825,-0.605,0.98,0.63,0.35
,0.452,9.737,-0.613,0.495,9.797,-0.325,1.47,0.7,-0.84
,0.409,9.734,-0.632,0.608,9.919,-0.608,1.61,0.84,-1.26
32030.0,0.505,9.785,-0.634,0.38,9.84,-0.347,1.68,0.7,-0.42
,0.558,10.457,-0.258,0.447,9.892,-0.598,1.54,0.7,-4.83
,0.275,9.533,-0.555,0.505,9.88,-0.596,0.49,0.14,-2.73
,0.39,9.849,-0.625,0.531,9.892,-0.644,1.68,0.07,-2.66
32106.0,0.436,9.828,-0.61,0.33,9.89,-0.486,1.82,1.4,0.56
,0.462,9.914,-0.603,0.309,9.749,-0.56,0.7,1.68,0.77
,0.407,9.835,-0.61,0.364,9.835,-0.637,1.33,1.75,0.98
,0.436,9.797,-0.541,0.476,9.835,-0.656,2.8,1.4,0.84
32181.0,0.651,9.947,-0.687,0.409,9.871,-0.613,3.85,0.91,1.33
,0.517,9.878,-0.632,0.424,9.852,-0.553,3.64,1.47,1.33
,0.5,9.938,-0.548,0.526,9.914,-0.524,2.38,2.17,2.03
,0.5,9.938,-0.625,0.412,9.794,-0.546,0.49,3.08,2.03
32257.0,0.383,9.737,-0.572,0.282,9.773,-0.704,2.8,1.19,-0.14
,0.424,9.806,-0.629,0.383,9.789,-0.668,4.27,0.56,0.07
,0.378,9.804,-0.66,0.392,9.78,-0.653,4.48,0.42,-0.07
,0.436,9.828,-0.701,0.376,9.811,-0.586,4.06,0.7,0.35
32332.0,0.416,9.818,-0.562,0.531,9.902,-0.637,-0.07,2.45,1.75
,0.438,9.849,-0.56,0.476,9.866,-0.579,0.28,2.59,1.47
,0.4,9.777,-0.617,0.514,9.864,-0.62,1.75,1.82,0.77
,0.483,9.859,-0.572,0.493,9.883,-0.615,3.29,1.61,1.4
32408.0,0.493,9.871,-0.574,0.433,9.794,-0.605,3.99,0.14,-0.35
,0.491,9.842,-0.605,0.395,9.804,-0.579,3.85,0.56,-0.35
,0.5,9.844,-0.605,0.464,9.868,-0.617,3.22,0.84,0.14
,0.455,9.892,-0.66,0.369,9.792,-0.62,2.45,1.19,0.42
32484.0,0.256,9.739,-0.596,0.304,9.775,-0.665,3.85,0.98,1.12
,0.313,9.722,-0.591,0.445,9.842,-0.687,3.92,0.14,0.84
,0.376,9.768,-0.634,0.495,9.923,-0.644,3.85,0.0,0.35
,0.373,9.775,-0.677,0.445,9.943,-0.682,4.06,0.14,0.28
32560.0,0.206,9.655,-0.641,0.538,9.868,-0.598,1.61,1.12,2.17
,0.306,9.761,-0.613,0.44,9.773,-0.593,2.66,1.47,1.75
,0.481,9.883,-0.665,0.486,9.878,-0.593,3.01,0.98,1.96
,0.5,9.847,-0.538,0.581,9.921,-0.66,2.73,1.05,2.66
32636.0,0.546,9.919,-0.648,0.581,9.902,-0.601,1.54,1.4,1.26
,0.462,9.84,-0.57,0.4,9.72,-0.577,1.26,1.54,1.05
,0.474,9.88,-0.61,0.404,9.83,-0.529,1.75,1.54,0.63
,0.577,9.909,-0.615,0.443,9.828,-0.503,1.54,1.61,0.84
32711.0,0.4,9.789,-0.459,0.45,9.813,-0.613,2.03,1.82,1.19
,0.34,9.758,-0.548,0.55,9.844,-0.57,2.24,1.61,1.26
,0.347,9.744,-0.493,0.514,9.811,-0.543,2.1,1.82,1.75
,0.414,9.708,-0.57,0.5,9.88,-0.589,2.1,1.47,1.68
32787.0,0.457,9.907,-0.658,0.486,9.763,-0.735,3.01,1.89,0.98
,0.383,9.825,-0.692,0.416,9.787,-0.723,2.94,1.75,0.7
,0.409,9.837,-0.682,0.462,9.809,-0.708,3.15,1.33,1.05
,0.498,9.864,-0.725,0.436,9.871,-0.713,3.01,0.98,1.33
32863.0,0.553,9.916,-0.749,0.464,9.902,-0.773,6.02,-0.42,1.89
,0.55,9.916,-0.747,0.505,9.818,-0.72,5.04,0.56,2.1
,0.428,9.794,-0.684,0.438,9.744,-0.682,3.5,1.05,1.61
,0.457,9.899,-0.696,0.507,9.744,-0.694,2.8,1.26,0.42
32939.0,0.596,9.785,-0.66,0.668,9.947,-0.512,4.62,-0.56,0.35
,0.555,9.744,-0.577,0.627,9.89,-0.536,4.97,-0.42,1.12
,0.57,9.804,-0.57,0.608,9.88,-0.57,4.62,0.14,2.1
,0.663,9.883,-0.553,0.598,9.919,-0.589,4.48,0.35,2.38
33014.0,0.481,9.744,-0.589,0.388,9.708,-0.699,-0.7,2.1,0.07
,0.483,9.911,-0.751,0.469,9.758,-0.749,0.7,0.42,-1.19
,0.596,9.861,-0.723,0.464,9.809,-0.713,-0.07,2.1,0.42
,0.503,9.753,-0.744,0.419,9.823,-0.677,-0.07,3.15,0.56
33090.0,0.369,9.732,-0.656,0.428,9.844,-0.639,3.08,1.12,0.98
,0.426,9.768,-0.625,0.364,9.732,-0.531,3.22,0.98,0.98
,0.553,9.799,-0.665,0.359,9.844,-0.62,3.36,0.91,0.98
,0.634,9.892,-0.67,0.692,10.014,-0.648,3.08,1.05,1.33
33166.0,0.558,10.017,-0.596,0.364,9.847,-0.581,2.1,1.4,-0.07
,0.452,9.902,-0.596,0.337,9.804,-0.61,2.45,1.05,0.35
,0.469,9.871,-0.56,0.354,9.813,-0.627,3.29,0.49,0.28
,0.424,9.931,-0.589,0.256,9.727,-0.663,3.71,0.49,0.49
33242.0,0.218,9.665,-0.625,0.383,9.739,-0.677,1.33,0.21,0.98
,0.282,9.679,-0.675,0.357,9.763,-0.656,1.96,0.07,0.84
,0.306,9.732,-0.672,0.373,9.852,-0.658,2.38,0.28,0.56
,0.361,9.78,-0.615,0.428,9.895,-0.625,2.59,0.56,0.77
33318.0,0.491,9.928,-0.646,0.562,9.895,-0.768,3.99,-0.63,1.82
,0.455,9.739,-0.644,0.464,9.782,-0.763,3.29,-0.98,1.68
,0.467,9.813,-0.692,0.4,9.73,-0.641,3.85,-1.4,0.7
,0.471,9.871,-0.656,0.414,9.773,-0.715,3.85,-1.68,0.14
33393.0,0.727,9.787,-0.526,0.493,9.835,-0.701,2.8,-1.26,-1.82
,0.601,10.031,-0.766,0.517,9.852,-0.706,3.36,0.35,-0.14
,0.443,9.758,-0.663,0.567,9.887,-0.761,3.92,2.1,1.26
,0.397,9.818,-0.658,0.546,9.751,-0.732,3.64,2.52,1.4
33469.0,0.72,9.782,-0.816,0.383,9.88,-0.967,1.75,3.43,1.68
,0.694,9.887,-0.826,0.263,9.801,-0.787,2.31,3.5,0.91
,0.629,9.818,-0.572,0.519,10.017,-0.814,-0.98,4.97,1.4
,0.433,9.756,-0.498,0.625,9.959,-0.625,-2.94,5.74,1.96
33544.0,0.56,9.974,-0.754,0.309,9.643,-0.617,2.45,-0.21,-1.19
,0.445,9.892,-0.68,0.225,9.679,-0.562,3.36,-1.4,-1.75
,0.503,9.859,-0.5,0.218,9.66,-0.541,2.38,-1.4,-1.26
,0.558,9.72,-0.404,0.285,9.677,-0.574,-0.77,-1.12,-1.33
33620.0,0.469,9.763,-0.656,0.354,9.847,-0.68,3.15,0.84,0.91
,0.407,9.797,-0.689,0.421,9.832,-0.67,3.5,1.4,0.84
,0.318,9.775,-0.656,0.572,9.883,-0.632,3.64,1.68,1.96
,0.409,9.83,-0.677,0.522,9.878,-0.677,4.06,1.26,2.87
33696.0,0.546,9.957,-0.663,0.555,9.919,-0.601,4.06,-0.14,0.98
,0.526,9.981,-0.644,0.522,9.919,-0.629,2.31,0.77,1.33
,0.507,9.976,-0.596,0.51,9.768,-0.55,0.42,2.24,2.03
,0.531,9.969,-0.61,0.385,9.689,-0.567,-0.49,2.8,2.8
33772.0,0.385,9.691,-0.613,0.376,9.799,-0.684,4.9,0.56,-0.28
,0.505,9.844,-0.66,0.491,9.828,-0.773,5.04,0.28,-0.63
,0.462,9.82,-0.682,0.507,9.804,-0.72,4.41,0.84,-0.35
,0.328,9.753,-0.692,0.572,9.84,-0.715,3.57,1.47,0.49
33847.0,0.558,9.88,-0.708,0.526,9.892,-0.787,3.36,1.68,1.61
,0.579,9.856,-0.665,0.495,9.887,-0.749,4.2,0.91,1.68
,0.684,9.931,-0.73,0.505,9.89,-0.809,5.18,0.91,0.77
,0.651,9.911,-0.742,0.407,9.818,-0.723,5.32,0.7,0.35
33923.0,0.426,9.789,-0.713,0.436,9.701,-0.617,1.19,2.03,0.63
,0.491,9.799,-0.629,0.433,9.739,-0.66,1.68,1.4,0.28
,0.634,9.871,-0.653,0.517,9.842,-0.704,2.87,0.49,-0.42
,0.488,9.828,-0.665,0.347,9.775,-0.704,3.85,-0.21,-0.07
33999.0,0.29,9.785,-0.708,0.424,9.806,-0.67,3.43,0.91,0.21
,0.445,9.899,-0.761,0.321,9.763,-0.687,2.8,1.26,0.56
,0.505,9.954,-0.895,0.481,9.892,-0.711,1.96,1.54,1.19
,0.639,9.976,-0.771,0.56,9.914,-0.73,2.31,0.84,0.07
34075.0,0.558,9.926,-0.725,0.414,9.871,-0.778,3.71,-0.14,1.26
,0.373,9.665,-0.617,0.4,9.828,-0.708,4.62,-0.07,0.77
,0.242,9.667,-0.648,0.5,9.876,-0.658,6.23,-0.7,-0.14
,0.373,9.883,-0.761,0.5,9.787,-0.658,6.23,-0.98,0.42
34150.0,0.359,9.773,-0.598,0.519,9.84,-0.644,2.45,1.47,1.19
,0.359,9.756,-0.591,0.589,9.887,-0.675,2.52,1.4,2.03
,0.39,9.761,-0.596,0.577,9.904,-0.725,2.73,1.4,2.38
,0.51,9.725,-0.531,0.436,9.849,-0.725,3.43,1.47,1.68
34226.0,0.342,9.77,-0.694,0.567,9.871,-0.742,2.38,1.68,0.77
,0.407,9.763,-0.696,0.625,9.954,-0.773,2.17,1.54,0.28
,0.536,9.844,-0.754,0.538,9.809,-0.713,1.68,1.68,0.35
,0.629,9.998,-0.838,0.577,9.907,-0.747,1.47,2.03,0.42
34302.0,0.682,9.871,-0.732,0.364,9.801,-0.751,2.73,2.03,-0.35
,0.577,9.89,-0.605,0.397,9.756,-0.72,3.08,2.38,-0.35
,0.416,9.737,-0.675,0.328,9.713,-0.706,3.57,1.47,-0.49
,0.318,9.758,-0.675,0.414,9.732,-0.701,3.15,0.84,0.0
34377.0,0.574,9.816,-0.732,0.529,9.868,-0.766,3.29,0.35,0.84
,0.56,9.911,-0.794,0.491,9.854,-0.792,2.8,0.84,0.63
,0.4,9.737,-0.751,0.5,9.835,-0.747,2.45,1.19,0.35
,0.486,9.83,-0.727,0.476,9.892,-0.687,3.15,1.05,-0.21
34453.0,0.572,9.988,-0.706,0.397,9.849,-0.637,3.92,-0.28,0.07
,0.558,9.938,-0.687,0.342,9.763,-0.603,2.87,0.07,-0.49
,0.567,9.876,-0.668,0.371,9.77,-0.615,1.61,1.12,-0.35
,0.5,9.828,-0.634,0.249,9.71,-0.634,1.12,2.1,-0.35
34529.0,0.297,9.715,-0.692,0.464,9.84,-0.739,2.66,1.89,-0.56
,0.311,9.698,-0.687,0.464,9.828,-0.782,3.08,2.1,-0.21
,0.294,9.737,-0.663,0.546,9.883,-0.763,2.87,2.31,0.07
,0.426,9.844,-0.742,0.572,9.88,-0.78,2.94,2.38,0.98
34605.0,0.581,9.902,-0.828,0.352,9.797,-0.778,1.96,3.15,1.75
,0.572,9.897,-0.782,0.39,9.818,-0.799,2.24,2.87,1.47
,0.495,9.904,-0.809,0.347,9.73,-0.785,2.1,2.59,1.54
,0.414,9.825,-0.809,0.424,9.751,-0.845,1.82,2.38,1.82
34680.0,0.526,9.816,-0.809,0.392,9.864,-0.761,3.99,-0.77,0.49
,0.51,9.804,-0.809,0.397,9.756,-0.763,5.53,-1.12,0.35
,0.275,9.73,-0.739,0.404,9.749,-0.751,6.79,-1.47,-0.21
,0.311,9.753,-0.768,0.464,9.825,-0.735,6.93,-1.96,0.28
34756.0,0.476,9.816,-0.723,0.507,9.825,-0.593,3.15,0.28,0.42
,0.562,9.864,-0.766,0.385,9.785,-0.641,2.87,0.42,0.21
,0.663,9.914,-0.689,0.328,9.751,-0.677,1.89,0.7,-0.14
,0.658,9.928,-0.692,0.416,9.806,-0.696,0.98,1.26,-0.14
34832.0,0.447,9.849,-0.725,0.567,9.897,-0.701,2.52,0.98,0.63
,0.462,9.873,-0.794,0.586,9.909,-0.723,2.73,1.05,1.19
,0.462,9.806,-0.727,0.495,9.921,-0.73,2.94,0.7,1.19
,0.459,9.818,-0.692,0.452,9.899,-0.704,2.17,0.98,0.63
34908.0,0.33,9.801,-0.581,0.481,9.844,-0.732,2.1,1.75,0.28
,0.309,9.811,-0.682,0.318,10.299,-0.445,2.8,0.49,-1.05
,0.404,9.883,-0.699,0.311,9.538,-0.823,2.73,0.63,-1.12
,0.352,9.811,-0.706,0.285,9.82,-0.778,2.73,0.63,-0.49
34983.0,0.273,9.737,-0.711,0.514,9.686,-0.73,1.82,2.17,1.89
,0.467,9.825,-0.742,0.627,9.923,-0.677,0.98,2.8,2.17
,0.447,9.768,-0.658,0.57,9.907,-0.718,-0.21,3.57,1.82
,0.4,9.734,-0.656,0.412,9.768,-0.637,-0.49,4.13,2.03
35059.0,0.696,9.871,-0.491,0.622,9.998,-0.663,0.98,3.85,1.26
,0.704,9.933,-0.689,0.66,9.978,-0.699,0.35,3.64,0.35
,0.428,9.811,-0.675,0.656,10.079,-0.708,2.45,3.15,2.45
,0.459,9.89,-0.637,0.428,9.876,-0.72,3.57,1.54,2.1
35134.0,0.325,9.861,-0.773,0.112,9.799,-0.79,-0.21,3.29,-0.98
,0.321,9.777,-0.677,0.091,9.696,-0.711,-2.8,3.22,-0.35
,0.043,9.722,-0.723,0.184,9.777,-0.785,-2.17,3.29,-1.05
,-0.002,9.746,-0.732,0.304,9.809,-0.711,-1.96,3.22,-0.63
35210.0,0.431,9.844,-0.699,0.601,9.859,-0.634,4.83,-2.17,1.12
,0.359,9.737,-0.704,0.476,9.88,-0.622,5.11,-1.96,1.54
,0.4,9.698,-0.644,0.342,9.804,-0.577,5.6,-1.82,1.75
,0.505,9.77,-0.675,0.352,9.887,-0.526,6.16,-2.17,1.05
35286.0,0.337,9.907,-0.495,0.416,9.737,-0.637,4.06,1.19,0.07
,0.34,9.856,-0.512,0.4,9.698,-0.704,3.08,1.61,0.35
,0.366,9.749,-0.546,0.258,9.746,-0.684,2.66,1.82,0.35
,0.373,9.696,-0.572,0.287,9.665,-0.73,3.36,1.47,0.0
35362.0,0.337,9.782,-0.751,0.646,9.861,-0.68,2.45,1.89,1.05
,0.414,9.763,-0.711,0.653,9.911,-0.735,1.89,2.38,1.19
,0.471,9.837,-0.711,0.591,9.928,-0.694,1.82,2.94,1.54
,0.548,9.806,-0.689,0.648,9.931,-0.763,1.75,3.22,1.89
35438.0,0.625,9.99,-0.744,0.416,9.909,-0.668,3.15,1.47,0.21
,0.589,9.962,-0.751,0.462,9.878,-0.711,2.87,1.19,-0.42
,0.51,9.899,-0.699,0.476,9.861,-0.692,2.31,1.19,-1.26
,0.438,9.94,-0.66,0.304,9.72,-0.696,1.89,1.4,-1.47
35513.0,0.285,9.703,-0.711,0.407,9.899,-0.689,1.75,1.96,1.61
,0.385,9.782,-0.72,0.431,9.964,-0.732,1.54,1.54,1.54
,0.352,9.794,-0.73,0.407,9.902,-0.696,1.82,1.19,0.63
,0.369,9.773,-0.718,0.438,9.876,-0.684,2.31,0.98,0.35
35589.0,0.524,9.859,-0.699,0.299,9.78,-0.668,1.68,1.75,0.56
,0.388,9.785,-0.706,0.388,9.813,-0.682,2.17,1.33,0.42
,0.388,9.825,-0.72,0.297,9.787,-0.646,2.17,0.77,0.56
,0.297,9.715,-0.696,0.318,9.777,-0.634,2.94,0.28,0.14
35665.0,0.335,9.847,-0.593,0.419,9.859,-0.615,3.92,-0.21,0.42
,0.469,9.911,-0.646,0.354,9.797,-0.658,3.22,0.28,0.98
,0.486,9.899,-0.574,0.347,9.753,-0.675,3.15,1.05,0.7
,0.428,9.849,-0.596,0.246,9.718,-0.67,3.01,1.54,0.07
35741.0,0.409,9.84,-0.704,0.443,9.844,-0.696,2.31,1.82,0.28
,0.483,9.926,-0.754,0.39,9.895,-0.704,1.89,1.68,0.42
,0.443,9.825,-0.711,0.299,9.768,-0.694,1.26,1.75,0.91
,0.433,9.847,-0.723,0.385,9.837,-0.708,1.89,1.75,0.77
35816.0,0.462,9.885,-0.782,0.479,9.883,-0.756,2.94,1.75,0.07
,0.33,9.794,-0.761,0.476,9.909,-0.787,2.73,1.47,0.07
,0.299,9.765,-0.732,0.342,9.782,-0.723,3.29,1.12,0.28
,0.371,9.873,-0.771,0.354,9.82,-0.706,4.06,0.35,0.21
35892.0,0.416,9.78,-0.665,0.287,9.701,-0.706,2.87,0.91,1.4
,0.462,9.84,-0.692,0.416,9.782,-0.725,3.71,1.12,0.91
,0.304,9.801,-0.692,0.438,9.895,-0.668,4.34,0.98,0.56
,0.282,9.713,-0.68,0.495,9.921,-0.713,4.13,0.98,1.26
35967.0,0.424,9.878,-0.66,0.452,9.876,-0.615,0.7,1.96,2.45
,0.373,9.852,-0.639,0.421,9.813,-0.658,0.56,1.96,0.98
,0.445,9.947,-0.692,0.414,9.876,-0.646,0.84,1.89,1.05
,0.56,9.921,-0.689,0.392,9.842,-0.596,0.21,1.61,0.84
36043.0,0.373,9.765,-0.615,0.239,9.703,-0.711,3.15,0.84,1.05
,0.366,9.83,-0.656,0.292,9.751,-0.692,2.87,0.84,1.12
,0.313,9.746,-0.701,0.392,9.804,-0.735,2.59,1.4,0.91
,0.302,9.725,-0.759,0.481,9.866,-0.706,3.15,1.82,0.98
36119.0,0.467,9.856,-0.692,0.605,9.998,-0.744,2.87,1.75,1.61
,0.495,9.899,-0.715,0.416,9.864,-0.806,3.22,2.1,1.82
,0.333,9.734,-0.771,0.242,9.758,-0.72,2.31,2.66,1.19
,0.493,9.871,-0.694,0.474,9.885,-0.759,3.15,1.75,0.56
36195.0,0.646,9.988,-0.811,0.445,9.856,-0.704,5.32,-0.77,-0.07
,0.5,9.892,-0.761,0.462,9.77,-0.658,5.53,-0.49,-0.14
,0.436,9.789,-0.715,0.495,9.782,-0.663,5.53,-0.21,0.63
,0.414,9.844,-0.653,0.483,9.842,-0.637,4.97,-0.28,0.98
36271.0,0.385,9.785,-0.696,0.256,9.572,-0.756,3.08,1.47,1.26
,0.278,9.751,-0.644,0.29,9.868,-0.718,2.73,1.89,1.4
,0.345,9.813,-0.677,0.325,9.751,-0.677,2.1,1.75,1.68
,-0.034,10.237,-0.55,0.462,9.871,-0.759,-1.54,2.1,-4.62
36346.0,0.342,9.742,-0.754,0.383,9.871,-0.713,2.17,1.12,0.84
,0.433,9.78,-0.799,0.376,9.859,-0.66,2.31,0.35,0.7
,0.486,9.801,-0.747,0.452,9.921,-0.625,2.66,0.35,0.07
,0.474,9.892,-0.778,0.419,9.911,-0.639,2.73,0.63,-0.21
36422.0,0.421,9.844,-0.637,0.333,9.763,-0.625,3.01,0.7,3.57
,0.467,9.804,-0.603,0.321,9.768,-0.672,3.08,0.49,3.36
,0.39,9.785,-0.639,0.39,9.751,-0.668,3.5,0.63,2.38
,0.357,9.753,-0.625,0.428,9.777,-0.629,3.57,1.12,1.54
36498.0,0.459,9.887,-0.713,0.39,9.816,-0.706,3.5,1.26,0.84
,0.438,9.854,-0.706,0.598,9.892,-0.739,2.59,1.61,1.4
,0.407,9.799,-0.701,0.605,9.902,-0.751,1.61,2.17,1.89
,0.385,9.794,-0.73,0.522,9.835,-0.785,1.61,2.17,1.96
36574.0,0.534,9.897,-0.778,0.376,9.777,-0.723,1.89,1.96,1.12
,0.524,9.89,-0.782,0.402,9.785,-0.704,1.47,2.1,1.61
,0.455,9.876,-0.708,0.452,9.794,-0.725,1.19,1.89,1.54
,0.467,9.825,-0.771,0.457,9.816,-0.72,1.12,2.24,1.82
36649.0,0.424,9.785,-0.756,0.505,9.859,-0.711,2.8,1.61,0.98
,0.342,9.703,-0.689,0.498,9.856,-0.706,3.15,1.61,0.98
,0.436,9.77,-0.73,0.62,10.026,-0.694,3.43,1.26,1.26
,0.483,9.816,-0.66,0.553,9.976,-0.692,3.43,1.33,2.1
36725.0,0.445,9.907,-0.727,0.455,9.686,-0.637,0.91,2.45,1.89
,0.503,9.89,-0.744,0.402,9.797,-0.672,1.05,1.82,0.91
,0.617,9.947,-0.706,0.45,9.799,-0.687,0.91,1.47,0.35
,0.531,9.919,-0.692,0.517,9.77,-0.704,0.35,2.03,0.91
36800.0,0.529,9.878,-0.749,0.469,9.84,-0.656,4.76,0.63,-0.35
,0.462,9.813,-0.715,0.488,9.907,-0.67,4.06,0.77,-0.42
,0.481,9.816,-0.704,0.522,9.904,-0.715,2.94,1.33,0.21
,0.443,9.818,-0.668,0.558,9.83,-0.699,2.24,1.61,0.91
36876.0,0.416,9.844,-0.727,0.476,9.804,-0.756,2.52,1.82,1.82
,0.428,9.811,-0.711,0.488,9.842,-0.756,2.66,1.47,1.82
,0.522,9.885,-0.775,0.503,9.852,-0.797,2.73,1.12,1.89
,0.514,9.823,-0.766,0.483,9.842,-0.761,3.36,0.7,1.26
36952.0,0.572,9.887,-0.744,0.369,9.797,-0.739,4.41,1.19,0.35
,0.529,9.849,-0.763,0.347,9.787,-0.732,3.29,2.03,1.05
,0.402,9.768,-0.711,0.311,9.773,-0.739,3.08,2.24,0.35
,0.359,9.773,-0.706,0.361,9.768,-0.78,3.22,1.96,0.0
37028.0,0.503,9.813,-0.768,0.474,9.868,-0.816,4.97,0.56,1.54
,0.424,9.703,-0.696,0.522,9.844,-0.742,5.25,0.7,2.38
,0.309,9.718,-0.718,0.488,9.871,-0.797,6.3,0.21,2.17
,0.464,9.823,-0.749,0.483,9.876,-0.806,5.74,-0.56,2.03
37104.0,0.428,9.823,-0.744,0.474,9.801,-0.73,4.13,0.77,1.54
,0.488,9.873,-0.768,0.493,9.823,-0.768,3.92,0.49,1.19
,0.507,9.859,-0.737,0.591,9.883,-0.732,3.57,0.14,1.05
,0.613,9.878,-0.715,0.567,9.782,-0.739,3.85,0.14,0.49
37179.0,0.45,9.806,-0.732,0.424,9.792,-0.715,4.41,0.21,-1.33
,0.5,9.885,-0.742,0.369,9.775,-0.759,3.64,0.63,-1.12
,0.457,9.854,-0.754,0.493,9.816,-0.749,2.52,1.12,-0.56
,0.419,9.835,-0.735,0.519,9.835,-0.775,1.47,1.4,0.0
37255.0,0.601,9.844,-0.739,0.471,9.78,-0.78,2.24,1.19,0.0
,0.57,9.84,-0.675,0.347,9.768,-0.854,2.52,1.4,0.21
,0.495,9.78,-0.763,0.385,9.844,-0.809,2.45,1.4,-0.07
,0.507,9.876,-0.828,0.546,9.873,-0.835,2.31,1.82,-0.07
37331.0,0.481,9.854,-0.811,0.452,9.835,-0.809,1.96,1.68,0.21
,0.397,9.78,-0.768,0.424,9.806,-0.794,2.31,1.47,0.21
,0.409,9.852,-0.806,0.361,9.775,-0.823,2.45,1.47,0.63
,0.491,9.787,-0.797,0.402,9.78,-0.883,2.59,1.54,0.49
37407.0,0.373,9.746,-0.826,0.433,9.842,-0.727,3.29,0.42,-0.07
,0.359,9.732,-0.814,0.481,9.801,-0.718,2.87,0.91,1.26
,0.414,9.78,-0.744,0.55,9.914,-0.749,2.45,1.26,2.17
,0.395,9.761,-0.742,0.55,9.914,-0.727,2.59,0.84,1.54
37482.0,0.479,9.919,-0.775,0.452,9.876,-0.747,0.77,1.68,-0.35
,0.378,9.837,-0.754,0.369,9.804,-0.735,-0.14,2.17,-0.14
,0.483,9.909,-0.749,0.378,9.789,-0.768,-0.56,2.17,0.42
,0.574,9.928,-0.802,0.366,9.782,-0.785,0.0,1.82,0.07
37558.0,0.471,9.806,-0.78,0.4,9.809,-0.773,3.08,0.28,-0.77
,0.385,9.768,-0.778,0.462,9.813,-0.751,3.43,0.35,-0.56
,0.323,9.677,-0.773,0.419,9.871,-0.732,3.57,0.56,-0.14
,0.369,9.744,-0.794,0.471,9.897,-0.78,3.99,0.56,0.0
37633.0,0.45,9.883,-0.761,0.455,9.811,-0.79,2.45,1.89,0.84
,0.447,9.876,-0.797,0.359,9.804,-0.797,2.94,2.38,1.26
,0.438,9.902,-0.838,0.34,9.811,-0.759,2.59,1.82,0.91
,0.424,9.847,-0.78,0.333,9.811,-0.797,2.8,1.47,0.42
37709.0,0.385,9.832,-0.797,0.483,9.873,-0.763,4.13,0.91,1.61
,0.431,9.804,-0.806,0.4,9.818,-0.864,4.06,0.84,1.54
,0.352,9.78,-0.814,0.215,9.713,-0.811,3.85,0.91,0.7
,0.392,9.801,-0.845,0.357,9.775,-0.816,3.85,1.12,0.49
37785.0,0.565,9.943,-0.84,0.436,9.828,-0.806,4.83,0.84,-0.63
,0.433,9.876,-0.861,0.385,9.797,-0.747,3.99,1.4,0.56
,0.445,9.892,-0.89,0.323,9.787,-0.708,3.85,1.12,0.91
,0.44,9.878,-0.785,0.359,9.789,-0.708,3.5,0.91,0.84
37861.0,0.452,9.823,-0.732,0.412,9.842,-0.763,3.36,0.42,-0.21
,0.433,9.832,-0.704,0.328,9.787,-0.759,3.5,0.49,-0.42
,0.414,9.864,-0.756,0.251,9.787,-0.787,3.64,0.49,0.0
,0.407,9.849,-0.759,0.345,9.837,-0.84,4.13,0.35,0.14
37936.0,0.397,9.859,-0.852,0.316,9.809,-0.787,2.59,1.4,0.7
,0.378,9.864,-0.818,0.431,9.813,-0.756,2.03,1.75,1.19
,0.424,9.859,-0.797,0.526,9.885,-0.84,1.89,2.03,2.03
,0.39,9.835,-0.747,0.325,9.797,-0.792,2.1,2.03,1.68
38012.0,0.371,9.82,-0.806,0.359,9.727,-0.809,3.29,0.98,1.19
,0.457,9.883,-0.778,0.474,9.852,-0.828,3.08,0.77,1.12
,0.424,9.892,-0.84,0.414,9.837,-0.823,3.08,0.84,0.21
,0.383,9.84,-0.814,0.28,9.72,-0.838,2.59,1.19,0.63
38088.0,0.249,9.715,-0.878,0.378,9.837,-0.816,2.8,1.96,2.38
,0.33,9.782,-0.859,0.471,9.871,-0.842,3.15,1.4,0.91
,0.464,9.861,-0.895,0.479,9.818,-0.847,2.94,1.12,-0.28
,0.438,9.916,-0.912,0.328,9.725,-0.833,2.24,1.61,-0.21
38164.0,0.347,9.777,-0.833,0.503,9.885,-0.773,4.69,0.77,1.4
,0.366,9.773,-0.833,0.443,9.885,-0.742,4.41,1.05,2.38
,0.302,9.82,-0.811,0.428,9.82,-0.787,4.34,1.05,1.33
,0.412,9.919,-0.794,0.462,9.876,-0.804,3.15,1.12,1.26
38240.0,0.45,9.873,-0.773,0.292,9.811,-0.799,0.07,1.61,-0.49
,0.421,9.785,-0.842,0.251,9.782,-0.826,0.7,1.82,-0.35
,0.498,9.909,-0.83,0.306,9.806,-0.804,1.19,1.75,0.28
,0.467,9.84,-0.838,0.428,9.837,-0.864,1.47,1.61,0.91
38315.0,0.302,9.758,-0.828,0.409,9.816,-0.816,2.31,0.49,0.0
,0.316,9.761,-0.806,0.407,9.777,-0.804,2.52,0.56,-0.35
,0.354,9.792,-0.782,0.428,9.835,-0.79,2.31,0.91,-0.07
,0.364,9.765,-0.768,0.546,9.926,-0.83,2.8,1.19,-0.14
38391.0,0.443,9.931,-0.818,0.323,9.825,-0.826,3.15,1.96,0.56
,0.361,9.868,-0.852,0.361,9.794,-0.873,3.01,1.75,0.07
,0.347,9.878,-0.83,0.371,9.84,-0.866,2.59,1.54,-0.07
,0.347,9.832,-0.849,0.325,9.782,-0.857,2.52,1.33,-0.28
38466.0,0.285,9.763,-0.83,0.266,9.758,-0.814,3.36,1.19,0.91
,0.385,9.876,-0.835,0.335,9.837,-0.852,3.01,1.33,1.05
,0.318,9.785,-0.826,0.385,9.876,-0.818,2.66,1.75,1.12
,0.244,9.751,-0.857,0.414,9.816,-0.847,2.52,2.03,1.33
38542.0,0.476,9.785,-0.821,0.263,9.701,-0.821,3.78,0.21,0.91
,0.416,9.828,-0.842,0.361,9.799,-0.833,4.13,-0.21,0.56
,0.414,9.785,-0.849,0.45,9.842,-0.847,4.27,0.0,0.21
,0.366,9.82,-0.754,0.345,9.792,-0.849,4.2,0.28,0.56
38618.0,0.38,9.859,-0.838,0.421,9.847,-0.747,2.03,1.33,0.42
,0.364,9.844,-0.792,0.414,9.801,-0.766,1.54,1.68,0.63
,0.323,9.832,-0.737,0.297,9.758,-0.761,1.12,1.61,0.63
,0.392,9.842,-0.761,0.206,9.682,-0.79,1.68,1.82,0.7
38694.0,0.263,9.794,-0.79,0.34,9.777,-0.785,2.66,1.54,0.56
,0.366,9.864,-0.828,0.548,9.931,-0.778,1.89,1.75,1.19
,0.309,9.823,-0.768,0.593,9.909,-0.794,1.26,2.31,1.54
,0.28,9.761,-0.773,0.361,9.801,-0.754,0.84,2.87,2.1
38769.0,0.421,9.818,-0.711,0.491,9.909,-0.869,2.45,2.38,2.17
,0.526,9.902,-0.845,0.421,9.823,-0.785,3.08,2.03,0.7
,0.433,9.916,-0.84,0.325,9.832,-0.804,2.87,2.03,0.49
,0.5,9.844,-0.78,0.409,9.895,-0.864,2.03,2.59,0.84
38845.0,0.333,9.777,-0.888,0.543,9.842,-0.859,4.48,1.19,1.05
,0.304,9.785,-0.878,0.371,9.77,-0.821,4.76,0.84,1.26
,0.388,9.82,-0.859,0.354,9.78,-0.838,4.69,0.63,1.61
,0.469,9.837,-0.924,0.395,9.782,-0.84,4.13,0.7,1.4
38920.0,0.392,9.792,-0.859,0.409,9.89,-0.814,3.71,1.47,0.49
,0.39,9.83,-0.83,0.383,9.878,-0.818,3.71,1.75,0.42
,0.416,9.854,-0.849,0.354,9.813,-0.809,2.73,2.17,0.98
,0.409,9.88,-0.823,0.354,9.813,-0.804,2.17,2.31,1.33
38996.0,0.479,9.88,-0.816,0.266,9.751,-0.845,1.26,1.82,1.4
,0.373,9.837,-0.84,0.268,9.751,-0.811,1.68,2.17,0.91
,0.237,9.703,-0.814,0.309,9.722,-0.861,1.89,1.75,0.42
,0.354,9.739,-0.811,0.388,9.813,-0.787,1.96,1.47,0.42
39072.0,0.414,9.753,-0.826,0.486,9.904,-0.792,2.1,1.19,1.33
,0.392,9.744,-0.84,0.455,9.887,-0.782,2.94,1.12,1.47
,0.548,9.919,-0.818,0.503,9.897,-0.806,3.01,1.75,1.96
,0.598,9.928,-0.809,0.555,9.909,-0.763,3.01,1.68,1.82
39148.0,0.419,9.923,-0.782,0.297,9.753,-0.83,2.66,1.4,1.33
,0.414,9.854,-0.818,0.254,9.72,-0.849,2.52,1.61,1.4
,0.39,9.811,-0.838,0.383,9.801,-0.871,2.24,1.61,1.68
,0.407,9.861,-0.778,0.409,9.787,-0.857,2.59,1.4,0.98
39224.0,0.378,9.765,-0.852,0.481,9.859,-0.849,2.66,1.61,1.54
,0.385,9.809,-0.823,0.481,9.816,-0.84,2.03,1.89,2.31
,0.383,9.763,-0.799,0.385,9.844,-0.861,2.17,1.4,2.45
,0.397,9.804,-0.861,0.431,9.852,-0.838,2.87,1.12,2.31
39299.0,0.431,9.854,-0.833,0.55,9.883,-0.897,3.78,0.56,1.33
,0.433,9.813,-0.792,0.57,10.041,-0.859,3.64,0.56,1.05
,0.426,9.816,-0.826,0.428,9.811,-0.835,3.78,0.28,0.35
,0.505,9.847,-0.833,0.383,9.775,-0.766,3.71,0.28,0.77
