Timestamp,AccX,AccY,AccZ,GyroX,GyroY,GyroZ,MagnX,MagnY,MagnZ
0.0,-9.907,-0.086,-0.105,-9.864,-0.074,-0.096,2.73,1.19,0.84
,-9.928,-0.041,-0.089,-9.895,-0.077,-0.057,2.73,1.33,0.84
,-9.885,-0.055,-0.105,-9.897,-0.089,-0.101,2.66,1.19,0.84
,-9.914,-0.057,-0.117,-9.902,-0.069,-0.115,2.66,1.19,0.7
75.0,-9.904,-0.089,-0.079,-9.878,-0.079,-0.103,2.73,1.4,0.77
,-9.868,-0.096,-0.043,-9.883,-0.048,-0.098,2.8,1.33,0.7
,-9.907,-0.065,-0.101,-9.907,-0.055,-0.086,2.8,1.4,0.77
,-9.887,-0.079,-0.084,-9.916,-0.053,-0.086,2.8,1.19,0.77
150.0,-9.904,-0.069,-0.117,-9.864,-0.081,-0.091,2.66,1.4,0.84
,-9.89,-0.089,-0.086,-9.933,-0.053,-0.084,2.73,1.26,0.77
,-9.892,-0.077,-0.122,-9.876,-0.057,-0.103,2.66,1.19,0.77
,-9.883,-0.117,-0.074,-9.876,-0.084,-0.101,2.73,1.19,0.77
226.0,-9.907,-0.096,-0.081,-9.856,-0.038,-0.084,2.8,1.4,0.7
,-9.897,-0.062,-0.084,-9.883,-0.06,-0.079,2.73,1.26,0.77
,-9.899,-0.048,-0.093,-9.916,-0.041,-0.084,2.66,1.12,0.77
,-9.859,-0.048,-0.081,-9.904,-0.057,-0.091,2.73,1.26,0.77
302.0,-9.914,-0.069,-0.081,-9.88,-0.048,-0.101,2.73,1.26,0.77
,-9.892,-0.086,-0.077,-9.895,-0.045,-0.084,2.73,1.26,0.77
,-9.935,-0.079,-0.108,-9.895,-0.081,-0.132,2.73,1.26,0.77
,-9.902,-0.014,-0.079,-9.899,-0.079,-0.089,2.73,1.19,0.7
378.0,-9.89,-0.05,-0.084,-9.916,-0.038,-0.134,2.73,1.4,0.84
,-9.935,-0.093,-0.117,-9.902,-0.079,-0.105,2.73,1.26,0.77
,-9.926,-0.067,-0.115,-9.873,-0.041,-0.084,2.66,1.12,0.77
,-9.916,-0.091,-0.089,-9.89,-0.115,-0.093,2.66,1.12,0.77
453.0,-9.876,-0.062,-0.069,-9.911,-0.036,-0.124,2.8,1.47,0.84
,-9.876,-0.065,-0.081,-9.866,-0.062,-0.053,2.66,1.26,0.91
,-9.926,-0.055,-0.086,-9.899,-0.091,-0.072,2.66,1.26,0.84
,-9.883,-0.084,-0.108,-9.878,-0.074,-0.129,2.66,1.26,0.84
529.0,-9.897,-0.086,-0.053,-9.902,-0.072,-0.062,2.73,1.26,0.84
,-9.909,-0.081,-0.057,-9.887,-0.053,-0.091,2.73,1.4,0.91
,-9.902,-0.065,-0.096,-9.899,-0.079,-0.074,2.66,1.19,0.84
,-9.926,-0.067,-0.117,-9.892,-0.036,-0.089,2.66,1.26,0.77
605.0,-9.859,-0.089,-0.072,-9.926,-0.077,-0.127,2.73,1.19,0.91
,-9.897,-0.098,-0.117,-9.933,-0.072,-0.117,2.73,1.33,0.91
,-9.916,-0.06,-0.065,-9.88,-0.038,-0.127,2.73,1.19,0.77
,-9.849,-0.074,-0.108,-9.919,-0.093,-0.084,2.8,1.26,0.84
681.0,-9.866,-0.048,-0.086,-9.88,-0.05,-0.079,2.59,1.26,0.84
,-9.895,-0.096,-0.091,-9.902,-0.086,-0.117,2.73,1.33,0.91
,-9.909,-0.089,-0.089,-9.883,-0.112,-0.043,2.8,1.4,0.84
,-9.959,-0.096,-0.067,-9.883,-0.048,-0.091,2.66,1.4,0.77
757.0,-9.892,-0.089,-0.06,-9.895,-0.074,-0.074,2.73,1.12,0.84
,-9.899,-0.06,-0.108,-9.887,-0.086,-0.084,2.8,1.33,0.84
,-9.907,-0.084,-0.089,-9.885,-0.086,-0.06,2.8,1.26,0.77
,-9.931,-0.103,-0.089,-9.895,-0.086,-0.069,2.66,0.98,0.56
832.0,-9.89,-0.055,-0.103,-9.885,-0.057,-0.077,2.73,1.33,0.84
,-9.916,-0.065,-0.105,-9.866,-0.067,-0.086,2.73,1.26,0.77
,-9.914,-0.105,-0.084,-9.911,-0.065,-0.062,2.66,1.19,0.77
,-9.907,-0.089,-0.065,-9.911,-0.048,-0.089,2.66,1.26,0.84
908.0,-9.895,-0.069,-0.081,-9.902,-0.072,-0.062,2.8,1.12,0.84
,-9.88,-0.057,-0.096,-9.916,-0.084,-0.105,2.73,1.33,0.77
,-9.895,-0.084,-0.077,-9.89,-0.045,-0.089,2.73,1.4,0.77
,-9.892,-0.081,-0.055,-9.868,-0.045,-0.089,2.8,1.4,0.84
983.0,-9.957,-0.086,-0.048,-9.897,-0.053,-0.098,2.8,1.4,0.84
,-9.897,-0.096,-0.067,-9.914,-0.077,-0.105,2.66,1.05,0.77
,-9.861,-0.067,-0.12,-9.923,-0.074,-0.115,2.66,1.33,0.91
,-9.899,-0.072,-0.067,-9.899,-0.048,-0.122,2.66,1.4,0.91
1059.0,-9.914,-0.089,-0.069,-9.899,-0.079,-0.086,2.66,1.19,0.77
,-9.897,-0.079,-0.115,-9.887,-0.079,-0.084,2.8,1.19,0.77
,-9.938,-0.074,-0.077,-9.887,-0.086,-0.089,2.73,1.19,0.7
,-9.923,-0.072,-0.067,-9.899,-0.127,-0.024,2.73,1.33,0.84
1135.0,-9.876,-0.062,-0.086,-9.873,-0.05,-0.062,2.73,1.33,0.77
,-9.902,-0.05,-0.098,-9.892,-0.074,-0.127,2.8,1.33,0.84
,-9.907,-0.041,-0.089,-9.895,-0.081,-0.055,2.66,1.26,0.84
,-9.947,-0.045,-0.096,-9.902,-0.072,-0.077,2.73,1.47,0.77
1211.0,-9.923,-0.089,-0.112,-9.904,-0.062,-0.093,2.66,1.26,0.77
,-9.954,-0.096,-0.101,-9.873,-0.079,-0.103,2.8,1.33,0.84
,-9.892,-0.096,-0.074,-9.902,-0.065,-0.074,2.73,1.12,0.84
,-9.904,-0.065,-0.084,-9.885,-0.074,-0.101,2.8,1.33,0.84
1286.0,-9.904,-0.072,-0.132,-9.89,-0.084,-0.084,2.66,1.33,0.84
,-9.919,-0.053,-0.079,-9.902,-0.081,-0.091,2.66,1.19,0.84
,-9.909,-0.067,-0.074,-9.921,-0.069,-0.084,2.66,1.33,0.84
,-9.931,-0.115,-0.086,-9.928,-0.062,-0.077,2.8,1.4,0.91
1362.0,-9.883,-0.067,-0.069,-9.899,-0.081,-0.105,2.73,1.33,0.84
,-9.919,-0.074,-0.098,-9.904,-0.084,-0.081,2.8,1.4,0.91
,-9.892,-0.11,-0.089,-9.868,-0.086,-0.089,2.87,1.54,0.98
,-9.899,-0.053,-0.084,-9.873,-0.081,-0.077,2.8,1.33,0.91
1438.0,-9.876,-0.048,-0.086,-9.883,-0.086,-0.096,2.8,1.33,0.77
,-9.916,-0.045,-0.098,-9.904,-0.079,-0.053,2.87,1.19,0.84
,-9.883,-0.101,-0.084,-9.904,-0.089,-0.134,2.73,1.12,0.77
,-9.907,-0.072,-0.086,-9.88,-0.06,-0.065,2.73,1.33,0.84
1514.0,-9.94,-0.086,-0.096,-9.878,-0.089,-0.089,2.66,1.12,0.77
,-9.909,-0.05,-0.048,-9.883,-0.098,-0.091,2.8,1.12,0.91
,-9.938,-0.065,-0.091,-9.902,-0.043,-0.079,2.73,1.19,0.84
,-9.873,-0.077,-0.074,-9.911,-0.091,-0.074,2.73,1.19,0.77
1590.0,-9.859,-0.045,-0.084,-9.864,-0.057,-0.101,2.66,1.12,0.77
,-9.897,-0.091,-0.091,-9.892,-0.081,-0.098,2.73,1.05,0.84
,-9.907,-0.072,-0.081,-9.854,-0.031,-0.091,2.66,1.26,0.84
,-9.892,-0.093,-0.069,-9.873,-0.069,-0.067,2.66,1.19,0.84
1665.0,-9.909,-0.089,-0.11,-9.926,-0.065,-0.089,2.59,1.26,0.77
,-9.904,-0.048,-0.074,-9.904,-0.079,-0.062,2.66,1.33,0.84
,-9.899,-0.081,-0.105,-9.909,-0.084,-0.074,2.73,1.19,0.84
,-9.899,-0.048,-0.055,-9.907,-0.048,-0.086,2.73,1.26,0.84
1741.0,-9.909,-0.062,-0.077,-9.866,-0.108,-0.065,2.66,1.12,0.7
,-9.914,-0.089,-0.079,-9.914,-0.12,-0.101,2.73,1.19,0.77
,-9.921,-0.079,-0.089,-9.902,-0.086,-0.093,2.73,1.19,0.7
,-9.914,-0.053,-0.103,-9.923,-0.074,-0.086,2.8,1.4,0.7
1816.0,-9.897,-0.11,-0.108,-9.947,-0.074,-0.091,2.66,1.05,0.7
,-9.89,-0.093,-0.06,-9.909,-0.067,-0.079,2.73,1.12,0.7
,-9.935,-0.034,-0.089,-9.902,-0.093,-0.117,2.87,1.19,0.84
,-9.909,-0.074,-0.101,-9.897,-0.036,-0.053,2.73,1.19,0.84
1892.0,-9.923,-0.067,-0.067,-9.904,-0.065,-0.117,2.66,1.19,0.77
,-9.892,-0.074,-0.086,-9.914,-0.043,-0.096,2.73,1.26,0.77
,-9.883,-0.074,-0.053,-9.823,-0.05,-0.11,2.73,1.19,0.84
,-9.895,-0.103,-0.077,-9.904,-0.065,-0.091,2.66,1.26,0.77
1968.0,-9.919,-0.077,-0.072,-9.895,-0.069,-0.043,2.73,1.33,0.84
,-9.911,-0.074,-0.112,-9.904,-0.038,-0.115,2.73,1.47,0.84
,-9.904,-0.057,-0.084,-9.861,-0.041,-0.096,2.73,1.54,0.91
,-9.859,-0.081,-0.036,-9.931,-0.084,-0.11,2.87,1.33,0.84
2044.0,-9.902,-0.053,-0.103,-9.861,-0.077,-0.05,2.66,1.05,0.7
,-9.89,-0.074,-0.074,-9.938,-0.079,-0.038,2.66,1.26,0.84
,-9.866,-0.112,-0.077,-9.919,-0.034,-0.084,2.73,1.19,0.84
,-9.945,-0.06,-0.079,-9.876,-0.053,-0.077,2.73,1.26,0.84
2119.0,-9.88,-0.069,-0.069,-9.868,-0.062,-0.045,2.66,1.26,0.91
,-9.899,-0.074,-0.06,-9.84,-0.067,-0.055,2.66,1.47,0.98
,-9.895,-0.055,-0.103,-9.885,-0.067,-0.096,2.73,1.47,0.91
,-9.914,-0.105,-0.06,-9.931,-0.122,-0.098,2.8,1.19,0.84
2195.0,-9.921,-0.074,-0.038,-9.938,-0.045,-0.069,2.66,1.4,0.84
,-9.911,-0.077,-0.091,-9.914,-0.084,-0.117,2.8,1.4,0.84
,-9.89,-0.024,-0.12,-9.916,-0.086,-0.072,2.73,1.26,0.77
,-9.933,-0.048,-0.077,-9.907,-0.065,-0.124,2.66,1.12,0.7
2271.0,-9.945,-0.124,-0.045,-9.885,-0.065,-0.124,2.66,1.26,0.84
,-9.926,-0.081,-0.077,-9.902,-0.098,-0.079,2.73,1.12,0.77
,-9.933,-0.081,-0.065,-9.921,-0.086,-0.086,2.59,1.33,0.84
,-9.904,-0.048,-0.093,-9.904,-0.072,-0.096,2.66,1.12,0.77
2347.0,-9.919,-0.089,-0.105,-9.899,-0.079,-0.053,2.66,1.05,0.84
,-9.916,-0.069,-0.089,-9.897,-0.069,-0.105,2.73,1.19,0.84
,-9.921,-0.065,-0.101,-9.892,-0.057,-0.067,2.73,1.33,0.77
,-9.878,-0.084,-0.048,-9.89,-0.065,-0.086,2.8,1.26,0.7
2423.0,-9.945,-0.079,-0.077,-9.868,-0.069,-0.105,2.73,1.19,0.77
,-9.885,-0.055,-0.077,-9.911,-0.086,-0.084,2.73,1.33,0.91
,-9.876,-0.086,-0.098,-9.914,-0.06,-0.101,2.66,1.19,0.77
,-9.923,-0.041,-0.038,-9.866,-0.057,-0.086,2.59,1.12,0.77
2498.0,-9.887,-0.089,-0.067,-9.902,-0.115,-0.086,2.73,1.47,0.84
,-9.854,-0.065,-0.077,-9.919,-0.074,-0.072,2.59,1.26,0.84
,-9.919,-0.062,-0.062,-9.861,-0.048,-0.079,2.66,1.33,0.84
,-9.911,-0.11,-0.036,-9.897,-0.05,-0.089,2.66,1.33,0.7
2574.0,-9.868,-0.062,-0.069,-9.904,-0.05,-0.057,2.8,1.33,0.91
,-9.907,-0.067,-0.053,-9.921,-0.043,-0.077,2.87,1.26,0.77
,-9.88,-0.12,-0.079,-9.933,-0.053,-0.062,2.66,1.12,0.7
,-9.94,-0.108,-0.098,-9.909,-0.103,-0.089,2.73,1.33,0.77
2649.0,-9.892,-0.048,-0.074,-9.899,-0.089,-0.089,2.73,1.19,0.77
,-9.904,-0.096,-0.096,-9.916,-0.077,-0.069,2.8,1.26,0.84
,-9.89,-0.093,-0.079,-9.911,-0.101,-0.11,2.66,1.12,0.77
,-9.885,-0.06,-0.11,-9.895,-0.098,-0.055,2.73,1.26,0.77
2725.0,-9.928,-0.069,-0.081,-9.921,-0.067,-0.069,2.73,1.12,0.84
,-9.861,-0.074,-0.093,-9.89,-0.05,-0.077,2.8,1.26,0.84
,-9.933,-0.108,-0.089,-9.933,-0.06,-0.089,2.73,1.33,0.77
,-9.892,-0.06,-0.081,-9.885,-0.05,-0.065,2.8,1.26,0.84
2801.0,-9.873,-0.053,-0.103,-9.895,-0.034,-0.105,2.66,1.26,0.91
,-9.916,-0.017,-0.05,-9.904,-0.069,-0.065,2.66,1.26,0.84
,-9.88,-0.072,-0.067,-9.866,-0.067,-0.101,2.73,1.26,0.91
,-9.873,-0.057,-0.117,-9.892,-0.089,-0.108,2.73,1.26,0.77
2877.0,-9.909,-0.101,-0.093,-9.887,-0.077,-0.041,2.73,1.05,0.77
,-9.919,-0.079,-0.069,-9.895,-0.086,-0.077,2.8,1.19,0.91
,-9.899,-0.057,-0.089,-9.907,-0.038,-0.101,2.73,1.26,0.77
,-9.883,-0.048,-0.105,-9.911,-0.065,-0.062,2.73,1.19,0.77
2952.0,-9.871,-0.045,-0.074,-9.914,-0.101,-0.074,2.66,1.33,0.77
,-9.933,-0.091,-0.105,-9.945,-0.065,-0.079,2.73,1.4,0.84
,-9.907,-0.086,-0.091,-9.866,-0.081,-0.084,2.73,1.26,0.84
,-9.887,-0.072,-0.086,-9.871,-0.101,-0.079,2.66,1.12,0.77
3028.0,-9.887,-0.096,-0.101,-9.938,-0.074,-0.072,2.73,1.26,0.91
,-9.931,-0.077,-0.086,-9.907,-0.062,-0.093,2.73,1.19,0.91
,-9.897,-0.086,-0.091,-9.914,-0.084,-0.081,2.66,1.12,0.84
,-9.876,-0.091,-0.096,-9.902,-0.079,-0.108,2.66,1.33,0.91
3104.0,-9.878,-0.057,-0.089,-9.907,-0.062,-0.086,2.66,1.33,0.84
,-9.885,-0.074,-0.053,-9.904,-0.041,-0.069,2.59,1.26,0.84
,-9.861,-0.065,-0.034,-9.897,-0.06,-0.117,2.66,1.26,0.7
,-9.895,-0.081,-0.069,-9.907,-0.057,-0.089,2.73,1.12,0.7
3180.0,-9.916,-0.086,-0.06,-9.887,-0.067,-0.053,2.73,1.4,0.84
,-9.871,-0.074,-0.093,-9.902,-0.06,-0.072,2.73,1.19,0.84
,-9.88,-0.055,-0.108,-9.909,-0.029,-0.086,2.73,1.12,0.77
,-9.897,-0.077,-0.093,-9.871,-0.072,-0.079,2.8,1.19,0.77
3255.0,-9.899,-0.074,-0.081,-9.902,-0.105,-0.084,2.73,1.33,0.84
,-9.897,-0.041,-0.043,-9.943,-0.065,-0.086,2.8,1.26,0.77
,-9.864,-0.053,-0.069,-9.914,-0.053,-0.074,2.59,1.19,0.84
,-9.892,-0.093,-0.096,-9.921,-0.101,-0.048,2.73,1.26,0.77
3331.0,-9.95,-0.069,-0.112,-9.921,-0.065,-0.096,2.73,1.33,0.91
,-9.921,-0.041,-0.079,-9.887,-0.077,-0.067,2.73,1.33,0.84
,-9.931,-0.098,-0.069,-9.887,-0.074,-0.093,2.73,1.19,0.77
,-9.947,-0.096,-0.108,-9.892,-0.089,-0.077,2.66,1.26,0.77
3407.0,-9.916,-0.06,-0.084,-9.895,-0.103,-0.072,2.73,1.19,0.84
,-9.89,-0.072,-0.103,-9.911,-0.055,-0.065,2.66,1.12,0.77
,-9.878,-0.043,-0.086,-9.902,-0.036,-0.065,2.66,1.05,0.7
,-9.909,-0.096,-0.086,-9.899,-0.057,-0.072,2.73,1.26,0.84
3483.0,-9.902,-0.079,-0.072,-9.885,-0.077,-0.084,2.66,1.19,0.84
,-9.911,-0.074,-0.093,-9.911,-0.101,-0.091,2.73,1.33,0.84
,-9.895,-0.129,-0.093,-9.909,-0.065,-0.069,2.8,1.33,0.91
,-9.904,-0.067,-0.048,-9.909,-0.05,-0.117,2.8,1.26,0.84
3559.0,-9.909,-0.11,-0.043,-9.904,-0.067,-0.096,2.87,1.33,0.84
,-9.897,-0.086,-0.091,-9.945,-0.091,-0.055,2.8,1.33,0.91
,-9.919,-0.081,-0.072,-9.878,-0.112,-0.072,2.66,1.12,0.91
,-9.878,-0.062,-0.112,-9.935,-0.053,-0.055,2.66,1.12,0.84
3634.0,-9.89,-0.074,-0.096,-9.892,-0.062,-0.089,2.66,1.19,0.77
,-9.859,-0.096,-0.084,-9.895,-0.084,-0.062,2.66,1.33,0.7
,-9.892,-0.069,-0.096,-9.935,-0.079,-0.091,2.73,1.4,0.77
,-9.868,-0.079,-0.067,-9.887,-0.079,-0.096,2.73,1.33,0.77
3710.0,-9.899,-0.091,-0.105,-9.909,-0.127,-0.115,2.8,1.19,0.77
,-9.902,-0.074,-0.098,-9.909,-0.079,-0.101,2.73,1.26,0.7
,-9.868,-0.091,-0.053,-9.943,-0.093,-0.067,2.66,1.26,0.77
,-9.919,-0.069,-0.086,-9.878,-0.091,-0.074,2.66,1.26,0.84
3785.0,-9.907,-0.079,-0.079,-9.89,-0.089,-0.034,2.73,1.33,0.77
,-9.909,-0.06,-0.089,-9.909,-0.089,-0.086,2.8,1.4,0.91
,-9.895,-0.062,-0.089,-9.899,-0.072,-0.067,2.8,1.33,0.84
,-9.914,-0.069,-0.074,-9.911,-0.065,-0.065,2.8,1.33,0.84
3861.0,-9.859,-0.101,-0.077,-9.904,-0.086,-0.055,2.66,1.4,0.84
,-9.852,-0.069,-0.067,-9.907,-0.053,-0.089,2.8,1.33,0.84
,-9.88,-0.06,-0.11,-9.897,-0.038,-0.091,2.73,1.26,0.84
,-9.887,-0.074,-0.103,-9.878,-0.06,-0.069,2.66,1.19,0.77
3937.0,-9.887,-0.065,-0.06,-9.895,-0.079,-0.105,2.73,1.4,0.91
,-9.878,-0.074,-0.072,-9.88,-0.062,-0.06,2.73,1.26,0.84
,-9.864,-0.089,-0.067,-9.928,-0.041,-0.091,2.73,1.26,0.84
,-9.904,-0.055,-0.067,-9.89,-0.072,-0.084,2.8,1.19,0.84
4013.0,-9.892,-0.038,-0.062,-9.971,-0.069,-0.077,2.73,1.33,0.84
,-9.83,-0.098,-0.072,-9.876,-0.055,-0.062,2.66,1.26,0.77
,-9.89,-0.065,-0.074,-9.921,-0.057,-0.122,2.73,1.33,0.84
,-9.885,-0.093,-0.065,-9.899,-0.055,-0.074,2.8,1.26,0.84
4088.0,-9.876,-0.048,-0.067,-9.852,-0.034,-0.062,2.66,1.33,0.77
,-9.919,-0.086,-0.065,-9.885,-0.074,-0.11,2.73,1.4,0.91
,-9.916,-0.077,-0.065,-9.864,-0.074,-0.026,2.66,1.33,0.91
,-9.892,-0.072,-0.057,-9.89,-0.038,-0.096,2.73,1.33,0.84
4164.0,-9.899,-0.079,-0.089,-9.89,-0.103,-0.079,2.73,1.4,0.84
,-9.916,-0.067,-0.081,-9.883,-0.077,-0.098,2.73,1.4,0.91
,-9.921,-0.096,-0.065,-9.88,-0.038,-0.084,2.66,1.19,0.84
,-9.856,-0.055,-0.084,-9.938,-0.079,-0.06,2.66,1.12,0.77
4239.0,-9.885,-0.057,-0.057,-9.871,-0.105,-0.098,2.73,1.4,0.77
,-9.902,-0.074,-0.053,-9.871,-0.079,-0.079,2.8,1.33,0.84
,-9.849,-0.093,-0.048,-9.919,-0.093,-0.105,2.66,1.19,0.84
,-9.928,-0.072,-0.079,-9.887,-0.077,-0.093,2.66,1.26,0.7
4315.0,-9.902,-0.069,-0.045,-9.907,-0.11,-0.072,2.8,1.26,0.77
,-9.943,-0.089,-0.086,-9.911,-0.043,-0.089,2.73,1.26,0.77
,-9.899,-0.103,-0.077,-9.919,-0.077,-0.065,2.73,1.19,0.77
,-9.878,-0.091,-0.069,-9.892,-0.053,-0.084,2.66,1.12,0.7
4391.0,-9.897,-0.096,-0.098,-9.904,-0.053,-0.091,2.8,1.47,0.84
,-9.897,-0.086,-0.079,-9.931,-0.06,-0.124,2.66,1.4,0.84
,-9.899,-0.038,-0.081,-9.907,-0.065,-0.057,2.59,1.33,0.77
,-9.852,-0.043,-0.074,-9.88,-0.117,-0.12,2.59,1.19,0.91
4467.0,-9.909,-0.086,-0.041,-9.916,-0.101,-0.06,2.66,1.26,0.84
,-9.887,-0.065,-0.103,-9.928,-0.062,-0.11,2.66,1.26,0.77
,-9.89,-0.072,-0.079,-9.902,-0.072,-0.069,2.8,1.19,0.77
,-9.902,-0.105,-0.079,-9.907,-0.062,-0.074,2.8,1.33,0.91
4543.0,-9.866,-0.081,-0.038,-9.914,-0.136,-0.072,2.66,1.26,0.84
,-9.919,-0.077,-0.11,-9.914,-0.031,-0.06,2.73,1.4,0.91
,-9.914,-0.05,-0.069,-9.909,-0.086,-0.12,2.73,1.19,0.84
,-9.892,-0.074,-0.112,-9.883,-0.072,-0.077,2.8,1.33,0.91
4618.0,-9.933,-0.091,-0.108,-9.919,-0.096,-0.086,2.66,1.33,0.84
,-9.952,-0.091,-0.079,-9.921,-0.084,-0.091,2.8,1.33,0.91
,-9.895,-0.06,-0.124,-9.892,-0.086,-0.038,2.66,1.33,0.84
,-9.921,-0.105,-0.05,-9.926,-0.105,-0.067,2.66,1.19,0.77
4694.0,-9.849,-0.05,-0.086,-9.868,-0.069,-0.093,2.66,1.47,0.84
,-9.957,-0.06,-0.055,-9.919,-0.081,-0.045,2.66,1.26,0.77
,-9.861,-0.074,-0.091,-9.931,-0.096,-0.101,2.8,1.4,0.77
,-9.89,-0.057,-0.06,-9.866,-0.057,-0.084,2.87,1.33,0.84
4770.0,-9.892,-0.077,-0.077,-9.933,-0.089,-0.077,2.87,1.33,0.98
,-9.876,-0.055,-0.089,-9.885,-0.048,-0.077,2.73,1.12,0.84
,-9.892,-0.079,-0.062,-9.895,-0.103,-0.122,2.66,1.12,0.84
,-9.892,-0.055,-0.067,-9.911,-0.081,-0.069,2.87,1.26,0.84
4846.0,-9.899,-0.041,-0.101,-9.897,-0.045,-0.117,2.66,1.33,0.84
,-9.919,-0.079,-0.074,-9.885,-0.053,-0.093,2.66,1.12,0.77
,-9.887,-0.048,-0.062,-9.902,-0.093,-0.067,2.59,1.19,0.77
,-9.902,-0.067,-0.096,-9.895,-0.072,-0.031,2.59,1.26,0.84
4921.0,-9.919,-0.081,-0.084,-9.887,-0.067,-0.098,2.73,1.12,0.77
,-9.904,-0.05,-0.072,-9.883,-0.115,-0.086,2.73,1.33,0.84
,-9.914,-0.081,-0.098,-9.935,-0.089,-0.031,2.87,1.19,0.98
,-9.897,-0.077,-0.074,-9.909,-0.072,-0.091,2.73,1.33,0.84
4997.0,-9.904,-0.05,-0.036,-9.883,-0.05,-0.081,2.66,1.05,0.7
,-9.897,-0.098,-0.055,-9.873,-0.062,-0.067,2.73,1.19,0.77
,-9.873,-0.086,-0.067,-9.897,-0.065,-0.048,2.8,1.26,0.84
,-9.904,-0.072,-0.081,-9.914,-0.079,-0.062,2.66,1.4,0.91
5072.0,-9.911,-0.05,-0.053,-9.883,-0.096,-0.069,2.73,1.33,0.84
,-9.909,-0.057,-0.108,-9.892,-0.065,-0.057,2.73,1.19,0.84
,-9.914,-0.055,-0.101,-9.897,-0.077,-0.081,2.66,1.05,0.7
,-9.933,-0.067,-0.053,-9.928,-0.053,-0.101,2.8,1.26,0.77
5148.0,-9.897,-0.072,-0.081,-9.914,-0.089,-0.086,2.66,1.33,0.77
,-9.892,-0.084,-0.081,-9.919,-0.077,-0.093,2.66,1.12,0.7
,-9.897,-0.069,-0.077,-9.89,-0.069,-0.06,2.73,1.26,0.84
,-9.885,-0.081,-0.074,-9.895,-0.086,-0.081,2.73,1.26,0.84
5224.0,-9.897,-0.091,-0.089,-9.916,-0.067,-0.101,2.66,1.26,0.77
,-9.88,-0.079,-0.084,-9.919,-0.057,-0.091,2.8,1.26,0.84
,-9.938,-0.091,-0.091,-9.909,-0.048,-0.069,2.73,1.19,0.84
,-9.902,-0.074,-0.072,-9.895,-0.089,-0.096,2.73,1.26,0.84
5300.0,-9.897,-0.053,-0.057,-9.911,-0.065,-0.062,2.73,1.05,0.77
,-9.916,-0.098,-0.077,-9.895,-0.084,-0.086,2.66,1.12,0.7
,-9.909,-0.055,-0.101,-9.914,-0.053,-0.12,2.59,1.19,0.7
,-9.904,-0.053,-0.105,-9.868,-0.065,-0.079,2.73,1.19,0.77
5376.0,-9.885,-0.084,-0.048,-9.88,-0.081,-0.079,2.73,1.12,0.84
,-9.911,-0.055,-0.05,-9.909,-0.043,-0.079,2.66,1.19,0.84
,-9.897,-0.062,-0.057,-9.909,-0.036,-0.036,2.59,1.19,0.84
,-9.866,-0.089,-0.089,-9.902,-0.074,-0.084,2.66,1.26,0.77
5451.0,-9.89,-0.06,-0.05,-9.928,-0.091,-0.101,2.66,1.05,0.63
,-9.931,-0.112,-0.093,-9.89,-0.096,-0.069,2.59,1.12,0.7
,-9.904,-0.067,-0.091,-9.897,-0.093,-0.124,2.66,1.05,0.77
,-9.895,-0.089,-0.055,-9.885,-0.086,-0.093,2.73,1.19,0.77
5527.0,-9.871,-0.031,-0.045,-9.904,-0.077,-0.103,2.8,1.26,0.91
,-9.883,-0.105,-0.067,-9.904,-0.091,-0.034,2.73,1.26,0.84
,-9.916,-0.055,-0.084,-9.892,-0.074,-0.089,2.73,1.33,0.84
,-9.868,-0.065,-0.086,-9.904,-0.06,-0.055,2.73,1.05,0.77
5603.0,-9.899,-0.093,-0.084,-9.868,-0.055,-0.101,2.73,1.12,0.77
,-9.89,-0.062,-0.079,-9.883,-0.086,-0.081,2.66,1.12,0.77
,-9.921,-0.077,-0.072,-9.911,-0.084,-0.084,2.66,1.05,0.77
,-9.907,-0.024,-0.091,-9.89,-0.089,-0.077,2.59,1.19,0.77
5679.0,-9.897,-0.041,-0.053,-9.892,-0.045,-0.122,2.66,1.26,0.91
,-9.94,-0.079,-0.057,-9.909,-0.069,-0.086,2.73,1.12,0.84
,-9.892,-0.074,-0.053,-9.883,-0.086,-0.112,2.73,1.26,0.84
,-9.856,-0.05,-0.141,-9.911,-0.072,-0.098,2.8,1.26,0.77
5754.0,-9.926,-0.05,-0.072,-9.919,-0.053,-0.041,2.66,1.26,0.84
,-9.887,-0.074,-0.117,-9.892,-0.067,-0.05,2.66,1.33,0.77
,-9.921,-0.098,-0.091,-9.911,-0.06,-0.096,2.66,1.26,0.84
,-9.907,-0.069,-0.105,-9.88,-0.101,-0.077,2.8,1.12,0.77
5830.0,-9.907,-0.053,-0.096,-9.914,-0.065,-0.089,2.8,1.61,0.91
,-9.883,-0.048,-0.074,-9.902,-0.084,-0.081,2.8,1.33,0.91
,-9.878,-0.048,-0.077,-9.916,-0.101,-0.06,2.73,1.19,0.77
,-9.926,-0.112,-0.072,-9.892,-0.065,-0.112,2.66,1.05,0.77
5905.0,-9.902,-0.069,-0.081,-9.883,-0.062,-0.062,2.59,1.33,0.84
,-9.876,-0.065,-0.065,-9.892,-0.081,-0.117,2.8,1.05,0.77
,-9.859,-0.055,-0.084,-9.887,-0.079,-0.072,2.66,1.19,0.77
,-9.897,-0.091,-0.098,-9.856,-0.093,-0.069,2.73,1.33,0.84
5981.0,-9.892,-0.065,-0.096,-9.897,-0.053,-0.077,2.66,0.91,0.77
,-9.904,-0.012,-0.072,-9.878,-0.093,-0.067,2.66,1.05,0.77
,-9.897,-0.084,-0.098,-9.923,-0.055,-0.098,2.66,1.26,0.84
,-9.897,-0.065,-0.091,-9.914,-0.06,-0.093,2.66,1.4,0.84
6057.0,-9.861,-0.065,-0.091,-9.919,-0.055,-0.077,2.66,1.19,0.77
,-9.904,-0.093,-0.122,-9.902,-0.05,-0.062,2.66,1.05,0.84
,-9.923,-0.117,-0.065,-9.921,-0.05,-0.065,2.66,1.12,0.77
,-9.902,-0.062,-0.074,-9.938,-0.045,-0.098,2.66,1.05,0.7
6133.0,-9.902,-0.093,-0.081,-9.928,-0.089,-0.081,2.73,1.26,0.84
,-9.897,-0.055,-0.105,-9.907,-0.079,-0.081,2.66,1.26,0.77
,-9.911,-0.098,-0.084,-9.864,-0.05,-0.074,2.66,1.19,0.7
,-9.904,-0.098,-0.062,-9.916,-0.081,-0.11,2.73,1.19,0.84
6209.0,-9.962,-0.067,-0.098,-9.895,-0.072,-0.079,2.66,1.26,0.77
,-9.892,-0.084,-0.098,-9.931,-0.105,-0.086,2.66,1.19,0.77
,-9.887,-0.053,-0.029,-9.892,-0.041,-0.074,2.73,1.26,0.77
,-9.897,-0.045,-0.112,-9.864,-0.081,-0.067,2.73,1.33,0.84
6284.0,-9.859,-0.055,-0.079,-9.873,-0.074,-0.048,2.73,1.19,0.77
,-9.909,-0.069,-0.084,-9.866,-0.091,-0.072,2.73,1.26,0.84
,-9.895,-0.043,-0.11,-9.911,-0.062,-0.079,2.66,1.26,0.91
,-9.895,-0.065,-0.105,-9.892,-0.074,-0.065,2.8,1.19,0.77
6360.0,-9.892,-0.074,-0.062,-9.911,-0.074,-0.096,2.73,1.19,0.84
,-9.897,-0.065,-0.105,-9.914,-0.091,-0.048,2.73,1.4,0.84
,-9.861,-0.057,-0.067,-9.914,-0.053,-0.074,2.73,1.33,0.98
,-9.928,-0.065,-0.067,-9.897,-0.065,-0.12,2.73,1.19,0.84
6436.0,-9.926,-0.077,-0.091,-9.868,-0.045,-0.069,2.73,1.26,0.77
,-9.904,-0.084,-0.069,-9.909,-0.065,-0.084,2.73,1.19,0.77
,-9.873,-0.074,-0.065,-9.871,-0.086,-0.101,2.66,1.12,0.63
,-9.935,-0.06,-0.098,-9.907,-0.053,-0.091,2.8,1.19,0.77
6512.0,-9.885,-0.06,-0.065,-9.871,-0.053,-0.117,2.66,1.26,0.77
,-9.907,-0.055,-0.112,-9.892,-0.069,-0.089,2.73,1.05,0.77
,-9.885,-0.069,-0.06,-9.873,-0.101,-0.05,2.66,1.19,0.77
,-9.887,-0.103,-0.086,-9.907,-0.041,-0.098,2.66,1.26,0.77
6587.0,-9.935,-0.093,-0.103,-9.859,-0.077,-0.062,2.73,1.12,0.7
,-9.895,-0.043,-0.055,-9.876,-0.089,-0.098,2.8,1.4,0.91
,-9.876,-0.045,-0.093,-9.911,-0.072,-0.086,2.73,1.47,0.84
,-9.914,-0.081,-0.11,-9.928,-0.11,-0.086,2.66,1.33,0.84
6663.0,-9.847,-0.074,-0.019,-9.885,-0.091,-0.06,2.66,1.19,0.77
,-9.89,-0.053,-0.086,-9.902,-0.072,-0.115,2.66,1.12,0.84
,-9.895,-0.091,-0.103,-9.897,-0.055,-0.065,2.66,1.12,0.77
,-9.892,-0.022,-0.079,-9.868,-0.098,-0.093,2.8,1.12,0.77
6738.0,-9.928,-0.072,-0.077,-9.904,-0.074,-0.074,2.66,1.33,0.84
,-9.871,-0.062,-0.084,-9.885,-0.072,-0.086,2.66,1.12,0.77
,-9.849,-0.06,-0.089,-9.864,-0.096,-0.108,2.59,1.26,0.84
,-9.921,-0.067,-0.06,-9.887,-0.055,-0.086,2.8,1.33,0.77
6814.0,-9.89,-0.067,-0.065,-9.89,-0.091,-0.074,2.66,1.26,0.84
,-9.95,-0.06,-0.093,-9.899,-0.072,-0.079,2.8,1.33,0.91
,-9.876,-0.05,-0.089,-9.907,-0.091,-0.098,2.73,1.33,0.84
,-9.899,-0.084,-0.108,-9.866,-0.081,-0.093,2.66,1.4,0.91
6890.0,-9.883,-0.055,-0.077,-9.895,-0.098,-0.096,2.59,0.91,0.77
,-9.88,-0.074,-0.081,-9.897,-0.053,-0.067,2.8,0.98,0.77
,-9.909,-0.065,-0.086,-9.935,-0.084,-0.084,2.73,1.26,0.77
,-9.864,-0.072,-0.043,-9.902,-0.086,-0.072,2.66,1.19,0.84
6966.0,-9.883,-0.077,-0.06,-9.914,-0.055,-0.043,2.66,1.12,0.77
,-9.904,-0.069,-0.079,-9.907,-0.089,-0.069,2.73,1.33,0.98
,-9.909,-0.065,-0.091,-9.904,-0.079,-0.101,2.73,1.47,0.84
,-9.904,-0.048,-0.077,-9.89,-0.086,-0.096,2.73,1.54,0.84
7042.0,-9.933,-0.043,-0.098,-9.911,-0.086,-0.117,2.66,1.33,0.84
,-9.914,-0.067,-0.096,-9.921,-0.069,-0.072,2.66,1.19,0.84
,-9.94,-0.045,-0.105,-9.931,-0.06,-0.096,2.66,1.19,0.84
,-9.933,-0.074,-0.067,-9.909,-0.089,-0.062,2.66,1.19,0.84
7117.0,-9.904,-0.067,-0.067,-9.931,-0.103,-0.06,2.73,1.19,0.77
,-9.921,-0.069,-0.069,-9.909,-0.098,-0.091,2.73,1.12,0.77
,-9.909,-0.091,-0.089,-9.883,-0.043,-0.079,2.73,1.19,0.77
,-9.892,-0.053,-0.079,-9.935,-0.081,-0.093,2.73,1.26,0.77
7193.0,-9.823,-0.11,-0.057,-9.909,-0.079,-0.062,2.73,1.26,0.91
,-9.883,-0.055,-0.057,-9.871,-0.031,-0.098,2.66,1.05,0.77
,-9.904,-0.057,-0.048,-9.914,-0.115,-0.069,2.66,1.12,0.84
,-9.914,-0.069,-0.06,-9.88,-0.101,-0.079,2.73,1.26,0.84
7269.0,-9.909,-0.108,-0.089,-9.878,-0.069,-0.081,2.66,1.19,0.91
,-9.904,-0.086,-0.079,-9.907,-0.098,-0.101,2.66,1.19,0.91
,-9.933,-0.098,-0.096,-9.885,-0.079,-0.041,2.73,1.19,0.84
,-9.921,-0.062,-0.055,-9.89,-0.05,-0.077,2.66,0.98,0.77
7345.0,-9.873,-0.067,-0.108,-9.878,-0.043,-0.093,2.8,1.19,0.77
,-9.899,-0.084,-0.045,-9.907,-0.091,-0.019,2.8,1.12,0.77
,-9.928,-0.108,-0.053,-9.911,-0.096,-0.084,2.66,1.19,0.77
,-9.909,-0.05,-0.077,-9.88,-0.069,-0.091,2.73,1.33,0.84
7420.0,-9.931,-0.05,-0.065,-9.926,-0.055,-0.074,2.66,1.26,0.77
,-9.885,-0.093,-0.077,-9.878,-0.096,-0.067,2.73,1.26,0.84
,-9.899,-0.084,-0.067,-9.921,-0.101,-0.067,2.73,1.33,0.91
,-9.904,-0.093,-0.089,-9.897,-0.105,-0.05,2.73,1.4,0.91
7496.0,-9.911,-0.067,-0.072,-9.921,-0.081,-0.096,2.66,1.12,0.77
,-9.921,-0.086,-0.139,-9.895,-0.05,-0.065,2.66,1.12,0.84
,-9.911,-0.06,-0.108,-9.904,-0.079,-0.065,2.73,1.26,0.91
,-9.897,-0.081,-0.093,-9.923,-0.077,-0.091,2.73,1.33,0.77
7571.0,-9.945,-0.062,-0.101,-9.861,-0.072,-0.072,2.59,1.19,0.77
,-9.907,-0.117,-0.079,-9.887,-0.115,-0.112,2.8,1.26,0.84
,-9.904,-0.055,-0.089,-9.911,-0.079,-0.045,2.66,1.12,0.84
,-9.88,-0.117,-0.093,-9.887,-0.038,-0.091,2.66,1.12,0.84
7647.0,-9.885,-0.038,-0.077,-9.928,-0.117,-0.069,2.59,1.05,0.77
,-9.907,-0.05,-0.077,-9.928,-0.074,-0.074,2.73,1.12,0.77
,-9.895,-0.079,-0.045,-9.909,-0.041,-0.072,2.66,1.12,0.7
,-9.849,-0.048,-0.053,-9.885,-0.081,-0.129,2.73,1.4,0.84
7723.0,-9.954,-0.065,-0.072,-9.885,-0.072,-0.045,2.66,1.12,0.84
,-9.914,-0.11,-0.067,-9.931,-0.05,-0.036,2.73,1.12,0.77
,-9.911,-0.079,-0.103,-9.909,-0.081,-0.091,2.66,1.05,0.7
,-9.895,-0.079,-0.057,-9.902,-0.081,-0.089,2.73,1.19,0.84
7799.0,-9.885,-0.055,-0.055,-9.921,-0.074,-0.112,2.8,1.19,0.7
,-9.887,-0.081,-0.053,-9.878,-0.06,-0.029,2.73,1.26,0.77
,-9.887,-0.06,-0.124,-9.931,-0.074,-0.086,2.8,1.33,0.91
,-9.902,-0.096,-0.067,-9.876,-0.081,-0.086,2.87,1.26,0.84
7874.0,-9.899,-0.091,-0.069,-9.892,-0.079,-0.101,2.59,1.26,0.77
,-9.931,-0.041,-0.077,-9.878,-0.081,-0.129,2.66,1.26,0.84
,-9.868,-0.072,-0.043,-9.88,-0.062,-0.065,2.66,1.26,0.84
,-9.931,-0.098,-0.115,-9.878,-0.067,-0.096,2.73,1.12,0.77
7950.0,-9.928,-0.089,-0.065,-9.89,-0.065,-0.06,2.66,1.12,0.77
,-9.907,-0.093,-0.067,-9.885,-0.067,-0.086,2.73,1.33,0.77
,-9.897,-0.093,-0.129,-9.892,-0.06,-0.093,2.73,1.33,0.91
,-9.899,-0.048,-0.074,-9.895,-0.074,-0.065,2.73,1.19,0.84
8026.0,-9.854,-0.036,-0.067,-9.892,-0.067,-0.112,2.73,1.05,0.77
,-9.89,-0.055,-0.079,-9.895,-0.043,-0.069,2.73,1.05,0.7
,-9.897,-0.067,-0.091,-9.895,-0.084,-0.072,2.66,1.12,0.7
,-9.899,-0.077,-0.072,-9.904,-0.024,-0.096,2.66,1.12,0.84
8102.0,-9.921,-0.067,-0.074,-9.907,-0.084,-0.072,2.8,1.05,0.84
,-9.923,-0.077,-0.081,-9.895,-0.108,-0.105,2.73,1.05,0.77
,-9.899,-0.065,-0.067,-9.904,-0.043,-0.074,2.73,1.19,0.77
,-9.911,-0.096,-0.103,-9.868,-0.067,-0.103,2.73,1.26,0.77
8178.0,-9.904,-0.101,-0.045,-9.859,-0.072,-0.069,2.66,1.26,0.84
,-9.859,-0.074,-0.11,-9.916,-0.067,-0.072,2.8,1.33,0.84
,-9.873,-0.043,-0.069,-9.911,-0.074,-0.084,2.73,1.26,0.77
,-9.933,-0.065,-0.069,-9.926,-0.06,-0.098,2.66,1.19,0.77
8253.0,-9.899,-0.055,-0.053,-9.904,-0.089,-0.074,2.66,1.19,0.7
,-9.895,-0.079,-0.086,-9.897,-0.055,-0.074,2.73,1.05,0.77
,-9.883,-0.06,-0.067,-9.931,-0.086,-0.074,2.73,1.19,0.77
,-9.907,-0.079,-0.112,-9.89,-0.089,-0.077,2.73,1.26,0.84
8329.0,-9.892,-0.084,-0.089,-9.899,-0.089,-0.072,2.59,1.26,0.84
,-9.914,-0.11,-0.086,-9.854,-0.139,-0.086,2.73,1.33,0.84
,-9.911,-0.026,-0.089,-9.885,-0.06,-0.06,2.66,1.47,0.91
,-9.895,-0.062,-0.089,-9.909,-0.098,-0.069,2.66,1.26,0.84
8404.0,-9.852,-0.065,-0.065,-9.902,-0.069,-0.022,2.73,1.33,0.77
,-9.921,-0.086,-0.086,-9.914,-0.074,-0.06,2.66,1.26,0.84
,-9.907,-0.065,-0.093,-9.909,-0.081,-0.057,2.66,1.19,0.84
,-9.892,-0.079,-0.081,-9.931,-0.093,-0.06,2.66,1.26,0.84
8480.0,-9.904,-0.05,-0.081,-9.883,-0.072,-0.055,2.8,1.33,0.84
,-9.95,-0.081,-0.096,-9.887,-0.084,-0.079,2.66,1.12,0.7
,-9.914,-0.055,-0.084,-9.902,-0.101,-0.096,2.73,1.33,0.84
,-9.923,-0.074,-0.055,-9.866,-0.086,-0.081,2.8,1.19,0.77
8556.0,-9.923,-0.091,-0.077,-9.895,-0.06,-0.079,2.73,1.33,0.84
,-9.923,-0.084,-0.077,-9.904,-0.077,-0.117,2.73,1.26,0.77
,-9.919,-0.127,-0.072,-9.871,-0.072,-0.069,2.8,1.33,0.84
,-9.909,-0.081,-0.108,-9.861,-0.091,-0.055,2.66,1.19,0.84
8632.0,-9.895,-0.055,-0.117,-9.892,-0.096,-0.069,2.66,1.26,0.77
,-9.904,-0.069,-0.105,-9.89,-0.057,-0.091,2.66,1.26,0.84
,-9.897,-0.053,-0.062,-9.933,-0.079,-0.11,2.73,1.47,0.84
,-9.923,-0.081,-0.081,-9.892,-0.065,-0.065,2.73,1.4,0.91
8707.0,-9.887,-0.055,-0.067,-9.864,-0.057,-0.072,2.73,1.33,0.77
,-9.911,-0.072,-0.089,-9.911,-0.057,-0.079,2.73,1.33,0.77
,-9.931,-0.057,-0.077,-9.892,-0.081,-0.077,2.66,1.26,0.84
,-9.909,-0.079,-0.11,-9.892,-0.06,-0.079,2.73,1.4,0.84
8783.0,-9.926,-0.065,-0.072,-9.887,-0.065,-0.077,2.66,1.19,0.84
,-9.957,-0.065,-0.108,-9.907,-0.072,-0.077,2.66,1.12,0.84
,-9.887,-0.091,-0.101,-9.931,-0.079,-0.098,2.59,1.26,0.84
,-9.916,-0.077,-0.11,-9.928,-0.105,-0.069,2.66,1.26,0.91
8859.0,-9.88,-0.081,-0.086,-9.878,-0.06,-0.074,2.66,1.47,0.77
,-9.904,-0.055,-0.053,-9.864,-0.055,-0.062,2.66,1.26,0.77
,-9.876,-0.053,-0.06,-9.907,-0.077,-0.103,2.66,1.19,0.84
,-9.897,-0.043,-0.077,-9.895,-0.048,-0.065,2.59,1.19,0.77
8935.0,-9.895,-0.072,-0.117,-9.88,-0.105,-0.108,2.73,1.12,0.84
,-9.911,-0.077,-0.074,-9.919,-0.045,-0.084,2.73,1.26,0.84
,-9.909,-0.079,-0.103,-9.907,-0.069,-0.084,2.73,1.4,0.98
,-9.916,-0.084,-0.101,-9.933,-0.069,-0.084,2.73,1.4,0.98
9011.0,-9.897,-0.069,-0.089,-9.909,-0.086,-0.065,2.66,1.26,0.84
,-9.914,-0.072,-0.077,-9.878,-0.062,-0.05,2.8,1.47,0.84
,-9.935,-0.067,-0.081,-9.892,-0.089,-0.081,2.73,1.33,0.91
,-9.885,-0.045,-0.101,-9.899,-0.079,-0.074,2.73,1.4,0.98
9086.0,-9.931,-0.084,-0.053,-9.89,-0.086,-0.089,2.59,1.26,0.84
,-9.876,-0.065,-0.096,-9.943,-0.029,-0.077,2.59,1.19,0.98
,-9.883,-0.077,-0.069,-9.88,-0.079,-0.06,2.66,1.19,0.84
,-9.88,-0.05,-0.101,-9.933,-0.043,-0.103,2.73,1.26,0.77
9162.0,-9.904,-0.105,-0.074,-9.935,-0.067,-0.101,2.73,1.19,0.7
,-9.907,-0.055,-0.084,-9.897,-0.031,-0.057,2.59,1.05,0.7
,-9.871,-0.098,-0.069,-9.871,-0.086,-0.086,2.52,1.19,0.84
,-9.887,-0.084,-0.091,-9.897,-0.065,-0.069,2.66,1.33,0.91
9237.0,-9.899,-0.084,-0.101,-9.895,-0.093,-0.086,2.73,1.33,0.84
,-9.856,-0.067,-0.055,-9.899,-0.053,-0.017,2.8,1.33,0.77
,-9.931,-0.074,-0.072,-9.928,-0.093,-0.067,2.8,1.19,0.77
,-9.911,-0.043,-0.124,-9.945,-0.098,-0.091,2.73,1.26,0.7
9313.0,-9.876,-0.105,-0.098,-9.89,-0.089,-0.062,2.66,1.26,0.77
,-9.876,-0.079,-0.129,-9.892,-0.081,-0.112,2.66,1.4,0.7
,-9.878,-0.053,-0.074,-9.856,-0.091,-0.084,2.59,1.4,0.84
,-9.876,-0.081,-0.108,-9.89,-0.062,-0.062,2.8,0.98,0.77
9389.0,-9.902,-0.069,-0.079,-9.911,-0.014,-0.06,2.73,1.33,0.77
,-9.928,-0.077,-0.055,-9.921,-0.084,-0.06,2.73,1.19,0.77
,-9.919,-0.084,-0.048,-9.916,-0.069,-0.081,2.73,1.26,0.84
,-9.864,-0.11,-0.096,-9.899,-0.096,-0.117,2.73,1.26,0.84
9465.0,-9.864,-0.074,-0.129,-9.899,-0.072,-0.112,2.8,1.26,0.77
,-9.909,-0.105,-0.057,-9.923,-0.096,-0.06,2.8,1.33,0.98
,-9.921,-0.101,-0.06,-9.902,-0.091,-0.086,2.59,1.12,0.84
,-9.902,-0.069,-0.093,-9.868,-0.062,-0.062,2.59,1.33,0.77
9540.0,-9.88,-0.036,-0.096,-9.89,-0.06,-0.072,2.66,1.33,0.84
,-9.866,-0.096,-0.081,-9.94,-0.067,-0.069,2.59,1.26,0.7
,-9.907,-0.065,-0.062,-9.931,-0.057,-0.048,2.59,1.19,0.84
,-9.923,-0.069,-0.065,-9.892,-0.081,-0.127,2.59,1.05,0.77
9616.0,-9.911,-0.074,-0.084,-9.887,-0.062,-0.089,2.66,1.26,0.77
,-9.933,-0.079,-0.065,-9.907,-0.067,-0.091,2.59,1.33,0.84
,-9.897,-0.081,-0.091,-9.935,-0.069,-0.089,2.66,1.33,0.77
,-9.899,-0.084,-0.043,-9.897,-0.091,-0.105,2.73,1.19,0.77
9691.0,-9.871,-0.077,-0.096,-9.919,-0.043,-0.12,2.66,1.33,0.84
,-9.911,-0.077,-0.127,-9.876,-0.067,-0.089,2.66,1.12,0.7
,-9.832,-0.06,-0.089,-9.911,-0.101,-0.108,2.8,1.26,0.84
,-9.909,-0.045,-0.096,-9.926,-0.084,-0.093,2.73,1.19,0.91
9767.0,-9.878,-0.084,-0.091,-9.897,-0.043,-0.067,2.66,1.4,0.91
,-9.854,-0.108,-0.069,-9.876,-0.098,-0.072,2.8,1.4,0.84
,-9.897,-0.06,-0.103,-9.904,-0.084,-0.072,2.73,1.05,0.63
,-9.923,-0.072,-0.077,-9.907,-0.041,-0.086,2.73,1.19,0.84
9843.0,-9.928,-0.072,-0.062,-9.887,-0.065,-0.091,2.66,1.33,0.84
,-9.895,-0.081,-0.072,-9.866,-0.086,-0.091,2.73,1.4,0.84
,-9.911,-0.077,-0.077,-9.89,-0.077,-0.086,2.8,1.33,0.98
,-9.849,-0.098,-0.081,-9.907,-0.065,-0.077,2.66,1.26,0.91
9919.0,-9.909,-0.079,-0.074,-9.921,-0.091,-0.091,2.73,1.26,0.84
,-9.909,-0.043,-0.074,-9.919,-0.053,-0.093,2.73,1.26,0.77
,-9.878,-0.079,-0.053,-9.873,-0.12,-0.077,2.73,1.19,0.84
,-9.897,-0.098,-0.084,-9.909,-0.079,-0.077,2.73,1.19,0.91
9995.0,-9.907,-0.096,-0.074,-9.919,-0.062,-0.079,2.73,1.26,0.84
,-9.887,-0.091,-0.11,-9.887,-0.055,-0.112,2.73,1.4,0.84
,-9.919,-0.062,-0.074,-9.878,-0.086,-0.091,2.66,1.26,0.91
,-9.902,-0.098,-0.074,-9.88,-0.019,-0.091,2.8,1.33,0.84
10070.0,-9.921,-0.029,-0.072,-9.88,-0.089,-0.112,2.73,1.19,0.84
,-9.94,-0.089,-0.11,-9.89,-0.084,-0.067,2.66,1.4,0.84
,-9.871,-0.069,-0.069,-9.88,-0.048,-0.089,2.59,1.33,0.77
,-9.897,-0.077,-0.091,-9.904,-0.074,-0.065,2.66,1.26,0.84
10146.0,-9.902,-0.079,-0.062,-9.914,-0.06,-0.093,2.73,1.12,0.84
,-9.878,-0.045,-0.06,-9.866,-0.067,-0.122,2.66,1.12,0.84
,-9.897,-0.072,-0.079,-9.921,-0.048,-0.074,2.66,1.12,0.84
,-9.847,-0.122,-0.06,-9.897,-0.05,-0.034,2.73,1.33,0.77
10222.0,-9.897,-0.103,-0.091,-9.88,-0.057,-0.091,2.66,1.12,0.7
,-9.887,-0.091,-0.132,-9.914,-0.05,-0.069,2.73,1.12,0.77
,-9.904,-0.086,-0.103,-9.895,-0.05,-0.034,2.66,1.26,0.77
,-9.902,-0.074,-0.093,-9.902,-0.074,-0.096,2.73,1.19,0.77
10298.0,-9.871,-0.043,-0.089,-9.868,-0.098,-0.084,2.73,1.19,0.77
,-9.928,-0.086,-0.117,-9.911,-0.053,-0.117,2.59,1.26,0.77
,-9.892,-0.079,-0.101,-9.904,-0.086,-0.089,2.59,1.19,0.84
,-9.89,-0.06,-0.103,-9.919,-0.091,-0.096,2.66,1.19,0.77
10373.0,-9.887,-0.048,-0.084,-9.89,-0.057,-0.06,2.73,1.26,0.77
,-9.911,-0.065,-0.091,-9.873,-0.081,-0.057,2.8,1.26,0.84
,-9.907,-0.103,-0.084,-9.897,-0.067,-0.117,2.8,1.4,0.91
,-9.904,-0.057,-0.074,-9.952,-0.06,-0.086,2.73,1.19,0.84
10449.0,-9.885,-0.072,-0.048,-9.873,-0.084,-0.041,2.66,1.26,0.84
,-9.926,-0.065,-0.101,-9.876,-0.053,-0.077,2.8,1.19,0.84
,-9.892,-0.072,-0.108,-9.83,-0.096,-0.062,2.73,1.12,0.77
,-9.88,-0.041,-0.077,-9.883,-0.086,-0.081,2.8,1.19,0.77
10524.0,-9.902,-0.081,-0.077,-9.897,-0.079,-0.062,2.73,1.19,0.84
,-9.899,-0.065,-0.074,-9.909,-0.065,-0.081,2.8,1.26,0.84
,-9.883,-0.079,-0.103,-9.919,-0.074,-0.084,2.8,1.19,0.84
,-9.94,-0.05,-0.069,-9.899,-0.089,-0.086,2.73,1.12,0.77
10600.0,-9.902,-0.065,-0.06,-9.904,-0.072,-0.055,2.73,1.54,0.84
,-9.919,-0.036,-0.101,-9.895,-0.098,-0.081,2.73,1.12,0.84
,-9.892,-0.077,-0.086,-9.899,-0.06,-0.067,2.73,1.12,0.7
,-9.899,-0.079,-0.086,-9.849,-0.074,-0.103,2.73,1.26,0.7
10676.0,-9.89,-0.084,-0.108,-9.883,-0.101,-0.101,2.66,1.19,0.77
,-9.861,-0.065,-0.096,-9.914,-0.077,-0.093,2.66,1.05,0.84
,-9.902,-0.06,-0.077,-9.895,-0.084,-0.079,2.66,1.26,0.84
,-9.883,-0.069,-0.074,-9.902,-0.062,-0.093,2.73,1.33,0.84
10752.0,-9.887,-0.096,-0.081,-9.95,-0.072,-0.079,2.73,1.12,0.84
,-9.883,-0.115,-0.079,-9.883,-0.086,-0.108,2.73,1.12,0.77
,-9.883,-0.062,-0.089,-9.907,-0.041,-0.084,2.73,1.05,0.77
,-9.868,-0.096,-0.098,-9.916,-0.072,-0.093,2.59,1.05,0.84
10828.0,-9.895,-0.053,-0.072,-9.907,-0.057,-0.101,2.73,1.12,0.7
,-9.871,-0.062,-0.069,-9.947,-0.065,-0.065,2.8,1.26,0.84
,-9.916,-0.041,-0.117,-9.873,-0.084,-0.038,2.8,1.26,0.84
,-9.88,-0.081,-0.081,-9.895,-0.079,-0.06,2.73,1.33,0.84
10903.0,-9.89,-0.098,-0.077,-9.933,-0.074,-0.084,2.8,1.33,0.84
,-9.928,-0.096,-0.11,-9.88,-0.055,-0.06,2.73,0.98,0.84
,-9.864,-0.045,-0.098,-9.911,-0.069,-0.084,2.8,1.19,0.77
,-9.907,-0.077,-0.079,-9.916,-0.077,-0.077,2.73,1.33,0.84
10979.0,-9.935,-0.132,-0.074,-9.871,-0.084,-0.041,2.59,1.19,0.84
,-9.895,-0.024,-0.072,-9.899,-0.077,-0.112,2.73,1.19,0.91
,-9.885,-0.096,-0.06,-9.909,-0.103,-0.124,2.73,1.19,0.84
,-9.899,-0.089,-0.101,-9.921,-0.05,-0.089,2.59,1.4,0.91
11055.0,-9.892,-0.074,-0.11,-9.904,-0.077,-0.079,2.66,1.19,0.77
,-9.923,-0.081,-0.062,-9.895,-0.065,-0.105,2.66,1.05,0.91
,-9.873,-0.065,-0.06,-9.94,-0.103,-0.065,2.66,1.12,0.77
,-9.938,-0.089,-0.062,-9.909,-0.072,-0.105,2.66,1.19,0.7
11131.0,-9.892,-0.074,-0.098,-9.909,-0.062,-0.091,2.59,1.19,0.77
,-9.909,-0.074,-0.074,-9.926,-0.103,-0.098,2.73,1.26,0.91
,-9.902,-0.124,-0.084,-9.878,-0.081,-0.05,2.73,1.05,0.84
,-9.885,-0.074,-0.091,-9.859,-0.055,-0.077,2.73,1.05,0.77
11206.0,-9.914,-0.038,-0.062,-9.871,-0.048,-0.074,2.66,1.26,0.77
,-9.885,-0.062,-0.096,-9.923,-0.053,-0.091,2.73,1.19,0.84
,-9.885,-0.057,-0.108,-9.904,-0.045,-0.098,2.73,1.19,0.77
,-9.861,-0.096,-0.089,-9.902,-0.081,-0.098,2.66,1.26,0.77
11282.0,-9.907,-0.089,-0.06,-9.902,-0.067,-0.098,2.66,1.26,0.77
,-9.907,-0.089,-0.101,-9.873,-0.05,-0.074,2.66,1.12,0.84
,-9.928,-0.06,-0.098,-9.902,-0.074,-0.091,2.8,1.33,0.84
,-9.933,-0.084,-0.045,-9.902,-0.081,-0.101,2.73,1.4,0.84
11358.0,-9.873,-0.065,-0.079,-9.904,-0.077,-0.081,2.59,1.19,0.84
,-9.907,-0.048,-0.091,-9.895,-0.103,-0.074,2.66,1.26,0.91
,-9.899,-0.091,-0.084,-9.897,-0.077,-0.093,2.73,1.05,0.84
,-9.878,-0.041,-0.136,-9.904,-0.091,-0.084,2.73,1.12,0.91
11434.0,-9.904,-0.081,-0.065,-9.94,-0.079,-0.079,2.66,1.26,0.84
,-9.88,-0.06,-0.086,-9.895,-0.105,-0.057,2.66,1.26,0.77
,-9.907,-0.055,-0.122,-9.885,-0.057,-0.096,2.66,1.26,0.91
,-9.895,-0.067,-0.101,-9.902,-0.065,-0.072,2.73,1.26,0.84
11509.0,-9.919,-0.06,-0.067,-9.911,-0.089,-0.084,2.73,1.12,0.77
,-9.892,-0.077,-0.108,-9.878,-0.06,-0.072,2.73,1.19,0.77
,-9.887,-0.038,-0.105,-9.878,-0.048,-0.091,2.66,1.12,0.77
,-9.902,-0.069,-0.05,-9.899,-0.074,-0.041,2.66,1.12,0.77
11585.0,-9.868,-0.072,-0.093,-9.94,-0.096,-0.067,2.59,1.19,0.84
,-9.897,-0.055,-0.096,-9.88,-0.069,-0.079,2.59,1.26,0.77
,-9.907,-0.084,-0.043,-9.909,-0.079,-0.062,2.73,1.4,0.84
,-9.847,-0.074,-0.074,-9.89,-0.038,-0.072,2.66,1.26,0.77
11661.0,-9.878,-0.036,-0.065,-9.923,-0.089,-0.072,2.8,1.26,0.84
,-9.916,-0.069,-0.06,-9.909,-0.045,-0.105,2.73,1.19,0.84
,-9.921,-0.062,-0.069,-9.909,-0.055,-0.093,2.73,0.98,0.7
,-9.899,-0.077,-0.091,-9.895,-0.069,-0.084,2.73,1.19,0.77
11736.0,-9.902,-0.086,-0.098,-9.885,-0.077,-0.069,2.73,1.12,0.7
,-9.943,-0.077,-0.06,-9.911,-0.057,-0.127,2.87,1.19,0.84
,-9.899,-0.067,-0.062,-9.876,-0.062,-0.079,2.73,1.19,0.84
,-9.883,-0.055,-0.077,-9.916,-0.077,-0.11,2.66,1.19,0.77
11812.0,-9.914,-0.084,-0.105,-9.909,-0.108,-0.089,2.8,1.26,0.77
,-9.916,-0.034,-0.086,-9.89,-0.069,-0.12,2.73,1.26,0.77
,-9.892,-0.084,-0.062,-9.933,-0.077,-0.091,2.73,1.12,0.77
,-9.895,-0.072,-0.112,-9.909,-0.069,-0.069,2.66,1.12,0.7
11888.0,-9.887,-0.086,-0.091,-9.899,-0.091,-0.057,2.73,1.33,0.84
,-9.914,-0.043,-0.115,-9.864,-0.077,-0.069,2.73,1.26,0.77
,-9.919,-0.081,-0.057,-9.926,-0.101,-0.079,2.73,1.4,0.84
,-9.887,-0.069,-0.074,-9.914,-0.069,-0.05,2.66,1.33,0.84
11964.0,-9.873,-0.031,-0.065,-9.938,-0.026,-0.081,2.87,1.19,0.84
,-9.928,-0.062,-0.086,-9.899,-0.067,-0.091,2.73,1.12,0.77
,-9.952,-0.05,-0.084,-9.909,-0.069,-0.108,2.66,1.19,0.77
,-9.902,-0.06,-0.096,-9.887,-0.038,-0.079,2.73,1.33,0.91
12039.0,-9.897,-0.065,-0.067,-9.883,-0.072,-0.112,2.66,1.19,0.77
,-9.907,-0.048,-0.038,-9.926,-0.084,-0.045,2.66,1.19,0.77
,-9.892,-0.093,-0.069,-9.916,-0.077,-0.093,2.8,1.4,0.84
,-9.887,-0.11,-0.091,-9.923,-0.038,-0.093,2.8,1.4,0.84
12115.0,-9.89,-0.065,-0.084,-9.88,-0.074,-0.074,2.73,1.4,0.91
,-9.883,-0.096,-0.096,-9.883,-0.091,-0.093,2.73,1.26,0.84
,-9.883,-0.048,-0.081,-9.866,-0.084,-0.11,2.8,1.26,0.84
,-9.895,-0.079,-0.12,-9.914,-0.089,-0.086,2.66,0.98,0.77
12191.0,-9.919,-0.067,-0.122,-9.854,-0.079,-0.062,2.8,1.33,0.98
,-9.911,-0.038,-0.084,-9.907,-0.067,-0.06,2.73,1.12,0.84
,-9.861,-0.067,-0.091,-9.914,-0.079,-0.065,2.66,1.26,0.77
,-9.871,-0.072,-0.079,-9.88,-0.098,-0.093,2.73,1.26,0.84
12267.0,-9.878,-0.105,-0.093,-9.895,-0.06,-0.069,2.73,1.33,0.77
,-9.921,-0.072,-0.117,-9.89,-0.074,-0.079,2.73,1.33,0.77
,-9.899,-0.057,-0.072,-9.935,-0.069,-0.079,2.66,1.26,0.7
,-9.914,-0.034,-0.062,-9.909,-0.067,-0.074,2.66,1.26,0.77
12342.0,-9.907,-0.053,-0.055,-9.88,-0.06,-0.053,2.66,1.19,0.84
,-9.878,-0.069,-0.093,-9.895,-0.062,-0.077,2.66,1.26,0.84
,-9.911,-0.053,-0.079,-9.904,-0.057,-0.048,2.66,1.33,0.77
,-9.878,-0.038,-0.06,-9.885,-0.108,-0.05,2.66,1.12,0.77
12418.0,-9.928,-0.06,-0.074,-9.895,-0.05,-0.055,2.73,1.19,0.91
,-9.899,-0.098,-0.055,-9.923,-0.093,-0.081,2.73,1.26,0.91
,-9.89,-0.079,-0.077,-9.892,-0.048,-0.079,2.73,1.26,0.84
,-9.902,-0.048,-0.079,-9.88,-0.06,-0.036,2.66,1.12,0.77
12494.0,-9.909,-0.089,-0.115,-9.899,-0.072,-0.103,2.59,1.33,0.91
,-9.909,-0.041,-0.062,-9.899,-0.067,-0.098,2.66,1.33,0.91
,-9.902,-0.074,-0.115,-9.938,-0.072,-0.079,2.66,1.26,0.77
,-9.899,-0.089,-0.089,-9.866,-0.069,-0.093,2.66,1.4,0.77
12569.0,-9.885,-0.091,-0.11,-9.864,-0.072,-0.079,2.66,1.26,0.77
,-9.885,-0.034,-0.115,-9.902,-0.055,-0.074,2.73,1.26,0.84
,-9.876,-0.067,-0.081,-9.871,-0.089,-0.048,2.8,1.19,0.77
,-9.902,-0.05,-0.043,-9.876,-0.06,-0.084,2.73,1.4,0.84
12645.0,-9.897,-0.084,-0.096,-9.911,-0.062,-0.069,2.73,1.26,0.77
,-9.864,-0.12,-0.115,-9.88,-0.034,-0.081,2.73,1.19,0.77
,-9.892,-0.091,-0.079,-9.876,-0.036,-0.081,2.8,1.12,0.77
,-9.885,-0.065,-0.079,-9.904,-0.086,-0.077,2.8,1.12,0.84
12721.0,-9.923,-0.041,-0.081,-9.883,-0.057,-0.074,2.66,1.26,0.84
,-9.921,-0.069,-0.072,-9.89,-0.079,-0.079,2.66,1.26,0.84
,-9.909,-0.05,-0.105,-9.871,-0.089,-0.072,2.73,1.26,0.84
,-9.899,-0.108,-0.074,-9.861,-0.057,-0.093,2.73,1.47,0.84
12797.0,-9.899,-0.057,-0.112,-9.911,-0.079,-0.11,2.59,1.12,0.77
,-9.895,-0.081,-0.067,-9.952,-0.06,-0.086,2.73,1.12,0.84
,-9.938,-0.069,-0.06,-9.923,-0.065,-0.089,2.73,1.19,0.84
,-9.892,-0.048,-0.112,-9.911,-0.072,-0.069,2.73,1.05,0.84
12872.0,-9.892,-0.05,-0.103,-9.885,-0.086,-0.062,2.59,1.19,0.77
,-9.902,-0.065,-0.072,-9.89,-0.084,-0.093,2.66,1.19,0.84
,-9.859,-0.081,-0.065,-9.907,-0.074,-0.084,2.73,1.12,0.84
,-9.859,-0.053,-0.074,-9.868,-0.05,-0.089,2.73,1.26,0.91
12948.0,-9.866,-0.057,-0.101,-9.959,-0.062,-0.072,2.73,1.12,0.77
,-9.88,-0.069,-0.05,-9.883,-0.065,-0.079,2.73,1.19,0.91
,-9.907,-0.079,-0.091,-9.873,-0.053,-0.048,2.66,1.19,0.77
,-9.902,-0.074,-0.12,-9.919,-0.077,-0.065,2.59,1.26,0.77
13024.0,-9.895,-0.074,-0.074,-9.876,-0.062,-0.086,2.59,1.12,0.77
,-9.895,-0.11,-0.079,-9.89,-0.089,-0.089,2.8,1.26,0.77
,-9.904,-0.06,-0.057,-9.883,-0.057,-0.117,2.73,1.12,0.91
,-9.904,-0.043,-0.081,-9.904,-0.108,-0.093,2.73,1.19,0.84
13100.0,-9.911,-0.077,-0.081,-9.914,-0.043,-0.101,2.73,1.19,0.77
,-9.895,-0.055,-0.077,-9.916,-0.105,-0.089,2.8,1.4,0.91
,-9.878,-0.098,-0.101,-9.885,-0.055,-0.074,2.73,1.33,0.84
,-9.873,-0.084,-0.091,-9.914,-0.072,-0.057,2.8,1.4,0.84
13175.0,-9.887,-0.062,-0.105,-9.923,-0.105,-0.11,2.8,1.26,0.84
,-9.88,-0.067,-0.091,-9.911,-0.069,-0.115,2.8,1.19,0.77
,-9.909,-0.062,-0.072,-9.904,-0.069,-0.096,2.66,1.12,0.84
,-9.892,-0.036,-0.108,-9.914,-0.072,-0.072,2.73,1.26,0.84
13251.0,-9.883,-0.086,-0.079,-9.899,-0.091,-0.084,2.66,1.26,0.84
,-9.911,-0.079,-0.079,-9.88,-0.091,-0.067,2.8,1.33,0.91
,-9.95,-0.053,-0.096,-9.878,-0.084,-0.079,2.66,1.05,0.84
,-9.923,-0.079,-0.065,-9.926,-0.067,-0.055,2.73,1.05,0.77
13326.0,-9.935,-0.055,-0.057,-9.866,-0.089,-0.129,2.66,1.19,0.77
,-9.892,-0.057,-0.057,-9.895,-0.079,-0.122,2.66,0.98,0.7
,-9.94,-0.091,-0.103,-9.916,-0.072,-0.101,2.66,1.33,0.84
,-9.916,-0.045,-0.055,-9.919,-0.084,-0.077,2.66,1.26,0.84
13402.0,-9.921,-0.084,-0.069,-9.887,-0.062,-0.089,2.73,1.19,0.77
,-9.919,-0.074,-0.093,-9.873,-0.089,-0.065,2.59,1.05,0.77
,-9.947,-0.079,-0.074,-9.911,-0.077,-0.081,2.66,1.12,0.84
,-9.871,-0.091,-0.108,-9.95,-0.079,-0.115,2.8,1.33,0.91
13478.0,-9.876,-0.057,-0.074,-9.88,-0.048,-0.101,2.73,1.12,0.77
,-9.885,-0.086,-0.089,-9.926,-0.038,-0.091,2.66,1.05,0.77
,-9.921,-0.057,-0.081,-9.931,-0.086,-0.093,2.66,1.26,0.84
,-9.871,-0.069,-0.084,-9.89,-0.069,-0.074,2.66,1.19,0.77
13554.0,-9.883,-0.077,-0.06,-9.885,-0.05,-0.12,2.66,1.19,0.84
,-9.926,-0.081,-0.067,-9.895,-0.089,-0.06,2.66,1.26,0.91
,-9.902,-0.074,-0.086,-9.904,-0.067,-0.069,2.66,1.19,0.91
,-9.892,-0.06,-0.065,-9.921,-0.089,-0.074,2.66,1.26,0.77
13630.0,-9.947,-0.074,-0.081,-9.892,-0.065,-0.091,2.59,1.12,0.84
,-9.933,-0.093,-0.115,-9.919,-0.079,-0.072,2.66,1.26,0.84
,-9.878,-0.055,-0.079,-9.871,-0.06,-0.057,2.73,1.33,0.84
,-9.89,-0.053,-0.043,-9.868,-0.115,-0.072,2.73,1.19,0.77
13705.0,-9.868,-0.072,-0.077,-9.899,-0.091,-0.101,2.73,1.26,0.84
,-9.907,-0.062,-0.079,-9.914,-0.074,-0.091,2.73,1.19,0.84
,-9.928,-0.041,-0.091,-9.909,-0.089,-0.069,2.8,1.19,0.77
,-9.916,-0.096,-0.079,-9.907,-0.067,-0.053,2.66,1.05,0.77
13781.0,-9.883,-0.057,-0.093,-9.928,-0.072,-0.084,2.66,1.26,0.91
,-9.904,-0.072,-0.089,-9.887,-0.055,-0.096,2.66,1.19,0.77
,-9.897,-0.105,-0.098,-9.866,-0.101,-0.041,2.66,1.19,0.84
,-9.909,-0.069,-0.077,-9.887,-0.074,-0.026,2.8,1.26,0.84
13857.0,-9.907,-0.093,-0.081,-9.892,-0.081,-0.096,2.59,1.12,0.77
,-9.904,-0.043,-0.072,-9.947,-0.115,-0.062,2.59,1.05,0.77
,-9.859,-0.055,-0.098,-9.919,-0.072,-0.067,2.73,1.26,0.84
,-9.897,-0.098,-0.022,-9.88,-0.067,-0.065,2.8,1.26,0.84
13933.0,-9.897,-0.079,-0.065,-9.921,-0.065,-0.057,2.59,1.12,0.77
,-9.904,-0.06,-0.101,-9.89,-0.091,-0.067,2.66,1.12,0.77
,-9.878,-0.057,-0.089,-9.899,-0.062,-0.065,2.59,1.12,0.84
,-9.904,-0.074,-0.069,-9.904,-0.06,-0.077,2.59,1.19,0.77
14008.0,-9.868,-0.055,-0.074,-9.926,-0.048,-0.086,2.73,1.12,0.84
,-9.883,-0.093,-0.089,-9.895,-0.091,-0.074,2.66,0.98,0.7
,-9.88,-0.101,-0.091,-9.859,-0.079,-0.103,2.59,1.12,0.84
,-9.909,-0.077,-0.098,-9.878,-0.077,-0.096,2.8,1.26,0.91
14084.0,-9.909,-0.074,-0.074,-9.885,-0.074,-0.108,2.73,1.26,0.91
,-9.876,-0.086,-0.101,-9.89,-0.112,-0.105,2.66,1.12,0.77
,-9.899,-0.074,-0.05,-9.897,-0.036,-0.062,2.73,0.98,0.7
,-9.887,-0.072,-0.077,-9.878,-0.074,-0.089,2.66,1.05,0.77
14159.0,-9.873,-0.093,-0.072,-9.897,-0.055,-0.112,2.66,1.26,0.77
,-9.907,-0.105,-0.072,-9.907,-0.096,-0.084,2.73,1.12,0.77
,-9.871,-0.048,-0.105,-9.885,-0.074,-0.115,2.73,1.12,0.77
,-9.885,-0.081,-0.112,-9.911,-0.067,-0.079,2.66,1.19,0.84
14235.0,-9.916,-0.053,-0.06,-9.89,-0.091,-0.065,2.66,1.33,0.84
,-9.842,-0.098,-0.096,-9.923,-0.103,-0.089,2.8,1.33,0.84
,-9.916,-0.031,-0.091,-9.914,-0.093,-0.093,2.8,1.19,0.91
,-9.902,-0.115,-0.057,-9.907,-0.055,-0.053,2.8,1.19,0.77
14311.0,-9.909,-0.077,-0.057,-9.899,-0.062,-0.086,2.52,1.05,0.77
,-9.89,-0.06,-0.115,-9.933,-0.067,-0.089,2.73,1.26,0.77
,-9.885,-0.079,-0.098,-9.892,-0.084,-0.101,2.73,0.98,0.7
,-9.902,-0.079,-0.079,-9.89,-0.081,-0.103,2.73,0.91,0.77
14387.0,-9.943,-0.081,-0.055,-9.935,-0.069,-0.084,2.66,1.33,0.77
,-9.904,-0.06,-0.074,-9.866,-0.081,-0.072,2.73,1.26,0.77
,-9.907,-0.101,-0.086,-9.94,-0.067,-0.06,2.59,1.12,0.7
,-9.902,-0.098,-0.091,-9.897,-0.108,-0.091,2.59,1.19,0.7
14463.0,-9.887,-0.074,-0.084,-9.897,-0.101,-0.117,2.73,1.26,0.84
,-9.883,-0.069,-0.048,-9.921,-0.098,-0.086,2.66,1.4,0.91
,-9.926,-0.067,-0.057,-9.902,-0.086,-0.074,2.59,0.98,0.77
,-9.849,-0.05,-0.079,-9.878,-0.091,-0.115,2.66,1.26,0.84
14538.0,-9.895,-0.065,-0.091,-9.885,-0.067,-0.072,2.66,1.12,0.84
,-9.864,-0.079,-0.112,-9.907,-0.077,-0.077,2.66,1.33,0.77
,-9.945,-0.098,-0.081,-9.887,-0.086,-0.086,2.66,1.26,0.77
,-9.885,-0.093,-0.045,-9.876,-0.036,-0.084,2.73,1.33,0.84
14614.0,-9.935,-0.074,-0.091,-9.902,-0.065,-0.081,2.73,1.33,0.91
,-9.887,-0.065,-0.069,-9.921,-0.084,-0.103,2.59,1.33,0.77
,-9.856,-0.098,-0.108,-9.904,-0.048,-0.067,2.73,1.26,0.84
,-9.923,-0.115,-0.057,-9.899,-0.079,-0.093,2.73,1.19,0.77
14690.0,-9.926,-0.081,-0.103,-9.914,-0.089,-0.096,2.73,1.26,0.77
,-9.876,-0.072,-0.091,-9.885,-0.086,-0.105,2.73,1.19,0.77
,-9.89,-0.101,-0.091,-9.883,-0.065,-0.105,2.8,1.19,0.77
,-9.921,-0.041,-0.089,-9.911,-0.048,-0.096,2.87,1.26,0.91
14766.0,-9.883,-0.06,-0.105,-9.892,-0.062,-0.067,2.73,1.19,0.84
,-9.971,-0.062,-0.11,-9.921,-0.084,-0.084,2.66,1.12,0.84
,-9.864,-0.074,-0.098,-9.856,-0.048,-0.103,2.66,1.26,0.77
,-9.897,-0.041,-0.093,-9.899,-0.069,-0.081,2.73,1.19,0.77
14841.0,-9.94,-0.079,-0.072,-9.895,-0.072,-0.081,2.52,1.12,0.77
,-9.876,-0.057,-0.045,-9.892,-0.093,-0.086,2.66,1.19,0.84
,-9.916,-0.055,-0.055,-9.931,-0.048,-0.06,2.66,1.33,0.84
,-9.938,-0.077,-0.053,-9.866,-0.057,-0.081,2.66,1.19,0.77
14917.0,-9.89,-0.086,-0.062,-9.904,-0.086,-0.108,2.73,1.33,0.77
,-9.911,-0.084,-0.091,-9.871,-0.062,-0.079,2.73,1.19,0.84
,-9.904,-0.067,-0.06,-9.911,-0.055,-0.103,2.66,1.19,0.84
,-9.921,-0.077,-0.077,-9.897,-0.065,-0.06,2.66,1.12,0.7
14992.0,-9.914,-0.117,-0.069,-9.923,-0.084,-0.072,2.73,0.98,0.77
,-9.876,-0.089,-0.089,-9.887,-0.084,-0.086,2.66,0.98,0.7
,-9.902,-0.091,-0.091,-9.904,-0.053,-0.065,2.73,1.26,0.84
,-9.883,-0.05,-0.086,-9.885,-0.062,-0.089,2.8,1.33,0.84
15068.0,-9.899,-0.072,-0.091,-9.89,-0.081,-0.069,2.8,1.19,0.77
,-9.938,-0.079,-0.065,-9.868,-0.108,-0.079,2.8,1.26,0.7
,-9.928,-0.098,-0.089,-9.878,-0.06,-0.077,2.66,1.12,0.77
,-9.902,-0.074,-0.045,-9.916,-0.069,-0.074,2.52,1.12,0.84
15144.0,-9.873,-0.067,-0.086,-9.883,-0.065,-0.081,2.59,1.19,0.84
,-9.89,-0.103,-0.101,-9.895,-0.057,-0.098,2.73,1.26,0.91
,-9.897,-0.081,-0.101,-9.883,-0.067,-0.053,2.8,1.19,0.77
,-9.916,-0.089,-0.105,-9.887,-0.086,-0.103,2.73,1.19,0.77
15220.0,-9.914,-0.065,-0.069,-9.921,-0.065,-0.103,2.73,1.26,0.91
,-9.909,-0.103,-0.081,-9.938,-0.074,-0.12,2.73,1.26,0.84
,-9.914,-0.086,-0.062,-9.876,-0.062,-0.096,2.73,1.19,0.77
,-9.873,-0.045,-0.093,-9.935,-0.079,-0.069,2.66,1.19,0.7
15296.0,-9.919,-0.101,-0.103,-9.883,-0.026,-0.074,2.73,1.19,0.77
,-9.921,-0.05,-0.089,-9.911,-0.079,-0.06,2.73,1.19,0.77
,-9.923,-0.067,-0.105,-9.856,-0.074,-0.069,2.73,1.33,0.77
,-9.892,-0.062,-0.093,-9.887,-0.101,-0.048,2.73,1.19,0.77
15371.0,-9.902,-0.084,-0.112,-9.957,-0.098,-0.055,2.8,1.26,0.84
,-9.895,-0.055,-0.034,-9.868,-0.065,-0.105,2.8,1.26,0.84
,-9.914,-0.069,-0.086,-9.916,-0.089,-0.098,2.66,1.26,0.77
,-9.928,-0.067,-0.072,-9.902,-0.089,-0.11,2.66,1.33,0.84
15447.0,-9.914,-0.036,-0.089,-9.909,-0.132,-0.057,2.66,1.33,0.84
,-9.849,-0.05,-0.045,-9.887,-0.079,-0.065,2.73,1.33,0.77
,-9.907,-0.079,-0.086,-9.902,-0.05,-0.048,2.73,1.19,0.84
,-9.89,-0.036,-0.074,-9.878,-0.132,-0.108,2.8,1.19,0.84
15523.0,-9.931,-0.072,-0.096,-9.892,-0.091,-0.084,2.66,1.33,0.84
,-9.926,-0.086,-0.086,-9.904,-0.086,-0.048,2.73,1.26,0.91
,-9.861,-0.055,-0.089,-9.89,-0.036,-0.101,2.66,1.05,0.84
,-9.871,-0.067,-0.093,-9.902,-0.074,-0.11,2.66,1.12,0.77
15599.0,-9.883,-0.086,-0.11,-9.897,-0.062,-0.096,2.66,1.33,0.77
,-9.935,-0.086,-0.069,-9.95,-0.057,-0.065,2.66,1.19,0.91
,-9.892,-0.067,-0.072,-9.928,-0.065,-0.098,2.66,1.26,0.84
,-9.923,-0.098,-0.103,-9.928,-0.067,-0.096,2.73,1.33,0.77
15674.0,-9.916,-0.048,-0.086,-9.902,-0.057,-0.079,2.73,1.19,0.91
,-9.931,-0.093,-0.093,-9.866,-0.065,-0.096,2.73,1.05,0.84
,-9.926,-0.081,-0.096,-9.871,-0.053,-0.108,2.8,1.33,0.84
,-9.895,-0.069,-0.103,-9.902,-0.041,-0.11,2.73,1.19,0.77
15750.0,-9.933,-0.081,-0.06,-9.895,-0.057,-0.098,2.73,1.33,0.77
,-9.902,-0.081,-0.086,-9.89,-0.086,-0.072,2.73,1.33,0.7
,-9.892,-0.103,-0.091,-9.895,-0.086,-0.098,2.73,1.19,0.77
,-9.88,-0.062,-0.086,-9.897,-0.081,-0.105,2.66,1.26,0.84
15825.0,-9.919,-0.084,-0.098,-9.883,-0.055,-0.057,2.73,1.19,0.77
,-9.911,-0.081,-0.069,-9.868,-0.024,-0.069,2.87,1.4,0.84
,-9.895,-0.055,-0.055,-9.873,-0.11,-0.077,2.73,1.12,0.77
,-9.892,-0.12,-0.086,-9.923,-0.089,-0.077,2.73,1.19,0.84
15901.0,-9.928,-0.084,-0.077,-9.885,-0.053,-0.034,2.66,1.19,0.91
,-9.892,-0.024,-0.062,-9.876,-0.089,-0.103,2.73,1.26,0.77
,-9.878,-0.103,-0.086,-9.902,-0.065,-0.103,2.66,1.12,0.7
,-9.919,-0.06,-0.074,-9.926,-0.086,-0.067,2.59,1.12,0.84
15977.0,-9.873,-0.05,-0.06,-9.897,-0.101,-0.101,2.59,1.26,0.77
,-9.94,-0.041,-0.086,-9.931,-0.067,-0.098,2.66,1.12,0.77
,-9.887,-0.05,-0.108,-9.887,-0.062,-0.077,2.73,1.26,0.77
,-9.88,-0.06,-0.062,-9.902,-0.062,-0.124,2.66,1.26,0.84
16053.0,-9.902,-0.067,-0.091,-9.907,-0.091,-0.081,2.73,1.26,0.77
,-9.938,-0.077,-0.089,-9.94,-0.079,-0.045,2.59,1.12,0.77
,-9.907,-0.103,-0.096,-9.873,-0.019,-0.079,2.8,1.12,0.84
,-9.883,-0.069,-0.093,-9.914,-0.098,-0.086,2.87,1.4,0.84
16129.0,-9.914,-0.077,-0.048,-9.897,-0.065,-0.067,2.73,1.33,0.84
,-9.926,-0.057,-0.091,-9.892,-0.062,-0.086,2.73,1.33,0.84
,-9.916,-0.069,-0.091,-9.919,-0.079,-0.067,2.59,1.05,0.77
,-9.878,-0.081,-0.086,-9.926,-0.067,-0.062,2.73,1.12,0.77
16204.0,-9.885,-0.084,-0.089,-9.94,-0.065,-0.086,2.66,1.33,0.84
,-9.899,-0.074,-0.057,-9.897,-0.101,-0.103,2.66,1.47,0.91
,-9.928,-0.086,-0.072,-9.911,-0.074,-0.105,2.66,1.19,0.77
,-9.852,-0.072,-0.108,-9.866,-0.072,-0.069,2.73,1.19,0.77
16280.0,-9.947,-0.06,-0.11,-9.911,-0.041,-0.038,2.59,1.26,0.7
,-9.916,-0.112,-0.081,-9.945,-0.079,-0.067,2.66,1.12,0.7
,-9.904,-0.062,-0.069,-9.899,-0.096,-0.105,2.66,1.05,0.77
,-9.892,-0.069,-0.086,-9.909,-0.103,-0.053,2.73,1.19,0.84
16356.0,-9.89,-0.05,-0.053,-9.914,-0.053,-0.081,2.73,1.05,0.7
,-9.892,-0.093,-0.091,-9.897,-0.077,-0.096,2.73,1.12,0.7
,-9.883,-0.072,-0.069,-9.931,-0.098,-0.072,2.59,1.12,0.77
,-9.88,-0.089,-0.072,-9.88,-0.098,-0.041,2.73,1.12,0.84
16432.0,-9.892,-0.067,-0.081,-9.89,-0.084,-0.101,2.66,1.19,0.77
,-9.859,-0.091,-0.112,-9.907,-0.077,-0.048,2.66,1.05,0.77
,-9.919,-0.057,-0.105,-9.885,-0.081,-0.072,2.66,1.19,0.84
,-9.864,-0.065,-0.112,-9.911,-0.048,-0.045,2.59,1.12,0.77
16507.0,-9.904,-0.098,-0.093,-9.878,-0.12,-0.108,2.66,1.05,0.77
,-9.902,-0.05,-0.086,-9.866,-0.069,-0.081,2.66,1.12,0.77
,-9.89,-0.093,-0.067,-9.878,-0.067,-0.072,2.59,0.98,0.77
,-9.885,-0.038,-0.108,-9.89,-0.072,-0.12,2.66,1.19,0.84
16583.0,-9.887,-0.089,-0.093,-9.871,-0.053,-0.077,2.73,1.33,0.84
,-9.902,-0.05,-0.062,-9.885,-0.062,-0.079,2.87,1.19,0.91
,-9.878,-0.043,-0.108,-9.887,-0.065,-0.086,2.73,1.19,0.84
,-9.904,-0.072,-0.103,-9.923,-0.074,-0.06,2.73,1.19,0.7
16658.0,-9.859,-0.065,-0.122,-9.938,-0.084,-0.096,2.73,1.12,0.77
,-9.878,-0.086,-0.06,-9.907,-0.062,-0.11,2.66,1.33,0.91
,-9.897,-0.105,-0.089,-9.878,-0.096,-0.101,2.59,1.26,0.91
,-9.909,-0.084,-0.036,-9.895,-0.098,-0.098,2.8,1.19,0.77
16734.0,-9.878,-0.022,-0.096,-9.914,-0.045,-0.072,2.66,1.33,0.84
,-9.866,-0.086,-0.089,-9.919,-0.093,-0.096,2.8,1.47,0.98
,-9.911,-0.108,-0.055,-9.902,-0.065,-0.077,2.66,1.12,0.84
,-9.907,-0.084,-0.091,-9.897,-0.096,-0.091,2.59,1.19,0.84
16810.0,-9.938,-0.062,-0.067,-9.938,-0.045,-0.115,2.66,1.26,0.7
,-9.909,-0.093,-0.031,-9.904,-0.089,-0.067,2.73,1.12,0.7
,-9.911,-0.031,-0.101,-9.931,-0.098,-0.091,2.73,1.33,0.91
,-9.938,-0.079,-0.081,-9.926,-0.077,-0.086,2.73,1.33,0.91
16886.0,-9.89,-0.091,-0.053,-9.926,-0.093,-0.065,2.66,1.19,0.84
,-9.892,-0.091,-0.074,-9.878,-0.084,-0.084,2.73,1.33,0.84
,-9.928,-0.079,-0.081,-9.88,-0.069,-0.079,2.73,1.33,0.91
,-9.897,-0.065,-0.053,-9.928,-0.043,-0.084,2.66,1.12,0.7
16961.0,-9.89,-0.091,-0.127,-9.859,-0.065,-0.105,2.66,1.26,0.84
,-9.899,-0.079,-0.079,-9.899,-0.06,-0.122,2.66,1.26,0.84
,-9.854,-0.105,-0.101,-9.926,-0.096,-0.096,2.73,1.12,0.91
,-9.907,-0.081,-0.081,-9.916,-0.06,-0.074,2.73,1.26,0.77
17037.0,-9.899,-0.069,-0.136,-9.892,-0.069,-0.062,2.73,1.19,0.84
,-9.907,-0.026,-0.038,-9.926,-0.072,-0.086,2.59,1.4,0.84
,-9.931,-0.077,-0.096,-9.907,-0.086,-0.067,2.66,1.19,0.77
,-9.871,-0.067,-0.117,-9.916,-0.093,-0.043,2.8,1.33,0.84
17113.0,-9.895,-0.06,-0.096,-9.907,-0.072,-0.115,2.66,1.05,0.77
,-9.916,-0.045,-0.067,-9.923,-0.007,-0.067,2.73,1.05,0.7
,-9.907,-0.11,-0.077,-9.895,-0.093,-0.129,2.59,1.19,0.77
,-9.914,-0.067,-0.096,-9.883,-0.045,-0.086,2.66,1.19,0.84
17189.0,-9.909,-0.024,-0.081,-9.89,-0.069,-0.065,2.66,1.33,0.84
,-9.943,-0.057,-0.086,-9.919,-0.096,-0.12,2.66,1.26,0.91
,-9.887,-0.086,-0.093,-9.887,-0.081,-0.089,2.66,1.12,0.7
,-9.933,-0.06,-0.081,-9.892,-0.103,-0.11,2.66,1.12,0.77
17265.0,-9.904,-0.043,-0.096,-9.892,-0.091,-0.105,2.8,1.26,0.77
,-9.897,-0.074,-0.072,-9.926,-0.084,-0.098,2.8,1.26,0.84
,-9.88,-0.117,-0.098,-9.933,-0.101,-0.077,2.8,1.12,0.84
,-9.921,-0.077,-0.048,-9.871,-0.053,-0.077,2.66,1.12,0.77
17340.0,-9.902,-0.086,-0.062,-9.897,-0.086,-0.089,2.73,1.4,0.84
,-9.892,-0.079,-0.089,-9.892,-0.081,-0.105,2.73,1.26,0.7
,-9.916,-0.093,-0.086,-9.871,-0.096,-0.086,2.8,1.26,0.77
,-9.926,-0.043,-0.093,-9.914,-0.074,-0.098,2.87,1.19,0.84
17416.0,-9.854,-0.031,-0.057,-9.876,-0.062,-0.093,2.66,1.33,0.77
,-9.89,-0.065,-0.053,-9.94,-0.055,-0.127,2.73,1.26,0.77
,-9.916,-0.084,-0.122,-9.873,-0.062,-0.074,2.73,1.12,0.77
,-9.909,-0.069,-0.074,-9.895,-0.053,-0.091,2.73,1.12,0.84
17491.0,-9.899,-0.105,-0.105,-9.897,-0.081,-0.079,2.59,1.26,0.84
,-9.921,-0.057,-0.084,-9.931,-0.081,-0.091,2.73,1.33,0.77
,-9.88,-0.05,-0.124,-9.84,-0.067,-0.086,2.59,1.12,0.77
,-9.899,-0.079,-0.089,-9.885,-0.084,-0.084,2.66,1.26,0.84
17567.0,-9.88,-0.072,-0.086,-9.887,-0.067,-0.079,2.66,1.05,0.7
,-9.904,-0.081,-0.086,-9.931,-0.072,-0.055,2.66,1.05,0.77
,-9.885,-0.053,-0.069,-9.864,-0.074,-0.081,2.66,1.19,0.77
,-9.916,-0.079,-0.139,-9.887,-0.06,-0.067,2.73,1.33,0.84
17643.0,-9.911,-0.055,-0.091,-9.895,-0.079,-0.074,2.59,1.05,0.77
,-9.878,-0.065,-0.103,-9.935,-0.091,-0.06,2.66,1.12,0.77
,-9.931,-0.074,-0.077,-9.897,-0.067,-0.101,2.73,1.26,0.77
,-9.876,-0.084,-0.079,-9.89,-0.057,-0.069,2.66,1.19,0.77
17719.0,-9.895,-0.098,-0.062,-9.864,-0.055,-0.067,2.66,1.05,0.77
,-9.919,-0.072,-0.134,-9.914,-0.103,-0.103,2.73,1.12,0.77
,-9.923,-0.057,-0.084,-9.923,-0.089,-0.101,2.73,1.19,0.84
,-9.868,-0.043,-0.103,-9.887,-0.045,-0.06,2.66,1.05,0.77
17794.0,-9.921,-0.045,-0.06,-9.871,-0.057,-0.096,2.66,1.05,0.77
,-9.895,-0.089,-0.096,-9.883,-0.048,-0.096,2.59,1.19,0.77
,-9.935,-0.091,-0.06,-9.876,-0.077,-0.06,2.66,1.26,0.7
,-9.88,-0.086,-0.096,-9.945,-0.098,-0.069,2.66,1.33,0.91
17870.0,-9.933,-0.081,-0.074,-9.902,-0.091,-0.067,2.66,0.98,0.77
,-9.921,-0.096,-0.112,-9.876,-0.038,-0.084,2.8,1.12,0.77
,-9.844,-0.089,-0.103,-9.89,-0.053,-0.103,2.73,1.12,0.84
,-9.914,-0.072,-0.084,-9.921,-0.086,-0.017,2.73,1.12,0.77
17945.0,-9.933,-0.086,-0.089,-9.887,-0.06,-0.081,2.8,1.19,0.77
,-9.88,-0.067,-0.093,-9.892,-0.055,-0.11,2.73,1.19,0.77
,-9.899,-0.122,-0.072,-9.852,-0.086,-0.077,2.66,1.19,0.84
,-9.878,-0.069,-0.077,-9.914,-0.089,-0.074,2.73,1.26,0.91
18021.0,-9.914,-0.055,-0.11,-9.914,-0.057,-0.084,2.73,1.26,0.84
,-9.885,-0.036,-0.086,-9.89,-0.074,-0.134,2.59,1.05,0.77
,-9.873,-0.05,-0.077,-9.868,-0.014,-0.108,2.66,1.12,0.77
,-9.902,-0.057,-0.117,-9.895,-0.093,-0.06,2.73,1.26,0.84
18097.0,-9.935,-0.055,-0.074,-9.883,-0.077,-0.074,2.66,1.05,0.91
,-9.883,-0.096,-0.098,-9.919,-0.069,-0.067,2.59,0.98,0.77
,-9.911,-0.103,-0.065,-9.904,-0.055,-0.105,2.73,1.19,0.84
,-9.916,-0.077,-0.077,-9.907,-0.077,-0.065,2.73,1.33,0.77
18173.0,-9.878,-0.093,-0.086,-9.909,-0.091,-0.05,2.73,1.26,0.84
,-9.897,-0.072,-0.074,-9.935,-0.089,-0.077,2.66,1.19,0.84
,-9.885,-0.041,-0.057,-9.914,-0.06,-0.072,2.66,1.12,0.77
,-9.871,-0.065,-0.079,-9.904,-0.074,-0.079,2.73,1.12,0.7
18249.0,-9.899,-0.055,-0.101,-9.885,-0.065,-0.093,2.66,1.19,0.91
,-9.904,-0.098,-0.074,-9.895,-0.089,-0.069,2.8,1.19,0.77
,-9.923,-0.115,-0.079,-9.873,-0.108,-0.057,2.8,1.19,0.77
,-9.919,-0.084,-0.101,-9.897,-0.077,-0.117,2.8,1.12,0.77
18324.0,-9.902,-0.077,-0.12,-9.935,-0.055,-0.077,2.66,1.12,0.77
,-9.914,-0.096,-0.077,-9.89,-0.093,-0.065,2.66,1.12,0.77
,-9.914,-0.103,-0.084,-9.897,-0.05,-0.129,2.66,1.05,0.84
,-9.916,-0.065,-0.081,-9.919,-0.077,-0.072,2.73,1.12,0.84
18400.0,-9.931,-0.072,-0.091,-9.852,-0.096,-0.098,2.66,1.12,0.84
,-9.895,-0.079,-0.069,-9.88,-0.093,-0.034,2.73,1.12,0.77
,-9.904,-0.067,-0.105,-9.878,-0.081,-0.112,2.73,1.26,0.84
,-9.868,-0.053,-0.057,-9.861,-0.069,-0.098,2.52,1.26,0.84
18476.0,-9.885,-0.041,-0.062,-9.931,-0.077,-0.077,2.8,1.05,0.91
,-9.916,-0.065,-0.112,-9.878,-0.074,-0.086,2.73,1.19,0.84
,-9.876,-0.079,-0.096,-9.921,-0.062,-0.084,2.73,1.26,0.77
,-9.899,-0.022,-0.065,-9.907,-0.081,-0.074,2.73,1.26,0.77
18552.0,-9.897,-0.053,-0.103,-9.914,-0.081,-0.055,2.66,1.05,0.77
,-9.859,-0.086,-0.069,-9.916,-0.067,-0.053,2.73,1.19,0.91
,-9.919,-0.069,-0.069,-9.878,-0.065,-0.091,2.73,1.26,0.84
,-9.892,-0.057,-0.084,-9.873,-0.069,-0.053,2.66,1.05,0.7
18627.0,-9.899,-0.065,-0.05,-9.904,-0.091,-0.105,2.66,1.12,0.84
,-9.871,-0.101,-0.036,-9.895,-0.06,-0.105,2.66,1.12,0.7
,-9.909,-0.124,-0.093,-9.923,-0.081,-0.141,2.66,1.19,0.7
,-9.902,-0.091,-0.124,-9.883,-0.086,-0.077,2.73,1.33,0.7
18703.0,-9.885,-0.065,-0.089,-9.897,-0.089,-0.072,2.66,1.26,0.84
,-9.885,-0.093,-0.074,-9.876,-0.079,-0.081,2.73,1.19,0.91
,-9.885,-0.081,-0.084,-9.916,-0.067,-0.065,2.66,1.05,0.77
,-9.892,-0.077,-0.093,-9.878,-0.101,-0.103,2.66,1.12,0.77
18778.0,-9.909,-0.079,-0.06,-9.911,-0.074,-0.103,2.66,1.12,0.84
,-9.883,-0.048,-0.057,-9.899,-0.089,-0.06,2.73,1.26,0.84
,-9.902,-0.029,-0.057,-9.883,-0.067,-0.084,2.73,1.33,0.84
,-9.914,-0.077,-0.053,-9.871,-0.038,-0.077,2.73,1.19,0.77
18854.0,-9.887,-0.05,-0.089,-9.892,-0.06,-0.06,2.59,1.26,0.84
,-9.864,-0.105,-0.079,-9.895,-0.089,-0.048,2.66,1.19,0.84
,-9.88,-0.074,-0.096,-9.887,-0.057,-0.065,2.73,1.19,0.77
,-9.921,-0.065,-0.105,-9.861,-0.096,-0.101,2.66,1.05,0.77
18930.0,-9.904,-0.089,-0.067,-9.899,-0.072,-0.098,2.66,1.33,0.84
,-9.873,-0.074,-0.084,-9.916,-0.053,-0.081,2.66,1.26,0.77
,-9.899,-0.053,-0.048,-9.904,-0.089,-0.057,2.73,1.33,0.84
,-9.911,-0.055,-0.11,-9.871,-0.098,-0.069,2.73,1.26,0.84
19006.0,-9.895,-0.062,-0.074,-9.907,-0.069,-0.108,2.66,1.19,0.7
,-9.878,-0.077,-0.103,-9.902,-0.077,-0.103,2.8,1.47,0.84
,-9.907,-0.084,-0.081,-9.902,-0.067,-0.081,2.73,1.19,0.77
,-9.916,-0.057,-0.101,-9.899,-0.053,-0.074,2.73,1.05,0.77
19082.0,-9.909,-0.091,-0.062,-9.88,-0.074,-0.098,2.59,1.05,0.91
,-9.878,-0.072,-0.11,-9.904,-0.077,-0.081,2.8,1.4,0.91
,-9.887,-0.108,-0.081,-9.887,-0.067,-0.11,2.66,1.26,0.77
,-9.856,-0.038,-0.112,-9.931,-0.081,-0.093,2.73,1.33,0.91
19157.0,-9.895,-0.062,-0.096,-9.94,-0.084,-0.089,2.66,0.98,0.77
,-9.919,-0.055,-0.081,-9.923,-0.086,-0.053,2.66,1.19,0.77
,-9.926,-0.05,-0.045,-9.876,-0.108,-0.079,2.8,1.4,0.84
,-9.902,-0.089,-0.062,-9.89,-0.069,-0.079,2.73,1.26,0.77
19233.0,-9.88,-0.055,-0.084,-9.907,-0.074,-0.084,2.73,1.33,0.77
,-9.957,-0.045,-0.086,-9.895,-0.084,-0.081,2.73,1.26,0.77
,-9.909,-0.074,-0.086,-9.887,-0.074,-0.091,2.73,1.4,0.84
,-9.909,-0.077,-0.117,-9.887,-0.084,-0.103,2.59,1.19,0.77
19309.0,-9.895,-0.079,-0.079,-9.902,-0.089,-0.079,2.66,1.19,0.77
,-9.899,-0.067,-0.074,-9.904,-0.084,-0.074,2.73,1.19,0.77
,-9.892,-0.086,-0.079,-9.895,-0.079,-0.108,2.66,1.12,0.77
,-9.902,-0.048,-0.093,-9.902,-0.067,-0.105,2.66,1.19,0.84
19385.0,-9.904,-0.062,-0.112,-9.892,-0.06,-0.098,2.59,1.19,0.84
,-9.931,-0.067,-0.091,-9.89,-0.077,-0.11,2.66,1.33,0.91
,-9.94,-0.079,-0.093,-9.892,-0.077,-0.089,2.73,1.19,0.84
,-9.895,-0.065,-0.086,-9.931,-0.065,-0.091,2.8,1.26,0.91
19460.0,-9.878,-0.055,-0.086,-9.95,-0.084,-0.065,2.66,1.33,0.84
,-9.895,-0.045,-0.072,-9.871,-0.081,-0.072,2.73,1.12,0.77
,-9.895,-0.065,-0.072,-9.909,-0.077,-0.091,2.73,1.12,0.84
,-9.914,-0.05,-0.101,-9.909,-0.074,-0.101,2.73,1.19,0.77
19536.0,-9.899,-0.098,-0.074,-9.94,-0.045,-0.072,2.66,1.19,0.84
,-9.923,-0.084,-0.065,-9.933,-0.045,-0.108,2.8,1.12,0.84
,-9.914,-0.072,-0.093,-9.897,-0.067,-0.067,2.66,1.19,0.84
,-9.876,-0.062,-0.057,-9.916,-0.067,-0.074,2.8,1.26,0.84
19611.0,-9.868,-0.084,-0.074,-9.883,-0.067,-0.101,2.8,1.33,0.77
,-9.873,-0.069,-0.069,-9.876,-0.062,-0.081,2.8,1.4,0.84
,-9.887,-0.048,-0.11,-9.909,-0.069,-0.108,2.66,1.4,0.91
,-9.897,-0.057,-0.098,-9.954,-0.041,-0.077,2.66,1.19,0.84
19687.0,-9.935,-0.079,-0.101,-9.907,-0.084,-0.098,2.66,1.19,0.91
,-9.914,-0.048,-0.098,-9.876,-0.062,-0.101,2.66,1.26,0.84
,-9.935,-0.067,-0.101,-9.902,-0.069,-0.101,2.66,1.19,0.77
,-9.919,-0.043,-0.093,-9.885,-0.072,-0.093,2.66,1.19,0.7
19763.0,-9.871,-0.089,-0.115,-9.878,-0.12,-0.055,2.8,1.19,0.84
,-9.883,-0.077,-0.074,-9.914,-0.074,-0.084,2.66,1.12,0.84
,-9.892,-0.065,-0.055,-9.909,-0.057,-0.077,2.66,1.19,0.77
,-9.873,-0.065,-0.079,-9.873,-0.045,-0.062,2.73,1.19,0.77
19839.0,-9.861,-0.067,-0.057,-9.895,-0.086,-0.067,2.66,1.4,0.91
,-9.897,-0.115,-0.101,-9.914,-0.096,-0.096,2.66,1.33,0.84
,-9.945,-0.093,-0.101,-9.892,-0.096,-0.072,2.59,1.19,0.84
,-9.876,-0.093,-0.096,-9.933,-0.034,-0.122,2.66,1.12,0.77
19915.0,-9.892,-0.041,-0.093,-9.873,-0.062,-0.084,2.73,1.19,0.77
,-9.866,-0.069,-0.089,-9.938,-0.072,-0.084,2.73,1.05,0.84
,-9.871,-0.062,-0.081,-9.907,-0.081,-0.069,2.8,1.19,0.84
,-9.914,-0.081,-0.12,-9.883,-0.043,-0.081,2.8,1.12,0.84
19990.0,-9.933,-0.055,-0.062,-9.94,-0.077,-0.081,2.8,1.12,0.84
,-9.88,-0.093,-0.101,-9.887,-0.05,-0.081,2.66,1.19,0.77
,-9.907,-0.079,-0.103,-9.909,-0.048,-0.06,2.66,1.12,0.77
,-9.907,-0.091,-0.096,-9.945,-0.065,-0.124,2.66,1.19,0.77
20066.0,-9.895,-0.079,-0.086,-9.923,-0.065,-0.084,2.59,1.12,0.77
,-9.919,-0.081,-0.069,-9.95,-0.05,-0.093,2.66,1.05,0.7
,-9.904,-0.038,-0.117,-9.916,-0.101,-0.091,2.73,1.05,0.77
,-9.909,-0.077,-0.067,-9.909,-0.074,-0.086,2.87,1.26,0.98
20142.0,-9.935,-0.115,-0.101,-9.897,-0.101,-0.074,2.73,1.19,0.91
,-9.928,-0.069,-0.091,-9.899,-0.084,-0.048,2.73,1.19,0.84
,-9.899,-0.048,-0.11,-9.899,-0.101,-0.091,2.66,1.05,0.84
,-9.878,-0.084,-0.132,-9.88,-0.077,-0.11,2.73,1.19,0.84
20218.0,-9.897,-0.067,-0.079,-9.916,-0.079,-0.06,2.66,1.12,0.7
,-9.914,-0.072,-0.12,-9.866,-0.098,-0.089,2.66,1.19,0.77
,-9.885,-0.096,-0.117,-9.895,-0.072,-0.093,2.66,1.19,0.84
,-9.897,-0.089,-0.115,-9.902,-0.045,-0.093,2.73,1.12,0.77
20293.0,-9.921,-0.101,-0.098,-9.911,-0.067,-0.055,2.59,1.12,0.77
,-9.873,-0.067,-0.034,-9.916,-0.048,-0.043,2.59,1.19,0.84
,-9.868,-0.115,-0.086,-9.933,-0.062,-0.077,2.66,1.33,0.84
,-9.931,-0.11,-0.081,-9.892,-0.093,-0.074,2.66,1.12,0.84
20369.0,-9.876,-0.06,-0.065,-9.911,-0.089,-0.06,2.66,1.19,0.77
,-9.904,-0.112,-0.091,-9.914,-0.053,-0.069,2.73,1.12,0.84
,-9.909,-0.053,-0.103,-9.899,-0.043,-0.112,2.73,1.12,0.84
,-9.895,-0.067,-0.081,-9.916,-0.069,-0.101,2.73,1.33,0.91
20444.0,-9.854,-0.093,-0.108,-9.909,-0.077,-0.062,2.66,1.12,0.84
,-9.878,-0.108,-0.067,-9.873,-0.05,-0.084,2.66,1.19,0.91
,-9.856,-0.062,-0.074,-9.892,-0.057,-0.105,2.66,1.26,0.77
,-9.931,-0.055,-0.105,-9.933,-0.072,-0.072,2.66,1.12,0.7
20520.0,-9.907,-0.057,-0.074,-9.897,-0.057,-0.101,2.66,1.05,0.77
,-9.907,-0.062,-0.053,-9.907,-0.101,-0.069,2.66,1.19,0.84
,-9.897,-0.077,-0.084,-9.871,-0.041,-0.105,2.66,1.19,0.84
,-9.899,-0.101,-0.101,-9.887,-0.081,-0.05,2.73,1.33,0.77
20596.0,-9.899,-0.084,-0.079,-9.866,-0.079,-0.112,2.73,1.19,0.77
,-9.876,-0.091,-0.06,-9.911,-0.112,-0.074,2.73,1.12,0.77
,-9.868,-0.036,-0.065,-9.897,-0.093,-0.069,2.73,1.26,0.84
,-9.887,-0.101,-0.12,-9.892,-0.069,-0.079,2.66,1.19,0.84
20672.0,-9.909,-0.055,-0.122,-9.916,-0.048,-0.112,2.73,1.4,0.77
,-9.876,-0.067,-0.069,-9.892,-0.077,-0.101,2.73,1.19,0.84
,-9.907,-0.062,-0.074,-9.919,-0.091,-0.086,2.8,1.26,0.84
,-9.897,-0.069,-0.072,-9.899,-0.081,-0.084,2.66,1.33,0.84
20748.0,-9.895,-0.036,-0.074,-9.892,-0.081,-0.067,2.73,1.26,0.77
,-9.895,-0.089,-0.086,-9.926,-0.108,-0.081,2.73,1.19,0.7
,-9.895,-0.079,-0.091,-9.919,-0.041,-0.11,2.66,1.05,0.7
,-9.88,-0.081,-0.06,-9.926,-0.067,-0.067,2.66,1.05,0.7
20823.0,-9.873,-0.096,-0.065,-9.935,-0.045,-0.101,2.66,1.12,0.77
,-9.897,-0.067,-0.103,-9.916,-0.077,-0.089,2.73,1.12,0.84
,-9.899,-0.06,-0.067,-9.909,-0.062,-0.112,2.59,1.12,0.84
,-9.89,-0.079,-0.134,-9.899,-0.077,-0.081,2.66,1.05,0.77
20899.0,-9.907,-0.045,-0.112,-9.911,-0.101,-0.074,2.8,1.26,0.91
,-9.909,-0.089,-0.072,-9.897,-0.065,-0.101,2.8,1.33,0.84
,-9.911,-0.062,-0.112,-9.871,-0.081,-0.12,2.66,1.33,0.77
,-9.885,-0.06,-0.084,-9.926,-0.034,-0.081,2.73,1.33,0.84
20975.0,-9.902,-0.091,-0.081,-9.899,-0.053,-0.084,2.73,1.19,0.91
,-9.849,-0.065,-0.081,-9.904,-0.077,-0.101,2.73,1.33,0.84
,-9.904,-0.077,-0.091,-9.902,-0.079,-0.086,2.66,1.19,0.77
,-9.895,-0.072,-0.072,-9.916,-0.057,-0.077,2.8,1.33,0.84
21051.0,-9.904,-0.065,-0.081,-9.885,-0.045,-0.072,2.66,1.19,0.77
,-9.911,-0.089,-0.112,-9.907,-0.043,-0.084,2.73,1.26,0.84
,-9.926,-0.072,-0.081,-9.883,-0.065,-0.12,2.73,1.26,0.91
,-9.911,-0.067,-0.072,-9.914,-0.045,-0.048,2.8,1.26,0.84
21126.0,-9.883,-0.074,-0.067,-9.902,-0.081,-0.086,2.73,1.33,0.91
,-9.883,-0.072,-0.077,-9.947,-0.077,-0.103,2.8,1.26,0.84
,-9.899,-0.041,-0.089,-9.914,-0.098,-0.079,2.73,1.05,0.77
,-9.878,-0.05,-0.105,-9.933,-0.069,-0.096,2.73,1.33,0.84
21202.0,-9.895,-0.127,-0.093,-9.902,-0.096,-0.069,2.66,1.26,0.84
,-9.904,-0.079,-0.069,-9.921,-0.055,-0.065,2.66,1.12,0.7
,-9.902,-0.069,-0.103,-9.892,-0.072,-0.072,2.66,1.12,0.77
,-9.904,-0.06,-0.11,-9.876,-0.055,-0.091,2.73,1.12,0.84
21277.0,-9.916,-0.072,-0.103,-9.895,-0.062,-0.072,2.66,1.12,0.77
,-9.911,-0.065,-0.122,-9.854,-0.072,-0.067,2.73,1.26,0.77
,-9.923,-0.065,-0.105,-9.928,-0.079,-0.108,2.73,1.26,0.77
,-9.895,-0.045,-0.079,-9.909,-0.048,-0.079,2.73,1.19,0.77
21353.0,-9.914,-0.072,-0.089,-9.914,-0.086,-0.112,2.66,1.26,0.91
,-9.933,-0.072,-0.069,-9.899,-0.089,-0.086,2.66,1.05,0.77
,-9.923,-0.081,-0.091,-9.907,-0.091,-0.124,2.8,1.12,0.77
,-9.902,-0.072,-0.093,-9.919,-0.072,-0.086,2.8,1.19,0.84
21429.0,-9.892,-0.096,-0.11,-9.921,-0.11,-0.089,2.73,1.19,0.84
,-9.873,-0.084,-0.077,-9.89,-0.072,-0.074,2.73,1.19,0.84
,-9.938,-0.069,-0.074,-9.868,-0.055,-0.101,2.66,1.19,0.77
,-9.871,-0.05,-0.089,-9.871,-0.05,-0.105,2.73,1.26,0.7
21505.0,-9.933,-0.089,-0.079,-9.899,-0.098,-0.101,2.59,1.19,0.84
,-9.89,-0.065,-0.093,-9.885,-0.057,-0.12,2.73,1.26,0.77
,-9.887,-0.05,-0.069,-9.921,-0.043,-0.086,2.66,1.19,0.77
,-9.892,-0.098,-0.134,-9.899,-0.034,-0.096,2.73,1.19,0.84
21580.0,-9.904,-0.029,-0.084,-9.904,-0.069,-0.022,2.66,1.12,0.77
,-9.892,-0.077,-0.081,-9.909,-0.081,-0.091,2.66,1.12,0.77
,-9.916,-0.079,-0.069,-9.919,-0.105,-0.072,2.59,1.19,0.84
,-9.878,-0.072,-0.029,-9.921,-0.096,-0.096,2.73,1.12,0.77
21656.0,-9.916,-0.086,-0.077,-9.904,-0.065,-0.06,2.66,1.05,0.84
,-9.911,-0.072,-0.072,-9.899,-0.057,-0.086,2.66,1.19,0.84
,-9.892,-0.096,-0.086,-9.876,-0.06,-0.077,2.59,1.12,0.7
,-9.876,-0.081,-0.069,-9.895,-0.081,-0.105,2.66,1.19,0.84
21732.0,-9.844,-0.062,-0.084,-9.895,-0.072,-0.074,2.59,1.26,0.84
,-9.919,-0.101,-0.072,-9.871,-0.067,-0.108,2.59,1.05,0.77
,-9.892,-0.081,-0.077,-9.873,-0.06,-0.089,2.73,1.05,0.91
,-9.931,-0.084,-0.093,-9.909,-0.055,-0.108,2.66,1.26,0.91
21808.0,-9.871,-0.069,-0.103,-9.871,-0.103,-0.067,2.66,0.98,0.77
,-9.876,-0.098,-0.072,-9.897,-0.084,-0.081,2.73,1.05,0.63
,-9.916,-0.072,-0.062,-9.88,-0.05,-0.122,2.59,1.05,0.77
,-9.921,-0.041,-0.084,-9.919,-0.036,-0.103,2.73,1.26,0.84
21884.0,-9.919,-0.038,-0.065,-9.914,-0.043,-0.06,2.73,1.19,0.77
,-9.887,-0.093,-0.079,-9.871,-0.089,-0.079,2.73,1.26,0.84
,-9.902,-0.098,-0.103,-9.923,-0.089,-0.057,2.59,1.19,0.84
,-9.904,-0.101,-0.079,-9.885,-0.074,-0.06,2.73,1.26,0.84
21959.0,-9.931,-0.089,-0.077,-9.902,-0.06,-0.091,2.66,1.05,0.77
,-9.899,-0.067,-0.077,-9.909,-0.048,-0.117,2.73,1.19,0.84
,-9.887,-0.067,-0.105,-9.909,-0.043,-0.067,2.59,1.33,0.84
,-9.859,-0.077,-0.084,-9.892,-0.055,-0.101,2.66,1.26,0.77
22035.0,-9.907,-0.067,-0.11,-9.883,-0.077,-0.139,2.73,1.12,0.77
,-9.885,-0.05,-0.129,-9.89,-0.057,-0.077,2.73,1.19,0.77
,-9.892,-0.062,-0.072,-9.907,-0.05,-0.089,2.66,1.4,0.77
,-9.897,-0.074,-0.053,-9.902,-0.069,-0.093,2.59,1.19,0.84
22110.0,-9.852,-0.055,-0.11,-9.935,-0.06,-0.105,2.8,1.26,0.91
,-9.868,-0.053,-0.069,-9.95,-0.062,-0.096,2.73,1.26,0.98
,-9.887,-0.072,-0.101,-9.887,-0.101,-0.067,2.73,1.33,0.91
,-9.861,-0.038,-0.081,-9.907,-0.072,-0.101,2.73,1.33,0.91
22186.0,-9.854,-0.074,-0.06,-9.919,-0.077,-0.093,2.73,1.4,0.84
,-9.883,-0.062,-0.084,-9.933,-0.057,-0.091,2.66,1.19,0.77
,-9.902,-0.062,-0.041,-9.871,-0.086,-0.062,2.73,1.12,0.77
,-9.916,-0.108,-0.086,-9.943,-0.067,-0.089,2.8,1.33,0.84
22262.0,-9.897,-0.036,-0.11,-9.895,-0.053,-0.086,2.66,1.12,0.84
,-9.88,-0.084,-0.103,-9.902,-0.079,-0.06,2.73,1.19,0.84
,-9.916,-0.086,-0.101,-9.895,-0.065,-0.065,2.73,1.4,0.84
,-9.911,-0.045,-0.074,-9.904,-0.074,-0.103,2.8,1.4,0.77
22338.0,-9.892,-0.091,-0.086,-9.907,-0.105,-0.084,2.8,1.19,0.84
,-9.897,-0.098,-0.089,-9.897,-0.101,-0.077,2.73,1.26,0.84
,-9.907,-0.074,-0.091,-9.921,-0.062,-0.077,2.8,1.19,0.84
,-9.911,-0.067,-0.098,-9.916,-0.065,-0.065,2.73,1.26,0.84
22413.0,-9.864,-0.089,-0.055,-9.907,-0.057,-0.101,2.59,1.33,0.84
,-9.897,-0.065,-0.098,-9.933,-0.069,-0.077,2.66,1.26,0.84
,-9.868,-0.045,-0.053,-9.902,-0.084,-0.091,2.59,1.19,0.77
,-9.916,-0.041,-0.074,-9.911,-0.055,-0.089,2.66,1.12,0.77
22489.0,-9.945,-0.065,-0.108,-9.897,-0.06,-0.108,2.73,1.12,0.77
,-9.878,-0.079,-0.089,-9.883,-0.077,-0.062,2.66,1.19,0.77
,-9.928,-0.055,-0.096,-9.897,-0.091,-0.105,2.59,1.12,0.84
,-9.88,-0.053,-0.072,-9.897,-0.091,-0.101,2.66,1.26,0.84
22565.0,-9.923,-0.045,-0.062,-9.919,-0.06,-0.101,2.59,1.05,0.77
,-9.873,-0.069,-0.067,-9.887,-0.053,-0.074,2.66,0.84,0.7
,-9.883,-0.065,-0.086,-9.892,-0.069,-0.091,2.66,1.05,0.7
,-9.871,-0.074,-0.077,-9.895,-0.093,-0.108,2.73,1.12,0.77
22641.0,-9.923,-0.117,-0.077,-9.899,-0.069,-0.098,2.73,1.4,0.84
,-9.907,-0.057,-0.084,-9.88,-0.081,-0.112,2.73,1.19,0.77
,-9.911,-0.103,-0.108,-9.916,-0.067,-0.072,2.66,1.19,0.84
,-9.895,-0.072,-0.086,-9.916,-0.084,-0.081,2.73,1.19,0.77
22717.0,-9.926,-0.079,-0.096,-9.899,-0.093,-0.074,2.66,1.12,0.84
,-9.899,-0.065,-0.065,-9.907,-0.108,-0.105,2.66,1.19,0.84
,-9.919,-0.091,-0.101,-9.962,-0.091,-0.069,2.66,1.19,0.84
,-9.907,-0.038,-0.072,-9.923,-0.096,-0.067,2.73,1.26,0.84
22792.0,-9.892,-0.105,-0.067,-9.919,-0.067,-0.062,2.59,1.26,0.84
,-9.928,-0.055,-0.065,-9.911,-0.096,-0.103,2.59,1.12,0.77
,-9.878,-0.072,-0.101,-9.911,-0.072,-0.081,2.73,1.19,0.84
,-9.902,-0.091,-0.079,-9.909,-0.067,-0.124,2.8,1.19,0.84
22868.0,-9.885,-0.077,-0.086,-9.911,-0.069,-0.134,2.73,1.05,0.77
,-9.916,-0.098,-0.079,-9.885,-0.093,-0.069,2.73,1.05,0.77
,-9.887,-0.072,-0.115,-9.907,-0.026,-0.048,2.73,1.12,0.84
,-9.899,-0.084,-0.069,-9.885,-0.065,-0.101,2.59,1.26,0.84
22943.0,-9.892,-0.086,-0.086,-9.885,-0.089,-0.086,2.66,1.4,0.98
,-9.887,-0.072,-0.074,-9.943,-0.055,-0.048,2.73,1.26,0.84
,-9.887,-0.086,-0.11,-9.933,-0.069,-0.077,2.73,0.98,0.77
,-9.885,-0.048,-0.098,-9.923,-0.065,-0.103,2.59,1.05,0.84
23019.0,-9.909,-0.084,-0.127,-9.878,-0.05,-0.105,2.59,1.33,0.84
,-9.885,-0.079,-0.062,-9.878,-0.062,-0.079,2.66,1.33,0.77
,-9.902,-0.089,-0.103,-9.907,-0.081,-0.084,2.59,1.19,0.7
,-9.892,-0.101,-0.091,-9.892,-0.079,-0.091,2.73,1.33,0.84
23095.0,-9.876,-0.062,-0.108,-9.899,-0.096,-0.091,2.59,1.05,0.84
,-9.914,-0.034,-0.084,-9.931,-0.091,-0.06,2.66,1.19,0.77
,-9.864,-0.045,-0.074,-9.883,-0.081,-0.074,2.66,1.19,0.77
,-9.938,-0.05,-0.11,-9.916,-0.067,-0.089,2.59,1.19,0.77
23171.0,-9.899,-0.069,-0.089,-9.902,-0.079,-0.074,2.73,1.12,0.77
,-9.911,-0.055,-0.055,-9.897,-0.067,-0.069,2.8,1.26,0.77
,-9.914,-0.077,-0.079,-9.871,-0.057,-0.124,2.66,1.26,0.7
,-9.89,-0.077,-0.103,-9.873,-0.057,-0.079,2.66,0.98,0.7
23246.0,-9.864,-0.067,-0.072,-9.902,-0.077,-0.12,2.59,1.05,0.84
,-9.931,-0.105,-0.093,-9.849,-0.074,-0.115,2.66,1.19,0.84
,-9.88,-0.098,-0.105,-9.926,-0.053,-0.096,2.73,1.26,0.84
,-9.871,-0.038,-0.089,-9.892,-0.077,-0.048,2.8,1.12,0.84
23322.0,-9.902,-0.057,-0.053,-9.933,-0.077,-0.11,2.66,1.12,0.84
,-9.88,-0.065,-0.093,-9.885,-0.069,-0.086,2.66,1.12,0.77
,-9.88,-0.041,-0.086,-9.899,-0.036,-0.089,2.66,1.26,0.77
,-9.88,-0.077,-0.084,-9.899,-0.101,-0.084,2.73,1.33,0.91
23398.0,-9.907,-0.065,-0.096,-9.926,-0.06,-0.115,2.73,1.19,0.77
,-9.871,-0.055,-0.062,-9.904,-0.084,-0.105,2.66,1.19,0.77
,-9.933,-0.098,-0.077,-9.914,-0.074,-0.11,2.66,1.12,0.84
,-9.911,-0.031,-0.091,-9.897,-0.043,-0.103,2.73,1.33,0.84
23474.0,-9.916,-0.103,-0.086,-9.887,-0.069,-0.091,2.59,0.91,0.7
,-9.89,-0.038,-0.103,-9.883,-0.038,-0.101,2.66,1.05,0.77
,-9.897,-0.069,-0.074,-9.904,-0.093,-0.062,2.8,1.12,0.77
,-9.892,-0.065,-0.093,-9.933,-0.074,-0.081,2.8,1.19,0.77
23550.0,-9.923,-0.074,-0.081,-9.921,-0.069,-0.122,2.66,1.26,0.84
,-9.885,-0.048,-0.089,-9.904,-0.069,-0.072,2.59,1.12,0.84
,-9.911,-0.079,-0.086,-9.897,-0.11,-0.127,2.66,1.05,0.84
,-9.911,-0.077,-0.093,-9.871,-0.069,-0.084,2.8,1.26,0.77
23625.0,-9.904,-0.06,-0.077,-9.902,-0.069,-0.12,2.59,1.19,0.84
,-9.921,-0.043,-0.112,-9.854,-0.072,-0.043,2.66,1.19,0.77
,-9.899,-0.067,-0.098,-9.885,-0.115,-0.06,2.66,1.12,0.84
,-9.883,-0.062,-0.065,-9.883,-0.081,-0.069,2.59,1.33,0.84
23701.0,-9.887,-0.041,-0.098,-9.88,-0.089,-0.117,2.73,1.47,0.84
,-9.88,-0.074,-0.103,-9.899,-0.067,-0.098,2.66,1.26,0.84
,-9.902,-0.077,-0.101,-9.876,-0.091,-0.089,2.66,1.12,0.77
,-9.914,-0.05,-0.077,-9.899,-0.062,-0.093,2.66,1.26,0.84
23776.0,-9.945,-0.098,-0.079,-9.907,-0.074,-0.084,2.66,1.33,0.77
,-9.909,-0.045,-0.069,-9.947,-0.103,-0.096,2.8,1.19,0.77
,-9.887,-0.069,-0.084,-9.902,-0.084,-0.084,2.8,1.12,0.84
,-9.902,-0.057,-0.06,-9.909,-0.053,-0.072,2.8,1.4,0.84
23852.0,-9.887,-0.074,-0.072,-9.907,-0.091,-0.05,2.8,1.19,0.77
,-9.909,-0.091,-0.072,-9.933,-0.067,-0.101,2.8,1.05,0.7
,-9.88,-0.096,-0.041,-9.902,-0.055,-0.098,2.8,1.12,0.84
,-9.887,-0.086,-0.089,-9.897,-0.057,-0.084,2.73,1.19,0.84
23928.0,-9.914,-0.093,-0.084,-9.88,-0.05,-0.089,2.73,1.26,0.91
,-9.909,-0.089,-0.089,-9.887,-0.067,-0.072,2.73,1.33,0.84
,-9.904,-0.069,-0.081,-9.919,-0.05,-0.06,2.66,1.12,0.7
,-9.919,-0.074,-0.103,-9.914,-0.081,-0.074,2.66,1.12,0.77
24004.0,-9.921,-0.081,-0.089,-9.902,-0.043,-0.081,2.73,1.33,0.91
,-9.935,-0.069,-0.098,-9.876,-0.089,-0.084,2.73,1.47,1.05
,-9.895,-0.077,-0.077,-9.885,-0.086,-0.117,2.87,1.26,0.77
,-9.931,-0.065,-0.108,-9.895,-0.05,-0.067,2.73,1.05,0.84
24079.0,-9.911,-0.041,-0.067,-9.923,-0.031,-0.079,2.66,1.12,0.7
,-9.919,-0.081,-0.077,-9.916,-0.074,-0.074,2.73,1.26,0.77
,-9.89,-0.084,-0.05,-9.923,-0.067,-0.06,2.73,1.19,0.84
,-9.897,-0.117,-0.091,-9.873,-0.067,-0.108,2.87,1.19,0.84
24155.0,-9.897,-0.091,-0.069,-9.945,-0.065,-0.091,2.8,1.19,0.77
,-9.923,-0.074,-0.103,-9.899,-0.091,-0.036,2.73,1.33,0.84
,-9.88,-0.067,-0.06,-9.923,-0.072,-0.103,2.73,1.19,0.77
,-9.873,-0.112,-0.057,-9.907,-0.081,-0.036,2.66,0.98,0.7
24231.0,-9.921,-0.081,-0.081,-9.885,-0.079,-0.053,2.59,1.19,0.77
,-9.907,-0.077,-0.055,-9.892,-0.065,-0.053,2.73,1.26,0.84
,-9.904,-0.06,-0.093,-9.921,-0.065,-0.077,2.66,1.19,0.84
,-9.907,-0.065,-0.151,-9.914,-0.096,-0.093,2.73,1.12,0.84
24307.0,-9.919,-0.069,-0.117,-9.897,-0.091,-0.11,2.66,1.05,0.84
,-9.902,-0.108,-0.057,-9.89,-0.072,-0.105,2.73,0.98,0.77
,-9.883,-0.084,-0.06,-9.902,-0.086,-0.062,2.59,1.05,0.77
,-9.89,-0.091,-0.096,-9.911,-0.074,-0.055,2.73,1.26,0.91
24383.0,-9.883,-0.122,-0.093,-9.88,-0.069,-0.112,2.73,1.12,0.84
,-9.88,-0.081,-0.077,-9.885,-0.072,-0.074,2.73,1.26,0.84
,-9.914,-0.062,-0.084,-9.928,-0.057,-0.055,2.73,1.19,0.77
,-9.926,-0.065,-0.074,-9.907,-0.098,-0.105,2.73,1.26,0.84
24458.0,-9.878,-0.093,-0.079,-9.895,-0.11,-0.086,2.66,1.05,0.84
,-9.902,-0.05,-0.067,-9.89,-0.041,-0.043,2.66,1.19,0.84
,-9.899,-0.055,-0.081,-9.919,-0.05,-0.12,2.73,1.19,0.84
,-9.945,-0.043,-0.117,-9.876,-0.034,-0.081,2.73,1.12,0.91
24534.0,-9.878,-0.034,-0.127,-9.871,-0.081,-0.081,2.66,1.33,0.77
,-9.923,-0.072,-0.072,-9.883,-0.089,-0.084,2.73,1.33,0.84
,-9.899,-0.079,-0.11,-9.885,-0.055,-0.098,2.66,1.19,0.77
,-9.873,-0.067,-0.065,-9.885,-0.041,-0.079,2.73,1.12,0.84
24609.0,-9.923,-0.098,-0.089,-9.876,-0.067,-0.081,2.59,0.98,0.7
,-9.885,-0.067,-0.093,-9.914,-0.096,-0.091,2.8,1.12,0.77
,-9.923,-0.084,-0.093,-9.919,-0.062,-0.096,2.73,1.12,0.77
,-9.909,-0.084,-0.091,-9.878,-0.065,-0.06,2.73,1.12,0.84
24685.0,-9.916,-0.091,-0.084,-9.909,-0.067,-0.077,2.66,1.4,0.91
,-9.935,-0.074,-0.101,-9.902,-0.079,-0.038,2.66,1.19,0.84
,-9.907,-0.069,-0.091,-9.904,-0.091,-0.084,2.73,1.26,0.84
,-9.885,-0.038,-0.084,-9.883,-0.065,-0.086,2.73,1.19,0.84
24761.0,-9.864,-0.072,-0.065,-9.871,-0.077,-0.093,2.66,1.26,0.91
,-9.89,-0.072,-0.074,-9.902,-0.053,-0.067,2.8,1.19,0.84
,-9.878,-0.057,-0.06,-9.907,-0.06,-0.06,2.73,1.12,0.84
,-9.909,-0.048,-0.065,-9.916,-0.077,-0.057,2.73,1.05,0.84
24837.0,-9.864,-0.074,-0.105,-9.873,-0.01,-0.077,2.66,1.26,0.77
,-9.88,-0.081,-0.081,-9.911,-0.122,-0.081,2.73,1.12,0.77
,-9.885,-0.096,-0.139,-9.911,-0.062,-0.079,2.73,1.19,0.77
,-9.907,-0.093,-0.101,-9.892,-0.101,-0.072,2.73,1.19,0.77
24912.0,-9.897,-0.101,-0.077,-9.911,-0.072,-0.06,2.73,1.12,0.77
,-9.919,-0.098,-0.079,-9.897,-0.06,-0.062,2.66,1.19,0.77
,-9.885,-0.065,-0.089,-9.935,-0.081,-0.084,2.66,1.26,0.77
,-9.885,-0.081,-0.112,-9.907,-0.038,-0.124,2.66,1.26,0.84
24988.0,-9.919,-0.072,-0.101,-9.919,-0.081,-0.074,2.73,1.19,0.91
,-9.907,-0.074,-0.057,-9.928,-0.096,-0.077,2.66,1.19,0.77
,-9.904,-0.072,-0.117,-9.883,-0.045,-0.074,2.59,1.19,0.84
,-9.943,-0.089,-0.093,-9.916,-0.06,-0.089,2.66,1.19,0.77
25064.0,-9.921,-0.081,-0.079,-9.895,-0.069,-0.069,2.59,1.05,0.84
,-9.914,-0.065,-0.105,-9.904,-0.057,-0.086,2.59,1.26,0.84
,-9.88,-0.026,-0.091,-9.899,-0.041,-0.11,2.59,1.12,0.84
,-9.854,-0.084,-0.045,-9.907,-0.084,-0.069,2.59,1.19,0.77
25140.0,-9.911,-0.091,-0.062,-9.88,-0.098,-0.062,2.66,1.12,0.77
,-9.892,-0.103,-0.038,-9.89,-0.06,-0.077,2.66,1.33,0.84
,-9.911,-0.086,-0.096,-9.892,-0.081,-0.086,2.73,1.4,0.84
,-9.926,-0.086,-0.098,-9.895,-0.067,-0.086,2.66,1.12,0.84
25215.0,-9.928,-0.034,-0.062,-9.89,-0.084,-0.098,2.73,1.19,0.84
,-9.911,-0.12,-0.096,-9.931,-0.034,-0.077,2.73,1.05,0.77
,-9.909,-0.108,-0.069,-9.864,-0.074,-0.11,2.66,1.19,0.84
,-9.902,-0.089,-0.062,-9.904,-0.067,-0.096,2.73,1.05,0.77
25291.0,-9.902,-0.045,-0.089,-9.871,-0.065,-0.108,2.59,1.12,0.77
,-9.892,-0.081,-0.101,-9.887,-0.079,-0.048,2.66,1.12,0.77
,-9.931,-0.098,-0.096,-9.909,-0.062,-0.081,2.66,1.05,0.84
,-9.885,-0.084,-0.053,-9.899,-0.055,-0.086,2.66,1.19,0.77
25367.0,-9.907,-0.079,-0.069,-9.919,-0.081,-0.081,2.66,1.12,0.77
,-9.904,-0.096,-0.105,-9.909,-0.05,-0.098,2.8,1.19,0.84
,-9.904,-0.06,-0.096,-9.883,-0.074,-0.089,2.73,1.12,0.7
,-9.904,-0.124,-0.098,-9.921,-0.084,-0.084,2.66,1.19,0.77
25442.0,-9.911,-0.115,-0.081,-9.885,-0.081,-0.077,2.73,1.19,0.7
,-9.904,-0.098,-0.074,-9.914,-0.072,-0.067,2.66,1.12,0.7
,-9.897,-0.069,-0.077,-9.904,-0.069,-0.069,2.73,1.12,0.84
,-9.887,-0.081,-0.074,-9.931,-0.084,-0.048,2.8,1.26,0.84
25518.0,-9.902,-0.077,-0.091,-9.897,-0.074,-0.101,2.59,1.19,0.84
,-9.923,-0.069,-0.124,-9.919,-0.096,-0.089,2.73,1.19,0.77
,-9.895,-0.098,-0.089,-9.909,-0.089,-0.093,2.59,1.12,0.84
,-9.931,-0.079,-0.089,-9.919,-0.084,-0.098,2.66,1.12,0.77
25594.0,-9.847,-0.06,-0.115,-9.909,-0.084,-0.089,2.59,1.12,0.77
,-9.89,-0.089,-0.065,-9.907,-0.093,-0.072,2.66,1.19,0.84
,-9.911,-0.057,-0.062,-9.909,-0.067,-0.127,2.73,1.19,0.84
,-9.885,-0.041,-0.074,-9.907,-0.074,-0.074,2.8,1.33,0.91
25670.0,-9.852,-0.069,-0.105,-9.88,-0.093,-0.12,2.66,1.05,0.7
,-9.864,-0.045,-0.127,-9.916,-0.074,-0.084,2.66,1.05,0.7
,-9.909,-0.024,-0.067,-9.897,-0.05,-0.081,2.73,1.12,0.77
,-9.876,-0.038,-0.11,-9.911,-0.057,-0.12,2.59,1.26,0.84
25745.0,-9.904,-0.115,-0.086,-9.897,-0.098,-0.089,2.66,1.26,0.84
,-9.868,-0.096,-0.11,-9.919,-0.043,-0.086,2.59,1.12,0.77
,-9.935,-0.084,-0.084,-9.871,-0.101,-0.084,2.59,1.05,0.77
,-9.902,-0.067,-0.089,-9.899,-0.077,-0.072,2.73,1.05,0.7
25821.0,-9.954,-0.096,-0.062,-9.866,-0.031,-0.134,2.66,1.05,0.91
,-9.926,-0.067,-0.122,-9.902,-0.065,-0.105,2.73,1.05,0.84
,-9.928,-0.053,-0.096,-9.926,-0.062,-0.091,2.66,1.19,0.91
,-9.883,-0.093,-0.093,-9.878,-0.038,-0.115,2.73,1.26,0.84
25897.0,-9.921,-0.077,-0.065,-9.876,-0.043,-0.096,2.8,1.19,0.77
,-9.911,-0.077,-0.112,-9.94,-0.127,-0.079,2.66,1.4,0.84
,-9.919,-0.057,-0.074,-9.95,-0.053,-0.112,2.73,1.19,0.84
,-9.931,-0.098,-0.089,-9.931,-0.077,-0.069,2.8,1.12,0.77
25973.0,-9.873,-0.122,-0.093,-9.919,-0.041,-0.089,2.73,1.26,0.84
,-9.883,-0.065,-0.072,-9.887,-0.084,-0.11,2.66,1.19,0.77
,-9.938,-0.067,-0.089,-9.909,-0.053,-0.093,2.73,1.19,0.84
,-9.916,-0.077,-0.072,-9.897,-0.081,-0.098,2.66,1.12,0.77
26048.0,-9.926,-0.055,-0.096,-9.916,-0.065,-0.091,2.66,1.12,0.77
,-9.945,-0.057,-0.067,-9.916,-0.045,-0.103,2.66,1.19,0.84
,-9.907,-0.045,-0.069,-9.885,-0.065,-0.112,2.73,1.26,0.84
,-9.899,-0.12,-0.103,-9.902,-0.053,-0.103,2.73,1.26,0.84
26124.0,-9.919,-0.103,-0.105,-9.852,-0.048,-0.074,2.66,1.4,1.05
,-9.902,-0.086,-0.101,-9.887,-0.11,-0.081,2.66,1.47,0.91
,-9.878,-0.074,-0.115,-9.885,-0.091,-0.101,2.73,1.33,0.91
,-9.892,-0.098,-0.105,-9.919,-0.05,-0.05,2.66,1.26,0.84
26200.0,-9.885,-0.101,-0.091,-9.88,-0.093,-0.11,2.66,1.19,0.84
,-9.864,-0.081,-0.103,-9.902,-0.065,-0.134,2.66,1.12,0.84
,-9.938,-0.053,-0.072,-9.885,-0.062,-0.086,2.66,1.33,0.84
,-9.899,-0.077,-0.096,-9.911,-0.077,-0.098,2.66,1.33,0.84
26275.0,-9.897,-0.098,-0.074,-9.919,-0.101,-0.089,2.66,1.12,0.84
,-9.859,-0.077,-0.05,-9.914,-0.098,-0.062,2.73,1.05,0.84
,-9.902,-0.069,-0.093,-9.883,-0.05,-0.05,2.73,1.26,0.91
,-9.923,-0.079,-0.081,-9.933,-0.067,-0.101,2.73,1.19,0.77
26351.0,-9.89,-0.057,-0.096,-9.909,-0.089,-0.098,2.87,1.12,0.84
,-9.885,-0.089,-0.081,-9.864,-0.103,-0.065,2.8,1.26,0.84
,-9.916,-0.079,-0.096,-9.887,-0.103,-0.079,2.73,1.26,0.84
,-9.88,-0.079,-0.079,-9.897,-0.053,-0.103,2.73,1.12,0.84
26427.0,-9.919,-0.105,-0.101,-9.885,-0.055,-0.122,2.59,1.12,0.7
,-9.866,-0.069,-0.089,-9.859,-0.041,-0.103,2.59,1.05,0.7
,-9.897,-0.069,-0.048,-9.911,-0.065,-0.081,2.8,1.19,0.84
,-9.95,-0.081,-0.096,-9.933,-0.072,-0.101,2.8,1.26,0.91
26503.0,-9.876,-0.077,-0.084,-9.919,-0.091,-0.069,2.73,1.33,0.91
,-9.921,-0.06,-0.108,-9.88,-0.069,-0.089,2.66,1.26,0.77
,-9.883,-0.069,-0.096,-9.887,-0.069,-0.067,2.66,1.19,0.77
,-9.904,-0.067,-0.093,-9.904,-0.053,-0.084,2.73,1.12,0.77
26578.0,-9.916,-0.11,-0.11,-9.89,-0.091,-0.079,2.73,1.12,0.77
,-9.892,-0.074,-0.108,-9.916,-0.105,-0.057,2.8,1.19,0.84
,-9.909,-0.074,-0.091,-9.935,-0.086,-0.074,2.73,1.19,0.77
,-9.861,-0.074,-0.122,-9.887,-0.084,-0.05,2.73,1.26,0.84
26654.0,-9.914,-0.043,-0.089,-9.904,-0.072,-0.117,2.52,1.12,0.77
,-9.904,-0.101,-0.144,-9.923,-0.086,-0.108,2.52,1.19,0.77
,-9.873,-0.089,-0.093,-9.895,-0.081,-0.069,2.73,0.98,0.77
,-9.885,-0.089,-0.084,-9.878,-0.093,-0.091,2.66,1.26,0.77
26730.0,-9.895,-0.05,-0.079,-9.892,-0.098,-0.043,2.59,1.12,0.84
,-9.88,-0.089,-0.057,-9.89,-0.057,-0.06,2.73,1.05,0.77
,-9.88,-0.034,-0.081,-9.837,-0.077,-0.089,2.59,1.05,0.77
,-9.919,-0.077,-0.103,-9.885,-0.084,-0.117,2.73,1.19,0.77
26806.0,-9.909,-0.06,-0.081,-9.887,-0.098,-0.115,2.73,1.19,0.77
,-9.904,-0.065,-0.103,-9.885,-0.086,-0.098,2.66,1.19,0.77
,-9.928,-0.139,-0.132,-9.926,-0.062,-0.072,2.73,1.12,0.7
,-9.904,-0.065,-0.067,-9.895,-0.057,-0.089,2.66,1.19,0.84
26881.0,-9.911,-0.067,-0.105,-9.926,-0.038,-0.101,2.66,1.26,0.77
,-9.899,-0.084,-0.081,-9.861,-0.077,-0.072,2.66,1.26,0.84
,-9.926,-0.067,-0.062,-9.897,-0.055,-0.122,2.66,1.19,0.7
,-9.88,-0.089,-0.112,-9.914,-0.084,-0.074,2.73,1.19,0.77
26957.0,-9.911,-0.06,-0.093,-9.909,-0.065,-0.093,2.66,1.12,0.77
,-9.914,-0.069,-0.077,-9.876,-0.043,-0.069,2.66,0.98,0.77
,-9.887,-0.057,-0.062,-9.885,-0.045,-0.122,2.59,0.98,0.77
,-9.866,-0.086,-0.077,-9.902,-0.098,-0.079,2.66,0.98,0.77
27032.0,-9.909,-0.06,-0.077,-9.892,-0.091,-0.077,2.73,1.19,0.84
,-9.885,-0.098,-0.091,-9.88,-0.105,-0.112,2.66,1.05,0.84
,-9.916,-0.055,-0.112,-9.904,-0.093,-0.077,2.66,1.12,0.77
,-9.895,-0.081,-0.069,-9.88,-0.077,-0.062,2.73,1.26,0.91
27108.0,-9.902,-0.043,-0.105,-9.933,-0.084,-0.069,2.73,1.26,0.84
,-9.931,-0.084,-0.079,-9.904,-0.043,-0.124,2.66,1.26,0.77
,-9.899,-0.055,-0.074,-9.916,-0.072,-0.067,2.66,1.4,0.7
,-9.856,-0.091,-0.093,-9.878,-0.089,-0.098,2.73,1.26,0.84
27184.0,-9.902,-0.074,-0.093,-9.907,-0.077,-0.12,2.66,1.19,0.77
,-9.887,-0.101,-0.079,-9.883,-0.069,-0.11,2.73,1.12,0.7
,-9.885,-0.069,-0.053,-9.883,-0.081,-0.091,2.73,1.26,0.77
,-9.909,-0.081,-0.098,-9.914,-0.062,-0.091,2.73,1.05,0.7
27260.0,-9.95,-0.079,-0.053,-9.902,-0.098,-0.124,2.59,1.12,0.77
,-9.883,-0.055,-0.096,-9.931,-0.045,-0.11,2.66,1.19,0.77
,-9.88,-0.079,-0.074,-9.911,-0.072,-0.079,2.66,1.19,0.84
,-9.876,-0.067,-0.096,-9.864,-0.06,-0.079,2.8,1.47,0.91
27336.0,-9.866,-0.108,-0.093,-9.861,-0.067,-0.048,2.59,1.12,0.77
,-9.897,-0.06,-0.081,-9.931,-0.096,-0.086,2.66,1.12,0.84
,-9.878,-0.108,-0.127,-9.892,-0.084,-0.086,2.66,1.26,0.77
,-9.907,-0.079,-0.096,-9.871,-0.065,-0.108,2.73,1.26,0.77
27411.0,-9.909,-0.074,-0.081,-9.885,-0.084,-0.069,2.66,1.19,0.91
,-9.878,-0.069,-0.098,-9.883,-0.055,-0.115,2.8,1.33,0.91
,-9.935,-0.048,-0.081,-9.892,-0.067,-0.101,2.73,1.33,0.91
,-9.911,-0.062,-0.11,-9.84,-0.089,-0.089,2.66,1.12,0.91
27487.0,-9.909,-0.062,-0.084,-9.823,-0.081,-0.055,2.66,1.12,0.7
,-9.926,-0.096,-0.112,-9.899,-0.067,-0.086,2.73,1.12,0.77
,-9.938,-0.05,-0.053,-9.911,-0.103,-0.093,2.59,1.05,0.77
,-9.868,-0.055,-0.103,-9.909,-0.086,-0.091,2.73,1.12,0.84
27563.0,-9.938,-0.057,-0.136,-9.923,-0.077,-0.084,2.66,1.12,0.77
,-9.921,-0.084,-0.122,-9.926,-0.105,-0.089,2.66,1.12,0.91
,-9.861,-0.093,-0.122,-9.892,-0.053,-0.077,2.73,1.19,0.91
,-9.904,-0.084,-0.077,-9.864,-0.084,-0.089,2.66,1.12,0.77
27639.0,-9.911,-0.084,-0.096,-9.907,-0.077,-0.072,2.66,1.26,0.84
,-9.868,-0.129,-0.105,-9.892,-0.084,-0.103,2.66,1.33,0.91
,-9.904,-0.084,-0.091,-9.904,-0.057,-0.093,2.73,1.4,0.91
,-9.928,-0.079,-0.112,-9.892,-0.086,-0.074,2.73,1.19,0.7
27714.0,-9.907,-0.074,-0.108,-9.957,-0.069,-0.079,2.66,1.05,0.84
,-9.899,-0.093,-0.101,-9.899,-0.057,-0.089,2.73,1.26,0.84
,-9.873,-0.062,-0.084,-9.914,-0.105,-0.101,2.59,1.12,0.77
,-9.902,-0.065,-0.089,-9.895,-0.06,-0.091,2.66,0.98,0.7
27790.0,-9.89,-0.081,-0.098,-9.892,-0.074,-0.067,2.66,1.4,0.84
,-9.921,-0.053,-0.101,-9.873,-0.065,-0.067,2.66,1.26,0.84
,-9.943,-0.067,-0.101,-9.926,-0.069,-0.132,2.66,1.12,0.91
,-9.885,-0.072,-0.06,-9.887,-0.103,-0.115,2.73,1.05,0.91
27865.0,-9.885,-0.057,-0.084,-9.914,-0.072,-0.146,2.59,1.05,0.77
,-9.876,-0.05,-0.136,-9.885,-0.089,-0.079,2.59,0.91,0.7
,-9.916,-0.065,-0.067,-9.916,-0.079,-0.06,2.59,1.05,0.77
,-9.852,-0.043,-0.057,-9.89,-0.077,-0.089,2.73,1.19,0.77
27941.0,-9.902,-0.105,-0.101,-9.892,-0.096,-0.11,2.73,1.26,0.77
,-9.933,-0.077,-0.069,-9.895,-0.089,-0.105,2.8,1.26,0.7
,-9.878,-0.074,-0.089,-9.885,-0.103,-0.067,2.73,1.12,0.77
,-9.919,-0.024,-0.093,-9.923,-0.072,-0.11,2.73,1.12,0.84
28017.0,-9.952,-0.069,-0.103,-9.923,-0.055,-0.06,2.66,1.19,0.77
,-9.847,-0.065,-0.084,-9.933,-0.086,-0.093,2.66,0.98,0.7
,-9.895,-0.05,-0.065,-9.914,-0.091,-0.077,2.66,0.98,0.77
,-9.885,-0.086,-0.081,-9.909,-0.098,-0.117,2.59,1.19,0.84
28093.0,-9.904,-0.062,-0.086,-9.926,-0.055,-0.038,2.66,1.33,0.77
,-9.926,-0.06,-0.077,-9.849,-0.053,-0.067,2.66,1.26,0.7
,-9.916,-0.081,-0.101,-9.856,-0.081,-0.074,2.73,1.26,0.91
,-9.876,-0.086,-0.093,-9.873,-0.086,-0.11,2.73,1.26,0.91
28169.0,-9.914,-0.069,-0.045,-9.904,-0.081,-0.057,2.66,1.12,0.84
,-9.866,-0.069,-0.103,-9.883,-0.101,-0.077,2.73,1.19,0.84
,-9.921,-0.101,-0.103,-9.89,-0.077,-0.072,2.66,0.98,0.77
,-9.919,-0.101,-0.031,-9.868,-0.089,-0.105,2.8,1.26,0.98
28244.0,-9.895,-0.086,-0.091,-9.911,-0.079,-0.093,2.73,1.26,0.77
,-9.878,-0.077,-0.096,-9.852,-0.065,-0.089,2.59,1.19,0.77
,-9.88,-0.093,-0.074,-9.895,-0.031,-0.093,2.66,1.19,0.84
,-9.89,-0.065,-0.079,-9.873,-0.077,-0.086,2.66,1.26,0.84
28320.0,-9.911,-0.084,-0.084,-9.926,-0.041,-0.098,2.59,1.05,0.77
,-9.892,-0.081,-0.06,-9.84,-0.089,-0.101,2.66,0.98,0.77
,-9.878,-0.057,-0.069,-9.899,-0.108,-0.065,2.59,1.05,0.77
,-9.904,-0.074,-0.081,-9.89,-0.041,-0.072,2.66,1.19,0.77
28396.0,-9.88,-0.105,-0.065,-9.883,-0.079,-0.098,2.73,0.91,0.84
,-9.921,-0.089,-0.089,-9.923,-0.079,-0.089,2.66,1.05,0.84
,-9.897,-0.132,-0.086,-9.911,-0.055,-0.093,2.66,1.12,0.91
,-9.911,-0.055,-0.086,-9.892,-0.084,-0.084,2.8,1.12,0.84
28472.0,-9.921,-0.045,-0.101,-9.899,-0.065,-0.115,2.73,1.19,0.77
,-9.919,-0.11,-0.11,-9.895,-0.091,-0.091,2.59,0.98,0.77
,-9.89,-0.079,-0.055,-9.914,-0.043,-0.074,2.73,0.84,0.77
,-9.878,-0.072,-0.081,-9.935,-0.062,-0.129,2.73,1.12,0.84
28547.0,-9.866,-0.065,-0.074,-9.895,-0.079,-0.093,2.73,1.19,0.77
,-9.911,-0.06,-0.108,-9.873,-0.062,-0.103,2.66,1.05,0.7
,-9.864,-0.081,-0.077,-9.904,-0.022,-0.096,2.66,1.12,0.77
,-9.926,-0.077,-0.112,-9.899,-0.057,-0.084,2.73,1.05,0.84
28623.0,-9.885,-0.093,-0.081,-9.919,-0.084,-0.103,2.73,1.19,0.77
,-9.907,-0.057,-0.096,-9.909,-0.098,-0.101,2.73,1.19,0.84
,-9.923,-0.084,-0.086,-9.899,-0.053,-0.12,2.66,1.12,0.77
,-9.933,-0.062,-0.129,-9.89,-0.108,-0.098,2.59,1.12,0.7
28698.0,-9.892,-0.074,-0.065,-9.907,-0.055,-0.12,2.8,1.26,0.77
,-9.89,-0.074,-0.103,-9.907,-0.05,-0.112,2.73,1.4,0.84
,-9.892,-0.081,-0.091,-9.897,-0.072,-0.081,2.66,1.19,0.84
,-9.885,-0.079,-0.05,-9.95,-0.041,-0.067,2.73,1.19,0.84
28774.0,-9.892,-0.024,-0.12,-9.876,-0.067,-0.112,2.73,1.12,0.77
,-9.876,-0.077,-0.069,-9.907,-0.065,-0.067,2.59,1.12,0.84
,-9.911,-0.074,-0.093,-9.928,-0.093,-0.081,2.66,1.33,0.77
,-9.878,-0.084,-0.072,-9.919,-0.038,-0.098,2.73,1.19,0.77
28850.0,-9.88,-0.062,-0.062,-9.88,-0.048,-0.101,2.66,1.05,0.84
,-9.907,-0.062,-0.115,-9.911,-0.081,-0.112,2.73,1.26,0.84
,-9.911,-0.041,-0.096,-9.864,-0.065,-0.093,2.66,1.19,0.77
,-9.909,-0.06,-0.045,-9.883,-0.074,-0.115,2.73,1.19,0.77
28926.0,-9.892,-0.089,-0.112,-9.88,-0.12,-0.093,2.59,1.26,0.77
,-9.921,-0.053,-0.093,-9.911,-0.029,-0.079,2.66,1.26,0.84
,-9.883,-0.093,-0.098,-9.919,-0.093,-0.072,2.66,1.19,0.84
,-9.88,-0.077,-0.079,-9.928,-0.098,-0.096,2.66,1.12,0.77
29002.0,-9.916,-0.034,-0.072,-9.921,-0.05,-0.096,2.52,1.26,0.84
,-9.883,-0.041,-0.055,-9.878,-0.108,-0.086,2.66,1.19,0.84
,-9.911,-0.108,-0.079,-9.909,-0.05,-0.079,2.73,1.19,0.84
,-9.878,-0.108,-0.062,-9.887,-0.065,-0.077,2.8,1.19,0.7
29077.0,-9.883,-0.038,-0.127,-9.895,-0.067,-0.084,2.66,1.19,0.77
,-9.938,-0.089,-0.084,-9.883,-0.053,-0.062,2.66,1.19,0.77
,-9.907,-0.086,-0.103,-9.895,-0.045,-0.062,2.8,1.19,0.84
,-9.911,-0.081,-0.086,-9.902,-0.079,-0.043,2.8,1.33,0.91
29153.0,-9.921,-0.065,-0.112,-9.921,-0.089,-0.105,2.8,1.12,0.91
,-9.909,-0.079,-0.103,-9.909,-0.093,-0.086,2.8,1.4,0.91
,-9.909,-0.057,-0.057,-9.957,-0.077,-0.072,2.8,1.26,0.84
,-9.904,-0.067,-0.077,-9.907,-0.06,-0.127,2.73,1.05,0.77
29229.0,-9.883,-0.086,-0.11,-9.916,-0.065,-0.089,2.73,1.4,0.91
,-9.909,-0.098,-0.077,-9.892,-0.081,-0.084,2.73,1.4,0.91
,-9.94,-0.055,-0.069,-9.876,-0.055,-0.096,2.73,1.05,0.77
,-9.876,-0.067,-0.062,-9.909,-0.074,-0.098,2.66,0.98,0.77
29305.0,-9.928,-0.101,-0.105,-9.885,-0.06,-0.081,2.73,1.05,0.77
,-9.907,-0.105,-0.098,-9.926,-0.091,-0.098,2.66,0.91,0.77
,-9.916,-0.057,-0.103,-9.88,-0.055,-0.084,2.59,0.98,0.77
,-9.89,-0.136,-0.069,-9.919,-0.053,-0.077,2.73,1.19,0.77
29380.0,-9.883,-0.041,-0.084,-9.89,-0.055,-0.069,2.73,1.19,0.91
,-9.88,-0.072,-0.067,-9.931,-0.055,-0.098,2.8,1.26,0.84
,-9.876,-0.089,-0.098,-9.902,-0.072,-0.129,2.73,1.33,0.77
,-9.904,-0.084,-0.103,-9.88,-0.105,-0.067,2.8,1.26,0.98
29456.0,-9.907,-0.072,-0.124,-9.919,-0.093,-0.089,2.66,1.05,0.84
,-9.907,-0.093,-0.101,-9.916,-0.057,-0.079,2.73,0.98,0.77
,-9.89,-0.093,-0.079,-9.916,-0.077,-0.105,2.66,1.19,0.77
,-9.909,-0.053,-0.117,-9.907,-0.067,-0.077,2.66,1.19,0.84
29531.0,-9.89,-0.081,-0.134,-9.885,-0.089,-0.103,2.66,1.19,0.84
,-9.89,-0.024,-0.091,-9.897,-0.091,-0.081,2.66,1.19,0.77
,-9.938,-0.074,-0.089,-9.885,-0.053,-0.072,2.59,1.12,0.77
,-9.907,-0.081,-0.089,-9.887,-0.084,-0.105,2.73,1.12,0.91
29607.0,-9.897,-0.05,-0.069,-9.887,-0.065,-0.098,2.73,1.33,0.91
,-9.933,-0.098,-0.084,-9.916,-0.079,-0.127,2.66,1.19,0.84
,-9.907,-0.077,-0.091,-9.909,-0.084,-0.069,2.66,1.12,0.84
,-9.928,-0.041,-0.065,-9.938,-0.057,-0.108,2.73,1.19,0.84
29683.0,-9.923,-0.081,-0.124,-9.935,-0.089,-0.074,2.66,0.98,0.7
,-9.892,-0.084,-0.108,-9.902,-0.057,-0.096,2.66,1.05,0.77
,-9.911,-0.055,-0.096,-9.885,-0.101,-0.084,2.66,1.33,0.91
,-9.919,-0.079,-0.077,-9.928,-0.098,-0.103,2.59,1.12,0.84
29759.0,-9.895,-0.045,-0.084,-9.895,-0.093,-0.127,2.66,1.12,0.84
,-9.943,-0.096,-0.132,-9.873,-0.038,-0.06,2.73,1.05,0.77
,-9.899,-0.065,-0.084,-9.895,-0.053,-0.093,2.73,1.12,0.77
,-9.923,-0.067,-0.069,-9.852,-0.096,-0.115,2.8,1.19,0.84
29834.0,-9.899,-0.077,-0.103,-9.928,-0.034,-0.103,2.73,1.12,0.84
,-9.883,-0.053,-0.072,-9.876,-0.081,-0.101,2.66,0.98,0.77
,-9.914,-0.069,-0.067,-9.907,-0.077,-0.089,2.66,1.26,0.84
,-9.861,-0.048,-0.117,-9.892,-0.079,-0.072,2.59,1.19,0.77
29910.0,-9.926,-0.069,-0.089,-9.921,-0.036,-0.122,2.66,1.19,0.84
,-9.928,-0.077,-0.112,-9.895,-0.081,-0.096,2.73,1.26,0.84
,-9.902,-0.084,-0.062,-9.952,-0.081,-0.112,2.66,1.19,0.77
,-9.926,-0.079,-0.069,-9.868,-0.069,-0.096,2.66,1.05,0.77
29986.0,-9.883,-0.084,-0.069,-9.935,-0.086,-0.124,2.66,1.26,0.91
,-9.94,-0.079,-0.093,-9.895,-0.057,-0.077,2.66,1.12,0.84
,-9.919,-0.086,-0.093,-9.911,-0.108,-0.091,2.66,0.98,0.77
,-9.892,-0.084,-0.115,-9.849,-0.057,-0.053,2.66,1.12,0.7
30062.0,-9.914,-0.098,-0.117,-9.892,-0.091,-0.079,2.66,1.05,0.77
,-9.919,-0.115,-0.084,-9.887,-0.06,-0.074,2.66,1.26,0.84
,-9.911,-0.069,-0.091,-9.902,-0.065,-0.077,2.66,1.05,0.84
,-9.895,-0.098,-0.134,-9.919,-0.093,-0.11,2.66,1.05,0.84
30138.0,-9.907,-0.096,-0.091,-9.897,-0.043,-0.074,2.73,1.19,0.77
,-9.895,-0.043,-0.081,-9.892,-0.089,-0.093,2.73,1.33,0.84
,-9.914,-0.065,-0.086,-9.902,-0.069,-0.091,2.66,1.05,0.84
,-9.849,-0.108,-0.129,-9.919,-0.031,-0.045,2.66,1.26,0.84
30213.0,-9.89,-0.057,-0.089,-9.885,-0.079,-0.065,2.66,1.26,0.77
,-9.923,-0.089,-0.091,-9.902,-0.057,-0.093,2.8,1.12,0.7
,-9.94,-0.065,-0.077,-9.89,-0.067,-0.101,2.8,1.19,0.77
,-9.868,-0.055,-0.055,-9.88,-0.101,-0.108,2.73,1.33,0.91
30289.0,-9.933,-0.079,-0.112,-9.885,-0.096,-0.067,2.66,1.12,0.77
,-9.909,-0.093,-0.11,-9.907,-0.105,-0.101,2.73,1.12,0.77
,-9.926,-0.067,-0.079,-9.921,-0.101,-0.029,2.73,1.05,0.7
,-9.914,-0.053,-0.098,-9.919,-0.043,-0.112,2.8,1.12,0.7
30364.0,-9.907,-0.108,-0.11,-9.84,-0.06,-0.158,2.66,1.12,0.7
,-9.897,-0.074,-0.093,-9.909,-0.055,-0.11,2.8,1.26,0.77
,-9.926,-0.072,-0.065,-9.895,-0.117,-0.11,2.73,1.12,0.7
,-9.892,-0.091,-0.117,-9.89,-0.103,-0.103,2.66,1.12,0.7
30440.0,-9.921,-0.096,-0.074,-9.88,-0.036,-0.074,2.73,1.33,0.84
,-9.904,-0.072,-0.108,-9.907,-0.069,-0.077,2.66,1.26,0.84
,-9.921,-0.093,-0.105,-9.89,-0.079,-0.101,2.66,1.05,0.77
,-9.902,-0.091,-0.098,-9.907,-0.065,-0.074,2.73,1.12,0.77
30516.0,-9.904,-0.093,-0.077,-9.892,-0.084,-0.108,2.87,1.19,0.91
,-9.892,-0.069,-0.081,-9.921,-0.065,-0.062,2.8,1.05,0.77
,-9.921,-0.077,-0.072,-9.928,-0.081,-0.077,2.73,1.12,0.84
,-9.907,-0.055,-0.089,-9.878,-0.065,-0.081,2.73,1.05,0.84
30592.0,-9.883,-0.069,-0.067,-9.885,-0.077,-0.122,2.66,1.19,0.91
,-9.878,-0.108,-0.103,-9.899,-0.06,-0.096,2.73,1.12,0.77
,-9.923,-0.081,-0.05,-9.928,-0.081,-0.132,2.73,1.12,0.7
,-9.923,-0.065,-0.089,-9.876,-0.045,-0.098,2.66,1.19,0.77
30667.0,-9.933,-0.053,-0.048,-9.911,-0.081,-0.101,2.73,1.12,0.84
,-9.864,-0.053,-0.096,-9.887,-0.074,-0.086,2.66,1.33,0.84
,-9.95,-0.074,-0.101,-9.899,-0.081,-0.081,2.66,1.33,0.84
,-9.926,-0.062,-0.079,-9.933,-0.105,-0.089,2.73,1.33,0.84
30743.0,-9.899,-0.074,-0.081,-9.902,-0.069,-0.115,2.8,0.98,0.77
,-9.923,-0.038,-0.096,-9.895,-0.098,-0.079,2.66,1.05,0.84
,-9.904,-0.098,-0.089,-9.94,-0.065,-0.053,2.59,1.33,0.84
,-9.902,-0.077,-0.074,-9.876,-0.067,-0.108,2.73,1.19,0.77
30819.0,-9.904,-0.05,-0.091,-9.866,-0.06,-0.069,2.73,1.12,0.77
,-9.909,-0.069,-0.139,-9.883,-0.067,-0.103,2.66,1.05,0.84
,-9.919,-0.072,-0.096,-9.902,-0.091,-0.074,2.59,1.05,0.77
,-9.916,-0.086,-0.112,-9.923,-0.057,-0.067,2.59,1.05,0.84
30895.0,-9.911,-0.065,-0.086,-9.895,-0.084,-0.055,2.8,1.26,0.84
,-9.943,-0.098,-0.089,-9.854,-0.103,-0.091,2.66,1.12,0.77
,-9.919,-0.132,-0.072,-9.883,-0.122,-0.101,2.66,1.19,0.84
,-9.883,-0.096,-0.103,-9.887,-0.036,-0.101,2.66,1.12,0.84
30971.0,-9.916,-0.081,-0.11,-9.899,-0.069,-0.048,2.59,1.19,0.84
,-9.947,-0.057,-0.124,-9.88,-0.105,-0.043,2.73,1.05,0.77
,-9.892,-0.06,-0.069,-9.909,-0.081,-0.096,2.66,1.05,0.7
,-9.89,-0.091,-0.101,-9.871,-0.074,-0.079,2.73,1.05,0.77
31046.0,-9.887,-0.081,-0.11,-9.883,-0.057,-0.12,2.59,1.12,0.84
,-9.892,-0.086,-0.069,-9.916,-0.057,-0.117,2.73,1.26,0.84
,-9.892,-0.101,-0.093,-9.902,-0.074,-0.084,2.66,1.05,0.77
,-9.916,-0.072,-0.105,-9.902,-0.089,-0.086,2.59,1.26,0.84
31122.0,-9.899,-0.077,-0.067,-9.902,-0.115,-0.089,2.52,1.19,0.7
,-9.931,-0.062,-0.067,-9.89,-0.122,-0.117,2.66,1.19,0.84
,-9.887,-0.045,-0.06,-9.873,-0.057,-0.055,2.66,1.05,0.84
,-9.954,-0.096,-0.084,-9.907,-0.084,-0.134,2.73,1.05,0.77
31197.0,-9.919,-0.096,-0.045,-9.935,-0.079,-0.108,2.73,1.26,0.91
,-9.885,-0.067,-0.065,-9.935,-0.079,-0.091,2.66,1.12,0.84
,-9.885,-0.067,-0.057,-9.921,-0.067,-0.112,2.59,1.05,0.77
,-9.899,-0.105,-0.098,-9.921,-0.062,-0.05,2.66,1.05,0.77
31273.0,-9.892,-0.067,-0.067,-9.866,-0.074,-0.098,2.59,1.12,0.7
,-9.887,-0.084,-0.06,-9.88,-0.062,-0.117,2.59,1.19,0.77
,-9.919,-0.053,-0.091,-9.933,-0.06,-0.077,2.73,1.19,0.84
,-9.902,-0.05,-0.129,-9.919,-0.093,-0.086,2.73,1.19,0.84
31349.0,-9.885,-0.112,-0.096,-9.902,-0.077,-0.101,2.66,1.26,0.91
,-9.885,-0.096,-0.127,-9.88,-0.098,-0.105,2.59,0.98,0.77
,-9.907,-0.057,-0.067,-9.899,-0.06,-0.091,2.66,1.19,0.91
,-9.907,-0.062,-0.081,-9.892,-0.086,-0.089,2.8,1.33,0.98
31425.0,-9.859,-0.077,-0.11,-9.885,-0.067,-0.105,2.66,1.4,0.84
,-9.911,-0.081,-0.077,-9.923,-0.079,-0.112,2.73,1.33,0.77
,-9.883,-0.055,-0.098,-9.887,-0.067,-0.086,2.73,1.26,0.84
,-9.904,-0.026,-0.072,-9.895,-0.029,-0.101,2.73,1.33,0.84
31500.0,-9.935,-0.105,-0.105,-9.919,-0.086,-0.103,2.73,1.26,0.84
,-9.909,-0.06,-0.069,-9.911,-0.062,-0.11,2.66,1.19,0.7
,-9.89,-0.05,-0.093,-9.871,-0.101,-0.084,2.66,1.19,0.7
,-9.899,-0.067,-0.093,-9.878,-0.055,-0.077,2.73,1.33,0.77
31576.0,-9.914,-0.091,-0.067,-9.904,-0.079,-0.084,2.66,1.19,0.84
,-9.885,-0.093,-0.112,-9.892,-0.062,-0.101,2.73,1.26,0.91
,-9.897,-0.048,-0.089,-9.916,-0.091,-0.124,2.66,1.19,0.91
,-9.931,-0.048,-0.057,-9.914,-0.05,-0.103,2.66,1.19,0.84
31651.0,-9.864,-0.062,-0.101,-9.871,-0.072,-0.074,2.73,1.33,0.77
,-9.866,-0.093,-0.067,-9.885,-0.086,-0.098,2.73,1.26,0.91
,-9.88,-0.091,-0.077,-9.911,-0.081,-0.117,2.66,0.84,0.77
,-9.914,-0.038,-0.103,-9.89,-0.093,-0.077,2.66,1.19,0.84
31727.0,-9.866,-0.112,-0.127,-9.856,-0.072,-0.069,2.66,1.05,0.77
,-9.926,-0.084,-0.065,-9.911,-0.06,-0.101,2.66,0.98,0.77
,-9.909,-0.067,-0.086,-9.911,-0.079,-0.093,2.73,0.98,0.63
,-9.919,-0.057,-0.115,-9.89,-0.072,-0.084,2.59,1.05,0.7
31803.0,-9.923,-0.069,-0.093,-9.864,-0.067,-0.089,2.73,1.19,0.77
,-9.926,-0.069,-0.117,-9.899,-0.062,-0.091,2.73,1.26,0.91
,-9.923,-0.084,-0.105,-9.864,-0.062,-0.115,2.73,1.05,0.7
,-9.897,-0.103,-0.115,-9.861,-0.053,-0.101,2.66,0.91,0.77
31879.0,-9.852,-0.086,-0.05,-9.909,-0.038,-0.079,2.73,1.19,0.84
,-9.907,-0.065,-0.11,-9.921,-0.108,-0.079,2.73,1.12,0.84
,-9.892,-0.074,-0.093,-9.897,-0.089,-0.12,2.8,1.19,0.84
,-9.907,-0.072,-0.093,-9.883,-0.089,-0.093,2.66,1.26,0.77
31955.0,-9.916,-0.091,-0.124,-9.89,-0.074,-0.072,2.8,1.26,0.91
,-9.897,-0.045,-0.077,-9.947,-0.079,-0.115,2.8,1.26,0.91
,-9.895,-0.024,-0.072,-9.885,-0.043,-0.086,2.73,1.33,0.91
,-9.878,-0.048,-0.084,-9.911,-0.067,-0.098,2.8,1.12,0.84
32030.0,-9.897,-0.086,-0.112,-9.887,-0.065,-0.093,2.73,1.4,0.91
,-9.904,-0.079,-0.091,-9.864,-0.091,-0.141,2.66,1.19,0.84
,-9.873,-0.096,-0.055,-9.892,-0.122,-0.101,2.59,1.12,0.77
,-9.883,-0.072,-0.105,-9.923,-0.086,-0.089,2.66,1.12,0.84
32106.0,-9.885,-0.077,-0.115,-9.887,-0.043,-0.098,2.66,1.19,0.7
,-9.921,-0.108,-0.081,-9.859,-0.098,-0.067,2.73,1.12,0.7
,-9.885,-0.096,-0.096,-9.943,-0.057,-0.124,2.73,0.98,0.77
,-9.911,-0.062,-0.081,-9.916,-0.045,-0.101,2.8,1.19,0.77
32182.0,-9.926,-0.062,-0.081,-9.892,-0.069,-0.103,2.66,1.19,0.77
,-9.919,-0.062,-0.146,-9.902,-0.103,-0.098,2.73,1.12,0.77
,-9.911,-0.065,-0.093,-9.89,-0.077,-0.096,2.73,1.33,0.84
,-9.854,-0.065,-0.077,-9.859,-0.077,-0.091,2.73,1.26,0.91
32258.0,-9.907,-0.077,-0.098,-9.928,-0.086,-0.081,2.8,1.12,0.84
,-9.919,-0.098,-0.112,-9.868,-0.041,-0.069,2.73,0.98,0.77
,-9.923,-0.089,-0.077,-9.904,-0.069,-0.077,2.66,1.05,0.77
,-9.919,-0.091,-0.091,-9.854,-0.081,-0.043,2.73,1.19,0.84
32333.0,-9.907,-0.084,-0.062,-9.876,-0.091,-0.084,2.66,1.05,0.7
,-9.897,-0.067,-0.06,-9.871,-0.06,-0.122,2.73,1.26,0.77
,-9.914,-0.045,-0.093,-9.923,-0.117,-0.101,2.73,1.12,0.77
,-9.904,-0.072,-0.096,-9.909,-0.067,-0.069,2.73,1.05,0.77
32409.0,-9.921,-0.101,-0.041,-9.94,-0.048,-0.072,2.73,1.33,0.84
,-9.904,-0.074,-0.096,-9.883,-0.065,-0.103,2.66,1.12,0.84
,-9.921,-0.093,-0.089,-9.866,-0.086,-0.096,2.73,1.19,0.77
,-9.916,-0.081,-0.098,-9.859,-0.057,-0.093,2.73,1.19,0.84
32484.0,-9.873,-0.074,-0.101,-9.909,-0.117,-0.062,2.66,1.12,0.91
,-9.907,-0.057,-0.089,-9.914,-0.067,-0.091,2.73,1.19,0.77
,-9.914,-0.072,-0.093,-9.866,-0.065,-0.098,2.73,1.12,0.91
,-9.899,-0.086,-0.101,-9.887,-0.041,-0.11,2.66,0.91,0.77
32560.0,-9.892,-0.062,-0.11,-9.899,-0.057,-0.069,2.66,1.12,0.77
,-9.885,-0.079,-0.062,-9.895,-0.096,-0.086,2.59,1.19,0.77
,-9.916,-0.077,-0.072,-9.868,-0.079,-0.067,2.66,1.05,0.77
,-9.907,-0.074,-0.084,-9.876,-0.053,-0.081,2.73,1.26,0.84
32636.0,-9.868,-0.029,-0.081,-9.895,-0.06,-0.072,2.73,1.26,0.84
,-9.89,-0.031,-0.072,-9.899,-0.057,-0.091,2.66,1.12,0.84
,-9.892,-0.062,-0.086,-9.897,-0.093,-0.091,2.66,1.19,0.77
,-9.911,-0.081,-0.074,-9.859,-0.05,-0.077,2.66,1.12,0.84
32712.0,-9.935,-0.065,-0.091,-9.914,-0.077,-0.091,2.59,1.12,0.77
,-9.914,-0.086,-0.079,-9.887,-0.091,-0.115,2.59,1.19,0.77
,-9.919,-0.067,-0.101,-9.88,-0.081,-0.062,2.59,1.33,0.91
,-9.945,-0.065,-0.096,-9.885,-0.034,-0.055,2.66,1.19,0.91
32788.0,-9.914,-0.079,-0.065,-9.885,-0.084,-0.077,2.8,1.33,0.84
,-9.88,-0.062,-0.103,-9.883,-0.091,-0.084,2.73,1.12,0.84
,-9.878,-0.036,-0.129,-9.931,-0.101,-0.067,2.73,1.12,0.77
,-9.904,-0.074,-0.105,-9.885,-0.079,-0.081,2.66,1.26,0.84
32863.0,-9.897,-0.041,-0.101,-9.883,-0.101,-0.11,2.73,1.19,0.91
,-9.904,-0.045,-0.091,-9.883,-0.067,-0.05,2.73,1.33,0.98
,-9.871,-0.086,-0.089,-9.914,-0.108,-0.089,2.59,1.26,0.84
,-9.892,-0.062,-0.117,-9.876,-0.084,-0.105,2.73,1.26,0.84
32939.0,-9.878,-0.081,-0.096,-9.911,-0.069,-0.077,2.59,1.12,0.77
,-9.909,-0.067,-0.093,-9.904,-0.026,-0.096,2.59,1.05,0.77
,-9.907,-0.081,-0.098,-9.911,-0.074,-0.081,2.73,1.33,0.91
,-9.914,-0.074,-0.084,-9.892,-0.098,-0.11,2.66,1.19,0.84
33015.0,-9.885,-0.091,-0.086,-9.897,-0.115,-0.053,2.66,1.05,0.84
,-9.885,-0.105,-0.096,-9.892,-0.079,-0.103,2.66,0.98,0.7
,-9.904,-0.072,-0.089,-9.897,-0.074,-0.089,2.73,1.12,0.84
,-9.892,-0.089,-0.077,-9.897,-0.045,-0.081,2.66,1.05,0.84
33091.0,-9.921,-0.057,-0.084,-9.876,-0.081,-0.098,2.66,1.05,0.84
,-9.909,-0.065,-0.081,-9.892,-0.098,-0.101,2.73,1.12,0.84
,-9.864,-0.072,-0.136,-9.885,-0.081,-0.072,2.66,1.12,0.7
,-9.885,-0.101,-0.098,-9.871,-0.098,-0.11,2.66,1.12,0.7
33166.0,-9.923,-0.034,-0.077,-9.909,-0.077,-0.096,2.73,1.12,0.77
,-9.928,-0.077,-0.108,-9.916,-0.065,-0.108,2.73,1.12,0.7
,-9.921,-0.089,-0.141,-9.911,-0.069,-0.11,2.66,1.12,0.77
,-9.907,-0.05,-0.079,-9.935,-0.077,-0.072,2.66,1.19,0.84
33242.0,-9.923,-0.084,-0.096,-9.878,-0.096,-0.101,2.59,1.05,0.77
,-9.902,-0.086,-0.079,-9.914,-0.081,-0.093,2.8,1.05,0.77
,-9.928,-0.053,-0.072,-9.909,-0.108,-0.103,2.8,1.05,0.7
,-9.878,-0.069,-0.062,-9.907,-0.069,-0.081,2.66,1.12,0.77
33317.0,-9.923,-0.091,-0.117,-9.89,-0.069,-0.105,2.59,1.05,0.77
,-9.897,-0.077,-0.129,-9.938,-0.079,-0.074,2.66,0.84,0.63
,-9.909,-0.081,-0.101,-9.921,-0.053,-0.062,2.59,1.05,0.7
,-9.899,-0.084,-0.081,-9.88,-0.069,-0.103,2.59,1.12,0.7
33393.0,-9.931,-0.077,-0.084,-9.904,-0.062,-0.103,2.73,1.12,0.84
,-9.914,-0.05,-0.098,-9.909,-0.084,-0.101,2.59,1.12,0.77
,-9.919,-0.084,-0.105,-9.902,-0.065,-0.086,2.59,1.12,0.77
,-9.902,-0.105,-0.093,-9.909,-0.074,-0.081,2.66,1.19,0.7
33469.0,-9.931,-0.081,-0.096,-9.866,-0.069,-0.084,2.59,1.19,0.77
,-9.859,-0.093,-0.122,-9.904,-0.089,-0.093,2.66,1.33,0.84
,-9.88,-0.057,-0.101,-9.916,-0.024,-0.081,2.73,1.05,0.77
,-9.911,-0.074,-0.122,-9.887,-0.086,-0.11,2.66,1.12,0.84
33545.0,-9.883,-0.055,-0.077,-9.883,-0.062,-0.117,2.59,1.12,0.84
,-9.914,-0.077,-0.093,-9.88,-0.079,-0.096,2.66,1.19,0.84
,-9.907,-0.06,-0.093,-9.921,-0.108,-0.062,2.66,1.33,0.84
,-9.902,-0.096,-0.096,-9.892,-0.065,-0.11,2.73,1.54,0.84
33621.0,-9.887,-0.096,-0.084,-9.89,-0.093,-0.086,2.73,1.19,0.91
,-9.919,-0.091,-0.084,-9.919,-0.084,-0.101,2.73,1.05,0.84
,-9.861,-0.067,-0.096,-9.868,-0.038,-0.072,2.73,1.12,0.7
,-9.876,-0.089,-0.144,-9.928,-0.079,-0.105,2.66,1.12,0.7
33696.0,-9.919,-0.079,-0.089,-9.883,-0.069,-0.132,2.73,1.26,0.84
,-9.907,-0.067,-0.072,-9.868,-0.06,-0.124,2.66,1.19,0.91
,-9.921,-0.079,-0.098,-9.89,-0.074,-0.089,2.59,1.05,0.84
,-9.885,-0.06,-0.072,-9.861,-0.072,-0.096,2.66,0.98,0.84
33772.0,-9.864,-0.06,-0.065,-9.897,-0.093,-0.122,2.73,1.12,0.77
,-9.916,-0.077,-0.084,-9.866,-0.041,-0.093,2.73,1.05,0.77
,-9.897,-0.057,-0.091,-9.895,-0.043,-0.077,2.66,1.12,0.84
,-9.919,-0.117,-0.091,-9.933,-0.065,-0.089,2.73,1.19,0.77
33848.0,-9.911,-0.069,-0.105,-9.916,-0.043,-0.096,2.73,1.19,0.77
,-9.928,-0.108,-0.074,-9.943,-0.048,-0.098,2.73,1.12,0.84
,-9.866,-0.065,-0.096,-9.916,-0.079,-0.079,2.8,1.26,0.84
,-9.88,-0.084,-0.055,-9.909,-0.072,-0.053,2.73,1.12,0.77
33924.0,-9.892,-0.045,-0.093,-9.89,-0.072,-0.098,2.73,1.26,0.77
,-9.914,-0.065,-0.069,-9.899,-0.067,-0.089,2.73,1.19,0.77
,-9.904,-0.081,-0.101,-9.907,-0.077,-0.115,2.59,1.19,0.77
,-9.904,-0.067,-0.077,-9.866,-0.103,-0.055,2.73,1.19,0.84
33999.0,-9.885,-0.074,-0.096,-9.923,-0.053,-0.098,2.66,1.05,0.84
,-9.916,-0.086,-0.072,-9.916,-0.055,-0.081,2.73,0.98,0.77
,-9.892,-0.05,-0.084,-9.895,-0.065,-0.086,2.66,1.12,0.77
,-9.931,-0.077,-0.096,-9.849,-0.057,-0.084,2.66,1.33,0.84
34075.0,-9.885,-0.038,-0.096,-9.902,-0.12,-0.105,2.59,1.19,0.77
,-9.911,-0.053,-0.079,-9.895,-0.055,-0.069,2.66,1.26,0.77
,-9.883,-0.081,-0.105,-9.902,-0.069,-0.077,2.66,1.19,0.77
,-9.88,-0.093,-0.096,-9.852,-0.067,-0.096,2.73,1.19,0.77
34150.0,-9.907,-0.026,-0.077,-9.899,-0.055,-0.108,2.73,1.33,0.84
,-9.914,-0.048,-0.069,-9.876,-0.062,-0.103,2.73,1.26,0.84
,-9.904,-0.043,-0.038,-9.883,-0.079,-0.098,2.66,1.12,0.84
,-9.921,-0.101,-0.098,-9.892,-0.101,-0.112,2.59,1.19,0.91
34226.0,-9.921,-0.048,-0.089,-9.876,-0.043,-0.074,2.59,1.05,0.91
,-9.895,-0.074,-0.057,-9.909,-0.081,-0.086,2.73,1.19,0.84
,-9.897,-0.062,-0.11,-9.909,-0.069,-0.069,2.8,1.12,0.77
,-9.933,-0.079,-0.086,-9.897,-0.065,-0.098,2.66,1.12,0.77
34302.0,-9.887,-0.091,-0.086,-9.899,-0.098,-0.074,2.66,1.33,0.84
,-9.895,-0.089,-0.108,-9.897,-0.091,-0.11,2.59,1.12,0.84
,-9.861,-0.069,-0.081,-9.909,-0.081,-0.079,2.73,1.19,0.84
,-9.921,-0.084,-0.084,-9.923,-0.067,-0.132,2.59,1.19,0.84
34378.0,-9.892,-0.081,-0.05,-9.919,-0.067,-0.136,2.73,1.05,0.77
,-9.914,-0.081,-0.084,-9.883,-0.06,-0.069,2.73,1.19,0.91
,-9.883,-0.096,-0.053,-9.895,-0.069,-0.091,2.66,1.12,0.84
,-9.907,-0.072,-0.074,-9.844,-0.077,-0.093,2.73,1.19,0.77
34454.0,-9.931,-0.089,-0.074,-9.919,-0.062,-0.103,2.66,1.26,0.84
,-9.88,-0.096,-0.122,-9.897,-0.084,-0.112,2.66,1.12,0.7
,-9.88,-0.034,-0.086,-9.928,-0.086,-0.11,2.66,1.05,0.77
,-9.878,-0.077,-0.055,-9.883,-0.065,-0.086,2.59,1.33,0.77
34529.0,-9.885,-0.065,-0.089,-9.89,-0.067,-0.096,2.73,1.26,0.84
,-9.899,-0.086,-0.098,-9.859,-0.072,-0.089,2.73,1.26,0.84
,-9.907,-0.096,-0.077,-9.938,-0.055,-0.093,2.73,1.26,0.84
,-9.931,-0.041,-0.077,-9.895,-0.072,-0.091,2.66,1.12,0.77
34605.0,-9.907,-0.048,-0.096,-9.883,-0.079,-0.11,2.73,1.12,0.91
,-9.89,-0.115,-0.029,-9.897,-0.045,-0.062,2.66,1.19,0.91
,-9.892,-0.065,-0.086,-9.935,-0.096,-0.079,2.66,1.26,0.84
,-9.921,-0.048,-0.067,-9.887,-0.065,-0.067,2.66,1.12,0.84
34681.0,-9.907,-0.091,-0.067,-9.864,-0.069,-0.105,2.59,0.98,0.77
,-9.95,-0.055,-0.055,-9.897,-0.045,-0.112,2.59,0.91,0.7
,-9.931,-0.091,-0.098,-9.899,-0.057,-0.086,2.66,1.19,0.77
,-9.933,-0.074,-0.124,-9.876,-0.038,-0.098,2.66,1.05,0.77
34757.0,-9.947,-0.089,-0.069,-9.887,-0.065,-0.11,2.59,1.05,0.7
,-9.873,-0.029,-0.05,-9.89,-0.069,-0.072,2.66,0.98,0.7
,-9.923,-0.081,-0.093,-9.914,-0.074,-0.093,2.73,1.19,0.84
,-9.892,-0.053,-0.086,-9.921,-0.098,-0.096,2.66,0.98,0.84
34832.0,-9.907,-0.117,-0.065,-9.947,-0.06,-0.055,2.66,1.12,0.91
,-9.933,-0.105,-0.098,-9.887,-0.101,-0.072,2.66,1.05,0.84
,-9.892,-0.086,-0.105,-9.914,-0.096,-0.115,2.73,1.19,0.84
,-9.88,-0.079,-0.086,-9.914,-0.098,-0.05,2.73,1.26,0.77
34908.0,-9.902,-0.06,-0.11,-9.904,-0.089,-0.112,2.66,1.19,0.84
,-9.904,-0.055,-0.12,-9.931,-0.045,-0.079,2.66,1.12,0.91
,-9.926,-0.096,-0.117,-9.904,-0.089,-0.101,2.66,1.05,0.77
,-9.878,-0.081,-0.072,-9.887,-0.072,-0.089,2.8,1.05,0.77
34983.0,-9.914,-0.098,-0.079,-9.916,-0.093,-0.091,2.73,1.12,0.84
,-9.878,-0.084,-0.084,-9.892,-0.079,-0.101,2.73,1.19,0.77
,-9.895,-0.067,-0.074,-9.928,-0.093,-0.098,2.66,1.33,0.84
,-9.916,-0.053,-0.089,-9.887,-0.077,-0.074,2.66,1.12,0.84
35059.0,-9.887,-0.077,-0.096,-9.897,-0.086,-0.086,2.73,1.26,0.77
,-9.935,-0.055,-0.079,-9.876,-0.065,-0.084,2.8,1.26,0.84
,-9.897,-0.079,-0.055,-9.902,-0.091,-0.108,2.66,1.33,0.84
,-9.887,-0.048,-0.081,-9.902,-0.098,-0.103,2.59,1.26,0.77
35135.0,-9.921,-0.036,-0.112,-9.907,-0.089,-0.103,2.73,1.26,0.91
,-9.909,-0.06,-0.098,-9.876,-0.072,-0.086,2.73,0.98,0.84
,-9.909,-0.074,-0.081,-9.89,-0.057,-0.065,2.73,1.05,0.84
,-9.897,-0.074,-0.103,-9.911,-0.086,-0.115,2.66,1.26,0.84
35211.0,-9.911,-0.146,-0.101,-9.871,-0.089,-0.06,2.73,1.12,0.84
,-9.935,-0.105,-0.069,-9.907,-0.098,-0.105,2.66,1.19,0.84
,-9.904,-0.053,-0.069,-9.878,-0.093,-0.096,2.52,1.12,0.7
,-9.892,-0.115,-0.098,-9.921,-0.067,-0.089,2.66,1.33,0.84
35286.0,-9.883,-0.091,-0.084,-9.907,-0.077,-0.108,2.66,1.26,0.91
,-9.876,-0.101,-0.084,-9.895,-0.081,-0.089,2.73,1.33,0.84
,-9.895,-0.067,-0.093,-9.88,-0.067,-0.091,2.73,1.33,0.91
,-9.909,-0.089,-0.112,-9.859,-0.077,-0.117,2.66,1.12,0.77
35362.0,-9.902,-0.038,-0.127,-9.899,-0.081,-0.086,2.66,1.12,0.77
,-9.902,-0.096,-0.122,-9.885,-0.084,-0.091,2.73,1.12,0.7
,-9.911,-0.093,-0.091,-9.916,-0.06,-0.108,2.59,1.12,0.7
,-9.895,-0.077,-0.081,-9.876,-0.079,-0.093,2.66,1.26,0.84
35438.0,-9.89,-0.041,-0.089,-9.885,-0.077,-0.079,2.66,1.26,0.91
,-9.871,-0.057,-0.06,-9.94,-0.043,-0.096,2.66,1.12,0.77
,-9.899,-0.079,-0.084,-9.861,-0.067,-0.053,2.59,1.05,0.84
,-9.892,-0.055,-0.112,-9.904,-0.093,-0.117,2.73,1.19,0.84
35514.0,-9.878,-0.093,-0.096,-9.892,-0.077,-0.074,2.8,1.33,0.84
,-9.914,-0.057,-0.086,-9.88,-0.084,-0.108,2.73,1.19,0.84
,-9.921,-0.084,-0.096,-9.88,-0.081,-0.093,2.8,1.12,0.84
,-9.926,-0.062,-0.072,-9.902,-0.055,-0.05,2.66,1.05,0.84
35590.0,-9.873,-0.093,-0.117,-9.89,-0.086,-0.108,2.66,1.26,0.91
,-9.899,-0.074,-0.081,-9.923,-0.072,-0.101,2.59,1.19,0.84
,-9.933,-0.136,-0.105,-9.876,-0.074,-0.093,2.73,1.26,0.77
,-9.907,-0.081,-0.108,-9.878,-0.062,-0.074,2.59,1.12,0.7
35665.0,-9.878,-0.069,-0.069,-9.885,-0.069,-0.089,2.66,1.19,0.84
,-9.907,-0.06,-0.081,-9.916,-0.06,-0.072,2.66,1.19,0.77
,-9.854,-0.077,-0.079,-9.895,-0.06,-0.084,2.66,1.19,0.84
,-9.897,-0.101,-0.134,-9.907,-0.041,-0.084,2.59,1.19,0.84
35741.0,-9.88,-0.108,-0.086,-9.895,-0.112,-0.112,2.66,1.12,0.77
,-9.878,-0.093,-0.081,-9.923,-0.103,-0.086,2.66,1.12,0.77
,-9.914,-0.038,-0.053,-9.883,-0.067,-0.067,2.59,1.12,0.77
,-9.88,-0.057,-0.12,-9.895,-0.081,-0.096,2.73,1.26,0.77
35816.0,-9.895,-0.065,-0.132,-9.954,-0.067,-0.089,2.66,1.26,0.91
,-9.935,-0.067,-0.069,-9.84,-0.036,-0.093,2.73,1.19,0.84
,-9.902,-0.077,-0.067,-9.871,-0.053,-0.086,2.59,1.12,0.84
,-9.928,-0.132,-0.086,-9.895,-0.05,-0.091,2.66,1.12,0.77
35892.0,-9.897,-0.081,-0.11,-9.904,-0.045,-0.077,2.73,1.19,0.77
,-9.933,-0.091,-0.086,-9.876,-0.067,-0.084,2.66,1.12,0.84
,-9.878,-0.067,-0.077,-9.904,-0.069,-0.077,2.73,1.05,0.77
,-9.897,-0.093,-0.086,-9.899,-0.057,-0.132,2.8,0.98,0.77
35968.0,-9.887,-0.077,-0.115,-9.887,-0.089,-0.077,2.66,1.33,0.91
,-9.866,-0.089,-0.093,-9.899,-0.067,-0.096,2.59,1.19,0.84
,-9.909,-0.043,-0.091,-9.899,-0.079,-0.081,2.73,1.19,0.91
,-9.938,-0.105,-0.096,-9.895,-0.086,-0.098,2.73,1.26,0.84
36044.0,-9.909,-0.077,-0.091,-9.876,-0.034,-0.077,2.8,1.26,0.84
,-9.933,-0.05,-0.122,-9.899,-0.069,-0.081,2.73,1.26,0.84
,-9.923,-0.079,-0.103,-9.923,-0.038,-0.091,2.59,1.19,0.77
,-9.921,-0.098,-0.074,-9.919,-0.069,-0.072,2.73,0.98,0.84
36119.0,-9.895,-0.077,-0.117,-9.883,-0.077,-0.096,2.66,1.05,0.77
,-9.895,-0.074,-0.144,-9.864,-0.048,-0.091,2.73,1.26,0.77
,-9.907,-0.053,-0.117,-9.914,-0.053,-0.065,2.73,0.98,0.7
,-9.895,-0.089,-0.091,-9.876,-0.034,-0.112,2.73,1.19,0.84
36195.0,-9.892,-0.069,-0.103,-9.921,-0.057,-0.091,2.66,1.05,0.84
,-9.938,-0.062,-0.084,-9.931,-0.048,-0.105,2.73,1.05,0.77
,-9.878,-0.096,-0.112,-9.916,-0.096,-0.101,2.73,1.19,0.84
,-9.899,-0.091,-0.074,-9.904,-0.057,-0.101,2.73,1.19,0.84
36271.0,-9.911,-0.091,-0.069,-9.89,-0.069,-0.127,2.73,1.12,0.84
,-9.921,-0.034,-0.069,-9.916,-0.086,-0.062,2.66,1.12,0.84
,-9.89,-0.115,-0.074,-9.887,-0.079,-0.096,2.59,1.05,0.77
,-9.909,-0.079,-0.091,-9.856,-0.103,-0.074,2.66,1.19,0.77
36347.0,-9.904,-0.065,-0.038,-9.914,-0.069,-0.069,2.66,1.19,0.84
,-9.885,-0.069,-0.089,-9.897,-0.089,-0.101,2.73,1.33,0.91
,-9.859,-0.098,-0.101,-9.892,-0.05,-0.101,2.73,1.26,0.77
,-9.899,-0.074,-0.086,-9.892,-0.086,-0.069,2.73,1.19,0.84
36423.0,-9.926,-0.053,-0.098,-9.899,-0.096,-0.084,2.66,1.12,0.77
,-9.911,-0.067,-0.072,-9.88,-0.074,-0.072,2.59,1.12,0.84
,-9.926,-0.103,-0.072,-9.899,-0.067,-0.129,2.52,1.05,0.77
,-9.878,-0.077,-0.055,-9.935,-0.06,-0.053,2.66,1.05,0.77
36498.0,-9.904,-0.093,-0.098,-9.916,-0.086,-0.065,2.66,1.19,0.77
,-9.878,-0.069,-0.108,-9.883,-0.086,-0.069,2.66,1.05,0.77
,-9.914,-0.06,-0.084,-9.938,-0.067,-0.089,2.66,1.19,0.91
,-9.892,-0.072,-0.072,-9.911,-0.115,-0.06,2.66,1.19,0.84
36574.0,-9.871,-0.077,-0.074,-9.856,-0.091,-0.112,2.73,1.05,0.77
,-9.907,-0.036,-0.091,-9.873,-0.098,-0.112,2.66,1.05,0.77
,-9.899,-0.091,-0.084,-9.914,-0.053,-0.096,2.52,0.98,0.77
,-9.954,-0.06,-0.091,-9.89,-0.081,-0.101,2.73,1.33,0.84
36649.0,-9.916,-0.093,-0.127,-9.887,-0.091,-0.062,2.73,1.19,0.77
,-9.909,-0.077,-0.103,-9.892,-0.067,-0.067,2.73,1.05,0.84
,-9.916,-0.072,-0.077,-9.904,-0.043,-0.069,2.66,1.05,0.77
,-9.902,-0.079,-0.091,-9.897,-0.084,-0.045,2.66,0.98,0.7
36725.0,-9.914,-0.084,-0.081,-9.852,-0.067,-0.117,2.59,1.12,0.84
,-9.933,-0.089,-0.101,-9.885,-0.065,-0.086,2.66,1.12,0.84
,-9.892,-0.079,-0.089,-9.887,-0.072,-0.108,2.73,1.12,0.77
,-9.899,-0.072,-0.091,-9.871,-0.103,-0.11,2.66,1.12,0.7
36801.0,-9.923,-0.081,-0.06,-9.873,-0.06,-0.112,2.66,1.12,0.84
,-9.911,-0.065,-0.089,-9.935,-0.103,-0.112,2.8,1.19,0.84
,-9.933,-0.117,-0.079,-9.923,-0.077,-0.096,2.66,1.26,0.84
,-9.914,-0.067,-0.112,-9.897,-0.029,-0.098,2.66,1.05,0.84
36877.0,-9.938,-0.062,-0.11,-9.911,-0.089,-0.115,2.59,1.26,0.91
,-9.885,-0.072,-0.098,-9.911,-0.072,-0.098,2.73,1.19,0.84
,-9.866,-0.069,-0.098,-9.842,-0.093,-0.069,2.66,1.05,0.84
,-9.945,-0.038,-0.06,-9.883,-0.086,-0.079,2.66,0.98,0.84
36952.0,-9.916,-0.084,-0.05,-9.904,-0.06,-0.069,2.59,1.12,0.7
,-9.911,-0.081,-0.101,-9.907,-0.081,-0.086,2.73,1.05,0.77
,-9.899,-0.057,-0.057,-9.902,-0.065,-0.093,2.73,1.05,0.91
,-9.895,-0.072,-0.115,-9.902,-0.057,-0.112,2.66,1.12,0.77
37028.0,-9.907,-0.084,-0.12,-9.864,-0.105,-0.112,2.59,1.05,0.77
,-9.928,-0.062,-0.096,-9.904,-0.079,-0.074,2.66,0.91,0.7
,-9.899,-0.101,-0.134,-9.914,-0.074,-0.124,2.66,1.12,0.77
,-9.868,-0.05,-0.05,-9.907,-0.081,-0.101,2.66,1.19,0.77
37104.0,-9.919,-0.036,-0.086,-9.907,-0.091,-0.081,2.73,1.05,0.84
,-9.866,-0.057,-0.077,-9.914,-0.11,-0.091,2.73,1.19,0.84
,-9.895,-0.084,-0.115,-9.897,-0.084,-0.079,2.66,1.05,0.7
,-9.911,-0.043,-0.091,-9.885,-0.067,-0.089,2.66,1.12,0.77
37180.0,-9.911,-0.079,-0.093,-9.88,-0.084,-0.036,2.73,1.19,0.84
,-9.902,-0.074,-0.105,-9.899,-0.065,-0.122,2.8,1.26,0.91
,-9.904,-0.096,-0.084,-9.895,-0.067,-0.096,2.59,1.05,0.77
,-9.897,-0.06,-0.081,-9.876,-0.043,-0.089,2.66,1.12,0.77
37256.0,-9.897,-0.048,-0.124,-9.981,-0.062,-0.091,2.59,0.98,0.7
,-9.957,-0.084,-0.05,-9.89,-0.077,-0.05,2.66,1.19,0.84
,-9.945,-0.074,-0.098,-9.895,-0.079,-0.096,2.59,1.05,0.77
,-9.897,-0.086,-0.091,-9.916,-0.055,-0.105,2.73,1.12,0.77
37331.0,-9.878,-0.06,-0.098,-9.885,-0.072,-0.062,2.66,1.19,0.77
,-9.904,-0.105,-0.086,-9.864,-0.062,-0.117,2.8,1.19,0.84
,-9.895,-0.115,-0.098,-9.897,-0.074,-0.086,2.8,1.26,0.84
,-9.904,-0.062,-0.093,-9.914,-0.074,-0.057,2.59,1.12,0.77
37407.0,-9.871,-0.072,-0.112,-9.909,-0.053,-0.105,2.8,1.26,0.84
,-9.873,-0.096,-0.115,-9.904,-0.103,-0.11,2.73,1.12,0.77
,-9.911,-0.048,-0.117,-9.902,-0.074,-0.098,2.66,1.26,0.84
,-9.921,-0.084,-0.103,-9.88,-0.072,-0.11,2.66,0.98,0.77
37483.0,-9.859,-0.079,-0.105,-9.847,-0.091,-0.108,2.66,1.19,0.77
,-9.921,-0.06,-0.122,-9.88,-0.101,-0.101,2.59,1.12,0.77
,-9.849,-0.057,-0.074,-9.904,-0.077,-0.067,2.73,0.98,0.77
,-9.873,-0.067,-0.093,-9.89,-0.086,-0.096,2.73,1.19,0.91
37559.0,-9.885,-0.103,-0.096,-9.909,-0.077,-0.089,2.59,1.19,0.77
,-9.916,-0.098,-0.069,-9.88,-0.098,-0.11,2.66,0.98,0.77
,-9.866,-0.062,-0.077,-9.909,-0.091,-0.069,2.73,1.19,0.91
,-9.935,-0.117,-0.091,-9.873,-0.069,-0.096,2.66,1.12,0.77
37634.0,-9.892,-0.084,-0.074,-9.883,-0.06,-0.079,2.73,1.19,0.7
,-9.943,-0.072,-0.105,-9.885,-0.086,-0.108,2.8,1.12,0.84
,-9.885,-0.065,-0.077,-9.933,-0.069,-0.084,2.73,0.98,0.77
,-9.904,-0.074,-0.093,-9.919,-0.098,-0.081,2.8,1.12,0.77
37710.0,-9.897,-0.077,-0.091,-9.871,-0.079,-0.098,2.73,1.12,0.77
,-9.904,-0.045,-0.065,-9.897,-0.074,-0.069,2.66,1.05,0.84
,-9.871,-0.074,-0.069,-9.887,-0.108,-0.103,2.66,1.12,0.84
,-9.88,-0.093,-0.127,-9.895,-0.048,-0.077,2.59,1.12,0.77
37785.0,-9.876,-0.062,-0.093,-9.88,-0.065,-0.091,2.52,1.12,0.84
,-9.892,-0.06,-0.05,-9.935,-0.115,-0.072,2.73,1.26,0.91
,-9.928,-0.067,-0.079,-9.892,-0.079,-0.065,2.73,1.26,0.84
,-9.895,-0.074,-0.122,-9.907,-0.096,-0.16,2.73,0.98,0.77
37861.0,-9.907,-0.089,-0.072,-9.897,-0.065,-0.132,2.59,1.05,0.84
,-9.904,-0.065,-0.084,-9.873,-0.084,-0.108,2.66,1.26,0.91
,-9.895,-0.112,-0.091,-9.907,-0.067,-0.11,2.59,1.19,0.84
,-9.928,-0.06,-0.098,-9.892,-0.067,-0.086,2.73,1.26,0.84
37937.0,-9.887,-0.115,-0.084,-9.861,-0.072,-0.093,2.73,1.19,0.91
,-9.897,-0.086,-0.086,-9.911,-0.098,-0.067,2.73,1.19,0.84
,-9.904,-0.089,-0.136,-9.887,-0.074,-0.081,2.73,1.12,0.84
,-9.907,-0.057,-0.096,-9.885,-0.101,-0.096,2.8,1.12,0.77
38013.0,-9.928,-0.103,-0.084,-9.933,-0.057,-0.108,2.73,1.05,0.77
,-9.907,-0.065,-0.081,-9.883,-0.067,-0.077,2.73,1.05,0.77
,-9.883,-0.072,-0.072,-9.916,-0.055,-0.103,2.66,1.12,0.84
,-9.919,-0.086,-0.067,-9.88,-0.069,-0.098,2.73,1.12,0.77
38088.0,-9.909,-0.103,-0.108,-9.854,-0.084,-0.091,2.8,1.4,0.98
,-9.892,-0.05,-0.067,-9.897,-0.096,-0.074,2.8,1.33,0.98
,-9.914,-0.103,-0.065,-9.923,-0.074,-0.108,2.66,1.12,0.84
,-9.904,-0.072,-0.084,-9.897,-0.101,-0.108,2.66,1.26,0.91
38164.0,-9.902,-0.069,-0.084,-9.909,-0.05,-0.062,2.66,1.26,0.84
,-9.873,-0.065,-0.074,-9.919,-0.062,-0.108,2.59,1.26,0.91
,-9.895,-0.11,-0.093,-9.928,-0.115,-0.086,2.66,1.05,0.7
,-9.923,-0.065,-0.084,-9.899,-0.112,-0.098,2.66,1.19,0.7
38240.0,-9.904,-0.096,-0.091,-9.852,-0.053,-0.108,2.59,1.26,0.84
,-9.88,-0.089,-0.117,-9.907,-0.072,-0.086,2.66,1.19,0.84
,-9.907,-0.069,-0.098,-9.878,-0.055,-0.11,2.73,1.33,0.84
,-9.842,-0.065,-0.096,-9.919,-0.072,-0.098,2.8,1.19,0.84
38316.0,-9.897,-0.065,-0.105,-9.861,-0.079,-0.117,2.66,0.98,0.77
,-9.919,-0.084,-0.093,-9.902,-0.069,-0.093,2.8,1.12,0.84
,-9.895,-0.084,-0.129,-9.911,-0.086,-0.112,2.73,1.12,0.77
,-9.89,-0.086,-0.086,-9.914,-0.086,-0.12,2.66,1.12,0.84
38392.0,-9.895,-0.062,-0.091,-9.926,-0.072,-0.096,2.66,0.98,0.77
,-9.895,-0.11,-0.105,-9.895,-0.081,-0.06,2.66,0.84,0.77
,-9.897,-0.05,-0.057,-9.887,-0.072,-0.096,2.59,1.05,0.77
,-9.897,-0.086,-0.084,-9.883,-0.069,-0.067,2.73,1.05,0.7
38467.0,-9.854,-0.05,-0.086,-9.897,-0.074,-0.065,2.66,1.05,0.84
,-9.856,-0.081,-0.11,-9.895,-0.086,-0.139,2.73,1.12,0.84
,-9.923,-0.091,-0.062,-9.899,-0.074,-0.122,2.66,1.05,0.77
,-9.887,-0.108,-0.101,-9.921,-0.062,-0.091,2.73,1.19,0.77
38543.0,-9.899,-0.074,-0.069,-9.885,-0.077,-0.105,2.66,1.12,0.84
,-9.902,-0.069,-0.096,-9.854,-0.105,-0.072,2.66,1.19,0.84
,-9.911,-0.086,-0.081,-9.964,-0.093,-0.098,2.73,1.12,0.84
,-9.871,-0.077,-0.055,-9.895,-0.086,-0.034,2.73,1.05,0.77
38618.0,-9.914,-0.103,-0.098,-9.911,-0.065,-0.11,2.59,0.98,0.77
,-9.938,-0.084,-0.12,-9.876,-0.062,-0.108,2.66,1.05,0.7
,-9.892,-0.067,-0.077,-9.887,-0.091,-0.101,2.73,1.19,0.7
,-9.861,-0.065,-0.089,-9.895,-0.079,-0.041,2.73,1.05,0.77
38694.0,-9.914,-0.084,-0.081,-9.904,-0.055,-0.086,2.66,1.05,0.77
,-9.902,-0.065,-0.077,-9.861,-0.05,-0.057,2.8,1.19,0.84
,-9.892,-0.105,-0.074,-9.921,-0.105,-0.057,2.73,1.05,0.84
,-9.902,-0.103,-0.105,-9.88,-0.048,-0.139,2.73,0.98,0.84
38770.0,-9.911,-0.115,-0.115,-9.907,-0.086,-0.124,2.66,1.12,0.77
,-9.911,-0.103,-0.084,-9.909,-0.084,-0.077,2.73,1.05,0.77
,-9.899,-0.079,-0.096,-9.907,-0.055,-0.105,2.73,1.12,0.91
,-9.914,-0.026,-0.038,-9.895,-0.062,-0.108,2.73,1.26,0.77
38846.0,-9.909,-0.077,-0.062,-9.895,-0.072,-0.12,2.73,1.12,0.77
,-9.899,-0.074,-0.089,-9.907,-0.065,-0.101,2.8,1.19,0.84
,-9.907,-0.067,-0.084,-9.88,-0.122,-0.072,2.66,1.12,0.84
,-9.873,-0.091,-0.065,-9.909,-0.026,-0.074,2.73,1.05,0.77
38921.0,-9.873,-0.067,-0.129,-9.909,-0.072,-0.11,2.66,1.19,0.84
,-9.897,-0.077,-0.105,-9.974,-0.05,-0.096,2.59,1.19,0.77
,-9.885,-0.084,-0.069,-9.904,-0.084,-0.062,2.59,1.19,0.84
,-9.952,-0.069,-0.077,-9.933,-0.053,-0.134,2.73,1.12,0.77
38997.0,-9.895,-0.053,-0.089,-9.873,-0.108,-0.074,2.59,1.12,0.77
,-9.892,-0.031,-0.086,-9.902,-0.091,-0.103,2.8,1.33,0.84
,-9.887,-0.074,-0.077,-9.907,-0.057,-0.053,2.66,1.19,0.77
,-9.947,-0.081,-0.103,-9.873,-0.074,-0.074,2.66,1.19,0.77
39073.0,-9.897,-0.05,-0.093,-9.897,-0.084,-0.12,2.73,1.26,0.84
,-9.852,-0.072,-0.132,-9.928,-0.055,-0.065,2.66,1.26,0.84
,-9.914,-0.081,-0.112,-9.868,-0.081,-0.062,2.59,1.12,0.84
,-9.897,-0.084,-0.112,-9.904,-0.072,-0.069,2.73,1.4,0.98
39149.0,-9.895,-0.096,-0.122,-9.892,-0.05,-0.089,2.73,1.19,0.77
,-9.919,-0.089,-0.117,-9.931,-0.096,-0.105,2.66,1.12,0.84
,-9.923,-0.053,-0.086,-9.868,-0.074,-0.084,2.66,1.12,0.77
,-9.914,-0.041,-0.065,-9.919,-0.081,-0.096,2.8,1.12,0.77
39225.0,-9.902,-0.081,-0.069,-9.926,-0.057,-0.084,2.73,1.12,0.84
,-9.907,-0.091,-0.11,-9.904,-0.084,-0.089,2.73,1.12,0.77
,-9.868,-0.072,-0.096,-9.864,-0.065,-0.117,2.8,1.26,0.84
,-9.899,-0.117,-0.086,-9.94,-0.074,-0.089,2.73,1.26,0.84
39300.0,-9.89,-0.072,-0.105,-9.935,-0.057,-0.089,2.59,1.12,0.91
,-9.895,-0.105,-0.089,-9.911,-0.089,-0.105,2.66,1.19,0.84
,-9.907,-0.048,-0.103,-9.897,-0.096,-0.103,2.59,1.12,0.77
,-9.892,-0.089,-0.105,-9.911,-0.077,-0.11,2.66,1.19,0.77
