Timestamp,AccX,AccY,AccZ,GyroX,GyroY,GyroZ,MagnX,MagnY,MagnZ
0.0,-0.002,0.029,9.966,-0.031,0.038,9.986,2.66,1.33,0.84
,-0.019,0.065,10.007,-0.014,0.041,9.969,2.73,1.61,0.84
,-0.034,0.029,9.957,-0.012,0.024,10.0,2.66,1.47,0.77
,-0.012,0.055,9.988,-0.005,0.043,9.99,2.73,1.4,0.77
76.0,-0.031,0.0,9.976,0.029,0.055,9.986,2.59,1.47,0.77
,0.019,0.031,9.964,-0.065,0.041,9.974,2.73,1.26,0.7
,-0.01,0.041,9.964,-0.031,0.034,9.976,2.73,1.33,0.7
,-0.01,0.065,9.99,-0.072,0.031,9.993,2.66,1.4,0.84
152.0,-0.01,0.057,9.957,0.005,0.05,9.983,2.66,1.54,0.84
,0.002,0.053,9.983,0.029,0.034,9.95,2.66,1.4,0.84
,-0.034,0.031,9.983,-0.045,0.031,9.99,2.66,1.47,0.77
,-0.034,0.036,9.998,0.043,0.055,9.94,2.59,1.26,0.7
227.0,-0.041,0.034,9.976,-0.01,0.038,9.95,2.73,1.4,0.84
,-0.022,-0.007,9.959,-0.05,0.06,9.966,2.73,1.26,0.77
,-0.01,0.045,10.0,-0.055,0.012,9.99,2.66,1.4,0.7
,-0.012,0.031,9.957,-0.055,0.057,9.99,2.73,1.4,0.77
302.0,-0.007,0.034,9.995,-0.014,0.031,9.995,2.73,1.61,0.84
,-0.024,0.062,9.959,-0.017,0.036,9.94,2.66,1.4,0.84
,-0.026,0.048,9.974,-0.067,0.034,9.957,2.73,1.4,0.7
,-0.019,0.024,9.962,-0.05,0.024,9.962,2.66,1.33,0.7
378.0,-0.074,0.031,9.998,-0.036,0.053,10.0,2.59,1.4,0.77
,-0.045,0.081,9.962,-0.045,0.045,10.0,2.8,1.54,0.84
,-0.022,0.01,9.971,-0.024,0.024,9.976,2.73,1.47,0.77
,-0.022,0.031,10.005,-0.038,0.038,9.981,2.59,1.54,0.77
454.0,-0.034,0.01,9.962,-0.012,0.019,10.0,2.73,1.54,0.77
,0.002,0.022,9.983,-0.053,0.012,9.957,2.73,1.47,0.84
,-0.017,0.05,9.95,-0.017,0.029,9.974,2.8,1.54,0.77
,-0.031,0.031,9.993,-0.019,0.045,9.969,2.66,1.4,0.7
530.0,-0.053,0.048,9.974,-0.036,0.067,9.988,2.66,1.4,0.7
,-0.01,0.019,9.957,0.0,0.034,9.974,2.66,1.47,0.77
,-0.031,0.069,10.005,-0.026,0.019,9.99,2.66,1.4,0.77
,-0.081,0.031,10.014,-0.024,0.012,9.964,2.73,1.47,0.84
605.0,-0.038,0.055,9.986,-0.036,0.06,9.962,2.73,1.26,0.7
,-0.019,0.062,9.959,0.0,0.036,10.012,2.59,1.33,0.7
,-0.012,0.057,9.976,-0.019,0.055,9.962,2.73,1.4,0.77
,-0.055,0.05,9.993,-0.024,0.022,9.974,2.66,1.4,0.77
681.0,-0.038,0.048,9.95,-0.014,0.043,9.952,2.73,1.33,0.77
,-0.017,0.069,9.983,-0.007,0.019,9.931,2.8,1.47,0.84
,0.0,0.01,10.01,0.005,0.045,9.995,2.73,1.54,0.84
,-0.024,0.074,10.0,-0.022,0.072,9.935,2.66,1.47,0.77
757.0,-0.01,0.045,9.983,-0.022,0.034,10.021,2.66,1.33,0.77
,-0.041,0.022,10.002,0.019,0.034,9.969,2.66,1.47,0.84
,0.002,0.036,10.005,-0.041,0.053,9.964,2.73,1.26,0.7
,-0.014,0.014,9.974,-0.022,0.036,9.986,2.66,1.33,0.7
832.0,-0.06,0.045,10.01,-0.019,0.053,9.988,2.73,1.4,0.84
,-0.06,0.034,9.995,-0.043,0.048,9.983,2.73,1.4,0.84
,-0.007,0.072,9.966,-0.048,0.065,9.988,2.73,1.47,0.77
,-0.022,0.041,9.969,-0.024,0.041,9.974,2.66,1.54,0.84
908.0,0.005,0.081,9.964,-0.043,0.057,9.969,2.66,1.33,0.63
,-0.031,0.072,10.026,-0.034,0.038,9.988,2.66,1.26,0.84
,-0.031,0.072,9.998,0.0,0.05,10.0,2.73,1.26,0.77
,-0.048,0.05,9.998,0.031,0.048,9.969,2.66,1.4,0.84
984.0,0.002,0.045,9.99,-0.05,0.01,9.971,2.73,1.33,0.77
,0.019,0.072,9.969,-0.024,-0.002,9.945,2.73,1.33,0.77
,-0.034,0.012,9.959,-0.024,0.043,10.0,2.66,1.19,0.7
,-0.019,0.019,9.933,-0.026,0.038,9.983,2.73,1.4,0.77
1060.0,0.002,0.045,9.966,0.007,0.029,9.966,2.73,1.4,0.84
,-0.029,0.057,9.964,-0.017,0.048,9.938,2.66,1.47,0.77
,-0.053,0.045,9.988,-0.01,0.057,9.981,2.66,1.33,0.7
,-0.038,0.065,9.983,-0.024,0.041,9.971,2.73,1.47,0.84
1135.0,-0.017,0.067,9.978,-0.007,0.062,9.962,2.73,1.4,0.84
,-0.045,0.072,9.974,0.0,0.043,9.978,2.66,1.33,0.77
,-0.019,0.038,9.974,-0.014,0.05,10.029,2.59,1.33,0.77
,-0.019,0.043,9.964,0.002,0.005,9.95,2.8,1.47,0.84
1211.0,0.014,0.01,9.957,-0.038,0.038,9.947,2.73,1.4,0.63
,-0.014,0.029,9.969,0.017,0.06,9.964,2.8,1.33,0.77
,-0.034,0.012,9.974,-0.014,0.06,9.993,2.73,1.47,0.84
,-0.005,0.029,10.0,-0.045,0.043,9.957,2.73,1.54,0.84
1287.0,-0.031,0.038,9.995,-0.034,0.031,9.983,2.73,1.26,0.77
,0.017,0.06,9.962,-0.026,0.045,10.0,2.73,1.33,0.77
,0.026,-0.005,9.983,-0.031,0.043,9.974,2.66,1.26,0.77
,-0.024,0.079,9.978,0.007,0.014,9.995,2.59,1.26,0.7
1363.0,-0.012,0.024,9.976,0.024,0.089,9.981,2.73,1.33,0.77
,-0.007,0.06,10.0,-0.005,0.002,9.978,2.73,1.19,0.77
,-0.05,0.038,9.969,-0.048,0.048,9.974,2.73,1.4,0.7
,-0.022,0.038,9.988,-0.034,0.024,9.993,2.66,1.47,0.84
1438.0,-0.045,0.005,10.002,-0.029,0.022,9.993,2.66,1.4,0.77
,0.014,0.038,9.99,-0.017,0.057,9.983,2.66,1.33,0.77
,-0.045,0.053,9.995,0.019,-0.014,9.954,2.73,1.33,0.77
,-0.01,0.043,9.976,-0.017,0.057,9.976,2.66,1.26,0.77
1514.0,-0.012,0.057,9.986,-0.05,0.055,9.964,2.8,1.4,0.77
,-0.045,0.062,9.964,-0.043,0.053,9.947,2.73,1.26,0.77
,-0.034,0.038,9.966,0.0,-0.002,9.969,2.73,1.33,0.77
,0.014,0.045,9.998,0.01,0.022,9.988,2.73,1.26,0.77
1589.0,0.005,0.072,9.981,-0.026,0.048,9.99,2.66,1.47,0.84
,-0.005,0.038,9.998,-0.065,0.062,10.0,2.66,1.61,0.84
,-0.007,0.038,9.986,-0.026,0.055,9.988,2.66,1.47,0.77
,-0.05,0.026,9.959,-0.041,0.057,9.988,2.66,1.47,0.77
1665.0,-0.014,0.038,10.002,-0.022,0.065,9.969,2.66,1.4,0.77
,-0.012,0.048,9.938,-0.034,0.05,9.976,2.59,1.47,0.91
,-0.017,0.067,9.986,-0.062,0.045,9.964,2.59,1.19,0.77
,-0.053,0.034,9.99,-0.024,0.017,9.99,2.73,1.4,0.7
1741.0,-0.01,0.053,9.978,-0.002,0.041,9.969,2.73,1.33,0.77
,-0.034,0.043,10.012,-0.031,0.002,9.962,2.8,1.54,0.84
,-0.041,0.05,9.964,-0.041,0.045,10.01,2.73,1.47,0.84
,-0.053,0.002,9.976,-0.01,0.034,10.021,2.59,1.19,0.7
1817.0,-0.055,0.031,10.01,-0.026,0.026,9.962,2.66,1.4,0.7
,-0.043,0.057,10.012,-0.053,0.065,9.993,2.66,1.26,0.7
,-0.01,0.029,9.962,0.0,0.019,9.971,2.73,1.26,0.7
,-0.002,0.045,9.998,0.026,0.053,9.964,2.8,1.26,0.77
1893.0,-0.036,0.024,9.976,-0.074,0.043,10.002,2.73,1.33,0.84
,-0.057,0.034,9.974,-0.019,0.034,9.978,2.73,1.61,0.91
,-0.038,0.038,9.995,-0.022,0.053,9.983,2.59,1.47,0.77
,-0.019,0.0,9.971,-0.053,0.041,9.962,2.66,1.47,0.77
1968.0,-0.007,0.062,10.012,0.01,0.014,9.986,2.66,1.47,0.7
,0.017,0.06,9.998,-0.031,0.017,9.986,2.66,1.54,0.77
,-0.017,0.043,9.971,-0.069,0.036,9.964,2.59,1.4,0.77
,-0.031,0.043,9.988,-0.019,0.053,9.974,2.73,1.12,0.7
2044.0,0.0,0.057,9.998,-0.005,0.057,9.986,2.8,1.47,0.84
,0.01,0.05,9.976,-0.017,0.081,9.988,2.94,1.54,0.91
,-0.012,0.06,10.012,-0.041,0.048,9.99,2.73,1.47,0.84
,-0.019,0.048,9.978,-0.019,0.074,9.981,2.73,1.61,0.84
2120.0,-0.05,0.069,9.988,-0.005,0.074,9.986,2.73,1.33,0.77
,0.007,0.034,10.007,-0.002,0.06,10.021,2.73,1.4,0.84
,-0.034,0.06,10.014,-0.024,0.014,9.962,2.8,1.26,0.77
,-0.019,0.072,10.005,-0.012,0.057,10.014,2.8,1.33,0.7
2196.0,-0.026,0.043,9.969,-0.043,0.045,9.981,2.66,1.33,0.77
,-0.012,0.029,9.957,-0.041,0.079,9.933,2.73,1.47,0.77
,-0.002,0.053,10.002,0.01,0.065,9.995,2.66,1.47,0.7
,-0.034,0.062,9.971,-0.01,0.065,9.969,2.66,1.26,0.77
2271.0,0.005,0.062,10.01,-0.014,0.041,9.986,2.66,1.4,0.7
,-0.062,0.036,10.017,-0.012,0.057,9.978,2.73,1.47,0.84
,-0.012,0.036,10.01,-0.038,0.036,9.988,2.8,1.47,0.77
,-0.012,0.036,9.988,-0.024,0.065,10.007,2.66,1.4,0.77
2347.0,-0.005,0.022,10.005,-0.019,0.045,9.993,2.73,1.26,0.77
,-0.034,0.045,9.95,0.024,0.048,9.981,2.73,1.33,0.77
,-0.05,0.026,10.005,-0.007,0.045,9.99,2.59,1.4,0.77
,-0.031,0.062,9.988,-0.024,0.007,9.993,2.73,1.4,0.7
2422.0,-0.017,0.055,10.0,-0.014,0.026,9.971,2.73,1.33,0.77
,0.005,0.022,9.933,-0.048,0.067,9.971,2.59,1.4,0.84
,-0.024,0.057,9.988,-0.029,0.05,9.988,2.59,1.4,0.77
,-0.036,0.024,10.021,-0.007,0.043,10.0,2.59,1.33,0.77
2498.0,-0.026,0.041,9.959,-0.036,0.05,9.974,2.66,1.54,0.91
,-0.014,0.0,10.0,-0.036,0.06,10.043,2.66,1.4,0.77
,-0.014,0.045,9.954,-0.017,0.026,9.978,2.66,1.4,0.77
,-0.034,0.041,9.99,-0.062,0.041,10.017,2.66,1.4,0.77
2574.0,-0.036,0.029,9.998,-0.053,0.041,10.0,2.66,1.47,0.77
,0.005,0.05,9.988,-0.031,0.017,9.981,2.59,1.47,0.77
,-0.007,0.067,9.99,-0.007,0.045,9.976,2.66,1.26,0.77
,-0.017,0.065,9.995,-0.072,0.065,9.976,2.73,1.33,0.7
2650.0,-0.024,0.031,10.017,-0.036,0.022,9.99,2.66,1.33,0.84
,0.002,0.034,9.993,-0.034,0.05,9.988,2.66,1.4,0.77
,-0.01,0.06,9.993,-0.026,0.065,9.986,2.8,1.54,0.77
,-0.012,0.048,9.981,-0.041,0.06,9.957,2.73,1.54,0.77
2725.0,-0.038,0.067,10.002,-0.045,0.062,9.981,2.73,1.54,0.84
,-0.022,0.045,9.995,-0.019,0.031,10.01,2.73,1.47,0.84
,-0.014,0.007,9.976,-0.022,0.043,9.995,2.73,1.33,0.7
,-0.029,0.045,9.962,-0.045,0.055,10.012,2.59,1.33,0.77
2801.0,0.012,0.012,9.954,-0.017,0.034,9.986,2.73,1.33,0.84
,0.0,0.038,9.993,-0.022,0.05,10.007,2.66,1.33,0.7
,-0.014,0.043,10.038,-0.034,0.043,9.95,2.66,1.4,0.77
,-0.065,0.038,9.99,-0.055,0.067,9.954,2.73,1.4,0.84
2876.0,0.022,0.045,9.983,-0.048,0.024,10.0,2.73,1.4,0.77
,-0.043,0.067,9.983,-0.038,0.017,9.971,2.8,1.47,0.77
,-0.005,0.031,10.019,-0.043,0.101,10.019,2.66,1.26,0.63
,-0.019,0.022,9.981,-0.031,0.041,9.983,2.73,1.4,0.77
2952.0,-0.041,0.019,10.0,-0.022,0.002,9.99,2.66,1.33,0.7
,-0.065,0.014,10.033,-0.034,0.057,9.981,2.66,1.19,0.63
,-0.038,0.038,9.974,0.01,0.022,10.019,2.73,1.33,0.7
,-0.029,0.06,9.993,-0.062,0.036,9.971,2.8,1.68,0.84
3028.0,-0.038,0.019,9.945,-0.05,0.029,10.0,2.8,1.33,0.77
,-0.007,0.036,10.0,-0.01,0.019,10.0,2.73,1.33,0.77
,-0.036,0.012,9.983,-0.034,0.053,9.971,2.8,1.33,0.77
,-0.01,0.06,9.964,-0.002,0.034,10.014,2.66,1.33,0.77
3104.0,-0.007,0.072,9.981,0.0,-0.019,10.002,2.66,1.4,0.7
,-0.034,0.029,9.995,-0.002,0.043,9.971,2.73,1.54,0.77
,-0.007,0.053,9.983,-0.048,0.053,9.959,2.66,1.26,0.7
,-0.017,0.041,9.976,-0.017,0.045,10.005,2.73,1.33,0.77
3180.0,-0.019,0.007,9.978,-0.002,0.062,10.0,2.66,1.4,0.7
,0.014,0.057,9.976,-0.057,0.034,9.957,2.59,1.4,0.7
,-0.045,0.065,9.981,-0.031,0.036,9.995,2.73,1.54,0.77
,-0.019,0.091,9.993,-0.074,0.06,9.983,2.73,1.47,0.84
3255.0,-0.036,0.074,10.031,-0.01,0.048,9.983,2.73,1.54,0.84
,-0.043,0.041,9.962,-0.01,0.036,9.988,2.73,1.47,0.77
,-0.005,0.06,9.976,-0.034,0.043,9.986,2.66,1.4,0.77
,-0.06,0.036,9.995,-0.031,0.043,9.966,2.66,1.4,0.77
3331.0,-0.019,0.057,9.945,-0.017,0.031,9.978,2.66,1.33,0.77
,0.007,0.041,9.978,0.0,0.026,9.971,2.66,1.33,0.7
,-0.045,0.043,9.952,-0.055,0.026,9.99,2.66,1.33,0.7
,-0.065,0.024,9.933,-0.034,0.045,10.007,2.66,1.4,0.84
3407.0,-0.014,0.062,9.954,-0.022,0.019,9.99,2.66,1.47,0.84
,-0.05,0.036,9.995,-0.05,0.038,9.993,2.59,1.4,0.77
,-0.029,0.069,9.95,-0.01,0.072,9.95,2.59,1.33,0.84
,0.005,0.065,9.969,0.002,0.019,9.954,2.73,1.33,0.77
3483.0,-0.017,0.048,9.978,-0.029,0.019,9.983,2.66,1.47,0.7
,-0.045,0.029,9.964,-0.014,-0.012,9.966,2.66,1.26,0.77
,-0.024,0.029,10.005,-0.034,0.031,9.993,2.59,1.4,0.84
,-0.048,0.045,10.012,-0.05,0.05,10.019,2.66,1.33,0.77
3558.0,-0.036,0.067,10.007,-0.012,0.014,9.976,2.73,1.26,0.77
,0.014,0.029,9.995,-0.022,0.048,9.986,2.66,1.26,0.77
,-0.055,0.017,9.983,-0.012,0.041,9.998,2.59,1.4,0.77
,-0.055,0.019,9.976,-0.014,0.065,9.983,2.59,1.26,0.77
3634.0,-0.036,0.036,9.976,0.034,0.031,10.002,2.66,1.33,0.77
,-0.01,0.072,9.94,-0.038,0.034,10.019,2.73,1.4,0.77
,-0.022,0.029,9.983,-0.041,0.026,9.969,2.73,1.54,0.84
,-0.045,0.057,9.981,-0.05,0.034,9.964,2.66,1.47,0.77
3709.0,0.007,0.041,10.0,-0.034,0.034,9.988,2.66,1.26,0.7
,-0.041,0.024,9.993,-0.053,0.007,9.986,2.66,1.33,0.7
,-0.043,0.062,9.974,-0.019,0.005,10.014,2.73,1.47,0.84
,-0.077,0.06,9.966,-0.012,0.043,9.957,2.73,1.47,0.91
3785.0,0.0,0.069,9.966,-0.041,0.084,10.014,2.66,1.26,0.77
,-0.057,0.057,10.019,-0.034,0.036,10.012,2.59,1.26,0.77
,-0.005,0.05,10.007,-0.026,0.05,9.993,2.59,1.26,0.63
,-0.017,0.065,10.0,-0.036,0.043,9.976,2.73,1.26,0.77
3861.0,0.002,0.06,9.952,-0.038,0.053,9.978,2.66,1.33,0.77
,0.019,0.022,10.007,-0.01,0.048,9.974,2.66,1.47,0.7
,-0.029,0.072,9.995,0.002,0.012,9.952,2.73,1.33,0.84
,-0.045,0.043,10.012,-0.043,0.034,9.976,2.66,1.19,0.7
3937.0,-0.031,0.019,9.99,-0.034,0.053,9.974,2.73,1.4,0.91
,-0.019,0.048,9.981,-0.05,0.026,9.986,2.59,1.47,0.84
,-0.017,0.026,9.976,-0.029,0.05,9.966,2.66,1.33,0.77
,-0.007,0.024,10.005,-0.036,0.062,10.024,2.8,1.47,0.77
4013.0,-0.06,0.031,10.0,-0.057,0.026,10.0,2.66,1.26,0.77
,-0.017,0.041,9.983,-0.038,0.024,9.99,2.73,1.4,0.7
,-0.01,0.05,9.993,-0.014,0.05,9.974,2.66,1.47,0.7
,-0.045,0.041,9.99,-0.041,0.007,10.017,2.73,1.26,0.84
4088.0,-0.029,0.038,10.007,-0.019,0.084,9.966,2.66,1.47,0.84
,0.005,0.024,9.974,-0.024,0.026,9.998,2.66,1.47,0.77
,-0.026,0.002,9.99,-0.026,0.069,9.983,2.73,1.4,0.84
,-0.024,0.055,9.983,-0.026,0.031,9.959,2.73,1.4,0.84
4164.0,-0.041,0.041,9.978,-0.014,0.048,9.99,2.73,1.47,0.77
,-0.034,0.019,9.983,-0.055,0.06,9.947,2.8,1.47,0.84
,0.017,0.05,9.976,-0.019,0.043,9.974,2.66,1.19,0.77
,-0.053,0.029,9.993,0.022,-0.007,9.931,2.66,1.4,0.77
4240.0,-0.031,0.062,9.988,-0.007,0.041,9.99,2.66,1.4,0.77
,-0.038,0.029,9.99,-0.022,0.01,10.021,2.66,1.33,0.77
,0.022,0.036,9.988,-0.014,0.043,10.002,2.66,1.33,0.77
,-0.019,0.026,9.986,-0.022,0.06,9.986,2.73,1.33,0.77
4316.0,-0.057,0.041,9.99,-0.014,0.031,9.962,2.73,1.26,0.77
,0.034,0.019,9.988,-0.041,0.041,9.99,2.73,1.4,0.91
,-0.041,0.0,9.952,-0.022,0.055,9.976,2.59,1.33,0.7
,-0.017,0.084,10.043,0.002,0.048,10.017,2.8,1.33,0.7
4391.0,-0.017,0.036,9.995,-0.043,0.053,10.012,2.66,1.26,0.7
,-0.034,0.029,10.007,-0.01,0.036,9.947,2.66,1.4,0.77
,-0.026,0.055,9.969,-0.072,0.041,10.017,2.73,1.47,0.91
,-0.017,0.045,9.983,-0.019,0.05,9.954,2.59,1.47,0.91
4467.0,-0.022,0.045,9.971,-0.041,0.0,9.986,2.66,1.26,0.77
,-0.038,0.05,9.993,-0.034,0.06,9.969,2.73,1.4,0.84
,-0.022,0.067,9.976,0.014,0.06,9.981,2.66,1.19,0.7
,-0.029,0.017,9.981,0.0,0.057,10.007,2.87,1.4,0.84
4542.0,0.005,0.041,9.99,-0.026,0.093,9.986,2.59,1.4,0.77
,-0.036,0.055,9.971,-0.045,0.038,9.945,2.66,1.54,0.77
,-0.045,0.012,9.952,-0.031,0.041,10.026,2.59,1.26,0.63
,-0.036,0.045,9.962,0.005,0.022,9.976,2.59,1.19,0.63
4618.0,-0.019,0.043,9.988,0.0,0.024,9.983,2.66,1.4,0.77
,-0.05,0.05,9.983,-0.031,0.053,9.974,2.73,1.33,0.77
,-0.048,0.036,9.954,-0.05,0.043,10.007,2.59,1.33,0.77
,-0.055,0.019,10.0,-0.031,0.031,9.99,2.66,1.33,0.77
4694.0,-0.005,0.062,9.95,-0.026,0.012,9.99,2.59,1.47,0.84
,-0.002,0.045,9.976,-0.019,0.086,9.99,2.66,1.4,0.84
,-0.043,0.053,9.971,0.0,0.029,9.969,2.73,1.26,0.77
,-0.012,0.062,9.947,-0.029,0.017,9.988,2.73,1.4,0.84
4770.0,-0.005,0.043,9.964,-0.048,0.045,9.998,2.66,1.47,0.84
,-0.024,0.048,9.988,-0.01,0.045,9.976,2.52,1.4,0.77
,-0.034,0.034,9.995,-0.05,0.055,10.0,2.52,1.33,0.77
,-0.031,0.034,9.957,-0.067,0.048,9.978,2.59,1.4,0.77
4845.0,-0.026,0.029,9.962,-0.012,0.053,9.959,2.66,1.54,0.77
,-0.034,0.05,9.99,0.0,0.062,9.976,2.66,1.47,0.84
,-0.065,0.057,9.986,-0.065,0.041,9.993,2.8,1.47,0.77
,-0.024,0.038,9.993,-0.031,0.024,9.971,2.66,1.47,0.84
4921.0,-0.014,0.024,9.962,-0.019,0.048,9.978,2.66,1.33,0.7
,-0.045,0.057,10.002,-0.017,0.036,9.947,2.66,1.33,0.7
,-0.045,0.045,10.017,-0.06,0.026,9.988,2.59,1.26,0.7
,-0.024,0.045,10.0,-0.002,0.038,9.983,2.8,1.33,0.77
4996.0,-0.05,-0.014,10.017,-0.048,0.007,9.981,2.59,1.19,0.63
,-0.012,0.029,9.988,-0.017,0.038,10.012,2.73,1.4,0.77
,-0.036,0.024,9.988,-0.017,0.067,9.988,2.66,1.4,0.84
,-0.022,0.055,10.014,-0.057,0.026,9.993,2.8,1.54,0.84
5072.0,0.01,0.007,9.988,-0.072,0.029,10.002,2.59,1.4,0.7
,-0.034,0.031,10.007,-0.005,0.045,10.007,2.66,1.47,0.84
,-0.034,0.041,10.007,-0.043,0.055,9.983,2.59,1.61,0.91
,-0.041,0.053,9.993,-0.026,0.031,9.981,2.66,1.61,0.91
5148.0,-0.014,0.045,9.983,-0.036,0.079,9.981,2.66,1.26,0.77
,0.019,0.069,9.99,-0.007,0.024,10.01,2.73,1.33,0.77
,0.002,0.048,9.995,-0.019,0.024,9.959,2.66,1.33,0.91
,-0.024,0.014,9.995,-0.005,0.041,9.983,2.73,1.26,0.84
5224.0,-0.01,0.072,10.01,-0.029,0.034,9.966,2.73,1.33,0.77
,-0.048,0.067,9.957,-0.067,0.045,9.981,2.73,1.33,0.77
,-0.034,0.062,9.981,0.022,0.048,9.974,2.73,1.4,0.77
,0.019,0.057,9.995,-0.029,0.048,9.986,2.73,1.4,0.84
5300.0,-0.034,0.022,9.95,-0.038,0.014,9.966,2.66,1.4,0.84
,-0.034,0.041,9.981,-0.041,0.048,9.995,2.66,1.33,0.84
,-0.041,0.043,10.002,0.0,0.045,9.966,2.66,1.26,0.77
,-0.014,0.036,9.974,-0.014,0.06,9.99,2.66,1.33,0.84
5375.0,-0.029,0.091,9.974,-0.01,0.055,10.014,2.73,1.47,0.84
,-0.007,0.043,10.005,-0.01,0.06,9.988,2.66,1.26,0.77
,-0.012,0.041,10.024,-0.005,0.038,9.995,2.59,1.26,0.7
,-0.026,-0.002,9.971,0.01,0.055,9.988,2.73,1.19,0.7
5451.0,0.005,0.045,10.005,-0.024,0.069,9.988,2.66,1.26,0.77
,-0.002,0.038,9.99,-0.012,0.036,9.983,2.66,1.33,0.77
,0.017,0.031,10.01,-0.026,0.057,9.974,2.66,1.33,0.77
,-0.048,0.067,9.971,-0.012,0.036,9.954,2.66,1.19,0.7
5527.0,-0.026,0.019,10.007,-0.034,0.041,10.026,2.66,1.47,0.77
,-0.034,0.017,10.007,-0.048,0.036,9.966,2.59,1.47,0.77
,-0.036,0.067,9.978,0.005,0.065,9.983,2.66,1.19,0.7
,-0.024,0.031,9.995,-0.005,0.048,9.957,2.8,1.4,0.77
5603.0,-0.026,0.038,9.976,-0.002,0.034,9.95,2.73,1.26,0.77
,-0.034,0.045,9.986,-0.01,0.065,9.983,2.73,1.47,0.84
,-0.045,0.038,9.978,-0.034,0.05,10.01,2.59,1.26,0.7
,-0.007,0.055,9.99,-0.031,0.067,10.01,2.52,1.26,0.7
5678.0,-0.012,0.041,9.981,-0.014,0.026,9.981,2.73,1.26,0.77
,-0.038,0.045,9.993,-0.026,0.036,9.995,2.73,1.4,0.77
,-0.017,0.045,10.0,-0.043,0.062,9.988,2.73,1.33,0.7
,-0.026,0.014,9.947,-0.024,0.034,9.943,2.66,1.12,0.7
5754.0,-0.012,0.053,9.981,-0.062,0.034,10.002,2.8,1.4,0.77
,-0.034,0.017,9.978,0.017,0.012,9.976,2.73,1.47,0.84
,-0.05,0.055,9.981,0.005,0.05,9.933,2.52,1.4,0.84
,-0.057,0.031,10.014,-0.026,0.057,9.978,2.66,1.26,0.84
5830.0,-0.06,-0.01,10.005,-0.038,0.041,10.014,2.59,1.33,0.77
,-0.067,0.06,9.976,-0.012,0.031,9.954,2.66,1.33,0.77
,-0.045,0.041,9.966,-0.053,0.045,9.983,2.8,1.4,0.63
,-0.01,0.077,10.012,-0.019,0.045,9.995,2.73,1.54,0.77
5906.0,-0.045,0.029,9.964,-0.036,0.065,9.969,2.66,1.26,0.77
,-0.022,0.074,9.964,-0.014,0.053,10.0,2.73,1.33,0.77
,-0.041,0.048,9.998,-0.019,0.031,9.962,2.8,1.4,0.84
,0.0,0.05,10.019,-0.029,0.043,9.969,2.8,1.4,0.77
5981.0,-0.05,0.069,9.983,0.029,0.014,10.005,2.73,1.33,0.77
,-0.017,0.077,9.978,-0.026,0.031,9.945,2.59,1.19,0.7
,-0.017,0.043,10.002,-0.01,0.024,10.0,2.52,1.19,0.63
,-0.034,0.024,9.986,-0.05,0.05,9.978,2.52,1.4,0.77
6057.0,-0.014,0.069,10.007,-0.022,0.055,9.954,2.59,1.26,0.77
,-0.017,0.031,9.971,-0.048,0.057,9.988,2.66,1.26,0.7
,0.005,0.024,9.971,-0.06,0.022,9.971,2.66,1.4,0.7
,-0.036,0.031,9.981,-0.038,0.045,9.94,2.73,1.47,0.77
6133.0,-0.043,0.012,9.976,0.012,0.069,9.986,2.66,1.47,0.84
,-0.012,0.038,9.988,-0.014,0.045,9.962,2.66,1.26,0.7
,-0.024,0.029,10.007,-0.019,0.038,9.983,2.59,1.4,0.91
,-0.005,-0.01,9.959,-0.043,0.045,9.986,2.66,1.47,0.77
6208.0,-0.05,0.022,9.974,-0.012,0.045,9.99,2.66,1.33,0.84
,-0.084,0.007,9.976,-0.031,0.041,9.954,2.59,1.33,0.84
,-0.01,0.086,9.94,-0.029,0.01,9.99,2.66,1.26,0.7
,-0.017,0.012,9.95,0.019,0.055,9.957,2.8,1.54,0.77
6284.0,-0.031,0.043,9.988,0.007,0.043,9.988,2.73,1.33,0.77
,-0.05,0.06,10.0,0.036,0.057,9.986,2.73,1.47,0.84
,-0.038,0.041,9.976,-0.024,0.036,10.0,2.59,1.4,0.84
,-0.038,0.034,10.045,-0.031,0.048,9.986,2.52,1.26,0.77
6360.0,-0.031,0.034,9.962,0.002,0.072,10.0,2.73,1.4,0.84
,-0.031,0.072,9.988,-0.034,0.045,10.002,2.73,1.19,0.77
,-0.031,0.026,9.971,-0.012,0.005,10.014,2.73,1.47,0.77
,-0.019,0.089,9.976,0.007,0.057,9.974,2.59,1.4,0.7
6436.0,-0.026,0.012,9.976,-0.014,0.031,10.017,2.73,1.33,0.7
,0.007,0.057,10.0,0.002,0.062,9.964,2.73,1.47,0.84
,-0.05,0.041,9.99,-0.019,0.05,10.01,2.73,1.4,0.84
,-0.038,0.079,9.993,-0.022,0.029,10.021,2.73,1.61,0.91
6511.0,-0.026,0.05,9.974,-0.014,0.038,9.976,2.73,1.4,0.77
,-0.005,0.048,9.974,-0.045,0.05,9.964,2.66,1.19,0.84
,-0.036,0.043,9.993,-0.029,0.062,9.981,2.66,1.26,0.7
,-0.002,0.034,9.981,-0.005,0.036,10.021,2.66,1.47,0.84
6587.0,-0.031,0.065,9.978,-0.026,0.067,9.998,2.66,1.33,0.7
,-0.041,0.045,9.981,-0.041,0.014,9.981,2.66,1.19,0.77
,0.0,0.048,9.99,-0.022,0.053,9.981,2.59,1.26,0.7
,0.029,0.024,9.957,-0.024,0.026,9.974,2.59,1.33,0.77
6663.0,-0.005,0.048,9.974,-0.038,0.031,10.029,2.66,1.33,0.77
,0.012,0.014,10.007,-0.053,0.043,9.99,2.66,1.4,0.77
,0.012,0.019,9.978,0.012,0.053,9.971,2.66,1.26,0.7
,-0.022,0.053,10.005,-0.05,0.017,9.957,2.66,1.19,0.7
6739.0,-0.017,0.074,10.002,-0.055,0.048,10.065,2.59,1.19,0.7
,-0.012,0.057,9.99,0.005,0.067,9.983,2.59,1.33,0.7
,-0.007,0.057,10.005,-0.045,0.038,10.031,2.73,1.19,0.63
,-0.026,0.067,9.971,-0.045,0.055,9.99,2.66,1.33,0.7
6814.0,0.022,0.043,10.017,-0.019,0.069,10.005,2.73,1.26,0.77
,-0.024,0.036,10.024,-0.055,0.031,9.976,2.73,1.26,0.77
,-0.036,0.034,9.99,-0.022,0.043,10.012,2.66,1.4,0.77
,-0.026,0.069,9.998,-0.055,0.045,10.012,2.73,1.47,0.84
6890.0,0.014,0.038,10.057,-0.022,0.01,9.99,2.66,1.26,0.84
,-0.019,0.043,9.995,0.014,0.034,9.998,2.66,1.26,0.77
,0.01,0.031,9.981,-0.041,0.017,9.94,2.66,1.33,0.84
,-0.017,0.053,10.002,-0.019,0.069,9.964,2.73,1.54,0.84
6965.0,0.01,0.043,9.998,-0.031,0.069,10.01,2.59,1.26,0.7
,0.007,0.067,10.012,-0.065,0.072,10.021,2.59,1.33,0.7
,-0.014,0.031,9.974,-0.031,0.05,9.99,2.59,1.33,0.77
,-0.06,0.014,10.014,-0.036,0.041,9.966,2.73,1.33,0.7
7041.0,-0.036,0.029,9.988,-0.053,0.045,9.974,2.73,1.47,0.77
,-0.005,0.06,9.981,-0.012,0.026,9.945,2.66,1.33,0.77
,-0.014,0.072,9.966,-0.019,0.034,9.983,2.59,1.33,0.77
,-0.043,0.014,9.969,-0.031,0.034,9.964,2.73,1.47,0.84
7117.0,-0.01,0.038,10.005,-0.01,0.062,10.021,2.66,1.4,0.77
,0.0,0.065,9.966,-0.014,0.065,9.971,2.73,1.4,0.84
,0.005,0.029,9.974,-0.01,0.038,10.002,2.66,1.33,0.77
,-0.017,0.029,9.966,-0.022,0.024,9.995,2.73,1.4,0.77
7193.0,-0.017,0.041,10.0,-0.036,0.01,9.981,2.66,1.26,0.7
,-0.017,0.041,10.005,-0.017,0.029,9.993,2.66,1.47,0.77
,-0.024,0.048,9.986,-0.024,0.057,9.978,2.8,1.54,0.91
,-0.045,0.053,9.986,-0.06,0.053,9.995,2.73,1.33,0.77
7269.0,0.005,0.038,9.976,-0.024,0.022,9.945,2.73,1.33,0.77
,-0.024,0.053,9.959,0.012,0.045,9.971,2.8,1.4,0.77
,-0.036,0.031,10.002,-0.072,0.038,9.966,2.73,1.4,0.77
,-0.019,0.074,9.974,-0.038,0.05,9.969,2.73,1.33,0.77
7344.0,-0.036,0.036,9.971,-0.01,0.031,10.021,2.8,1.4,0.77
,-0.036,0.045,10.002,-0.012,0.038,9.964,2.66,1.33,0.7
,-0.014,0.05,9.981,-0.022,0.055,9.978,2.73,1.47,0.84
,0.0,0.06,10.0,-0.007,0.057,9.988,2.66,1.33,0.84
7420.0,-0.048,0.031,10.005,-0.031,0.005,10.014,2.66,1.26,0.84
,-0.019,0.012,9.986,-0.024,0.024,10.012,2.66,1.4,0.84
,-0.014,0.057,10.012,-0.012,0.031,9.957,2.66,1.33,0.77
,-0.029,0.034,9.957,-0.017,0.031,9.99,2.66,1.33,0.77
7496.0,-0.036,0.041,10.005,-0.06,0.036,10.002,2.66,1.26,0.77
,-0.024,0.077,9.983,-0.024,0.053,10.014,2.66,1.4,0.77
,-0.024,0.022,9.998,-0.026,0.045,9.976,2.73,1.4,0.84
,-0.06,0.024,10.012,-0.014,0.074,9.943,2.52,1.26,0.77
7572.0,-0.007,0.022,9.99,-0.022,0.012,9.959,2.66,1.33,0.7
,-0.045,0.041,10.024,-0.019,0.029,9.959,2.66,1.4,0.7
,-0.026,0.05,9.957,-0.029,0.096,9.966,2.73,1.33,0.77
,-0.024,0.055,10.017,-0.01,0.036,9.986,2.73,1.26,0.84
7647.0,-0.031,0.026,9.993,-0.012,0.029,9.986,2.66,1.26,0.77
,-0.031,0.06,10.033,-0.019,0.031,9.986,2.66,1.54,0.84
,-0.002,0.053,9.971,-0.031,0.031,9.988,2.73,1.47,0.77
,-0.01,0.029,9.959,-0.002,0.065,9.954,2.73,1.54,0.84
7723.0,-0.048,0.002,9.945,-0.005,0.043,10.01,2.66,1.26,0.7
,-0.038,0.026,9.976,-0.007,0.043,10.026,2.73,1.47,0.84
,-0.043,0.062,10.0,0.007,0.0,9.966,2.8,1.54,0.77
,-0.019,0.045,9.99,-0.01,0.053,9.966,2.73,1.54,0.84
7798.0,-0.057,0.036,10.002,-0.041,0.034,9.964,2.73,1.33,0.84
,-0.043,0.041,10.005,-0.05,0.089,9.99,2.73,1.33,0.84
,-0.022,0.026,9.99,-0.057,0.041,10.002,2.66,1.4,0.77
,-0.055,0.053,10.005,-0.01,0.074,10.021,2.73,1.4,0.77
7874.0,-0.017,0.048,9.988,-0.026,0.062,9.983,2.66,1.47,0.77
,-0.029,0.022,10.019,-0.036,0.041,9.998,2.59,1.4,0.77
,-0.045,0.026,9.986,-0.014,0.031,9.976,2.59,1.47,0.77
,-0.06,0.038,9.988,-0.041,0.045,9.978,2.66,1.54,0.84
7950.0,-0.024,0.026,9.995,-0.007,0.024,9.99,2.66,1.19,0.77
,-0.007,0.067,9.988,-0.017,0.024,10.036,2.66,1.4,0.7
,-0.017,0.019,10.002,-0.019,0.01,9.99,2.73,1.4,0.84
,-0.069,0.045,9.957,-0.017,0.017,9.974,2.66,1.33,0.91
8026.0,-0.022,0.019,10.01,-0.026,0.057,9.969,2.59,1.47,0.84
,0.002,-0.007,9.966,-0.034,0.048,9.981,2.73,1.47,0.77
,-0.029,0.014,10.005,-0.002,0.024,10.026,2.73,1.4,0.7
,-0.034,0.022,9.978,-0.007,0.034,9.981,2.73,1.47,0.77
8101.0,0.005,0.055,10.005,-0.038,0.05,9.986,2.66,1.26,0.77
,-0.041,0.019,9.978,0.007,0.026,10.029,2.66,1.4,0.84
,-0.012,0.065,9.969,-0.038,0.038,10.0,2.66,1.12,0.7
,-0.024,0.01,10.019,0.002,0.038,9.978,2.66,1.33,0.84
8177.0,-0.081,0.045,9.998,-0.06,0.067,10.014,2.73,1.33,0.84
,-0.007,0.055,10.002,-0.045,0.007,10.014,2.66,1.33,0.77
,-0.005,0.069,9.995,-0.041,0.029,9.993,2.52,1.33,0.84
,0.022,0.002,9.964,-0.017,0.069,9.974,2.52,1.19,0.84
8253.0,0.0,0.043,9.974,-0.041,0.029,9.978,2.66,1.4,0.77
,-0.034,0.014,9.995,-0.062,0.034,9.978,2.73,1.61,0.84
,-0.041,0.074,9.966,-0.005,0.043,9.983,2.59,1.33,0.63
,-0.036,0.091,10.0,-0.038,0.029,9.976,2.59,1.12,0.63
8329.0,0.01,0.041,9.993,-0.053,0.014,9.983,2.73,1.47,0.77
,-0.007,0.043,9.986,-0.01,0.079,10.005,2.73,1.33,0.84
,0.0,0.074,9.981,-0.014,0.029,9.964,2.66,1.26,0.77
,-0.007,0.069,9.983,-0.031,0.041,9.969,2.73,1.33,0.77
8405.0,-0.031,0.034,9.945,-0.048,0.048,10.0,2.66,1.26,0.77
,0.002,0.026,10.01,-0.036,0.06,9.971,2.66,1.4,0.91
,-0.031,0.022,9.998,-0.077,0.053,9.993,2.66,1.47,0.84
,-0.024,0.055,9.969,-0.029,0.05,9.952,2.8,1.47,0.77
8480.0,-0.045,0.036,9.966,-0.014,0.022,9.993,2.66,1.4,0.84
,-0.055,0.05,9.971,-0.038,0.014,9.99,2.66,1.47,0.91
,0.014,0.029,10.01,-0.024,0.038,10.014,2.52,1.26,0.77
,-0.067,0.022,9.986,0.002,0.017,9.974,2.66,1.33,0.77
8556.0,-0.034,0.053,9.976,-0.045,0.06,10.014,2.66,1.33,0.7
,-0.031,0.045,9.971,-0.024,0.05,9.998,2.73,1.4,0.84
,-0.024,0.067,9.99,0.01,0.031,10.005,2.66,1.19,0.77
,-0.041,0.022,9.974,-0.036,0.06,9.976,2.73,1.47,0.77
8631.0,-0.005,0.036,10.021,0.022,0.043,9.995,2.59,1.33,0.7
,-0.01,0.062,9.988,-0.017,0.022,9.966,2.66,1.26,0.77
,-0.024,0.057,10.002,-0.022,0.029,9.99,2.66,1.4,0.84
,-0.029,0.024,9.971,-0.019,0.053,10.002,2.66,1.4,0.77
8707.0,-0.005,0.026,9.959,-0.017,0.017,9.988,2.59,1.19,0.84
,-0.045,0.06,9.988,-0.043,0.069,10.01,2.66,1.33,0.77
,-0.024,0.062,9.978,-0.012,0.031,9.954,2.59,1.26,0.63
,-0.022,0.012,9.983,-0.014,0.05,9.969,2.73,1.26,0.77
8783.0,-0.007,0.06,9.964,-0.026,-0.005,9.995,2.59,1.4,0.77
,-0.026,0.026,10.021,-0.019,0.034,9.943,2.73,1.33,0.77
,-0.024,0.041,9.976,-0.002,0.067,9.983,2.66,1.19,0.7
,0.0,0.048,9.971,-0.029,0.026,9.986,2.66,1.26,0.7
8859.0,-0.06,0.022,9.993,-0.065,0.045,9.995,2.66,1.33,0.7
,0.0,0.026,9.998,-0.014,0.034,10.007,2.66,1.33,0.77
,-0.029,0.024,9.981,-0.012,0.069,10.002,2.8,1.4,0.84
,-0.019,0.026,10.0,-0.012,0.077,10.002,2.73,1.4,0.84
8934.0,-0.01,0.036,10.002,-0.036,0.084,9.966,2.73,1.47,0.84
,-0.041,0.084,9.969,-0.034,0.031,9.971,2.73,1.47,0.77
,-0.031,0.05,9.983,-0.077,0.031,9.99,2.59,1.4,0.7
,-0.036,0.041,9.986,-0.034,0.031,10.002,2.59,1.33,0.7
9010.0,-0.024,0.043,10.002,-0.031,0.05,9.971,2.59,1.47,0.77
,-0.036,0.034,9.966,-0.019,0.05,10.01,2.59,1.33,0.77
,-0.034,0.019,9.945,-0.026,0.093,9.952,2.66,1.33,0.7
,-0.036,0.034,10.0,0.007,0.065,9.99,2.66,1.33,0.84
9085.0,-0.057,0.017,9.981,-0.026,0.048,9.983,2.66,1.26,0.84
,-0.045,0.034,9.94,-0.024,0.043,9.99,2.73,1.26,0.77
,-0.017,0.029,9.983,-0.026,0.034,9.959,2.73,1.4,0.84
,-0.062,0.041,10.005,0.005,0.062,9.974,2.59,1.33,0.77
9161.0,-0.019,0.036,9.998,-0.026,0.024,9.971,2.73,1.47,0.84
,-0.036,0.041,10.002,-0.034,0.053,9.954,2.73,1.61,0.84
,-0.007,0.012,10.005,-0.041,0.091,9.978,2.66,1.47,0.77
,-0.036,0.029,10.002,-0.019,0.06,10.01,2.59,1.47,0.84
9237.0,-0.012,0.034,9.974,-0.034,0.053,10.014,2.8,1.54,0.77
,-0.022,0.019,10.005,0.007,0.012,9.954,2.73,1.54,0.7
,0.038,0.036,9.952,-0.014,0.0,9.998,2.66,1.26,0.91
,-0.041,0.06,9.974,-0.036,0.043,9.957,2.66,1.4,0.84
9313.0,-0.022,0.029,9.986,-0.01,0.038,9.983,2.59,1.4,0.91
,-0.045,0.057,9.962,-0.045,0.062,9.995,2.66,1.4,0.91
,-0.01,0.05,9.964,-0.043,0.026,10.021,2.66,1.26,0.77
,0.022,0.084,9.969,-0.036,0.043,10.002,2.66,1.19,0.7
9389.0,-0.043,0.024,10.019,-0.017,0.055,9.978,2.59,1.33,0.77
,-0.014,0.057,9.952,-0.019,0.026,9.981,2.66,1.47,0.77
,-0.014,0.024,9.954,0.0,0.019,10.017,2.52,1.33,0.84
,-0.012,0.022,9.993,-0.026,0.026,10.021,2.59,1.47,0.84
9464.0,-0.012,0.036,9.962,-0.062,0.072,9.976,2.73,1.19,0.77
,-0.007,0.031,10.026,-0.022,0.045,9.978,2.73,1.4,0.84
,-0.031,0.048,9.964,-0.012,0.081,9.99,2.8,1.47,0.84
,-0.007,0.06,9.993,-0.026,0.048,9.99,2.66,1.47,0.84
9540.0,-0.007,0.043,10.002,-0.041,0.031,9.99,2.73,1.47,0.77
,-0.048,0.043,9.99,-0.048,0.031,9.962,2.66,1.33,0.77
,-0.045,0.031,9.974,-0.065,0.043,9.971,2.59,1.4,0.77
,-0.014,0.024,9.988,-0.031,0.041,9.983,2.66,1.26,0.77
9616.0,0.007,0.019,9.957,-0.045,0.067,9.962,2.66,1.61,0.84
,-0.012,0.055,9.971,0.005,0.055,10.01,2.73,1.54,0.84
,-0.043,0.05,9.966,-0.017,0.06,9.986,2.66,1.47,0.77
,-0.022,0.045,9.983,-0.007,0.041,9.983,2.59,1.4,0.77
9692.0,-0.043,0.053,9.983,-0.026,0.034,10.005,2.66,1.33,0.7
,-0.038,0.007,10.012,-0.026,0.055,9.938,2.73,1.19,0.77
,0.007,0.096,9.981,-0.038,0.053,9.983,2.73,1.33,0.77
,0.017,0.043,10.007,-0.034,0.055,9.981,2.73,1.33,0.77
9767.0,-0.024,0.06,10.007,-0.024,0.026,9.983,2.66,1.4,0.77
,-0.034,0.06,9.99,-0.05,0.06,9.966,2.66,1.47,0.77
,-0.012,0.036,9.981,-0.014,0.048,9.998,2.59,1.4,0.77
,-0.038,0.022,9.988,-0.007,0.069,10.012,2.66,1.54,0.84
9843.0,-0.062,0.034,9.976,-0.012,0.041,9.971,2.66,1.4,0.77
,-0.01,0.072,9.99,-0.072,0.048,9.993,2.66,1.26,0.7
,-0.036,0.05,9.962,-0.019,0.024,9.978,2.59,1.19,0.7
,-0.002,0.067,9.998,-0.007,0.029,9.993,2.66,1.33,0.77
9918.0,-0.038,0.029,10.01,-0.038,0.072,9.978,2.66,1.4,0.77
,-0.034,0.031,9.993,-0.014,0.038,9.976,2.66,1.4,0.7
,-0.024,0.029,9.978,-0.002,0.05,9.998,2.73,1.47,0.84
,-0.038,0.043,9.983,0.019,0.055,10.007,2.66,1.54,0.84
9994.0,-0.034,0.065,10.005,-0.017,0.045,10.031,2.66,1.26,0.7
,-0.05,0.05,9.974,-0.041,0.0,9.978,2.66,1.33,0.84
,-0.005,0.031,9.962,-0.007,0.072,9.969,2.73,1.4,0.84
,-0.022,0.019,9.986,-0.019,0.034,9.993,2.66,1.47,0.7
10070.0,-0.024,0.06,9.959,-0.012,0.072,9.983,2.73,1.47,0.77
,-0.043,0.014,10.002,-0.031,0.014,9.943,2.66,1.19,0.7
,-0.022,0.048,9.981,-0.029,0.091,9.943,2.59,1.26,0.7
,-0.038,0.026,9.986,-0.029,0.007,9.978,2.73,1.4,0.7
10146.0,-0.017,0.029,10.002,-0.007,0.06,10.005,2.59,1.33,0.77
,-0.014,0.043,10.005,-0.026,0.05,9.988,2.66,1.4,0.77
,-0.038,0.045,9.993,-0.055,0.06,9.978,2.66,1.4,0.7
,-0.034,0.043,9.969,-0.014,0.031,9.938,2.8,1.26,0.77
10221.0,-0.024,0.055,10.007,-0.031,0.036,10.026,2.66,1.26,0.77
,-0.036,0.019,9.995,-0.005,0.057,9.99,2.66,1.33,0.77
,-0.031,0.041,9.974,0.01,0.034,10.002,2.66,1.4,0.91
,-0.024,0.045,9.969,-0.036,0.055,9.995,2.59,1.4,0.77
10297.0,0.002,0.045,9.995,-0.043,0.065,9.935,2.59,1.26,0.77
,-0.048,0.017,9.988,-0.031,0.06,10.007,2.59,1.4,0.77
,-0.034,0.043,9.983,-0.031,0.048,10.002,2.59,1.26,0.77
,-0.026,0.079,9.978,-0.036,0.007,9.978,2.73,1.26,0.84
10373.0,-0.019,0.024,9.995,0.005,0.026,9.983,2.66,1.33,0.7
,-0.005,0.041,9.986,-0.026,0.05,9.988,2.73,1.33,0.84
,-0.031,0.036,9.957,-0.014,0.045,9.978,2.66,1.26,0.84
,-0.034,0.034,10.014,-0.045,0.048,9.99,2.66,1.26,0.77
10449.0,-0.017,0.019,10.005,-0.007,0.065,9.964,2.66,1.33,0.77
,-0.014,0.014,10.0,0.005,0.062,9.998,2.66,1.33,0.77
,-0.038,0.091,10.005,-0.022,0.045,10.026,2.66,1.47,0.91
,-0.029,0.065,9.99,-0.019,0.077,10.017,2.59,1.4,0.7
10525.0,-0.024,0.029,9.983,-0.019,0.022,9.95,2.66,1.33,0.7
,-0.01,0.077,9.981,-0.014,0.022,9.976,2.73,1.54,0.84
,-0.019,0.045,9.995,-0.038,0.029,9.981,2.73,1.54,0.84
,-0.036,0.034,9.993,0.007,0.041,10.0,2.66,1.26,0.77
10600.0,-0.043,0.024,9.978,-0.024,0.031,10.005,2.66,1.47,0.7
,-0.038,0.026,9.976,0.007,0.048,10.01,2.8,1.33,0.77
,-0.034,0.072,10.012,-0.024,0.041,10.0,2.8,1.33,0.77
,-0.022,0.093,9.993,-0.024,0.034,9.988,2.8,1.33,0.7
10676.0,-0.01,0.041,9.986,-0.019,0.019,9.983,2.59,1.47,0.84
,-0.014,0.065,9.976,-0.041,0.053,9.998,2.59,1.19,0.77
,-0.019,0.043,9.99,-0.002,0.05,9.962,2.59,1.33,0.77
,-0.031,0.048,9.962,-0.05,-0.012,9.974,2.59,1.54,0.91
10751.0,-0.017,0.038,10.002,-0.022,0.029,10.019,2.59,1.33,0.77
,-0.022,0.067,10.01,-0.017,0.026,9.978,2.66,1.26,0.77
,-0.072,0.041,10.017,-0.048,0.06,9.986,2.66,1.33,0.84
,-0.069,0.041,9.964,-0.038,0.038,9.976,2.66,1.33,0.77
10827.0,-0.002,0.022,9.981,-0.017,0.069,9.983,2.66,1.4,0.77
,-0.014,0.055,9.959,0.017,0.06,9.99,2.73,1.47,0.84
,-0.053,0.072,9.981,-0.012,0.053,9.998,2.73,1.33,0.77
,-0.01,0.072,9.976,-0.014,0.022,10.007,2.66,1.4,0.84
10903.0,-0.024,0.029,10.014,-0.019,0.045,9.962,2.73,1.33,0.77
,-0.034,0.053,9.988,0.002,0.026,9.964,2.8,1.26,0.77
,-0.024,0.017,9.971,-0.01,0.029,9.95,2.73,1.4,0.7
,-0.05,0.048,10.0,-0.017,0.036,9.974,2.66,1.33,0.7
10979.0,-0.007,0.007,9.959,-0.034,0.043,9.993,2.66,1.26,0.7
,-0.031,0.053,9.998,-0.045,0.031,9.957,2.66,1.33,0.77
,-0.002,0.024,9.952,-0.012,0.031,9.95,2.73,1.19,0.77
,-0.043,0.01,9.988,-0.022,0.012,9.974,2.66,1.19,0.84
11054.0,-0.007,0.022,10.019,-0.031,0.062,10.014,2.73,1.47,0.77
,-0.026,0.074,9.969,-0.026,0.024,9.974,2.73,1.47,0.84
,-0.014,0.053,9.983,-0.01,0.036,9.971,2.66,1.26,0.7
,-0.017,0.022,9.993,-0.06,0.048,9.971,2.73,1.4,0.84
11130.0,-0.026,0.036,9.964,-0.05,0.057,9.993,2.66,1.4,0.77
,-0.019,0.045,10.024,-0.002,0.057,9.952,2.73,1.33,0.77
,-0.007,0.065,9.976,-0.031,0.017,9.995,2.73,1.33,0.77
,-0.002,0.048,9.964,-0.01,0.031,9.993,2.73,1.47,0.77
11205.0,0.007,0.048,10.0,-0.103,0.05,9.969,2.66,1.26,0.84
,0.024,0.01,9.966,-0.053,0.036,9.978,2.66,1.26,0.77
,-0.029,0.041,9.986,-0.022,0.06,9.966,2.66,1.26,0.77
,-0.038,0.014,9.986,-0.031,0.045,9.998,2.66,1.4,0.84
11281.0,-0.038,0.034,9.998,0.002,0.055,9.998,2.66,1.26,0.84
,-0.022,0.077,10.002,-0.045,0.019,9.966,2.66,1.26,0.77
,-0.031,0.029,10.017,-0.019,0.041,10.021,2.73,1.19,0.7
,-0.022,0.06,9.993,-0.038,0.062,9.974,2.73,1.33,0.77
11357.0,-0.043,0.031,9.962,-0.012,0.041,10.005,2.73,1.33,0.77
,-0.005,0.043,10.017,-0.048,0.06,9.998,2.8,1.54,0.91
,-0.022,-0.022,10.01,-0.045,0.043,10.01,2.66,1.4,0.84
,-0.038,0.012,10.021,-0.017,0.034,9.969,2.73,1.26,0.84
11433.0,-0.019,0.06,9.966,-0.01,0.038,9.993,2.73,1.61,0.84
,-0.045,0.053,10.0,-0.036,0.029,9.978,2.66,1.33,0.84
,-0.043,0.055,10.01,-0.002,0.01,9.974,2.66,1.33,0.77
,-0.074,0.043,10.002,-0.007,0.036,9.962,2.66,1.54,0.77
11509.0,-0.026,0.019,10.0,-0.01,0.038,10.014,2.66,1.33,0.77
,-0.017,0.01,10.024,-0.045,0.029,9.962,2.59,1.26,0.84
,-0.041,0.019,10.019,-0.019,0.06,9.988,2.73,1.4,0.84
,-0.002,0.019,9.976,-0.026,0.01,9.998,2.73,1.33,0.77
11584.0,-0.029,0.062,9.978,-0.014,0.05,10.031,2.59,1.4,0.77
,-0.019,0.065,9.993,-0.038,0.029,9.978,2.66,1.33,0.7
,-0.077,0.053,9.983,-0.038,0.007,10.012,2.66,1.33,0.91
,-0.029,0.05,9.981,-0.031,0.024,10.005,2.73,1.47,0.98
11660.0,-0.01,0.043,10.01,-0.038,-0.007,9.99,2.8,1.4,0.84
,-0.041,0.074,9.998,0.002,0.031,10.012,2.66,1.33,0.84
,-0.007,0.055,9.959,-0.041,0.031,9.959,2.59,1.33,0.77
,-0.031,0.034,9.969,-0.002,0.072,9.966,2.73,1.54,0.84
11736.0,-0.034,0.055,9.969,-0.045,0.062,9.99,2.73,1.33,0.77
,-0.01,0.053,9.974,-0.053,0.017,10.01,2.73,1.19,0.7
,-0.045,0.053,10.017,-0.022,0.038,10.0,2.59,1.26,0.77
,-0.045,0.053,9.983,0.019,0.019,9.974,2.59,1.26,0.77
11812.0,-0.022,0.05,9.959,-0.034,0.045,9.962,2.73,1.26,0.77
,0.0,0.026,9.995,-0.012,0.019,9.995,2.73,1.33,0.77
,-0.031,0.045,10.005,-0.043,0.045,9.974,2.66,1.54,0.7
,-0.036,0.065,9.988,-0.019,0.074,9.995,2.66,1.33,0.77
11887.0,-0.031,0.038,10.002,-0.019,0.026,9.995,2.59,1.19,0.84
,-0.038,0.045,10.012,-0.045,0.048,10.007,2.66,1.4,0.77
,-0.014,0.024,9.945,-0.029,0.089,10.017,2.73,1.47,0.84
,-0.014,0.017,9.986,-0.012,0.072,9.971,2.73,1.47,0.77
11963.0,-0.022,0.057,10.01,-0.005,0.012,9.966,2.66,1.4,0.7
,-0.034,0.069,10.01,-0.034,0.055,10.017,2.8,1.47,0.77
,-0.014,0.022,9.988,-0.022,0.06,9.986,2.8,1.33,0.77
,-0.062,0.045,9.971,-0.036,0.067,9.976,2.73,1.33,0.77
12038.0,-0.067,0.06,9.99,-0.026,0.036,9.983,2.66,1.33,0.77
,-0.043,0.043,9.981,-0.034,0.012,9.974,2.66,1.33,0.84
,-0.007,0.026,10.002,-0.067,0.024,10.002,2.66,1.33,0.84
,-0.029,0.024,9.983,-0.022,0.038,9.978,2.73,1.4,0.91
12114.0,-0.038,0.029,9.983,-0.019,0.048,9.978,2.66,1.4,0.84
,-0.038,0.034,9.981,-0.038,0.067,9.971,2.66,1.4,0.84
,-0.017,0.048,9.998,-0.017,0.041,9.998,2.66,1.4,0.77
,-0.012,0.026,9.983,-0.045,0.055,10.0,2.73,1.4,0.77
12190.0,-0.005,0.05,9.981,-0.026,0.01,10.005,2.73,1.26,0.77
,-0.043,0.024,9.971,-0.022,0.072,9.998,2.66,1.26,0.77
,0.022,0.038,9.978,-0.034,0.053,9.981,2.66,1.4,0.84
,-0.043,0.057,9.986,-0.034,0.05,9.962,2.8,1.47,0.77
12266.0,-0.024,0.01,9.993,-0.012,0.055,9.978,2.73,1.26,0.7
,-0.034,0.048,9.981,0.007,0.034,9.976,2.66,1.12,0.7
,-0.022,0.031,10.01,-0.007,0.05,9.998,2.59,1.33,0.63
,0.01,0.026,9.966,-0.031,0.038,9.971,2.66,1.26,0.7
12341.0,-0.065,0.029,9.986,-0.012,0.041,9.993,2.73,1.4,0.84
,-0.01,0.026,9.981,-0.053,0.036,9.978,2.73,1.26,0.84
,0.002,0.041,9.978,-0.002,0.089,9.959,2.73,1.4,0.77
,-0.036,0.05,9.957,-0.019,0.026,9.974,2.8,1.26,0.7
12417.0,-0.062,0.043,9.964,-0.069,0.036,9.981,2.59,1.4,0.84
,-0.053,0.036,9.94,-0.034,0.057,10.01,2.59,1.47,0.77
,0.002,0.072,10.019,-0.014,0.038,9.976,2.66,1.33,0.7
,-0.01,0.043,9.983,0.007,0.031,10.002,2.73,1.4,0.7
12493.0,-0.01,0.031,9.976,-0.012,0.077,10.002,2.52,1.26,0.77
,-0.031,0.043,9.976,-0.014,0.036,9.969,2.59,1.26,0.77
,-0.031,0.005,10.002,-0.074,0.041,9.978,2.66,1.26,0.77
,-0.012,0.031,10.002,-0.012,0.036,9.952,2.59,1.47,0.77
12569.0,0.007,0.06,10.005,-0.034,0.041,10.005,2.59,1.26,0.7
,-0.034,0.002,9.974,-0.038,0.074,9.986,2.66,1.47,0.77
,-0.038,0.019,9.998,-0.045,0.05,9.983,2.66,1.54,0.7
,-0.034,0.055,9.969,-0.055,0.043,9.964,2.59,1.4,0.84
12645.0,-0.014,0.026,10.01,-0.034,0.036,9.966,2.8,1.61,0.84
,-0.036,0.022,9.947,-0.026,0.062,9.993,2.73,1.54,0.84
,-0.002,0.053,9.995,-0.024,0.065,9.976,2.8,1.61,0.77
,-0.043,0.029,9.981,-0.041,0.05,9.959,2.66,1.4,0.77
12720.0,-0.007,0.057,10.021,-0.045,0.034,9.983,2.59,1.4,0.84
,-0.034,0.034,9.978,-0.022,0.074,9.988,2.59,1.33,0.84
,0.017,0.048,9.978,-0.062,0.031,10.0,2.66,1.33,0.91
,-0.019,0.079,9.986,-0.01,0.074,9.988,2.73,1.4,0.84
12796.0,-0.036,0.031,9.983,-0.036,0.057,10.0,2.66,1.33,0.84
,-0.002,0.043,9.966,-0.01,0.06,9.981,2.59,1.26,0.77
,0.002,0.06,9.99,-0.014,0.065,9.986,2.73,1.12,0.77
,-0.031,0.055,9.998,-0.019,0.029,10.017,2.66,1.33,0.84
12871.0,0.0,0.072,10.012,-0.041,0.029,9.988,2.73,1.4,0.77
,-0.055,0.055,10.005,-0.026,0.055,9.993,2.66,1.33,0.77
,-0.031,0.038,9.971,-0.007,0.065,9.983,2.59,1.4,0.77
,-0.019,0.048,9.978,-0.012,0.062,9.993,2.66,1.47,0.77
12947.0,-0.007,0.024,9.976,-0.034,0.081,9.988,2.66,1.33,0.84
,-0.022,0.065,10.005,-0.026,0.022,9.966,2.66,1.4,0.77
,-0.019,0.05,10.012,-0.053,0.055,10.014,2.73,1.26,0.7
,-0.017,0.024,9.986,-0.014,0.043,9.983,2.73,1.33,0.77
13023.0,-0.014,0.065,9.99,-0.069,0.007,9.995,2.59,1.33,0.84
,-0.031,0.043,9.966,-0.026,0.038,9.986,2.8,1.4,0.84
,-0.024,0.048,9.966,0.022,0.038,9.986,2.66,1.47,0.77
,-0.014,0.045,9.957,-0.057,0.0,9.998,2.66,1.33,0.77
13099.0,-0.031,0.055,9.969,-0.019,0.065,9.971,2.73,1.33,0.77
,-0.043,0.05,9.983,-0.017,0.05,9.945,2.66,1.19,0.63
,-0.043,0.048,9.957,-0.05,0.034,10.005,2.66,1.19,0.63
,-0.031,0.065,9.983,-0.038,0.05,9.988,2.66,1.33,0.77
13174.0,-0.024,0.022,10.029,-0.019,0.043,9.995,2.73,1.33,0.84
,-0.041,0.022,9.957,-0.022,0.05,10.01,2.73,1.4,0.84
,0.0,0.048,10.0,0.014,0.036,10.014,2.66,1.33,0.77
,0.005,0.038,9.966,0.01,0.01,10.014,2.59,1.4,0.84
13250.0,-0.007,0.045,9.974,-0.024,0.069,9.983,2.66,1.33,0.7
,0.022,0.041,9.983,-0.043,0.067,9.995,2.66,1.4,0.84
,-0.022,0.05,9.978,-0.005,0.038,9.971,2.59,1.26,0.7
,-0.017,0.079,10.002,-0.06,0.007,9.983,2.8,1.47,0.7
13326.0,-0.029,0.041,9.998,-0.053,0.05,10.012,2.59,1.19,0.7
,-0.024,0.057,9.976,-0.048,0.048,9.971,2.59,1.47,0.7
,0.024,0.038,9.974,0.005,0.043,9.95,2.73,1.54,0.77
,-0.017,0.074,9.995,-0.019,0.031,9.971,2.66,1.4,0.77
13402.0,-0.014,0.036,9.983,-0.019,0.022,9.986,2.66,1.26,0.7
,-0.048,0.053,9.969,-0.014,0.014,10.007,2.66,1.33,0.77
,0.024,0.045,9.981,-0.034,0.067,10.0,2.66,1.26,0.84
,-0.05,0.05,9.981,-0.019,0.041,9.99,2.59,1.4,0.84
13477.0,-0.017,0.065,9.952,-0.057,0.043,9.978,2.59,1.12,0.77
,-0.038,0.041,9.966,-0.017,0.048,9.969,2.73,1.4,0.7
,-0.041,0.038,10.036,-0.026,0.065,10.0,2.73,1.4,0.77
,-0.026,0.014,9.962,-0.034,0.045,9.964,2.66,1.26,0.77
13553.0,-0.053,0.045,10.012,-0.041,0.014,9.998,2.66,1.33,0.77
,0.017,0.05,9.988,-0.043,0.05,9.971,2.66,1.26,0.77
,-0.041,0.045,9.988,-0.048,0.06,9.962,2.73,1.33,0.7
,-0.017,0.036,9.957,-0.038,0.036,10.019,2.73,1.33,0.77
13629.0,-0.024,0.045,9.964,-0.029,0.045,10.01,2.59,1.26,0.7
,-0.036,0.029,9.998,0.002,0.084,9.981,2.66,1.19,0.77
,0.005,0.06,10.0,-0.034,0.029,10.01,2.66,1.4,0.84
,-0.06,0.045,9.995,-0.022,0.019,9.971,2.66,1.47,0.84
13705.0,-0.031,0.026,10.021,-0.026,0.022,9.998,2.8,1.33,0.84
,-0.065,0.053,9.986,0.026,0.057,10.0,2.66,1.26,0.77
,-0.053,0.067,9.988,-0.036,0.065,10.021,2.66,1.26,0.77
,-0.036,0.045,10.002,-0.01,0.077,9.981,2.8,1.4,0.84
13781.0,-0.019,0.034,10.031,-0.014,0.036,10.0,2.73,1.4,0.84
,0.0,0.019,9.959,-0.065,0.045,9.988,2.66,1.4,0.84
,-0.036,0.031,9.964,-0.031,0.057,9.95,2.59,1.54,0.98
,-0.041,0.043,10.019,0.029,0.031,9.995,2.59,1.4,0.91
13856.0,-0.053,0.065,9.976,-0.029,0.029,10.01,2.59,1.19,0.63
,0.031,0.0,9.962,-0.012,0.053,10.017,2.73,1.33,0.77
,-0.041,0.072,9.957,-0.019,0.048,9.995,2.73,1.47,0.77
,-0.048,0.062,9.99,-0.031,0.019,10.026,2.8,1.4,0.7
13932.0,-0.057,0.019,9.978,-0.012,0.029,10.017,2.59,1.47,0.84
,-0.057,0.022,9.978,-0.017,0.036,9.99,2.59,1.4,0.77
,-0.036,0.026,9.993,0.022,0.012,9.998,2.59,1.19,0.7
,-0.002,0.043,9.969,-0.01,0.026,9.99,2.66,1.26,0.7
14007.0,-0.053,0.026,9.974,0.017,0.048,9.966,2.8,1.61,0.77
,0.005,0.065,9.988,-0.014,0.041,9.998,2.73,1.47,0.77
,-0.012,0.026,10.012,-0.031,0.06,9.995,2.73,1.33,0.77
,-0.055,0.038,9.969,0.014,0.01,9.964,2.73,1.4,0.77
14083.0,-0.002,0.022,9.99,-0.017,0.048,10.031,2.66,1.33,0.84
,-0.048,0.057,9.993,-0.041,0.06,9.978,2.66,1.33,0.84
,-0.01,0.065,10.0,-0.024,0.053,9.952,2.66,1.26,0.77
,-0.053,0.053,9.983,-0.043,0.036,9.99,2.66,1.47,0.77
14159.0,-0.036,0.069,10.002,-0.048,0.017,9.988,2.59,1.33,0.77
,-0.019,0.041,9.971,-0.05,0.024,9.971,2.59,1.19,0.77
,-0.038,0.012,9.957,0.005,0.019,9.957,2.66,1.47,0.77
,0.01,0.022,10.014,-0.005,0.038,10.021,2.73,1.26,0.77
14235.0,-0.024,0.062,9.988,0.005,0.036,10.0,2.66,1.26,0.77
,-0.005,0.031,10.007,-0.041,0.026,9.971,2.59,1.4,0.7
,-0.026,0.019,9.964,-0.01,0.043,10.012,2.52,1.33,0.7
,-0.038,0.022,10.002,-0.017,0.048,9.981,2.66,1.33,0.77
14310.0,-0.022,0.048,10.017,-0.036,0.069,9.931,2.66,1.26,0.77
,-0.019,0.036,9.976,0.007,0.022,9.94,2.73,1.54,0.77
,-0.01,0.012,9.988,-0.062,0.022,9.978,2.73,1.54,0.84
,-0.017,0.05,9.938,-0.002,0.041,9.983,2.73,1.33,0.7
14386.0,0.019,0.072,10.01,-0.017,0.041,9.988,2.66,1.33,0.84
,-0.019,0.045,10.01,-0.017,0.057,9.976,2.73,1.33,0.84
,-0.043,-0.014,9.988,-0.01,0.06,9.959,2.73,1.26,0.77
,-0.012,0.045,9.995,-0.01,0.038,9.993,2.73,1.26,0.7
14461.0,-0.031,0.043,10.026,-0.026,0.053,9.974,2.66,1.33,0.77
,0.005,0.057,9.981,-0.01,0.065,9.998,2.73,1.4,0.84
,-0.034,0.053,9.952,-0.017,0.041,9.983,2.73,1.47,0.84
,-0.048,0.038,9.998,-0.029,0.05,10.019,2.52,1.33,0.77
14537.0,-0.007,0.022,9.931,-0.026,0.045,9.976,2.66,1.4,0.77
,-0.01,0.034,10.01,-0.034,0.034,10.021,2.66,1.47,0.77
,-0.043,0.048,9.966,-0.053,0.048,9.986,2.66,1.19,0.7
,-0.05,0.014,9.974,-0.036,0.072,9.976,2.73,1.33,0.84
14613.0,-0.048,0.06,9.966,0.002,0.05,9.995,2.66,1.4,0.77
,-0.031,0.072,9.969,-0.012,0.007,9.981,2.73,1.33,0.7
,-0.007,0.072,9.995,-0.045,0.069,9.974,2.73,1.33,0.77
,-0.031,0.01,9.981,-0.024,0.036,9.988,2.66,1.33,0.77
14689.0,-0.012,0.045,9.99,-0.022,0.034,10.029,2.66,1.4,0.84
,-0.034,0.014,9.974,-0.055,0.06,9.954,2.73,1.33,0.84
,0.0,0.062,10.019,-0.01,-0.005,9.995,2.73,1.26,0.7
,-0.017,0.0,10.005,-0.017,0.048,10.005,2.66,1.4,0.77
14765.0,-0.045,0.069,9.99,-0.005,0.057,10.01,2.66,1.33,0.77
,-0.024,0.031,9.998,-0.034,0.041,10.007,2.73,1.26,0.77
,-0.036,0.065,10.021,-0.034,0.005,10.019,2.73,1.4,0.77
,-0.043,0.055,9.983,-0.062,0.069,9.962,2.66,1.4,0.84
14840.0,-0.057,0.031,9.993,-0.053,0.048,9.993,2.59,1.33,0.7
,-0.014,0.069,9.969,-0.012,0.019,9.976,2.73,1.33,0.77
,-0.048,0.057,9.983,-0.036,0.053,9.957,2.73,1.4,0.84
,-0.026,0.0,9.986,-0.034,0.034,10.01,2.66,1.26,0.7
14916.0,-0.012,0.062,9.99,-0.065,0.053,9.986,2.66,1.26,0.7
,0.005,0.038,9.974,0.012,0.05,9.971,2.66,1.33,0.77
,-0.029,0.053,9.995,0.019,0.055,10.01,2.66,1.19,0.77
,-0.041,0.022,10.005,-0.055,0.055,9.998,2.66,1.33,0.84
14992.0,-0.062,0.024,9.993,-0.036,0.022,10.005,2.8,1.47,0.84
,-0.05,0.067,9.99,-0.067,0.057,9.954,2.66,1.4,0.7
,-0.031,0.065,9.998,-0.029,0.031,10.002,2.73,1.4,0.77
,-0.034,0.06,9.988,-0.055,0.06,9.964,2.73,1.33,0.77
15068.0,-0.072,0.034,9.957,-0.029,0.074,9.981,2.59,1.33,0.77
,-0.062,-0.002,9.957,-0.005,0.048,9.945,2.66,1.4,0.77
,-0.012,0.065,10.005,-0.041,0.065,10.005,2.66,1.26,0.77
,-0.01,0.06,9.964,-0.036,0.06,9.971,2.66,1.33,0.84
15143.0,-0.022,0.007,9.964,-0.019,0.034,9.988,2.66,1.26,0.7
,-0.002,0.012,9.995,-0.043,0.057,10.005,2.59,1.26,0.7
,-0.01,0.06,9.99,-0.019,0.031,9.966,2.52,1.33,0.7
,-0.022,0.077,9.998,-0.041,0.034,9.974,2.73,1.54,0.77
15219.0,0.014,0.067,9.983,-0.057,0.065,9.969,2.66,1.19,0.63
,0.012,0.048,9.993,-0.007,0.038,10.012,2.59,1.19,0.7
,-0.045,0.026,9.983,-0.036,0.067,9.983,2.59,1.26,0.77
,0.031,0.086,9.966,-0.007,0.034,9.986,2.73,1.26,0.84
15294.0,-0.026,0.029,10.005,-0.029,0.072,9.978,2.59,1.4,0.77
,-0.055,0.055,9.99,-0.041,0.041,9.971,2.59,1.47,0.84
,-0.017,0.019,10.021,-0.005,0.012,10.002,2.66,1.4,0.84
,-0.012,0.069,10.012,-0.01,0.053,9.976,2.66,1.26,0.84
15370.0,-0.019,0.055,10.005,-0.062,0.062,10.012,2.66,1.19,0.84
,-0.029,0.065,9.952,-0.019,0.069,9.988,2.59,1.4,0.84
,-0.007,0.029,9.99,-0.041,0.053,10.014,2.52,1.26,0.77
,-0.014,0.024,9.983,-0.057,0.014,9.981,2.59,1.19,0.77
15446.0,-0.014,0.034,9.966,-0.002,0.067,9.976,2.66,1.33,0.84
,-0.01,0.05,9.974,-0.031,0.055,10.036,2.66,1.33,0.77
,-0.043,-0.012,9.971,-0.043,0.038,9.971,2.66,1.26,0.7
,-0.029,0.034,9.964,-0.005,0.081,10.002,2.66,1.47,0.84
15522.0,-0.029,0.06,9.976,0.01,0.05,9.969,2.66,1.4,0.77
,-0.01,0.048,9.969,-0.017,0.041,9.974,2.73,1.4,0.77
,-0.043,0.05,10.005,0.017,0.024,10.007,2.66,1.26,0.7
,-0.062,0.034,9.954,-0.05,0.065,9.981,2.8,1.33,0.84
15597.0,-0.034,0.01,9.986,-0.017,0.043,9.969,2.73,1.47,0.77
,-0.038,0.084,10.002,-0.014,0.017,9.981,2.66,1.33,0.84
,0.0,-0.002,9.981,-0.038,0.017,9.983,2.59,1.19,0.7
,-0.022,0.034,9.976,-0.053,0.077,9.974,2.66,1.19,0.7
15673.0,-0.036,0.062,9.969,-0.01,0.06,10.007,2.73,1.26,0.84
,-0.034,0.01,9.993,0.002,0.048,9.95,2.66,1.26,0.84
,-0.024,0.053,10.007,-0.026,0.01,9.988,2.59,1.12,0.7
,-0.024,0.022,10.021,-0.029,0.057,9.998,2.66,1.4,0.7
15749.0,-0.031,0.017,9.983,0.019,0.034,10.002,2.73,1.54,0.84
,0.0,0.043,10.0,-0.036,0.06,10.017,2.73,1.33,0.77
,-0.036,0.062,9.959,-0.005,0.05,10.002,2.66,1.19,0.77
,-0.036,0.072,9.971,-0.029,0.043,10.033,2.73,1.33,0.84
15825.0,-0.057,0.043,10.012,-0.038,0.041,9.981,2.73,1.33,0.63
,-0.031,0.045,10.01,-0.031,0.045,9.993,2.73,1.33,0.7
,-0.043,0.053,9.959,-0.081,0.072,9.993,2.73,1.47,0.77
,0.024,0.057,9.962,-0.06,0.062,9.988,2.66,1.4,0.91
15901.0,-0.031,0.024,9.954,-0.036,0.053,9.969,2.59,1.12,0.63
,-0.002,0.01,9.952,0.012,0.081,10.012,2.59,1.26,0.7
,-0.014,0.036,9.971,0.017,0.043,9.983,2.66,1.47,0.77
,-0.048,0.038,9.952,-0.048,0.022,10.014,2.59,1.47,0.84
15976.0,-0.012,0.06,9.964,-0.019,0.048,9.959,2.66,1.47,0.84
,-0.043,0.026,10.012,-0.014,0.031,9.952,2.73,1.4,0.77
,-0.024,0.055,9.995,-0.045,0.077,10.021,2.66,1.26,0.7
,-0.005,0.017,10.002,-0.031,0.031,9.976,2.66,1.47,0.77
16052.0,-0.012,0.019,9.993,-0.026,0.043,9.998,2.73,1.47,0.91
,-0.057,0.024,9.981,-0.045,0.036,9.978,2.59,1.54,0.84
,-0.057,0.034,10.007,-0.062,0.074,9.971,2.66,1.4,0.77
,-0.031,0.045,10.019,-0.053,0.029,9.976,2.73,1.4,0.77
16127.0,0.007,0.077,9.974,-0.014,0.055,9.998,2.73,1.4,0.7
,-0.038,0.012,9.995,-0.055,0.067,9.971,2.66,1.26,0.7
,-0.048,0.007,10.002,-0.031,0.048,9.981,2.66,1.47,0.91
,-0.041,0.041,10.005,-0.022,0.057,9.959,2.66,1.4,0.84
16203.0,-0.041,0.024,9.976,-0.038,-0.002,9.964,2.73,1.4,0.77
,-0.026,0.081,9.993,-0.041,0.024,9.976,2.73,1.4,0.84
,-0.029,0.067,9.993,-0.036,0.069,9.995,2.66,1.4,0.77
,-0.065,0.069,9.981,-0.017,0.05,9.988,2.66,1.26,0.7
16279.0,-0.024,0.038,9.974,-0.031,0.074,9.954,2.8,1.4,0.84
,-0.034,0.069,9.993,-0.043,0.012,9.986,2.66,1.26,0.77
,-0.055,0.055,9.988,-0.017,0.053,10.014,2.66,1.4,0.7
,-0.002,0.029,10.014,-0.038,0.06,9.971,2.66,1.4,0.77
16355.0,-0.05,0.034,9.954,-0.019,0.062,9.988,2.73,1.47,0.84
,-0.022,-0.002,10.01,-0.034,0.057,9.974,2.66,1.33,0.77
,-0.014,0.055,9.981,-0.017,0.031,9.99,2.66,1.26,0.77
,-0.014,0.055,9.954,-0.029,0.036,9.983,2.66,1.4,0.84
16430.0,-0.007,0.041,9.983,-0.014,0.026,9.954,2.66,1.12,0.7
,-0.014,-0.005,10.021,-0.019,0.002,9.978,2.66,1.19,0.7
,0.017,0.031,10.0,-0.029,0.029,9.974,2.73,1.47,0.84
,-0.036,0.029,10.002,-0.014,0.065,9.988,2.8,1.47,0.84
16506.0,0.002,0.053,10.012,0.007,0.029,9.998,2.66,1.4,0.7
,-0.014,0.019,9.976,-0.05,0.072,9.986,2.66,1.4,0.77
,-0.014,0.038,9.981,-0.01,0.036,9.969,2.66,1.47,0.84
,0.002,0.084,9.969,-0.014,0.065,9.988,2.66,1.68,0.84
16581.0,-0.029,0.029,9.964,-0.01,0.069,10.002,2.59,1.54,0.84
,-0.05,0.041,9.986,0.002,0.045,9.983,2.66,1.47,0.77
,-0.053,0.038,10.014,-0.029,0.05,9.971,2.66,1.4,0.7
,0.01,0.045,9.962,-0.029,0.031,10.0,2.73,1.26,0.84
16657.0,-0.036,0.038,10.038,-0.038,0.024,10.012,2.59,1.47,0.77
,-0.034,0.081,9.986,-0.01,0.041,10.029,2.52,1.47,0.98
,-0.029,0.036,10.012,-0.024,0.05,9.998,2.59,1.47,0.84
,-0.057,0.05,9.993,-0.022,0.062,9.983,2.66,1.47,0.77
16733.0,-0.038,0.031,9.966,-0.057,0.048,9.995,2.73,1.47,0.77
,-0.072,0.055,9.978,-0.05,0.043,9.974,2.66,1.26,0.84
,0.012,0.048,9.99,-0.014,0.057,10.024,2.66,1.4,0.77
,-0.002,0.069,9.974,-0.069,0.041,9.998,2.66,1.26,0.77
16809.0,0.002,0.045,10.0,-0.062,0.06,9.966,2.59,1.26,0.77
,-0.019,0.036,9.986,-0.057,0.057,9.974,2.73,1.4,0.77
,-0.036,0.034,9.933,0.0,0.031,9.981,2.66,1.33,0.77
,0.007,0.022,9.974,-0.031,0.043,9.986,2.59,1.26,0.77
16885.0,-0.017,0.002,10.0,-0.031,0.055,10.0,2.73,1.33,0.77
,-0.029,0.043,9.988,0.022,0.045,9.983,2.73,1.19,0.7
,-0.062,0.074,10.01,-0.017,0.048,9.983,2.66,1.26,0.7
,-0.029,0.029,9.981,-0.036,0.079,9.995,2.66,1.54,0.77
16960.0,-0.024,0.096,10.005,0.019,0.065,9.993,2.8,1.47,0.77
,0.002,0.022,9.983,-0.036,0.036,9.995,2.59,1.4,0.7
,-0.014,0.029,9.978,-0.002,0.057,9.954,2.59,1.33,0.7
,-0.036,0.045,9.954,-0.01,0.053,10.005,2.59,1.4,0.7
17036.0,-0.007,0.055,9.995,-0.026,0.065,10.017,2.66,1.26,0.77
,-0.034,0.081,9.993,-0.041,0.031,9.983,2.59,1.47,0.84
,-0.014,0.043,9.971,-0.012,0.053,10.0,2.59,1.47,0.84
,0.0,0.067,10.0,-0.01,0.022,9.993,2.73,1.4,0.77
17112.0,-0.043,0.012,9.988,-0.024,0.048,9.966,2.73,1.4,0.77
,-0.045,0.041,9.933,-0.014,0.069,10.017,2.73,1.54,0.77
,-0.024,0.048,10.019,-0.022,0.062,9.99,2.73,1.61,0.84
,-0.031,0.019,9.988,-0.072,0.065,10.014,2.8,1.47,0.84
17188.0,-0.038,0.036,9.998,-0.017,0.072,9.976,2.8,1.4,0.84
,-0.067,0.053,9.974,-0.017,0.05,9.978,2.73,1.47,0.77
,-0.031,0.06,10.002,-0.019,0.038,9.952,2.73,1.54,0.84
,-0.01,0.055,9.974,-0.048,0.045,9.986,2.66,1.4,0.91
17263.0,-0.048,0.026,10.014,0.01,0.048,9.993,2.66,1.47,0.77
,-0.005,-0.002,9.998,-0.017,0.031,9.954,2.66,1.47,0.77
,0.005,0.034,10.01,-0.098,0.06,10.012,2.59,1.4,0.84
,-0.038,0.041,9.995,-0.036,0.069,10.0,2.66,1.4,0.84
17339.0,-0.034,0.101,9.962,0.01,0.019,9.99,2.73,1.4,0.77
,-0.007,0.06,9.983,-0.017,0.093,10.007,2.73,1.47,0.77
,-0.014,0.045,9.995,-0.007,0.019,9.981,2.66,1.33,0.77
,-0.026,0.067,10.007,-0.01,0.053,10.01,2.59,1.33,0.77
17414.0,-0.041,0.038,9.974,-0.048,0.074,9.959,2.66,1.33,0.77
,-0.017,0.029,9.986,-0.012,0.034,9.971,2.8,1.33,0.84
,0.014,0.041,9.964,-0.029,0.038,10.024,2.66,1.33,0.7
,-0.019,0.041,9.978,-0.077,0.026,9.993,2.66,1.26,0.7
17490.0,-0.065,0.077,9.995,0.0,0.036,10.002,2.73,1.54,0.84
,-0.002,0.041,9.964,-0.036,0.031,9.99,2.87,1.61,0.84
,-0.014,0.029,9.978,-0.036,0.029,9.99,2.66,1.4,0.84
,-0.019,0.029,9.959,-0.026,0.062,10.01,2.59,1.33,0.77
17566.0,-0.022,0.031,10.014,-0.031,0.034,9.959,2.73,1.61,0.84
,-0.026,0.024,9.986,-0.038,0.062,9.957,2.73,1.54,0.84
,-0.002,0.026,9.993,-0.01,0.06,9.993,2.66,1.26,0.77
,-0.048,0.048,9.983,-0.029,0.045,9.988,2.8,1.4,0.77
17642.0,0.005,0.048,9.995,-0.036,0.045,10.036,2.73,1.12,0.77
,-0.043,0.029,9.986,0.0,0.062,10.002,2.73,1.19,0.77
,-0.043,0.055,9.976,-0.053,0.062,10.0,2.8,1.33,0.84
,-0.041,0.029,9.983,-0.065,0.031,9.993,2.87,1.47,0.7
17717.0,-0.062,0.038,10.024,-0.031,0.038,10.0,2.52,1.47,0.84
,0.0,0.034,9.983,-0.038,0.062,9.974,2.73,1.4,0.77
,-0.045,0.031,9.969,-0.05,0.034,10.007,2.73,1.33,0.77
,-0.038,0.026,9.993,-0.007,0.038,9.954,2.66,1.26,0.77
17793.0,-0.017,0.086,10.038,-0.029,0.029,9.995,2.66,1.33,0.7
,-0.045,0.053,9.981,-0.031,0.057,9.998,2.59,1.26,0.7
,-0.024,0.038,9.986,0.005,0.031,9.964,2.59,1.19,0.84
,-0.012,0.043,9.998,-0.029,0.053,10.033,2.66,1.26,0.77
17869.0,0.005,0.036,9.976,-0.024,0.036,9.995,2.73,1.26,0.77
,-0.002,0.024,9.983,-0.048,0.045,9.99,2.66,1.33,0.91
,-0.031,0.079,9.974,0.022,0.034,10.026,2.66,1.4,0.84
,-0.055,0.065,10.014,-0.057,0.05,9.99,2.59,1.4,0.77
17945.0,-0.029,0.091,9.998,-0.029,0.048,10.014,2.66,1.26,0.7
,-0.007,0.01,9.986,-0.074,0.045,9.974,2.66,1.19,0.7
,-0.019,0.06,10.0,-0.036,0.057,9.981,2.59,1.26,0.77
,-0.034,0.031,9.983,-0.034,0.057,10.031,2.73,1.33,0.77
18021.0,-0.06,0.043,9.998,-0.031,0.06,9.99,2.73,1.4,0.77
,-0.045,0.053,9.978,-0.026,0.038,9.993,2.59,1.26,0.7
,-0.026,0.041,9.978,-0.057,0.041,9.995,2.59,1.26,0.7
,-0.084,0.038,9.99,-0.019,0.031,9.99,2.59,1.19,0.7
18096.0,-0.029,0.038,10.0,-0.036,0.045,10.024,2.73,1.47,0.77
,-0.024,0.031,10.005,-0.048,0.041,9.971,2.73,1.4,0.84
,-0.005,0.041,9.998,-0.019,0.072,9.981,2.66,1.4,0.84
,-0.022,0.029,9.974,0.01,0.007,9.935,2.59,1.33,0.7
18172.0,-0.057,0.043,10.043,-0.019,0.014,9.986,2.73,1.26,0.63
,-0.022,0.045,9.99,-0.017,0.031,9.993,2.66,1.26,0.7
,-0.031,0.031,9.995,-0.017,0.055,9.971,2.59,1.4,0.77
,-0.019,0.029,9.974,-0.022,0.036,9.978,2.73,1.4,0.84
18247.0,-0.01,0.029,9.99,-0.081,0.055,9.988,2.66,1.4,0.84
,-0.038,0.053,9.995,-0.017,0.029,9.957,2.66,1.33,0.84
,-0.012,0.024,9.99,-0.012,0.029,9.993,2.66,1.47,0.84
,-0.031,0.062,9.988,-0.024,0.014,9.993,2.66,1.33,0.7
18323.0,-0.014,0.048,9.998,-0.024,0.019,9.988,2.52,1.26,0.7
,0.0,0.057,9.969,-0.024,0.069,9.986,2.66,1.47,0.77
,-0.014,0.057,9.993,-0.045,0.065,10.002,2.66,1.4,0.91
,-0.06,0.036,10.014,-0.031,0.041,10.021,2.66,1.47,0.84
18399.0,-0.036,0.043,10.036,-0.017,0.043,9.986,2.59,1.33,0.77
,-0.01,0.048,9.969,-0.031,0.026,9.964,2.66,1.26,0.77
,-0.081,0.036,9.959,-0.026,0.036,9.983,2.66,1.26,0.77
,-0.062,0.053,9.947,-0.014,0.036,9.99,2.59,1.26,0.84
18475.0,-0.045,0.026,9.974,-0.038,0.05,10.033,2.59,1.4,0.77
,-0.024,0.045,10.005,-0.077,0.022,9.971,2.52,1.19,0.77
,-0.019,0.065,9.978,0.012,0.045,10.041,2.73,1.33,0.7
,-0.024,0.038,10.017,-0.053,0.036,10.017,2.73,1.33,0.7
18550.0,-0.045,0.038,9.986,-0.038,0.05,9.966,2.8,1.26,0.84
,-0.022,0.041,9.995,-0.029,0.031,9.995,2.66,1.33,0.84
,-0.036,0.045,9.993,-0.031,0.053,9.993,2.66,1.47,0.7
,-0.019,0.038,9.971,-0.041,-0.01,10.005,2.59,1.4,0.63
18626.0,-0.017,0.062,9.993,-0.041,0.038,10.0,2.66,1.4,0.77
,-0.024,0.031,9.998,-0.005,0.072,9.971,2.73,1.26,0.7
,0.01,0.06,9.954,-0.017,0.022,9.986,2.59,1.33,0.77
,-0.055,0.062,9.971,0.014,0.031,9.981,2.73,1.47,0.84
18702.0,-0.022,0.053,10.01,-0.019,0.022,9.993,2.66,1.4,0.77
,-0.029,0.036,10.007,-0.005,0.041,10.017,2.8,1.54,0.91
,-0.014,0.022,10.017,0.014,0.026,9.986,2.66,1.4,0.84
,-0.05,0.034,9.986,-0.002,0.048,9.964,2.73,1.33,0.77
18778.0,-0.081,0.017,9.959,-0.048,0.084,9.981,2.66,1.33,0.7
,-0.014,0.053,9.995,-0.01,0.077,9.986,2.66,1.4,0.84
,-0.057,0.055,10.012,-0.045,0.012,9.981,2.73,1.47,0.77
,-0.01,0.043,9.971,-0.038,0.048,10.005,2.66,1.33,0.84
18853.0,-0.034,0.01,10.021,0.005,0.043,9.969,2.59,1.33,0.77
,-0.022,0.065,9.978,-0.007,0.017,10.0,2.73,1.47,0.91
,0.012,0.06,9.969,-0.043,0.053,9.962,2.66,1.33,0.84
,-0.022,0.005,9.998,0.012,0.029,9.993,2.66,1.12,0.77
18929.0,-0.024,0.026,9.969,-0.036,0.06,10.007,2.66,1.4,0.77
,-0.038,0.045,9.94,-0.045,0.06,9.947,2.73,1.26,0.84
,-0.002,0.069,9.976,-0.024,0.062,9.974,2.66,1.4,0.84
,-0.048,0.024,9.993,-0.036,0.05,9.974,2.66,1.19,0.77
19005.0,-0.041,0.069,9.995,-0.014,0.019,9.945,2.87,1.4,0.7
,0.053,0.065,9.995,-0.026,0.029,9.962,2.66,1.33,0.91
,-0.038,0.014,10.0,0.01,0.06,9.99,2.59,1.26,0.84
,-0.002,0.072,10.021,-0.022,0.079,9.959,2.66,1.4,0.77
19080.0,-0.038,0.077,9.981,-0.048,0.005,9.974,2.59,1.4,0.7
,-0.041,0.01,9.981,-0.045,0.062,9.974,2.66,1.4,0.77
,-0.036,0.036,9.988,-0.043,0.045,9.988,2.73,1.4,0.7
,-0.036,0.05,9.993,-0.019,0.045,10.007,2.52,1.33,0.7
19156.0,-0.043,0.053,10.0,0.024,0.057,9.986,2.73,1.26,0.77
,-0.022,0.055,9.969,-0.034,0.055,9.986,2.59,1.26,0.77
,-0.019,0.06,10.031,-0.024,0.057,9.966,2.59,1.4,0.91
,-0.041,0.069,9.95,-0.019,0.057,9.943,2.66,1.4,0.77
19232.0,-0.005,0.053,9.978,-0.045,0.012,10.019,2.66,1.33,0.91
,-0.019,0.01,9.959,-0.031,0.026,10.002,2.66,1.26,0.7
,-0.036,0.034,9.981,-0.041,0.041,9.94,2.66,1.26,0.77
,-0.017,0.041,9.981,-0.024,0.041,9.988,2.66,1.4,0.84
19308.0,0.002,0.05,9.976,-0.019,0.007,9.983,2.8,1.4,0.77
,-0.005,0.069,9.995,0.007,0.062,9.988,2.59,1.4,0.84
,-0.024,0.031,9.971,-0.017,0.024,10.01,2.66,1.33,0.7
,-0.031,0.053,9.988,-0.034,0.06,10.014,2.73,1.47,0.77
19383.0,0.002,0.029,10.002,-0.01,0.005,9.986,2.66,1.26,0.7
,0.031,0.086,9.993,-0.022,0.053,9.99,2.59,1.33,0.7
,-0.01,0.038,9.978,-0.022,0.057,9.966,2.66,1.47,0.84
,-0.002,0.055,10.005,-0.01,0.072,9.986,2.73,1.4,0.84
19459.0,-0.022,0.053,10.002,-0.019,0.0,9.976,2.73,1.4,0.77
,-0.06,0.045,9.976,0.012,0.017,9.993,2.8,1.33,0.77
,0.01,0.031,9.993,-0.041,0.022,10.031,2.73,1.33,0.77
,-0.031,0.012,9.974,-0.029,0.069,9.971,2.73,1.4,0.77
19535.0,-0.022,0.043,9.986,-0.014,0.048,9.981,2.66,1.4,0.84
,-0.053,0.019,10.014,-0.029,0.05,10.007,2.59,1.33,0.77
,-0.055,-0.005,9.998,-0.043,0.05,9.998,2.66,1.26,0.77
,-0.065,0.034,9.986,-0.036,0.05,10.024,2.73,1.26,0.7
19611.0,0.038,-0.002,9.947,-0.043,0.045,9.978,2.73,1.4,0.77
,-0.019,0.074,9.971,-0.019,0.048,9.978,2.73,1.54,0.84
,-0.019,0.031,10.019,-0.034,0.072,9.981,2.73,1.54,0.77
,-0.041,0.057,9.969,-0.048,0.034,9.998,2.73,1.47,0.77
19686.0,-0.024,0.048,9.99,0.007,0.084,10.014,2.66,1.26,0.7
,-0.019,0.041,10.031,-0.031,0.026,10.024,2.8,1.4,0.77
,-0.029,0.031,9.986,-0.05,0.024,9.976,2.73,1.54,0.91
,-0.045,0.036,10.038,-0.041,0.034,9.988,2.73,1.47,0.84
19762.0,-0.036,0.05,10.024,-0.002,0.017,9.978,2.66,1.4,0.77
,-0.026,0.053,9.962,-0.002,0.045,9.993,2.59,1.4,0.77
,-0.034,0.057,10.021,-0.048,0.057,9.995,2.52,1.19,0.77
,-0.01,0.031,9.971,-0.029,0.014,9.978,2.59,1.26,0.77
19837.0,-0.017,0.026,9.983,-0.029,0.026,9.952,2.59,1.4,0.77
,-0.017,0.043,9.988,-0.057,0.055,10.002,2.73,1.4,0.77
,-0.024,0.036,10.007,0.0,0.053,9.943,2.73,1.4,0.7
,-0.038,0.043,9.978,-0.005,0.041,9.986,2.66,1.26,0.7
19913.0,-0.041,0.06,9.954,-0.022,0.079,10.01,2.66,1.19,0.84
,-0.012,0.055,9.969,-0.053,0.045,9.957,2.66,1.19,0.77
,-0.007,0.034,10.002,-0.019,0.043,10.017,2.66,1.26,0.77
,-0.01,0.072,9.978,-0.036,0.057,9.998,2.52,1.4,0.7
19989.0,0.029,0.022,9.95,-0.05,0.065,9.981,2.66,1.33,0.77
,0.01,0.067,10.005,-0.055,0.029,9.986,2.59,1.4,0.84
,-0.038,0.014,10.005,-0.005,0.019,9.983,2.73,1.47,0.84
,-0.007,0.077,9.971,-0.043,0.05,10.0,2.8,1.4,0.7
20065.0,0.002,0.041,9.983,-0.038,0.038,9.969,2.66,1.33,0.7
,-0.034,0.034,9.969,-0.045,0.06,9.971,2.66,1.12,0.7
,-0.031,0.057,9.957,-0.038,0.041,9.978,2.59,1.26,0.77
,-0.029,0.057,9.952,-0.012,0.041,9.998,2.66,1.47,0.84
20141.0,-0.017,0.038,10.005,-0.022,0.045,9.978,2.73,1.33,0.77
,0.012,0.041,9.99,-0.019,0.029,9.983,2.66,1.4,0.84
,-0.012,0.081,10.01,-0.019,0.022,9.945,2.73,1.47,0.84
,-0.053,0.024,9.966,-0.024,0.043,9.954,2.73,1.33,0.77
20216.0,0.0,0.048,10.0,-0.036,0.002,10.014,2.87,1.26,0.77
,-0.017,0.036,9.988,-0.038,0.057,9.962,2.66,1.19,0.77
,-0.038,0.043,9.964,-0.024,0.067,9.988,2.52,1.33,0.77
,-0.019,0.036,9.993,-0.041,0.065,9.993,2.66,1.26,0.77
20292.0,0.012,0.029,9.933,-0.053,0.038,9.976,2.59,1.05,0.77
,-0.034,0.06,9.986,-0.034,0.086,9.966,2.66,1.33,0.77
,-0.045,0.055,9.993,-0.034,0.024,9.983,2.59,1.47,0.7
,-0.024,0.055,9.993,-0.029,0.045,9.986,2.66,1.26,0.77
20368.0,-0.041,0.031,9.964,-0.007,0.017,9.981,2.73,1.47,0.84
,-0.031,0.06,10.002,-0.055,0.017,9.976,2.59,1.33,0.77
,-0.043,0.057,9.978,-0.002,0.029,10.002,2.52,1.33,0.7
,-0.038,-0.007,10.002,0.005,0.079,9.974,2.59,1.19,0.77
20444.0,-0.031,0.11,9.962,-0.05,0.053,9.993,2.66,1.26,0.77
,-0.014,0.057,10.007,-0.019,0.062,10.0,2.73,1.47,0.7
,-0.034,0.041,9.978,-0.01,0.067,9.971,2.8,1.4,0.84
,-0.017,0.053,9.993,-0.007,0.036,10.0,2.73,1.33,0.77
20519.0,-0.036,0.012,9.911,-0.022,0.072,9.966,2.59,1.33,0.84
,-0.038,0.055,9.981,-0.024,0.029,9.986,2.73,1.33,0.91
,-0.077,0.034,9.983,-0.022,0.038,9.981,2.73,1.4,0.91
,-0.029,0.024,9.954,-0.034,0.029,9.974,2.73,1.47,0.91
20595.0,-0.026,0.043,9.959,-0.036,0.072,9.957,2.66,1.4,0.77
,-0.055,0.062,9.988,-0.024,0.034,9.962,2.59,1.19,0.77
,-0.014,0.038,9.978,-0.029,0.036,10.007,2.66,1.26,0.7
,-0.038,0.041,9.976,-0.014,0.062,9.976,2.66,1.19,0.7
20670.0,-0.007,0.05,9.986,-0.043,0.06,9.983,2.66,1.4,0.77
,-0.026,0.01,10.012,-0.036,0.031,9.998,2.73,1.47,0.91
,0.002,0.048,10.014,-0.06,0.06,9.971,2.73,1.26,0.77
,-0.026,0.034,9.964,-0.014,0.019,10.005,2.73,1.47,0.77
20746.0,-0.017,0.05,10.005,-0.038,0.017,9.993,2.59,1.33,0.77
,-0.019,0.053,9.962,-0.065,0.024,9.988,2.52,1.47,0.84
,-0.007,0.034,10.0,-0.019,0.002,10.021,2.73,1.47,0.77
,-0.014,0.036,9.974,0.0,0.05,9.983,2.66,1.26,0.84
20822.0,-0.048,0.038,9.988,-0.036,0.045,9.99,2.59,1.19,0.77
,-0.041,0.05,9.964,-0.036,0.019,9.993,2.66,1.26,0.77
,-0.05,0.043,10.01,-0.01,0.053,9.978,2.66,1.26,0.77
,-0.019,0.045,9.976,-0.019,0.045,9.995,2.73,1.33,0.91
20898.0,-0.029,0.024,9.986,0.041,0.045,9.981,2.59,1.33,0.77
,-0.002,0.045,9.976,-0.019,0.067,9.988,2.66,1.33,0.7
,-0.053,0.045,9.962,0.0,0.043,9.974,2.66,1.47,0.77
,-0.012,0.043,9.99,-0.031,0.034,9.99,2.73,1.4,0.84
20973.0,0.007,0.048,9.945,-0.029,0.055,9.933,2.73,1.47,0.77
,-0.038,0.048,9.998,0.036,0.031,9.998,2.66,1.33,0.77
,-0.05,0.024,9.988,-0.01,0.024,10.007,2.59,1.26,0.77
,-0.029,0.053,9.986,-0.053,0.048,9.986,2.59,1.33,0.77
21049.0,0.0,0.055,9.957,-0.005,0.053,9.981,2.73,1.4,0.84
,-0.007,0.053,10.0,-0.036,0.057,9.978,2.59,1.19,0.7
,-0.024,0.017,9.969,0.019,0.089,9.986,2.73,1.4,0.77
,-0.022,0.06,9.986,-0.019,0.081,10.031,2.73,1.4,0.84
21125.0,-0.034,0.057,9.978,-0.019,0.048,9.993,2.66,1.4,0.7
,-0.019,0.002,9.998,-0.036,0.069,10.019,2.59,1.19,0.7
,-0.034,0.031,10.007,-0.038,0.029,9.981,2.52,1.19,0.7
,-0.019,0.031,9.993,0.041,0.05,10.007,2.52,1.54,0.91
21201.0,-0.029,0.057,10.0,-0.034,0.043,9.962,2.59,1.26,0.77
,-0.031,0.012,9.962,-0.022,0.043,9.995,2.66,1.33,0.84
,-0.05,0.038,9.983,-0.05,0.038,9.99,2.66,1.33,0.77
,-0.017,0.041,9.974,-0.057,0.065,9.981,2.59,1.4,0.7
21277.0,-0.002,0.06,10.014,-0.026,0.026,9.99,2.66,1.33,0.77
,-0.012,0.06,10.021,-0.053,0.029,10.002,2.66,1.33,0.7
,-0.026,0.062,10.019,0.01,0.069,9.962,2.59,1.26,0.7
,-0.005,0.041,10.005,-0.062,0.045,9.99,2.59,1.33,0.84
21352.0,-0.022,0.043,9.993,-0.017,0.057,9.969,2.59,1.4,0.77
,0.012,0.053,9.998,-0.014,0.05,9.974,2.73,1.61,0.77
,-0.041,0.038,9.998,-0.053,0.06,10.014,2.73,1.33,0.7
,-0.019,0.069,9.943,-0.01,0.034,10.007,2.73,1.4,0.77
21428.0,-0.031,0.079,9.986,-0.014,0.041,9.998,2.66,1.26,0.77
,-0.014,0.041,9.938,-0.055,0.05,9.976,2.66,1.4,0.84
,-0.005,0.06,10.005,-0.034,0.057,9.995,2.59,1.33,0.77
,-0.026,0.041,9.995,0.0,0.081,9.981,2.73,1.33,0.7
21503.0,-0.057,0.041,10.017,0.007,0.036,9.976,2.73,1.26,0.77
,-0.062,0.038,9.974,-0.036,-0.024,9.99,2.73,1.33,0.7
,-0.022,0.055,9.943,-0.034,0.045,9.99,2.66,1.4,0.7
,-0.019,0.036,9.926,-0.029,0.036,9.976,2.66,1.33,0.7
21579.0,-0.06,0.041,9.983,-0.014,0.048,9.974,2.66,1.61,0.91
,-0.043,0.055,9.995,-0.043,0.031,9.986,2.73,1.4,0.77
,0.012,0.041,9.986,-0.024,0.06,9.976,2.59,1.4,0.7
,-0.026,0.079,9.99,-0.014,0.067,9.974,2.66,1.26,0.7
21655.0,-0.034,0.041,10.002,-0.014,0.041,10.01,2.66,1.33,0.84
,-0.041,0.014,10.021,-0.017,0.043,10.021,2.59,1.33,0.84
,-0.041,0.019,9.971,-0.019,0.036,9.962,2.59,1.33,0.84
,-0.024,0.074,10.0,-0.034,0.031,9.986,2.66,1.33,0.84
21731.0,-0.024,0.038,9.983,-0.012,0.038,9.974,2.66,1.33,0.84
,-0.043,0.074,10.012,-0.034,0.045,9.995,2.66,1.4,0.77
,-0.017,0.043,9.974,-0.043,0.038,10.005,2.59,1.47,0.84
,-0.022,0.074,9.978,-0.05,0.041,9.981,2.73,1.4,0.77
21806.0,0.007,0.034,10.012,-0.038,0.017,9.978,2.66,1.47,0.84
,0.0,0.057,9.998,-0.007,0.024,9.969,2.66,1.26,0.7
,-0.017,0.05,9.954,-0.014,0.031,9.988,2.66,1.47,0.84
,-0.026,0.048,9.981,-0.036,0.079,9.974,2.73,1.26,0.84
21882.0,-0.029,0.043,9.99,-0.034,0.053,9.976,2.73,1.33,0.84
,-0.057,0.038,10.0,-0.005,0.055,9.998,2.66,1.54,0.77
,-0.014,0.029,9.981,0.019,0.055,9.954,2.66,1.4,0.77
,0.002,0.062,10.002,0.002,0.026,9.978,2.73,1.33,0.7
21957.0,-0.06,0.06,9.964,-0.041,0.014,10.019,2.73,1.4,0.84
,-0.045,0.034,9.921,-0.029,0.012,9.964,2.66,1.33,0.84
,-0.038,0.053,9.978,0.007,0.031,9.964,2.59,1.33,0.84
,-0.053,0.062,9.983,-0.024,0.031,9.974,2.66,1.33,0.77
22033.0,-0.038,0.053,9.976,-0.01,0.036,9.978,2.66,1.4,0.84
,-0.019,0.053,10.017,-0.019,0.024,10.024,2.8,1.4,0.84
,-0.022,0.055,10.019,-0.022,0.017,10.021,2.66,1.4,0.77
,-0.045,0.065,9.959,0.007,0.026,9.995,2.66,1.33,0.84
22109.0,0.005,0.043,10.012,-0.024,0.041,9.986,2.66,1.33,0.84
,-0.005,0.034,9.99,-0.014,0.019,9.966,2.66,1.33,0.77
,-0.022,0.045,9.988,-0.031,0.053,9.983,2.66,1.47,0.77
,-0.005,0.067,9.99,-0.069,0.057,9.974,2.59,1.33,0.84
22185.0,0.024,0.024,9.962,-0.029,0.057,9.988,2.66,1.54,0.84
,-0.019,0.031,9.976,0.0,0.041,10.026,2.66,1.47,0.84
,-0.005,0.034,9.993,0.007,0.05,10.005,2.59,1.4,0.77
,-0.017,0.036,9.986,-0.007,0.007,9.983,2.73,1.26,0.7
22261.0,-0.017,0.024,9.974,-0.031,0.072,9.995,2.59,1.19,0.63
,0.012,-0.002,9.964,0.017,0.031,9.993,2.66,1.47,0.77
,-0.069,0.048,9.99,-0.029,0.062,9.957,2.59,1.26,0.84
,-0.057,0.019,9.99,-0.045,0.053,10.014,2.66,1.33,0.7
22336.0,-0.053,0.067,10.0,-0.057,0.065,9.99,2.66,1.26,0.7
,-0.036,0.05,10.017,-0.019,0.041,9.983,2.66,1.26,0.7
,0.002,0.038,9.969,-0.038,0.062,9.954,2.73,1.33,0.7
,-0.002,0.048,9.99,-0.05,0.045,9.998,2.66,1.4,0.84
22412.0,-0.045,0.038,10.038,-0.041,0.036,9.998,2.59,1.33,0.77
,-0.038,0.034,10.0,-0.017,0.012,9.986,2.73,1.47,0.77
,-0.014,0.067,9.983,-0.034,0.048,9.988,2.73,1.47,0.84
,-0.031,0.072,10.0,-0.017,0.038,9.983,2.59,1.4,0.77
22488.0,0.017,0.062,9.981,-0.024,0.038,9.966,2.73,1.33,0.84
,-0.036,0.038,10.002,-0.026,0.019,9.986,2.66,1.33,0.77
,-0.077,0.017,9.969,-0.034,0.045,9.981,2.66,1.33,0.77
,-0.012,0.024,9.983,-0.026,-0.002,9.976,2.73,1.26,0.84
22564.0,0.022,0.06,9.988,-0.036,0.053,9.971,2.66,1.33,0.77
,-0.024,0.043,9.993,-0.034,0.038,9.954,2.66,1.33,0.84
,0.01,0.077,9.981,-0.043,0.081,9.981,2.59,1.19,0.77
,-0.034,0.048,9.986,0.005,0.057,9.993,2.59,1.33,0.84
22639.0,-0.01,0.026,9.983,0.007,0.048,9.969,2.59,1.4,0.77
,-0.017,0.0,9.988,-0.007,0.036,9.978,2.66,1.4,0.84
,-0.01,0.041,10.002,-0.012,0.036,10.0,2.73,1.47,0.84
,-0.007,0.069,9.993,-0.024,0.041,9.971,2.8,1.26,0.77
22715.0,-0.012,0.038,10.007,-0.012,0.034,9.969,2.73,1.4,0.91
,-0.022,0.06,10.0,-0.062,0.062,10.002,2.8,1.33,0.84
,-0.034,0.038,10.007,-0.019,0.055,9.981,2.73,1.26,0.77
,-0.01,0.062,9.952,-0.022,0.017,9.978,2.66,1.4,0.77
22790.0,-0.01,0.038,9.998,-0.017,0.053,9.962,2.59,1.47,0.84
,-0.007,0.031,9.998,-0.024,0.041,9.969,2.59,1.47,0.77
,0.0,0.057,9.974,-0.01,0.043,9.952,2.73,1.47,0.84
,-0.031,0.031,10.01,-0.041,0.055,9.993,2.73,1.4,0.77
22866.0,-0.017,0.053,9.988,-0.029,0.043,9.976,2.66,1.4,0.7
,-0.012,0.038,9.966,-0.029,0.022,9.99,2.66,1.4,0.77
,-0.041,0.053,9.981,0.012,0.045,10.026,2.59,1.4,0.77
,-0.012,0.045,9.998,-0.017,-0.01,9.964,2.66,1.19,0.91
22942.0,-0.026,0.057,9.986,0.017,0.017,9.993,2.59,1.12,0.77
,-0.029,0.048,10.024,-0.017,0.041,9.988,2.73,1.33,0.77
,-0.029,0.045,9.978,-0.007,0.01,10.005,2.73,1.19,0.7
,-0.036,0.074,10.002,-0.048,0.065,9.971,2.66,1.26,0.77
23018.0,-0.024,0.055,10.01,-0.031,0.053,9.947,2.59,1.12,0.7
,-0.017,0.026,9.976,0.012,0.01,9.978,2.66,1.26,0.77
,-0.036,0.048,9.981,-0.034,0.045,9.981,2.73,1.33,0.77
,-0.065,0.081,9.993,-0.026,0.053,10.019,2.66,1.19,0.7
23093.0,0.002,0.072,9.978,-0.019,0.048,9.964,2.8,1.4,0.7
,0.0,0.06,9.962,-0.024,0.041,10.019,2.8,1.33,0.7
,-0.002,0.038,9.986,0.007,0.062,9.983,2.66,1.26,0.7
,-0.012,0.026,9.976,-0.034,0.01,10.017,2.66,1.33,0.77
23169.0,-0.024,0.045,9.998,-0.048,0.067,9.964,2.73,1.19,0.77
,-0.062,0.048,9.981,-0.045,0.024,9.993,2.59,1.33,0.84
,-0.029,0.055,9.969,-0.007,0.038,9.971,2.59,1.26,0.84
,-0.026,0.017,9.983,-0.05,0.014,10.002,2.66,1.33,0.84
23245.0,-0.005,0.055,9.995,-0.055,-0.002,9.945,2.52,1.33,0.77
,-0.029,0.017,10.01,-0.007,0.019,9.978,2.66,1.26,0.77
,-0.036,0.041,9.966,-0.038,0.045,10.014,2.73,1.33,0.77
,0.0,0.074,9.969,-0.053,0.014,9.983,2.73,1.33,0.77
23321.0,-0.014,0.072,10.0,-0.045,0.055,9.959,2.59,1.19,0.77
,-0.019,0.065,9.988,-0.029,0.045,9.993,2.59,1.33,0.7
,-0.024,0.06,10.031,-0.024,0.069,10.002,2.73,1.4,0.77
,-0.024,0.024,9.974,0.017,0.048,10.031,2.73,1.47,0.84
23397.0,-0.043,0.055,10.031,-0.055,0.014,9.983,2.73,1.47,0.77
,-0.043,0.034,9.988,-0.029,0.022,9.976,2.66,1.33,0.84
,-0.031,0.053,9.981,-0.034,0.019,9.957,2.73,1.26,0.84
,-0.01,0.036,9.993,-0.017,0.024,9.993,2.73,1.4,0.84
23472.0,-0.024,0.031,9.995,0.002,0.05,10.002,2.73,1.33,0.84
,-0.041,0.036,10.012,-0.034,-0.002,9.976,2.66,1.33,0.7
,-0.017,0.067,10.007,-0.019,0.065,9.943,2.73,1.4,0.77
,-0.026,0.041,10.024,-0.012,0.043,9.959,2.8,1.54,0.84
23548.0,-0.022,0.062,9.969,-0.041,0.036,9.978,2.66,1.33,0.77
,0.012,0.041,10.007,-0.077,0.038,9.993,2.52,1.26,0.77
,-0.053,0.057,9.998,-0.038,0.041,9.976,2.59,1.33,0.77
,-0.01,0.012,9.986,0.019,0.041,9.969,2.73,1.33,0.77
23623.0,-0.017,0.043,10.033,-0.014,0.043,9.988,2.66,1.4,0.84
,-0.034,0.007,10.012,-0.029,0.043,9.986,2.66,1.26,0.77
,-0.026,0.05,9.99,-0.019,0.072,9.957,2.66,1.33,0.84
,0.002,0.019,10.017,-0.048,0.06,9.995,2.66,1.26,0.7
23699.0,-0.029,0.062,9.986,-0.045,0.045,9.988,2.59,1.33,0.77
,-0.026,0.029,9.935,-0.031,0.043,10.005,2.59,1.4,0.77
,-0.017,0.041,9.978,-0.031,0.031,9.959,2.73,1.33,0.77
,-0.034,0.084,10.005,-0.031,0.05,9.983,2.73,1.33,0.77
23775.0,-0.043,0.038,9.978,-0.048,0.081,9.966,2.73,1.33,0.7
,0.029,0.048,9.998,-0.005,0.036,10.0,2.59,1.4,0.7
,-0.043,0.057,9.981,0.026,0.053,9.964,2.73,1.4,0.77
,-0.041,0.024,9.952,-0.002,0.05,10.002,2.66,1.33,0.63
23851.0,-0.041,0.048,9.962,-0.007,0.067,9.978,2.66,1.47,0.77
,0.012,0.05,9.957,-0.038,0.06,9.959,2.8,1.4,0.84
,-0.043,0.043,9.976,-0.029,0.057,10.002,2.8,1.19,0.84
,-0.019,0.041,9.976,-0.041,0.084,10.007,2.73,1.4,0.84
23926.0,-0.024,0.055,9.99,-0.019,0.05,9.99,2.66,1.4,0.84
,-0.024,0.05,10.002,-0.038,0.041,10.002,2.66,1.19,0.84
,-0.048,0.067,9.99,-0.026,0.069,10.002,2.73,1.4,0.77
,-0.017,0.034,10.002,0.005,0.036,10.01,2.59,1.33,0.7
24002.0,-0.077,0.045,10.031,-0.081,0.048,9.99,2.66,1.4,0.84
,0.002,0.026,9.993,-0.055,0.024,9.976,2.59,1.26,0.7
,-0.01,0.045,9.966,-0.034,0.017,9.983,2.66,1.26,0.7
,-0.01,0.055,9.962,-0.005,0.053,9.959,2.73,1.33,0.77
24078.0,-0.053,0.062,9.986,-0.034,0.053,9.998,2.66,1.26,0.84
,-0.01,0.05,9.983,0.01,0.079,9.978,2.59,1.26,0.84
,-0.038,0.077,9.99,-0.022,0.06,9.971,2.66,1.26,0.84
,-0.026,0.026,9.966,-0.014,0.045,10.041,2.66,1.33,0.77
24154.0,-0.01,0.038,9.983,-0.029,0.012,9.986,2.66,1.33,0.77
,-0.031,0.065,9.976,-0.012,0.057,9.981,2.66,1.33,0.77
,0.002,0.05,9.923,-0.029,0.062,10.005,2.59,1.47,0.77
,-0.026,0.043,9.986,-0.069,0.031,9.993,2.73,1.33,0.7
24230.0,-0.012,0.024,9.959,0.002,0.022,9.945,2.66,1.33,0.77
,-0.014,0.022,9.974,-0.036,0.045,9.952,2.73,1.4,0.84
,-0.053,0.048,9.971,-0.055,0.072,9.99,2.73,1.26,0.77
,-0.045,0.065,9.993,-0.014,0.038,9.983,2.73,1.26,0.77
24305.0,-0.026,0.043,10.014,-0.041,0.055,9.971,2.59,1.12,0.7
,-0.022,0.067,9.981,-0.012,0.069,9.99,2.66,1.33,0.84
,-0.048,0.048,9.983,-0.031,0.038,9.938,2.73,1.47,0.77
,-0.01,0.06,10.002,-0.022,0.045,10.033,2.73,1.4,0.84
24381.0,-0.036,0.048,10.021,-0.012,0.048,9.988,2.73,1.33,0.7
,0.005,0.026,10.026,-0.026,0.029,10.01,2.66,1.33,0.84
,-0.038,0.077,9.988,-0.06,0.043,9.998,2.66,1.4,0.84
,0.012,0.06,9.969,-0.019,0.031,9.993,2.66,1.26,0.7
24456.0,-0.05,0.048,10.01,-0.007,0.069,10.007,2.59,1.19,0.7
,-0.022,0.062,9.995,-0.031,0.065,10.0,2.59,1.26,0.7
,-0.022,0.103,9.986,-0.014,0.065,9.969,2.66,1.19,0.84
,-0.024,0.024,9.962,-0.026,0.055,9.966,2.8,1.47,0.91
24532.0,-0.002,0.05,9.995,-0.002,0.055,9.978,2.66,1.19,0.77
,-0.012,0.026,9.971,0.031,0.043,9.998,2.73,1.26,0.7
,-0.031,0.017,9.988,-0.043,-0.01,9.954,2.59,1.33,0.77
,-0.038,0.053,9.962,-0.029,0.038,9.962,2.59,1.26,0.7
24608.0,0.01,0.024,9.988,-0.031,0.05,10.007,2.8,1.19,0.77
,-0.043,0.081,9.964,-0.007,0.053,9.964,2.73,1.26,0.7
,-0.034,0.053,9.995,0.038,0.031,9.969,2.66,1.19,0.77
,-0.053,0.043,9.983,-0.041,0.05,10.0,2.73,1.33,0.84
24684.0,-0.057,0.026,9.966,-0.053,0.05,9.978,2.59,1.33,0.77
,-0.019,0.05,9.983,-0.01,0.012,10.019,2.66,1.33,0.77
,-0.019,0.057,9.983,-0.045,0.029,9.99,2.52,1.26,0.77
,-0.045,0.069,9.998,-0.024,0.053,9.954,2.73,1.4,0.84
24759.0,-0.084,0.055,9.986,-0.022,0.045,9.978,2.66,1.47,0.91
,-0.014,0.053,9.99,-0.038,0.067,9.988,2.73,1.4,0.77
,0.01,0.074,9.976,0.0,0.019,9.969,2.59,1.26,0.84
,-0.026,0.022,10.007,-0.01,0.048,9.995,2.59,1.33,0.84
24835.0,-0.029,0.026,9.978,-0.05,0.031,9.99,2.66,1.05,0.7
,-0.017,0.031,9.983,-0.012,0.034,9.964,2.73,1.19,0.77
,-0.022,0.038,10.031,-0.022,0.053,9.99,2.66,1.26,0.84
,-0.01,0.06,9.986,-0.057,0.036,9.995,2.59,1.26,0.7
24911.0,-0.002,0.05,10.038,-0.005,0.06,9.983,2.73,1.33,0.7
,-0.01,0.034,9.986,-0.041,0.062,10.007,2.8,1.4,0.84
,0.005,0.024,10.007,-0.031,0.041,10.0,2.73,1.26,0.7
,-0.012,0.019,9.993,-0.043,0.057,9.995,2.73,1.33,0.77
24987.0,-0.012,0.057,9.981,-0.05,0.031,9.952,2.73,1.19,0.77
,-0.017,0.048,9.995,0.012,0.069,9.974,2.66,1.26,0.84
,-0.031,0.034,9.974,-0.05,0.024,10.017,2.66,1.33,0.84
,-0.017,0.077,9.986,0.01,0.086,10.005,2.73,1.33,0.77
25062.0,-0.048,0.05,9.978,-0.031,0.079,9.954,2.73,1.4,0.77
,-0.005,0.034,10.002,-0.026,0.045,10.014,2.66,1.4,0.77
,-0.036,0.024,9.966,0.01,0.048,9.964,2.66,1.26,0.7
,-0.017,0.048,9.981,-0.022,0.014,9.971,2.73,1.4,0.77
25138.0,-0.048,0.05,10.012,-0.026,0.065,9.986,2.66,1.4,0.77
,-0.01,0.062,10.01,-0.014,0.06,10.021,2.59,1.47,0.91
,-0.005,0.062,10.012,-0.014,0.048,9.974,2.52,1.26,0.84
,0.0,0.077,9.99,-0.053,0.017,9.993,2.66,1.26,0.77
25213.0,-0.01,0.029,9.962,-0.05,0.005,9.966,2.59,1.4,0.77
,-0.007,0.007,10.014,-0.024,-0.012,10.026,2.59,1.26,0.77
,-0.043,0.043,9.978,-0.026,0.031,9.966,2.73,1.26,0.84
,-0.029,0.05,9.966,-0.017,0.007,10.002,2.8,1.33,0.7
25289.0,0.017,0.0,9.962,-0.012,0.012,10.007,2.59,1.26,0.7
,-0.012,0.072,10.002,-0.043,0.05,9.981,2.73,1.33,0.77
,-0.014,0.026,9.998,-0.036,0.05,9.993,2.8,1.33,0.77
,-0.036,0.048,10.029,0.007,0.019,10.0,2.66,1.33,0.77
25365.0,-0.062,0.01,10.012,-0.017,0.029,9.988,2.66,1.4,0.84
,-0.034,0.034,9.964,0.0,0.06,9.964,2.73,1.47,0.84
,-0.048,0.06,10.0,-0.012,0.072,9.981,2.66,1.26,0.77
,-0.012,0.053,9.998,-0.007,0.002,9.99,2.66,1.26,0.63
25441.0,-0.002,0.053,10.0,-0.041,0.043,9.99,2.66,1.4,0.77
,-0.026,0.022,9.993,-0.043,0.057,10.007,2.59,1.12,0.7
,-0.034,0.048,10.002,-0.045,0.029,9.959,2.59,1.26,0.77
,-0.005,0.06,9.976,-0.017,0.084,10.0,2.73,1.47,0.84
25517.0,-0.024,0.038,9.988,-0.036,0.062,9.976,2.59,1.26,0.77
,-0.029,0.034,9.981,-0.024,0.038,10.007,2.59,1.26,0.77
,-0.01,0.026,10.017,-0.022,0.034,10.005,2.73,1.19,0.84
,-0.041,0.05,10.01,-0.014,0.065,9.983,2.73,1.26,0.84
25592.0,-0.045,0.034,9.993,-0.053,0.057,9.969,2.59,1.33,0.7
,-0.024,0.043,9.971,0.005,0.045,9.971,2.66,1.33,0.77
,0.002,0.05,10.024,-0.048,0.077,9.99,2.66,1.4,0.77
,0.029,0.081,10.005,0.012,0.01,9.978,2.66,1.26,0.77
25668.0,-0.029,0.019,9.969,-0.05,0.065,9.986,2.59,1.4,0.77
,-0.005,0.041,9.959,-0.012,0.014,10.005,2.66,1.26,0.63
,-0.034,0.012,9.959,-0.06,0.065,10.019,2.66,1.33,0.77
,-0.045,0.045,9.966,0.005,0.074,9.995,2.59,1.26,0.84
25744.0,-0.012,0.019,9.952,-0.017,0.019,9.988,2.73,1.33,0.7
,-0.031,0.045,9.988,0.0,0.031,10.012,2.59,1.33,0.77
,-0.048,0.072,9.976,-0.036,0.05,9.966,2.59,1.12,0.77
,-0.017,0.045,9.981,-0.01,0.034,10.01,2.59,1.19,0.7
25820.0,-0.007,0.062,9.978,-0.045,0.043,9.988,2.59,1.4,0.77
,-0.062,0.045,9.964,-0.041,0.057,9.993,2.73,1.4,0.84
,0.01,0.022,10.002,-0.007,0.036,9.99,2.66,1.4,0.84
,-0.072,0.043,9.943,0.01,0.069,9.974,2.59,1.33,0.7
25895.0,-0.002,0.038,9.981,-0.038,0.038,10.012,2.66,1.33,0.84
,-0.017,0.014,10.0,-0.01,0.048,10.014,2.66,1.26,0.7
,-0.045,0.072,9.986,-0.029,0.024,9.993,2.59,1.4,0.7
,-0.017,0.043,9.974,-0.026,0.038,9.969,2.73,1.47,0.84
25971.0,-0.002,0.055,9.986,-0.043,0.043,9.986,2.59,1.4,0.77
,-0.041,0.029,9.945,-0.038,0.034,9.964,2.73,1.47,0.84
,-0.045,0.031,9.976,-0.012,0.067,9.993,2.59,1.33,0.77
,-0.06,0.038,9.962,-0.043,0.045,9.974,2.73,1.26,0.84
26046.0,-0.034,0.05,9.988,-0.062,0.065,9.966,2.66,1.26,0.77
,-0.017,0.057,10.002,-0.005,0.05,10.033,2.73,1.4,0.77
,-0.012,0.065,10.005,-0.029,-0.005,10.0,2.66,1.19,0.77
,-0.017,0.081,9.981,-0.007,0.019,10.005,2.73,1.33,0.84
26122.0,-0.048,0.024,10.005,-0.014,0.043,9.995,2.59,1.19,0.77
,-0.031,0.014,9.993,0.014,0.022,10.007,2.59,1.4,0.84
,-0.007,0.043,9.964,-0.026,0.036,10.0,2.66,1.26,0.84
,0.014,0.077,9.995,-0.017,0.079,9.969,2.73,1.33,0.7
26198.0,0.022,0.026,10.007,-0.002,0.057,9.988,2.59,1.54,0.77
,-0.029,0.065,9.995,-0.019,0.045,9.993,2.59,1.33,0.7
,-0.019,0.05,9.995,-0.048,0.034,9.978,2.59,1.26,0.84
,0.01,0.029,9.983,-0.065,0.034,9.986,2.73,1.4,0.77
26274.0,-0.072,0.055,9.957,-0.024,0.045,9.974,2.73,1.47,0.91
,-0.022,0.026,9.993,-0.005,0.026,10.033,2.66,1.4,0.77
,-0.045,0.055,9.952,-0.01,0.079,10.012,2.59,1.33,0.77
,-0.019,0.036,9.966,-0.067,0.036,9.976,2.73,1.33,0.84
26349.0,-0.05,0.036,10.01,-0.002,0.069,9.983,2.73,1.61,0.84
,-0.012,0.019,9.978,0.005,0.053,9.974,2.59,1.4,0.77
,-0.017,0.019,9.993,-0.002,0.026,9.983,2.73,1.19,0.77
,-0.053,0.05,9.988,0.005,0.05,9.988,2.73,1.4,0.84
26425.0,0.005,0.084,9.976,-0.036,0.026,9.995,2.73,1.4,0.77
,-0.048,0.055,9.99,-0.005,0.014,9.952,2.73,1.47,0.77
,-0.038,0.057,9.978,-0.024,0.05,9.995,2.73,1.19,0.7
,0.019,0.072,9.981,-0.045,0.022,10.002,2.66,1.26,0.7
26501.0,-0.041,0.041,10.021,-0.012,0.019,10.017,2.66,1.33,0.84
,-0.007,0.048,9.962,-0.012,0.038,9.954,2.73,1.26,0.84
,0.0,0.043,9.971,-0.055,0.026,9.983,2.66,1.33,0.77
,-0.026,0.045,10.0,-0.019,0.05,9.981,2.73,1.26,0.7
26577.0,-0.05,0.024,10.014,-0.036,0.053,10.005,2.59,1.26,0.7
,-0.014,0.055,9.971,0.019,0.034,9.976,2.66,1.26,0.77
,-0.002,0.041,9.981,0.005,0.048,9.988,2.59,1.33,0.7
,-0.017,0.045,9.988,-0.029,0.041,9.978,2.66,1.47,0.84
26653.0,-0.017,0.065,9.995,-0.022,0.045,9.993,2.73,1.54,0.91
,-0.029,0.06,9.959,-0.031,0.05,9.99,2.66,1.19,0.77
,0.007,0.06,9.943,-0.062,0.048,9.976,2.59,1.12,0.7
,-0.065,0.024,9.998,-0.024,0.041,9.988,2.59,1.26,0.7
26728.0,-0.014,0.022,9.993,-0.019,0.055,9.943,2.59,1.4,0.91
,-0.026,0.014,9.981,-0.014,0.057,9.986,2.66,1.26,0.84
,0.022,0.038,10.014,-0.031,0.043,9.998,2.59,1.19,0.7
,-0.045,0.038,9.998,-0.072,0.043,9.964,2.66,1.33,0.77
26804.0,-0.019,0.022,9.957,-0.012,0.043,9.986,2.59,1.19,0.7
,-0.036,0.062,9.995,-0.06,0.031,10.038,2.66,1.4,0.77
,-0.031,0.029,9.966,-0.026,0.005,10.019,2.59,1.4,0.63
,-0.043,0.014,9.966,-0.038,0.05,9.981,2.66,1.33,0.77
26879.0,-0.062,0.036,9.99,-0.065,0.108,9.998,2.66,1.47,0.91
,-0.012,0.069,9.974,0.005,0.045,9.995,2.52,1.26,0.91
,-0.007,0.06,9.986,-0.022,0.05,10.01,2.66,1.26,0.77
,-0.034,0.043,9.976,-0.031,0.031,10.0,2.73,1.33,0.7
26955.0,-0.041,0.017,10.031,-0.017,0.026,9.99,2.73,1.33,0.77
,-0.002,0.041,10.01,0.031,0.048,9.986,2.73,1.4,0.77
,-0.017,0.01,9.986,-0.029,0.055,9.978,2.59,1.26,0.77
,-0.041,0.038,9.966,-0.005,0.043,9.988,2.66,1.4,0.84
27031.0,-0.014,0.057,9.995,-0.002,0.057,9.993,2.59,1.33,0.84
,-0.005,0.036,10.01,-0.019,0.048,9.974,2.66,1.19,0.77
,-0.048,0.055,9.981,-0.053,0.048,9.959,2.66,1.19,0.84
,-0.017,0.029,9.954,-0.036,0.043,9.998,2.73,1.26,0.77
27107.0,0.005,0.067,10.026,-0.029,0.022,9.974,2.52,1.26,0.77
,-0.01,0.038,9.974,-0.041,0.065,9.993,2.59,1.33,0.7
,-0.005,0.053,9.943,-0.029,0.007,10.021,2.66,1.19,0.63
,-0.022,0.062,9.978,-0.01,0.034,9.988,2.66,1.47,0.84
27182.0,0.012,0.053,9.995,-0.026,0.05,9.986,2.73,1.4,0.77
,-0.014,0.019,10.007,-0.012,0.041,9.986,2.73,1.33,0.77
,-0.026,0.048,10.002,0.026,0.034,9.962,2.73,1.33,0.77
,-0.053,0.017,9.99,-0.034,0.019,9.952,2.59,1.19,0.7
27258.0,-0.034,0.029,10.021,-0.072,0.017,9.95,2.59,1.19,0.77
,-0.029,0.036,9.986,-0.005,0.057,10.01,2.66,1.4,0.77
,-0.029,0.024,9.995,-0.036,0.002,9.988,2.59,1.33,0.7
,-0.053,0.019,9.993,-0.012,0.031,9.978,2.66,1.19,0.7
27333.0,-0.038,0.026,9.995,-0.005,0.05,9.99,2.73,1.4,0.84
,-0.029,0.031,9.962,-0.024,0.029,10.007,2.8,1.33,0.77
,-0.012,0.062,9.966,-0.029,0.079,9.966,2.66,1.26,0.63
,-0.048,0.053,9.99,-0.01,0.065,9.978,2.73,1.33,0.7
27409.0,-0.05,0.048,9.957,-0.022,0.017,9.976,2.59,1.26,0.77
,-0.022,0.048,9.962,-0.014,0.057,9.998,2.66,1.33,0.77
,0.017,0.014,9.959,-0.012,0.069,9.986,2.59,1.26,0.77
,-0.024,0.074,9.983,-0.038,0.034,9.986,2.59,1.26,0.7
27485.0,-0.007,0.062,9.962,-0.081,0.034,9.99,2.73,1.33,0.84
,-0.034,0.084,10.01,0.01,0.034,10.0,2.66,1.33,0.84
,-0.022,0.012,9.983,-0.014,0.05,9.943,2.59,1.4,0.77
,-0.005,0.05,10.026,0.0,0.041,9.986,2.59,1.33,0.77
27561.0,-0.053,0.055,9.962,0.005,0.05,10.014,2.59,1.54,0.77
,-0.012,0.045,10.012,-0.065,0.034,10.012,2.59,1.26,0.7
,-0.041,0.053,10.002,0.007,0.045,9.976,2.73,1.19,0.7
,-0.024,0.048,9.959,-0.01,0.019,9.964,2.73,1.26,0.77
27637.0,-0.029,0.026,10.031,0.005,0.065,10.005,2.59,1.26,0.7
,-0.034,0.055,10.005,0.012,0.038,9.988,2.59,1.12,0.77
,-0.041,0.053,9.966,-0.029,0.055,9.993,2.66,1.26,0.77
,0.026,0.045,9.969,-0.026,0.065,10.005,2.66,1.19,0.77
27712.0,-0.034,0.036,9.945,-0.038,0.048,10.026,2.66,1.12,0.7
,-0.055,0.048,9.966,0.0,0.077,9.954,2.59,1.26,0.77
,-0.019,0.022,10.007,-0.005,0.034,10.002,2.66,1.33,0.77
,-0.043,0.06,9.993,-0.002,0.038,9.964,2.73,1.4,0.84
27788.0,-0.017,0.057,9.998,-0.038,0.057,9.971,2.66,1.47,0.91
,-0.012,0.026,9.986,-0.038,0.048,9.99,2.66,1.33,0.84
,-0.036,0.081,10.0,-0.055,0.038,9.957,2.59,1.19,0.77
,-0.002,0.031,9.969,0.022,0.048,9.962,2.66,1.19,0.91
27864.0,-0.019,0.024,9.971,-0.034,0.074,9.971,2.73,1.26,0.77
,-0.043,0.055,9.995,-0.019,0.034,9.993,2.8,1.4,0.77
,-0.048,0.074,10.007,-0.026,0.034,9.966,2.66,1.47,0.77
,-0.036,0.065,10.002,-0.014,0.045,10.0,2.66,1.47,0.84
27940.0,-0.038,0.022,10.01,-0.007,0.014,10.002,2.8,1.47,0.84
,-0.024,0.055,9.952,0.022,0.041,10.0,2.8,1.61,0.91
,-0.017,0.062,10.019,-0.024,0.043,9.981,2.73,1.33,0.84
,-0.048,0.053,10.002,-0.007,0.05,9.969,2.73,1.33,0.84
28015.0,-0.041,0.007,9.971,-0.038,0.029,9.988,2.66,1.4,0.77
,-0.012,0.067,9.981,-0.007,0.053,10.019,2.73,1.47,0.77
,-0.043,0.041,9.993,-0.038,0.022,9.986,2.66,1.33,0.77
,0.002,0.048,9.95,-0.038,0.086,10.002,2.66,1.47,0.84
28091.0,-0.043,0.072,9.95,-0.057,0.036,9.998,2.66,1.26,0.77
,-0.005,0.043,10.005,-0.024,0.034,10.005,2.73,1.19,0.77
,-0.019,0.022,9.981,-0.017,0.043,9.916,2.73,1.05,0.77
,0.029,0.057,9.981,-0.038,0.062,9.964,2.66,1.05,0.77
28166.0,-0.022,0.026,10.0,-0.017,0.089,10.002,2.52,1.33,0.77
,0.002,0.069,9.976,-0.024,0.079,9.976,2.59,1.12,0.84
,-0.055,0.041,9.986,-0.041,0.017,10.0,2.73,1.19,0.77
,-0.041,0.048,10.007,-0.041,0.05,9.971,2.8,1.33,0.77
28242.0,-0.036,0.041,9.978,-0.026,0.05,9.962,2.73,1.47,0.77
,-0.05,0.045,10.043,-0.043,0.05,10.005,2.66,1.26,0.84
,-0.053,0.012,9.988,-0.041,-0.007,9.959,2.52,1.19,0.77
,-0.024,0.038,10.0,-0.007,0.022,9.986,2.73,1.19,0.77
28318.0,-0.043,0.089,9.99,-0.026,0.036,10.019,2.66,1.26,0.7
,-0.019,0.069,9.981,-0.041,0.036,9.964,2.59,1.33,0.84
,-0.014,0.007,9.99,-0.024,0.077,9.969,2.66,1.19,0.77
,-0.034,0.053,9.978,-0.036,0.029,9.995,2.73,1.26,0.77
28394.0,-0.022,0.06,9.998,-0.065,0.024,9.976,2.59,1.19,0.7
,-0.089,0.043,10.0,-0.014,0.06,10.007,2.66,1.33,0.77
,-0.053,0.031,9.981,-0.055,0.036,9.945,2.73,1.26,0.7
,-0.007,0.055,9.995,-0.031,0.026,10.026,2.66,1.26,0.7
28469.0,-0.036,0.036,9.976,-0.022,0.045,10.0,2.59,1.19,0.63
,-0.026,0.041,10.0,-0.024,0.038,9.978,2.59,1.05,0.7
,-0.029,0.05,9.952,0.014,0.034,9.99,2.66,1.19,0.7
,-0.017,0.067,10.0,-0.043,0.065,10.002,2.52,1.26,0.77
28545.0,-0.026,0.081,9.983,-0.002,0.036,9.995,2.8,1.33,0.7
,-0.014,0.057,9.959,-0.017,0.067,9.993,2.66,1.19,0.77
,-0.041,0.048,9.993,-0.007,0.031,9.971,2.52,1.12,0.77
,-0.043,0.026,9.986,-0.019,0.053,9.99,2.66,1.19,0.77
28621.0,-0.036,0.067,9.966,-0.005,0.022,9.986,2.66,1.26,0.77
,-0.022,0.024,9.998,-0.014,0.055,9.99,2.73,1.47,0.77
,-0.005,0.05,10.021,0.007,0.019,10.0,2.66,1.26,0.77
,-0.01,0.012,10.002,0.014,0.024,9.99,2.59,1.33,0.7
28697.0,-0.026,0.06,9.986,-0.038,0.055,9.964,2.66,1.33,0.7
,-0.012,0.041,10.019,0.002,0.034,10.024,2.73,1.47,0.84
,0.029,0.034,9.983,-0.026,0.062,9.998,2.66,1.4,0.84
,-0.034,0.041,10.012,-0.012,0.048,9.976,2.66,1.26,0.77
28773.0,-0.019,0.017,9.993,-0.019,0.029,9.99,2.66,1.54,0.77
,-0.024,0.036,9.952,0.012,0.017,9.976,2.66,1.4,0.7
,0.002,0.055,10.0,-0.017,0.074,10.0,2.59,1.4,0.77
,-0.048,0.069,10.014,-0.041,0.055,10.012,2.66,1.4,0.77
28848.0,-0.014,0.072,9.998,-0.029,0.048,10.0,2.66,1.26,0.77
,-0.01,-0.012,9.998,-0.026,0.029,9.978,2.66,1.47,0.77
,-0.031,0.062,10.0,-0.012,0.081,9.974,2.73,1.4,0.77
,-0.043,0.017,9.978,-0.041,0.036,9.957,2.66,1.4,0.77
28924.0,-0.005,0.034,9.976,-0.041,0.065,10.002,2.73,1.26,0.91
,-0.017,0.014,10.0,-0.017,0.05,9.993,2.73,1.33,0.77
,-0.005,0.024,10.014,-0.029,0.026,9.954,2.73,1.26,0.77
,-0.067,0.053,9.976,-0.002,0.019,10.007,2.66,1.26,0.77
28999.0,-0.019,0.06,9.99,-0.029,0.029,9.983,2.8,1.26,0.84
,-0.014,0.045,9.981,-0.01,0.024,9.976,2.59,1.33,0.77
,-0.036,0.065,9.986,0.002,0.048,9.928,2.66,1.4,0.77
,-0.048,0.036,9.971,-0.031,0.048,9.986,2.73,1.26,0.7
29075.0,0.0,0.026,9.957,-0.036,0.026,9.981,2.66,1.33,0.77
,-0.077,0.086,10.01,-0.026,0.05,10.0,2.59,1.26,0.77
,-0.036,0.036,9.995,-0.048,0.043,10.014,2.66,0.98,0.7
,-0.05,0.048,9.935,-0.057,0.005,9.971,2.66,1.05,0.7
29151.0,0.002,0.089,9.931,-0.067,0.065,9.983,2.66,1.26,0.77
,-0.019,0.029,9.988,-0.01,0.043,10.041,2.66,1.33,0.7
,-0.069,0.01,9.995,-0.024,0.043,9.969,2.66,1.19,0.7
,-0.022,0.031,9.99,-0.01,0.065,10.01,2.66,1.19,0.84
29227.0,-0.069,0.022,10.01,-0.012,0.069,9.964,2.66,1.12,0.84
,0.01,0.01,9.974,-0.012,0.053,9.964,2.66,1.33,0.77
,-0.002,0.043,10.0,-0.024,0.005,10.017,2.73,1.33,0.77
,-0.024,0.062,9.952,-0.01,0.036,10.019,2.59,1.47,0.7
29302.0,-0.055,0.055,9.978,-0.022,0.0,9.966,2.66,1.12,0.77
,-0.026,0.06,9.974,-0.05,0.024,10.024,2.66,1.19,0.77
,-0.017,0.06,9.988,-0.045,0.053,9.95,2.66,1.33,0.77
,-0.026,0.038,9.983,-0.045,0.048,10.0,2.66,1.4,0.84
29378.0,-0.017,0.019,9.998,-0.041,0.017,10.017,2.59,1.33,0.77
,-0.026,0.034,9.976,-0.01,0.045,9.99,2.66,1.33,0.77
,-0.043,0.057,9.971,-0.034,0.034,9.988,2.66,1.4,0.77
,-0.034,0.05,9.978,0.002,0.038,9.974,2.66,1.33,0.77
29454.0,-0.048,0.05,9.99,-0.002,0.077,9.988,2.73,1.19,0.84
,-0.014,0.029,10.007,-0.019,0.029,10.024,2.66,1.4,0.91
,-0.024,0.026,9.998,-0.031,0.038,9.962,2.73,1.47,0.84
,-0.022,0.038,9.971,-0.067,0.06,9.998,2.66,1.33,0.77
29530.0,-0.036,0.043,10.017,-0.026,0.029,10.029,2.66,1.4,0.84
,-0.045,0.036,9.986,-0.017,0.036,10.002,2.73,1.4,0.84
,-0.034,0.041,9.995,-0.029,0.036,9.983,2.59,1.4,0.77
,-0.022,0.022,9.974,-0.024,0.077,9.988,2.59,1.19,0.63
29606.0,-0.019,0.022,9.974,-0.041,0.031,9.988,2.66,1.47,0.91
,-0.029,0.048,9.998,-0.005,0.079,9.966,2.59,1.33,0.84
,-0.017,0.057,9.978,-0.036,0.031,9.995,2.59,1.33,0.77
,-0.024,0.024,10.021,-0.036,0.031,9.971,2.59,1.54,0.77
29681.0,-0.022,0.081,9.986,-0.041,0.05,10.012,2.66,1.33,0.77
,-0.014,0.045,10.019,-0.034,0.062,9.978,2.66,1.26,0.77
,-0.048,0.043,10.038,-0.029,0.045,9.988,2.59,1.47,0.84
,-0.036,0.065,9.966,-0.038,0.077,9.988,2.59,1.54,0.84
29757.0,-0.055,0.041,10.021,-0.01,0.024,9.974,2.8,1.47,0.84
,-0.034,-0.002,9.993,0.005,0.048,9.964,2.66,1.4,0.77
,-0.036,0.086,10.021,-0.055,0.007,10.036,2.66,1.26,0.77
,-0.038,0.084,9.954,0.007,0.043,9.998,2.66,1.33,0.84
29832.0,-0.045,0.014,9.983,-0.007,0.057,10.005,2.66,1.26,0.77
,-0.007,0.031,9.998,0.002,0.041,9.99,2.73,1.33,0.77
,-0.041,0.031,9.978,-0.005,0.069,10.014,2.66,1.4,0.84
,-0.012,0.024,9.988,0.002,0.045,9.99,2.73,1.12,0.7
29908.0,-0.069,0.036,9.957,-0.034,0.055,9.978,2.59,1.33,0.7
,-0.036,0.024,9.976,-0.026,-0.007,10.002,2.66,1.26,0.77
,-0.012,0.043,9.981,-0.024,0.053,9.993,2.66,1.26,0.7
,-0.007,0.034,9.962,-0.01,0.062,10.007,2.66,1.19,0.7
29984.0,-0.036,0.034,9.993,-0.022,0.055,9.978,2.59,1.33,0.77
,-0.034,0.022,9.993,-0.012,0.065,9.995,2.73,1.54,0.77
,0.014,0.045,9.993,-0.048,0.077,10.0,2.8,1.47,0.84
,-0.007,0.031,9.943,-0.017,0.026,9.974,2.73,1.33,0.84
30060.0,-0.002,0.012,9.99,0.002,0.034,10.0,2.73,1.33,0.77
,-0.036,0.031,9.976,-0.043,0.055,9.959,2.73,1.26,0.84
,-0.01,0.034,10.01,-0.002,0.077,9.993,2.66,1.4,0.77
,-0.012,0.055,9.976,0.005,0.053,9.981,2.73,1.47,0.84
30135.0,-0.036,0.005,9.978,-0.024,0.043,9.983,2.59,1.4,0.84
,-0.019,0.055,9.993,-0.034,0.057,9.981,2.59,1.33,0.7
,-0.045,0.067,9.978,-0.012,0.062,9.966,2.66,1.33,0.77
,-0.034,0.048,10.005,-0.01,0.069,9.988,2.73,1.26,0.77
30211.0,-0.026,0.057,10.021,-0.012,0.062,10.012,2.59,1.26,0.84
,0.01,0.067,9.981,0.0,0.045,9.995,2.59,1.33,0.77
,-0.036,0.069,10.005,-0.019,0.053,10.012,2.66,1.4,0.84
,-0.022,0.05,9.998,-0.036,0.024,9.962,2.73,1.54,0.91
30287.0,0.007,0.05,9.99,-0.034,0.048,9.978,2.52,1.33,0.84
,-0.019,0.05,9.976,-0.038,0.041,10.029,2.59,1.4,0.7
,-0.031,0.026,9.988,-0.005,0.031,9.978,2.59,1.26,0.63
,-0.026,0.043,10.021,-0.024,0.048,9.995,2.59,1.26,0.63
30363.0,-0.012,0.024,9.983,-0.029,0.038,10.014,2.73,1.4,0.84
,-0.022,0.057,9.99,-0.034,0.081,9.978,2.73,1.33,0.84
,-0.002,0.074,9.976,-0.041,0.041,10.021,2.66,1.26,0.77
,-0.014,0.031,9.947,-0.014,0.034,9.988,2.73,1.4,0.84
30438.0,0.01,0.055,9.933,0.024,0.029,10.017,2.66,1.26,0.77
,-0.065,0.057,9.988,-0.01,0.077,10.017,2.73,1.33,0.84
,-0.055,0.055,9.986,-0.048,0.062,9.981,2.66,1.26,0.77
,-0.026,0.057,10.005,-0.022,0.053,9.995,2.66,1.4,0.77
30514.0,-0.017,0.081,9.959,-0.038,0.019,9.99,2.66,1.47,0.84
,-0.024,0.038,9.983,-0.022,0.077,10.026,2.73,1.19,0.84
,-0.034,0.026,9.966,-0.036,0.053,9.998,2.66,1.26,0.84
,-0.022,0.06,9.964,-0.019,0.045,10.007,2.66,1.19,0.77
30589.0,-0.002,0.024,10.002,-0.014,0.057,9.969,2.73,1.33,0.84
,-0.041,0.041,10.0,-0.05,0.019,10.0,2.66,1.26,0.7
,-0.022,0.043,10.005,-0.022,0.029,9.988,2.66,1.19,0.77
,-0.031,0.05,9.952,-0.014,0.022,9.983,2.59,1.26,0.77
30665.0,-0.019,0.031,9.986,0.0,0.024,9.962,2.66,1.26,0.91
,-0.005,0.077,9.971,-0.007,0.038,9.966,2.66,1.4,0.84
,0.019,0.048,9.966,-0.014,0.045,10.007,2.59,1.19,0.77
,-0.017,0.029,10.021,0.007,0.012,9.986,2.66,1.26,0.84
30741.0,-0.069,0.06,9.998,-0.045,0.031,9.952,2.73,1.47,0.84
,-0.019,0.043,9.969,-0.036,0.026,9.971,2.66,1.12,0.7
,-0.05,0.067,9.983,-0.012,0.072,9.983,2.73,1.33,0.77
,-0.005,0.038,9.998,-0.065,0.019,9.99,2.73,1.4,0.77
30817.0,-0.036,0.036,9.998,-0.053,0.041,10.026,2.59,1.4,0.77
,0.002,0.038,9.99,0.007,0.034,9.993,2.73,1.33,0.77
,-0.017,0.014,9.974,-0.019,0.048,9.993,2.73,1.19,0.77
,-0.05,0.041,10.0,-0.01,0.048,10.005,2.73,1.26,0.77
30893.0,-0.031,0.041,9.952,0.005,0.036,10.01,2.66,1.54,0.84
,0.014,0.055,9.969,-0.029,0.062,10.002,2.66,1.4,0.91
,-0.045,0.062,9.954,0.007,0.043,9.995,2.66,1.33,0.84
,-0.053,0.026,9.974,-0.029,0.029,9.957,2.73,1.33,0.77
30968.0,-0.062,0.043,9.974,-0.017,0.019,10.01,2.66,1.33,0.77
,-0.024,0.062,9.964,-0.01,0.031,9.995,2.73,1.33,0.84
,-0.01,0.026,9.964,-0.012,0.045,9.998,2.73,1.26,0.77
,-0.041,0.072,9.976,0.019,0.038,9.969,2.66,1.4,0.77
31044.0,-0.043,0.048,9.966,0.005,0.014,9.99,2.59,1.47,0.84
,-0.002,0.029,9.986,-0.034,0.05,9.995,2.66,1.4,0.77
,-0.057,-0.005,9.995,0.017,0.029,10.005,2.66,1.33,0.7
,-0.029,0.017,9.966,0.005,0.091,10.017,2.66,1.26,0.77
31120.0,0.005,0.038,9.976,-0.005,0.036,9.959,2.66,1.33,0.77
,-0.041,0.045,9.99,-0.024,0.002,10.014,2.66,1.26,0.7
,-0.026,0.031,10.007,-0.043,0.026,9.974,2.73,1.4,0.63
,-0.002,0.007,10.019,-0.022,0.053,9.971,2.66,1.19,0.63
31196.0,0.0,0.062,9.986,0.012,0.031,9.998,2.45,1.33,0.63
,-0.024,0.048,9.969,0.0,0.06,9.986,2.52,1.26,0.84
,-0.038,0.019,9.99,-0.038,0.074,9.988,2.66,1.26,0.7
,-0.012,0.031,9.993,-0.036,0.077,9.998,2.59,1.33,0.84
31271.0,-0.01,0.069,10.007,-0.031,0.069,9.95,2.66,1.12,0.77
,-0.022,0.029,9.988,-0.026,0.067,9.974,2.66,1.26,0.7
,-0.036,0.06,9.978,-0.055,0.06,9.99,2.66,1.26,0.77
,0.007,-0.01,9.993,-0.045,0.041,10.0,2.73,1.26,0.77
31347.0,-0.043,0.045,10.019,-0.045,0.038,10.01,2.66,1.4,0.77
,-0.036,0.041,9.962,-0.022,0.022,10.007,2.73,1.33,0.84
,-0.034,0.007,9.983,0.022,0.038,10.007,2.73,1.4,0.7
,0.005,0.034,9.978,-0.043,0.065,9.981,2.59,1.26,0.77
31422.0,0.012,0.067,9.964,-0.031,0.029,10.036,2.66,1.19,0.77
,-0.034,0.053,9.993,-0.005,0.072,9.971,2.66,1.47,0.91
,-0.002,0.074,10.002,-0.017,0.024,10.0,2.52,1.47,0.84
,-0.017,0.057,10.007,0.034,0.055,9.995,2.66,1.4,0.77
31498.0,-0.053,0.077,10.005,-0.005,0.057,9.986,2.73,1.19,0.77
,0.01,0.038,9.962,-0.043,0.036,9.978,2.73,1.4,0.77
,-0.053,0.029,9.981,-0.012,0.038,9.962,2.73,1.61,0.84
,-0.022,0.06,9.988,-0.043,0.057,9.962,2.59,1.33,0.77
31574.0,-0.05,0.05,9.983,-0.012,0.002,9.971,2.66,1.33,0.77
,-0.05,0.048,9.998,-0.005,0.062,9.959,2.73,1.26,0.7
,-0.022,0.048,9.959,-0.002,0.029,9.959,2.66,1.26,0.77
,-0.024,0.005,9.988,-0.026,0.022,10.019,2.66,1.54,0.84
31650.0,0.01,0.041,9.971,0.002,0.053,9.978,2.66,1.19,0.7
,-0.022,0.06,9.966,-0.029,0.034,9.957,2.66,1.4,0.77
,-0.012,0.024,9.986,-0.048,0.048,10.002,2.66,1.19,0.63
,-0.05,0.05,9.952,-0.029,0.077,10.012,2.66,1.19,0.77
31726.0,0.01,0.017,9.966,-0.055,0.031,9.99,2.59,1.4,0.84
,-0.05,0.074,9.983,-0.024,0.034,9.962,2.66,1.33,0.77
,-0.079,0.062,9.962,-0.041,0.031,10.024,2.73,1.12,0.77
,-0.034,0.017,9.986,-0.007,0.017,9.976,2.66,1.12,0.7
31801.0,0.012,0.05,9.971,-0.048,0.055,9.988,2.66,1.33,0.84
,0.007,0.041,9.988,-0.026,0.041,9.993,2.66,1.19,0.77
,-0.029,0.026,9.976,-0.034,0.057,9.986,2.66,1.33,0.77
,-0.005,0.053,9.998,-0.06,0.041,9.974,2.73,1.4,0.84
31877.0,-0.036,0.0,10.005,-0.043,0.055,10.0,2.66,1.33,0.77
,-0.002,0.034,10.0,0.019,0.029,9.988,2.8,1.47,0.77
,-0.019,0.017,9.971,0.005,0.055,9.998,2.66,1.33,0.7
,-0.06,0.017,10.014,0.0,0.06,9.981,2.66,1.47,0.84
31953.0,-0.002,0.05,9.99,-0.014,0.072,9.974,2.59,1.26,0.63
,-0.019,0.031,10.01,-0.017,0.06,10.0,2.66,1.33,0.7
,0.002,0.029,9.99,-0.043,0.05,9.995,2.59,1.19,0.7
,-0.014,0.053,9.983,0.012,0.026,9.993,2.66,1.26,0.7
32029.0,-0.079,0.026,9.959,-0.05,0.017,9.993,2.59,1.33,0.84
,-0.014,0.022,9.978,0.038,0.048,10.002,2.66,1.33,0.84
,-0.014,0.057,9.962,-0.01,0.067,9.995,2.66,1.33,0.84
,0.0,0.055,9.981,-0.055,0.041,9.959,2.73,1.33,0.77
32104.0,-0.041,0.0,9.988,-0.045,0.031,9.952,2.59,1.33,0.7
,-0.01,-0.002,9.995,0.007,0.031,10.01,2.73,1.26,0.7
,0.002,0.057,9.933,-0.017,0.034,10.014,2.66,1.4,0.7
,-0.01,0.005,9.976,-0.077,0.041,10.002,2.73,1.33,0.77
32180.0,-0.034,0.062,9.969,-0.014,0.038,9.971,2.66,1.4,0.77
,-0.019,0.074,10.0,-0.024,0.062,10.012,2.73,1.4,0.7
,-0.031,0.036,10.017,-0.045,0.014,10.007,2.59,1.33,0.77
,-0.074,0.019,9.986,0.002,0.05,10.005,2.66,1.26,0.77
32255.0,-0.017,0.077,10.0,-0.014,0.091,9.998,2.59,1.33,0.77
,0.005,0.026,9.986,-0.012,0.036,9.966,2.66,1.4,0.7
,-0.002,0.05,9.99,-0.017,0.034,10.024,2.66,1.33,0.63
,-0.034,0.036,10.005,-0.012,0.007,9.954,2.73,1.33,0.77
32331.0,-0.034,0.055,9.981,-0.043,0.062,9.971,2.66,1.33,0.84
,-0.014,0.045,9.976,0.0,0.062,10.038,2.66,1.33,0.84
,-0.029,0.036,9.976,-0.024,0.043,9.99,2.73,1.26,0.77
,-0.024,0.034,9.978,-0.007,0.069,9.981,2.59,1.19,0.7
32407.0,-0.045,0.01,9.983,-0.024,0.012,9.978,2.66,1.4,0.77
,-0.014,0.036,9.971,0.012,0.053,9.988,2.73,1.26,0.7
,-0.01,0.045,9.969,-0.017,0.007,10.017,2.66,1.12,0.77
,-0.026,0.017,9.964,-0.029,0.077,9.943,2.73,1.4,0.84
32483.0,0.0,0.055,9.974,0.014,0.062,10.026,2.59,1.4,0.84
,0.005,0.067,9.988,-0.045,0.038,10.002,2.66,1.33,0.84
,0.0,0.077,9.978,-0.017,0.026,9.986,2.52,1.26,0.7
,0.005,0.045,9.995,0.002,0.034,9.969,2.66,1.4,0.84
32558.0,0.031,0.014,9.998,0.01,0.031,10.002,2.59,1.12,0.7
,-0.031,0.05,10.014,-0.031,0.05,10.0,2.66,1.4,0.7
,-0.019,0.05,9.995,-0.014,0.069,9.971,2.59,1.47,0.77
,-0.043,0.038,9.947,-0.024,0.0,10.012,2.73,1.33,0.77
32634.0,-0.024,0.014,9.935,-0.05,0.022,9.993,2.66,1.19,0.84
,-0.031,0.012,9.988,-0.048,0.06,10.014,2.59,1.19,0.84
,-0.043,0.062,9.978,-0.05,0.041,9.966,2.66,1.12,0.77
,-0.017,0.007,10.014,-0.045,0.012,9.99,2.66,1.26,0.77
32709.0,-0.022,0.045,9.998,-0.007,0.034,9.988,2.73,1.19,0.7
,-0.031,0.022,10.012,-0.022,0.034,9.998,2.59,1.19,0.7
,-0.024,0.038,10.0,-0.031,0.034,10.007,2.73,1.4,0.77
,-0.014,0.017,9.993,-0.012,0.048,9.976,2.66,1.47,0.77
32785.0,-0.019,0.019,10.002,-0.029,0.043,9.978,2.66,1.33,0.77
,-0.034,0.053,10.017,-0.017,0.053,9.962,2.66,1.26,0.77
,0.019,0.055,9.974,-0.024,0.0,9.986,2.73,1.26,0.84
,0.031,0.06,9.988,-0.024,0.005,10.007,2.8,1.4,0.91
32861.0,-0.038,0.045,10.01,-0.062,0.026,9.993,2.8,1.26,0.77
,-0.01,0.024,9.986,-0.053,0.034,9.99,2.66,1.19,0.84
,-0.017,0.05,9.99,-0.031,0.045,10.024,2.66,1.26,0.84
,-0.029,0.007,9.976,-0.036,0.045,10.0,2.66,1.4,0.84
32937.0,-0.002,0.053,9.978,-0.038,0.06,9.986,2.59,1.33,0.7
,-0.022,0.034,9.99,-0.007,0.019,9.959,2.73,1.33,0.77
,-0.024,0.048,9.978,-0.005,0.041,9.952,2.73,1.4,0.91
,-0.043,0.041,9.954,0.017,0.026,10.0,2.59,1.33,0.84
33013.0,-0.002,0.079,9.978,-0.026,0.048,9.971,2.59,1.33,0.77
,-0.05,0.045,9.983,-0.034,0.031,9.952,2.73,1.19,0.77
,-0.022,0.057,9.99,0.002,0.062,10.002,2.73,1.26,0.7
,-0.041,0.031,9.978,0.005,0.043,9.959,2.59,1.26,0.7
33088.0,-0.022,0.05,9.983,-0.053,0.06,9.995,2.52,1.19,0.7
,-0.026,0.045,9.95,-0.031,0.026,9.983,2.59,1.26,0.77
,-0.012,0.053,9.971,0.0,0.048,10.002,2.8,1.33,0.7
,-0.062,0.043,10.012,-0.012,0.029,9.976,2.8,1.26,0.77
33164.0,-0.034,0.057,10.012,-0.005,0.029,9.947,2.73,1.26,0.77
,0.0,0.012,10.0,-0.007,0.012,9.935,2.8,1.19,0.77
,-0.048,0.065,9.971,-0.012,0.045,10.019,2.66,1.33,0.77
,-0.01,0.05,9.976,-0.022,0.06,10.019,2.66,1.4,0.84
33240.0,-0.01,0.029,9.954,-0.048,0.065,9.978,2.66,1.19,0.77
,-0.014,0.067,9.971,-0.031,0.029,9.988,2.73,1.33,0.77
,-0.026,0.017,10.005,-0.065,0.065,9.993,2.66,1.33,0.84
,-0.031,0.06,9.921,-0.026,0.026,10.0,2.66,1.19,0.91
33316.0,0.0,0.065,9.974,-0.024,0.034,9.971,2.59,1.4,0.77
,-0.034,0.043,9.957,-0.048,0.05,10.0,2.59,1.12,0.63
,-0.041,0.019,9.971,-0.007,0.05,9.981,2.66,1.26,0.77
,-0.06,0.019,9.978,-0.05,0.057,9.962,2.59,1.33,0.84
33391.0,-0.043,0.053,10.002,0.005,0.045,9.995,2.59,1.12,0.77
,-0.029,0.048,9.981,-0.012,0.067,10.019,2.73,1.19,0.77
,-0.045,0.026,9.981,-0.041,0.029,10.0,2.66,1.19,0.77
,0.002,0.048,9.981,-0.034,0.038,10.031,2.73,1.33,0.77
33467.0,-0.017,0.019,10.031,-0.019,0.038,10.0,2.73,1.54,0.84
,-0.043,0.065,9.995,-0.031,0.005,10.007,2.66,1.33,0.77
,-0.005,0.041,9.981,-0.012,0.022,9.969,2.73,1.26,0.84
,-0.019,0.053,9.988,-0.014,0.093,10.005,2.59,1.19,0.7
33542.0,-0.026,0.014,9.993,-0.057,0.074,9.988,2.66,1.47,0.91
,0.007,0.072,10.033,-0.062,0.034,9.959,2.66,1.4,0.77
,-0.065,0.019,9.998,-0.05,0.034,9.978,2.73,1.4,0.84
,-0.012,0.06,10.014,-0.022,0.062,10.033,2.66,1.19,0.77
33618.0,-0.048,0.036,10.005,0.002,0.043,10.005,2.66,1.26,0.77
,-0.034,0.048,9.99,-0.034,0.055,9.998,2.66,1.12,0.77
,-0.007,0.079,9.99,-0.029,0.041,10.002,2.66,1.12,0.7
,-0.01,0.019,9.995,-0.026,0.055,9.976,2.66,1.33,0.77
33694.0,0.002,0.072,10.0,-0.017,0.041,10.002,2.73,1.26,0.77
,-0.014,0.038,9.974,-0.005,0.053,10.0,2.66,1.19,0.7
,-0.034,0.089,9.983,-0.024,0.048,9.998,2.66,1.33,0.77
,0.007,0.019,10.002,-0.041,0.055,9.969,2.59,1.33,0.84
33770.0,-0.053,0.038,9.978,0.012,0.029,9.959,2.66,1.26,0.77
,-0.026,0.041,10.012,-0.026,0.065,10.005,2.73,1.26,0.84
,-0.031,0.065,9.995,-0.062,0.019,10.0,2.59,1.05,0.7
,-0.038,0.048,10.007,-0.043,0.029,9.978,2.66,1.19,0.7
33846.0,-0.029,0.048,9.983,-0.01,0.074,9.998,2.52,1.33,0.77
,-0.034,0.043,9.986,-0.007,0.055,9.974,2.59,1.26,0.77
,-0.014,0.031,9.978,0.0,0.06,10.029,2.66,1.26,0.84
,-0.031,0.041,9.986,0.005,0.079,9.945,2.73,1.12,0.7
33921.0,-0.045,0.036,10.007,0.01,0.048,9.976,2.52,1.4,0.77
,-0.012,0.012,10.0,-0.034,0.005,9.974,2.59,1.33,0.84
,-0.005,0.043,9.993,-0.048,0.06,9.971,2.66,1.19,0.77
,0.007,0.074,9.998,-0.026,0.067,9.981,2.66,1.26,0.7
33997.0,-0.022,0.038,9.966,-0.036,0.043,9.971,2.73,1.47,0.77
,0.012,0.022,9.99,-0.026,0.045,9.978,2.66,1.4,0.7
,0.007,0.019,9.981,-0.01,0.029,9.959,2.45,1.19,0.7
,-0.057,0.043,9.962,-0.01,0.065,9.986,2.59,1.47,0.84
34073.0,-0.036,0.045,9.969,-0.022,0.074,9.981,2.66,1.33,0.7
,-0.031,0.057,9.995,0.0,0.034,9.993,2.73,1.33,0.77
,0.002,0.036,9.966,-0.038,0.067,10.002,2.52,1.4,0.7
,-0.034,0.034,10.007,-0.036,0.079,10.017,2.66,1.33,0.77
34149.0,-0.007,0.045,9.978,-0.036,0.069,10.0,2.59,1.26,0.77
,-0.005,0.024,9.964,-0.017,0.022,9.981,2.59,1.33,0.77
,0.005,0.029,10.021,0.01,0.06,10.01,2.66,1.26,0.77
,-0.05,0.012,10.019,0.002,0.062,10.0,2.66,1.26,0.7
34224.0,-0.043,0.041,9.988,-0.014,0.069,9.947,2.66,1.4,0.77
,-0.026,0.048,10.002,-0.007,0.031,9.947,2.73,1.33,0.77
,-0.038,0.077,10.007,0.019,0.074,9.957,2.66,1.33,0.84
,0.005,0.045,9.993,-0.041,0.086,10.012,2.66,1.4,0.84
34300.0,-0.05,0.043,9.964,-0.022,0.036,10.012,2.73,1.33,0.77
,-0.024,0.077,9.964,0.014,0.031,9.954,2.59,1.47,0.77
,-0.034,0.031,9.971,-0.029,0.026,9.993,2.66,1.47,0.77
,-0.002,0.014,10.012,0.014,0.077,9.986,2.66,1.33,0.77
34375.0,0.007,0.034,9.981,0.005,0.048,9.945,2.52,1.26,0.7
,-0.024,0.01,9.976,-0.041,0.029,10.0,2.59,1.12,0.77
,0.01,0.029,9.964,-0.024,0.053,9.976,2.59,1.12,0.77
,-0.029,0.065,9.971,-0.014,0.038,10.002,2.73,1.26,0.84
34451.0,-0.005,0.031,10.007,0.019,0.067,10.026,2.66,1.26,0.84
,0.0,0.024,10.012,-0.055,0.0,9.981,2.73,1.26,0.77
,0.01,0.041,10.019,0.012,0.012,9.981,2.73,1.33,0.77
,-0.034,0.022,9.971,-0.038,0.043,9.993,2.66,1.12,0.7
34527.0,-0.014,0.067,10.0,-0.048,0.045,10.002,2.66,1.33,0.84
,-0.022,0.062,9.986,0.002,0.045,9.974,2.66,1.19,0.77
,-0.012,0.026,9.981,-0.045,0.079,9.981,2.73,1.26,0.7
,-0.05,0.081,9.986,-0.002,0.024,9.995,2.66,1.26,0.91
34603.0,0.002,0.06,10.024,-0.057,0.038,10.005,2.59,1.47,0.84
,-0.014,0.048,9.998,-0.031,0.005,9.983,2.73,1.4,0.77
,-0.034,0.053,9.964,-0.036,0.026,9.99,2.66,1.4,0.77
,0.019,0.084,9.974,-0.005,0.034,9.938,2.8,1.54,0.91
34678.0,-0.053,0.019,10.021,-0.017,0.029,9.986,2.66,1.33,0.84
,-0.002,0.055,9.983,-0.041,0.048,10.019,2.8,1.12,0.84
,-0.012,0.045,10.005,0.005,0.012,9.983,2.73,1.26,0.77
,-0.031,0.077,9.971,-0.012,0.053,9.995,2.73,1.54,0.91
34754.0,-0.007,0.079,10.005,-0.055,0.034,9.969,2.59,1.26,0.77
,-0.029,0.05,10.031,-0.048,0.053,9.995,2.66,1.26,0.77
,-0.017,0.041,9.986,-0.019,0.05,9.971,2.73,1.26,0.7
,-0.034,0.045,10.0,-0.026,0.05,9.988,2.73,1.33,0.7
34830.0,-0.022,0.069,9.971,-0.01,0.055,9.978,2.66,1.26,0.77
,-0.019,0.062,9.986,-0.017,0.053,10.012,2.52,1.26,0.7
,0.038,0.048,9.986,-0.031,0.057,9.976,2.52,1.33,0.7
,-0.038,0.026,9.966,0.0,0.034,10.002,2.59,1.33,0.84
34906.0,-0.012,0.06,10.014,0.007,0.036,9.99,2.66,1.19,0.77
,-0.038,0.065,10.005,-0.007,0.053,9.988,2.66,1.12,0.84
,-0.019,0.041,9.974,-0.055,0.043,9.983,2.66,1.33,0.77
,-0.045,0.038,10.005,-0.038,0.029,9.976,2.59,1.33,0.77
34982.0,-0.024,0.06,9.966,-0.038,0.043,9.988,2.59,1.33,0.84
,-0.022,0.036,10.002,-0.06,0.034,9.988,2.66,1.33,0.77
,-0.045,0.055,9.974,-0.055,0.034,10.012,2.59,1.33,0.77
,-0.01,0.043,10.012,-0.029,0.019,9.962,2.59,1.26,0.77
35057.0,-0.014,0.053,9.974,-0.06,0.062,9.995,2.73,1.33,0.7
,0.012,0.038,9.986,-0.067,0.026,9.976,2.8,1.47,0.84
,-0.05,0.038,10.019,-0.026,0.043,10.021,2.73,1.33,0.77
,-0.041,0.086,9.998,-0.053,0.069,9.966,2.66,1.33,0.7
35133.0,-0.026,0.06,9.976,0.0,0.053,9.988,2.66,1.33,0.84
,-0.019,0.019,10.002,-0.01,0.019,9.971,2.73,1.4,0.84
,-0.034,0.072,9.983,-0.043,0.024,9.962,2.66,1.4,0.84
,0.017,0.026,9.986,-0.022,0.041,9.974,2.73,1.33,0.84
35208.0,-0.012,0.038,9.998,-0.019,0.036,9.954,2.59,1.33,0.7
,-0.041,0.034,9.957,-0.026,0.069,9.974,2.66,1.4,0.84
,-0.026,0.041,9.981,-0.022,0.043,9.978,2.59,1.54,0.84
,0.01,0.041,9.986,-0.01,0.043,9.966,2.59,1.26,0.77
35284.0,-0.01,0.06,9.964,-0.034,0.06,9.988,2.73,1.4,0.77
,-0.029,0.043,9.969,-0.043,0.06,10.019,2.66,1.47,0.84
,-0.026,0.048,9.966,-0.029,0.036,9.976,2.59,1.26,0.77
,-0.029,0.031,10.002,-0.014,0.074,9.971,2.66,1.33,0.77
35360.0,-0.038,0.043,9.998,-0.062,0.014,9.978,2.66,1.19,0.77
,-0.043,0.036,9.99,-0.029,0.038,9.978,2.73,1.47,0.84
,-0.062,0.031,10.01,-0.014,0.05,9.964,2.73,1.33,0.84
,0.01,0.019,9.983,-0.024,0.057,9.995,2.66,1.47,0.91
35436.0,-0.036,0.031,10.017,-0.057,0.038,9.995,2.87,1.4,0.91
,-0.005,0.045,10.017,0.012,0.053,9.974,2.73,1.26,0.84
,0.007,0.074,9.966,-0.019,0.034,9.988,2.59,1.33,0.84
,-0.017,0.079,9.981,-0.012,0.038,9.954,2.59,1.33,0.77
35511.0,-0.022,0.029,9.959,-0.036,0.045,9.957,2.66,1.26,0.77
,0.062,0.062,9.964,-0.012,0.041,9.964,2.66,1.4,0.77
,-0.031,0.031,10.002,-0.034,0.019,9.983,2.66,1.26,0.84
,-0.007,0.067,9.974,-0.01,0.055,9.986,2.66,1.33,0.84
35587.0,-0.007,0.022,9.964,0.005,0.06,10.029,2.59,1.19,0.77
,-0.034,0.05,9.986,-0.012,0.077,9.983,2.73,1.33,0.77
,-0.055,0.034,10.01,-0.007,0.041,9.983,2.73,1.4,0.77
,-0.031,0.024,9.962,-0.034,0.038,9.971,2.66,1.33,0.84
35663.0,-0.029,0.06,9.986,-0.014,0.029,9.983,2.52,1.19,0.7
,-0.026,0.031,10.017,-0.048,0.048,9.988,2.66,1.33,0.77
,0.014,0.017,9.938,-0.05,0.0,9.966,2.73,1.4,0.77
,-0.012,0.045,9.998,-0.036,0.043,9.974,2.8,1.4,0.77
35739.0,-0.06,0.038,9.981,-0.072,0.034,9.986,2.73,1.33,0.84
,-0.053,0.026,9.99,-0.057,0.074,9.976,2.73,1.26,0.77
,-0.041,0.041,9.962,-0.022,0.014,9.995,2.52,1.33,0.84
,-0.01,0.074,10.029,-0.012,0.06,9.998,2.73,1.4,0.77
35814.0,-0.034,0.012,9.986,-0.026,0.007,9.988,2.66,1.47,0.91
,-0.029,0.024,9.969,0.014,0.077,9.947,2.66,1.33,0.84
,-0.012,0.017,9.938,-0.036,0.043,10.0,2.59,1.26,0.77
,-0.041,0.029,10.084,-0.012,0.034,9.974,2.66,1.4,0.84
35890.0,-0.007,0.01,9.993,-0.024,0.022,9.981,2.59,1.33,0.7
,-0.048,0.067,9.998,-0.026,0.084,10.0,2.66,1.26,0.77
,-0.048,0.06,9.99,-0.072,0.065,9.966,2.8,1.4,0.77
,0.002,0.031,9.988,-0.01,0.045,10.002,2.66,1.33,0.77
35966.0,-0.022,0.067,9.99,0.017,0.031,9.966,2.66,1.4,0.77
,-0.041,0.002,9.981,-0.045,0.065,9.974,2.66,1.4,0.84
,-0.038,0.0,9.99,-0.043,0.041,9.995,2.73,1.33,0.77
,-0.005,0.036,10.01,0.019,0.05,10.002,2.66,1.19,0.7
36041.0,-0.067,0.026,9.993,-0.029,0.069,9.993,2.66,1.33,0.77
,0.005,0.072,10.002,0.045,0.057,9.99,2.66,1.26,0.77
,-0.022,0.034,10.005,0.005,0.036,10.007,2.59,1.12,0.63
,-0.014,0.031,10.014,0.029,0.026,9.964,2.59,1.12,0.63
36117.0,-0.012,0.022,9.954,-0.048,0.053,10.014,2.66,1.26,0.77
,-0.014,0.038,9.983,-0.022,0.045,9.969,2.66,1.19,0.7
,-0.038,0.055,9.971,-0.01,0.036,9.971,2.66,1.19,0.7
,0.007,0.038,9.981,-0.029,0.041,9.981,2.73,1.33,0.84
36193.0,-0.043,0.055,9.969,-0.005,0.072,9.983,2.87,1.26,0.7
,-0.045,0.048,10.007,-0.026,0.026,9.954,2.73,1.33,0.77
,-0.057,0.024,10.012,-0.057,0.06,9.986,2.59,1.26,0.7
,0.002,0.031,10.012,-0.017,0.034,9.974,2.73,1.4,0.77
36269.0,-0.026,0.067,10.014,-0.06,0.048,9.981,2.66,1.26,0.77
,-0.031,0.074,9.981,-0.022,0.017,9.952,2.66,1.4,0.77
,-0.024,0.038,9.978,-0.034,0.048,10.005,2.59,1.26,0.77
,-0.043,0.069,9.959,-0.048,0.043,9.974,2.66,1.26,0.77
36344.0,-0.019,0.031,10.0,-0.029,0.084,10.0,2.66,1.47,0.84
,-0.012,0.043,9.974,-0.041,0.053,9.998,2.66,1.54,0.84
,-0.036,0.055,9.95,-0.053,0.05,9.998,2.66,1.54,0.77
,-0.029,0.055,10.021,-0.038,-0.005,10.014,2.66,1.26,0.77
36420.0,0.019,0.045,10.026,-0.005,0.038,9.983,2.73,1.26,0.77
,-0.029,0.024,9.957,-0.024,0.029,10.012,2.66,1.4,0.77
,-0.024,0.036,9.954,-0.043,0.043,10.019,2.66,1.33,0.84
,0.0,0.029,9.964,-0.048,0.034,9.962,2.73,1.26,0.77
36496.0,-0.014,0.026,9.957,-0.05,0.034,9.988,2.59,1.19,0.7
,-0.012,0.022,9.976,-0.05,0.017,9.995,2.59,1.26,0.77
,-0.034,0.043,9.969,-0.036,0.079,9.969,2.59,1.12,0.7
,-0.045,0.079,9.959,-0.002,0.053,10.005,2.66,1.26,0.77
36572.0,-0.038,0.026,10.024,-0.007,0.074,9.993,2.66,1.26,0.84
,-0.048,0.05,9.978,-0.022,0.067,9.988,2.59,1.26,0.77
,-0.019,0.034,9.986,-0.05,0.053,9.974,2.73,1.33,0.7
,-0.065,0.038,10.005,-0.012,0.065,9.976,2.8,1.33,0.77
36647.0,-0.074,0.062,9.983,-0.048,0.045,9.988,2.73,1.54,0.91
,-0.055,0.05,9.964,0.005,0.041,9.933,2.73,1.26,0.84
,-0.024,0.036,9.978,-0.077,0.053,9.966,2.59,1.19,0.77
,-0.022,0.079,9.981,-0.002,0.05,9.954,2.66,1.4,0.84
36723.0,-0.041,0.06,9.969,-0.012,0.053,9.988,2.66,1.4,0.84
,-0.002,0.057,9.974,-0.048,0.034,9.995,2.73,1.4,0.77
,-0.005,0.048,10.007,-0.045,0.034,9.976,2.59,1.33,0.77
,-0.01,0.045,9.988,-0.031,0.043,9.974,2.66,1.26,0.77
36798.0,0.002,0.06,9.966,-0.007,0.086,9.998,2.66,1.33,0.84
,-0.007,0.065,9.971,-0.014,0.093,9.986,2.66,1.26,0.63
,-0.057,0.079,9.95,0.014,0.06,10.007,2.66,1.4,0.7
,-0.031,0.065,9.978,-0.01,-0.022,10.01,2.59,1.26,0.7
36874.0,-0.038,0.067,9.988,-0.012,0.019,9.978,2.66,1.19,0.7
,0.005,0.026,9.962,-0.034,0.034,9.99,2.73,1.33,0.77
,-0.01,0.069,9.993,-0.045,0.036,10.01,2.73,1.26,0.7
,-0.045,0.01,9.911,0.0,0.024,10.005,2.73,1.4,0.77
36950.0,0.005,0.057,9.971,-0.034,0.034,10.007,2.66,1.47,0.77
,-0.029,0.062,9.978,0.002,0.05,9.986,2.66,1.33,0.77
,-0.062,0.055,10.01,-0.029,0.041,9.966,2.59,1.26,0.77
,-0.034,0.002,9.988,-0.017,0.041,9.99,2.59,1.33,0.84
37026.0,-0.055,0.067,10.0,-0.012,0.002,9.969,2.66,1.26,0.77
,-0.026,0.031,10.014,-0.005,0.029,9.99,2.73,1.33,0.7
,-0.048,0.074,9.974,0.005,0.022,9.978,2.73,1.47,0.91
,-0.034,0.038,9.986,-0.022,0.031,9.988,2.87,1.47,0.84
37102.0,-0.005,0.036,9.974,-0.041,0.057,10.017,2.66,1.33,0.77
,-0.019,0.036,9.971,-0.072,0.017,10.012,2.66,1.47,0.84
,-0.067,0.057,10.002,-0.007,0.045,10.007,2.52,1.12,0.63
,-0.043,0.062,9.974,-0.01,0.041,10.021,2.59,1.26,0.77
37177.0,-0.019,0.034,10.005,-0.06,0.057,9.993,2.66,1.33,0.77
,-0.034,0.065,9.954,-0.024,0.029,10.007,2.52,1.26,0.77
,-0.057,0.029,9.99,0.0,0.045,9.983,2.59,1.19,0.77
,-0.031,0.022,10.01,-0.034,0.029,10.007,2.66,1.33,0.77
37253.0,0.0,0.05,9.962,-0.012,0.014,10.005,2.73,1.33,0.77
,-0.038,0.024,9.981,0.005,0.041,9.966,2.8,1.33,0.77
,-0.045,0.041,10.007,-0.036,0.074,9.966,2.66,1.4,0.7
,-0.012,0.024,9.993,-0.038,0.069,10.012,2.66,1.26,0.63
37329.0,-0.057,0.036,9.954,-0.017,0.043,9.988,2.59,1.33,0.7
,-0.036,0.065,9.969,-0.038,0.029,9.976,2.66,1.12,0.77
,-0.024,0.069,10.01,-0.014,0.067,9.952,2.52,1.12,0.7
,-0.024,0.048,9.974,0.043,0.041,9.971,2.66,1.33,0.77
37405.0,-0.041,0.053,9.974,-0.05,0.019,10.002,2.73,1.26,0.7
,0.002,0.019,9.99,-0.048,0.031,9.95,2.73,1.26,0.84
,-0.036,0.038,10.01,-0.036,0.007,10.0,2.8,1.4,0.77
,-0.024,0.069,9.983,0.007,0.048,9.978,2.66,1.4,0.77
37480.0,-0.014,0.067,9.983,-0.031,0.029,9.993,2.66,1.19,0.77
,-0.048,0.038,10.002,-0.041,0.017,9.945,2.66,1.4,0.84
,-0.05,0.067,9.971,-0.026,0.005,10.014,2.59,1.33,0.77
,-0.017,0.053,9.959,-0.019,0.019,10.01,2.66,1.19,0.84
37556.0,-0.019,0.053,9.988,-0.05,0.048,9.962,2.66,1.33,0.7
,-0.041,0.007,9.971,-0.041,0.06,9.974,2.73,1.47,0.91
,-0.029,0.06,9.983,-0.019,0.05,9.986,2.66,1.33,0.84
,-0.036,0.089,9.993,-0.002,0.031,9.95,2.73,1.19,0.7
37631.0,-0.057,0.045,9.993,-0.034,0.072,10.002,2.66,1.4,0.77
,-0.01,0.05,9.986,-0.019,0.057,10.0,2.66,1.19,0.7
,-0.012,0.034,9.99,-0.036,0.05,9.978,2.66,1.33,0.7
,-0.048,0.057,10.005,-0.05,0.045,9.964,2.59,1.19,0.77
37707.0,0.022,0.05,10.005,-0.005,0.067,10.014,2.73,1.4,0.84
,-0.038,0.0,10.026,0.014,0.029,9.966,2.66,1.33,0.77
,0.01,0.036,10.007,-0.024,0.01,9.981,2.59,1.19,0.7
,-0.034,0.05,9.978,-0.034,0.048,9.983,2.66,1.33,0.84
37783.0,-0.041,0.062,9.983,-0.062,0.024,9.969,2.66,1.19,0.7
,-0.022,0.029,10.014,-0.036,0.05,10.019,2.73,1.26,0.7
,0.014,0.024,9.978,-0.041,0.038,9.945,2.66,1.26,0.77
,-0.034,0.002,9.957,0.017,0.057,9.99,2.8,1.33,0.77
37859.0,-0.017,0.029,10.0,-0.024,0.017,9.99,2.73,1.33,0.77
,0.014,0.05,9.981,-0.01,-0.002,9.993,2.66,1.33,0.77
,-0.014,0.048,10.0,-0.036,0.041,9.993,2.73,1.4,0.84
,-0.055,0.074,9.993,-0.019,0.043,9.976,2.73,1.33,0.84
37934.0,-0.036,0.098,9.993,0.029,0.06,9.99,2.73,1.26,0.7
,-0.062,0.062,10.01,-0.029,0.038,9.959,2.73,1.4,0.84
,-0.031,0.089,9.993,-0.002,0.079,9.99,2.59,1.26,0.84
,0.002,0.048,9.959,-0.038,0.062,9.993,2.59,1.33,0.77
38010.0,-0.024,0.055,9.998,-0.053,0.065,10.007,2.59,1.33,0.77
,-0.007,0.043,9.993,-0.022,0.002,10.014,2.66,1.33,0.84
,-0.007,0.043,10.0,-0.017,0.031,9.983,2.66,1.26,0.77
,-0.055,0.041,10.007,-0.01,0.041,10.0,2.66,1.19,0.77
38086.0,-0.055,0.043,9.974,-0.038,0.074,9.986,2.66,1.47,0.84
,-0.074,0.036,9.954,-0.062,0.065,9.993,2.66,1.33,0.77
,-0.002,0.045,9.976,0.01,0.038,10.017,2.59,1.33,0.77
,-0.053,0.067,9.959,-0.007,0.043,10.029,2.66,1.47,0.7
38162.0,-0.034,0.048,9.974,-0.036,0.022,9.998,2.59,1.33,0.7
,-0.01,0.041,9.943,-0.031,0.086,10.0,2.59,1.4,0.77
,-0.002,0.024,9.99,-0.01,0.05,9.986,2.59,1.33,0.77
,-0.024,0.065,9.974,-0.034,0.074,9.976,2.66,1.19,0.77
38238.0,-0.014,0.045,10.019,-0.017,0.053,10.019,2.52,1.26,0.7
,-0.034,0.101,9.966,-0.045,0.048,9.983,2.73,1.47,0.7
,-0.024,0.031,10.002,-0.01,0.031,10.012,2.66,1.33,0.7
,0.0,0.045,10.0,-0.055,0.007,10.031,2.66,1.26,0.77
38313.0,-0.053,0.089,9.978,-0.043,0.055,9.966,2.59,1.33,0.77
,0.019,0.055,10.002,-0.069,0.067,9.983,2.66,1.4,0.84
,-0.029,0.048,10.005,-0.031,0.017,9.99,2.73,1.4,0.77
,0.002,0.038,9.995,-0.017,0.072,9.935,2.66,1.4,0.77
38389.0,0.043,0.019,9.986,-0.034,0.057,9.993,2.8,1.33,0.7
,0.01,0.029,9.952,-0.043,0.053,9.978,2.73,1.19,0.7
,0.01,0.019,10.002,-0.022,0.036,9.978,2.66,1.33,0.77
,-0.017,0.048,9.978,-0.036,0.029,10.01,2.66,1.33,0.77
38464.0,-0.017,0.029,9.971,-0.05,0.06,10.007,2.66,1.26,0.7
,-0.007,0.055,9.964,-0.014,0.038,9.998,2.66,1.26,0.7
,-0.053,0.019,9.993,-0.024,0.01,9.962,2.73,1.54,0.84
,-0.026,0.06,9.974,0.014,0.022,10.0,2.66,1.26,0.63
38540.0,-0.041,0.022,9.976,0.0,0.048,9.99,2.59,1.26,0.7
,-0.045,0.05,10.002,-0.014,0.067,10.021,2.59,1.26,0.77
,-0.057,0.036,10.012,0.0,0.031,9.988,2.59,1.19,0.77
,-0.014,0.024,9.995,-0.05,0.022,10.005,2.66,1.26,0.7
38616.0,0.01,0.048,9.983,-0.048,0.045,9.976,2.66,1.4,0.84
,-0.053,0.043,9.995,-0.038,0.038,9.971,2.73,1.4,0.91
,-0.022,0.069,10.005,0.022,0.031,10.012,2.66,1.54,0.91
,-0.038,0.026,9.983,-0.036,0.038,9.99,2.73,1.33,0.84
38692.0,-0.041,0.065,9.947,-0.022,0.055,10.002,2.73,1.19,0.77
,-0.031,0.029,9.99,-0.05,0.072,9.969,2.73,1.33,0.77
,-0.017,0.041,10.024,-0.074,0.041,9.99,2.66,1.4,0.77
,-0.048,0.048,10.017,-0.022,0.055,9.945,2.73,1.26,0.77
38767.0,0.0,0.031,9.998,-0.024,0.05,9.964,2.59,1.4,0.77
,-0.014,0.029,10.0,-0.034,0.026,9.976,2.66,1.4,0.84
,-0.069,0.045,10.007,-0.017,0.05,9.981,2.66,1.33,0.84
,-0.031,0.043,9.954,-0.057,0.084,9.971,2.73,1.26,0.77
38843.0,-0.005,0.024,10.01,-0.036,0.043,9.978,2.66,1.4,0.84
,-0.053,0.098,9.993,-0.005,0.06,9.988,2.73,1.33,0.77
,-0.057,0.069,9.947,-0.022,0.045,10.014,2.66,1.26,0.77
,-0.012,0.026,9.99,-0.038,0.05,10.007,2.66,1.12,0.77
38918.0,-0.034,0.05,10.012,-0.014,0.053,9.981,2.52,1.26,0.7
,-0.019,0.062,9.966,-0.002,0.053,9.988,2.59,1.33,0.77
,-0.002,0.05,9.986,-0.041,0.053,10.002,2.66,1.26,0.77
,-0.017,0.057,9.954,-0.026,0.057,10.012,2.59,1.19,0.7
38994.0,-0.007,0.036,10.002,-0.012,0.057,9.988,2.59,1.33,0.77
,-0.019,0.017,9.981,-0.06,0.05,9.988,2.66,1.33,0.77
,-0.034,0.014,9.981,-0.065,0.112,9.971,2.73,1.4,0.84
,-0.031,0.043,9.988,-0.048,0.045,9.966,2.8,1.33,0.91
39070.0,0.007,0.079,9.969,0.017,0.045,9.976,2.8,1.19,0.77
,-0.026,0.06,9.974,-0.038,0.031,9.998,2.73,1.33,0.77
,-0.043,0.048,10.021,-0.022,0.062,10.005,2.59,1.26,0.77
,0.007,0.048,9.988,-0.01,0.038,10.014,2.66,1.33,0.84
39146.0,-0.06,0.036,10.01,0.024,0.081,9.978,2.66,1.4,0.84
,-0.026,0.026,9.983,0.029,0.014,9.971,2.59,1.33,0.77
,-0.045,0.026,9.945,0.034,0.055,9.998,2.59,1.33,0.77
,-0.005,0.026,9.986,-0.055,0.017,10.01,2.59,1.26,0.77
39222.0,-0.024,0.045,10.01,-0.043,0.05,9.95,2.66,1.26,0.77
,-0.012,0.036,10.01,-0.026,0.034,9.976,2.73,1.33,0.84
,-0.012,0.043,9.969,-0.007,0.017,10.01,2.73,1.12,0.77
,-0.055,0.024,9.998,-0.038,0.069,9.969,2.73,1.19,0.77
39297.0,0.022,0.062,9.983,-0.026,0.026,9.983,2.73,1.33,0.84
,-0.012,0.06,9.969,-0.031,0.026,9.945,2.66,1.26,0.7
,-0.007,0.041,9.978,-0.014,0.034,9.995,2.73,1.33,0.7
,-0.014,0.019,10.002,0.007,0.06,9.981,2.66,1.33,0.77
