Timestamp,AccX,AccY,AccZ,GyroX,GyroY,GyroZ,MagnX,MagnY,MagnZ
0.0,-9.115,-0.041,-3.886,-9.165,-0.077,-3.917,3.01,1.19,0.63
,-9.131,-0.079,-3.841,-9.103,-0.062,-4.003,2.8,1.54,0.77
,-9.131,-0.096,-3.807,-9.069,-0.038,-4.066,2.87,1.54,0.77
,-9.124,-0.045,-3.821,-9.064,-0.053,-4.08,2.8,1.68,0.77
76.0,-9.06,0.022,-4.068,-9.122,-0.069,-3.896,2.45,1.61,0.63
,-9.093,-0.057,-4.042,-9.107,-0.098,-3.912,2.24,1.47,0.63
,-9.093,-0.041,-3.982,-9.11,-0.055,-3.92,2.24,1.19,0.63
,-9.136,-0.053,-3.946,-9.069,-0.045,-3.936,2.31,1.33,0.7
152.0,-9.079,-0.098,-3.972,-9.088,-0.041,-4.006,2.66,1.47,0.7
,-9.055,-0.065,-4.003,-9.055,-0.045,-4.02,2.8,1.54,0.84
,-9.081,-0.053,-4.039,-9.103,-0.041,-3.939,3.01,1.47,0.84
,-9.115,-0.019,-4.027,-9.098,-0.105,-3.893,2.94,1.33,0.84
227.0,-9.079,-0.069,-3.932,-9.129,-0.086,-3.97,2.38,1.12,0.7
,-9.127,-0.06,-3.927,-9.069,-0.081,-3.944,2.59,1.12,0.77
,-9.103,-0.048,-3.912,-9.105,-0.093,-3.975,2.59,1.26,0.77
,-9.117,-0.024,-3.936,-9.05,-0.048,-3.915,2.52,1.19,0.77
302.0,-9.095,-0.055,-3.829,-9.091,-0.041,-3.967,2.45,1.4,1.05
,-9.134,-0.06,-3.826,-9.069,-0.012,-4.037,2.38,1.61,0.84
,-9.129,-0.022,-3.874,-9.031,-0.041,-4.07,2.17,1.47,0.84
,-9.115,-0.062,-3.888,-9.083,-0.034,-4.073,2.24,1.75,0.91
378.0,-9.079,-0.012,-4.046,-9.093,-0.034,-3.92,2.66,1.26,1.05
,-9.093,-0.041,-3.996,-9.103,-0.053,-3.965,2.59,1.19,0.84
,-9.052,0.007,-3.982,-9.088,-0.026,-3.96,2.52,1.19,0.77
,-9.088,-0.017,-3.977,-9.124,-0.067,-3.941,2.38,1.12,0.7
454.0,-9.091,-0.065,-3.965,-9.091,-0.067,-3.944,2.59,1.05,0.77
,-9.081,-0.069,-3.934,-9.1,-0.041,-3.984,2.73,1.05,0.84
,-9.124,-0.043,-3.888,-9.079,-0.069,-3.996,2.87,1.33,0.91
,-9.139,-0.01,-3.977,-9.052,-0.038,-3.979,2.73,1.33,0.77
530.0,-9.045,-0.043,-3.953,-9.143,-0.055,-3.91,2.8,1.26,0.7
,-9.093,-0.031,-3.908,-9.057,-0.05,-3.96,2.66,1.33,0.7
,-9.098,-0.045,-3.941,-9.048,0.002,-4.003,2.66,1.33,0.63
,-9.141,-0.062,-3.888,-9.103,-0.014,-3.965,2.52,1.33,0.56
605.0,-9.069,-0.036,-3.996,-9.148,-0.01,-3.932,2.66,1.26,0.63
,-9.06,-0.096,-3.924,-9.083,-0.043,-3.934,2.38,1.26,0.7
,-9.124,-0.122,-3.905,-9.095,-0.081,-3.977,2.52,1.33,0.77
,-9.134,-0.079,-3.92,-9.103,-0.069,-3.958,2.94,1.05,0.7
681.0,-9.124,-0.043,-3.912,-9.074,-0.036,-4.025,3.08,1.19,0.7
,-9.122,-0.081,-3.888,-9.036,-0.012,-4.082,2.94,1.26,0.7
,-9.165,-0.014,-3.939,-9.033,-0.045,-4.039,2.73,1.12,0.56
,-9.107,0.005,-3.979,-9.057,-0.105,-4.027,2.59,0.91,0.35
757.0,-9.093,-0.163,-3.829,-9.21,-0.108,-3.731,2.31,0.77,0.56
,-9.134,-0.163,-3.781,-9.115,-0.129,-3.833,3.08,0.7,0.63
,-9.162,-0.079,-3.75,-9.081,-0.098,-3.944,3.71,0.91,0.63
,-9.162,-0.029,-3.704,-9.067,-0.072,-4.089,3.43,1.05,0.77
833.0,-9.021,-0.007,-4.099,-9.148,-0.086,-3.79,2.87,1.33,0.56
,-9.033,-0.026,-4.049,-9.129,-0.017,-3.853,2.87,1.47,0.84
,-9.033,-0.002,-3.965,-9.146,-0.089,-3.905,2.94,1.12,0.63
,-9.136,-0.029,-3.903,-9.107,-0.103,-3.994,2.73,1.12,0.63
909.0,-9.076,-0.144,-4.044,-9.112,-0.053,-3.912,2.17,1.05,0.49
,-9.024,-0.148,-4.092,-9.165,-0.069,-3.934,2.59,0.91,0.63
,-9.074,-0.007,-4.03,-9.139,-0.065,-3.826,2.66,0.84,0.63
,-9.062,-0.053,-3.951,-9.081,-0.132,-3.948,2.73,0.91,0.7
984.0,-9.136,-0.141,-3.939,-9.134,-0.055,-3.884,2.38,0.77,0.7
,-9.081,-0.074,-3.932,-9.134,0.06,-3.951,2.94,0.7,0.7
,-9.057,-0.055,-3.924,-9.122,-0.134,-4.022,2.87,0.7,0.56
,-9.076,-0.019,-3.824,-9.04,-0.141,-4.109,2.52,0.77,0.63
1060.0,-9.043,-0.019,-4.168,-9.093,-0.11,-3.92,2.66,0.14,0.42
,-9.057,-0.026,-4.238,-9.107,-0.105,-3.85,2.73,0.0,0.56
,-9.086,-0.034,-4.113,-9.146,-0.134,-3.798,2.8,-0.28,0.63
,-9.057,-0.048,-4.006,-9.146,-0.132,-3.965,2.66,-0.49,0.56
1135.0,-9.127,-0.122,-3.709,-9.206,-0.065,-3.79,2.45,-0.21,0.49
,-9.088,-0.218,-3.735,-9.134,-0.074,-3.68,2.38,0.0,0.49
,-9.167,-0.251,-3.731,-9.081,-0.043,-3.829,2.87,0.35,0.49
,-9.153,-0.127,-3.699,-9.069,-0.055,-4.008,3.01,0.49,0.49
1211.0,-9.095,-0.024,-4.104,-9.088,-0.124,-3.908,1.82,0.77,0.07
,-9.048,-0.057,-3.987,-9.129,-0.134,-4.056,2.1,0.42,0.28
,-9.052,-0.045,-4.015,-9.093,-0.17,-4.008,2.03,0.63,0.21
,-9.048,-0.077,-4.044,-9.11,-0.074,-3.987,2.17,0.35,0.35
1287.0,-9.122,-0.144,-3.881,-9.081,-0.115,-3.999,2.03,-0.35,0.21
,-9.095,-0.237,-3.819,-9.04,-0.146,-4.068,2.1,-0.35,0.28
,-9.115,-0.144,-3.898,-8.983,-0.141,-3.984,2.1,-0.49,0.28
,-9.098,-0.091,-3.946,-9.043,-0.129,-3.874,2.03,-0.56,0.35
1363.0,-9.06,-0.096,-3.807,-9.15,-0.33,-3.486,3.29,-0.98,0.7
,-9.117,-0.105,-3.668,-9.095,-0.376,-3.424,3.22,-1.19,0.77
,-9.1,-0.079,-3.599,-9.186,-0.359,-3.369,2.73,-0.84,0.84
,-9.117,-0.194,-3.561,-9.256,-0.275,-3.355,2.1,-0.49,0.77
1438.0,-9.217,-0.184,-3.374,-9.289,-0.294,-3.173,2.94,2.1,1.75
,-9.177,-0.211,-3.35,-9.28,-0.146,-3.027,2.17,2.8,2.03
,-9.162,-0.237,-3.211,-9.289,-0.191,-3.202,1.47,3.64,2.03
,-9.251,-0.309,-3.226,-9.179,-0.206,-3.278,1.05,4.55,1.75
1514.0,-9.038,-0.28,-3.465,-9.091,-0.153,-3.795,-3.92,8.4,0.63
,-9.05,-0.349,-3.652,-9.139,-0.031,-4.008,-3.08,8.82,1.26
,-9.021,-0.333,-3.69,-9.139,0.105,-4.137,-0.84,9.24,2.31
,-9.122,-0.242,-3.769,-9.136,0.115,-4.295,1.19,9.59,3.08
1590.0,-9.072,-0.026,-4.082,-8.971,0.507,-4.427,2.38,9.31,5.11
,-9.021,-0.053,-3.936,-8.911,0.357,-4.228,2.8,9.52,5.46
,-9.146,0.139,-4.231,-9.0,0.067,-4.106,3.22,9.24,4.69
,-9.048,0.409,-4.503,-8.995,0.062,-4.216,1.82,8.54,3.36
1666.0,-9.024,0.201,-4.257,-8.995,0.053,-4.145,-4.83,6.58,1.47
,-8.995,0.27,-4.149,-8.959,-0.127,-4.046,-5.81,6.51,1.33
,-9.067,0.132,-4.19,-9.036,-0.4,-3.735,-6.51,6.16,1.54
,-9.012,0.007,-4.245,-9.167,-0.345,-3.886,-6.58,5.88,1.54
1742.0,-9.122,0.11,-3.958,-8.775,0.086,-5.02,-0.63,7.28,2.94
,-9.129,0.694,-4.281,-8.746,-0.12,-4.85,-1.33,6.93,2.17
,-8.997,0.876,-4.757,-8.796,-0.067,-4.604,-5.25,6.09,0.98
,-8.827,0.519,-4.937,-8.89,0.081,-4.31,-9.66,4.97,0.21
1817.0,-8.952,-0.01,-3.922,-9.052,-0.038,-3.743,-3.15,2.59,-0.91
,-9.146,-0.16,-3.29,-8.942,-0.558,-3.953,-2.45,3.15,-0.21
,-9.318,0.024,-3.565,-9.033,-0.34,-4.113,-1.61,3.36,-0.28
,-9.127,0.115,-3.64,-9.028,-0.242,-4.346,-2.17,3.57,-0.28
1893.0,-8.868,0.045,-4.69,-9.014,0.766,-4.786,0.91,4.55,2.24
,-8.782,0.201,-4.585,-9.639,0.526,-4.147,2.52,4.41,3.64
,-8.722,0.436,-4.994,-9.026,0.136,-4.135,3.43,3.57,3.57
,-8.787,0.644,-4.748,-8.842,-0.634,-3.821,3.43,2.52,3.22
1968.0,-8.76,-1.187,-3.367,-9.158,-0.127,-3.18,7.42,3.99,3.92
,-8.875,-1.431,-3.307,-9.112,0.811,-3.898,11.41,5.11,5.67
,-9.122,-1.429,-2.977,-8.961,1.462,-4.436,16.73,6.51,7.84
,-9.153,-0.797,-3.25,-8.739,1.417,-5.171,22.12,7.98,9.38
2044.0,-8.452,0.998,-5.209,-9.294,1.378,-4.283,6.37,7.7,7.84
,-8.457,0.833,-4.611,-9.27,0.577,-3.936,7.49,7.35,6.44
,-8.583,0.981,-4.377,-9.196,-0.17,-3.458,10.57,6.51,3.85
,-8.985,1.335,-4.262,-9.313,-0.22,-3.396,10.85,5.67,0.63
2120.0,-9.093,0.23,-4.068,-8.54,-1.182,-3.388,2.87,7.7,-1.89
,-8.868,0.201,-4.628,-8.67,-0.012,-4.192,1.54,7.7,-1.75
,-8.516,-0.572,-4.755,-9.057,0.814,-4.932,-0.07,9.03,-0.42
,-8.447,-1.505,-3.764,-9.124,0.687,-5.339,2.94,11.55,2.03
2196.0,-8.839,-0.077,-5.226,-8.916,0.014,-3.991,0.14,6.16,2.94
,-8.631,-0.727,-4.795,-9.141,-0.148,-4.046,-0.21,7.42,3.36
,-8.512,-0.737,-4.118,-8.935,-0.194,-4.135,4.13,8.82,3.78
,-8.689,-0.17,-3.936,-8.796,-0.079,-4.097,9.24,9.03,4.48
2271.0,-8.854,0.61,-4.111,-8.433,0.785,-5.389,10.57,10.01,6.16
,-8.873,1.395,-4.736,-8.504,-0.019,-4.941,11.97,7.49,4.9
,-8.818,1.778,-5.346,-8.617,-0.44,-4.685,8.75,4.69,3.15
,-8.832,1.582,-5.508,-8.715,-0.376,-4.714,2.66,3.64,1.47
2347.0,-8.887,-0.151,-4.714,-8.804,0.696,-4.688,2.94,5.39,-0.14
,-8.947,-0.12,-4.798,-8.715,0.873,-4.805,2.87,5.6,0.35
,-8.794,0.029,-4.439,-8.753,0.534,-4.657,2.52,6.16,0.28
,-8.765,0.328,-4.434,-8.485,0.208,-4.46,3.43,5.95,0.21
2422.0,-8.452,-0.299,-4.113,-8.844,-0.098,-3.463,-6.58,5.74,-1.96
,-8.658,-0.689,-3.733,-8.794,0.151,-3.482,-3.85,7.56,-0.7
,-8.976,-0.759,-3.635,-8.753,0.816,-3.848,-0.14,8.89,1.4
,-9.124,-0.548,-3.563,-8.777,1.491,-4.429,3.01,10.15,3.36
2498.0,-8.655,1.804,-4.671,-8.902,-0.134,-4.458,9.66,11.62,0.7
,-8.653,1.309,-4.597,-8.598,0.062,-4.664,5.6,12.46,-1.19
,-8.583,0.268,-4.121,-8.624,0.12,-4.946,1.75,14.0,-2.24
,-8.942,-0.105,-3.972,-8.684,-0.091,-5.164,3.08,14.42,-2.17
2574.0,-8.737,-0.103,-5.501,-8.102,-0.057,-5.824,11.97,12.81,-2.45
,-8.66,-0.045,-5.714,-8.416,-0.397,-5.753,12.46,12.46,-2.03
,-8.313,0.249,-5.879,-8.569,-0.916,-5.573,12.18,12.04,-2.03
,-8.007,0.136,-5.992,-8.961,-1.074,-5.575,11.13,11.76,-2.59
2650.0,-8.619,-0.893,-5.743,-8.524,0.622,-5.611,9.1,8.19,0.56
,-8.526,-0.577,-5.717,-8.442,0.986,-5.891,9.87,7.77,1.26
,-8.801,-0.469,-5.492,-8.272,0.976,-5.918,10.85,6.09,1.19
,-8.648,0.208,-5.619,-8.279,0.342,-5.568,11.83,4.83,0.21
2726.0,-8.667,-0.275,-5.401,-8.966,-0.151,-4.85,1.4,3.43,0.21
,-8.705,-0.727,-5.173,-8.564,0.479,-5.152,2.87,3.85,0.91
,-8.839,-0.821,-4.987,-8.497,0.756,-5.374,5.39,4.83,1.89
,-8.854,-0.761,-4.774,-8.763,0.771,-5.281,8.47,5.6,3.36
2801.0,-8.198,0.684,-5.537,-8.744,-1.639,-4.953,7.56,-0.35,1.19
,-7.758,-0.031,-5.379,-8.701,-1.12,-4.901,4.83,0.91,2.03
,-7.911,-0.936,-5.439,-8.567,-0.648,-4.805,4.69,1.75,3.85
,-8.423,-1.522,-5.319,-8.729,-0.069,-4.755,5.81,1.12,4.41
2877.0,-8.83,0.144,-4.707,-8.133,0.072,-4.791,16.94,0.56,6.23
,-8.964,0.294,-4.757,-8.303,0.337,-4.767,14.28,-0.42,5.32
,-8.672,0.261,-4.647,-8.502,0.639,-4.819,11.83,-1.19,4.55
,-8.342,0.256,-4.824,-8.689,0.512,-4.783,10.5,-0.7,4.55
2953.0,-8.744,0.558,-4.681,-8.957,0.01,-4.944,15.96,3.92,4.27
,-8.739,0.452,-4.709,-8.55,-0.067,-5.317,15.61,4.34,4.13
,-8.825,0.287,-4.836,-7.94,-0.349,-5.353,15.47,5.04,3.71
,-9.136,-0.005,-4.759,-7.93,-0.313,-5.389,15.75,5.6,3.01
3029.0,-8.133,-0.55,-5.525,-8.495,-0.132,-5.212,11.9,5.04,3.15
,-8.375,-0.591,-5.437,-8.39,-0.213,-5.343,11.69,5.88,4.27
,-8.509,-0.548,-5.159,-8.705,-0.342,-5.319,11.97,6.09,4.83
,-8.612,-0.261,-5.114,-8.634,-0.208,-5.281,11.69,5.74,4.76
3104.0,-8.373,0.043,-5.25,-8.165,-0.615,-5.248,6.72,4.06,3.43
,-8.346,-0.206,-5.183,-8.43,-0.749,-5.236,5.32,3.5,3.29
,-8.253,-0.287,-5.162,-8.581,-0.558,-5.296,4.97,3.01,3.29
,-8.014,-0.443,-5.171,-8.567,-0.316,-5.245,5.04,3.22,3.78
3180.0,-8.44,-0.069,-5.178,-8.545,0.179,-5.226,6.58,2.8,5.81
,-8.442,-0.139,-5.142,-8.342,0.258,-5.37,5.11,2.24,5.32
,-8.543,-0.215,-5.073,-8.232,0.184,-5.501,4.41,2.38,4.9
,-8.557,-0.06,-5.078,-8.428,0.034,-5.379,4.55,2.31,4.41
3255.0,-8.521,0.017,-5.286,-8.387,-0.737,-5.386,1.68,4.55,3.85
,-8.404,-0.048,-5.238,-8.38,-1.007,-5.389,1.33,4.9,3.5
,-8.473,-0.079,-5.346,-8.399,-0.974,-5.303,0.98,4.48,3.29
,-8.461,-0.153,-5.497,-8.356,-0.67,-5.272,-0.35,4.2,3.43
3331.0,-8.497,-0.29,-5.341,-8.315,1.369,-5.54,3.78,8.96,7.14
,-8.729,0.034,-5.171,-8.698,1.168,-5.365,4.06,8.61,7.63
,-8.514,0.505,-5.209,-8.631,0.646,-5.233,3.22,7.28,7.7
,-8.1,0.988,-5.453,-8.507,0.201,-5.19,2.52,6.93,7.14
3407.0,-8.6,0.471,-5.382,-8.437,0.251,-5.571,-4.13,9.66,3.57
,-8.504,0.9,-5.808,-7.995,-0.44,-5.422,-4.34,9.45,3.36
,-8.588,0.651,-5.836,-7.889,0.105,-5.353,-6.37,9.45,3.08
,-8.607,0.483,-5.717,-8.27,0.16,-5.441,-8.68,9.1,2.94
3483.0,-8.689,0.287,-5.552,-8.306,0.38,-5.748,-10.36,4.27,3.5
,-8.67,0.311,-5.7,-8.275,0.184,-5.688,-10.85,4.06,3.43
,-8.54,0.404,-5.81,-8.196,-0.041,-5.595,-11.34,3.99,3.5
,-8.421,0.498,-5.889,-8.447,-0.057,-5.583,-11.13,3.64,3.36
3559.0,-8.581,-0.041,-5.681,-8.222,-0.337,-5.791,-6.51,2.38,3.85
,-8.634,-0.127,-5.891,-8.177,-0.579,-5.652,-5.39,1.89,3.92
,-8.387,0.048,-6.004,-8.363,-0.313,-5.875,-4.34,1.47,4.27
,-8.167,-0.153,-5.932,-8.373,-0.156,-5.796,-3.43,1.68,4.69
3634.0,-8.497,0.057,-5.774,-7.794,0.598,-5.894,5.04,0.7,6.79
,-8.569,0.16,-5.846,-8.043,0.414,-5.736,5.81,0.7,7.35
,-8.581,0.179,-5.726,-8.354,0.5,-5.609,6.44,0.07,7.77
,-8.203,0.428,-5.776,-8.583,0.902,-5.599,5.88,-1.19,7.21
3710.0,-8.428,1.168,-5.635,-8.378,0.916,-5.528,7.42,-2.17,4.83
,-8.43,1.153,-5.487,-8.366,0.615,-5.554,5.67,-1.68,3.78
,-8.588,1.247,-5.307,-8.26,0.263,-5.485,3.43,-2.31,2.24
,-8.545,1.096,-5.465,-7.988,0.017,-5.434,2.1,-4.06,0.84
3786.0,-8.045,0.089,-5.504,-8.48,0.677,-5.41,3.85,-6.37,-0.77
,-8.241,0.278,-5.631,-8.574,0.455,-5.281,5.88,-6.79,-0.49
,-8.512,0.723,-5.403,-8.145,0.235,-5.267,6.3,-7.84,-1.05
,-8.37,0.823,-5.425,-8.138,0.079,-5.2,3.85,-8.12,-1.33
3862.0,-8.229,0.156,-5.382,-8.605,0.608,-5.382,-5.25,-8.4,-0.7
,-8.466,-0.739,-4.556,-8.344,0.517,-5.463,-7.77,-8.33,-0.28
,-8.777,-0.45,-4.429,-8.263,0.115,-5.41,-3.15,-7.98,0.63
,-8.708,0.251,-4.982,-8.346,-0.089,-5.243,2.94,-8.19,1.05
3937.0,-8.344,0.12,-5.152,-8.461,0.273,-5.032,1.54,-10.71,0.56
,-8.392,0.354,-5.2,-8.332,0.179,-4.963,1.47,-11.62,0.42
,-8.557,0.342,-5.085,-8.411,0.215,-5.061,0.91,-11.83,0.07
,-8.6,0.285,-4.996,-8.478,0.462,-5.087,0.42,-11.55,0.0
4013.0,-8.65,0.546,-5.006,-8.579,0.558,-4.882,5.46,-10.57,3.29
,-8.667,0.55,-4.884,-8.545,0.565,-4.834,5.67,-10.57,2.94
,-8.76,0.505,-4.791,-8.595,0.369,-4.697,4.97,-10.64,2.52
,-8.641,0.565,-4.769,-8.741,0.505,-4.757,3.57,-11.06,2.17
4088.0,-8.825,0.737,-4.927,-8.811,0.242,-4.48,0.42,-12.46,0.14
,-8.557,0.983,-5.142,-8.878,0.084,-4.257,-0.84,-12.95,-0.7
,-8.54,0.914,-4.968,-8.696,0.019,-4.666,-3.78,-13.16,-1.33
,-8.681,0.567,-4.637,-8.622,-0.057,-4.657,-6.16,-13.02,-2.24
4164.0,-8.679,-0.074,-4.439,-8.78,0.739,-4.235,-2.17,-13.86,-0.56
,-8.794,-0.108,-4.279,-8.832,0.967,-4.29,0.21,-13.37,-0.35
,-8.78,0.089,-4.161,-8.768,1.041,-4.664,2.52,-12.74,-0.77
,-8.751,0.407,-4.209,-8.622,0.931,-4.645,4.06,-12.18,-0.77
4240.0,-8.638,0.603,-4.176,-8.825,0.625,-4.403,-1.19,-12.32,-2.31
,-8.945,0.371,-3.69,-8.77,0.589,-4.625,0.49,-11.48,-2.59
,-9.124,0.313,-3.546,-8.746,0.471,-4.831,2.24,-10.92,-3.5
,-8.966,0.503,-3.975,-8.677,0.179,-4.602,2.38,-10.99,-4.34
4316.0,-8.693,-0.048,-4.042,-8.875,0.108,-4.109,-1.12,-11.41,-4.62
,-8.935,0.045,-3.666,-8.859,-0.12,-4.176,1.19,-11.2,-4.48
,-9.043,0.304,-3.886,-8.926,-0.034,-4.235,1.82,-11.2,-4.83
,-8.923,0.321,-3.865,-8.961,0.246,-4.202,-0.07,-11.2,-4.62
4391.0,-9.04,0.567,-3.9,-9.016,0.838,-3.874,5.81,-10.36,-2.66
,-9.134,0.816,-4.022,-9.103,0.519,-3.979,5.95,-10.08,-3.92
,-8.988,1.06,-4.135,-9.028,0.359,-3.831,3.22,-10.5,-5.81
,-8.945,1.07,-4.298,-9.079,0.452,-3.441,-0.91,-10.92,-6.86
4467.0,-9.177,0.5,-3.778,-8.923,-0.191,-3.738,0.56,-9.87,-8.26
,-9.162,0.546,-3.553,-8.94,-0.337,-3.74,-0.56,-9.8,-8.68
,-9.131,0.562,-3.984,-9.007,-0.156,-3.924,-2.31,-9.8,-8.96
,-9.115,0.263,-4.075,-9.033,0.179,-4.288,-4.34,-9.73,-9.59
4543.0,-8.935,0.309,-4.104,-9.45,-0.514,-2.876,1.47,-9.59,-7.07
,-9.016,0.103,-4.116,-9.452,-0.505,-2.651,0.35,-9.52,-6.72
,-8.973,-0.187,-3.697,-9.447,-0.163,-3.065,0.91,-9.24,-6.3
,-9.052,-0.565,-3.396,-9.292,0.184,-3.731,3.5,-8.61,-5.11
4619.0,-9.036,0.218,-3.941,-9.261,0.007,-3.647,3.71,-5.88,-4.69
,-8.959,0.0,-3.924,-9.335,0.239,-3.683,2.24,-5.6,-4.27
,-8.947,-0.273,-3.585,-9.294,0.072,-3.599,3.15,-5.11,-3.57
,-9.127,-0.141,-3.726,-9.229,-0.007,-3.776,6.09,-4.76,-3.08
4695.0,-9.1,0.115,-3.917,-9.33,-0.177,-3.453,6.65,-5.46,-3.22
,-8.966,0.081,-3.953,-9.411,0.029,-3.422,6.51,-5.6,-3.08
,-9.031,-0.146,-3.838,-9.296,0.124,-3.472,6.16,-5.53,-2.94
,-9.115,-0.206,-3.553,-9.158,-0.005,-3.257,7.14,-5.39,-2.87
4770.0,-9.198,-0.273,-2.946,-9.435,-0.036,-2.869,2.73,-4.27,-2.59
,-9.301,-0.424,-2.675,-9.397,-0.105,-3.29,3.5,-3.29,-2.03
,-9.457,-0.359,-2.673,-9.141,-0.16,-3.728,4.27,-2.45,-2.03
,-9.433,-0.196,-2.517,-8.909,-0.361,-3.731,4.2,-1.19,-1.75
4846.0,-8.942,-0.543,-3.585,-9.208,0.577,-3.927,2.66,1.12,-0.56
,-9.165,-0.414,-3.587,-9.04,0.495,-4.219,5.39,1.47,0.14
,-9.359,-0.177,-3.233,-9.048,0.072,-4.14,6.58,1.4,0.42
,-9.469,0.179,-3.587,-9.079,-0.29,-3.893,6.3,1.05,-0.42
4921.0,-9.174,-0.292,-3.577,-9.21,-0.541,-3.216,3.08,-0.7,-0.91
,-9.442,-0.127,-3.477,-9.117,-0.72,-3.116,5.18,-0.84,-0.98
,-9.361,0.06,-3.388,-9.256,-0.512,-3.123,5.32,-1.05,-1.12
,-9.246,-0.036,-3.35,-9.296,-0.359,-3.161,3.36,-0.63,-0.98
4997.0,-9.251,-0.404,-2.943,-9.375,-0.23,-3.269,3.5,2.66,0.28
,-9.273,-0.491,-3.001,-9.32,-0.165,-3.388,2.31,3.36,0.42
,-9.265,-0.364,-3.027,-9.244,-0.134,-3.551,1.75,4.06,0.42
,-9.275,-0.201,-3.108,-9.194,-0.072,-3.759,0.77,4.55,0.42
5073.0,-9.237,0.065,-3.936,-9.115,-0.168,-4.283,1.33,4.9,0.84
,-9.22,-0.005,-4.171,-9.119,-0.153,-4.384,1.26,4.48,0.63
,-9.134,-0.017,-4.142,-9.103,-0.235,-4.147,1.19,3.78,0.7
,-9.162,-0.089,-4.286,-9.186,-0.33,-4.07,1.61,2.94,0.63
5149.0,-9.136,-0.366,-3.836,-9.33,-0.01,-3.273,6.65,-0.14,1.89
,-9.234,-0.294,-3.611,-9.306,-0.103,-3.128,7.77,-0.35,2.17
,-9.268,-0.177,-3.489,-9.39,-0.045,-3.233,8.26,-0.28,2.24
,-9.261,-0.036,-3.348,-9.328,-0.019,-3.235,8.12,0.07,2.38
5224.0,-9.268,-0.026,-3.297,-9.344,0.11,-3.57,2.17,1.96,1.47
,-9.174,0.007,-3.384,-9.184,0.079,-3.577,1.47,2.38,1.26
,-9.191,0.029,-3.321,-9.258,-0.077,-3.776,1.05,2.73,1.12
,-9.342,0.067,-3.546,-9.234,-0.196,-3.829,0.49,3.01,0.49
5300.0,-9.162,-0.189,-3.807,-9.227,-0.127,-3.302,0.49,2.8,0.35
,-9.155,-0.184,-3.671,-9.356,-0.045,-3.333,2.17,2.73,0.7
,-9.198,-0.115,-3.577,-9.304,0.019,-3.448,3.64,2.94,0.84
,-9.256,-0.081,-3.491,-9.234,0.048,-3.606,4.06,3.29,1.05
5376.0,-9.222,-0.108,-3.812,-9.117,-0.074,-4.001,1.33,4.2,0.0
,-9.189,-0.179,-3.927,-9.172,0.034,-3.955,1.26,3.99,0.0
,-9.189,-0.168,-3.975,-9.141,0.112,-3.982,1.96,3.5,-0.07
,-9.122,-0.034,-4.042,-9.098,0.029,-4.037,2.31,3.22,-0.14
5452.0,-9.105,-0.12,-3.924,-9.273,-0.328,-3.582,1.26,0.98,-0.28
,-9.177,-0.254,-3.836,-9.241,-0.328,-3.537,1.61,0.77,-0.14
,-9.186,-0.316,-3.778,-9.21,-0.242,-3.431,2.73,0.56,-0.07
,-9.182,-0.333,-3.692,-9.217,-0.242,-3.463,3.43,0.63,0.28
5528.0,-9.184,-0.309,-3.443,-9.16,-0.266,-3.479,4.48,1.89,1.54
,-9.115,-0.302,-3.348,-9.141,-0.242,-3.307,4.62,2.03,2.1
,-9.21,-0.306,-3.503,-9.174,-0.196,-3.252,5.11,2.59,2.1
,-9.206,-0.266,-3.484,-9.225,-0.151,-3.185,5.46,3.08,1.96
5603.0,-9.306,-0.079,-3.295,-9.284,-0.335,-3.321,3.29,5.18,2.38
,-9.241,-0.038,-3.374,-9.277,-0.189,-3.307,1.89,5.67,2.03
,-9.241,-0.127,-3.29,-9.366,-0.031,-3.637,0.63,5.88,2.03
,-9.22,-0.316,-3.252,-9.342,0.112,-3.965,0.0,6.51,2.24
5679.0,-9.179,0.366,-4.173,-9.253,-0.378,-4.039,-2.66,6.58,-0.91
,-8.978,0.357,-4.116,-9.227,-0.081,-4.276,-5.04,6.23,-1.4
,-9.086,0.072,-4.219,-9.05,0.158,-4.19,-6.65,5.95,-1.68
,-9.05,-0.306,-3.979,-9.072,-0.117,-3.857,-6.58,5.74,-1.68
5754.0,-9.086,-0.605,-3.18,-9.471,0.414,-3.477,-8.54,4.41,-4.83
,-8.971,-0.759,-2.369,-9.143,0.658,-3.491,-6.23,6.51,-3.92
,-9.294,-0.383,-2.632,-8.981,0.304,-3.338,-3.5,8.47,-2.87
,-9.378,-0.098,-2.659,-8.983,-0.256,-3.151,-2.17,9.52,-1.68
5830.0,-9.124,-0.625,-2.745,-9.069,0.129,-3.644,-8.96,13.02,0.91
,-9.246,-0.349,-2.876,-9.0,-0.179,-3.515,-4.34,14.07,1.19
,-9.17,0.101,-2.936,-9.069,-0.361,-3.982,-2.03,14.56,0.98
,-9.246,0.4,-3.455,-9.038,-0.232,-4.106,-4.13,14.42,0.07
5906.0,-9.04,0.168,-4.745,-9.11,-1.108,-3.525,-4.9,16.38,1.96
,-8.655,0.412,-5.03,-9.194,-0.72,-4.022,-5.74,15.75,1.12
,-8.605,0.043,-4.848,-9.007,-0.019,-4.314,-8.05,15.4,1.61
,-8.662,-0.565,-4.341,-8.835,0.383,-4.91,-7.63,15.96,3.01
5982.0,-8.612,-0.132,-5.016,-9.088,-0.213,-3.8,-3.01,14.0,2.59
,-8.607,-0.995,-4.573,-9.072,0.235,-4.374,-3.43,14.7,4.62
,-8.839,-1.35,-3.958,-8.921,0.144,-4.453,2.66,15.96,7.0
,-8.973,-0.933,-3.915,-8.763,-0.237,-4.212,11.06,16.45,8.05
6057.0,-8.574,-0.431,-4.259,-8.547,-0.299,-4.97,8.47,15.75,8.54
,-8.464,0.014,-4.587,-8.67,-0.708,-4.506,10.99,14.07,8.05
,-8.813,0.369,-4.841,-8.794,-0.562,-4.159,11.2,12.67,7.77
,-8.794,0.182,-5.233,-8.902,0.17,-4.245,8.68,11.97,7.07
6133.0,-8.947,0.677,-4.286,-8.689,1.608,-5.233,16.73,13.51,8.68
,-8.902,0.775,-4.611,-8.849,1.651,-5.769,11.97,13.79,7.91
,-8.691,0.854,-4.279,-8.732,1.055,-5.827,7.56,14.14,7.21
,-8.739,1.106,-4.319,-8.32,-0.031,-5.389,6.16,13.02,6.02
6209.0,-8.43,-1.077,-4.609,-8.902,-0.249,-4.159,-8.89,11.27,-0.14
,-8.77,-1.452,-3.946,-8.811,0.352,-4.066,-0.7,12.88,1.75
,-8.823,-1.273,-3.819,-8.911,1.321,-4.494,8.05,14.14,3.92
,-8.997,-0.773,-3.829,-8.753,2.28,-5.331,14.07,14.77,5.95
6285.0,-8.44,2.41,-5.633,-8.775,-0.428,-4.666,7.63,11.06,3.36
,-8.21,1.828,-5.683,-8.43,-0.95,-4.659,0.35,11.76,1.54
,-8.251,0.969,-5.24,-8.416,-1.61,-4.676,-3.08,12.74,-0.35
,-8.88,0.227,-4.822,-8.679,-1.874,-4.594,-2.8,12.53,-1.82
6361.0,-8.995,-1.103,-4.429,-8.239,0.809,-6.09,12.11,13.51,5.32
,-8.727,0.084,-5.329,-8.179,0.51,-5.595,17.57,10.5,4.9
,-8.418,0.818,-6.169,-8.275,0.751,-5.315,16.24,7.77,3.92
,-8.497,0.995,-6.253,-8.461,0.888,-5.382,10.29,6.65,3.43
6436.0,-8.725,0.964,-5.331,-8.569,0.608,-4.671,4.41,6.09,-2.87
,-8.866,0.668,-4.999,-8.552,0.596,-4.972,2.17,6.44,-3.43
,-8.72,0.397,-4.692,-8.641,0.313,-5.193,0.77,7.77,-3.43
,-8.739,0.491,-4.384,-8.583,0.172,-5.327,2.66,9.03,-3.29
6512.0,-8.559,-0.055,-5.243,-8.653,-1.888,-4.831,0.21,6.65,-6.44
,-8.241,-0.438,-5.066,-8.727,-1.589,-4.759,-0.91,7.35,-6.23
,-8.258,-1.225,-5.087,-8.349,-1.24,-5.13,-0.56,8.05,-5.32
,-8.179,-1.764,-4.865,-7.985,-0.711,-5.293,0.91,9.24,-3.57
6587.0,-8.138,-0.541,-5.166,-8.382,0.558,-5.642,12.6,8.68,5.6
,-8.485,0.012,-5.425,-8.186,0.328,-5.449,15.4,8.12,5.81
,-8.574,0.203,-5.43,-8.184,0.081,-5.37,15.33,7.49,5.32
,-8.626,0.371,-5.511,-8.358,0.024,-5.272,13.51,6.58,4.13
6663.0,-8.614,-0.026,-5.231,-8.411,0.799,-5.341,13.09,7.91,1.89
,-8.768,0.074,-5.13,-8.284,0.694,-5.485,14.7,8.33,2.1
,-8.734,0.574,-5.162,-8.746,0.333,-5.173,17.01,8.82,2.1
,-8.435,0.706,-5.264,-8.009,0.373,-5.334,17.29,9.31,1.61
6739.0,-7.607,-0.024,-5.645,-8.165,-0.928,-5.628,1.47,3.36,-3.71
,-8.174,-0.735,-5.788,-7.954,-1.005,-5.477,0.28,3.29,-3.36
,-8.842,-1.376,-5.566,-7.791,-0.601,-5.489,2.03,2.66,-3.08
,-8.665,-0.883,-5.7,-7.98,-0.199,-5.516,4.41,2.24,-3.29
6815.0,-8.358,-0.01,-5.267,-8.667,0.538,-5.43,2.03,-0.07,0.14
,-8.593,0.179,-5.296,-8.626,0.132,-5.427,1.68,0.07,0.14
,-8.6,0.426,-5.307,-8.576,-0.165,-5.413,1.4,0.49,-0.14
,-8.823,0.531,-5.327,-8.332,-0.409,-5.458,1.75,0.91,-0.28
6890.0,-8.272,-0.579,-5.714,-7.798,-0.215,-5.834,12.81,3.99,2.45
,-8.485,-0.706,-5.662,-7.894,-0.249,-5.64,16.52,5.53,3.85
,-8.686,-0.696,-5.602,-8.382,-0.067,-5.456,20.02,5.46,4.27
,-8.208,-0.223,-5.719,-8.717,0.103,-5.523,21.7,3.92,3.99
6966.0,-8.756,0.086,-5.47,-8.148,-0.11,-5.473,14.21,1.05,1.33
,-8.717,0.115,-5.446,-8.358,-0.117,-5.573,12.39,-0.35,0.56
,-8.27,0.235,-5.714,-8.562,0.165,-5.52,10.43,-0.77,0.14
,-8.162,0.268,-5.707,-8.588,0.311,-5.58,9.8,-0.7,-0.07
7042.0,-8.457,0.246,-5.453,-8.184,-0.299,-5.343,12.18,0.63,-0.7
,-8.392,0.191,-5.231,-8.325,-0.574,-5.413,10.22,0.14,-1.89
,-8.167,0.177,-5.274,-8.404,-0.948,-5.451,8.47,-0.91,-2.8
,-8.076,-0.029,-5.307,-8.423,-1.354,-5.324,6.79,-1.82,-3.01
7118.0,-8.174,-1.728,-5.202,-8.337,-0.11,-5.441,6.51,-0.91,1.12
,-8.267,-1.608,-5.135,-8.576,-0.084,-5.26,9.52,-1.12,2.45
,-8.246,-1.072,-5.386,-8.734,-0.211,-5.243,12.04,-1.68,3.15
,-8.112,-0.273,-5.583,-8.77,-0.127,-5.379,12.95,-2.17,3.5
7193.0,-8.624,-0.438,-5.439,-8.488,-0.558,-5.767,6.16,0.28,3.64
,-8.229,-0.696,-5.513,-8.519,-0.737,-5.791,6.23,-0.77,3.92
,-7.827,-0.727,-5.619,-8.344,-1.005,-5.683,7.14,-0.7,4.06
,-8.045,-0.794,-5.738,-8.196,-1.048,-5.497,8.05,0.35,4.48
7269.0,-8.217,-1.168,-5.477,-8.452,-0.223,-5.501,8.33,2.31,6.79
,-8.284,-1.086,-5.465,-8.27,-0.407,-5.554,8.54,2.94,7.56
,-8.416,-0.775,-5.535,-8.337,-0.538,-5.544,9.38,3.29,7.98
,-8.591,-0.335,-5.475,-8.43,-0.369,-5.631,9.1,2.87,7.91
7345.0,-8.32,-0.177,-5.702,-8.543,0.141,-5.212,0.56,3.01,7.49
,-8.299,-0.127,-5.698,-8.502,0.613,-5.219,-0.7,3.22,7.21
,-8.313,-0.134,-5.561,-8.576,0.969,-5.406,-2.03,2.87,7.07
,-8.495,0.048,-5.432,-8.516,1.115,-5.614,-3.29,2.1,7.0
7420.0,-8.452,0.96,-5.64,-8.641,0.359,-5.339,-13.16,0.35,5.25
,-8.531,0.589,-5.511,-8.411,0.239,-5.492,-14.63,0.91,4.55
,-8.509,0.467,-5.48,-8.416,0.213,-5.489,-14.21,1.4,4.2
,-8.576,0.278,-5.327,-8.483,0.105,-5.482,-13.65,1.47,3.99
7496.0,-8.646,-0.098,-5.654,-8.502,-0.479,-5.858,-12.53,-1.82,3.36
,-8.49,-0.134,-5.956,-8.224,-0.486,-5.908,-12.25,-2.52,3.29
,-8.478,-0.38,-5.951,-8.433,-0.677,-5.688,-11.62,-2.45,3.57
,-8.576,-0.526,-5.805,-8.519,-0.469,-5.561,-10.36,-2.38,3.85
7572.0,-8.026,-0.352,-5.693,-8.681,0.184,-5.293,-1.89,-4.41,6.65
,-8.028,-0.268,-5.623,-8.629,0.05,-5.063,-1.19,-4.27,7.49
,-8.495,-0.191,-5.355,-8.119,0.577,-5.389,0.42,-4.55,7.77
,-8.725,0.115,-5.518,-8.177,0.699,-5.291,1.05,-5.6,7.0
7648.0,-8.323,0.727,-5.209,-8.22,0.455,-5.197,-3.08,-6.37,4.06
,-8.385,0.462,-5.389,-8.399,0.347,-5.181,-4.13,-6.58,3.5
,-8.744,0.505,-5.061,-8.354,0.17,-4.987,-2.31,-6.93,2.87
,-8.583,0.625,-5.083,-8.485,0.117,-4.982,-1.68,-7.0,2.24
7723.0,-8.603,0.134,-4.915,-8.461,-0.218,-5.044,3.01,-7.0,-1.89
,-8.459,-0.05,-4.752,-8.502,-0.28,-5.027,0.07,-7.77,-2.03
,-8.497,-0.148,-4.795,-8.567,-0.278,-5.054,-1.19,-7.49,-1.54
,-8.428,-0.184,-4.937,-8.653,-0.199,-5.097,-1.96,-7.07,-0.28
7799.0,-8.466,-0.01,-5.183,-8.622,0.412,-5.157,0.07,-6.72,3.22
,-8.394,0.187,-5.205,-8.708,0.409,-4.951,-1.26,-6.58,3.85
,-8.445,0.359,-5.549,-8.782,0.227,-4.862,3.92,-6.23,3.64
,-8.421,0.302,-5.432,-8.684,0.127,-4.917,6.3,-6.23,3.85
7875.0,-8.617,0.043,-4.929,-8.693,0.469,-5.135,-0.07,-7.7,2.73
,-8.533,0.012,-4.91,-8.557,0.833,-5.202,0.21,-8.26,2.66
,-8.526,0.069,-4.86,-8.483,0.902,-5.166,1.68,-8.33,2.52
,-8.588,0.182,-5.011,-8.636,0.603,-4.992,3.15,-8.61,2.31
7951.0,-8.861,0.416,-4.738,-8.756,0.328,-4.623,-3.01,-10.71,-1.26
,-8.756,0.55,-4.728,-8.67,0.27,-4.714,-5.53,-12.25,-2.66
,-8.662,0.562,-4.798,-8.595,0.172,-4.618,-7.21,-12.74,-3.29
,-8.674,0.567,-4.649,-8.691,0.101,-4.566,-7.84,-12.11,-3.43
8026.0,-8.787,-0.036,-4.575,-8.76,0.218,-4.405,-5.39,-10.15,-2.59
,-8.825,-0.172,-4.355,-8.672,0.242,-4.539,-4.41,-9.73,-2.31
,-8.847,-0.069,-4.367,-8.691,0.098,-4.384,-2.45,-9.66,-1.96
,-8.859,0.168,-4.475,-8.801,-0.077,-4.279,-2.03,-9.31,-1.54
8102.0,-8.746,0.038,-4.405,-8.784,-0.048,-4.539,0.14,-8.33,0.07
,-8.782,0.235,-4.757,-8.899,-0.038,-4.341,1.82,-8.68,0.14
,-8.854,0.328,-4.657,-8.942,0.172,-4.69,1.96,-9.38,1.19
,-8.811,0.191,-4.678,-8.823,0.512,-4.664,1.61,-9.24,1.61
8177.0,-8.815,0.818,-4.891,-8.787,-0.168,-4.384,3.08,-11.13,0.56
,-8.734,0.503,-4.874,-9.012,0.038,-4.298,-0.84,-12.04,-0.07
,-8.684,-0.034,-4.755,-9.172,0.505,-4.515,-2.38,-12.32,0.0
,-8.605,-0.333,-4.413,-9.064,0.821,-4.597,0.42,-12.32,0.84
8253.0,-8.871,0.814,-4.393,-9.04,0.024,-3.317,4.2,-14.63,0.21
,-8.832,0.519,-4.219,-9.15,0.378,-3.281,1.4,-14.77,-0.07
,-8.792,0.258,-3.795,-9.17,0.419,-3.161,0.91,-14.77,-0.77
,-8.904,0.062,-3.707,-9.213,0.354,-3.381,1.4,-14.49,-1.82
8329.0,-9.0,0.256,-3.379,-9.062,0.464,-3.436,-2.38,-11.48,-4.97
,-8.976,0.347,-3.422,-9.062,0.546,-3.092,-3.78,-10.85,-5.25
,-8.997,0.132,-3.46,-9.167,0.548,-3.599,-4.83,-10.22,-6.09
,-9.048,0.27,-3.331,-9.05,0.558,-4.231,-3.64,-9.66,-6.44
8405.0,-8.918,0.608,-4.293,-9.208,-0.086,-4.503,-9.24,-8.89,-9.24
,-8.997,0.237,-4.168,-9.048,-0.057,-4.441,-9.8,-8.89,-8.61
,-9.162,-0.227,-4.022,-8.911,-0.364,-4.367,-7.7,-8.47,-7.77
,-9.191,-0.282,-3.862,-8.966,-0.512,-4.104,-2.59,-8.4,-6.86
8481.0,-9.15,-0.347,-3.814,-9.1,0.481,-3.345,9.1,-10.01,-3.64
,-9.284,-0.086,-3.752,-9.234,0.194,-3.23,11.62,-9.94,-3.22
,-9.335,0.388,-3.666,-9.217,0.048,-2.962,10.78,-10.08,-4.69
,-9.158,0.637,-3.585,-9.215,0.05,-2.919,7.21,-10.15,-6.37
8556.0,-9.191,0.06,-2.627,-9.122,-0.038,-4.116,3.92,-6.93,-6.16
,-9.385,0.043,-2.915,-8.882,-0.488,-3.8,3.78,-6.37,-6.16
,-9.44,0.043,-3.336,-8.83,-0.72,-3.585,2.31,-6.37,-6.79
,-9.232,0.093,-3.606,-9.186,-0.567,-3.625,0.7,-6.37,-6.51
8632.0,-9.33,-0.34,-3.781,-9.373,-0.433,-3.147,8.26,-6.3,-2.52
,-9.263,-0.191,-3.649,-9.363,-0.022,-3.025,7.98,-6.58,-2.24
,-9.22,-0.33,-3.501,-9.217,0.199,-3.015,7.14,-6.79,-1.89
,-9.289,-0.474,-3.197,-9.378,0.086,-3.082,7.42,-6.3,-1.47
8708.0,-9.366,-0.093,-3.183,-9.337,-0.177,-3.137,5.04,-4.83,-3.5
,-9.354,-0.258,-3.235,-9.423,-0.098,-3.245,4.83,-4.13,-3.43
,-9.237,-0.211,-3.233,-9.385,0.053,-3.542,6.44,-3.92,-2.87
,-9.191,-0.184,-3.144,-9.273,0.057,-3.563,7.21,-3.71,-2.52
8784.0,-9.194,-0.366,-3.391,-9.509,-0.081,-3.422,0.42,-3.22,-2.31
,-9.191,-0.773,-2.766,-9.325,-0.057,-3.857,0.77,-2.38,-1.19
,-9.411,-0.773,-2.601,-9.124,-0.392,-3.738,3.5,-1.82,-0.35
,-9.529,-0.337,-3.101,-9.107,-0.704,-3.635,6.09,-1.19,-0.21
8859.0,-9.241,-0.775,-3.618,-9.198,-0.433,-3.161,5.74,-1.75,0.77
,-9.304,-0.447,-3.618,-9.196,-0.756,-2.627,8.47,-2.1,1.12
,-9.373,-0.136,-3.798,-9.296,-0.926,-2.134,9.17,-2.73,0.77
,-9.232,-0.139,-3.592,-9.459,-0.876,-1.943,7.35,-3.29,0.63
8935.0,-9.663,-0.562,-2.044,-9.206,-0.325,-2.781,6.58,1.82,2.66
,-9.742,-0.189,-2.362,-9.351,-0.395,-2.919,5.46,2.66,2.24
,-9.45,-0.026,-2.522,-9.548,-0.235,-3.329,2.45,3.57,1.82
,-9.22,-0.084,-2.678,-9.409,-0.258,-3.57,-0.56,4.62,1.68
9010.0,-9.237,-0.28,-3.723,-9.024,0.026,-4.271,0.14,5.81,1.75
,-9.325,-0.179,-4.051,-9.127,-0.067,-4.001,1.4,5.11,1.4
,-9.225,0.05,-4.257,-9.289,0.012,-3.726,2.59,4.62,1.26
,-9.177,0.239,-4.448,-9.299,0.122,-3.336,2.31,3.85,1.26
9086.0,-9.44,0.034,-2.991,-9.385,-0.373,-3.238,0.91,1.12,0.77
,-9.49,-0.218,-2.843,-9.263,-0.416,-3.319,-0.56,1.54,0.42
,-9.457,-0.359,-2.752,-9.268,-0.309,-3.372,-0.98,2.24,0.14
,-9.533,-0.349,-3.049,-9.349,-0.196,-3.424,-0.42,2.66,-0.28
9162.0,-9.292,-0.012,-3.398,-9.292,-0.067,-3.644,3.64,3.64,0.91
,-9.308,-0.069,-3.398,-9.265,-0.117,-3.912,2.59,3.71,0.7
,-9.361,-0.148,-3.415,-9.186,-0.134,-3.955,2.17,3.43,0.42
,-9.359,-0.132,-3.498,-9.16,-0.141,-3.86,2.45,3.08,0.21
9238.0,-9.16,-0.194,-3.728,-9.256,-0.287,-3.295,5.39,1.26,0.63
,-9.246,-0.182,-3.561,-9.261,-0.321,-3.293,6.23,1.19,0.84
,-9.332,-0.12,-3.439,-9.273,-0.275,-3.317,6.23,0.98,0.77
,-9.335,-0.191,-3.381,-9.273,-0.266,-3.29,5.11,0.77,0.49
9314.0,-9.349,-0.273,-3.24,-9.366,-0.203,-3.525,3.29,1.82,0.77
,-9.349,-0.187,-3.142,-9.304,-0.275,-3.714,3.01,2.45,0.77
,-9.337,-0.263,-3.111,-9.172,-0.256,-3.845,1.75,2.52,0.49
,-9.395,-0.249,-3.24,-9.203,-0.263,-3.915,0.84,2.73,0.14
9389.0,-9.141,-0.27,-3.807,-9.351,-0.359,-3.293,3.08,1.47,0.35
,-9.256,-0.258,-3.855,-9.347,-0.292,-3.309,4.06,0.91,0.42
,-9.277,-0.263,-3.659,-9.373,-0.144,-3.398,4.9,0.77,0.77
,-9.308,-0.258,-3.472,-9.316,-0.201,-3.29,5.18,0.84,0.98
9465.0,-9.335,-0.244,-3.408,-9.342,-0.285,-3.384,5.18,0.7,1.12
,-9.225,-0.213,-3.431,-9.296,-0.256,-3.238,5.46,0.77,1.12
,-9.246,-0.156,-3.369,-9.328,-0.316,-3.202,5.39,0.98,1.12
,-9.347,-0.184,-3.374,-9.375,-0.316,-3.396,4.62,1.05,1.12
9541.0,-9.351,-0.306,-3.482,-9.296,-0.373,-3.348,2.8,1.47,0.91
,-9.313,-0.187,-3.63,-9.404,-0.266,-3.408,2.94,1.33,0.91
,-9.215,-0.223,-3.604,-9.378,-0.148,-3.403,2.8,1.12,0.84
,-9.263,-0.28,-3.518,-9.356,-0.093,-3.384,2.94,1.05,1.05
9617.0,-9.261,-0.16,-3.317,-9.308,-0.321,-3.4,1.96,1.12,-0.14
,-9.244,-0.302,-3.314,-9.265,-0.196,-3.408,1.33,1.54,0.0
,-9.241,-0.414,-3.285,-9.289,-0.215,-3.4,1.4,1.68,0.21
,-9.296,-0.455,-3.34,-9.268,-0.246,-3.376,2.03,2.17,0.49
9692.0,-9.359,-0.196,-3.419,-9.213,-0.383,-3.396,1.89,2.03,0.91
,-9.368,-0.184,-3.508,-9.239,-0.397,-3.345,1.26,2.03,0.91
,-9.287,-0.189,-3.515,-9.275,-0.371,-3.326,0.63,1.82,0.84
,-9.253,-0.285,-3.455,-9.363,-0.424,-3.252,0.07,1.75,0.98
9768.0,-9.385,-0.395,-3.137,-9.251,-0.328,-3.163,1.54,2.8,0.98
,-9.433,-0.294,-3.149,-9.287,-0.45,-3.154,0.84,2.87,0.21
,-9.328,-0.196,-3.13,-9.304,-0.529,-3.161,0.07,3.29,0.07
,-9.244,-0.168,-3.125,-9.284,-0.467,-3.242,-0.7,3.85,0.07
9843.0,-9.232,-0.316,-3.252,-9.33,-0.376,-3.247,3.29,5.88,2.45
,-9.217,-0.263,-3.202,-9.249,-0.325,-3.113,2.94,6.23,2.66
,-9.308,-0.337,-3.13,-9.39,-0.246,-3.221,2.24,6.72,2.87
,-9.38,-0.359,-3.305,-9.411,0.017,-3.611,1.89,7.14,2.87
9919.0,-9.215,0.232,-3.819,-9.155,-0.376,-3.735,-3.36,7.28,-0.7
,-9.124,0.156,-3.941,-9.134,-0.189,-3.64,-6.09,6.58,-0.84
,-9.1,-0.141,-4.034,-9.134,-0.175,-3.336,-7.07,6.37,-0.28
,-9.153,-0.409,-4.015,-9.263,-0.357,-2.828,-5.67,6.23,0.28
9995.0,-9.497,-0.421,-2.745,-8.995,0.067,-4.353,-4.83,7.84,1.05
,-9.55,-0.034,-3.113,-8.72,-0.254,-4.216,-5.46,8.4,0.28
,-9.354,0.342,-3.754,-8.811,-0.601,-3.86,-8.68,7.91,-0.63
,-9.337,0.206,-4.003,-9.088,-0.751,-3.288,-12.53,7.14,-1.26
10071.0,-9.229,-0.538,-3.065,-9.131,-0.213,-3.659,-5.18,8.12,0.35
,-9.452,-0.211,-3.156,-9.131,-0.534,-3.75,-3.15,8.68,0.7
,-9.418,0.019,-3.278,-8.995,-0.45,-3.85,-4.97,8.47,0.77
,-9.277,0.065,-3.606,-8.844,-0.462,-3.58,-8.05,8.33,1.19
10147.0,-8.921,-0.651,-2.936,-9.277,0.866,-3.68,-0.42,11.83,5.74
,-9.21,-0.622,-2.539,-9.165,0.67,-3.874,2.52,13.23,6.44
,-9.421,-0.098,-2.943,-9.177,0.086,-3.484,5.53,13.58,6.37
,-9.418,0.56,-3.577,-9.141,-0.103,-3.601,4.48,12.67,5.88
10222.0,-9.007,-0.184,-3.173,-8.82,0.335,-4.937,-2.17,16.87,6.51
,-9.019,-0.024,-3.465,-8.878,-0.457,-4.537,0.56,17.36,5.88
,-8.827,0.232,-4.176,-9.026,-1.039,-3.795,1.26,15.75,3.71
,-8.827,0.474,-4.841,-9.191,-0.682,-2.977,-1.19,13.44,2.45
10298.0,-9.107,0.294,-3.814,-9.174,-0.538,-3.984,14.84,15.75,6.37
,-9.119,0.802,-3.948,-9.016,-0.337,-4.36,12.74,15.61,5.81
,-8.923,0.754,-4.436,-8.614,0.163,-5.109,6.51,15.96,5.53
,-8.854,-0.045,-4.099,-8.39,0.328,-5.36,2.66,16.8,6.16
10374.0,-8.38,-0.17,-5.08,-9.263,2.058,-4.611,6.02,13.51,5.18
,-8.65,-0.483,-4.197,-9.222,2.058,-5.293,9.59,14.98,6.02
,-9.014,0.074,-3.8,-8.973,1.182,-5.303,16.94,15.19,6.16
,-9.194,1.175,-4.042,-8.674,0.256,-4.372,19.88,13.37,4.62
10450.0,-8.72,0.091,-4.226,-8.693,-1.201,-4.372,-2.03,10.43,-1.96
,-8.82,0.517,-4.803,-8.847,-1.67,-3.869,4.27,8.82,-3.5
,-8.804,0.541,-4.85,-8.871,-1.268,-3.989,3.92,8.05,-4.2
,-8.722,-0.208,-4.716,-8.993,-0.376,-4.034,0.28,8.96,-4.55
10525.0,-9.136,0.397,-4.475,-8.169,1.077,-4.944,21.07,10.36,1.96
,-8.918,0.682,-4.874,-8.67,1.18,-4.609,17.08,9.1,1.05
,-8.528,0.646,-5.011,-8.894,0.995,-3.972,11.9,9.38,1.47
,-8.327,0.637,-5.188,-9.112,0.479,-3.778,8.75,9.66,1.47
10601.0,-8.899,-0.804,-3.625,-8.995,-1.859,-4.355,-4.48,11.06,-6.51
,-8.622,-2.056,-3.676,-9.024,-0.948,-4.604,-5.74,13.16,-3.78
,-8.536,-2.852,-3.472,-8.624,0.179,-5.02,-0.49,15.68,0.84
,-8.914,-2.642,-3.848,-8.289,0.878,-5.047,10.29,16.17,4.9
10676.0,-8.265,1.187,-5.425,-8.536,-0.321,-4.58,19.88,12.53,7.21
,-8.574,1.141,-5.542,-8.77,-0.744,-4.494,12.25,11.48,5.39
,-8.696,0.804,-5.396,-8.887,-0.797,-4.661,5.81,11.83,3.92
,-8.476,0.244,-5.15,-8.782,-0.78,-4.939,2.59,13.65,2.87
10752.0,-8.677,-0.187,-5.092,-8.457,0.574,-5.31,13.09,13.02,5.39
,-8.382,0.242,-5.307,-8.629,0.692,-5.037,14.14,12.11,4.76
,-8.279,0.601,-5.365,-8.727,0.663,-4.949,13.51,11.83,4.2
,-8.33,0.73,-5.355,-8.911,0.507,-4.925,11.69,11.2,3.64
10828.0,-8.784,0.208,-5.087,-8.507,-0.845,-5.319,3.85,9.45,-3.29
,-8.366,0.275,-5.255,-8.552,-0.73,-5.518,4.2,9.52,-4.13
,-8.421,-0.074,-5.279,-8.533,-0.888,-5.544,3.78,8.4,-3.99
,-8.294,-0.505,-5.317,-8.581,-0.084,-5.76,1.75,8.47,-3.57
10904.0,-8.461,0.349,-5.918,-8.583,0.852,-5.336,17.22,5.32,-1.96
,-8.212,0.373,-5.757,-8.914,0.883,-4.937,13.79,5.18,-2.38
,-8.342,0.574,-5.504,-8.717,0.639,-5.281,9.73,5.04,-3.15
,-8.72,0.749,-5.315,-8.746,0.201,-5.027,6.65,3.92,-4.34
10979.0,-8.588,0.246,-5.059,-8.454,-0.156,-5.073,3.22,4.2,-7.77
,-8.413,0.38,-5.26,-8.39,-0.376,-5.116,3.78,3.5,-8.26
,-8.04,0.313,-5.444,-8.387,-0.861,-5.298,3.99,3.22,-7.98
,-8.327,-0.148,-5.066,-8.275,-1.175,-5.114,3.08,3.85,-7.63
11055.0,-8.464,-1.46,-4.901,-8.382,-0.323,-5.26,1.47,5.95,-4.83
,-8.502,-1.199,-4.915,-8.593,-0.61,-5.126,3.71,5.95,-4.34
,-8.44,-0.928,-5.071,-8.583,-0.682,-5.164,5.18,5.39,-4.2
,-8.559,-0.512,-5.195,-8.569,-0.833,-5.178,6.37,4.83,-3.92
11131.0,-8.457,-0.952,-5.229,-7.988,-1.0,-6.085,9.94,6.65,-2.52
,-8.33,-0.952,-5.621,-8.122,-1.053,-6.095,13.02,6.79,-1.75
,-8.478,-1.003,-5.664,-8.21,-1.311,-6.021,14.35,5.25,-1.05
,-8.282,-0.938,-5.846,-8.299,-1.761,-6.023,14.28,4.69,-0.42
11207.0,-8.428,-1.828,-5.839,-8.538,-0.864,-5.418,15.89,2.24,6.44
,-8.495,-1.498,-5.817,-8.574,-0.261,-5.291,17.78,2.17,7.84
,-8.416,-1.244,-5.879,-8.136,0.383,-5.477,18.69,2.24,8.68
,-8.303,-1.163,-5.717,-8.236,0.392,-5.312,19.6,2.73,9.59
11283.0,-8.378,0.321,-5.171,-8.507,0.45,-4.527,12.04,-0.91,8.68
,-8.562,-0.098,-4.915,-8.337,0.799,-4.606,10.36,-0.7,8.4
,-8.619,-0.012,-4.805,-8.339,0.682,-4.719,10.92,-0.49,7.84
,-8.593,0.261,-4.7,-8.564,0.771,-4.855,12.81,0.42,6.51
11358.0,-8.524,0.45,-4.956,-8.555,-1.204,-5.047,10.15,-0.35,-0.84
,-8.507,0.311,-5.106,-8.093,-1.565,-5.181,9.59,-0.35,-1.19
,-8.315,-0.081,-5.3,-7.983,-1.929,-5.106,9.03,0.14,-1.33
,-8.435,-0.747,-5.353,-8.27,-2.075,-5.212,8.47,1.19,-1.26
11434.0,-8.327,-1.907,-5.406,-8.595,-0.615,-5.707,12.67,1.54,5.53
,-8.258,-1.541,-5.511,-8.696,-0.426,-5.64,15.19,1.47,6.51
,-8.382,-1.07,-5.585,-8.646,-0.302,-5.633,16.94,0.35,7.42
,-8.37,-0.72,-5.717,-8.536,-0.431,-5.43,17.15,-0.98,7.7
11509.0,-8.464,-0.457,-5.15,-8.323,0.433,-5.415,10.57,0.49,6.37
,-8.368,-0.304,-5.183,-8.619,0.151,-5.135,10.85,1.05,6.37
,-8.516,0.337,-5.217,-8.567,-0.055,-5.123,11.97,0.7,5.67
,-8.313,0.689,-5.456,-8.38,0.108,-5.159,10.22,0.21,4.62
11585.0,-8.349,0.479,-5.238,-8.344,-0.768,-5.279,2.8,1.82,-0.7
,-8.421,0.194,-5.2,-8.409,-0.675,-5.425,0.28,2.24,-1.89
,-8.603,-0.136,-5.269,-8.361,-0.782,-5.532,-1.47,2.31,-2.24
,-8.531,-0.589,-5.169,-8.418,-1.036,-5.432,-2.31,2.24,-2.1
11661.0,-8.447,-1.206,-5.497,-8.339,-1.259,-5.324,-4.97,3.85,-1.05
,-8.399,-1.232,-5.418,-8.452,-1.491,-5.439,-4.9,3.92,-0.35
,-8.346,-0.864,-5.635,-8.603,-1.302,-5.413,-5.11,3.78,0.14
,-8.361,-0.864,-5.492,-8.519,-0.739,-5.566,-6.37,3.92,0.98
11737.0,-8.339,-0.103,-5.559,-8.717,-0.165,-5.104,-6.51,3.29,6.02
,-8.397,0.196,-5.453,-8.648,0.007,-5.166,-8.26,1.68,5.74
,-8.311,0.244,-5.379,-8.516,0.22,-5.288,-12.11,0.98,5.18
,-8.452,-0.151,-5.166,-8.473,0.304,-5.331,-15.26,0.49,5.25
11812.0,-8.404,0.263,-5.552,-8.691,-0.586,-5.147,-14.56,0.35,3.71
,-8.502,-0.01,-5.334,-8.648,-0.455,-5.37,-14.49,1.12,3.85
,-8.593,-0.239,-5.319,-8.461,-0.517,-5.42,-13.58,1.4,4.62
,-8.524,-0.337,-5.386,-8.332,-0.333,-5.575,-12.74,1.61,5.04
11888.0,-8.385,-0.148,-5.633,-8.583,-0.266,-5.386,-6.37,-0.35,4.41
,-8.435,-0.357,-5.528,-8.416,-0.225,-5.48,-6.79,-0.49,3.99
,-8.555,-0.402,-5.382,-8.404,0.007,-5.698,-7.49,-0.14,3.78
,-8.495,-0.464,-5.312,-8.323,-0.148,-5.377,-6.44,0.0,3.85
11963.0,-8.351,-0.179,-5.398,-8.583,-0.278,-5.284,-6.58,-1.33,3.78
,-8.423,-0.182,-5.418,-8.61,-0.603,-4.96,-5.18,-1.05,3.85
,-8.512,-0.16,-5.336,-8.76,-0.436,-5.183,-3.29,-0.98,4.06
,-8.473,0.002,-5.353,-8.098,-0.263,-5.307,-1.47,-0.14,4.41
12039.0,-7.691,-0.22,-5.195,-8.6,0.074,-5.193,2.38,-1.26,3.5
,-8.074,-0.34,-5.123,-8.277,0.012,-5.066,2.1,-1.12,4.27
,-8.727,-0.141,-5.346,-8.162,-0.16,-5.039,4.41,-2.52,3.99
,-8.851,0.089,-5.358,-8.44,-0.242,-4.98,5.6,-2.8,3.57
12115.0,-8.811,-0.12,-4.927,-8.275,0.254,-4.977,6.44,-0.77,3.71
,-8.801,0.342,-5.181,-8.38,0.045,-5.054,7.28,-2.87,3.15
,-8.5,0.579,-5.085,-8.579,0.019,-5.063,5.46,-3.08,2.87
,-8.258,0.479,-5.039,-8.61,-0.067,-5.102,2.66,-2.52,2.52
12191.0,-8.406,0.206,-5.233,-8.512,0.168,-5.408,0.49,-3.99,-0.84
,-8.313,0.378,-5.075,-8.416,0.211,-5.339,0.07,-3.43,-0.63
,-8.449,-0.048,-4.932,-8.746,0.034,-5.221,2.17,-2.94,-0.7
,-8.514,0.022,-5.382,-8.832,0.012,-5.236,4.06,-3.01,-0.28
12267.0,-8.387,0.065,-5.398,-8.504,-0.459,-5.753,-0.56,-3.36,0.56
,-8.275,-0.309,-5.494,-8.603,-0.275,-5.717,-1.82,-3.22,1.26
,-8.404,-0.67,-5.441,-8.543,-0.139,-5.561,-2.31,-4.13,1.26
,-8.404,-0.694,-5.53,-8.557,-0.235,-5.482,-0.49,-5.11,1.61
12342.0,-8.452,-0.287,-5.406,-8.868,0.089,-5.109,1.12,-7.98,4.41
,-8.404,-0.112,-5.384,-8.701,0.273,-5.181,0.84,-8.75,4.69
,-8.399,0.038,-5.377,-8.528,0.342,-5.037,0.56,-9.38,5.18
,-8.571,0.117,-5.291,-8.437,0.335,-5.097,0.63,-9.52,5.53
12418.0,-8.473,0.359,-5.075,-8.763,0.94,-4.98,-0.49,-10.78,4.27
,-8.619,0.421,-4.958,-8.636,0.924,-4.834,1.75,-10.5,4.27
,-8.662,0.675,-4.891,-8.655,0.579,-4.616,4.69,-10.01,3.92
,-8.741,0.759,-4.901,-8.813,0.383,-4.448,5.67,-10.22,3.15
12494.0,-8.787,0.223,-4.453,-8.519,0.299,-4.29,-4.76,-11.41,-2.1
,-8.717,0.373,-4.317,-8.55,0.141,-4.221,-3.64,-11.76,-2.73
,-8.878,0.306,-4.475,-8.648,-0.017,-4.178,-4.76,-12.81,-3.99
,-8.715,0.359,-4.738,-8.739,-0.127,-4.164,-7.77,-14.07,-5.81
12570.0,-8.832,-0.225,-4.08,-8.902,-0.244,-4.551,-5.32,-11.2,-5.32
,-8.921,-0.459,-4.049,-8.768,0.093,-4.908,-4.69,-10.15,-4.13
,-8.854,-0.727,-3.97,-8.815,0.203,-5.042,-2.94,-8.82,-2.52
,-8.878,-0.651,-3.984,-8.741,0.232,-5.102,1.12,-7.91,-0.77
12645.0,-8.782,0.266,-4.982,-8.863,-0.187,-4.281,3.92,-9.31,2.17
,-8.643,0.261,-4.944,-8.839,-0.409,-3.735,4.06,-9.73,1.96
,-8.799,0.258,-4.616,-9.045,-0.172,-4.116,3.92,-10.15,1.75
,-8.916,0.16,-4.714,-8.971,0.163,-4.137,2.52,-10.64,0.98
12721.0,-8.851,0.589,-4.401,-9.055,0.062,-3.826,5.32,-12.32,0.28
,-8.76,0.55,-4.463,-8.873,0.335,-4.001,2.1,-13.02,-0.28
,-8.904,0.436,-4.346,-8.99,0.548,-4.003,0.21,-13.23,-0.28
,-9.028,0.158,-3.912,-8.854,0.541,-4.212,0.35,-12.74,-0.49
12796.0,-8.873,0.333,-4.111,-9.196,-0.187,-3.168,-1.54,-13.58,-4.2
,-8.957,-0.017,-4.118,-9.217,-0.026,-2.943,-1.12,-13.16,-3.99
,-8.973,-0.208,-3.652,-9.139,0.354,-3.582,0.7,-12.53,-3.92
,-9.072,-0.206,-3.556,-9.076,0.428,-3.783,3.01,-11.76,-3.71
12872.0,-9.074,0.321,-3.946,-8.973,-0.337,-3.611,-0.56,-9.52,-6.16
,-9.069,0.124,-4.018,-8.997,-0.4,-3.553,-1.75,-9.24,-6.72
,-8.966,0.086,-4.042,-8.995,-0.385,-3.108,-1.26,-8.96,-6.72
,-8.981,-0.146,-3.869,-9.263,-0.311,-2.96,-1.47,-8.61,-6.37
12948.0,-9.402,-0.39,-2.876,-9.143,-0.553,-3.915,3.85,-5.18,-3.43
,-9.342,-0.433,-2.934,-9.0,-0.421,-4.087,2.17,-4.27,-3.22
,-9.301,-0.471,-3.355,-8.928,-0.129,-4.123,0.28,-3.64,-3.15
,-9.153,-0.57,-3.419,-9.112,0.136,-4.125,-0.91,-2.8,-2.45
13024.0,-9.201,0.321,-4.379,-9.249,-0.306,-3.494,6.16,-3.5,-1.05
,-9.062,0.364,-4.133,-9.383,-0.242,-3.379,5.04,-3.92,-1.26
,-9.083,0.184,-3.996,-9.371,0.077,-3.85,3.43,-4.41,-1.4
,-9.206,-0.172,-3.668,-9.222,0.177,-3.927,3.01,-4.48,-1.54
13100.0,-9.134,0.211,-4.075,-9.091,-0.773,-3.666,1.89,-5.25,-3.22
,-9.062,0.105,-4.386,-9.239,-0.735,-3.527,-0.56,-5.81,-4.41
,-8.696,-0.036,-4.489,-9.273,-0.361,-3.204,-2.1,-6.51,-4.41
,-8.897,-0.342,-4.001,-9.368,-0.141,-2.934,-2.03,-6.65,-3.36
13175.0,-9.459,-0.105,-2.929,-9.378,-0.385,-2.635,6.51,-5.11,-0.49
,-9.296,-0.254,-2.745,-9.428,-0.156,-3.125,5.18,-3.85,-0.35
,-9.256,-0.392,-2.654,-9.194,-0.034,-3.214,4.13,-2.52,0.07
,-9.313,-0.529,-2.501,-9.249,-0.127,-3.357,4.13,-1.26,0.28
13251.0,-9.239,-0.309,-3.51,-9.392,-0.184,-3.563,0.56,2.24,-0.98
,-9.115,-0.306,-3.465,-9.289,0.057,-3.891,1.33,2.31,-0.7
,-9.17,-0.287,-3.532,-9.122,-0.041,-3.877,2.03,2.66,-0.21
,-9.244,-0.33,-3.441,-9.143,-0.223,-3.953,2.66,2.94,-0.14
13327.0,-9.306,-0.285,-4.288,-9.155,-0.345,-3.989,0.07,1.4,-1.19
,-9.093,-0.194,-4.379,-9.217,-0.206,-3.955,1.54,0.7,-1.33
,-9.038,-0.27,-4.202,-9.17,-0.242,-3.745,1.96,0.14,-0.98
,-9.103,-0.364,-3.929,-9.189,-0.491,-3.436,2.8,-0.42,-0.56
13403.0,-9.213,-0.73,-3.183,-9.466,-0.134,-3.264,3.29,-0.91,1.12
,-9.265,-0.735,-2.895,-9.249,0.129,-3.494,4.55,0.0,1.75
,-9.311,-0.677,-2.556,-9.11,0.019,-3.735,5.25,0.98,2.45
,-9.502,-0.455,-2.821,-9.072,-0.098,-3.896,5.88,1.96,2.45
13478.0,-9.16,-0.081,-3.963,-9.227,-0.493,-3.317,0.84,1.96,1.4
,-9.21,0.01,-4.049,-9.311,-0.445,-3.154,1.96,1.4,1.4
,-9.179,-0.041,-3.903,-9.354,-0.275,-3.25,1.47,0.98,1.4
,-9.098,-0.282,-3.594,-9.299,-0.211,-3.288,0.7,0.84,1.47
13554.0,-9.263,-0.199,-3.436,-9.313,-0.148,-3.855,1.05,2.52,1.19
,-9.179,-0.235,-3.587,-9.225,0.168,-3.869,0.7,2.66,1.05
,-9.139,-0.34,-3.632,-9.196,0.263,-3.908,0.84,3.08,1.4
,-9.251,-0.357,-3.606,-9.141,0.206,-3.939,2.17,3.29,1.89
13629.0,-9.107,0.005,-3.788,-9.289,-0.098,-3.427,0.14,1.82,0.56
,-9.201,-0.184,-3.692,-9.296,-0.089,-3.53,0.0,1.82,0.7
,-9.208,-0.357,-3.498,-9.194,-0.22,-3.503,0.56,2.03,0.91
,-9.253,-0.321,-3.429,-9.174,-0.299,-3.606,1.4,2.17,0.91
13705.0,-9.196,-0.306,-3.668,-9.234,-0.16,-3.68,0.7,2.73,0.56
,-9.158,-0.313,-3.613,-9.134,-0.132,-3.618,1.47,2.94,0.77
,-9.217,-0.302,-3.616,-9.22,-0.151,-3.738,1.47,3.01,0.63
,-9.256,-0.249,-3.683,-9.206,-0.203,-3.704,2.17,2.94,0.77
13781.0,-9.222,-0.065,-3.838,-9.182,-0.342,-3.599,1.54,2.31,0.63
,-9.232,0.029,-3.975,-9.299,-0.239,-3.467,0.98,2.03,0.35
,-9.127,-0.057,-3.9,-9.289,-0.132,-3.582,0.0,1.75,0.28
,-9.124,-0.215,-3.745,-9.21,-0.203,-3.357,-0.28,1.82,0.49
13857.0,-9.22,-0.34,-3.314,-9.296,-0.232,-3.642,0.63,2.73,0.63
,-9.217,-0.383,-3.451,-9.273,-0.177,-3.609,1.47,3.22,0.7
,-9.201,-0.287,-3.539,-9.172,-0.022,-3.841,2.31,3.22,0.77
,-9.256,-0.199,-3.589,-9.146,0.048,-3.987,2.24,3.43,0.98
13932.0,-9.115,0.022,-4.073,-9.179,-0.16,-3.896,0.84,2.66,0.21
,-9.112,-0.01,-4.104,-9.155,-0.11,-3.862,1.12,2.38,0.14
,-9.127,-0.014,-4.106,-9.215,-0.026,-3.888,1.82,2.03,0.21
,-9.136,-0.072,-3.975,-9.17,-0.096,-3.869,2.24,1.82,0.49
14008.0,-9.136,-0.191,-3.762,-9.28,-0.304,-3.448,2.52,0.63,0.42
,-9.131,-0.304,-3.68,-9.256,-0.29,-3.506,2.94,0.63,0.49
,-9.206,-0.299,-3.597,-9.232,-0.134,-3.592,3.5,0.77,0.56
,-9.22,-0.273,-3.623,-9.184,-0.093,-3.687,3.5,0.84,0.56
14084.0,-9.117,-0.177,-3.594,-9.229,-0.077,-3.716,2.52,1.61,0.7
,-9.16,-0.29,-3.53,-9.179,-0.086,-3.783,2.66,2.03,0.98
,-9.16,-0.309,-3.491,-9.105,-0.223,-3.723,3.85,2.24,1.19
,-9.246,-0.263,-3.556,-9.129,-0.364,-3.695,4.83,2.24,1.12
14160.0,-9.134,-0.385,-3.592,-9.273,-0.246,-3.563,5.53,2.38,1.4
,-9.213,-0.235,-3.542,-9.289,-0.258,-3.553,6.37,2.45,1.54
,-9.258,-0.232,-3.64,-9.15,-0.165,-3.475,6.37,2.52,1.4
,-9.237,-0.172,-3.551,-9.215,-0.172,-3.408,5.74,2.73,1.47
14236.0,-9.179,-0.215,-3.288,-9.064,-0.124,-3.912,0.77,4.2,-0.42
,-9.222,-0.273,-3.443,-9.038,-0.335,-4.022,0.14,4.62,-0.56
,-9.241,-0.163,-3.678,-9.038,-0.512,-4.142,-0.42,4.76,-0.98
,-9.119,-0.01,-3.872,-9.067,-0.534,-4.027,-1.05,4.62,-1.19
14311.0,-9.134,-0.579,-3.92,-9.045,-0.005,-3.745,1.61,3.71,0.42
,-9.182,-0.294,-3.908,-9.184,-0.165,-3.489,2.66,3.5,0.28
,-9.229,0.026,-4.022,-9.239,-0.392,-3.24,1.89,3.01,-0.21
,-9.15,0.072,-3.994,-9.342,-0.541,-2.919,-0.63,2.66,-1.4
14387.0,-9.311,-0.165,-3.049,-9.251,-0.342,-3.632,-6.65,4.48,-4.2
,-9.172,0.208,-3.266,-9.055,-0.213,-3.884,-8.26,4.97,-4.55
,-9.139,0.103,-3.419,-9.028,-0.048,-4.027,-10.36,5.74,-3.64
,-9.284,-0.287,-3.472,-8.976,-0.16,-4.001,-11.2,5.95,-2.45
14462.0,-9.048,-0.278,-3.877,-9.177,0.0,-4.054,-5.53,6.79,1.61
,-9.184,-0.223,-3.845,-9.043,-0.148,-4.367,-4.34,6.86,1.96
,-9.229,-0.057,-3.833,-9.0,-0.196,-4.535,-4.13,6.65,1.96
,-9.158,0.045,-3.805,-8.942,-0.474,-4.604,-5.6,6.23,1.54
14538.0,-8.878,-0.687,-4.453,-9.055,-0.249,-4.255,-3.71,4.69,2.59
,-8.959,-0.816,-4.372,-9.072,-0.27,-4.037,0.49,4.97,3.64
,-9.093,-0.792,-4.125,-9.184,-0.098,-3.944,4.27,4.62,4.27
,-9.103,-0.534,-4.197,-9.153,0.093,-3.967,6.86,4.41,4.9
14614.0,-9.129,0.175,-3.848,-9.079,-0.019,-4.14,7.14,4.41,6.65
,-9.038,0.213,-4.164,-9.064,0.065,-3.924,5.53,3.78,6.09
,-8.942,0.115,-4.008,-9.095,0.165,-3.951,4.34,3.43,6.09
,-8.993,0.0,-4.001,-9.124,-0.069,-3.802,3.5,3.15,6.02
14690.0,-9.179,-0.144,-3.659,-8.969,0.639,-4.109,0.28,3.71,3.92
,-9.105,0.129,-3.644,-8.885,-0.278,-4.013,1.68,4.06,3.5
,-9.139,0.589,-3.984,-8.868,-0.952,-3.252,2.59,3.43,2.31
,-9.038,0.95,-4.207,-9.158,-0.644,-3.465,0.35,2.94,1.12
14765.0,-9.196,-0.045,-3.649,-9.222,0.031,-2.431,9.52,5.67,2.59
,-9.263,0.402,-3.8,-9.184,0.893,-3.147,8.89,6.02,2.59
,-9.184,0.184,-3.676,-9.162,1.634,-3.955,5.67,7.21,2.73
,-9.11,-0.208,-2.838,-8.94,1.431,-4.429,5.53,9.38,3.71
14841.0,-8.739,0.33,-4.032,-9.351,0.182,-4.922,-11.97,9.59,-3.43
,-8.837,-0.759,-3.211,-9.055,-0.261,-5.104,-11.34,11.2,-2.66
,-8.849,-0.847,-3.62,-8.595,-1.223,-4.707,-5.11,11.06,-2.8
,-9.076,-0.282,-4.149,-8.612,-1.613,-4.137,-1.12,9.52,-3.01
14917.0,-8.827,-1.254,-4.259,-8.796,-0.653,-4.59,8.12,9.03,3.5
,-8.835,-0.541,-4.946,-8.789,-0.613,-3.979,11.83,7.14,3.43
,-8.983,0.031,-5.784,-8.978,-0.062,-3.967,9.38,5.25,3.29
,-8.744,-0.105,-5.214,-9.11,0.632,-4.223,5.39,5.18,3.43
14993.0,-9.155,0.823,-4.439,-9.081,-0.081,-2.816,8.61,6.23,4.48
,-8.902,0.414,-4.25,-9.263,0.538,-3.453,3.85,7.42,4.41
,-8.792,-0.285,-3.766,-9.328,1.096,-3.721,2.94,9.73,5.11
,-8.914,-0.579,-3.144,-9.002,1.129,-4.372,6.79,11.69,6.23
15069.0,-8.478,0.804,-4.295,-9.06,1.881,-4.432,1.54,10.43,0.98
,-8.514,0.756,-4.185,-8.835,1.22,-4.439,2.73,12.18,0.77
,-8.804,1.015,-4.056,-8.665,-0.23,-4.439,5.32,12.18,-1.05
,-9.062,1.589,-4.185,-8.725,-1.519,-4.001,5.67,10.99,-3.57
15144.0,-8.99,-2.146,-4.092,-8.495,-0.847,-4.86,-5.67,13.72,-2.66
,-8.995,-2.237,-4.465,-8.571,0.093,-5.083,2.31,13.16,-0.56
,-8.921,-1.89,-4.678,-8.562,0.981,-5.193,8.47,12.46,1.4
,-8.662,-1.467,-4.886,-8.806,1.424,-5.219,13.3,12.53,3.64
15220.0,-8.727,1.553,-5.284,-9.304,-1.479,-3.546,8.68,9.45,0.07
,-8.461,1.184,-4.958,-9.675,-1.318,-4.207,2.1,9.66,-2.17
,-8.189,0.007,-4.456,-9.363,-0.902,-4.678,-3.29,12.11,-2.24
,-8.509,-1.146,-3.551,-8.598,-0.651,-5.001,-2.31,14.7,-0.49
15295.0,-8.2,-0.495,-4.929,-8.49,1.819,-5.633,17.78,14.49,8.54
,-8.15,0.077,-5.037,-8.614,1.395,-5.197,20.37,14.63,8.19
,-8.406,0.905,-5.36,-8.665,0.651,-4.791,22.05,12.74,6.16
,-8.543,1.651,-5.609,-8.665,-0.057,-4.465,18.83,10.57,3.36
15371.0,-8.686,-0.517,-4.621,-8.567,0.12,-4.972,-4.9,10.78,-3.29
,-8.894,-0.512,-4.783,-8.77,-0.548,-4.776,-0.42,9.24,-3.57
,-8.818,-0.313,-4.977,-8.299,-0.323,-4.8,4.83,8.82,-3.64
,-8.725,0.089,-4.963,-8.402,-0.024,-5.142,7.91,10.01,-3.71
15447.0,-8.813,-0.833,-5.465,-8.586,-0.409,-5.023,4.9,10.29,-4.48
,-8.519,-0.486,-4.86,-8.727,-0.074,-5.212,3.29,10.5,-3.71
,-8.586,-0.773,-4.446,-8.636,0.146,-5.193,5.74,10.57,-3.43
,-8.442,-0.342,-4.87,-8.385,0.089,-5.403,8.19,9.94,-3.5
15523.0,-8.174,0.122,-5.523,-8.37,-1.747,-5.619,7.35,7.84,-4.83
,-8.332,-0.325,-5.506,-8.476,-2.111,-5.556,6.02,6.58,-4.41
,-8.514,-0.687,-5.762,-8.631,-2.319,-5.549,6.3,5.46,-3.92
,-8.27,-1.359,-5.671,-8.416,-2.077,-5.281,4.97,5.88,-2.73
15598.0,-8.49,-1.216,-5.267,-8.325,0.177,-5.559,15.54,5.67,5.6
,-8.495,-0.57,-5.334,-8.318,0.067,-5.602,15.4,4.62,5.95
,-8.291,-0.079,-5.583,-8.222,-0.074,-5.336,12.95,2.87,5.95
,-8.315,0.108,-5.552,-8.471,0.093,-5.214,8.82,1.68,6.02
15674.0,-8.619,0.258,-5.061,-8.825,0.048,-4.75,7.98,3.92,5.67
,-8.835,0.424,-5.08,-8.471,0.316,-5.075,9.52,2.87,4.69
,-8.813,0.244,-5.03,-8.282,0.486,-5.157,9.17,2.66,4.13
,-8.648,0.311,-4.949,-8.445,0.651,-5.169,8.05,2.87,3.85
15750.0,-8.447,0.826,-5.327,-8.404,-0.983,-5.164,7.07,2.38,-1.33
,-8.416,0.536,-5.2,-8.547,-1.022,-5.25,4.34,2.59,-2.31
,-8.275,0.043,-5.193,-8.861,-0.821,-5.185,2.17,3.43,-1.96
,-8.342,-0.622,-5.109,-8.964,-0.641,-5.171,0.63,3.71,-1.33
15826.0,-8.753,-0.445,-5.126,-8.267,0.352,-5.714,14.21,4.41,1.05
,-8.416,-0.132,-5.178,-8.526,0.27,-5.671,13.02,3.08,0.49
,-8.16,0.148,-5.319,-8.445,0.062,-5.602,11.48,2.52,-0.14
,-7.983,0.455,-5.623,-8.524,-0.294,-5.42,10.15,2.31,-0.91
15902.0,-8.66,-0.562,-5.317,-8.421,-0.313,-5.346,7.0,3.64,-3.08
,-8.543,-0.593,-5.25,-8.368,-0.45,-5.37,9.17,3.64,-2.1
,-8.339,-0.51,-5.351,-8.308,-0.495,-5.532,10.85,3.78,-1.54
,-8.418,-0.426,-5.415,-8.586,-0.359,-5.736,11.2,4.13,-0.7
15977.0,-8.593,-0.129,-5.678,-8.291,-1.467,-5.004,13.02,1.82,-2.94
,-8.445,-0.318,-5.461,-8.394,-1.586,-5.051,10.43,1.4,-2.8
,-8.179,-0.909,-5.291,-8.354,-1.572,-5.097,6.37,0.28,-2.66
,-8.203,-1.376,-5.044,-8.363,-1.376,-5.068,5.11,0.21,-2.03
16053.0,-8.323,-0.976,-5.097,-8.646,0.218,-5.386,10.43,1.26,4.41
,-8.236,-0.447,-5.245,-8.586,-0.002,-5.487,10.36,1.26,4.9
,-8.43,-0.036,-5.229,-8.385,-0.503,-5.343,9.73,1.12,4.9
,-8.629,0.27,-5.245,-8.289,-0.866,-5.229,8.4,1.05,4.48
16128.0,-8.428,-0.859,-5.274,-8.325,-0.464,-5.398,5.88,2.1,4.62
,-8.495,-1.029,-5.092,-8.411,-0.625,-5.401,5.6,1.96,5.04
,-8.344,-0.957,-5.059,-8.421,-0.943,-5.281,4.83,1.33,5.04
,-8.186,-0.622,-5.291,-8.327,-1.235,-5.095,4.9,1.05,4.76
16204.0,-8.289,-1.089,-5.109,-8.536,0.373,-5.394,6.3,2.52,6.79
,-8.299,-0.682,-5.238,-8.626,0.196,-5.329,7.7,2.8,7.0
,-8.354,-0.22,-5.26,-8.617,0.199,-5.312,7.91,2.87,7.0
,-8.43,0.215,-5.322,-8.485,-0.081,-5.346,7.21,2.87,6.02
16280.0,-8.157,-0.342,-5.343,-8.571,-0.342,-5.561,0.0,3.78,2.31
,-8.038,-0.567,-5.365,-8.528,-0.194,-5.609,-0.28,4.41,2.59
,-8.356,-0.543,-5.623,-8.476,0.002,-5.487,-0.91,4.55,2.94
,-8.593,-0.646,-5.568,-8.516,-0.017,-5.346,-1.82,4.76,3.36
16356.0,-8.497,0.148,-5.547,-8.222,-0.704,-5.372,-8.19,2.24,3.15
,-8.536,0.093,-5.535,-8.449,-0.464,-5.506,-9.59,2.03,3.15
,-8.428,-0.134,-5.408,-8.612,-0.235,-5.652,-11.97,1.96,3.78
,-8.244,-0.505,-5.458,-8.636,-0.476,-5.585,-14.21,2.03,4.41
16431.0,-8.605,-0.443,-5.468,-8.483,-0.191,-5.307,-8.47,1.89,6.44
,-8.478,-0.11,-5.513,-8.76,-0.378,-5.473,-7.49,1.68,6.79
,-8.076,0.103,-5.666,-8.674,-0.373,-5.614,-7.28,1.96,6.93
,-8.279,0.086,-5.317,-8.504,-0.385,-5.765,-7.7,2.8,6.79
16507.0,-8.399,-0.383,-5.839,-8.521,-0.536,-5.64,-6.23,-0.14,6.58
,-8.165,-0.457,-5.628,-8.502,-0.493,-5.532,-5.88,-1.12,6.37
,-8.083,-0.725,-5.52,-8.464,-0.4,-6.052,-5.6,-0.98,6.58
,-8.327,-0.761,-5.487,-8.583,-0.206,-5.477,-4.41,-0.98,6.93
16583.0,-8.567,-0.285,-5.401,-8.466,0.479,-5.568,-0.7,-1.26,8.05
,-8.215,-0.414,-5.183,-8.464,0.256,-5.243,-1.54,-2.31,8.05
,-8.191,0.124,-5.578,-8.528,0.29,-5.042,0.07,-3.15,8.4
,-8.361,0.395,-5.635,-8.349,0.433,-4.922,0.42,-4.06,7.56
16659.0,-8.296,0.574,-5.205,-8.351,0.139,-5.099,-0.56,-3.85,4.2
,-8.397,0.514,-5.245,-8.289,0.069,-5.03,-1.05,-3.78,4.34
,-8.425,0.38,-5.386,-8.473,-0.141,-4.886,0.14,-3.5,3.78
,-8.488,0.361,-5.418,-8.772,-0.29,-4.901,1.54,-2.73,3.64
16734.0,-8.691,-0.175,-5.128,-8.54,0.215,-4.944,3.36,-4.76,3.43
,-8.327,0.01,-5.126,-8.681,0.352,-5.001,1.68,-4.9,3.43
,-8.129,-0.005,-5.066,-8.536,0.531,-5.075,0.77,-4.2,3.36
,-8.294,0.081,-4.975,-8.351,0.57,-5.02,1.96,-3.71,2.66
16810.0,-8.404,0.656,-4.903,-8.531,0.739,-5.121,-3.29,-3.36,1.68
,-8.603,0.593,-5.274,-8.588,0.464,-5.011,2.8,-2.73,1.12
,-8.516,0.725,-5.449,-8.509,0.428,-5.066,6.02,-2.87,0.56
,-8.614,0.897,-5.346,-8.49,0.335,-5.083,5.25,-3.01,0.49
16886.0,-8.607,0.254,-5.229,-8.524,0.034,-5.305,-3.22,-3.15,-2.1
,-8.567,0.215,-5.284,-8.526,-0.005,-5.336,-3.01,-3.5,-2.31
,-8.464,0.187,-5.461,-8.658,0.213,-5.379,-3.43,-4.13,-2.31
,-8.559,0.136,-5.298,-8.495,0.268,-5.307,-4.69,-4.76,-2.45
16961.0,-8.433,0.337,-5.121,-8.61,0.014,-4.975,-3.71,-6.65,-2.73
,-8.351,0.223,-5.001,-8.457,0.144,-4.872,-4.13,-6.37,-2.38
,-8.595,0.036,-4.984,-8.593,0.062,-5.042,-4.55,-6.02,-2.1
,-8.741,-0.06,-4.841,-8.502,0.098,-5.09,-3.92,-5.95,-1.75
17037.0,-8.634,-0.139,-5.013,-8.614,0.33,-5.207,-1.33,-5.18,0.63
,-8.665,-0.38,-4.91,-8.562,0.383,-5.255,-0.7,-4.83,1.33
,-8.547,-0.199,-4.949,-8.6,0.151,-5.157,1.4,-4.83,1.61
,-8.552,0.067,-4.846,-8.598,-0.227,-5.276,3.64,-5.25,2.31
17113.0,-8.507,-0.57,-4.944,-8.868,-0.053,-4.738,-1.61,-7.49,1.75
,-8.555,-0.601,-4.748,-8.543,0.038,-4.743,1.4,-7.21,2.45
,-8.708,-0.467,-4.633,-8.715,0.005,-4.499,4.2,-7.7,3.01
,-8.794,-0.256,-4.597,-8.83,0.096,-4.444,6.09,-8.19,3.71
17189.0,-8.6,0.641,-4.592,-8.949,0.67,-4.544,8.89,-7.28,6.3
,-8.533,0.826,-4.532,-8.82,0.565,-4.365,7.98,-7.42,5.95
,-8.583,0.802,-4.558,-8.866,0.493,-4.369,4.76,-8.12,4.83
,-8.753,0.701,-4.47,-8.772,0.349,-4.243,2.03,-8.68,4.06
17264.0,-8.866,0.304,-4.204,-8.827,0.177,-4.707,-0.63,-7.07,1.33
,-8.727,0.254,-4.073,-8.849,0.127,-4.434,-1.68,-7.0,0.77
,-8.768,0.069,-4.166,-8.863,0.079,-4.491,-2.59,-7.21,0.42
,-8.823,0.05,-4.628,-8.89,0.33,-4.491,-3.29,-7.42,0.14
17340.0,-8.753,0.675,-4.396,-8.806,0.278,-4.537,0.84,-7.42,-0.63
,-8.875,0.811,-4.671,-8.614,0.179,-4.669,-2.24,-7.84,-2.03
,-8.808,0.627,-4.597,-8.6,0.144,-4.661,-5.95,-8.12,-2.73
,-8.815,0.347,-4.374,-8.811,-0.105,-4.013,-6.93,-8.05,-2.31
17416.0,-9.009,-0.17,-3.953,-8.617,0.246,-4.389,-1.89,-8.26,-2.17
,-8.985,0.17,-4.034,-8.899,0.031,-4.185,0.84,-7.91,-2.45
,-8.885,0.534,-4.267,-9.026,0.227,-3.862,0.28,-7.91,-2.59
,-8.78,0.505,-4.707,-9.153,0.735,-3.754,-2.87,-8.33,-3.15
17492.0,-9.105,1.216,-4.305,-9.005,-0.213,-3.472,0.77,-7.77,-4.06
,-8.882,1.077,-4.444,-9.17,0.144,-3.34,-5.04,-8.26,-5.88
,-8.792,0.491,-4.082,-9.203,0.505,-3.506,-9.24,-7.84,-6.16
,-8.892,-0.034,-3.891,-9.081,0.799,-3.893,-8.47,-7.07,-5.95
17567.0,-8.949,0.713,-4.511,-8.978,-0.278,-4.027,-4.76,-5.6,-7.0
,-8.751,0.33,-4.46,-9.091,-0.096,-3.999,-6.51,-5.67,-7.21
,-8.77,-0.029,-4.362,-9.139,0.019,-4.03,-5.53,-5.6,-6.86
,-8.899,-0.34,-4.367,-9.038,-0.05,-3.671,-1.54,-5.39,-6.37
17643.0,-9.153,-0.077,-3.975,-8.839,0.232,-4.86,6.72,-4.27,-3.57
,-9.086,0.007,-4.219,-8.856,0.129,-4.599,7.07,-4.34,-3.99
,-8.921,0.17,-4.35,-9.093,0.156,-4.748,7.14,-4.76,-4.13
,-8.947,0.347,-4.92,-9.081,0.297,-4.743,7.07,-5.46,-4.41
17718.0,-9.026,0.462,-4.614,-9.009,-0.081,-4.032,9.66,-9.03,-3.78
,-9.139,0.51,-4.829,-9.177,-0.23,-3.735,8.96,-9.87,-4.06
,-9.009,0.349,-4.611,-9.22,-0.084,-4.013,7.7,-10.64,-4.48
,-8.878,0.156,-4.386,-9.177,0.043,-3.743,7.07,-10.92,-4.27
17794.0,-8.976,-0.108,-3.384,-9.423,-0.445,-1.984,8.05,-10.29,-3.01
,-8.997,-0.486,-2.893,-9.416,-0.445,-1.874,7.14,-9.52,-2.66
,-9.124,-0.601,-2.52,-9.421,-0.421,-2.118,7.35,-8.05,-2.1
,-9.282,-0.5,-2.154,-9.454,-0.304,-2.723,7.7,-6.23,-1.33
17870.0,-9.284,-0.263,-3.309,-9.083,0.342,-4.446,-0.07,1.96,-2.17
,-8.99,-0.172,-3.453,-9.15,0.433,-4.628,0.0,2.87,-1.61
,-8.995,-0.079,-3.853,-9.208,0.34,-5.006,0.98,3.08,-1.26
,-9.069,0.153,-4.326,-9.028,0.462,-5.358,2.52,2.73,-1.4
17946.0,-8.823,0.175,-5.162,-9.234,0.05,-4.233,0.35,-3.43,-3.43
,-8.875,-0.053,-4.913,-9.119,-0.211,-3.699,1.47,-4.48,-2.8
,-9.098,-0.218,-4.671,-9.124,-0.364,-3.264,4.13,-5.53,-2.59
,-9.198,0.029,-4.587,-9.189,-0.412,-2.9,5.95,-6.51,-2.73
18022.0,-9.258,-0.282,-2.74,-9.162,-0.648,-2.553,5.46,-5.6,-1.26
,-9.344,-0.302,-2.529,-9.172,-0.739,-2.388,4.2,-4.55,-1.26
,-9.399,-0.342,-2.575,-9.33,-0.782,-2.446,2.87,-3.36,-1.19
,-9.299,-0.471,-2.563,-9.347,-0.536,-2.347,1.61,-2.03,-1.05
18097.0,-9.347,-0.165,-2.52,-9.081,-0.45,-3.719,4.13,5.95,1.26
,-9.361,-0.014,-2.766,-9.115,-0.45,-3.81,2.31,7.14,0.63
,-9.273,-0.072,-3.087,-9.189,-0.227,-4.111,-0.42,8.12,0.42
,-9.234,-0.273,-3.453,-9.277,0.0,-4.353,-1.75,8.68,0.07
18173.0,-9.146,0.089,-4.47,-9.081,0.096,-4.336,5.25,7.56,0.91
,-9.076,-0.053,-4.408,-9.122,0.05,-4.255,4.41,6.93,1.12
,-9.036,-0.112,-4.336,-9.136,0.067,-4.247,5.18,6.44,1.19
,-9.05,0.002,-4.329,-9.038,-0.007,-4.178,6.23,5.88,1.19
18249.0,-9.127,-0.067,-4.166,-9.124,-0.146,-3.747,4.06,3.22,0.7
,-9.158,-0.105,-4.094,-9.162,-0.16,-3.855,3.78,2.66,0.49
,-9.174,-0.091,-4.066,-9.21,-0.053,-4.03,3.5,2.24,0.28
,-9.143,-0.067,-3.972,-9.217,-0.065,-4.046,3.01,2.17,0.42
18325.0,-9.172,-0.144,-4.152,-9.093,-0.424,-3.704,0.63,0.84,-0.35
,-9.033,-0.261,-4.034,-9.16,-0.443,-3.585,0.98,0.77,-0.35
,-9.076,-0.376,-4.044,-9.17,-0.309,-3.305,1.75,0.63,-0.21
,-9.079,-0.4,-3.934,-9.246,-0.213,-3.273,2.87,0.56,0.21
18400.0,-9.294,-0.089,-3.369,-9.098,-0.278,-3.936,3.57,2.1,-0.07
,-9.234,-0.081,-3.448,-9.06,-0.165,-4.034,2.24,2.52,-0.07
,-9.232,-0.196,-3.546,-9.06,-0.093,-4.161,1.19,2.8,-0.14
,-9.136,-0.352,-3.709,-9.074,0.002,-4.238,1.54,3.22,0.0
18476.0,-9.119,-0.036,-4.314,-9.155,-0.28,-3.922,2.1,2.03,0.0
,-9.067,-0.158,-4.283,-9.189,-0.146,-3.92,1.33,1.54,-0.14
,-9.031,-0.261,-4.123,-9.177,-0.091,-3.879,1.05,1.19,-0.14
,-9.067,-0.335,-4.008,-9.11,-0.06,-3.833,1.82,1.05,0.07
18551.0,-9.127,-0.156,-3.869,-9.119,-0.189,-3.857,3.22,0.63,0.49
,-9.093,-0.189,-3.843,-9.098,-0.158,-3.965,3.57,0.63,0.49
,-9.098,-0.189,-3.855,-9.117,-0.261,-3.975,3.78,0.56,0.35
,-9.179,-0.132,-3.848,-9.076,-0.28,-3.855,3.78,0.77,0.28
18627.0,-9.119,-0.23,-3.893,-9.079,-0.28,-3.527,3.5,0.63,0.42
,-9.1,-0.189,-3.908,-9.196,-0.251,-3.558,3.78,0.56,0.42
,-9.076,-0.158,-3.85,-9.177,-0.251,-3.429,3.29,0.35,0.35
,-9.074,-0.251,-3.652,-9.227,-0.263,-3.558,2.8,0.63,0.56
18703.0,-9.239,-0.251,-3.721,-9.067,-0.055,-4.386,2.87,2.1,0.42
,-9.225,-0.163,-3.9,-8.981,-0.022,-4.446,2.24,2.31,0.28
,-9.141,-0.184,-3.999,-9.007,-0.065,-4.343,1.4,2.1,0.28
,-9.136,-0.191,-4.238,-9.064,-0.139,-4.116,1.96,1.75,0.21
18779.0,-9.119,-0.256,-3.862,-9.115,-0.373,-3.707,3.36,-0.49,0.49
,-9.167,-0.275,-3.731,-9.134,-0.404,-3.704,3.78,-0.7,0.42
,-9.234,-0.246,-3.735,-9.119,-0.33,-3.786,4.13,-0.7,0.28
,-9.162,-0.251,-3.764,-9.107,-0.333,-3.702,3.85,-0.77,0.28
18855.0,-9.117,-0.335,-3.601,-9.088,-0.275,-3.707,5.11,0.28,1.26
,-9.153,-0.282,-3.542,-9.146,-0.242,-3.793,5.46,0.56,1.4
,-9.184,-0.23,-3.58,-9.134,-0.261,-3.932,5.53,0.7,1.26
,-9.15,-0.244,-3.647,-9.107,-0.215,-3.941,4.76,0.98,1.19
18930.0,-9.093,-0.278,-3.934,-9.268,-0.345,-3.321,4.76,0.91,1.68
,-9.057,-0.306,-3.826,-9.299,-0.297,-3.336,5.18,0.84,1.89
,-9.112,-0.321,-3.661,-9.234,-0.263,-3.439,5.74,1.19,2.31
,-9.167,-0.342,-3.405,-9.261,-0.218,-3.606,5.53,1.61,2.59
19006.0,-9.179,-0.266,-3.891,-9.122,-0.316,-3.352,1.19,2.94,2.31
,-9.04,-0.254,-3.967,-9.22,-0.27,-3.163,0.84,3.08,2.31
,-9.009,-0.33,-3.932,-9.33,-0.328,-3.171,0.63,3.08,2.31
,-9.028,-0.39,-3.68,-9.366,-0.376,-3.295,0.77,3.43,2.17
19082.0,-9.232,-0.371,-3.393,-9.064,0.031,-4.118,-3.08,6.37,0.91
,-9.141,-0.364,-3.343,-8.988,0.225,-4.305,-4.13,7.0,0.77
,-9.141,-0.361,-3.324,-8.866,0.213,-4.542,-5.18,7.28,0.49
,-9.203,-0.177,-3.786,-8.897,-0.01,-4.59,-4.76,7.35,0.7
19158.0,-8.976,-0.031,-4.702,-9.153,0.615,-4.436,-3.71,5.32,1.89
,-9.014,-0.096,-4.551,-9.05,0.66,-4.46,-2.59,4.76,1.89
,-9.11,-0.148,-4.097,-9.019,0.414,-4.422,-1.96,4.34,1.75
,-9.258,0.148,-4.221,-9.033,0.196,-4.243,-1.47,3.57,0.7
19233.0,-9.021,0.019,-4.003,-9.203,-0.132,-3.546,-8.33,0.91,-1.61
,-9.112,-0.194,-3.855,-9.162,0.036,-3.865,-7.28,1.12,-1.75
,-9.112,-0.29,-3.553,-9.079,0.029,-3.96,-6.37,1.54,-1.89
,-9.179,-0.292,-3.498,-9.002,-0.251,-3.788,-5.95,1.89,-2.38
19309.0,-9.052,-0.57,-3.879,-9.002,-0.156,-3.778,-7.07,3.85,-1.19
,-9.038,-0.596,-3.824,-9.105,-0.256,-3.527,-3.5,4.13,-0.42
,-9.002,-0.38,-3.793,-9.127,-0.464,-3.36,-0.63,4.34,0.42
,-9.012,-0.182,-3.929,-9.198,-0.395,-2.919,0.35,4.48,0.77
19384.0,-9.229,0.026,-3.12,-8.698,-0.182,-4.286,4.48,7.7,2.31
,-9.179,0.436,-3.616,-8.813,-0.589,-3.735,4.41,6.93,1.4
,-9.28,0.488,-4.027,-9.074,-0.73,-3.632,1.05,6.16,0.56
,-8.942,0.342,-4.336,-9.103,-0.447,-3.79,-3.29,5.88,0.07
19460.0,-8.988,-0.175,-3.838,-9.239,0.469,-4.616,12.32,9.52,1.33
,-9.028,-0.148,-3.848,-9.177,0.84,-5.054,13.09,10.92,2.45
,-9.095,-0.364,-3.384,-8.753,0.531,-5.468,13.58,11.97,3.71
,-9.349,-0.053,-3.467,-8.473,-0.419,-5.379,15.68,11.97,4.13
19536.0,-8.452,-1.07,-4.659,-8.914,-1.292,-4.13,-0.07,8.47,1.54
,-8.722,-1.117,-4.365,-8.849,-1.307,-3.534,6.58,8.19,1.75
,-9.019,-0.96,-4.506,-9.028,-0.727,-3.276,10.5,8.19,1.75
,-8.973,-1.103,-4.149,-9.091,0.23,-4.212,11.83,8.89,3.36
19612.0,-9.127,0.885,-4.535,-8.847,-0.342,-3.716,21.77,6.51,8.61
,-8.918,1.005,-4.736,-8.981,-0.239,-3.515,15.12,5.95,7.63
,-8.689,0.45,-4.468,-9.081,0.069,-3.642,8.33,7.14,6.65
,-8.763,-0.246,-3.958,-9.057,0.089,-3.659,6.58,8.12,5.81
19688.0,-8.902,0.156,-3.831,-9.119,0.948,-4.271,7.0,10.5,3.15
,-8.947,0.002,-3.472,-8.887,0.964,-4.657,5.18,11.69,3.5
,-9.031,0.148,-3.238,-8.385,0.641,-4.681,5.81,12.11,3.71
,-9.038,0.637,-3.881,-8.421,0.38,-4.176,6.3,10.92,2.1
19763.0,-8.799,0.414,-4.022,-8.775,0.203,-5.279,-1.75,12.25,-3.15
,-8.935,0.577,-4.403,-8.76,-0.337,-5.047,0.28,11.62,-4.48
,-9.191,0.876,-4.683,-8.662,-0.771,-4.951,-0.56,10.5,-5.25
,-9.009,0.637,-5.109,-8.665,-1.168,-4.96,-5.11,9.66,-6.44
19839.0,-8.624,-1.328,-4.944,-8.557,-0.833,-4.415,-0.21,9.87,-4.2
,-8.727,-1.61,-4.769,-8.579,-0.235,-4.439,2.24,10.22,-2.31
,-8.591,-1.737,-4.496,-8.765,0.175,-4.669,4.83,10.78,-0.35
,-8.737,-1.383,-4.269,-8.88,0.244,-4.941,9.45,11.76,2.1
19915.0,-8.792,-0.086,-4.932,-8.839,-0.859,-4.731,3.5,9.59,2.66
,-8.54,-0.483,-4.764,-9.048,-0.67,-4.704,2.1,10.64,3.08
,-8.368,-0.696,-4.623,-8.744,-0.014,-4.908,4.41,11.83,3.71
,-8.622,-0.835,-4.456,-8.284,0.658,-4.7,7.98,11.9,4.41
19991.0,-8.282,0.83,-4.515,-8.758,-0.407,-4.994,13.02,11.06,4.34
,-8.567,0.555,-4.635,-8.483,-0.179,-5.087,8.33,9.87,2.52
,-8.938,0.05,-4.702,-8.399,-0.163,-4.965,3.43,8.54,1.4
,-8.985,-0.402,-4.855,-8.538,-0.203,-4.841,1.68,8.26,1.19
20066.0,-8.777,-0.062,-4.908,-8.466,0.711,-5.121,13.37,10.57,2.31
,-8.914,-0.345,-4.779,-8.76,0.562,-4.941,14.7,10.64,2.59
,-8.66,0.136,-4.944,-8.636,0.282,-5.008,14.42,10.57,1.96
,-8.634,0.278,-4.896,-8.598,0.124,-4.819,16.1,10.92,1.26
20142.0,-8.603,-0.024,-5.001,-8.411,-0.474,-5.264,8.47,10.08,-3.08
,-8.516,0.306,-5.171,-8.512,-0.993,-5.214,9.17,9.38,-4.2
,-8.311,0.048,-5.317,-8.626,-0.869,-5.37,8.47,9.31,-4.9
,-8.38,-0.33,-5.264,-8.629,-0.845,-5.296,8.19,9.8,-4.34
20217.0,-8.126,-0.794,-5.499,-8.854,-0.591,-5.123,8.68,6.16,-1.26
,-7.964,-0.713,-5.351,-8.691,-0.376,-5.15,8.05,6.65,-0.63
,-8.167,-0.749,-5.135,-8.796,-0.069,-5.334,8.68,7.35,-0.49
,-8.574,-0.589,-5.15,-8.543,0.225,-5.343,10.01,7.49,-0.63
20293.0,-8.052,0.266,-5.307,-8.476,0.072,-5.516,9.38,6.51,-2.87
,-8.074,0.304,-5.427,-8.583,-0.007,-5.489,9.03,6.37,-3.36
,-8.478,0.244,-5.568,-8.593,-0.44,-5.31,8.82,5.67,-4.27
,-8.514,0.333,-5.463,-8.547,-0.778,-5.152,8.54,5.11,-5.11
20369.0,-8.521,-1.024,-5.173,-8.155,-0.95,-6.037,8.4,7.14,-5.04
,-8.514,-1.122,-5.298,-7.868,-1.249,-6.061,11.13,7.21,-4.41
,-8.471,-1.079,-5.513,-7.825,-1.895,-6.08,12.88,6.23,-4.06
,-8.409,-1.005,-5.736,-8.119,-2.331,-5.879,13.79,5.74,-2.94
20445.0,-8.569,-2.312,-5.638,-8.466,-1.161,-5.126,14.0,0.98,5.81
,-8.557,-2.072,-5.441,-8.557,-0.668,-5.049,14.98,1.05,6.51
,-8.528,-1.725,-5.31,-8.483,-0.366,-5.044,15.75,1.47,7.21
,-8.562,-1.457,-5.2,-8.318,0.017,-5.116,16.1,1.61,7.84
20520.0,-8.145,0.258,-5.252,-8.818,0.625,-5.075,12.04,0.63,10.5
,-8.461,0.603,-5.303,-8.547,0.541,-5.178,12.67,0.42,9.38
,-8.787,0.948,-5.53,-8.057,0.06,-5.252,12.53,-0.42,7.7
,-8.744,0.763,-5.425,-8.181,-0.036,-5.193,10.92,-0.14,6.3
20596.0,-8.569,0.01,-5.281,-8.375,-0.646,-5.358,7.07,1.96,1.54
,-8.634,0.014,-5.394,-8.282,-0.869,-5.403,5.88,2.31,1.19
,-8.5,-0.22,-5.341,-8.571,-0.916,-5.219,3.92,2.8,0.98
,-8.421,-0.488,-5.219,-8.442,-0.931,-5.171,1.54,2.03,0.21
20672.0,-8.409,-0.928,-5.063,-8.327,-0.974,-5.2,1.19,1.89,0.14
,-8.447,-0.778,-5.075,-8.495,-0.672,-5.257,1.19,1.68,0.35
,-8.428,-0.936,-5.037,-8.198,-0.773,-5.157,0.63,2.03,0.98
,-8.337,-1.065,-5.008,-7.901,-0.68,-5.008,1.54,2.17,1.75
20748.0,-8.086,-0.44,-4.929,-8.677,-0.371,-5.051,5.53,2.94,2.94
,-8.524,-0.175,-5.042,-8.394,-0.538,-5.159,4.69,2.03,2.03
,-8.796,-0.134,-5.032,-8.239,-0.617,-5.219,3.43,1.82,1.33
,-8.835,-0.309,-5.104,-8.236,-0.794,-5.374,2.1,2.1,0.98
20824.0,-8.272,-0.833,-5.616,-8.287,-1.079,-5.788,1.19,5.67,2.66
,-8.399,-1.149,-5.609,-8.509,-0.991,-5.642,1.05,5.18,3.08
,-8.291,-1.28,-5.695,-8.559,-0.787,-5.415,0.91,4.27,3.43
,-8.131,-1.199,-5.808,-8.368,-0.632,-5.549,1.4,4.62,3.78
20899.0,-8.275,-0.672,-5.7,-8.387,-0.345,-5.69,-0.56,6.65,5.25
,-8.351,-0.579,-5.741,-8.174,-0.055,-5.671,-0.77,6.51,5.74
,-8.44,-0.5,-5.808,-8.145,0.172,-5.781,-1.61,5.74,5.81
,-8.449,-0.369,-5.836,-8.323,0.235,-5.767,-2.73,5.32,5.6
20975.0,-8.593,0.012,-5.626,-8.382,0.081,-5.564,-8.75,3.29,5.67
,-8.638,-0.055,-5.544,-8.54,0.072,-5.532,-10.01,3.01,5.32
,-8.437,0.072,-5.461,-8.598,0.151,-5.468,-11.55,2.94,5.6
,-8.356,-0.086,-5.446,-8.461,0.141,-5.48,-12.81,2.73,5.95
21050.0,-8.559,-0.038,-5.504,-8.332,-0.261,-5.762,-12.18,1.54,4.41
,-8.583,-0.316,-5.372,-8.378,-0.392,-5.745,-12.46,0.0,4.2
,-8.378,-0.093,-5.666,-8.43,-0.51,-5.65,-10.43,-0.63,3.64
,-8.263,-0.122,-5.788,-8.308,-0.603,-5.69,-8.61,-0.91,3.43
21126.0,-8.284,-0.711,-5.501,-8.248,-0.641,-5.786,-6.93,-1.33,3.99
,-8.37,-0.845,-5.441,-8.418,-0.634,-5.58,-6.51,-2.1,4.55
,-8.363,-0.857,-5.64,-8.282,-0.409,-5.473,-5.88,-2.94,5.18
,-8.32,-0.806,-5.695,-8.32,-0.091,-5.628,-4.41,-3.5,5.88
21202.0,-8.423,-0.022,-5.607,-8.334,-0.29,-5.403,-0.35,-4.9,6.58
,-8.65,-0.074,-5.468,-8.265,0.433,-5.465,-1.12,-4.34,6.44
,-8.44,-0.218,-5.291,-8.251,0.613,-5.351,-1.26,-3.71,6.79
,-8.466,-0.225,-5.229,-8.492,0.476,-5.027,0.14,-3.22,7.7
21278.0,-8.574,0.414,-4.834,-8.478,0.129,-5.214,3.57,-5.46,4.27
,-8.665,0.464,-4.999,-8.521,-0.036,-5.173,3.85,-5.74,3.78
,-8.32,0.481,-5.138,-8.337,0.055,-5.181,2.38,-5.39,3.15
,-8.284,0.371,-5.26,-8.392,0.065,-5.138,0.77,-5.6,2.03
21353.0,-8.507,0.148,-5.063,-8.126,-0.045,-4.956,3.92,-2.73,1.68
,-8.667,0.27,-4.889,-8.236,-0.292,-4.972,5.18,-1.96,1.89
,-8.796,0.215,-4.977,-8.619,-0.589,-5.114,3.29,-4.2,1.12
,-8.38,0.239,-5.085,-8.727,-0.821,-4.623,0.21,-5.39,0.7
21429.0,-8.655,-0.55,-4.451,-8.375,0.041,-4.908,1.61,-2.87,3.92
,-8.516,-0.17,-4.637,-8.526,-0.069,-4.853,6.16,-2.73,3.92
,-8.48,0.065,-4.74,-8.784,-0.012,-4.771,6.72,-3.01,3.78
,-8.48,0.258,-5.032,-8.39,0.239,-4.891,5.32,-3.43,3.36
21504.0,-8.38,0.452,-4.98,-8.519,0.452,-5.116,1.82,-4.76,1.05
,-8.607,0.294,-4.946,-8.646,0.29,-5.104,0.35,-5.18,0.98
,-8.701,0.369,-4.877,-8.581,0.177,-5.114,-0.98,-5.81,0.21
,-8.531,0.45,-5.011,-8.492,0.11,-5.016,-0.28,-5.74,-0.21
21580.0,-8.552,0.112,-4.977,-8.832,0.246,-4.925,-0.91,-3.71,-0.35
,-8.555,0.151,-4.949,-8.842,0.077,-5.061,0.77,-2.66,0.28
,-8.555,0.254,-4.893,-8.629,0.069,-5.123,2.03,-1.54,0.77
,-8.643,0.352,-4.886,-8.38,0.048,-5.169,2.52,-0.98,0.91
21656.0,-8.267,-0.048,-5.195,-8.626,0.077,-4.989,-6.37,-5.25,-2.1
,-8.33,-0.139,-5.171,-8.423,0.132,-5.051,-5.18,-5.04,-1.82
,-8.696,-0.242,-5.154,-8.394,0.067,-4.817,-3.43,-5.25,-1.68
,-8.827,-0.191,-5.006,-8.526,-0.072,-4.709,-2.31,-5.88,-2.03
21732.0,-8.569,-0.191,-4.848,-8.509,0.048,-4.788,-1.05,-5.11,0.77
,-8.732,-0.256,-4.932,-8.531,0.11,-4.508,0.63,-5.18,1.33
,-8.856,-0.156,-4.831,-8.574,0.203,-4.599,1.75,-5.6,0.84
,-8.792,0.034,-4.953,-8.799,0.313,-4.532,0.63,-7.0,-0.21
21808.0,-8.782,0.254,-5.118,-8.72,-0.261,-4.661,-2.66,-8.33,-1.12
,-8.576,0.093,-5.15,-8.653,0.081,-4.618,-5.39,-8.75,-1.61
,-8.564,-0.115,-5.236,-8.765,0.273,-4.771,-5.74,-8.61,-0.98
,-8.593,-0.294,-5.044,-8.887,0.357,-4.901,-2.17,-8.12,-0.14
21883.0,-8.825,0.357,-4.975,-8.6,0.275,-4.334,-0.84,-9.66,-1.4
,-8.744,0.263,-4.836,-8.708,0.342,-4.073,-1.82,-9.59,-1.26
,-8.808,0.246,-4.779,-8.914,0.397,-3.97,-1.33,-9.45,-1.4
,-8.78,0.172,-4.704,-9.026,0.419,-4.324,-0.91,-9.59,-2.03
21959.0,-8.942,0.318,-4.46,-8.871,-0.105,-4.03,-3.22,-8.96,-2.59
,-8.839,0.16,-4.259,-9.005,0.148,-4.125,-3.64,-8.68,-2.03
,-8.82,-0.11,-4.156,-8.811,0.589,-4.597,-3.29,-7.98,-1.68
,-8.847,-0.215,-3.975,-8.739,0.483,-5.047,-0.7,-7.07,-1.19
22035.0,-8.653,-0.115,-4.702,-8.981,0.139,-4.063,-8.12,-9.59,-4.55
,-8.856,-0.665,-4.396,-9.016,0.182,-4.348,-7.42,-9.1,-4.2
,-8.897,-0.45,-4.212,-8.902,0.23,-4.448,-3.29,-8.68,-4.34
,-8.942,-0.158,-4.013,-8.806,-0.065,-4.604,-0.77,-8.68,-4.13
22111.0,-8.892,-0.488,-3.987,-9.06,0.254,-3.955,-3.99,-8.33,-2.52
,-8.947,-0.421,-3.903,-9.026,0.345,-4.027,0.07,-7.49,-1.68
,-9.014,-0.199,-3.695,-8.758,0.266,-4.058,4.34,-6.72,-1.54
,-9.112,0.156,-3.958,-8.768,-0.012,-3.953,6.02,-6.37,-1.26
22186.0,-8.928,-0.077,-3.759,-9.05,0.22,-3.532,1.33,-5.04,-1.12
,-9.016,-0.153,-3.446,-9.036,0.187,-3.604,3.5,-3.92,-0.63
,-9.112,0.034,-3.549,-9.103,0.057,-3.527,5.04,-3.01,-0.42
,-9.081,0.179,-3.515,-9.189,0.27,-4.252,4.97,-2.45,-0.35
22262.0,-8.997,0.323,-4.398,-8.916,-0.412,-4.537,1.61,-1.19,-0.28
,-8.82,0.426,-4.74,-9.043,-0.235,-4.726,0.14,-1.54,-0.35
,-8.813,0.132,-4.817,-9.009,-0.191,-4.515,-1.05,-2.03,-0.56
,-8.784,-0.285,-4.625,-9.112,-0.261,-3.929,-0.91,-1.96,-0.14
22337.0,-9.213,0.0,-4.269,-8.904,0.263,-4.858,6.93,-3.36,2.17
,-9.04,0.299,-4.305,-8.906,-0.029,-4.671,6.72,-3.85,1.61
,-8.923,0.476,-4.458,-9.031,0.098,-4.484,4.62,-4.34,1.33
,-8.966,0.366,-4.616,-9.069,0.199,-4.312,2.73,-5.04,0.77
22413.0,-9.05,0.249,-3.917,-9.273,-0.227,-2.659,6.58,-7.63,-0.42
,-9.146,0.239,-3.285,-9.33,-0.273,-3.005,5.81,-7.07,-0.14
,-9.261,0.151,-3.197,-9.177,-0.22,-3.374,3.78,-6.44,-0.77
,-9.206,-0.055,-2.831,-9.055,-0.206,-3.532,1.75,-5.39,-1.33
22489.0,-8.976,-0.359,-3.522,-9.488,-0.089,-3.029,-0.42,-1.47,-2.31
,-8.978,-0.548,-3.333,-9.447,0.223,-3.51,1.4,-0.35,-1.26
,-9.052,-0.562,-3.072,-9.246,0.364,-4.104,3.99,0.91,-0.14
,-9.256,-0.347,-2.754,-8.981,0.168,-4.424,6.02,2.17,0.49
22565.0,-8.741,-0.086,-4.556,-9.402,0.275,-4.209,-0.56,2.31,-2.24
,-8.713,-0.29,-4.377,-9.213,0.524,-4.893,1.82,2.38,-1.61
,-8.882,-0.22,-4.19,-8.949,0.342,-4.996,4.34,2.45,-0.84
,-9.217,-0.014,-4.097,-8.617,-0.225,-4.752,5.53,2.03,-0.7
22641.0,-8.777,-0.591,-4.396,-9.481,0.275,-3.281,0.35,-1.4,-1.47
,-8.926,-0.73,-3.738,-9.265,0.33,-3.752,3.92,-1.26,-0.28
,-9.244,-0.443,-3.202,-8.947,0.101,-3.97,7.35,-1.05,0.49
,-9.502,-0.074,-3.017,-8.868,-0.299,-3.979,8.33,-0.77,0.28
22716.0,-8.93,-0.498,-3.905,-9.409,0.105,-3.477,-1.26,1.12,-0.77
,-9.048,-0.483,-3.661,-9.167,0.227,-3.927,1.68,1.26,-0.21
,-9.217,-0.419,-3.324,-8.938,0.077,-4.066,3.36,1.89,0.28
,-9.435,-0.179,-3.297,-8.878,-0.206,-4.185,3.78,2.45,0.0
22792.0,-8.916,-0.278,-4.298,-9.112,-0.081,-3.771,0.14,2.24,-1.05
,-8.993,-0.072,-4.231,-9.067,-0.065,-3.738,2.52,1.96,-0.77
,-9.062,-0.017,-4.082,-9.062,-0.213,-3.745,3.29,1.61,-0.49
,-9.158,-0.038,-3.927,-9.162,-0.349,-3.716,3.36,1.61,-0.35
22868.0,-9.232,-0.433,-3.723,-9.045,-0.112,-4.039,2.1,2.45,-0.63
,-9.143,-0.479,-3.726,-9.052,-0.103,-3.953,3.57,3.01,0.07
,-9.172,-0.424,-3.819,-9.091,-0.108,-4.092,4.83,3.15,0.56
,-9.043,-0.287,-3.915,-9.091,-0.014,-4.109,5.88,3.29,0.77
22944.0,-9.062,-0.005,-4.156,-8.954,-0.079,-4.398,4.83,2.94,0.7
,-9.086,0.062,-4.283,-8.983,-0.191,-4.195,4.2,2.59,0.28
,-9.04,0.072,-4.391,-9.091,-0.239,-3.975,3.78,2.1,-0.07
,-8.942,0.06,-4.489,-9.148,-0.22,-3.743,3.29,1.68,-0.21
23019.0,-9.184,-0.091,-3.817,-8.985,-0.215,-4.078,5.81,1.12,0.63
,-9.115,-0.022,-3.798,-9.036,-0.11,-4.24,4.41,1.26,0.35
,-9.105,-0.158,-3.869,-9.04,-0.124,-4.245,2.87,1.26,0.07
,-9.093,-0.232,-4.013,-9.002,-0.11,-4.233,2.38,1.47,0.07
23095.0,-9.052,-0.084,-4.13,-9.122,-0.079,-4.013,3.22,0.35,0.42
,-9.057,-0.105,-4.08,-9.062,-0.026,-4.104,3.01,0.21,0.49
,-9.016,-0.168,-3.91,-9.038,-0.215,-4.145,2.52,0.07,0.49
,-9.083,-0.194,-3.987,-9.067,-0.225,-4.118,2.52,0.07,0.28
23170.0,-9.079,-0.208,-4.113,-9.124,-0.316,-3.845,2.8,-0.63,0.35
,-9.057,-0.215,-3.996,-9.091,-0.251,-3.865,3.01,-0.84,0.28
,-9.083,-0.225,-3.982,-9.093,-0.215,-3.872,3.01,-0.91,0.49
,-9.119,-0.342,-3.843,-9.074,-0.206,-3.917,2.94,-0.84,0.56
23246.0,-9.052,-0.232,-3.994,-9.136,-0.034,-3.996,3.22,-0.42,0.91
,-9.016,-0.168,-3.912,-9.076,-0.017,-4.051,3.36,-0.35,1.26
,-9.074,-0.182,-3.944,-9.043,-0.103,-3.939,3.43,-0.28,1.26
,-9.105,-0.146,-3.936,-9.064,-0.201,-3.991,3.5,-0.49,1.05
23322.0,-9.127,-0.328,-3.927,-9.127,-0.098,-3.833,2.8,-0.91,1.05
,-9.093,-0.182,-3.96,-9.11,-0.067,-3.86,3.57,-0.7,1.19
,-9.067,-0.098,-3.867,-9.11,-0.158,-3.838,3.36,-0.77,1.19
,-9.172,-0.086,-3.862,-9.024,-0.199,-3.762,3.15,-0.7,1.12
23398.0,-9.136,-0.203,-3.644,-9.124,-0.172,-3.853,2.8,0.07,0.98
,-9.174,-0.127,-3.699,-9.062,-0.232,-3.91,3.15,0.14,0.91
,-9.177,-0.105,-3.743,-9.043,-0.191,-3.891,3.01,0.21,0.91
,-9.153,-0.096,-3.733,-9.093,-0.215,-3.845,2.52,0.42,0.91
23474.0,-9.1,-0.172,-3.762,-9.112,-0.275,-3.714,5.18,0.98,1.4
,-9.177,-0.06,-3.917,-9.112,-0.361,-3.63,5.46,1.05,1.33
,-9.119,0.026,-3.793,-9.241,-0.273,-3.549,4.76,0.98,1.12
,-9.119,-0.136,-3.879,-9.282,-0.232,-3.616,3.85,1.26,0.98
23549.0,-9.234,-0.112,-3.635,-9.083,-0.17,-3.872,3.92,2.8,1.4
,-9.194,-0.014,-3.728,-9.119,-0.208,-3.97,2.52,3.01,1.19
,-9.086,-0.019,-3.905,-9.122,-0.139,-3.946,1.4,3.01,0.77
,-9.095,-0.05,-3.965,-9.131,-0.065,-4.089,0.42,3.22,0.63
23625.0,-9.196,-0.077,-4.113,-8.961,-0.285,-4.037,-0.14,2.73,-0.28
,-9.182,-0.098,-4.271,-9.0,-0.275,-4.104,-1.4,2.31,-1.33
,-9.036,-0.086,-4.145,-9.028,-0.148,-4.135,-2.38,1.75,-1.96
,-8.969,-0.215,-4.042,-9.095,-0.031,-4.195,-2.45,1.54,-1.54
23701.0,-9.064,-0.048,-4.183,-9.232,-0.275,-3.862,1.96,0.28,0.0
,-9.04,-0.215,-4.051,-9.253,-0.065,-3.999,1.61,0.0,0.28
,-9.088,-0.313,-3.948,-9.134,0.12,-3.898,2.24,0.0,0.7
,-9.124,-0.335,-3.812,-9.098,0.036,-3.872,3.57,0.28,1.12
23777.0,-9.04,-0.172,-3.795,-9.318,-0.548,-3.295,-1.68,-0.56,-2.45
,-9.026,-0.201,-3.68,-9.296,-0.29,-3.565,-1.75,-0.49,-2.59
,-9.16,-0.347,-3.534,-9.105,-0.096,-3.726,-2.03,0.0,-2.59
,-9.229,-0.514,-3.302,-9.009,-0.299,-3.618,-1.89,0.7,-2.52
23852.0,-9.005,-0.498,-3.64,-9.079,-0.215,-3.422,-2.38,2.31,-1.47
,-9.086,-0.593,-3.656,-9.127,-0.246,-3.293,0.0,2.94,-0.35
,-9.155,-0.503,-3.53,-9.232,-0.385,-3.049,1.75,3.29,0.14
,-9.215,-0.407,-3.494,-9.251,-0.397,-3.264,1.89,3.57,-0.21
23928.0,-9.191,-0.39,-3.532,-8.933,0.306,-4.427,-2.17,7.0,1.61
,-9.055,-0.282,-3.745,-8.966,0.235,-4.29,-1.61,7.07,2.38
,-9.103,-0.127,-4.042,-8.928,0.072,-3.936,-0.77,7.21,3.01
,-9.036,0.098,-4.274,-8.899,-0.199,-3.558,-0.56,6.79,3.01
24003.0,-9.091,-0.524,-3.135,-9.019,0.493,-4.982,-6.02,8.47,1.82
,-9.351,-0.62,-2.9,-8.574,0.476,-5.176,-3.64,10.08,2.8
,-9.529,-0.517,-3.051,-8.567,-0.177,-5.09,-1.61,10.57,3.5
,-9.509,0.067,-3.999,-8.732,-0.835,-4.695,-1.54,9.73,2.94
24079.0,-8.808,-0.833,-4.386,-9.34,-0.574,-3.355,-2.52,7.07,3.85
,-8.88,-0.476,-3.972,-9.213,-0.148,-3.96,2.17,7.49,4.34
,-9.014,-0.376,-3.728,-8.976,0.414,-4.389,3.92,8.68,5.11
,-9.179,-0.531,-3.491,-8.851,0.603,-4.85,3.5,9.52,5.95
24155.0,-8.744,0.261,-4.714,-9.002,0.244,-4.518,0.35,6.23,6.02
,-8.796,-0.191,-4.401,-8.83,0.261,-4.649,0.42,7.14,6.37
,-8.868,-0.428,-4.089,-8.894,-0.28,-4.518,2.87,7.56,6.02
,-8.868,-0.208,-3.908,-8.933,-0.964,-3.996,5.95,7.42,5.32
24231.0,-8.949,-1.094,-3.084,-9.024,0.995,-4.573,9.17,10.64,8.61
,-9.002,-0.467,-3.305,-8.705,0.404,-4.135,16.66,10.92,8.75
,-9.091,0.364,-3.754,-8.605,-0.148,-3.793,18.41,9.94,7.42
,-9.311,1.036,-4.319,-8.641,-0.077,-3.855,14.14,8.75,6.23
24306.0,-8.954,0.469,-4.235,-8.756,0.467,-3.594,8.33,10.22,4.48
,-9.098,0.96,-4.625,-8.782,0.785,-3.601,7.35,9.24,3.43
,-8.923,0.962,-4.602,-9.239,1.106,-4.338,3.08,9.59,2.17
,-8.859,0.644,-4.245,-9.148,1.333,-5.063,0.7,10.92,1.33
24382.0,-8.837,1.094,-5.37,-8.981,-0.29,-4.551,-3.99,7.14,-5.32
,-8.514,0.438,-5.114,-9.117,-0.141,-4.762,-6.58,8.19,-5.39
,-8.447,-0.285,-4.511,-8.892,-0.048,-4.602,-4.41,9.73,-4.62
,-8.526,-0.531,-4.322,-8.521,-0.328,-3.934,0.91,10.29,-3.85
24458.0,-8.461,-0.323,-3.537,-8.725,-0.361,-4.372,5.46,13.16,-2.24
,-8.658,0.036,-3.716,-8.461,-0.962,-4.087,7.0,12.67,-2.17
,-9.04,0.215,-4.118,-8.777,-1.141,-4.07,5.95,11.27,-2.73
,-9.064,0.132,-4.41,-8.954,-0.627,-4.357,2.8,10.64,-3.29
24534.0,-8.717,-0.105,-4.685,-8.926,-0.488,-4.836,11.69,13.58,-0.28
,-8.356,0.223,-4.762,-9.062,-0.529,-5.36,10.5,13.65,0.56
,-8.296,0.029,-4.721,-8.677,-0.349,-5.779,7.63,14.14,1.19
,-8.684,-0.354,-4.614,-8.327,-0.17,-5.8,6.51,14.21,1.19
24610.0,-8.337,0.014,-5.518,-8.559,-0.208,-5.523,11.76,11.34,2.24
,-8.564,-0.069,-5.363,-8.397,-0.491,-5.343,13.09,11.69,2.1
,-8.77,-0.223,-5.185,-8.267,-0.701,-5.217,12.81,11.06,1.89
,-8.885,-0.158,-5.37,-8.325,-0.802,-5.023,12.04,10.22,2.1
24685.0,-8.619,-0.66,-4.697,-8.574,-0.232,-4.819,9.59,9.73,5.95
,-8.722,-0.665,-4.826,-8.5,0.103,-5.004,9.45,9.03,5.6
,-8.763,-0.694,-4.604,-8.48,0.364,-5.13,9.59,8.75,5.53
,-8.674,-0.531,-4.903,-8.349,0.656,-5.331,10.5,7.91,5.6
24761.0,-8.495,0.481,-5.279,-8.832,0.199,-4.587,10.29,6.02,2.45
,-8.308,0.345,-5.252,-8.959,0.459,-4.628,9.38,5.53,1.96
,-8.392,-0.057,-5.025,-8.614,0.689,-4.826,9.03,6.09,2.31
,-8.67,-0.603,-4.549,-8.289,0.895,-5.032,9.94,7.14,2.45
24836.0,-8.346,0.881,-4.834,-8.667,0.057,-5.54,10.43,7.7,-2.03
,-8.526,1.0,-4.843,-8.729,-0.718,-5.281,8.96,8.54,-3.64
,-8.959,0.62,-4.903,-8.277,-1.23,-5.501,7.56,8.82,-4.34
,-8.772,0.404,-5.114,-8.27,-1.158,-5.535,6.93,8.96,-4.69
24912.0,-8.435,-1.151,-5.441,-8.265,-1.417,-5.269,9.52,6.23,0.84
,-8.145,-1.125,-5.511,-8.334,-1.187,-5.255,10.43,6.16,1.12
,-8.394,-1.149,-5.42,-8.607,-0.823,-5.202,10.5,5.25,1.54
,-8.402,-1.225,-5.401,-8.557,-0.144,-5.236,9.24,4.9,2.17
24988.0,-8.471,0.859,-5.415,-8.49,0.806,-5.774,13.51,5.39,3.92
,-8.411,1.362,-5.523,-8.686,0.285,-5.975,13.09,5.11,2.87
,-8.574,1.596,-5.633,-8.842,-0.366,-5.855,11.97,3.92,1.47
,-8.363,1.57,-5.69,-8.837,-0.759,-5.487,10.08,3.36,0.35
25064.0,-8.239,-0.773,-5.707,-8.66,-0.359,-5.659,10.15,3.08,-0.42
,-7.954,-0.809,-5.812,-8.492,-0.012,-5.571,10.85,3.29,-0.28
,-8.279,-0.785,-5.654,-8.397,0.034,-5.518,12.25,2.73,-0.7
,-8.643,-0.632,-5.535,-8.248,-0.158,-5.652,12.81,1.75,-1.54
25139.0,-8.37,-0.476,-5.549,-8.603,-1.139,-5.183,6.86,-1.12,-1.47
,-8.287,-0.809,-5.595,-8.617,-0.943,-5.19,5.88,-2.38,-0.42
,-8.169,-0.909,-5.358,-8.61,-0.617,-5.346,5.81,-2.52,0.35
,-8.15,-0.957,-5.477,-8.646,-0.328,-5.24,6.58,-3.01,0.91
25215.0,-8.507,0.005,-5.207,-8.26,0.01,-5.209,10.43,-2.31,1.61
,-8.528,-0.024,-5.133,-8.404,0.206,-5.162,9.1,-2.87,1.33
,-8.344,0.072,-5.243,-8.222,-0.072,-5.004,7.07,-5.04,1.4
,-8.055,0.091,-5.384,-8.356,-0.313,-4.841,5.88,-5.46,0.7
25291.0,-8.524,-0.182,-4.738,-8.442,-1.45,-4.783,-0.42,-4.9,-0.21
,-8.66,-0.459,-4.939,-8.684,-1.345,-4.647,-1.05,-4.76,-0.14
,-8.753,-0.804,-4.865,-8.591,-0.981,-4.731,-0.49,-3.43,0.14
,-8.658,-1.249,-4.843,-8.21,-0.871,-4.774,0.42,-2.87,0.7
25367.0,-8.267,-0.888,-4.908,-8.303,-0.763,-4.929,7.84,-0.7,3.92
,-8.581,-0.857,-4.884,-8.469,-0.436,-4.901,8.26,-0.35,4.62
,-8.679,-0.684,-5.085,-8.655,-0.177,-5.176,8.61,-0.56,5.04
,-8.442,-0.67,-5.071,-8.672,-0.215,-5.006,8.54,0.14,6.02
25443.0,-8.71,-0.117,-4.8,-8.368,0.4,-5.095,7.49,2.8,6.65
,-8.521,0.01,-4.86,-8.133,0.057,-5.147,7.77,3.64,6.3
,-8.698,0.074,-4.879,-8.174,-0.244,-5.205,7.98,4.27,5.88
,-8.806,0.258,-4.748,-8.253,0.002,-5.205,7.21,2.87,4.48
25518.0,-8.437,0.27,-5.465,-8.457,-0.172,-5.291,2.87,4.9,1.61
,-8.859,-0.189,-5.257,-8.648,-0.615,-5.348,0.7,5.04,1.26
,-8.653,-0.378,-5.176,-8.574,-1.082,-5.307,0.0,4.2,0.84
,-8.212,-0.467,-5.176,-8.435,-0.806,-5.322,0.0,4.9,0.42
25594.0,-8.5,-0.749,-5.425,-8.648,-0.376,-5.346,-6.09,8.61,1.19
,-8.595,-0.479,-5.453,-8.421,-0.692,-5.453,-5.67,8.26,1.05
,-8.397,-0.045,-5.575,-8.418,-0.455,-5.678,-5.32,7.77,0.91
,-8.495,0.022,-5.54,-8.583,-0.534,-5.717,-6.58,7.84,0.98
25669.0,-8.471,-0.761,-5.406,-8.545,-0.038,-5.592,-7.42,4.69,3.22
,-8.346,-0.488,-5.511,-8.363,-0.065,-5.583,-5.81,4.27,3.57
,-8.44,0.057,-5.564,-8.461,0.093,-5.719,-5.04,3.71,3.99
,-8.722,0.129,-5.817,-8.512,0.237,-5.693,-6.58,2.59,3.99
25745.0,-8.425,0.096,-5.508,-8.555,0.139,-5.382,-8.19,0.91,4.41
,-8.488,0.151,-5.482,-8.471,0.019,-5.547,-6.51,0.98,4.06
,-8.71,0.239,-5.434,-8.641,-0.153,-5.532,-4.27,0.98,3.71
,-8.758,0.258,-5.281,-8.658,0.067,-5.499,-3.01,-0.07,3.85
25821.0,-8.449,0.282,-5.669,-8.387,-0.964,-5.571,0.77,-2.8,2.17
,-8.44,0.318,-5.709,-8.253,-0.936,-5.666,0.14,-2.38,0.91
,-8.457,-0.215,-5.492,-8.397,-0.704,-5.583,-2.8,-1.68,0.91
,-8.562,-0.759,-5.36,-8.54,-0.359,-5.396,-4.76,-1.68,1.61
25897.0,-8.442,0.096,-5.377,-8.428,0.256,-5.159,8.05,-2.38,6.37
,-8.488,0.325,-5.262,-8.514,0.041,-4.889,5.81,-2.87,5.46
,-8.239,0.361,-5.181,-8.485,0.01,-5.15,2.8,-3.01,5.6
,-8.411,0.325,-4.96,-8.229,0.11,-5.358,0.0,-4.2,5.39
25972.0,-8.409,0.072,-5.202,-8.847,0.811,-5.126,1.96,-5.39,1.89
,-8.536,0.163,-5.233,-9.038,0.687,-4.922,4.2,-4.9,1.68
,-8.734,0.141,-5.097,-8.562,0.629,-5.059,6.65,-4.48,1.47
,-8.763,0.613,-5.138,-7.76,0.452,-5.106,8.89,-3.15,0.63
26048.0,-7.906,0.036,-4.953,-8.37,0.089,-5.085,-3.92,-6.72,-3.92
,-8.471,-0.11,-5.19,-8.402,-0.187,-5.035,-3.01,-7.49,-3.92
,-8.904,-0.223,-5.035,-8.413,-0.27,-4.92,-1.26,-7.91,-4.2
,-8.679,-0.002,-5.173,-8.452,-0.211,-4.867,0.98,-7.84,-4.34
26124.0,-8.576,-0.127,-4.843,-8.634,-0.098,-5.205,3.78,-3.01,-0.63
,-8.641,-0.084,-4.879,-8.32,-0.412,-5.008,4.34,-2.38,-0.14
,-8.674,-0.191,-4.963,-8.303,-0.622,-4.728,4.2,-2.31,0.21
,-8.911,-0.34,-4.81,-8.562,-0.548,-4.678,2.1,-3.57,-0.28
26200.0,-8.607,-0.302,-4.841,-8.806,-0.584,-4.803,1.96,-6.72,0.35
,-8.567,-0.077,-4.896,-8.851,-0.514,-4.841,2.38,-6.37,0.84
,-8.538,-0.165,-4.87,-8.641,-0.089,-5.011,1.89,-5.39,1.33
,-8.705,-0.337,-4.834,-8.49,0.208,-5.039,1.33,-4.48,2.17
26276.0,-8.442,0.433,-5.085,-8.67,0.196,-5.322,7.28,-5.25,4.97
,-8.512,0.223,-4.987,-8.67,-0.014,-5.394,4.34,-5.74,4.13
,-8.715,0.055,-4.901,-8.586,-0.23,-5.092,2.52,-6.44,3.22
,-8.818,0.141,-5.039,-8.665,-0.471,-4.812,1.68,-7.56,2.31
26351.0,-8.729,-0.613,-4.503,-8.681,0.57,-4.872,0.91,-9.17,2.38
,-8.782,-0.421,-4.487,-8.717,0.175,-4.592,4.27,-9.31,2.8
,-9.067,0.153,-4.702,-8.82,-0.215,-4.403,5.95,-9.94,2.87
,-8.842,0.491,-4.877,-8.82,-0.309,-4.413,3.99,-10.99,3.08
26427.0,-8.825,0.055,-4.334,-8.839,-0.074,-4.444,1.82,-9.8,0.98
,-8.76,0.33,-4.243,-8.861,-0.251,-4.235,2.66,-10.43,0.28
,-8.77,0.407,-4.506,-8.823,-0.134,-4.36,0.98,-11.55,-0.56
,-8.806,0.254,-4.544,-8.918,0.273,-4.305,-1.75,-12.18,-0.56
26502.0,-8.839,0.677,-4.465,-8.801,-0.445,-4.231,2.52,-12.04,-2.66
,-8.82,0.68,-4.582,-8.856,-0.708,-4.104,-2.31,-12.6,-3.78
,-8.815,0.292,-4.286,-8.952,-0.524,-4.341,-6.58,-12.67,-4.13
,-8.804,-0.117,-4.326,-8.928,-0.361,-4.389,-8.12,-12.39,-4.2
26578.0,-8.952,-0.538,-4.118,-8.94,-0.237,-3.795,-3.08,-12.81,-3.01
,-8.959,-0.754,-3.944,-9.098,-0.098,-3.979,-2.59,-12.11,-2.38
,-8.827,-0.562,-3.96,-9.05,0.093,-4.19,-0.49,-11.69,-1.96
,-8.77,-0.34,-3.766,-8.985,0.146,-4.231,1.68,-11.13,-0.63
26654.0,-9.076,0.029,-4.03,-9.129,0.641,-3.522,0.42,-10.57,0.21
,-9.024,-0.089,-3.86,-9.208,0.503,-3.34,1.82,-9.87,0.07
,-8.854,0.041,-3.278,-9.234,0.182,-3.118,4.2,-9.24,-0.14
,-8.976,0.469,-3.367,-9.16,-0.263,-3.001,5.81,-8.75,-0.56
26730.0,-9.184,-0.33,-3.044,-9.028,-0.124,-3.836,-2.73,-4.41,-1.89
,-9.127,-0.012,-3.568,-9.127,-0.385,-3.475,-0.21,-3.99,-2.1
,-8.981,0.282,-3.965,-9.232,-0.4,-3.489,-0.49,-4.06,-3.29
,-8.938,0.263,-3.908,-9.217,-0.215,-3.364,-3.08,-4.27,-3.57
26805.0,-9.117,0.01,-3.508,-9.009,-0.012,-4.02,1.26,-1.26,-2.38
,-9.148,0.112,-3.69,-8.969,0.055,-3.91,-0.42,-1.12,-2.8
,-9.206,0.014,-3.795,-9.028,0.11,-4.116,-2.52,-0.91,-3.29
,-9.165,-0.029,-3.877,-9.0,0.031,-4.293,-3.64,-0.77,-3.36
26881.0,-8.952,0.069,-4.039,-9.203,-0.218,-3.625,-3.57,-1.19,-3.71
,-9.105,-0.134,-3.965,-9.167,-0.347,-3.367,-3.5,-0.98,-3.5
,-9.194,-0.237,-3.764,-9.196,-0.383,-3.446,-2.38,-1.12,-3.22
,-9.287,-0.156,-3.609,-9.189,-0.246,-3.731,-0.84,-1.12,-2.87
26957.0,-9.141,-0.057,-3.975,-8.981,-0.194,-4.302,0.56,0.28,-2.31
,-9.064,0.108,-4.204,-8.99,-0.27,-4.214,-0.07,0.0,-2.38
,-9.0,0.017,-4.396,-9.038,-0.208,-3.963,-1.19,-0.28,-2.8
,-8.916,-0.091,-4.149,-9.203,-0.297,-3.74,-1.4,-0.77,-2.87
27033.0,-9.165,-0.464,-3.494,-9.062,-0.062,-3.862,0.77,-1.05,-2.1
,-9.261,-0.392,-3.46,-8.978,-0.242,-3.824,1.68,-0.28,-1.47
,-9.237,-0.239,-3.482,-9.026,-0.469,-3.666,2.59,-0.28,-1.68
,-9.198,-0.081,-3.702,-9.105,-0.589,-3.321,2.52,-0.49,-2.24
27108.0,-9.325,-0.498,-3.235,-8.976,0.436,-5.217,5.95,2.03,0.35
,-9.497,-0.268,-3.431,-8.713,0.148,-5.209,6.51,2.45,0.07
,-9.385,0.17,-3.982,-8.665,-0.072,-5.281,5.18,2.31,-0.77
,-9.217,0.5,-4.527,-8.787,-0.258,-4.815,2.1,1.47,-1.89
27184.0,-9.043,-0.33,-4.281,-9.107,-0.213,-3.644,4.41,-4.27,-1.26
,-9.325,-0.361,-3.989,-8.988,-0.299,-3.568,5.18,-4.97,-1.26
,-9.383,-0.282,-3.601,-9.033,-0.421,-3.226,5.18,-5.25,-1.61
,-9.263,-0.168,-3.597,-9.148,-0.462,-3.206,4.13,-5.32,-1.75
27260.0,-9.222,-0.306,-2.984,-9.287,-0.613,-2.623,3.71,-2.45,-0.7
,-9.373,-0.254,-2.929,-9.253,-0.663,-2.804,3.01,-1.68,-0.49
,-9.378,-0.311,-2.79,-9.275,-0.591,-3.044,1.75,-0.77,-0.49
,-9.356,-0.462,-2.635,-9.232,-0.354,-3.324,0.77,0.49,-0.21
27336.0,-9.215,-0.258,-3.527,-9.064,-0.098,-4.238,2.94,5.6,1.33
,-9.131,-0.163,-3.843,-9.076,-0.191,-4.161,3.64,5.74,1.47
,-9.103,0.06,-4.29,-9.127,-0.156,-4.039,4.13,5.53,1.12
,-8.978,0.057,-4.384,-9.117,-0.249,-3.783,3.78,4.76,1.26
27412.0,-9.191,-0.292,-3.719,-9.189,-0.366,-3.618,5.53,3.64,1.33
,-9.198,-0.407,-3.582,-9.244,-0.148,-3.891,5.88,3.78,1.47
,-9.177,-0.428,-3.419,-9.186,-0.129,-4.161,6.16,4.41,1.82
,-9.244,-0.524,-3.534,-8.94,-0.16,-4.334,6.65,4.76,1.96
27487.0,-8.902,-0.23,-4.41,-9.014,-0.187,-4.197,3.64,3.5,1.33
,-8.976,-0.191,-4.59,-9.067,-0.268,-3.958,4.41,2.87,1.4
,-9.0,0.026,-4.614,-9.141,-0.213,-3.843,5.18,1.96,1.47
,-8.997,0.034,-4.537,-9.189,-0.108,-3.783,4.48,1.12,1.4
27563.0,-9.191,-0.239,-3.821,-9.215,-0.565,-3.195,2.24,0.0,0.77
,-9.067,-0.39,-3.687,-9.318,-0.263,-3.312,1.89,0.07,0.91
,-9.014,-0.431,-3.597,-9.337,-0.022,-3.408,2.73,0.35,1.4
,-9.103,-0.581,-3.386,-9.184,0.086,-3.599,3.99,1.26,1.96
27638.0,-9.134,-0.041,-3.874,-9.086,-0.244,-4.161,-0.07,3.08,0.21
,-9.048,-0.23,-3.951,-9.1,-0.175,-3.97,-1.47,3.29,0.21
,-9.031,-0.316,-3.953,-9.112,-0.146,-3.874,-1.19,3.01,0.42
,-9.105,-0.354,-4.135,-9.122,-0.091,-3.915,0.28,2.8,0.63
27714.0,-9.167,-0.16,-3.857,-9.1,-0.134,-3.893,2.03,2.38,0.91
,-9.167,-0.251,-3.771,-9.098,-0.127,-3.927,1.68,2.45,0.91
,-9.16,-0.316,-3.731,-9.11,-0.168,-3.948,1.89,2.59,0.77
,-9.174,-0.206,-3.836,-9.201,-0.093,-3.977,2.59,2.52,0.63
27790.0,-9.17,-0.096,-4.19,-9.074,-0.28,-4.106,1.12,2.03,0.21
,-9.086,-0.17,-4.219,-9.16,-0.194,-3.996,0.21,1.54,-0.07
,-8.952,-0.249,-4.307,-9.184,-0.093,-3.853,0.28,1.19,-0.07
,-8.978,-0.347,-4.207,-9.136,-0.134,-3.795,1.26,0.98,0.28
27866.0,-9.103,-0.237,-3.759,-9.141,-0.345,-3.743,1.4,0.42,0.21
,-9.134,-0.278,-3.848,-9.143,-0.134,-3.92,1.54,0.42,0.0
,-9.103,-0.275,-3.896,-9.088,-0.019,-3.967,1.96,0.7,0.14
,-9.1,-0.34,-3.776,-9.045,-0.057,-3.987,2.24,0.7,0.35
27941.0,-9.11,-0.227,-3.965,-9.194,-0.22,-3.699,0.56,0.49,0.0
,-9.014,-0.328,-3.972,-9.222,-0.177,-3.699,0.84,0.49,0.07
,-9.088,-0.361,-3.92,-9.189,-0.189,-3.673,1.54,0.35,0.14
,-9.141,-0.369,-3.814,-9.186,-0.12,-3.802,2.1,0.28,0.21
28017.0,-9.122,-0.191,-3.934,-9.134,-0.256,-3.833,-0.42,0.7,-0.49
,-9.062,-0.251,-4.008,-9.172,-0.196,-3.798,0.07,0.49,-0.49
,-9.048,-0.292,-4.073,-9.155,-0.208,-3.702,0.98,0.63,-0.07
,-9.086,-0.285,-3.905,-9.179,-0.263,-3.776,2.17,0.63,0.28
28092.0,-9.153,-0.285,-3.869,-9.098,-0.177,-3.977,1.89,0.91,0.07
,-9.057,-0.285,-3.836,-9.088,-0.244,-3.951,1.89,0.91,0.28
,-9.086,-0.299,-3.96,-9.11,-0.313,-3.793,2.03,1.05,0.21
,-9.105,-0.285,-4.039,-9.146,-0.278,-3.774,2.73,0.77,0.28
28168.0,-9.189,-0.232,-3.805,-9.038,-0.373,-3.979,4.34,1.05,1.05
,-9.143,-0.136,-3.924,-9.069,-0.33,-3.924,4.27,0.77,0.84
,-9.124,-0.117,-4.051,-9.115,-0.328,-3.886,3.64,0.35,0.49
,-9.107,-0.194,-4.03,-9.131,-0.246,-3.709,2.94,0.21,0.28
28244.0,-9.16,-0.282,-3.606,-9.103,-0.337,-3.786,4.76,0.14,1.05
,-9.15,-0.357,-3.618,-9.103,-0.392,-3.786,4.76,0.49,1.05
,-9.131,-0.29,-3.704,-9.208,-0.392,-3.704,4.83,0.63,0.98
,-9.115,-0.313,-3.79,-9.397,-0.479,-3.695,4.55,0.77,0.98
28320.0,-9.177,-0.043,-3.752,-9.074,-0.639,-3.848,3.71,1.4,-2.31
,-9.239,0.184,-3.766,-9.146,-0.469,-3.951,1.19,1.12,-2.66
,-9.012,0.146,-3.853,-9.129,-0.213,-4.07,-2.52,0.98,-3.15
,-8.902,-0.258,-3.812,-9.162,-0.105,-4.154,-4.41,1.33,-2.73
28396.0,-9.124,-0.081,-4.168,-9.158,-0.194,-4.042,2.73,1.12,0.7
,-9.067,-0.081,-4.188,-9.215,-0.158,-3.898,2.59,0.7,0.91
,-9.057,-0.153,-4.197,-9.222,-0.06,-3.661,2.73,0.35,1.12
,-9.083,-0.112,-4.147,-9.265,-0.014,-3.628,2.94,0.21,1.4
28471.0,-9.215,-0.019,-3.721,-9.143,-0.543,-3.805,-1.68,-0.77,-1.61
,-9.095,-0.067,-3.733,-9.182,-0.692,-3.683,-2.87,-0.63,-1.75
,-9.153,-0.182,-3.862,-9.22,-0.565,-3.812,-3.71,-0.63,-1.68
,-9.069,-0.419,-3.731,-9.172,-0.349,-3.999,-3.57,-0.28,-1.33
28547.0,-9.129,-0.187,-3.884,-9.17,-0.282,-3.855,2.45,-0.28,0.56
,-9.112,-0.225,-3.989,-9.249,-0.261,-3.922,1.82,-0.63,0.7
,-9.091,-0.275,-3.958,-9.206,-0.117,-4.08,2.24,-0.63,0.98
,-9.043,-0.29,-3.841,-9.112,-0.06,-3.97,2.87,-0.7,1.4
28623.0,-9.201,-0.172,-4.008,-9.112,-0.519,-3.57,3.15,-2.17,1.05
,-9.165,-0.237,-3.984,-9.153,-0.62,-3.331,1.96,-2.31,0.07
,-9.131,-0.177,-4.032,-9.158,-0.567,-3.154,0.77,-2.52,-0.7
,-9.088,-0.263,-3.778,-9.213,-0.438,-3.139,-0.56,-2.66,-1.19
28699.0,-9.289,-0.457,-3.135,-9.182,-0.531,-3.087,-1.68,-0.42,-0.63
,-9.217,-0.531,-3.242,-9.186,-0.505,-2.754,-1.19,0.49,0.35
,-9.237,-0.687,-3.132,-9.292,-0.548,-2.757,-0.49,1.12,0.98
,-9.222,-0.713,-3.077,-9.292,-0.536,-2.644,0.7,1.96,1.19
28774.0,-9.241,-0.378,-2.659,-9.246,-0.811,-2.108,1.61,8.47,4.06
,-9.239,-0.313,-2.757,-9.378,-0.39,-2.522,-0.07,9.8,4.13
,-9.191,-0.529,-2.558,-9.337,0.246,-3.587,-2.31,11.34,4.48
,-9.177,-0.763,-2.41,-9.019,0.663,-4.259,-3.15,13.23,4.69
28850.0,-8.684,0.526,-4.637,-9.141,0.06,-3.888,-12.39,15.33,2.66
,-8.612,-0.297,-4.24,-9.115,0.514,-3.893,-15.19,15.75,3.22
,-8.866,-0.859,-3.707,-9.177,0.766,-4.999,-11.06,16.52,4.41
,-9.155,-0.613,-3.946,-8.827,0.833,-5.236,-4.34,16.59,4.34
28925.0,-8.753,0.684,-5.264,-8.976,-0.184,-4.255,-14.49,11.27,-0.7
,-8.701,0.206,-5.111,-9.007,-0.055,-3.951,-15.26,10.99,-0.84
,-8.698,-0.194,-4.649,-9.141,-0.057,-4.312,-12.18,10.99,-0.28
,-8.914,-0.345,-4.391,-9.129,-0.187,-4.338,-6.58,11.06,0.28
29001.0,-9.069,-0.663,-4.511,-8.763,-0.579,-4.372,-6.09,7.77,0.21
,-8.72,-1.17,-4.594,-8.777,-0.505,-4.348,-4.2,8.33,1.68
,-8.758,-1.122,-4.259,-8.784,-0.787,-4.408,2.73,8.4,3.99
,-8.849,-0.811,-4.566,-9.074,-0.847,-3.594,8.68,8.12,4.55
29077.0,-9.134,-0.44,-4.145,-8.792,-0.036,-4.099,10.36,8.75,7.49
,-9.069,0.012,-3.9,-8.947,0.244,-3.967,9.45,8.61,7.56
,-8.921,-0.06,-3.951,-8.933,0.416,-4.53,6.65,8.54,8.12
,-8.746,-0.139,-4.089,-8.768,0.694,-4.604,4.34,8.61,7.77
29153.0,-8.801,0.648,-4.283,-8.997,1.668,-4.149,9.52,9.87,5.67
,-8.892,0.653,-4.231,-9.234,1.838,-4.451,10.36,10.64,4.2
,-8.894,0.95,-3.676,-8.818,1.469,-4.738,13.44,11.83,3.71
,-8.928,1.388,-4.025,-8.672,0.397,-4.343,14.77,11.9,2.1
29229.0,-8.705,-0.763,-4.353,-8.705,-1.469,-4.341,-8.82,10.78,-5.18
,-8.648,-1.388,-4.245,-8.806,-1.141,-4.422,-5.74,10.92,-4.83
,-8.674,-1.649,-4.183,-8.701,-0.751,-4.499,-0.21,11.69,-3.29
,-8.801,-1.62,-4.353,-8.961,-0.309,-4.341,4.27,11.97,-1.68
29304.0,-9.019,0.505,-4.886,-8.488,-0.572,-5.037,17.78,11.69,4.34
,-8.684,0.972,-5.269,-8.808,-0.95,-4.523,14.42,9.66,2.94
,-8.476,0.96,-5.339,-8.945,-0.838,-4.348,9.1,9.1,1.82
,-8.26,0.23,-5.382,-8.914,-0.682,-4.161,4.27,10.08,1.12
29380.0,-9.076,-0.39,-4.195,-8.646,0.522,-5.15,21.14,14.91,7.28
,-8.904,-0.062,-4.836,-8.583,0.838,-4.834,19.74,13.58,7.42
,-8.485,0.23,-5.202,-8.5,0.699,-4.824,17.08,12.46,7.42
,-8.552,0.45,-5.26,-8.488,0.177,-4.759,15.12,12.11,6.79
29456.0,-8.55,-0.481,-4.748,-8.643,-0.754,-4.606,-1.89,11.34,-0.14
,-8.591,-1.048,-4.728,-8.385,-0.254,-4.846,-1.96,12.32,1.68
,-8.763,-1.177,-4.678,-8.337,0.354,-5.068,0.98,12.39,3.36
,-8.691,-1.048,-4.671,-8.332,0.919,-5.245,5.39,12.6,4.83
29532.0,-8.648,1.177,-5.372,-8.512,0.735,-4.977,11.27,8.75,1.82
,-8.725,1.039,-5.286,-8.591,0.936,-5.501,7.7,9.03,-0.63
,-8.875,1.07,-5.147,-8.368,0.414,-5.181,5.04,8.61,-2.94
,-8.739,0.96,-5.037,-8.734,0.153,-5.128,3.5,8.75,-4.76
29607.0,-8.782,0.041,-5.267,-8.181,-0.266,-5.508,8.19,9.73,-6.93
,-8.638,0.144,-5.602,-8.32,-0.706,-5.296,11.13,8.75,-7.49
,-8.428,0.395,-5.839,-8.516,-0.991,-5.367,10.43,7.98,-8.54
,-8.306,-0.115,-5.664,-8.385,-0.94,-5.243,6.86,7.56,-9.1
29683.0,-8.131,-1.256,-4.915,-8.39,-0.893,-5.504,3.08,6.3,-6.72
,-8.323,-0.914,-5.166,-8.387,-0.909,-5.619,4.62,5.46,-5.25
,-8.504,-0.945,-5.26,-8.227,-0.809,-5.762,4.83,4.9,-3.92
,-8.361,-0.998,-5.449,-7.842,-0.766,-5.81,5.18,4.34,-2.94
29758.0,-7.906,-1.177,-5.583,-8.777,-0.821,-4.972,5.74,3.71,1.33
,-8.308,-1.414,-5.425,-8.435,-0.321,-5.001,6.79,4.55,3.22
,-8.631,-1.452,-5.269,-8.473,0.146,-5.197,8.4,5.32,4.76
,-8.921,-1.385,-4.984,-8.677,0.378,-5.176,10.5,5.46,6.3
29834.0,-8.76,0.512,-5.324,-7.925,0.282,-5.427,13.02,4.62,3.99
,-8.808,0.818,-5.453,-8.299,-0.194,-5.219,12.88,4.55,2.8
,-8.538,1.158,-5.714,-8.775,-0.699,-5.068,12.18,4.41,1.33
,-8.016,0.845,-5.65,-8.804,-0.897,-5.355,9.87,5.18,0.21
29910.0,-8.507,-0.706,-5.339,-8.437,-0.134,-5.434,9.52,5.04,0.42
,-8.44,-0.175,-5.54,-8.066,-0.268,-5.932,12.95,4.69,-0.35
,-8.547,-0.014,-5.592,-7.973,-0.304,-5.992,13.51,3.92,-1.75
,-8.784,0.074,-5.446,-7.751,-0.967,-5.674,11.62,2.31,-2.8
29986.0,-7.889,-1.333,-5.834,-8.402,-0.967,-5.293,5.74,1.75,-0.49
,-8.469,-1.725,-5.65,-8.557,-0.747,-5.255,7.49,1.19,0.63
,-8.648,-1.204,-5.542,-8.622,-0.692,-5.164,10.43,0.56,1.61
,-8.437,-0.881,-5.48,-8.71,-0.531,-5.114,9.66,0.49,2.66
30062.0,-8.583,-0.438,-5.097,-8.234,-0.383,-5.769,8.89,0.0,3.08
,-8.244,-0.407,-5.255,-8.33,-0.809,-5.597,7.91,-0.42,2.87
,-8.057,-0.55,-5.305,-8.157,-0.952,-5.264,7.14,-0.84,2.87
,-8.083,-0.431,-5.504,-8.117,-0.759,-5.298,8.33,-1.19,2.52
30137.0,-8.461,-0.426,-5.382,-8.258,0.146,-5.114,13.86,-1.75,4.83
,-8.926,-0.194,-5.152,-8.337,0.129,-5.214,12.81,-1.75,3.99
,-8.806,0.036,-5.066,-8.425,-0.165,-5.339,11.13,-3.08,2.8
,-8.325,0.079,-5.061,-8.629,-0.601,-5.217,8.05,-3.08,1.82
30213.0,-8.691,-0.763,-5.073,-8.631,-1.003,-5.106,1.96,0.21,0.56
,-8.399,-0.869,-5.138,-8.775,-0.759,-4.953,2.1,-0.7,0.91
,-8.102,-0.988,-5.121,-8.569,-0.603,-5.044,2.31,-0.21,1.26
,-8.375,-0.983,-5.135,-8.193,-0.371,-5.231,3.36,0.42,1.82
30289.0,-8.047,-0.266,-5.477,-8.49,-0.852,-5.09,1.68,0.63,2.24
,-8.366,-0.366,-5.7,-8.545,-0.704,-4.927,0.56,0.91,2.38
,-8.564,-0.83,-5.556,-8.528,-0.227,-4.999,-0.7,1.47,2.73
,-8.452,-1.122,-5.121,-8.346,-0.129,-5.121,0.91,2.8,3.36
30365.0,-8.258,-0.237,-5.331,-8.354,-0.838,-5.597,-0.42,4.48,0.77
,-8.366,-0.45,-5.391,-8.402,-1.223,-5.418,-1.33,4.83,1.05
,-8.514,-0.311,-5.549,-8.373,-1.462,-5.398,-1.26,3.5,1.12
,-8.442,-0.436,-5.733,-8.423,-1.318,-5.511,-2.8,2.8,1.12
30440.0,-8.459,-0.957,-5.664,-8.253,-0.603,-5.458,-2.94,4.06,6.23
,-8.497,-0.586,-5.587,-8.588,-0.223,-5.494,-3.08,3.08,6.93
,-8.296,-0.419,-5.743,-8.77,0.072,-5.523,-4.69,1.82,6.86
,-8.095,-0.601,-5.654,-8.713,0.369,-5.396,-6.09,1.96,7.49
30516.0,-8.571,0.51,-5.372,-8.346,0.086,-5.587,-5.67,2.17,7.07
,-8.569,0.696,-5.446,-8.425,-0.112,-5.76,-6.72,2.17,6.3
,-8.547,0.749,-5.396,-8.521,-0.412,-5.721,-8.4,0.84,5.6
,-8.399,0.584,-5.583,-8.595,-0.57,-5.542,-10.92,0.0,5.25
30591.0,-8.658,-0.57,-5.42,-8.251,-0.656,-5.544,-6.65,-0.84,5.95
,-8.557,-0.285,-5.556,-8.464,-0.672,-5.719,-5.11,-1.19,5.39
,-8.342,-0.251,-5.513,-8.626,-0.735,-5.585,-5.04,-0.84,5.18
,-8.277,-0.4,-5.465,-8.526,-0.663,-5.595,-5.88,-1.96,5.39
30667.0,-8.308,-0.529,-5.592,-8.428,0.211,-5.571,-0.98,-3.71,7.91
,-8.26,-0.39,-5.487,-8.614,0.263,-5.544,-1.05,-3.85,7.7
,-8.459,-0.306,-5.384,-8.612,0.345,-5.518,-0.63,-4.34,7.0
,-8.413,0.093,-5.631,-8.246,0.292,-5.377,1.26,-4.76,6.16
30743.0,-8.768,0.086,-5.049,-8.526,0.206,-5.095,0.28,-5.04,6.23
,-8.402,0.103,-5.288,-8.557,0.244,-5.106,0.07,-6.72,5.25
,-8.081,0.136,-5.367,-8.622,0.213,-4.958,0.0,-6.58,4.76
,-7.81,-0.182,-4.882,-8.593,0.311,-4.853,1.82,-6.58,4.69
30819.0,-8.562,0.302,-4.781,-8.77,-0.007,-4.829,2.31,-6.93,1.61
,-8.488,0.354,-4.963,-8.461,0.067,-4.87,1.75,-6.37,1.89
,-8.502,0.215,-4.834,-8.394,-0.096,-4.853,0.7,-5.74,2.1
,-8.703,0.0,-4.759,-8.402,-0.12,-5.02,0.21,-5.53,1.96
30894.0,-8.461,-0.199,-4.841,-8.473,0.227,-4.381,-3.85,-6.93,0.49
,-8.643,-0.074,-4.771,-8.526,0.426,-4.719,-2.24,-6.65,0.84
,-8.729,-0.392,-4.468,-8.524,0.558,-4.819,-5.25,-6.3,1.33
,-8.576,-0.089,-4.233,-8.648,0.364,-4.731,-5.04,-6.23,0.98
30970.0,-9.117,-0.065,-4.52,-8.729,0.488,-4.721,1.26,-1.54,0.91
,-8.866,0.007,-4.566,-8.753,0.469,-4.719,0.63,-3.36,-0.63
,-8.334,0.218,-4.616,-8.691,0.38,-4.654,0.35,-3.92,-0.98
,-8.397,0.349,-4.616,-8.636,0.124,-4.769,0.07,-3.99,-1.4
31046.0,-8.677,-0.156,-4.75,-8.732,-0.323,-5.025,-7.7,-4.41,-4.48
,-8.61,-0.263,-4.745,-8.887,-0.495,-4.963,-6.02,-3.57,-3.92
,-8.598,-0.237,-4.8,-8.641,-0.503,-5.011,-3.71,-3.22,-3.08
,-8.665,-0.249,-4.915,-8.43,-0.38,-5.037,-1.61,-2.8,-1.82
31122.0,-8.306,-0.148,-5.001,-8.789,-0.074,-4.822,-3.92,-6.79,-2.38
,-8.406,0.0,-4.927,-8.985,-0.086,-4.803,-3.36,-7.07,-1.96
,-8.545,0.019,-4.795,-8.849,-0.122,-4.826,-2.38,-6.86,-1.19
,-8.725,-0.002,-4.896,-8.648,-0.086,-4.803,-1.75,-7.07,-0.7
31198.0,-8.715,0.005,-4.992,-8.466,0.239,-5.087,2.17,-5.11,2.03
,-8.902,-0.108,-5.219,-8.543,0.112,-5.025,3.36,-5.81,2.1
,-8.849,0.062,-5.262,-8.83,-0.053,-4.523,2.1,-7.91,0.84
,-8.464,0.273,-5.09,-8.928,-0.026,-4.444,0.77,-9.38,0.0
31273.0,-8.875,0.019,-4.525,-8.873,-0.177,-4.544,1.47,-9.38,-1.05
,-8.751,-0.026,-4.42,-8.899,-0.201,-4.659,1.54,-9.1,-0.14
,-8.591,-0.062,-4.599,-8.981,-0.084,-4.513,1.54,-9.03,0.63
,-8.691,-0.105,-4.578,-8.945,0.297,-4.381,2.17,-8.82,1.68
31349.0,-8.77,0.648,-4.109,-8.88,0.223,-4.075,5.46,-8.68,-0.07
,-8.906,0.665,-4.178,-8.837,0.112,-4.137,1.82,-9.03,-1.54
,-8.804,0.567,-3.941,-8.849,0.146,-4.274,-2.03,-9.24,-2.87
,-8.866,0.366,-3.929,-8.851,0.275,-4.152,-4.41,-9.17,-3.08
31424.0,-8.806,0.294,-3.972,-8.995,-0.007,-3.709,1.19,-7.77,-2.38
,-8.854,0.246,-4.073,-9.167,-0.223,-3.845,1.4,-7.28,-2.38
,-8.758,0.148,-4.106,-9.167,-0.242,-3.644,0.77,-7.14,-2.38
,-8.882,0.385,-4.369,-9.103,-0.048,-4.013,0.21,-7.14,-2.31
31500.0,-8.897,-0.014,-4.243,-8.966,-0.467,-4.264,-5.32,-7.28,-7.07
,-8.808,-0.258,-4.616,-8.978,-0.191,-4.008,-6.93,-7.77,-6.93
,-8.741,-0.558,-4.573,-9.045,0.163,-4.133,-6.65,-7.91,-6.3
,-8.914,-0.689,-4.219,-9.072,0.404,-4.511,-3.15,-7.49,-4.97
31576.0,-8.923,0.412,-4.805,-9.062,0.136,-3.766,1.19,-9.17,-3.99
,-8.856,0.031,-4.286,-9.117,0.282,-4.128,-0.84,-9.1,-3.71
,-9.072,-0.163,-4.2,-8.985,0.182,-4.094,0.21,-9.03,-3.78
,-9.064,-0.038,-3.85,-9.007,-0.007,-4.188,3.36,-8.75,-4.13
31652.0,-8.952,-0.33,-4.137,-9.189,-0.526,-3.238,1.4,-9.31,-3.99
,-8.983,-0.132,-4.396,-9.234,-0.591,-3.029,6.3,-9.1,-2.8
,-8.949,-0.211,-4.161,-9.186,-0.266,-3.163,7.56,-8.75,-1.68
,-9.026,-0.402,-3.661,-9.136,0.038,-2.991,7.98,-8.12,-0.42
31727.0,-9.28,0.079,-3.52,-9.131,-0.187,-3.687,5.11,-4.83,-1.05
,-9.11,-0.031,-3.537,-9.277,-0.103,-3.936,3.01,-4.48,-1.4
,-9.028,-0.122,-3.599,-9.162,0.194,-4.324,2.1,-3.78,-1.4
,-9.052,-0.201,-3.546,-9.012,0.369,-4.336,2.24,-3.08,-1.19
31803.0,-9.005,0.108,-4.317,-9.139,-0.529,-3.362,-1.61,-4.76,-4.76
,-9.079,-0.443,-3.946,-9.206,-0.45,-3.23,-1.89,-4.97,-4.48
,-9.143,-0.699,-3.781,-9.34,-0.373,-3.434,0.28,-4.62,-4.2
,-9.036,-0.747,-3.271,-9.198,-0.354,-3.309,3.71,-4.27,-3.43
31878.0,-9.072,-0.316,-3.276,-9.225,-0.56,-3.455,2.24,-1.33,-0.35
,-9.095,-0.333,-3.568,-9.33,-0.39,-3.553,2.38,-1.26,-0.14
,-9.036,-0.354,-3.573,-9.275,-0.098,-3.845,2.8,-0.56,0.7
,-9.028,-0.469,-3.458,-9.15,-0.019,-3.865,3.43,0.14,1.54
31954.0,-9.091,-0.139,-3.867,-9.129,0.237,-4.281,5.46,0.7,1.75
,-9.143,-0.294,-3.8,-9.024,-0.024,-4.094,6.02,0.84,1.82
,-9.265,-0.136,-3.831,-9.1,-0.227,-4.034,7.21,0.42,1.75
,-9.27,0.258,-4.432,-9.194,-0.225,-3.589,7.91,-0.07,0.98
32030.0,-9.308,-0.16,-3.539,-9.289,-0.72,-3.053,7.14,-1.12,0.84
,-9.225,-0.122,-3.62,-9.289,-0.538,-3.142,6.3,-0.91,0.56
,-9.162,-0.345,-3.355,-9.237,-0.419,-3.183,4.48,-0.63,0.63
,-9.172,-0.598,-3.094,-9.241,-0.258,-3.321,3.64,0.0,0.91
32106.0,-9.184,-0.22,-3.226,-9.091,0.129,-4.094,6.37,3.85,1.47
,-9.196,-0.067,-3.262,-8.995,-0.225,-4.343,6.09,4.62,1.47
,-9.27,-0.038,-3.47,-8.997,-0.424,-4.477,4.76,4.9,0.84
,-9.208,0.218,-3.786,-8.942,-0.488,-4.46,3.43,4.83,0.21
32182.0,-9.019,-0.476,-4.19,-9.107,-0.206,-3.908,2.8,1.82,-0.14
,-9.241,-0.385,-4.145,-9.127,-0.471,-3.805,4.48,1.19,0.21
,-9.296,-0.117,-4.259,-9.105,-0.546,-3.934,5.81,0.56,0.21
,-9.155,0.024,-4.13,-9.072,-0.572,-3.793,4.69,-0.07,-0.07
32257.0,-9.127,-0.625,-3.709,-9.117,-0.199,-3.475,4.48,-0.56,1.19
,-9.244,-0.562,-3.886,-9.131,-0.251,-3.264,5.53,-0.77,1.05
,-9.048,-0.23,-3.874,-9.177,-0.299,-3.005,5.67,-0.7,1.12
,-9.057,-0.101,-3.676,-9.32,-0.311,-3.027,4.27,-0.49,1.33
32333.0,-9.378,-0.115,-3.25,-9.148,-0.574,-3.812,1.19,1.96,0.77
,-9.316,0.024,-3.534,-9.222,-0.369,-3.946,-0.28,2.38,0.07
,-9.115,-0.266,-3.544,-9.174,-0.273,-3.867,-2.38,2.87,-0.14
,-9.122,-0.531,-3.62,-9.234,-0.246,-3.917,-2.24,3.22,0.07
32409.0,-9.112,-0.184,-3.814,-9.289,-0.285,-3.8,3.15,2.87,0.91
,-9.048,-0.139,-3.85,-9.239,-0.081,-3.843,3.15,3.08,1.05
,-9.062,-0.306,-3.656,-9.136,-0.084,-3.979,2.94,3.15,1.4
,-9.153,-0.416,-3.575,-9.136,-0.168,-3.975,3.71,3.36,1.61
32485.0,-9.016,-0.098,-4.046,-9.098,-0.215,-4.109,1.4,2.8,0.63
,-9.055,-0.11,-4.204,-9.091,-0.194,-4.073,0.49,2.45,0.42
,-9.057,-0.297,-4.128,-9.136,-0.263,-3.965,-0.21,2.1,0.56
,-9.112,-0.28,-4.18,-9.208,-0.242,-4.044,0.56,1.68,0.56
32560.0,-9.134,-0.124,-4.192,-9.16,-0.385,-3.357,1.82,-0.28,0.42
,-9.002,-0.165,-4.085,-9.325,-0.33,-3.283,1.33,-0.7,0.49
,-9.052,-0.38,-3.915,-9.373,-0.141,-3.515,1.19,-0.63,0.63
,-9.155,-0.436,-3.664,-9.21,-0.053,-3.546,2.45,-0.49,1.05
32636.0,-9.129,-0.201,-3.63,-9.232,-0.292,-3.685,0.35,0.84,0.28
,-9.153,-0.471,-3.635,-9.287,-0.132,-3.759,0.0,1.19,0.28
,-9.127,-0.598,-3.62,-9.241,0.065,-3.915,1.12,1.47,0.77
,-9.148,-0.488,-3.647,-9.038,0.057,-4.056,2.8,1.68,1.19
32711.0,-8.961,-0.189,-4.054,-9.265,-0.151,-3.599,0.7,1.33,0.35
,-9.069,-0.4,-3.944,-9.203,-0.077,-3.508,1.61,1.4,0.63
,-9.16,-0.428,-3.8,-9.201,-0.182,-3.506,3.5,1.47,1.19
,-9.239,-0.316,-3.699,-9.139,-0.237,-3.484,5.11,1.54,1.47
32787.0,-9.143,-0.313,-3.656,-9.198,-0.06,-3.692,0.7,2.73,0.56
,-9.115,-0.471,-3.69,-9.117,-0.045,-3.826,1.12,2.94,0.7
,-9.196,-0.39,-3.642,-9.16,-0.153,-3.874,2.17,3.22,1.05
,-9.217,-0.297,-3.661,-9.095,-0.179,-3.886,2.87,3.71,1.05
32863.0,-9.134,-0.254,-3.977,-9.131,-0.251,-3.817,0.0,3.71,0.49
,-9.146,-0.28,-3.996,-9.194,-0.22,-3.802,0.56,3.36,0.56
,-9.167,-0.246,-3.934,-9.213,-0.163,-3.805,1.33,3.22,0.63
,-9.158,-0.246,-3.92,-9.182,-0.156,-3.975,1.61,3.29,0.63
32939.0,-9.134,-0.146,-3.994,-9.103,-0.323,-3.984,0.63,2.94,0.14
,-9.081,-0.213,-4.061,-9.127,-0.256,-3.984,0.21,2.8,0.0
,-9.069,-0.211,-4.116,-9.11,-0.124,-3.941,0.21,2.59,-0.07
,-9.038,-0.266,-4.111,-9.15,-0.127,-3.963,0.07,2.1,0.0
33015.0,-9.103,-0.29,-3.857,-9.213,-0.141,-3.786,0.49,1.47,0.21
,-9.079,-0.313,-3.769,-9.143,0.005,-3.881,0.84,1.47,0.28
,-9.076,-0.38,-3.635,-9.081,-0.019,-3.994,1.61,1.68,0.42
,-9.16,-0.357,-3.628,-9.086,-0.225,-3.977,2.45,1.96,0.63
33090.0,-8.966,-0.38,-3.932,-9.162,-0.124,-3.85,0.56,1.89,0.07
,-9.043,-0.333,-3.867,-9.143,-0.146,-4.032,1.61,2.1,0.28
,-9.201,-0.342,-3.812,-9.036,-0.165,-4.094,2.1,2.1,0.28
,-9.244,-0.242,-3.872,-8.993,-0.223,-4.085,2.17,1.89,0.21
33166.0,-9.098,-0.249,-4.063,-9.103,-0.273,-4.015,1.33,1.33,0.0
,-9.143,-0.177,-4.087,-9.028,-0.297,-3.932,1.89,0.98,-0.14
,-9.1,-0.168,-4.08,-9.115,-0.357,-3.735,1.68,0.84,-0.21
,-9.105,-0.227,-4.02,-9.162,-0.335,-3.8,1.47,0.77,-0.21
33242.0,-9.177,-0.232,-3.642,-9.079,-0.268,-3.944,2.73,0.77,0.35
,-9.217,-0.215,-3.695,-9.043,-0.285,-3.939,1.96,0.98,0.14
,-9.172,-0.244,-3.745,-9.129,-0.385,-3.915,1.19,1.05,0.14
,-9.179,-0.22,-3.865,-9.143,-0.366,-3.865,0.91,1.05,0.0
33318.0,-9.167,-0.215,-3.982,-9.064,-0.333,-3.977,3.36,0.63,0.56
,-9.129,-0.134,-4.051,-9.074,-0.385,-3.994,3.22,0.49,0.42
,-9.098,-0.132,-4.018,-9.091,-0.426,-3.944,2.38,0.56,0.35
,-9.105,-0.273,-4.056,-9.134,-0.342,-3.903,1.75,0.14,0.21
33393.0,-9.158,-0.246,-3.814,-9.139,-0.323,-3.587,4.06,-0.21,1.19
,-9.146,-0.251,-3.644,-9.153,-0.294,-3.604,3.71,-0.14,1.4
,-9.136,-0.304,-3.484,-9.15,-0.278,-3.711,3.08,0.35,1.61
,-9.201,-0.323,-3.546,-9.098,-0.357,-3.771,2.94,0.63,1.54
33469.0,-9.093,-0.419,-3.733,-9.213,-0.445,-3.391,2.38,1.75,2.17
,-9.086,-0.457,-3.659,-9.232,-0.246,-3.503,2.87,2.17,2.52
,-9.155,-0.445,-3.546,-9.182,-0.201,-3.503,3.64,2.66,3.01
,-9.17,-0.469,-3.46,-9.139,-0.244,-3.439,4.06,3.15,3.29
33544.0,-9.076,-0.27,-3.242,-9.124,0.014,-3.807,1.12,5.88,2.59
,-9.179,-0.299,-3.321,-8.993,0.165,-3.814,1.4,6.58,2.52
,-9.141,-0.275,-3.443,-8.981,0.045,-3.771,1.68,7.0,2.38
,-9.27,-0.144,-3.752,-8.995,-0.12,-3.733,0.7,7.07,1.47
33620.0,-9.062,-0.172,-3.841,-9.299,-0.067,-3.175,-4.34,8.05,0.63
,-9.093,-0.213,-3.735,-9.27,0.232,-4.113,-3.78,8.4,0.63
,-9.143,-0.213,-3.391,-9.05,0.28,-4.829,-4.06,8.75,0.21
,-9.146,-0.034,-3.262,-8.713,-0.041,-5.056,-4.76,9.24,-0.28
33696.0,-8.557,-0.608,-4.767,-9.32,0.189,-4.061,-10.92,8.12,-0.77
,-8.607,-1.127,-4.341,-9.234,0.562,-4.389,-5.18,8.54,1.33
,-8.935,-1.278,-3.654,-8.916,0.414,-4.642,2.59,8.96,2.94
,-9.253,-0.682,-3.676,-8.6,-0.275,-4.267,9.94,9.31,3.64
33772.0,-8.882,-0.861,-3.778,-8.916,0.347,-4.379,-2.38,7.21,2.17
,-9.186,-0.715,-4.133,-9.0,0.057,-3.833,3.43,7.56,2.59
,-9.117,-0.117,-4.252,-9.091,0.12,-4.046,7.21,7.28,2.38
,-9.069,0.302,-4.24,-8.985,0.168,-4.41,6.72,7.0,2.24
33847.0,-8.928,0.225,-4.427,-9.055,-0.682,-3.664,0.21,6.93,1.54
,-8.713,-0.23,-4.556,-9.124,-0.007,-3.745,-0.56,7.21,1.82
,-8.662,-0.797,-4.29,-9.139,0.306,-4.192,0.7,7.77,2.52
,-8.928,-0.955,-3.609,-9.014,-0.055,-4.137,5.88,8.68,3.99
33923.0,-8.928,-0.538,-3.805,-8.662,0.371,-5.925,-1.61,9.17,3.01
,-8.763,-0.589,-3.826,-8.581,-0.134,-5.674,0.21,9.38,2.73
,-8.806,-0.201,-4.113,-8.701,-0.768,-5.197,2.87,8.61,1.89
,-8.849,0.302,-5.185,-8.772,-0.692,-4.276,2.1,6.93,0.7
33999.0,-8.935,0.124,-3.539,-8.677,-0.648,-4.413,20.16,7.42,4.9
,-9.17,1.161,-4.252,-8.665,-1.247,-4.046,19.81,5.6,2.59
,-9.313,1.228,-4.913,-8.827,-1.151,-4.075,8.82,3.57,-0.14
,-9.222,0.431,-4.915,-8.818,-0.359,-4.386,-4.2,2.73,-1.75
34075.0,-8.71,0.376,-4.671,-9.093,0.019,-3.585,8.33,4.27,-0.63
,-8.775,0.558,-4.659,-9.081,0.804,-4.2,5.46,4.69,-0.91
,-8.753,0.12,-4.434,-9.457,0.952,-4.63,1.68,5.88,-0.7
,-8.729,-0.297,-3.271,-8.947,0.196,-4.767,2.52,7.49,0.7
34151.0,-8.476,-1.029,-4.178,-8.758,-0.072,-4.427,-8.05,6.09,-2.31
,-8.713,-1.658,-3.676,-8.636,-0.005,-4.673,-2.59,7.84,-0.42
,-8.871,-1.364,-3.888,-8.787,-0.359,-4.36,4.83,8.12,0.21
,-8.892,-0.617,-4.156,-8.856,-0.495,-4.413,9.17,7.56,0.56
34226.0,-8.653,-0.483,-3.977,-8.696,-0.316,-4.982,8.4,10.08,2.87
,-8.71,-0.132,-4.618,-8.339,-1.342,-4.3,10.99,8.61,3.08
,-8.787,0.218,-5.173,-8.48,-1.907,-3.489,10.99,5.95,1.82
,-8.985,0.29,-5.327,-8.811,-1.57,-3.656,8.75,4.41,1.26
34302.0,-9.146,-0.823,-4.137,-8.586,0.727,-3.987,19.53,9.8,8.05
,-8.993,-0.002,-4.525,-8.844,1.342,-4.267,18.9,8.96,7.98
,-8.631,0.256,-4.432,-9.17,1.673,-4.695,15.05,10.36,7.77
,-8.375,0.345,-4.003,-9.093,1.496,-4.86,12.88,13.09,7.56
34377.0,-8.729,0.809,-4.755,-9.189,-0.397,-4.57,0.35,10.5,-2.52
,-8.291,0.156,-4.389,-9.167,-0.211,-4.87,-1.12,12.53,-3.92
,-8.277,-0.316,-4.247,-8.892,-0.01,-5.039,1.26,14.35,-3.92
,-8.619,-0.529,-4.41,-8.492,-0.012,-5.214,5.39,14.35,-2.87
34453.0,-8.318,-0.321,-5.291,-8.406,-0.165,-5.341,1.61,11.97,-3.08
,-8.425,-0.447,-5.602,-8.545,-0.558,-4.719,0.77,10.57,-3.29
,-8.531,-0.33,-5.662,-8.825,-0.907,-4.606,1.33,8.61,-3.92
,-8.253,-0.089,-5.645,-9.454,-2.86,-4.733,1.61,8.47,-4.97
34529.0,-8.442,-1.141,-4.2,-8.366,1.18,-5.765,2.66,9.8,-2.73
,-8.643,-0.859,-4.659,-8.705,0.998,-5.865,8.19,9.59,-2.03
,-8.502,-0.395,-4.389,-8.701,1.012,-5.619,11.48,9.1,-1.33
,-8.385,0.637,-5.195,-8.636,0.632,-5.374,16.1,8.54,-1.96
34605.0,-8.411,-0.057,-5.205,-8.703,-1.469,-4.972,0.49,7.0,-9.59
,-8.399,-0.737,-4.752,-8.332,-1.498,-5.386,-0.63,7.56,-8.82
,-8.492,-1.268,-4.685,-8.208,-1.402,-5.645,1.82,7.35,-7.84
,-8.579,-1.376,-4.829,-8.26,-1.122,-5.628,4.62,7.28,-6.09
34680.0,-8.167,-0.548,-5.707,-8.655,-0.031,-5.748,13.79,5.67,-0.28
,-8.27,-0.23,-5.726,-8.485,-0.541,-5.867,13.16,6.23,-0.35
,-8.717,-0.129,-5.501,-8.488,-0.897,-5.86,11.27,5.6,-0.35
,-8.99,0.036,-5.552,-8.516,-1.208,-5.619,8.82,4.06,-0.42
34756.0,-8.512,-1.11,-5.372,-8.346,0.708,-5.623,7.91,4.06,-1.26
,-8.425,-1.019,-5.217,-8.595,0.96,-5.54,9.94,4.62,-1.33
,-8.536,-0.754,-5.073,-8.631,0.517,-5.513,10.57,4.34,-0.98
,-8.279,-0.048,-5.281,-8.552,0.321,-5.47,11.48,3.64,-1.05
34832.0,-8.552,-0.579,-5.339,-8.5,-1.11,-4.898,1.96,0.63,-4.13
,-8.634,-1.007,-5.071,-8.399,-0.871,-5.14,1.89,0.21,-4.13
,-8.559,-1.003,-5.207,-8.284,-0.701,-5.365,3.15,0.21,-4.55
,-8.354,-1.165,-5.035,-8.315,-0.512,-5.544,5.18,1.47,-4.48
34908.0,-8.346,-0.828,-5.542,-8.177,-2.623,-5.293,8.33,-0.35,-2.8
,-8.454,-1.342,-5.425,-8.009,-2.871,-5.121,7.21,0.07,-1.75
,-8.574,-1.857,-5.415,-8.184,-2.357,-5.152,6.86,-0.28,-0.63
,-8.586,-2.28,-5.327,-8.569,-1.682,-5.118,7.35,-1.61,0.63
34984.0,-8.739,-0.924,-4.953,-8.507,0.086,-4.829,21.84,-0.77,8.96
,-8.725,0.045,-5.051,-8.492,-0.189,-4.882,21.42,-0.91,9.1
,-8.643,0.476,-5.049,-8.519,-0.483,-4.862,17.99,-0.98,9.1
,-8.49,0.309,-5.016,-8.478,-0.584,-4.989,13.86,-0.63,8.19
35059.0,-8.26,-0.754,-5.035,-8.641,-0.397,-4.958,12.25,-0.28,6.3
,-8.299,-0.433,-5.181,-8.648,-0.416,-5.03,14.28,-0.14,6.44
,-8.555,-0.409,-5.15,-8.6,-0.881,-4.917,14.28,-0.28,6.37
,-8.624,-0.543,-4.999,-8.567,-1.194,-4.733,14.0,-0.14,6.16
35135.0,-8.332,-1.577,-4.834,-8.296,-0.479,-4.999,6.93,-0.63,9.73
,-8.279,-1.484,-5.059,-8.583,-0.605,-4.803,7.91,-0.91,10.5
,-8.339,-1.333,-5.162,-8.82,-0.416,-4.886,10.15,-0.56,10.43
,-8.411,-0.668,-5.032,-8.715,-0.275,-4.874,13.02,-0.98,9.59
35211.0,-8.385,0.294,-5.138,-8.837,-0.175,-4.92,12.95,1.4,6.02
,-8.382,0.601,-5.238,-9.091,-0.495,-4.982,10.78,0.91,4.27
,-8.296,0.28,-5.13,-8.815,-0.646,-5.011,7.21,2.03,2.94
,-8.48,-0.101,-4.891,-8.428,-1.053,-4.939,5.74,2.87,1.96
35287.0,-8.272,-1.223,-5.071,-8.536,-0.333,-5.647,1.47,5.74,1.05
,-8.169,-1.113,-5.255,-8.528,-0.292,-5.583,3.36,6.51,0.84
,-8.394,-0.66,-5.401,-8.547,-0.424,-5.585,5.11,6.16,0.56
,-8.552,-0.27,-5.671,-8.514,-0.964,-5.451,3.36,5.04,0.35
35362.0,-8.44,-1.481,-5.262,-8.485,-0.67,-5.875,-10.99,5.74,0.91
,-8.318,-1.397,-5.556,-8.509,-0.385,-5.863,-10.5,4.55,2.38
,-8.358,-1.307,-5.702,-8.677,-0.541,-5.669,-10.78,4.06,4.27
,-8.454,-1.094,-5.731,-8.672,-0.775,-5.351,-10.71,3.22,5.25
35438.0,-8.748,-0.766,-5.085,-8.26,-0.56,-5.587,-15.33,1.12,6.23
,-8.672,-0.397,-5.379,-8.361,-0.842,-5.645,-14.35,0.63,6.44
,-8.574,-0.189,-5.494,-8.607,-1.125,-5.319,-13.58,0.14,6.65
,-8.354,-0.218,-5.564,-8.715,-0.842,-5.178,-14.49,-0.7,7.77
35513.0,-8.681,-0.658,-5.135,-8.6,0.034,-5.085,-5.81,-0.77,12.11
,-8.681,-0.352,-5.327,-8.636,0.5,-5.171,-4.83,-0.91,11.83
,-8.679,-0.302,-5.114,-8.315,0.546,-5.465,-5.81,-0.91,11.48
,-8.748,-0.292,-4.968,-8.11,0.392,-5.298,-5.6,-0.98,11.06
35589.0,-8.428,0.347,-5.372,-8.646,0.103,-5.044,-6.37,-2.31,6.3
,-8.641,0.321,-5.322,-8.674,0.311,-5.348,-6.79,-3.29,5.04
,-8.5,0.177,-5.169,-8.33,0.254,-5.164,-6.65,-3.71,3.43
,-8.543,0.098,-5.138,-8.483,0.014,-5.142,-5.11,-3.5,2.52
35665.0,-8.677,0.11,-5.042,-8.342,-0.112,-5.2,-2.87,-3.71,2.17
,-8.66,-0.048,-4.927,-8.076,-0.278,-5.032,-3.85,-4.62,1.47
,-8.806,-0.081,-4.946,-8.217,-0.416,-4.932,-4.13,-4.69,0.77
,-8.576,0.062,-5.226,-8.614,-0.589,-4.731,-4.55,-5.39,-0.21
35741.0,-8.782,-0.232,-4.831,-8.782,-0.072,-4.513,0.98,-5.81,0.49
,-8.66,0.168,-4.893,-8.538,0.01,-4.532,1.96,-5.88,1.12
,-8.598,0.194,-4.781,-8.251,-0.115,-4.609,0.07,-5.11,1.4
,-8.701,0.177,-4.652,-8.392,-0.144,-4.508,-1.82,-4.55,1.47
35817.0,-8.794,-0.278,-4.456,-8.763,0.091,-4.456,-2.03,-3.43,0.56
,-8.961,-0.136,-4.635,-8.631,0.349,-4.759,-2.03,-3.22,0.42
,-8.538,-0.079,-4.307,-8.516,0.27,-4.884,-5.67,-2.8,0.35
,-8.612,-0.081,-4.145,-8.531,0.019,-4.853,-4.62,-3.08,0.07
35892.0,-8.646,-0.093,-4.666,-8.737,0.309,-5.037,-5.53,-2.17,-1.89
,-8.662,0.038,-4.683,-8.684,-0.01,-5.006,-3.29,-1.96,-1.54
,-8.763,0.235,-4.779,-8.5,-0.263,-4.927,-1.75,-2.17,-1.12
,-8.859,0.503,-4.848,-8.449,-0.235,-4.927,-2.17,-3.08,-1.26
35968.0,-8.631,-0.134,-4.996,-8.715,0.096,-4.743,-0.91,-2.73,-2.94
,-8.835,0.175,-4.944,-8.6,-0.024,-4.812,-0.84,-3.64,-3.15
,-8.794,0.376,-4.898,-8.514,-0.156,-4.769,-2.87,-4.2,-3.29
,-8.708,0.215,-4.798,-8.799,-0.347,-4.788,-5.74,-3.99,-3.5
36044.0,-8.832,-0.39,-4.841,-8.562,-0.244,-5.023,-7.56,-4.48,-3.43
,-8.636,-0.373,-4.795,-8.65,-0.203,-4.905,-4.97,-3.92,-2.59
,-8.665,-0.285,-4.764,-8.662,-0.151,-4.886,-2.73,-3.85,-1.75
,-8.67,-0.376,-4.86,-8.839,-0.263,-4.63,-2.03,-4.55,-1.4
36120.0,-8.926,-0.144,-4.697,-8.866,-0.376,-4.817,-0.21,-5.04,-1.54
,-8.748,0.17,-4.733,-8.842,-0.44,-4.736,0.42,-5.11,-1.12
,-8.557,0.239,-4.795,-8.839,-0.342,-4.597,-0.91,-5.32,-0.63
,-8.648,-0.045,-4.81,-8.77,0.002,-4.922,-2.31,-5.18,-0.14
36195.0,-8.6,0.397,-5.123,-8.564,0.139,-4.733,9.52,-4.2,2.8
,-8.643,0.476,-4.824,-8.564,0.124,-4.702,8.61,-3.99,3.36
,-9.189,-0.062,-4.561,-8.837,0.062,-4.606,3.99,-5.88,1.19
,-8.894,0.022,-4.53,-8.885,0.139,-4.372,0.84,-8.12,-1.26
36271.0,-8.856,0.333,-4.197,-8.823,-0.321,-4.085,1.54,-7.91,-2.73
,-8.875,0.251,-4.097,-8.772,-0.191,-4.343,0.07,-7.28,-2.94
,-8.83,-0.045,-4.094,-9.021,-0.306,-4.264,-1.68,-6.37,-2.8
,-8.737,-0.349,-3.955,-9.064,-0.136,-4.25,-1.61,-5.18,-1.54
36346.0,-8.839,0.34,-4.518,-9.028,-0.469,-4.374,3.22,-7.0,-2.38
,-8.693,0.28,-4.451,-8.813,-0.328,-4.35,0.14,-7.07,-3.22
,-8.677,0.062,-4.133,-8.851,-0.278,-4.322,-2.03,-7.14,-3.43
,-8.859,-0.294,-4.19,-8.909,-0.263,-4.125,-2.03,-6.86,-3.85
36422.0,-9.057,-0.22,-4.195,-8.794,-0.39,-4.19,3.99,-6.37,-1.54
,-9.0,-0.105,-4.346,-8.854,-0.503,-4.192,4.97,-6.44,-1.12
,-8.947,-0.177,-4.556,-9.048,-0.33,-4.058,4.48,-6.65,-0.98
,-8.882,-0.38,-4.346,-9.117,-0.077,-4.494,3.78,-6.93,-1.4
36498.0,-8.906,0.168,-4.405,-9.119,-0.108,-3.525,6.72,-8.19,-2.03
,-8.849,0.112,-4.336,-9.069,0.124,-3.683,5.25,-7.98,-1.47
,-8.969,-0.196,-4.171,-9.076,0.223,-3.853,5.25,-7.56,-1.33
,-9.081,-0.232,-3.764,-9.002,0.079,-3.898,7.28,-6.86,-0.7
36574.0,-8.988,-0.053,-3.824,-8.969,-0.275,-3.451,6.51,-4.55,-0.84
,-9.026,-0.235,-3.927,-9.189,-0.333,-3.58,5.67,-4.34,-1.47
,-8.892,0.029,-3.915,-9.134,-0.342,-3.592,5.11,-4.2,-1.61
,-8.935,-0.136,-3.731,-9.131,-0.302,-3.606,2.45,-3.92,-2.03
36649.0,-9.026,0.019,-4.097,-9.016,-0.479,-3.929,3.01,-1.54,-0.14
,-9.026,-0.041,-3.946,-9.105,-0.412,-4.003,1.68,-1.54,-0.28
,-9.014,-0.06,-4.087,-9.117,-0.101,-4.14,0.28,-1.54,-0.28
,-8.942,-0.263,-4.082,-9.088,-0.101,-3.896,-0.28,-1.4,0.07
36725.0,-9.028,0.134,-4.195,-8.995,-0.383,-3.781,0.77,-2.17,-2.52
,-9.064,0.261,-4.563,-9.201,-0.524,-3.625,-0.7,-2.8,-3.64
,-8.973,0.182,-4.35,-9.299,-0.364,-3.872,-3.08,-3.08,-3.92
,-9.005,-0.105,-4.145,-9.287,-0.06,-4.204,-4.62,-3.01,-3.99
36801.0,-9.002,0.043,-4.496,-9.033,-0.089,-4.444,-1.96,-3.5,-3.92
,-8.792,-0.282,-4.346,-8.949,-0.373,-3.972,-3.36,-3.71,-3.57
,-8.911,-0.514,-4.092,-9.189,-0.792,-3.513,-2.73,-3.71,-2.87
,-9.072,-0.495,-4.089,-9.292,-0.792,-3.348,-0.21,-3.64,-2.31
36877.0,-9.194,-0.476,-3.381,-9.263,-0.359,-3.513,5.11,-2.31,0.49
,-9.076,-0.184,-3.429,-9.174,-0.172,-3.671,6.02,-1.47,0.56
,-9.06,-0.225,-3.434,-8.978,0.045,-3.747,5.11,-0.63,0.91
,-9.165,-0.452,-3.281,-8.997,-0.136,-3.687,4.76,0.21,1.61
36953.0,-9.048,-0.443,-3.362,-9.055,0.067,-4.372,3.71,2.31,1.61
,-9.229,-0.593,-3.309,-8.887,-0.215,-4.408,4.13,2.87,1.82
,-9.323,-0.4,-3.51,-8.897,-0.553,-4.281,5.04,3.43,1.82
,-9.282,-0.029,-4.094,-9.048,-0.598,-4.087,4.76,3.22,1.33
37028.0,-9.208,-0.677,-3.654,-9.1,-0.498,-3.24,9.17,2.45,3.5
,-9.112,-0.048,-4.302,-9.182,-0.756,-3.125,11.34,2.1,2.94
,-9.088,0.29,-4.19,-9.184,-0.718,-3.135,8.61,2.03,3.01
,-9.064,-0.055,-3.666,-9.265,-0.562,-3.388,4.34,2.1,2.31
37104.0,-9.234,-0.352,-3.52,-9.055,-0.232,-4.066,5.18,5.74,3.43
,-9.062,-0.124,-3.64,-9.115,-0.404,-4.252,4.41,6.16,3.5
,-9.103,-0.101,-3.853,-9.093,-0.376,-4.63,2.59,6.3,2.94
,-9.074,-0.163,-3.977,-8.964,-0.287,-4.759,0.77,6.44,2.8
37179.0,-8.823,-0.235,-4.618,-9.045,-0.026,-3.884,2.94,4.13,3.43
,-8.878,-0.297,-4.523,-9.162,-0.235,-3.553,4.27,3.64,4.06
,-8.93,-0.194,-4.446,-9.174,-0.309,-3.467,6.37,3.43,4.41
,-8.997,0.034,-4.336,-9.134,-0.165,-3.443,6.93,3.29,4.2
37255.0,-9.174,-0.069,-3.573,-9.086,-0.313,-4.056,0.98,4.69,2.03
,-9.117,0.062,-3.659,-9.153,-0.273,-4.427,-0.21,5.18,1.4
,-9.115,0.05,-3.845,-8.99,-0.122,-4.664,-2.17,5.39,0.98
,-9.093,-0.074,-4.013,-8.892,-0.077,-4.654,-3.71,5.46,0.56
37331.0,-8.811,-0.101,-4.664,-9.067,-0.416,-4.034,-1.82,3.08,0.35
,-8.806,-0.065,-4.659,-9.122,-0.349,-3.946,-0.56,2.66,0.63
,-8.894,-0.168,-4.487,-9.057,-0.23,-3.924,-0.42,2.31,0.77
,-9.005,-0.419,-4.247,-9.076,-0.153,-3.955,-0.28,1.96,0.84
37407.0,-9.045,-0.129,-3.989,-9.021,-0.007,-4.221,2.03,2.59,1.4
,-8.961,-0.16,-3.979,-8.973,0.012,-4.209,1.47,2.66,1.33
,-8.947,-0.237,-4.018,-9.048,-0.084,-4.264,1.4,2.73,1.4
,-9.031,-0.141,-4.092,-8.976,-0.108,-4.226,2.03,2.66,1.26
37482.0,-9.009,-0.168,-4.171,-9.033,-0.101,-4.255,0.28,2.1,0.84
,-9.074,-0.225,-4.044,-8.966,-0.067,-4.274,1.05,2.1,0.98
,-9.086,-0.199,-4.209,-8.961,-0.062,-4.317,2.03,1.96,0.91
,-9.014,-0.081,-4.133,-8.976,-0.072,-4.338,3.29,2.1,1.26
37558.0,-8.961,-0.139,-4.233,-8.981,-0.069,-4.101,3.43,1.4,0.84
,-8.995,-0.151,-4.015,-8.988,-0.146,-3.987,3.29,1.4,1.19
,-9.095,-0.117,-4.049,-8.969,-0.239,-4.051,3.5,1.26,1.05
,-9.079,-0.079,-4.046,-9.009,-0.156,-4.118,3.22,1.12,0.63
37633.0,-9.045,-0.122,-4.329,-8.93,-0.041,-4.381,3.22,1.26,0.49
,-9.005,-0.105,-4.24,-8.971,-0.122,-4.458,3.36,1.4,0.49
,-8.983,-0.122,-4.283,-9.033,-0.072,-4.434,3.57,1.19,0.63
,-8.964,-0.038,-4.298,-8.985,-0.014,-4.475,3.85,0.77,0.56
37709.0,-8.985,-0.012,-4.319,-9.069,-0.148,-4.03,5.18,-0.63,0.42
,-8.959,-0.091,-4.197,-9.06,-0.17,-4.02,5.25,-0.77,0.35
,-9.002,-0.124,-4.101,-9.038,-0.23,-4.042,5.32,-0.77,0.35
,-9.055,-0.136,-4.006,-9.043,-0.273,-4.051,5.18,-0.84,0.21
37785.0,-9.031,-0.237,-4.001,-8.997,0.002,-4.372,3.92,-0.56,0.07
,-9.069,-0.273,-4.02,-8.921,-0.141,-4.424,3.99,-0.14,0.07
,-9.064,-0.158,-4.089,-8.863,-0.313,-4.458,4.41,-0.14,0.0
,-9.028,-0.012,-4.192,-8.961,-0.299,-4.372,4.27,-0.42,-0.14
37861.0,-8.969,-0.235,-4.204,-8.995,-0.258,-4.066,5.95,-1.89,0.28
,-9.052,-0.227,-4.075,-8.976,-0.318,-4.133,6.16,-2.03,0.42
,-9.026,-0.206,-4.034,-8.976,-0.27,-4.283,5.74,-1.96,0.28
,-9.012,-0.223,-3.958,-8.973,-0.388,-4.152,5.11,-2.1,0.35
37937.0,-9.005,-0.445,-4.063,-9.043,-0.067,-4.149,6.65,-2.1,1.4
,-9.072,-0.383,-3.843,-8.997,-0.089,-4.216,7.7,-1.82,1.75
,-9.091,-0.242,-3.848,-9.024,-0.199,-4.164,8.47,-1.75,1.89
,-9.143,-0.12,-3.944,-8.957,-0.208,-4.121,7.98,-1.89,1.54
38012.0,-9.06,-0.22,-4.049,-9.131,-0.179,-3.702,6.44,-2.52,1.26
,-9.048,-0.258,-3.884,-9.095,-0.29,-3.647,6.65,-2.59,1.33
,-9.119,-0.261,-3.946,-9.127,-0.397,-3.606,6.58,-2.45,1.19
,-9.174,-0.208,-3.884,-9.146,-0.426,-3.824,6.44,-2.31,1.19
38088.0,-9.227,-0.402,-3.798,-8.952,-0.151,-3.865,4.41,-1.12,0.7
,-9.217,-0.242,-4.089,-9.146,-0.436,-3.838,3.92,-1.19,-0.56
,-9.076,-0.069,-4.037,-9.117,-0.414,-3.8,2.94,-1.19,-1.19
,-9.005,0.005,-4.018,-9.062,-0.103,-3.714,1.47,-1.19,-1.05
38164.0,-9.141,-0.115,-3.707,-9.119,-0.16,-4.037,-0.91,-0.7,-1.33
,-9.174,-0.16,-3.721,-9.129,-0.244,-4.209,-2.1,-0.56,-1.47
,-9.177,-0.165,-3.826,-9.038,-0.072,-4.259,-2.73,-0.35,-1.19
,-9.143,-0.141,-3.963,-8.942,-0.117,-4.207,-2.94,-0.42,-1.05
38240.0,-9.05,-0.359,-3.989,-9.174,-0.369,-3.714,-5.46,-1.54,-1.54
,-9.17,-0.555,-3.898,-9.155,-0.297,-3.652,-4.2,-1.68,-1.12
,-9.127,-0.514,-3.814,-9.196,-0.258,-3.726,-1.89,-1.61,-0.42
,-9.182,-0.397,-3.805,-9.186,-0.191,-3.872,-0.28,-1.61,0.21
38315.0,-9.093,-0.182,-3.826,-9.177,-0.297,-3.558,1.4,-0.7,1.68
,-9.124,-0.232,-3.781,-9.284,-0.237,-3.573,0.98,-0.7,1.61
,-9.122,-0.294,-3.862,-9.167,-0.124,-3.453,0.98,-0.91,1.12
,-9.048,-0.282,-3.721,-9.143,-0.112,-3.388,0.77,-0.7,0.91
38391.0,-9.153,-0.258,-3.307,-9.241,-0.471,-2.702,-1.96,1.33,-0.49
,-9.198,-0.249,-3.099,-9.256,-0.38,-2.893,-1.4,2.31,0.21
,-9.251,-0.23,-3.02,-9.225,-0.194,-3.408,-1.26,3.43,0.49
,-9.21,-0.33,-2.895,-9.11,-0.239,-3.723,-2.59,4.48,0.42
38466.0,-8.949,-0.457,-3.915,-9.206,-0.519,-3.18,-9.17,7.84,0.56
,-8.83,-0.735,-3.908,-9.282,-0.302,-2.879,-8.61,8.47,1.4
,-8.94,-0.972,-3.551,-9.311,0.029,-3.396,-6.02,9.1,2.17
,-9.002,-0.826,-3.101,-9.162,0.574,-4.03,-2.24,10.01,3.08
38542.0,-8.871,0.751,-4.518,-9.024,-0.632,-3.525,-9.59,10.92,0.91
,-8.763,0.306,-4.453,-9.086,-0.299,-3.391,-12.81,11.2,1.75
,-8.815,-0.366,-4.02,-9.05,0.005,-3.068,-12.04,12.11,2.73
,-8.964,-0.591,-4.015,-9.038,0.184,-2.946,-7.56,12.81,3.08
38618.0,-9.076,0.158,-3.367,-8.445,0.105,-5.891,-3.15,16.52,1.54
,-8.964,0.196,-3.415,-8.421,-0.62,-5.358,-4.48,15.89,1.68
,-8.928,0.337,-4.597,-8.557,-0.854,-4.853,-5.32,14.07,0.91
,-8.603,0.409,-5.784,-8.995,-0.445,-4.25,-7.98,11.83,-0.14
38694.0,-9.036,0.206,-4.322,-9.098,-1.455,-2.871,8.05,10.71,0.84
,-9.04,0.17,-4.448,-9.098,-0.254,-3.946,3.43,10.78,0.14
,-9.062,-0.608,-4.07,-9.076,0.854,-5.178,-0.91,12.32,1.96
,-9.04,-1.498,-3.307,-8.787,1.359,-6.293,0.14,14.49,4.76
38770.0,-8.363,0.842,-6.925,-9.105,0.136,-4.444,0.49,5.04,5.25
,-8.043,-0.4,-6.492,-9.119,0.51,-4.669,-1.96,5.95,5.32
,-8.409,-1.122,-5.159,-8.947,0.036,-4.482,4.55,7.56,5.81
,-8.792,-0.727,-4.616,-8.758,-0.78,-3.685,15.75,7.56,5.6
38845.0,-8.959,-0.84,-3.434,-8.358,-0.258,-5.032,15.26,9.24,8.75
,-9.153,0.024,-4.716,-8.674,-0.804,-4.381,16.52,5.88,7.56
,-9.009,0.558,-5.307,-8.725,-0.601,-4.075,13.3,3.57,6.86
,-8.514,0.51,-5.492,-8.765,-0.345,-3.939,8.54,3.99,6.93
38921.0,-9.014,-0.151,-3.838,-8.76,0.333,-3.482,14.42,7.63,7.56
,-8.99,-0.213,-3.754,-8.993,1.084,-3.932,11.62,8.75,7.49
,-8.78,-0.34,-3.321,-9.107,1.481,-4.671,9.94,10.5,7.56
,-8.67,-0.27,-3.293,-8.959,1.586,-5.142,12.46,11.83,7.98
38997.0,-8.705,1.266,-4.879,-9.201,0.847,-4.436,3.36,9.73,2.03
,-8.387,1.01,-4.544,-9.091,0.558,-4.29,2.1,11.2,0.77
,-8.378,0.972,-4.487,-8.746,0.132,-4.365,2.8,11.83,-0.49
,-8.787,0.849,-4.252,-8.514,-0.287,-4.13,3.15,11.69,-2.03
39073.0,-8.557,-0.172,-4.439,-8.519,-0.254,-5.446,-5.74,13.23,-4.55
,-8.658,-0.002,-5.31,-8.514,-0.306,-5.224,-3.5,10.43,-4.97
,-8.763,0.223,-5.602,-8.327,-0.397,-5.42,-3.08,8.82,-5.18
,-8.72,0.045,-5.681,-8.547,-0.39,-5.236,-3.92,9.31,-5.25
39148.0,-8.49,-0.534,-5.324,-8.457,-0.857,-5.109,-2.52,8.19,-3.92
,-8.402,-0.771,-5.382,-8.562,-0.538,-4.972,-3.22,8.4,-2.38
,-8.495,-1.041,-5.116,-8.452,-0.235,-5.011,-2.59,9.24,-0.42
,-8.605,-1.211,-4.815,-8.483,-0.074,-5.027,0.77,9.17,1.05
39224.0,-8.605,0.232,-4.939,-8.801,0.854,-4.314,8.54,5.53,1.33
,-8.6,0.768,-4.946,-8.933,0.823,-4.355,9.87,6.09,0.21
,-8.564,0.988,-4.769,-8.775,0.041,-5.047,9.59,6.79,-1.05
,-8.66,0.9,-4.568,-8.373,0.486,-5.248,8.05,7.84,-2.45
39299.0,-8.311,0.156,-4.81,-8.478,-1.06,-5.193,5.81,6.79,-6.93
,-8.526,-0.256,-5.008,-8.591,-1.374,-5.152,8.19,6.65,-7.28
,-8.557,-0.591,-5.233,-8.567,-1.235,-5.214,10.78,6.16,-6.37
,-8.492,-0.646,-5.482,-8.275,-1.122,-5.236,11.13,6.44,-5.04
39375.0,-8.435,-0.962,-5.171,-8.172,0.414,-5.695,13.86,7.21,2.8
,-8.693,-0.481,-5.334,-8.019,-0.019,-5.468,14.63,7.0,3.85
,-8.701,-0.179,-5.537,-8.095,-0.507,-5.535,13.65,6.23,3.08
,-8.629,0.081,-5.535,-8.457,-0.775,-5.264,12.46,5.11,1.82
39451.0,-8.832,-0.541,-5.461,-8.459,0.706,-5.298,10.85,5.18,3.36
,-8.976,-0.27,-5.293,-8.32,1.196,-5.631,12.53,5.11,3.01
,-8.715,-0.122,-5.207,-8.504,1.168,-5.767,13.86,4.83,2.38
,-8.447,0.249,-5.243,-8.459,0.727,-5.882,14.77,4.69,1.96
39527.0,-8.411,0.165,-5.884,-8.543,-1.189,-5.324,2.73,0.7,-3.85
,-8.471,-0.424,-5.642,-8.751,-1.259,-5.2,2.24,1.05,-3.57
,-8.433,-0.926,-5.382,-8.796,-1.161,-5.116,3.36,1.47,-3.15
,-8.301,-1.017,-5.363,-8.378,-0.479,-5.315,6.02,2.17,-2.24
39603.0,-8.124,-0.151,-5.303,-8.524,-0.029,-5.406,14.28,0.07,-0.84
,-8.251,0.299,-5.262,-8.279,-0.567,-5.207,14.07,0.7,-0.91
,-8.636,0.613,-5.43,-8.291,-0.905,-5.051,12.95,0.0,-1.96
,-8.677,0.586,-5.635,-8.382,-0.854,-5.087,10.22,-0.07,-2.52
39678.0,-8.579,-0.591,-5.027,-8.464,-0.275,-5.011,13.51,0.98,-2.03
,-8.552,-0.206,-5.166,-8.425,-0.17,-5.051,15.19,-0.77,-2.38
,-8.614,-0.218,-5.085,-8.346,-0.294,-5.413,13.93,-1.05,-2.59
,-8.457,-0.376,-4.903,-8.43,-0.771,-5.303,11.83,0.07,-2.94
39754.0,-8.495,-1.048,-5.214,-8.552,-1.228,-5.051,4.9,0.84,-1.26
,-8.476,-0.991,-5.272,-8.512,-1.211,-5.032,6.79,0.14,-0.49
,-8.38,-0.596,-5.528,-8.44,-1.137,-4.977,8.26,-0.14,-0.14
,-8.457,-0.883,-5.336,-8.526,-0.682,-5.011,7.7,0.28,0.42
39830.0,-8.547,-0.505,-5.229,-8.308,-2.175,-5.2,8.05,1.12,3.15
,-8.521,-0.55,-5.348,-7.894,-2.075,-5.303,6.58,1.33,3.43
,-8.392,-1.029,-5.54,-8.124,-1.622,-5.257,4.69,1.68,4.13
,-8.502,-1.728,-5.286,-8.416,-1.278,-5.059,4.34,2.03,5.46
39906.0,-8.751,-0.598,-4.927,-8.701,0.677,-4.884,16.73,1.82,11.06
,-8.727,0.144,-4.879,-8.741,0.392,-4.793,16.8,0.77,9.8
,-8.425,0.663,-4.915,-8.346,-0.067,-4.805,14.0,0.49,8.19
,-8.49,0.782,-4.867,-8.224,-0.134,-4.781,10.78,0.91,6.79
39981.0,-8.351,-0.002,-5.037,-8.512,0.012,-5.073,6.58,3.08,4.69
,-8.586,0.124,-4.972,-8.301,-0.093,-5.248,7.21,3.5,3.99
,-8.784,0.371,-5.08,-8.378,-0.543,-5.324,6.65,3.29,2.52
,-8.815,0.285,-5.068,-8.449,-0.634,-5.437,4.34,3.5,1.26
40057.0,-8.526,-0.914,-5.523,-8.344,-0.976,-5.47,-1.54,5.74,-0.98
,-8.464,-1.12,-5.475,-8.54,-1.24,-5.293,-1.12,5.95,-0.49
,-8.402,-0.857,-5.528,-8.423,-1.287,-5.475,-0.63,6.37,-0.14
,-8.308,-0.749,-5.501,-8.404,-1.314,-5.446,-0.7,7.28,0.0
40132.0,-8.33,-0.847,-5.587,-8.717,0.117,-5.599,-2.59,5.46,4.76
,-8.155,-0.483,-5.798,-8.705,0.258,-5.59,-3.85,4.41,4.69
,-8.193,-0.335,-5.731,-8.528,0.397,-5.561,-5.39,4.69,4.55
,-8.459,-0.045,-5.623,-8.378,0.261,-5.626,-6.02,4.83,4.27
40208.0,-8.435,-0.144,-5.693,-8.693,0.045,-5.274,-13.58,3.36,4.9
,-8.459,-0.503,-5.559,-8.787,0.117,-5.453,-12.32,3.85,5.11
,-8.39,-0.5,-5.511,-8.679,-0.203,-5.549,-9.03,4.76,5.46
,-8.449,-0.33,-5.36,-8.378,-0.306,-5.772,-5.46,5.18,5.67
40284.0,-8.122,-0.388,-5.717,-8.445,-0.823,-5.863,-10.71,-0.49,5.39
,-8.114,-0.579,-5.8,-8.43,-0.644,-5.822,-10.71,-0.21,5.67
,-8.258,-0.732,-5.829,-8.524,-0.242,-5.832,-9.45,-0.28,5.81
,-8.397,-0.919,-5.798,-8.416,0.345,-5.92,-7.63,-0.35,6.16
40360.0,-8.406,0.414,-5.602,-8.354,0.06,-5.65,2.38,-1.47,7.21
,-8.631,0.634,-5.513,-8.37,-0.06,-5.602,1.96,-2.87,6.3
,-8.509,0.481,-5.52,-8.244,-0.859,-5.477,-1.33,-4.2,5.04
,-8.471,0.404,-5.554,-8.425,-0.835,-5.386,-4.62,-4.97,4.13
40435.0,-8.564,-0.397,-5.513,-8.339,0.414,-5.212,-0.14,-6.65,2.03
,-8.351,-0.065,-5.389,-8.545,0.644,-5.202,-0.07,-7.28,2.8
,-8.227,-0.017,-5.353,-8.892,0.249,-4.882,-1.33,-6.72,3.43
,-8.143,0.297,-5.319,-8.954,0.412,-4.817,-1.54,-6.02,3.15
40511.0,-8.385,0.364,-5.027,-8.516,0.014,-4.877,-3.71,-7.49,-0.42
,-8.193,0.369,-5.061,-8.66,0.036,-4.858,-4.34,-7.28,-0.49
,-8.315,0.333,-5.169,-8.485,-0.153,-4.965,-4.2,-7.56,-1.05
,-8.44,0.115,-4.999,-8.387,-0.349,-4.946,-3.15,-7.49,-2.03
40587.0,-8.368,-0.476,-5.023,-8.662,-0.139,-5.867,-2.45,-6.02,-0.49
,-8.612,-0.29,-4.836,-8.315,-0.433,-5.537,-0.42,-5.95,-0.42
,-8.588,-0.096,-5.171,-8.248,-0.409,-5.243,0.91,-5.95,-0.28
,-8.581,-0.098,-5.437,-8.591,-0.342,-4.805,-0.77,-5.39,-0.07
40663.0,-8.708,-0.213,-4.764,-8.555,-0.196,-4.678,1.05,-6.58,2.59
,-8.696,-0.077,-4.707,-8.617,-0.258,-4.563,0.77,-6.65,2.38
,-8.648,-0.072,-4.805,-8.696,0.086,-4.573,-0.07,-6.37,2.59
,-8.488,-0.034,-4.992,-8.641,0.524,-4.716,-1.82,-6.23,3.29
40739.0,-8.612,0.689,-4.728,-8.904,0.057,-4.616,4.2,-4.62,3.08
,-8.579,0.603,-4.664,-8.531,0.05,-4.604,2.1,-3.85,2.8
,-8.768,0.4,-4.621,-8.428,-0.124,-4.542,0.28,-3.57,2.45
,-8.99,0.12,-4.568,-8.605,-0.101,-4.63,-1.19,-3.85,1.61
40814.0,-8.705,0.06,-4.743,-8.626,0.16,-4.822,1.89,-3.36,1.82
,-8.612,0.316,-4.805,-8.631,0.16,-4.724,1.96,-3.64,1.61
,-8.72,0.215,-4.834,-8.727,0.122,-4.597,0.28,-3.43,1.4
,-8.65,0.184,-4.853,-8.861,0.144,-4.685,-1.54,-3.43,0.77
40890.0,-8.938,0.184,-4.759,-8.677,0.182,-4.743,-1.75,-2.52,-0.14
,-8.703,0.383,-4.798,-8.83,0.402,-5.008,-3.78,-3.43,-0.98
,-8.538,0.22,-4.759,-8.811,0.589,-5.243,-5.18,-3.64,-0.98
,-8.516,0.158,-4.659,-8.591,0.586,-5.171,-3.78,-3.08,-0.56
40965.0,-8.595,0.302,-4.927,-8.772,-0.505,-5.214,-2.94,-3.71,-1.33
,-8.576,-0.179,-4.52,-8.725,-0.634,-4.901,-3.64,-3.22,-1.12
,-8.832,-0.414,-4.41,-8.674,-0.704,-4.807,-2.03,-3.08,-0.84
,-8.847,-0.373,-4.908,-8.502,-0.687,-4.834,-0.14,-3.5,-0.77
41041.0,-8.629,-0.407,-4.664,-8.854,-0.151,-4.389,5.67,-6.65,1.82
,-8.677,-0.072,-4.891,-9.002,-0.062,-4.281,7.28,-7.21,1.61
,-8.705,0.038,-4.74,-8.904,0.215,-4.353,5.67,-7.56,1.47
,-8.83,-0.012,-4.625,-8.885,0.412,-4.14,3.36,-8.05,1.54
41117.0,-8.746,0.548,-4.362,-8.804,-0.354,-4.176,3.08,-7.77,2.1
,-8.67,0.522,-4.759,-8.897,0.005,-4.092,1.82,-7.98,1.12
,-8.612,0.182,-4.8,-8.938,0.443,-4.051,0.56,-8.54,1.05
,-8.71,-0.165,-4.616,-8.949,0.644,-3.922,1.68,-8.68,1.47
41193.0,-8.89,0.438,-3.833,-8.911,-0.184,-3.702,-0.91,-7.14,-1.82
,-8.909,0.01,-3.788,-8.878,0.187,-3.984,-4.97,-6.51,-2.1
,-8.964,-0.359,-3.553,-8.882,0.455,-4.262,-5.04,-5.53,-1.61
,-8.904,-0.376,-3.573,-8.902,0.498,-4.489,-1.96,-4.41,-1.12
41268.0,-8.82,0.488,-4.676,-8.94,-0.01,-4.142,-1.82,-3.99,-2.87
,-8.772,0.366,-5.171,-9.136,0.134,-3.917,-3.36,-4.55,-3.71
,-8.665,0.239,-4.908,-9.213,0.34,-3.953,-2.52,-4.76,-3.43
,-8.792,0.117,-4.834,-9.246,0.553,-4.018,-0.56,-4.69,-2.87
41344.0,-9.021,0.467,-4.343,-9.016,-0.443,-4.164,0.35,-3.64,-3.01
,-8.878,0.105,-4.458,-9.057,-0.218,-3.963,-1.68,-3.57,-3.29
,-8.77,-0.266,-4.209,-9.122,-0.053,-4.085,-1.33,-3.64,-3.01
,-8.859,-0.514,-4.111,-9.005,-0.029,-3.975,1.05,-3.22,-2.45
41419.0,-8.921,0.127,-4.018,-8.93,-0.179,-4.039,3.78,-2.31,-1.05
,-8.997,0.337,-4.456,-9.021,-0.294,-4.106,2.87,-2.45,-1.89
,-8.76,0.637,-4.764,-9.06,-0.098,-4.212,3.01,-2.73,-2.31
,-8.792,0.297,-4.582,-9.067,0.038,-4.515,1.33,-3.01,-2.03
41495.0,-8.923,0.194,-4.764,-9.031,-0.196,-3.987,5.81,-3.85,-2.38
,-8.741,0.057,-4.628,-9.067,-0.062,-3.905,4.48,-4.2,-2.31
,-8.772,-0.194,-4.322,-9.103,-0.22,-3.666,4.9,-4.41,-1.61
,-9.036,-0.246,-4.243,-9.05,-0.23,-3.424,7.28,-4.48,-1.19
41571.0,-9.153,-0.12,-3.393,-8.954,0.144,-4.125,9.45,-2.31,0.21
,-9.083,0.091,-3.393,-8.906,-0.043,-4.221,9.38,-1.75,-0.35
,-9.15,0.373,-3.711,-8.887,-0.304,-4.058,6.58,-1.54,-0.49
,-9.021,0.321,-3.891,-8.981,-0.383,-3.915,4.13,-1.12,-1.26
41647.0,-9.045,-0.263,-3.872,-8.792,-0.421,-3.912,5.25,-0.56,-1.75
,-9.103,0.022,-4.113,-8.959,-0.629,-3.542,5.53,-0.42,-2.03
,-9.093,0.084,-4.322,-9.139,-0.359,-3.537,3.29,-0.77,-2.94
,-8.859,-0.053,-4.259,-9.261,-0.038,-3.551,0.56,-1.05,-3.08
41723.0,-9.21,0.175,-3.707,-8.768,-0.579,-4.661,0.91,1.26,-2.45
,-9.06,0.132,-4.214,-8.928,-0.613,-4.2,-1.68,1.05,-3.08
,-8.815,-0.06,-4.633,-9.115,-0.376,-4.034,-3.08,0.7,-3.29
,-8.772,-0.337,-4.884,-9.158,-0.203,-3.589,-2.45,0.21,-2.87
41798.0,-9.296,0.168,-3.941,-8.938,-1.048,-3.92,6.51,-0.21,-0.63
,-9.103,0.258,-4.346,-9.083,-0.689,-3.836,3.22,-0.56,-1.68
,-8.734,-0.091,-4.446,-9.179,-0.38,-3.582,-0.14,-0.77,-1.82
,-8.775,-0.756,-4.161,-9.27,-0.168,-3.747,-0.35,-0.63,-1.19
41874.0,-9.172,-0.136,-3.716,-9.007,-0.29,-3.898,6.3,0.63,0.91
,-9.131,-0.096,-3.898,-9.098,-0.218,-3.905,4.76,0.63,0.77
,-8.928,-0.251,-3.893,-9.15,-0.134,-4.082,3.64,0.91,0.84
,-8.933,-0.256,-3.944,-9.005,0.024,-4.231,4.06,1.26,1.12
41950.0,-8.918,-0.067,-4.262,-9.15,-0.112,-3.97,3.15,1.12,0.84
,-8.882,-0.282,-4.173,-9.208,-0.048,-3.999,3.01,1.12,0.84
,-8.981,-0.299,-4.056,-9.105,-0.017,-4.13,4.34,1.4,1.05
,-9.081,-0.17,-4.075,-9.014,-0.105,-4.281,5.32,1.33,0.91
42026.0,-9.05,-0.251,-4.434,-9.012,-0.285,-3.886,2.66,0.21,0.07
,-8.983,-0.373,-4.381,-9.088,-0.187,-3.845,3.15,0.07,0.14
,-8.969,-0.404,-4.267,-9.158,-0.053,-3.905,3.92,0.07,0.56
,-8.926,-0.366,-4.046,-9.107,0.007,-4.068,5.04,-0.07,0.84
42101.0,-8.976,-0.105,-4.116,-9.208,-0.215,-4.111,2.31,0.14,0.14
,-8.878,-0.237,-4.173,-9.182,0.026,-4.235,1.96,0.14,0.21
,-8.902,-0.385,-4.034,-9.033,0.057,-4.281,2.45,0.35,0.63
,-8.976,-0.38,-3.879,-8.995,-0.199,-4.396,3.85,0.56,0.98
42177.0,-8.899,-0.33,-4.403,-9.139,-0.227,-3.719,2.03,-0.49,0.14
,-9.012,-0.328,-4.314,-9.17,-0.045,-3.738,3.08,-0.63,0.42
,-8.988,-0.404,-4.037,-9.11,-0.022,-3.75,3.99,-0.77,0.77
,-9.06,-0.357,-3.85,-9.028,-0.223,-3.788,5.04,-0.7,1.05
42252.0,-9.014,-0.376,-3.85,-9.038,-0.242,-4.111,1.54,0.56,0.42
,-9.019,-0.278,-3.939,-9.014,-0.127,-4.207,2.59,0.63,0.49
,-9.117,-0.268,-3.939,-8.995,-0.002,-4.283,2.94,0.7,0.49
,-9.107,-0.244,-4.001,-9.026,-0.05,-4.384,3.01,0.77,0.49
42328.0,-9.009,-0.103,-4.341,-9.194,-0.285,-3.692,2.24,-0.28,0.07
,-9.021,-0.29,-4.164,-9.143,-0.163,-3.745,2.59,-0.49,0.28
,-9.067,-0.395,-3.879,-9.083,-0.112,-3.898,3.36,-0.28,0.56
,-9.177,-0.369,-3.738,-8.988,-0.172,-4.082,4.34,-0.14,0.7
42404.0,-8.966,-0.27,-4.094,-9.074,-0.148,-3.743,1.96,0.42,0.07
,-8.983,-0.335,-4.015,-9.191,-0.203,-3.711,2.31,0.42,0.21
,-9.031,-0.287,-4.013,-9.107,-0.187,-3.857,3.29,0.56,0.42
,-9.107,-0.158,-3.855,-9.088,-0.211,-3.951,3.15,0.56,0.42
42480.0,-9.069,-0.424,-3.996,-9.119,-0.203,-4.02,-0.14,1.26,0.0
,-9.019,-0.352,-4.07,-9.105,-0.191,-4.018,0.98,1.33,0.14
,-9.038,-0.263,-4.049,-9.086,-0.158,-4.078,2.1,1.47,0.21
,-9.105,-0.16,-4.044,-9.005,-0.237,-3.996,1.89,1.19,0.28
42556.0,-9.048,-0.388,-3.929,-9.11,-0.249,-3.896,1.61,1.26,0.35
,-9.081,-0.211,-3.989,-9.1,-0.239,-3.951,2.8,1.19,0.35
,-9.081,-0.12,-4.03,-9.072,-0.199,-4.046,2.59,1.12,0.14
,-9.052,-0.194,-3.838,-9.122,-0.23,-4.164,1.47,1.33,0.14
42631.0,-9.048,-0.187,-4.329,-9.127,-0.34,-3.771,0.56,0.7,-0.49
,-8.949,-0.235,-4.267,-9.186,-0.249,-3.776,0.56,0.49,-0.42
,-8.976,-0.38,-4.125,-9.177,-0.156,-3.869,0.77,0.56,0.07
,-9.064,-0.462,-3.888,-9.1,-0.146,-4.032,2.24,0.63,0.56
42707.0,-9.019,-0.187,-4.19,-9.057,-0.237,-3.814,1.12,0.91,0.21
,-8.971,-0.39,-4.166,-9.203,-0.146,-3.788,1.26,0.77,0.42
,-8.995,-0.438,-4.106,-9.15,-0.089,-3.817,2.73,0.98,0.63
,-8.978,-0.345,-3.953,-9.086,-0.124,-3.798,4.13,0.98,1.05
42783.0,-9.098,-0.239,-3.97,-9.033,-0.352,-4.188,-0.21,1.33,0.0
,-9.048,-0.246,-4.197,-9.033,-0.287,-4.061,-0.56,1.19,-0.49
,-8.995,-0.218,-4.346,-9.124,-0.141,-3.917,-0.35,0.91,-0.49
,-9.0,-0.297,-4.319,-9.153,-0.057,-3.951,0.28,0.77,0.0
42859.0,-9.093,-0.055,-3.934,-9.033,-0.364,-3.908,0.63,0.35,-0.21
,-9.024,-0.254,-3.903,-9.048,-0.44,-3.831,-0.63,0.42,-0.28
,-9.055,-0.404,-3.869,-9.11,-0.349,-3.79,-0.42,0.63,-0.21
,-9.072,-0.452,-3.982,-9.158,-0.232,-3.888,0.56,0.7,0.0
42934.0,-9.074,-0.06,-4.039,-9.095,-0.275,-4.089,1.4,1.19,0.0
,-9.038,-0.089,-4.152,-9.1,-0.211,-3.996,-0.21,1.12,-0.14
,-8.971,-0.254,-4.039,-9.122,-0.189,-3.934,-1.33,1.19,-0.21
,-9.081,-0.309,-4.061,-9.093,-0.165,-3.958,-0.98,0.98,-0.21
43010.0,-9.086,-0.194,-3.972,-9.067,-0.404,-3.891,0.21,0.49,0.0
,-9.076,-0.225,-3.955,-9.143,-0.357,-3.977,0.07,0.35,0.0
,-9.052,-0.349,-4.116,-9.16,-0.242,-4.094,0.14,0.21,-0.14
,-9.005,-0.392,-4.003,-9.055,-0.148,-4.207,1.26,0.28,0.14
43086.0,-9.057,-0.191,-4.269,-9.129,-0.237,-3.867,2.73,-0.28,0.7
,-9.024,-0.285,-4.154,-9.119,-0.196,-3.874,2.59,-0.21,0.91
,-9.002,-0.38,-3.972,-9.062,-0.254,-3.946,3.08,-0.21,1.19
,-9.088,-0.373,-3.946,-9.028,-0.278,-3.951,4.13,-0.28,1.26
43162.0,-9.072,-0.359,-3.893,-9.139,-0.089,-4.087,3.78,-0.14,1.47
,-9.103,-0.321,-3.776,-9.091,-0.093,-4.178,4.34,-0.07,1.61
,-9.155,-0.287,-3.783,-9.067,-0.156,-4.214,4.48,0.07,1.75
,-9.203,-0.203,-3.91,-9.036,-0.098,-4.214,4.34,0.0,1.47
43237.0,-8.988,-0.065,-4.137,-9.186,-0.208,-3.599,1.82,-1.4,0.0
,-9.002,-0.16,-3.982,-9.179,-0.227,-3.479,1.54,-1.4,0.28
,-9.122,-0.225,-3.845,-9.194,-0.175,-3.585,1.54,-1.54,0.42
,-9.189,-0.239,-3.656,-9.136,-0.101,-3.671,1.54,-1.4,0.77
43313.0,-9.119,-0.124,-3.671,-9.105,-0.421,-4.049,-0.56,-0.07,0.35
,-9.131,-0.347,-3.85,-9.117,-0.323,-4.128,-1.54,0.07,0.0
,-9.124,-0.553,-3.855,-9.11,-0.201,-4.137,-1.12,0.35,0.14
,-9.11,-0.572,-3.874,-9.081,-0.304,-4.056,0.77,0.56,0.56
43389.0,-9.06,-0.309,-3.826,-9.256,-0.213,-3.553,2.94,0.07,1.05
,-9.136,-0.318,-3.692,-9.232,-0.275,-3.544,3.08,0.14,0.98
,-9.15,-0.366,-3.637,-9.153,-0.369,-3.422,2.8,0.21,0.7
,-9.227,-0.22,-3.561,-9.119,-0.476,-3.197,2.59,0.49,0.42
43464.0,-9.139,-0.402,-3.19,-9.083,-0.053,-3.908,-2.03,2.73,-1.19
,-9.21,-0.266,-3.357,-9.016,-0.342,-3.989,-1.26,3.64,-0.84
,-9.227,-0.06,-3.649,-8.985,-0.522,-4.054,-1.33,3.92,-0.56
,-9.206,0.036,-3.771,-9.045,-0.744,-4.346,-2.8,3.99,-0.63
43540.0,-8.827,-0.579,-4.164,-9.258,-0.273,-4.068,-3.57,3.29,-1.33
,-8.897,-0.407,-4.195,-9.15,-0.041,-3.874,-2.52,3.29,-0.98
,-8.988,-0.462,-3.874,-9.177,-0.235,-4.08,-2.1,3.36,-0.21
,-9.206,-0.455,-3.616,-9.088,-0.414,-3.79,-0.7,3.64,0.91
43616.0,-8.99,-0.349,-3.281,-9.146,0.019,-3.087,-3.85,4.48,0.14
,-9.129,-0.122,-3.29,-9.036,-0.239,-2.871,-3.08,5.6,0.42
,-9.201,0.048,-3.08,-9.131,-0.591,-2.551,-3.08,6.65,1.05
,-9.27,0.048,-2.924,-9.335,-0.804,-3.005,-4.06,7.63,1.19
43692.0,-9.253,-0.452,-3.159,-8.502,-1.161,-4.573,-0.56,13.16,4.83
,-9.007,0.134,-4.42,-8.78,-1.445,-4.322,-0.7,11.83,2.94
,-8.679,0.364,-5.14,-9.203,-1.249,-3.336,-5.18,10.43,0.77
,-8.344,-0.208,-5.025,-9.079,-0.337,-3.575,-8.89,10.01,1.05
43767.0,-9.014,0.354,-3.745,-9.16,0.077,-4.212,15.75,12.11,5.39
,-9.105,0.548,-3.96,-9.079,0.505,-4.941,11.41,12.25,5.46
,-9.057,0.201,-4.168,-8.701,0.809,-5.123,6.02,12.25,5.11
,-9.177,-0.168,-3.979,-8.452,0.546,-4.968,4.41,12.11,6.16
43843.0,-8.6,0.0,-4.2,-9.048,0.534,-3.893,0.0,10.85,0.98
,-9.105,-0.029,-3.527,-8.832,0.249,-4.286,1.82,11.27,0.28
,-9.162,0.309,-3.695,-8.899,0.175,-3.958,3.57,11.48,-0.63
,-9.15,0.558,-3.711,-8.976,0.366,-4.413,2.24,11.55,-1.47
43919.0,-8.792,0.675,-5.231,-8.593,-2.29,-4.357,1.47,9.1,-3.57
,-8.72,0.4,-5.662,-8.911,-2.075,-3.798,-1.75,7.63,-4.48
,-8.507,-0.543,-5.772,-8.981,-1.316,-3.97,-4.13,7.77,-3.92
,-8.318,-1.819,-5.631,-9.198,-0.768,-4.238,-2.73,8.96,-1.96
43995.0,-9.131,-0.622,-4.482,-8.897,1.572,-5.518,17.78,10.01,5.67
,-8.708,-0.395,-4.429,-8.708,1.656,-5.578,14.98,10.64,6.79
,-8.679,0.043,-4.487,-8.411,1.005,-5.039,15.33,10.78,7.98
,-8.722,0.792,-4.984,-8.705,-0.029,-4.42,14.91,8.96,6.58
44070.0,-8.78,-0.696,-4.027,-8.983,-1.072,-4.039,2.45,10.43,0.84
,-8.784,-1.237,-4.101,-8.818,-0.345,-4.2,6.02,10.29,2.31
,-8.854,-1.436,-4.018,-8.593,0.481,-4.606,9.31,10.43,3.92
,-9.043,-1.357,-3.958,-8.502,1.45,-4.975,11.97,10.85,4.9
44146.0,-8.579,2.063,-5.281,-8.536,0.007,-4.386,8.82,5.11,0.56
,-8.792,2.036,-5.193,-8.701,-0.395,-4.539,0.0,4.69,-3.36
,-8.772,1.493,-4.96,-8.942,-0.72,-4.573,-8.12,5.74,-6.86
,-8.614,0.634,-4.475,-8.978,-1.015,-4.432,-12.11,7.35,-8.82
44221.0,-8.921,-0.914,-4.18,-8.402,-0.263,-5.372,4.27,11.2,-4.27
,-8.746,-0.603,-4.413,-8.342,-0.426,-5.193,7.91,10.85,-3.64
,-8.629,-0.373,-4.886,-8.531,-0.715,-4.992,8.61,9.31,-3.08
,-8.557,-0.287,-5.219,-8.524,-0.969,-4.709,6.51,8.12,-3.01
44297.0,-8.538,-1.125,-4.367,-8.775,-0.637,-5.195,1.33,13.09,-1.54
,-8.708,-0.89,-4.252,-8.449,-0.67,-5.238,4.13,12.6,-0.84
,-8.839,-0.952,-4.547,-8.244,-0.558,-5.279,4.83,11.13,-0.28
,-8.94,-0.876,-4.709,-8.27,-0.586,-5.059,5.81,9.73,0.77
44373.0,-8.397,-0.263,-4.925,-8.746,0.699,-4.831,12.18,9.73,1.75
,-8.794,0.364,-5.044,-8.727,0.565,-4.987,20.93,9.8,2.24
,-8.569,1.043,-5.432,-8.722,0.373,-5.176,19.39,9.31,0.28
,-8.593,0.974,-5.059,-8.504,0.22,-5.418,11.41,9.52,-1.19
44449.0,-8.181,-0.519,-5.377,-8.54,-0.931,-5.853,4.83,7.0,-5.18
,-8.332,-1.326,-4.872,-8.287,-1.34,-5.255,2.24,7.56,-3.92
,-8.583,-1.23,-5.095,-8.212,-1.819,-5.7,6.09,7.49,-3.36
,-8.576,-1.058,-5.444,-8.205,-2.213,-5.628,10.43,6.93,-2.87
44525.0,-8.416,-2.132,-5.303,-8.679,0.266,-5.415,12.32,5.74,6.16
,-8.748,-1.381,-5.336,-8.689,0.761,-5.42,16.38,4.76,6.86
,-8.768,-0.555,-5.382,-8.279,0.95,-5.824,18.55,3.99,6.44
,-8.631,0.0,-5.441,-8.033,0.871,-5.848,18.13,4.06,5.67
44600.0,-8.019,0.62,-5.712,-8.653,-0.916,-5.13,4.55,1.05,1.05
,-8.387,0.455,-5.729,-8.619,-1.084,-4.853,5.25,1.05,-0.21
,-8.708,-0.069,-5.54,-8.715,-0.625,-4.824,6.02,0.91,-1.26
,-8.741,-0.548,-5.185,-8.67,-0.577,-4.719,7.28,1.54,-0.98
44676.0,-8.66,-0.28,-4.798,-8.315,0.022,-5.312,11.41,2.17,-0.84
,-8.598,0.045,-5.035,-8.236,-0.184,-5.238,9.87,1.19,-1.96
,-8.492,-0.041,-5.176,-8.375,-0.239,-5.142,7.0,1.12,-2.24
,-8.466,0.098,-5.298,-8.559,-0.38,-5.14,5.53,1.61,-2.66
44752.0,-8.466,-0.897,-5.004,-8.67,-0.747,-5.044,3.22,2.24,-3.15
,-8.461,-1.149,-5.147,-8.086,-0.687,-5.049,6.23,2.87,-2.38
,-8.715,-0.699,-5.427,-7.913,-0.957,-4.922,11.83,2.38,-2.31
,-8.849,-0.579,-5.398,-8.263,-0.804,-5.183,13.3,1.61,-2.52
44828.0,-8.667,-0.768,-5.296,-8.334,-1.079,-5.173,8.54,2.87,-0.21
,-8.502,-0.878,-5.303,-8.294,-0.924,-4.965,8.19,3.5,0.63
,-8.471,-1.113,-5.296,-8.363,-0.488,-5.073,8.54,3.92,1.4
,-8.612,-1.094,-5.171,-8.617,-0.359,-5.19,8.33,3.15,2.31
44903.0,-8.624,-0.507,-5.159,-8.227,-0.672,-5.128,9.1,3.22,2.66
,-8.533,-0.438,-5.374,-8.066,-0.833,-5.164,9.45,3.71,2.1
,-8.44,-0.574,-5.43,-8.081,-0.976,-5.257,10.01,3.85,1.96
,-8.43,-0.593,-5.42,-8.339,-1.175,-5.166,10.29,3.92,2.24
44979.0,-8.617,-0.704,-5.214,-8.311,-0.744,-5.073,7.28,2.24,2.24
,-8.71,-0.598,-5.324,-8.2,-0.878,-5.087,6.37,1.4,2.24
,-8.859,-0.787,-5.116,-8.382,-0.964,-4.977,4.48,1.33,2.03
,-8.576,-0.857,-4.999,-8.459,-1.12,-5.162,3.43,1.05,2.1
45054.0,-8.526,-0.869,-5.324,-8.234,-0.383,-5.106,2.45,2.87,3.15
,-8.526,-0.282,-5.468,-8.674,-0.041,-5.341,3.78,3.5,3.01
,-8.586,-0.457,-5.197,-8.914,-0.014,-5.461,2.03,3.43,2.87
,-8.301,-0.727,-5.063,-8.677,-0.306,-5.434,0.98,3.92,2.17
45130.0,-8.399,-0.83,-5.336,-8.186,-0.38,-5.784,-1.68,6.44,0.21
,-7.995,-0.979,-5.365,-8.38,-0.498,-6.054,-1.61,6.65,0.56
,-7.932,-0.816,-5.205,-8.447,-0.967,-5.942,-0.77,5.81,1.68
,-7.959,-0.605,-5.518,-8.559,-1.175,-5.841,-1.61,4.9,2.03
45206.0,-8.409,-1.431,-5.791,-8.272,-1.256,-5.664,-3.22,4.13,1.89
,-8.282,-1.728,-5.645,-8.294,-0.95,-5.939,-2.45,4.41,3.36
,-8.277,-1.508,-5.65,-8.294,-0.608,-6.011,-1.05,4.9,4.34
,-8.315,-1.228,-5.674,-8.447,-0.38,-5.982,-1.12,4.97,5.25
45282.0,-8.512,-0.512,-5.824,-8.533,0.227,-5.58,-9.66,-0.49,8.12
,-8.528,-0.672,-5.8,-8.502,0.328,-5.669,-11.34,-1.61,8.26
,-8.423,-0.404,-5.69,-8.488,0.163,-5.535,-11.48,-2.17,8.54
,-8.421,-0.158,-5.595,-8.387,-0.122,-5.487,-11.13,-2.38,8.4
45358.0,-8.442,-0.165,-5.37,-8.457,-0.115,-5.307,-11.69,-2.24,7.28
,-8.533,-0.057,-5.492,-8.588,-0.306,-5.255,-10.5,-2.8,7.14
,-8.6,0.067,-5.535,-8.607,-0.538,-5.396,-9.31,-3.64,6.86
,-8.49,0.12,-5.42,-8.684,-0.589,-5.262,-8.75,-3.57,6.3
45433.0,-8.521,-0.467,-5.511,-7.959,-1.007,-6.219,-4.06,-4.83,6.65
,-8.385,-0.524,-5.523,-8.222,-0.627,-5.798,-2.94,-5.46,7.21
,-8.22,-0.567,-5.726,-8.514,-0.605,-5.54,-3.01,-6.72,7.63
,-8.327,-0.651,-5.846,-8.581,-0.608,-5.389,-2.66,-6.93,7.77
45509.0,-8.215,-0.27,-5.523,-8.344,0.438,-5.042,0.56,-7.98,9.59
,-8.184,-0.165,-5.477,-8.502,0.278,-4.8,1.4,-7.42,10.08
,-8.552,0.069,-5.252,-8.815,-0.022,-4.681,1.33,-8.12,10.15
,-8.423,0.376,-5.41,-8.71,-0.199,-4.817,0.84,-9.52,9.52
45585.0,-8.768,-1.098,-4.738,-8.38,0.28,-5.085,8.75,-8.96,6.3
,-8.636,-0.055,-5.401,-8.476,0.455,-4.91,12.11,-9.94,7.42
,-8.555,0.05,-5.453,-8.49,0.598,-4.86,9.52,-10.29,8.54
,-8.354,0.117,-5.236,-8.579,0.761,-5.004,8.19,-9.87,8.68
45661.0,-8.76,0.883,-4.932,-8.961,0.919,-4.451,3.15,-9.87,4.34
,-8.787,1.082,-4.848,-8.399,0.823,-4.594,1.75,-8.68,3.36
,-8.715,1.012,-4.726,-8.287,0.424,-4.439,-0.21,-7.21,2.24
,-8.827,0.859,-4.508,-8.705,0.048,-4.183,-1.4,-6.51,0.84
45736.0,-8.885,0.105,-4.279,-8.705,0.369,-4.697,-3.36,-5.74,-1.82
,-8.78,0.486,-4.556,-8.514,0.206,-4.621,-1.19,-5.32,-1.68
,-8.703,0.68,-5.078,-8.684,-0.077,-4.396,5.95,-4.48,-1.96
,-8.777,0.421,-4.8,-8.844,-0.208,-4.422,5.74,-4.62,-2.1
45812.0,-8.693,-0.287,-4.525,-8.562,0.144,-4.75,-4.69,-4.34,-4.06
,-8.741,-0.041,-4.578,-8.648,0.01,-4.783,-3.64,-4.48,-3.5
,-8.839,0.096,-4.616,-8.758,-0.168,-4.697,-3.43,-4.83,-3.36
,-8.703,0.251,-4.764,-8.77,-0.153,-4.7,-4.48,-4.76,-3.5
45887.0,-8.679,-0.122,-4.769,-9.031,-0.211,-4.568,-1.82,-3.22,-2.17
,-8.626,-0.261,-4.771,-8.717,-0.124,-4.728,0.07,-2.1,-1.19
,-8.82,-0.33,-4.652,-8.387,-0.072,-4.724,2.45,-1.19,0.21
,-8.928,-0.302,-4.57,-8.435,-0.177,-4.779,4.06,-0.98,1.33
45963.0,-8.82,-0.361,-4.652,-8.722,-0.05,-4.547,-3.5,-3.64,0.77
,-8.849,-0.249,-4.547,-8.792,-0.151,-4.496,-1.82,-4.06,0.56
,-8.777,-0.048,-4.585,-9.05,0.069,-4.391,-0.14,-3.64,0.7
,-8.717,0.002,-4.609,-9.0,0.235,-4.494,-0.14,-3.08,1.12
46039.0,-8.933,0.433,-4.561,-8.885,-0.383,-4.209,0.77,-5.04,0.42
,-8.634,0.474,-4.52,-8.952,-0.266,-4.25,-2.03,-5.25,-0.49
,-8.559,0.239,-4.494,-8.949,-0.007,-4.137,-4.06,-4.76,-1.12
,-8.588,-0.151,-4.35,-8.949,0.089,-4.235,-3.5,-3.78,-0.77
46115.0,-8.957,0.237,-4.41,-8.839,0.505,-4.322,4.2,-1.96,1.26
,-8.715,0.529,-4.623,-8.851,0.261,-4.034,3.22,-2.66,0.63
,-8.571,0.701,-4.532,-8.959,0.256,-4.087,2.03,-2.66,0.35
,-8.782,0.66,-4.48,-9.088,0.34,-4.152,0.91,-2.52,0.07
46191.0,-8.792,0.56,-4.448,-8.83,-0.44,-4.47,-5.32,-2.45,-4.34
,-8.693,0.313,-4.396,-8.906,-0.447,-4.477,-7.42,-2.31,-4.41
,-8.882,-0.093,-4.245,-8.832,-0.352,-4.415,-7.49,-1.96,-4.27
,-8.794,-0.328,-4.417,-8.83,-0.258,-4.317,-5.74,-1.61,-4.34
46266.0,-8.926,-0.081,-4.19,-8.784,-0.304,-4.379,2.24,-0.77,-1.26
,-8.938,0.127,-4.712,-8.705,-0.349,-4.149,2.31,-1.54,-1.4
,-8.801,0.215,-4.795,-8.787,-0.321,-4.341,0.42,-2.1,-1.68
,-8.839,-0.01,-4.561,-8.935,-0.194,-4.286,-2.24,-2.45,-2.1
46342.0,-8.985,-0.024,-4.149,-8.933,0.369,-4.336,0.07,-2.59,-1.96
,-8.904,0.084,-4.252,-8.878,0.392,-4.424,-0.07,-2.38,-1.68
,-8.789,0.206,-4.03,-8.875,0.302,-4.645,-0.07,-2.1,-1.54
,-8.964,0.273,-4.324,-8.897,0.014,-4.573,-0.21,-2.1,-1.75
46418.0,-8.804,-0.103,-4.649,-8.887,-0.029,-4.805,-3.5,-3.5,-4.2
,-8.787,-0.175,-4.755,-8.904,-0.194,-4.456,-1.61,-3.71,-4.2
,-8.894,-0.156,-4.539,-8.904,-0.127,-4.535,0.42,-4.13,-3.99
,-8.928,0.034,-4.649,-8.904,-0.268,-4.537,2.17,-4.55,-3.85
46494.0,-8.976,-0.211,-4.441,-8.973,0.034,-4.228,0.98,-5.46,-3.01
,-8.899,-0.218,-4.121,-8.978,-0.053,-3.955,1.89,-5.04,-2.17
,-8.938,-0.05,-4.499,-8.933,-0.077,-4.219,2.52,-5.32,-2.31
,-8.988,-0.007,-4.099,-8.827,-0.105,-4.003,3.15,-4.9,-1.61
46569.0,-9.04,-0.067,-4.195,-9.005,-0.103,-4.164,4.76,-3.78,-0.7
,-8.99,-0.084,-4.099,-8.94,-0.11,-4.008,5.04,-3.78,-0.84
,-9.021,0.012,-4.298,-8.993,-0.022,-4.073,5.18,-3.71,-0.56
,-8.906,-0.053,-4.02,-9.112,-0.12,-3.958,5.46,-3.29,-0.07
46645.0,-9.105,-0.031,-4.068,-9.019,-0.06,-4.075,6.65,-2.1,0.91
,-9.048,0.062,-4.025,-8.921,0.438,-4.582,6.65,-1.89,0.91
,-8.971,-0.045,-4.039,-9.012,0.471,-4.704,5.53,-1.61,0.91
,-9.095,-0.254,-4.049,-8.959,0.273,-4.704,4.76,-1.54,0.49
46720.0,-8.849,-0.036,-4.353,-9.026,-0.079,-4.013,-0.21,-4.06,-2.52
,-8.938,-0.17,-4.525,-9.067,-0.115,-3.764,1.47,-4.27,-2.24
,-8.969,-0.34,-4.156,-9.143,-0.148,-3.661,3.15,-4.69,-2.17
,-9.043,-0.096,-4.087,-9.115,-0.069,-3.948,4.97,-4.62,-1.68
46796.0,-9.005,-0.043,-4.195,-9.16,-0.361,-3.685,4.76,-4.13,-1.47
,-8.911,-0.436,-3.92,-9.127,-0.014,-3.786,3.43,-3.99,-0.77
,-9.057,-0.68,-3.817,-9.196,0.086,-3.946,4.97,-3.5,0.0
,-9.069,-0.637,-3.781,-9.081,0.098,-4.159,9.03,-3.01,0.7
46872.0,-9.005,-0.034,-4.391,-9.241,-0.526,-3.594,5.04,-4.27,-1.75
,-8.914,-0.316,-4.197,-9.316,-0.292,-3.568,4.13,-4.06,-1.26
,-8.859,-0.337,-4.279,-9.237,-0.019,-3.697,6.79,-3.92,-0.49
,-8.993,-0.469,-3.955,-9.136,0.079,-3.927,8.89,-3.64,0.42
46948.0,-9.036,-0.086,-3.589,-9.11,-0.354,-3.549,5.46,-2.66,-0.35
,-9.002,-0.278,-3.831,-9.005,-0.464,-3.479,5.32,-2.59,0.14
,-8.983,-0.297,-3.86,-9.117,-0.586,-3.326,5.6,-2.38,-0.21
,-9.043,-0.244,-3.798,-9.174,-0.601,-3.254,5.32,-2.17,0.07
47023.0,-9.146,-0.756,-3.07,-9.136,0.014,-4.109,2.59,0.42,0.42
,-9.107,-0.802,-2.915,-9.079,0.103,-4.369,2.45,1.54,0.56
,-9.139,-0.605,-3.142,-8.966,-0.022,-4.602,2.87,2.66,0.35
,-9.256,-0.27,-3.664,-8.83,-0.156,-4.544,2.52,3.22,0.0
47099.0,-8.904,-0.187,-4.283,-9.251,-0.031,-3.659,0.84,1.82,0.42
,-9.105,-0.268,-3.903,-9.177,-0.158,-3.757,2.03,1.68,0.77
,-9.301,-0.184,-3.697,-9.045,-0.373,-3.759,3.15,1.54,0.7
,-9.246,-0.091,-3.494,-9.033,-0.517,-3.939,3.15,1.82,0.49
47175.0,-9.05,-0.364,-4.135,-9.028,-0.223,-4.212,2.24,2.73,-0.35
,-9.052,-0.06,-4.257,-9.105,-0.321,-4.085,3.15,2.38,-0.35
,-9.007,0.067,-4.322,-9.148,-0.378,-3.982,2.38,1.75,-0.49
,-8.988,-0.089,-4.276,-9.174,-0.261,-4.046,1.19,1.54,-0.49
47251.0,-9.036,-0.237,-4.066,-9.208,-0.313,-3.877,3.43,0.56,-0.21
,-9.031,-0.242,-4.008,-9.213,-0.28,-3.774,3.22,0.28,-0.07
,-9.016,-0.359,-3.92,-9.177,-0.352,-3.826,3.15,0.28,0.07
,-9.158,-0.395,-3.896,-9.06,-0.349,-3.826,3.71,0.56,0.21
47327.0,-9.04,-0.361,-3.745,-9.079,-0.409,-3.872,3.5,1.19,0.56
,-9.086,-0.292,-3.924,-9.112,-0.345,-3.9,4.55,1.4,0.84
,-9.086,-0.266,-3.96,-9.201,-0.163,-3.951,4.9,1.33,0.77
,-9.064,-0.261,-3.946,-9.162,-0.072,-3.955,4.48,1.33,0.91
47402.0,-9.117,-0.199,-3.898,-9.119,-0.426,-3.833,0.84,1.26,0.0
,-9.11,-0.328,-3.944,-9.15,-0.203,-3.922,0.35,1.33,-0.21
,-9.06,-0.44,-3.953,-9.143,-0.031,-4.022,0.91,1.33,0.07
,-9.069,-0.428,-3.865,-9.107,-0.124,-4.068,1.82,1.47,0.49
47478.0,-9.067,-0.232,-4.178,-9.057,-0.349,-4.027,1.68,1.33,0.28
,-8.969,-0.189,-4.219,-9.127,-0.4,-3.991,1.96,0.91,0.28
,-9.055,-0.225,-4.221,-9.086,-0.388,-3.948,1.89,0.84,0.28
,-9.091,-0.352,-4.149,-9.067,-0.371,-3.857,2.1,0.56,0.42
47553.0,-9.064,-0.426,-3.79,-9.088,-0.299,-3.896,3.92,0.49,1.19
,-9.086,-0.383,-3.807,-9.064,-0.191,-3.865,4.06,0.77,1.4
,-9.083,-0.316,-3.843,-9.15,-0.019,-4.125,4.34,0.84,1.61
,-9.083,-0.294,-3.891,-9.009,-0.065,-4.123,4.34,0.77,1.54
47629.0,-8.947,-0.225,-4.011,-9.16,-0.407,-3.642,1.68,0.7,1.26
,-9.019,-0.388,-3.893,-9.177,-0.445,-3.654,1.68,0.35,1.12
,-9.119,-0.313,-3.872,-9.21,-0.364,-3.747,2.31,0.63,1.19
,-9.141,-0.299,-3.75,-9.177,-0.175,-4.003,2.1,0.91,1.4
47705.0,-9.024,-0.232,-4.068,-9.143,-0.168,-4.027,0.84,1.33,1.33
,-9.0,-0.397,-4.066,-9.146,-0.182,-3.996,1.19,1.47,1.68
,-9.016,-0.392,-4.066,-9.076,-0.163,-3.92,2.87,1.33,2.1
,-9.124,-0.273,-4.121,-9.098,-0.129,-3.888,4.41,1.19,2.17
47781.0,-9.1,-0.098,-3.941,-9.026,-0.28,-3.96,2.66,0.84,1.4
,-9.036,-0.12,-3.989,-9.1,-0.302,-3.886,1.68,0.63,1.12
,-9.067,-0.28,-4.013,-9.174,-0.194,-3.9,1.19,0.49,0.98
,-9.074,-0.292,-4.003,-9.172,-0.05,-3.869,1.68,0.42,0.98
47856.0,-9.057,-0.055,-3.967,-9.153,-0.227,-3.953,1.68,0.49,0.84
,-9.038,-0.187,-3.915,-9.081,-0.232,-3.922,0.14,0.42,0.7
,-9.062,-0.395,-3.798,-9.086,-0.333,-3.848,0.0,0.63,0.77
,-9.143,-0.337,-3.795,-9.11,-0.294,-3.896,0.91,0.63,0.91
47932.0,-9.043,-0.175,-3.917,-9.074,-0.129,-4.037,1.82,0.84,0.98
,-9.182,-0.158,-3.972,-9.0,-0.239,-3.96,2.1,0.7,1.05
,-9.129,-0.199,-4.058,-9.11,-0.23,-3.853,2.31,0.63,1.05
,-9.103,-0.108,-3.953,-9.143,-0.239,-3.867,2.94,0.63,1.05
48007.0,-9.093,-0.208,-3.802,-9.045,-0.333,-3.592,2.8,0.49,0.7
,-9.17,-0.211,-3.855,-9.16,-0.306,-3.709,2.52,0.56,0.56
,-9.083,-0.22,-3.853,-9.162,-0.184,-3.752,2.24,0.63,0.56
,-9.083,-0.263,-3.704,-9.136,-0.165,-3.774,1.54,0.84,0.63
48083.0,-9.189,-0.112,-3.955,-9.067,-0.27,-4.018,1.75,1.75,0.07
,-9.105,-0.103,-4.015,-9.072,-0.359,-3.884,1.05,1.96,-0.07
,-9.048,-0.151,-4.025,-9.139,-0.395,-3.862,0.49,2.03,-0.07
,-9.095,-0.158,-4.07,-9.095,-0.323,-3.726,0.35,1.68,-0.42
48159.0,-9.107,-0.388,-3.613,-9.1,-0.311,-4.089,-0.63,1.96,-1.12
,-9.15,-0.359,-3.738,-9.052,-0.23,-4.113,0.0,2.31,-0.84
,-9.031,-0.325,-3.666,-9.06,-0.179,-4.078,0.35,2.45,-0.35
,-9.091,-0.354,-3.795,-9.076,-0.201,-4.022,0.91,2.59,0.07
48235.0,-9.222,-0.409,-4.018,-9.038,-0.414,-3.829,0.84,2.17,-0.91
,-9.172,-0.184,-3.96,-9.033,-0.715,-3.774,-0.49,1.82,-2.66
,-9.009,0.134,-3.795,-9.072,-0.581,-3.69,-2.17,1.47,-3.29
,-8.978,-0.017,-3.8,-9.091,-0.581,-3.465,-4.55,1.54,-3.36
48311.0,-9.191,-0.637,-3.199,-9.124,-0.354,-4.192,4.13,4.55,1.96
,-9.282,-0.452,-3.195,-8.859,-0.409,-4.343,5.88,5.32,2.73
,-9.301,-0.235,-3.429,-8.94,-0.507,-4.47,6.23,5.74,3.22
,-9.22,-0.074,-3.86,-8.832,-0.376,-4.343,5.18,5.88,3.08
48386.0,-8.947,-0.534,-4.001,-9.083,0.383,-3.865,4.97,4.41,2.17
,-9.134,-0.548,-3.731,-8.978,0.235,-3.845,5.67,4.76,1.96
,-9.287,-0.519,-3.577,-9.019,-0.287,-3.695,5.95,4.97,1.26
,-9.246,-0.019,-3.676,-8.99,-0.761,-3.376,5.32,4.97,0.35
48462.0,-9.064,-0.692,-3.171,-8.973,0.203,-3.951,0.63,7.98,2.73
,-9.155,-0.407,-3.403,-8.935,-0.12,-3.453,3.64,8.61,3.01
,-9.124,0.041,-3.807,-9.083,-0.124,-3.101,3.78,8.47,2.87
,-9.033,0.12,-3.932,-9.251,0.261,-3.482,1.61,8.47,3.22
48538.0,-9.172,0.749,-3.865,-9.026,-1.541,-3.647,-5.6,10.29,0.49
,-8.918,0.921,-4.602,-9.098,-1.07,-4.118,-11.06,9.59,-1.54
,-8.67,-0.012,-4.293,-8.875,-0.28,-4.585,-16.94,10.08,-1.75
,-8.693,-1.101,-3.802,-8.71,0.302,-5.121,-15.68,12.18,0.28
48614.0,-8.689,0.067,-4.848,-8.954,1.268,-4.87,6.3,12.18,5.11
,-8.918,-0.388,-4.448,-8.777,1.421,-5.207,5.74,13.09,5.74
,-9.036,-0.471,-3.769,-8.605,0.543,-5.377,8.05,14.21,5.67
,-9.115,0.218,-3.467,-8.49,-1.048,-4.913,11.83,14.07,4.55
48689.0,-8.648,-1.869,-3.807,-8.93,0.261,-4.984,-10.71,12.18,1.4
,-8.856,-1.457,-4.08,-8.794,-0.357,-4.618,0.21,12.25,2.17
,-8.966,-0.479,-4.578,-8.775,-0.309,-4.14,6.58,10.22,1.68
,-9.064,0.292,-4.905,-8.839,0.447,-4.676,5.32,8.4,1.47
48765.0,-8.914,1.05,-5.281,-8.667,-0.771,-3.676,5.53,5.67,1.68
,-8.849,1.017,-5.86,-8.607,-0.572,-4.448,-1.47,3.78,-0.14
,-8.796,0.211,-5.803,-8.681,-0.421,-4.408,-7.98,2.87,-0.98
,-8.815,-0.495,-5.178,-8.748,-0.194,-4.489,-8.47,3.29,-1.19
48840.0,-8.894,-0.352,-4.228,-9.155,1.251,-4.549,5.81,5.53,1.33
,-8.818,-0.459,-3.8,-9.043,1.115,-5.346,7.07,7.28,2.52
,-8.794,-0.084,-3.396,-8.538,0.634,-5.602,10.85,8.47,3.29
,-8.906,0.639,-3.762,-8.378,-0.196,-5.061,11.34,7.07,2.24
48916.0,-8.686,-0.955,-4.527,-8.952,-1.153,-4.03,-4.62,4.69,-2.38
,-8.849,-1.216,-4.223,-9.009,-0.991,-3.671,1.75,5.32,-1.75
,-8.806,-1.12,-4.156,-9.057,-0.282,-3.934,5.46,5.46,-1.19
,-8.823,-1.089,-4.149,-8.784,0.629,-5.08,7.0,6.09,-0.28
48992.0,-8.744,0.993,-5.494,-8.76,-0.68,-3.759,15.12,4.62,3.29
,-8.373,0.754,-5.532,-8.899,-0.488,-3.963,10.08,4.9,2.45
,-8.196,0.055,-5.063,-9.069,-0.304,-3.944,7.42,6.86,2.03
,-8.469,-0.644,-4.066,-9.009,-0.23,-3.977,9.38,9.24,2.45
49068.0,-8.631,-0.132,-3.829,-8.739,1.036,-5.157,8.75,11.34,2.17
,-8.626,0.139,-3.872,-8.665,0.593,-4.953,9.94,12.32,2.52
,-8.665,0.689,-4.374,-8.684,0.043,-4.547,10.71,11.48,1.75
,-8.806,1.094,-4.812,-8.545,-0.507,-4.403,9.17,10.85,0.07
49144.0,-8.555,-1.192,-4.245,-8.679,-1.292,-4.75,3.57,15.96,-1.05
,-8.614,-1.725,-4.29,-8.574,0.034,-5.284,4.9,15.75,0.91
,-8.617,-2.199,-4.405,-8.16,1.019,-5.786,7.49,16.17,3.43
,-8.636,-2.099,-4.456,-8.21,1.385,-5.75,11.9,16.03,5.53
49219.0,-8.248,1.031,-5.698,-8.701,-0.28,-4.752,5.53,9.73,-0.63
,-8.478,0.45,-5.152,-8.437,-0.246,-4.831,-1.05,10.64,-2.38
,-8.619,-0.306,-4.671,-8.622,-0.263,-4.728,-3.78,12.53,-3.36
,-8.672,-0.436,-4.482,-8.832,-0.141,-4.838,-2.31,13.3,-3.99
49295.0,-8.806,0.146,-4.98,-8.449,0.44,-5.956,11.2,13.65,-1.68
,-8.485,0.663,-5.662,-8.866,0.029,-5.729,13.23,13.3,-2.52
,-8.224,1.11,-5.98,-8.409,-0.948,-5.626,12.81,13.16,-3.64
,-8.452,0.598,-5.497,-7.734,-1.539,-5.463,17.99,14.21,-3.85
49371.0,-7.607,-1.699,-5.788,-8.057,-0.555,-5.927,4.2,10.36,-3.64
,-8.579,-1.582,-5.851,-7.918,-0.122,-5.951,5.88,9.38,-2.59
,-8.772,-1.819,-5.901,-8.026,-0.203,-5.944,9.66,8.4,-1.68
,-8.567,-1.204,-5.944,-8.361,-0.321,-5.877,11.9,7.98,-1.26
49447.0,-8.466,-0.603,-5.791,-8.416,-0.768,-5.499,1.68,3.15,0.77
,-8.452,-0.869,-5.784,-8.516,-0.55,-5.544,1.75,3.99,1.68
,-8.43,-0.95,-5.642,-8.607,-0.112,-5.508,4.13,4.27,2.45
,-8.337,-0.835,-5.506,-8.672,0.086,-5.382,6.37,3.85,2.94
49522.0,-8.294,0.352,-5.659,-8.2,-0.383,-5.891,14.42,1.19,1.12
,-8.181,0.218,-5.542,-8.224,-1.074,-5.688,12.53,2.31,0.77
,-8.258,0.124,-5.53,-8.459,-1.505,-5.638,12.04,1.89,0.07
,-8.179,0.158,-5.8,-8.531,-1.534,-5.511,10.92,0.7,-0.77
49598.0,-8.614,-1.575,-5.36,-8.327,0.708,-5.575,13.16,2.59,3.92
,-8.595,-1.173,-4.963,-8.557,1.027,-5.642,14.91,1.75,4.69
,-8.313,-0.589,-5.188,-8.591,0.983,-5.532,15.05,-0.35,4.27
,-8.105,0.026,-5.322,-8.576,0.782,-5.391,13.44,-1.19,3.36
49673.0,-8.492,0.443,-5.193,-8.38,-0.981,-5.166,2.03,-1.05,-3.64
,-8.234,-0.122,-5.138,-8.368,-0.749,-5.286,0.35,-0.21,-3.92
,-8.22,-0.677,-4.927,-8.385,-0.354,-5.463,1.19,0.28,-3.5
,-8.318,-0.924,-5.032,-8.5,-0.278,-5.523,3.15,-0.35,-3.5
49749.0,-8.447,-0.706,-5.451,-8.311,-1.737,-5.262,4.9,0.35,-2.1
,-8.476,-1.007,-5.355,-8.378,-1.811,-5.236,3.22,0.49,-1.47
,-8.234,-1.34,-5.276,-8.459,-2.029,-5.257,1.47,0.63,-1.05
,-8.21,-1.524,-5.24,-8.325,-2.252,-5.379,1.61,1.68,-0.14
49825.0,-8.117,-1.922,-5.485,-8.552,-0.213,-5.788,9.1,0.63,8.4
,-7.937,-1.409,-5.726,-8.631,-0.168,-5.611,12.25,0.77,9.52
,-8.078,-0.943,-5.836,-8.531,-0.29,-5.185,14.28,1.05,10.15
,-8.375,-0.488,-5.798,-8.22,-0.321,-5.095,15.75,0.84,10.36
49901.0,-8.241,-0.321,-4.944,-8.21,0.156,-5.257,13.58,1.33,7.84
,-8.346,-0.483,-5.008,-8.239,0.581,-5.312,12.88,0.84,7.63
,-8.267,-0.577,-4.913,-8.332,0.215,-5.047,13.16,0.77,7.63
,-8.275,-0.189,-5.097,-8.708,-0.23,-4.958,13.72,0.35,7.21
49977.0,-8.76,-0.56,-4.87,-8.315,-0.519,-5.13,4.97,0.14,2.31
,-8.421,-0.543,-4.891,-8.454,-0.014,-5.389,4.76,0.42,1.61
,-8.241,-0.625,-4.874,-8.461,0.036,-5.42,3.36,1.33,1.54
,-8.222,-0.701,-4.932,-8.447,0.115,-5.611,2.31,2.31,1.47
50052.0,-8.655,0.053,-5.793,-8.095,-1.656,-5.427,-0.14,5.18,-0.56
,-8.603,-0.275,-5.616,-8.327,-1.426,-5.815,-2.31,4.27,-1.12
,-8.009,-0.739,-5.59,-8.488,-1.34,-5.934,-3.99,4.13,-1.12
,-7.882,-1.326,-5.408,-8.418,-1.23,-5.855,-4.62,4.76,-0.21
50128.0,-8.303,-1.077,-5.755,-8.078,-0.675,-5.776,-4.06,5.11,3.15
,-8.373,-0.943,-5.781,-8.133,-0.72,-5.669,-4.62,4.55,3.36
,-8.406,-0.964,-5.843,-8.358,-0.668,-5.47,-5.25,3.85,3.78
,-8.306,-0.881,-5.736,-8.483,-0.33,-5.439,-5.18,2.52,4.55
50204.0,-8.581,0.191,-5.604,-8.37,0.519,-5.532,-5.32,2.1,6.65
,-8.552,0.553,-5.504,-8.334,0.244,-5.396,-6.65,1.96,5.88
,-8.564,0.579,-5.403,-8.528,0.493,-5.501,-8.4,1.54,5.25
,-8.37,0.522,-5.441,-8.552,0.239,-5.788,-10.43,0.7,4.55
50280.0,-8.358,-0.151,-5.559,-8.516,-0.998,-5.59,-15.4,0.49,4.13
,-8.346,-0.56,-5.384,-8.373,-0.838,-5.707,-15.12,1.12,4.27
,-8.473,-0.83,-5.461,-8.179,-0.749,-5.8,-14.35,1.05,4.97
,-8.624,-0.972,-5.578,-8.205,-0.668,-5.858,-12.25,1.26,5.81
50355.0,-8.246,-0.467,-5.853,-8.504,-0.302,-5.669,-5.46,-1.75,7.35
,-8.421,-0.278,-5.781,-8.437,-0.23,-5.803,-4.76,-3.01,7.28
,-8.346,-0.093,-5.954,-8.27,-0.383,-5.647,-4.69,-3.85,6.93
,-8.349,-0.199,-5.946,-8.215,-0.349,-5.786,-6.23,-3.71,7.14
50431.0,-8.334,-0.34,-5.537,-8.452,0.232,-5.638,-4.41,-5.04,6.65
,-8.385,-0.304,-5.724,-8.406,0.337,-5.535,-2.73,-5.25,6.51
,-8.55,-0.447,-5.65,-8.258,0.29,-5.59,-0.07,-5.11,6.44
,-8.516,-0.22,-5.559,-8.346,0.132,-5.343,3.43,-5.88,6.44
50506.0,-8.665,-0.297,-5.157,-8.413,0.139,-5.154,2.24,-7.42,4.34
,-8.677,0.268,-5.047,-8.557,-0.079,-5.188,2.73,-10.15,3.85
,-8.265,0.436,-5.24,-8.442,-0.057,-5.075,1.47,-11.06,3.36
,-8.198,0.44,-5.281,-8.287,0.17,-5.202,-0.7,-10.85,2.73
50582.0,-8.356,0.235,-5.073,-8.38,0.342,-5.092,1.89,-7.84,4.27
,-8.521,0.067,-5.14,-8.464,-0.304,-4.252,2.1,-8.12,4.13
,-8.617,-0.072,-4.992,-8.701,-0.026,-4.678,1.75,-8.89,3.36
,-8.358,0.294,-5.205,-8.612,0.407,-4.949,2.31,-10.15,2.8
50658.0,-8.533,0.637,-5.013,-8.763,0.182,-4.568,4.48,-9.87,0.91
,-8.555,0.584,-5.008,-8.555,0.311,-4.611,1.33,-9.52,1.54
,-8.67,0.407,-4.886,-8.267,0.33,-4.618,-1.05,-9.03,1.12
,-8.701,0.385,-4.836,-8.378,0.345,-4.592,-1.26,-8.61,0.49
50734.0,-8.777,0.373,-4.649,-8.598,0.22,-4.678,0.98,-8.47,-1.75
,-8.949,0.385,-4.611,-8.631,0.211,-4.733,1.47,-8.19,-1.47
,-8.806,0.512,-4.7,-8.861,0.129,-4.8,1.75,-7.7,-1.05
,-8.603,0.359,-4.659,-8.911,0.141,-4.75,1.26,-6.79,-0.84
50809.0,-8.473,0.05,-4.807,-8.863,-0.292,-4.683,-2.45,-6.51,-2.94
,-8.318,-0.342,-4.683,-8.78,0.11,-4.752,-4.06,-5.95,-2.45
,-8.507,-0.699,-4.463,-8.665,0.304,-4.853,-4.06,-5.81,-1.89
,-8.737,-0.644,-4.537,-8.569,0.105,-4.776,-1.82,-6.37,-1.54
50885.0,-8.61,-0.112,-4.582,-8.959,-0.168,-4.451,-1.4,-6.09,0.07
,-8.658,-0.337,-4.527,-8.942,0.134,-4.776,0.21,-5.04,1.12
,-8.741,-0.4,-4.441,-8.789,0.184,-5.078,2.87,-4.41,2.24
,-8.947,-0.325,-4.362,-8.545,0.139,-4.867,4.97,-4.62,3.29
50961.0,-8.61,-0.048,-4.793,-8.94,0.694,-4.161,-2.45,-7.84,0.21
,-8.703,0.256,-4.815,-9.081,0.385,-4.264,-2.38,-8.54,-1.54
,-8.72,0.608,-4.709,-8.818,0.141,-4.283,-1.12,-9.17,-2.8
,-8.648,0.818,-4.36,-8.693,-0.098,-4.2,-1.89,-9.24,-3.36
51037.0,-8.758,-0.311,-4.008,-8.871,-0.235,-4.432,0.14,-5.32,-0.28
,-8.894,-0.292,-4.044,-8.789,-0.117,-4.518,3.71,-4.83,0.77
,-8.921,-0.218,-4.133,-8.806,-0.122,-4.609,5.25,-4.48,1.75
,-8.859,-0.201,-4.31,-8.909,-0.11,-4.822,4.62,-4.41,2.17
51113.0,-8.777,-0.201,-4.609,-9.005,-0.397,-4.341,-1.4,-6.02,0.14
,-8.552,-0.146,-4.477,-8.923,-0.407,-4.252,-0.98,-6.79,-0.14
,-8.67,-0.146,-4.695,-8.894,-0.33,-3.877,-0.21,-7.49,0.21
,-8.849,-0.299,-4.551,-8.995,-0.153,-3.812,0.98,-7.56,0.7
51188.0,-9.17,0.101,-3.884,-8.636,0.811,-4.343,9.45,-6.65,3.29
,-9.04,0.474,-4.245,-8.77,0.775,-4.056,8.82,-6.79,2.87
,-8.954,0.749,-4.302,-9.021,0.567,-3.647,6.93,-6.93,2.31
,-8.768,0.902,-4.575,-9.167,0.708,-3.384,4.06,-7.21,0.77
51264.0,-9.11,0.749,-3.771,-8.938,-0.763,-3.501,0.77,-5.81,-4.34
,-9.005,0.474,-3.769,-9.139,-0.371,-3.841,-3.71,-5.74,-5.39
,-8.868,0.091,-4.056,-9.148,-0.034,-4.145,-6.44,-5.25,-5.53
,-8.815,-0.44,-3.838,-9.086,0.246,-4.161,-6.3,-4.48,-5.18
51339.0,-9.031,0.189,-4.551,-9.072,-0.27,-4.166,-0.84,-3.01,-2.87
,-8.873,0.029,-4.539,-9.16,0.132,-4.317,-2.24,-3.5,-3.08
,-8.859,-0.101,-4.561,-9.155,0.318,-4.078,-1.54,-3.57,-2.66
,-8.882,-0.268,-4.499,-9.191,0.354,-4.068,0.7,-3.5,-2.1
51415.0,-9.134,0.309,-4.003,-9.04,-0.194,-3.819,4.41,-3.5,-1.61
,-9.033,0.16,-4.233,-9.146,0.022,-4.19,3.5,-3.78,-2.38
,-8.859,0.194,-4.145,-9.04,0.227,-4.29,2.66,-3.78,-2.87
,-8.916,-0.093,-4.006,-9.016,0.278,-4.372,0.91,-3.71,-3.01
51491.0,-8.947,-0.017,-4.109,-9.158,0.048,-3.544,0.42,-4.34,-3.99
,-8.933,-0.242,-3.702,-9.134,0.168,-3.757,0.84,-3.99,-3.08
,-9.081,-0.254,-3.494,-9.117,0.101,-3.903,1.68,-3.43,-2.38
,-9.15,-0.299,-3.226,-9.045,-0.127,-3.786,3.36,-3.15,-2.31
51567.0,-9.005,-0.201,-3.79,-9.349,-0.251,-3.451,0.0,-1.4,-3.57
,-8.892,-0.354,-3.582,-9.186,0.285,-4.022,0.35,-0.49,-3.01
,-9.069,-0.584,-3.192,-8.995,0.223,-4.252,1.05,0.63,-2.17
,-9.304,-0.641,-3.072,-8.574,-0.388,-4.386,3.64,1.47,-1.26
51642.0,-8.93,-0.804,-3.896,-9.148,0.06,-4.003,2.38,1.4,-1.4
,-9.074,-0.802,-3.874,-8.964,-0.069,-3.721,7.7,1.89,-0.7
,-9.184,-0.483,-3.762,-9.009,-0.364,-3.628,11.55,2.03,-0.21
,-9.256,-0.093,-3.965,-8.973,-0.553,-3.374,12.81,2.17,0.07
51718.0,-9.148,-0.534,-3.283,-8.981,0.014,-3.754,10.43,4.9,1.68
,-9.306,-0.426,-3.24,-8.875,-0.132,-3.941,10.92,5.74,1.96
,-9.275,-0.258,-3.259,-9.014,-0.223,-4.135,9.87,6.37,1.82
,-9.179,-0.129,-3.542,-9.043,-0.038,-4.511,7.91,6.86,1.26
51794.0,-8.973,0.189,-4.805,-8.827,0.132,-5.164,1.96,6.58,-0.49
,-8.94,0.043,-4.786,-8.88,-0.048,-5.066,0.21,5.67,-0.63
,-8.878,-0.036,-5.032,-8.904,-0.251,-4.726,0.07,4.76,-0.77
,-8.823,0.146,-5.171,-8.949,-0.438,-4.295,1.05,3.64,-0.98
51870.0,-9.148,-0.467,-4.089,-8.739,-0.273,-4.63,2.94,-0.28,-0.35
,-9.208,-0.136,-4.331,-8.811,-0.412,-4.46,4.27,-0.84,-0.77
,-9.014,0.146,-4.721,-8.947,-0.292,-4.223,2.94,-1.82,-1.33
,-8.775,-0.029,-4.783,-9.083,-0.22,-3.783,0.84,-2.73,-1.47
51946.0,-9.232,-0.232,-3.52,-8.928,-0.567,-4.197,4.97,-3.29,-0.21
,-9.311,-0.055,-3.845,-8.916,-0.742,-4.068,4.13,-3.36,-0.84
,-9.057,0.089,-4.073,-9.014,-0.598,-3.888,2.1,-3.36,-1.12
,-8.923,-0.163,-4.171,-9.024,-0.555,-3.522,-0.49,-3.36,-1.33
52021.0,-9.239,-0.337,-3.288,-9.146,-0.108,-3.573,7.63,-2.03,1.47
,-9.258,-0.053,-3.235,-9.081,-0.333,-3.563,7.0,-1.26,1.19
,-9.213,0.034,-3.168,-9.141,-0.553,-3.752,4.83,-0.49,0.77
,-9.22,0.081,-3.369,-9.06,-0.62,-3.699,2.31,0.0,0.07
52097.0,-9.177,-0.397,-3.944,-9.021,-0.218,-4.061,3.85,2.66,0.98
,-9.112,-0.261,-4.101,-9.012,-0.254,-3.982,4.41,2.59,1.05
,-8.995,-0.132,-4.154,-9.136,-0.292,-4.056,4.06,2.38,1.26
,-8.961,-0.213,-4.159,-9.124,-0.282,-4.085,3.43,2.52,1.4
52172.0,-9.076,-0.127,-4.36,-9.083,-0.177,-4.156,5.67,1.75,1.47
,-8.902,0.017,-4.484,-9.093,-0.191,-4.137,5.11,1.4,1.4
,-8.89,-0.06,-4.379,-9.06,-0.28,-4.066,3.85,0.91,1.47
,-9.024,-0.225,-4.228,-8.995,-0.285,-4.037,3.36,0.56,1.33
52248.0,-8.964,-0.409,-3.915,-9.064,-0.206,-3.924,1.12,0.35,0.91
,-9.048,-0.483,-3.812,-9.098,-0.313,-3.829,1.54,0.49,1.05
,-9.105,-0.345,-3.817,-9.153,-0.163,-4.013,2.59,0.63,1.26
,-9.174,-0.194,-3.948,-9.074,0.007,-4.192,2.31,0.77,1.12
52324.0,-9.036,0.093,-4.195,-9.239,0.041,-4.133,1.26,0.35,0.7
,-9.026,-0.077,-4.152,-9.06,0.002,-4.166,0.28,0.21,0.49
,-9.081,-0.23,-4.008,-9.076,-0.249,-4.264,0.56,0.21,0.42
,-9.174,-0.218,-3.946,-9.0,-0.488,-4.269,1.61,0.14,0.49
52400.0,-8.966,-0.426,-4.216,-9.134,0.01,-3.69,1.89,-1.05,0.14
,-9.026,-0.4,-4.092,-9.244,-0.11,-3.623,3.29,-1.05,0.49
,-9.095,-0.378,-3.819,-9.134,-0.127,-3.695,4.41,-1.05,0.91
,-9.117,-0.196,-3.81,-9.062,-0.218,-3.778,5.25,-0.98,1.05
52475.0,-9.021,-0.369,-3.843,-9.222,-0.175,-3.786,0.28,0.35,0.14
,-9.088,-0.538,-3.819,-9.16,-0.002,-4.046,1.12,0.84,0.49
,-9.076,-0.443,-3.798,-9.016,0.055,-4.262,2.52,1.05,0.91
,-9.134,-0.302,-3.752,-8.933,-0.077,-4.369,3.01,1.33,1.26
52551.0,-8.983,-0.28,-4.475,-9.225,-0.263,-3.664,-0.42,0.21,0.21
,-8.911,-0.433,-4.305,-9.27,-0.098,-3.546,0.84,-0.07,0.63
,-9.019,-0.457,-4.063,-9.213,-0.122,-3.738,2.59,-0.35,0.98
,-9.1,-0.39,-3.826,-9.016,-0.256,-3.821,3.64,-0.21,1.05
52627.0,-9.019,-0.373,-3.845,-9.256,-0.091,-3.812,0.63,0.7,0.7
,-9.043,-0.445,-3.819,-9.129,-0.098,-3.869,2.1,1.19,1.19
,-9.112,-0.282,-3.733,-9.06,-0.177,-4.099,3.43,1.19,1.47
,-9.215,-0.165,-3.676,-8.952,-0.292,-4.154,3.22,1.33,1.47
52703.0,-9.033,-0.349,-4.216,-9.136,-0.194,-4.001,0.7,0.84,0.84
,-9.062,-0.249,-4.231,-9.098,-0.086,-3.963,2.38,0.49,0.98
,-9.057,-0.127,-4.168,-9.057,-0.105,-4.018,3.43,0.14,1.33
,-9.081,-0.182,-4.018,-9.009,-0.239,-4.032,3.78,0.07,1.54
52778.0,-9.016,-0.342,-3.97,-9.184,-0.132,-3.546,4.06,-0.42,1.19
,-9.079,-0.364,-3.888,-9.234,-0.012,-3.537,5.04,-0.28,1.54
,-9.069,-0.357,-3.711,-9.201,0.012,-3.723,5.39,0.14,1.82
,-9.177,-0.27,-3.587,-9.057,-0.045,-3.855,5.39,0.35,1.82
52854.0,-9.05,-0.239,-3.934,-9.072,-0.12,-3.9,-1.47,1.26,0.21
,-9.06,-0.383,-3.932,-9.124,-0.093,-3.841,-0.77,1.61,0.42
,-9.057,-0.27,-3.92,-9.05,-0.168,-3.867,0.56,1.4,0.56
,-9.119,-0.115,-3.975,-9.005,-0.297,-3.814,0.98,1.4,0.49
52930.0,-9.028,-0.462,-3.642,-9.165,-0.179,-3.771,-1.33,1.4,0.35
,-9.095,-0.55,-3.757,-9.196,-0.23,-3.843,0.21,1.75,0.91
,-9.081,-0.33,-3.723,-9.134,-0.199,-4.044,1.82,2.1,1.26
,-9.11,-0.213,-3.714,-9.033,-0.091,-4.262,2.17,2.17,1.33
53005.0,-9.038,-0.065,-4.374,-9.064,-0.115,-4.037,0.98,2.17,1.26
,-9.093,-0.022,-4.417,-9.079,-0.199,-3.855,0.98,1.54,1.12
,-9.057,-0.022,-4.369,-9.139,-0.244,-3.683,1.05,1.26,1.26
,-9.064,-0.012,-4.271,-9.115,-0.392,-3.534,0.84,0.77,1.4
53081.0,-9.174,-0.419,-3.443,-9.072,-0.419,-3.252,-0.28,1.61,1.26
,-9.258,-0.529,-3.405,-9.115,-0.371,-3.293,-0.77,2.1,0.42
,-9.124,-0.378,-3.429,-9.124,-0.244,-3.47,-1.4,2.8,0.07
,-9.062,-0.383,-3.235,-9.055,-0.17,-3.575,-1.96,3.64,0.63
53157.0,-9.081,-0.333,-3.587,-9.024,-0.122,-3.877,-2.52,6.65,2.24
,-9.086,-0.361,-3.616,-9.162,-0.28,-3.666,-2.38,7.14,2.31
,-9.021,-0.199,-3.888,-9.076,-0.263,-3.58,-1.33,7.35,2.38
,-8.964,-0.103,-3.927,-9.04,-0.103,-3.288,-0.63,7.49,2.94
53233.0,-9.153,0.132,-3.24,-8.847,0.546,-4.089,0.21,10.01,2.87
,-9.172,0.349,-3.496,-8.976,0.103,-4.463,-1.89,10.36,1.54
,-9.112,0.665,-3.51,-8.918,-0.194,-4.838,-4.69,10.5,0.49
,-9.045,0.838,-3.908,-8.789,-0.287,-4.649,-8.75,10.43,-0.84
53308.0,-8.801,-0.294,-4.771,-9.139,0.144,-4.178,-4.34,9.8,-1.47
,-8.78,-0.488,-4.731,-9.16,0.718,-4.506,-1.05,10.08,-0.42
,-8.823,-0.782,-4.408,-9.012,0.849,-4.853,3.57,10.71,1.61
,-8.861,-0.562,-3.759,-8.708,0.136,-5.379,10.29,11.41,3.5
53384.0,-8.488,-0.792,-4.91,-8.966,0.258,-3.666,-1.33,6.51,1.75
,-8.748,-1.134,-4.329,-8.94,0.534,-4.03,3.64,6.72,3.01
,-9.002,-0.924,-3.905,-9.04,0.196,-3.836,10.29,7.21,3.22
,-9.098,-0.294,-3.671,-9.162,-0.318,-4.022,14.84,7.7,3.08
53460.0,-8.997,-0.438,-3.463,-8.571,-0.294,-5.095,-3.36,8.33,1.12
,-8.921,-0.014,-4.219,-8.555,-0.632,-4.472,-1.05,8.12,0.84
,-8.626,0.481,-5.307,-8.705,-0.371,-3.716,-2.52,6.51,-0.77
,-8.531,0.285,-5.638,-9.241,0.158,-4.228,-5.88,5.74,-0.63
53536.0,-9.306,0.55,-4.563,-8.818,-0.364,-3.939,8.26,4.97,-0.98
,-9.284,0.469,-4.987,-8.909,0.294,-4.156,3.5,4.9,-1.47
,-8.971,-0.091,-4.673,-8.981,0.737,-4.558,1.47,6.02,-0.28
,-8.71,-0.428,-4.652,-8.985,0.668,-4.748,4.13,7.28,0.63
53611.0,-8.626,-0.141,-5.102,-8.926,-0.438,-4.147,1.47,5.67,-1.19
,-8.39,-1.034,-4.891,-9.045,-0.134,-3.965,-0.35,5.95,0.21
,-8.528,-1.354,-4.496,-9.036,0.074,-3.731,3.85,5.81,1.54
,-8.674,-0.952,-4.276,-9.052,0.258,-4.068,11.06,5.6,2.38
53687.0,-8.909,0.33,-4.207,-8.878,0.191,-4.338,8.82,7.14,1.68
,-8.772,0.491,-4.403,-8.837,0.191,-4.286,5.88,6.16,0.98
,-8.67,0.507,-4.487,-8.598,0.201,-4.233,4.27,5.95,-0.35
,-8.67,0.321,-4.374,-8.684,-0.045,-3.963,4.34,6.37,-1.12
53763.0,-9.055,-0.476,-4.164,-8.571,-0.488,-4.745,0.84,9.52,-1.19
,-9.06,-0.816,-4.267,-8.626,-0.091,-4.85,-0.07,9.87,-0.7
,-8.854,-0.883,-4.279,-8.672,0.165,-5.083,1.33,10.01,0.07
,-8.569,-0.763,-4.645,-8.78,0.244,-5.068,3.5,10.08,0.7
53838.0,-8.997,0.177,-4.783,-8.624,-0.826,-4.599,4.41,9.24,-0.91
,-8.634,0.218,-4.714,-8.741,-1.151,-4.59,2.1,8.75,-2.38
,-8.385,0.007,-4.592,-8.729,-1.287,-4.343,0.14,9.03,-2.66
,-8.248,-0.359,-4.671,-8.827,-0.876,-4.357,-0.77,9.38,-2.24
53914.0,-8.873,-0.103,-4.654,-8.464,-0.191,-5.212,15.12,11.2,3.64
,-8.789,0.579,-5.054,-8.533,-0.584,-4.891,14.14,8.82,2.87
,-8.516,0.747,-5.427,-8.576,-0.328,-4.793,8.96,8.12,1.75
,-8.327,0.4,-5.367,-8.559,0.309,-4.724,3.36,9.31,1.19
53990.0,-8.495,0.699,-4.764,-8.552,-0.546,-4.736,8.75,9.52,-4.13
,-8.78,0.727,-4.659,-8.413,-0.658,-4.556,7.07,9.52,-4.62
,-8.844,0.531,-4.714,-8.55,-0.632,-4.709,4.27,9.8,-4.9
,-8.961,0.045,-4.532,-8.725,-0.452,-5.032,1.96,11.06,-4.55
54066.0,-8.985,-0.321,-5.451,-8.04,-0.835,-5.602,10.01,10.78,-5.04
,-8.684,-0.522,-5.832,-8.655,-1.237,-5.386,8.26,9.52,-5.95
,-8.172,-0.579,-5.408,-8.949,-1.194,-5.231,6.65,9.03,-5.18
,-7.662,-0.436,-5.786,-8.674,-0.895,-5.243,7.21,9.31,-4.48
54141.0,-8.488,-0.888,-5.272,-8.308,-0.84,-5.494,7.91,6.93,-1.89
,-8.509,-1.524,-5.394,-8.516,-0.548,-5.408,5.39,6.51,-1.19
,-7.918,-0.919,-5.162,-8.416,-0.313,-5.497,5.6,5.81,-0.84
,-8.234,-1.003,-5.482,-8.413,-0.505,-5.475,8.05,5.67,0.28
54217.0,-8.44,-0.845,-5.43,-8.784,-0.433,-5.027,6.79,5.74,3.22
,-8.552,-1.125,-5.157,-8.581,0.034,-5.073,7.7,6.09,4.34
,-8.679,-1.043,-5.128,-8.6,0.39,-5.09,10.22,5.32,5.04
,-8.624,-0.775,-5.118,-8.399,0.543,-5.334,11.9,5.39,5.6
54293.0,-8.229,0.503,-5.52,-8.55,-1.0,-5.111,6.16,4.55,1.19
,-8.098,0.256,-5.554,-8.686,-1.28,-4.903,3.71,5.53,0.84
,-8.227,-0.067,-5.386,-8.693,-1.22,-4.776,3.08,6.02,0.91
,-8.435,-0.34,-5.307,-8.672,-1.201,-4.769,3.36,5.81,0.77
54369.0,-8.634,-0.672,-4.877,-8.299,-0.237,-5.133,12.67,6.93,3.64
,-8.409,-0.038,-5.016,-8.464,-0.519,-5.176,12.88,6.51,3.22
,-8.21,0.232,-5.063,-8.543,-0.603,-5.276,10.22,6.79,2.24
,-8.141,0.055,-5.054,-8.545,-0.311,-5.647,5.95,7.14,1.68
54444.0,-8.39,-0.359,-5.642,-8.27,-0.83,-5.439,9.59,5.18,1.05
,-8.296,-0.83,-5.561,-8.696,-0.464,-5.446,7.91,5.6,1.54
,-8.165,-1.192,-5.312,-8.512,0.321,-5.863,7.63,6.02,2.1
,-8.021,-1.103,-5.372,-8.117,0.665,-6.021,8.47,6.37,3.01
54520.0,-8.148,0.61,-6.095,-8.428,-1.742,-5.499,6.23,2.31,1.33
,-8.313,0.132,-6.174,-8.308,-1.366,-5.377,2.45,1.75,0.35
,-8.339,-0.835,-5.992,-8.145,-1.077,-5.441,0.28,1.89,0.7
,-8.344,-1.572,-5.748,-8.37,-0.634,-5.394,1.12,2.24,1.89
54595.0,-8.552,0.218,-5.382,-8.279,0.328,-5.315,12.18,0.98,2.59
,-8.559,0.706,-5.537,-8.303,0.256,-5.494,10.64,1.33,1.4
,-8.593,0.72,-5.386,-8.229,-0.189,-5.575,6.86,1.33,-0.07
,-8.433,0.627,-5.355,-8.098,-0.785,-5.662,3.78,1.05,-1.4
54671.0,-8.358,-1.223,-5.695,-8.318,-1.747,-5.614,-0.35,0.49,-1.96
,-8.33,-1.539,-5.556,-8.447,-1.524,-5.425,2.03,0.56,-0.14
,-8.153,-1.541,-5.611,-8.299,-1.173,-5.284,4.9,0.28,1.54
,-8.263,-1.792,-5.552,-8.122,-1.094,-5.396,6.93,-0.14,3.01
54747.0,-8.222,-1.106,-5.377,-8.406,-0.022,-5.379,7.35,-0.35,5.11
,-8.366,-0.857,-5.434,-8.361,0.297,-5.367,7.14,-0.84,5.39
,-8.366,-0.376,-5.564,-8.349,0.151,-5.384,6.93,-0.77,5.32
,-8.339,-0.105,-5.604,-8.514,-0.392,-5.075,5.95,-0.07,5.18
54823.0,-8.629,-0.601,-5.044,-8.435,-0.321,-5.434,1.89,0.63,4.41
,-8.488,-0.311,-5.114,-8.576,-0.476,-5.559,3.36,0.98,3.71
,-8.318,0.065,-5.324,-8.437,-0.672,-5.611,3.71,1.47,2.94
,-8.337,0.022,-5.42,-7.947,-1.0,-5.487,3.01,1.96,2.17
54899.0,-7.684,-0.68,-5.585,-8.358,-1.228,-5.126,0.84,3.36,2.17
,-8.162,-0.33,-5.599,-8.184,-1.029,-5.24,0.56,3.71,1.68
,-8.655,-0.5,-5.384,-8.332,-0.658,-5.363,-1.19,3.71,1.96
,-8.619,-0.919,-5.229,-8.543,-0.282,-5.441,-3.08,3.71,2.87
54974.0,-8.378,-0.096,-5.69,-8.337,0.507,-5.745,-3.57,2.8,4.27
,-8.469,0.108,-5.695,-8.435,0.034,-5.748,-4.62,2.8,3.64
,-8.44,0.424,-5.743,-8.569,-0.275,-5.781,-5.88,2.52,3.29
,-8.404,0.581,-5.7,-8.727,-0.648,-5.559,-7.42,1.96,2.59
55050.0,-8.497,-0.378,-5.717,-8.442,-0.883,-5.631,-11.62,0.77,2.87
,-8.198,-0.677,-5.717,-8.495,-0.933,-5.631,-11.27,0.42,3.36
,-8.114,-0.725,-5.662,-8.526,-0.988,-5.535,-10.99,0.49,3.99
,-8.162,-0.869,-5.523,-8.37,-0.715,-5.561,-10.71,0.35,4.69
55126.0,-8.057,-0.546,-5.698,-8.454,-0.06,-5.408,-10.15,-2.31,8.75
,-8.114,-0.397,-5.698,-8.339,0.065,-5.367,-9.03,-2.66,8.96
,-8.409,-0.376,-5.535,-8.43,0.378,-5.458,-8.26,-3.5,8.54
,-8.55,-0.287,-5.403,-8.536,0.627,-5.327,-7.63,-4.69,7.98
55202.0,-8.26,0.67,-4.829,-8.421,0.096,-5.317,-0.7,-3.08,5.04
,-8.514,0.759,-5.37,-8.122,0.105,-5.686,-2.45,-2.03,4.27
,-8.653,0.421,-5.123,-7.851,-0.208,-5.707,-4.48,-1.54,3.57
,-8.473,0.316,-5.398,-8.239,-0.373,-5.331,-4.9,-2.1,2.66
55277.0,-8.605,-0.203,-5.2,-8.488,-0.168,-5.238,-2.45,-4.48,0.56
,-8.629,-0.096,-5.095,-8.626,-0.287,-5.169,-1.82,-4.41,1.05
,-8.488,0.055,-5.166,-8.33,-0.232,-5.427,-2.03,-3.57,1.75
,-8.308,-0.144,-5.272,-8.239,-0.151,-5.104,-3.85,-3.22,1.54
55353.0,-8.373,-0.053,-5.032,-8.555,-0.089,-5.219,-0.7,-4.83,1.54
,-8.287,-0.187,-5.066,-8.373,-0.055,-5.233,-1.47,-4.55,1.82
,-8.454,-0.079,-5.181,-8.267,-0.026,-5.087,-0.49,-4.48,2.03
,-8.536,0.017,-5.355,-8.538,-0.041,-4.984,0.56,-4.62,2.45
55428.0,-8.808,0.311,-5.193,-8.277,-0.337,-5.008,2.52,-4.34,1.75
,-8.495,0.579,-5.377,-8.413,-0.328,-4.743,1.68,-4.34,1.54
,-8.275,0.976,-5.542,-8.543,-0.091,-4.709,-1.4,-4.06,1.61
,-8.263,0.366,-5.666,-8.689,0.263,-4.798,-7.98,-4.41,1.47
55504.0,-8.658,0.323,-4.934,-8.512,-0.239,-5.004,0.56,-3.92,0.63
,-8.519,0.235,-4.836,-8.624,-0.175,-5.183,-1.54,-3.22,0.21
,-8.423,0.026,-4.788,-8.495,0.002,-5.238,-3.64,-2.94,0.42
,-8.595,-0.17,-4.874,-8.409,-0.022,-5.142,-4.13,-3.57,0.49
55580.0,-8.454,-0.146,-5.104,-8.425,0.431,-5.178,-4.48,-4.97,2.17
,-8.636,-0.215,-5.056,-8.564,0.462,-5.013,-3.71,-4.48,2.73
,-8.576,-0.127,-5.171,-8.715,0.359,-5.066,-1.82,-4.55,2.94
,-8.555,0.29,-5.202,-8.662,0.345,-5.145,-0.14,-4.55,2.87
55656.0,-8.485,0.263,-5.138,-8.581,0.586,-4.927,-0.63,-4.2,3.08
,-8.567,0.203,-5.133,-8.466,0.586,-4.915,-0.49,-3.99,3.36
,-8.787,0.266,-5.037,-8.469,0.397,-4.87,0.21,-4.2,3.29
,-8.693,0.357,-5.078,-8.55,0.132,-4.748,0.77,-4.69,2.59
55732.0,-8.6,-0.005,-4.798,-8.701,0.436,-4.764,-1.82,-4.9,1.19
,-8.732,-0.053,-4.855,-8.737,0.543,-5.047,-0.28,-4.62,1.61
,-8.763,-0.022,-4.941,-8.574,0.57,-5.109,1.12,-4.9,1.61
,-8.679,0.218,-4.755,-8.504,0.388,-4.984,2.59,-4.97,1.33
55807.0,-8.638,0.201,-4.781,-8.717,0.443,-4.779,-4.48,-6.51,-0.98
,-8.681,-0.077,-4.673,-8.748,0.555,-5.087,-4.13,-6.3,-1.61
,-8.538,-0.01,-4.57,-8.827,0.486,-4.917,-1.96,-6.23,-1.61
,-8.466,0.237,-4.69,-8.737,0.39,-4.826,-0.49,-6.51,-1.47
55883.0,-8.519,0.194,-4.513,-9.019,0.249,-4.836,1.19,-4.9,-0.7
,-8.595,-0.084,-4.391,-8.665,0.426,-4.982,2.31,-3.85,-0.07
,-8.856,-0.146,-4.2,-8.567,0.172,-5.157,2.8,-3.57,0.56
,-8.988,-0.005,-4.453,-8.54,0.089,-4.903,3.08,-4.13,0.98
55959.0,-8.409,0.16,-4.999,-8.863,0.244,-4.259,-4.9,-9.17,-3.99
,-8.564,0.333,-4.568,-8.923,0.151,-4.372,-3.43,-8.75,-3.99
,-8.82,0.369,-4.322,-8.88,0.081,-4.657,-3.01,-8.19,-3.57
,-8.923,0.347,-4.106,-8.801,0.034,-4.757,-3.29,-8.19,-3.29
56035.0,-8.775,0.091,-4.606,-8.811,0.354,-4.771,0.35,-7.35,-0.21
,-8.789,0.378,-4.702,-8.679,0.124,-4.779,2.17,-7.56,-0.14
,-8.794,0.491,-4.946,-8.765,-0.127,-4.47,1.54,-8.12,-1.05
,-8.818,0.39,-4.733,-8.837,-0.17,-3.991,-1.61,-9.17,-2.24
56110.0,-8.923,0.045,-4.164,-9.153,-0.072,-3.96,3.92,-8.68,-1.61
,-8.825,0.23,-3.946,-8.851,0.055,-3.661,4.41,-8.12,-1.12
,-8.911,0.203,-3.977,-8.83,0.139,-3.845,4.83,-7.42,0.21
,-9.007,-0.072,-3.778,-8.873,0.127,-3.967,3.92,-6.79,0.56
56186.0,-8.827,0.254,-3.903,-8.947,0.376,-4.274,3.5,-5.39,-0.35
,-8.983,0.438,-4.121,-8.966,0.445,-4.36,2.94,-5.25,-0.49
,-8.899,0.345,-4.113,-8.964,0.447,-4.417,1.68,-4.76,-0.42
,-9.014,0.306,-3.955,-8.969,0.447,-4.379,1.54,-4.13,0.42
56261.0,-8.887,0.584,-4.372,-9.174,-0.048,-3.668,-0.63,-4.76,-3.22
,-8.708,0.483,-4.089,-9.229,0.17,-3.752,-2.52,-4.76,-4.06
,-8.765,0.235,-3.953,-9.17,0.373,-4.312,-3.08,-4.13,-3.92
,-8.909,-0.022,-3.74,-8.885,0.419,-4.647,-2.31,-3.5,-3.57
56337.0,-8.715,0.072,-4.499,-9.028,0.39,-3.821,-0.7,-3.29,-2.45
,-8.933,-0.263,-4.42,-9.122,0.366,-3.936,0.91,-3.22,-2.52
,-9.014,-0.115,-4.078,-9.115,0.34,-4.195,3.57,-3.43,-2.59
,-9.117,0.268,-3.989,-9.009,0.12,-4.202,5.04,-3.29,-2.66
56413.0,-8.863,0.002,-4.078,-9.349,0.447,-4.226,0.28,-3.15,-3.36
,-8.806,-0.211,-3.616,-9.16,0.586,-4.944,1.61,-2.38,-2.87
,-9.057,-0.302,-3.326,-8.768,0.392,-5.114,3.36,-1.19,-2.17
,-9.258,0.005,-3.479,-8.519,0.069,-4.877,6.44,-0.56,-1.61
56489.0,-8.808,-0.249,-4.688,-9.258,-0.132,-3.405,0.63,-4.06,-3.29
,-9.012,-0.237,-4.312,-9.347,-0.127,-3.319,2.87,-4.27,-3.15
,-8.997,-0.06,-3.975,-9.172,0.017,-3.534,3.99,-4.34,-3.01
,-9.069,-0.048,-3.556,-8.973,-0.227,-3.482,3.78,-3.85,-2.73
56564.0,-8.906,-0.613,-3.398,-9.351,0.002,-3.68,-0.63,-0.63,-0.35
,-9.009,-0.857,-3.154,-9.189,0.414,-4.441,2.1,0.63,0.91
,-9.129,-0.658,-3.015,-8.839,0.572,-4.925,5.74,1.96,2.17
,-9.282,-0.337,-3.331,-8.672,0.431,-5.075,7.7,2.94,2.87
56640.0,-8.648,0.156,-4.743,-9.284,0.309,-4.25,4.62,0.21,2.66
,-8.911,-0.392,-3.912,-8.993,0.215,-4.027,3.99,0.35,3.01
,-9.189,-0.402,-3.721,-8.949,-0.16,-3.771,7.56,0.28,3.36
,-9.332,-0.029,-4.118,-8.971,-0.445,-3.455,10.71,-0.07,3.01
56716.0,-9.21,-0.34,-3.577,-8.973,0.01,-4.073,7.07,0.56,2.45
,-9.174,-0.057,-3.647,-8.947,-0.086,-4.128,8.4,0.63,1.68
,-9.043,0.318,-3.975,-8.969,-0.139,-4.125,7.56,0.7,1.26
,-9.005,0.211,-4.087,-9.033,-0.101,-4.116,5.04,0.77,0.84
56792.0,-9.04,-0.165,-3.735,-8.928,0.883,-4.243,4.27,0.7,1.89
,-9.191,0.072,-3.668,-8.861,0.062,-4.018,5.53,0.77,2.03
,-9.361,0.38,-3.999,-8.966,-0.713,-3.723,5.6,0.7,0.14
,-9.107,0.921,-4.109,-9.196,-0.787,-3.604,2.38,0.14,-1.89
56868.0,-9.299,-0.39,-3.735,-8.882,-0.036,-4.137,6.86,1.82,0.49
,-9.198,0.072,-3.874,-8.981,-0.215,-4.099,8.75,2.17,1.05
,-9.014,0.364,-4.08,-9.088,-0.136,-4.293,7.35,2.17,1.05
,-8.938,0.235,-4.188,-9.074,-0.022,-4.319,4.97,2.03,0.84
56943.0,-9.064,0.089,-4.221,-9.062,0.024,-3.817,8.05,1.05,2.03
,-9.057,0.012,-4.085,-9.086,-0.072,-3.714,7.7,0.98,2.45
,-9.007,-0.022,-4.008,-9.198,-0.038,-3.848,7.35,0.91,2.73
,-9.04,0.007,-3.903,-9.16,0.117,-4.089,7.42,1.26,2.94
57019.0,-9.079,0.206,-4.314,-9.143,-0.342,-4.353,3.5,0.98,1.33
,-8.988,0.179,-4.451,-9.107,-0.026,-3.934,2.24,0.49,0.91
,-8.971,0.105,-4.63,-9.074,0.227,-3.644,1.4,0.14,0.49
,-8.887,-0.055,-4.432,-9.158,0.148,-3.75,1.54,-0.21,0.63
57094.0,-9.124,0.007,-3.831,-9.062,-0.285,-3.831,-1.89,-0.7,-2.31
,-9.002,-0.055,-3.884,-9.124,-0.067,-3.719,-1.68,-0.35,-1.82
,-8.957,-0.227,-3.917,-9.217,0.127,-3.9,-0.84,-0.14,-1.26
,-8.918,-0.383,-3.788,-9.122,0.203,-4.221,1.4,0.35,-0.07
57170.0,-8.926,0.151,-4.374,-9.16,-0.179,-3.544,2.8,0.35,1.19
,-8.851,-0.043,-4.36,-9.282,0.074,-3.611,2.17,0.21,1.33
,-8.961,-0.294,-4.106,-9.284,0.304,-3.771,3.43,0.49,1.89
,-9.057,-0.345,-3.953,-9.105,0.218,-3.881,5.95,0.77,2.38
57246.0,-8.947,-0.038,-3.955,-9.1,0.22,-4.085,1.68,1.12,1.19
,-8.942,-0.278,-3.951,-9.112,0.325,-4.123,2.52,1.19,1.4
,-9.014,-0.488,-3.884,-9.115,0.208,-4.066,5.04,1.4,1.82
,-9.119,-0.218,-3.948,-9.028,0.132,-3.996,7.56,1.12,2.03
57322.0,-9.139,-0.014,-4.166,-9.0,0.01,-3.759,1.96,0.77,0.21
,-9.11,-0.019,-4.214,-9.179,-0.225,-3.743,1.75,0.56,-1.68
,-8.971,0.208,-4.087,-9.203,-0.165,-3.829,1.61,0.42,-2.38
,-8.976,0.206,-3.96,-9.081,0.053,-3.967,0.42,0.14,-2.38
57397.0,-9.057,-0.019,-4.022,-9.098,-0.089,-3.707,2.87,1.33,-0.14
,-9.038,-0.084,-4.099,-9.172,-0.148,-3.632,2.66,1.19,-0.42
,-8.997,-0.115,-3.912,-9.167,-0.06,-3.795,3.22,1.19,-0.21
,-9.019,-0.014,-3.754,-9.17,0.062,-3.948,3.43,1.54,0.07
57473.0,-9.057,0.034,-4.034,-9.021,-0.11,-4.006,3.15,2.31,0.7
,-9.055,-0.012,-4.08,-9.107,-0.105,-4.008,3.29,2.1,0.77
,-8.993,-0.043,-4.202,-9.134,-0.045,-3.903,3.99,1.89,0.77
,-8.945,-0.06,-4.135,-9.131,0.01,-4.08,4.76,1.89,0.98
57549.0,-9.024,-0.084,-4.037,-9.088,-0.055,-3.891,5.11,1.75,0.91
,-9.045,-0.189,-4.049,-9.043,-0.007,-3.939,4.9,1.68,0.98
,-9.026,-0.165,-4.037,-9.098,-0.029,-4.049,5.32,1.68,1.05
,-9.048,-0.069,-3.908,-9.016,-0.079,-4.015,5.81,1.68,1.12
57625.0,-9.057,-0.206,-4.061,-9.024,0.005,-3.905,3.36,1.82,0.42
,-9.146,-0.177,-3.994,-9.069,-0.074,-3.97,4.76,1.89,0.42
,-9.136,0.136,-4.027,-9.026,-0.136,-3.944,5.18,1.68,0.28
,-9.117,0.098,-3.896,-9.009,-0.158,-4.011,3.92,1.54,-0.14
57701.0,-9.014,-0.182,-4.07,-9.067,-0.122,-3.991,2.03,1.89,-0.7
,-9.038,-0.208,-3.989,-9.074,-0.026,-4.2,2.38,1.89,-0.35
,-9.024,-0.242,-3.927,-8.973,-0.019,-4.216,2.59,1.96,-0.07
,-9.026,-0.184,-3.979,-8.918,-0.093,-4.109,2.8,2.03,0.07
57776.0,-9.012,-0.129,-3.972,-9.201,-0.146,-3.783,3.15,1.19,0.28
,-9.064,-0.105,-3.896,-9.136,-0.246,-3.831,3.99,1.26,0.49
,-9.124,-0.081,-3.855,-9.215,-0.354,-3.867,4.2,1.4,0.49
,-9.198,-0.019,-3.841,-9.081,-0.263,-3.678,3.78,1.47,0.14
57852.0,-9.012,-0.292,-3.501,-8.983,-0.244,-4.432,-0.56,2.52,-2.38
,-9.012,-0.38,-3.57,-8.763,-0.316,-4.398,-0.42,2.94,-1.75
,-9.139,-0.39,-3.731,-8.789,-0.572,-4.13,0.42,3.15,-1.12
,-9.141,-0.325,-4.233,-8.976,-0.672,-3.805,1.4,3.01,-0.56
57927.0,-9.203,-0.555,-3.74,-8.973,0.055,-3.345,8.61,3.78,2.45
,-9.194,-0.041,-3.532,-9.074,-0.414,-2.912,9.1,3.85,1.82
,-9.124,0.459,-3.783,-9.265,-0.428,-3.046,6.44,3.85,0.7
,-9.0,0.471,-3.699,-9.328,-0.144,-3.436,1.89,4.2,0.42
58003.0,-9.194,0.189,-3.898,-9.28,-0.237,-3.171,3.5,8.54,1.12
,-8.856,0.388,-3.905,-9.294,0.359,-4.044,0.0,8.75,0.07
,-8.698,0.163,-3.664,-8.933,0.68,-4.637,-2.52,9.73,0.77
,-8.93,-0.23,-3.477,-8.662,0.397,-4.654,-2.1,11.2,2.1
58079.0,-8.562,-0.426,-4.137,-8.813,0.625,-4.748,-8.61,12.04,1.05
,-8.796,-0.919,-3.561,-8.681,0.342,-4.645,-4.97,13.16,1.75
,-9.117,-0.713,-3.139,-8.842,-0.28,-4.647,1.19,13.86,1.68
,-9.189,0.12,-3.853,-8.928,-0.699,-4.243,4.97,13.44,0.35
58155.0,-9.127,-0.232,-4.238,-8.598,-0.347,-5.027,-0.07,11.76,0.77
,-8.983,0.656,-4.963,-8.854,-0.974,-4.128,2.45,10.08,-0.84
,-8.658,1.141,-5.631,-9.036,-0.581,-3.905,-1.4,8.19,-2.8
,-8.526,0.692,-5.666,-9.119,-0.084,-4.714,-8.26,7.56,-3.43
58230.0,-8.964,0.156,-4.97,-8.878,-0.388,-4.628,1.96,5.6,-1.82
,-8.811,-0.22,-5.104,-8.811,0.359,-4.891,-3.22,4.97,-1.26
,-8.543,-0.976,-4.764,-8.748,0.581,-5.006,-3.36,6.23,0.56
,-8.859,-1.156,-4.41,-8.739,0.28,-4.989,3.22,7.28,2.94
58306.0,-8.775,-0.17,-4.499,-9.038,-0.505,-4.027,7.14,6.86,2.52
,-8.6,-0.33,-4.212,-9.014,-0.699,-4.161,7.84,7.21,2.45
,-8.794,-0.337,-3.977,-8.811,-0.771,-4.08,9.38,6.72,2.1
,-8.959,-0.354,-4.034,-8.488,-0.869,-3.604,8.82,6.02,1.47
58381.0,-8.48,-0.979,-3.618,-8.557,1.603,-5.719,7.63,9.38,5.04
,-8.705,-0.519,-3.616,-8.284,1.103,-5.226,9.52,9.31,5.25
,-9.093,0.438,-4.635,-8.859,0.433,-4.57,10.64,7.07,4.62
,-8.832,1.323,-5.422,-9.194,0.294,-4.815,8.68,5.32,3.43
58457.0,-9.115,0.519,-5.051,-8.856,-0.931,-3.836,3.36,5.04,-2.17
,-8.804,0.311,-5.051,-9.129,-0.357,-4.188,2.45,5.39,-2.8
,-8.457,-0.311,-4.666,-9.04,0.335,-4.748,0.56,6.58,-3.01
,-8.478,-0.873,-3.752,-8.591,0.57,-5.09,3.22,8.96,-1.89
58533.0,-8.172,0.199,-4.972,-8.873,-0.507,-4.678,5.18,8.33,-0.98
,-8.392,-0.206,-4.642,-8.569,-0.38,-4.697,3.78,9.1,-0.35
,-8.72,-0.558,-4.661,-8.552,-0.325,-4.53,4.41,8.47,0.07
,-9.031,-0.684,-4.597,-8.514,-0.313,-4.398,5.95,7.63,0.14
58609.0,-8.617,-0.232,-4.532,-8.306,0.163,-4.774,9.94,8.75,0.91
,-8.882,0.151,-4.736,-8.411,-0.412,-4.618,11.48,8.33,0.91
,-8.899,0.627,-5.011,-8.569,-0.876,-4.657,10.71,7.28,-0.07
,-8.504,0.849,-5.023,-8.77,-1.208,-4.769,7.63,7.56,-1.4
58685.0,-9.095,-1.077,-4.724,-8.241,-0.708,-4.994,7.0,8.61,1.54
,-8.863,-0.692,-5.073,-8.186,-0.706,-4.764,8.61,7.21,0.56
,-8.49,-0.601,-5.08,-8.425,-0.254,-4.664,9.1,7.84,0.49
,-8.464,-0.507,-5.061,-8.593,-0.01,-4.891,9.31,8.19,1.19
58760.0,-8.804,0.787,-4.654,-8.827,-0.488,-4.889,10.85,7.84,0.91
,-8.765,1.036,-4.898,-8.772,-0.081,-4.769,8.12,8.4,-1.33
,-8.763,0.878,-5.02,-8.464,0.347,-5.219,6.37,8.89,-2.38
,-8.631,0.653,-5.255,-8.272,0.407,-5.145,5.32,9.66,-2.66
58836.0,-8.555,0.275,-5.166,-8.643,0.648,-5.707,9.73,8.19,-6.02
,-8.591,0.462,-5.288,-8.629,0.103,-5.389,8.82,8.12,-6.93
,-8.569,0.44,-5.293,-8.5,-0.507,-5.322,7.63,8.68,-7.77
,-8.624,0.529,-5.607,-8.504,-1.23,-5.039,10.01,7.98,-8.54
58912.0,-8.334,-1.589,-5.363,-8.428,-1.192,-5.755,0.7,7.28,-7.42
,-8.047,-1.821,-5.303,-8.423,-1.385,-5.721,2.8,8.54,-5.81
,-8.361,-1.866,-5.41,-8.452,-1.608,-5.628,6.44,8.33,-4.13
,-8.457,-1.567,-5.542,-8.399,-1.548,-5.54,10.5,7.91,-2.73
58988.0,-8.318,-1.508,-5.616,-8.442,-0.524,-5.09,12.6,6.65,5.46
,-8.567,-1.34,-5.262,-8.399,-0.333,-4.994,13.23,5.32,6.23
,-8.311,-0.861,-5.229,-8.279,-0.177,-5.059,13.58,4.34,5.46
,-8.244,-0.565,-5.195,-8.502,-0.101,-5.138,13.16,4.9,5.18
59063.0,-8.691,0.464,-5.334,-8.425,-0.249,-4.994,12.67,3.64,3.15
,-8.421,0.986,-5.508,-8.519,-0.711,-4.925,13.23,2.52,2.1
,-8.186,0.859,-5.456,-8.681,-0.258,-5.092,10.85,3.01,1.19
,-8.38,0.144,-5.078,-8.583,0.034,-5.154,6.65,3.15,0.07
59139.0,-8.478,-0.045,-5.023,-8.157,-0.981,-5.317,9.24,4.62,-2.73
,-8.473,0.089,-5.073,-8.153,-1.469,-5.497,8.33,5.11,-3.36
,-8.435,-0.168,-5.121,-8.267,-1.876,-5.513,6.02,4.9,-3.57
,-8.466,-0.354,-5.15,-8.258,-2.094,-5.432,3.43,3.08,-3.71
59215.0,-8.356,-1.639,-5.578,-8.787,-0.993,-5.571,9.24,4.13,3.36
,-8.253,-1.29,-5.561,-8.526,-0.804,-5.676,11.2,4.13,4.34
,-8.311,-0.9,-5.58,-8.239,-0.656,-5.69,12.32,4.34,4.97
,-8.667,-0.876,-5.616,-8.021,-0.275,-5.568,13.3,3.64,5.67
59291.0,-8.071,-0.139,-5.504,-8.349,-0.474,-5.765,12.88,0.63,5.67
,-8.483,-0.038,-5.363,-8.212,-0.979,-5.745,12.39,1.33,4.27
,-8.696,-0.022,-5.489,-8.181,-1.309,-5.619,11.2,1.19,3.22
,-8.693,-0.261,-5.583,-8.26,-1.297,-5.578,9.38,0.63,2.94
59366.0,-8.476,-0.909,-5.623,-8.236,-0.84,-5.106,11.13,-0.91,6.86
,-8.67,-0.775,-5.487,-8.378,-0.646,-5.032,10.99,-1.4,6.51
,-8.574,-0.794,-5.214,-8.466,-0.208,-5.063,9.45,-1.75,5.88
,-8.296,-0.766,-5.229,-8.449,0.005,-5.214,8.68,-1.33,5.6
59442.0,-8.459,0.093,-5.264,-8.658,-0.156,-4.858,9.24,-0.49,3.57
,-8.363,0.136,-5.379,-8.605,-0.034,-4.769,8.05,0.0,3.22
,-8.337,0.007,-5.327,-8.504,-0.215,-4.683,7.7,0.77,3.01
,-8.435,-0.182,-5.073,-8.485,-0.287,-4.678,8.33,0.91,2.45
59518.0,-8.339,-0.357,-4.987,-8.65,-0.955,-5.487,3.99,1.26,-2.24
,-8.308,-0.388,-5.26,-8.734,-1.445,-5.365,3.85,1.82,-2.59
,-8.224,-0.474,-5.358,-8.251,-1.67,-5.25,3.85,2.38,-2.66
,-8.301,-0.723,-5.427,-8.076,-1.488,-5.195,3.57,3.22,-2.45
59593.0,-8.308,-1.338,-5.135,-7.973,-0.713,-5.623,2.45,4.48,0.7
,-8.514,-1.393,-5.267,-8.157,-0.467,-5.753,1.96,3.71,1.82
,-8.526,-1.309,-5.341,-8.38,-0.445,-5.609,2.66,3.01,2.87
,-8.241,-1.01,-5.418,-8.296,-0.802,-5.465,3.29,2.52,3.78
59669.0,-8.337,-0.859,-5.654,-8.287,-0.404,-5.48,-1.33,4.2,5.32
,-8.713,-1.053,-5.492,-8.251,0.002,-5.654,-2.45,4.62,6.09
,-8.827,-1.249,-5.243,-8.406,0.17,-5.678,-3.43,4.34,6.23
,-8.454,-0.979,-5.264,-8.569,0.352,-5.693,-3.36,3.64,5.74
59745.0,-8.504,0.44,-5.623,-8.48,-0.11,-5.231,-12.39,0.28,4.13
,-8.437,0.199,-5.477,-8.483,-0.246,-5.276,-14.42,1.05,3.64
,-8.425,-0.132,-5.219,-8.509,-0.321,-5.185,-15.12,1.47,3.15
,-8.459,-0.16,-5.176,-8.593,-0.074,-5.231,-14.07,1.4,2.8
59821.0,-8.452,0.139,-5.353,-8.44,-0.761,-5.434,-7.84,1.54,3.29
,-8.375,-0.156,-5.444,-8.595,-0.96,-5.415,-8.26,1.54,2.94
,-8.433,-0.371,-5.439,-8.471,-1.012,-5.513,-9.59,1.26,3.01
,-8.442,-0.558,-5.42,-8.203,-0.811,-5.544,-10.36,1.19,3.15
59896.0,-8.107,-0.61,-5.542,-8.253,-0.177,-5.714,-5.53,1.26,4.48
,-8.397,-0.541,-5.434,-8.215,-0.096,-5.793,-5.11,1.05,5.04
,-8.526,-0.419,-5.413,-8.236,-0.402,-5.571,-5.18,0.21,5.25
,-8.502,-0.323,-5.542,-8.528,-0.524,-5.31,-4.2,-1.05,5.18
59972.0,-8.653,-0.407,-5.236,-8.593,-0.031,-5.26,-0.14,0.49,5.67
,-8.6,0.074,-5.456,-8.303,0.268,-5.461,3.29,0.14,5.95
,-8.449,0.225,-5.468,-7.93,0.199,-5.542,3.29,0.21,5.46
,-8.555,0.022,-5.3,-8.141,0.065,-5.456,0.77,0.49,5.25
60047.0,-8.457,-0.101,-5.214,-8.492,-0.17,-5.286,-0.84,-2.52,1.61
,-8.595,-0.091,-5.219,-8.5,-0.268,-5.193,0.42,-2.87,0.91
,-8.536,-0.057,-5.226,-8.409,-0.364,-5.195,0.49,-2.52,0.63
,-8.588,-0.055,-5.183,-8.497,-0.4,-5.197,0.07,-1.96,1.33
60123.0,-8.356,-0.306,-5.205,-8.402,0.117,-5.336,-1.75,-3.78,-0.7
,-8.287,-0.352,-5.205,-8.449,0.112,-5.317,-1.82,-3.92,-0.21
,-8.361,-0.357,-5.123,-8.445,0.043,-5.178,-1.68,-3.78,0.42
,-8.406,-0.117,-5.226,-8.495,-0.139,-5.056,-0.35,-4.27,1.05
60199.0,-8.433,-0.232,-4.815,-8.473,0.184,-5.434,-4.27,-3.92,0.14
,-8.536,-0.103,-4.882,-8.421,0.385,-5.379,-2.8,-3.5,0.0
,-8.607,0.177,-4.956,-8.43,0.39,-5.13,-1.75,-3.15,0.07
,-8.509,-0.089,-5.006,-8.54,0.28,-5.044,1.89,-2.94,-0.42
60275.0,-8.545,0.213,-4.934,-8.667,-0.481,-5.09,-2.66,-2.73,-2.38
,-8.394,0.151,-5.075,-8.612,-0.553,-5.133,-3.57,-2.73,-2.87
,-8.33,-0.002,-5.09,-8.433,-0.488,-5.317,-4.41,-2.52,-2.87
,-8.713,-0.366,-5.032,-8.291,-0.493,-5.284,-5.88,-3.08,-3.15
60351.0,-8.38,-0.622,-5.181,-8.509,-0.06,-5.252,-1.68,-3.57,0.49
,-8.567,-0.522,-5.061,-8.48,-0.168,-5.341,-0.77,-3.92,0.84
,-8.574,-0.206,-5.176,-8.423,-0.168,-5.257,0.28,-4.41,1.05
,-8.447,-0.124,-5.284,-8.559,-0.302,-5.071,-0.7,-4.48,1.12
60426.0,-8.662,-0.39,-5.078,-8.538,-0.148,-5.181,0.07,-4.06,1.75
,-8.715,-0.373,-4.81,-8.622,0.005,-4.984,1.82,-3.99,2.52
,-8.586,-0.268,-4.929,-8.579,0.218,-5.037,3.22,-4.2,3.29
,-8.512,-0.199,-5.214,-8.492,0.495,-4.951,3.71,-4.55,3.99
60502.0,-8.533,0.601,-5.035,-8.713,0.062,-4.958,4.83,-3.5,3.64
,-8.571,0.608,-5.051,-8.703,0.022,-4.905,3.71,-3.71,2.94
,-8.691,0.457,-5.083,-8.732,-0.079,-4.819,2.94,-3.71,2.52
,-8.713,0.208,-5.037,-8.631,0.036,-4.937,2.45,-3.85,2.17
60578.0,-8.524,0.007,-5.042,-8.665,-0.105,-4.74,7.21,-3.99,1.4
,-8.411,-0.062,-5.207,-8.76,0.065,-4.905,5.88,-4.41,1.54
,-8.428,-0.196,-4.91,-8.976,-0.072,-4.862,5.25,-4.69,1.89
,-8.643,-0.201,-4.956,-8.734,-0.077,-4.604,5.67,-4.9,2.38
60654.0,-8.591,-0.16,-4.405,-8.885,-0.182,-5.188,-2.59,-8.47,-2.8
,-8.521,-0.215,-4.298,-8.648,0.091,-5.205,-1.96,-8.19,-2.87
,-8.631,-0.213,-4.625,-8.571,0.079,-5.001,0.7,-8.47,-2.52
,-8.653,-0.16,-5.004,-8.528,0.091,-4.64,2.38,-8.96,-2.31
60729.0,-8.705,0.282,-4.283,-8.914,-0.184,-4.807,-1.26,-11.55,-4.97
,-8.892,0.364,-4.673,-8.813,-0.318,-4.743,-1.05,-11.48,-5.88
,-8.832,0.345,-4.542,-8.794,-0.457,-4.628,-3.36,-11.34,-6.58
,-8.818,0.091,-4.625,-8.713,-0.258,-4.884,-5.25,-11.06,-5.88
60805.0,-8.653,-0.117,-5.312,-8.856,-0.692,-4.128,0.14,-11.34,-3.85
,-8.605,-0.148,-4.905,-8.827,-0.469,-3.989,0.91,-11.27,-2.59
,-8.693,-0.299,-4.757,-8.957,-0.414,-3.752,1.33,-11.2,-1.54
,-8.832,-0.593,-4.625,-9.021,-0.388,-3.934,1.82,-11.13,-1.68
60880.0,-8.964,-0.414,-4.011,-8.811,-0.132,-3.996,3.15,-10.22,-0.63
,-8.921,-0.436,-3.903,-8.799,0.211,-4.202,3.08,-10.01,0.35
,-8.942,-0.491,-4.152,-9.026,0.077,-4.195,4.27,-9.73,1.12
,-8.949,-0.479,-3.893,-9.06,-0.057,-3.953,6.79,-9.24,1.33
60956.0,-9.11,-0.17,-3.972,-8.875,0.117,-3.802,4.76,-7.98,-1.4
,-9.131,-0.01,-3.69,-8.993,-0.06,-4.14,4.13,-8.05,-3.29
,-8.947,0.294,-3.86,-8.99,-0.261,-3.9,3.22,-8.12,-4.2
,-8.837,0.263,-3.738,-9.055,-0.309,-3.888,1.47,-7.56,-4.62
61032.0,-8.99,-0.445,-3.415,-9.019,0.62,-4.233,5.53,-3.99,-2.45
,-9.105,-0.447,-3.257,-8.859,0.313,-4.355,7.21,-2.59,-1.47
,-9.253,-0.151,-3.293,-8.839,-0.153,-4.465,8.54,-1.89,-1.19
,-9.21,0.316,-3.522,-8.863,-0.572,-4.235,8.19,-1.82,-1.75
61108.0,-8.949,-0.797,-4.149,-9.098,-0.385,-4.051,0.42,-1.4,-1.61
,-8.983,-0.871,-4.008,-8.88,-0.235,-4.075,2.45,-1.19,-1.19
,-9.009,-0.732,-3.91,-8.892,-0.625,-3.795,5.46,-0.91,-0.14
,-9.229,-0.749,-4.161,-8.971,-0.754,-3.575,5.53,-0.98,-0.7
61183.0,-8.993,-0.759,-3.118,-9.086,0.244,-4.25,4.48,1.05,0.98
,-9.136,-0.452,-3.29,-8.832,0.371,-4.508,6.37,1.89,1.4
,-9.16,-0.321,-3.218,-8.765,0.163,-4.47,6.65,2.66,1.89
,-9.299,-0.057,-3.733,-8.878,-0.141,-4.341,6.37,2.94,1.96
61259.0,-9.062,-0.215,-4.362,-9.095,-0.768,-3.685,3.15,2.1,0.91
,-8.983,-0.244,-4.133,-9.251,-0.61,-4.008,2.94,1.96,0.7
,-8.988,-0.407,-3.977,-9.208,-0.218,-4.781,1.89,1.82,0.56
,-9.069,-0.641,-3.81,-8.811,-0.12,-4.934,1.47,2.31,0.98
61335.0,-8.729,-0.57,-4.783,-9.261,-0.055,-3.726,-1.68,-0.28,-0.56
,-8.804,-0.854,-4.336,-9.208,0.101,-3.977,-0.28,-0.35,-0.28
,-8.916,-0.799,-3.709,-9.016,-0.012,-4.334,3.5,0.0,0.7
,-9.174,-0.431,-3.661,-8.811,-0.168,-4.312,6.3,0.21,0.98
61411.0,-8.899,-0.366,-4.401,-9.105,-0.438,-4.2,1.4,-0.28,0.84
,-8.971,-0.479,-4.336,-9.134,-0.337,-4.099,3.29,-0.77,0.7
,-8.94,-0.495,-4.252,-9.081,-0.345,-4.044,3.92,-0.63,0.98
,-9.021,-0.555,-4.078,-9.086,-0.347,-4.207,4.2,-0.7,1.47
61487.0,-8.892,-0.232,-4.209,-9.261,-0.414,-3.666,7.28,-0.91,3.64
,-8.926,-0.182,-4.381,-9.203,0.007,-4.008,8.12,-0.56,3.99
,-8.976,-0.352,-4.089,-9.024,0.285,-4.238,7.77,-0.49,4.27
,-9.086,-0.469,-3.64,-8.89,0.165,-4.152,7.98,0.14,4.9
61562.0,-8.971,-0.05,-4.523,-9.088,-0.483,-3.544,0.77,-1.4,1.26
,-8.823,-0.139,-4.441,-9.253,-0.347,-3.501,0.91,-1.75,1.05
,-8.875,-0.225,-4.295,-9.296,-0.074,-3.781,1.19,-1.89,1.19
,-9.007,-0.488,-3.893,-9.115,0.151,-4.149,1.26,-1.89,0.91
61638.0,-8.866,-0.096,-4.214,-9.445,-0.553,-3.156,-3.78,-1.47,-0.63
,-8.825,-0.505,-3.989,-9.462,-0.057,-3.53,-4.34,-1.19,0.0
,-8.973,-0.737,-3.625,-9.323,0.323,-4.401,-1.89,-0.49,0.91
,-9.162,-0.672,-3.453,-8.911,0.392,-4.685,0.77,0.28,1.61
61713.0,-8.693,-0.005,-4.702,-9.306,-0.534,-3.692,-4.97,-0.98,-0.84
,-8.756,-0.426,-4.609,-9.273,-0.199,-3.697,-3.5,-0.91,-0.49
,-8.916,-0.565,-4.343,-9.165,-0.065,-3.661,-0.14,-1.12,0.07
,-9.107,-0.701,-3.941,-9.026,-0.22,-3.656,2.45,-1.05,0.7
61789.0,-9.007,-0.428,-3.628,-9.256,-0.546,-3.623,-0.49,-0.14,0.21
,-8.976,-0.57,-3.692,-9.282,0.079,-4.116,0.07,0.21,0.35
,-8.971,-0.663,-3.623,-9.028,0.567,-4.594,1.54,0.77,0.98
,-9.11,-0.754,-3.448,-8.856,0.44,-4.75,3.15,1.54,1.61
61865.0,-8.851,0.117,-4.69,-9.143,-0.237,-3.702,-0.49,-0.42,0.14
,-8.952,-0.172,-4.501,-9.208,-0.179,-3.606,-0.21,-0.91,0.0
,-9.088,-0.261,-4.154,-9.237,-0.124,-3.597,0.7,-1.33,-0.14
,-9.11,-0.304,-3.877,-9.134,-0.23,-3.743,1.47,-1.4,-0.07
61941.0,-9.04,-0.309,-3.685,-9.093,-0.026,-4.121,-1.68,-0.35,-0.14
,-9.048,-0.349,-3.704,-9.095,-0.045,-4.367,-1.12,0.14,-0.07
,-9.105,-0.357,-3.776,-9.012,-0.187,-4.338,-0.14,0.42,0.0
,-9.182,-0.208,-3.996,-8.952,-0.4,-4.312,0.7,0.14,-0.14
62016.0,-8.973,-0.534,-4.264,-9.155,-0.117,-3.766,0.0,-1.75,-0.28
,-9.072,-0.447,-4.142,-9.155,-0.074,-3.676,1.96,-2.03,0.0
,-9.146,-0.249,-4.013,-9.16,-0.17,-3.695,3.08,-2.24,0.35
,-9.129,-0.134,-3.821,-9.122,-0.256,-3.64,3.08,-2.1,0.56
62092.0,-9.052,-0.333,-3.826,-9.201,-0.337,-3.515,-0.84,-1.96,-0.28
,-9.043,-0.443,-3.673,-9.22,-0.309,-3.573,0.14,-1.75,0.21
,-9.127,-0.412,-3.685,-9.15,-0.299,-3.618,1.4,-1.4,0.42
,-9.16,-0.361,-3.496,-9.088,-0.278,-3.63,2.17,-1.12,0.63
62168.0,-8.99,-0.476,-3.561,-9.143,-0.014,-3.96,0.49,0.77,0.35
,-9.072,-0.529,-3.427,-9.088,-0.218,-4.149,1.54,1.4,0.7
,-9.232,-0.407,-3.637,-9.076,-0.328,-4.173,3.08,1.75,0.84
,-9.28,-0.172,-3.848,-9.115,-0.419,-4.082,3.71,1.89,0.84
62244.0,-9.105,-0.357,-4.034,-9.062,-0.474,-3.513,3.36,1.19,0.7
,-9.093,-0.306,-3.764,-9.074,-0.548,-3.338,4.41,1.26,1.19
,-9.127,-0.325,-3.692,-9.165,-0.55,-3.199,4.76,1.4,1.82
,-9.165,-0.364,-3.702,-9.167,-0.299,-3.132,5.32,1.68,2.03
62320.0,-9.206,-0.16,-3.25,-9.165,-0.806,-3.015,7.28,4.9,4.06
,-9.172,-0.048,-3.221,-9.098,-0.972,-2.529,5.53,5.67,4.06
,-9.189,-0.122,-3.278,-9.265,-0.981,-1.826,3.36,6.51,3.78
,-9.208,-0.44,-3.295,-9.629,-0.44,-2.541,1.82,7.49,3.71
62395.0,-9.457,0.38,-3.216,-8.703,-0.249,-4.724,5.81,14.84,2.94
,-8.976,0.914,-3.561,-8.82,-0.275,-4.712,-0.14,15.05,2.1
,-8.701,0.782,-4.503,-9.055,-0.002,-4.494,-7.91,14.84,0.98
,-8.65,0.06,-4.482,-9.17,0.101,-4.125,-11.41,14.91,1.33
62471.0,-9.045,0.235,-3.757,-8.887,0.345,-4.599,5.95,14.56,1.75
,-9.06,0.285,-3.077,-8.725,-0.481,-5.705,3.99,14.91,0.63
,-9.064,0.397,-3.101,-8.564,-1.311,-5.379,0.35,15.05,-1.26
,-9.028,0.565,-3.886,-8.502,-1.658,-4.898,-5.95,14.14,-3.92
62546.0,-8.531,-1.103,-4.98,-9.402,0.014,-3.446,4.97,13.09,0.98
,-8.813,-0.421,-4.267,-9.277,-0.273,-3.814,11.97,13.16,1.96
,-8.995,0.254,-4.106,-8.882,-0.558,-3.783,12.74,13.16,2.38
,-9.165,0.421,-3.831,-8.703,-0.558,-3.967,7.42,13.37,1.96
62622.0,-8.533,-0.479,-4.353,-8.89,0.857,-4.724,-0.28,14.28,-0.14
,-8.447,-0.129,-4.204,-9.012,0.541,-4.602,3.01,14.21,-0.07
,-8.588,0.328,-4.171,-8.904,0.132,-4.695,7.14,14.14,0.0
,-8.684,0.821,-4.905,-8.885,-0.134,-3.982,6.65,13.51,-1.54
62698.0,-8.794,-0.44,-4.499,-8.847,-1.505,-5.441,1.68,14.07,-2.24
,-8.701,-0.945,-4.506,-8.727,-0.986,-5.578,1.19,13.44,-1.96
,-8.607,-1.582,-4.661,-8.461,-0.428,-5.683,0.21,13.09,-0.91
,-8.617,-1.735,-5.264,-8.375,0.067,-5.733,1.47,12.67,0.07
62774.0,-8.488,0.105,-5.595,-8.617,-0.749,-4.736,8.89,8.05,4.48
,-8.65,-0.12,-5.262,-8.969,-0.553,-4.81,5.32,8.05,3.92
,-8.576,-0.5,-4.779,-8.902,-0.349,-4.989,3.22,8.96,4.06
,-8.416,-0.747,-4.578,-8.428,-0.311,-4.96,5.46,9.03,4.97
62849.0,-8.39,-0.337,-4.803,-8.823,1.694,-5.236,13.72,8.61,8.12
,-8.617,-0.007,-4.891,-8.665,1.318,-5.145,15.82,8.12,7.91
,-8.954,0.689,-4.867,-8.457,0.505,-4.623,17.36,7.42,7.07
,-8.959,1.488,-5.164,-8.591,-0.235,-4.001,16.1,6.23,5.53
62925.0,-8.878,-0.395,-3.838,-8.437,-0.287,-4.654,0.56,10.36,-1.68
,-8.949,-0.534,-3.862,-8.516,-0.309,-5.133,3.29,10.78,-1.26
,-8.758,-0.347,-4.015,-8.823,-0.225,-5.248,5.18,10.57,-0.42
,-8.495,-0.299,-4.298,-8.713,-0.223,-5.226,4.9,10.78,0.77
63001.0,-8.413,-0.625,-4.994,-8.641,-1.184,-5.595,0.21,10.64,0.84
,-8.15,-0.9,-4.941,-8.469,-1.17,-5.65,-1.4,10.43,1.75
,-8.155,-1.266,-5.106,-8.354,-1.146,-5.413,-1.82,9.8,2.73
,-8.538,-1.321,-5.264,-8.339,-0.663,-5.303,-1.47,8.68,3.57
63077.0,-8.165,0.062,-5.202,-8.746,0.706,-4.635,11.97,8.19,8.19
,-8.466,0.388,-5.102,-8.689,1.144,-4.523,10.92,7.35,7.07
,-8.598,0.62,-5.226,-8.564,0.675,-4.764,7.49,6.16,5.46
,-8.588,0.603,-4.905,-8.437,0.907,-4.037,3.78,6.79,4.69
63152.0,-8.617,0.96,-4.386,-8.052,1.18,-5.662,2.52,10.15,-2.59
,-8.933,1.007,-4.353,-8.107,1.096,-5.549,1.33,9.31,-4.13
,-8.705,0.955,-4.728,-8.33,1.249,-5.549,0.28,7.84,-6.23
,-8.5,1.24,-5.202,-8.591,0.177,-4.886,0.28,6.93,-8.26
63228.0,-8.605,-0.447,-4.748,-8.399,-3.008,-5.183,-3.15,10.22,-14.28
,-8.495,-1.395,-4.415,-8.461,-2.376,-5.487,-6.58,9.8,-13.02
,-8.119,-2.187,-4.683,-8.031,-1.311,-5.915,-8.05,10.22,-10.71
,-8.138,-3.015,-4.965,-7.837,-0.672,-6.044,-5.74,10.99,-7.42
63304.0,-7.861,-0.311,-6.308,-9.0,0.002,-5.353,16.38,8.4,1.33
,-8.193,-0.038,-6.023,-8.801,0.316,-5.451,13.93,7.35,2.38
,-8.102,0.345,-6.001,-8.72,0.598,-5.537,10.43,7.77,2.52
,-8.406,0.369,-5.659,-8.6,0.62,-5.559,7.35,9.03,2.03
63379.0,-8.485,0.546,-5.843,-7.937,-1.469,-6.557,8.68,6.79,-4.76
,-8.069,0.227,-6.107,-8.318,-1.795,-6.214,7.42,6.44,-5.32
,-7.784,-0.055,-6.458,-8.411,-1.579,-6.116,6.23,6.58,-4.83
,-7.767,-0.883,-6.478,-8.39,-1.359,-5.925,5.74,6.02,-2.94
63455.0,-8.327,-1.0,-5.707,-8.356,0.122,-5.243,14.49,4.55,2.94
,-8.308,-0.775,-5.52,-8.504,0.459,-5.331,12.81,4.48,2.87
,-8.435,-0.646,-5.016,-8.583,0.615,-5.537,11.55,4.69,3.08
,-8.39,-0.11,-5.15,-8.495,0.699,-5.915,10.43,3.57,2.52
63531.0,-8.382,0.33,-6.001,-7.892,-2.204,-5.229,5.67,2.1,-0.28
,-8.15,-0.285,-5.863,-8.241,-1.855,-5.659,4.76,2.17,0.07
,-7.806,-1.084,-5.779,-8.725,-1.46,-5.652,3.71,1.4,0.91
,-7.808,-1.998,-5.408,-8.406,-0.802,-5.712,4.62,1.12,2.66
63607.0,-7.94,-0.538,-5.829,-8.37,-1.015,-5.497,11.69,-3.22,7.28
,-8.174,-0.529,-5.86,-8.236,-0.759,-5.516,8.82,-3.43,7.7
,-8.457,-0.821,-5.707,-7.988,-0.33,-5.54,6.93,-3.78,7.56
,-8.413,-1.184,-5.463,-7.956,0.103,-5.568,6.93,-3.57,7.91
63682.0,-8.2,0.498,-5.717,-8.334,-0.357,-5.363,12.39,-2.1,8.19
,-8.634,0.67,-5.75,-8.169,-0.78,-4.882,10.64,-1.47,7.77
,-8.684,0.376,-5.623,-8.083,-0.541,-5.128,9.17,-0.63,7.56
,-8.667,-0.268,-5.197,-8.306,-0.232,-5.372,7.21,-0.91,7.21
63758.0,-8.323,0.072,-5.451,-8.397,-0.055,-5.324,7.21,-0.35,5.81
,-8.162,0.124,-5.492,-7.978,0.187,-5.37,6.58,0.84,4.97
,-8.435,0.0,-5.523,-8.287,-0.022,-5.391,5.95,1.75,4.41
,-8.756,-0.304,-5.178,-8.579,-0.268,-5.322,4.9,1.61,3.99
63834.0,-8.39,-0.134,-5.473,-8.488,-0.852,-5.609,-0.56,2.03,1.05
,-8.311,-0.146,-5.578,-8.222,-1.192,-5.418,-0.98,2.66,1.05
,-8.351,-0.168,-5.81,-7.992,-1.254,-5.54,-1.26,2.94,1.05
,-8.533,-0.251,-5.827,-7.976,-1.129,-5.583,-1.19,2.87,1.12
63910.0,-8.289,-0.876,-5.75,-8.435,0.007,-5.647,-0.98,2.73,4.48
,-8.454,-0.782,-5.642,-8.454,0.45,-5.597,-1.12,3.01,4.9
,-8.325,-0.725,-5.611,-8.208,0.503,-5.537,-1.47,3.36,5.67
,-8.378,-0.503,-5.638,-8.189,0.4,-5.382,-0.98,3.92,6.37
63985.0,-8.397,0.048,-5.185,-8.399,0.584,-5.564,-7.91,2.94,4.41
,-8.55,-0.177,-5.231,-8.315,0.491,-5.652,-7.07,2.94,4.34
,-8.562,0.146,-5.396,-8.559,0.163,-5.413,-4.76,2.38,3.99
,-8.5,0.335,-5.47,-8.564,0.165,-5.494,-3.15,2.17,3.78
64061.0,-8.313,0.146,-5.573,-8.382,-0.524,-5.65,-11.69,1.05,1.19
,-8.244,0.11,-5.69,-8.26,-0.617,-5.774,-11.69,1.54,0.84
,-8.179,-0.127,-5.678,-8.253,-0.567,-5.865,-11.55,1.68,0.77
,-8.339,-0.364,-5.592,-8.368,-0.924,-5.604,-10.71,1.19,0.98
64137.0,-8.39,-0.469,-5.53,-8.43,-0.402,-5.578,-6.16,-1.75,3.22
,-8.05,-0.254,-5.738,-8.437,-0.481,-5.774,-5.81,-1.61,3.29
,-8.157,-0.574,-5.398,-8.402,-0.443,-5.769,-7.07,-1.4,4.2
,-8.323,-0.565,-5.513,-8.141,-0.428,-5.803,-6.44,-1.68,5.18
64212.0,-7.995,-0.354,-5.796,-8.593,0.225,-5.408,-0.21,-3.57,6.37
,-8.141,-0.299,-5.664,-8.605,0.749,-5.626,0.91,-2.8,6.44
,-8.442,-0.213,-5.544,-8.373,1.206,-5.741,1.26,-2.52,6.79
,-8.478,0.031,-5.485,-8.215,1.18,-5.736,2.1,-2.59,7.21
64288.0,-8.234,0.73,-5.635,-7.959,0.081,-4.788,-1.54,-4.48,2.8
,-8.215,0.318,-5.453,-8.514,0.146,-4.984,-1.75,-3.71,1.82
,-8.313,0.129,-5.264,-8.674,0.294,-4.848,-0.42,-2.94,1.4
,-8.33,0.139,-5.207,-8.332,0.5,-5.102,2.31,-2.66,1.19
64364.0,-8.177,0.514,-5.154,-8.425,0.026,-4.996,1.75,-6.23,-0.84
,-8.279,0.261,-5.063,-8.476,0.11,-4.652,0.07,-5.39,-0.77
,-8.614,-0.084,-4.96,-8.423,0.306,-4.98,-1.26,-4.76,-1.4
,-8.665,-0.084,-4.884,-8.492,0.191,-5.197,-1.26,-4.2,-1.89
64440.0,-8.447,-0.055,-5.446,-8.282,-0.187,-5.162,-5.18,-4.76,-2.24
,-8.339,-0.376,-5.439,-8.449,-0.024,-4.977,-6.02,-4.69,-1.05
,-8.279,-0.318,-5.516,-8.509,0.168,-5.013,-4.13,-4.48,-0.63
,-8.418,-0.189,-5.803,-8.435,0.325,-5.3,-2.66,-2.94,-0.14
64515.0,-8.469,-0.062,-5.075,-8.512,-0.11,-5.279,-0.98,-2.8,-0.35
,-8.442,-0.163,-5.023,-8.253,-0.029,-5.226,1.33,-1.68,-0.07
,-8.557,-0.213,-5.071,-8.356,-0.05,-5.011,4.27,-1.47,0.14
,-8.71,-0.196,-5.2,-8.504,0.144,-4.982,5.04,-2.8,-0.42
64591.0,-8.547,0.218,-5.025,-8.33,-0.881,-5.121,1.96,-4.41,0.42
,-8.763,0.206,-5.023,-8.495,-0.828,-5.123,1.75,-4.48,0.07
,-8.571,0.019,-5.217,-8.512,-0.349,-4.975,-0.7,-5.11,-0.35
,-8.27,-0.491,-5.171,-8.942,-0.165,-4.941,-1.82,-4.2,0.56
64667.0,-8.981,0.572,-4.968,-8.595,0.182,-5.209,9.24,-6.09,1.19
,-8.416,1.053,-5.288,-8.516,-0.069,-5.006,2.17,-8.96,-0.77
,-8.098,0.936,-5.293,-8.552,-0.199,-4.867,-4.69,-9.24,-1.26
,-8.334,0.471,-5.293,-8.705,-0.165,-4.903,-7.63,-8.82,-1.47
64743.0,-8.772,-0.191,-4.949,-8.437,0.191,-5.035,1.47,-6.09,0.63
,-8.691,-0.378,-5.011,-8.452,0.431,-4.987,1.33,-5.81,1.68
,-8.614,-0.416,-4.956,-8.536,0.428,-4.882,2.24,-5.46,2.52
,-8.461,-0.22,-5.027,-8.703,0.242,-4.879,4.13,-5.11,3.57
64818.0,-8.887,0.108,-4.989,-8.713,0.026,-4.48,-2.66,-6.58,0.91
,-8.78,0.208,-5.09,-8.83,0.077,-4.532,-3.71,-7.77,-0.28
,-8.447,0.302,-4.872,-8.78,0.23,-4.58,-2.73,-7.63,-0.49
,-8.473,0.115,-4.582,-8.703,0.287,-4.642,-0.91,-7.07,0.21
64894.0,-8.674,0.179,-4.482,-8.617,0.244,-4.841,-0.98,-5.95,-0.21
,-8.557,0.101,-4.226,-8.648,0.117,-4.917,-0.63,-5.46,0.14
,-8.562,0.086,-4.475,-8.732,-0.244,-4.834,-0.7,-5.39,-0.14
,-8.67,0.103,-4.594,-8.811,-0.311,-4.702,-1.19,-5.88,-0.35
64969.0,-8.83,-0.017,-4.824,-8.799,0.069,-4.64,1.4,-5.88,0.49
,-8.715,0.163,-4.7,-8.691,0.024,-4.714,0.91,-6.23,0.07
,-8.705,0.282,-4.582,-8.571,-0.014,-4.597,-0.98,-6.58,-0.49
,-8.765,0.172,-4.542,-8.701,0.096,-4.551,-2.8,-6.65,-0.98
65045.0,-8.815,0.129,-4.499,-8.715,0.172,-4.956,0.91,-6.51,0.21
,-8.885,0.182,-4.468,-8.725,0.27,-4.953,1.89,-6.65,0.07
,-8.851,0.266,-4.549,-8.722,0.081,-4.645,1.68,-6.93,-0.07
,-8.756,0.258,-4.882,-8.851,-0.055,-3.963,0.49,-7.49,-0.56
65121.0,-8.957,0.06,-3.884,-8.856,-0.182,-4.585,1.54,-7.28,-0.91
,-8.99,0.144,-4.14,-8.813,-0.091,-4.494,-0.21,-7.63,-1.68
,-8.906,0.194,-4.286,-8.768,0.132,-4.271,-3.15,-7.98,-2.1
,-8.806,0.101,-4.563,-8.885,0.302,-4.106,-5.6,-8.12,-2.17
65197.0,-8.976,0.428,-4.207,-9.026,0.014,-4.456,0.28,-7.07,-1.68
,-8.988,0.376,-4.453,-8.897,0.045,-4.482,-1.19,-7.28,-2.52
,-8.863,0.328,-4.424,-8.808,-0.017,-4.257,-1.82,-7.14,-2.66
,-8.851,0.045,-4.389,-8.938,-0.012,-3.838,-1.12,-7.14,-2.59
65273.0,-9.076,-0.079,-3.618,-8.909,0.447,-4.137,6.86,-4.62,-0.35
,-9.148,0.12,-3.458,-8.813,0.215,-4.374,7.98,-3.71,0.0
,-9.155,0.333,-3.635,-8.844,0.036,-4.465,7.42,-3.43,-0.56
,-8.976,0.491,-3.781,-8.904,0.06,-4.346,5.46,-3.08,-1.26
65348.0,-8.997,-0.002,-4.19,-9.072,-0.196,-3.616,1.96,-3.01,-2.94
,-8.887,0.242,-4.405,-9.076,0.005,-3.676,2.87,-2.94,-2.8
,-8.89,0.096,-3.999,-9.012,0.213,-3.903,1.68,-2.52,-2.24
,-9.019,-0.11,-3.833,-8.839,0.268,-4.063,1.19,-1.82,-1.82
65424.0,-8.861,-0.019,-3.917,-9.103,-0.115,-4.003,0.35,0.14,-2.38
,-9.009,-0.364,-3.79,-9.009,0.156,-4.558,0.42,0.77,-1.82
,-9.05,-0.457,-3.532,-8.804,0.06,-4.829,2.03,1.61,-1.26
,-9.21,-0.211,-3.814,-8.744,-0.005,-5.171,3.99,2.31,-1.12
65500.0,-8.775,-0.144,-5.207,-9.117,0.134,-4.173,2.8,-0.42,-1.19
,-8.825,-0.055,-5.008,-9.005,0.093,-4.008,4.69,-1.05,-0.91
,-8.938,0.103,-4.7,-8.935,-0.05,-3.776,5.46,-1.75,-0.77
,-9.074,0.089,-4.247,-8.978,-0.194,-3.668,4.9,-2.03,-0.77
65576.0,-9.093,-0.302,-3.41,-8.964,0.28,-4.525,1.05,-0.42,-0.7
,-9.158,-0.232,-3.364,-8.715,-0.127,-4.381,2.17,0.35,-0.63
,-9.184,0.072,-3.64,-8.739,-0.507,-4.14,2.31,0.98,-0.98
,-9.141,0.256,-4.14,-8.866,-0.543,-4.02,0.56,1.05,-1.96
65651.0,-9.021,-0.416,-3.857,-8.818,-0.096,-4.223,3.29,1.82,0.14
,-9.21,-0.165,-3.776,-8.835,-0.378,-4.101,3.92,1.89,0.49
,-9.222,0.05,-4.022,-9.0,-0.316,-3.965,3.29,2.03,0.28
,-8.983,0.069,-4.178,-9.107,-0.153,-3.845,2.03,2.17,0.21
65727.0,-9.239,0.074,-3.783,-8.851,-0.134,-4.427,7.49,3.78,1.75
,-9.237,0.27,-4.044,-8.856,-0.258,-4.458,6.44,3.92,1.26
,-8.99,0.364,-4.135,-8.942,-0.134,-4.489,4.2,3.57,0.56
,-8.923,0.179,-4.31,-9.05,-0.01,-4.618,2.17,3.57,0.0
65802.0,-8.949,0.031,-4.597,-9.019,0.067,-4.398,4.76,2.31,0.28
,-8.83,-0.055,-4.384,-8.926,0.12,-4.515,3.99,1.96,0.56
,-8.911,-0.144,-4.276,-8.842,-0.086,-4.422,4.2,1.96,0.84
,-8.966,-0.172,-4.212,-8.847,-0.213,-4.288,4.97,1.96,0.77
65878.0,-8.933,-0.165,-4.25,-8.753,-0.007,-4.877,3.99,1.12,0.35
,-9.007,-0.002,-4.288,-8.763,-0.251,-4.728,4.2,0.84,0.35
,-9.091,0.136,-4.669,-8.825,-0.395,-4.52,3.78,0.14,0.0
,-8.961,0.206,-4.891,-8.981,-0.223,-4.197,2.8,-0.49,-0.35
65954.0,-9.103,0.043,-4.015,-9.031,-0.323,-3.534,5.81,-1.96,1.05
,-9.048,-0.036,-3.774,-9.103,-0.297,-3.515,4.48,-1.89,0.84
,-9.033,-0.218,-3.788,-9.115,-0.122,-3.625,3.99,-1.47,1.05
,-8.983,-0.244,-3.644,-9.107,0.136,-3.869,5.11,-0.42,1.47
66030.0,-9.072,0.273,-4.207,-8.804,-0.23,-4.709,4.06,1.68,0.49
,-8.997,0.187,-4.681,-8.878,-0.112,-4.374,1.68,1.19,-0.21
,-8.914,-0.005,-4.951,-9.043,-0.098,-4.111,0.63,0.35,-0.56
,-8.811,-0.141,-5.03,-9.062,-0.163,-3.759,1.61,-0.21,-0.21
66106.0,-9.115,-0.266,-3.472,-8.866,-0.249,-4.264,5.46,-0.42,1.12
,-9.203,-0.218,-3.661,-8.799,-0.278,-4.286,5.32,-0.14,0.77
,-9.048,-0.029,-4.02,-8.945,-0.12,-4.283,4.55,0.0,0.35
,-8.949,-0.091,-4.195,-9.021,-0.057,-4.235,3.36,0.07,0.28
66181.0,-9.081,0.041,-4.231,-9.019,-0.108,-4.338,4.27,0.14,0.49
,-9.005,0.091,-4.276,-8.966,-0.002,-4.384,3.08,-0.14,0.28
,-8.961,-0.005,-4.29,-9.009,-0.191,-4.116,1.54,-0.28,0.21
,-8.997,-0.127,-4.243,-8.981,-0.335,-3.802,1.26,-0.56,0.07
66257.0,-9.062,-0.359,-3.683,-8.949,-0.101,-4.089,4.48,0.0,1.12
,-9.127,-0.141,-3.594,-8.868,-0.23,-4.209,5.32,0.56,1.19
,-9.167,-0.041,-3.723,-8.909,-0.201,-4.252,4.55,0.84,0.84
,-9.117,-0.053,-3.912,-8.954,-0.074,-4.355,3.08,1.05,0.42
66333.0,-9.009,0.01,-4.322,-8.947,-0.11,-4.039,2.66,1.12,0.49
,-9.05,-0.055,-4.188,-9.007,-0.218,-3.999,1.96,1.05,0.56
,-9.081,-0.239,-4.032,-9.086,-0.156,-4.202,1.89,1.19,0.56
,-9.021,-0.144,-4.044,-8.997,-0.077,-4.353,2.1,1.12,0.63
66409.0,-8.988,-0.06,-4.137,-9.043,-0.045,-4.288,2.73,1.47,0.28
,-9.05,-0.158,-4.188,-9.033,-0.053,-4.262,2.8,1.54,0.35
,-8.981,-0.057,-4.104,-8.993,-0.096,-4.252,3.15,1.26,0.35
,-8.981,0.022,-4.154,-9.05,-0.108,-4.176,3.15,1.33,0.56
66484.0,-9.05,-0.129,-4.262,-8.981,-0.251,-4.348,2.66,0.77,-0.14
,-9.019,-0.093,-4.408,-8.993,-0.148,-4.264,2.66,0.42,-0.28
,-8.993,-0.117,-4.456,-9.026,-0.101,-4.137,2.17,0.21,-0.42
,-8.935,-0.218,-4.401,-9.031,-0.199,-3.963,2.31,0.07,-0.28
66560.0,-9.007,-0.163,-3.74,-8.945,-0.273,-4.133,4.06,-0.21,0.21
,-9.11,-0.069,-3.994,-8.909,-0.239,-4.159,3.92,0.0,-0.07
,-9.074,-0.101,-4.034,-8.983,-0.213,-4.219,3.29,0.07,0.0
,-9.031,-0.223,-4.034,-8.969,-0.101,-4.188,2.45,-0.07,-0.14
66635.0,-8.976,-0.124,-4.106,-8.983,-0.246,-4.046,3.5,0.07,0.21
,-9.021,-0.031,-4.121,-8.981,-0.333,-4.03,2.87,-0.14,0.07
,-9.012,-0.091,-4.061,-8.976,-0.256,-4.042,1.89,-0.21,0.0
,-8.985,-0.151,-4.097,-9.069,-0.246,-4.027,1.26,-0.35,0.0
66711.0,-9.103,-0.294,-4.042,-8.976,-0.12,-4.204,2.66,0.63,1.54
,-9.048,-0.273,-4.044,-8.947,-0.244,-3.975,2.66,0.84,1.75
,-9.002,-0.201,-4.109,-8.921,-0.546,-3.86,2.87,1.19,1.82
,-9.009,-0.16,-4.137,-8.985,-0.577,-3.565,3.15,0.91,1.96
66787.0,-8.99,-0.357,-3.388,-9.136,0.089,-3.635,6.23,2.1,3.5
,-9.098,-0.158,-3.441,-9.021,0.002,-3.666,6.16,2.8,3.36
,-9.086,0.007,-3.434,-8.983,-0.06,-3.678,4.55,3.57,3.29
,-9.079,0.079,-3.295,-9.009,-0.273,-3.671,3.08,4.27,3.36
66863.0,-9.088,-0.622,-3.305,-8.827,0.39,-4.681,-0.56,7.42,0.91
,-9.213,-0.692,-2.869,-8.667,0.101,-5.027,1.05,8.54,0.14
,-9.299,-0.328,-3.178,-8.65,-0.546,-4.858,2.45,9.17,-0.84
,-9.043,0.199,-3.843,-8.777,-0.861,-4.408,1.19,8.96,-1.68
66938.0,-8.815,-0.727,-3.965,-8.995,0.053,-4.226,7.84,8.61,1.33
,-9.074,-0.043,-4.022,-8.796,-0.57,-3.534,12.67,8.68,1.54
,-9.21,0.598,-4.384,-9.04,-0.596,-3.587,10.92,7.77,0.42
,-9.162,0.555,-4.336,-9.122,0.036,-3.491,4.41,7.42,-0.35
67014.0,-9.131,0.747,-4.384,-8.713,-0.61,-4.197,3.85,9.24,-0.28
,-8.885,1.022,-4.745,-8.801,-0.483,-4.231,-2.94,8.19,-2.17
,-8.619,0.742,-4.882,-9.012,-0.101,-4.197,-10.64,7.63,-2.87
,-8.547,-0.05,-4.836,-9.036,0.29,-4.396,-14.42,7.91,-3.01
67090.0,-8.859,0.261,-4.594,-8.911,0.005,-5.425,0.7,8.75,-3.71
,-8.859,-0.124,-4.022,-8.825,0.031,-5.709,-1.26,8.96,-3.08
,-8.859,-0.428,-4.46,-8.521,-0.144,-5.767,-0.49,8.89,-2.66
,-8.89,-0.182,-4.637,-8.239,-0.507,-5.159,2.03,7.98,-2.66
67166.0,-8.466,-0.481,-4.432,-9.074,-0.187,-4.695,4.13,6.3,-1.82
,-8.839,-0.151,-4.472,-8.844,-0.369,-4.551,7.49,5.74,-2.52
,-9.249,0.017,-4.386,-8.705,-0.471,-4.334,6.72,4.97,-2.66
,-9.332,0.0,-4.642,-8.638,-0.558,-4.453,3.92,4.48,-3.22
67242.0,-8.672,-0.708,-4.463,-8.792,-0.55,-4.398,5.6,3.43,-2.17
,-8.679,-0.981,-4.621,-8.665,-0.574,-4.499,6.79,3.57,-0.91
,-8.672,-0.902,-4.865,-8.815,-0.94,-4.389,8.47,3.64,0.07
,-8.725,-0.821,-4.29,-8.775,-1.268,-4.403,11.2,4.06,1.26
67317.0,-8.923,-1.287,-4.286,-9.012,0.443,-3.927,11.06,4.55,6.37
,-8.969,-0.883,-4.24,-9.153,0.756,-4.681,12.81,4.69,7.0
,-8.531,-0.519,-4.015,-9.05,0.543,-5.095,14.28,5.95,7.35
,-8.667,-0.177,-3.297,-8.72,0.146,-4.934,16.17,7.35,8.05
67393.0,-8.435,-0.177,-4.506,-8.993,0.256,-4.379,2.45,7.07,2.73
,-8.478,-0.249,-4.056,-9.014,-0.407,-4.094,7.49,8.68,2.45
,-8.727,0.187,-4.097,-8.894,-0.715,-3.802,12.53,8.19,1.89
,-8.892,0.57,-4.475,-8.806,-0.565,-3.987,12.11,7.07,1.12
67468.0,-8.751,-0.136,-4.322,-8.899,-0.388,-4.042,8.4,10.64,3.15
,-8.658,0.242,-4.582,-9.026,-0.055,-4.346,7.98,9.66,2.59
,-8.461,0.17,-4.398,-8.811,0.211,-4.975,4.62,10.43,1.26
,-8.445,-0.191,-4.319,-8.648,0.156,-5.087,2.38,12.39,0.49
67544.0,-8.6,-0.302,-4.989,-8.634,0.067,-5.315,1.05,12.88,1.05
,-8.461,-0.735,-4.75,-8.251,0.179,-5.389,1.54,13.79,0.91
,-8.703,-0.718,-4.657,-8.253,0.089,-5.212,4.48,13.16,0.91
,-8.717,-0.402,-5.051,-8.435,-0.11,-5.073,6.93,11.13,0.56
67620.0,-8.605,-0.318,-4.836,-8.571,-0.112,-4.994,4.55,12.81,-1.05
,-8.748,-0.385,-4.736,-8.476,-0.062,-5.25,5.46,12.6,-0.84
,-8.847,-0.227,-4.75,-8.459,-0.007,-5.571,5.67,12.32,-0.91
,-8.763,-0.213,-4.812,-8.562,-0.057,-5.564,4.9,12.11,-1.26
67696.0,-8.674,-0.936,-4.834,-8.289,-1.065,-5.645,6.23,9.87,-1.26
,-8.284,-0.043,-5.537,-8.22,-1.189,-5.513,9.38,9.1,-3.5
,-8.547,0.041,-5.525,-8.457,-1.18,-5.286,7.91,7.91,-4.55
,-8.507,-0.529,-5.547,-8.629,-0.924,-5.274,4.13,7.0,-3.64
67771.0,-8.485,-0.524,-5.413,-8.272,-0.316,-5.169,10.64,7.0,0.7
,-8.476,-0.376,-5.296,-8.461,-0.096,-5.154,10.01,7.07,0.98
,-8.509,-0.438,-5.578,-8.301,-0.007,-5.233,10.85,6.16,0.91
,-8.291,-0.163,-5.47,-8.308,-0.055,-5.389,8.61,6.02,0.63
67847.0,-8.588,-0.251,-5.197,-8.418,-0.579,-5.367,2.8,5.04,-0.56
,-8.65,-0.428,-5.202,-8.392,-0.964,-5.415,1.61,5.53,-0.42
,-8.433,-0.297,-5.118,-8.737,-1.558,-5.229,2.52,6.02,-0.14
,-8.425,-0.447,-5.236,-8.708,-1.953,-5.169,3.15,6.09,0.07
67923.0,-8.114,-1.744,-5.272,-8.555,0.72,-5.434,6.58,3.71,5.25
,-7.796,-1.51,-5.327,-8.634,0.885,-5.415,8.75,4.27,6.37
,-8.186,-0.534,-5.461,-8.739,1.055,-5.272,11.83,3.22,6.37
,-8.32,0.227,-5.607,-8.593,0.933,-5.341,13.37,1.75,5.95
67999.0,-8.253,0.5,-5.42,-8.603,-0.512,-5.468,-1.12,1.96,-0.35
,-8.191,-0.115,-5.334,-8.497,-0.68,-5.556,-1.05,3.08,-0.7
,-8.469,-0.431,-5.207,-8.361,-0.794,-5.418,0.98,3.43,-1.05
,-8.693,-0.538,-5.248,-8.346,-0.498,-5.413,4.48,3.43,-1.19
68075.0,-8.334,-0.261,-5.315,-8.562,-0.603,-5.26,11.9,3.64,1.54
,-8.354,-0.132,-5.386,-8.61,-0.735,-5.267,9.45,3.43,0.84
,-8.086,-0.261,-5.327,-8.49,-0.754,-5.307,7.21,3.71,0.07
,-8.184,-0.337,-5.406,-8.394,-0.83,-5.219,6.23,4.27,-0.21
68150.0,-8.485,-0.775,-5.162,-8.208,0.148,-5.463,5.95,3.71,2.24
,-8.339,-0.725,-5.224,-8.356,0.077,-5.415,6.09,3.29,3.01
,-8.413,-0.543,-5.363,-8.528,-0.034,-5.568,7.28,2.94,3.43
,-8.452,-0.237,-5.363,-8.406,-0.299,-5.497,8.26,1.68,3.15
68226.0,-8.186,-0.357,-5.453,-8.342,-1.132,-5.8,6.72,0.63,1.19
,-8.26,-0.62,-5.587,-8.279,-0.55,-5.927,6.58,0.49,1.68
,-8.526,-1.266,-5.53,-8.232,-0.172,-5.932,6.51,-0.49,2.03
,-8.457,-1.491,-5.554,-8.148,-0.175,-5.956,8.4,-1.47,2.1
68301.0,-8.244,-0.589,-5.97,-8.533,-1.656,-5.154,7.56,-3.08,2.73
,-8.473,-0.926,-5.642,-8.473,-1.278,-4.932,7.07,-3.01,3.43
,-8.366,-1.385,-5.508,-8.581,-0.883,-4.745,7.98,-2.73,4.76
,-8.296,-1.828,-5.331,-8.294,-0.404,-4.826,9.52,-1.82,6.51
68377.0,-8.162,0.012,-4.932,-8.524,0.316,-5.229,12.67,-2.87,8.4
,-8.545,0.132,-4.956,-8.351,0.053,-5.269,12.04,-3.36,7.98
,-8.744,0.325,-5.066,-8.251,-0.235,-4.984,12.18,-3.99,6.93
,-8.701,0.304,-5.171,-8.263,-0.203,-5.013,11.55,-3.43,5.67
68453.0,-8.428,-0.426,-4.944,-8.636,-0.045,-4.982,7.7,-0.84,3.85
,-8.547,-0.23,-4.999,-8.703,-0.292,-5.013,8.05,-0.84,3.29
,-8.555,-0.081,-4.994,-8.701,-0.28,-5.087,7.7,0.07,2.59
,-8.562,-0.017,-4.994,-8.342,-0.321,-5.19,6.86,0.63,1.75
68529.0,-8.102,-0.457,-5.224,-8.411,-0.747,-5.293,1.54,1.4,-0.63
,-8.241,-0.471,-5.377,-8.368,-0.828,-5.315,1.19,2.73,-0.28
,-8.519,-0.625,-5.329,-8.399,-0.842,-5.329,0.98,3.36,0.21
,-8.574,-0.83,-5.252,-8.497,-0.656,-5.475,0.49,3.01,0.7
68604.0,-8.679,-0.567,-5.284,-8.277,-1.029,-5.377,0.49,3.64,0.77
,-8.629,-0.44,-5.2,-8.399,-1.175,-5.465,-0.42,3.57,0.7
,-8.32,-0.534,-5.233,-8.399,-0.986,-5.226,-2.45,3.64,1.05
,-8.186,-0.811,-5.205,-8.421,-0.56,-5.162,-3.78,3.85,1.82
68680.0,-8.287,-0.304,-5.114,-8.624,-0.045,-5.229,-2.17,3.36,3.5
,-8.378,-0.134,-5.166,-8.447,0.211,-5.195,-3.5,3.71,3.08
,-8.631,-0.038,-5.25,-8.464,0.318,-5.358,-4.9,3.57,2.87
,-8.772,-0.002,-5.207,-8.576,0.168,-5.353,-6.86,2.52,2.8
68755.0,-8.531,-0.029,-5.394,-8.421,-0.754,-5.36,-11.69,2.87,1.33
,-8.622,-0.182,-5.425,-8.421,-0.809,-5.353,-11.76,2.73,1.19
,-8.425,-0.388,-5.487,-8.471,-0.67,-5.339,-11.27,2.87,1.61
,-8.39,-0.629,-5.374,-8.375,-0.708,-5.209,-11.41,2.87,2.17
68831.0,-8.344,-0.603,-5.276,-8.337,0.464,-5.506,-9.31,2.17,5.53
,-8.368,-0.608,-5.231,-8.303,0.34,-5.504,-8.89,3.01,5.67
,-8.626,-0.414,-5.307,-8.502,0.098,-5.355,-7.42,1.89,5.74
,-8.454,0.065,-5.413,-8.655,-0.191,-5.236,-5.95,1.05,5.53
