Timestamp,AccX,AccY,AccZ,GyroX,GyroY,GyroZ,MagnX,MagnY,MagnZ
0.0,-9.421,-1.548,-2.625,-9.44,-1.541,-2.644,2.73,1.33,0.7
,-9.411,-1.56,-2.673,-9.438,-1.57,-2.635,2.59,1.4,0.77
,-9.452,-1.56,-2.675,-9.383,-1.603,-2.611,2.66,1.33,0.63
,-9.514,-1.57,-2.623,-9.45,-1.598,-2.615,2.73,1.47,0.7
75.0,-9.409,-1.584,-2.63,-9.428,-1.598,-2.611,2.66,1.4,0.63
,-9.435,-1.62,-2.639,-9.469,-1.567,-2.618,2.52,1.47,0.63
,-9.44,-1.608,-2.635,-9.459,-1.551,-2.589,2.59,1.47,0.63
,-9.426,-1.579,-2.699,-9.457,-1.531,-2.632,2.59,1.54,0.63
150.0,-9.466,-1.572,-2.663,-9.426,-1.572,-2.67,2.52,1.47,0.56
,-9.414,-1.606,-2.603,-9.407,-1.555,-2.601,2.31,1.47,0.63
,-9.469,-1.615,-2.649,-9.423,-1.505,-2.623,2.52,1.4,0.56
,-9.438,-1.594,-2.649,-9.485,-1.589,-2.627,2.73,1.4,0.63
226.0,-9.459,-1.606,-2.663,-9.423,-1.584,-2.682,2.52,1.33,0.56
,-9.421,-1.606,-2.632,-9.438,-1.582,-2.668,2.59,1.19,0.63
,-9.45,-1.541,-2.651,-9.43,-1.589,-2.694,2.66,1.4,0.56
,-9.43,-1.572,-2.67,-9.421,-1.598,-2.69,2.59,1.47,0.63
302.0,-9.471,-1.594,-2.656,-9.418,-1.584,-2.673,3.15,1.26,0.7
,-9.45,-1.522,-2.642,-9.418,-1.524,-2.668,3.29,1.12,0.7
,-9.471,-1.565,-2.632,-9.426,-1.56,-2.68,3.01,0.91,0.63
,-9.447,-1.601,-2.613,-9.418,-1.606,-2.702,2.94,1.05,0.63
378.0,-9.409,-1.598,-2.627,-9.43,-1.551,-2.63,3.29,1.19,0.77
,-9.421,-1.567,-2.659,-9.423,-1.606,-2.587,3.64,1.12,0.7
,-9.509,-1.531,-2.654,-9.452,-1.608,-2.606,3.64,1.05,0.63
,-9.442,-1.536,-2.611,-9.483,-1.61,-2.635,3.43,0.98,0.56
453.0,-9.445,-1.546,-2.613,-9.442,-1.606,-2.627,3.29,0.63,0.49
,-9.418,-1.548,-2.635,-9.423,-1.598,-2.632,3.22,0.77,0.49
,-9.445,-1.527,-2.618,-9.438,-1.644,-2.649,3.01,0.77,0.56
,-9.45,-1.606,-2.608,-9.414,-1.632,-2.615,2.8,0.56,0.42
529.0,-9.43,-1.589,-2.594,-9.44,-1.639,-2.568,3.15,0.77,0.49
,-9.462,-1.579,-2.568,-9.447,-1.613,-2.575,2.87,0.77,0.56
,-9.447,-1.579,-2.594,-9.471,-1.627,-2.565,2.45,0.84,0.56
,-9.454,-1.627,-2.556,-9.45,-1.598,-2.572,2.31,0.77,0.56
604.0,-9.445,-1.591,-2.611,-9.416,-1.627,-2.663,2.94,1.05,0.77
,-9.483,-1.618,-2.647,-9.418,-1.601,-2.62,2.59,0.77,0.77
,-9.452,-1.62,-2.678,-9.447,-1.565,-2.599,2.59,1.05,0.7
,-9.428,-1.637,-2.668,-9.445,-1.603,-2.548,2.73,0.91,0.7
680.0,-9.454,-1.603,-2.536,-9.416,-1.615,-2.623,3.15,1.12,0.84
,-9.43,-1.582,-2.57,-9.447,-1.601,-2.625,2.87,0.98,0.84
,-9.457,-1.622,-2.568,-9.445,-1.594,-2.666,2.8,1.12,0.91
,-9.438,-1.615,-2.592,-9.464,-1.603,-2.589,2.59,0.91,0.77
756.0,-9.442,-1.591,-2.568,-9.45,-1.615,-2.678,3.01,0.98,0.84
,-9.507,-1.613,-2.596,-9.423,-1.608,-2.63,3.08,1.05,0.84
,-9.481,-1.577,-2.603,-9.485,-1.594,-2.659,3.01,1.05,0.77
,-9.435,-1.591,-2.587,-9.414,-1.625,-2.635,3.08,0.91,0.84
832.0,-9.421,-1.563,-2.608,-9.445,-1.658,-2.575,3.36,0.77,0.91
,-9.481,-1.553,-2.592,-9.459,-1.594,-2.589,3.08,0.56,0.84
,-9.459,-1.527,-2.625,-9.483,-1.567,-2.529,2.94,0.49,0.7
,-9.438,-1.642,-2.668,-9.533,-1.531,-2.572,2.8,0.49,0.77
908.0,-9.469,-1.558,-2.568,-9.474,-1.618,-2.515,2.87,0.49,0.7
,-9.433,-1.584,-2.582,-9.469,-1.577,-2.422,2.52,0.63,0.77
,-9.387,-1.649,-2.541,-9.502,-1.586,-2.453,2.66,0.56,0.7
,-9.45,-1.644,-2.539,-9.497,-1.596,-2.484,3.01,0.84,0.84
983.0,-9.471,-1.565,-2.522,-9.476,-1.622,-2.584,2.59,1.12,0.7
,-9.433,-1.579,-2.51,-9.447,-1.603,-2.601,2.38,1.19,0.63
,-9.452,-1.627,-2.587,-9.488,-1.539,-2.582,2.45,1.26,0.77
,-9.44,-1.586,-2.565,-9.447,-1.536,-2.642,2.52,1.4,0.77
1059.0,-9.433,-1.639,-2.582,-9.44,-1.61,-2.527,2.24,1.12,0.63
,-9.45,-1.677,-2.575,-9.49,-1.591,-2.541,2.31,1.19,0.7
,-9.442,-1.608,-2.568,-9.457,-1.603,-2.532,2.66,1.26,0.7
,-9.474,-1.582,-2.577,-9.433,-1.606,-2.527,2.87,1.26,0.7
1135.0,-9.466,-1.637,-2.534,-9.454,-1.594,-2.534,2.31,1.47,0.91
,-9.45,-1.591,-2.541,-9.426,-1.594,-2.484,2.52,1.4,0.84
,-9.476,-1.551,-2.556,-9.466,-1.582,-2.551,2.45,1.4,0.63
,-9.44,-1.591,-2.556,-9.435,-1.625,-2.565,2.38,1.47,0.7
1211.0,-9.445,-1.601,-2.582,-9.483,-1.563,-2.611,2.17,1.54,0.56
,-9.45,-1.575,-2.668,-9.5,-1.531,-2.563,2.24,1.61,0.56
,-9.402,-1.62,-2.592,-9.476,-1.57,-2.608,2.24,1.61,0.63
,-9.454,-1.601,-2.608,-9.457,-1.634,-2.565,2.24,1.68,0.63
1286.0,-9.45,-1.651,-2.603,-9.459,-1.546,-2.51,2.1,1.68,0.56
,-9.442,-1.586,-2.584,-9.466,-1.572,-2.489,2.45,1.75,0.56
,-9.462,-1.63,-2.575,-9.514,-1.663,-2.539,2.45,1.75,0.63
,-9.469,-1.577,-2.52,-9.45,-1.558,-2.603,2.73,1.75,0.63
1362.0,-9.426,-1.608,-2.577,-9.402,-1.584,-2.704,3.01,1.82,0.42
,-9.373,-1.615,-2.639,-9.418,-1.579,-2.685,2.73,1.75,0.42
,-9.464,-1.618,-2.659,-9.447,-1.567,-2.673,2.8,1.75,0.49
,-9.459,-1.673,-2.659,-9.452,-1.56,-2.647,3.08,1.68,0.56
1437.0,-9.481,-1.598,-2.539,-9.407,-1.632,-2.56,2.24,1.05,0.63
,-9.43,-1.625,-2.563,-9.5,-1.632,-2.56,2.38,1.19,0.56
,-9.433,-1.63,-2.603,-9.49,-1.598,-2.525,2.24,0.84,0.49
,-9.464,-1.661,-2.58,-9.462,-1.644,-2.558,2.17,1.05,0.56
1513.0,-9.426,-1.598,-2.51,-9.428,-1.692,-2.434,1.96,1.05,0.63
,-9.454,-1.646,-2.534,-9.452,-1.606,-2.577,1.75,1.12,0.49
,-9.404,-1.558,-2.544,-9.457,-1.548,-2.362,1.82,1.05,0.42
,-9.395,-1.441,-2.63,-9.464,-1.608,-2.479,1.68,1.12,0.56
1589.0,-9.438,-1.61,-2.479,-9.459,-1.565,-2.469,1.47,1.89,0.63
,-9.438,-1.677,-2.465,-9.485,-1.586,-2.553,1.4,1.75,0.63
,-9.442,-1.62,-2.551,-9.399,-1.567,-2.529,1.61,1.89,0.63
,-9.433,-1.63,-2.553,-9.457,-1.512,-2.627,1.75,2.03,0.63
1665.0,-9.478,-1.639,-2.57,-9.411,-1.505,-2.484,0.77,2.31,0.63
,-9.43,-1.682,-2.56,-9.447,-1.491,-2.493,0.91,2.45,0.7
,-9.442,-1.651,-2.503,-9.485,-1.476,-2.472,1.4,2.66,0.84
,-9.45,-1.579,-2.522,-9.454,-1.584,-2.443,1.82,2.66,0.77
1741.0,-9.371,-1.668,-2.481,-9.483,-1.464,-2.405,0.7,3.36,0.56
,-9.399,-1.682,-2.472,-9.531,-1.452,-2.41,1.05,3.43,0.63
,-9.397,-1.637,-2.469,-9.521,-1.488,-2.501,1.4,3.78,0.7
,-9.457,-1.553,-2.429,-9.452,-1.572,-2.575,1.54,4.06,0.7
1816.0,-9.407,-1.618,-2.632,-9.409,-1.455,-2.812,-2.31,4.34,0.35
,-9.368,-1.706,-2.666,-9.442,-1.577,-2.572,-1.75,4.41,0.42
,-9.39,-1.694,-2.685,-9.411,-1.608,-2.639,-1.19,4.62,0.63
,-9.404,-1.63,-2.582,-9.368,-1.747,-2.58,-0.28,4.83,0.77
1892.0,-9.332,-1.74,-2.589,-9.457,-1.606,-2.68,-1.47,5.11,0.98
,-9.411,-1.766,-2.556,-9.34,-1.725,-2.56,-0.7,5.25,1.05
,-9.476,-1.61,-2.632,-9.409,-1.732,-2.57,-0.91,5.25,0.98
,-9.471,-1.551,-2.647,-9.445,-1.622,-2.539,-1.68,5.11,0.98
1968.0,-9.464,-1.579,-2.709,-9.335,-1.548,-2.496,-1.05,6.23,1.47
,-9.38,-1.572,-2.637,-9.418,-1.469,-2.393,-1.47,6.37,1.75
,-9.344,-1.594,-2.623,-9.402,-1.508,-2.316,-1.4,7.0,2.17
,-9.325,-1.651,-2.608,-9.478,-1.441,-2.316,-0.84,7.35,2.17
2044.0,-9.423,-1.383,-2.247,-9.284,-1.704,-2.915,-4.13,9.1,1.82
,-9.524,-1.256,-2.589,-9.201,-1.823,-2.898,-5.74,8.89,1.47
,-9.304,-1.462,-2.661,-9.325,-1.732,-2.79,-8.33,8.82,1.47
,-9.289,-1.551,-2.694,-9.33,-1.467,-2.862,-8.96,9.24,1.75
2119.0,-9.45,-1.335,-2.771,-9.213,-1.462,-3.108,-1.12,10.99,2.31
,-9.359,-1.125,-3.037,-9.306,-1.596,-3.113,-2.45,10.71,2.03
,-9.313,-1.058,-3.051,-9.275,-1.601,-3.36,-4.27,10.64,1.89
,-9.361,-1.407,-3.104,-9.119,-1.675,-3.171,-6.16,10.15,1.68
2195.0,-9.335,-1.529,-3.199,-9.196,-0.61,-3.53,-1.54,10.01,2.17
,-9.378,-1.345,-3.008,-9.103,-1.333,-2.599,-0.28,10.15,1.82
,-9.433,-1.072,-2.962,-9.344,-1.316,-2.556,0.35,10.22,1.54
,-9.344,-0.926,-2.833,-9.354,-1.39,-2.879,-1.05,9.87,1.4
2270.0,-9.33,-1.139,-3.139,-9.222,-1.541,-3.539,-3.71,10.71,-0.07
,-9.469,-0.991,-3.573,-9.17,-1.438,-3.324,-6.23,9.17,-0.49
,-9.287,-1.216,-4.039,-9.344,-1.211,-3.309,-10.43,7.49,-0.77
,-8.997,-1.469,-3.659,-9.404,-1.206,-3.606,-11.2,8.19,-0.56
2346.0,-9.172,-1.357,-3.872,-9.007,-1.926,-3.443,-10.22,5.32,-1.26
,-9.122,-1.778,-3.731,-9.088,-1.701,-3.35,-10.64,5.11,-0.42
,-9.064,-1.989,-3.475,-9.098,-1.656,-3.63,-6.37,6.09,0.14
,-9.256,-1.989,-3.618,-9.174,-1.622,-3.451,-0.91,6.44,0.42
2422.0,-9.287,-1.603,-3.515,-9.299,-0.897,-3.367,2.24,6.65,2.24
,-9.273,-1.433,-3.305,-9.194,-0.847,-3.551,3.22,7.14,2.66
,-9.289,-1.132,-3.482,-9.016,-1.237,-3.357,3.36,7.07,2.31
,-9.244,-0.845,-3.558,-8.921,-1.761,-3.51,2.03,6.86,1.61
2498.0,-8.997,-1.898,-3.123,-9.375,-1.223,-3.542,-3.08,9.03,0.7
,-9.395,-1.823,-3.412,-9.28,-1.065,-3.632,1.82,8.96,0.98
,-9.34,-1.493,-3.372,-9.1,-1.232,-3.735,3.78,8.26,1.12
,-9.392,-1.299,-3.496,-9.095,-1.594,-3.508,4.13,7.7,1.47
2573.0,-9.136,-1.67,-3.247,-8.985,-1.749,-3.307,-2.94,7.28,2.03
,-9.016,-1.723,-3.522,-9.112,-1.759,-3.02,-2.73,7.28,1.96
,-8.758,-1.759,-3.345,-8.947,-1.579,-3.209,-2.59,8.82,2.52
,-9.028,-1.788,-3.436,-8.983,-1.543,-3.199,-2.17,9.8,3.36
2649.0,-9.296,-1.632,-3.472,-8.945,-0.907,-3.893,2.59,12.74,6.23
,-9.239,-1.45,-3.522,-9.139,-0.787,-3.853,1.96,11.34,6.51
,-8.995,-1.225,-3.68,-9.045,-0.574,-3.644,1.61,10.43,6.44
,-8.949,-1.12,-3.927,-8.949,-0.342,-3.522,0.84,10.08,6.09
2724.0,-8.882,-0.302,-3.309,-9.17,-0.921,-3.376,-1.05,14.7,2.03
,-9.177,-0.553,-3.166,-8.882,-0.845,-3.553,-3.36,15.19,0.84
,-9.366,-0.833,-3.183,-8.842,-0.773,-3.877,-4.97,15.26,0.49
,-9.584,-0.976,-3.049,-8.916,-0.792,-3.97,-4.62,14.84,0.77
2800.0,-8.899,-0.766,-3.936,-8.99,-1.493,-3.771,-6.51,13.16,-1.47
,-8.871,-0.715,-3.819,-9.112,-1.843,-3.86,-6.79,14.91,-2.1
,-8.789,-0.787,-3.527,-8.847,-2.012,-3.683,-6.93,16.8,-2.66
,-8.921,-1.082,-3.606,-8.717,-1.51,-3.912,-8.47,16.87,-2.8
2876.0,-8.437,-1.292,-4.015,-8.926,-1.85,-4.061,-2.52,16.24,0.21
,-8.49,-1.201,-4.145,-8.918,-1.251,-4.255,-3.85,17.36,1.19
,-8.665,-1.673,-4.235,-8.698,-0.625,-4.748,-6.79,19.18,2.38
,-8.849,-2.024,-3.999,-8.492,-0.29,-5.229,-6.79,20.93,3.15
2952.0,-8.921,-0.919,-4.635,-8.722,-1.713,-4.695,-7.84,16.8,4.62
,-9.083,-1.137,-4.614,-8.454,-1.919,-4.831,-7.84,16.52,4.76
,-8.985,-1.158,-4.721,-8.476,-1.984,-4.621,-7.21,16.38,3.99
,-8.746,-1.316,-4.838,-8.753,-1.665,-4.695,-7.14,16.24,3.64
3028.0,-8.794,-1.163,-4.886,-8.49,-0.045,-5.312,3.08,16.8,5.11
,-8.806,-0.577,-5.102,-8.504,-0.5,-5.286,3.57,16.45,5.25
,-8.801,-0.16,-5.173,-9.076,-0.852,-5.018,1.54,15.96,4.9
,-8.885,0.034,-5.013,-9.21,-0.955,-4.984,-1.47,13.93,5.11
3103.0,-8.813,-0.993,-5.078,-8.464,-1.383,-5.236,-7.7,9.87,2.59
,-8.689,-1.11,-5.219,-8.763,-1.242,-5.209,-6.23,9.66,2.1
,-8.72,-1.335,-5.023,-8.763,-1.094,-5.284,-4.76,8.75,2.38
,-8.445,-1.486,-5.25,-8.67,-1.027,-5.3,-3.43,8.05,2.66
3179.0,-8.753,-1.357,-5.095,-8.433,-1.35,-4.85,-3.22,6.93,3.22
,-8.868,-1.646,-4.965,-8.418,-1.01,-4.982,-3.43,6.93,3.85
,-8.729,-1.716,-4.925,-8.284,-0.775,-5.004,-2.8,6.72,4.62
,-8.447,-1.586,-4.862,-8.88,-0.72,-5.004,-1.05,6.72,5.32
3255.0,-8.564,-0.605,-5.102,-8.311,-1.098,-4.903,3.15,4.27,7.28
,-8.595,-0.694,-5.083,-8.521,-1.019,-4.69,1.82,4.27,7.07
,-8.579,-0.876,-4.898,-8.466,-0.792,-4.826,1.12,4.13,6.79
,-8.402,-0.881,-5.018,-8.741,-0.414,-4.901,1.75,3.64,6.93
3331.0,-8.792,-0.206,-4.836,-8.538,-0.469,-5.116,4.06,4.69,4.69
,-8.823,-0.495,-4.525,-8.598,-0.637,-4.999,0.42,4.41,4.48
,-8.457,-0.246,-4.893,-8.725,-0.751,-4.803,0.77,3.92,4.41
,-8.552,-0.603,-4.697,-8.603,-0.847,-4.836,0.14,4.55,4.34
3406.0,-8.488,-1.06,-4.609,-8.55,-0.459,-5.106,0.98,4.83,2.66
,-8.476,-0.792,-4.86,-8.725,-0.419,-5.197,1.89,4.34,2.66
,-8.382,-0.701,-4.946,-8.801,-0.613,-5.19,1.05,4.48,2.59
,-8.378,-0.558,-4.913,-8.693,-0.581,-5.15,0.7,4.55,2.66
3482.0,-8.342,-0.543,-5.071,-8.76,-1.098,-5.023,0.42,3.78,0.49
,-8.397,-0.325,-5.339,-8.658,-1.225,-4.934,2.24,3.85,-0.28
,-8.705,-0.775,-4.903,-8.26,-1.094,-5.298,0.63,3.99,-0.49
,-8.837,-0.797,-5.245,-8.244,-1.139,-5.176,0.56,3.71,-0.63
3557.0,-8.512,-1.137,-5.128,-8.684,-0.596,-5.257,2.17,3.5,0.84
,-8.667,-0.881,-5.322,-8.545,-0.771,-5.135,2.45,3.5,1.12
,-8.653,-0.897,-5.379,-8.524,-0.648,-5.329,2.8,3.22,1.33
,-8.72,-0.771,-5.245,-8.598,-0.479,-5.59,2.52,3.22,1.47
3633.0,-8.452,-0.663,-5.348,-8.705,-0.792,-5.099,1.89,0.77,2.1
,-8.325,-0.299,-5.669,-8.555,-0.768,-5.039,1.68,1.26,2.03
,-8.502,-0.445,-5.339,-8.43,-0.9,-5.051,1.19,1.26,1.96
,-8.626,-0.459,-5.296,-8.528,-0.976,-5.047,-1.05,1.26,2.24
3709.0,-8.533,-0.957,-5.032,-8.717,-0.431,-5.178,-0.63,1.19,2.03
,-8.552,-0.818,-5.083,-8.722,-0.505,-5.169,0.14,1.12,2.03
,-8.454,-0.555,-5.202,-8.502,-0.914,-4.903,1.47,1.19,1.82
,-8.547,-0.476,-5.15,-8.313,-1.027,-4.681,1.05,1.54,1.61
3785.0,-8.346,-0.833,-4.836,-8.502,-0.414,-5.047,1.68,2.17,1.4
,-8.538,-0.646,-4.91,-8.442,-0.354,-4.999,1.89,2.59,1.26
,-8.61,-0.395,-5.023,-8.543,-0.438,-5.097,1.47,2.59,1.05
,-8.655,-0.361,-4.972,-8.571,-0.668,-5.066,0.28,2.59,0.98
3861.0,-8.598,-0.751,-5.169,-8.409,-0.881,-4.879,-0.91,1.89,0.21
,-8.674,-0.943,-5.097,-8.44,-1.003,-4.817,0.21,1.68,0.28
,-8.526,-0.804,-5.054,-8.447,-1.041,-4.764,1.47,1.82,0.42
,-8.339,-0.67,-5.061,-8.502,-0.967,-4.755,1.26,1.96,0.35
3936.0,-8.49,-0.924,-4.685,-8.466,-0.637,-4.915,0.35,3.92,2.45
,-8.519,-0.782,-4.922,-8.356,-0.419,-5.008,0.77,4.34,2.73
,-8.598,-0.881,-4.939,-8.533,-0.227,-5.083,0.91,4.69,3.01
,-8.612,-0.849,-4.805,-8.789,-0.232,-5.111,1.47,4.83,3.36
4012.0,-8.686,-0.328,-4.96,-8.521,-0.163,-5.394,1.75,6.23,1.89
,-8.473,-0.124,-5.162,-8.526,-0.567,-5.121,2.45,5.95,1.05
,-8.495,-0.139,-5.157,-8.457,-0.625,-5.367,2.1,6.02,0.42
,-8.375,-0.17,-5.276,-8.67,-0.68,-5.303,2.24,5.95,-0.07
4088.0,-8.808,-0.663,-5.401,-8.447,-1.005,-5.48,3.08,5.11,-2.31
,-8.715,-0.78,-5.444,-8.323,-1.029,-5.571,2.73,4.83,-2.66
,-8.603,-0.883,-5.453,-8.423,-0.981,-5.638,2.87,4.2,-2.8
,-8.583,-0.914,-5.434,-8.552,-0.888,-5.468,3.15,3.64,-2.73
4164.0,-8.495,-0.66,-5.592,-8.507,-0.95,-5.511,2.59,1.33,-0.35
,-8.536,-0.605,-5.686,-8.447,-1.06,-5.578,1.68,0.63,-0.28
,-8.67,-0.773,-5.511,-8.409,-0.981,-5.535,0.35,0.0,0.14
,-8.662,-0.766,-5.585,-8.37,-0.845,-5.729,-0.42,-0.98,0.49
4239.0,-8.504,-0.84,-5.573,-8.356,-0.924,-5.595,3.22,-3.22,0.63
,-8.543,-0.797,-5.619,-8.452,-1.012,-5.587,3.43,-4.13,0.91
,-8.607,-0.802,-5.396,-8.485,-0.936,-5.671,2.59,-4.9,1.61
,-8.461,-0.84,-5.511,-8.521,-0.905,-5.458,0.91,-5.88,2.31
4315.0,-8.449,-0.943,-5.389,-8.595,-0.215,-4.91,5.32,-6.58,2.24
,-8.471,-0.972,-5.243,-8.524,0.124,-5.15,7.7,-6.23,2.24
,-8.643,-0.914,-4.939,-8.459,0.201,-5.226,10.36,-6.23,2.03
,-8.67,-0.558,-5.061,-8.689,-0.043,-5.054,11.41,-7.35,2.03
4391.0,-8.78,-0.239,-4.932,-8.536,-0.419,-5.018,3.43,-9.8,-0.63
,-8.708,-0.352,-4.917,-8.631,-0.658,-4.884,3.85,-9.38,-1.75
,-8.76,-0.457,-4.882,-8.49,-0.567,-4.695,5.74,-9.45,-2.73
,-8.643,-0.421,-4.996,-8.533,-0.584,-5.059,7.28,-10.08,-3.08
4467.0,-8.557,-0.653,-4.96,-8.593,-0.981,-4.831,8.61,-10.08,-4.13
,-8.579,-0.73,-4.805,-8.531,-1.132,-4.86,8.47,-9.73,-4.06
,-8.571,-0.799,-4.834,-8.574,-1.347,-4.719,8.75,-9.52,-4.48
,-8.581,-0.845,-4.788,-9.048,-1.417,-4.226,8.47,-8.75,-4.9
4542.0,-8.705,-1.173,-4.477,-8.677,-0.617,-4.865,11.97,-9.66,-1.05
,-8.54,-0.883,-4.616,-8.641,-0.663,-4.824,11.13,-10.99,-0.49
,-8.547,-0.754,-4.74,-8.744,-0.926,-4.635,9.87,-11.13,-0.14
,-8.727,-0.699,-4.81,-8.715,-1.019,-4.535,9.1,-11.48,0.07
4618.0,-8.636,-0.967,-4.547,-8.818,-0.771,-4.57,9.59,-9.17,-0.42
,-8.763,-0.749,-4.676,-8.782,-0.715,-4.628,10.92,-8.12,-0.56
,-8.875,-0.967,-4.389,-8.703,-0.761,-4.748,12.11,-7.63,-1.05
,-8.794,-0.737,-4.561,-8.727,-0.804,-4.817,13.79,-7.0,-0.63
4693.0,-8.804,-0.983,-4.709,-8.801,-1.07,-4.515,11.69,-7.42,-0.77
,-8.882,-1.103,-4.64,-8.801,-1.022,-4.549,12.6,-7.42,-0.56
,-8.808,-1.134,-4.57,-8.866,-0.988,-4.59,13.23,-7.91,-0.42
,-8.753,-1.086,-4.499,-8.753,-0.979,-4.582,13.72,-8.26,0.0
4769.0,-8.768,-1.041,-4.398,-8.933,-1.18,-4.087,11.76,-10.5,2.03
,-8.875,-1.182,-4.365,-9.014,-1.0,-4.111,11.2,-11.13,2.38
,-8.777,-1.235,-4.35,-9.04,-0.833,-3.994,11.27,-11.62,2.73
,-8.835,-1.199,-4.133,-9.0,-0.84,-3.951,11.97,-11.83,3.22
4845.0,-8.933,-0.751,-3.999,-8.969,-0.852,-3.908,11.27,-13.65,2.66
,-8.882,-0.768,-3.972,-8.918,-0.986,-3.613,10.71,-13.58,2.38
,-8.89,-0.778,-3.963,-8.964,-1.007,-3.288,10.08,-14.35,2.03
,-8.993,-0.79,-3.963,-9.127,-1.012,-3.099,9.73,-14.7,1.82
4921.0,-9.287,-0.818,-3.175,-9.026,-0.83,-3.369,11.27,-12.32,0.49
,-9.16,-0.713,-3.233,-9.217,-0.866,-3.396,9.87,-12.11,0.56
,-9.074,-0.651,-3.412,-9.122,-0.869,-3.431,7.98,-11.83,0.42
,-8.938,-0.699,-3.419,-9.024,-0.969,-3.486,6.51,-11.27,0.14
4997.0,-8.942,-1.101,-3.714,-9.241,-1.084,-3.412,5.67,-10.71,-1.05
,-8.978,-1.225,-3.745,-9.32,-0.811,-3.678,6.37,-10.36,-0.7
,-9.052,-1.24,-3.563,-9.15,-0.763,-3.987,7.07,-10.36,-0.56
,-9.119,-1.249,-3.472,-9.057,-0.909,-3.915,7.42,-10.36,-0.35
5072.0,-9.136,-1.003,-4.054,-9.301,-0.833,-3.637,1.61,-11.62,-1.26
,-9.213,-0.945,-4.178,-9.215,-1.029,-3.235,2.52,-12.25,-2.03
,-9.177,-0.68,-3.97,-9.186,-1.232,-3.376,3.43,-12.39,-2.66
,-9.375,-0.651,-3.685,-8.997,-1.491,-3.195,2.73,-12.39,-3.22
5148.0,-9.239,-1.711,-3.032,-9.069,-1.699,-2.979,-3.99,-13.72,-3.64
,-9.323,-1.675,-3.058,-9.115,-1.706,-2.883,-2.38,-13.3,-3.29
,-9.206,-1.577,-3.068,-9.229,-1.405,-3.116,-2.1,-13.02,-2.94
,-9.141,-1.63,-2.955,-9.361,-1.24,-3.408,-1.89,-11.76,-2.1
5224.0,-9.32,-0.952,-3.436,-9.316,-0.983,-2.611,2.38,-10.85,-0.14
,-9.356,-0.859,-3.582,-9.514,-0.754,-2.615,0.7,-11.69,-0.35
,-8.985,-0.931,-3.075,-9.5,-0.541,-3.013,-0.63,-10.92,-0.42
,-9.313,-1.103,-2.838,-9.447,-0.785,-2.91,1.05,-9.52,-0.42
5300.0,-9.246,-0.979,-2.706,-9.447,-0.979,-2.907,-5.32,-9.87,-2.66
,-9.143,-1.132,-2.46,-9.493,-1.012,-3.049,-4.48,-8.61,-2.87
,-9.351,-1.067,-2.546,-9.296,-1.271,-3.147,-1.89,-7.07,-3.22
,-9.344,-1.022,-2.582,-9.292,-1.531,-3.228,-1.54,-6.23,-3.5
5375.0,-9.17,-1.634,-3.314,-9.402,-1.342,-2.649,-0.21,-4.13,-2.87
,-9.095,-1.627,-3.094,-9.445,-1.232,-2.536,4.27,-2.03,-2.38
,-9.268,-1.572,-2.903,-9.543,-1.192,-2.534,8.4,-0.84,-2.1
,-9.316,-1.407,-2.735,-9.45,-1.074,-2.721,10.78,-0.14,-1.89
5451.0,-9.404,-1.05,-2.862,-9.246,-0.842,-3.242,12.39,1.75,-1.61
,-9.469,-1.003,-3.058,-9.234,-1.163,-3.034,11.34,1.26,-1.75
,-9.624,-0.957,-3.233,-9.471,-1.345,-3.151,9.31,-0.49,-2.1
,-9.328,-0.775,-3.312,-9.471,-1.304,-3.216,6.51,-2.31,-2.38
5526.0,-9.328,-1.381,-3.142,-9.258,-1.656,-2.915,4.62,-2.38,-2.73
,-9.28,-1.541,-3.096,-9.385,-1.618,-2.91,4.48,-2.17,-2.45
,-9.275,-1.591,-3.013,-9.299,-1.598,-2.804,4.9,-2.31,-2.31
,-9.282,-1.651,-2.996,-9.45,-1.539,-2.754,5.74,-2.1,-2.1
5602.0,-9.411,-1.39,-2.862,-9.33,-1.316,-3.022,10.22,-0.49,-0.63
,-9.399,-1.251,-3.132,-9.395,-1.335,-3.037,10.64,-0.63,-0.56
,-9.28,-1.247,-3.094,-9.469,-1.304,-3.017,10.22,-0.7,-0.35
,-9.244,-1.366,-3.041,-9.409,-1.285,-3.029,10.57,-0.56,-0.14
5678.0,-9.538,-1.213,-3.183,-9.308,-1.443,-3.063,9.03,-3.36,-0.14
,-9.579,-1.297,-3.36,-9.232,-1.182,-2.857,5.32,-5.46,-0.63
,-9.407,-1.287,-3.405,-9.251,-1.273,-2.613,2.52,-7.07,-0.63
,-9.519,-1.445,-3.278,-9.466,-1.412,-2.539,-0.21,-8.96,-0.56
5754.0,-9.56,-1.519,-2.402,-9.323,-1.608,-1.78,-5.11,-10.29,-1.19
,-9.323,-1.488,-2.374,-9.462,-1.378,-1.725,-4.48,-9.1,-0.91
,-9.234,-1.644,-2.173,-9.576,-1.35,-1.819,-2.87,-7.56,-0.63
,-9.232,-1.63,-2.077,-9.596,-1.307,-2.022,0.0,-5.6,-0.21
5829.0,-9.541,-1.318,-2.419,-9.428,-1.443,-2.69,3.99,0.63,0.56
,-9.328,-1.474,-2.62,-9.521,-1.254,-2.86,3.64,1.33,0.7
,-9.258,-1.577,-2.663,-9.663,-1.244,-3.075,4.41,2.24,0.77
,-9.268,-1.512,-2.675,-9.45,-1.28,-3.317,6.16,3.29,0.77
5905.0,-9.306,-1.433,-3.302,-9.615,-1.12,-2.723,6.23,1.54,0.63
,-9.263,-1.591,-3.192,-9.579,-1.084,-2.534,8.26,1.75,0.98
,-9.404,-1.644,-2.972,-9.543,-1.206,-2.477,11.13,1.82,1.05
,-9.569,-1.388,-2.843,-9.399,-1.309,-2.534,12.39,1.19,1.12
5981.0,-9.423,-1.295,-2.405,-9.636,-0.986,-2.137,1.96,-1.12,-0.07
,-9.418,-1.335,-2.228,-9.538,-0.981,-2.424,2.17,-0.07,-0.14
,-9.452,-1.335,-2.12,-9.368,-1.321,-2.527,2.8,1.12,-0.14
,-9.658,-1.211,-2.084,-9.397,-1.615,-2.647,2.38,1.19,-0.42
6057.0,-9.359,-1.57,-2.754,-9.478,-1.395,-2.587,-3.85,0.84,-1.61
,-9.469,-1.536,-2.733,-9.445,-1.381,-2.556,-3.15,0.7,-1.47
,-9.433,-1.393,-2.69,-9.481,-1.464,-2.685,-3.43,0.35,-1.4
,-9.474,-1.371,-2.546,-9.342,-1.61,-2.726,-3.78,0.35,-1.47
6133.0,-9.34,-1.687,-2.802,-9.411,-1.486,-2.845,0.42,2.87,-1.12
,-9.277,-1.639,-2.759,-9.383,-1.452,-2.79,2.38,3.5,-0.98
,-9.399,-1.61,-2.809,-9.404,-1.503,-2.781,4.13,3.92,-0.7
,-9.442,-1.567,-2.898,-9.387,-1.462,-2.759,4.9,3.85,-0.63
6208.0,-9.514,-1.615,-2.716,-9.423,-1.539,-2.534,4.41,3.78,-0.14
,-9.457,-1.536,-2.644,-9.462,-1.417,-2.577,3.85,3.22,0.14
,-9.399,-1.469,-2.469,-9.43,-1.419,-2.613,3.29,3.22,0.28
,-9.457,-1.522,-2.458,-9.38,-1.448,-2.642,2.94,3.22,0.28
6284.0,-9.373,-1.508,-2.592,-9.471,-1.431,-2.816,2.17,4.9,0.28
,-9.433,-1.498,-2.637,-9.347,-1.402,-2.848,2.66,5.11,0.42
,-9.418,-1.517,-2.651,-9.349,-1.467,-2.9,3.15,5.32,0.35
,-9.459,-1.541,-2.804,-9.387,-1.443,-2.929,3.85,5.46,0.42
6359.0,-9.385,-1.448,-2.867,-9.368,-1.555,-2.838,5.53,6.3,0.42
,-9.399,-1.474,-2.919,-9.402,-1.548,-2.771,5.74,6.09,0.42
,-9.438,-1.486,-2.965,-9.459,-1.445,-2.905,6.51,6.09,0.56
,-9.328,-1.534,-2.781,-9.38,-1.376,-2.953,6.86,6.37,0.63
6435.0,-9.342,-1.378,-3.068,-9.366,-1.589,-3.113,7.0,5.39,0.63
,-9.361,-1.438,-3.24,-9.385,-1.517,-3.013,5.81,4.9,0.7
,-9.277,-1.572,-3.238,-9.435,-1.46,-2.881,5.53,4.48,0.7
,-9.27,-1.584,-3.161,-9.474,-1.421,-2.843,6.65,4.62,0.84
6511.0,-9.452,-1.448,-2.824,-9.337,-1.618,-2.848,6.37,3.36,0.7
,-9.421,-1.421,-2.855,-9.351,-1.589,-2.852,5.32,3.01,0.42
,-9.397,-1.457,-2.867,-9.383,-1.565,-2.809,4.06,2.66,0.14
,-9.351,-1.51,-2.891,-9.411,-1.529,-2.919,3.43,2.8,0.21
6587.0,-9.378,-1.51,-2.95,-9.378,-1.606,-2.958,3.78,2.45,0.21
,-9.32,-1.56,-2.994,-9.342,-1.553,-2.924,3.29,2.38,0.28
,-9.308,-1.615,-2.996,-9.366,-1.524,-2.85,3.36,2.31,0.35
,-9.332,-1.642,-3.001,-9.383,-1.51,-2.814,3.85,2.31,0.56
6662.0,-9.392,-1.486,-2.824,-9.337,-1.546,-2.883,3.57,2.52,0.63
,-9.383,-1.519,-2.733,-9.311,-1.589,-2.96,3.29,2.52,0.56
,-9.368,-1.572,-2.812,-9.32,-1.567,-3.08,3.08,2.59,0.63
,-9.402,-1.548,-2.831,-9.313,-1.563,-3.123,2.87,2.59,0.56
6738.0,-9.33,-1.515,-3.128,-9.402,-1.505,-2.848,2.24,2.17,0.7
,-9.301,-1.637,-3.063,-9.387,-1.498,-2.783,2.38,2.1,0.77
,-9.311,-1.598,-2.958,-9.402,-1.546,-2.795,2.87,2.1,0.91
,-9.368,-1.553,-2.891,-9.404,-1.572,-2.86,3.64,2.24,0.91
6813.0,-9.404,-1.479,-3.01,-9.366,-1.57,-3.123,1.26,2.1,0.7
,-9.349,-1.553,-3.072,-9.354,-1.584,-3.068,1.05,2.03,0.7
,-9.342,-1.598,-3.12,-9.342,-1.553,-3.08,1.19,1.96,0.84
,-9.328,-1.596,-3.13,-9.342,-1.527,-3.017,1.82,1.82,0.91
6889.0,-9.347,-1.575,-3.022,-9.316,-1.515,-3.001,3.15,1.4,1.19
,-9.335,-1.555,-2.986,-9.395,-1.515,-2.934,3.15,1.33,1.19
,-9.361,-1.577,-2.982,-9.423,-1.522,-3.015,3.15,1.33,1.19
,-9.373,-1.524,-2.998,-9.311,-1.484,-3.001,3.36,1.26,1.19
6965.0,-9.325,-1.519,-2.943,-9.328,-1.519,-2.869,3.01,0.91,1.05
,-9.344,-1.531,-2.943,-9.318,-1.488,-2.84,2.66,0.84,1.12
,-9.347,-1.536,-2.91,-9.373,-1.46,-2.79,2.66,1.05,1.12
,-9.34,-1.534,-2.929,-9.447,-1.417,-2.862,2.38,0.56,1.05
7041.0,-9.414,-1.476,-2.9,-9.371,-1.484,-3.022,1.75,1.26,0.98
,-9.407,-1.517,-2.922,-9.366,-1.486,-3.039,1.61,1.47,0.98
,-9.337,-1.515,-2.962,-9.313,-1.503,-2.979,1.89,1.47,0.91
,-9.387,-1.505,-3.003,-9.375,-1.515,-2.984,2.1,1.47,0.91
7117.0,-9.301,-1.56,-2.941,-9.385,-1.45,-2.888,2.45,1.26,0.91
,-9.349,-1.553,-2.876,-9.416,-1.508,-2.9,2.87,1.4,0.98
,-9.378,-1.56,-2.845,-9.308,-1.498,-2.905,3.36,1.61,1.05
,-9.397,-1.503,-2.821,-9.284,-1.51,-3.022,3.85,1.75,1.05
7192.0,-9.354,-1.512,-2.919,-9.313,-1.531,-2.977,2.52,1.82,0.91
,-9.375,-1.508,-2.962,-9.342,-1.488,-2.927,2.73,1.96,0.91
,-9.397,-1.543,-3.037,-9.359,-1.457,-3.017,2.73,1.75,0.84
,-9.373,-1.534,-2.982,-9.399,-1.474,-2.953,2.87,1.61,0.91
7268.0,-9.366,-1.505,-2.965,-9.378,-1.515,-2.876,1.96,1.4,0.7
,-9.32,-1.543,-2.898,-9.385,-1.45,-2.845,2.24,1.68,0.7
,-9.268,-1.539,-2.907,-9.373,-1.472,-2.836,2.66,1.61,0.63
,-9.325,-1.524,-2.85,-9.356,-1.472,-2.915,3.15,2.03,0.84
7344.0,-9.354,-1.469,-2.962,-9.335,-1.524,-3.068,1.12,2.03,0.49
,-9.359,-1.519,-3.001,-9.395,-1.455,-3.092,1.05,2.1,0.49
,-9.32,-1.536,-3.058,-9.387,-1.472,-3.118,1.26,2.17,0.49
,-9.356,-1.596,-3.07,-9.32,-1.503,-3.116,1.68,2.24,0.63
7420.0,-9.301,-1.536,-3.094,-9.383,-1.491,-2.905,1.54,1.33,0.42
,-9.304,-1.555,-3.005,-9.371,-1.469,-2.903,2.24,1.54,0.63
,-9.356,-1.551,-2.991,-9.34,-1.469,-2.903,2.87,1.68,0.77
,-9.371,-1.563,-2.898,-9.342,-1.522,-2.962,3.22,1.54,0.63
7495.0,-9.34,-1.541,-2.97,-9.356,-1.505,-3.025,1.68,1.75,0.63
,-9.349,-1.546,-2.962,-9.328,-1.531,-3.025,1.82,1.96,0.56
,-9.371,-1.505,-2.965,-9.34,-1.522,-2.967,2.17,1.96,0.56
,-9.351,-1.519,-3.01,-9.335,-1.563,-2.986,2.24,1.89,0.7
7571.0,-9.361,-1.515,-3.027,-9.32,-1.558,-3.032,2.52,1.89,0.77
,-9.332,-1.517,-3.053,-9.342,-1.524,-3.039,2.38,1.75,0.7
,-9.335,-1.517,-3.02,-9.332,-1.45,-2.998,2.17,1.61,0.7
,-9.344,-1.548,-3.049,-9.34,-1.51,-2.962,2.38,1.47,0.77
7646.0,-9.399,-1.505,-2.965,-9.277,-1.61,-2.955,2.59,1.12,0.7
,-9.342,-1.508,-2.977,-9.335,-1.618,-2.948,2.45,1.4,0.7
,-9.397,-1.476,-3.039,-9.366,-1.493,-2.948,2.17,1.4,0.7
,-9.316,-1.534,-3.003,-9.373,-1.467,-2.929,2.03,1.4,0.77
7722.0,-9.359,-1.452,-2.907,-9.373,-1.515,-3.058,2.45,1.61,0.77
,-9.349,-1.462,-2.898,-9.301,-1.541,-3.053,2.1,1.82,0.7
,-9.404,-1.455,-2.955,-9.328,-1.529,-3.065,1.96,1.75,0.77
,-9.38,-1.505,-3.017,-9.33,-1.541,-3.017,2.03,1.61,0.63
7798.0,-9.33,-1.543,-3.075,-9.296,-1.551,-2.958,2.45,1.61,0.56
,-9.351,-1.476,-2.991,-9.38,-1.548,-2.912,2.24,1.54,0.7
,-9.342,-1.508,-3.001,-9.332,-1.452,-2.938,2.1,1.33,0.7
,-9.316,-1.548,-2.984,-9.349,-1.515,-2.924,1.96,1.26,0.63
7874.0,-9.311,-1.529,-2.948,-9.32,-1.515,-3.041,2.1,1.68,0.7
,-9.32,-1.527,-2.958,-9.323,-1.524,-3.07,1.82,1.68,0.63
,-9.375,-1.529,-2.986,-9.311,-1.534,-3.089,1.61,1.89,0.63
,-9.344,-1.505,-3.046,-9.287,-1.522,-3.013,1.68,1.75,0.56
7950.0,-9.282,-1.567,-2.927,-9.359,-1.496,-2.938,2.45,1.61,0.77
,-9.385,-1.546,-2.974,-9.325,-1.531,-2.979,2.87,1.82,0.77
,-9.344,-1.496,-2.888,-9.313,-1.582,-3.044,2.66,1.82,0.77
,-9.366,-1.452,-2.927,-9.33,-1.579,-3.132,2.1,1.89,0.84
8025.0,-9.335,-1.531,-3.147,-9.275,-1.596,-3.037,2.66,1.89,0.77
,-9.349,-1.476,-3.25,-9.368,-1.527,-2.967,2.52,1.61,0.77
,-9.311,-1.467,-3.23,-9.387,-1.479,-2.965,2.1,1.26,0.77
,-9.27,-1.536,-3.096,-9.387,-1.443,-2.85,1.96,1.19,0.84
8101.0,-9.323,-1.508,-2.862,-9.318,-1.505,-3.027,1.75,1.4,0.7
,-9.368,-1.505,-2.922,-9.359,-1.464,-3.022,2.03,1.61,0.7
,-9.337,-1.467,-2.907,-9.34,-1.479,-3.034,2.1,1.54,0.7
,-9.32,-1.5,-2.927,-9.38,-1.51,-3.101,2.1,1.61,0.7
8177.0,-9.328,-1.527,-3.092,-9.318,-1.555,-3.106,1.33,1.61,0.56
,-9.318,-1.565,-3.087,-9.313,-1.539,-3.037,1.47,1.68,0.7
,-9.328,-1.529,-3.159,-9.318,-1.474,-3.075,1.82,1.68,0.7
,-9.311,-1.56,-3.12,-9.347,-1.496,-3.044,2.17,1.54,0.63
8253.0,-9.356,-1.522,-3.032,-9.34,-1.493,-3.068,2.1,1.4,0.77
,-9.313,-1.551,-2.991,-9.304,-1.498,-2.994,2.31,1.33,0.77
,-9.318,-1.527,-2.984,-9.311,-1.567,-3.039,2.73,1.4,0.7
,-9.34,-1.505,-3.029,-9.308,-1.529,-3.005,2.73,1.4,0.7
8328.0,-9.335,-1.493,-2.967,-9.318,-1.546,-3.08,2.59,1.68,0.98
,-9.359,-1.493,-2.986,-9.34,-1.512,-3.061,2.1,1.54,0.84
,-9.318,-1.498,-2.998,-9.361,-1.488,-3.077,1.96,1.61,0.91
,-9.323,-1.508,-2.998,-9.328,-1.5,-3.12,2.1,1.68,0.98
8404.0,-9.294,-1.469,-3.092,-9.342,-1.462,-3.068,2.38,1.47,0.84
,-9.277,-1.56,-3.125,-9.308,-1.462,-2.994,2.24,1.26,0.84
,-9.308,-1.56,-3.049,-9.323,-1.476,-3.037,2.66,1.4,1.05
,-9.34,-1.472,-3.053,-9.332,-1.5,-3.089,2.8,1.4,0.98
8479.0,-9.313,-1.503,-3.123,-9.328,-1.474,-3.053,2.03,0.84,0.56
,-9.33,-1.51,-3.099,-9.34,-1.51,-2.953,2.17,1.05,0.77
,-9.323,-1.536,-3.132,-9.294,-1.551,-2.95,2.52,1.19,0.91
,-9.316,-1.517,-3.051,-9.349,-1.493,-2.958,2.8,1.05,0.84
8555.0,-9.351,-1.462,-3.01,-9.349,-1.491,-2.965,2.31,1.12,0.84
,-9.306,-1.486,-2.996,-9.351,-1.467,-2.974,2.1,1.19,0.77
,-9.332,-1.522,-2.984,-9.306,-1.443,-2.946,1.75,1.26,0.77
,-9.325,-1.515,-2.936,-9.33,-1.493,-2.936,1.61,1.4,0.77
8631.0,-9.289,-1.419,-2.943,-9.33,-1.455,-2.862,0.21,1.61,0.56
,-9.318,-1.457,-2.8,-9.306,-1.486,-2.982,-0.21,1.82,0.56
,-9.397,-1.452,-2.843,-9.323,-1.529,-3.111,-0.63,1.82,0.56
,-9.335,-1.455,-2.948,-9.316,-1.527,-3.08,-0.98,2.24,0.77
8707.0,-9.335,-1.598,-3.245,-9.354,-1.488,-3.118,-2.1,1.82,0.77
,-9.239,-1.596,-3.326,-9.306,-1.438,-3.063,-1.12,1.68,1.05
,-9.359,-1.622,-3.329,-9.284,-1.472,-2.936,0.21,1.68,1.33
,-9.306,-1.551,-3.185,-9.349,-1.498,-2.977,0.98,1.61,1.33
8782.0,-9.308,-1.589,-2.924,-9.383,-1.28,-2.752,1.12,1.96,1.75
,-9.318,-1.558,-2.895,-9.383,-1.278,-2.9,1.75,2.1,1.82
,-9.287,-1.517,-2.785,-9.294,-1.407,-2.869,2.59,2.52,1.96
,-9.308,-1.421,-2.855,-9.153,-1.508,-2.69,2.8,2.66,1.89
8858.0,-9.215,-1.558,-2.577,-9.282,-1.371,-2.814,2.17,5.11,2.1
,-9.328,-1.474,-2.563,-9.17,-1.366,-2.726,3.43,5.74,2.17
,-9.38,-1.417,-2.675,-9.251,-1.362,-2.685,3.5,6.02,2.24
,-9.359,-1.33,-2.785,-9.474,-1.106,-2.95,2.66,5.88,2.1
8934.0,-9.507,-1.017,-3.25,-9.124,-1.615,-3.343,0.21,6.58,0.98
,-9.454,-1.161,-3.551,-9.337,-1.431,-3.144,-3.43,5.18,0.49
,-9.323,-1.405,-3.652,-9.428,-1.141,-3.101,-5.81,4.27,0.42
,-9.131,-1.61,-3.563,-9.354,-1.106,-2.888,-5.6,4.06,0.56
9010.0,-9.311,-1.242,-2.687,-9.33,-1.381,-2.642,-5.18,3.43,0.35
,-9.208,-1.496,-2.369,-9.261,-1.376,-2.824,-5.46,4.41,0.28
,-9.289,-1.541,-2.429,-9.129,-1.486,-2.692,-4.2,5.04,0.21
,-9.22,-1.424,-2.568,-9.155,-1.534,-2.546,-3.29,5.6,0.21
9086.0,-9.062,-1.452,-2.419,-9.191,-1.216,-3.699,-4.97,7.98,1.4
,-9.198,-1.134,-2.149,-8.978,-1.563,-3.838,-3.01,10.15,1.19
,-9.493,-0.919,-2.754,-9.026,-1.682,-3.503,-3.29,10.22,0.56
,-9.287,-0.991,-3.393,-9.177,-1.388,-3.381,-7.21,9.59,0.14
9161.0,-9.332,-1.031,-3.599,-9.026,-1.57,-2.893,2.38,12.81,-0.21
,-9.117,-0.919,-3.592,-9.253,-1.505,-2.67,-0.98,11.83,-0.7
,-9.33,-1.108,-3.419,-9.143,-1.278,-3.309,-4.76,11.55,-0.63
,-9.117,-1.342,-3.386,-9.067,-1.192,-3.769,-7.56,11.27,-0.49
9237.0,-9.091,-1.419,-4.18,-9.052,-1.357,-3.649,-11.62,9.59,-0.56
,-8.964,-1.747,-4.109,-9.062,-1.153,-3.719,-13.72,10.15,0.42
,-8.811,-1.96,-3.676,-9.036,-1.278,-3.975,-10.85,12.32,1.05
,-9.074,-1.74,-3.489,-9.038,-1.783,-3.599,-4.69,13.79,0.98
9312.0,-9.203,-2.115,-3.099,-8.859,-1.084,-4.245,-5.46,15.05,2.24
,-9.167,-1.917,-3.044,-8.933,-1.429,-4.197,-0.35,15.19,2.66
,-9.124,-1.441,-3.285,-8.933,-1.515,-3.625,2.59,13.79,2.8
,-9.107,-1.024,-3.927,-9.15,-1.433,-3.575,0.0,10.43,2.8
9388.0,-8.954,-1.287,-3.613,-8.911,-1.472,-3.609,-3.78,14.42,3.64
,-9.033,-1.201,-3.754,-8.899,-0.972,-3.656,-3.99,14.98,4.06
,-9.083,-1.385,-3.874,-8.6,-0.44,-4.166,-5.32,14.42,4.69
,-9.033,-1.555,-3.807,-9.007,-0.278,-4.08,-5.25,14.98,5.04
9464.0,-9.225,-0.443,-4.343,-8.861,-1.481,-4.068,-2.73,14.84,2.94
,-8.976,-0.742,-4.42,-8.921,-1.34,-4.121,-6.44,15.19,2.8
,-8.988,-1.22,-4.159,-8.875,-1.304,-4.063,-7.84,15.68,2.87
,-8.792,-1.534,-4.094,-8.787,-1.438,-4.034,-6.09,16.52,2.52
9540.0,-8.856,-1.512,-3.891,-8.942,-1.271,-4.901,3.01,18.76,3.01
,-8.873,-1.369,-4.152,-8.595,-1.127,-4.939,3.78,17.85,3.5
,-8.775,-1.299,-4.508,-8.705,-1.201,-4.623,3.01,16.45,3.78
,-8.914,-1.381,-4.616,-8.782,-1.074,-4.582,2.1,16.17,3.99
9615.0,-8.882,-0.809,-4.74,-8.677,-0.656,-4.625,5.39,15.61,3.99
,-8.933,-0.493,-4.75,-8.804,-0.938,-4.192,5.11,14.84,3.29
,-9.062,-0.258,-4.838,-9.184,-1.156,-4.13,3.85,13.93,2.66
,-8.744,-0.369,-4.795,-9.136,-1.103,-4.417,1.61,14.21,1.61
9691.0,-9.005,-0.907,-4.539,-8.634,-0.493,-5.023,4.27,14.14,-0.42
,-8.622,-0.718,-4.822,-8.66,-0.627,-4.905,4.55,13.79,-0.98
,-8.674,-0.584,-4.872,-8.679,-0.78,-4.951,5.25,14.35,-2.1
,-8.715,-0.543,-5.013,-8.815,-1.031,-4.817,4.27,13.44,-3.22
9766.0,-8.823,-1.412,-4.733,-8.524,-1.893,-5.085,-2.45,10.99,-5.32
,-8.703,-1.601,-4.826,-8.789,-1.955,-4.994,-2.52,9.45,-4.97
,-8.49,-1.589,-4.953,-8.708,-1.768,-5.255,-1.26,8.82,-4.34
,-8.346,-1.723,-5.133,-8.547,-1.871,-5.272,0.35,8.68,-4.06
9842.0,-8.5,-1.998,-5.195,-8.418,-1.859,-5.255,1.12,7.42,0.56
,-8.526,-2.142,-5.061,-8.413,-1.63,-5.262,0.98,7.42,2.03
,-8.701,-2.13,-5.142,-8.586,-1.582,-4.996,1.33,5.67,3.57
,-8.579,-1.979,-5.267,-8.667,-1.285,-5.183,1.33,4.06,5.04
9918.0,-8.782,-1.242,-5.262,-8.521,-0.378,-4.97,2.45,1.75,8.33
,-8.579,-1.144,-5.401,-8.77,0.098,-4.731,3.08,1.47,8.4
,-8.643,-1.053,-5.415,-8.727,0.215,-4.738,5.53,1.54,7.91
,-8.5,-0.756,-5.205,-8.717,-0.108,-4.64,7.77,1.75,6.44
9994.0,-8.756,-0.605,-4.594,-8.617,-1.682,-4.403,-0.14,0.21,2.03
,-8.66,-1.06,-4.563,-8.646,-1.563,-4.482,0.0,0.42,1.54
,-8.509,-1.362,-4.704,-8.43,-1.496,-4.692,2.31,0.49,0.91
,-8.473,-1.613,-4.621,-8.306,-1.529,-4.841,5.25,0.91,0.21
10070.0,-8.464,-1.469,-4.855,-8.904,-0.553,-4.817,4.13,1.54,3.92
,-8.622,-1.335,-4.949,-8.667,-0.543,-4.726,5.53,1.4,4.2
,-8.971,-1.113,-4.788,-8.413,-0.665,-4.681,5.6,1.4,3.85
,-8.997,-0.802,-4.791,-8.514,-0.749,-4.678,4.97,0.77,3.15
10145.0,-8.569,-0.974,-4.848,-8.588,-0.883,-5.085,2.03,0.14,1.12
,-8.67,-1.376,-4.647,-8.756,-0.608,-5.059,3.57,0.7,1.26
,-8.607,-1.371,-4.733,-8.861,-0.589,-4.882,6.51,0.91,0.98
,-8.626,-1.326,-4.654,-8.873,-0.809,-4.781,8.54,1.26,0.63
10221.0,-8.648,-0.993,-4.63,-8.595,-1.254,-5.329,3.5,-0.56,-0.91
,-8.476,-1.122,-4.829,-8.495,-1.62,-4.929,1.96,-1.4,-0.42
,-8.356,-1.237,-4.968,-8.521,-1.773,-5.049,2.17,-1.33,-0.35
,-8.552,-1.089,-5.231,-8.612,-1.948,-4.757,3.92,-1.89,-0.28
10297.0,-8.638,-1.953,-4.898,-8.624,-0.828,-5.008,6.02,-1.89,3.36
,-8.648,-1.773,-4.63,-8.863,-0.469,-5.078,6.93,-1.75,3.85
,-8.571,-1.23,-4.934,-8.799,-0.794,-4.738,8.19,-2.24,3.99
,-8.507,-0.943,-5.162,-8.693,-0.988,-4.941,8.12,-2.1,3.64
10373.0,-8.605,-1.218,-4.877,-8.67,-1.388,-4.633,6.09,-2.17,3.15
,-8.641,-1.419,-4.791,-8.538,-1.235,-4.731,7.49,-2.03,3.08
,-8.665,-1.409,-5.104,-8.729,-1.106,-4.702,9.87,-1.96,2.59
,-8.744,-1.531,-4.898,-8.863,-1.421,-4.695,11.2,-1.47,2.8
10448.0,-8.832,-1.374,-4.647,-8.536,-0.895,-4.642,7.63,-1.96,4.06
,-8.748,-1.007,-4.896,-8.65,-0.895,-4.724,8.12,-1.68,4.2
,-8.492,-1.024,-4.692,-8.787,-0.842,-4.556,6.86,-0.91,4.55
,-8.622,-0.806,-4.614,-8.827,-1.055,-4.36,6.3,-1.82,4.76
10524.0,-8.751,-0.684,-4.372,-8.662,-0.983,-4.398,5.6,-1.12,2.8
,-8.863,-0.462,-4.429,-8.76,-0.873,-4.511,6.72,-0.98,1.89
,-8.815,-0.493,-4.664,-8.787,-0.605,-4.645,5.46,-1.12,1.19
,-8.701,-0.689,-4.712,-8.756,-0.859,-4.515,5.32,-0.7,0.7
10599.0,-8.667,-1.211,-4.372,-8.744,-1.189,-4.549,3.01,1.05,-0.63
,-8.586,-1.302,-4.547,-8.739,-1.196,-4.704,3.57,1.47,-0.56
,-8.581,-1.366,-4.53,-8.756,-1.307,-4.621,3.92,2.1,-0.49
,-8.693,-1.29,-4.499,-8.61,-1.381,-4.676,3.99,2.73,-0.21
10675.0,-8.519,-1.232,-4.774,-8.744,-1.266,-4.475,2.1,3.22,0.07
,-8.667,-0.983,-4.807,-8.571,-1.323,-4.499,2.73,3.78,-0.07
,-8.921,-0.972,-4.886,-8.449,-1.362,-4.48,2.17,3.85,-0.35
,-8.868,-1.127,-4.702,-8.382,-1.366,-4.527,1.75,4.13,-0.49
10751.0,-8.583,-1.333,-4.625,-8.784,-0.945,-4.8,1.26,4.97,0.84
,-8.818,-1.158,-4.58,-8.815,-1.134,-4.731,2.17,5.6,0.77
,-8.861,-0.931,-4.582,-8.607,-1.165,-4.731,1.89,5.32,0.56
,-8.753,-0.909,-4.707,-8.502,-1.137,-4.807,0.84,5.25,0.35
10827.0,-8.466,-1.098,-4.75,-8.672,-1.74,-4.688,-1.05,5.6,0.77
,-8.504,-1.101,-4.743,-8.614,-1.689,-4.771,-1.33,5.6,1.05
,-8.648,-1.261,-4.872,-8.737,-1.548,-4.685,-2.52,5.67,1.26
,-8.66,-1.658,-4.743,-8.849,-1.122,-4.654,-3.15,5.88,1.61
10902.0,-8.739,-0.905,-4.692,-8.756,-0.536,-4.891,0.07,4.62,2.59
,-8.708,-0.579,-4.87,-8.804,-0.483,-5.063,-1.96,4.27,2.31
,-8.808,-0.519,-4.86,-8.808,-0.651,-5.068,-4.2,4.27,1.82
,-8.77,-0.512,-4.867,-8.72,-0.842,-5.209,-5.39,4.13,1.4
10978.0,-8.622,-1.175,-5.083,-8.576,-1.498,-5.13,-5.74,2.52,-1.82
,-8.658,-1.335,-5.13,-8.457,-1.467,-5.217,-4.69,2.24,-1.96
,-8.705,-1.558,-4.946,-8.619,-1.441,-5.097,-4.13,1.54,-1.82
,-8.591,-1.673,-5.054,-8.619,-1.409,-5.147,-3.15,0.84,-1.33
11054.0,-8.655,-1.24,-5.147,-8.725,-1.254,-5.087,-4.83,-0.7,2.31
,-8.674,-1.144,-5.111,-8.552,-1.113,-5.209,-5.39,-0.91,2.8
,-8.626,-1.206,-5.004,-8.557,-1.07,-5.382,-5.74,-1.19,2.73
,-8.667,-1.256,-5.068,-8.698,-1.0,-5.367,-5.53,-1.26,2.8
11130.0,-8.631,-1.024,-5.31,-8.502,-0.849,-4.836,6.93,2.66,0.21
,-8.586,-1.043,-5.14,-9.014,-0.888,-4.444,9.94,3.57,-0.84
,-8.583,-1.079,-5.066,-8.784,-0.605,-5.004,12.39,3.99,-1.54
,-8.469,-0.991,-5.037,-8.634,-0.921,-4.927,14.35,4.69,-1.89
11206.0,-8.789,-1.149,-4.738,-8.54,-1.352,-5.023,2.03,-6.86,1.54
,-8.89,-1.263,-4.649,-8.799,-1.385,-4.905,0.21,-9.1,2.52
,-8.624,-1.256,-4.925,-8.88,-1.328,-4.949,-0.63,-10.43,2.52
,-8.531,-1.244,-4.996,-8.622,-1.141,-4.867,-0.42,-10.43,2.38
11281.0,-8.569,-1.098,-4.721,-8.696,-0.835,-4.74,6.58,-7.84,1.12
,-8.725,-1.029,-4.64,-8.636,-0.735,-4.728,6.65,-7.98,1.19
,-8.928,-0.967,-4.594,-8.624,-0.771,-4.721,7.0,-8.68,1.26
,-8.71,-0.916,-4.769,-8.634,-0.763,-4.582,7.07,-8.54,0.91
11357.0,-8.789,-0.972,-4.372,-8.976,-1.153,-4.025,8.89,-5.46,-1.12
,-8.906,-1.019,-4.329,-8.741,-1.103,-4.207,9.24,-5.6,-0.91
,-8.78,-0.931,-4.427,-8.583,-1.184,-4.286,9.8,-5.81,-0.98
,-8.667,-0.972,-4.413,-8.693,-1.431,-4.226,9.66,-5.46,-1.12
11432.0,-8.832,-1.464,-4.283,-8.813,-0.962,-4.432,8.05,-7.98,0.56
,-8.772,-1.374,-4.35,-8.818,-1.022,-4.369,9.31,-7.77,0.56
,-8.847,-1.163,-4.312,-8.772,-1.086,-4.429,10.01,-7.63,0.77
,-8.804,-0.967,-4.403,-8.665,-1.106,-4.537,9.24,-7.35,0.84
11508.0,-8.827,-1.036,-4.633,-8.693,-0.433,-4.482,8.19,-3.85,1.19
,-8.93,-1.29,-4.489,-8.784,-0.648,-4.355,11.06,-2.8,0.28
,-9.215,-0.952,-4.25,-8.921,-0.907,-4.439,12.25,-4.55,-0.42
,-9.079,-0.648,-4.444,-8.99,-0.964,-4.506,11.76,-6.86,-0.77
11584.0,-8.909,-0.931,-4.558,-8.916,-1.125,-4.396,4.62,-7.98,-2.38
,-8.827,-1.125,-4.566,-8.99,-1.141,-4.379,4.48,-7.28,-2.8
,-8.78,-1.213,-4.465,-9.122,-1.335,-4.295,5.25,-6.72,-2.94
,-8.871,-1.208,-4.434,-9.05,-1.402,-4.319,6.23,-6.86,-2.8
11660.0,-8.756,-1.498,-4.422,-8.765,-1.771,-4.231,3.01,-12.04,-1.82
,-8.648,-1.799,-4.24,-8.765,-1.706,-4.207,2.52,-12.25,-1.4
,-8.787,-2.017,-4.046,-9.1,-1.637,-3.967,3.29,-12.04,-0.63
,-8.856,-2.005,-4.075,-9.024,-1.283,-3.877,5.32,-11.76,0.28
11735.0,-8.947,-1.015,-3.924,-8.89,-1.103,-3.807,7.14,-15.12,2.8
,-9.021,-0.936,-3.91,-8.99,-1.177,-3.609,6.02,-15.19,2.52
,-9.04,-0.948,-3.766,-9.098,-1.11,-3.436,5.25,-14.7,2.45
,-9.139,-1.034,-3.915,-9.153,-1.027,-3.24,4.83,-14.7,2.17
11811.0,-9.201,-0.912,-3.242,-9.009,-1.031,-3.391,11.76,-9.8,-0.84
,-9.045,-0.689,-3.408,-9.127,-1.168,-3.307,10.15,-9.31,-1.12
,-8.945,-0.68,-3.498,-9.112,-1.07,-3.132,7.77,-8.4,-1.54
,-9.021,-0.859,-3.611,-9.203,-0.957,-3.431,5.74,-7.77,-1.82
11887.0,-9.05,-1.065,-3.463,-9.057,-1.586,-3.475,3.29,-6.02,-2.59
,-9.119,-1.335,-3.336,-9.296,-1.285,-3.628,1.75,-6.16,-2.45
,-9.148,-1.539,-3.252,-9.174,-1.034,-3.79,1.75,-5.88,-2.38
,-9.06,-1.771,-3.475,-8.981,-1.098,-3.542,2.52,-5.88,-2.66
11963.0,-9.172,-1.395,-3.355,-9.265,-1.862,-3.245,1.05,-6.16,-2.17
,-9.16,-1.771,-3.441,-9.277,-1.546,-3.415,-0.21,-6.44,-1.96
,-9.055,-2.044,-3.405,-9.213,-1.347,-3.69,1.05,-6.09,-1.89
,-9.093,-1.986,-3.24,-9.146,-1.397,-3.743,4.83,-4.9,-1.12
12039.0,-9.229,-1.479,-3.494,-9.342,-1.125,-3.099,5.11,-6.09,0.28
,-9.191,-1.649,-3.458,-9.351,-1.046,-3.293,4.97,-5.67,0.28
,-9.026,-1.579,-3.3,-9.241,-1.077,-3.108,6.51,-4.62,0.14
,-9.225,-1.328,-3.238,-9.22,-1.268,-3.101,9.59,-3.92,0.0
12114.0,-9.328,-1.402,-2.9,-9.172,-1.314,-3.348,5.74,-4.13,-1.19
,-9.265,-1.263,-3.053,-9.127,-1.46,-3.238,6.86,-3.71,-1.47
,-9.153,-1.18,-2.996,-9.203,-1.474,-3.29,6.3,-3.36,-1.68
,-9.277,-1.228,-3.34,-9.206,-1.551,-3.235,4.06,-4.13,-1.75
12190.0,-9.263,-1.51,-3.123,-9.134,-1.594,-2.881,5.11,-2.87,-1.96
,-9.261,-1.381,-3.032,-9.196,-1.706,-2.843,5.25,-2.24,-1.68
,-9.28,-1.462,-3.037,-9.249,-1.642,-2.824,4.2,-2.31,-1.82
,-9.277,-1.531,-3.082,-9.287,-1.493,-2.759,3.22,-2.45,-1.89
12266.0,-9.296,-1.366,-2.812,-9.282,-1.395,-2.831,6.23,0.84,-0.77
,-9.287,-1.213,-2.819,-9.313,-1.448,-2.91,5.67,1.4,-0.84
,-9.234,-1.228,-2.678,-9.337,-1.397,-3.216,5.11,2.24,-0.98
,-9.387,-1.266,-2.778,-9.311,-1.357,-3.441,3.57,2.52,-1.19
12342.0,-9.139,-1.33,-3.879,-9.21,-1.797,-3.233,0.0,2.1,-1.82
,-8.976,-1.486,-3.996,-9.361,-1.546,-3.046,-0.35,1.54,-1.75
,-8.942,-1.759,-3.857,-9.485,-1.352,-3.271,0.77,1.61,-1.54
,-9.055,-1.826,-3.501,-9.234,-1.429,-3.245,3.29,2.03,-1.4
12417.0,-9.179,-1.637,-3.47,-9.268,-1.606,-3.312,-2.24,0.77,-1.19
,-9.134,-1.9,-3.522,-9.356,-1.352,-3.297,-1.26,0.91,-0.84
,-9.117,-1.945,-3.479,-9.313,-1.275,-3.501,1.89,0.98,-0.56
,-9.165,-1.689,-3.379,-9.17,-1.388,-3.781,5.32,1.4,-0.21
12493.0,-8.997,-1.57,-3.728,-9.273,-1.316,-3.156,1.12,-0.84,-0.49
,-9.009,-1.62,-3.606,-9.277,-1.589,-2.974,2.52,-0.98,-0.56
,-9.215,-1.426,-3.501,-9.306,-1.778,-3.147,4.13,-1.12,-0.84
,-9.368,-1.237,-3.312,-9.217,-1.67,-3.388,2.8,-1.75,-1.12
12568.0,-9.208,-1.673,-3.51,-9.103,-1.845,-3.613,-1.12,-2.66,-1.05
,-9.127,-1.618,-3.704,-9.131,-1.9,-3.343,-0.28,-2.66,-0.84
,-9.1,-1.543,-3.829,-9.143,-1.943,-3.056,1.19,-3.01,-0.63
,-9.191,-1.622,-3.774,-9.325,-1.63,-2.855,1.96,-3.08,-0.49
12644.0,-9.428,-1.409,-2.848,-9.268,-1.63,-2.252,7.91,-1.96,0.77
,-9.33,-1.426,-2.709,-9.361,-1.493,-2.218,5.46,-1.75,0.7
,-9.239,-1.553,-2.484,-9.373,-1.452,-2.355,4.06,-1.05,0.7
,-9.229,-1.685,-2.355,-9.373,-1.455,-2.714,4.55,0.14,0.84
12720.0,-9.213,-1.488,-3.01,-9.081,-1.764,-4.02,1.26,3.08,0.49
,-9.249,-1.598,-3.565,-9.177,-1.673,-3.798,0.14,2.52,0.35
,-9.038,-1.752,-3.862,-9.308,-1.582,-3.606,0.35,2.38,0.49
,-9.052,-1.773,-3.975,-9.284,-1.579,-3.451,2.66,2.31,0.91
12796.0,-9.277,-1.596,-3.245,-9.277,-1.589,-2.955,6.51,-0.07,1.47
,-9.287,-1.675,-3.022,-9.292,-1.586,-3.008,5.95,0.42,1.75
,-9.282,-1.728,-2.857,-9.244,-1.596,-3.132,5.53,0.42,1.68
,-9.296,-1.711,-2.85,-9.189,-1.713,-3.149,5.81,0.7,1.75
12871.0,-9.194,-1.761,-3.056,-9.246,-1.414,-3.348,5.67,1.89,2.24
,-9.237,-1.692,-3.171,-9.244,-1.565,-3.285,6.72,1.96,2.17
,-9.332,-1.558,-3.199,-9.234,-1.632,-3.23,6.79,1.89,2.17
,-9.304,-1.467,-3.269,-9.304,-1.606,-3.302,5.39,1.4,2.03
12947.0,-9.232,-1.603,-3.269,-9.316,-1.51,-3.151,4.34,1.05,1.75
,-9.284,-1.539,-3.209,-9.289,-1.539,-3.116,4.76,1.12,1.82
,-9.313,-1.543,-3.123,-9.308,-1.503,-3.161,4.76,1.26,1.75
,-9.308,-1.515,-3.137,-9.234,-1.51,-3.187,4.69,1.47,1.75
13023.0,-9.191,-1.546,-3.132,-9.296,-1.424,-3.135,4.06,1.4,1.47
,-9.268,-1.541,-3.113,-9.246,-1.479,-3.197,3.92,1.54,1.33
,-9.328,-1.572,-3.061,-9.234,-1.57,-3.156,3.92,1.68,1.19
,-9.371,-1.5,-3.125,-9.229,-1.579,-3.147,3.71,1.47,1.05
13099.0,-9.294,-1.548,-3.106,-9.318,-1.591,-3.13,2.94,1.82,0.63
,-9.301,-1.491,-3.082,-9.299,-1.572,-3.211,2.8,1.82,0.63
,-9.32,-1.543,-3.087,-9.277,-1.579,-3.218,2.31,2.1,0.63
,-9.258,-1.62,-3.01,-9.289,-1.606,-3.273,2.17,2.24,0.63
13175.0,-9.265,-1.572,-3.376,-9.273,-1.522,-3.338,2.59,2.17,0.56
,-9.234,-1.555,-3.484,-9.217,-1.527,-3.218,2.87,1.82,0.56
,-9.239,-1.603,-3.427,-9.256,-1.555,-3.149,2.94,1.61,0.56
,-9.227,-1.543,-3.458,-9.227,-1.579,-3.106,3.43,1.4,0.56
13250.0,-9.277,-1.527,-3.072,-9.244,-1.622,-3.082,2.66,1.26,0.42
,-9.268,-1.517,-3.106,-9.268,-1.591,-3.18,2.03,1.4,0.28
,-9.275,-1.529,-3.065,-9.237,-1.634,-3.226,1.54,1.4,0.14
,-9.277,-1.589,-3.096,-9.22,-1.598,-3.245,1.33,1.26,0.07
13326.0,-9.261,-1.591,-3.211,-9.27,-1.706,-3.104,1.89,1.82,0.35
,-9.27,-1.608,-3.226,-9.325,-1.63,-3.087,2.1,1.54,0.21
,-9.282,-1.565,-3.139,-9.328,-1.5,-3.12,1.96,1.82,0.35
,-9.225,-1.649,-3.168,-9.253,-1.472,-3.104,1.61,1.82,0.42
13401.0,-9.289,-1.529,-3.209,-9.184,-1.606,-3.369,1.05,2.24,0.28
,-9.253,-1.62,-3.238,-9.198,-1.591,-3.391,0.77,2.38,0.28
,-9.225,-1.613,-3.329,-9.253,-1.601,-3.403,0.91,2.17,0.35
,-9.304,-1.673,-3.336,-9.246,-1.642,-3.388,1.33,2.17,0.42
13477.0,-9.227,-1.622,-3.348,-9.325,-1.531,-3.044,2.59,1.61,0.77
,-9.241,-1.634,-3.273,-9.268,-1.567,-2.974,2.87,1.4,0.7
,-9.263,-1.601,-3.211,-9.292,-1.572,-3.01,2.94,1.54,0.7
,-9.239,-1.57,-3.108,-9.277,-1.606,-3.089,2.66,1.68,0.7
13553.0,-9.265,-1.618,-3.161,-9.215,-1.637,-3.465,0.91,2.03,0.56
,-9.201,-1.665,-3.264,-9.208,-1.61,-3.482,0.91,2.17,0.63
,-9.256,-1.589,-3.34,-9.217,-1.56,-3.451,1.54,2.03,0.63
,-9.241,-1.591,-3.441,-9.249,-1.565,-3.463,1.68,2.03,0.49
13629.0,-9.225,-1.606,-3.388,-9.28,-1.5,-3.206,3.29,1.33,0.98
,-9.215,-1.632,-3.319,-9.282,-1.474,-3.154,3.29,1.05,0.91
,-9.239,-1.661,-3.199,-9.261,-1.517,-3.168,3.78,1.19,1.05
,-9.253,-1.639,-3.202,-9.229,-1.589,-3.137,4.13,1.19,1.05
13704.0,-9.206,-1.591,-3.139,-9.215,-1.563,-3.376,2.87,1.4,0.84
,-9.251,-1.601,-3.228,-9.177,-1.575,-3.352,3.22,1.47,0.77
,-9.289,-1.606,-3.25,-9.215,-1.596,-3.331,3.22,1.26,0.7
,-9.241,-1.548,-3.309,-9.28,-1.563,-3.257,2.94,1.26,0.7
13780.0,-9.249,-1.534,-3.199,-9.198,-1.606,-3.111,2.73,0.98,0.63
,-9.246,-1.527,-3.197,-9.263,-1.586,-3.187,2.73,0.98,0.63
,-9.287,-1.558,-3.206,-9.28,-1.508,-3.135,2.66,0.98,0.49
,-9.263,-1.553,-3.192,-9.299,-1.541,-3.18,2.45,1.19,0.49
13855.0,-9.241,-1.596,-3.221,-9.217,-1.661,-3.362,1.54,1.26,0.28
,-9.261,-1.589,-3.355,-9.251,-1.613,-3.285,1.89,1.12,0.21
,-9.213,-1.61,-3.4,-9.241,-1.601,-3.228,1.96,1.19,0.28
,-9.198,-1.653,-3.403,-9.263,-1.615,-3.12,2.45,1.26,0.35
13931.0,-9.265,-1.63,-3.08,-9.225,-1.627,-3.252,3.01,1.4,0.56
,-9.263,-1.586,-3.147,-9.201,-1.615,-3.331,2.94,1.47,0.56
,-9.258,-1.579,-3.173,-9.215,-1.62,-3.302,2.59,1.19,0.42
,-9.208,-1.603,-3.192,-9.179,-1.651,-3.317,2.31,1.26,0.49
14007.0,-9.251,-1.699,-3.288,-9.198,-1.622,-3.238,2.38,1.12,0.56
,-9.27,-1.68,-3.245,-9.206,-1.649,-3.195,2.94,1.12,0.7
,-9.268,-1.615,-3.252,-9.234,-1.608,-3.23,3.08,1.33,0.7
,-9.251,-1.577,-3.252,-9.265,-1.596,-3.149,2.73,1.33,0.77
14083.0,-9.222,-1.646,-3.101,-9.196,-1.63,-3.374,2.73,1.75,0.91
,-9.294,-1.606,-3.183,-9.215,-1.649,-3.388,2.59,1.75,0.84
,-9.268,-1.579,-3.209,-9.208,-1.601,-3.431,2.1,1.54,0.77
,-9.258,-1.572,-3.305,-9.198,-1.591,-3.379,1.96,1.54,0.84
14159.0,-9.232,-1.589,-3.3,-9.294,-1.572,-3.19,2.8,0.91,0.91
,-9.225,-1.594,-3.266,-9.213,-1.579,-3.199,3.08,1.05,0.98
,-9.241,-1.577,-3.187,-9.184,-1.639,-3.187,3.08,1.19,1.05
,-9.275,-1.572,-3.139,-9.21,-1.632,-3.25,2.94,1.05,0.98
14234.0,-9.222,-1.637,-3.273,-9.282,-1.558,-3.202,1.75,1.05,0.98
,-9.191,-1.634,-3.235,-9.294,-1.524,-3.216,1.89,1.33,1.05
,-9.215,-1.651,-3.183,-9.28,-1.546,-3.29,2.17,1.4,1.12
,-9.234,-1.62,-3.159,-9.234,-1.634,-3.309,2.45,1.33,1.12
14310.0,-9.155,-1.656,-3.369,-9.229,-1.541,-3.259,2.24,1.12,0.98
,-9.21,-1.646,-3.357,-9.241,-1.548,-3.202,2.73,1.12,1.12
,-9.189,-1.618,-3.336,-9.234,-1.622,-3.228,3.22,1.19,1.12
,-9.253,-1.551,-3.317,-9.21,-1.627,-3.195,3.29,1.12,1.12
14386.0,-9.239,-1.639,-3.163,-9.249,-1.589,-3.187,2.38,1.12,1.12
,-9.237,-1.62,-3.132,-9.239,-1.563,-3.257,2.73,1.33,1.05
,-9.277,-1.558,-3.142,-9.208,-1.62,-3.283,2.59,1.19,1.05
,-9.265,-1.555,-3.139,-9.246,-1.649,-3.276,2.1,1.12,1.12
14462.0,-9.239,-1.596,-3.226,-9.273,-1.579,-3.204,2.1,1.12,1.12
,-9.241,-1.589,-3.211,-9.263,-1.551,-3.252,2.17,1.26,1.05
,-9.282,-1.555,-3.214,-9.244,-1.555,-3.293,2.24,1.47,1.05
,-9.246,-1.572,-3.178,-9.222,-1.575,-3.372,2.24,1.47,1.12
14537.0,-9.234,-1.625,-3.281,-9.289,-1.491,-3.245,1.68,1.26,0.98
,-9.222,-1.613,-3.259,-9.232,-1.529,-3.206,2.03,1.19,1.05
,-9.237,-1.582,-3.259,-9.246,-1.558,-3.221,2.66,1.05,1.05
,-9.268,-1.553,-3.233,-9.294,-1.555,-3.24,3.01,1.05,1.12
14613.0,-9.33,-1.591,-3.266,-9.275,-1.541,-3.23,1.89,0.98,1.05
,-9.184,-1.596,-3.235,-9.237,-1.541,-3.262,2.03,1.26,0.98
,-9.234,-1.572,-3.271,-9.244,-1.563,-3.24,2.24,1.19,0.91
,-9.251,-1.582,-3.233,-9.263,-1.572,-3.254,2.45,1.26,1.05
14688.0,-9.258,-1.63,-3.269,-9.265,-1.586,-3.321,2.1,0.98,0.98
,-9.261,-1.627,-3.34,-9.251,-1.579,-3.271,2.45,0.98,0.98
,-9.217,-1.584,-3.321,-9.246,-1.527,-3.23,2.52,0.77,1.05
,-9.153,-1.61,-3.295,-9.27,-1.524,-3.183,2.73,0.84,1.26
14764.0,-9.304,-1.508,-3.266,-9.277,-1.531,-3.135,2.8,0.63,1.19
,-9.263,-1.575,-3.214,-9.28,-1.551,-3.101,2.52,0.63,1.05
,-9.22,-1.567,-3.242,-9.296,-1.548,-3.106,2.59,0.49,1.05
,-9.244,-1.586,-3.18,-9.258,-1.567,-3.13,2.87,0.91,1.12
14840.0,-9.241,-1.57,-3.218,-9.234,-1.553,-3.204,2.1,1.12,1.05
,-9.229,-1.527,-3.285,-9.313,-1.505,-3.271,1.96,0.98,0.91
,-9.203,-1.579,-3.285,-9.289,-1.543,-3.264,1.96,0.98,0.84
,-9.249,-1.634,-3.257,-9.261,-1.541,-3.226,2.45,1.19,0.98
14916.0,-9.261,-1.548,-3.285,-9.294,-1.563,-3.257,1.89,1.05,0.84
,-9.284,-1.517,-3.264,-9.21,-1.572,-3.214,2.1,0.98,0.91
,-9.294,-1.565,-3.202,-9.256,-1.577,-3.132,2.31,0.91,0.84
,-9.294,-1.555,-3.259,-9.27,-1.575,-3.154,2.38,1.05,0.84
14991.0,-9.215,-1.567,-3.096,-9.227,-1.603,-3.285,2.73,1.33,0.84
,-9.304,-1.496,-3.18,-9.21,-1.62,-3.297,2.52,1.12,0.7
,-9.296,-1.443,-3.269,-9.246,-1.555,-3.216,1.82,0.98,0.56
,-9.203,-1.51,-3.302,-9.292,-1.541,-3.116,1.61,1.05,0.56
15067.0,-9.299,-1.531,-3.084,-9.21,-1.541,-3.314,2.94,1.26,0.63
,-9.308,-1.517,-3.132,-9.189,-1.598,-3.283,2.24,1.33,0.63
,-9.342,-1.479,-3.228,-9.244,-1.577,-3.226,1.68,1.4,0.49
,-9.253,-1.541,-3.29,-9.244,-1.565,-3.19,1.12,1.12,0.42
15143.0,-9.296,-1.527,-3.092,-9.227,-1.62,-3.314,2.87,1.54,0.63
,-9.261,-1.575,-3.178,-9.239,-1.584,-3.408,2.45,1.47,0.56
,-9.273,-1.563,-3.183,-9.198,-1.567,-3.408,2.03,1.47,0.56
,-9.268,-1.579,-3.221,-9.246,-1.565,-3.34,1.75,1.4,0.35
15219.0,-9.268,-1.575,-3.312,-9.299,-1.536,-3.094,3.43,1.05,0.7
,-9.249,-1.572,-3.254,-9.289,-1.5,-3.087,3.64,1.12,0.91
,-9.241,-1.594,-3.147,-9.318,-1.534,-3.089,3.78,1.12,0.91
,-9.234,-1.536,-3.072,-9.277,-1.536,-3.108,3.78,1.33,0.91
15295.0,-9.217,-1.589,-3.223,-9.275,-1.589,-3.226,2.31,1.47,0.63
,-9.213,-1.589,-3.252,-9.311,-1.524,-3.204,2.45,1.54,0.7
,-9.213,-1.563,-3.317,-9.294,-1.519,-3.235,2.52,1.54,0.77
,-9.273,-1.553,-3.221,-9.251,-1.522,-3.312,2.45,1.54,0.7
15370.0,-9.246,-1.539,-3.35,-9.308,-1.543,-3.252,2.17,1.26,0.56
,-9.217,-1.625,-3.362,-9.249,-1.491,-3.151,2.38,1.26,0.7
,-9.222,-1.627,-3.331,-9.261,-1.536,-3.111,2.8,1.26,0.7
,-9.222,-1.61,-3.338,-9.251,-1.601,-3.084,3.64,1.4,0.77
15446.0,-9.258,-1.579,-3.104,-9.258,-1.567,-3.171,2.59,1.47,0.63
,-9.232,-1.584,-3.171,-9.284,-1.531,-3.211,2.73,1.61,0.63
,-9.239,-1.567,-3.175,-9.265,-1.567,-3.285,2.66,1.61,0.63
,-9.246,-1.563,-3.123,-9.225,-1.622,-3.333,2.66,1.75,0.77
15521.0,-9.21,-1.57,-3.381,-9.244,-1.567,-3.25,2.52,1.68,0.7
,-9.234,-1.56,-3.307,-9.263,-1.601,-3.273,2.66,1.47,0.56
,-9.253,-1.517,-3.352,-9.287,-1.598,-3.195,2.73,1.26,0.49
,-9.244,-1.551,-3.305,-9.306,-1.541,-3.264,2.66,1.33,0.56
15597.0,-9.222,-1.565,-3.259,-9.244,-1.589,-3.238,2.45,1.19,0.63
,-9.206,-1.543,-3.278,-9.251,-1.558,-3.178,2.31,1.26,0.7
,-9.229,-1.606,-3.281,-9.241,-1.586,-3.235,2.59,1.19,0.7
,-9.256,-1.558,-3.25,-9.244,-1.527,-3.221,2.87,1.19,0.63
15673.0,-9.196,-1.577,-3.161,-9.299,-1.539,-3.204,2.52,1.19,0.63
,-9.265,-1.584,-3.123,-9.256,-1.586,-3.23,2.59,1.4,0.7
,-9.273,-1.567,-3.111,-9.217,-1.644,-3.24,2.94,1.68,0.77
,-9.306,-1.524,-3.151,-9.198,-1.618,-3.257,3.01,1.75,0.84
15749.0,-9.246,-1.563,-3.25,-9.227,-1.606,-3.257,2.94,1.61,0.7
,-9.318,-1.519,-3.235,-9.222,-1.582,-3.307,2.87,1.68,0.7
,-9.304,-1.567,-3.19,-9.273,-1.639,-3.357,2.45,1.75,0.84
,-9.273,-1.575,-3.247,-9.251,-1.603,-3.285,2.03,1.68,0.84
15824.0,-9.206,-1.584,-3.245,-9.251,-1.567,-2.996,2.59,1.54,0.91
,-9.261,-1.534,-3.199,-9.249,-1.565,-3.113,2.52,1.4,0.91
,-9.263,-1.496,-3.161,-9.258,-1.589,-3.022,1.96,1.47,0.77
,-9.263,-1.555,-3.108,-9.306,-1.479,-3.202,1.47,1.61,0.84
15900.0,-9.301,-1.527,-3.123,-9.182,-1.651,-3.206,1.61,2.52,0.77
,-9.261,-1.522,-3.163,-9.268,-1.522,-3.41,1.68,2.45,0.77
,-9.234,-1.536,-3.166,-9.232,-1.546,-3.242,1.47,2.66,0.84
,-9.196,-1.608,-3.254,-9.292,-1.541,-3.496,0.91,2.66,0.84
15975.0,-9.258,-1.606,-3.482,-9.27,-1.713,-3.611,2.1,1.89,0.98
,-9.21,-1.625,-3.635,-9.234,-1.663,-3.491,2.1,1.68,0.91
,-9.225,-1.685,-3.575,-9.27,-1.565,-3.355,2.8,1.54,1.05
,-9.172,-1.668,-3.53,-9.241,-1.529,-3.391,3.36,1.4,1.19
16051.0,-9.22,-1.553,-3.348,-9.28,-1.484,-3.233,4.83,0.35,1.54
,-9.186,-1.553,-3.367,-9.246,-1.498,-3.183,4.55,0.42,1.54
,-9.251,-1.608,-3.257,-9.261,-1.522,-3.128,4.76,0.35,1.47
,-9.22,-1.586,-3.221,-9.246,-1.486,-3.108,4.97,0.35,1.54
16127.0,-9.275,-1.462,-3.108,-9.258,-1.598,-3.245,3.57,0.56,1.19
,-9.292,-1.448,-3.118,-9.239,-1.622,-3.276,3.36,0.42,1.05
,-9.273,-1.503,-3.187,-9.241,-1.582,-3.345,2.87,0.56,1.05
,-9.263,-1.536,-3.214,-9.227,-1.62,-3.309,2.45,0.63,0.91
16203.0,-9.237,-1.582,-3.336,-9.225,-1.481,-3.187,2.17,0.63,1.05
,-9.225,-1.536,-3.266,-9.275,-1.567,-3.116,2.73,0.77,1.12
,-9.299,-1.519,-3.211,-9.232,-1.505,-3.235,2.59,0.49,1.05
,-9.225,-1.505,-3.221,-9.246,-1.541,-3.116,2.24,0.49,1.05
16279.0,-9.275,-1.606,-3.123,-9.196,-1.508,-3.003,0.63,0.63,0.7
,-9.232,-1.575,-3.218,-9.299,-1.658,-3.23,1.05,0.91,0.77
,-9.308,-1.512,-3.202,-9.217,-1.586,-3.195,1.12,0.91,0.77
,-9.246,-1.563,-3.089,-9.268,-1.646,-3.147,0.98,1.26,0.77
16354.0,-9.251,-1.596,-3.211,-9.239,-1.467,-3.29,1.68,1.68,0.91
,-9.222,-1.555,-3.204,-9.273,-1.519,-3.24,2.17,1.82,1.19
,-9.246,-1.469,-3.278,-9.306,-1.565,-3.271,2.17,1.82,1.12
,-9.194,-1.486,-3.228,-9.249,-1.481,-3.312,1.82,1.96,1.05
16430.0,-9.206,-1.558,-3.333,-9.28,-1.553,-3.391,1.19,1.47,1.19
,-9.22,-1.589,-3.388,-9.232,-1.572,-3.314,1.4,1.33,1.05
,-9.206,-1.651,-3.419,-9.292,-1.46,-3.273,1.89,1.12,0.98
,-9.198,-1.575,-3.379,-9.287,-1.479,-3.283,2.73,1.26,1.26
16506.0,-9.225,-1.543,-3.262,-9.249,-1.498,-3.202,3.01,1.05,1.33
,-9.275,-1.567,-3.216,-9.217,-1.536,-3.149,3.29,1.19,1.47
,-9.227,-1.519,-3.259,-9.174,-1.515,-3.034,3.5,1.26,1.54
,-9.208,-1.541,-3.281,-9.203,-1.565,-2.848,3.71,1.19,1.47
16582.0,-9.296,-1.527,-2.86,-9.191,-1.503,-3.3,2.59,2.03,1.47
,-9.249,-1.5,-2.814,-9.131,-1.524,-3.35,1.75,2.17,1.4
,-9.296,-1.46,-2.929,-9.16,-1.555,-3.247,1.12,2.52,1.4
,-9.225,-1.443,-3.137,-9.234,-1.496,-3.163,0.21,2.45,1.19
16657.0,-9.323,-1.452,-2.972,-9.328,-1.125,-2.826,1.89,3.85,1.33
,-9.378,-1.251,-2.843,-9.206,-1.33,-2.977,1.54,4.2,1.26
,-9.442,-1.127,-2.678,-9.172,-1.756,-2.735,0.14,4.13,0.77
,-9.447,-1.0,-2.86,-9.28,-1.737,-2.807,-3.15,3.15,-0.21
16733.0,-9.347,-1.637,-2.855,-8.921,-1.716,-2.754,-10.43,3.15,-0.35
,-9.385,-1.228,-2.989,-9.194,-1.91,-2.848,-11.27,1.4,-0.42
,-9.239,-1.043,-3.156,-9.136,-1.804,-2.879,-14.98,-0.63,-0.42
,-8.935,-1.278,-3.044,-9.385,-1.452,-3.144,-17.71,-0.84,-0.14
16808.0,-9.378,-1.33,-3.312,-9.143,-1.094,-3.592,-2.87,7.14,0.91
,-9.153,-1.407,-3.113,-9.273,-0.749,-3.881,-4.13,7.84,1.19
,-9.206,-1.618,-3.276,-9.323,-0.756,-4.207,-4.76,8.4,1.47
,-9.182,-1.493,-3.281,-9.1,-0.905,-4.142,-3.43,8.33,1.47
16884.0,-9.124,-1.134,-3.762,-8.935,-1.718,-3.393,-14.21,3.01,-0.35
,-9.28,-1.397,-3.635,-9.069,-1.79,-2.943,-12.04,3.78,-0.7
,-9.296,-1.56,-3.53,-9.21,-1.67,-3.379,-10.78,3.43,-1.26
,-9.213,-1.551,-3.326,-9.0,-1.493,-3.585,-8.82,3.78,-0.91
16960.0,-9.203,-1.407,-4.113,-8.957,-1.871,-3.771,-0.84,3.99,0.42
,-8.995,-1.539,-4.496,-9.11,-1.656,-3.604,-2.24,3.22,0.84
,-9.052,-1.809,-4.307,-9.167,-1.486,-3.486,-1.26,4.13,1.33
,-9.21,-2.034,-4.154,-9.28,-1.381,-3.142,1.4,4.9,1.96
17036.0,-9.294,-1.295,-2.895,-9.241,-1.089,-3.802,5.67,6.3,1.96
,-9.246,-1.189,-2.793,-9.088,-1.393,-3.896,5.39,7.0,1.82
,-9.253,-1.012,-2.912,-8.789,-1.744,-3.683,4.41,6.58,1.26
,-9.457,-0.974,-3.496,-8.842,-1.752,-3.319,1.68,4.69,0.84
17112.0,-9.016,-1.85,-3.384,-8.839,-1.632,-3.12,3.01,10.5,1.54
,-9.143,-1.749,-3.467,-9.191,-1.24,-2.759,2.66,9.52,2.1
,-9.079,-1.747,-3.486,-9.603,-0.732,-2.659,1.26,8.82,3.22
,-8.875,-1.771,-3.403,-9.49,-0.507,-3.046,0.98,9.1,3.92
17187.0,-9.107,-0.692,-3.168,-9.148,-1.077,-3.501,-3.5,10.99,2.94
,-8.976,-1.311,-3.163,-9.136,-0.536,-3.652,-7.49,12.11,3.5
,-8.737,-1.644,-3.262,-9.273,-0.412,-3.96,-5.67,13.72,3.29
,-8.99,-1.45,-3.094,-9.06,-0.627,-4.18,1.26,15.89,2.52
17263.0,-8.777,-0.902,-4.204,-9.115,-1.393,-3.757,-1.12,13.58,-0.28
,-8.725,-0.861,-4.439,-9.076,-1.589,-3.726,0.77,13.86,-0.98
,-8.765,-0.919,-4.312,-9.043,-1.857,-3.766,1.75,14.28,-2.17
,-9.081,-1.199,-3.929,-8.964,-1.795,-3.807,1.19,14.98,-2.73
17339.0,-8.859,-1.756,-3.735,-8.698,-1.309,-3.939,2.17,15.96,-0.91
,-8.813,-1.723,-3.687,-8.691,-1.429,-3.994,2.45,16.66,-0.7
,-9.04,-1.517,-3.515,-8.691,-1.694,-4.341,2.38,16.94,0.0
,-9.095,-1.39,-3.735,-8.763,-1.687,-4.355,0.77,15.05,0.84
17415.0,-8.854,-1.558,-4.432,-8.995,-1.582,-4.391,3.43,15.75,2.52
,-8.536,-1.335,-4.652,-9.081,-1.558,-3.936,4.62,16.03,2.1
,-8.43,-1.173,-4.759,-8.811,-0.957,-4.195,4.97,16.73,2.1
,-8.77,-1.266,-4.707,-8.586,-0.632,-4.326,4.34,17.43,2.24
17490.0,-8.837,-0.596,-4.298,-9.134,-1.948,-4.238,0.42,15.96,0.49
,-8.734,-0.823,-4.305,-9.079,-1.929,-4.286,-2.52,15.61,0.77
,-8.775,-1.168,-4.231,-8.768,-1.706,-4.451,-5.11,16.17,1.26
,-8.93,-1.689,-4.267,-8.677,-1.524,-4.391,-6.16,16.45,1.68
17566.0,-8.483,-1.431,-4.578,-8.851,-0.811,-4.975,0.28,16.24,2.38
,-8.583,-1.165,-4.762,-8.643,-0.72,-5.252,-2.03,16.1,3.29
,-8.725,-1.07,-4.704,-8.545,-0.806,-5.221,-2.8,15.33,3.15
,-8.784,-0.816,-4.972,-8.526,-0.967,-5.121,-3.64,14.07,3.01
17641.0,-8.605,-1.058,-4.984,-8.509,-1.409,-5.071,-5.25,11.41,1.19
,-8.571,-1.149,-4.92,-8.698,-1.608,-5.15,-4.48,11.55,0.77
,-8.552,-1.106,-5.001,-8.6,-1.883,-5.195,-3.29,11.83,0.49
,-8.567,-1.242,-4.929,-8.442,-2.201,-5.044,-2.66,11.41,0.56
17717.0,-8.385,-2.312,-4.884,-8.485,-1.041,-4.932,1.05,10.78,2.45
,-8.605,-2.257,-4.673,-8.514,-0.881,-4.934,1.33,9.66,3.92
,-8.631,-1.843,-4.848,-8.583,-0.541,-5.001,2.1,8.75,4.9
,-8.382,-1.311,-5.051,-8.6,-0.426,-5.109,2.59,8.75,5.18
17793.0,-8.607,-0.56,-4.922,-8.6,-1.153,-4.831,0.91,8.26,4.41
,-8.686,-0.742,-5.066,-8.564,-1.017,-5.092,0.98,8.54,3.71
,-8.792,-1.074,-4.886,-8.416,-0.926,-5.377,1.4,8.26,3.08
,-8.662,-1.137,-4.927,-8.504,-0.78,-5.434,3.15,7.91,2.24
17869.0,-8.342,-0.665,-5.64,-8.526,-1.345,-5.288,1.12,4.34,1.4
,-8.279,-0.962,-5.535,-8.469,-1.452,-5.252,-0.91,5.04,1.47
,-8.488,-1.326,-5.26,-8.466,-1.709,-4.805,-1.82,5.67,1.47
,-8.78,-1.244,-5.276,-8.662,-1.582,-4.913,-1.19,4.97,1.61
17944.0,-8.416,-1.491,-5.255,-8.416,-0.907,-5.485,1.26,3.43,2.38
,-8.303,-1.469,-5.162,-8.555,-1.084,-5.142,2.17,4.27,2.17
,-8.318,-1.108,-5.236,-8.545,-0.991,-5.296,2.94,4.48,2.45
,-8.303,-1.036,-5.293,-8.653,-0.983,-5.154,3.22,4.83,2.24
18020.0,-8.698,-0.995,-5.092,-8.387,-0.933,-5.238,1.12,4.48,2.52
,-8.406,-0.797,-5.123,-8.39,-0.854,-5.583,0.49,4.06,2.52
,-8.399,-0.979,-5.262,-8.368,-0.919,-5.7,-1.54,4.06,2.45
,-8.423,-0.96,-5.202,-8.342,-1.385,-5.195,-0.77,3.71,2.03
18096.0,-8.318,-1.292,-5.236,-8.215,-1.512,-5.492,0.21,2.94,2.17
,-8.545,-1.4,-5.329,-8.382,-1.582,-5.281,0.56,2.38,2.31
,-8.497,-1.728,-5.355,-8.579,-1.304,-5.384,0.98,2.31,2.66
,-8.366,-2.022,-5.042,-8.756,-1.115,-5.284,2.03,2.73,3.01
18172.0,-8.485,-1.098,-5.262,-8.595,-0.581,-5.209,5.32,1.96,5.25
,-8.131,-1.177,-5.195,-8.626,-0.433,-5.248,4.97,1.96,5.39
,-8.157,-1.086,-5.106,-8.67,-0.553,-5.24,5.32,2.59,5.39
,-8.421,-0.866,-5.183,-8.708,-0.677,-5.281,5.39,3.15,5.39
18248.0,-8.617,-0.888,-5.279,-8.423,-0.474,-5.568,4.76,3.71,1.75
,-8.435,-0.993,-5.185,-8.536,-0.921,-5.485,4.9,4.2,1.61
,-8.303,-0.579,-5.406,-8.454,-1.072,-5.59,5.25,4.27,0.91
,-8.21,-0.378,-5.425,-8.291,-1.33,-5.458,4.62,4.48,0.35
18323.0,-8.342,-1.189,-5.59,-8.189,-1.208,-5.281,3.71,3.92,-0.42
,-8.581,-1.189,-5.324,-8.38,-1.187,-5.226,3.57,3.92,-0.42
,-8.514,-1.084,-5.391,-8.418,-1.232,-5.269,3.5,3.22,-0.28
,-8.184,-1.019,-5.324,-8.507,-1.05,-5.372,3.08,2.87,0.21
18399.0,-8.514,-0.694,-5.339,-8.638,-1.046,-5.468,2.52,2.38,1.33
,-8.311,-0.601,-5.394,-8.626,-1.053,-5.468,0.42,1.89,0.84
,-8.449,-0.794,-5.473,-8.643,-1.117,-5.489,-1.82,1.89,0.84
,-8.593,-0.979,-5.391,-8.449,-1.213,-5.485,-2.1,1.68,0.56
18474.0,-8.492,-1.153,-5.544,-8.437,-1.184,-5.516,-0.63,-1.61,0.0
,-8.399,-1.17,-5.642,-8.588,-1.115,-5.518,0.28,-2.17,0.14
,-8.49,-1.07,-5.537,-8.437,-1.029,-5.485,0.42,-2.8,0.42
,-8.423,-1.106,-5.597,-8.404,-0.878,-5.384,-0.21,-2.94,0.91
18550.0,-8.476,-0.895,-5.441,-8.636,-0.972,-5.159,0.21,-4.48,0.84
,-8.492,-0.885,-5.363,-8.543,-0.79,-5.185,-0.56,-4.62,1.12
,-8.409,-0.902,-5.377,-8.385,-0.811,-5.224,-1.19,-4.06,1.26
,-8.567,-1.019,-5.334,-8.464,-1.074,-5.281,-1.05,-3.99,0.91
18626.0,-8.509,-1.271,-5.217,-8.495,-1.12,-5.221,-1.96,-6.93,1.12
,-8.521,-1.24,-5.183,-8.461,-1.127,-5.272,0.07,-7.56,0.84
,-8.48,-1.161,-5.288,-8.497,-1.175,-5.434,2.03,-7.84,0.07
,-8.488,-1.115,-5.202,-8.488,-1.263,-5.427,3.29,-7.91,-0.49
18702.0,-8.648,-1.053,-5.355,-8.447,-0.895,-5.061,5.88,-8.19,-0.56
,-8.696,-0.866,-5.31,-8.617,-0.96,-5.044,7.21,-8.33,-1.33
,-8.727,-0.787,-5.099,-8.739,-0.998,-4.968,6.44,-8.96,-2.17
,-8.488,-0.818,-5.023,-8.586,-0.916,-4.843,5.18,-8.61,-2.24
18777.0,-8.591,-0.814,-5.006,-8.737,-1.192,-4.776,7.0,-11.83,-2.38
,-8.399,-0.964,-5.016,-8.674,-1.058,-4.743,6.02,-12.25,-2.31
,-8.44,-1.149,-4.87,-8.612,-1.101,-4.683,6.51,-11.76,-2.31
,-8.643,-1.24,-4.846,-8.717,-1.165,-4.582,8.05,-10.92,-2.38
18853.0,-8.722,-1.285,-4.408,-8.839,-1.381,-4.69,11.34,-8.05,-2.8
,-8.55,-1.24,-4.429,-8.741,-1.393,-4.602,10.01,-9.8,-1.54
,-8.351,-1.048,-4.733,-8.612,-1.402,-4.633,9.52,-11.06,-0.35
,-8.524,-1.096,-4.819,-8.653,-1.316,-4.616,8.96,-11.41,-0.28
18929.0,-8.648,-1.139,-4.724,-8.725,-1.07,-4.688,13.93,-7.91,-0.35
,-8.6,-1.022,-4.846,-8.665,-1.249,-4.633,15.47,-6.72,-1.05
,-8.782,-0.818,-4.886,-8.72,-1.082,-4.594,15.61,-5.39,-1.05
,-8.935,-1.094,-4.633,-8.832,-0.818,-4.642,16.45,-5.32,-0.84
19005.0,-8.835,-0.675,-4.573,-8.701,-1.534,-4.745,15.19,-10.29,-1.12
,-8.789,-0.84,-4.496,-8.665,-1.512,-4.752,11.41,-10.92,-0.77
,-8.748,-1.096,-4.63,-8.72,-1.414,-4.74,8.26,-11.2,-0.35
,-8.691,-1.342,-4.714,-8.689,-1.429,-4.544,7.42,-11.27,-0.14
19080.0,-8.715,-1.479,-4.506,-8.921,-1.397,-4.353,14.91,-9.45,0.56
,-8.772,-1.479,-4.472,-8.866,-1.34,-4.286,15.33,-9.66,0.91
,-8.818,-1.486,-4.475,-8.906,-1.328,-4.106,15.75,-10.22,1.26
,-8.906,-1.407,-4.389,-8.961,-1.39,-4.034,15.96,-10.43,1.54
19156.0,-8.997,-1.376,-4.03,-8.988,-1.12,-3.948,13.09,-13.23,2.66
,-8.856,-1.39,-4.101,-8.926,-0.931,-3.85,12.18,-13.65,2.73
,-8.859,-1.314,-4.097,-9.002,-0.938,-3.625,12.18,-13.72,2.45
,-8.88,-1.213,-3.958,-9.124,-1.031,-3.561,12.88,-13.86,1.96
19232.0,-9.098,-1.043,-3.51,-8.849,-1.397,-3.676,9.45,-15.54,-0.28
,-9.15,-1.031,-3.443,-8.882,-1.45,-3.697,8.54,-15.54,-1.05
,-9.095,-1.17,-3.601,-8.985,-1.429,-3.625,6.86,-15.96,-1.75
,-8.897,-1.323,-3.632,-9.146,-1.323,-3.532,6.23,-15.47,-1.89
19307.0,-9.127,-1.34,-3.448,-9.15,-1.51,-3.652,8.4,-14.77,-2.03
,-9.246,-1.539,-3.424,-8.971,-1.474,-3.673,7.49,-14.07,-1.89
,-9.048,-1.661,-3.345,-8.973,-1.637,-3.738,7.49,-13.3,-1.61
,-9.15,-1.634,-3.264,-8.978,-1.725,-3.723,8.61,-12.81,-1.47
19383.0,-9.086,-1.917,-3.448,-9.296,-1.452,-2.972,7.63,-11.76,0.98
,-9.091,-1.776,-3.357,-9.206,-1.476,-2.79,9.8,-11.62,0.84
,-9.165,-1.543,-3.262,-9.225,-1.455,-2.785,10.5,-12.04,0.49
,-9.292,-1.374,-3.226,-9.107,-1.46,-2.778,9.66,-12.32,0.42
19459.0,-9.256,-1.307,-2.769,-9.261,-1.706,-2.563,10.92,-10.01,-0.49
,-9.134,-1.285,-3.116,-9.292,-1.417,-2.388,9.03,-10.71,-1.12
,-9.043,-1.429,-2.857,-9.356,-1.278,-2.446,8.19,-10.15,-1.19
,-9.273,-1.594,-2.883,-9.265,-1.187,-2.367,8.54,-9.17,-0.91
19535.0,-9.27,-1.244,-2.565,-9.127,-1.479,-3.293,0.98,-6.23,-1.89
,-9.282,-1.354,-3.156,-9.292,-1.443,-3.4,-1.26,-6.79,-2.17
,-9.067,-1.486,-3.058,-9.162,-1.493,-3.123,-1.26,-6.37,-2.52
,-9.318,-1.515,-3.348,-9.323,-1.606,-3.116,0.21,-6.09,-2.59
19610.0,-9.301,-1.706,-3.005,-9.16,-1.874,-2.56,1.12,-5.32,-2.8
,-9.287,-1.802,-2.709,-9.289,-1.816,-2.584,2.03,-4.48,-2.45
,-9.289,-1.862,-2.694,-9.275,-1.579,-2.637,3.36,-3.71,-2.24
,-9.115,-1.807,-2.759,-9.265,-1.505,-2.534,3.57,-3.5,-2.24
19686.0,-9.335,-1.45,-2.489,-9.301,-1.701,-2.618,5.81,0.42,-1.05
,-9.306,-1.452,-2.484,-9.318,-1.665,-2.625,4.13,0.98,-1.05
,-9.332,-1.577,-2.501,-9.366,-1.646,-2.745,3.22,1.75,-1.05
,-9.361,-1.656,-2.656,-9.316,-1.531,-2.974,2.45,2.24,-0.91
19762.0,-9.22,-1.534,-2.891,-9.21,-1.646,-3.027,2.59,4.34,-0.84
,-9.16,-1.658,-2.903,-9.349,-1.62,-3.096,1.33,4.69,-0.77
,-9.256,-1.761,-3.025,-9.282,-1.63,-3.276,1.61,5.04,-0.7
,-9.225,-1.735,-3.142,-9.186,-1.799,-3.029,2.1,4.97,-0.7
19838.0,-9.215,-1.776,-2.984,-9.292,-1.656,-3.123,-0.42,5.18,-0.07
,-9.165,-1.926,-2.982,-9.182,-1.551,-3.441,-0.42,5.32,0.07
,-9.268,-1.838,-2.898,-9.251,-1.644,-3.778,0.49,5.6,0.35
,-9.263,-1.701,-2.958,-9.215,-1.577,-4.008,0.7,5.6,0.35
19913.0,-9.194,-1.677,-4.173,-9.225,-1.639,-3.338,-2.59,2.17,0.0
,-9.048,-1.776,-4.166,-9.445,-1.493,-3.171,-0.98,1.68,0.35
,-9.074,-1.869,-3.886,-9.373,-1.424,-3.113,1.61,1.47,0.63
,-9.184,-1.785,-3.637,-9.328,-1.553,-3.257,4.62,1.19,0.7
19989.0,-9.158,-1.737,-3.197,-9.416,-1.534,-2.962,0.0,-0.7,0.21
,-9.127,-1.84,-3.159,-9.454,-1.436,-3.125,1.4,-0.14,0.49
,-9.124,-1.895,-3.013,-9.361,-1.455,-3.295,3.99,0.28,0.77
,-9.294,-1.773,-2.917,-9.179,-1.713,-3.233,6.3,0.77,0.91
20064.0,-9.143,-1.881,-3.161,-9.356,-1.438,-2.903,3.15,1.05,0.77
,-9.253,-1.869,-2.991,-9.256,-1.5,-2.955,5.95,1.82,0.98
,-9.311,-1.61,-2.809,-9.174,-1.653,-3.142,7.7,2.03,0.98
,-9.373,-1.412,-2.788,-9.158,-1.811,-3.068,7.0,1.96,0.84
20140.0,-9.189,-1.845,-3.025,-9.249,-1.677,-3.185,1.26,2.38,0.28
,-9.249,-1.795,-3.058,-9.215,-1.697,-3.242,2.03,2.45,0.42
,-9.287,-1.663,-3.061,-9.239,-1.771,-3.331,2.24,2.38,0.35
,-9.306,-1.572,-3.173,-9.251,-1.73,-3.415,1.75,2.38,0.42
20216.0,-9.227,-1.718,-3.513,-9.258,-1.673,-3.075,3.43,2.17,0.7
,-9.201,-1.704,-3.453,-9.325,-1.692,-3.144,3.78,1.89,0.84
,-9.201,-1.682,-3.391,-9.292,-1.653,-3.099,3.64,1.75,0.77
,-9.174,-1.661,-3.281,-9.299,-1.663,-3.154,3.5,1.68,0.77
20292.0,-9.217,-1.761,-3.211,-9.265,-1.689,-3.02,1.75,1.26,0.84
,-9.203,-1.778,-3.218,-9.347,-1.63,-2.998,2.45,1.54,0.84
,-9.21,-1.764,-3.161,-9.342,-1.586,-3.144,3.29,1.75,1.12
,-9.208,-1.699,-3.092,-9.273,-1.646,-3.309,3.71,1.82,1.19
20368.0,-9.174,-1.723,-3.453,-9.294,-1.61,-3.408,1.4,1.47,0.98
,-9.206,-1.783,-3.613,-9.387,-1.565,-3.486,2.17,1.26,1.12
,-9.146,-1.732,-3.637,-9.265,-1.572,-3.494,3.64,1.12,1.26
,-9.213,-1.67,-3.515,-9.179,-1.74,-3.515,4.76,1.19,1.4
20443.0,-9.146,-1.876,-3.384,-9.268,-1.701,-2.608,3.78,-0.49,1.47
,-9.172,-1.838,-3.355,-9.342,-1.646,-2.405,5.53,-0.49,1.61
,-9.246,-1.756,-3.185,-9.399,-1.606,-2.527,6.58,-0.42,1.75
,-9.263,-1.68,-2.895,-9.33,-1.558,-2.572,6.65,-0.07,1.75
20519.0,-9.263,-1.622,-2.642,-9.268,-1.625,-3.13,1.47,2.38,1.68
,-9.239,-1.639,-2.881,-9.299,-1.555,-3.293,1.05,2.87,1.54
,-9.258,-1.618,-3.053,-9.299,-1.536,-3.486,1.33,3.29,1.4
,-9.237,-1.601,-3.116,-9.237,-1.519,-3.616,1.12,3.43,1.33
20595.0,-9.148,-1.651,-3.664,-9.263,-1.692,-3.12,-0.14,2.45,1.05
,-9.179,-1.752,-3.594,-9.349,-1.615,-2.979,0.77,2.31,1.05
,-9.162,-1.823,-3.496,-9.323,-1.603,-2.941,1.89,1.89,1.12
,-9.246,-1.785,-3.24,-9.33,-1.563,-2.941,3.01,2.17,1.4
20671.0,-9.263,-1.682,-3.025,-9.22,-1.627,-3.355,0.07,2.24,1.26
,-9.246,-1.732,-3.001,-9.225,-1.634,-3.427,0.14,2.66,1.33
,-9.253,-1.713,-3.175,-9.21,-1.62,-3.611,0.77,2.94,1.33
,-9.253,-1.62,-3.269,-9.189,-1.625,-3.618,0.98,2.94,1.33
20746.0,-9.15,-1.692,-3.587,-9.222,-1.658,-3.278,1.19,1.26,1.4
,-9.234,-1.634,-3.482,-9.229,-1.694,-3.168,1.96,1.19,1.61
,-9.239,-1.591,-3.522,-9.253,-1.634,-3.118,2.38,0.84,1.47
,-9.196,-1.656,-3.396,-9.347,-1.61,-3.154,2.59,0.7,1.54
20822.0,-9.268,-1.606,-3.123,-9.282,-1.498,-3.178,2.73,0.84,1.75
,-9.229,-1.589,-3.063,-9.234,-1.543,-3.171,2.45,0.98,1.68
,-9.292,-1.601,-3.084,-9.234,-1.627,-3.096,2.45,0.98,1.61
,-9.287,-1.543,-3.106,-9.239,-1.685,-3.101,2.31,1.19,1.47
20897.0,-9.249,-1.596,-3.12,-9.222,-1.673,-3.329,1.75,2.03,1.26
,-9.308,-1.553,-3.154,-9.196,-1.613,-3.297,1.61,1.96,1.12
,-9.277,-1.567,-3.238,-9.244,-1.586,-3.295,0.98,1.89,1.05
,-9.251,-1.589,-3.29,-9.241,-1.555,-3.242,0.7,1.82,1.19
20973.0,-9.299,-1.493,-3.18,-9.241,-1.596,-3.221,2.45,2.03,1.12
,-9.277,-1.548,-3.183,-9.234,-1.567,-3.276,1.82,2.03,1.05
,-9.284,-1.555,-3.238,-9.275,-1.56,-3.338,1.47,2.1,0.98
,-9.275,-1.563,-3.266,-9.249,-1.541,-3.336,1.26,1.96,0.98
21049.0,-9.213,-1.553,-3.338,-9.294,-1.622,-3.137,1.68,1.82,0.63
,-9.232,-1.632,-3.264,-9.328,-1.543,-3.211,1.4,1.82,0.7
,-9.241,-1.644,-3.317,-9.289,-1.498,-3.302,1.33,1.82,0.7
,-9.191,-1.637,-3.264,-9.225,-1.551,-3.398,1.61,1.82,0.77
21125.0,-9.194,-1.649,-3.372,-9.206,-1.661,-3.228,0.91,1.61,0.63
,-9.213,-1.713,-3.381,-9.237,-1.594,-3.175,1.68,1.54,0.56
,-9.273,-1.642,-3.34,-9.239,-1.577,-3.096,2.45,1.61,0.7
,-9.265,-1.625,-3.329,-9.229,-1.522,-3.128,2.59,1.47,0.77
21201.0,-9.225,-1.567,-3.171,-9.232,-1.498,-3.321,1.68,1.82,0.7
,-9.239,-1.615,-3.163,-9.222,-1.546,-3.329,1.54,1.96,0.77
,-9.249,-1.61,-3.214,-9.239,-1.584,-3.357,1.89,1.82,0.7
,-9.174,-1.613,-3.276,-9.284,-1.608,-3.388,2.17,1.96,0.7
21276.0,-9.189,-1.632,-3.35,-9.253,-1.474,-3.178,1.89,1.75,0.56
,-9.186,-1.687,-3.314,-9.244,-1.484,-3.187,2.03,1.68,0.63
,-9.217,-1.653,-3.228,-9.256,-1.56,-3.228,2.94,1.75,0.56
,-9.227,-1.555,-3.18,-9.261,-1.586,-3.285,3.5,1.96,0.7
21352.0,-9.153,-1.644,-3.288,-9.21,-1.606,-3.206,1.54,1.75,0.42
,-9.165,-1.634,-3.364,-9.232,-1.584,-3.238,2.17,1.82,0.42
,-9.182,-1.62,-3.262,-9.289,-1.51,-3.281,2.38,1.82,0.49
,-9.229,-1.575,-3.247,-9.21,-1.558,-3.271,2.45,1.96,0.49
21428.0,-9.217,-1.639,-3.321,-9.232,-1.589,-3.384,1.12,2.1,0.28
,-9.239,-1.622,-3.34,-9.229,-1.62,-3.348,1.96,2.1,0.35
,-9.21,-1.565,-3.386,-9.172,-1.634,-3.384,2.17,2.03,0.28
,-9.232,-1.598,-3.317,-9.246,-1.565,-3.41,2.03,1.82,0.35
21504.0,-9.239,-1.56,-3.384,-9.241,-1.567,-3.34,2.45,1.75,0.42
,-9.196,-1.601,-3.379,-9.196,-1.646,-3.266,2.87,1.47,0.42
,-9.229,-1.61,-3.343,-9.244,-1.618,-3.252,2.94,1.54,0.42
,-9.232,-1.591,-3.343,-9.227,-1.613,-3.254,2.87,1.47,0.42
21579.0,-9.241,-1.558,-3.264,-9.22,-1.653,-3.329,2.45,1.33,0.28
,-9.249,-1.555,-3.317,-9.186,-1.694,-3.36,2.59,1.33,0.35
,-9.244,-1.565,-3.324,-9.229,-1.661,-3.343,2.45,1.26,0.35
,-9.191,-1.615,-3.343,-9.215,-1.661,-3.376,2.17,1.33,0.42
21655.0,-9.206,-1.596,-3.386,-9.234,-1.665,-3.293,3.08,1.4,0.63
,-9.213,-1.575,-3.369,-9.174,-1.67,-3.285,3.08,1.19,0.63
,-9.184,-1.598,-3.412,-9.213,-1.584,-3.254,2.8,1.19,0.56
,-9.172,-1.675,-3.364,-9.234,-1.553,-3.264,2.73,1.19,0.7
21730.0,-9.27,-1.563,-3.324,-9.174,-1.711,-3.384,2.52,1.05,0.63
,-9.246,-1.57,-3.331,-9.232,-1.694,-3.297,2.03,0.91,0.56
,-9.201,-1.646,-3.367,-9.234,-1.606,-3.331,1.89,0.77,0.56
,-9.227,-1.687,-3.419,-9.222,-1.548,-3.297,2.31,0.7,0.49
21806.0,-9.227,-1.539,-3.336,-9.246,-1.62,-3.314,2.66,0.77,0.56
,-9.222,-1.62,-3.309,-9.232,-1.582,-3.281,2.03,0.56,0.56
,-9.177,-1.699,-3.293,-9.251,-1.61,-3.218,2.31,0.56,0.63
,-9.222,-1.665,-3.302,-9.206,-1.653,-3.23,3.01,0.7,0.7
21882.0,-9.198,-1.627,-3.166,-9.239,-1.653,-3.242,2.94,0.91,0.7
,-9.191,-1.61,-3.168,-9.237,-1.651,-3.314,2.8,1.05,0.77
,-9.263,-1.646,-3.24,-9.241,-1.589,-3.319,2.73,1.05,0.7
,-9.292,-1.601,-3.257,-9.206,-1.565,-3.408,2.8,1.05,0.77
21958.0,-9.198,-1.639,-3.388,-9.237,-1.62,-3.262,2.1,0.98,0.63
,-9.198,-1.709,-3.41,-9.208,-1.579,-3.283,2.31,0.84,0.7
,-9.21,-1.68,-3.336,-9.206,-1.608,-3.288,3.08,1.05,0.7
,-9.241,-1.618,-3.336,-9.251,-1.563,-3.293,3.71,1.12,0.84
22033.0,-9.208,-1.598,-3.29,-9.253,-1.579,-3.273,2.73,0.77,0.63
,-9.217,-1.622,-3.293,-9.256,-1.57,-3.238,2.59,1.05,0.7
,-9.206,-1.639,-3.226,-9.225,-1.586,-3.302,2.8,1.05,0.7
,-9.225,-1.601,-3.218,-9.249,-1.615,-3.314,3.22,1.12,0.77
22109.0,-9.196,-1.632,-3.372,-9.273,-1.625,-3.288,2.31,0.98,0.63
,-9.194,-1.692,-3.29,-9.203,-1.567,-3.276,2.8,1.19,0.91
,-9.217,-1.637,-3.264,-9.241,-1.606,-3.305,3.43,1.19,0.77
,-9.251,-1.622,-3.247,-9.215,-1.615,-3.35,3.71,1.05,0.7
22184.0,-9.217,-1.675,-3.331,-9.217,-1.622,-3.266,3.08,0.63,0.56
,-9.198,-1.642,-3.35,-9.251,-1.653,-3.197,3.22,0.84,0.77
,-9.232,-1.622,-3.309,-9.232,-1.598,-3.254,3.29,0.77,0.7
,-9.239,-1.63,-3.273,-9.227,-1.651,-3.269,3.29,0.77,0.63
22260.0,-9.217,-1.661,-3.171,-9.198,-1.584,-3.178,2.31,0.84,0.77
,-9.201,-1.716,-3.132,-9.213,-1.579,-3.288,2.38,1.19,0.77
,-9.261,-1.747,-3.147,-9.232,-1.653,-3.362,2.73,1.12,0.77
,-9.296,-1.627,-3.171,-9.186,-1.663,-3.412,3.01,1.26,0.84
22336.0,-9.194,-1.656,-3.419,-9.268,-1.613,-3.166,2.52,1.19,0.98
,-9.234,-1.68,-3.357,-9.234,-1.567,-3.183,3.15,0.98,1.05
,-9.198,-1.646,-3.302,-9.234,-1.553,-3.178,3.57,0.98,1.05
,-9.201,-1.644,-3.266,-9.244,-1.591,-3.206,3.57,1.05,1.05
22412.0,-9.251,-1.608,-3.238,-9.234,-1.634,-3.235,2.1,1.26,0.98
,-9.249,-1.606,-3.262,-9.196,-1.656,-3.161,2.24,1.4,0.84
,-9.246,-1.61,-3.223,-9.229,-1.618,-3.195,2.17,1.33,0.84
,-9.194,-1.601,-3.197,-9.287,-1.551,-3.221,1.96,1.26,0.84
22488.0,-9.229,-1.543,-3.276,-9.239,-1.646,-3.348,1.75,1.61,0.91
,-9.172,-1.598,-3.336,-9.206,-1.586,-3.338,1.47,1.75,0.91
,-9.249,-1.673,-3.362,-9.196,-1.62,-3.262,1.61,1.75,0.98
,-9.229,-1.639,-3.338,-9.229,-1.579,-3.259,2.03,1.82,0.91
22563.0,-9.215,-1.61,-3.202,-9.213,-1.586,-3.233,1.75,1.54,0.84
,-9.253,-1.644,-3.214,-9.213,-1.601,-3.345,1.54,1.54,0.77
,-9.268,-1.653,-3.233,-9.249,-1.634,-3.312,1.82,1.54,0.7
,-9.251,-1.584,-3.228,-9.246,-1.577,-3.364,1.96,1.75,0.77
22639.0,-9.237,-1.589,-3.364,-9.256,-1.618,-3.307,1.68,1.75,0.91
,-9.206,-1.661,-3.372,-9.225,-1.584,-3.321,1.75,1.61,0.84
,-9.189,-1.68,-3.372,-9.263,-1.539,-3.3,2.1,1.68,0.84
,-9.232,-1.644,-3.36,-9.213,-1.615,-3.295,2.52,1.54,0.91
22715.0,-9.249,-1.651,-3.259,-9.249,-1.613,-3.156,2.1,1.12,0.84
,-9.213,-1.622,-3.257,-9.277,-1.591,-3.211,2.38,1.19,0.98
,-9.174,-1.615,-3.235,-9.229,-1.613,-3.278,2.87,1.4,0.98
,-9.194,-1.594,-3.223,-9.225,-1.575,-3.329,2.73,1.47,0.77
22791.0,-9.198,-1.613,-3.362,-9.27,-1.582,-3.307,1.68,1.54,0.98
,-9.206,-1.67,-3.364,-9.258,-1.627,-3.326,1.96,1.4,0.84
,-9.217,-1.685,-3.326,-9.217,-1.618,-3.34,2.52,1.26,0.98
,-9.194,-1.615,-3.29,-9.225,-1.642,-3.403,3.01,1.4,0.91
22866.0,-9.179,-1.634,-3.451,-9.282,-1.539,-3.271,2.87,0.98,0.98
,-9.208,-1.63,-3.4,-9.28,-1.579,-3.278,3.5,0.91,0.91
,-9.232,-1.608,-3.398,-9.208,-1.579,-3.307,3.99,0.98,0.98
,-9.229,-1.555,-3.345,-9.174,-1.606,-3.264,3.92,0.98,1.19
22942.0,-9.21,-1.673,-3.226,-9.215,-1.541,-3.266,2.87,0.77,0.98
,-9.201,-1.639,-3.156,-9.22,-1.584,-3.321,3.08,0.84,0.98
,-9.27,-1.567,-3.161,-9.256,-1.601,-3.297,3.15,0.98,0.98
,-9.27,-1.543,-3.245,-9.232,-1.596,-3.415,2.94,1.12,0.91
23017.0,-9.227,-1.685,-3.345,-9.249,-1.553,-3.187,2.73,1.05,0.84
,-9.22,-1.622,-3.321,-9.261,-1.579,-3.197,3.15,0.98,0.77
,-9.184,-1.62,-3.24,-9.232,-1.627,-3.209,3.29,0.91,0.84
,-9.234,-1.563,-3.238,-9.22,-1.601,-3.19,3.36,1.12,0.91
23093.0,-9.289,-1.622,-3.216,-9.165,-1.56,-3.369,2.17,1.4,0.77
,-9.234,-1.589,-3.293,-9.198,-1.644,-3.352,2.31,1.4,0.7
,-9.227,-1.608,-3.338,-9.206,-1.649,-3.321,2.1,1.26,0.63
,-9.241,-1.589,-3.384,-9.227,-1.61,-3.283,2.17,1.26,0.56
23169.0,-9.246,-1.57,-3.297,-9.282,-1.62,-3.202,2.66,0.91,0.7
,-9.244,-1.582,-3.259,-9.253,-1.577,-3.23,2.8,1.12,0.77
,-9.194,-1.584,-3.202,-9.229,-1.579,-3.257,2.73,1.19,0.84
,-9.227,-1.625,-3.178,-9.201,-1.598,-3.302,2.73,1.05,0.77
23245.0,-9.213,-1.586,-3.307,-9.217,-1.598,-3.352,2.31,1.33,0.84
,-9.256,-1.625,-3.352,-9.203,-1.565,-3.305,2.52,1.4,0.77
,-9.241,-1.613,-3.343,-9.229,-1.584,-3.266,2.38,1.12,0.7
,-9.232,-1.584,-3.338,-9.206,-1.608,-3.226,2.59,1.12,0.77
23321.0,-9.234,-1.615,-3.187,-9.246,-1.584,-3.295,2.87,1.26,0.91
,-9.246,-1.608,-3.183,-9.194,-1.62,-3.293,3.08,1.19,0.91
,-9.27,-1.577,-3.156,-9.177,-1.639,-3.297,2.8,1.26,0.91
,-9.258,-1.524,-3.185,-9.194,-1.675,-3.288,2.31,1.26,0.77
23396.0,-9.263,-1.653,-3.254,-9.213,-1.57,-3.336,3.01,1.4,0.77
,-9.261,-1.608,-3.214,-9.208,-1.572,-3.417,3.08,1.33,0.91
,-9.253,-1.546,-3.247,-9.246,-1.625,-3.41,3.01,1.4,0.91
,-9.253,-1.567,-3.317,-9.196,-1.637,-3.326,2.73,1.33,0.91
23472.0,-9.215,-1.594,-3.259,-9.191,-1.637,-3.192,3.08,1.19,0.77
,-9.215,-1.575,-3.187,-9.227,-1.613,-3.142,3.22,1.05,0.84
,-9.251,-1.56,-3.147,-9.232,-1.67,-3.173,2.66,1.12,0.7
,-9.227,-1.579,-3.18,-9.21,-1.61,-3.151,2.24,1.26,0.7
23548.0,-9.32,-1.575,-3.132,-9.21,-1.618,-3.36,2.66,2.17,0.77
,-9.294,-1.575,-3.183,-9.222,-1.673,-3.427,2.31,2.17,0.7
,-9.263,-1.553,-3.228,-9.215,-1.658,-3.403,1.89,2.03,0.63
,-9.239,-1.596,-3.314,-9.206,-1.632,-3.384,1.61,1.89,0.56
23624.0,-9.234,-1.553,-3.348,-9.194,-1.63,-3.352,2.94,2.03,0.77
,-9.249,-1.555,-3.297,-9.234,-1.663,-3.355,2.66,1.75,0.7
,-9.251,-1.558,-3.309,-9.213,-1.625,-3.364,2.17,1.54,0.56
,-9.229,-1.598,-3.309,-9.196,-1.644,-3.355,1.82,1.61,0.63
23699.0,-9.222,-1.649,-3.338,-9.241,-1.594,-3.408,2.94,1.33,0.7
,-9.208,-1.634,-3.348,-9.22,-1.572,-3.364,3.15,1.19,0.7
,-9.201,-1.61,-3.314,-9.225,-1.572,-3.355,3.08,1.47,0.91
,-9.237,-1.579,-3.364,-9.249,-1.582,-3.34,3.08,1.33,0.84
23775.0,-9.22,-1.584,-3.252,-9.249,-1.618,-3.199,3.36,0.91,0.77
,-9.277,-1.577,-3.238,-9.237,-1.653,-3.24,3.5,0.91,0.7
,-9.234,-1.577,-3.23,-9.215,-1.649,-3.24,3.29,0.91,0.7
,-9.241,-1.608,-3.197,-9.277,-1.594,-3.271,3.22,1.05,0.63
23850.0,-9.194,-1.584,-3.362,-9.201,-1.582,-3.295,2.94,1.12,0.49
,-9.213,-1.594,-3.338,-9.215,-1.598,-3.226,2.66,1.12,0.56
,-9.213,-1.608,-3.348,-9.208,-1.615,-3.218,2.73,0.91,0.56
,-9.213,-1.649,-3.321,-9.232,-1.632,-3.254,2.94,0.91,0.49
23926.0,-9.203,-1.625,-3.29,-9.177,-1.658,-3.285,1.82,0.77,0.49
,-9.261,-1.665,-3.273,-9.251,-1.565,-3.321,2.03,0.84,0.49
,-9.234,-1.663,-3.276,-9.217,-1.563,-3.35,2.31,0.98,0.7
,-9.203,-1.646,-3.352,-9.232,-1.584,-3.352,2.38,0.77,0.77
24002.0,-9.225,-1.646,-3.314,-9.28,-1.563,-3.24,1.75,0.42,0.7
,-9.244,-1.606,-3.348,-9.225,-1.56,-3.295,2.52,0.56,0.7
,-9.261,-1.608,-3.214,-9.237,-1.567,-3.192,2.24,0.63,0.7
,-9.256,-1.661,-3.175,-9.284,-1.646,-3.321,2.24,0.56,0.77
24078.0,-9.198,-1.651,-3.254,-9.237,-1.625,-3.314,1.89,0.7,0.63
,-9.234,-1.622,-3.329,-9.206,-1.646,-3.221,2.24,0.63,0.56
,-9.17,-1.613,-3.159,-9.241,-1.653,-3.324,1.89,0.91,0.7
,-9.273,-1.673,-3.305,-9.201,-1.601,-3.218,2.1,0.7,0.77
24153.0,-9.292,-1.653,-3.173,-9.213,-1.677,-2.879,2.24,0.91,0.84
,-9.258,-1.649,-3.068,-9.27,-1.608,-2.781,2.73,1.12,0.98
,-9.217,-1.598,-2.895,-9.328,-1.498,-2.994,2.94,1.4,0.91
,-9.263,-1.699,-2.938,-9.203,-1.493,-3.027,2.66,1.61,0.77
24229.0,-9.186,-1.555,-3.056,-9.273,-1.436,-3.075,0.91,3.22,0.7
,-9.174,-1.51,-3.01,-9.229,-1.539,-3.271,1.05,3.64,0.63
,-9.265,-1.438,-2.996,-9.143,-1.663,-3.302,1.05,3.92,0.56
,-9.289,-1.395,-3.017,-9.203,-1.764,-3.508,-0.14,4.13,0.35
24305.0,-9.155,-1.888,-3.707,-9.268,-1.687,-3.69,-1.47,3.85,0.28
,-9.1,-2.034,-3.661,-9.179,-1.613,-3.64,-0.35,3.99,0.77
,-9.086,-1.888,-3.735,-9.217,-1.577,-3.649,2.17,4.06,1.12
,-9.148,-1.821,-3.743,-9.103,-1.582,-3.609,3.92,3.71,1.4
24381.0,-9.105,-1.639,-3.357,-9.136,-1.486,-2.735,5.04,2.24,2.03
,-9.129,-1.613,-3.195,-9.299,-1.34,-2.862,6.02,2.38,2.1
,-9.158,-1.586,-3.056,-9.222,-1.17,-3.139,6.37,2.52,2.03
,-9.172,-1.512,-2.919,-9.167,-1.292,-3.089,6.37,2.87,2.03
24457.0,-9.136,-1.529,-3.154,-9.265,-1.481,-3.429,0.35,3.85,0.98
,-9.136,-1.809,-3.192,-9.308,-1.407,-3.659,0.7,4.34,0.98
,-9.323,-1.78,-3.163,-9.167,-1.474,-3.498,2.52,4.76,1.05
,-9.39,-1.572,-3.453,-9.146,-1.522,-3.436,2.94,4.27,1.05
24532.0,-9.165,-1.524,-3.453,-9.203,-1.821,-3.455,-2.38,2.17,0.35
,-9.103,-1.57,-3.228,-9.048,-1.807,-3.716,-3.29,2.31,0.49
,-9.249,-1.589,-3.336,-8.911,-1.869,-3.515,-3.71,2.24,0.63
,-9.072,-1.675,-3.384,-9.155,-1.788,-3.367,-4.34,2.17,0.7
24608.0,-9.222,-1.692,-3.159,-9.258,-1.254,-3.558,0.98,3.22,1.75
,-9.335,-1.531,-2.891,-9.122,-1.362,-3.668,1.75,3.92,2.03
,-9.471,-1.431,-3.173,-8.942,-1.541,-3.558,-0.56,2.73,1.54
,-9.239,-1.347,-3.309,-9.036,-1.57,-3.139,-3.22,1.26,1.12
24683.0,-9.306,-1.493,-3.053,-9.093,-1.452,-3.245,-3.57,2.8,0.56
,-9.273,-1.414,-2.919,-9.182,-1.563,-3.223,-4.34,2.66,0.28
,-9.524,-1.275,-3.003,-9.194,-1.508,-3.506,-5.46,1.75,0.14
,-9.294,-1.268,-3.319,-8.93,-1.388,-3.422,-8.82,0.28,-0.07
24759.0,-9.112,-1.393,-3.206,-9.045,-1.244,-2.706,-3.43,2.66,0.14
,-9.217,-1.476,-3.199,-9.313,-1.079,-3.173,-3.36,2.52,0.0
,-9.275,-1.467,-2.962,-9.206,-1.125,-3.331,-2.66,2.31,0.14
,-9.241,-1.46,-3.037,-9.131,-1.347,-3.396,-2.24,1.96,0.28
24835.0,-8.954,-1.622,-3.518,-9.234,-1.833,-3.384,-11.34,3.85,-0.28
,-8.861,-1.962,-3.441,-9.153,-1.63,-3.415,-9.59,5.53,0.35
,-8.83,-2.079,-3.398,-8.961,-1.543,-3.498,-5.11,6.79,0.98
,-9.158,-1.974,-3.419,-9.026,-1.606,-3.13,-0.7,7.21,1.47
24911.0,-9.036,-1.551,-3.099,-9.232,-0.818,-3.632,5.81,11.06,2.38
,-8.981,-1.232,-2.663,-9.043,-1.115,-3.386,8.47,12.95,2.03
,-9.373,-1.036,-3.166,-8.911,-1.388,-3.355,7.91,12.11,1.26
,-9.28,-0.677,-3.348,-8.887,-1.634,-3.697,5.11,11.62,0.42
24986.0,-9.086,-1.955,-3.838,-8.806,-1.776,-3.379,-4.69,8.96,0.49
,-9.057,-2.103,-3.884,-8.775,-1.46,-2.994,-4.06,9.66,0.77
,-8.921,-2.19,-3.719,-9.148,-1.089,-3.171,-3.29,10.57,1.4
,-8.801,-2.099,-3.46,-9.423,-1.012,-3.544,-0.56,12.74,2.1
25062.0,-9.215,-1.117,-3.874,-9.1,-1.29,-3.747,-5.32,14.98,3.29
,-8.894,-1.287,-3.754,-9.117,-1.122,-4.094,-7.21,16.1,4.06
,-8.832,-1.397,-3.714,-8.964,-0.823,-4.338,-5.6,16.52,3.85
,-8.892,-1.335,-3.74,-8.753,-0.893,-4.355,-2.8,16.52,3.01
25138.0,-8.827,-1.058,-4.008,-8.504,-0.34,-4.547,-0.07,16.59,0.77
,-9.349,-0.998,-4.056,-8.504,-0.761,-4.365,0.63,15.12,0.07
,-9.282,-0.797,-4.252,-8.78,-1.441,-4.221,0.21,13.23,-0.7
,-9.229,-0.426,-4.365,-9.158,-1.881,-4.07,-1.75,10.36,-0.7
25214.0,-9.174,-1.996,-4.314,-8.777,-2.151,-4.362,-10.08,13.37,-1.12
,-8.823,-1.859,-4.582,-9.124,-2.3,-4.178,-5.95,12.95,-1.19
,-8.641,-1.847,-4.709,-8.82,-2.225,-4.448,-1.96,13.37,-1.05
,-8.536,-2.022,-4.532,-8.631,-2.218,-4.513,-0.07,14.0,-0.63
25290.0,-8.476,-2.211,-4.659,-8.973,-1.409,-4.386,3.71,12.6,4.9
,-8.342,-2.163,-4.506,-8.875,-1.213,-4.625,4.34,13.65,5.6
,-8.588,-2.022,-4.355,-8.856,-1.295,-4.554,5.81,14.0,6.09
,-8.875,-1.744,-4.384,-8.899,-1.354,-4.757,6.09,14.07,6.72
25365.0,-8.854,-1.359,-4.702,-8.926,-0.692,-4.712,2.1,12.95,7.91
,-8.966,-1.448,-4.611,-8.959,-0.278,-4.628,3.5,12.74,7.42
,-8.83,-1.273,-4.606,-8.538,-0.203,-5.035,6.16,12.81,6.37
,-8.878,-1.086,-4.549,-8.593,-0.302,-4.81,9.17,12.53,5.04
25441.0,-8.756,-0.462,-4.848,-8.464,-2.051,-4.702,-0.14,7.84,2.38
,-8.564,-0.68,-4.896,-8.495,-2.496,-4.609,-2.03,7.63,1.82
,-8.622,-1.055,-4.826,-8.567,-2.467,-4.625,-3.36,7.7,2.03
,-8.677,-1.649,-4.652,-8.794,-2.12,-4.637,-4.55,7.21,2.8
25516.0,-8.818,-1.4,-4.714,-8.634,-0.773,-4.826,7.77,7.7,3.71
,-8.806,-0.852,-4.944,-8.679,-0.84,-4.771,7.21,7.0,3.57
,-8.806,-0.651,-4.877,-8.612,-0.811,-4.47,4.2,6.72,3.71
,-8.818,-0.625,-4.75,-8.562,-0.589,-4.714,1.96,6.72,3.99
25592.0,-8.643,-1.084,-4.417,-8.485,-1.218,-5.004,1.68,6.86,1.82
,-8.928,-1.421,-4.326,-8.605,-1.017,-4.913,2.38,6.37,1.89
,-8.547,-1.594,-4.444,-8.612,-0.835,-5.075,4.13,6.58,1.61
,-8.662,-1.531,-4.647,-8.634,-0.821,-5.147,7.0,6.86,1.12
25668.0,-8.634,-0.759,-5.257,-8.552,-0.751,-5.054,7.63,7.49,0.98
,-8.691,-0.948,-4.944,-8.454,-0.998,-5.049,7.28,6.23,1.12
,-8.684,-0.881,-4.874,-8.727,-1.395,-4.702,7.56,6.02,0.91
,-8.648,-0.677,-5.209,-8.82,-1.137,-5.181,5.95,5.32,0.63
25744.0,-8.655,-1.295,-4.992,-9.06,-1.184,-5.15,2.1,3.64,-0.98
,-8.425,-1.496,-5.054,-8.715,-1.244,-5.087,2.1,3.29,-0.91
,-8.344,-1.472,-5.24,-8.232,-1.744,-4.915,3.57,3.78,-1.33
,-8.66,-1.122,-5.449,-8.179,-2.223,-4.963,5.18,4.27,-2.31
25819.0,-8.394,-2.285,-4.824,-8.595,-1.206,-4.872,6.09,4.97,1.75
,-8.693,-2.127,-4.635,-8.564,-0.94,-5.083,8.12,5.6,2.24
,-8.643,-1.675,-4.85,-8.626,-0.637,-5.425,9.73,5.6,2.52
,-8.612,-1.45,-4.733,-8.76,-0.924,-5.396,8.54,5.81,2.8
25895.0,-8.617,-0.854,-5.092,-8.552,-1.572,-5.095,4.34,2.87,1.19
,-8.607,-0.976,-5.343,-8.43,-1.668,-5.03,4.41,2.73,1.26
,-8.497,-1.362,-5.293,-8.466,-1.661,-5.008,4.27,2.87,1.47
,-8.586,-1.637,-5.133,-8.435,-1.579,-5.075,5.81,2.87,1.61
25971.0,-8.488,-1.311,-5.245,-8.545,-1.484,-5.142,6.65,0.42,3.22
,-8.48,-1.342,-5.288,-8.536,-1.859,-4.788,5.39,0.42,3.36
,-8.466,-1.417,-5.274,-8.445,-1.735,-4.494,5.04,0.42,3.71
,-8.519,-1.328,-5.262,-8.385,-1.366,-4.515,5.11,0.35,3.99
26047.0,-8.43,-0.912,-4.719,-8.469,-0.553,-4.893,8.47,1.68,5.39
,-8.806,-0.672,-4.867,-8.524,-0.842,-4.896,7.21,2.17,4.62
,-8.921,-0.474,-4.891,-8.457,-1.287,-4.786,5.81,1.96,3.64
,-8.576,-0.481,-4.989,-8.492,-1.486,-4.92,4.76,2.24,2.8
26122.0,-8.538,-1.589,-4.877,-8.598,-1.314,-5.126,0.56,3.71,3.15
,-8.418,-1.866,-4.676,-8.729,-1.211,-5.212,0.63,4.69,3.29
,-8.447,-1.687,-4.913,-8.708,-1.129,-5.092,0.98,5.18,3.36
,-8.636,-1.5,-4.917,-8.598,-0.986,-5.205,0.77,5.39,3.57
26198.0,-8.385,-0.771,-5.26,-8.67,-0.747,-5.025,-2.52,4.9,3.99
,-8.318,-0.61,-5.178,-8.839,-0.742,-5.157,-2.94,5.32,3.5
,-8.437,-0.526,-5.221,-8.878,-0.938,-4.937,-3.5,5.32,3.36
,-8.559,-0.634,-5.262,-8.595,-0.995,-4.898,-4.9,4.83,2.8
26274.0,-8.291,-1.12,-5.049,-8.957,-1.441,-4.996,-6.37,3.15,-1.05
,-8.33,-1.232,-5.037,-8.775,-1.464,-5.059,-6.72,3.5,-0.84
,-8.662,-1.228,-5.157,-8.509,-1.412,-5.035,-5.88,3.36,-0.91
,-9.014,-1.192,-5.138,-8.349,-1.395,-5.039,-5.32,3.08,-1.54
26349.0,-8.26,-1.45,-5.2,-8.282,-1.486,-5.351,-7.35,-0.07,0.35
,-8.447,-1.594,-5.044,-8.428,-1.438,-5.377,-7.35,0.07,0.98
,-8.564,-1.529,-5.083,-8.512,-1.266,-5.379,-7.14,0.0,1.89
,-8.433,-1.455,-5.252,-8.701,-1.18,-5.327,-7.28,-0.07,2.8
26425.0,-8.741,-1.01,-5.257,-8.512,-1.146,-5.37,-4.83,-1.4,3.5
,-8.653,-0.883,-5.252,-8.485,-1.316,-5.31,-4.9,-2.1,3.57
,-8.559,-0.931,-5.233,-8.476,-1.232,-5.461,-5.95,-3.22,3.85
,-8.547,-0.938,-5.367,-8.6,-1.129,-5.468,-7.21,-4.06,4.06
26501.0,-8.619,-1.144,-5.568,-8.696,-0.928,-5.114,2.31,-4.76,1.68
,-8.746,-1.165,-5.413,-8.753,-0.852,-5.104,4.2,-4.76,1.19
,-8.646,-1.043,-5.331,-8.267,-0.938,-5.229,6.51,-4.2,0.49
,-8.691,-0.859,-5.492,-8.162,-1.156,-5.291,8.68,-4.34,-0.56
26577.0,-8.449,-1.345,-5.219,-8.461,-0.797,-5.116,7.42,-6.37,0.77
,-8.942,-1.242,-5.095,-8.267,-0.881,-5.047,10.99,-6.86,0.35
,-8.969,-0.986,-5.133,-8.291,-0.89,-5.083,13.16,-7.14,0.07
,-8.748,-0.847,-4.891,-8.49,-0.976,-4.946,14.28,-6.02,-0.07
26652.0,-8.942,-1.058,-4.606,-8.851,-0.682,-4.563,10.64,-7.42,0.91
,-8.777,-0.677,-4.666,-8.65,-0.62,-4.659,9.8,-10.08,1.12
,-8.466,-0.586,-4.757,-8.631,-0.713,-4.683,8.12,-10.78,0.91
,-8.681,-0.73,-4.41,-8.689,-0.732,-4.69,5.53,-11.2,0.91
26728.0,-8.691,-0.804,-4.535,-8.717,-1.228,-4.377,4.9,-11.62,-1.05
,-8.67,-0.763,-4.599,-8.734,-1.536,-4.365,6.51,-10.43,-2.17
,-8.559,-0.881,-4.606,-8.61,-1.292,-4.491,7.35,-8.68,-2.59
,-8.665,-1.084,-4.463,-8.78,-1.177,-4.424,8.05,-6.93,-2.73
26804.0,-8.715,-1.091,-4.429,-8.868,-0.981,-4.439,10.71,-9.66,-1.12
,-8.703,-1.091,-4.314,-8.777,-0.948,-4.42,8.47,-9.87,-0.77
,-8.808,-0.993,-4.398,-8.799,-1.024,-4.398,6.93,-10.43,-0.35
,-8.796,-0.993,-4.444,-8.741,-1.103,-4.451,5.04,-10.5,-0.42
26880.0,-8.674,-1.194,-4.413,-9.024,-1.132,-4.396,3.57,-8.4,-0.91
,-8.818,-1.247,-4.503,-8.985,-1.067,-4.338,5.18,-8.19,-0.91
,-8.772,-1.261,-4.558,-8.952,-1.041,-4.424,6.79,-7.91,-1.12
,-8.794,-1.201,-4.441,-8.794,-1.192,-4.556,8.75,-7.07,-1.33
26955.0,-8.703,-1.323,-4.46,-9.019,-1.419,-4.269,3.85,-9.38,-0.98
,-8.665,-1.534,-4.269,-8.892,-1.23,-4.535,4.2,-8.54,-0.77
,-8.89,-1.606,-4.099,-8.789,-1.106,-4.724,5.18,-7.98,-0.35
,-8.983,-1.546,-4.14,-8.768,-0.986,-4.597,6.3,-8.54,0.28
27031.0,-8.782,-1.055,-4.408,-9.179,-1.072,-3.79,7.98,-10.36,0.7
,-8.909,-1.153,-3.932,-9.103,-1.115,-4.066,8.05,-10.57,0.21
,-9.081,-1.022,-3.912,-9.014,-1.251,-4.008,7.98,-11.48,-0.49
,-9.184,-1.094,-3.666,-9.012,-1.249,-3.896,6.09,-12.39,-0.56
27106.0,-8.911,-1.235,-3.812,-9.043,-1.287,-3.704,5.46,-13.58,-1.75
,-8.914,-1.043,-3.783,-9.344,-1.498,-3.64,5.67,-13.51,-1.47
,-9.0,-0.952,-3.778,-9.093,-1.646,-3.644,4.06,-14.35,-1.26
,-8.997,-1.036,-3.776,-8.976,-1.555,-3.415,2.03,-14.7,-1.05
27182.0,-8.909,-1.452,-3.357,-9.055,-1.575,-3.553,4.83,-12.53,-0.63
,-9.055,-1.467,-3.606,-9.103,-1.388,-3.403,4.69,-12.95,-0.7
,-9.038,-1.527,-3.458,-9.105,-1.115,-3.434,3.99,-12.6,-0.49
,-9.048,-1.615,-3.475,-9.098,-0.964,-3.537,4.13,-11.76,0.35
27258.0,-9.06,-1.007,-3.151,-9.27,-1.187,-3.12,6.16,-10.43,0.28
,-9.225,-1.235,-2.955,-9.095,-1.24,-3.206,5.32,-9.59,0.35
,-9.198,-1.244,-2.984,-9.282,-1.426,-3.111,5.81,-9.03,-0.14
,-9.091,-1.263,-2.871,-9.182,-1.409,-2.852,5.88,-8.47,-0.28
27334.0,-9.292,-1.261,-2.73,-9.0,-1.491,-3.381,6.93,-4.9,-0.77
,-9.256,-0.983,-3.017,-9.024,-1.709,-3.415,5.88,-5.32,-1.33
,-9.129,-0.869,-3.142,-9.067,-1.627,-3.089,2.87,-6.02,-1.61
,-9.043,-1.182,-3.362,-9.32,-1.251,-3.163,-0.98,-6.23,-1.47
27410.0,-9.246,-1.007,-2.962,-9.208,-1.216,-3.577,8.47,-2.66,-1.19
,-9.514,-0.933,-3.015,-9.17,-1.364,-3.436,7.07,-2.52,-1.33
,-9.454,-0.885,-3.465,-9.225,-1.369,-3.36,3.78,-3.43,-1.96
,-9.146,-0.991,-3.463,-9.483,-1.161,-3.424,1.96,-3.22,-2.03
27485.0,-9.282,-1.039,-3.537,-9.131,-1.45,-2.948,5.25,-4.2,-3.15
,-9.249,-1.067,-3.563,-9.232,-1.534,-2.62,3.92,-4.48,-3.22
,-9.155,-1.213,-3.53,-9.347,-1.512,-2.51,2.17,-4.55,-3.15
,-9.155,-1.426,-3.302,-9.478,-1.395,-2.596,2.31,-4.2,-3.29
27561.0,-9.323,-1.235,-2.888,-9.186,-1.431,-3.037,2.94,-2.31,-3.43
,-9.203,-1.295,-2.922,-9.261,-1.45,-2.776,1.33,-1.54,-3.22
,-9.201,-1.378,-3.159,-9.256,-1.596,-2.515,1.33,-0.91,-2.94
,-9.122,-1.515,-3.128,-9.383,-1.57,-2.412,2.87,0.21,-2.87
27637.0,-9.344,-1.297,-2.927,-9.22,-1.61,-3.171,6.51,2.94,-2.73
,-9.296,-1.452,-2.819,-9.234,-1.675,-3.017,3.71,3.29,-2.8
,-9.22,-1.347,-3.123,-9.27,-1.618,-2.821,2.73,3.78,-2.73
,-9.244,-1.455,-3.226,-9.416,-1.476,-2.852,1.96,4.06,-2.73
27713.0,-9.459,-1.385,-3.209,-8.993,-1.996,-4.015,2.66,5.11,-2.87
,-9.234,-1.374,-3.544,-9.064,-1.998,-3.587,-0.07,4.41,-2.94
,-9.115,-1.539,-3.982,-9.237,-1.862,-3.254,-2.17,3.64,-2.87
,-8.973,-1.835,-4.161,-9.507,-1.632,-3.288,-0.98,3.43,-2.59
27788.0,-9.418,-1.493,-3.422,-8.945,-1.936,-3.587,5.81,2.73,-1.19
,-9.136,-1.546,-3.63,-9.232,-1.778,-3.372,2.38,1.89,-1.12
,-8.993,-1.84,-3.711,-9.289,-1.563,-3.178,0.49,1.61,-0.84
,-8.935,-2.065,-3.769,-9.244,-1.448,-3.087,2.17,1.68,-0.49
27864.0,-9.313,-1.515,-3.106,-9.122,-1.756,-3.183,2.52,1.47,0.07
,-9.246,-1.582,-3.156,-9.227,-1.57,-3.187,1.12,1.26,0.07
,-9.206,-1.632,-3.271,-9.22,-1.378,-3.319,1.26,1.61,0.21
,-9.153,-1.766,-3.23,-9.165,-1.402,-3.156,1.96,2.03,0.28
27939.0,-9.304,-1.496,-3.211,-9.15,-1.685,-3.63,-0.84,2.24,-0.07
,-9.323,-1.61,-3.479,-9.186,-1.646,-3.606,-2.31,1.75,-0.21
,-9.17,-1.716,-3.472,-9.162,-1.67,-3.501,-2.73,1.75,0.07
,-9.217,-1.663,-3.563,-9.148,-1.675,-3.348,-1.33,1.75,0.21
28015.0,-9.265,-1.586,-3.393,-9.11,-1.761,-3.326,2.73,1.75,0.63
,-9.32,-1.46,-3.35,-9.172,-1.78,-3.281,2.17,1.26,0.42
,-9.201,-1.448,-3.364,-9.232,-1.766,-3.369,0.42,0.91,0.49
,-9.165,-1.594,-3.396,-9.134,-1.752,-3.288,-0.77,0.98,0.7
28091.0,-9.213,-1.675,-3.266,-9.182,-1.658,-3.575,3.01,1.82,1.47
,-9.294,-1.613,-3.324,-9.069,-1.725,-3.415,3.01,1.89,1.54
,-9.294,-1.517,-3.484,-9.083,-1.699,-3.3,2.66,1.75,1.68
,-9.198,-1.529,-3.551,-9.184,-1.589,-3.192,1.96,1.54,1.68
28167.0,-9.313,-1.503,-3.101,-9.201,-1.553,-3.211,4.41,2.24,1.96
,-9.289,-1.464,-3.197,-9.225,-1.486,-3.24,3.22,2.24,1.82
,-9.217,-1.527,-3.175,-9.225,-1.488,-3.285,2.24,2.03,1.75
,-9.148,-1.469,-3.269,-9.246,-1.543,-3.355,2.45,2.38,1.68
28242.0,-9.194,-1.625,-3.376,-9.174,-1.412,-3.644,2.17,3.01,1.47
,-9.124,-1.606,-3.419,-9.174,-1.551,-3.685,2.66,3.29,1.54
,-9.189,-1.57,-3.537,-9.093,-1.63,-3.618,3.08,3.15,1.4
,-9.229,-1.524,-3.565,-9.134,-1.704,-3.606,3.15,3.01,1.33
28318.0,-9.143,-1.665,-3.525,-9.21,-1.524,-3.367,5.6,2.45,1.68
,-9.234,-1.534,-3.46,-9.201,-1.524,-3.314,6.02,2.24,1.68
,-9.213,-1.455,-3.424,-9.215,-1.5,-3.257,5.32,1.96,1.82
,-9.16,-1.51,-3.376,-9.222,-1.539,-3.29,4.48,2.03,1.75
28394.0,-9.213,-1.567,-3.467,-9.139,-1.634,-3.647,3.01,1.89,1.54
,-9.146,-1.543,-3.561,-9.148,-1.536,-3.649,3.01,1.96,1.54
,-9.134,-1.563,-3.68,-9.186,-1.491,-3.556,2.94,1.75,1.68
,-9.095,-1.653,-3.723,-9.268,-1.474,-3.436,3.36,1.61,1.61
28470.0,-9.217,-1.498,-3.309,-9.21,-1.541,-3.288,3.64,0.77,1.47
,-9.194,-1.524,-3.262,-9.206,-1.479,-3.381,3.36,0.91,1.47
,-9.191,-1.591,-3.137,-9.15,-1.551,-3.379,3.15,1.12,1.54
,-9.277,-1.56,-3.173,-9.203,-1.464,-3.427,3.22,1.19,1.61
28546.0,-9.251,-1.445,-3.482,-9.076,-1.642,-3.644,2.8,1.26,1.19
,-9.222,-1.381,-3.458,-9.129,-1.622,-3.53,2.17,1.26,1.19
,-9.182,-1.469,-3.604,-9.158,-1.658,-3.374,1.05,0.63,1.05
,-9.107,-1.563,-3.604,-9.249,-1.56,-3.357,1.19,0.63,1.05
28621.0,-9.249,-1.412,-3.477,-9.1,-1.649,-3.597,4.48,0.42,1.4
,-9.28,-1.433,-3.51,-9.215,-1.591,-3.577,3.22,0.0,1.26
,-9.179,-1.505,-3.57,-9.189,-1.51,-3.515,2.1,-0.28,1.12
,-9.146,-1.565,-3.697,-9.215,-1.385,-3.362,2.17,-0.28,1.12
28697.0,-9.263,-1.352,-3.25,-9.273,-1.61,-3.008,5.18,-0.42,1.26
,-9.21,-1.457,-3.283,-9.289,-1.443,-3.01,3.57,-0.63,1.05
,-9.134,-1.529,-3.178,-9.294,-1.424,-3.137,2.45,-0.42,0.91
,-9.143,-1.622,-3.025,-9.184,-1.484,-3.23,2.1,0.21,0.98
28772.0,-9.184,-1.541,-3.352,-9.215,-1.603,-3.484,1.54,0.91,0.77
,-9.158,-1.555,-3.458,-9.244,-1.541,-3.47,2.1,0.98,0.7
,-9.186,-1.577,-3.51,-9.239,-1.464,-3.458,2.45,0.91,0.77
,-9.179,-1.594,-3.465,-9.189,-1.469,-3.398,3.01,1.12,0.84
28848.0,-9.158,-1.505,-3.281,-9.289,-1.481,-3.285,3.5,0.7,0.91
,-9.261,-1.5,-3.264,-9.177,-1.601,-3.314,3.85,0.84,0.77
,-9.325,-1.443,-3.262,-9.191,-1.656,-3.384,3.43,0.84,0.63
,-9.287,-1.431,-3.206,-9.215,-1.594,-3.422,2.52,0.98,0.56
28924.0,-9.122,-1.563,-3.408,-9.22,-1.508,-3.477,3.22,1.19,0.7
,-9.206,-1.546,-3.398,-9.256,-1.579,-3.58,3.15,1.26,0.84
,-9.186,-1.591,-3.446,-9.189,-1.555,-3.568,2.73,1.12,0.63
,-9.165,-1.57,-3.455,-9.148,-1.586,-3.479,2.66,0.98,0.84
29000.0,-9.162,-1.634,-3.405,-9.27,-1.445,-3.089,4.27,0.28,0.98
,-9.225,-1.529,-3.238,-9.246,-1.462,-3.24,4.97,0.7,1.05
,-9.263,-1.491,-3.183,-9.229,-1.529,-3.367,4.69,1.05,1.05
,-9.292,-1.429,-3.144,-9.186,-1.529,-3.443,4.06,0.91,0.98
29075.0,-9.249,-1.515,-3.506,-9.229,-1.536,-3.338,3.08,0.63,0.56
,-9.196,-1.524,-3.508,-9.256,-1.551,-3.331,3.01,0.63,0.63
,-9.148,-1.5,-3.458,-9.251,-1.503,-3.297,3.01,0.84,0.63
,-9.174,-1.524,-3.391,-9.225,-1.505,-3.297,3.01,0.7,0.63
29151.0,-9.194,-1.481,-3.29,-9.227,-1.508,-3.297,3.36,0.91,0.49
,-9.244,-1.543,-3.269,-9.206,-1.517,-3.345,3.22,0.91,0.42
,-9.232,-1.555,-3.238,-9.186,-1.56,-3.393,3.22,1.12,0.35
,-9.234,-1.529,-3.295,-9.158,-1.563,-3.431,3.29,0.84,0.49
29226.0,-9.15,-1.622,-3.408,-9.229,-1.57,-3.273,2.94,0.91,0.49
,-9.155,-1.594,-3.357,-9.22,-1.572,-3.226,3.15,0.91,0.49
,-9.237,-1.541,-3.271,-9.21,-1.579,-3.348,3.5,1.12,0.56
,-9.275,-1.536,-3.283,-9.186,-1.615,-3.319,3.36,1.12,0.49
29302.0,-9.191,-1.56,-3.362,-9.191,-1.567,-3.273,3.29,1.33,0.56
,-9.22,-1.586,-3.357,-9.251,-1.546,-3.25,3.36,1.33,0.63
,-9.189,-1.56,-3.355,-9.198,-1.563,-3.276,3.36,1.33,0.63
,-9.227,-1.579,-3.262,-9.191,-1.575,-3.285,3.36,1.33,0.7
29378.0,-9.215,-1.57,-3.259,-9.155,-1.56,-3.47,2.45,1.68,0.63
,-9.186,-1.565,-3.278,-9.217,-1.615,-3.498,2.66,1.47,0.63
,-9.249,-1.541,-3.364,-9.184,-1.644,-3.498,2.52,1.4,0.63
,-9.217,-1.546,-3.393,-9.206,-1.649,-3.396,2.45,1.4,0.77
29454.0,-9.196,-1.642,-3.321,-9.208,-1.563,-3.324,3.36,1.05,1.05
,-9.253,-1.56,-3.288,-9.225,-1.529,-3.305,3.22,0.91,1.12
,-9.229,-1.534,-3.235,-9.174,-1.651,-3.259,2.94,0.98,1.19
,-9.241,-1.551,-3.276,-9.184,-1.637,-3.281,2.59,1.12,1.19
29530.0,-9.203,-1.56,-3.254,-9.182,-1.565,-3.475,3.22,1.4,1.26
,-9.313,-1.505,-3.269,-9.146,-1.603,-3.453,3.08,1.26,1.26
,-9.244,-1.472,-3.329,-9.174,-1.582,-3.403,2.17,1.19,1.33
,-9.222,-1.519,-3.465,-9.237,-1.488,-3.293,1.61,1.05,1.19
29605.0,-9.342,-1.508,-3.245,-9.237,-1.572,-3.362,3.57,1.12,1.33
,-9.239,-1.5,-3.197,-9.215,-1.553,-3.338,2.59,1.12,1.33
,-9.201,-1.534,-3.19,-9.196,-1.539,-3.329,1.96,1.05,1.26
,-9.215,-1.572,-3.309,-9.198,-1.541,-3.326,2.1,1.19,1.26
29681.0,-9.273,-1.476,-3.317,-9.182,-1.586,-3.3,2.45,1.12,1.19
,-9.249,-1.474,-3.419,-9.268,-1.539,-3.283,1.47,0.91,1.05
,-9.143,-1.5,-3.352,-9.241,-1.481,-3.271,0.98,1.05,1.05
,-9.194,-1.618,-3.379,-9.251,-1.467,-3.254,1.4,1.12,1.05
29757.0,-9.237,-1.464,-3.326,-9.282,-1.536,-3.364,2.24,1.19,1.05
,-9.21,-1.522,-3.333,-9.237,-1.555,-3.314,1.89,1.26,0.91
,-9.21,-1.563,-3.3,-9.249,-1.5,-3.326,1.89,1.4,0.98
,-9.241,-1.591,-3.302,-9.244,-1.503,-3.324,2.03,1.47,0.91
29833.0,-9.227,-1.505,-3.319,-9.129,-1.572,-3.429,1.47,1.26,0.77
,-9.215,-1.488,-3.441,-9.194,-1.565,-3.352,1.47,1.05,0.7
,-9.239,-1.541,-3.465,-9.301,-1.524,-3.3,1.54,1.12,0.7
,-9.17,-1.577,-3.431,-9.263,-1.486,-3.302,1.96,0.98,0.7
29908.0,-9.198,-1.505,-3.324,-9.239,-1.474,-3.372,1.96,0.98,0.7
,-9.215,-1.567,-3.36,-9.265,-1.46,-3.415,1.75,0.84,0.56
,-9.184,-1.61,-3.336,-9.277,-1.455,-3.379,2.1,1.05,0.56
,-9.222,-1.536,-3.329,-9.167,-1.515,-3.4,2.66,1.19,0.7
29984.0,-9.158,-1.613,-3.336,-9.289,-1.405,-3.317,2.31,0.98,0.7
,-9.139,-1.653,-3.187,-9.227,-1.491,-3.314,2.8,1.19,0.84
,-9.263,-1.589,-3.199,-9.222,-1.541,-3.477,3.57,1.33,0.7
,-9.287,-1.472,-3.226,-9.167,-1.606,-3.494,3.64,1.26,0.63
30059.0,-9.225,-1.594,-3.429,-9.227,-1.515,-3.254,3.08,1.05,0.63
,-9.249,-1.529,-3.412,-9.294,-1.541,-3.173,3.64,0.98,0.7
,-9.222,-1.543,-3.355,-9.234,-1.503,-3.195,3.78,0.98,0.7
,-9.229,-1.441,-3.314,-9.232,-1.539,-3.135,3.64,0.7,0.7
30135.0,-9.261,-1.531,-3.175,-9.215,-1.536,-3.367,2.17,1.19,0.56
,-9.222,-1.512,-3.259,-9.244,-1.536,-3.439,2.1,1.12,0.63
,-9.167,-1.543,-3.329,-9.237,-1.505,-3.419,2.17,1.12,0.56
,-9.21,-1.56,-3.319,-9.251,-1.534,-3.372,2.31,1.4,0.56
30211.0,-9.184,-1.603,-3.331,-9.203,-1.476,-3.221,2.45,1.05,0.63
,-9.237,-1.598,-3.293,-9.265,-1.433,-3.216,3.15,0.91,0.63
,-9.215,-1.56,-3.288,-9.265,-1.488,-3.29,3.71,1.05,0.7
,-9.215,-1.498,-3.273,-9.232,-1.546,-3.285,3.5,1.26,0.77
30287.0,-9.22,-1.543,-3.362,-9.246,-1.531,-3.338,1.96,1.12,0.49
,-9.182,-1.567,-3.405,-9.229,-1.508,-3.364,2.45,1.05,0.56
,-9.189,-1.582,-3.372,-9.225,-1.536,-3.343,2.8,1.26,0.63
,-9.203,-1.563,-3.35,-9.258,-1.572,-3.465,3.29,1.33,0.7
30363.0,-9.227,-1.512,-3.484,-9.289,-1.519,-3.206,2.73,0.63,0.42
,-9.179,-1.594,-3.345,-9.251,-1.517,-3.199,2.73,0.91,0.63
,-9.184,-1.512,-3.302,-9.253,-1.531,-3.175,3.43,0.91,0.63
,-9.189,-1.589,-3.242,-9.265,-1.551,-3.18,3.92,1.05,0.7
30438.0,-9.206,-1.565,-3.238,-9.22,-1.543,-3.336,2.66,1.4,0.56
,-9.234,-1.558,-3.252,-9.215,-1.61,-3.262,2.73,1.47,0.56
,-9.246,-1.515,-3.329,-9.186,-1.582,-3.295,2.73,1.4,0.49
,-9.225,-1.531,-3.333,-9.256,-1.618,-3.25,2.73,1.61,0.56
30514.0,-9.296,-1.541,-3.257,-9.177,-1.606,-3.4,2.8,1.89,0.56
,-9.215,-1.469,-3.352,-9.225,-1.637,-3.336,2.31,1.61,0.49
,-9.237,-1.512,-3.355,-9.261,-1.575,-3.257,1.89,1.54,0.42
,-9.179,-1.555,-3.412,-9.284,-1.476,-3.226,1.54,1.61,0.42
30590.0,-9.261,-1.517,-3.178,-9.194,-1.601,-3.329,2.87,1.82,0.63
,-9.246,-1.508,-3.235,-9.203,-1.579,-3.338,2.31,1.89,0.63
,-9.222,-1.57,-3.235,-9.217,-1.548,-3.331,1.75,1.89,0.56
,-9.229,-1.618,-3.367,-9.258,-1.529,-3.271,1.68,1.82,0.49
30666.0,-9.265,-1.448,-3.317,-9.277,-1.558,-3.376,3.22,2.17,0.7
,-9.203,-1.498,-3.309,-9.251,-1.579,-3.405,2.59,2.1,0.63
,-9.217,-1.534,-3.352,-9.203,-1.541,-3.381,2.17,2.1,0.56
,-9.225,-1.594,-3.34,-9.182,-1.548,-3.417,2.31,2.1,0.49
30741.0,-9.16,-1.555,-3.396,-9.234,-1.555,-3.254,2.8,1.75,0.49
,-9.227,-1.529,-3.379,-9.239,-1.496,-3.278,2.87,1.68,0.49
,-9.241,-1.515,-3.386,-9.167,-1.572,-3.3,2.66,1.68,0.49
,-9.258,-1.531,-3.3,-9.208,-1.563,-3.338,2.59,1.61,0.42
30817.0,-9.198,-1.596,-3.367,-9.191,-1.57,-3.34,2.1,1.61,0.42
,-9.167,-1.589,-3.386,-9.22,-1.548,-3.4,2.17,1.61,0.42
,-9.215,-1.615,-3.379,-9.184,-1.606,-3.448,2.45,1.61,0.56
,-9.217,-1.575,-3.362,-9.196,-1.591,-3.489,2.73,1.54,0.56
30892.0,-9.129,-1.61,-3.415,-9.27,-1.515,-3.214,2.45,1.26,0.56
,-9.158,-1.575,-3.376,-9.275,-1.515,-3.137,3.01,1.26,0.7
,-9.222,-1.543,-3.34,-9.215,-1.594,-3.233,3.36,1.4,0.7
,-9.203,-1.546,-3.29,-9.227,-1.598,-3.281,3.29,1.26,0.77
30968.0,-9.165,-1.558,-3.309,-9.194,-1.546,-3.209,1.61,1.47,0.63
,-9.225,-1.598,-3.305,-9.265,-1.536,-3.3,1.75,1.54,0.63
,-9.117,-1.503,-3.374,-9.22,-1.577,-3.333,1.75,1.54,0.63
,-9.251,-1.548,-3.312,-9.167,-1.548,-3.544,1.54,1.75,0.7
31044.0,-9.146,-1.632,-3.587,-9.251,-1.582,-3.436,0.42,1.19,0.63
,-9.124,-1.618,-3.587,-9.256,-1.551,-3.379,0.77,0.98,0.77
,-9.158,-1.716,-3.518,-9.246,-1.598,-3.259,1.4,0.91,0.84
,-9.222,-1.606,-3.527,-9.265,-1.565,-3.226,2.17,0.91,0.98
31120.0,-9.237,-1.519,-3.273,-9.203,-1.706,-3.362,1.61,0.63,1.19
,-9.251,-1.555,-3.36,-9.21,-1.61,-3.453,1.12,0.7,1.19
,-9.249,-1.594,-3.396,-9.273,-1.594,-3.4,0.63,0.63,1.19
,-9.172,-1.622,-3.381,-9.213,-1.529,-3.374,0.77,0.56,1.12
31195.0,-9.21,-1.524,-3.46,-9.182,-1.531,-3.498,2.31,0.35,1.47
,-9.234,-1.524,-3.455,-9.213,-1.441,-3.494,2.17,0.49,1.68
,-9.225,-1.596,-3.441,-9.244,-1.498,-3.412,2.59,0.35,1.75
,-9.196,-1.596,-3.496,-9.203,-1.409,-3.47,2.94,0.49,1.75
31271.0,-9.222,-1.472,-3.307,-9.261,-1.476,-3.101,2.94,-0.28,1.4
,-9.27,-1.462,-3.29,-9.304,-1.412,-3.139,2.73,-0.42,1.12
,-9.237,-1.397,-3.259,-9.217,-1.46,-3.235,2.59,-0.42,1.12
,-9.241,-1.491,-3.128,-9.213,-1.529,-3.271,2.03,-0.21,1.05
31347.0,-9.191,-1.534,-3.269,-9.229,-1.543,-3.276,0.56,0.07,0.56
,-9.28,-1.563,-3.271,-9.225,-1.488,-3.278,1.05,0.28,0.63
,-9.196,-1.498,-3.309,-9.311,-1.491,-3.283,1.61,0.0,0.49
,-9.155,-1.486,-3.252,-9.294,-1.438,-3.228,1.68,0.28,0.49
31423.0,-9.227,-1.474,-3.309,-9.251,-1.524,-3.405,1.05,0.35,0.28
,-9.196,-1.548,-3.4,-9.273,-1.519,-3.25,0.84,0.28,0.35
,-9.112,-1.586,-3.295,-9.213,-1.457,-3.061,0.98,0.63,0.49
,-9.206,-1.735,-3.314,-9.299,-1.417,-3.005,1.82,0.56,0.49
31499.0,-9.304,-1.383,-3.192,-9.172,-1.716,-3.364,2.1,1.12,0.28
,-9.217,-1.35,-3.233,-9.206,-1.711,-3.223,0.56,0.7,0.07
,-9.222,-1.515,-3.329,-9.241,-1.558,-3.254,-0.56,0.77,0.07
,-9.129,-1.653,-3.352,-9.174,-1.515,-3.072,0.07,0.98,0.07
31574.0,-9.237,-1.443,-3.044,-9.194,-1.591,-3.348,2.73,1.89,0.63
,-9.251,-1.462,-3.013,-9.112,-1.723,-3.386,2.17,2.38,0.7
,-9.294,-1.443,-3.183,-9.172,-1.692,-3.36,1.47,2.17,0.42
,-9.229,-1.498,-3.247,-9.241,-1.57,-3.336,0.77,2.17,0.28
31650.0,-9.294,-1.452,-3.264,-9.162,-1.278,-3.352,4.69,2.87,0.98
,-9.277,-1.441,-3.271,-9.007,-1.472,-3.137,3.22,2.38,0.77
,-9.27,-1.45,-3.216,-8.997,-1.575,-3.017,1.61,1.89,0.63
,-9.28,-1.421,-3.199,-9.124,-1.656,-2.845,0.28,1.68,0.56
31725.0,-9.165,-1.577,-2.467,-9.155,-1.223,-3.175,2.24,4.83,0.84
,-9.531,-1.287,-2.592,-9.124,-1.517,-3.206,2.8,4.76,0.63
,-9.452,-1.189,-2.883,-9.136,-1.551,-3.19,0.14,3.71,0.14
,-9.294,-1.11,-2.986,-9.442,-1.558,-3.166,-3.57,3.15,-0.21
31801.0,-9.383,-1.378,-3.312,-9.05,-1.809,-3.065,-7.91,2.31,-0.91
,-9.246,-1.254,-3.362,-9.079,-1.704,-2.996,-10.64,0.56,-0.7
,-9.036,-1.438,-3.398,-9.119,-1.558,-3.137,-13.37,-0.42,-0.42
,-8.911,-1.754,-3.13,-9.141,-1.493,-3.25,-13.09,0.98,0.07
31877.0,-9.11,-1.524,-3.441,-9.363,-1.476,-3.331,-5.53,7.07,1.33
,-9.268,-1.723,-3.439,-9.246,-1.251,-3.807,-4.48,7.56,1.47
,-9.373,-1.67,-3.515,-9.086,-1.103,-3.929,-3.15,7.63,1.4
,-9.222,-1.74,-3.35,-9.201,-1.043,-4.231,-2.24,7.98,1.68
31953.0,-8.988,-1.208,-4.324,-9.239,-1.625,-3.077,-5.67,2.8,0.63
,-8.914,-1.417,-4.008,-9.368,-1.481,-3.211,-5.53,3.99,0.77
,-9.117,-1.642,-3.63,-9.153,-1.402,-3.343,-4.06,4.9,0.98
,-9.143,-1.665,-3.29,-9.222,-1.441,-3.508,-1.96,5.6,1.05
32028.0,-9.15,-1.596,-3.747,-9.112,-1.725,-3.778,-4.13,3.57,1.33
,-9.225,-1.601,-3.654,-9.107,-1.524,-3.673,-3.57,3.85,1.33
,-9.146,-1.548,-4.013,-9.155,-1.443,-3.867,-3.5,3.15,1.47
,-8.961,-1.649,-4.006,-9.143,-1.479,-4.073,-3.85,3.22,1.89
32104.0,-9.091,-1.608,-4.003,-9.15,-1.522,-3.061,-2.87,1.12,3.22
,-8.993,-1.73,-3.707,-9.275,-1.271,-3.326,-0.21,2.94,3.85
,-9.045,-1.754,-3.628,-9.136,-1.103,-3.24,3.71,4.13,3.78
,-8.918,-1.742,-3.367,-9.184,-0.974,-3.364,6.37,5.18,3.64
32180.0,-9.036,-0.718,-3.491,-8.866,-1.292,-3.585,5.53,4.34,3.15
,-9.22,-0.503,-3.716,-9.014,-1.785,-2.974,4.69,3.99,2.24
,-9.287,-0.421,-3.872,-9.268,-1.914,-2.824,2.17,3.36,1.4
,-9.141,-0.701,-3.711,-9.074,-1.673,-2.663,-1.82,4.13,0.84
32256.0,-9.225,-1.419,-2.711,-8.696,-1.347,-3.589,2.24,9.45,0.56
,-9.009,-1.364,-2.886,-9.031,-1.326,-3.836,0.21,9.59,1.05
,-9.105,-1.441,-2.702,-9.16,-1.115,-4.168,-0.63,11.34,1.82
,-9.117,-1.553,-3.278,-8.99,-1.084,-4.185,-0.77,11.41,2.1
32331.0,-8.811,-1.393,-4.068,-8.926,-1.974,-3.235,1.54,12.11,2.52
,-8.729,-1.752,-3.8,-9.016,-1.826,-3.46,1.19,13.44,3.15
,-9.009,-2.151,-3.482,-8.935,-1.476,-3.587,2.87,14.98,3.78
,-9.033,-2.187,-3.319,-8.916,-1.106,-3.877,5.81,15.75,4.2
32407.0,-8.653,-0.756,-4.03,-9.225,-0.713,-3.786,4.69,17.08,5.25
,-8.772,-0.605,-3.707,-8.928,-0.737,-4.133,4.13,18.62,5.11
,-9.217,-0.625,-3.695,-8.758,-1.01,-4.104,3.22,18.41,4.34
,-9.246,-0.665,-3.74,-8.849,-1.326,-3.831,1.05,17.85,3.5
32483.0,-9.055,-1.531,-3.747,-8.665,-0.445,-4.704,4.76,19.39,0.14
,-9.088,-1.283,-3.532,-8.595,-0.658,-4.709,7.7,20.16,-0.35
,-9.028,-0.84,-3.958,-8.72,-0.96,-4.386,8.19,19.11,-0.28
,-8.691,-0.531,-4.52,-8.801,-1.235,-4.489,4.97,17.57,0.14
32558.0,-8.947,-1.541,-4.475,-8.626,-1.596,-4.712,-5.32,17.92,-0.63
,-9.05,-1.586,-4.535,-8.667,-1.768,-4.506,-2.73,17.43,-0.56
,-8.715,-1.62,-4.752,-8.796,-1.615,-4.353,-0.21,16.73,-0.84
,-8.406,-1.57,-4.896,-8.78,-1.362,-4.592,2.52,17.15,-1.12
32634.0,-8.804,-1.041,-4.855,-8.799,-1.175,-4.917,3.43,14.21,0.7
,-8.861,-0.864,-5.181,-8.894,-1.565,-4.774,0.14,12.81,0.84
,-8.722,-0.852,-5.312,-8.842,-1.9,-4.602,-3.01,12.04,0.21
,-8.674,-0.952,-5.173,-8.65,-2.199,-4.609,-4.97,12.53,-0.63
32710.0,-8.614,-2.264,-4.487,-8.579,-0.62,-5.252,-1.12,12.04,1.05
,-8.571,-1.785,-4.793,-8.753,-0.682,-5.109,2.52,10.5,1.82
,-8.555,-1.242,-4.996,-8.902,-0.842,-4.922,3.71,9.45,1.89
,-8.476,-0.814,-5.217,-8.696,-1.072,-4.956,2.8,8.82,1.75
32786.0,-8.665,-1.039,-5.016,-8.488,-1.163,-4.925,-5.81,8.19,0.21
,-8.567,-0.948,-4.937,-8.626,-1.335,-4.975,-3.92,8.12,-0.84
,-8.318,-0.83,-4.96,-8.717,-1.503,-5.178,-2.03,7.98,-1.19
,-8.409,-1.031,-4.815,-8.574,-1.558,-5.391,-2.1,7.21,-0.91
32861.0,-8.373,-1.553,-5.413,-8.672,-1.594,-4.762,-0.28,4.83,-1.26
,-8.454,-1.388,-5.26,-8.756,-1.778,-4.752,0.77,4.62,-1.19
,-8.299,-1.352,-5.159,-8.576,-1.809,-4.862,1.05,4.55,-1.19
,-8.361,-1.61,-4.915,-8.373,-1.747,-4.549,0.84,4.69,-0.98
32937.0,-8.291,-1.249,-4.905,-8.583,-1.129,-5.056,6.72,4.55,1.61
,-8.382,-0.699,-5.303,-8.531,-1.381,-4.891,8.47,4.2,0.84
,-8.67,-0.55,-5.245,-8.473,-1.39,-4.862,7.49,4.2,0.14
,-8.806,-0.718,-5.229,-8.528,-1.613,-4.776,6.93,3.64,-0.56
33013.0,-8.588,-1.596,-4.836,-8.43,-1.208,-5.248,10.15,5.32,-2.45
,-8.875,-1.522,-4.7,-8.564,-1.108,-5.575,9.45,5.04,-1.47
,-8.411,-1.369,-4.965,-8.643,-1.582,-5.305,7.98,4.83,-0.63
,-8.311,-1.424,-4.968,-8.445,-2.19,-5.319,6.86,4.9,-0.21
33089.0,-8.047,-2.465,-5.489,-8.366,-2.134,-5.083,6.65,4.55,3.01
,-8.22,-2.477,-5.358,-8.442,-1.974,-5.145,9.59,5.04,4.13
,-8.473,-2.41,-5.123,-8.55,-1.833,-5.209,11.9,4.69,5.25
,-8.526,-2.075,-4.853,-8.588,-1.208,-5.568,13.02,3.64,6.58
33164.0,-8.55,-0.883,-5.745,-8.315,-1.481,-5.406,11.41,2.45,8.75
,-8.662,-0.828,-5.709,-8.413,-1.228,-5.193,9.52,2.17,8.54
,-8.65,-1.055,-5.384,-8.342,-1.251,-5.178,6.65,1.82,8.89
,-8.418,-1.307,-5.382,-8.289,-1.146,-5.173,6.93,0.77,8.68
33240.0,-8.488,-1.072,-5.145,-8.483,-0.436,-4.826,8.89,-0.14,7.42
,-8.674,-0.936,-5.054,-8.253,-0.646,-4.822,9.38,0.21,6.65
,-8.825,-0.45,-5.166,-8.447,-0.737,-4.685,9.94,0.49,5.88
,-8.954,-0.235,-4.786,-8.679,-0.761,-4.779,6.79,-0.28,5.67
33315.0,-8.701,-1.034,-4.786,-8.471,-0.457,-4.898,2.66,0.91,2.38
,-8.476,-1.208,-4.614,-8.614,-0.294,-5.032,3.15,1.61,2.31
,-8.325,-1.213,-4.755,-8.703,-0.428,-5.078,3.99,2.59,1.75
,-8.284,-1.041,-4.759,-8.677,-0.998,-5.09,4.97,4.06,1.05
33391.0,-8.624,-1.366,-4.968,-8.404,-1.378,-5.195,0.0,5.6,-2.45
,-8.454,-1.486,-5.092,-8.452,-1.441,-5.291,0.63,5.95,-2.66
,-8.315,-1.505,-5.078,-8.461,-1.445,-5.219,1.12,6.58,-2.52
,-8.282,-1.405,-5.078,-8.469,-1.445,-5.351,0.28,7.07,-2.17
33467.0,-8.358,-1.297,-5.446,-8.641,-1.285,-4.965,-0.91,6.37,-0.7
,-8.332,-1.328,-5.398,-8.382,-1.302,-4.915,-1.05,6.65,-0.77
,-8.571,-1.113,-5.439,-8.028,-1.053,-5.346,-0.49,6.86,-1.4
,-8.717,-1.043,-5.25,-8.236,-0.998,-5.542,-0.7,7.0,-1.96
33543.0,-8.83,-0.993,-5.611,-8.179,-1.79,-5.427,-4.62,4.97,-2.31
,-9.021,-0.919,-5.564,-8.258,-1.823,-5.398,-4.76,3.71,-3.5
,-8.741,-1.077,-5.413,-8.416,-1.543,-5.425,-6.23,2.52,-3.43
,-8.323,-1.462,-5.37,-8.6,-1.302,-5.554,-7.91,2.03,-2.73
33619.0,-8.545,-1.18,-5.489,-8.387,-1.479,-5.599,-4.2,-0.84,-1.19
,-8.423,-1.395,-5.296,-8.378,-1.5,-5.499,-6.65,-1.4,0.0
,-8.354,-1.558,-5.372,-8.44,-1.572,-5.312,-7.56,-1.96,0.77
,-8.315,-1.598,-5.508,-8.49,-1.596,-5.224,-7.28,-2.31,1.26
33694.0,-8.454,-1.579,-5.13,-8.43,-1.275,-5.441,-4.2,-3.78,3.57
,-8.416,-1.539,-5.106,-8.617,-1.278,-5.449,-4.06,-4.27,3.92
,-8.311,-1.39,-5.257,-8.538,-1.127,-5.506,-3.71,-4.69,4.27
,-8.296,-1.173,-5.418,-8.476,-1.079,-5.566,-3.43,-4.76,4.41
33770.0,-8.502,-1.163,-5.382,-8.655,-1.168,-5.26,-1.05,-6.44,4.62
,-8.402,-1.302,-5.286,-8.658,-0.931,-5.207,-0.98,-7.42,4.76
,-8.378,-1.457,-5.303,-8.5,-0.852,-5.279,-0.35,-7.49,4.41
,-8.524,-1.371,-5.224,-8.327,-1.041,-5.173,1.82,-7.63,4.06
33846.0,-8.418,-1.218,-5.116,-8.677,-1.163,-5.19,1.89,-9.59,3.92
,-8.55,-1.34,-5.133,-8.744,-1.249,-5.039,3.85,-9.31,3.5
,-8.629,-1.249,-5.171,-8.658,-1.177,-4.836,6.51,-8.96,2.87
,-8.66,-1.103,-5.171,-8.466,-0.95,-5.006,8.54,-8.54,2.45
33922.0,-8.409,-0.766,-5.032,-8.689,-0.759,-4.92,10.22,-9.66,2.59
,-8.605,-0.725,-4.972,-8.705,-0.797,-4.829,8.96,-9.87,2.59
,-8.789,-0.782,-4.913,-8.519,-0.706,-4.874,7.84,-9.87,2.73
,-8.756,-0.727,-4.992,-8.349,-0.768,-4.862,7.63,-9.73,2.24
33997.0,-8.555,-0.948,-4.645,-8.823,-0.469,-4.468,14.28,-5.18,-0.07
,-8.717,-0.993,-4.551,-8.703,-0.359,-4.7,16.24,-4.97,-0.21
,-8.856,-0.964,-4.448,-8.667,-0.404,-4.523,17.85,-4.97,-0.56
,-8.839,-0.811,-4.458,-8.713,-0.534,-4.482,18.48,-5.25,-0.84
34073.0,-8.768,-0.782,-4.518,-8.782,-1.34,-4.482,4.76,-10.85,-1.47
,-8.904,-1.426,-4.331,-8.536,-1.204,-4.597,1.96,-10.5,-1.68
,-8.823,-1.395,-4.398,-8.399,-1.22,-4.609,3.85,-10.57,-2.38
,-8.916,-1.496,-4.439,-8.567,-1.204,-4.515,5.67,-10.29,-2.38
34148.0,-8.72,-1.256,-4.554,-8.892,-1.464,-4.393,7.63,-7.56,-1.12
,-8.672,-1.251,-4.554,-8.918,-1.388,-4.312,7.21,-7.77,-0.98
,-8.686,-1.376,-4.35,-8.758,-1.45,-4.302,7.07,-7.56,-0.56
,-8.906,-1.534,-4.314,-8.512,-1.553,-4.35,6.86,-8.05,-0.07
34224.0,-8.543,-1.771,-4.276,-8.878,-1.115,-4.152,7.0,-8.47,2.31
,-8.76,-1.886,-4.142,-8.906,-0.983,-4.331,8.68,-8.82,2.8
,-8.909,-1.606,-4.142,-8.756,-0.928,-4.532,11.27,-9.1,2.87
,-8.916,-1.474,-4.149,-8.76,-0.826,-4.451,12.46,-9.45,3.01
34300.0,-9.064,-0.938,-4.322,-8.914,-1.062,-3.987,8.68,-11.41,2.24
,-9.021,-0.763,-4.377,-8.928,-1.065,-3.778,10.01,-11.41,1.33
,-8.906,-0.888,-4.061,-9.021,-1.204,-3.647,9.45,-11.2,0.56
,-8.942,-0.976,-3.967,-9.016,-1.201,-3.664,9.17,-11.48,0.21
34376.0,-9.031,-1.137,-3.798,-8.952,-1.177,-3.884,7.49,-11.62,-1.33
,-9.055,-1.01,-3.927,-9.033,-1.359,-3.833,6.23,-12.11,-1.61
,-9.06,-0.952,-4.168,-8.964,-1.359,-3.647,4.69,-12.74,-2.03
,-8.847,-0.995,-4.075,-8.94,-1.321,-3.644,3.29,-12.74,-2.45
34452.0,-9.038,-1.452,-3.814,-8.916,-1.855,-3.652,3.29,-12.88,-3.22
,-9.136,-1.527,-3.85,-9.012,-1.67,-3.561,2.73,-12.88,-3.22
,-9.057,-1.618,-3.831,-9.064,-1.577,-3.9,2.59,-12.39,-2.73
,-9.04,-1.816,-3.752,-8.976,-1.558,-3.912,3.85,-11.62,-2.17
34527.0,-9.086,-1.67,-3.898,-9.007,-1.529,-3.759,2.17,-13.51,-0.21
,-9.158,-1.776,-3.74,-9.007,-1.505,-3.699,2.59,-13.16,-0.14
,-9.048,-1.783,-3.451,-9.16,-1.503,-3.702,4.13,-12.18,0.0
,-9.057,-1.689,-3.317,-9.129,-1.45,-3.331,6.09,-11.41,0.35
34603.0,-9.203,-1.299,-3.13,-9.146,-1.235,-3.123,13.09,-10.5,1.19
,-9.134,-1.01,-2.668,-9.208,-1.476,-3.053,13.09,-9.66,0.77
,-9.34,-0.787,-3.039,-9.112,-1.591,-2.9,9.17,-10.78,0.14
,-9.21,-0.945,-3.163,-9.313,-1.338,-2.74,3.85,-11.62,-0.49
34679.0,-9.407,-0.933,-3.01,-9.079,-1.359,-3.209,5.88,-8.4,-1.54
,-9.146,-0.821,-2.716,-9.052,-1.594,-2.898,1.82,-8.05,-1.89
,-9.344,-1.086,-2.879,-9.162,-1.438,-3.082,-1.47,-8.05,-1.89
,-9.16,-1.393,-3.051,-9.148,-1.467,-2.788,-3.85,-8.19,-2.17
34755.0,-9.318,-1.522,-2.534,-9.213,-1.476,-2.778,4.27,-3.29,-1.4
,-9.399,-1.515,-2.276,-9.162,-1.369,-2.924,4.48,-2.31,-1.47
,-9.438,-1.515,-2.288,-9.153,-1.539,-3.053,3.99,-1.68,-1.4
,-9.27,-1.512,-2.503,-9.122,-1.67,-2.807,2.31,-1.19,-1.4
34830.0,-9.296,-1.732,-2.737,-9.225,-1.309,-3.831,4.41,3.15,0.35
,-9.323,-1.646,-2.814,-8.995,-1.338,-3.965,6.02,3.64,0.35
,-9.34,-1.462,-2.831,-9.06,-1.546,-3.865,7.0,4.13,0.49
,-9.404,-1.314,-3.381,-9.146,-1.644,-3.561,5.81,3.36,0.49
34906.0,-9.296,-1.529,-3.376,-9.196,-1.56,-3.348,8.26,2.59,1.05
,-9.371,-1.4,-3.108,-9.215,-1.567,-3.628,8.33,2.38,1.12
,-9.462,-1.338,-3.245,-9.067,-1.539,-3.506,6.23,1.47,0.91
,-9.306,-1.441,-3.369,-9.246,-1.445,-3.374,3.99,0.7,0.7
34981.0,-9.258,-1.33,-3.427,-9.131,-1.498,-3.518,4.9,0.28,0.98
,-9.275,-1.419,-3.345,-9.143,-1.505,-3.403,4.27,0.07,0.84
,-9.289,-1.436,-3.333,-9.273,-1.438,-3.156,4.27,-0.35,0.84
,-9.316,-1.476,-3.611,-9.268,-1.371,-2.776,4.27,-1.19,0.7
35057.0,-9.43,-1.275,-2.594,-9.024,-1.515,-3.836,7.35,0.7,0.42
,-9.596,-1.153,-2.766,-8.947,-1.761,-3.673,5.6,0.21,0.07
,-9.531,-1.058,-3.29,-9.122,-1.847,-3.295,2.8,-0.7,-0.56
,-9.241,-1.161,-3.695,-9.375,-1.575,-3.214,-0.77,-1.82,-1.05
35133.0,-9.43,-1.39,-2.938,-9.158,-1.601,-2.601,7.35,-0.49,-0.28
,-9.471,-1.307,-2.996,-9.249,-1.531,-2.316,5.53,-1.05,-0.56
,-9.229,-1.452,-2.967,-9.342,-1.467,-2.015,3.29,-0.98,-0.63
,-9.131,-1.543,-2.773,-9.481,-1.388,-1.917,3.08,-0.21,-0.56
35209.0,-9.509,-1.223,-2.245,-9.213,-1.711,-3.539,2.45,4.83,-0.84
,-9.407,-1.153,-2.644,-9.119,-1.771,-3.709,-0.77,4.48,-1.4
,-9.222,-1.189,-2.85,-9.115,-1.752,-3.714,-3.92,4.76,-1.61
,-9.232,-1.484,-3.214,-9.124,-1.799,-3.604,-6.16,4.97,-1.89
35284.0,-9.198,-1.713,-3.632,-9.325,-1.783,-3.374,0.42,4.41,-0.7
,-9.162,-1.766,-3.51,-9.373,-1.606,-3.577,0.84,4.2,-0.42
,-9.198,-1.785,-3.262,-9.277,-1.536,-3.68,1.19,4.13,-0.07
,-9.237,-1.79,-3.216,-9.136,-1.601,-3.652,2.03,4.34,0.35
35360.0,-9.153,-1.663,-3.563,-9.258,-1.479,-3.123,4.41,3.22,0.98
,-9.249,-1.505,-3.522,-9.201,-1.61,-3.065,5.74,2.94,0.91
,-9.261,-1.371,-3.352,-9.258,-1.608,-3.02,5.88,2.66,0.91
,-9.253,-1.352,-3.312,-9.215,-1.598,-2.984,4.69,2.38,0.77
35435.0,-9.282,-1.56,-3.017,-9.088,-1.603,-3.484,1.68,3.29,0.98
,-9.287,-1.515,-3.209,-9.172,-1.646,-3.482,1.4,2.94,0.77
,-9.256,-1.474,-3.4,-9.186,-1.589,-3.544,1.19,2.73,0.77
,-9.177,-1.508,-3.446,-9.172,-1.586,-3.321,1.26,2.94,0.84
35511.0,-9.275,-1.522,-3.376,-9.155,-1.627,-3.458,4.48,2.94,1.19
,-9.273,-1.546,-3.41,-9.129,-1.565,-3.429,3.92,2.73,1.12
,-9.232,-1.563,-3.396,-9.215,-1.541,-3.36,2.94,2.38,1.05
,-9.189,-1.62,-3.46,-9.273,-1.479,-3.257,2.66,2.17,1.12
35587.0,-9.222,-1.51,-3.065,-9.179,-1.577,-3.534,4.2,2.66,1.33
,-9.301,-1.467,-3.151,-9.122,-1.589,-3.58,3.92,2.59,1.12
,-9.253,-1.464,-3.173,-9.134,-1.642,-3.585,3.43,2.52,1.19
,-9.296,-1.491,-3.391,-9.186,-1.57,-3.549,2.8,2.45,1.19
35663.0,-9.249,-1.529,-3.431,-9.191,-1.5,-3.41,5.11,2.24,1.47
,-9.253,-1.529,-3.431,-9.227,-1.524,-3.427,5.25,1.96,1.4
,-9.241,-1.491,-3.436,-9.196,-1.539,-3.362,4.69,1.68,1.47
,-9.206,-1.498,-3.35,-9.222,-1.519,-3.269,4.41,1.75,1.33
35739.0,-9.206,-1.479,-3.252,-9.15,-1.553,-3.228,5.04,1.61,1.05
,-9.277,-1.467,-3.29,-9.143,-1.536,-3.264,4.62,1.61,0.91
,-9.251,-1.443,-3.252,-9.21,-1.491,-3.388,3.57,1.82,0.84
,-9.234,-1.508,-3.314,-9.237,-1.424,-3.4,2.87,1.54,0.77
35814.0,-9.213,-1.457,-3.436,-9.208,-1.529,-3.276,2.17,1.68,0.49
,-9.134,-1.503,-3.412,-9.196,-1.565,-3.19,2.1,1.54,0.49
,-9.177,-1.519,-3.345,-9.174,-1.656,-3.104,2.66,1.82,0.63
,-9.244,-1.519,-3.307,-9.277,-1.646,-3.137,2.59,1.82,0.56
35890.0,-9.282,-1.491,-3.092,-9.21,-1.67,-3.295,1.75,2.8,0.56
,-9.201,-1.519,-3.111,-9.146,-1.716,-3.374,0.84,2.87,0.49
,-9.225,-1.503,-3.278,-9.186,-1.701,-3.58,-0.07,2.73,0.42
,-9.215,-1.567,-3.434,-9.206,-1.665,-3.625,-0.77,2.66,0.42
35966.0,-9.189,-1.558,-3.652,-9.196,-1.563,-3.74,0.91,2.45,0.98
,-9.158,-1.527,-3.687,-9.182,-1.551,-3.656,0.63,2.03,1.05
,-9.198,-1.56,-3.721,-9.17,-1.536,-3.553,0.56,1.75,1.12
,-9.158,-1.565,-3.812,-9.196,-1.441,-3.556,0.84,1.4,1.19
36042.0,-9.162,-1.481,-3.472,-9.186,-1.591,-3.472,3.36,0.21,1.4
,-9.182,-1.508,-3.46,-9.184,-1.591,-3.436,3.01,0.07,1.54
,-9.206,-1.543,-3.479,-9.253,-1.553,-3.482,2.87,-0.14,1.4
,-9.17,-1.57,-3.453,-9.251,-1.436,-3.367,3.22,-0.21,1.33
36117.0,-9.184,-1.433,-3.364,-9.208,-1.543,-3.116,4.76,-0.49,1.26
,-9.191,-1.445,-3.372,-9.237,-1.452,-3.034,4.27,-0.49,1.26
,-9.16,-1.524,-3.285,-9.251,-1.4,-3.096,4.34,-0.42,1.12
,-9.198,-1.56,-3.173,-9.306,-1.347,-3.183,4.97,-0.07,1.12
36193.0,-9.287,-1.4,-3.293,-9.28,-1.551,-3.252,3.15,0.28,0.56
,-9.206,-1.498,-3.374,-9.296,-1.476,-3.216,2.73,0.42,0.56
,-9.17,-1.575,-3.331,-9.22,-1.39,-3.223,2.94,0.77,0.56
,-9.198,-1.627,-3.266,-9.229,-1.426,-3.218,3.57,1.05,0.63
36268.0,-9.172,-1.543,-3.211,-9.249,-1.572,-3.23,1.54,1.4,0.21
,-9.263,-1.572,-3.252,-9.215,-1.572,-3.259,1.89,1.54,0.14
,-9.21,-1.548,-3.273,-9.22,-1.555,-3.257,2.03,1.68,0.14
,-9.17,-1.527,-3.221,-9.263,-1.469,-3.431,2.03,1.82,0.21
36344.0,-9.253,-1.51,-3.46,-9.139,-1.534,-3.51,1.33,2.03,0.21
,-9.234,-1.519,-3.53,-9.213,-1.598,-3.398,1.26,1.96,0.21
,-9.162,-1.548,-3.561,-9.196,-1.551,-3.302,1.19,1.75,0.07
,-9.139,-1.61,-3.563,-9.206,-1.531,-3.302,1.96,1.68,0.21
36420.0,-9.222,-1.536,-3.297,-9.196,-1.555,-3.448,2.38,1.4,0.21
,-9.208,-1.515,-3.348,-9.186,-1.579,-3.482,2.03,1.4,0.21
,-9.172,-1.515,-3.295,-9.222,-1.548,-3.546,1.4,1.12,0.14
,-9.263,-1.575,-3.405,-9.182,-1.56,-3.585,1.47,1.26,0.07
36496.0,-9.162,-1.565,-3.496,-9.186,-1.591,-3.498,2.94,0.91,0.35
,-9.229,-1.582,-3.501,-9.194,-1.63,-3.381,3.08,0.56,0.28
,-9.229,-1.56,-3.441,-9.21,-1.637,-3.3,3.01,0.49,0.42
,-9.232,-1.541,-3.463,-9.201,-1.601,-3.242,2.87,0.28,0.35
36572.0,-9.239,-1.527,-3.173,-9.222,-1.582,-3.154,3.29,0.63,0.77
,-9.273,-1.548,-3.142,-9.203,-1.591,-3.206,3.01,0.7,0.63
,-9.198,-1.539,-3.111,-9.222,-1.61,-3.312,2.66,0.84,0.63
,-9.229,-1.524,-3.101,-9.182,-1.644,-3.4,2.45,1.26,0.77
36647.0,-9.179,-1.615,-3.443,-9.186,-1.596,-3.475,2.52,1.68,0.98
,-9.232,-1.572,-3.436,-9.162,-1.594,-3.57,2.87,1.68,0.91
,-9.251,-1.565,-3.503,-9.148,-1.701,-3.431,2.94,1.47,0.91
,-9.234,-1.496,-3.544,-9.239,-1.665,-3.329,2.59,1.26,0.91
36723.0,-9.229,-1.539,-3.221,-9.241,-1.517,-3.199,4.69,1.05,1.26
,-9.249,-1.51,-3.185,-9.246,-1.51,-3.309,4.48,1.05,1.26
,-9.265,-1.484,-3.104,-9.198,-1.546,-3.357,3.36,0.98,1.12
,-9.258,-1.5,-3.151,-9.191,-1.586,-3.403,2.38,1.26,1.05
36799.0,-9.213,-1.522,-3.427,-9.227,-1.603,-3.357,2.1,1.4,0.98
,-9.203,-1.534,-3.465,-9.215,-1.57,-3.259,2.45,1.54,0.98
,-9.162,-1.524,-3.446,-9.294,-1.543,-3.25,2.38,1.47,1.12
,-9.203,-1.582,-3.403,-9.277,-1.51,-3.262,2.38,1.19,1.05
36875.0,-9.249,-1.5,-3.324,-9.232,-1.553,-3.508,1.68,1.47,0.98
,-9.208,-1.541,-3.348,-9.196,-1.553,-3.525,1.05,1.33,0.91
,-9.191,-1.572,-3.386,-9.148,-1.589,-3.434,1.05,1.33,0.77
,-9.229,-1.591,-3.482,-9.182,-1.622,-3.386,1.33,1.33,0.84
36950.0,-9.241,-1.508,-3.235,-9.167,-1.596,-3.364,2.45,1.12,0.98
,-9.289,-1.474,-3.271,-9.198,-1.62,-3.336,2.45,1.19,0.98
,-9.289,-1.457,-3.364,-9.275,-1.519,-3.297,1.82,1.05,0.91
,-9.201,-1.524,-3.352,-9.244,-1.496,-3.297,0.84,0.84,0.91
37026.0,-9.27,-1.491,-3.302,-9.119,-1.536,-3.491,2.31,1.4,0.84
,-9.282,-1.498,-3.348,-9.194,-1.546,-3.482,2.03,1.19,0.63
,-9.225,-1.531,-3.453,-9.246,-1.512,-3.398,1.82,1.05,0.56
,-9.143,-1.565,-3.527,-9.21,-1.433,-3.305,1.75,0.84,0.7
37101.0,-9.249,-1.469,-3.278,-9.112,-1.699,-3.355,2.66,0.91,0.77
,-9.22,-1.522,-3.245,-9.215,-1.539,-3.419,2.24,0.77,0.7
,-9.258,-1.508,-3.391,-9.189,-1.567,-3.317,2.24,0.7,0.63
,-9.158,-1.515,-3.582,-9.222,-1.486,-3.242,1.26,0.56,0.7
37177.0,-9.256,-1.488,-3.221,-9.21,-1.529,-3.345,2.52,1.12,0.77
,-9.201,-1.498,-3.163,-9.184,-1.519,-3.317,1.89,1.19,0.63
,-9.263,-1.529,-3.252,-9.194,-1.496,-3.312,1.75,1.26,0.7
,-9.191,-1.553,-3.297,-9.253,-1.455,-3.333,1.75,1.4,0.7
37253.0,-9.225,-1.486,-3.422,-9.196,-1.589,-3.446,2.17,1.61,0.56
,-9.239,-1.508,-3.439,-9.198,-1.575,-3.379,1.82,1.47,0.56
,-9.174,-1.558,-3.52,-9.244,-1.515,-3.3,1.82,1.19,0.49
,-9.139,-1.589,-3.472,-9.268,-1.467,-3.309,2.31,1.33,0.49
37329.0,-9.275,-1.484,-3.283,-9.206,-1.515,-3.367,2.1,1.12,0.63
,-9.184,-1.524,-3.288,-9.198,-1.519,-3.314,1.89,1.19,0.7
,-9.222,-1.586,-3.36,-9.222,-1.522,-3.324,1.96,1.19,0.63
,-9.172,-1.594,-3.321,-9.232,-1.472,-3.252,2.52,1.12,0.63
37404.0,-9.21,-1.472,-3.285,-9.165,-1.582,-3.41,2.8,1.68,0.63
,-9.32,-1.517,-3.343,-9.21,-1.572,-3.384,2.31,1.54,0.49
,-9.217,-1.551,-3.355,-9.258,-1.522,-3.388,1.89,1.4,0.56
,-9.148,-1.565,-3.398,-9.246,-1.46,-3.396,1.96,1.4,0.63
37480.0,-9.165,-1.505,-3.388,-9.201,-1.567,-3.329,2.52,1.33,0.56
,-9.244,-1.539,-3.422,-9.261,-1.539,-3.343,2.31,1.33,0.63
,-9.198,-1.579,-3.417,-9.253,-1.503,-3.4,2.38,1.4,0.63
,-9.155,-1.565,-3.376,-9.22,-1.508,-3.491,2.52,1.54,0.7
37556.0,-9.191,-1.567,-3.451,-9.28,-1.479,-3.302,1.89,1.05,0.63
,-9.143,-1.637,-3.419,-9.179,-1.529,-3.254,2.52,1.19,0.63
,-9.201,-1.56,-3.384,-9.162,-1.553,-3.235,3.43,1.19,0.7
,-9.244,-1.484,-3.283,-9.201,-1.601,-3.264,3.85,1.19,0.77
37632.0,-9.253,-1.551,-3.233,-9.225,-1.5,-3.242,2.31,1.61,0.49
,-9.28,-1.575,-3.235,-9.234,-1.505,-3.276,2.1,1.75,0.56
,-9.249,-1.539,-3.218,-9.196,-1.481,-3.362,2.59,1.82,0.63
,-9.239,-1.534,-3.211,-9.194,-1.539,-3.343,2.73,2.17,0.7
37708.0,-9.206,-1.555,-3.391,-9.225,-1.541,-3.419,1.75,2.38,0.42
,-9.191,-1.613,-3.398,-9.251,-1.474,-3.419,1.82,2.1,0.49
,-9.186,-1.582,-3.422,-9.261,-1.484,-3.458,2.1,2.17,0.42
,-9.208,-1.539,-3.405,-9.21,-1.531,-3.453,2.45,2.38,0.56
37783.0,-9.198,-1.589,-3.501,-9.213,-1.572,-3.419,2.03,1.89,0.49
,-9.186,-1.546,-3.479,-9.203,-1.548,-3.386,2.59,1.82,0.56
,-9.184,-1.555,-3.463,-9.215,-1.488,-3.379,2.8,1.75,0.56
,-9.153,-1.601,-3.427,-9.167,-1.541,-3.379,2.8,1.75,0.63
37859.0,-9.194,-1.519,-3.343,-9.179,-1.57,-3.455,2.45,1.68,0.42
,-9.174,-1.531,-3.336,-9.177,-1.582,-3.496,2.45,1.82,0.56
,-9.246,-1.565,-3.431,-9.184,-1.56,-3.542,2.52,1.54,0.42
,-9.139,-1.56,-3.477,-9.16,-1.603,-3.448,2.52,1.47,0.42
37934.0,-9.189,-1.56,-3.352,-9.17,-1.536,-3.4,3.29,1.4,0.7
,-9.258,-1.555,-3.336,-9.146,-1.608,-3.415,3.22,1.33,0.56
,-9.263,-1.539,-3.384,-9.16,-1.594,-3.367,2.94,1.05,0.49
,-9.203,-1.467,-3.338,-9.194,-1.582,-3.333,2.38,1.26,0.49
38010.0,-9.229,-1.543,-3.273,-9.165,-1.601,-3.465,3.15,1.75,0.56
,-9.258,-1.474,-3.305,-9.196,-1.596,-3.544,2.66,1.75,0.49
,-9.241,-1.472,-3.36,-9.198,-1.586,-3.479,1.82,1.54,0.49
,-9.162,-1.536,-3.408,-9.165,-1.589,-3.477,1.26,1.61,0.49
38086.0,-9.174,-1.541,-3.441,-9.232,-1.543,-3.357,3.5,1.68,0.7
,-9.213,-1.596,-3.398,-9.22,-1.553,-3.372,3.22,1.54,0.7
,-9.203,-1.594,-3.336,-9.165,-1.582,-3.422,3.15,1.54,0.7
,-9.215,-1.582,-3.362,-9.162,-1.527,-3.431,3.01,1.61,0.77
38162.0,-9.162,-1.591,-3.451,-9.196,-1.541,-3.463,2.8,1.33,0.7
,-9.203,-1.603,-3.465,-9.191,-1.524,-3.453,2.8,1.4,0.84
,-9.182,-1.582,-3.482,-9.179,-1.512,-3.364,3.01,1.33,0.7
,-9.17,-1.548,-3.443,-9.208,-1.534,-3.264,3.08,1.33,0.77
38237.0,-9.22,-1.596,-3.266,-9.206,-1.546,-3.398,2.8,1.4,0.7
,-9.227,-1.563,-3.24,-9.172,-1.567,-3.494,2.94,1.61,0.7
,-9.246,-1.567,-3.293,-9.174,-1.625,-3.484,2.66,1.33,0.63
,-9.21,-1.531,-3.336,-9.184,-1.579,-3.484,2.17,1.47,0.63
38313.0,-9.17,-1.546,-3.558,-9.148,-1.622,-3.204,2.8,1.4,0.77
,-9.136,-1.529,-3.513,-9.229,-1.572,-3.326,2.87,1.12,0.84
,-9.186,-1.541,-3.465,-9.201,-1.584,-3.281,2.73,0.91,0.77
,-9.179,-1.579,-3.439,-9.227,-1.539,-3.281,2.59,0.98,0.77
38389.0,-9.165,-1.457,-3.453,-9.189,-1.606,-3.477,2.59,1.05,0.7
,-9.198,-1.529,-3.434,-9.194,-1.589,-3.405,2.03,1.12,0.77
,-9.165,-1.56,-3.479,-9.227,-1.508,-3.379,1.89,1.33,0.77
,-9.155,-1.665,-3.458,-9.232,-1.503,-3.446,2.38,1.4,0.84
38465.0,-9.17,-1.548,-3.427,-9.203,-1.582,-3.439,2.24,1.05,0.63
,-9.162,-1.572,-3.367,-9.206,-1.582,-3.479,2.24,1.26,0.7
,-9.179,-1.534,-3.393,-9.225,-1.577,-3.408,2.59,1.33,0.7
,-9.198,-1.575,-3.415,-9.194,-1.565,-3.46,2.73,1.19,0.63
38541.0,-9.17,-1.531,-3.465,-9.222,-1.627,-3.498,2.45,0.91,0.7
,-9.227,-1.558,-3.489,-9.22,-1.551,-3.475,2.24,0.77,0.77
,-9.124,-1.613,-3.479,-9.201,-1.548,-3.451,2.24,0.35,0.63
,-9.153,-1.618,-3.486,-9.174,-1.5,-3.451,2.45,0.56,0.7
38616.0,-9.15,-1.57,-3.472,-9.198,-1.603,-3.343,2.73,0.14,0.77
,-9.222,-1.551,-3.496,-9.206,-1.541,-3.281,2.94,-0.14,0.77
,-9.184,-1.548,-3.458,-9.241,-1.603,-3.178,3.43,-0.14,0.77
,-9.241,-1.527,-3.532,-9.28,-1.546,-3.147,3.57,-0.07,0.84
38692.0,-9.256,-1.517,-3.235,-9.215,-1.563,-3.35,2.87,0.56,0.77
,-9.165,-1.584,-3.226,-9.172,-1.572,-3.374,2.45,0.77,0.77
,-9.174,-1.62,-3.295,-9.182,-1.555,-3.486,2.31,0.77,0.84
,-9.201,-1.608,-3.302,-9.177,-1.505,-3.515,2.94,1.12,0.84
38767.0,-9.153,-1.553,-3.513,-9.232,-1.524,-3.204,2.31,0.7,0.77
,-9.213,-1.603,-3.472,-9.292,-1.515,-3.218,2.59,0.63,0.77
,-9.162,-1.606,-3.386,-9.28,-1.493,-3.276,3.29,0.7,0.84
,-9.201,-1.56,-3.254,-9.234,-1.508,-3.278,3.71,0.84,0.91
38843.0,-9.22,-1.531,-3.364,-9.182,-1.615,-3.427,1.61,0.98,0.56
,-9.208,-1.591,-3.348,-9.17,-1.598,-3.4,1.89,1.12,0.56
,-9.184,-1.553,-3.384,-9.227,-1.541,-3.338,2.24,1.05,0.49
,-9.172,-1.584,-3.417,-9.22,-1.498,-3.355,2.24,1.12,0.56
38919.0,-9.21,-1.503,-3.333,-9.239,-1.572,-3.29,2.31,1.26,0.7
,-9.229,-1.539,-3.364,-9.196,-1.555,-3.113,1.82,1.33,0.7
,-9.179,-1.661,-3.197,-9.237,-1.5,-3.281,2.1,1.47,0.7
,-9.162,-1.582,-3.307,-9.284,-1.474,-3.515,2.38,1.61,0.77
38995.0,-9.115,-1.586,-3.465,-9.186,-1.608,-3.436,0.49,1.54,0.7
,-9.167,-1.598,-3.587,-9.213,-1.541,-3.408,0.98,1.4,0.84
,-9.064,-1.73,-3.463,-9.356,-1.57,-3.348,1.05,1.4,0.84
,-9.191,-1.718,-3.486,-9.191,-1.388,-3.309,2.45,1.4,1.05
39070.0,-9.225,-1.522,-3.221,-9.189,-1.563,-3.376,2.8,1.26,1.05
,-9.182,-1.493,-3.295,-9.213,-1.553,-3.372,2.45,1.26,1.05
,-9.194,-1.543,-3.348,-9.222,-1.582,-3.259,2.17,1.05,1.05
,-9.217,-1.529,-3.451,-9.253,-1.536,-3.336,2.45,1.12,0.98
39146.0,-9.203,-1.522,-3.431,-9.179,-1.46,-3.403,3.22,1.4,1.05
,-9.136,-1.534,-3.546,-9.227,-1.479,-3.333,3.29,1.12,0.91
,-9.158,-1.563,-3.424,-9.246,-1.472,-3.419,3.29,1.4,0.91
,-9.136,-1.543,-3.403,-9.215,-1.541,-3.338,4.34,1.75,0.98
39222.0,-9.239,-1.596,-3.463,-9.217,-1.536,-3.173,1.26,0.56,0.21
,-9.141,-1.63,-3.336,-9.244,-1.371,-3.149,1.54,0.84,0.42
,-9.191,-1.687,-3.329,-9.289,-1.397,-3.199,1.82,0.91,0.42
,-9.179,-1.586,-3.314,-9.208,-1.314,-3.36,2.38,0.91,0.56
39298.0,-9.194,-1.479,-3.458,-9.182,-1.651,-3.726,-0.21,0.84,0.0
,-9.153,-1.642,-3.644,-9.131,-1.627,-3.664,-0.42,0.35,-0.07
,-9.162,-1.771,-3.795,-9.189,-1.589,-3.57,0.42,0.14,0.07
,-9.162,-1.651,-3.647,-9.316,-1.567,-3.577,1.96,-0.07,0.14
39373.0,-9.196,-1.496,-3.458,-9.131,-1.649,-3.486,2.66,-1.61,0.35
,-9.265,-1.639,-3.525,-9.17,-1.637,-3.405,2.52,-1.82,0.42
,-9.112,-1.596,-3.585,-9.22,-1.596,-3.307,2.73,-2.17,0.35
,-9.158,-1.639,-3.592,-9.263,-1.503,-3.245,3.22,-2.31,0.42
39449.0,-9.261,-1.441,-3.25,-9.263,-1.567,-3.032,4.55,-2.45,0.56
,-9.232,-1.536,-3.092,-9.131,-1.608,-2.666,3.43,-2.45,0.42
,-9.232,-1.503,-3.072,-9.177,-1.553,-2.831,2.8,-2.24,0.35
,-9.244,-1.613,-3.044,-9.241,-1.551,-2.903,2.8,-1.82,0.42
39525.0,-9.268,-1.565,-2.912,-9.313,-1.531,-2.522,3.22,0.21,0.56
,-9.191,-1.515,-2.79,-9.277,-1.433,-2.453,3.22,0.7,0.49
,-9.225,-1.622,-2.776,-9.409,-1.307,-2.477,3.29,1.33,0.35
,-9.22,-1.524,-2.692,-9.328,-1.256,-2.783,3.36,2.17,0.42
39600.0,-9.153,-1.464,-2.871,-9.471,-1.333,-3.369,-3.01,5.39,-0.7
,-9.083,-1.644,-2.833,-9.191,-1.519,-3.498,-3.22,6.23,-0.42
,-9.196,-1.752,-2.816,-9.026,-1.871,-3.451,-1.54,7.21,-0.28
,-9.351,-1.541,-2.831,-9.067,-1.993,-3.273,0.35,7.98,-0.21
39676.0,-9.141,-1.962,-2.95,-8.863,-1.388,-2.517,-2.03,7.07,0.49
,-9.227,-1.799,-2.594,-8.665,-1.374,-2.496,-1.61,7.77,0.91
,-9.44,-1.505,-2.458,-8.655,-1.582,-2.07,-2.03,7.63,1.19
,-9.261,-1.297,-2.589,-9.172,-1.486,-1.955,-5.39,6.37,0.98
39752.0,-9.095,-1.175,-2.324,-9.069,-1.524,-3.467,-2.24,16.87,1.26
,-9.079,-1.046,-2.517,-9.024,-1.17,-3.958,-2.8,18.06,1.05
,-9.024,-1.216,-3.132,-9.172,-0.924,-3.704,-5.39,18.2,0.77
,-8.839,-1.412,-3.379,-8.981,-0.699,-3.8,-6.44,19.32,0.7
39828.0,-8.957,-1.194,-3.405,-8.966,-1.809,-3.565,-11.69,17.57,-1.82
,-9.062,-1.62,-3.247,-8.885,-1.898,-3.75,-12.95,18.76,-1.47
,-8.906,-1.833,-3.41,-8.947,-1.709,-3.838,-11.69,19.11,-1.68
,-8.909,-1.855,-3.278,-9.038,-1.381,-4.156,-8.47,20.3,-1.47
39903.0,-9.127,-1.338,-4.575,-9.222,-1.962,-4.786,-5.11,18.97,-0.98
,-9.0,-1.342,-5.485,-8.823,-1.644,-4.805,-9.45,15.61,-1.26
,-8.722,-1.455,-5.791,-8.859,-1.613,-4.618,-12.18,14.07,-0.84
,-9.002,-1.922,-4.999,-8.832,-1.888,-4.48,-12.74,14.56,-0.42
39979.0,-8.935,-1.902,-4.168,-8.646,-1.519,-4.609,-6.44,10.43,1.82
,-8.918,-1.888,-4.111,-8.524,-1.656,-4.889,-3.99,10.01,2.24
,-9.076,-1.73,-4.154,-8.469,-1.977,-4.8,-1.68,9.24,2.03
,-8.897,-1.682,-4.597,-8.667,-2.192,-4.346,-1.96,7.98,2.1
40055.0,-8.765,-2.108,-3.953,-8.849,-1.003,-4.197,3.85,10.85,5.74
,-8.787,-1.732,-3.955,-8.918,-0.933,-4.128,7.49,12.11,5.6
,-8.751,-1.508,-3.97,-9.095,-0.548,-4.305,8.05,12.46,5.18
,-8.916,-1.237,-4.2,-9.184,-0.132,-4.262,7.35,12.46,5.25
40131.0,-9.069,-0.103,-4.381,-8.547,-2.381,-4.312,-2.8,12.11,1.96
,-8.741,-0.371,-4.52,-8.737,-2.568,-4.128,-7.49,10.92,1.4
,-8.593,-1.096,-4.544,-8.71,-2.328,-3.912,-10.36,10.15,1.96
,-8.629,-1.862,-4.515,-8.658,-1.68,-3.941,-10.08,9.03,2.45
40206.0,-8.576,-1.065,-4.252,-8.629,-1.017,-4.724,8.61,12.46,3.57
,-8.665,-0.823,-4.369,-8.224,-1.266,-4.893,4.9,12.81,4.06
,-8.928,-0.775,-4.709,-8.083,-1.603,-4.592,0.7,12.32,3.92
,-8.827,-0.881,-4.941,-8.48,-2.209,-4.429,-2.59,12.6,3.5
40282.0,-8.973,-2.572,-4.338,-8.378,-0.787,-4.599,6.93,14.77,5.04
,-9.024,-2.474,-4.212,-8.763,-0.696,-4.48,12.74,14.63,5.67
,-8.708,-2.012,-4.434,-8.866,-0.766,-4.695,16.87,14.91,5.6
,-8.39,-1.22,-4.599,-8.868,-0.732,-4.908,18.27,14.84,5.39
40357.0,-8.631,-0.782,-5.047,-8.835,-0.84,-5.217,-2.45,14.91,6.09
,-8.437,-0.905,-4.925,-8.739,-1.127,-5.063,-2.31,15.19,5.32
,-8.725,-0.847,-4.96,-8.373,-1.409,-4.934,0.21,14.42,4.62
,-8.784,-0.747,-5.19,-8.282,-1.534,-4.764,1.68,12.18,3.92
40433.0,-8.411,-1.385,-5.001,-8.49,0.0,-5.434,7.42,10.15,2.59
,-8.409,-1.077,-5.121,-8.397,-0.656,-5.3,7.63,9.45,2.38
,-8.882,-0.596,-5.006,-8.404,-1.56,-5.188,5.88,7.7,2.31
,-8.713,-0.029,-5.37,-8.705,-2.19,-4.932,1.47,4.13,2.31
40509.0,-8.571,-2.453,-4.968,-8.507,-0.72,-5.114,-10.43,5.39,4.06
,-8.265,-2.029,-5.037,-8.641,-0.644,-4.963,-2.45,6.44,2.94
,-8.325,-1.486,-4.984,-8.849,-0.479,-5.063,3.43,7.77,1.68
,-8.588,-0.967,-5.054,-8.751,-0.531,-5.145,5.6,8.19,1.19
40585.0,-8.337,-0.785,-5.209,-8.267,-1.869,-4.781,0.91,6.44,0.21
,-8.392,-1.024,-5.092,-8.301,-2.163,-4.707,0.91,6.79,-0.28
,-8.397,-1.476,-4.908,-8.229,-2.536,-4.599,0.77,6.79,-0.42
,-8.363,-1.716,-4.836,-8.445,-2.458,-4.714,2.73,6.37,-0.14
40661.0,-8.366,-2.187,-4.98,-8.418,-0.261,-4.925,12.46,8.82,4.13
,-8.54,-1.744,-4.934,-8.533,-0.019,-5.205,13.79,8.4,4.55
,-8.21,-0.859,-5.279,-8.887,-0.34,-4.908,14.35,8.4,4.2
,-8.361,-0.28,-5.262,-8.868,-0.354,-5.114,11.76,8.47,4.34
40736.0,-8.507,-0.424,-5.396,-8.409,-1.424,-5.707,1.61,8.89,-1.26
,-8.449,-0.854,-5.461,-8.27,-1.182,-5.446,1.61,8.61,-2.45
,-8.397,-1.251,-5.465,-8.325,-1.039,-5.487,3.57,8.54,-3.22
,-8.49,-1.182,-5.889,-8.1,-1.4,-5.516,6.93,7.7,-3.85
40812.0,-8.141,-1.752,-5.765,-8.744,-1.129,-5.815,-2.52,4.76,0.42
,-8.313,-2.386,-5.465,-8.514,-0.969,-5.745,-3.36,5.32,1.54
,-8.394,-1.859,-5.621,-8.22,-1.378,-5.504,1.82,4.83,1.61
,-8.574,-1.345,-5.867,-8.009,-2.118,-4.657,4.69,3.78,0.63
40888.0,-7.834,-1.661,-5.111,-8.332,-1.421,-5.147,-0.98,3.15,4.06
,-8.148,-2.051,-5.116,-8.208,-1.07,-5.552,-1.19,3.71,4.76
,-8.423,-1.996,-5.087,-8.129,-0.849,-5.532,1.26,4.27,4.76
,-8.614,-1.644,-5.257,-8.165,-0.493,-5.599,4.48,4.13,4.83
40964.0,-8.358,-0.263,-5.456,-8.354,-1.275,-5.264,5.18,4.34,3.64
,-8.512,-0.395,-5.427,-8.112,-1.364,-5.41,3.08,4.13,2.73
,-8.67,-0.763,-5.394,-8.119,-1.304,-5.341,1.12,4.06,2.1
,-8.67,-1.117,-5.425,-8.2,-1.345,-5.559,1.26,4.13,1.82
41039.0,-8.263,-1.402,-5.666,-8.04,-1.098,-5.939,3.99,5.53,2.52
,-8.404,-1.297,-5.712,-8.203,-1.115,-5.915,3.85,6.09,2.66
,-8.449,-1.079,-5.631,-8.306,-1.151,-5.858,3.5,5.95,2.73
,-8.167,-1.048,-5.705,-8.368,-1.132,-5.788,2.66,5.32,2.45
41115.0,-8.315,-1.146,-5.571,-8.368,-1.256,-5.54,1.68,4.97,1.4
,-8.184,-1.024,-5.755,-8.43,-1.017,-5.561,0.84,4.41,1.75
,-8.122,-1.271,-5.547,-8.454,-1.01,-5.497,-0.7,4.41,2.03
,-8.105,-1.385,-5.542,-8.461,-0.983,-5.465,-0.98,4.69,2.1
41190.0,-8.38,-0.991,-5.439,-8.363,-0.907,-5.319,-1.68,3.85,1.89
,-8.174,-0.782,-5.494,-8.287,-0.869,-5.477,-0.98,3.99,1.12
,-8.239,-0.603,-5.628,-8.339,-0.993,-5.532,-0.84,3.85,0.28
,-8.349,-0.711,-5.363,-8.306,-1.122,-5.623,-2.24,3.5,-0.7
41266.0,-8.399,-1.383,-5.58,-8.299,-1.29,-5.616,-1.61,2.38,-1.89
,-8.368,-1.414,-5.693,-8.169,-1.364,-5.839,-0.56,2.31,-2.1
,-8.287,-1.443,-5.571,-8.143,-1.553,-5.709,0.42,2.31,-1.82
,-8.229,-1.383,-5.439,-8.148,-1.567,-5.75,0.91,2.24,-1.33
41342.0,-8.148,-1.469,-5.772,-8.746,-1.141,-5.709,-2.03,-1.05,1.89
,-8.344,-1.33,-5.793,-8.536,-1.328,-5.623,-1.54,-1.26,2.24
,-8.275,-1.005,-5.951,-8.138,-1.378,-5.65,-0.98,-1.68,2.24
,-8.504,-0.991,-5.927,-7.949,-1.251,-5.774,-1.96,-1.89,1.96
41418.0,-8.1,-1.211,-5.717,-8.203,-0.986,-5.915,0.28,-5.18,1.68
,-8.363,-0.95,-5.788,-8.179,-1.129,-5.937,2.73,-6.16,1.68
,-8.447,-0.895,-5.755,-8.358,-1.283,-5.997,2.73,-7.07,1.4
,-8.366,-0.972,-5.815,-8.437,-1.28,-5.882,1.75,-7.14,1.33
41493.0,-8.38,-1.271,-5.808,-8.179,-1.201,-5.561,6.44,-5.74,-0.77
,-8.191,-1.426,-5.666,-8.086,-1.223,-5.482,7.35,-5.25,-0.7
,-8.332,-1.491,-5.444,-8.227,-1.012,-5.54,7.35,-5.81,-0.21
,-8.284,-1.316,-5.575,-8.361,-0.876,-5.398,7.91,-7.07,0.07
41569.0,-8.533,-0.778,-5.231,-8.32,-1.192,-5.19,8.75,-7.42,0.07
,-8.469,-0.732,-5.25,-8.38,-0.986,-5.176,8.12,-7.98,0.21
,-8.349,-0.761,-5.14,-8.375,-0.869,-5.078,6.65,-7.84,0.14
,-8.251,-0.902,-5.272,-8.425,-0.806,-5.027,5.74,-7.91,0.0
41645.0,-8.361,-0.771,-5.066,-8.629,-1.285,-4.769,8.68,-9.94,-0.56
,-8.33,-0.931,-4.929,-8.445,-1.132,-4.807,7.35,-9.87,-0.21
,-8.399,-1.182,-4.829,-8.356,-1.151,-4.841,6.93,-9.52,0.07
,-8.509,-1.364,-4.736,-8.332,-1.184,-4.815,7.7,-9.52,0.07
41721.0,-8.442,-1.302,-4.791,-8.737,-1.113,-4.695,7.7,-10.71,0.63
,-8.533,-1.383,-4.834,-8.67,-0.799,-4.953,7.28,-10.71,1.19
,-8.531,-1.225,-4.965,-8.603,-1.275,-4.764,7.0,-11.2,1.19
,-8.691,-1.323,-4.898,-8.492,-1.156,-4.755,5.32,-12.6,1.19
41797.0,-8.583,-1.342,-4.731,-8.729,-1.043,-4.85,2.03,-14.63,0.84
,-8.38,-1.182,-4.862,-8.799,-1.039,-4.769,3.78,-14.77,0.35
,-8.552,-1.177,-4.822,-8.739,-1.034,-4.793,5.04,-14.42,0.42
,-8.703,-1.161,-4.87,-8.583,-1.036,-4.836,6.3,-14.21,0.49
41872.0,-8.555,-1.149,-4.803,-8.792,-1.206,-4.446,5.6,-12.67,-0.42
,-8.471,-1.309,-4.714,-8.705,-1.192,-4.527,5.25,-12.81,-0.14
,-8.727,-1.34,-4.683,-8.595,-1.139,-4.59,6.16,-12.81,-0.07
,-8.808,-1.309,-4.554,-8.591,-1.091,-4.621,7.07,-12.74,-0.14
41948.0,-8.686,-1.134,-4.558,-8.82,-1.218,-4.228,7.56,-13.44,-0.42
,-8.923,-1.273,-4.374,-8.914,-1.141,-4.379,7.63,-13.23,-0.35
,-8.887,-1.256,-4.281,-8.825,-1.027,-4.405,7.49,-13.02,-0.07
,-8.799,-1.285,-4.238,-8.792,-1.043,-4.475,7.56,-12.74,0.0
42023.0,-8.818,-1.144,-4.298,-9.083,-1.098,-4.049,4.76,-14.07,-0.84
,-8.997,-1.397,-4.209,-8.825,-1.07,-3.955,3.5,-15.26,-1.05
,-9.052,-1.464,-4.152,-8.638,-1.218,-3.877,2.66,-16.52,-1.12
,-9.15,-1.223,-4.039,-8.583,-1.481,-3.664,2.31,-17.29,-1.33
42099.0,-8.696,-1.716,-3.699,-8.921,-1.259,-3.85,0.07,-13.23,-1.68
,-8.746,-1.776,-3.711,-8.971,-1.053,-3.898,2.17,-12.53,-1.12
,-8.918,-1.709,-3.745,-8.918,-0.957,-3.927,5.32,-11.34,-0.28
,-8.949,-1.445,-3.857,-8.945,-0.94,-3.628,8.47,-10.5,0.0
42175.0,-9.04,-1.041,-3.587,-9.105,-1.441,-3.63,6.65,-8.89,-0.56
,-8.988,-1.216,-3.384,-8.947,-1.553,-3.704,5.53,-8.4,-1.19
,-9.107,-1.251,-3.293,-8.971,-1.649,-3.743,4.62,-8.19,-1.26
,-9.148,-1.259,-3.415,-8.787,-1.773,-3.64,3.64,-8.54,-1.33
42251.0,-8.921,-1.732,-3.264,-9.203,-1.292,-3.446,6.02,-5.39,0.28
,-9.16,-1.472,-3.431,-9.11,-1.357,-3.544,7.14,-5.32,0.56
,-9.067,-1.424,-3.415,-9.162,-1.34,-3.388,5.88,-5.88,0.42
,-9.182,-1.326,-3.309,-9.127,-1.122,-3.302,4.2,-5.81,0.77
42326.0,-9.083,-0.881,-3.3,-9.093,-1.271,-3.477,5.32,-4.62,-0.77
,-9.117,-0.797,-3.295,-8.971,-1.374,-3.415,3.5,-5.11,-1.54
,-9.277,-0.873,-3.51,-9.064,-1.354,-3.053,-0.07,-6.3,-2.31
,-9.182,-1.017,-3.463,-9.222,-1.18,-3.154,-3.64,-6.79,-2.73
42402.0,-9.127,-1.017,-3.372,-9.0,-1.977,-3.398,-3.15,-3.99,-4.13
,-8.988,-1.103,-3.527,-9.141,-1.886,-3.513,-5.46,-3.78,-4.2
,-9.028,-1.4,-3.525,-9.107,-1.78,-3.716,-6.51,-2.87,-4.06
,-8.988,-1.797,-3.582,-8.99,-1.799,-3.714,-5.74,-1.75,-3.64
42477.0,-8.983,-2.01,-3.898,-9.179,-1.503,-3.642,2.45,0.21,-0.28
,-8.969,-2.027,-3.699,-9.134,-1.366,-3.52,5.53,0.98,0.42
,-9.129,-1.778,-3.778,-9.098,-1.345,-3.486,8.33,1.05,0.7
,-9.093,-1.555,-3.508,-9.036,-1.421,-3.262,9.38,1.61,0.98
42553.0,-9.076,-1.474,-3.23,-9.064,-1.144,-3.501,5.88,2.59,1.4
,-9.191,-1.409,-3.19,-9.028,-1.266,-3.62,7.49,2.94,1.4
,-9.198,-1.235,-3.273,-9.103,-1.268,-3.62,8.4,2.87,1.19
,-9.122,-1.165,-3.295,-9.079,-1.369,-3.723,7.63,2.94,1.05
42629.0,-9.127,-1.531,-3.745,-9.112,-1.295,-3.888,0.0,2.59,0.14
,-9.031,-1.725,-3.594,-9.134,-1.333,-4.07,0.07,2.94,0.35
,-9.182,-1.742,-3.565,-9.076,-1.479,-4.046,1.82,2.73,0.42
,-9.153,-1.498,-3.781,-9.033,-1.543,-3.924,3.36,2.52,0.42
42705.0,-9.019,-1.608,-3.721,-9.117,-1.374,-3.58,3.5,1.54,0.77
,-9.15,-1.579,-3.64,-9.095,-1.452,-3.561,4.62,1.47,0.84
,-9.261,-1.426,-3.613,-9.11,-1.481,-3.683,5.32,1.12,0.77
,-9.186,-1.292,-3.781,-9.275,-1.347,-3.893,5.18,0.49,0.63
42781.0,-9.143,-1.285,-4.164,-9.062,-1.658,-3.699,3.99,-0.7,0.35
,-8.935,-1.426,-4.118,-9.083,-1.689,-3.312,3.36,-1.12,0.56
,-8.935,-1.668,-4.056,-9.179,-1.601,-3.113,4.27,-0.91,0.7
,-9.016,-1.687,-3.944,-9.239,-1.457,-3.113,7.0,-0.98,0.77
42856.0,-9.198,-1.242,-3.044,-9.043,-1.589,-3.508,7.98,0.21,1.4
,-9.213,-1.201,-3.269,-9.081,-1.594,-3.34,5.95,0.49,1.4
,-9.119,-1.352,-3.3,-9.265,-1.424,-3.218,4.62,0.7,1.26
,-9.16,-1.548,-3.498,-9.316,-1.24,-3.317,4.9,1.05,1.19
42932.0,-9.256,-1.046,-3.649,-9.11,-1.869,-3.939,7.0,2.1,0.91
,-9.057,-1.098,-4.085,-9.146,-1.608,-3.738,3.36,0.98,0.49
,-8.851,-1.522,-4.073,-9.16,-1.371,-3.429,1.19,0.77,0.35
,-8.935,-1.845,-4.07,-9.112,-1.35,-3.082,3.01,1.05,0.63
43008.0,-9.153,-1.438,-2.749,-9.232,-1.424,-2.828,7.28,2.52,1.19
,-9.213,-1.575,-2.558,-9.189,-1.479,-3.223,6.37,3.43,1.12
,-9.282,-1.505,-2.642,-9.074,-1.546,-3.525,5.46,4.06,0.91
,-9.232,-1.457,-2.572,-9.024,-1.61,-3.915,3.78,4.76,0.7
43084.0,-8.985,-1.606,-4.226,-9.083,-1.505,-4.142,1.4,5.32,0.77
,-8.995,-1.455,-4.549,-9.177,-1.445,-3.879,2.24,4.62,0.63
,-9.005,-1.426,-4.57,-9.184,-1.347,-3.69,2.66,3.85,0.63
,-9.016,-1.515,-4.417,-9.225,-1.364,-3.57,3.22,3.5,0.91
43159.0,-9.105,-1.436,-3.434,-9.155,-1.711,-3.398,3.57,1.96,0.49
,-9.107,-1.553,-3.429,-9.129,-1.603,-3.491,2.87,2.1,0.42
,-9.04,-1.692,-3.403,-9.1,-1.546,-3.496,2.66,2.45,0.42
,-9.124,-1.723,-3.386,-9.062,-1.385,-3.592,2.94,3.01,0.63
43235.0,-9.103,-1.436,-3.68,-9.009,-1.548,-4.137,3.43,3.64,0.98
,-9.112,-1.529,-3.793,-9.012,-1.555,-4.087,3.01,3.57,1.05
,-9.064,-1.512,-4.008,-9.033,-1.536,-3.917,2.87,3.08,0.91
,-8.964,-1.481,-4.145,-9.115,-1.512,-3.771,2.94,2.52,0.91
43310.0,-9.136,-1.508,-3.546,-9.17,-1.517,-3.405,4.97,1.89,1.12
,-9.201,-1.519,-3.496,-9.119,-1.467,-3.52,4.62,1.75,0.84
,-9.107,-1.417,-3.398,-9.038,-1.515,-3.527,4.34,1.96,0.7
,-9.112,-1.452,-3.367,-9.086,-1.534,-3.546,3.5,2.24,0.7
43386.0,-9.095,-1.496,-3.652,-9.064,-1.45,-3.869,2.94,2.8,0.56
,-9.016,-1.517,-3.632,-9.028,-1.558,-3.922,3.01,3.01,0.42
,-9.129,-1.443,-3.676,-9.007,-1.603,-3.812,3.08,2.87,0.35
,-9.1,-1.412,-3.831,-9.043,-1.594,-3.702,2.66,2.59,0.21
43462.0,-9.139,-1.558,-3.587,-9.083,-1.522,-3.644,4.2,2.66,0.56
,-9.11,-1.505,-3.551,-9.064,-1.531,-3.821,4.13,2.94,0.7
,-9.117,-1.512,-3.484,-9.052,-1.582,-3.941,3.43,2.8,0.63
,-9.153,-1.474,-3.632,-9.014,-1.644,-3.903,2.8,2.66,0.49
43538.0,-9.076,-1.572,-3.927,-9.04,-1.522,-3.821,2.8,2.45,0.63
,-9.043,-1.546,-3.917,-9.067,-1.503,-3.769,3.36,2.17,0.7
,-9.127,-1.558,-3.915,-9.093,-1.508,-3.738,3.71,1.96,0.77
,-9.052,-1.51,-3.855,-9.064,-1.563,-3.702,3.78,1.89,0.98
43614.0,-9.093,-1.531,-3.699,-9.088,-1.474,-3.654,4.13,1.47,0.77
,-9.069,-1.541,-3.637,-9.081,-1.519,-3.69,4.06,1.54,0.7
,-9.098,-1.503,-3.616,-9.074,-1.531,-3.814,3.71,1.61,0.63
,-9.086,-1.498,-3.644,-8.995,-1.536,-3.874,3.5,1.68,0.63
43689.0,-8.978,-1.61,-3.92,-9.122,-1.488,-3.563,2.45,1.26,0.49
,-9.031,-1.608,-3.855,-9.081,-1.484,-3.503,3.29,1.4,0.56
,-9.081,-1.582,-3.817,-9.129,-1.481,-3.551,3.92,1.47,0.63
,-9.064,-1.519,-3.716,-9.098,-1.5,-3.714,3.99,1.54,0.56
43765.0,-9.031,-1.517,-3.817,-9.069,-1.551,-3.8,1.47,1.47,0.35
,-8.985,-1.639,-3.898,-9.141,-1.505,-3.793,1.47,1.54,0.49
,-8.966,-1.668,-3.874,-9.069,-1.551,-3.8,2.17,1.47,0.49
,-9.014,-1.601,-3.79,-9.016,-1.598,-3.867,3.08,1.4,0.42
43841.0,-8.983,-1.677,-3.912,-9.069,-1.508,-3.63,1.68,0.91,0.7
,-9.0,-1.644,-3.853,-9.131,-1.479,-3.656,2.87,0.77,0.84
,-9.076,-1.601,-3.776,-9.088,-1.467,-3.731,3.64,1.05,0.98
,-9.062,-1.551,-3.685,-9.007,-1.577,-3.714,3.92,1.12,1.12
43917.0,-9.021,-1.596,-3.719,-9.105,-1.541,-3.57,2.1,0.77,0.77
,-9.036,-1.586,-3.721,-9.095,-1.546,-3.496,2.73,0.77,0.91
,-9.038,-1.536,-3.671,-9.129,-1.5,-3.63,3.01,1.05,0.91
,-9.074,-1.536,-3.568,-9.019,-1.469,-3.702,2.87,1.33,0.98
43992.0,-8.971,-1.519,-3.79,-9.038,-1.577,-3.853,1.05,1.47,0.77
,-9.019,-1.589,-3.879,-9.076,-1.512,-3.802,0.91,1.33,0.7
,-8.988,-1.586,-3.908,-9.043,-1.56,-3.678,1.47,1.47,0.77
,-9.038,-1.579,-3.9,-9.1,-1.524,-3.62,2.03,1.26,0.77
44068.0,-9.095,-1.5,-3.616,-9.1,-1.469,-3.759,2.52,1.47,1.12
,-9.124,-1.536,-3.618,-9.007,-1.491,-3.898,2.31,1.68,1.05
,-9.088,-1.512,-3.592,-8.997,-1.529,-3.996,1.89,1.61,0.91
,-9.129,-1.51,-3.604,-9.033,-1.601,-3.994,1.54,1.61,0.84
44143.0,-8.973,-1.646,-3.932,-9.143,-1.51,-3.561,2.45,1.19,0.91
,-9.048,-1.575,-3.805,-9.165,-1.445,-3.589,3.64,1.26,0.98
,-9.086,-1.548,-3.702,-9.04,-1.429,-3.63,4.13,1.19,1.05
,-9.1,-1.491,-3.613,-9.048,-1.567,-3.642,3.99,1.61,1.12
44219.0,-9.074,-1.584,-3.766,-9.105,-1.512,-3.738,1.75,1.89,0.84
,-9.048,-1.529,-3.707,-9.052,-1.558,-3.762,2.45,1.96,0.77
,-8.997,-1.512,-3.745,-9.002,-1.553,-3.707,2.8,2.03,0.77
,-9.079,-1.46,-3.728,-9.05,-1.62,-3.838,2.52,1.96,0.77
44295.0,-9.074,-1.596,-3.695,-8.978,-1.515,-3.922,2.17,2.17,0.84
,-9.11,-1.5,-3.821,-8.969,-1.615,-3.908,2.59,1.82,0.7
,-9.069,-1.438,-3.721,-9.038,-1.575,-3.812,3.01,2.03,0.84
,-9.052,-1.426,-3.965,-9.105,-1.541,-3.79,2.17,1.54,0.7
44371.0,-9.088,-1.546,-3.699,-9.038,-1.539,-3.774,2.66,1.4,0.7
,-9.107,-1.531,-3.618,-9.024,-1.598,-3.8,2.31,1.47,0.77
,-9.076,-1.457,-3.709,-9.036,-1.567,-3.833,2.31,1.4,0.77
,-9.086,-1.57,-3.63,-9.019,-1.575,-3.838,1.96,1.61,0.91
44446.0,-9.043,-1.596,-3.788,-9.045,-1.486,-3.788,2.87,1.61,0.91
,-9.048,-1.563,-3.733,-9.031,-1.57,-3.807,3.08,1.47,0.98
,-9.11,-1.539,-3.74,-9.031,-1.579,-3.81,3.15,1.82,1.05
,-9.081,-1.522,-3.8,-9.031,-1.584,-3.79,3.08,1.47,0.98
44522.0,-9.048,-1.548,-3.781,-9.005,-1.527,-3.754,3.5,1.4,1.19
,-9.038,-1.546,-3.766,-9.019,-1.534,-3.821,3.57,1.4,1.19
,-9.067,-1.551,-3.757,-9.05,-1.517,-3.812,3.29,1.33,1.12
,-9.052,-1.596,-3.771,-9.033,-1.543,-3.829,3.22,1.4,1.19
44598.0,-9.06,-1.584,-3.788,-9.028,-1.467,-3.74,2.94,0.98,1.26
,-9.076,-1.555,-3.817,-9.062,-1.56,-3.774,3.15,0.98,1.19
,-9.021,-1.519,-3.783,-9.064,-1.539,-3.738,3.01,0.7,1.12
,-9.024,-1.527,-3.79,-9.072,-1.582,-3.702,2.8,0.91,1.12
44674.0,-9.117,-1.512,-3.704,-9.048,-1.541,-3.733,3.08,0.91,1.26
,-9.074,-1.438,-3.841,-9.076,-1.536,-3.714,2.87,0.84,1.12
,-9.045,-1.457,-3.766,-9.072,-1.524,-3.826,2.1,0.7,0.98
,-9.067,-1.598,-3.74,-9.076,-1.476,-3.826,1.75,0.84,1.12
44750.0,-9.043,-1.443,-3.85,-9.11,-1.634,-3.676,2.1,0.42,1.05
,-8.954,-1.469,-3.886,-9.107,-1.519,-3.683,1.89,0.42,1.05
,-9.002,-1.508,-3.91,-9.088,-1.486,-3.64,1.96,0.42,1.05
,-9.024,-1.606,-3.781,-9.045,-1.441,-3.628,2.17,0.63,1.19
44825.0,-9.05,-1.486,-3.64,-9.1,-1.45,-3.68,1.96,0.63,1.19
,-9.052,-1.493,-3.661,-9.079,-1.448,-3.75,1.82,0.77,1.12
,-9.079,-1.503,-3.604,-9.06,-1.426,-3.862,1.68,0.91,0.98
,-9.091,-1.508,-3.632,-9.045,-1.476,-3.853,1.82,0.98,1.05
44901.0,-9.026,-1.527,-3.798,-9.098,-1.474,-3.707,1.19,1.12,0.84
,-9.076,-1.575,-3.723,-9.038,-1.534,-3.716,1.68,1.19,0.84
,-9.117,-1.474,-3.702,-9.062,-1.464,-3.747,1.82,1.05,0.84
,-9.119,-1.481,-3.692,-9.067,-1.503,-3.781,1.54,1.05,0.84
44976.0,-9.074,-1.548,-3.759,-9.083,-1.498,-3.826,1.61,1.26,0.84
,-9.06,-1.522,-3.819,-9.067,-1.61,-3.845,1.61,1.12,0.84
,-9.024,-1.486,-3.783,-9.055,-1.615,-3.747,1.61,1.19,0.84
,-9.105,-1.5,-3.867,-9.083,-1.56,-3.726,1.82,1.05,0.91
45052.0,-9.081,-1.5,-3.549,-9.083,-1.546,-3.924,3.64,1.33,1.19
,-9.136,-1.374,-3.575,-9.012,-1.548,-3.975,3.36,1.33,1.05
,-9.112,-1.378,-3.628,-8.981,-1.579,-3.9,2.31,1.4,1.12
,-9.064,-1.467,-3.747,-9.043,-1.541,-3.836,1.75,1.19,0.91
45128.0,-9.091,-1.419,-3.826,-9.079,-1.527,-3.699,4.13,0.98,1.05
,-9.117,-1.438,-3.676,-9.05,-1.464,-3.678,3.43,0.77,0.98
,-9.1,-1.443,-3.685,-9.088,-1.553,-3.604,2.87,0.77,1.05
,-9.043,-1.479,-3.714,-9.086,-1.481,-3.632,2.59,0.77,0.98
45204.0,-9.136,-1.338,-3.64,-8.966,-1.627,-3.838,3.22,1.47,0.98
,-9.1,-1.359,-3.723,-9.072,-1.577,-3.769,2.1,1.26,0.77
,-9.043,-1.433,-3.795,-9.105,-1.524,-3.754,1.26,1.05,0.63
,-8.99,-1.551,-3.86,-9.095,-1.381,-3.692,1.33,1.05,0.56
45279.0,-9.1,-1.469,-3.726,-9.043,-1.572,-3.798,3.22,1.33,0.98
,-9.062,-1.45,-3.697,-9.105,-1.527,-3.769,2.87,1.19,0.7
,-9.055,-1.424,-3.764,-9.055,-1.412,-3.814,2.73,1.19,0.7
,-9.043,-1.515,-3.8,-9.081,-1.366,-3.783,2.59,1.12,0.77
45355.0,-9.06,-1.467,-3.812,-9.103,-1.462,-3.738,2.52,0.98,0.56
,-9.079,-1.548,-3.726,-9.129,-1.455,-3.697,2.17,0.91,0.49
,-9.074,-1.567,-3.841,-9.079,-1.474,-3.726,2.66,0.98,0.63
,-9.045,-1.529,-3.731,-9.064,-1.503,-3.716,3.15,0.98,0.63
45431.0,-9.026,-1.57,-3.692,-9.103,-1.488,-3.63,3.15,1.33,0.7
,-9.052,-1.522,-3.661,-9.105,-1.417,-3.697,3.5,1.26,0.7
,-9.079,-1.546,-3.644,-9.064,-1.359,-3.759,3.08,1.26,0.63
,-9.062,-1.548,-3.611,-9.04,-1.481,-3.807,3.01,1.33,0.77
45507.0,-9.026,-1.551,-3.795,-9.095,-1.498,-3.635,1.82,1.19,0.42
,-9.036,-1.57,-3.814,-9.117,-1.457,-3.654,2.38,1.26,0.56
,-9.06,-1.563,-3.759,-9.043,-1.424,-3.623,3.08,1.4,0.7
,-9.1,-1.515,-3.699,-9.064,-1.433,-3.69,3.43,1.4,0.77
45582.0,-9.074,-1.486,-3.771,-9.05,-1.51,-3.812,1.54,1.26,0.49
,-9.045,-1.555,-3.802,-9.1,-1.527,-3.81,1.47,1.19,0.56
,-9.069,-1.582,-3.829,-9.074,-1.488,-3.824,1.68,1.19,0.63
,-9.04,-1.543,-3.85,-9.033,-1.551,-3.709,2.45,1.26,0.63
45658.0,-9.045,-1.529,-3.666,-9.095,-1.496,-3.594,2.73,1.05,0.77
,-9.06,-1.519,-3.649,-9.076,-1.503,-3.692,2.87,1.19,0.77
,-9.06,-1.481,-3.549,-9.026,-1.529,-3.754,2.8,1.26,0.84
,-9.155,-1.438,-3.604,-8.997,-1.534,-3.85,2.52,1.33,0.84
45734.0,-9.072,-1.534,-3.824,-9.076,-1.472,-3.869,1.96,1.47,0.84
,-9.06,-1.484,-3.812,-9.081,-1.5,-3.821,2.38,1.54,0.91
,-9.055,-1.479,-3.812,-9.026,-1.579,-3.774,2.38,1.33,0.91
,-9.069,-1.464,-3.857,-9.057,-1.539,-3.733,2.31,1.05,0.84
45809.0,-9.115,-1.405,-3.654,-9.119,-1.541,-3.687,3.15,1.19,0.91
,-9.038,-1.452,-3.664,-9.086,-1.467,-3.764,2.45,1.19,0.84
,-9.081,-1.541,-3.685,-9.055,-1.448,-3.788,1.61,1.12,0.77
,-9.088,-1.543,-3.642,-9.048,-1.527,-3.829,1.61,1.33,0.77
45885.0,-9.024,-1.515,-3.819,-9.083,-1.503,-3.754,1.75,0.91,0.63
,-9.079,-1.503,-3.841,-9.048,-1.474,-3.735,2.24,0.84,0.84
,-9.036,-1.505,-3.766,-9.055,-1.457,-3.687,2.31,0.84,0.91
,-9.124,-1.524,-3.733,-9.06,-1.46,-3.666,2.73,1.05,0.91
45961.0,-9.107,-1.46,-3.697,-9.115,-1.515,-3.752,2.59,1.26,0.84
,-9.095,-1.491,-3.702,-9.095,-1.4,-3.831,2.17,0.98,0.84
,-9.036,-1.498,-3.726,-9.014,-1.443,-3.81,2.1,1.12,0.91
,-9.086,-1.543,-3.754,-9.086,-1.505,-3.819,2.31,1.33,0.98
46037.0,-9.0,-1.531,-3.795,-9.122,-1.45,-3.597,2.17,0.7,0.84
,-9.06,-1.534,-3.778,-9.093,-1.424,-3.647,2.59,0.84,0.84
,-9.098,-1.493,-3.685,-9.093,-1.445,-3.783,2.87,1.05,0.98
,-9.088,-1.5,-3.62,-9.031,-1.479,-3.831,3.15,1.26,0.98
46112.0,-9.014,-1.579,-3.905,-9.117,-1.46,-3.589,1.61,0.91,0.84
,-8.995,-1.61,-3.838,-9.119,-1.433,-3.616,2.52,0.91,0.91
,-9.04,-1.563,-3.786,-9.072,-1.484,-3.601,3.64,1.12,1.12
,-9.117,-1.474,-3.676,-9.095,-1.443,-3.733,3.99,1.19,1.05
46188.0,-9.048,-1.479,-3.807,-9.153,-1.45,-3.671,1.68,0.98,0.77
,-9.036,-1.527,-3.817,-9.148,-1.39,-3.678,1.82,1.19,0.84
,-9.033,-1.565,-3.716,-9.098,-1.445,-3.726,2.31,1.26,0.84
,-9.088,-1.541,-3.692,-9.033,-1.452,-3.728,3.15,1.54,0.91
46264.0,-9.012,-1.496,-3.836,-9.119,-1.464,-3.728,1.75,1.19,0.49
,-9.009,-1.527,-3.826,-9.083,-1.414,-3.714,2.1,1.26,0.77
,-9.057,-1.546,-3.8,-9.088,-1.467,-3.707,2.66,1.19,0.84
,-9.112,-1.491,-3.786,-9.081,-1.467,-3.738,2.87,1.19,0.77
46340.0,-9.057,-1.464,-3.843,-9.057,-1.551,-3.762,1.75,0.91,0.63
,-9.088,-1.481,-3.848,-9.088,-1.486,-3.738,1.89,0.77,0.56
,-9.062,-1.508,-3.841,-9.115,-1.469,-3.74,1.89,0.77,0.56
,-9.06,-1.546,-3.829,-9.019,-1.476,-3.678,2.38,0.77,0.7
46415.0,-8.983,-1.481,-3.723,-9.052,-1.584,-3.743,1.82,0.49,0.84
,-9.05,-1.484,-3.783,-9.098,-1.558,-3.735,1.75,0.28,0.77
,-9.04,-1.505,-3.821,-9.095,-1.481,-3.647,1.47,0.35,0.77
,-9.067,-1.567,-3.781,-9.064,-1.402,-3.635,1.82,0.49,0.77
46491.0,-9.143,-1.405,-3.637,-9.031,-1.534,-3.855,2.38,0.56,0.98
,-9.141,-1.419,-3.695,-9.067,-1.553,-3.86,1.89,0.42,0.84
,-9.112,-1.441,-3.783,-9.079,-1.484,-3.819,1.47,0.14,0.7
,-9.024,-1.5,-3.9,-9.098,-1.438,-3.776,1.4,0.07,0.77
46566.0,-9.146,-1.436,-3.692,-9.04,-1.464,-3.63,3.36,0.07,1.05
,-9.074,-1.429,-3.654,-9.117,-1.505,-3.683,3.01,0.14,0.98
,-9.115,-1.472,-3.745,-9.069,-1.527,-3.496,2.87,0.07,1.05
,-9.086,-1.383,-3.824,-9.122,-1.409,-3.501,2.87,-0.21,0.98
46642.0,-9.15,-1.385,-3.503,-9.036,-1.505,-3.747,3.15,0.49,0.77
,-9.146,-1.393,-3.496,-9.021,-1.536,-3.752,2.24,0.42,0.49
,-9.115,-1.45,-3.714,-9.05,-1.508,-3.673,1.68,0.7,0.49
,-9.045,-1.46,-3.74,-9.091,-1.488,-3.625,1.61,0.7,0.49
46718.0,-9.139,-1.376,-3.637,-9.074,-1.553,-3.699,3.15,0.84,0.35
,-9.134,-1.417,-3.64,-9.081,-1.522,-3.733,2.1,0.7,0.35
,-9.122,-1.481,-3.687,-9.155,-1.469,-3.726,1.12,0.7,0.28
,-9.081,-1.505,-3.692,-9.162,-1.441,-3.683,1.05,0.84,0.28
46794.0,-9.131,-1.409,-3.738,-9.072,-1.653,-3.64,3.01,0.63,0.35
,-9.107,-1.426,-3.747,-9.091,-1.577,-3.568,2.52,0.49,0.28
,-9.067,-1.45,-3.774,-9.139,-1.464,-3.561,1.89,0.49,0.35
,-9.04,-1.601,-3.731,-9.136,-1.39,-3.558,1.89,0.49,0.42
46870.0,-9.107,-1.412,-3.539,-9.083,-1.414,-3.711,3.5,0.98,0.35
,-9.098,-1.517,-3.57,-9.081,-1.407,-3.733,2.87,1.12,0.35
,-9.095,-1.496,-3.565,-9.062,-1.496,-3.711,2.87,1.19,0.35
,-9.134,-1.433,-3.635,-9.06,-1.522,-3.664,3.15,1.47,0.28
46945.0,-9.074,-1.572,-3.618,-8.997,-1.421,-3.587,3.22,1.33,0.14
,-9.076,-1.505,-3.532,-9.15,-1.608,-3.577,3.29,1.33,0.07
,-9.136,-1.476,-3.501,-9.014,-1.5,-3.721,2.87,1.47,0.14
,-9.143,-1.448,-3.534,-9.148,-1.658,-3.649,2.59,1.61,0.0
47021.0,-8.957,-1.586,-3.415,-9.124,-1.383,-3.776,2.45,2.03,0.0
,-9.086,-1.536,-3.723,-8.993,-1.508,-3.819,3.08,2.03,0.07
,-9.048,-1.438,-3.585,-9.122,-1.692,-3.652,3.5,2.17,0.21
,-9.239,-1.486,-3.704,-9.019,-1.529,-3.723,2.52,1.82,0.14
47097.0,-9.095,-1.527,-3.527,-9.134,-1.481,-3.599,3.5,2.24,0.35
,-9.105,-1.457,-3.427,-9.012,-1.462,-3.527,3.22,2.45,0.35
,-9.069,-1.441,-3.417,-9.069,-1.582,-3.58,2.66,2.59,0.28
,-9.124,-1.551,-3.331,-9.074,-1.546,-3.599,2.31,2.8,0.35
47173.0,-9.052,-1.563,-3.623,-9.088,-1.405,-3.398,3.36,3.64,0.35
,-9.11,-1.503,-3.577,-9.038,-1.273,-3.305,4.13,4.06,0.49
,-9.091,-1.426,-3.486,-9.091,-1.309,-3.324,3.92,4.41,0.42
,-9.038,-1.371,-3.455,-9.122,-1.314,-3.321,3.5,4.62,0.42
47248.0,-9.076,-1.433,-3.352,-9.05,-1.689,-3.175,-1.82,6.02,-0.77
,-9.052,-1.61,-3.467,-9.261,-1.419,-3.759,-2.87,6.37,-0.77
,-8.928,-1.756,-3.427,-8.976,-1.347,-4.219,-2.59,7.0,-0.56
,-8.964,-1.811,-3.345,-8.801,-1.627,-4.377,-1.12,7.77,-0.21
47324.0,-8.753,-1.991,-4.3,-9.081,-1.211,-4.039,-3.01,7.14,0.91
,-8.844,-1.945,-4.046,-8.842,-1.421,-3.977,1.26,7.91,1.26
,-9.016,-1.709,-3.743,-8.71,-1.685,-3.707,3.85,8.12,1.54
,-9.344,-1.376,-3.908,-8.911,-1.756,-3.408,3.22,6.79,1.61
47399.0,-9.005,-1.541,-2.986,-9.045,-1.531,-4.106,1.75,8.61,2.73
,-9.5,-1.268,-3.597,-9.043,-1.584,-3.891,1.68,7.14,2.31
,-9.026,-0.998,-4.183,-9.249,-1.165,-3.501,-3.15,4.41,1.4
,-8.804,-1.196,-4.288,-9.141,-0.811,-3.759,-7.56,3.71,1.4
47475.0,-8.885,-0.876,-3.51,-9.117,-1.893,-3.044,-11.13,3.99,-0.21
,-9.086,-1.345,-3.532,-8.949,-1.314,-3.381,-14.98,3.64,-0.21
,-8.61,-1.876,-3.266,-8.959,-0.873,-4.329,-15.4,5.11,0.35
,-8.847,-2.192,-2.661,-8.775,-0.964,-4.724,-9.87,8.19,1.12
47551.0,-8.849,-1.335,-4.602,-8.859,-1.412,-4.587,-7.84,9.52,0.14
,-9.122,-1.603,-4.13,-8.928,-1.756,-4.496,-6.51,10.71,0.21
,-9.136,-1.467,-4.214,-8.928,-2.053,-4.338,-4.69,9.73,-0.21
,-8.981,-1.302,-4.491,-9.04,-1.96,-4.03,-5.18,8.19,-0.77
47627.0,-8.995,-1.378,-4.362,-8.751,-1.235,-4.764,-3.71,4.06,1.96
,-8.576,-1.036,-4.75,-8.777,-1.168,-4.575,-5.88,2.45,1.75
,-8.796,-1.007,-5.001,-8.823,-1.211,-4.357,-8.19,2.31,2.24
,-8.646,-1.244,-4.927,-8.696,-1.352,-4.231,-9.45,2.94,2.1
47703.0,-8.703,-1.723,-4.274,-9.196,-1.553,-3.735,-3.15,4.13,1.05
,-8.859,-2.024,-3.64,-9.16,-1.548,-4.154,-0.84,4.97,1.61
,-9.098,-1.948,-3.762,-8.756,-1.45,-4.506,2.73,4.76,2.03
,-8.863,-1.713,-3.939,-8.717,-1.496,-4.491,3.43,4.2,2.24
47778.0,-8.698,-1.333,-4.223,-8.868,-0.905,-3.955,-1.61,5.11,4.97
,-8.703,-0.983,-3.977,-8.923,-1.256,-3.912,-0.28,5.46,4.48
,-8.897,-0.797,-3.819,-8.708,-1.362,-3.778,-0.77,5.39,4.2
,-8.871,-0.715,-4.011,-8.921,-1.443,-3.611,-3.01,4.55,3.92
47854.0,-8.782,-1.208,-4.013,-8.916,-1.335,-4.484,3.01,9.03,2.94
,-8.677,-0.993,-4.101,-8.827,-1.146,-4.652,2.8,8.89,2.94
,-8.713,-1.098,-4.269,-8.667,-0.895,-4.46,2.24,9.59,3.08
,-8.756,-1.29,-4.544,-8.782,-0.842,-4.252,1.75,10.36,3.15
47930.0,-8.804,-0.792,-4.018,-8.99,-1.237,-4.381,0.0,9.8,2.66
,-8.763,-0.73,-4.027,-9.139,-1.034,-4.31,-0.84,10.22,2.38
,-8.71,-1.01,-4.18,-9.22,-0.718,-4.661,-2.24,11.06,2.24
,-8.83,-1.259,-4.094,-8.988,-0.27,-5.037,-1.82,12.53,2.52
48006.0,-8.562,-0.39,-5.178,-8.859,-2.218,-4.448,0.77,6.86,-0.49
,-8.425,-1.098,-5.085,-8.681,-1.864,-4.393,-3.99,7.14,0.07
,-8.509,-1.764,-4.905,-8.808,-1.608,-4.207,-4.41,8.4,0.63
,-8.722,-2.201,-4.652,-8.65,-1.668,-4.391,-1.68,9.38,0.77
48081.0,-8.519,-1.462,-4.614,-8.488,-0.806,-5.317,1.12,7.91,4.62
,-8.564,-1.33,-5.224,-8.679,-0.725,-5.023,0.91,6.37,5.46
,-8.495,-1.29,-5.382,-8.875,-1.11,-4.673,0.49,6.16,5.39
,-8.543,-1.065,-5.339,-9.198,-1.268,-4.346,1.68,6.93,5.11
48157.0,-9.007,-1.204,-4.441,-8.617,-0.773,-5.508,-0.63,6.23,3.08
,-8.808,-0.907,-4.506,-8.772,-1.046,-5.365,0.21,4.76,3.15
,-8.605,-0.44,-4.965,-8.825,-1.295,-5.351,0.21,3.08,3.36
,-8.488,-0.469,-5.36,-8.746,-1.285,-5.209,-1.82,1.96,3.01
48232.0,-8.595,-1.244,-5.061,-8.459,-2.017,-4.893,-0.98,0.56,1.47
,-8.55,-1.328,-4.92,-8.516,-2.206,-4.872,-1.61,0.28,1.75
,-8.67,-1.464,-4.719,-8.552,-2.099,-4.865,-3.36,-0.77,2.73
,-8.674,-1.725,-4.566,-8.799,-1.304,-5.044,-5.18,-1.82,4.48
48308.0,-8.978,-0.505,-5.133,-8.696,-0.416,-4.288,9.38,-1.05,5.88
,-8.949,-0.091,-5.217,-8.528,-0.359,-4.324,7.42,-2.24,5.32
,-8.78,-0.16,-4.86,-8.588,-0.493,-4.343,3.29,-2.52,5.32
,-8.77,-0.287,-4.57,-8.753,-0.625,-4.432,1.19,-3.08,4.69
48384.0,-8.875,-0.737,-4.556,-8.579,-0.723,-4.568,0.7,-1.96,2.17
,-8.957,-0.737,-4.582,-8.404,-1.031,-4.602,3.71,-1.89,1.05
,-8.744,-0.505,-4.647,-8.256,-1.541,-4.623,6.02,-1.96,0.0
,-8.612,-0.543,-4.621,-8.449,-1.862,-4.537,6.44,-1.89,-0.77
48460.0,-8.715,-2.343,-4.362,-8.897,-0.771,-4.448,1.89,-0.63,3.5
,-8.854,-2.283,-4.312,-8.863,-0.268,-4.558,6.09,0.21,3.29
,-8.938,-2.065,-3.977,-8.973,-0.077,-4.633,9.03,1.26,3.08
,-8.928,-1.366,-4.35,-9.107,0.086,-4.417,12.32,1.26,2.73
48535.0,-8.961,0.177,-4.405,-8.928,-0.51,-4.671,4.69,0.49,1.47
,-8.449,0.194,-4.681,-8.904,-0.744,-4.707,3.22,0.84,0.07
,-8.701,0.017,-4.661,-8.945,-0.967,-4.781,2.66,2.03,-1.47
,-8.978,-0.172,-4.659,-8.916,-1.149,-4.891,2.17,2.38,-3.01
48611.0,-8.6,-1.498,-4.841,-8.648,-2.173,-4.532,7.35,2.52,-5.11
,-8.392,-1.512,-5.075,-8.744,-1.788,-4.678,5.67,2.24,-3.78
,-8.308,-2.029,-4.716,-8.504,-1.658,-4.731,4.48,2.59,-2.45
,-8.421,-2.211,-4.891,-8.471,-1.464,-4.355,5.11,3.08,-0.91
48687.0,-8.569,-0.948,-4.587,-8.734,-0.885,-4.551,4.48,2.59,4.2
,-8.581,-0.632,-4.769,-8.617,-1.082,-4.609,4.34,2.24,3.78
,-8.961,-0.605,-4.645,-8.662,-1.206,-4.556,2.73,2.38,3.57
,-9.007,-0.713,-4.602,-8.681,-1.168,-4.48,0.98,2.03,3.71
48763.0,-8.737,-0.96,-4.477,-8.643,-1.163,-4.893,5.18,3.43,3.01
,-8.701,-1.24,-4.561,-8.658,-1.003,-4.953,3.57,3.22,3.08
,-8.78,-1.376,-4.757,-8.945,-0.893,-4.905,4.34,3.29,3.01
,-8.763,-1.247,-4.709,-8.902,-0.814,-4.783,5.18,3.22,3.01
48839.0,-8.763,-1.132,-4.592,-8.768,-0.833,-4.862,3.36,2.1,2.66
,-8.421,-1.974,-4.188,-8.705,-0.512,-4.812,1.75,2.59,3.36
,-8.334,-1.833,-4.614,-8.835,-0.191,-4.898,3.92,4.13,3.71
,-8.691,-1.656,-4.499,-8.823,-0.079,-5.063,7.14,5.25,3.85
48914.0,-8.758,-0.232,-5.068,-8.411,-1.029,-4.846,-0.35,4.62,1.33
,-8.83,-0.426,-4.917,-8.634,-1.122,-4.937,-2.03,4.48,0.42
,-8.777,-0.622,-4.841,-8.885,-1.295,-4.891,-3.29,4.48,-0.07
,-8.524,-0.933,-4.872,-8.851,-1.409,-4.829,-3.71,4.62,-0.63
48990.0,-8.66,-1.481,-4.836,-9.045,-0.445,-5.03,-2.8,4.13,0.84
,-8.356,-1.335,-5.03,-8.997,-0.409,-5.075,-1.89,4.13,1.33
,-8.428,-1.12,-5.013,-8.815,-0.766,-4.929,-1.4,4.83,1.12
,-8.784,-0.715,-4.996,-8.708,-1.144,-4.929,-1.68,5.04,0.84
49065.0,-8.581,-1.278,-5.054,-8.787,-1.067,-4.925,-8.26,2.17,0.0
,-8.598,-1.256,-4.982,-8.751,-1.065,-4.831,-5.88,1.96,-0.35
,-8.641,-1.125,-5.049,-8.638,-1.098,-4.822,-4.27,1.89,-0.56
,-8.76,-1.005,-5.147,-8.634,-1.055,-4.989,-3.36,1.54,-0.63
49141.0,-8.792,-0.833,-4.934,-8.775,-1.225,-5.164,-6.37,1.4,1.75
,-8.751,-0.84,-5.049,-8.701,-1.314,-5.054,-7.49,0.98,2.17
,-8.684,-0.955,-5.138,-8.552,-1.22,-5.118,-8.82,0.77,2.1
,-8.734,-1.094,-5.164,-8.358,-1.153,-5.195,-9.1,0.77,2.24
49217.0,-8.428,-1.173,-5.212,-8.662,-0.682,-5.109,-5.74,-3.5,4.76
,-8.653,-1.077,-5.276,-8.713,-0.718,-5.157,-4.41,-3.85,4.83
,-8.765,-0.816,-5.312,-8.844,-0.742,-5.092,-3.43,-4.34,4.76
,-8.748,-0.663,-5.209,-8.808,-0.72,-5.202,-2.52,-4.62,4.62
49293.0,-8.969,-0.651,-4.882,-8.631,-0.505,-4.846,6.09,-4.55,-0.21
,-8.878,-0.548,-5.03,-8.796,-0.598,-4.592,8.19,-4.9,-1.82
,-8.737,-0.488,-4.994,-8.878,-0.507,-4.585,9.24,-5.25,-2.8
,-8.586,-0.433,-4.879,-8.574,-0.445,-4.7,9.59,-5.32,-2.94
49368.0,-8.514,-0.696,-4.657,-8.83,-0.835,-4.568,4.27,-8.47,-2.8
,-8.662,-0.897,-4.604,-8.808,-0.821,-4.518,3.43,-8.26,-2.66
,-8.777,-0.821,-4.74,-8.66,-0.799,-4.542,4.97,-9.03,-2.8
,-8.825,-0.773,-4.661,-8.622,-0.849,-4.532,6.23,-9.03,-3.15
49444.0,-8.82,-0.909,-4.458,-8.703,-1.115,-4.58,6.65,-8.33,-3.5
,-8.935,-0.914,-4.434,-8.892,-1.067,-4.357,6.51,-8.82,-3.29
,-8.746,-0.995,-4.523,-8.813,-0.761,-4.355,5.39,-9.66,-2.8
,-8.636,-1.072,-4.542,-8.693,-0.735,-4.393,4.83,-9.87,-2.66
49519.0,-8.681,-0.964,-4.439,-8.849,-1.086,-4.295,0.98,-11.06,-1.61
,-8.734,-1.242,-4.362,-8.854,-0.955,-4.458,0.91,-10.5,-1.26
,-8.837,-1.163,-4.31,-9.021,-1.156,-4.188,3.5,-10.08,-1.4
,-8.878,-1.141,-4.367,-9.16,-1.173,-4.209,4.2,-10.43,-1.89
49595.0,-8.839,-0.924,-4.317,-8.947,-1.266,-4.006,7.28,-10.71,-1.61
,-8.617,-1.005,-4.336,-8.875,-1.187,-4.082,4.97,-11.06,-0.98
,-8.768,-1.261,-4.183,-8.976,-1.108,-3.972,3.36,-11.41,-0.42
,-8.885,-1.335,-4.142,-8.923,-0.991,-4.013,3.08,-11.97,0.07
49671.0,-8.909,-0.943,-4.049,-8.83,-0.581,-3.912,7.56,-8.26,0.28
,-9.028,-0.876,-4.085,-9.28,-0.72,-3.637,9.24,-6.93,-0.07
,-9.062,-0.809,-3.932,-9.351,-0.491,-3.814,10.78,-5.88,-0.77
,-8.971,-0.684,-3.879,-8.964,-0.464,-4.049,12.39,-4.55,-1.54
49747.0,-8.882,-0.675,-3.927,-9.093,-0.668,-4.106,4.27,-8.61,-3.08
,-8.964,-0.885,-3.865,-9.15,-0.677,-4.089,2.8,-7.98,-3.43
,-9.024,-0.928,-3.759,-9.239,-1.17,-3.776,2.03,-8.47,-3.64
,-9.165,-0.778,-3.819,-9.225,-1.462,-3.623,1.19,-9.03,-3.64
49823.0,-8.863,-1.529,-3.697,-8.782,-0.811,-3.941,6.72,-3.57,-5.88
,-8.964,-1.579,-3.68,-8.832,-0.948,-3.898,9.87,-2.66,-5.46
,-9.15,-1.426,-3.798,-9.074,-1.196,-3.64,11.9,-3.57,-5.25
,-9.124,-1.06,-3.879,-9.038,-1.51,-3.393,11.34,-5.53,-5.53
49898.0,-9.093,-1.701,-3.161,-9.009,-2.017,-3.331,-0.56,-7.07,-3.92
,-9.05,-1.838,-3.3,-8.985,-1.778,-3.783,-0.07,-6.93,-3.36
,-8.899,-1.922,-3.309,-9.062,-1.254,-4.149,1.47,-5.46,-2.1
,-8.813,-2.008,-3.19,-8.947,-0.668,-4.271,4.55,-2.87,-0.84
49974.0,-8.959,-0.56,-3.984,-9.16,-1.297,-3.372,14.0,-1.47,0.7
,-9.048,-0.641,-3.525,-8.966,-1.653,-3.565,10.22,-0.63,0.28
,-9.148,-0.857,-3.233,-8.815,-2.027,-3.994,7.07,-0.63,-0.42
,-9.308,-1.053,-3.116,-8.653,-2.345,-3.872,4.41,-1.47,-0.77
50050.0,-9.0,-2.02,-3.692,-9.081,-0.936,-3.707,6.37,-0.84,2.17
,-9.194,-1.402,-3.553,-9.167,-1.106,-3.609,9.45,-0.77,2.59
,-9.222,-0.95,-3.599,-9.115,-1.027,-3.738,8.61,-1.54,2.38
,-9.203,-0.816,-3.628,-9.1,-1.005,-3.408,5.67,-2.03,2.45
50126.0,-9.162,-1.031,-3.113,-9.22,-0.861,-3.611,4.76,-1.19,0.35
,-9.256,-0.847,-3.01,-9.0,-1.263,-3.714,5.04,-1.19,-0.35
,-9.28,-0.718,-3.211,-9.134,-1.697,-3.333,3.71,-2.1,-1.05
,-9.261,-0.567,-3.278,-9.134,-1.594,-3.51,0.28,-2.87,-1.4
50201.0,-9.088,-1.498,-3.52,-9.179,-1.46,-3.47,-1.26,-1.89,-1.96
,-9.143,-1.345,-3.329,-9.34,-1.433,-3.833,-0.49,-1.26,-1.47
,-9.234,-1.378,-3.4,-9.033,-1.412,-3.778,-1.12,-1.05,-1.33
,-9.284,-1.395,-3.515,-9.095,-1.402,-3.532,-1.26,-0.77,-1.12
50277.0,-9.028,-1.33,-3.388,-9.191,-1.302,-3.084,4.76,0.84,-0.77
,-9.201,-1.29,-3.046,-9.203,-1.414,-3.068,5.95,1.89,-0.56
,-9.397,-1.101,-3.149,-9.143,-1.266,-3.18,5.46,1.47,-0.63
,-9.179,-1.175,-3.075,-9.296,-1.065,-3.259,3.92,1.61,-0.63
50352.0,-9.308,-0.974,-3.625,-9.076,-1.512,-3.862,3.71,2.87,-0.91
,-9.129,-1.103,-3.81,-9.086,-1.33,-4.097,1.19,2.66,-0.98
,-8.926,-1.493,-3.74,-8.94,-1.455,-4.027,0.14,3.29,-0.7
,-8.993,-1.697,-3.743,-8.983,-1.577,-3.807,2.31,3.99,-0.56
50428.0,-9.016,-1.582,-3.518,-9.129,-1.232,-3.35,6.79,3.43,0.56
,-9.158,-1.385,-3.161,-9.048,-1.24,-3.63,7.7,3.78,0.7
,-9.387,-1.187,-3.087,-8.988,-1.371,-3.609,6.72,3.85,0.77
,-9.189,-1.173,-3.223,-9.067,-1.417,-3.592,4.55,3.5,0.63
50504.0,-9.067,-1.486,-3.486,-9.048,-1.311,-3.776,4.83,5.18,0.63
,-9.206,-1.35,-3.498,-9.115,-1.345,-3.683,5.39,5.18,0.77
,-9.194,-1.304,-3.676,-9.136,-1.244,-3.843,4.76,4.83,0.7
,-9.086,-1.323,-3.661,-9.117,-1.342,-3.752,4.34,4.97,0.77
50580.0,-9.194,-1.445,-3.687,-9.167,-1.062,-3.671,3.85,5.18,0.56
,-9.143,-1.409,-3.676,-9.215,-1.07,-3.786,4.83,5.39,0.56
,-9.167,-1.283,-3.623,-9.103,-1.158,-3.869,5.74,5.32,0.42
,-9.217,-1.132,-3.611,-9.091,-1.345,-4.022,5.74,5.39,0.21
50655.0,-8.997,-1.436,-4.051,-8.99,-1.488,-3.955,0.63,3.85,-0.84
,-8.981,-1.579,-4.101,-9.119,-1.364,-4.011,1.96,3.85,-0.77
,-9.012,-1.665,-4.058,-9.091,-1.292,-4.135,3.22,3.64,-0.63
,-8.961,-1.575,-4.078,-9.093,-1.424,-4.152,3.92,3.01,-0.42
50731.0,-8.969,-1.634,-4.099,-9.162,-1.323,-3.762,4.83,2.17,0.49
,-8.971,-1.747,-3.991,-9.076,-1.328,-3.831,7.21,2.1,0.56
,-8.988,-1.594,-3.979,-9.064,-1.417,-3.747,9.59,2.03,0.98
,-9.098,-1.474,-3.781,-9.021,-1.496,-3.766,10.22,2.24,1.05
50807.0,-9.028,-1.551,-3.745,-9.143,-1.299,-3.436,7.07,1.47,1.4
,-9.033,-1.56,-3.527,-9.064,-1.184,-3.64,8.19,1.82,1.61
,-9.15,-1.512,-3.398,-9.014,-1.237,-3.869,9.03,2.03,1.82
,-9.146,-1.419,-3.381,-8.997,-1.424,-3.898,9.17,2.31,1.82
50883.0,-9.048,-1.534,-3.821,-9.158,-1.362,-4.068,4.76,2.52,1.54
,-9.091,-1.517,-3.912,-9.028,-1.424,-4.212,6.44,2.24,1.54
,-9.117,-1.371,-3.948,-9.036,-1.512,-4.097,7.35,2.03,1.61
,-9.117,-1.235,-3.908,-8.99,-1.546,-4.003,6.79,1.75,1.4
50959.0,-9.016,-1.589,-3.707,-9.213,-1.342,-3.477,6.3,1.05,1.4
,-9.074,-1.551,-3.439,-9.081,-1.326,-3.711,6.86,1.33,1.61
,-9.098,-1.486,-3.23,-8.995,-1.385,-3.932,6.72,1.75,1.68
,-9.227,-1.419,-3.297,-8.947,-1.522,-4.032,6.09,1.75,1.75
51034.0,-8.949,-1.551,-4.027,-9.043,-1.457,-3.891,5.53,1.54,1.68
,-9.112,-1.56,-3.979,-9.024,-1.419,-3.965,6.93,1.4,1.82
,-9.141,-1.496,-3.97,-8.993,-1.46,-3.917,7.28,1.05,1.96
,-9.091,-1.438,-3.936,-9.028,-1.419,-3.857,6.72,0.56,1.89
51110.0,-9.033,-1.438,-3.812,-9.167,-1.333,-3.35,6.86,-0.49,1.68
,-9.007,-1.385,-3.467,-9.155,-1.431,-3.417,7.35,0.07,1.89
,-9.213,-1.299,-3.417,-9.069,-1.431,-3.494,7.35,-0.07,1.54
,-9.172,-1.242,-3.436,-9.081,-1.376,-3.563,6.09,0.0,1.19
51185.0,-9.048,-1.318,-3.654,-9.06,-1.488,-3.824,3.36,1.05,0.84
,-9.026,-1.374,-3.738,-9.007,-1.448,-3.891,2.94,1.12,0.77
,-9.091,-1.378,-3.798,-9.107,-1.464,-3.831,2.73,1.33,0.77
,-9.088,-1.429,-3.934,-9.117,-1.417,-3.795,2.66,0.84,0.63
51261.0,-9.098,-1.491,-3.728,-9.074,-1.491,-3.783,2.87,0.63,0.7
,-9.201,-1.476,-3.793,-9.043,-1.472,-3.676,3.08,0.56,0.63
,-9.026,-1.436,-3.867,-9.162,-1.517,-3.451,3.85,0.14,0.49
,-9.045,-1.443,-3.829,-9.232,-1.457,-3.501,4.55,0.28,0.77
51337.0,-9.184,-1.426,-3.537,-9.04,-1.61,-3.716,4.34,0.42,0.77
,-9.093,-1.364,-3.63,-9.11,-1.524,-3.599,3.5,0.21,0.7
,-9.045,-1.441,-3.788,-9.15,-1.443,-3.477,3.01,0.14,0.7
,-9.014,-1.524,-3.869,-9.217,-1.28,-3.448,3.43,0.42,0.91
51413.0,-9.189,-1.24,-3.63,-9.086,-1.584,-3.728,4.2,0.63,0.7
,-9.093,-1.316,-3.747,-9.115,-1.517,-3.594,2.59,0.49,0.56
,-9.009,-1.505,-3.838,-9.165,-1.364,-3.482,2.38,0.77,0.63
,-9.031,-1.601,-3.807,-9.225,-1.271,-3.486,3.57,1.05,0.77
51488.0,-9.153,-1.307,-3.434,-9.048,-1.5,-3.75,3.71,1.68,0.56
,-9.182,-1.376,-3.637,-9.11,-1.4,-3.886,2.31,1.4,0.35
,-9.043,-1.479,-3.683,-9.036,-1.4,-3.905,1.82,1.47,0.21
,-9.014,-1.512,-3.683,-9.062,-1.462,-3.857,2.59,1.68,0.28
51564.0,-9.088,-1.476,-3.821,-9.129,-1.474,-3.699,3.15,1.05,0.21
,-9.127,-1.505,-3.783,-9.105,-1.498,-3.62,3.22,1.05,0.28
,-9.062,-1.536,-3.805,-9.165,-1.414,-3.685,3.5,0.77,0.14
,-9.095,-1.536,-3.695,-9.131,-1.395,-3.731,3.71,0.77,0.14
51640.0,-9.024,-1.46,-3.697,-9.136,-1.488,-3.654,2.66,0.49,0.0
,-9.064,-1.553,-3.697,-9.153,-1.436,-3.75,2.73,0.56,0.0
,-9.033,-1.551,-3.704,-9.043,-1.539,-3.747,3.36,0.56,0.07
,-9.095,-1.575,-3.683,-9.052,-1.512,-3.81,3.85,0.63,0.14
51716.0,-9.081,-1.56,-3.805,-9.057,-1.601,-3.912,3.99,0.28,0.28
,-9.1,-1.546,-3.783,-9.055,-1.575,-3.96,4.2,0.07,0.28
,-9.11,-1.57,-3.833,-9.048,-1.508,-3.912,4.06,0.0,0.35
,-9.119,-1.596,-3.896,-9.083,-1.443,-3.793,4.2,-0.14,0.42
51792.0,-9.148,-1.448,-3.707,-9.072,-1.541,-3.573,5.32,-1.12,0.56
,-9.143,-1.431,-3.589,-9.076,-1.577,-3.46,4.97,-1.26,0.56
,-9.127,-1.429,-3.448,-9.179,-1.51,-3.446,4.41,-1.33,0.42
,-9.127,-1.529,-3.58,-9.098,-1.476,-3.486,3.92,-1.47,0.42
51867.0,-9.093,-1.5,-3.398,-9.117,-1.589,-3.475,3.64,-0.56,0.7
,-9.095,-1.546,-3.465,-9.11,-1.673,-3.475,3.15,-0.56,0.56
,-9.105,-1.601,-3.405,-9.131,-1.618,-3.563,3.43,-0.21,0.63
,-9.146,-1.577,-3.525,-9.083,-1.541,-3.539,3.64,0.07,0.7
51943.0,-9.107,-1.491,-3.556,-9.153,-1.481,-3.412,5.53,1.05,1.26
,-9.141,-1.46,-3.451,-9.162,-1.508,-3.482,5.25,1.4,1.26
,-9.172,-1.414,-3.424,-9.184,-1.536,-3.563,4.83,1.26,1.12
,-9.119,-1.4,-3.41,-9.136,-1.517,-3.565,3.85,1.19,0.91
52018.0,-9.105,-1.589,-3.687,-9.119,-1.553,-3.778,2.24,1.33,0.77
,-9.069,-1.567,-3.805,-9.136,-1.484,-3.74,2.24,1.26,0.84
,-9.088,-1.539,-3.781,-9.115,-1.491,-3.666,2.59,1.19,0.98
,-9.086,-1.531,-3.798,-9.093,-1.445,-3.601,2.94,1.05,0.98
52094.0,-9.124,-1.476,-3.542,-9.119,-1.553,-3.463,3.36,0.63,0.98
,-9.141,-1.536,-3.491,-9.158,-1.534,-3.489,2.94,0.56,0.91
,-9.127,-1.515,-3.482,-9.143,-1.508,-3.546,2.8,0.63,0.77
,-9.131,-1.515,-3.486,-9.148,-1.541,-3.561,2.31,0.63,0.77
52170.0,-9.148,-1.51,-3.549,-9.098,-1.577,-3.64,3.01,1.33,0.91
,-9.127,-1.517,-3.632,-9.119,-1.531,-3.611,2.94,1.26,0.91
,-9.119,-1.503,-3.668,-9.124,-1.539,-3.539,2.73,0.98,0.7
,-9.083,-1.543,-3.644,-9.17,-1.517,-3.527,2.52,1.05,0.84
52246.0,-9.16,-1.493,-3.577,-9.129,-1.572,-3.587,3.36,1.26,0.98
,-9.141,-1.534,-3.515,-9.119,-1.534,-3.714,2.87,1.47,0.91
,-9.15,-1.534,-3.525,-9.079,-1.553,-3.745,2.87,1.54,0.98
,-9.131,-1.524,-3.616,-9.052,-1.589,-3.695,2.73,1.47,1.05
52321.0,-9.095,-1.589,-3.676,-9.203,-1.484,-3.486,3.71,1.05,1.19
,-9.074,-1.56,-3.616,-9.158,-1.519,-3.522,3.85,0.98,1.12
,-9.115,-1.496,-3.513,-9.172,-1.522,-3.558,3.71,0.98,1.12
,-9.153,-1.455,-3.486,-9.143,-1.505,-3.599,3.22,1.05,1.05
52397.0,-9.069,-1.591,-3.644,-9.146,-1.515,-3.616,2.45,0.91,1.05
,-9.076,-1.572,-3.676,-9.162,-1.56,-3.546,2.8,1.05,1.12
,-9.098,-1.565,-3.623,-9.179,-1.558,-3.508,2.94,1.05,1.12
,-9.107,-1.555,-3.599,-9.136,-1.543,-3.472,2.66,1.26,1.12
52473.0,-9.162,-1.467,-3.455,-9.146,-1.536,-3.534,2.59,1.54,1.12
,-9.143,-1.488,-3.408,-9.119,-1.572,-3.556,2.1,1.68,1.05
,-9.129,-1.524,-3.465,-9.064,-1.527,-3.628,1.68,2.03,1.19
,-9.127,-1.548,-3.41,-9.179,-1.591,-3.711,1.47,2.03,1.12
52549.0,-9.139,-1.486,-3.771,-9.15,-1.541,-3.716,2.03,1.82,1.12
,-9.107,-1.484,-3.872,-9.16,-1.464,-3.711,1.89,1.47,1.05
,-9.043,-1.498,-3.845,-9.1,-1.467,-3.666,1.75,1.26,1.12
,-9.048,-1.57,-3.759,-9.112,-1.572,-3.64,2.31,1.26,1.26
52624.0,-9.093,-1.481,-3.546,-9.067,-1.543,-3.592,2.52,0.98,1.05
,-9.155,-1.498,-3.618,-9.155,-1.529,-3.594,2.66,1.12,1.19
,-9.136,-1.464,-3.647,-9.127,-1.474,-3.577,2.31,0.77,1.12
,-9.11,-1.51,-3.553,-9.086,-1.484,-3.613,2.17,0.84,1.12
52700.0,-9.134,-1.496,-3.553,-9.107,-1.474,-3.568,2.45,1.12,1.19
,-9.15,-1.464,-3.522,-9.155,-1.543,-3.58,2.73,1.19,1.12
,-9.15,-1.443,-3.553,-9.081,-1.541,-3.553,2.73,1.12,1.12
,-9.124,-1.455,-3.57,-9.095,-1.488,-3.549,2.24,1.12,0.98
52776.0,-9.143,-1.517,-3.573,-9.119,-1.488,-3.695,2.59,1.12,0.91
,-9.15,-1.464,-3.585,-9.098,-1.508,-3.709,2.66,1.12,0.98
,-9.069,-1.431,-3.601,-9.091,-1.579,-3.589,2.38,1.26,0.91
,-9.11,-1.426,-3.678,-9.117,-1.591,-3.587,2.1,1.12,0.84
52851.0,-9.143,-1.577,-3.527,-9.103,-1.474,-3.568,2.87,1.26,1.05
,-9.112,-1.508,-3.422,-9.093,-1.455,-3.666,2.8,1.33,1.12
,-9.162,-1.481,-3.405,-9.048,-1.517,-3.743,2.59,1.54,1.12
,-9.186,-1.46,-3.486,-9.086,-1.531,-3.774,2.03,1.4,0.98
52927.0,-9.076,-1.548,-3.754,-9.115,-1.488,-3.532,2.94,1.33,1.26
,-9.122,-1.524,-3.714,-9.172,-1.534,-3.479,3.5,1.26,1.12
,-9.141,-1.462,-3.714,-9.158,-1.46,-3.479,3.43,0.98,1.05
,-9.148,-1.438,-3.707,-9.143,-1.421,-3.501,3.01,0.98,1.12
53003.0,-9.15,-1.369,-3.472,-9.17,-1.4,-3.475,2.31,1.19,0.98
,-9.153,-1.505,-3.47,-9.131,-1.421,-3.565,2.1,1.61,0.98
,-9.17,-1.551,-3.429,-9.136,-1.503,-3.671,2.24,1.75,0.91
,-9.17,-1.486,-3.451,-9.1,-1.519,-3.762,2.45,1.96,0.84
53079.0,-9.069,-1.505,-3.869,-9.16,-1.508,-3.618,1.61,1.47,0.77
,-9.112,-1.51,-3.855,-9.131,-1.441,-3.494,2.03,1.33,0.7
,-9.055,-1.536,-3.805,-9.153,-1.457,-3.422,2.31,1.12,0.77
,-9.098,-1.51,-3.709,-9.177,-1.472,-3.384,2.66,1.05,0.77
53154.0,-9.146,-1.476,-3.458,-9.069,-1.527,-3.817,2.24,1.33,0.63
,-9.153,-1.508,-3.51,-9.033,-1.572,-3.757,2.1,1.47,0.7
,-9.162,-1.457,-3.642,-9.107,-1.517,-3.754,1.75,1.19,0.49
,-9.119,-1.472,-3.774,-9.119,-1.467,-3.666,1.12,0.98,0.42
53230.0,-9.184,-1.417,-3.644,-9.117,-1.534,-3.503,2.94,0.56,0.7
,-9.136,-1.484,-3.649,-9.139,-1.455,-3.451,2.38,0.63,0.7
,-9.11,-1.524,-3.625,-9.186,-1.433,-3.398,2.17,0.49,0.63
,-9.088,-1.531,-3.58,-9.182,-1.424,-3.419,2.59,0.7,0.77
53306.0,-9.189,-1.39,-3.695,-9.095,-1.606,-3.733,2.24,1.26,0.77
,-9.088,-1.481,-3.707,-9.148,-1.546,-3.707,1.54,1.19,0.63
,-9.038,-1.508,-3.74,-9.179,-1.448,-3.618,1.4,0.91,0.49
,-9.043,-1.539,-3.778,-9.153,-1.445,-3.587,1.75,1.12,0.56
53382.0,-9.158,-1.431,-3.565,-9.124,-1.517,-3.594,2.66,0.56,0.7
,-9.141,-1.464,-3.592,-9.198,-1.45,-3.597,2.31,0.7,0.7
,-9.103,-1.505,-3.64,-9.131,-1.436,-3.62,2.31,0.77,0.77
,-9.141,-1.529,-3.542,-9.117,-1.496,-3.635,2.73,0.84,0.98
53457.0,-9.064,-1.496,-3.647,-9.206,-1.424,-3.403,2.17,0.56,0.7
,-9.105,-1.529,-3.642,-9.184,-1.431,-3.441,2.59,0.77,0.91
,-9.098,-1.481,-3.58,-9.234,-1.393,-3.506,3.08,0.56,0.84
,-9.127,-1.484,-3.448,-9.112,-1.455,-3.628,3.43,0.84,0.91
53533.0,-9.1,-1.541,-3.594,-9.115,-1.5,-3.563,1.89,1.05,0.7
,-9.107,-1.51,-3.64,-9.117,-1.469,-3.51,2.52,0.98,0.63
,-9.093,-1.503,-3.661,-9.129,-1.488,-3.498,2.94,0.98,0.63
,-9.167,-1.484,-3.63,-9.201,-1.474,-3.467,2.8,0.84,0.63
53608.0,-9.153,-1.429,-3.53,-9.11,-1.563,-3.632,2.52,1.26,0.7
,-9.117,-1.455,-3.618,-9.172,-1.582,-3.635,2.1,1.19,0.63
,-9.103,-1.443,-3.597,-9.112,-1.522,-3.604,1.68,1.19,0.56
,-9.062,-1.531,-3.637,-9.131,-1.457,-3.553,1.54,1.05,0.56
53684.0,-9.162,-1.46,-3.606,-9.167,-1.474,-3.539,2.38,1.33,0.91
,-9.083,-1.484,-3.553,-9.158,-1.498,-3.534,2.24,1.26,0.84
,-9.172,-1.467,-3.549,-9.127,-1.481,-3.642,2.24,1.33,0.91
,-9.148,-1.522,-3.537,-9.107,-1.476,-3.664,2.31,1.26,0.91
53760.0,-9.131,-1.51,-3.616,-9.184,-1.445,-3.498,2.24,1.4,0.84
,-9.15,-1.472,-3.609,-9.167,-1.35,-3.558,2.45,1.4,0.91
,-9.15,-1.486,-3.542,-9.119,-1.445,-3.699,2.87,1.54,0.91
,-9.167,-1.496,-3.496,-9.086,-1.531,-3.707,3.08,1.47,0.91
53836.0,-9.112,-1.553,-3.668,-9.131,-1.479,-3.599,1.82,1.26,0.63
,-9.103,-1.531,-3.668,-9.119,-1.498,-3.585,2.73,1.33,0.77
,-9.182,-1.457,-3.654,-9.072,-1.515,-3.551,3.36,1.4,0.84
,-9.1,-1.424,-3.606,-9.148,-1.536,-3.465,3.22,1.19,0.84
53912.0,-9.143,-1.486,-3.479,-9.091,-1.536,-3.577,2.87,1.54,0.77
,-9.143,-1.481,-3.501,-9.143,-1.464,-3.542,2.73,1.47,0.84
,-9.17,-1.464,-3.565,-9.153,-1.488,-3.551,2.31,1.54,0.84
,-9.112,-1.5,-3.57,-9.213,-1.433,-3.582,2.1,1.61,0.77
53987.0,-9.194,-1.469,-3.64,-9.146,-1.488,-3.676,1.75,1.54,0.56
,-9.098,-1.527,-3.652,-9.129,-1.488,-3.604,1.75,1.68,0.7
,-9.1,-1.565,-3.692,-9.1,-1.467,-3.563,1.89,1.54,0.7
,-9.115,-1.522,-3.719,-9.165,-1.452,-3.589,2.17,1.61,0.77
54063.0,-9.177,-1.438,-3.561,-9.095,-1.508,-3.63,2.45,1.47,0.77
,-9.179,-1.467,-3.587,-9.093,-1.555,-3.623,2.17,1.26,0.56
,-9.117,-1.51,-3.659,-9.184,-1.467,-3.553,1.82,1.33,0.56
,-9.081,-1.529,-3.64,-9.136,-1.414,-3.561,1.82,1.33,0.63
54139.0,-9.172,-1.445,-3.568,-9.124,-1.558,-3.695,2.59,1.4,0.7
,-9.119,-1.412,-3.664,-9.162,-1.534,-3.609,2.17,1.12,0.63
,-9.081,-1.5,-3.702,-9.17,-1.431,-3.546,1.89,1.05,0.7
,-9.143,-1.575,-3.719,-9.208,-1.464,-3.518,2.38,1.12,0.7
54215.0,-9.172,-1.419,-3.532,-9.091,-1.498,-3.62,2.1,1.05,0.7
,-9.143,-1.484,-3.625,-9.143,-1.438,-3.647,1.61,1.05,0.56
,-9.103,-1.517,-3.64,-9.112,-1.45,-3.632,1.82,1.26,0.63
,-9.124,-1.548,-3.731,-9.103,-1.429,-3.654,2.52,1.47,0.77
54290.0,-9.107,-1.505,-3.644,-9.179,-1.436,-3.553,2.31,0.91,0.63
,-9.091,-1.529,-3.563,-9.1,-1.455,-3.534,2.45,1.12,0.7
,-9.122,-1.534,-3.549,-9.134,-1.479,-3.534,2.87,1.19,0.77
,-9.227,-1.469,-3.532,-9.115,-1.522,-3.46,3.43,1.26,0.77
54366.0,-9.15,-1.476,-3.475,-9.091,-1.589,-3.754,2.94,1.61,0.7
,-9.213,-1.417,-3.532,-9.076,-1.531,-3.778,2.66,1.61,0.56
,-9.112,-1.417,-3.585,-9.1,-1.5,-3.733,1.89,1.68,0.56
,-9.119,-1.481,-3.625,-9.162,-1.534,-3.707,1.61,1.61,0.42
54441.0,-9.112,-1.488,-3.561,-9.174,-1.445,-3.58,3.08,1.4,0.63
,-9.162,-1.443,-3.496,-9.129,-1.512,-3.69,2.87,1.47,0.7
,-9.141,-1.45,-3.465,-9.055,-1.512,-3.733,2.52,1.4,0.63
,-9.141,-1.474,-3.477,-9.045,-1.56,-3.771,2.24,1.61,0.63
54517.0,-9.105,-1.531,-3.699,-9.162,-1.5,-3.496,2.73,1.33,0.63
,-9.105,-1.527,-3.673,-9.148,-1.469,-3.525,3.15,1.19,0.7
,-9.143,-1.486,-3.618,-9.1,-1.467,-3.57,3.08,1.26,0.7
,-9.146,-1.5,-3.491,-9.139,-1.452,-3.632,2.94,1.33,0.77
54593.0,-9.107,-1.515,-3.668,-9.131,-1.484,-3.568,2.73,1.47,0.56
,-9.122,-1.467,-3.647,-9.167,-1.476,-3.577,2.8,1.47,0.63
,-9.074,-1.531,-3.594,-9.155,-1.417,-3.599,3.08,1.54,0.84
,-9.119,-1.539,-3.606,-9.122,-1.429,-3.664,3.36,1.68,0.84
54669.0,-9.162,-1.462,-3.771,-9.139,-1.467,-3.553,2.73,1.33,0.56
,-9.105,-1.5,-3.764,-9.134,-1.426,-3.46,2.59,1.19,0.49
,-9.045,-1.527,-3.762,-9.155,-1.426,-3.419,2.8,1.12,0.63
,-9.081,-1.582,-3.678,-9.158,-1.417,-3.448,3.57,1.26,0.63
54745.0,-9.103,-1.496,-3.455,-9.103,-1.543,-3.666,1.82,1.4,0.21
,-9.136,-1.529,-3.53,-9.06,-1.555,-3.635,1.89,1.54,0.21
,-9.091,-1.531,-3.594,-9.1,-1.57,-3.699,1.89,1.68,0.35
,-9.127,-1.519,-3.611,-9.103,-1.567,-3.63,2.03,1.89,0.42
54820.0,-9.107,-1.61,-3.613,-9.143,-1.491,-3.532,2.17,1.61,0.63
,-9.105,-1.563,-3.647,-9.1,-1.5,-3.53,2.66,1.68,0.7
,-9.043,-1.572,-3.527,-9.136,-1.508,-3.51,3.22,1.68,0.77
,-9.088,-1.476,-3.601,-9.15,-1.508,-3.573,3.29,1.89,0.77
54896.0,-9.146,-1.455,-3.704,-9.095,-1.512,-3.824,1.82,1.82,0.77
,-9.136,-1.424,-3.721,-9.079,-1.548,-3.728,1.61,1.68,0.63
,-9.088,-1.512,-3.831,-9.16,-1.529,-3.652,1.47,1.4,0.63
,-9.095,-1.541,-3.826,-9.115,-1.534,-3.613,1.96,1.54,0.84
54972.0,-9.072,-1.481,-3.527,-9.165,-1.443,-3.57,2.66,1.26,0.91
,-9.107,-1.486,-3.537,-9.131,-1.498,-3.594,2.59,1.33,0.91
,-9.184,-1.474,-3.522,-9.093,-1.472,-3.704,2.38,1.4,0.84
,-9.112,-1.493,-3.551,-9.134,-1.472,-3.754,2.24,1.4,0.77
55048.0,-9.055,-1.474,-3.817,-9.139,-1.467,-3.637,0.98,0.91,0.7
,-9.062,-1.589,-3.857,-9.177,-1.4,-3.644,1.33,0.77,0.77
,-9.016,-1.582,-3.769,-9.179,-1.397,-3.453,2.1,0.63,0.91
,-9.098,-1.555,-3.695,-9.148,-1.441,-3.467,3.15,0.77,0.84
55123.0,-9.139,-1.445,-3.489,-9.1,-1.51,-3.714,1.75,0.91,0.63
,-9.107,-1.508,-3.527,-9.052,-1.443,-3.611,1.75,0.91,0.63
,-9.064,-1.519,-3.582,-9.129,-1.467,-3.537,1.96,1.12,0.63
,-9.057,-1.484,-3.618,-9.124,-1.431,-3.611,2.38,1.4,0.7
55199.0,-9.124,-1.419,-3.64,-9.11,-1.591,-3.845,1.68,1.26,0.42
,-9.141,-1.429,-3.743,-9.105,-1.503,-3.821,0.91,0.84,0.35
,-9.098,-1.481,-3.814,-9.143,-1.498,-3.685,0.91,0.63,0.35
,-9.067,-1.531,-3.867,-9.115,-1.515,-3.649,1.4,0.56,0.42
55274.0,-9.146,-1.498,-3.589,-9.148,-1.503,-3.692,2.66,0.35,0.7
,-9.155,-1.575,-3.553,-9.079,-1.508,-3.745,2.59,0.14,0.7
,-9.127,-1.539,-3.613,-9.1,-1.484,-3.716,2.66,0.0,0.7
,-9.131,-1.531,-3.637,-9.105,-1.519,-3.702,2.8,-0.07,0.77
55350.0,-9.134,-1.496,-3.668,-9.091,-1.421,-3.532,3.64,-0.14,0.98
,-9.072,-1.534,-3.635,-9.15,-1.448,-3.534,3.99,-0.14,0.98
,-9.139,-1.534,-3.534,-9.148,-1.5,-3.537,4.2,-0.14,0.98
,-9.131,-1.467,-3.57,-9.119,-1.543,-3.494,4.41,0.07,0.84
55426.0,-9.119,-1.572,-3.625,-9.05,-1.496,-3.319,3.01,0.0,0.84
,-9.064,-1.56,-3.553,-9.196,-1.46,-3.47,2.94,0.14,0.77
,-9.127,-1.577,-3.577,-9.098,-1.519,-3.376,3.71,0.35,0.91
,-9.105,-1.412,-3.762,-9.21,-1.543,-3.448,4.76,0.42,0.98
55502.0,-9.167,-1.45,-3.475,-9.095,-1.553,-3.592,3.85,0.63,0.7
,-9.158,-1.45,-3.436,-9.086,-1.527,-3.577,2.94,0.77,0.7
,-9.131,-1.491,-3.451,-9.057,-1.57,-3.41,2.66,0.84,0.77
,-9.162,-1.515,-3.69,-9.229,-1.455,-3.585,2.38,0.56,0.56
55577.0,-9.203,-1.424,-3.568,-9.112,-1.512,-3.558,3.22,0.84,0.77
,-9.172,-1.524,-3.539,-9.064,-1.438,-3.551,2.45,0.77,0.77
,-9.16,-1.534,-3.594,-9.155,-1.522,-3.436,2.59,0.84,0.77
,-9.062,-1.553,-3.501,-9.139,-1.484,-3.419,2.73,0.91,0.77
55653.0,-9.203,-1.479,-3.501,-9.112,-1.596,-3.618,1.89,1.05,0.63
,-9.112,-1.479,-3.525,-9.098,-1.61,-3.338,1.33,1.05,0.7
,-9.074,-1.488,-3.637,-9.229,-1.519,-3.74,1.47,1.05,0.77
,-9.117,-1.649,-3.518,-9.069,-1.548,-3.312,1.54,1.12,0.77
55728.0,-9.088,-1.567,-3.498,-9.143,-1.539,-3.656,2.45,1.47,1.12
,-9.177,-1.551,-3.403,-9.033,-1.472,-3.676,2.87,1.75,1.26
,-9.139,-1.4,-3.467,-9.048,-1.582,-3.597,2.8,1.89,1.26
,-9.117,-1.493,-3.539,-9.043,-1.452,-3.403,2.1,1.75,1.12
55804.0,-9.263,-1.527,-3.357,-9.17,-1.354,-3.082,5.32,3.08,1.75
,-9.215,-1.397,-3.206,-9.208,-1.196,-3.283,5.32,3.57,1.75
,-9.22,-1.376,-3.128,-9.06,-1.213,-3.393,4.62,3.71,1.61
,-9.217,-1.302,-3.142,-9.04,-1.29,-3.448,4.2,4.13,1.4
55880.0,-9.052,-1.505,-3.58,-8.94,-1.522,-3.276,0.21,5.18,0.42
,-8.978,-1.642,-3.532,-9.033,-1.586,-3.092,-0.28,5.39,0.35
,-9.031,-1.553,-3.532,-9.232,-1.469,-3.072,0.21,5.53,0.49
,-8.933,-1.498,-3.448,-9.414,-1.208,-3.321,0.07,5.88,0.56
55956.0,-9.344,-1.259,-3.671,-9.215,-1.488,-3.63,-4.76,5.74,0.0
,-9.194,-1.46,-3.752,-9.136,-1.261,-3.565,-7.28,5.46,0.07
,-9.067,-1.761,-3.771,-9.17,-1.335,-3.424,-7.63,5.53,0.21
,-9.062,-1.835,-3.635,-9.107,-1.536,-3.297,-5.81,5.32,0.35
56032.0,-8.914,-1.575,-3.199,-8.629,-1.383,-4.279,-9.03,4.13,1.54
,-9.043,-1.438,-3.077,-8.562,-1.694,-3.994,-5.88,6.02,1.89
,-9.005,-1.199,-3.652,-8.823,-1.732,-3.573,-4.34,6.23,1.54
,-8.823,-1.161,-3.975,-9.048,-1.421,-3.226,-4.41,6.37,1.19
56107.0,-9.366,-1.0,-3.144,-8.851,-1.235,-3.542,4.27,11.62,1.33
,-9.189,-0.83,-3.486,-9.083,-1.161,-3.857,0.28,10.85,0.91
,-9.117,-1.086,-3.269,-9.045,-1.129,-3.874,-4.06,10.99,0.77
,-9.021,-1.297,-3.616,-8.947,-1.204,-3.848,-6.72,10.01,0.49
56183.0,-8.894,-1.457,-3.752,-8.772,-1.417,-4.13,-10.08,11.34,-0.28
,-8.894,-1.725,-4.008,-9.129,-1.615,-3.606,-8.89,11.83,-0.49
,-8.832,-1.783,-3.719,-9.043,-1.464,-3.642,-5.18,13.09,-0.42
,-9.019,-1.546,-4.003,-9.225,-1.141,-3.266,-1.47,13.02,-0.07
56259.0,-8.875,-0.78,-3.989,-9.296,-2.347,-4.281,-4.62,11.97,-0.63
,-8.586,-0.914,-4.776,-9.016,-1.936,-4.329,-10.64,9.8,-1.05
,-8.71,-1.541,-4.934,-8.646,-1.536,-4.532,-14.84,9.73,-0.14
,-8.89,-2.027,-4.922,-8.567,-1.443,-4.535,-13.16,10.99,0.63
56335.0,-8.691,-1.701,-4.362,-8.66,-1.019,-5.039,-5.32,8.61,2.52
,-8.897,-1.989,-3.869,-8.725,-1.311,-5.15,-5.25,10.36,3.64
,-8.832,-1.764,-3.769,-8.772,-1.656,-5.121,-2.66,11.34,4.2
,-8.813,-1.153,-4.46,-8.658,-1.488,-4.518,-1.47,9.87,4.2
56410.0,-8.82,-1.01,-4.384,-8.825,-1.039,-4.803,6.09,10.85,3.64
,-8.775,-0.548,-4.513,-9.107,-1.065,-4.527,4.62,8.54,2.73
,-9.15,-0.491,-4.527,-8.952,-0.871,-4.707,-0.98,6.58,3.29
,-8.906,-0.845,-4.862,-8.806,-0.979,-4.499,-6.02,5.25,4.13
56486.0,-8.727,-1.149,-4.441,-8.799,-0.146,-3.946,-9.1,4.62,1.82
,-8.581,-1.232,-4.288,-8.715,-0.462,-4.262,-8.19,5.53,0.98
,-8.859,-0.933,-3.991,-8.674,-0.811,-4.432,-5.11,6.65,0.14
,-8.971,-0.433,-4.006,-8.691,-1.369,-4.551,-4.2,5.67,-0.28
56561.0,-8.559,-1.759,-4.573,-8.844,-1.563,-4.451,-5.39,5.81,0.21
,-8.356,-2.125,-4.477,-8.413,-1.266,-4.697,-1.47,7.91,1.12
,-8.672,-2.276,-4.341,-8.26,-1.287,-4.719,2.87,9.52,1.4
,-8.859,-2.077,-4.401,-8.631,-1.338,-4.592,5.67,9.52,1.54
56637.0,-8.579,-1.237,-4.834,-8.737,-1.297,-4.401,-0.07,8.05,6.02
,-8.717,-1.019,-4.829,-8.665,-1.448,-4.353,0.98,8.47,5.81
,-9.162,-1.122,-4.523,-8.478,-1.271,-4.704,1.12,8.61,5.67
,-8.964,-1.292,-4.348,-8.569,-0.924,-4.69,0.49,8.33,6.02
56713.0,-8.378,-0.61,-4.826,-9.014,-0.61,-4.788,6.16,8.82,5.95
,-8.641,-0.369,-4.707,-8.737,-0.859,-4.96,5.25,9.73,5.18
,-8.787,-0.297,-4.712,-8.677,-1.225,-4.841,2.03,10.29,4.69
,-9.012,-0.493,-4.468,-8.366,-1.321,-4.97,-1.54,10.43,4.41
56789.0,-8.421,-1.486,-4.855,-8.799,-1.168,-4.525,-0.84,8.96,4.06
,-8.705,-1.618,-4.501,-8.464,-0.704,-4.681,1.54,9.8,4.2
,-8.842,-1.594,-4.503,-8.404,-0.397,-4.803,3.71,9.8,4.34
,-8.789,-1.555,-4.451,-8.827,-0.294,-4.85,4.69,9.87,4.55
56865.0,-9.038,-0.419,-4.934,-8.579,-0.345,-5.226,-4.13,9.03,5.88
,-8.942,-0.739,-5.104,-8.751,-0.285,-4.992,-5.53,8.4,5.53
,-8.854,-0.668,-5.231,-8.954,-0.115,-4.937,-4.06,7.84,4.76
,-8.425,-0.383,-5.291,-8.871,-0.208,-4.889,-1.54,7.84,3.29
56940.0,-8.591,-0.603,-4.972,-8.72,-1.072,-5.157,-2.94,6.65,-2.59
,-8.571,-0.986,-4.949,-8.562,-1.182,-5.135,-4.76,6.93,-2.8
,-8.777,-1.201,-5.008,-8.387,-1.371,-5.14,-2.31,6.51,-3.57
,-8.708,-1.18,-5.135,-8.107,-1.464,-5.162,0.98,6.16,-4.41
57016.0,-8.165,-1.476,-5.181,-8.686,-1.335,-4.982,4.83,4.97,-1.82
,-8.291,-1.529,-5.001,-8.344,-0.976,-5.279,6.58,5.74,-1.33
,-8.691,-1.563,-4.901,-8.035,-0.964,-5.083,7.56,5.6,-1.05
,-8.863,-1.534,-4.805,-7.849,-0.981,-5.075,8.05,5.04,0.0
57092.0,-8.308,-0.579,-5.152,-8.54,-0.648,-4.898,4.55,4.27,3.29
,-8.863,-0.419,-5.171,-8.5,-0.869,-4.865,4.13,3.78,2.87
,-8.926,-0.409,-5.092,-8.648,-1.012,-5.061,3.78,3.57,1.54
,-8.849,-0.392,-5.09,-8.55,-1.072,-5.238,3.85,3.43,0.35
57168.0,-8.634,-0.914,-5.157,-8.437,-1.151,-5.159,12.74,5.32,-3.08
,-8.595,-0.613,-5.296,-8.102,-1.371,-5.48,13.37,4.9,-3.29
,-8.497,-0.543,-5.413,-8.153,-2.115,-4.98,12.46,4.2,-3.22
,-8.607,-0.682,-5.252,-8.471,-2.082,-5.374,8.4,4.06,-2.87
57243.0,-8.473,-1.785,-5.698,-8.402,-1.11,-5.437,5.46,2.73,1.82
,-8.43,-2.087,-5.281,-8.476,-0.787,-5.585,6.16,2.52,2.87
,-8.437,-1.551,-5.293,-8.392,-1.017,-5.434,8.54,1.96,3.85
,-8.361,-1.218,-5.461,-8.313,-1.491,-5.066,6.65,1.33,4.27
57319.0,-8.483,-1.338,-5.219,-8.143,-0.986,-4.877,10.08,1.61,3.22
,-8.67,-1.68,-4.941,-8.313,-1.0,-4.889,11.48,1.54,3.71
,-8.787,-1.668,-4.752,-8.516,-1.053,-5.061,12.46,0.91,4.41
,-8.373,-1.216,-4.81,-8.717,-0.861,-5.087,12.88,0.7,5.04
57394.0,-8.614,-0.646,-5.102,-8.184,-0.78,-4.862,12.25,2.03,5.39
,-8.66,-0.581,-4.972,-8.428,-0.634,-4.996,10.29,2.1,4.9
,-8.545,-0.778,-4.812,-8.677,-0.412,-5.126,9.31,2.03,4.48
,-8.291,-0.842,-4.738,-8.763,-0.357,-5.322,8.05,2.31,4.13
57470.0,-8.823,-0.627,-5.427,-8.279,-1.395,-5.224,6.16,4.2,0.42
,-8.691,-0.895,-5.382,-8.327,-1.505,-5.274,6.16,4.34,-0.28
,-8.392,-0.912,-5.183,-8.473,-1.374,-5.597,5.67,5.04,-0.35
,-8.234,-1.201,-5.217,-8.44,-1.527,-5.554,4.13,5.18,-0.07
57546.0,-8.327,-1.405,-5.688,-8.385,-0.735,-5.331,3.57,5.32,0.49
,-8.449,-1.06,-5.441,-8.583,-0.995,-5.487,4.06,5.95,0.21
,-8.598,-0.596,-5.473,-8.72,-0.955,-5.674,4.27,5.53,-0.28
,-8.428,-0.641,-5.224,-8.82,-1.175,-5.492,1.33,4.97,-0.28
57622.0,-8.536,-1.003,-5.461,-8.543,-1.548,-5.185,-0.56,2.45,-2.03
,-8.421,-0.732,-5.578,-8.55,-1.474,-5.157,0.49,1.26,-2.38
,-8.473,-0.811,-5.595,-8.557,-1.278,-5.173,-0.56,0.49,-2.24
,-8.55,-1.244,-5.367,-8.385,-1.053,-5.329,-2.03,-0.07,-1.96
57697.0,-8.289,-1.01,-5.327,-8.595,-1.455,-5.128,-1.33,-2.38,0.07
,-8.361,-1.06,-5.3,-8.492,-1.414,-5.374,-3.15,-2.38,0.56
,-8.598,-1.244,-5.351,-8.387,-1.426,-5.41,-4.41,-2.73,0.77
,-8.643,-1.374,-5.379,-8.382,-1.333,-5.537,-4.62,-3.22,0.91
57773.0,-8.452,-1.338,-5.413,-8.894,-0.943,-5.296,-2.45,-4.34,2.45
,-8.442,-1.103,-5.477,-8.842,-0.715,-5.154,-0.77,-4.76,2.87
,-8.421,-0.916,-5.657,-8.591,-0.627,-5.219,0.56,-4.83,2.31
,-8.667,-1.003,-5.583,-8.294,-0.615,-5.291,0.84,-4.69,1.47
57849.0,-8.191,-0.866,-5.257,-8.617,-0.972,-5.075,-3.92,-9.38,-0.49
,-8.514,-0.964,-5.367,-8.447,-0.976,-5.202,-2.66,-9.73,-0.63
,-8.83,-1.125,-5.281,-8.464,-1.086,-5.243,-0.91,-10.22,-1.4
,-8.725,-1.05,-5.176,-8.466,-1.388,-5.224,1.54,-10.36,-2.52
57925.0,-8.607,-1.438,-5.138,-8.373,-1.354,-4.712,5.74,-8.4,-3.92
,-8.868,-1.429,-4.819,-8.658,-1.632,-4.671,6.72,-9.03,-3.99
,-8.586,-1.213,-4.905,-8.703,-1.429,-4.647,7.21,-10.08,-3.92
,-8.294,-1.242,-4.963,-8.701,-1.165,-4.862,6.72,-10.57,-3.22
58001.0,-8.411,-1.084,-4.925,-8.612,-1.235,-4.676,5.11,-13.86,1.05
,-8.358,-1.242,-4.771,-8.689,-1.072,-4.664,4.2,-13.02,1.61
,-8.605,-1.505,-4.563,-8.861,-0.852,-4.578,4.55,-12.74,2.17
,-8.65,-1.479,-4.578,-8.792,-0.751,-4.549,6.3,-12.46,2.38
58076.0,-8.737,-0.866,-4.625,-8.954,-0.993,-4.149,8.61,-11.48,1.47
,-8.684,-0.967,-4.448,-8.667,-0.725,-4.307,7.91,-10.92,1.19
,-8.691,-1.012,-4.441,-8.457,-0.974,-4.312,8.61,-10.43,0.49
,-8.789,-0.995,-4.391,-8.729,-1.304,-3.977,9.66,-9.87,-0.35
58152.0,-8.708,-1.158,-4.123,-8.914,-0.991,-4.331,6.72,-12.25,1.33
,-8.784,-0.998,-4.247,-8.897,-1.18,-4.2,7.98,-11.9,0.84
,-8.854,-0.876,-4.279,-8.811,-1.17,-4.202,7.28,-11.76,0.56
,-8.906,-0.943,-4.346,-8.653,-1.12,-4.288,6.79,-11.06,0.56
58227.0,-8.679,-1.259,-4.25,-8.93,-0.818,-4.312,9.94,-7.21,-0.56
,-8.959,-1.323,-4.137,-8.811,-0.888,-4.322,10.85,-6.93,-0.21
,-9.098,-1.101,-4.18,-8.71,-1.074,-4.271,11.9,-8.26,-0.14
,-8.985,-0.907,-4.257,-8.801,-1.299,-4.135,11.34,-9.1,-0.35
58303.0,-9.016,-1.5,-4.109,-9.088,-1.295,-4.101,7.49,-7.84,-0.28
,-9.093,-1.512,-4.001,-9.062,-1.256,-4.075,8.61,-8.82,-0.35
,-8.837,-1.299,-4.154,-8.921,-1.223,-4.166,9.66,-9.31,-0.14
,-8.978,-1.194,-4.063,-8.82,-1.273,-4.214,9.73,-8.96,0.14
58379.0,-8.835,-1.333,-4.283,-9.174,-1.251,-3.702,7.21,-8.26,1.4
,-9.021,-1.366,-4.022,-9.165,-1.242,-3.687,7.35,-8.26,1.75
,-8.997,-1.273,-3.984,-9.124,-1.297,-3.745,7.42,-9.73,1.75
,-8.899,-1.254,-3.903,-9.045,-1.412,-3.723,7.35,-10.64,1.33
58455.0,-8.983,-1.35,-3.826,-9.048,-0.751,-3.503,3.29,-12.18,1.26
,-8.823,-1.201,-3.841,-9.182,-0.756,-3.3,4.48,-11.83,0.84
,-8.741,-1.043,-3.793,-9.263,-0.881,-3.367,5.18,-11.13,0.0
,-8.844,-0.955,-3.501,-9.184,-1.266,-3.573,6.37,-9.59,-0.7
58530.0,-9.079,-1.452,-3.553,-9.213,-1.125,-3.259,0.84,-9.45,-2.24
,-8.921,-1.479,-3.652,-9.146,-1.175,-3.226,1.89,-10.01,-2.31
,-8.976,-1.424,-3.479,-9.244,-1.402,-3.065,3.43,-10.15,-2.38
,-9.098,-1.273,-3.195,-9.167,-1.579,-3.302,4.69,-9.87,-2.31
58606.0,-8.909,-1.378,-3.355,-9.261,-0.914,-3.542,1.4,-6.16,-2.38
,-9.057,-1.295,-3.305,-9.146,-1.129,-3.642,3.5,-4.97,-2.31
,-9.194,-0.957,-3.472,-8.964,-1.28,-3.431,3.92,-5.74,-2.73
,-9.263,-0.718,-3.51,-9.172,-1.464,-3.381,2.87,-5.74,-3.01
58682.0,-9.217,-1.421,-3.388,-9.251,-1.732,-3.558,2.31,-4.13,-3.5
,-9.146,-1.374,-3.46,-9.086,-1.639,-3.549,1.75,-4.83,-3.43
,-9.172,-1.374,-3.601,-9.148,-1.639,-3.403,0.42,-5.6,-3.01
,-9.079,-1.625,-3.522,-9.1,-1.488,-3.408,-0.28,-5.81,-2.59
58758.0,-9.21,-1.412,-3.092,-9.155,-1.397,-3.132,2.03,-6.02,-1.12
,-9.356,-1.278,-3.125,-9.194,-1.426,-3.063,1.68,-6.16,-0.77
,-9.162,-1.211,-3.34,-9.119,-1.441,-2.927,0.63,-6.37,-0.84
,-9.124,-1.352,-3.192,-9.383,-1.412,-3.113,0.77,-4.9,-0.77
58834.0,-9.22,-1.347,-3.372,-9.225,-1.498,-3.29,5.39,-0.98,-1.05
,-9.134,-1.429,-3.539,-9.239,-1.34,-3.07,4.83,-0.98,-0.98
,-9.081,-1.519,-3.637,-9.217,-1.283,-2.733,4.76,-0.77,-0.98
,-9.093,-1.519,-3.565,-9.428,-1.342,-2.699,5.88,-0.28,-0.77
58909.0,-9.399,-1.393,-2.869,-9.057,-1.546,-3.352,2.45,1.4,-0.7
,-9.268,-1.295,-3.163,-9.208,-1.701,-3.063,1.82,0.91,-0.84
,-9.081,-1.249,-3.465,-9.378,-1.522,-3.226,1.89,1.05,-0.98
,-8.973,-1.338,-3.57,-9.232,-1.383,-3.391,2.03,1.61,-1.05
58985.0,-9.196,-1.24,-3.525,-9.1,-1.675,-3.422,5.81,3.71,-0.91
,-9.21,-1.151,-3.879,-9.256,-1.831,-3.178,4.97,2.73,-1.26
,-9.012,-1.247,-3.85,-9.421,-1.78,-3.123,3.92,2.66,-1.33
,-9.083,-1.421,-3.687,-9.316,-1.632,-3.29,3.29,3.29,-0.84
59060.0,-9.141,-1.608,-3.24,-9.129,-1.776,-2.879,5.6,2.1,0.0
,-9.146,-1.579,-3.326,-9.407,-1.811,-2.79,5.46,2.1,0.21
,-9.119,-1.531,-3.436,-9.404,-1.598,-3.001,5.46,2.03,0.35
,-9.081,-1.668,-3.3,-9.332,-1.354,-3.19,5.32,2.59,0.7
59136.0,-9.191,-1.146,-3.549,-9.287,-1.567,-2.977,7.49,3.08,1.05
,-8.969,-1.273,-3.525,-9.469,-1.388,-3.139,6.16,3.64,0.91
,-9.024,-1.534,-3.343,-9.215,-1.192,-3.333,6.02,4.34,0.84
,-9.115,-1.692,-3.065,-9.203,-1.067,-3.546,7.7,5.18,0.91
59212.0,-9.172,-1.177,-3.731,-9.234,-1.993,-2.788,1.82,2.87,-0.98
,-9.086,-1.318,-3.759,-9.466,-1.764,-2.654,-0.42,2.73,-1.12
,-9.005,-1.615,-3.537,-9.603,-1.335,-3.096,-1.33,3.22,-0.77
,-9.012,-1.984,-3.139,-9.27,-1.22,-3.503,0.7,3.99,-0.35
59288.0,-9.021,-1.543,-3.64,-9.292,-1.608,-3.254,-0.98,3.85,-0.21
,-8.923,-1.79,-3.647,-9.32,-1.517,-3.4,-0.63,4.41,-0.07
,-9.012,-1.866,-3.573,-9.17,-1.429,-3.649,2.1,4.97,0.0
,-9.11,-1.788,-3.34,-9.036,-1.462,-3.817,4.13,5.46,0.35
59363.0,-8.997,-1.601,-3.879,-9.244,-1.517,-3.759,3.71,4.62,0.84
,-9.1,-1.78,-3.915,-9.153,-1.505,-3.628,5.11,4.69,1.12
,-9.112,-1.756,-3.922,-9.17,-1.505,-3.568,6.51,4.06,1.19
,-9.124,-1.723,-3.702,-9.15,-1.601,-3.649,7.77,3.64,1.26
59439.0,-9.086,-1.709,-3.475,-9.115,-1.452,-3.69,5.25,3.15,1.47
,-9.172,-1.713,-3.424,-9.11,-1.606,-3.659,6.65,3.22,1.54
,-9.148,-1.546,-3.51,-9.062,-1.747,-3.635,7.63,3.01,1.54
,-9.162,-1.388,-3.573,-9.139,-1.74,-3.549,7.07,2.73,1.33
59515.0,-9.146,-1.594,-3.604,-9.088,-1.558,-3.563,6.3,2.45,1.61
,-9.141,-1.5,-3.465,-9.095,-1.57,-3.592,6.09,2.66,1.68
,-9.141,-1.546,-3.451,-9.016,-1.637,-3.582,5.74,2.59,1.68
,-9.208,-1.594,-3.489,-9.086,-1.603,-3.551,5.74,2.45,1.61
59591.0,-9.16,-1.531,-3.568,-9.167,-1.505,-3.711,5.95,2.38,1.82
,-9.127,-1.527,-3.491,-9.036,-1.522,-3.695,5.32,2.31,1.68
,-9.174,-1.555,-3.52,-9.129,-1.563,-3.853,4.9,2.24,1.75
,-9.184,-1.5,-3.601,-9.117,-1.515,-3.845,4.83,2.1,1.47
59666.0,-9.083,-1.519,-3.601,-9.119,-1.567,-3.52,6.93,1.75,1.54
,-9.186,-1.467,-3.515,-9.148,-1.642,-3.491,7.14,1.61,1.47
,-9.249,-1.481,-3.597,-9.052,-1.665,-3.429,6.02,1.12,1.26
,-9.136,-1.481,-3.527,-9.117,-1.625,-3.391,5.11,1.05,1.12
59742.0,-9.16,-1.618,-3.372,-8.961,-1.658,-3.867,5.46,1.68,1.19
,-9.184,-1.524,-3.367,-9.062,-1.642,-4.015,4.83,1.54,1.19
,-9.196,-1.551,-3.625,-9.057,-1.661,-3.984,3.99,1.05,1.05
,-9.088,-1.575,-3.831,-9.158,-1.555,-3.766,3.43,0.77,0.98
59818.0,-9.174,-1.464,-3.599,-9.16,-1.419,-3.281,7.63,0.7,1.54
,-9.155,-1.486,-3.494,-9.131,-1.601,-3.015,7.7,0.56,1.54
,-9.16,-1.531,-3.386,-9.143,-1.766,-2.986,7.42,0.35,1.33
,-9.129,-1.443,-3.264,-9.155,-1.814,-3.013,7.7,0.49,1.19
59893.0,-9.229,-1.634,-3.171,-9.124,-1.706,-3.692,1.26,1.89,0.7
,-9.172,-1.517,-3.333,-9.038,-1.67,-3.733,0.63,1.96,0.77
,-9.122,-1.548,-3.348,-9.1,-1.663,-3.841,-0.21,2.31,0.77
,-9.086,-1.653,-3.522,-9.036,-1.658,-3.778,0.0,2.45,0.91
59969.0,-9.153,-1.627,-3.778,-9.148,-1.57,-3.577,3.29,2.1,1.4
,-9.189,-1.57,-3.754,-9.16,-1.508,-3.479,3.29,1.82,1.33
,-9.069,-1.577,-3.695,-9.172,-1.548,-3.458,2.94,1.54,1.4
,-9.146,-1.61,-3.632,-9.115,-1.632,-3.393,2.87,1.33,1.33
60045.0,-9.117,-1.603,-3.4,-9.074,-1.517,-3.699,2.31,1.61,1.26
,-9.11,-1.512,-3.297,-9.055,-1.634,-3.731,2.52,1.68,1.19
,-9.172,-1.488,-3.53,-9.143,-1.682,-3.69,2.17,1.54,1.12
,-9.064,-1.493,-3.64,-9.141,-1.594,-3.728,1.19,1.33,0.98
60121.0,-9.119,-1.505,-3.747,-9.122,-1.575,-3.664,2.45,0.77,0.98
,-9.127,-1.519,-3.74,-9.098,-1.634,-3.467,2.45,0.49,1.12
,-9.155,-1.582,-3.75,-9.074,-1.656,-3.278,2.94,0.49,1.19
,-9.127,-1.584,-3.68,-9.194,-1.601,-3.396,3.29,0.63,1.26
60196.0,-9.139,-1.522,-3.441,-9.11,-1.663,-3.53,3.64,0.49,1.26
,-9.141,-1.527,-3.451,-9.127,-1.596,-3.515,2.8,0.56,1.26
,-9.119,-1.582,-3.458,-9.158,-1.539,-3.659,2.52,0.77,1.33
,-9.062,-1.63,-3.549,-9.131,-1.529,-3.733,3.15,0.98,1.4
60272.0,-9.119,-1.582,-3.683,-9.194,-1.46,-3.606,3.85,0.56,1.47
,-9.143,-1.615,-3.697,-9.139,-1.539,-3.525,4.13,0.63,1.61
,-9.148,-1.601,-3.616,-9.098,-1.613,-3.513,4.83,0.77,1.75
,-9.172,-1.469,-3.616,-9.11,-1.622,-3.455,5.46,0.42,1.47
60348.0,-9.153,-1.522,-3.451,-9.131,-1.598,-3.434,4.97,0.28,1.33
,-9.186,-1.541,-3.376,-9.072,-1.567,-3.513,4.83,0.49,1.33
,-9.191,-1.622,-3.293,-9.067,-1.579,-3.534,4.69,0.7,1.4
,-9.177,-1.589,-3.374,-9.143,-1.618,-3.575,4.27,0.77,1.4
60424.0,-9.122,-1.546,-3.458,-9.143,-1.527,-3.527,3.5,0.91,1.26
,-9.141,-1.563,-3.448,-9.083,-1.61,-3.522,3.71,1.05,1.33
,-9.186,-1.527,-3.455,-9.206,-1.625,-3.472,3.64,0.98,1.19
,-9.179,-1.515,-3.513,-9.206,-1.608,-3.522,3.43,0.98,1.19
60499.0,-9.191,-1.541,-3.498,-9.167,-1.615,-3.711,3.78,1.12,1.19
,-9.196,-1.536,-3.57,-9.05,-1.582,-3.652,3.15,0.84,1.19
,-9.117,-1.565,-3.57,-9.122,-1.584,-3.659,2.94,0.63,1.12
,-9.072,-1.536,-3.719,-9.17,-1.658,-3.429,2.94,0.49,0.98
60575.0,-9.131,-1.529,-3.302,-9.122,-1.551,-3.259,4.27,0.77,1.33
,-9.263,-1.529,-3.3,-9.16,-1.601,-3.283,3.64,0.7,1.33
,-9.167,-1.524,-3.235,-9.17,-1.594,-3.293,3.22,0.63,1.12
,-9.16,-1.474,-3.271,-9.198,-1.522,-3.352,2.45,0.91,1.05
60650.0,-9.186,-1.503,-3.494,-9.119,-1.685,-3.814,1.47,1.82,0.84
,-9.155,-1.529,-3.676,-9.129,-1.582,-3.685,0.91,1.54,0.7
,-9.107,-1.584,-3.745,-9.182,-1.56,-3.546,0.56,1.47,0.77
,-9.064,-1.675,-3.862,-9.174,-1.522,-3.386,1.05,1.33,0.98
60726.0,-9.172,-1.505,-3.355,-9.124,-1.555,-3.362,2.94,1.33,1.26
,-9.191,-1.512,-3.271,-9.127,-1.601,-3.379,2.59,1.61,1.12
,-9.215,-1.548,-3.245,-9.134,-1.476,-3.513,1.96,1.68,1.12
,-9.174,-1.577,-3.307,-9.093,-1.486,-3.594,1.33,1.82,1.12
60802.0,-9.057,-1.563,-3.64,-9.172,-1.493,-3.527,1.19,2.31,1.12
,-9.134,-1.632,-3.563,-9.143,-1.462,-3.546,1.26,2.38,1.05
,-9.172,-1.663,-3.525,-9.182,-1.481,-3.534,1.82,2.24,1.05
,-9.174,-1.575,-3.458,-9.177,-1.529,-3.644,2.52,2.31,1.12
60878.0,-9.112,-1.543,-3.642,-9.091,-1.589,-3.644,1.47,1.82,0.84
,-9.148,-1.519,-3.709,-9.15,-1.579,-3.539,1.82,1.68,0.91
,-9.119,-1.541,-3.8,-9.198,-1.524,-3.482,2.03,1.4,0.84
,-9.098,-1.553,-3.731,-9.167,-1.474,-3.436,2.45,1.33,0.91
60954.0,-9.194,-1.505,-3.384,-9.107,-1.591,-3.558,2.1,1.33,1.12
,-9.141,-1.543,-3.448,-9.093,-1.606,-3.539,1.75,1.54,0.98
,-9.124,-1.527,-3.477,-9.105,-1.567,-3.522,1.4,1.33,0.91
,-9.16,-1.527,-3.506,-9.179,-1.515,-3.534,1.4,1.4,0.91
61029.0,-9.158,-1.491,-3.585,-9.167,-1.472,-3.484,2.03,1.54,1.05
,-9.119,-1.546,-3.549,-9.127,-1.491,-3.472,1.68,1.33,1.05
,-9.139,-1.553,-3.525,-9.16,-1.5,-3.498,1.89,1.47,1.19
,-9.131,-1.539,-3.539,-9.134,-1.488,-3.534,2.31,1.54,1.19
61105.0,-9.177,-1.529,-3.458,-9.122,-1.56,-3.656,1.89,1.68,0.91
,-9.155,-1.464,-3.515,-9.107,-1.606,-3.656,1.96,1.68,0.98
,-9.16,-1.491,-3.635,-9.131,-1.591,-3.565,1.75,1.54,0.84
,-9.143,-1.5,-3.609,-9.16,-1.481,-3.69,1.26,1.33,0.7
61181.0,-9.162,-1.517,-3.439,-9.136,-1.51,-3.527,2.66,1.61,0.98
,-9.184,-1.531,-3.429,-9.213,-1.558,-3.601,2.66,1.54,1.05
,-9.186,-1.45,-3.508,-9.134,-1.553,-3.616,2.38,1.47,0.98
,-9.115,-1.445,-3.534,-9.122,-1.496,-3.611,1.61,1.26,0.77
61257.0,-9.115,-1.536,-3.594,-9.117,-1.529,-3.683,2.38,1.47,0.77
,-9.162,-1.522,-3.534,-9.095,-1.575,-3.692,2.45,1.47,0.77
,-9.208,-1.491,-3.539,-9.1,-1.558,-3.656,2.31,1.4,0.63
,-9.105,-1.484,-3.613,-9.105,-1.515,-3.592,2.03,1.19,0.63
61332.0,-9.129,-1.488,-3.546,-9.141,-1.462,-3.446,3.43,1.05,0.84
,-9.139,-1.512,-3.458,-9.103,-1.469,-3.544,3.36,1.12,0.84
,-9.201,-1.484,-3.384,-9.103,-1.539,-3.613,3.15,1.26,0.84
,-9.203,-1.45,-3.417,-9.115,-1.534,-3.637,2.87,1.26,0.77
61408.0,-9.079,-1.536,-3.668,-9.182,-1.5,-3.431,2.45,0.98,0.49
,-9.115,-1.553,-3.635,-9.189,-1.5,-3.403,2.66,1.12,0.63
,-9.103,-1.567,-3.587,-9.201,-1.467,-3.463,2.87,0.98,0.63
,-9.129,-1.531,-3.496,-9.153,-1.558,-3.534,3.29,0.98,0.63
61483.0,-9.165,-1.539,-3.568,-9.136,-1.563,-3.52,2.31,1.26,0.49
,-9.117,-1.539,-3.625,-9.129,-1.515,-3.51,2.59,1.4,0.56
,-9.086,-1.508,-3.553,-9.158,-1.527,-3.501,2.73,1.33,0.63
,-9.112,-1.56,-3.525,-9.143,-1.503,-3.546,2.66,1.47,0.63
61559.0,-9.124,-1.524,-3.532,-9.201,-1.496,-3.542,2.1,1.33,0.49
,-9.115,-1.551,-3.575,-9.184,-1.476,-3.582,2.03,1.33,0.56
,-9.146,-1.61,-3.544,-9.117,-1.541,-3.577,2.31,1.54,0.7
,-9.115,-1.572,-3.482,-9.127,-1.642,-3.544,2.8,1.68,0.63
61635.0,-9.131,-1.548,-3.558,-9.141,-1.531,-3.58,3.01,1.75,0.7
,-9.215,-1.474,-3.577,-9.091,-1.529,-3.666,2.94,1.61,0.56
,-9.155,-1.493,-3.551,-9.095,-1.625,-3.561,2.38,1.61,0.63
,-9.158,-1.541,-3.544,-9.131,-1.613,-3.594,1.96,1.61,0.56
61711.0,-9.124,-1.575,-3.594,-9.165,-1.519,-3.558,3.01,1.4,0.63
,-9.155,-1.491,-3.53,-9.122,-1.555,-3.611,3.15,1.54,0.7
,-9.155,-1.486,-3.549,-9.141,-1.575,-3.601,2.73,1.4,0.7
,-9.139,-1.493,-3.549,-9.103,-1.618,-3.606,2.45,1.12,0.49
61786.0,-9.146,-1.553,-3.549,-9.172,-1.488,-3.503,3.36,1.33,0.56
,-9.141,-1.496,-3.53,-9.155,-1.472,-3.558,3.57,1.4,0.7
,-9.134,-1.467,-3.51,-9.134,-1.529,-3.575,3.08,1.68,0.77
,-9.148,-1.488,-3.486,-9.11,-1.603,-3.573,2.73,1.61,0.7
61862.0,-9.136,-1.558,-3.637,-9.115,-1.551,-3.542,2.66,1.26,0.49
,-9.122,-1.551,-3.685,-9.162,-1.57,-3.489,2.87,1.47,0.42
,-9.107,-1.534,-3.606,-9.196,-1.548,-3.472,2.66,1.4,0.49
,-9.153,-1.536,-3.585,-9.162,-1.56,-3.475,2.52,1.26,0.49
61938.0,-9.134,-1.486,-3.496,-9.131,-1.548,-3.635,2.45,1.61,0.56
,-9.172,-1.546,-3.522,-9.093,-1.515,-3.568,2.31,1.61,0.63
,-9.115,-1.555,-3.589,-9.143,-1.531,-3.623,1.96,1.4,0.56
,-9.131,-1.57,-3.573,-9.136,-1.479,-3.611,1.96,1.4,0.49
62014.0,-9.107,-1.496,-3.632,-9.184,-1.575,-3.63,2.59,1.12,0.56
,-9.143,-1.529,-3.654,-9.146,-1.553,-3.609,2.52,1.26,0.56
,-9.119,-1.551,-3.609,-9.117,-1.543,-3.57,2.38,1.33,0.63
,-9.15,-1.577,-3.628,-9.134,-1.553,-3.551,2.66,1.05,0.49
62090.0,-9.134,-1.531,-3.494,-9.062,-1.541,-3.68,2.73,1.05,0.56
,-9.182,-1.5,-3.518,-9.072,-1.543,-3.692,2.24,0.77,0.49
,-9.131,-1.555,-3.577,-9.115,-1.603,-3.735,1.82,0.84,0.42
,-9.172,-1.586,-3.661,-9.081,-1.579,-3.699,2.03,1.05,0.56
62165.0,-9.107,-1.579,-3.644,-9.167,-1.515,-3.35,3.64,0.77,0.77
,-9.072,-1.51,-3.537,-9.148,-1.527,-3.384,3.71,0.7,0.84
,-9.117,-1.51,-3.47,-9.136,-1.553,-3.412,3.85,0.7,0.84
,-9.115,-1.527,-3.46,-9.143,-1.553,-3.484,3.71,0.77,0.84
62241.0,-9.098,-1.543,-3.525,-9.15,-1.603,-3.62,2.66,0.98,0.63
,-9.076,-1.591,-3.597,-9.112,-1.541,-3.611,2.52,1.12,0.7
,-9.076,-1.575,-3.647,-9.057,-1.486,-3.544,2.66,1.26,0.7
,-9.115,-1.57,-3.623,-9.127,-1.536,-3.546,3.01,1.05,0.7
62316.0,-9.167,-1.539,-3.539,-9.117,-1.531,-3.53,2.52,0.91,0.7
,-9.127,-1.586,-3.532,-9.16,-1.567,-3.561,2.59,1.05,0.77
,-9.117,-1.541,-3.568,-9.153,-1.534,-3.51,2.52,0.98,0.77
,-9.141,-1.575,-3.549,-9.098,-1.572,-3.556,2.59,0.98,0.63
62392.0,-9.15,-1.57,-3.546,-9.186,-1.548,-3.463,2.17,1.05,0.7
,-9.115,-1.582,-3.515,-9.172,-1.522,-3.494,2.24,1.05,0.77
,-9.141,-1.579,-3.482,-9.182,-1.5,-3.542,2.17,1.19,0.84
,-9.148,-1.582,-3.486,-9.107,-1.519,-3.613,2.24,1.19,0.7
62468.0,-9.083,-1.637,-3.687,-9.134,-1.519,-3.556,1.75,0.91,0.7
,-9.107,-1.682,-3.618,-9.155,-1.572,-3.542,2.45,1.19,0.84
,-9.134,-1.584,-3.635,-9.15,-1.567,-3.475,3.22,1.19,0.91
,-9.15,-1.555,-3.587,-9.177,-1.589,-3.489,3.5,1.33,0.98
62544.0,-9.124,-1.582,-3.472,-9.184,-1.524,-3.568,2.52,1.26,0.84
,-9.189,-1.541,-3.451,-9.165,-1.515,-3.676,2.59,1.33,0.84
,-9.124,-1.563,-3.384,-9.086,-1.606,-3.711,2.31,1.4,0.84
,-9.172,-1.565,-3.443,-9.067,-1.627,-3.759,2.24,1.47,0.84
62619.0,-9.117,-1.582,-3.738,-9.179,-1.512,-3.51,2.52,1.19,0.77
,-9.107,-1.555,-3.726,-9.16,-1.565,-3.439,2.87,0.7,0.7
,-9.146,-1.498,-3.582,-9.139,-1.551,-3.424,2.73,0.84,0.84
,-9.182,-1.543,-3.53,-9.165,-1.558,-3.417,2.73,0.91,0.98
62695.0,-9.124,-1.543,-3.434,-9.127,-1.505,-3.58,2.24,1.12,0.77
,-9.131,-1.536,-3.51,-9.129,-1.558,-3.606,2.31,1.19,0.7
,-9.093,-1.555,-3.51,-9.136,-1.565,-3.585,2.1,1.26,0.7
,-9.1,-1.586,-3.508,-9.155,-1.594,-3.592,1.96,1.54,0.84
62770.0,-9.184,-1.541,-3.558,-9.098,-1.596,-3.618,2.31,1.12,0.7
,-9.198,-1.51,-3.563,-9.115,-1.563,-3.654,2.24,1.12,0.77
,-9.134,-1.517,-3.613,-9.095,-1.503,-3.632,1.82,0.98,0.7
,-9.124,-1.618,-3.589,-9.122,-1.577,-3.592,1.82,0.91,0.7
62846.0,-9.158,-1.546,-3.609,-9.191,-1.548,-3.508,2.38,0.56,0.84
,-9.182,-1.548,-3.611,-9.117,-1.524,-3.525,2.66,0.63,1.05
,-9.117,-1.608,-3.527,-9.16,-1.584,-3.546,2.73,0.7,1.12
,-9.129,-1.539,-3.486,-9.146,-1.586,-3.522,2.87,0.7,0.98
62922.0,-9.184,-1.548,-3.498,-9.141,-1.531,-3.561,2.66,0.91,1.05
,-9.162,-1.517,-3.556,-9.136,-1.567,-3.599,2.73,0.84,1.05
,-9.146,-1.498,-3.575,-9.103,-1.548,-3.501,2.24,0.63,0.91
,-9.124,-1.548,-3.609,-9.174,-1.582,-3.47,2.17,0.63,0.77
62998.0,-9.179,-1.558,-3.41,-9.134,-1.582,-3.525,2.8,1.05,0.98
,-9.167,-1.539,-3.458,-9.16,-1.555,-3.477,2.8,0.98,0.98
,-9.174,-1.522,-3.537,-9.194,-1.496,-3.498,2.38,0.77,0.84
,-9.146,-1.553,-3.518,-9.203,-1.512,-3.532,2.38,1.12,0.84
63074.0,-9.136,-1.5,-3.585,-9.191,-1.534,-3.532,2.03,0.98,0.84
,-9.119,-1.553,-3.637,-9.206,-1.519,-3.472,2.03,1.12,0.91
,-9.131,-1.575,-3.589,-9.148,-1.551,-3.467,2.24,1.12,0.91
,-9.086,-1.586,-3.575,-9.122,-1.527,-3.455,2.52,1.19,0.84
63149.0,-9.158,-1.524,-3.422,-9.115,-1.524,-3.556,2.1,1.33,0.77
,-9.198,-1.527,-3.455,-9.134,-1.536,-3.601,2.38,1.47,0.84
,-9.177,-1.505,-3.472,-9.153,-1.51,-3.577,2.17,1.33,0.84
,-9.136,-1.546,-3.563,-9.172,-1.505,-3.57,2.03,1.4,0.77
63225.0,-9.162,-1.529,-3.491,-9.119,-1.539,-3.518,2.31,1.47,0.84
,-9.16,-1.553,-3.498,-9.143,-1.565,-3.491,2.38,1.4,0.77
,-9.177,-1.541,-3.494,-9.153,-1.503,-3.508,2.45,1.61,0.84
,-9.146,-1.524,-3.477,-9.136,-1.515,-3.546,2.52,1.47,0.84
63301.0,-9.139,-1.527,-3.522,-9.182,-1.524,-3.508,1.89,1.68,0.77
,-9.093,-1.565,-3.467,-9.136,-1.531,-3.606,2.03,1.75,0.63
,-9.139,-1.536,-3.477,-9.146,-1.565,-3.599,2.17,1.89,0.7
,-9.158,-1.519,-3.527,-9.098,-1.575,-3.609,2.17,1.96,0.77
63377.0,-9.139,-1.551,-3.585,-9.117,-1.512,-3.472,2.03,1.75,0.63
,-9.134,-1.553,-3.611,-9.134,-1.565,-3.412,2.38,1.89,0.7
,-9.124,-1.524,-3.527,-9.129,-1.503,-3.429,2.45,1.82,0.7
,-9.139,-1.498,-3.527,-9.117,-1.491,-3.486,2.38,1.89,0.84
63452.0,-9.148,-1.56,-3.441,-9.16,-1.517,-3.475,1.33,2.1,0.77
,-9.119,-1.548,-3.472,-9.036,-1.419,-3.544,1.61,2.31,0.7
,-9.124,-1.563,-3.549,-9.131,-1.596,-3.498,1.82,2.31,0.7
,-9.165,-1.515,-3.558,-9.072,-1.543,-3.465,1.89,2.45,0.63
63528.0,-9.148,-1.594,-3.582,-9.103,-1.613,-3.831,1.61,2.8,0.7
,-9.148,-1.498,-3.699,-9.095,-1.575,-3.597,1.96,2.73,0.77
,-9.028,-1.46,-3.637,-9.16,-1.462,-3.69,1.19,2.52,0.63
,-9.189,-1.548,-3.716,-9.002,-1.527,-3.419,0.84,2.17,0.56
63603.0,-9.182,-1.563,-3.628,-9.105,-1.788,-3.711,1.61,1.75,0.56
,-9.079,-1.469,-3.709,-9.081,-1.57,-3.659,1.4,1.4,0.49
,-9.129,-1.457,-3.788,-9.134,-1.393,-3.707,1.26,0.98,0.35
,-9.007,-1.503,-4.008,-9.196,-1.457,-3.472,0.56,0.7,0.35
63679.0,-9.127,-1.397,-3.841,-9.048,-1.536,-3.36,1.96,0.28,0.49
,-9.203,-1.608,-3.656,-9.227,-1.488,-3.668,1.4,0.14,0.63
,-8.914,-1.603,-3.534,-9.217,-1.395,-3.549,1.61,0.28,0.49
,-9.194,-1.596,-3.707,-9.048,-1.493,-3.209,3.57,0.28,0.56
63755.0,-9.206,-1.474,-3.546,-9.201,-1.596,-3.707,2.31,0.63,0.42
,-9.153,-1.517,-3.357,-9.045,-1.625,-3.661,1.89,0.49,0.35
,-9.153,-1.462,-3.431,-9.052,-1.484,-3.793,1.89,0.7,0.21
,-9.222,-1.63,-3.58,-9.141,-1.744,-3.831,1.47,0.63,0.35
63831.0,-9.012,-1.455,-3.783,-9.136,-1.479,-3.427,3.57,0.35,0.7
,-9.16,-1.567,-3.551,-9.131,-1.46,-3.494,3.29,0.21,0.7
,-9.174,-1.362,-3.81,-9.1,-1.586,-3.443,3.01,-0.35,0.49
,-9.134,-1.385,-3.542,-9.117,-1.529,-3.644,2.24,-0.21,0.49
63907.0,-9.06,-1.565,-3.355,-9.091,-1.436,-3.534,0.7,-0.14,0.42
,-9.215,-1.632,-3.537,-9.088,-1.553,-3.503,1.47,0.28,0.56
,-9.124,-1.51,-3.393,-9.107,-1.56,-3.53,1.4,0.42,0.63
,-9.198,-1.61,-3.463,-9.127,-1.551,-3.393,1.47,0.56,0.7
63982.0,-9.208,-1.433,-3.269,-9.098,-1.436,-3.106,2.24,1.61,0.77
,-9.184,-1.457,-3.149,-9.093,-1.579,-3.233,2.17,2.1,0.84
,-9.191,-1.543,-2.907,-8.997,-1.819,-3.197,1.68,2.87,0.91
,-9.203,-1.409,-2.917,-8.995,-1.859,-3.029,1.47,3.22,0.84
64058.0,-9.213,-1.632,-3.046,-9.007,-1.194,-3.702,2.24,6.02,1.47
,-9.191,-1.383,-3.147,-8.969,-1.28,-3.903,2.24,6.3,1.4
,-9.146,-1.139,-3.36,-8.94,-1.438,-3.9,0.42,5.88,1.05
,-9.016,-1.235,-3.41,-8.942,-1.646,-3.764,-1.61,6.09,1.05
64134.0,-9.036,-1.953,-3.391,-8.969,-1.101,-3.826,-1.33,6.37,0.98
,-9.268,-1.788,-3.29,-8.77,-1.472,-3.735,1.61,6.58,1.12
,-9.359,-1.405,-3.355,-8.873,-1.866,-3.439,2.24,5.81,0.7
,-9.316,-1.098,-3.652,-8.947,-1.933,-2.965,-0.21,4.55,0.21
64210.0,-9.222,-1.558,-3.314,-8.882,-1.725,-3.104,4.34,7.49,0.77
,-9.122,-1.196,-3.479,-8.804,-1.539,-2.881,2.17,6.51,0.35
,-9.162,-1.225,-3.477,-9.074,-1.266,-3.144,-3.22,5.25,0.42
,-9.026,-1.519,-3.266,-8.909,-1.058,-3.324,-7.77,4.62,0.84
64285.0,-9.115,-1.165,-3.357,-9.045,-1.251,-3.999,-7.35,8.47,0.63
,-9.167,-1.347,-3.656,-8.686,-0.964,-4.051,-8.54,9.03,0.91
,-9.153,-1.771,-3.343,-8.926,-0.995,-4.439,-8.33,10.01,0.98
,-9.275,-1.517,-3.273,-8.94,-1.385,-4.348,-3.92,10.71,1.05
64361.0,-9.098,-1.62,-4.159,-8.918,-1.56,-4.001,-9.24,9.24,-0.07
,-9.153,-1.598,-3.939,-8.765,-1.804,-3.953,-6.79,10.29,0.14
,-9.351,-1.594,-3.96,-8.672,-2.125,-3.549,-5.04,9.87,-0.21
,-9.139,-1.486,-4.063,-8.859,-1.783,-3.458,-6.09,8.4,-0.21
64436.0,-8.909,-1.259,-3.977,-8.636,-1.744,-3.714,1.19,9.45,1.96
,-8.928,-1.048,-4.551,-8.971,-1.541,-3.506,-2.1,7.63,2.17
,-8.768,-1.268,-4.673,-8.961,-1.082,-3.874,-6.09,7.98,3.22
,-8.617,-1.639,-4.408,-8.985,-1.082,-4.106,-6.58,9.94,3.71
64512.0,-8.938,-1.582,-3.867,-9.191,-0.577,-4.118,-7.42,9.66,3.57
,-8.799,-1.876,-3.532,-8.969,-0.565,-4.58,-5.6,12.95,3.71
,-8.928,-1.649,-3.424,-8.581,-1.101,-4.707,0.0,14.84,3.08
,-9.107,-1.058,-3.551,-8.5,-1.594,-4.372,3.15,14.21,2.52
64588.0,-8.605,-1.606,-4.403,-8.763,-1.299,-3.747,-1.89,13.58,2.45
,-8.729,-1.175,-4.518,-8.868,-1.452,-3.829,2.59,13.79,1.89
,-8.949,-0.823,-4.42,-8.856,-1.345,-4.346,2.52,13.65,2.1
,-8.784,-0.955,-4.381,-8.758,-1.206,-4.611,-0.98,13.72,2.38
64664.0,-8.792,-1.299,-4.996,-8.842,-1.144,-4.635,-2.59,11.55,4.27
,-8.674,-1.522,-5.02,-8.839,-1.204,-4.623,-2.59,12.32,4.13
,-8.624,-1.522,-4.738,-8.614,-1.407,-4.429,0.84,14.21,3.15
,-8.672,-1.28,-4.676,-8.528,-1.704,-4.168,3.92,14.63,2.45
64739.0,-8.583,-1.85,-4.018,-8.531,-0.407,-5.24,3.08,17.01,4.41
,-8.82,-1.247,-4.197,-8.693,-0.543,-5.063,6.51,15.96,4.76
,-8.978,-0.603,-4.776,-8.871,-0.928,-4.736,7.49,13.02,4.9
,-8.686,-0.115,-5.016,-8.88,-1.213,-4.633,4.55,11.06,4.34
64815.0,-8.672,-1.429,-4.721,-8.392,-1.079,-4.843,-5.74,12.39,2.38
,-8.495,-1.862,-4.666,-8.897,-0.797,-4.748,-6.09,12.25,3.43
,-8.461,-1.95,-4.623,-8.933,-0.608,-4.975,-4.06,12.04,3.92
,-8.39,-1.732,-4.654,-8.768,-0.885,-4.951,0.0,11.62,3.57
64891.0,-8.315,-1.376,-4.992,-8.806,-0.694,-4.671,-7.49,9.38,5.25
,-8.138,-1.503,-4.889,-8.916,-0.258,-4.87,-7.21,10.22,6.09
,-8.198,-1.486,-4.865,-8.653,-0.464,-5.111,-5.04,10.22,5.88
,-8.425,-1.161,-4.81,-8.504,-0.924,-4.951,-1.26,10.71,5.25
64967.0,-8.428,-1.168,-4.975,-8.55,-0.424,-5.142,-4.69,10.43,4.06
,-8.461,-1.113,-5.071,-8.626,-0.493,-5.016,-1.47,11.13,3.15
,-8.521,-0.735,-5.188,-8.49,-0.61,-4.908,1.96,11.48,2.24
,-8.55,-0.361,-5.205,-8.38,-0.744,-4.972,2.59,11.06,1.68
65043.0,-8.349,-0.881,-5.085,-8.272,-1.335,-5.552,-3.92,10.01,-0.63
,-8.342,-1.263,-5.221,-8.177,-1.438,-5.396,-3.64,10.01,-0.49
,-8.753,-1.682,-5.111,-8.44,-1.529,-5.154,-4.55,10.22,-0.14
,-8.672,-1.522,-5.499,-8.485,-1.718,-4.984,-1.47,9.45,0.07
65118.0,-8.32,-2.015,-4.884,-8.411,-0.708,-5.482,-1.05,8.82,1.96
,-8.098,-1.663,-5.056,-8.516,-0.754,-5.319,0.98,10.01,2.66
,-8.287,-1.223,-5.193,-8.485,-0.601,-5.205,3.08,10.22,3.01
,-8.346,-1.003,-5.243,-8.423,-0.096,-5.676,2.73,9.66,3.78
65194.0,-8.303,-0.029,-5.659,-7.942,-1.082,-5.401,-0.14,8.33,2.31
,-8.363,-0.266,-5.609,-8.229,-1.05,-5.346,-1.54,8.19,1.33
,-8.387,-0.407,-5.82,-8.607,-1.108,-5.453,-0.35,8.26,1.05
,-8.133,-0.811,-5.492,-8.428,-1.161,-5.609,-0.56,8.75,1.05
65269.0,-8.416,-1.445,-5.272,-8.205,-1.577,-5.908,-0.21,8.33,1.82
,-8.354,-0.818,-6.068,-7.865,-1.771,-5.793,0.63,7.77,2.1
,-8.418,-1.094,-5.922,-7.906,-1.732,-5.863,-0.35,7.07,2.24
,-8.576,-1.125,-5.91,-8.208,-1.761,-5.808,-1.12,6.58,3.29
65345.0,-8.55,-1.259,-5.865,-8.153,-0.72,-5.891,6.86,4.69,7.0
,-8.416,-1.302,-5.865,-7.985,-0.369,-5.753,7.07,3.57,7.84
,-8.325,-1.405,-5.97,-8.148,-0.012,-5.721,6.44,2.73,8.54
,-8.21,-1.266,-5.908,-8.433,-0.122,-5.719,7.7,2.8,8.47
65421.0,-8.5,-0.529,-5.401,-7.885,-0.29,-6.439,4.62,2.38,7.35
,-8.44,-0.352,-5.705,-8.495,-0.553,-5.638,6.02,2.52,6.3
,-8.354,-0.412,-5.614,-8.457,-0.488,-5.729,5.39,3.36,4.55
,-7.868,0.577,-5.504,-8.296,-0.347,-5.736,2.31,6.65,0.07
65497.0,-8.193,-0.364,-5.681,-8.088,-0.687,-5.736,3.36,3.08,2.45
,-8.239,-0.498,-5.781,-8.346,-0.658,-5.743,2.52,3.08,1.82
,-8.306,-0.641,-5.863,-8.6,-0.816,-5.827,1.82,3.22,1.4
,-8.241,-0.648,-5.882,-8.447,-0.727,-5.745,1.89,3.36,0.77
65572.0,-8.299,-0.675,-5.671,-8.129,-1.053,-5.614,4.2,2.94,-2.59
,-8.2,-0.725,-5.611,-8.078,-1.036,-5.798,3.15,2.59,-2.87
,-8.248,-0.756,-5.631,-8.157,-1.029,-5.803,1.61,2.66,-2.59
,-8.184,-0.866,-5.676,-8.37,-1.201,-5.968,0.49,2.38,-1.89
65648.0,-8.538,-1.481,-5.942,-8.253,-0.826,-5.662,0.56,1.05,-1.33
,-8.531,-1.642,-5.36,-8.399,-0.656,-5.776,1.82,0.28,-1.33
,-8.275,-1.481,-5.595,-8.552,-0.773,-5.547,4.41,-0.35,-0.84
,-8.145,-1.007,-5.731,-8.512,-0.723,-5.535,6.58,-0.77,-0.56
65724.0,-8.234,-0.56,-5.753,-8.196,-0.964,-5.755,3.22,-3.01,0.42
,-8.21,-0.742,-5.575,-8.442,-1.055,-5.784,1.82,-2.66,0.56
,-8.217,-0.668,-5.755,-8.524,-1.137,-5.851,1.33,-3.64,0.84
,-8.138,-0.866,-5.812,-8.476,-1.086,-5.915,0.7,-3.99,0.91
65800.0,-8.413,-1.28,-5.949,-8.256,-0.907,-5.846,2.59,-7.28,1.61
,-8.145,-1.28,-5.951,-8.284,-0.675,-5.884,2.38,-7.42,1.82
,-8.172,-1.318,-5.681,-8.423,-0.84,-5.851,2.52,-7.49,2.24
,-8.189,-1.199,-5.657,-8.629,-0.852,-5.717,2.94,-9.24,3.08
65876.0,-8.509,-0.773,-5.803,-8.373,-0.809,-5.633,4.2,-11.9,1.89
,-8.378,-0.62,-5.934,-8.547,-0.747,-5.499,5.04,-11.76,1.19
,-8.449,-0.735,-5.571,-8.586,-0.885,-5.319,4.41,-12.04,0.56
,-8.44,-0.818,-5.537,-8.509,-0.723,-5.365,5.25,-13.09,-0.07
65951.0,-8.308,-0.586,-5.315,-8.763,-0.835,-4.752,12.32,-13.51,-3.57
,-8.334,-0.543,-5.303,-8.502,-0.756,-4.74,11.97,-13.51,-3.43
,-8.361,-0.72,-5.178,-8.334,-0.677,-4.604,11.34,-13.02,-3.5
,-8.638,-0.878,-4.826,-8.375,-0.821,-4.587,11.2,-12.95,-3.29
66027.0,-8.536,-0.72,-4.645,-8.27,-0.574,-4.862,9.1,-14.77,-1.89
,-8.806,-0.692,-4.513,-8.631,-0.828,-4.647,8.26,-15.33,-1.82
,-8.693,-0.687,-4.676,-8.794,-0.991,-4.606,7.35,-16.1,-1.61
,-8.406,-0.519,-4.872,-8.856,-1.125,-4.499,7.0,-16.1,-2.1
66102.0,-8.564,-1.299,-4.494,-8.648,-0.78,-4.805,7.7,-13.3,-3.57
,-8.454,-1.223,-4.578,-8.799,-1.259,-4.604,9.52,-12.74,-3.64
,-8.574,-1.029,-4.669,-8.617,-1.192,-4.647,11.06,-12.81,-3.92
,-8.622,-0.893,-4.733,-8.519,-1.318,-4.508,10.85,-12.81,-3.64
66178.0,-8.476,-1.261,-4.456,-8.801,-1.464,-4.259,8.96,-12.81,-2.1
,-8.581,-1.211,-4.441,-8.67,-1.393,-4.195,8.82,-13.51,-1.33
,-8.593,-1.235,-4.36,-8.715,-1.161,-4.164,8.26,-13.37,-0.63
,-8.756,-1.371,-4.302,-8.902,-0.983,-4.212,8.26,-12.46,-0.35
66254.0,-8.806,-0.914,-4.338,-8.871,-0.89,-4.317,12.04,-8.33,-0.56
,-8.734,-0.883,-4.405,-9.055,-0.864,-4.276,11.69,-7.56,-0.49
,-8.897,-1.019,-4.264,-8.902,-0.759,-4.326,10.57,-8.26,-0.84
,-8.804,-0.979,-4.334,-8.887,-0.826,-4.31,10.78,-9.45,-1.12
66330.0,-8.677,-0.979,-4.209,-8.751,-1.024,-4.393,2.94,-13.44,-2.45
,-8.875,-1.086,-4.032,-8.765,-1.113,-4.369,3.01,-13.02,-2.73
,-8.995,-1.12,-4.106,-8.732,-1.237,-4.379,3.71,-12.67,-2.94
,-8.914,-0.957,-4.3,-8.976,-1.443,-4.073,4.27,-12.53,-3.43
66405.0,-9.361,-1.524,-3.893,-8.914,-1.792,-3.903,4.83,-10.43,-4.55
,-9.265,-1.491,-3.896,-8.839,-1.797,-3.932,3.71,-12.88,-4.62
,-8.727,-1.46,-4.097,-8.904,-1.845,-3.855,2.8,-14.0,-4.34
,-8.677,-1.553,-3.865,-8.904,-1.859,-3.723,2.59,-12.95,-3.64
66481.0,-8.983,-1.63,-3.752,-9.225,-1.086,-3.754,7.49,-9.94,-1.19
,-8.966,-1.371,-3.769,-8.985,-0.866,-3.934,8.89,-9.38,-1.19
,-8.952,-1.141,-3.853,-8.842,-0.885,-3.936,7.91,-9.17,-0.98
,-9.122,-1.163,-3.647,-8.973,-1.268,-3.419,6.58,-9.31,-1.05
66557.0,-9.028,-1.397,-3.266,-9.028,-1.553,-3.491,-1.47,-12.25,-3.08
,-8.89,-1.452,-2.97,-8.904,-1.534,-3.659,-0.63,-10.01,-2.8
,-9.057,-1.653,-2.97,-8.978,-1.563,-3.731,0.77,-8.61,-2.38
,-9.057,-1.577,-3.039,-9.227,-1.527,-3.496,2.87,-7.28,-1.61
66633.0,-9.28,-1.28,-3.4,-9.095,-1.321,-3.549,9.31,-5.32,-0.98
,-9.119,-0.928,-3.216,-9.064,-1.469,-3.63,7.07,-6.37,-1.33
,-9.38,-0.95,-3.235,-9.119,-1.519,-3.534,3.43,-7.42,-1.75
,-9.213,-0.998,-3.525,-9.105,-1.35,-3.29,-1.47,-8.47,-2.24
66708.0,-9.335,-1.079,-3.465,-8.914,-1.936,-3.795,2.31,-6.23,-2.94
,-9.165,-1.007,-3.843,-9.091,-2.048,-3.4,-0.21,-7.84,-3.5
,-9.002,-1.184,-3.886,-9.263,-1.814,-3.537,-2.45,-8.26,-3.71
,-8.906,-1.491,-3.898,-9.117,-1.419,-3.573,-3.15,-7.98,-3.57
66784.0,-9.131,-1.474,-3.532,-9.131,-1.572,-3.187,6.58,-5.32,-1.54
,-9.189,-1.608,-3.613,-9.306,-1.429,-3.111,5.32,-5.74,-1.4
,-9.021,-1.742,-3.288,-9.311,-1.462,-3.003,5.88,-5.11,-1.19
,-9.165,-1.706,-3.099,-9.294,-1.553,-3.257,8.47,-4.13,-0.91
66859.0,-8.983,-1.658,-3.116,-9.507,-1.307,-2.371,9.73,-1.89,-0.07
,-8.945,-1.749,-3.001,-9.354,-1.175,-2.381,11.69,-0.42,0.21
,-9.024,-1.673,-2.754,-9.44,-1.249,-2.635,14.14,1.68,0.63
,-9.127,-1.519,-2.367,-9.241,-1.402,-3.01,16.24,3.5,0.91
66935.0,-9.038,-1.536,-3.278,-9.409,-1.108,-3.908,7.63,5.6,0.84
,-9.055,-1.551,-3.309,-9.177,-1.165,-4.113,9.38,6.44,0.98
,-9.177,-1.479,-3.288,-9.129,-1.395,-4.267,11.83,6.93,1.05
,-9.392,-1.24,-3.53,-9.005,-1.627,-4.219,12.6,6.51,0.77
67011.0,-9.107,-1.747,-4.058,-9.229,-1.792,-2.948,8.26,2.03,-0.56
,-9.165,-1.737,-3.824,-9.143,-1.835,-2.85,9.73,1.54,-0.56
,-9.189,-1.634,-3.451,-9.213,-1.85,-2.924,10.5,1.33,-0.56
,-9.316,-1.675,-3.183,-9.186,-1.618,-3.111,9.8,0.98,-0.49
67087.0,-9.203,-1.424,-3.293,-9.371,-1.421,-3.199,8.89,1.05,-0.35
,-9.04,-1.467,-3.254,-9.299,-1.321,-3.496,7.28,1.19,-0.49
,-9.045,-1.639,-3.072,-9.265,-1.295,-3.881,7.0,2.17,-0.21
,-9.246,-1.63,-2.929,-9.074,-1.474,-4.238,7.98,2.94,-0.14
67163.0,-8.911,-1.658,-4.221,-9.375,-1.596,-2.974,2.45,-0.56,-1.75
,-8.971,-1.809,-3.865,-9.301,-1.51,-3.037,4.13,-0.21,-1.68
,-9.179,-1.936,-3.58,-9.139,-1.692,-3.168,6.72,0.14,-1.4
,-9.244,-1.788,-3.106,-9.127,-1.933,-3.228,8.82,0.28,-1.4
67238.0,-8.945,-2.091,-3.104,-9.426,-1.352,-2.721,3.71,0.42,-1.33
,-9.014,-2.185,-2.802,-9.277,-1.39,-3.029,5.95,1.89,-0.91
,-9.131,-1.957,-2.541,-9.024,-1.665,-3.355,8.19,3.01,-0.49
,-9.395,-1.594,-2.484,-8.916,-1.948,-3.465,8.26,3.5,-0.56
67314.0,-8.935,-2.044,-3.417,-9.277,-1.508,-3.707,1.75,4.48,-0.63
,-9.11,-1.95,-3.336,-9.127,-1.646,-3.979,4.13,4.9,-0.35
,-9.277,-1.713,-3.266,-9.028,-1.835,-3.936,4.9,4.97,-0.14
,-9.349,-1.551,-3.422,-9.052,-2.036,-3.85,3.36,4.13,-0.28
67390.0,-9.06,-1.998,-3.661,-9.167,-1.711,-3.738,2.45,2.66,-0.07
,-9.186,-1.914,-3.453,-9.045,-1.826,-3.929,3.71,2.52,0.14
,-9.289,-1.776,-3.465,-8.964,-1.955,-3.865,3.43,2.03,0.28
,-9.191,-1.656,-3.568,-8.995,-1.914,-3.762,2.24,1.26,0.35
67466.0,-9.05,-1.864,-3.592,-9.323,-1.565,-3.537,4.55,0.21,1.26
,-9.091,-1.85,-3.329,-9.119,-1.608,-3.649,5.32,0.28,1.47
,-9.177,-1.716,-3.135,-8.976,-1.962,-3.69,5.32,0.42,1.61
,-9.301,-1.618,-3.247,-8.973,-2.111,-3.838,3.85,0.0,1.4
67541.0,-9.024,-2.053,-3.568,-9.074,-1.646,-3.508,3.85,-0.49,1.96
,-9.194,-1.713,-3.632,-9.055,-1.871,-3.195,6.37,-0.84,2.1
,-9.265,-1.469,-3.589,-9.222,-1.9,-3.049,5.88,-1.54,1.89
,-9.203,-1.496,-3.668,-9.237,-1.811,-2.974,3.78,-2.24,1.68
67617.0,-9.189,-1.709,-2.793,-9.148,-1.766,-3.106,5.39,-0.14,2.1
,-9.292,-1.651,-2.982,-9.127,-1.804,-3.108,4.34,0.0,2.03
,-9.16,-1.603,-3.046,-9.21,-1.795,-3.08,2.94,0.21,1.89
,-9.095,-1.68,-3.108,-9.222,-1.646,-3.197,1.89,0.49,1.82
67692.0,-9.198,-1.606,-3.321,-9.105,-1.857,-3.448,1.82,2.1,2.03
,-9.177,-1.579,-3.518,-9.11,-1.843,-3.317,1.19,1.82,1.96
,-9.136,-1.634,-3.628,-9.282,-1.694,-3.242,0.84,1.61,1.89
,-9.076,-1.711,-3.664,-9.22,-1.586,-3.216,1.12,1.89,2.03
67768.0,-9.253,-1.618,-3.137,-9.172,-1.536,-3.592,1.82,2.17,1.89
,-9.196,-1.692,-3.13,-9.105,-1.541,-3.807,1.4,2.45,1.89
,-9.198,-1.706,-3.156,-9.107,-1.618,-3.85,1.75,2.66,1.96
,-9.232,-1.62,-3.467,-9.115,-1.632,-3.877,1.96,2.66,1.82
67844.0,-9.191,-1.627,-3.75,-9.155,-1.689,-3.345,2.66,1.12,1.33
,-9.16,-1.632,-3.673,-9.208,-1.598,-3.343,2.94,1.05,1.33
,-9.241,-1.651,-3.498,-9.213,-1.579,-3.317,2.8,0.7,1.26
,-9.148,-1.685,-3.429,-9.143,-1.577,-3.242,2.66,0.63,1.33
67920.0,-9.215,-1.675,-3.175,-9.136,-1.637,-3.711,2.1,0.98,0.84
,-9.287,-1.718,-3.221,-9.076,-1.692,-3.575,1.68,0.77,0.84
,-9.206,-1.721,-3.367,-9.122,-1.732,-3.431,1.68,0.98,0.91
,-9.191,-1.694,-3.623,-9.198,-1.627,-3.439,1.61,0.77,0.84
67996.0,-9.249,-1.603,-3.324,-9.122,-1.804,-3.295,3.85,0.63,0.98
,-9.227,-1.517,-3.357,-9.122,-1.689,-3.254,2.66,0.14,0.63
,-9.146,-1.661,-3.345,-9.215,-1.594,-3.211,1.19,0.07,0.7
,-9.072,-1.771,-3.295,-9.249,-1.543,-3.206,0.98,0.28,0.84
68071.0,-9.265,-1.558,-3.29,-9.105,-1.689,-3.465,1.4,1.12,0.84
,-9.186,-1.584,-3.455,-9.206,-1.632,-3.443,1.05,1.19,0.7
,-9.129,-1.673,-3.542,-9.177,-1.503,-3.431,0.91,1.26,0.7
,-9.122,-1.768,-3.542,-9.227,-1.579,-3.412,1.54,1.33,0.84
68147.0,-9.146,-1.639,-3.393,-9.143,-1.728,-3.333,1.26,0.98,0.63
,-9.131,-1.721,-3.381,-9.206,-1.653,-3.376,1.68,1.05,0.63
,-9.179,-1.742,-3.336,-9.177,-1.594,-3.396,2.31,1.4,0.77
,-9.186,-1.73,-3.343,-9.136,-1.618,-3.405,2.66,1.47,0.91
68223.0,-9.222,-1.649,-3.419,-9.136,-1.606,-3.561,2.8,1.54,0.98
,-9.182,-1.677,-3.525,-9.146,-1.591,-3.503,2.87,1.4,0.91
,-9.232,-1.613,-3.546,-9.162,-1.639,-3.417,2.94,1.33,0.84
,-9.213,-1.539,-3.606,-9.119,-1.699,-3.197,2.66,0.91,0.77
68299.0,-9.203,-1.663,-3.202,-9.165,-1.687,-3.269,3.99,1.12,0.77
,-9.191,-1.639,-3.159,-9.186,-1.721,-3.41,3.64,1.33,0.7
,-9.246,-1.639,-3.132,-9.127,-1.737,-3.408,3.36,1.68,0.84
,-9.222,-1.632,-3.252,-9.136,-1.658,-3.448,3.08,1.61,0.7
68374.0,-9.201,-1.651,-3.446,-9.155,-1.73,-3.537,3.92,1.82,0.84
,-9.198,-1.565,-3.484,-9.167,-1.74,-3.513,3.57,1.82,0.7
,-9.234,-1.548,-3.482,-9.134,-1.687,-3.496,2.8,1.68,0.63
,-9.162,-1.637,-3.525,-9.174,-1.67,-3.393,2.17,1.4,0.56
68450.0,-9.213,-1.656,-3.266,-9.189,-1.663,-3.23,4.62,1.61,0.84
,-9.186,-1.63,-3.269,-9.172,-1.673,-3.262,4.76,1.75,0.91
,-9.196,-1.622,-3.254,-9.177,-1.692,-3.336,4.62,1.82,0.77
,-9.191,-1.687,-3.223,-9.119,-1.723,-3.4,4.06,1.89,0.77
68525.0,-9.148,-1.553,-3.398,-9.091,-1.752,-3.503,3.71,2.24,0.56
,-9.196,-1.488,-3.451,-9.124,-1.692,-3.549,2.73,1.96,0.42
,-9.239,-1.563,-3.498,-9.184,-1.685,-3.556,1.61,1.89,0.35
,-9.186,-1.642,-3.498,-9.162,-1.699,-3.53,1.05,1.75,0.35
68601.0,-9.17,-1.656,-3.465,-9.186,-1.677,-3.338,3.36,1.54,0.56
,-9.172,-1.677,-3.34,-9.208,-1.732,-3.458,3.36,1.61,0.49
,-9.167,-1.682,-3.252,-9.127,-1.759,-3.534,2.8,1.68,0.42
,-9.232,-1.653,-3.355,-9.11,-1.718,-3.491,2.31,1.47,0.35
68677.0,-9.117,-1.773,-3.467,-9.186,-1.598,-3.367,3.36,1.82,0.7
,-9.191,-1.725,-3.386,-9.203,-1.706,-3.396,3.78,1.96,0.77
,-9.16,-1.625,-3.379,-9.146,-1.718,-3.439,3.57,1.82,0.7
,-9.177,-1.598,-3.329,-9.122,-1.776,-3.451,2.73,1.82,0.56
68753.0,-9.141,-1.723,-3.453,-9.127,-1.67,-3.491,2.45,1.82,0.63
,-9.167,-1.677,-3.388,-9.127,-1.711,-3.475,3.01,1.89,0.7
,-9.206,-1.627,-3.393,-9.141,-1.79,-3.446,3.15,1.89,0.63
,-9.16,-1.613,-3.448,-9.141,-1.74,-3.419,2.8,1.61,0.49
68828.0,-9.158,-1.689,-3.364,-9.162,-1.677,-3.379,2.87,1.75,0.77
,-9.182,-1.649,-3.369,-9.17,-1.68,-3.441,2.66,1.89,0.77
,-9.189,-1.632,-3.312,-9.139,-1.706,-3.496,2.17,1.82,0.7
,-9.165,-1.67,-3.336,-9.153,-1.768,-3.465,1.75,1.96,0.7
